Unnamed: 0,cnt,t1,t2,hum,wind_speed,weather_code,is_holiday,is_weekend,season,year,month,day,hour
11892.899,605.3285,11.749752,11.03701,75.80564,12.480806,2.5540416,-0.0033255175,0.037235074,0.38056734,2015.99,5.108158,17.602753,7.934158
6381.362,1496.1552,15.799539,15.574768,65.093315,22.762533,2.585821,-0.0086290585,0.04210875,1.5673766,2015.054,8.7758665,14.168674,14.770661
8422.291,2602.4497,10.41619,9.367911,70.12484,14.697849,1.8847615,-0.0020984218,0.004237256,-0.03096159,2015.6959,3.937863,16.009832,11.593989
1877.6583,1136.1698,8.671232,5.920183,66.35862,27.90864,2.5155797,-0.007153598,0.038743757,2.4727042,2015.1309,1.9128176,10.622792,13.13785
13534.21,526.30066,8.830145,6.4529414,74.55673,19.173101,2.1204708,-0.006477039,1.1883259,2.6151795,2016.1385,5.766738,10.911409,9.513495
8031.759,1115.2151,13.336619,12.526071,73.25573,18.1742,3.0486045,-0.0057682595,0.05146516,1.0683159,2015.4303,6.653384,8.631819,14.090704
12388.434,729.3425,14.617656,14.336298,74.05827,15.050472,2.7689235,-0.0037735135,0.32856855,0.8053907,2015.9504,6.4853387,10.526353,10.661216
11831.326,1865.1849,15.376663,15.066521,57.265667,18.21584,2.244934,-0.0060456875,0.046615668,0.2096589,2016.0037,5.02595,15.045172,15.600961
9133.868,3078.0493,21.320642,21.341942,48.378227,19.420292,1.8221692,-0.006432069,0.034105845,0.74969506,2015.5651,6.4527097,13.082512,15.045119
5450.1826,361.0627,15.036733,14.931525,79.77255,11.751176,2.91077,-0.004898043,0.3161484,1.2323625,2015.046,7.6557217,16.310402,4.995437
1424.3693,933.8903,4.990191,2.6646047,81.49023,10.813545,2.8821146,-0.0024560776,-0.0047732973,2.7610745,2015.0533,1.8187248,18.23779,7.9632406
9666.086,160.50815,4.7774873,2.5575995,84.515816,10.853222,2.4922438,-0.0012463082,0.07718641,2.8993433,2016.034,1.5670377,14.2507305,2.6366942
14671.727,1761.4884,18.14666,18.142635,68.231865,16.116316,2.3774571,-0.0043316553,0.056434028,1.6153353,2016.0156,8.693526,18.358982,13.525029
15069.684,1805.3187,16.628084,16.1915,62.214813,22.74452,2.3655791,-0.009154466,0.52240384,1.7132587,2016.0204,8.933343,14.243017,17.185917
13393.432,1886.3319,19.868763,19.840693,62.71134,15.615376,2.0707762,-0.014763345,1.2473392,1.0675848,2015.9723,7.5601883,15.168695,14.712607
12375.771,1606.5182,14.24629,13.932566,64.856285,19.316875,2.465187,-0.0059440094,0.031546645,0.46209016,2016.0225,5.6263437,10.392423,14.961713
4814.9185,956.15717,3.0183418,0.8701033,82.23121,7.200993,1.4936874,0.002516019,0.06437858,2.84518,2015.4261,1.7989918,18.463388,7.6621394
5075.2954,1787.3613,17.947897,18.063269,62.294548,15.468128,1.849694,-0.0077104247,0.011856875,1.093547,2015.0237,7.273767,14.632547,13.983943
4736.6206,677.17664,4.6487775,2.3951955,77.89671,11.4845915,1.6693544,0.0010469488,0.039910443,2.7624676,2015.4241,2.102867,13.30274,7.7946663
3623.163,1003.7558,13.960844,13.472477,66.19099,16.518564,2.8227963,-0.0046364977,0.54116666,0.33821204,2015.0371,5.0351734,17.86058,13.204216
8840.225,1584.0353,20.538933,20.475975,62.116127,12.064212,1.3451599,-0.008096402,0.027295507,1.2139078,2015.4211,7.621887,18.454838,9.946004
9942.323,1185.2708,6.9140735,4.1886644,66.82417,17.145346,1.6075033,-0.004039317,0.0724561,2.8411334,2016.0215,1.8471185,20.691711,16.961433
4491.053,1577.6102,18.66785,18.673658,55.626354,15.655831,1.8428432,-0.0065432857,0.41159397,0.806387,2015.0148,6.4708505,16.840433,14.253375
11788.731,1979.769,16.640673,16.637823,61.983536,17.325981,2.10066,-0.0047329008,0.007506988,0.51437753,2015.9299,5.84682,11.180719,13.879266
5142.103,1047.6437,16.850878,16.922703,68.466606,17.359726,2.9776757,-0.00847349,0.39029562,1.169934,2015.0172,7.467822,15.76843,14.999934
2824.7227,1154.9529,12.357371,11.329212,60.804993,25.89146,2.389841,-0.0047587245,0.02946829,0.25088337,2015.0161,4.1879554,16.465044,14.117151
16232.557,1050.1321,8.529926,7.0514646,81.5626,12.234644,2.7472942,-0.0031211146,0.025445573,2.429739,2015.98,11.119162,16.694296,16.680866
13802.912,99.483185,11.2903385,10.608238,87.11833,10.50428,3.1056283,-0.00012384291,0.06224238,1.7326759,2015.8977,8.9084,13.057988,1.4513924
14133.074,1008.2179,17.507772,17.70239,70.94893,14.736011,2.1773186,-0.006752023,0.113805704,1.2761178,2016.014,7.9208236,15.426763,10.74123
7667.0464,571.67126,10.575368,8.974553,77.000275,17.282442,3.0764132,-0.0018063851,0.27989194,2.0604694,2015.5493,5.000976,7.088811,9.195074
2679.1953,637.1768,7.998624,5.6339984,76.78223,19.095858,3.722721,-0.0054800003,0.9124694,1.4119694,2015.1572,2.44788,12.108699,12.474028
3078.6704,299.4822,5.1220756,2.7804236,81.45934,10.679577,2.29243,-0.002124564,0.5163591,2.408969,2015.2249,2.1472766,15.620912,6.1000094
15061.16,1170.3082,13.550834,13.020822,69.46942,22.723253,2.4633348,-0.0028742154,0.18325102,2.221142,2015.9016,10.617355,8.377407,13.390626
15119.925,1413.6268,13.329443,12.90955,71.49468,13.923262,1.7575238,-0.0036013194,0.0267042,1.6943548,2016.0062,9.244189,18.398548,15.035942
16109.996,820.2626,11.141961,10.051505,80.91856,16.787983,3.383398,-0.0038417608,0.35347605,2.4971774,2015.9637,11.247053,13.71953,14.14199
13038.625,1613.2539,14.434331,14.027015,74.96208,11.181503,1.7351595,-0.0037998904,0.032626234,0.86362505,2016.0114,6.2912006,18.283922,7.9270725
1439.8068,934.6791,8.66388,6.1242375,69.76014,24.195986,3.1492338,-0.007864215,0.06798994,2.0483513,2015.0465,2.1369908,19.440702,14.767423
4569.8794,-65.0289,9.648712,8.398661,81.425545,11.891052,2.0230472,-0.0063673886,0.1454829,1.1198081,2014.9875,6.8089023,23.362093,-2.6401975
4354.293,1091.1038,17.024223,17.252413,63.821426,15.714809,2.5694234,-0.0051560304,0.62616026,0.74017584,2015.0115,6.332394,19.201876,12.677288
10294.499,300.03897,9.483324,8.582168,83.89734,12.3257675,2.4724956,-0.007375577,0.05881638,2.4405096,2015.3025,11.213105,17.611732,3.9148118
16163.196,2047.7921,14.727435,14.378068,68.46007,16.63419,1.8829507,-0.005161868,0.07157714,2.0811012,2016.0479,10.209894,24.50883,14.238142
1476.4147,1146.0316,7.195943,4.0857897,66.6111,22.98148,1.906453,-0.0031736281,0.032565005,2.8843758,2015.092,1.5923392,12.546402,13.030157
6458.411,1694.7078,8.742684,7.1027594,72.41089,14.516099,2.309435,-0.002791607,0.017534815,-0.011494951,2015.5073,3.5737135,14.975625,12.899603
3948.96,207.91837,10.1721945,9.246334,81.13683,11.213353,2.5404952,-0.002766383,0.027376138,0.45915142,2015.0839,5.0852933,13.7619705,2.8930895
11806.859,1798.7943,17.769415,17.726675,62.753456,20.130337,2.5546741,-0.005950998,0.25485924,0.92831725,2015.848,6.873206,9.269638,15.055911
15865.799,578.2164,7.36252,5.022998,81.13913,13.480331,2.8946323,-0.0030261998,0.8928739,2.5926063,2016.06,9.369561,22.205212,16.012291
10007.043,336.52798,7.1330423,5.1424885,83.783455,13.216334,3.687062,-0.002851098,0.39978734,2.6596794,2016.064,1.7721268,13.961076,6.8914766
4357.1533,1266.3881,9.189183,7.7497754,70.50786,14.328698,2.367073,-0.0040770876,0.044544242,0.017781181,2015.24,3.6304026,16.565495,13.560319
13769.737,1333.3787,17.635849,17.764292,69.02559,14.271485,2.3570013,-0.0053872666,0.04898704,1.1620522,2016.0071,7.438497,19.486296,13.190301
7411.9883,711.7728,13.678984,13.255624,82.551056,18.650648,4.680505,-0.0081755305,0.1014178,2.2924485,2015.0177,10.596818,15.393443,14.035272
12365.84,1374.6101,16.50829,16.303358,67.63978,19.690372,2.9275613,-0.00949371,0.81353694,0.9716519,2015.8987,6.9343667,9.844471,15.1777935
8698.266,1139.5433,7.0858994,3.8707128,65.42156,20.335611,1.6972038,0.0017221726,0.06318497,2.8460834,2015.9283,1.4547278,14.372848,14.082204
13854.303,666.5571,9.940931,8.085408,77.08105,19.414946,3.4134474,-0.010123194,0.950723,2.5799341,2016.0781,6.213376,20.146538,16.830399
5302.8394,802.20715,15.484312,15.543289,70.03861,19.418837,3.0692668,-0.007504185,0.54706657,1.1941214,2015.0056,7.4966865,23.220352,13.365397
15524.016,1446.8,10.72174,9.827856,81.73912,11.584343,2.8122528,-0.00026779744,-0.0059602344,2.3440373,2015.965,10.470345,16.949413,13.824848
5235.563,1366.8584,16.839441,16.652319,58.814148,13.71524,1.4534107,-0.0072185635,0.010360799,0.65929,2015.1482,6.0506134,15.304868,11.854228
16341.188,609.3065,8.958184,7.267126,81.58109,13.140555,2.5262485,-0.0044985465,0.9232066,2.503061,2015.9932,11.224745,15.912941,12.619619
5156.8345,3126.8933,17.075468,16.99063,64.877556,17.366972,1.8437968,-0.00618891,0.03243386,1.194985,2015.024,7.4532638,15.465388,12.427167
10427.531,82.275055,6.6386814,4.4522567,80.940384,12.404263,2.4971175,-0.0009773478,0.79036164,0.040737793,2015.9774,3.2134726,17.316362,3.6578047
14829.523,1976.9464,15.964835,16.158064,72.415665,15.964,2.4421694,-0.0049413177,0.0046365773,1.5896482,2016.0287,8.830515,10.205996,13.355185
6116.524,750.42975,14.856506,14.653538,72.816055,13.330723,2.5417635,-0.006093088,0.7484068,0.83415085,2015.2247,6.521048,13.265122,9.430818
13457.743,2145.1604,16.890358,16.890825,73.13063,14.647309,2.5806675,-0.003671664,0.029379137,1.5540192,2015.8917,8.570417,15.089642,12.83584
6002.683,1985.163,19.387915,19.158493,53.905632,17.746458,1.3901898,-0.0044892016,0.38790715,1.282219,2015.1327,7.253939,23.185387,15.244736
10673.532,256.98996,11.830276,10.793497,84.718025,12.588242,4.197116,-0.0021620777,0.62078196,0.79031223,2015.8042,5.7375646,13.087686,6.9281907
5745.334,2734.707,16.193539,16.05398,65.21473,18.223185,1.851515,-0.00440951,0.0073489463,1.3509479,2015.0331,7.734047,24.348047,11.904834
3282.623,871.1343,9.601888,7.7189817,73.64971,18.870167,3.5461128,-0.005748411,0.13115345,0.50257087,2015.0741,3.9900148,15.00641,17.03006
3460.9487,637.77765,11.151571,10.227101,71.10085,13.192289,2.1522648,-0.0039930916,0.3501956,0.20057552,2015.0741,4.5499935,15.6818905,7.3650174
14165.498,153.8906,13.482784,13.528443,85.93325,10.89328,3.016086,-0.0027405836,0.51566863,1.3413776,2015.9885,8.1041765,18.153812,2.3349621
9949.377,718.795,7.3729625,4.6952662,69.691795,20.428925,2.5709658,-0.0010258921,1.0095378,0.4189171,2016.0004,2.5234394,8.946182,11.247198
13963.838,2346.8757,15.647939,15.7374,72.264114,14.238903,2.2558074,-0.0034717314,0.01881238,1.1882377,2016.0099,7.7725396,14.283255,12.602274
13298.199,717.4813,17.77415,17.83566,73.29613,13.423404,2.443676,-0.005856368,0.16933243,1.2190715,2015.935,7.8314614,14.434712,7.89972
6450.1597,2539.554,7.7946973,5.814748,74.389824,18.348936,2.594089,-0.0036596798,0.007325194,0.4319525,2015.5042,3.8249512,9.882722,12.502078
10910.001,1698.018,12.588097,11.779003,67.76118,18.633799,2.5483932,-0.0052641365,0.016909115,0.52090657,2015.8911,5.2565966,9.499326,14.420962
12161.496,892.908,14.800142,14.6160755,77.38288,16.954012,3.8110821,-0.0069286167,0.42717358,1.653808,2015.7301,8.71312,9.835892,14.257382
14872.743,1110.1095,15.059162,15.048108,74.211105,16.589132,2.703482,-0.0054812054,0.11241002,1.7039021,2016.0115,9.09475,10.829273,13.727256
4183.186,777.32855,16.801968,16.806616,61.863564,12.763653,1.4488877,-0.007180096,0.4728502,0.6559037,2014.999,6.1160755,20.491873,6.735085
13874.889,126.47159,13.012736,12.495244,80.986244,11.034825,2.1459975,-0.005260156,0.04595966,1.081131,2016.0416,7.341358,13.393484,0.9040787
9360.427,184.8287,10.641009,9.591654,84.264305,12.047697,4.0148773,0.00042712194,0.34792084,0.3083332,2015.7461,4.475221,14.744321,5.5179114
14162.641,525.6373,15.160541,15.403685,82.27926,11.838513,2.7385092,0.22377498,0.59058136,1.3389188,2015.9906,7.824101,25.263927,6.767968
13077.066,1492.1534,11.691187,11.25675,84.03454,11.208581,3.2870271,-0.0015239876,0.02443581,1.7626783,2015.8328,8.78833,12.047344,8.937001
15318.099,214.65616,8.674792,7.425436,86.05706,10.014021,2.4547927,0.000553508,0.15727252,2.1165676,2015.9585,10.158984,18.427496,4.578927
9177.39,954.9816,8.643006,6.1099586,68.20976,23.654856,3.0418153,-0.0056821755,0.34669104,2.5509763,2015.9977,1.2272788,16.489904,16.135168
1865.255,318.3577,4.69619,2.2709155,80.20151,10.940648,2.235502,-0.001107381,0.8156866,2.8513677,2015.111,1.7490321,18.052315,8.110251
4042.17,444.16342,6.438985,3.9937863,80.46023,13.506907,3.2205782,-0.004559496,0.7753792,2.5709386,2015.3683,1.7696048,14.760678,9.955981
5670.563,155.50034,9.622353,8.412554,86.85793,12.527012,3.709082,-0.00557512,0.49716955,2.0991921,2015.0358,7.9980226,16.482489,3.7367303
13715.106,867.76245,15.488013,15.281788,77.14596,13.540058,2.8281147,-0.012657863,1.0848607,0.97502065,2016.0298,7.1036572,15.373781,11.708929
2146.6597,633.7991,9.107957,6.730667,75.941315,27.173597,4.0922937,-0.014196699,1.2010736,2.6465342,2015.1146,1.972354,17.098442,12.916141
7170.058,1641.213,13.341219,13.154282,80.86679,14.223925,3.327682,-0.0076674125,0.04736226,2.0922635,2015.038,10.171098,15.455156,12.638689
10392.211,369.5789,10.910623,9.584928,81.105385,14.087313,3.7583847,-0.00084363605,0.32295674,0.59178984,2015.824,5.0984745,11.910526,8.773936
10557.57,699.6079,7.857192,5.596999,75.34756,14.3395815,3.3706596,-0.003916185,0.6061228,0.303373,2015.9563,3.5835042,19.58994,14.749257
9200.208,386.9299,5.3041277,2.8935828,77.07787,12.4151125,1.5394292,0.0021595533,0.059230037,2.0600305,2015.911,2.3096035,15.331602,6.6856484
5183.7383,163.47214,10.732555,9.76526,85.80717,11.59176,3.375853,-0.0030857224,0.12913215,1.350933,2015.0516,7.053266,16.381271,2.8911717
5001.9746,1092.8778,17.642096,17.717573,64.086685,13.840907,1.8904505,-0.006358841,0.060183845,0.9755762,2015.047,6.9912367,13.431325,11.486282
13252.725,2316.6965,18.264114,18.354572,64.60329,17.325026,2.0094826,-0.0067432537,0.06466792,1.5986606,2015.8076,9.027408,21.372398,14.090318
9900.342,451.725,5.5171895,3.5052147,82.827415,11.57821,2.5111363,0.00031420094,0.017054193,2.7308226,2016.009,2.1393726,13.848923,5.0921507
4134.036,466.49136,14.003404,13.857706,72.654655,12.312558,2.2681525,-0.0040748897,0.044844307,0.49360844,2015.0396,5.65202,20.074331,4.345077
2018.3258,1096.4674,8.616949,6.4085474,66.239845,16.917196,1.9806069,-0.004991462,0.050899483,-0.011962967,2015.0186,3.1473172,16.133003,13.817915
11237.994,1568.039,10.424766,9.5151205,66.79875,15.131889,2.2152476,-0.0052269376,0.004868499,0.0035220813,2016.008,4.0043383,17.179525,14.551682
4012.4878,637.1441,15.827532,15.761906,68.26945,10.807688,1.5026405,-0.008944293,0.9091382,0.7957348,2014.968,6.511855,16.315311,5.031089
11656.578,987.80725,14.518705,14.594752,79.44867,11.476086,2.3784428,-0.0040140166,0.027097084,1.4820868,2015.6882,8.481809,11.598613,6.72091
13957.615,912.17224,12.447496,11.402244,77.4907,21.505852,3.8990133,-0.0039058526,0.074783154,2.3477314,2015.8646,9.63885,10.313973,14.063535
8753.227,80.154205,4.337613,1.7350307,84.05278,10.710251,1.9473162,-0.0007151992,0.09672191,0.6926774,2015.8103,2.7253733,13.823498,1.8059189
5537.184,342.2112,15.874149,15.7744665,77.20514,11.032989,2.4074123,-0.00652405,0.20252119,1.3051078,2015.0405,7.905291,17.856627,3.3948576
5357.8535,1113.3938,17.277908,17.43028,69.97664,16.64383,3.2817612,-0.008125839,0.05791556,1.1634332,2015.032,7.5718184,15.995708,15.563037
2508.559,1146.4885,10.298545,8.648048,65.73304,19.116505,2.6552927,-0.00619295,0.041709,0.16444473,2015.0219,3.7410042,19.059776,15.216374
3387.6216,954.98315,5.8956437,3.7425046,84.50913,10.532863,2.8648093,-0.0029149812,0.0060999608,2.704455,2015.2484,2.1755164,14.236666,7.1285152
4942.3027,792.27203,14.722254,14.473585,71.5286,18.53958,3.1470525,-0.006022397,0.14849435,0.9705994,2015.042,6.855667,21.37027,12.690361
11620.168,1266.1997,14.207302,13.866443,66.02581,16.678175,2.496161,-0.0056595984,0.042613603,0.39095286,2015.9464,5.3943777,13.208544,14.310494
11130.277,542.43604,10.5373335,9.275139,82.01305,16.133995,3.7173715,-0.0019555495,0.18629721,2.5215979,2015.4283,11.042894,13.245075,9.927158
3437.31,946.937,11.613775,10.481127,71.238464,17.605125,2.9549832,-0.003960484,0.043538235,0.3989351,2015.0631,4.600012,14.540426,13.428957
15097.038,877.5512,10.118437,9.50505,83.983574,10.353328,2.3398895,-0.0004515865,0.019610874,1.8300321,2015.9902,9.481634,13.924281,6.6601543
15465.112,72.18436,9.717332,8.731347,87.28617,9.867167,2.4423451,-0.0014974263,0.3373859,2.0808585,2015.9894,10.107537,14.228274,1.0908825
16191.908,840.1404,11.439429,10.67147,80.842995,11.263702,1.9518619,-0.0037606072,0.014355621,2.2263196,2016.024,10.42334,22.53079,8.724005
3318.102,453.79123,5.2063365,3.0891595,81.896286,10.852996,2.8106787,-0.0008437124,0.12099386,2.75093,2015.2687,1.9476119,17.268318,7.4195623
9701.833,1446.2545,18.741549,18.787472,66.0386,16.63574,2.63621,-0.0068115196,0.3550198,1.294216,2015.5298,7.76128,15.068725,14.648282
9028.467,465.23886,8.720921,7.4476037,82.91733,10.403094,2.4798954,0.00016938028,0.011884502,0.53464127,2015.6859,4.7200346,11.536461,3.1629288
2637.504,221.0505,7.1726146,4.9464564,82.109146,12.403051,3.1742427,-0.00035372126,0.70061475,0.30126885,2015.0004,4.135564,16.265326,7.095462
12474.646,2911.163,19.585047,19.65541,62.044033,17.513,2.052047,-0.006616145,0.039081298,1.3442049,2015.8118,8.097007,12.817981,13.728188
1548.5665,583.19836,6.3046594,3.4316773,73.21051,16.261896,2.1237407,-0.0033873145,0.4862384,1.2800122,2014.9968,2.7918634,17.074793,11.356625
11324.3125,1058.553,13.019679,12.088658,76.20069,24.6592,3.9257803,-0.006318833,0.031695344,2.6100388,2015.4457,11.094598,11.4756565,13.820069
648.42,463.34213,3.694864,0.7003369,79.23009,10.37145,1.7381603,-0.004351144,1.0219028,2.3605704,2014.9064,2.2734997,21.350203,8.372942
10689.019,159.06021,6.785495,4.415459,84.88285,15.203154,4.139341,0.00045687397,0.8268281,3.0505078,2016.0771,2.480098,13.020493,4.019005
7869.328,2264.765,22.04355,22.04125,51.756992,16.589392,1.4358057,-0.008506612,0.16050029,1.2614799,2015.3314,7.604759,19.198524,14.930315
13076.889,818.27203,15.116636,14.900487,77.37185,10.734949,1.9922719,-0.0037984338,0.018371962,0.9167783,2015.9875,6.7399354,14.455104,3.824651
8522.459,194.23904,13.197137,12.867374,84.716576,10.113281,2.876278,-0.0061461455,0.17545848,1.4992349,2015.3488,8.433691,11.4155445,1.8805153
4258.5664,628.0317,12.803654,12.21266,72.05033,15.121629,2.0847044,-0.0031091713,0.027231611,0.737375,2015.0463,6.019326,17.940521,7.823779
11050.949,373.22824,9.16934,7.95965,79.20162,12.44658,3.0153985,-0.0012297884,0.044649176,0.053581282,2015.9833,3.9202888,16.672228,6.5659795
13819.772,1001.6601,18.384272,18.547575,69.93702,14.2497835,2.2040136,-0.007340064,0.4135042,1.1668106,2015.9965,7.623484,15.564623,10.614576
1262.1066,1967.7313,7.2940936,4.601961,65.70694,25.666626,2.03765,-0.007848804,0.015549443,1.2554183,2015.0454,2.1513684,12.23184,12.965909
10461.554,689.8777,13.494652,13.371296,84.75019,13.81593,4.2317233,-0.004507003,0.057666115,1.9656453,2015.4443,9.621209,16.986097,10.018699
8452.139,406.1663,9.645451,7.679208,81.85393,25.55644,5.3981953,-0.008362313,1.1487811,2.8555596,2015.9045,1.3781592,17.666956,11.727411
15448.669,556.3034,10.423645,9.414947,85.383095,12.065548,3.5153742,0.00052578066,0.0686459,2.1892676,2015.9623,10.263023,15.474297,10.207626
12608.858,686.6482,12.385057,11.510241,78.344795,17.276476,3.499481,-0.0019534428,0.602332,2.2369957,2015.672,10.108748,8.24124,11.794872
16269.019,70.25577,5.3457155,3.571321,89.47517,7.869333,2.1580477,0.0015208318,0.5301452,2.404016,2015.981,11.098354,20.785913,3.2279541
5541.2812,1032.5238,12.359253,10.760618,72.50009,30.573885,3.728654,-0.005457127,-0.0019289339,2.7908094,2015.1316,6.546641,10.938385,12.491235
11208.435,2204.6748,8.682886,6.7937603,78.02156,15.179291,2.6419814,-0.0032649257,-0.0014923895,2.4193957,2016.0338,3.772548,11.897559,12.915967
4416.6284,811.67957,15.898735,15.811841,65.15467,13.716185,1.8914067,-0.005885947,0.1969407,0.711775,2015.0298,6.2699428,16.42334,8.757028
4065.648,2006.2333,18.933636,19.119064,51.71164,20.963507,1.9803461,-0.0061996984,0.50552094,0.64645916,2015.0085,6.0414023,16.975304,15.419588
7501.2554,2909.7717,23.343012,23.253088,41.411552,16.781763,1.148767,-0.007881136,0.18371885,0.94716847,2015.3353,6.8606076,16.636911,14.586089
10545.163,440.49667,4.6135406,2.5337663,80.863525,8.920682,1.505357,0.027893504,0.12040239,2.847307,2016.0901,2.0412915,18.998123,7.1166186
14098.129,2243.4277,18.628649,18.71767,61.136368,17.139704,1.773732,-0.0061042043,0.05926069,1.2968509,2016.0155,7.8409204,15.668581,14.601556
4970.034,1149.8373,15.119513,14.907532,64.170334,26.453451,2.4014425,-0.009191536,0.91253346,1.1612089,2015.0271,7.270571,6.9781237,13.104478
10839.737,717.8398,14.353327,13.990787,82.659195,16.139439,4.648586,-0.006446592,0.6974409,2.0992825,2015.485,9.793688,13.871124,13.900001
12389.545,1026.3293,12.460845,11.723908,75.52062,15.503337,3.9488924,-0.014864386,1.1207693,0.42196324,2016.0293,5.496787,16.557417,16.778936
14669.834,375.3315,5.078049,2.994145,88.69394,10.81315,5.474098,0.029304966,0.027210034,2.4093285,2016.0452,8.177549,17.213255,7.917523
3302.0347,346.11618,11.756893,10.982733,73.76163,12.672081,2.0504417,-0.0028650996,0.16462132,0.29201594,2015.0247,4.7378016,19.994425,2.8706467
12056.008,471.65262,13.311188,12.741854,73.79077,11.3557,2.2665756,-0.002067528,0.58964616,0.3329102,2016.0028,4.993689,20.107916,4.0010095
13757.464,2366.6155,20.06064,20.171608,55.406796,21.334457,1.826991,-0.0066636237,0.18785173,1.1024872,2016.0198,7.5681243,9.503914,14.818386
3921.044,626.7555,14.138312,13.775631,68.562935,14.579497,1.8631474,-0.00451146,0.4969378,0.60395795,2015.0188,5.74425,16.049322,7.5859146
12457.11,2564.9517,20.914562,20.691668,48.15368,14.74004,1.5177405,-0.004497155,0.13855313,0.6524577,2015.9481,6.1118307,18.974716,14.4421835
5130.0186,1035.6433,5.117398,2.6899438,77.315384,12.270997,1.6031756,-0.00073861267,0.030414067,2.7572963,2015.4763,2.0110772,11.472557,8.574934
10027.568,452.61044,9.192032,7.519194,79.049286,13.903508,3.3820472,0.000119727745,0.053722285,0.26426485,2015.8635,4.012748,13.506816,8.555178
11304.23,855.59393,10.2036085,8.800645,75.44705,16.834782,3.8218799,-0.0056920755,0.06827938,0.36664584,2015.9802,4.4307404,14.205925,15.708711
2178.5474,2760.4146,9.343853,7.7373595,65.10685,19.169857,1.8534707,-0.005146134,0.0013277447,0.031024022,2015.0088,3.5901432,19.683739,12.615911
3633.2754,1316.8951,15.062553,14.934741,57.977005,19.703856,1.9222525,-0.005464274,0.14858164,0.37909856,2015.0286,5.17588,15.1682625,14.297746
4315.438,2471.4387,20.54007,20.603382,43.517143,20.292606,1.2536116,-0.0088782655,0.5327242,0.68144286,2015.0217,5.999217,16.452906,14.5820875
6395.8223,1982.3063,13.559276,13.198521,75.58612,14.065804,2.2065544,-0.004092978,-0.003242203,1.6414064,2015.042,8.6072235,21.915358,9.074687
6120.1475,294.98526,14.267581,14.122375,84.26997,11.541674,3.5351682,-0.0055626365,0.4486848,1.3890963,2015.0845,8.099718,15.039303,5.5285053
10703.571,373.85092,12.508233,11.643086,81.499466,13.230783,3.8026924,-0.003217771,0.6088929,0.6770272,2015.8065,5.7228913,12.929028,8.294604
13961.062,3050.203,18.492453,18.559229,65.57029,15.440268,1.8895354,-0.0053490116,0.034800135,1.159462,2016.0153,7.6474113,13.909126,12.8711195
3381.3726,640.17834,11.380868,10.35232,69.036766,15.874017,1.6450257,-0.0015364375,0.38238502,0.4107664,2015.064,4.8296328,6.7596226,8.91424
6452.7446,792.8202,5.7412767,3.0893874,75.56284,15.63628,2.4098902,0.003966697,0.0128310835,2.8904343,2015.6504,1.6905824,12.626041,8.96513
13128.335,95.94412,2.2548902,-0.6828008,85.4377,7.317412,2.289932,-0.0005270646,1.130208,2.8262002,2016.2345,3.2849479,27.07533,5.2974052
10639.76,235.20486,5.8862605,3.932672,82.6868,11.270403,2.7203465,0.045590404,0.6020001,2.0355759,2016.0637,2.307134,18.167145,7.14773
14587.75,1263.1556,13.972403,13.55286,70.911476,22.046848,2.6363556,-0.0062796413,0.1027761,2.2544134,2015.8271,10.744518,14.707364,14.03315
10433.865,2059.9407,17.894127,17.785805,53.240234,18.791218,1.7563592,-0.005867166,0.29033393,0.48495921,2015.7898,5.717466,10.388383,14.2315235
2061.2017,1166.2216,12.104738,11.207671,54.37231,14.713795,0.8329094,-0.008757309,0.00965055,-0.12031527,2014.9445,3.524224,23.758644,10.620739
452.1251,474.55063,3.020642,0.5605654,79.65147,9.91323,1.8597225,-0.003797076,0.07339103,3.1415005,2014.9938,1.1083065,22.100513,5.929224
10697.415,334.90707,5.7288156,3.819697,84.87559,10.979433,2.5978277,-0.0019680609,0.013177059,2.6531081,2016.0383,2.9703467,12.876016,3.7904127
2007.1456,582.2097,5.533237,3.300095,79.117775,10.491188,2.075072,-0.0014644389,0.051321886,2.0585258,2015.0507,2.7137222,15.86068,9.970415
1094.8483,113.22403,5.423469,2.9446368,82.3242,11.3796215,2.3519127,-0.006594933,0.50894076,1.9573121,2014.9729,2.4800484,19.126556,1.9918988
16332.569,679.21515,5.9708786,4.0867825,84.291336,10.114929,1.9343045,0.002082222,0.01282259,2.5143886,2016.0131,11.200962,12.498977,8.102363
8538.476,855.35565,11.786373,10.987527,76.45953,12.985914,2.7962606,-0.0022076194,0.010532788,0.3879085,2015.6201,5.0729537,12.868611,9.176778
1387.2096,807.9246,7.5281224,4.8401194,73.72837,19.002611,3.2159681,-0.0053788996,0.11565114,2.5748572,2015.027,2.0253832,21.865057,14.548471
6332.7617,986.8653,15.437763,15.4058075,74.28841,14.146936,2.7681959,-0.005610041,0.026175626,1.5579005,2015.0463,8.600997,19.602446,10.342909
4055.9668,275.2443,13.439441,12.969721,78.09141,10.9808855,2.2825813,-0.006441293,0.88240826,0.7914256,2014.9897,6.295868,17.849262,2.3645012
4583.9893,1846.067,16.125723,15.49881,48.24202,17.75405,1.2473203,-0.007400797,0.7508379,0.26481178,2015.1864,4.902893,12.196811,13.412872
10443.868,691.2081,7.077547,4.5923147,75.05078,16.044935,3.1053512,-0.0058542634,1.0955628,0.067586586,2015.9934,2.9997196,14.65637,13.0898905
2302.3755,879.4863,7.697054,5.554643,78.821,12.595687,2.8396108,-0.00048889715,0.09790256,0.4516317,2014.9948,3.6959865,17.371143,10.426175
5992.373,915.86115,16.160608,16.218102,76.78535,15.938052,3.8840427,-0.0082885185,0.10616363,1.4462876,2015.0405,8.401464,14.95999,14.531897
3817.396,877.01575,11.297301,9.78855,68.09443,31.408228,3.2754002,-0.007631903,0.20971777,2.1128602,2015.1703,4.0796747,10.435054,13.003434
15588.434,369.35336,12.409176,11.646819,82.308945,11.21482,2.1589274,-0.0036512308,0.026131846,2.0279262,2016.0331,9.609697,19.110743,2.7460625
13649.85,369.0187,10.263017,9.276154,83.47645,11.10826,2.4703734,-0.00094511296,0.025132768,2.1286974,2015.7961,10.0117445,8.441983,3.6086361
4728.9478,2104.7976,16.556442,16.185183,55.93137,15.09203,1.3734457,-0.00737795,0.021854423,0.58931094,2015.1182,5.798474,13.442006,12.88348
16207.957,1745.981,13.795772,13.3672,69.29755,17.236181,2.0304534,-0.007559338,0.028486751,2.0496192,2016.0283,10.4635105,17.413284,16.793333
14958.627,455.7253,7.944481,6.0753255,85.62083,13.086909,3.9730885,0.00042139058,0.6306348,2.5288768,2016.03,8.81921,17.521496,13.060354
11325.7,58.69937,5.128135,3.2815347,88.82032,9.376408,3.1711483,-0.003085838,0.17147535,2.9013362,2015.8546,6.1952996,11.769384,0.57265496
9004.188,641.53235,12.428483,10.78831,69.260216,43.515858,4.9093432,-0.0008838077,0.69275343,3.179074,2016.0028,0.99858963,16.336672,11.000987
4800.0117,556.87146,5.0327225,2.4474044,74.158936,12.710584,1.0847182,0.0002721331,0.039782666,2.025286,2015.4208,2.1552174,12.011035,8.420644
7662.2188,276.62656,11.209597,9.999728,84.623795,11.949818,3.745789,-0.0020536084,0.33559707,0.94725806,2015.4467,5.8614097,11.997955,5.8436966
7090.131,890.13727,15.956294,15.817588,76.79158,14.596647,3.6470516,-0.010863875,0.875607,1.2152646,2015.2529,7.5087304,12.948509,14.072362
7741.845,1297.675,5.4768167,3.2729516,84.1665,10.660639,2.2313125,-0.0018210013,0.066099904,0.5143076,2015.6512,3.206831,14.80496,6.504694
13665.939,515.1436,9.918563,8.286022,83.546074,15.52977,4.2023134,-0.0011783477,0.49179012,2.5047586,2016.034,7.0254173,12.995115,12.719399
10542.826,1254.7955,8.070334,6.352145,71.42179,13.834749,2.4537857,-0.0035608795,0.024587028,-0.13000567,2015.9932,3.1977394,17.194126,13.680195
9940.005,938.7624,6.4407454,4.133588,74.98495,12.791809,2.0498984,5.1396787e-06,0.033307426,1.411251,2015.9731,2.5979724,15.871184,11.734995
15590.889,740.8888,12.822439,11.83885,80.77058,17.101324,3.7450194,-0.0072934343,0.8729194,2.311486,2015.9592,10.448291,14.759745,14.958535
6294.5293,469.43527,12.844813,11.939876,79.54346,33.319653,5.418187,-0.008782105,0.7728825,2.8011944,2015.1656,7.1116734,16.760746,13.190653
5178.652,591.0334,14.734218,14.749441,77.67245,10.857763,2.3761425,-0.0058027725,0.009985677,0.95183605,2015.0587,7.168349,15.449656,4.9164205
2491.246,1296.0963,12.120186,10.943468,55.3931,27.103115,2.1930444,-0.005075473,0.3429645,0.041121647,2015.0029,3.731324,19.8251,15.082868
10948.956,2054.28,5.2969093,3.328032,79.180984,10.526001,1.2860485,-0.0039314977,0.022922091,2.004235,2015.9977,3.6542253,19.274946,9.671451
5198.574,631.87866,11.360693,10.11536,75.154915,20.272825,3.3534324,-0.0030179203,0.76400816,0.6216018,2015.2577,4.9766097,8.120655,11.669359
14345.19,2299.498,21.989822,22.084116,57.99281,13.148541,1.3341292,-0.0058507337,0.057309322,1.3010937,2016.0325,7.671493,23.5501,12.087721
1276.5021,651.91077,5.1890187,3.1170382,82.540474,10.298219,3.1689625,0.022304844,0.06681908,2.8829513,2015.0419,1.7865669,17.045574,9.70213
9843.103,367.8132,7.037222,4.4236298,77.97568,16.991417,2.9403915,0.0016408048,0.76354736,2.8502567,2016.0819,1.3738757,13.261984,6.924885
3259.3716,549.63696,9.959343,8.22266,74.59347,24.283659,3.2586944,-0.0070291436,0.83066994,2.0755332,2015.1077,4.1227827,10.976843,10.448017
15663.704,1022.48236,12.680783,12.000589,81.17175,15.249358,3.6274695,-0.0049298904,0.043879606,2.2750852,2015.9883,10.472318,11.79302,14.661467
7991.485,494.96628,12.302076,11.3409605,80.49292,26.68146,5.04618,-0.0070276796,0.13512973,2.5662115,2015.061,10.72273,22.010496,12.749593
14286.549,537.76843,9.508684,7.906817,81.92496,21.369127,4.1067476,-0.011919511,1.0826895,2.8295312,2016.0834,7.0110545,19.255896,16.47197
5855.717,129.93222,7.324623,5.6177716,79.659355,11.540746,1.6578567,-0.0032844965,0.027458884,0.39955726,2015.3916,4.066062,7.6126776,2.471228
15736.625,259.7029,7.2288127,5.7667193,85.46336,9.703735,2.0081139,0.0018540088,0.008326224,2.2814863,2015.9897,10.4441,13.472381,4.3545
9782.449,478.9481,7.5931935,5.302477,77.71826,15.44526,3.320458,0.00045668212,0.2637482,0.8607719,2015.9406,2.7766597,13.072914,10.943748
6303.3735,1341.3224,14.975572,15.157174,70.61166,18.666561,2.488049,-0.008619302,0.028417014,1.631395,2015.0294,9.075411,9.006196,14.213211
3128.1577,895.7715,11.547006,10.11372,66.37234,25.553638,2.725977,-0.0047656125,0.059387885,0.5454396,2015.0077,4.6915927,16.274757,13.072683
14741.681,739.2607,15.396061,14.921519,77.47848,13.798241,2.3475094,-0.0081055695,1.0445023,1.827082,2016.0049,8.763833,21.445992,8.518071
16995.666,343.81747,5.4045763,3.0253882,84.55216,11.044135,2.1227615,-0.0042746994,1.0480961,2.6881785,2016.0244,11.822937,18.31174,9.644132
11628.006,2342.4316,9.969078,8.935245,74.58894,13.767232,2.322767,-0.0042437105,0.0077930903,0.45273128,2016.0001,5.0292907,12.627601,11.792511
7733.913,2616.5693,23.138449,23.107828,47.953144,17.516743,1.6362425,-0.006397556,0.5899332,1.1762978,2015.3301,7.3915396,17.906431,15.853267
10019.719,1631.5281,10.960225,9.643164,60.76885,24.962349,2.4668171,-0.0047364547,0.00075282814,0.09136967,2015.888,3.8033674,10.374159,15.089257
6614.916,363.246,11.989998,11.336567,81.681274,13.356563,4.0953603,4.547712e-05,0.32371086,0.304112,2015.4103,4.740122,16.96131,7.9674506
4038.0479,5214.908,16.25701,15.687541,58.60793,21.277193,1.6468776,-0.0035475113,0.10237684,0.5993552,2015.0552,5.8213716,14.517928,11.413578
15767.09,156.98618,9.836643,8.73641,86.325226,10.535413,2.4558387,-0.00071143854,0.07764057,2.2069507,2015.9875,10.483029,15.078185,2.904196
6927.1123,445.9196,7.2343316,4.951586,82.11873,14.482214,4.084639,-0.003520652,0.7535387,2.1199222,2015.687,1.8910033,14.94233,11.023417
3234.1846,1375.5054,8.658229,6.177078,74.59307,20.86644,3.1576247,-0.0042839325,0.005755297,2.814724,2015.2274,2.2994673,12.868299,13.145168
1797.591,163.17984,6.3637886,3.9162893,80.4979,13.004007,2.3212879,-0.004934942,0.5285119,1.0126606,2014.9847,3.3556378,17.638737,3.4299672
9777.408,1537.1095,13.876458,13.481983,67.73164,15.159283,2.1131363,-0.004545798,-0.008083829,0.49477127,2015.732,5.5471816,12.449656,13.253954
3620.02,942.5943,13.911799,13.471631,60.86476,14.388658,1.407398,-0.005410967,0.041828938,0.33395317,2015.0345,4.905571,16.965744,9.60018
2732.852,748.1496,8.120484,6.1954412,75.87712,13.722895,2.7459233,-0.0036074028,0.06690825,0.07890169,2015.0637,3.4869933,15.4521675,11.363432
14335.018,347.7606,14.982931,15.004926,83.202156,11.353759,2.6851625,-0.0087186,0.9625195,1.4450905,2015.9939,8.245991,18.222626,3.357239
13109.803,376.02567,8.342379,6.602756,84.326706,13.620746,3.5736659,0.000864024,0.1417123,2.5896006,2015.9939,6.858604,11.907063,7.591776
10919.351,1639.6537,18.095888,18.032726,62.541374,14.530996,2.2870696,-0.0091729695,1.0183175,0.7357519,2015.759,6.417705,15.199463,14.177149
1654.7814,152.82224,5.614205,3.2114043,82.4457,10.783159,2.4919827,-0.0023800929,0.8360504,1.1868111,2014.9587,3.4068742,16.48443,4.857152
11399.146,2345.7583,17.887459,17.861862,65.89637,15.998491,2.2293077,-0.0039277556,0.023750685,1.0242448,2015.7817,7.0573645,11.290379,13.275907
6254.718,772.45856,11.198585,9.016653,71.62871,34.41002,4.5523014,-0.0027257123,0.35657963,2.9928594,2015.6632,1.460714,16.831387,14.247417
12000.917,500.5477,11.254404,9.855088,82.10572,22.486025,4.871195,-0.0024328933,0.45519927,2.9194887,2015.8495,6.902901,12.9559555,12.6239395
6418.12,1140.3905,14.649717,14.163733,65.392654,25.872606,3.2835653,-0.0071478016,0.5055112,0.6891551,2015.323,5.7694116,9.198217,15.249324
7023.268,501.93552,8.578946,6.971073,77.28988,13.159759,2.7938163,-0.00078805845,0.13173625,0.02047555,2015.5514,3.6021452,15.633835,7.738253
14130.901,690.85364,12.569195,11.922654,78.3873,15.403469,2.638975,-0.0024045177,0.14569889,2.1617007,2015.8297,10.402226,8.635921,9.216127
5878.1187,332.12088,4.9506197,2.7279954,85.10746,10.317631,3.2989295,-0.0013426852,0.16915911,2.8485246,2015.5986,1.5918056,17.02192,3.9483836
2810.8066,577.77783,10.27942,9.228208,72.24706,12.463084,2.0753736,-0.003496283,0.059603445,0.13694064,2015.0209,4.1193194,18.7051,6.084927
6619.223,1013.9647,14.831029,14.573348,66.77726,20.684212,2.0579255,-0.0062108594,0.51195395,1.900607,2015.0315,9.58389,10.051251,12.34306
11160.326,143.41293,4.8211236,2.4755015,84.87632,10.44368,2.9412963,-0.0011868693,0.97144926,2.8887115,2016.1797,1.7335068,20.816233,3.9836328
10020.542,1670.2882,12.201528,11.6594305,75.962006,13.813989,2.2130795,-0.0039467844,0.010980866,1.1616313,2015.6444,7.0912056,7.798916,11.048147
2379.084,445.19028,7.3292904,5.062755,77.961334,14.468121,2.7863486,-0.0023554016,0.11783183,0.57994455,2015.0459,3.4313667,12.627971,8.86506
13774.077,249.02237,7.7960305,6.1773853,84.95543,12.351425,2.9800932,0.0014161493,0.10109561,2.4912634,2015.8939,9.108283,10.484486,4.433573
7344.463,922.46893,10.941246,9.899625,82.300575,11.85399,3.2254646,-0.0018340454,0.0105420565,1.0810362,2015.3872,6.2480044,11.429914,8.534726
2464.7817,690.21313,7.724491,5.543044,79.152725,16.617819,3.8204727,-0.011880715,1.2146077,0.02046482,2015.0052,4.0829253,15.748101,13.861463
12754.732,455.21732,14.107072,13.708735,76.38062,11.976744,2.2828534,-0.0036649194,-0.0012362385,0.71601975,2016.0,6.231005,13.514881,4.312461
13547.266,535.8519,18.127197,18.249952,74.341774,12.176636,2.1507244,-0.0062711365,0.32064658,1.158917,2015.9791,7.565111,17.50889,4.9107146
7636.9985,926.7205,18.590635,18.619038,68.86115,12.051106,1.8335133,-0.007188601,0.29629385,1.2970995,2015.2941,7.7460732,16.61433,7.9944935
2641.8252,260.21402,8.95915,6.474065,83.5691,30.720734,21.645267,-0.014379104,0.93988436,2.8570821,2015.1567,2.3468282,17.734133,9.064682
5314.6685,1436.806,17.495323,17.67604,63.447464,17.03295,2.0783238,-0.008100831,0.047871508,1.2176872,2015.0187,7.6573906,14.561771,14.349681
13748.025,402.11362,12.363763,11.771834,80.81354,12.961676,2.6817608,-0.0058228928,0.80491626,1.2485611,2016.0208,7.6196437,11.373396,6.6885333
7605.6597,1025.052,12.337484,11.462865,66.336494,20.229025,2.4532797,-0.0021316719,0.41828623,0.38882163,2015.5425,4.8383994,7.3634195,13.126452
7147.432,-185.20578,9.231131,8.113988,92.16254,10.013005,4.4558916,0.24735755,0.10111358,0.85655737,2015.3522,6.0256767,16.902851,-1.7892473
3655.4878,243.25241,10.848989,9.607598,83.53319,13.55154,3.6081893,-0.008305051,1.0140818,0.66160905,2015.0068,5.5160913,15.947196,6.5116553
7431.225,662.6117,8.029185,6.062109,72.76443,12.8275585,2.0891616,-0.0023658567,0.06797858,-0.09066625,2015.64,3.1120896,17.395311,8.444237
16906.576,701.9578,7.7125154,6.249929,77.16138,9.010236,0.62875396,-0.0035806422,0.7200119,2.5091007,2015.9697,11.496949,34.64934,15.64222
3825.1099,296.63284,8.463352,6.6207123,81.5656,12.60387,2.6639552,-0.004437282,0.45154348,1.7864791,2015.1636,4.177431,9.716227,5.230538
9375.255,687.5455,11.377216,9.482165,73.043335,32.599426,4.5790477,-0.010214546,0.9991748,2.675482,2015.9972,1.2807795,16.507551,13.974235
9662.837,908.9064,8.34488,5.7643337,70.818985,19.178183,3.2862985,-0.0031245456,0.41281152,0.5445082,2015.8909,3.0699208,15.087028,16.054932
8615.909,1449.5092,17.025764,16.839993,68.32671,15.230978,2.1256077,-0.004964437,0.05952377,1.6262276,2015.3031,8.453937,22.515831,12.727646
13875.687,748.103,17.923677,18.702206,74.82282,11.899593,2.7683296,0.052357152,0.22061487,1.0519596,2016.0211,7.2896724,20.486868,8.113174
16586.336,292.02036,5.167347,3.2377772,88.08238,8.645173,2.469803,0.0017807845,0.5837446,2.560978,2015.9594,11.581765,24.708265,9.217254
14664.709,1087.9749,13.4493685,13.134639,79.05149,15.696098,3.5152402,-0.0057077236,0.032732226,1.8298588,2015.9614,9.453904,9.986702,14.352155
14205.143,4203.2285,27.433176,27.38017,36.925186,15.831964,0.9375377,-0.011422017,0.09512987,0.9987027,2016.0239,7.32984,26.74848,15.772372
13327.517,1014.50037,16.852585,16.887733,69.749374,13.3934965,2.310807,-0.005526656,0.13527158,0.9309842,2016.0021,6.8410754,20.144623,11.377407
14342.181,130.89365,13.389142,13.154427,85.92301,10.623942,2.8573956,-0.0026062888,0.022774272,1.5321777,2015.9786,8.484425,16.072006,1.1474965
14683.427,580.2629,14.093824,13.842267,83.125435,12.800065,3.691191,-0.0043040714,0.11904154,1.5814945,2015.9995,8.798388,16.436172,9.157113
3564.3823,1550.5217,15.921673,15.7769785,53.868397,20.195328,1.7529067,-0.0069219633,0.44914466,0.39710906,2015.0164,5.272035,13.539606,14.567993
5455.4893,1495.5288,18.405457,18.566505,65.5353,17.032824,2.5981195,-0.014209994,1.0232761,1.2379375,2015.0647,7.663719,11.7865305,15.944376
3488.897,255.12912,10.8839,9.675788,75.43628,13.556758,2.186735,-0.0025197074,0.20434058,0.4198604,2015.0387,4.72244,23.205513,1.5867445
6022.134,1854.8616,18.200726,18.215185,57.243828,19.028105,2.3530402,-0.0066211666,0.5080934,0.74880147,2015.221,6.328014,12.5962515,15.571233
13349.371,1786.8806,19.193554,19.410255,59.57762,17.760887,2.0989974,-0.006454415,0.49875486,0.787467,2016.0247,6.808833,11.839073,14.007848
2828.599,1109.5408,12.231645,11.338706,61.808155,18.801296,2.2491064,-0.0057126298,0.46105167,0.10108261,2015.0118,4.107719,19.784664,14.115373
5098.08,1057.497,10.712104,8.907449,61.732143,31.58346,3.0526488,-0.0036928758,0.38823417,0.35632792,2015.3302,3.9484394,8.937981,14.058133
13617.725,969.5525,15.527264,15.17691,78.04277,16.290697,3.92071,-0.012769819,1.0302297,1.5927525,2015.9265,8.419947,15.1226015,16.17115
4021.4463,553.2193,8.5805025,7.154522,76.86093,11.021151,1.9028276,-0.0030538489,0.11350725,0.03771822,2015.1975,3.7448304,15.961062,5.5895944
5835.559,765.4887,14.200414,14.077916,76.16665,11.807973,2.1353183,-0.0049908157,0.0048744297,1.127799,2015.1227,7.3921847,10.598963,7.1259365
14241.396,1476.3629,19.203259,19.311344,66.21277,13.21503,1.9069985,-0.014844616,1.1889005,1.1030859,2016.0326,7.5747824,20.435513,13.588953
4926.7544,1043.6239,11.919732,10.851287,65.882225,21.274061,2.8042898,-0.0052277106,0.44507003,0.2887484,2015.2437,4.5120535,10.498051,15.083974
14701.234,338.46683,13.013717,12.613198,83.2723,11.714917,2.9588223,-0.0049501373,0.29435718,1.5561715,2015.9991,8.763227,18.515387,6.1643724
6752.017,832.17444,15.503211,15.465734,75.39526,17.273169,3.861163,-0.0050280853,0.17373982,1.7614126,2015.0438,9.244961,21.232864,13.346659
15213.015,886.80774,12.151507,11.408192,80.80058,15.008682,3.4855976,-0.0036077027,0.1958565,2.0103679,2015.9972,9.764231,11.718532,14.273039
10256.605,3086.3433,22.85552,22.925825,49.377914,17.66184,1.5177367,-0.009143514,0.040503584,1.0675919,2015.608,7.388413,13.598097,14.633331
2738.2446,153.06406,11.06224,9.898769,80.01787,13.798899,3.451671,-0.0006750257,0.72944546,0.2265821,2014.9801,4.342994,23.095276,3.270919
5068.0312,1323.7438,17.100683,17.319784,65.838844,14.777372,2.141135,-0.0071401238,0.0050386703,1.0152354,2015.0372,7.157027,13.23846,13.836782
5398.5864,1076.4503,15.041545,14.936254,67.696625,17.662857,2.6473267,-0.0065957117,0.6256666,0.8172002,2015.1543,6.281367,11.24869,14.593782
4697.6626,1631.1476,16.331148,16.21339,58.745663,23.119965,2.0497096,-0.006486419,0.06657056,0.82405686,2015.0503,6.6607227,9.86577,14.744386
4339.8223,1307.2407,16.839828,16.932518,58.740326,17.69682,1.3917634,-0.008072206,0.92200977,0.83106935,2015.011,6.3440266,17.7495,12.321463
5299.154,241.15189,12.52784,12.006755,86.30071,14.801628,4.6033936,-0.007123699,0.7515683,1.3966153,2014.9886,7.915118,17.174713,8.760966
4605.3457,1497.5757,18.060276,18.172611,61.039406,15.549502,1.8567256,-0.0071391067,0.7443665,1.0044914,2015.0099,6.9128466,12.266492,13.76879
16249.538,203.38516,8.367658,6.8558393,86.8261,11.983184,3.1017668,-0.0035906278,0.96530485,2.4748924,2015.9899,11.127055,17.889168,5.560251
10267.717,849.5602,11.795443,10.205258,72.44927,27.128462,3.738112,-0.0035716568,0.29407236,2.4367723,2015.9806,3.1609793,10.049901,12.973871
10751.254,1057.734,6.42818,4.589496,79.74197,10.991302,2.1181219,-0.001660946,0.031500496,1.1198794,2015.9468,3.9498072,19.510458,8.312054
14015.608,2146.0388,21.741762,21.887548,56.100697,15.377475,1.6478904,-0.010887762,1.0364263,1.1648011,2016.016,7.6455293,19.114582,14.671869
12134.377,606.1452,12.511071,11.760954,76.232445,14.345971,2.8109002,-0.0020653114,0.09213064,0.57756305,2015.9918,5.676804,11.5828705,9.159441
7333.5015,911.2277,15.486846,15.465683,70.56482,30.995045,3.9170501,-0.0140473405,0.8554502,1.9369138,2015.0994,9.495412,13.30053,14.566281
9506.082,707.4373,10.267881,8.859181,71.216125,13.884392,2.6451604,-0.0016665265,0.5186776,0.043338582,2015.814,3.7903535,17.845398,9.139877
8987.04,1174.5378,17.272448,17.323492,66.792534,14.521007,1.6675458,-0.0067564934,0.14650072,1.5643034,2015.3759,8.794034,8.3358,10.253325
6849.268,970.40894,13.015461,12.329471,77.71238,17.086145,3.5384054,-0.006974948,0.017691933,1.945354,2015.0657,9.314205,20.858217,12.152436
3241.2612,516.56323,10.981169,9.479227,82.83136,19.043297,4.98002,0.045460958,0.3875301,1.3827764,2015.0128,4.757325,17.042437,15.465411
14728.608,388.04495,13.707166,13.502931,81.66654,10.032119,1.9276958,-0.0037863695,0.0814343,1.530528,2015.9712,8.633204,24.329082,5.0606704
14631.804,2182.377,20.18292,20.351349,60.62206,15.618669,1.681752,-0.006235249,0.059550278,1.4290026,2016.0443,8.250984,21.213974,13.881325
896.1021,716.8373,5.706666,3.4084768,78.55651,13.00689,3.073453,-0.005314562,0.02719488,2.7633827,2015.0085,1.5901915,21.747944,11.014742
8000.43,520.1543,11.425914,10.399136,76.92101,18.07273,2.8410647,-0.0044506076,0.16697535,2.348201,2015.0659,10.915321,20.25569,7.8658123
2753.5933,745.5823,8.152306,5.829078,75.02284,15.591581,2.9704924,-0.0013946698,0.119695686,0.31553367,2015.0435,4.023793,14.414869,12.60795
4523.392,913.26636,10.319953,8.404242,74.49513,22.349707,3.3877573,-0.005458699,0.043893434,2.6443048,2015.2959,3.351365,9.8251095,12.843993
12554.251,846.1859,12.58792,11.9274645,77.417435,20.382242,3.4819992,-0.0049958653,0.4514485,2.4656854,2015.5468,11.205586,21.523903,13.684488
1057.1368,902.70056,5.861332,3.0157018,74.23162,19.241808,3.40097,-0.0013560143,0.0321066,3.188902,2015.0634,1.0099145,23.038536,13.331189
12270.816,1445.439,18.560965,18.437632,66.76747,15.409929,2.3420665,-0.012573206,1.0985242,1.0847098,2015.8584,7.4242043,11.606784,13.538258
16004.21,422.6342,10.338267,9.364035,84.5423,9.935201,2.3462372,-0.0014756669,0.077617876,2.2470274,2015.9536,10.586881,24.568516,8.060526
14517.678,3447.5376,16.54613,16.581923,74.47279,13.347923,2.0725324,-0.0025369462,0.039158188,1.5443999,2016.0009,8.555347,16.27384,10.484036
1721.9933,92.075836,6.1460376,4.0810056,81.67369,10.318413,1.8467991,-0.001434318,0.053482197,0.14109056,2014.9014,3.8525765,20.322727,1.818867
9413.686,380.43698,5.2388725,3.24511,82.94874,11.827381,3.367194,0.005034067,0.1366605,2.77561,2016.0096,1.3590318,19.109674,5.389034
10216.024,514.5711,12.561558,11.913984,82.624405,14.715092,3.5542326,-0.0038114537,0.32147548,2.4070222,2015.3517,10.599623,12.755154,8.679171
14924.255,16.088898,10.201698,9.427795,86.06231,8.949977,2.0079894,-0.0036283426,0.40652415,1.6183456,2016.004,9.04003,18.162678,0.2482388
3229.9312,565.4751,10.109853,8.29639,77.761765,20.572657,3.805243,-0.0047502085,0.42622206,2.3627377,2015.1246,3.7673264,11.540184,11.7684965
1841.2086,2176.1448,7.205842,4.527364,70.53618,17.711388,1.9805392,-0.005008071,0.030196585,0.20818572,2015.0394,2.911627,14.913398,12.705809
7144.831,733.807,8.617511,6.694126,80.40245,15.813952,3.5739548,0.5932595,0.5086379,1.1820045,2015.5905,3.3521566,6.137581,18.244236
15229.75,879.1389,14.201906,13.829024,76.41072,14.625469,2.2523627,-0.0032347583,0.17280528,1.9491783,2016.0151,9.508993,16.669798,10.449097
14519.194,1367.7919,8.569783,6.737832,80.481514,16.268972,3.2040708,0.00054623064,-0.011518219,2.5798707,2016.016,8.556167,10.273334,14.101402
14992.544,1489.8827,17.08553,17.050491,69.75684,14.848455,2.0775523,-0.0045279446,0.06973641,1.6800406,2016.0492,8.5433855,23.226862,11.799165
2202.603,927.1047,11.084334,10.167543,64.74213,13.900549,1.799132,-0.0046288404,0.03946402,0.07373445,2014.9443,3.7925475,21.940464,9.844187
8124.6055,232.08792,5.26982,2.93648,85.61778,10.825666,3.7856054,0.0011881355,0.62722194,2.8375664,2015.8705,1.4203254,17.782919,3.787151
13736.02,1747.2799,18.588024,18.655905,62.73514,19.654783,2.2553592,-0.0065872683,0.44116506,1.2746445,2015.9822,7.847123,11.48361,14.35942
15295.063,719.8686,14.000311,13.548566,81.00854,13.065884,2.9123893,-0.003795366,0.081565015,1.9595993,2016.0045,9.527857,18.949898,8.995614
13769.034,2564.9426,17.346708,17.41413,70.63512,12.960176,2.0279405,-0.0027459667,0.016358666,1.3049242,2015.9877,7.75836,15.952796,11.836802
13079.709,351.27548,9.946964,8.901463,87.12334,11.64991,3.9264987,-4.2544038e-05,0.0760412,1.9333543,2015.8309,8.787506,13.914513,6.460043
12177.122,370.32047,10.336692,9.565039,81.96133,10.476611,2.8506322,-0.0031882015,0.024107806,0.63602185,2015.974,5.5783505,20.121788,5.232568
3137.8774,509.12448,10.66169,9.184067,77.598335,16.609425,3.7231324,-0.0031270434,0.50283206,0.33950844,2015.0359,4.389686,18.93354,10.348474
4634.0464,1515.1724,18.504532,18.70026,59.467506,18.121248,2.1608531,-0.0065895705,0.40586054,0.9556353,2015.0143,6.743358,17.557426,14.8778305
14284.795,1089.633,15.058274,14.942266,76.77092,16.382866,3.366882,-0.005806958,0.07432466,1.8407693,2015.9242,9.3103695,12.466787,13.900824
4903.277,1038.6616,17.357021,17.49324,69.42602,15.054125,3.077555,-0.006475642,0.644775,1.1227423,2015.0181,7.227539,16.531738,13.668217
10785.325,423.4432,11.265759,10.169286,85.48823,17.665415,5.370056,-0.01046474,1.094333,1.0688818,2015.9211,4.5448503,15.159151,11.60739
14376.089,587.8433,15.98082,16.159689,79.77788,11.625206,2.8041637,0.032992925,0.1021251,1.3681381,2015.9989,8.028254,22.183594,7.71358
14379.768,1017.9459,6.2828994,4.4634733,82.45405,9.826488,2.4042487,-0.00036178651,0.025495313,2.115117,2015.9749,8.673662,20.541237,12.8995075
7625.1577,1486.3971,16.209835,15.869836,64.02668,26.88428,2.617582,-0.008558546,0.67882276,2.0958893,2015.0675,10.118229,16.393814,15.30911
11161.935,1259.4125,10.735216,9.590939,65.495285,19.881245,2.3924212,-0.0046571284,0.028187416,0.12739198,2016.001,4.0147743,10.15526,14.582734
2362.748,88.07962,7.7863436,6.293802,87.59454,10.3646555,4.1028037,0.27343455,0.31147668,0.33734742,2014.9893,4.0702634,13.947082,3.0912821
5956.234,1302.2422,17.255455,17.433437,65.768654,17.465208,2.4700136,-0.0069843284,0.21258089,1.4931037,2015.0261,8.427846,17.661652,14.674283
11222.096,1205.1769,11.627317,10.265392,63.77859,13.171473,1.4594382,-0.006878776,0.84911454,0.10011141,2016.0015,4.0381885,17.484755,9.787543
9718.086,1317.3668,14.280277,13.902742,68.576805,24.58516,2.620656,-0.0054483595,0.077795304,2.4007533,2015.2671,10.85178,9.438149,13.2465
3554.853,375.4459,11.723138,11.080167,76.15947,11.940084,2.342746,-0.0023469676,0.01510509,0.33190194,2015.0446,4.974219,16.698948,4.037944
15006.968,710.1955,12.347471,11.610554,82.45368,13.94015,3.949688,-0.004640076,0.6834792,2.019315,2015.9617,9.760237,17.857038,15.302755
16329.149,226.57596,7.1451473,5.613354,89.26542,9.579878,2.97065,0.007537073,0.065579884,2.4834323,2015.9729,11.281904,19.374458,6.285607
9736.617,1237.148,13.653347,13.100711,74.91627,16.650738,3.2307515,-0.0071861087,0.021799348,1.23906,2015.5842,7.2876253,8.8715515,14.529116
4063.3179,1018.8177,15.51648,15.409373,67.63686,13.722497,2.0799015,-0.011158691,1.082047,0.6549925,2014.9985,6.2427697,16.124203,10.379291
6686.5327,525.4972,9.315348,7.614928,84.01448,17.302511,5.108125,-0.0076501905,0.83565646,1.9436996,2015.6357,2.2983963,14.665486,12.565044
1820.8864,390.52402,5.499262,2.9571595,81.52598,11.2159815,2.689279,-0.007647564,1.0651072,2.799189,2015.1052,1.8404719,16.15415,7.772871
14467.175,1459.4102,16.602991,16.742554,72.63718,16.332521,3.0673223,-0.007683692,0.0054107225,1.4422737,2016.0114,8.447997,12.677736,15.082288
5681.383,605.48285,15.650679,15.519967,73.8268,11.04168,1.7059951,-0.009672032,0.9456167,1.5286382,2015.0143,8.46404,15.567211,6.047047
9251.554,1515.509,19.562407,19.691202,62.90059,14.901861,1.9418254,-0.0064666937,0.19299321,1.3420047,2015.4673,7.9021835,17.521074,13.201908
4179.5366,1810.7496,18.860968,18.824755,52.33975,16.664137,1.8365139,-0.0058328207,0.11264805,0.6752692,2015.0096,6.1428976,18.653505,14.978024
14523.455,2298.7747,9.490976,8.788948,82.27353,9.944484,2.3071935,-0.0018433698,0.01303514,1.5218121,2015.9897,8.71786,16.796368,12.256526
6904.9907,267.6027,9.695069,7.971895,84.79691,12.355671,3.753008,-0.00564333,0.937239,1.0874473,2015.483,4.327164,11.766778,6.1037846
11220.122,711.459,9.9869585,8.660177,77.667366,14.778757,3.066297,-0.0008907554,0.021391653,0.46586075,2015.9612,4.679638,9.414394,10.387072
4721.7837,1328.7621,17.502508,17.695017,61.81419,18.5373,2.2469952,-0.0072485707,0.50591016,0.98000324,2015.0118,6.8205824,18.686115,14.696864
1331.878,216.14737,3.900647,1.274899,82.64766,10.310171,2.0714211,-0.0064170356,0.60133564,2.9139392,2015.1001,1.5380775,12.543438,3.2370083
11898.969,1478.8665,10.156975,8.998801,78.24892,14.95712,2.6196694,-0.0005523165,0.026804723,2.323922,2015.7986,7.7940288,6.5387125,10.371879
14084.375,898.24384,16.153845,16.151657,76.2898,13.706609,3.3643565,-0.0091300355,0.7689106,1.3082515,2016.0049,7.7937293,20.506088,14.665386
10725.402,140.5372,6.291996,4.047016,80.0924,11.20098,2.2059982,-0.0032797318,0.8146485,0.2835447,2015.9806,3.4044201,23.768667,4.9848824
8560.63,1403.0957,13.024282,12.394774,69.97255,21.842644,2.2542098,-0.008372725,0.07117926,2.4862213,2015.0737,11.397723,16.573912,13.936981
11354.391,727.4466,16.016197,15.890333,73.23057,13.270868,2.5485747,-0.0044897045,0.63609177,0.9002947,2015.7941,6.7456937,13.208377,8.88856
5907.372,533.6749,5.9210386,3.7078538,81.71257,13.590907,4.1149364,0.009183154,0.3306553,2.8709006,2015.6361,1.018108,20.80365,10.083123
12901.84,1215.6375,13.872655,13.531287,73.49922,15.093744,2.8469288,-0.0067154835,-0.006849774,0.7776539,2016.0155,6.3244033,12.081805,14.341693
14154.625,1913.5731,18.519114,18.762205,62.87645,16.311407,1.9533964,-0.0059391255,0.022760548,1.1813375,2016.034,7.736612,12.532494,13.915636
4947.1577,1517.8201,18.132994,18.28249,62.17796,17.015535,2.1983218,-0.0064087245,0.06328679,1.0290413,2015.0308,7.0650797,14.638504,14.6307335
13951.533,356.51736,18.107761,18.337856,77.33449,11.38492,2.3194668,-0.005378624,0.083241306,1.1719214,2015.9985,7.58888,20.575802,3.3490803
11212.326,1984.3982,14.509699,13.871243,53.208588,15.774745,1.6815243,-0.00498311,0.08924899,0.096934244,2015.9756,4.3930745,20.221687,15.1745205
8141.3677,232.96951,5.4985313,3.1128068,84.20597,10.910238,3.192045,-0.0008228061,0.72550654,2.9583957,2015.8612,1.5005699,17.278801,6.1164494
12877.596,2385.689,21.623594,21.521349,47.384842,13.505526,1.2213919,-0.007731443,0.94688773,0.8418185,2015.9716,6.4344316,21.97004,14.309475
7849.1216,1118.1178,13.535524,13.081082,73.56034,19.7553,2.5574098,-0.0064299176,0.07613652,2.4921224,2015.0256,11.153959,11.807681,13.144543
13761.694,31.126984,6.712863,5.213228,89.02645,8.90808,2.5167902,0.00057562505,0.017847143,2.559839,2015.867,9.194004,10.995401,-0.12738585
12929.486,886.6234,18.023651,17.915598,65.75513,11.44819,1.5949343,-0.0071288324,0.38439098,0.72283643,2015.9814,6.303445,20.050354,6.1256547
10402.696,386.53036,6.194585,3.856585,78.76713,12.163275,2.3342924,-0.0033166048,0.7931853,1.0398978,2015.9965,2.7862632,19.529417,8.809019
8667.231,1832.1937,17.57295,17.520967,66.73946,17.203897,2.7351305,-0.0064512356,0.0059050536,1.2297808,2015.4342,7.5349617,11.212888,15.457232
6830.299,373.02182,12.542927,12.097427,84.766945,13.307664,3.8802958,-0.0055732313,0.09007075,1.938642,2015.0299,9.635808,17.213558,6.844872
11637.691,383.43387,9.445947,8.0907345,81.95927,13.601959,3.028383,-0.000976776,0.08095985,2.2078135,2015.8739,6.424244,9.346336,5.632006
5413.811,1062.4236,14.611739,14.560384,73.95679,14.449671,2.4110768,-0.005262147,0.03189615,1.2190139,2015.0536,7.6654987,11.053885,11.649142
14150.371,353.53653,11.097106,10.238047,84.503944,12.341866,3.3491058,-0.002235263,0.6050224,1.7620281,2015.948,8.931074,12.09065,6.903969
10434.378,164.7344,7.491621,5.0818195,84.82305,24.557068,15.156506,-0.014096499,1.1372524,2.8384304,2016.0469,2.2126648,18.104336,7.252583
1335.8839,748.76843,6.6608505,4.0196667,74.37004,16.86879,2.450016,-0.004042966,0.03774122,2.4361167,2015.0608,1.8982154,12.99548,10.683572
13564.756,1854.4117,17.210995,16.976261,62.093826,21.914454,2.6408758,-0.007432816,0.5975,1.012058,2016.0215,7.0243,12.721869,16.24275
13194.947,536.5632,15.342052,15.188883,77.34326,12.0871935,2.4549694,-0.0038804442,-0.009634622,0.92953455,2015.9946,6.844881,13.723426,4.981002
10485.423,1450.142,17.829517,17.911993,67.69165,16.95716,2.6428828,-0.00734912,0.66603875,1.3651313,2015.6079,7.9603524,11.304582,14.261074
2893.2446,1020.19995,11.423493,9.942866,67.38026,21.92041,2.854895,-0.0048136204,0.02921272,0.39126626,2015.0222,4.238211,18.146425,14.119095
6005.1357,2370.4385,19.273731,19.174467,48.970898,19.135187,1.6945632,-0.009454892,1.0407789,0.5829097,2015.2576,5.893635,13.386866,15.191424
10428.39,371.05466,6.5065827,4.4541965,81.96709,14.30317,3.6025302,0.004722348,0.5494077,2.9232311,2016.0992,1.719328,19.10752,8.026318
16717.777,1006.9154,10.641598,9.476062,77.11434,14.556802,2.4336038,-0.002515388,0.69098276,2.5250828,2016.0194,11.163297,25.60702,15.482776
6033.6343,434.5742,6.3531446,4.7740536,85.07569,10.679314,2.653992,-0.0069494634,0.0139307,2.6379836,2015.09,8.054158,15.551885,2.1845868
10220.895,842.5776,9.709176,7.7300644,66.41595,29.333199,3.137681,-0.009161868,0.8466225,2.4725108,2016.0695,1.4350382,19.712208,15.411115
1110.3156,912.1964,7.5061617,4.698827,68.18393,20.975945,2.4661467,-0.006896855,0.13572104,2.0373507,2014.9689,2.394152,25.84096,16.451653
16431.996,441.63394,5.68157,3.7305188,84.45802,10.029683,2.1985495,0.0010672293,0.40931854,2.5194435,2015.9574,11.506152,24.234901,11.837991
7014.1064,-187.2291,4.579769,2.7552552,95.795746,7.814854,4.8144937,0.08620814,0.46524164,2.8121817,2015.3771,5.7339745,15.188796,-3.405956
7379.979,991.14197,12.024843,11.034258,68.08113,18.702084,2.9982247,-0.004838768,0.37554112,0.246298,2015.52,4.477411,12.2879095,14.888336
3470.1636,363.79752,6.5429373,4.4040375,86.77729,13.69144,8.955368,-0.02650802,0.1830486,2.7698803,2015.1195,3.9296725,14.114573,4.513025
2775.997,296.20425,8.952458,7.0016856,79.2435,15.368914,3.1374273,-0.0015808169,0.52582914,0.47359124,2015.0117,4.2145095,19.133295,6.237199
12765.571,1320.1428,16.434893,16.28155,68.91304,20.651417,2.7259843,-0.006667457,0.23245382,1.9509683,2015.7081,9.6356735,12.346378,14.602494
8946.241,881.97687,15.584524,15.554353,78.74958,17.792267,4.4777026,-0.013998141,0.93616426,1.2246777,2015.4684,7.575744,13.896405,15.724584
11456.336,672.27,15.410766,15.341747,77.67028,12.770518,2.563731,-0.0043721623,0.04303395,1.472683,2015.6771,8.425437,10.617997,7.122269
5080.2676,1133.6384,15.803714,15.749826,64.08661,15.891377,2.1471126,-0.0053681186,0.455204,0.739503,2015.1198,6.3043313,13.253413,12.953381
8652.267,1867.1339,11.711653,11.226352,79.484795,15.51635,2.670461,-0.006060393,0.051094778,2.5079033,2015.1624,10.857169,9.460422,11.790635
2391.5059,776.46643,9.933851,7.775402,68.755684,30.26902,3.181336,-0.005680987,0.6113491,2.1154504,2015.1567,2.4205563,10.764272,12.552889
4566.084,2504.2344,7.8837943,6.0980315,81.94874,12.195977,2.6828406,-0.0034497653,-0.0101263905,2.2825396,2015.2821,3.3720696,12.78364,11.237088
2203.1646,958.8557,5.2018514,2.927753,80.004875,11.639612,3.2634602,0.0018033076,0.026634745,2.9841888,2015.1805,1.4207989,18.161388,12.0643015
5263.6636,1724.1875,6.6669345,3.9314213,67.76707,16.264317,1.6833754,-0.004015188,0.06957231,-0.13612707,2015.444,2.741843,13.259645,13.274247
7354.729,194.70041,11.591597,10.934154,84.46511,10.526013,2.6104567,-0.0063541136,0.25315925,1.5750014,2015.2188,8.425753,9.62386,2.3153212
4582.0205,655.50323,14.299082,14.009106,69.79995,12.497363,1.9906974,-0.0045652403,0.04752209,0.6284943,2015.0905,5.9365454,14.952429,6.6322045
12070.471,1417.0636,14.203218,13.837459,64.97305,14.768832,2.1848552,-0.0051007397,-0.0059837187,0.33103517,2016.0033,5.260414,15.29245,13.949134
2579.9443,345.98093,8.508197,6.3687654,78.97547,15.948906,3.1207044,-0.0038097028,0.87306356,0.46900263,2015.0134,4.0098825,17.348606,7.790579
16316.384,1543.7344,9.881452,8.668238,79.11649,13.4228945,2.4140306,-0.0051775477,0.012159965,2.4145467,2016.0264,11.021689,14.739558,15.656515
6967.8276,638.87946,14.251581,14.133464,80.99482,21.503483,4.4977636,-0.01475718,0.9709963,1.8533142,2015.0659,9.461831,14.414578,13.621818
13616.26,-88.1716,8.374128,6.907964,89.35031,10.403388,3.0696127,0.043512534,0.10862438,1.3469213,2015.9567,7.6910405,19.445541,1.1027195
4004.7534,261.06174,10.697929,9.890146,81.45885,11.492501,2.9396012,-0.002052461,0.059747748,0.4079652,2015.0902,5.0128455,16.495596,3.834315
16399.455,1044.7661,11.012033,9.964949,78.16647,15.42775,2.630947,-0.0033870966,0.15625468,2.3877542,2016.0159,11.084724,14.746682,14.816379
13302.957,398.66513,13.798774,13.599405,82.678276,10.93195,3.1855109,-0.009514426,0.93531626,0.7364119,2016.0195,6.391981,20.123634,6.6355143
5104.294,1320.9484,8.242759,6.115445,73.552505,15.233025,2.7536504,-0.003480499,0.04656773,0.07129423,2015.3718,3.3334928,13.496028,14.037821
6234.6167,398.52646,13.790642,13.456489,77.67428,11.448602,2.419284,-0.00452155,0.56677926,0.86903775,2015.2421,6.5264316,12.090515,4.937928
2740.5972,27.713654,7.5788107,6.0202026,86.80255,9.826088,2.8625708,-0.0030605488,0.051474206,1.204204,2014.9872,4.652427,14.297997,1.176017
11852.431,2859.838,21.47374,21.48773,58.99778,15.76786,1.851332,-0.0071306354,0.017096274,1.2209396,2015.7567,7.718356,19.34534,14.262814
8215.004,1510.0265,15.872608,15.654538,63.19809,29.43361,2.807296,-0.0054803523,0.20270826,1.908816,2015.2437,9.354657,7.2912626,13.547997
13129.612,1564.6909,20.007576,20.093962,63.020016,15.554411,1.96806,-0.0073542274,0.6834377,1.2885774,2015.9183,7.797873,16.1427,13.148698
8528.262,1713.1606,11.659763,10.357039,53.704357,18.75846,2.0366807,-0.00820486,0.5143269,-0.1834689,2015.7443,3.4874883,17.101156,16.38657
13337.512,718.0685,16.731144,16.609634,71.71625,11.647343,1.9814817,-0.0057060323,0.006163231,0.8594749,2016.0151,6.596997,20.380375,6.7464857
13965.076,474.09378,10.101716,8.520304,78.51497,16.306684,2.2328136,-0.010761672,1.1628027,2.5051725,2015.705,11.453585,14.833426,9.449845
7894.5537,1767.0846,15.717385,15.707562,72.42298,16.626125,2.8358338,-0.007064616,0.045158528,1.706739,2015.2169,9.054917,10.963199,14.600654
5059.9614,742.8273,7.201306,4.720847,78.029434,17.745256,3.906773,0.0022847268,0.06835491,2.8903744,2015.4984,1.493209,17.50467,11.491653
9984.524,377.31735,11.086619,10.111121,85.94897,16.927238,4.5675306,-0.009795901,1.0311713,2.4613688,2015.3339,10.506447,14.494466,8.864388
9921.887,2209.9595,21.023266,21.101768,55.73568,19.293486,2.0051875,-0.007211113,0.17228912,1.227021,2015.5768,7.6576285,13.539594,15.351785
12295.064,984.16675,13.469863,12.935577,68.961975,26.629381,3.1460373,-0.004304876,0.4185824,1.6780189,2015.81,8.026172,6.856059,12.807733
8053.8726,1166.2968,14.089245,13.713197,68.9585,19.90613,2.3168273,-0.006884021,0.21726339,2.195419,2015.0848,10.405699,20.163864,13.777467
4259.314,972.7896,11.448239,9.88189,69.75921,29.79018,3.4547637,-0.00759978,0.078822054,2.3167894,2015.2338,3.7331998,10.84845,13.631863
15207.368,627.3929,12.356988,11.660198,78.36071,13.649678,2.0964377,-0.0032348942,0.47295284,1.8739637,2016.0157,9.582462,12.232556,9.83023
5677.129,390.75095,10.940507,9.841529,80.27031,17.791634,3.918359,-0.0053239255,0.41728628,1.7499938,2015.0452,7.704993,24.834852,8.181239
6073.25,719.1671,11.050426,9.725388,71.66312,19.000605,1.8834238,-0.00469402,0.08637365,1.8106487,2015.0646,8.353723,19.445372,8.054326
10161.091,1344.2458,3.7625425,1.1354318,66.24013,9.648631,-0.15785924,0.0030126616,0.11515508,2.9236398,2016.0166,2.15159,28.95354,16.678892
1086.1681,663.0408,5.3246355,3.0933032,80.06333,11.483553,2.2161565,-0.0036573422,0.022699274,2.5536144,2015.0117,2.0317204,18.032494,6.474217
8937.21,441.86734,10.846858,9.445114,81.654594,16.514997,3.6923237,-0.0038554773,0.50884897,2.621927,2015.3381,9.066278,9.980105,9.067638
8467.442,378.283,9.96458,8.660517,79.2155,17.187353,3.081603,-0.0049853115,0.43635255,2.3913522,2015.1014,10.937971,23.213537,6.8454223
12922.297,1126.4988,18.684717,18.434902,61.512012,13.120005,1.4954492,-0.0076017505,0.22620192,0.8031074,2015.9849,6.449404,16.135553,9.0153475
12120.946,1050.6107,12.524349,11.214522,71.291245,31.002083,3.9230466,-0.0034790237,0.021704994,2.7821217,2015.9891,5.4157743,10.284678,13.314633
15876.088,253.80862,7.1074877,5.3546367,87.09387,11.383885,3.0873687,0.0005464877,0.77123356,2.4165397,2016.0007,10.731881,14.429826,6.902848
10074.698,311.52097,6.7147717,4.1334305,79.68415,13.678726,3.1063154,-0.0009441034,0.91998357,0.15387432,2015.9341,3.1353242,13.91121,8.409554
12254.958,419.79758,13.530237,13.111216,80.04564,12.519478,2.7113755,-0.004316512,0.08490913,1.1775649,2015.8605,7.546192,9.2973175,5.395483
3187.0933,58.965607,8.621896,7.3205733,82.26502,10.536808,2.2633686,-0.0036875543,0.19525103,0.32209066,2015.0413,4.5635996,13.844407,0.77670026
9780.062,825.5033,13.572481,13.054978,75.13851,15.172124,2.8550339,-0.0033192032,0.15673845,0.9020507,2015.6677,6.5093646,9.014394,11.2790985
4356.661,2899.9294,18.452234,18.33855,48.265697,22.515942,1.4245638,-0.008968093,0.049283423,0.62464905,2015.0635,6.0625043,8.506094,15.027689
14203.872,1967.2898,20.69421,20.865816,60.35216,17.085327,1.9449575,-0.0071719713,0.14263633,1.292492,2016.0295,7.939159,17.032084,14.487762
8228.276,1254.2146,4.7294974,1.9109168,68.09239,14.29925,1.0375305,0.011621149,0.09155915,2.833665,2015.8447,1.6409231,20.129114,11.995359
9585.326,349.0684,10.271494,8.996914,76.66512,11.939849,2.5666902,-0.0026146092,0.86510086,0.060856387,2015.8218,3.965745,14.868638,4.307046
14940.554,396.48843,8.31891,6.7061872,82.70829,13.046222,2.695828,0.0025219962,0.10302322,2.3611426,2016.0103,9.455823,10.378247,6.929276
11430.615,588.51086,10.994754,9.423019,78.5166,29.476816,5.199775,-0.00062284555,0.4241119,2.837465,2015.9697,4.604318,15.229705,12.074172
13581.024,1094.584,11.937258,11.345237,82.48404,12.181022,3.5418491,-0.0013570369,0.021664344,1.6479092,2015.9209,8.529839,11.170755,10.783034
15151.78,499.10483,10.652439,9.484861,81.718925,11.5878935,2.2942734,-0.009258748,1.0432048,1.918738,2015.9884,9.567561,18.281889,9.799696
16376.572,298.34048,5.39316,3.4092708,87.62289,9.769189,2.7814982,0.0019534684,0.732714,2.5022097,2015.9865,11.250508,22.264914,9.381681
13730.087,1609.2864,19.93699,19.991615,61.467205,15.483609,1.9647224,-0.006006302,0.024785034,1.0880615,2016.0116,7.4267683,12.636899,12.974016
5693.3525,4195.0156,19.226393,18.868425,64.528725,15.401813,1.9549024,-0.0048280316,0.06271728,1.2666464,2015.0874,7.4466066,15.691196,12.186579
10474.027,732.0737,9.883273,7.6414595,72.88106,23.823698,3.251571,-0.0023996562,0.5657477,2.6510656,2016.0745,1.9056336,18.412327,13.382
6847.257,717.62317,14.350701,14.1937275,79.81363,15.712809,3.6701207,-0.005947135,0.5681864,2.010261,2015.0237,9.815851,17.546402,11.835206
11175.929,731.8213,10.883271,10.077673,77.584595,11.939071,2.4919724,-0.000660823,0.007633469,0.27477613,2015.9453,4.730126,13.898965,5.811902
7726.215,657.9475,13.15444,12.389584,79.49266,16.16262,3.9853003,-0.004872046,0.48982936,1.0813003,2015.402,6.659689,9.41198,12.951269
8908.8125,2006.4993,17.862041,17.717205,52.898464,19.24535,1.779413,-0.00799494,0.8456839,0.5434524,2015.5995,5.8471384,9.320426,14.44076
7943.0605,898.4505,17.70111,17.689709,67.25188,12.960994,2.108302,-0.0057519856,0.12659372,0.95994806,2015.3838,6.9752574,15.123283,9.059246
9695.474,417.83908,2.9808767,0.8751864,85.0495,8.324383,2.015292,0.0035316988,-0.0010023499,2.8387532,2016.0221,1.4933549,16.036507,2.2345345
5872.824,1823.6315,17.64686,17.693783,63.010532,14.233478,1.5911006,-0.0071252524,0.016842477,1.4517676,2015.0189,8.380634,13.780894,12.138796
6484.3022,912.1894,13.419482,12.940702,78.466606,13.900578,3.2154913,-0.0045637893,0.03323423,1.049341,2015.2361,6.9262547,11.923658,10.9944105
14130.8125,720.3557,17.391384,17.505407,76.30712,13.392639,2.824411,-0.007286375,0.38451105,1.2882773,2016.0,8.019073,16.853333,8.967455
13948.687,1435.9521,16.333666,16.344324,72.45322,14.301285,2.873887,-0.006171053,0.01751744,1.1684813,2016.0215,7.552362,17.358534,14.857322
14226.717,993.7118,11.844113,10.984061,73.881615,14.471566,2.7450905,-0.006584521,0.20607607,1.3905746,2016.0052,8.128049,19.359228,16.944118
14115.474,3226.011,24.18997,24.180952,43.090736,19.047174,1.2547604,-0.009978187,0.7949467,1.139649,2016.0391,7.524099,16.789595,15.623364
2102.2651,606.19336,8.102318,5.856572,75.2776,14.424912,2.6617188,-0.0029434015,0.073713295,0.062849805,2014.999,3.4620564,18.382399,9.521004
6932.3765,2134.144,13.984607,13.581757,71.10911,16.910366,2.3415031,-0.005154842,0.022607394,1.0322807,2015.3132,6.7619705,9.891079,12.973435
5007.9673,735.95056,10.818953,9.380282,81.029854,15.098804,4.2237873,-0.0025600374,0.03923873,1.0108224,2015.236,4.740494,13.476231,12.973382
9680.808,1868.3376,12.029465,10.840063,61.956577,27.201546,2.7201958,-0.0045098974,0.0006519771,0.33308724,2015.8068,4.4407597,8.551655,14.353915
11174.134,716.8329,11.408097,10.128121,81.75229,15.117975,4.317698,-0.0012758703,0.046948098,0.99186045,2015.8834,5.4974804,11.742581,12.803734
14917.512,36.880646,11.371285,10.82434,86.752014,9.793088,2.387474,-0.0043729316,0.7322773,1.7702576,2016.0001,9.182889,14.73666,-0.568486
3489.4092,444.92392,10.759834,9.61626,76.05773,14.554382,2.432062,-0.0010039799,0.053723373,0.5048489,2015.0465,4.9443665,15.86398,6.46711
13265.096,474.60367,7.229247,5.1128793,83.95279,13.84188,4.0038624,0.0010167218,0.6843527,2.9274,2016.1301,4.9717345,20.947147,14.415039
10479.826,1046.8081,8.033666,5.9792223,67.32475,16.512323,2.5017757,-0.0052678003,0.2575556,-0.011313157,2015.9906,3.1553707,17.027925,15.518779
5310.312,2010.0165,12.517625,12.224077,61.090343,15.10483,2.4990819,0.4366525,0.04177914,-0.18365164,2015.3472,3.824751,13.769405,16.792124
12517.491,1395.5132,15.950531,15.81885,73.157455,14.897849,2.3582551,-0.0053065377,0.03076651,1.8600878,2015.7043,9.388561,16.662148,11.5362625
15810.105,1084.212,7.5239925,6.297036,85.50492,9.943414,2.340967,0.001855877,-0.010375776,2.3943443,2015.9896,10.65657,13.8389015,8.309187
14100.574,1655.2192,15.892066,15.802176,75.11929,13.539133,2.4739594,-0.003141695,0.03328628,1.6498201,2015.9545,8.710861,15.564179,11.15139
15430.868,360.9639,10.769903,9.838229,83.20487,10.79273,2.3918035,-0.0036106568,0.17911415,1.9556398,2015.9768,9.876551,21.844692,7.5271525
13382.922,903.75543,10.966494,10.370401,82.09811,11.160635,2.7791831,-0.0017491553,0.01827433,1.1542962,2015.9954,7.1892486,14.18327,7.6566625
11120.825,1253.0983,13.945188,13.484646,70.083466,17.648226,2.928141,-0.006552845,0.026848175,0.7510629,2015.8418,6.072574,10.163809,14.910662
4074.6313,363.20285,14.369598,14.212465,74.19823,9.077719,1.2505178,-0.011556522,1.0158619,0.89901835,2014.9663,6.8150396,10.798927,2.4820197
5890.8555,158.68008,14.865781,14.807251,80.83901,10.152397,2.5050137,-0.0065590027,0.07161651,1.1539497,2015.1062,7.6503406,14.218743,1.8413546
7699.302,87.7814,9.796013,8.988136,89.46902,9.730719,3.10353,-0.004200786,-0.005579808,2.0856023,2015.1754,9.129933,12.601392,0.17395997
12897.677,1526.7528,18.021622,18.110554,66.2346,19.133085,2.9141705,-0.0077913455,0.36330596,1.1846284,2015.8983,7.7186904,10.827872,15.29036
10916.73,291.06656,10.455758,9.35735,76.58481,12.090887,2.2622492,-0.0012582031,0.046776257,0.19908933,2015.9404,4.4121947,13.249316,3.2472203
4696.0566,1861.6595,18.615433,18.787485,58.317352,18.40772,2.0649426,-0.006183026,0.057099603,0.9048617,2015.0371,6.7222724,13.852163,15.051368
13120.908,341.6248,14.432906,14.268465,77.96039,11.232007,2.0321302,-0.007410822,0.8413308,0.7664318,2016.0103,6.4602,16.073372,3.4350655
16466.748,676.51355,7.365699,5.491296,84.688,12.758551,3.5266464,1.6712293e-05,0.47686127,2.6206698,2015.9856,11.538792,17.802689,14.871433
9644.736,650.3849,10.419327,8.702842,77.36104,25.542505,4.665543,-0.008011685,0.7108264,2.4454043,2016.0305,1.4879371,14.164216,14.316355
11624.912,1494.7054,15.711543,15.513943,64.32025,17.28805,2.8166156,-0.0073155067,0.61296976,0.51814175,2015.8981,5.748174,14.778562,15.831764
9103.395,1014.0528,13.681088,13.028424,79.55165,17.401155,3.6664033,-0.0063169724,0.06569449,2.5287352,2015.1935,10.931428,13.121701,13.6970415
5384.901,1017.64044,17.195751,17.265553,71.630325,13.976919,2.7272878,-0.009416481,0.8543772,1.3576046,2015.0258,7.9536924,16.251213,12.671714
6673.227,636.9699,3.2809598,1.067966,84.70457,7.2876306,2.7574382,0.03386809,0.051038034,2.87505,2015.6534,1.663241,18.250074,6.028922
15703.361,924.58496,10.94185,9.866894,76.30083,13.781646,2.4965842,-0.0069670654,0.5499545,2.2085083,2015.9689,10.3622265,22.125982,18.07477
7238.3804,241.92215,16.227163,16.305323,77.65615,10.264626,1.9118309,-0.0083182985,0.12071026,1.4698092,2015.1948,8.55071,13.633535,1.3513768
12629.003,459.81296,5.367225,2.9238029,82.880516,11.037722,3.1429565,0.0010855894,0.5852451,2.7895763,2016.1466,3.7832825,24.790062,12.506893
4948.622,639.8369,11.887131,10.7489605,76.37365,19.708948,3.3519182,-0.0037285846,0.095842935,1.5062171,2015.0393,7.014791,15.639738,11.022312
12244.006,1446.0306,14.154323,13.735934,65.32129,14.873072,2.2869956,-0.0052024457,0.027134128,0.41461113,2016.0084,5.357416,18.072779,15.007409
6542.521,1533.4564,13.453101,12.637484,57.872967,22.812752,2.0948532,-0.0025008575,0.21116875,0.12951986,2015.4604,4.295552,9.919426,14.202168
13045.16,272.34482,6.770007,4.753442,85.47252,13.246953,3.600896,0.0026823513,0.47821614,2.723148,2016.0631,5.828572,15.220222,6.8793426
13099.45,2403.8445,22.163212,22.137913,53.18956,16.85946,1.7205093,-0.006873039,0.08727885,1.1279364,2015.9379,7.4508305,16.053265,14.533701
7131.538,1840.607,14.2943,14.261063,76.98646,14.713421,2.684855,-0.007571367,0.032362916,2.0350363,2015.0302,10.080068,15.287324,13.320926
9020.62,996.4001,11.775354,10.767948,69.18919,16.7253,3.1386924,-0.004224406,0.10717627,0.10026209,2015.7236,4.2082634,15.208232,14.3172655
3589.3638,3041.946,18.905508,18.802904,46.436684,20.225704,1.4565381,-0.0077516525,0.046537556,0.45326248,2014.9933,5.6050677,17.91857,14.406313
4816.253,408.78928,14.674319,14.363957,71.16231,15.089116,2.7098114,-0.0036242784,0.16452241,0.6240935,2015.0747,5.898098,27.674353,5.0079207
9118.288,991.5826,13.92526,13.415914,81.122536,14.482586,4.1419287,-0.0058699376,0.039643966,1.3960334,2015.4739,7.7397847,11.562236,13.43261
7692.183,49.344513,8.53735,7.5310206,84.88375,11.195055,2.4598165,-0.009029464,0.49803418,2.1661015,2015.0574,10.471181,21.129152,-0.8995607
9548.295,848.1605,18.27613,18.263332,69.26287,11.926683,2.0859015,-0.005566021,0.009053937,1.0316122,2015.5449,7.197926,15.93564,7.429635
6880.7896,342.2722,13.741863,13.530498,79.144936,10.034851,2.2362797,-0.005560856,0.0053045666,0.9391051,2015.2837,6.8994403,11.672283,2.5328228
8321.421,999.65985,15.149327,14.97301,71.6893,15.399826,2.5931349,-0.007271712,0.86600125,1.0200286,2015.4647,6.9056377,8.189065,12.34122
7159.007,1450.1693,19.765018,19.782553,57.99545,13.197001,1.6584579,-0.0064081713,0.52945876,0.9752488,2015.2788,6.8800473,17.76411,11.459892
2285.189,718.18646,7.7939367,5.055848,74.28742,19.649368,3.256217,-0.0069368235,0.9765812,0.717119,2015.0035,3.666285,18.05891,14.086475
5178.6377,991.6419,16.82561,16.993093,65.655754,18.614113,2.6032295,-0.0074578947,0.62483704,1.21903,2014.9966,7.5093474,22.495068,13.912799
3311.4307,1237.1943,15.170619,15.123082,57.54297,21.482346,2.2166567,-0.006945425,0.70501447,0.2685856,2014.9984,4.7961183,23.99776,14.772778
7590.1685,247.4628,12.902473,12.259546,82.476875,11.468733,3.2498271,-0.002710515,0.59992456,0.78696334,2015.4137,6.115556,13.607486,4.541922
7797.573,903.9155,13.899389,13.308207,75.51994,18.603487,3.0816581,-0.008641311,0.8662248,2.3588965,2015.0598,10.551125,19.596563,14.147864
16027.928,1735.9596,7.9146333,6.5463934,82.461784,11.915636,2.2653732,-0.0024884765,0.014805517,2.5163004,2015.981,11.203876,13.75428,13.803104
4182.329,2677.5825,21.375713,21.34805,42.388035,19.238504,1.3821136,-0.009049279,0.5271547,0.76732475,2014.9943,6.352191,13.172487,15.338748
4556.907,3432.7805,23.21614,23.067457,41.838154,18.04335,1.2341186,-0.009198652,0.053344123,0.9625527,2014.995,6.830171,15.989872,14.810525
13594.26,674.7081,13.147301,12.689142,77.511856,11.784564,2.3551586,-0.004011029,0.044869475,0.9870387,2016.0125,6.9982424,20.740505,9.14599
3573.9736,690.64795,10.222676,8.39058,74.33183,22.909838,3.2530706,-0.005349155,0.14686471,2.1980333,2015.0981,4.550897,11.990295,11.975593
14795.85,750.75555,15.323033,15.032801,77.303024,14.481658,2.5877368,-0.0038920355,0.48202312,1.8420076,2016.0104,8.822719,20.710112,8.80253
1185.7057,902.11835,6.7681704,3.8704872,71.06005,18.149565,2.3738222,-0.004288725,0.06381082,2.4937427,2015.0415,1.7431113,15.417207,14.222627
9394.384,1531.0262,17.25841,17.178297,62.621635,14.686239,2.0840273,-0.0043299585,-0.0026678825,0.7335634,2015.6123,6.273575,14.708248,13.401574
3049.2349,412.90628,10.850021,9.864915,71.76585,12.626274,1.7414154,-0.0039327606,0.26923478,0.22203808,2015.0294,4.435073,16.867859,4.180588
1619.4,724.0867,7.0557437,4.5474086,78.46688,17.262646,3.913377,-0.0030598466,0.12985988,2.8682783,2015.0887,1.752194,18.319355,13.084145
13698.939,1919.3855,20.487469,20.665771,58.33554,16.80935,2.0024471,-0.006657067,0.3125519,0.98865217,2016.019,7.312039,15.490614,14.43529
5266.2925,1200.002,16.636692,16.8202,65.31649,19.679306,2.877835,-0.009196595,0.01388701,0.9977107,2015.0481,7.097979,22.452967,16.347656
12917.16,378.52023,8.200291,6.057613,81.519135,14.802165,2.9684803,-0.0011086531,0.7789896,2.5371678,2016.0499,5.8731704,13.765984,8.901512
12281.781,379.6392,5.2330313,2.9466128,79.500275,10.702136,1.1857822,-0.0023936213,0.57804763,2.0475876,2016.0022,5.53498,22.979101,7.668239
12725.524,283.67526,9.010318,7.5345097,82.9752,11.822696,2.61666,-0.0011447773,0.6469959,1.1682328,2015.9637,6.691496,16.426805,6.4675856
8058.2812,1068.4755,12.18331,11.42212,76.055,18.553463,2.474389,-0.0058203186,0.045518346,2.592542,2015.0385,11.428915,12.611056,12.03687
10137.913,2032.297,8.251368,6.333178,74.9892,17.143831,2.9449375,-0.0024847977,0.010198376,0.857138,2015.9543,3.3371172,10.794258,13.461168
16987.562,640.79913,7.245333,5.182621,84.90798,11.500849,3.2469347,-0.0070528514,1.0994916,2.7412298,2015.9785,12.023013,22.58856,16.86389
13861.373,1472.8619,18.383402,18.327026,66.811615,16.151163,2.0866547,-0.0058526653,0.7663165,1.5432017,2015.9496,8.378022,20.468216,13.248048
1236.1783,1012.03436,6.7198987,3.6992583,69.438416,17.64329,2.020748,-0.004977479,0.065866835,2.39888,2015.0249,1.9642011,16.915674,15.675815
3166.5234,2046.4808,11.344289,10.643682,69.73109,13.390061,1.7445809,-0.0045525017,0.01696717,0.12583451,2015.0259,4.4066505,19.482227,10.628074
5258.8794,1424.5333,17.407444,17.465157,63.416973,16.562847,1.8852973,-0.011539404,1.0361803,1.3179945,2015.0087,7.884211,15.014644,14.065897
3737.791,2567.6687,19.38011,19.318281,45.514393,20.09732,1.6008071,-0.007511416,0.09053018,0.51917976,2014.9912,5.7671266,16.697948,15.2240925
17002.352,590.56824,8.311086,6.849385,81.48095,10.37465,1.0976038,-0.004743885,0.017218612,2.5900986,2016.0508,11.469949,17.65355,3.5233586
1846.3448,561.1221,8.908369,6.365765,72.152885,23.450989,3.0659742,-0.0043572444,0.7709622,1.698965,2015.0173,2.7932107,23.77192,10.3534975
13614.877,396.15164,11.942834,11.336123,82.03447,11.3571205,2.0043154,-0.0066656093,0.026731752,1.9535408,2015.8124,9.733516,11.491098,2.510136
12401.826,1106.6176,12.922391,12.3636265,70.034546,17.689346,3.1995244,-0.008323991,0.1606323,0.5852387,2016.0161,5.7469196,13.606513,16.27119
16738.998,859.8165,8.720334,6.8261333,77.32646,20.950045,2.855225,-0.004617091,0.42253458,2.64084,2016.0012,11.847692,13.798716,15.09115
3506.8433,553.2727,12.249094,11.494094,74.00673,16.372023,2.8640268,-0.002611493,0.53950596,0.45030847,2015.0316,5.049378,14.9739895,9.827423
7540.51,2312.2744,21.091312,21.051817,54.06035,16.737972,1.6029269,-0.0076712533,0.07029908,1.1931099,2015.3036,7.423556,14.384448,14.526671
3406.9507,949.3723,13.6845665,13.206644,69.91692,19.263557,3.5496707,-0.010132232,1.0242032,0.316767,2015.0153,4.8967767,21.344507,14.180145
4608.064,1328.8258,16.948175,17.092047,62.01865,16.56393,1.9801822,-0.006750954,0.22049111,0.8609982,2015.0338,6.6659,11.281049,13.816233
8335.952,957.9361,13.866879,13.709032,80.62634,13.355784,3.0358655,-0.0057651955,0.031875588,1.9807887,2015.195,9.872666,14.333359,9.645825
4998.9575,1704.6461,19.494864,19.380947,54.9598,15.4365635,1.6040311,-0.0045830025,0.4485681,1.0156265,2015.0565,6.698295,19.145037,13.907838
3757.686,1288.8578,15.483397,15.386743,59.50929,17.486609,1.8697613,-0.006594162,0.7124831,0.4883826,2015.0172,5.5482435,14.893337,13.785227
1325.5026,2026.7891,8.783448,6.3685737,61.222584,26.964582,2.0178556,-0.0072910166,0.0068036234,0.30785647,2014.9653,2.9535599,21.12852,12.643381
6164.7227,2250.6843,20.909552,20.813017,56.397068,13.33312,1.6047122,-0.005754368,0.024723403,1.158807,2015.1451,7.325198,17.091534,13.416867
12588.232,1789.2471,18.642017,18.776678,62.74814,17.468956,2.2231069,-0.0054213325,0.13645144,0.94854707,2015.9249,7.061706,10.689979,14.032785
10958.125,2136.4897,15.995449,15.390471,49.318924,17.979069,1.4212143,-0.005881754,0.41057462,0.15598588,2015.933,4.703893,13.051727,13.921432
12912.171,602.8555,16.26572,15.9694195,70.72012,12.429024,1.9230565,-0.005631182,0.19502771,0.7631106,2016.0005,6.321566,16.99826,6.382563
5467.013,682.8019,14.6911955,14.51568,75.86521,15.27151,3.0736356,-0.005854569,0.047596373,1.291745,2015.0295,7.881269,18.083559,10.187881
3286.2036,585.2271,11.726949,10.870644,72.11208,14.94904,2.4152048,-0.0037660555,0.7478663,0.24506883,2015.041,4.6592627,16.537136,8.2449665
6778.035,2502.3303,13.51785,12.640888,68.64814,24.01011,2.8860521,-0.005185775,0.016943865,1.0648313,2015.337,6.355919,8.305698,13.122842
13635.64,2840.9731,17.55562,17.429829,73.482635,12.493177,1.9827828,-0.0024948504,0.031985216,1.4472858,2015.9305,8.217114,15.258936,9.456418
2026.1261,674.9031,8.517207,6.1913786,70.53538,19.554543,2.4239347,-0.00046878617,0.17440706,0.55444,2015.0242,3.380815,13.559636,10.79636
9988.455,1777.2334,12.0075035,11.196528,78.16268,13.259476,3.2060516,-0.0049978807,0.01602491,0.80552655,2015.7274,6.0050025,12.7211275,12.672174
10391.34,2650.0989,9.24492,7.8404946,62.411236,19.417742,1.7674117,-0.005266109,0.0095933,-0.2201161,2015.9917,3.1424663,12.299339,13.767955
1247.0299,343.6467,5.389838,3.0001836,84.07016,11.221898,3.5294056,-0.0035028525,0.6515203,2.8525732,2015.0673,1.6750685,17.589096,6.062769
7347.806,1047.9559,15.0070305,14.929935,71.95723,18.229052,2.6653008,-0.008112085,0.31156647,2.154226,2015.0266,10.259667,16.759686,14.540149
1465.7545,322.0543,6.631202,4.3115478,87.288086,21.196115,11.7812195,0.012685152,1.192602,3.0787168,2015.0186,2.2608845,20.712315,7.766658
14638.911,2009.2573,19.734482,19.821087,63.628143,15.44222,1.9330013,-0.005548855,0.045537047,1.4415804,2016.0454,8.171251,21.17258,14.362722
1503.3844,186.97171,6.801612,4.189905,80.55033,14.147263,2.6937244,-0.005991123,0.8851069,1.5347558,2014.9763,3.0307903,19.479889,4.1771836
1258.3527,712.0656,6.42243,3.402619,73.8329,17.52285,2.7594795,-0.0034464088,0.84586596,2.8885076,2015.0283,1.9273878,18.156544,14.15839
11669.549,1405.7948,14.764738,14.510666,73.88224,14.945256,2.9406998,-0.005515534,0.012204698,1.0013449,2015.84,6.8027,11.243367,14.021914
13469.241,926.3917,14.528016,14.333926,75.82528,16.621115,3.47176,-0.0070144846,0.31070527,1.1895494,2015.9891,7.42763,11.445365,14.501058
12883.687,1300.5724,18.64655,18.758589,69.511604,15.539502,2.9352539,-0.007462503,0.5252644,1.1740575,2015.9045,7.5833917,16.770782,14.656036
10431.052,2507.3806,7.6224923,6.0590982,82.95875,11.602643,2.8678563,0.00016116601,-0.012701132,0.542609,2015.8821,4.2250714,15.023017,9.494486
13989.453,320.57364,11.076405,10.304601,83.48688,10.599207,2.774943,-0.0037757338,0.24789283,1.2735394,2015.9878,7.8931074,20.5355,6.617352
11259.167,876.98804,11.759709,10.947543,69.34575,14.529937,2.9437244,0.0033788409,0.4314686,0.061958954,2015.9805,4.0672975,20.970179,12.38647
3491.6743,790.93365,9.992176,8.455879,81.63524,15.712734,4.1870303,-0.0045579947,0.023027398,2.277149,2015.0275,4.988833,18.382942,12.479087
13341.476,2106.881,14.003151,13.737188,71.26171,15.344352,2.554178,-0.0062856036,0.0042458093,0.9133059,2016.0305,6.747694,13.94852,14.407662
13293.503,1792.5939,18.267212,18.349962,63.52602,15.69486,2.522161,-0.010561862,0.9820326,0.7661381,2016.0111,6.679656,16.817245,15.700563
14059.578,561.53424,7.7815976,5.9050274,80.22246,13.944986,2.3413472,0.0025241475,-0.00017697453,2.3631217,2016.0364,7.7728553,8.852801,7.8239074
4847.011,2027.4056,19.43589,19.518368,57.176876,20.644169,2.0628054,-0.00891059,0.8382407,1.1173431,2015.0234,7.3139825,9.879139,15.728716
10879.622,1767.1353,18.82309,18.688305,62.857086,21.031157,2.8906035,-0.0074418276,0.53297746,1.2506282,2015.6692,7.7078314,10.266183,15.802052
526.9703,1111.5911,7.2174935,4.1348605,58.00234,32.787865,1.7796826,-0.008119394,0.29605576,2.2877839,2014.9812,1.8596731,20.519882,15.324515
2749.8213,74.819855,6.757928,4.795906,89.131165,9.82809,4.115024,0.0069150985,0.92384416,2.3526292,2015.0164,4.1887717,17.83714,0.9757178
4430.543,722.7673,15.584431,15.440522,64.20747,19.416046,2.5070014,-0.0037505378,0.63417476,0.62901914,2015.0369,5.6687675,29.349855,9.108003
3651.9028,-192.92429,8.69807,7.505575,86.731346,9.285414,2.2937057,-0.0024407126,0.09236737,0.6773619,2015.0345,5.1653013,11.893688,-1.547199
13781.359,697.4117,12.594418,11.920414,79.779526,13.514181,3.7275147,-0.0071840263,0.7143322,1.2282721,2016.0004,7.6429944,18.307829,15.069036
3025.9502,2231.3372,9.226813,7.7154827,73.07076,15.957719,2.0244846,-0.0017480359,0.013055882,0.4040735,2015.0588,4.2676516,14.689042,11.268734
2966.5825,2112.788,8.211343,6.4021482,68.19904,16.47051,1.8114895,-0.005558658,0.03910067,-0.04007359,2015.1151,3.408051,14.696603,13.375684
11081.607,1247.1449,17.333454,17.32284,69.70833,13.893884,2.3842406,-0.0052313427,0.0006432748,1.0868672,2015.7233,7.237693,12.885543,12.043085
3473.3018,1767.539,13.727901,12.937001,52.801533,23.71763,1.9757603,-0.006416287,0.6078651,0.10266177,2015.0974,4.2933764,13.182153,15.7076235
3316.121,299.01822,10.811253,9.845389,75.62494,12.461119,2.0096326,-0.0029338554,0.06752724,0.38008407,2015.0286,4.8007913,19.530912,2.3377888
5280.8286,1094.8279,8.778542,6.9698696,73.71055,16.251497,2.4809022,-0.00052970584,0.028563954,0.8327904,2015.365,3.875886,6.6488,11.58043
3318.3276,918.55817,13.2737,12.685688,63.608036,17.361475,2.06779,-0.0043245624,0.6148953,0.268896,2015.0205,4.687156,20.015171,11.313475
5989.8086,959.57886,14.948414,14.681432,73.91932,19.613018,3.6290436,-0.009648894,0.07640771,1.5308311,2015.0311,8.578934,13.246208,14.933844
5454.288,814.94196,17.525833,17.77809,70.13861,13.021742,2.3728473,-0.0058369837,0.53288716,1.1348906,2015.0446,7.386067,20.292454,8.917711
9707.59,170.66452,6.4909797,4.602807,83.0238,11.278142,2.7546532,0.42889848,0.1707613,0.22228985,2015.8577,3.7406878,11.256854,7.355695
14535.143,1265.085,14.465156,13.681117,65.408325,21.082352,2.128485,-0.009175469,0.98459786,1.4064244,2016.0276,8.140708,11.386179,14.789777
10491.274,498.46713,14.88141,14.671645,79.05083,11.632605,2.8873699,-0.0057653706,0.81187105,0.9059881,2015.6931,6.764938,13.483342,6.608276
12066.807,2252.24,21.68463,21.855331,57.103348,18.098866,1.9098169,-0.0064003705,0.61720324,1.2289066,2015.8168,7.6304064,19.231169,16.227043
12598.118,505.80905,9.657329,8.11423,84.85059,15.213269,4.6376762,0.0021109178,0.09459881,2.6293592,2015.8737,7.598876,12.285785,10.483118
1068.9664,312.6752,4.830954,2.4200616,81.72364,10.81435,2.2892382,-0.0055026985,0.38192862,2.7007587,2015.0267,1.7982818,18.136986,4.873719
7625.966,1162.0646,17.202217,17.373426,72.13379,14.36521,2.883604,-0.0057002543,0.09920091,1.4266378,2015.2283,8.203153,17.972887,12.622268
14592.743,2155.3816,20.174936,20.34913,61.86062,15.576317,1.8119144,-0.006769353,0.05795271,1.3976245,2016.0452,8.169995,20.446648,14.337142
5312.1855,1167.274,15.127295,14.926409,66.886116,20.313604,2.5154145,-0.008713656,0.02712699,1.1706153,2015.0344,7.491097,18.223022,14.350354
14513.826,487.60678,8.275645,7.053318,83.64882,9.52524,2.0342765,0.0003784324,0.01831945,1.7410405,2015.96,8.966524,18.653515,6.4075255
15193.158,1032.2073,12.04709,11.204101,80.97285,16.39958,3.5564663,-0.0043891105,0.047833525,2.464256,2015.8905,10.984801,13.354221,14.134626
10595.265,781.99695,11.466098,10.158815,71.641014,27.470325,4.1132746,-0.005967112,0.4858155,1.190217,2015.9651,3.5165796,12.1853,14.73298
12448.118,1699.6917,15.80993,15.740148,64.464645,15.972593,2.1537912,-0.004364326,0.003321073,0.45542923,2016.0099,5.759766,12.978282,13.882746
12462.523,192.19174,12.501478,12.011389,84.76235,10.596378,3.0749476,-0.0048682704,0.7983408,0.9390239,2015.9292,6.72634,15.085853,2.1828578
11131.909,1502.7003,14.882957,14.614689,63.72643,18.07762,2.3774247,-0.0053527164,0.036085524,0.4623765,2015.8824,5.5743985,11.684881,14.52753
6983.009,350.20328,13.699132,13.412555,82.79573,10.578711,2.7611728,-0.006965091,0.7529871,1.3094782,2015.2266,7.7158732,11.744379,4.5273757
4849.84,177.69754,5.6250706,3.8835764,88.43268,9.589388,3.237977,-0.0060556713,0.035921328,2.827195,2015.1973,5.051896,11.688505,0.9174025
6703.1743,1537.6119,14.894628,14.8090515,70.24879,16.163143,2.1903148,-0.006765721,0.029338934,1.7823395,2015.0319,9.225372,20.752476,12.066872
12190.457,1036.78,14.008457,13.5739,73.8649,24.790466,3.6160133,-0.008510203,0.20186312,2.5292153,2015.5312,11.124952,12.866783,15.254432
15092.6045,1190.9933,10.00984,9.120446,83.480774,12.043916,2.8908544,-0.00060314994,0.012261621,2.450932,2015.8939,10.888458,11.434565,10.424939
8350.857,462.869,14.085568,13.7209215,76.68406,11.780312,2.7168093,-0.0031649463,0.38998464,0.70630366,2015.5062,6.191591,14.756188,5.4059153
13672.188,522.0988,15.472546,15.31748,74.50706,11.340814,1.8199456,-0.006115544,0.28667226,1.1247647,2015.9956,7.2691164,24.283413,6.668418
3944.4478,778.932,14.990998,14.777662,63.90807,13.153777,1.4639372,-0.006072286,-0.0084018195,0.53487587,2015.0242,5.7111673,15.187792,7.814289
8564.903,784.3244,13.806771,13.385589,76.73248,13.367327,2.6003997,-0.0040009986,0.0251657,1.0362332,2015.479,7.0208173,9.9437895,8.996786
12052.305,2772.0159,18.696419,18.556383,48.39881,19.377468,1.6184552,-0.005844313,0.2611715,0.35542265,2015.9825,5.502023,14.334043,15.113278
8553.016,2051.315,12.688475,11.921033,54.783123,14.411004,1.3459663,-0.0047200876,-0.0052858377,-0.08965774,2015.7122,3.8785105,19.917494,13.443003
13320.533,1515.0098,16.318945,16.000126,64.04853,15.0918255,1.8063,-0.0043215,0.025963433,0.89291334,2016.0342,6.607884,14.345376,13.019822
2221.9858,1022.83386,7.842874,5.08723,70.29578,21.26222,2.7765505,-0.0052529178,0.101645045,2.8011658,2015.1523,1.7960998,17.029593,16.305483
11307.677,40.704376,5.250953,2.6970515,85.56011,11.252338,2.8210835,-0.0059327534,0.990136,3.0571415,2016.145,2.5656307,11.588736,0.021986252
10196.841,1004.8177,10.578418,9.204611,74.26428,16.009018,3.582349,-0.004028318,0.019576542,0.17993812,2015.8802,4.0391088,14.014871,14.521219
3249.3613,1331.6597,14.160859,13.767835,56.736965,17.117819,1.931676,-0.0030143124,0.3607273,0.21486668,2015.0206,4.5529017,20.042244,14.391709
11593.786,572.92566,16.71996,16.699774,72.34874,11.854533,2.0812614,-0.0055517755,0.49994686,0.8829938,2015.818,6.790097,13.721632,5.7990394
3521.728,749.2146,7.0775247,4.6202097,77.87543,16.408651,3.4144716,-0.00089826557,0.06953456,2.847166,2015.2979,1.9354168,14.427046,11.428309
6509.5034,1439.7606,16.758606,16.756163,57.2055,40.21516,2.9056134,-0.012744379,0.99983627,1.7443393,2015.0117,9.381726,21.144955,13.667702
7747.3174,94.80496,11.202312,10.600715,87.863686,10.751604,3.4236658,-0.004524858,0.15595576,1.6964297,2015.2119,8.797749,15.290277,2.0853827
5525.6426,713.4562,17.669718,18.016851,69.338425,13.252178,2.4716403,-0.0015081365,0.25287706,1.0478036,2015.0527,7.240651,21.279305,8.328644
11914.655,2002.8297,17.503252,17.503572,56.450405,19.9246,2.0791063,-0.005324516,0.6375835,0.4821885,2015.9425,5.8317933,9.790725,14.424761
2316.537,1266.7906,11.017575,9.494778,59.325962,20.825266,2.3497574,-0.0070621497,0.7172377,0.03523867,2014.9999,3.5349534,20.087477,15.807581
9985.647,1478.6141,17.113672,16.601385,66.67919,19.53779,2.5528219,-0.013565985,1.137924,1.5786456,2015.5078,8.459112,9.059705,14.99506
10888.551,344.84543,12.545443,11.706615,85.94429,13.896429,5.057375,-0.0014268376,0.48025006,1.0059346,2015.7935,6.173809,13.660168,9.561333
6538.6846,854.8269,14.129602,14.086556,75.58648,19.844826,3.3141105,-0.008327545,0.56135803,1.8999242,2015.0093,9.615748,10.004423,13.709529
7484.524,598.13293,17.028748,17.06829,75.6744,11.412807,2.3729315,-0.0073784976,0.6539602,1.3646631,2015.2673,8.014557,12.897946,6.814473
6030.9497,436.42935,12.908396,12.432122,80.62862,17.433796,4.2862973,-0.005194807,0.40697438,1.439507,2015.0447,8.167989,23.102596,9.94001
16070.05,1597.513,9.18854,7.9150934,77.11408,14.239589,1.755329,0.00026116025,0.039820142,2.2423763,2016.0386,10.697354,8.649117,12.574841
4881.788,2645.4497,18.242693,18.316444,62.504955,17.085695,2.0874557,-0.005879912,0.024890073,1.0111873,2015.043,6.9785376,12.329119,14.075659
11777.066,3254.659,15.517919,15.380217,70.44467,16.957836,2.1834455,-0.0030324564,0.034956016,1.0568303,2015.8345,7.056674,7.8735256,11.772468
2328.2183,373.5057,7.7735195,5.5868864,77.53875,14.567313,2.640214,-0.0017611396,0.17531055,0.33642963,2015.0167,3.5568192,15.812062,7.2435174
12686.636,565.65967,12.759505,12.120476,79.071465,13.691036,3.3643966,-0.004115283,0.23247722,0.74048156,2016.0148,6.1796036,13.378937,10.045735
3264.3955,4368.341,10.575276,9.415812,71.52241,15.568439,1.6186724,-0.0018374056,0.02181279,0.34457663,2015.0529,4.679619,17.556362,9.412105
9344.729,323.25137,8.87455,7.5309715,81.34018,11.731882,2.6601624,0.00018033263,0.024068646,0.370145,2015.7499,4.4438243,12.103154,4.1966515
1313.8771,150.93576,5.2864213,2.8978362,84.98336,10.643816,3.0718124,-0.006939364,0.3700182,2.377104,2015.0181,2.3001769,19.426432,1.2389834
1605.8624,563.8605,9.34804,7.3022313,80.763245,20.56162,4.8767357,-0.0053871996,0.69052225,2.3455138,2015.0331,2.4014308,20.362612,14.084987
13770.474,1218.614,14.296018,13.940645,70.44149,19.510881,3.1012242,-0.007873082,0.09028072,1.1452131,2016.039,7.304953,10.352784,15.489775
4639.0957,1830.441,17.690863,17.630873,56.923935,15.391317,1.6792778,-0.0068828515,0.026363306,0.72222817,2015.068,6.2339063,15.072004,14.097069
11192.301,143.54099,9.445781,8.141226,82.29375,12.142969,3.1848528,-0.0006601096,0.6834342,0.16466539,2015.9808,4.176003,16.42224,3.8756301
2598.8813,494.41104,6.7986116,4.3730464,75.96156,15.188921,2.4504077,-0.0011905164,0.3961532,0.99872583,2015.1317,2.8231494,10.047114,9.484467
16019.686,1087.9899,12.477352,11.85907,72.59562,21.859713,2.9460957,-0.0076448373,0.23841539,2.4605548,2015.9161,11.430299,22.12766,16.878073
5812.842,984.3184,16.082924,16.171814,67.358574,18.63019,2.85966,-0.007113011,0.048635416,1.2881244,2015.0391,7.859531,23.981684,13.786697
6417.1636,424.83023,6.191478,3.5912504,79.14769,14.397776,2.757311,-0.00028899062,0.6704129,2.8753266,2015.6542,1.6974808,14.007809,7.560063
940.05035,373.72867,4.685762,1.8698735,77.65802,13.243328,1.8190105,-0.0035751883,0.585375,2.884529,2015.0181,1.7393023,16.620108,7.327488
3707.8784,2439.1682,15.397201,15.245256,59.774124,13.508836,1.5014517,-0.006157934,0.02132874,0.29782978,2015.0277,5.2681856,18.772383,12.525169
6719.799,1377.3704,15.486437,15.296055,68.80464,18.029234,2.8992414,-0.0074454225,0.022195421,0.9576742,2015.2734,6.7607503,11.84151,15.486179
10343.151,284.69742,9.447114,8.046308,79.45772,12.882935,2.8705928,-0.00035342696,0.4132863,0.1011496,2015.9059,4.014841,13.359018,5.1321025
12863.018,266.86234,13.8288765,13.68449,81.22351,10.965964,2.8325002,-0.004321355,0.5139129,0.62295,2015.9999,6.071863,19.616657,3.5612419
3200.6797,1444.0195,9.585133,8.128928,67.31286,16.845705,2.0934029,-0.004894135,0.03516411,0.091021106,2015.1085,3.786379,13.536146,14.445927
1205.086,2048.8691,4.701229,2.039926,73.80435,12.486607,1.258763,-0.00037474866,0.049299024,2.8032966,2015.039,1.7048074,15.747336,12.3101015
7555.664,263.2183,10.785748,9.857168,85.27856,17.512207,4.85848,0.102018386,0.21414813,2.1995451,2014.9993,10.352966,24.861658,7.6853848
11254.383,98.214874,5.1607113,3.2925105,86.63517,9.206713,1.916924,-0.0011807282,0.07276983,1.5688691,2015.9846,4.1555295,14.767466,0.49799848
3911.893,1954.4203,7.846099,5.449727,74.7526,16.674196,2.7225912,-0.003971107,0.035175152,1.6625332,2015.2958,2.553733,12.685265,14.243787
7695.5884,1292.0391,12.608703,11.71188,77.70849,15.270748,3.404208,-0.0056338958,0.031158559,1.139283,2015.4008,6.7210016,10.0212,13.597267
4441.7764,1761.8062,18.431852,18.614227,56.692036,18.8913,2.0802915,-0.006120469,0.06957055,0.7922187,2015.0206,6.451548,15.340126,15.124207
2910.312,922.78577,11.236513,8.887971,66.52387,37.263233,3.9785357,-0.004983909,0.14501537,2.9873834,2015.255,1.587197,15.949681,14.607113
16232.091,729.8841,10.722301,9.607566,82.08712,11.340113,2.612219,0.012125525,0.10862704,2.4136155,2015.9803,10.676445,25.514688,10.912162
5188.653,697.4724,10.725308,9.529694,72.321365,16.686079,2.5958657,-0.0011174392,0.39918286,0.34157124,2015.2876,4.5803957,9.369275,11.109701
9875.864,544.7896,10.303904,8.43177,77.90826,26.188234,4.7242274,-0.0033976932,0.735852,2.8659983,2016.0491,1.5254608,17.522657,12.657108
13107.022,1140.3009,15.895976,15.699251,71.19144,19.468433,3.4039915,-0.009015226,0.4914754,1.3679053,2015.8965,7.965697,10.2778,15.742915
12654.855,1332.286,11.220069,9.998599,79.83432,17.189749,3.5288482,-0.003728933,0.036807038,2.5650873,2015.6329,10.748718,11.468937,14.211018
13089.445,1413.3434,14.29385,14.226785,77.222,14.651613,3.1708643,-0.005314048,0.026482396,1.4796357,2015.8723,8.42711,9.647309,13.442178
1647.0206,931.4783,8.029118,5.475232,75.07562,17.97427,3.3014216,-0.005751833,0.047549583,2.5538101,2015.0468,2.2079308,17.493086,14.869303
12680.248,911.7482,14.211213,13.860148,78.07866,13.397252,3.1099656,-0.003930922,0.02071204,0.93818134,2015.9585,6.765312,12.159898,10.386983
11149.499,208.04642,13.591469,13.435607,84.50757,10.415782,2.9596725,-0.004902869,0.28336477,1.3090736,2015.6816,7.970548,12.973518,2.115764
11034.158,1100.7457,13.414281,12.920452,65.22255,12.40123,1.8573165,-0.0049212794,0.015127859,0.19021587,2015.9127,4.74107,18.611015,9.394225
7524.2007,1097.3363,13.785129,13.2043705,74.15356,19.183716,3.223309,-0.00675944,0.0626119,1.4691576,2015.2598,7.9437127,8.809493,14.2528
3678.2432,610.2439,12.12382,10.6356125,72.03534,35.736378,4.095213,-0.011190158,0.8400481,2.2141917,2015.0945,4.4990325,15.120885,12.52787
12877.996,946.31964,13.745434,13.175815,78.72063,17.010542,3.9972608,-0.0048712357,0.0875626,1.7467767,2015.827,8.665051,9.964574,13.897711
2114.0117,791.30145,9.144846,6.91245,71.07214,18.89174,2.9803953,-0.0056411154,0.06039504,0.43644884,2015.0027,3.3902783,21.547049,12.884081
7331.7925,358.4874,7.888319,5.669276,87.60108,18.951052,16.474154,-0.004346117,0.58232516,2.514468,2015.5376,4.37602,14.763454,7.508155
5354.8086,958.7383,15.349566,15.493929,70.49733,19.093908,2.7516727,-0.009455041,0.68275416,1.39723,2014.9789,8.238176,12.861209,14.521149
13533.542,812.8267,13.324433,12.75334,78.812004,18.299282,3.482189,-0.0048066056,0.45016193,2.4186752,2015.7068,10.771059,13.799328,13.222499
1422.1393,510.23087,6.189455,3.8191686,78.68935,12.802159,2.524143,-0.0064945533,0.1008169,2.3710325,2015.033,2.0149949,21.888725,6.192489
4663.241,2026.031,19.486166,19.64163,55.593365,19.114006,2.0378914,-0.006771756,0.16626547,0.9562795,2015.0267,6.887492,12.098965,15.47438
8214.975,197.12668,14.399299,14.153409,81.216,9.981479,2.3753633,-0.006391782,0.034655176,1.2683575,2015.3723,7.765089,11.515991,1.4942915
4354.2866,971.1881,13.998501,13.586338,68.96224,19.140673,2.8877645,-0.005387997,0.17653674,0.7216006,2015.0586,5.9645104,12.161789,14.743173
6076.7603,1611.1428,17.029083,16.989698,56.899868,18.85386,1.4772061,-0.006173154,0.008785597,1.2831978,2015.0756,7.559749,27.918653,11.837039
4908.4683,1836.1995,14.766741,14.639568,70.55553,15.794236,2.3793437,-0.0057967096,0.02182015,0.9627304,2015.0565,6.8745794,15.7129,13.455252
1758.1398,2381.0518,6.7144833,4.2144527,75.688705,15.481342,2.311852,-0.005835797,0.019060306,2.4051027,2015.0933,1.9795481,13.973162,13.611349
4630.0625,757.7498,10.185028,8.560145,74.559906,20.60325,3.57863,-0.0064346544,0.77234346,0.39682713,2015.2366,4.352655,10.388915,13.793852
10090.868,372.06522,11.903596,11.210541,74.53904,10.889392,1.7156355,-0.004491843,0.0031275665,0.3734707,2015.7834,5.1670327,12.768756,2.52133
5492.3843,1649.5813,9.333298,8.180789,77.34064,12.102756,2.103672,-0.0031757664,0.01762285,0.23726992,2015.3192,4.408903,14.226838,8.744732
11637.893,487.68997,11.930226,11.128309,80.769394,14.826766,2.7912345,-0.0053627337,0.65887034,2.4676347,2015.4843,11.018032,11.362038,8.331792
11371.079,292.36795,4.8154583,2.7244458,84.76839,11.117242,2.658826,0.0008163794,0.064725526,2.8307643,2016.0712,3.317604,16.116041,4.241606
6810.3657,335.22134,13.416632,13.154263,76.77234,11.477631,2.8758366,-0.0010224686,0.5233418,0.30431655,2015.4061,5.0396657,18.155714,4.2910914
3479.15,1206.501,13.597844,13.243148,61.088413,17.967855,2.250794,-0.006431525,0.051966913,0.20751719,2015.0353,4.6802397,20.48676,14.561134
14976.316,1265.6299,16.821667,16.48271,74.68362,12.729528,1.963667,-0.0046818755,0.01071187,1.6961012,2016.0444,8.460958,21.981174,7.718369
13609.127,-25.416351,4.184756,1.857903,89.03824,8.124285,2.266562,-0.006680451,0.9543448,2.8487964,2016.1422,5.702308,16.902943,0.3388312
13884.913,745.71106,15.696873,15.667888,78.38879,12.857004,2.821051,-0.00487758,0.021364175,1.1004438,2016.0233,7.453929,14.592303,7.829267
11375.527,2469.0947,12.193018,11.494496,63.532024,17.56601,1.8179665,-0.004115674,0.015440009,0.090318486,2016.007,4.4212675,12.020989,12.741397
15331.284,908.9415,14.042837,13.535334,78.82339,14.158134,3.143121,-0.0040029264,0.38546503,2.0548089,2015.9985,9.687814,19.81347,12.827691
7481.2544,1252.582,14.354877,14.347497,74.18762,16.635319,2.476442,-0.0061851456,0.047192775,2.1258173,2015.064,10.312761,8.23548,12.727569
8971.462,606.1865,12.763429,12.182773,80.9703,15.664775,3.7623303,-0.0061577125,0.74984217,1.9288818,2015.313,9.345246,9.679363,11.454333
16675.912,1092.6674,11.857315,10.889265,73.08597,18.608788,2.3313274,-0.006143424,0.22803594,2.3759878,2016.0157,11.156381,18.234291,15.598354
7310.7876,2736.2756,21.256216,21.215014,54.520954,17.407667,1.6062077,-0.008550485,0.058522306,1.3378371,2015.2482,7.737033,18.938736,14.6331835
6124.3936,772.4266,16.077625,16.433527,76.19019,16.728449,3.9367588,0.026188571,0.14147815,1.3398004,2015.0504,8.255971,19.82911,14.291084
3239.5474,715.0515,10.409741,8.823619,77.65821,18.255703,3.9742365,-0.0057422495,0.072921894,1.3808304,2015.0295,4.721425,21.47688,13.193824
6843.987,2082.355,18.502956,18.428522,65.5731,12.227641,1.6479807,-0.006619589,0.008258841,1.2803057,2015.1954,7.7040505,13.203051,11.799886
7634.518,458.55075,12.278166,11.792594,80.711945,13.429806,2.4783473,-0.006076304,0.08414375,2.2784216,2015.0471,10.594648,15.641271,5.7375
10915.823,652.8738,7.746804,6.0364394,78.6776,13.037413,2.5934286,-0.0021100764,0.03599415,1.3596876,2015.9873,3.8572114,15.123222,9.400098
13605.219,527.4135,14.371383,14.224826,83.48474,12.95831,3.9175322,-0.0031014413,0.108846314,1.4941882,2015.9097,8.418744,15.342126,7.5591803
11333.813,1592.3413,16.929995,16.95242,68.016815,17.87123,2.83536,-0.0059837657,0.037494205,1.1702682,2015.7417,7.480433,9.839294,14.9133215
12103.904,820.9757,10.304954,8.719832,77.46132,28.357872,5.126206,-0.0025703174,0.029508598,2.7236874,2015.7277,8.688153,16.11477,13.374031
1961.6407,1271.5769,10.192866,8.326402,58.840633,22.591862,2.0857894,-0.006397934,0.07093798,-0.07005997,2015.0045,3.1265662,19.298153,15.165302
14047.736,737.36707,13.608419,13.23436,80.65668,15.173175,4.18414,-0.009751112,0.8197671,1.3877764,2015.9949,8.102741,15.906254,16.033447
8347.814,906.8672,6.5170164,4.0265627,75.101974,15.59636,2.8768184,0.0030379936,0.06125731,2.9096296,2015.8586,1.736703,16.461933,12.520916
5768.125,156.3204,4.8374534,2.1703887,77.02523,11.633664,1.1136397,-0.0024529763,0.16507834,0.32735124,2015.4475,3.2746246,11.689779,4.6455655
13448.04,647.98694,9.0636635,7.2006497,79.431404,16.897474,3.2363353,0.0022876344,0.121177636,2.6448033,2015.7258,10.793846,9.593331,10.669588
1975.5494,124.29172,5.774105,3.8940635,85.899155,9.003967,3.1733356,0.25381368,0.36382592,0.9010942,2014.9413,3.9235034,14.826714,4.530194
7857.195,1059.0511,14.77885,14.813741,73.65296,18.280512,2.9901097,-0.008186211,0.38271672,1.8723767,2015.1621,9.575849,9.949496,14.415139
4507.0503,637.58234,10.543558,8.860482,72.56465,24.369583,3.2373402,-0.006133023,0.17039879,1.8192608,2015.0374,6.322181,25.25979,11.455025
14593.829,764.92346,13.506691,13.209462,81.583046,13.704621,3.567786,-0.0037943881,0.045968674,1.5688819,2016.0017,8.857494,11.240906,10.866421
11303.316,1768.2723,11.004666,9.54341,60.30339,20.195677,2.4987595,-0.012762402,1.139582,-0.13762362,2016.0367,3.6697838,13.817497,16.736736
3905.1367,1704.296,15.753745,15.4433975,56.14884,29.64472,2.2994177,-0.0043651364,0.32319596,0.51479375,2015.0623,5.642285,7.458503,14.173456
15962.179,588.84186,8.751726,7.1018314,84.23624,13.716785,3.68778,-0.0067770868,0.8278364,2.5413873,2016.006,10.505494,19.021524,16.845133
10904.582,582.9346,12.014025,10.743026,81.10761,16.259115,4.5410876,-0.001844832,0.16200434,0.8702088,2015.8572,5.4637113,11.816596,13.046999
9345.702,991.77386,14.054222,13.585822,71.41823,17.774246,3.135098,-0.006193816,0.51765555,0.80700684,2015.6261,6.056989,10.256096,14.781703
7339.631,1987.0886,14.835405,14.207403,67.0202,21.29429,2.718034,-0.0067016254,0.006910554,1.0805132,2015.357,6.8049164,8.680814,14.657355
9047.054,1231.485,16.634594,16.470448,69.843796,17.768126,2.7715282,-0.0113681415,0.91459584,1.6322712,2015.3805,8.68028,9.712938,14.897255
10416.18,597.2126,7.5159225,5.670835,78.25151,13.113409,2.7896962,8.773868e-05,0.028897814,0.022535605,2015.9678,3.31906,15.3028965,8.188567
5447.5137,1374.8373,17.413021,17.4909,62.517666,16.933407,2.0116458,-0.0075446866,0.058289297,1.1919931,2015.0461,7.452639,17.898829,14.1147785
1971.6832,352.92056,6.9982076,4.5850935,80.943275,13.953189,3.2512043,-0.0064298487,0.9425443,0.9068634,2015.0248,3.1023207,12.678534,8.501469
9787.576,814.551,14.375696,14.206951,76.05536,26.561722,4.254735,-0.008547173,0.7152522,2.4155953,2015.2865,10.712444,11.511941,13.773207
8211.59,884.011,15.407448,15.527828,75.59659,15.403591,2.952767,-0.0072810925,0.45508474,1.6954912,2015.2561,9.151542,9.947132,12.339788
3823.5957,961.8861,14.244309,13.98559,68.32734,17.84033,2.7676082,-0.0052876114,0.6855347,0.6361175,2015.0149,5.70449,13.807173,13.439016
10512.145,472.40347,5.025011,2.553473,79.324615,13.835505,2.0688968,0.001523393,-0.019241072,3.0315387,2016.0883,2.0401862,10.573676,5.3059793
7718.5107,630.49567,8.409158,6.263919,78.977104,16.403145,3.4762015,-0.0019946557,0.14622971,2.7986212,2015.7683,2.176173,10.828139,10.1711035
6644.3027,622.5527,11.289997,9.656713,73.14268,28.040195,3.5940552,-0.005489226,0.778276,2.3967996,2015.5521,3.2801073,9.46063,10.879442
7471.1274,738.7274,8.947265,7.213806,79.97781,14.622573,3.3417115,-0.0034498528,0.0038499748,2.5930603,2015.6442,3.3085608,9.332015,10.507493
7290.7373,982.1693,4.0577626,1.3283439,75.60552,8.934196,1.0129398,0.0019707258,0.08723355,2.503559,2015.7002,2.0178497,20.409363,11.449576
7150.4893,1042.0497,14.8463125,14.669061,74.35378,18.923828,3.2546585,-0.008240183,0.0949183,2.0244958,2015.0406,9.99897,12.177308,14.501871
3433.626,1389.8844,9.745125,8.576521,77.274124,12.496412,2.1454148,-0.0016183734,-0.011209019,0.4711627,2015.0474,4.755679,15.66866,7.6610646
11980.456,1477.4286,11.281759,9.757069,61.28066,25.8131,3.1155477,-0.014933688,1.1349552,0.2796122,2016.0432,4.3983593,14.402758,17.935083
3228.559,1071.4772,11.599578,10.464524,72.331345,16.860899,3.1945646,-0.004031149,0.01366835,0.4507734,2015.0297,4.71495,18.91001,13.240063
4611.0356,1700.5093,17.844177,17.699614,52.822758,16.676128,1.3354362,-0.0076766363,0.061327092,0.69705606,2015.0812,6.1754518,10.165187,13.421043
4269.4316,2131.53,19.015549,19.029352,50.211914,18.801437,1.5810357,-0.007895366,0.18763667,0.6998941,2015.0244,6.2035866,13.520463,14.934786
9055.085,274.95114,10.118906,9.247821,86.27502,11.358262,2.999051,-0.005031293,0.050212137,2.388946,2015.2034,10.802305,11.890601,3.4229596
5410.827,1788.6924,18.262365,18.241776,56.679195,24.549627,2.0892975,-0.008127694,0.86805564,1.275826,2015.0175,7.8200936,15.895316,15.230811
11108.495,2284.8403,20.98843,21.015966,53.238518,18.965557,1.9634203,-0.00675985,0.23887934,0.9578437,2015.7595,7.0324664,10.896049,15.200604
12621.911,1289.3447,14.284719,13.963267,67.2529,17.65247,3.1206398,-0.00827507,0.33081648,0.6150324,2016.0115,5.85721,17.376446,17.18951
10944.618,96.07376,8.0393715,6.2862964,81.57522,12.740299,2.6518862,0.000401125,0.5353495,0.31724253,2015.9706,4.113718,13.5204935,3.411238
4736.926,1688.1868,18.053656,18.286686,60.23385,18.689636,2.1734138,-0.007215427,0.24575067,0.9385895,2015.029,6.890386,10.9790535,15.059866
4259.665,911.76483,10.842291,8.814574,75.265625,27.7985,4.1725197,-0.0058467067,0.025869422,2.9749994,2015.2386,3.4118462,14.303435,13.357815
15334.908,1393.1595,15.111682,14.98285,74.59486,15.134025,2.6176775,-0.0046747583,0.022656016,1.9580891,2016.022,9.550679,17.902117,12.850695
6798.965,860.1038,15.329342,15.156205,73.542885,15.109343,2.7669628,-0.0052707917,0.06000211,1.7293835,2015.0594,8.992456,21.355062,10.188762
11892.019,1463.8789,13.474562,12.858229,62.667995,20.917036,2.5820224,-0.006190752,0.4737137,0.27912477,2016.0073,5.017171,10.36311,15.226867
2960.3105,515.513,9.999805,8.386076,78.13008,15.552151,3.6962361,-0.0036464662,0.5872941,0.23240916,2015.0383,4.155978,18.167181,9.911622
5391.3486,1220.6077,17.136198,17.14971,65.06347,15.20284,1.9833958,-0.0063710785,0.047921263,1.1819438,2015.0494,7.4551296,15.35369,12.856051
1077.5636,488.7725,4.6216574,2.0447717,78.76842,12.266411,2.531408,-0.003272013,0.23810935,2.9706814,2015.0398,1.395826,20.83903,8.333142
2544.1904,177.84647,7.794963,5.96456,79.96488,12.204266,2.2619154,-0.003213541,0.7552917,0.21847884,2015.0265,3.9993734,12.18175,3.8007395
5795.64,265.6736,4.861439,2.4403005,85.9623,12.300085,6.5915136,-0.019079639,0.15482004,2.769593,2015.5116,2.4266598,12.265981,1.1619751
15117.203,660.21246,10.934037,9.805764,79.86713,15.992553,3.4042435,-0.0032965627,0.6581857,2.0994127,2016.0491,9.102453,10.335525,13.128816
9723.857,528.6738,5.5304813,3.3847919,80.18619,12.096733,2.0241735,0.00029703107,0.02235996,2.7268817,2016.0001,2.0114462,14.027702,6.1205935
4205.049,1809.3726,17.0985,17.182688,57.12238,22.973038,2.0726044,-0.012388733,1.022083,0.6645485,2015.0209,6.2141576,13.22861,15.106245
5597.1426,2957.5002,21.074688,21.053694,51.16651,21.183369,1.740225,-0.007472941,0.03539101,1.2398268,2015.0629,7.5536633,19.175323,15.199246
8529.246,3427.2876,14.343626,13.942028,70.5883,17.483343,2.0450253,-0.00433121,0.026846282,1.1333957,2015.4938,6.96992,7.088354,11.354617
16221.933,361.79318,10.537196,9.284848,81.14833,10.040399,1.3384635,-0.009491702,1.1368418,2.2392952,2016.0275,10.234289,26.295366,4.4715924
10254.239,943.5187,12.863532,11.9302225,72.5553,22.646656,4.0078197,-0.0069013215,0.18798478,0.7350655,2015.7834,5.485201,10.80605,15.845876
2449.144,215.59293,7.9121933,6.2734957,79.877464,11.859947,2.4096065,-0.0014240996,0.18177554,0.1140285,2015.015,3.6608763,17.702888,3.3400366
15479.374,121.63748,4.7165356,2.9520516,89.0762,8.470593,2.3909369,0.0022622112,0.084854655,2.4240568,2016.0078,9.759808,18.211761,3.715772
6872.1787,21.786041,7.6473565,6.6957946,88.94425,9.112056,2.6620169,-0.009218515,0.023964025,2.5147498,2015.0151,10.073287,16.04966,-1.1763208
5261.9478,1302.1581,17.626589,17.817436,65.09751,16.206638,2.1806436,-0.0083053345,0.17997783,1.2668058,2015.0144,7.832261,12.002311,14.15477
5001.231,2224.8208,20.220346,20.120686,53.04476,17.1879,1.6866326,-0.006777262,0.11254803,1.0107424,2015.0587,6.9142933,14.578066,14.701275
13768.743,1917.8218,21.14019,21.144938,58.25172,14.672106,1.5734656,-0.012578548,1.1332775,1.0969483,2016.0043,7.5791464,15.7713,13.2273655
8635.962,1078.9719,7.2058225,4.2983823,64.83751,22.085339,1.8601553,0.0046118335,0.18626703,2.9102128,2015.9001,1.5095183,21.913393,14.880278
8785.46,1783.2197,19.736155,19.66813,59.483814,14.390143,1.7659857,-0.0064908727,0.009288481,1.0994095,2015.4614,7.229457,12.236517,13.686382
15830.707,668.3149,10.955493,10.115845,83.91739,11.779361,2.8237514,-0.0011864838,0.047069527,2.23744,2015.9994,10.416268,17.814907,8.607281
8068.73,258.07736,10.823246,10.150475,83.13079,12.625905,2.5582006,-0.00782741,0.19749613,2.2827191,2015.0953,10.700232,18.65459,3.2922146
13668.766,941.0601,15.985134,16.02253,75.964714,15.528203,3.7425096,-0.0077443547,0.36861554,1.095665,2016.0118,7.3566074,16.023945,15.187504
11417.241,176.80331,9.946904,8.984172,80.547195,11.434962,2.7661006,-0.0010466774,0.09447267,0.13987891,2015.9916,4.2794857,17.869133,2.9538386
2009.4264,389.1282,7.336694,4.909617,77.186714,15.73079,2.5264492,-0.0037777473,0.45762956,1.3409367,2015.0302,3.3083277,13.383739,7.6815653
9118.765,2852.8647,10.592308,10.036744,85.021645,8.088417,1.7226015,-0.0082926275,0.018732987,0.829353,2015.5671,6.412929,11.51345,4.0129275
13718.077,2989.4702,23.834087,23.872448,47.857018,16.835773,1.5698054,-0.0077383234,0.08897253,1.0319278,2016.0037,7.412901,17.789112,14.864026
4953.211,2244.6663,20.83363,20.889376,51.63517,18.631485,1.574108,-0.008303066,0.46301234,1.1354134,2015.0391,7.206798,13.053241,15.236249
12650.886,512.8687,8.797296,7.1418705,84.35868,14.913585,4.078525,0.0010834418,0.06312675,2.67192,2015.6638,10.289972,12.17103,9.692544
4791.6133,997.29047,16.131416,16.18314,65.11202,21.878263,2.7839541,-0.008411915,0.8053503,0.98423505,2015.0042,6.789427,23.816648,14.385577
9269.729,1102.9985,16.163322,16.135807,72.47477,16.20319,3.006427,-0.008173787,0.713396,1.3962332,2015.4628,7.98933,10.626024,14.284209
4548.218,1706.6364,10.390584,9.6945915,81.10632,11.0141115,2.5296438,-0.004594255,0.007639519,0.63781303,2015.0951,5.7453747,15.295993,7.9638653
4698.145,848.5401,14.493319,14.473069,70.17793,16.877186,2.3448534,-0.0056438553,0.5830263,1.0893376,2015.014,7.1771727,9.017532,12.709134
5380.239,1029.0797,9.775616,8.03064,65.97764,22.904324,2.8938594,-0.0064770575,0.6762679,0.14615576,2015.3633,3.7257774,10.290332,15.256743
13412.214,2318.4463,21.429222,21.425173,53.89943,16.362774,1.8613403,-0.0059138625,0.6872208,0.99196726,2015.993,7.119553,15.957252,14.39983
9091.159,388.1674,7.479267,4.986182,77.33707,15.327817,2.264167,-0.0032178902,0.7727912,2.6645536,2015.918,2.3821332,8.298755,5.7270594
4502.5327,2649.7688,13.738598,13.428338,68.86217,15.569134,1.812441,-0.0044530644,0.021904342,0.7144612,2015.0802,6.0498376,14.73437,11.711989
13804.639,694.48376,12.62012,12.340141,81.26329,11.236575,2.3738518,-0.0028882616,0.022088282,1.1506484,2016.0282,7.367067,11.964349,3.9789045
4257.9165,1095.9626,17.77222,17.676437,56.461056,13.707108,1.1076812,-0.008079712,0.075330295,0.7113678,2015.0137,6.241375,14.989434,9.840612
8992.821,690.9502,7.4109726,4.83686,77.131874,15.277211,3.632163,0.0012964967,0.50270355,1.480335,2015.867,2.514179,16.207262,14.02742
4045.0488,1400.6213,11.294277,9.30289,67.99183,34.572575,3.511221,-0.004951596,-0.008571812,2.8246486,2015.2974,2.6718023,11.903078,12.408955
4813.798,353.63022,16.851725,16.926233,73.00997,9.8589325,1.5060694,-0.0084120715,0.3831315,1.1487976,2015.0057,7.5362735,14.146836,2.3859484
9287.662,1276.9044,6.763155,4.1157584,66.66462,19.49065,1.8183167,0.006197617,0.060474657,2.9147024,2015.9796,1.2786146,21.363218,13.482969
6058.9365,822.8343,14.856945,14.62453,72.01449,20.936338,3.3960795,-0.008910195,0.13242054,1.4817884,2015.025,8.552801,18.92547,13.89298
6512.8345,224.74606,2.8419921,0.75487465,81.063774,7.484945,1.2909477,0.0027757965,0.3089446,2.8366966,2015.6522,1.5491549,20.542267,5.123435
9796.8,505.22928,6.6628294,4.5613637,81.121704,13.413024,2.7952492,-0.0005937324,0.023081057,2.851398,2015.9943,2.1953986,12.566277,6.763303
9495.285,460.69162,5.1437078,3.2200313,82.24987,11.432011,3.0748463,0.0048133903,0.037043862,2.869831,2016.0077,1.4472386,18.56449,6.588459
2580.1592,725.5551,8.912885,6.731822,72.04002,18.341413,2.750406,-0.0018383854,0.37736282,0.3208857,2015.0486,3.794416,11.657266,12.295669
11344.145,526.57947,9.549976,7.7822604,83.83366,19.906654,5.1508427,0.34354198,0.37078726,3.0475378,2016.1909,1.8135644,8.932986,16.120386
5300.764,1221.9762,15.016375,14.727207,66.04879,22.434397,2.7169206,-0.00579177,0.38079268,0.9476725,2015.1195,6.6975813,8.85995,14.489193
4298.751,319.10464,11.86497,11.228009,80.885,12.106526,3.1013298,-0.0022627872,0.051762156,0.5815728,2015.0776,5.6125784,14.392638,5.551594
7964.712,1400.805,14.140572,13.785264,72.15534,18.821705,2.4413471,-0.007766196,0.041439988,2.328419,2015.0659,10.733707,15.986861,14.151684
7262.1943,282.70377,4.3809433,2.5308576,83.93182,7.7471433,2.293535,0.6191239,0.50392556,2.8256397,2015.743,1.6554099,9.103884,10.23758
10540.874,379.27475,5.906892,3.8818674,80.015396,10.504857,2.198242,-0.0027362343,0.06716476,0.82735634,2015.956,3.3815932,22.025085,6.9216094
2858.163,1156.9895,12.750173,12.048997,62.781822,21.266762,2.7871473,-0.005771672,0.21527196,0.20578735,2014.9961,4.255132,22.642693,16.278801
10462.606,212.1846,15.77013,15.8149,79.37406,8.908125,1.688542,-0.010183734,0.88630354,1.1248224,2015.6333,7.5669265,13.202709,0.09950281
11656.004,1617.2754,16.60789,16.60897,62.38612,18.66575,2.5504386,-0.0053530256,0.2053916,0.55251557,2015.9028,5.9470534,11.329596,14.90589
15452.75,1065.113,11.563057,10.875162,75.619675,11.2261505,1.5442955,-0.0032817249,0.023709066,1.8249015,2015.9955,9.684084,23.292795,13.301052
3912.71,959.1794,11.576917,10.556271,75.52661,15.886714,2.9989119,-0.0027577498,0.02520036,0.8007028,2015.0278,5.780345,15.8784685,11.289615
11560.496,221.78214,8.286393,6.9158454,88.035385,11.337883,3.863989,0.4259495,0.059820943,2.077318,2015.7146,8.143712,15.287289,3.706662
15090.255,2690.4954,14.383208,14.198186,77.64272,11.680345,2.2445066,-0.0028072346,-0.010301688,1.8968124,2015.9926,9.441875,18.681562,12.871781
8861.745,1791.7957,13.986848,13.788267,78.46201,11.029677,2.380033,-0.0035731413,-0.0044123316,0.96430284,2015.511,6.8147297,13.307187,8.690368
3810.226,512.8242,14.738263,14.735819,66.47529,12.809711,1.598328,-0.005706079,0.040699013,0.31860211,2015.0297,5.223309,25.86121,3.5103776
6826.536,1096.4673,15.423296,15.522902,72.499084,16.387976,2.809144,-0.007305143,0.074041,1.849656,2015.0278,9.527602,18.296503,13.944283
6117.6006,921.4341,15.2139435,15.181634,77.43975,11.08876,2.3003042,-0.0059932447,0.028704561,1.4815711,2015.0496,8.510358,16.537048,6.79912
10509.916,541.35394,11.682462,10.2306185,79.03239,25.86489,4.90408,-0.005895411,0.7468841,2.6761525,2015.9647,3.365138,13.277596,12.85808
14760.563,114.95877,6.563158,4.481644,86.79347,13.044289,5.734959,-0.015314442,0.31197825,2.470737,2015.8267,11.127531,18.184887,4.7012424
7224.183,3864.3728,12.903927,12.1128025,62.37974,19.879145,1.8143555,-0.0031594422,0.056648724,0.16700082,2015.5237,4.595299,13.58973,12.023236
2644.4233,738.16223,8.625598,6.52132,71.94301,19.447718,2.4251256,-0.0056355125,0.05976332,1.7306216,2015.0127,4.10276,24.3972,9.314908
12926.321,2874.9358,20.59728,20.644024,57.900146,17.591354,2.0122907,-0.0059754304,0.043005608,0.9595853,2015.945,7.1702986,13.26223,14.230843
9530.708,390.02274,4.614813,2.616405,80.17202,9.415185,1.682394,0.0024606853,0.06568936,2.8403986,2015.9886,1.6783501,18.905237,7.698466
2672.8174,1930.0629,7.5948577,5.8069987,77.81003,12.810679,1.921243,-0.0034613844,0.0023854887,0.25027135,2015.0251,3.9703295,15.428776,8.428987
13901.336,2891.4094,22.598083,22.66859,48.975857,19.151089,1.5248206,-0.008313679,0.33189613,1.0741278,2016.0345,7.427038,16.01165,15.384672
11181.076,2771.2612,21.258514,21.258024,47.996296,23.677074,2.0248284,-0.006878124,0.6873273,0.8142958,2015.7787,6.7844963,9.208467,16.141047
4248.907,3921.665,22.02737,21.989002,44.573097,19.590097,1.3926381,-0.008122859,0.06262056,0.771823,2014.9951,6.377024,17.11367,14.21328
4826.2666,2163.6995,19.219988,19.338106,54.50319,20.642883,2.1156573,-0.006229413,0.28265515,0.8853737,2015.0605,6.6901455,10.646968,15.622363
14435.598,989.2246,14.884829,14.543895,72.88081,20.145248,3.6606364,-0.009541088,0.7241994,1.56239,2016.0007,8.404963,11.909584,16.401966
10223.35,80.91275,6.4211845,4.5738034,83.66114,11.282216,2.3512657,-0.0011162434,0.10395255,1.484378,2015.9613,3.2180014,12.160136,1.0943654
15549.502,257.629,8.410969,7.0387425,83.73338,10.264425,1.7263486,-0.0016931661,0.49332306,2.1948836,2015.968,10.387184,17.714922,5.327734
13373.234,995.0521,14.786144,14.664506,76.48463,16.572014,3.6576731,-0.0069159246,0.1722887,1.3180379,2015.9487,7.8740497,10.5890465,14.588226
1269.6354,1013.03235,6.958223,4.3727417,74.92608,14.531524,2.7040048,-0.004634769,0.05800604,2.3142984,2015.0074,2.1878078,18.569141,16.150768
13209.391,2093.3176,18.786934,18.886858,57.205967,17.39716,1.9378954,-0.0073791794,0.8640875,0.8256537,2016.0146,6.6755157,18.06923,15.439282
11811.891,1050.0037,13.824375,13.168371,65.24769,12.550576,1.9463611,-0.0024937533,0.23166221,0.48309794,2015.9615,5.0066857,23.956726,10.729187
5208.101,300.35428,9.380941,7.3002524,81.34496,19.628292,3.7875786,-0.0076193525,0.9420413,2.9768074,2015.1791,5.5853195,11.494274,7.0334544
4565.856,1417.1561,17.980598,18.170187,52.920242,18.185858,1.7907004,-0.0029911783,0.2162522,0.56178176,2015.0728,5.560605,24.948565,14.247041
16655.035,193.5109,5.288986,3.0600247,87.25595,10.013777,2.5123882,-0.0022153903,0.97466165,2.541613,2016.0497,11.198126,15.536333,6.0228596
4424.2085,2049.4497,18.56052,18.75056,57.321457,18.355366,2.0167332,-0.0066318954,0.01772099,0.8104367,2015.0219,6.5429516,13.943387,14.91236
5880.261,1241.8544,17.645967,17.706703,60.620644,18.009228,2.078674,-0.0052495017,0.1236928,1.3260119,2015.0535,7.738079,22.841942,14.095827
15454.245,560.803,14.899844,14.524016,77.84354,10.623519,1.18367,-0.011752588,1.1199224,1.8805362,2016.0044,9.039531,29.54822,5.8594565
12550.945,2197.3113,22.385963,22.394949,53.216515,16.06496,1.6709541,-0.0068335324,0.2520894,1.1600229,2015.8678,7.5646877,18.855146,14.449258
5154.7495,1837.3054,16.570667,16.434309,54.00491,20.116526,1.8269244,-0.0076054498,0.77740306,0.4649687,2015.1975,5.5079246,8.828448,14.532566
15438.249,1503.9541,15.757343,15.322214,66.82889,21.353968,2.7625275,-0.009304293,0.22906227,1.8779769,2016.0284,9.398893,15.533512,16.838667
2489.919,184.95285,7.9443765,6.2865233,78.77139,11.8299265,2.2112474,-0.0034592368,0.64642775,0.058954164,2015.0415,3.7440999,13.645936,3.5357487
11613.963,2428.9844,14.86098,14.942656,80.178795,10.5477915,1.6918484,-0.0063466295,0.042849712,1.6182623,2015.6157,9.024334,12.162239,6.619387
2661.4,164.85965,8.382001,6.4113765,84.05036,13.079093,3.7879508,-0.004165483,0.84972477,0.5364896,2015.0177,4.132449,16.758566,4.9443107
13782.465,129.14139,13.626252,13.452653,83.82981,11.144704,2.7075245,-0.0049715503,0.3914154,1.2309545,2015.9955,7.7592216,14.456099,0.7192576
10949.98,1162.0446,9.967883,8.5544195,79.22566,13.832827,3.414447,-0.00082029897,0.034774385,0.76311713,2015.9133,4.941159,11.825837,12.108738
4387.7646,2084.3225,20.788567,20.609854,47.112896,14.659393,0.96522313,-0.008219116,0.8910693,0.8997725,2015.0093,6.556648,13.671304,13.081373
2750.54,668.38153,10.355495,8.419162,74.296104,22.203283,3.9688652,-0.0051610707,0.6230251,0.4083716,2015.0245,4.086781,18.941183,13.642656
10346.474,565.93677,7.3201094,5.1586137,74.346664,15.359283,2.1890717,0.0012959361,0.103326894,0.7914298,2015.9641,3.511943,12.343249,9.308444
16630.348,507.0751,6.229045,4.397157,83.26908,9.953146,1.795995,-0.0013543807,0.7173866,2.589811,2015.9503,11.728616,25.902939,13.1054735
11530.412,2247.8818,14.57171,14.495445,76.04515,15.451755,2.432876,-0.006739968,0.046821944,2.0781434,2015.5262,10.205609,13.835052,12.715652
15526.805,1457.1177,10.854944,9.744399,77.94286,16.206392,2.768386,-0.0027551793,0.026459225,2.3626037,2015.9681,10.728481,8.129937,13.887506
4503.3794,1606.1306,18.268661,18.197601,55.483337,16.1748,1.7971839,-0.00590587,0.2717104,0.7692269,2015.0295,6.279037,17.523352,14.148615
5693.857,354.8007,12.80158,12.365165,77.16993,11.427896,2.3973086,-0.003033911,0.040655978,0.5853081,2015.2334,5.7557235,13.697282,3.9019701
129.49861,397.74637,1.5456082,-0.84335,77.65705,6.920114,0.2159389,-0.0023536545,0.09730264,2.6910677,2014.9393,1.4123341,21.120218,7.282406
10420.231,1248.2173,6.4091578,3.825379,67.97086,12.428755,1.4992294,-0.004559183,0.07595115,1.2827142,2015.9772,3.1363702,23.0946,16.558233
1804.7452,1912.2998,4.3122163,1.9749179,84.99659,9.847279,1.8236122,-0.00502911,0.021851026,2.1414115,2015.0481,2.3084385,13.572394,5.757694
14200.472,3646.5913,21.99077,22.103802,53.610077,18.304022,1.514909,-0.008830179,0.038369246,1.1708302,2016.0319,7.7519574,12.614569,13.915726
2841.7744,93.273346,7.557153,5.7758813,82.260414,11.313784,2.1696563,-0.0047480664,0.11075995,1.1928014,2015.0165,4.4703894,12.394009,1.463795
15510.756,1180.4988,14.636316,14.3856535,70.126945,20.107452,2.2958748,-0.006219053,0.3960535,1.9769851,2016.0057,9.865165,11.028795,13.9814005
11204.955,795.18823,15.343115,14.96514,79.586494,15.779895,3.813023,-0.00846085,0.890156,2.0446289,2015.541,9.690698,14.828877,13.270507
13600.502,973.9472,15.234199,14.912519,73.74082,18.759764,3.4598684,-0.008707442,0.7652285,1.5665013,2015.915,8.324962,11.121084,15.276777
8287.496,1855.2471,19.429258,19.539974,60.423355,19.2944,2.2163348,-0.008208615,0.71033496,1.3134811,2015.3688,7.905543,10.9592705,15.211501
16191.311,177.41501,8.028854,6.7740736,89.15678,9.403468,2.872209,0.0020419497,0.17928469,2.4242353,2015.964,11.161711,19.704681,4.734336
4549.465,1208.4376,16.547134,16.575161,63.97797,18.329382,2.439153,-0.013023787,1.1655024,0.80974525,2015.0297,6.298798,22.558752,14.232561
13437.752,205.09958,13.40003,12.756112,78.12024,11.584122,1.9484661,-0.005854258,0.05135327,0.975422,2016.0471,6.8553615,10.989352,1.5938561
2342.3296,1380.2258,8.146999,5.525786,68.26608,21.92784,2.4801152,-0.0056397463,0.046942912,1.4265347,2015.1538,2.2126234,10.307369,14.890927
4489.2046,1975.26,19.592697,19.670567,51.64665,17.379917,1.4415331,-0.010206991,0.84855974,0.9316232,2015.0118,6.79664,8.57074,14.506454
9227.847,1835.2179,13.417958,12.628386,56.81759,20.837,2.535018,-0.009959896,0.9443021,-0.110300735,2015.7787,4.001289,15.272314,16.49482
5806.64,1661.4713,12.984471,12.579035,77.63913,13.331895,2.7585475,-0.005385175,0.025417797,1.1088995,2015.15,7.093739,12.708727,11.821882
5290.6514,733.37054,16.60491,16.45624,65.58187,15.164614,1.838783,-0.0058478317,0.1870302,1.0093615,2015.0571,6.874274,22.798828,8.406937
13151.619,1457.6488,16.465101,16.494127,67.94115,14.914202,2.3917305,-0.004889352,0.013327948,0.7688065,2016.0156,6.5498085,15.096762,13.923274
10837.015,1863.549,18.874456,18.494745,61.706154,19.145065,2.259343,-0.013635867,1.1773361,1.1804425,2015.6923,7.4707203,9.332743,15.050678
4360.1636,967.0834,14.384468,13.834751,64.55161,30.766546,3.2622466,-0.0077082603,0.28980523,0.90420574,2015.0261,6.3851423,13.608047,14.366068
12716.549,2271.4248,19.773779,19.763254,53.136147,16.394827,2.0682573,-0.0051210164,0.47530183,0.53928965,2015.993,6.0104628,17.17655,15.077388
12758.919,1318.079,16.16583,16.27065,70.35962,17.822477,2.9217262,-0.006224656,0.1430163,1.099773,2015.9108,7.463827,9.347389,14.2558365
13845.626,818.7917,16.628258,16.668646,73.42054,14.587376,2.3679192,-0.005213903,0.18355526,1.1942462,2016.006,7.7785773,11.053547,9.513773
13748.082,1663.0267,16.982264,17.147608,69.01448,14.644344,2.2361507,-0.004169719,0.0075622713,1.0350269,2016.0238,7.355481,12.593717,12.999908
3161.105,2091.9365,8.125316,5.874105,76.39904,17.82693,2.8209329,-0.0060003786,0.005427501,2.843808,2015.1865,2.7026572,12.133515,13.128169
1499.7281,1091.5419,6.989751,4.297195,74.79534,16.852312,2.852715,-0.0038441878,0.031595685,2.784794,2015.0619,1.9547554,14.6564,12.84302
6842.885,1028.4165,13.531053,13.153659,80.675415,16.328562,4.148361,-0.008774289,0.0033617234,1.9434273,2015.0449,9.543402,19.826023,14.247459
14093.238,160.69528,8.406266,7.001292,86.53706,11.34972,2.887773,-0.0005866525,0.62754387,2.0298743,2015.9829,8.400328,12.896297,3.5345247
13639.969,2937.9187,15.738621,15.764419,74.12247,13.158376,2.1765547,-0.0025177237,0.030996181,1.1554788,2015.994,7.514996,15.180603,11.400822
14016.077,1595.9167,20.745438,20.807957,61.563526,13.970337,1.6413417,-0.006964212,0.035773747,1.2900317,2016.0073,7.7332687,20.59688,11.213766
2036.4972,533.93677,9.813824,8.310817,66.92103,15.343961,1.134472,-0.00409856,0.41183788,0.093250915,2014.97,3.7158206,17.077854,6.2307844
2576.5503,945.40533,8.294998,6.0899224,68.54217,16.512085,2.3925304,-0.0038422078,0.5847269,-0.026344853,2015.003,3.6691635,18.619823,15.38928
10922.789,1674.2758,4.255859,1.9061484,75.63968,8.754781,1.1997609,9.2391565e-05,0.043228053,2.3427553,2016.0276,2.819392,25.027311,13.675432
6851.66,866.08105,13.642724,13.263198,72.38728,18.80726,2.5621176,-0.0051726135,0.085167,1.838039,2015.0588,9.373726,17.29187,11.737659
3465.3447,2372.2507,5.4263935,2.5342383,70.77994,16.124485,1.5687397,0.0037118352,0.056454636,2.9309843,2015.2845,1.6225902,19.682467,13.00675
11697.867,1064.1,13.713419,13.165617,76.15298,22.140585,3.874551,-0.005835594,0.07596394,2.4498546,2015.5122,10.668375,10.288351,14.312787
10252.737,1150.8256,16.17117,15.878916,70.70692,18.699383,3.6163104,-0.008680363,0.25208628,1.080369,2015.6443,7.0000916,11.504448,16.290182
7117.42,1129.9785,15.205627,15.0662,66.40517,18.662207,2.3762279,-0.004781555,0.21773973,1.8505101,2015.0686,9.221233,24.022589,14.21309
7787.8525,634.84296,12.539412,12.012204,80.67712,17.06884,3.6298852,-0.0045716907,0.09001132,2.499435,2015.013,11.172421,19.10144,10.071628
8251.05,1407.8655,17.49609,17.615002,67.70063,16.062584,2.3246229,-0.0070963926,0.13747302,1.7057418,2015.2488,9.029678,18.255173,14.039331
1755.6705,1158.9838,8.373756,5.4655285,63.73832,28.76848,2.521012,-0.0060862633,0.044084214,2.8837626,2015.1174,1.6642271,16.302711,15.434964
13698.62,1750.4198,19.414566,19.57428,61.152573,16.062254,1.9406698,-0.0071774474,0.73509824,1.112382,2016.0044,7.4301524,18.30602,14.415759
11635.623,2111.3232,18.365185,18.054342,52.275963,15.690735,1.718437,-0.0038224563,0.16739088,0.47589174,2015.9128,5.618651,18.531025,14.412191
10900.878,495.0646,9.233568,7.6254287,84.36921,15.858611,4.770736,0.0025345075,0.11088333,2.6138666,2015.6995,7.375621,12.984613,9.411859
654.5035,363.08163,5.4015346,2.975698,80.37027,12.356706,3.2660134,0.0075563514,0.5120905,2.555882,2014.9636,1.5388886,25.148533,7.3184934
14651.719,1895.0344,19.431675,19.439367,62.828003,16.480711,1.8751022,-0.0060587167,0.39615577,1.4856544,2016.0421,8.207531,22.7004,14.52798
12506.528,346.45755,12.079669,11.607463,84.45535,10.827657,3.1736984,-0.0012658045,0.0054725623,1.0641472,2015.9237,6.790693,13.983951,3.3694289
14112.637,257.8234,8.314921,6.4334083,84.0798,13.756386,3.0467055,-0.0059606708,1.0364652,2.6005526,2015.7336,11.365165,11.5890255,6.742646
6314.8916,451.95407,14.147113,13.962194,83.87073,15.193876,4.6712,-0.006476115,0.35411364,1.653629,2015.0221,8.967642,18.407621,10.585112
2973.7437,46.446808,9.117947,7.8178525,80.08637,10.551435,1.9260715,-0.005508374,0.62209374,0.30683485,2015.0275,4.6581583,10.625235,0.98096013
5357.981,1369.3087,15.958178,15.930212,64.12422,21.164337,2.26912,-0.007215531,0.09023336,1.190106,2015.0398,7.642724,12.051057,14.356418
3191.4688,927.858,11.835969,10.7381935,69.235855,25.673506,3.6352272,-0.0080212215,0.7445108,0.37556544,2015.039,4.550325,15.840168,15.172378
11133.206,1292.1406,11.923046,10.780276,62.7408,15.756266,2.3330162,-0.0052360664,0.6088964,0.051096484,2015.9894,4.0943794,15.967733,14.131261
12609.191,1278.4984,16.398989,16.167553,69.366554,20.757254,2.7651248,-0.008184989,0.46029246,2.0199769,2015.6698,9.882874,14.78237,15.141573
14047.54,279.795,14.522117,14.495662,82.66268,11.717236,2.9414132,-0.004842173,0.14005978,1.2225406,2016.003,7.833131,18.091082,3.8426092
1655.4137,972.1602,7.3043795,4.341337,71.393166,24.487337,2.9927375,-0.0031826638,-0.030790783,3.0916574,2015.0688,1.7420999,17.267834,11.777854
11257.26,232.75345,8.849912,7.205374,88.47243,13.715024,5.6146083,0.003958034,0.6139143,2.430511,2015.7382,7.3066487,15.365042,5.8673067
4256.3013,338.3809,13.017462,12.861387,82.49641,13.588699,4.4859653,0.32289043,0.30310714,0.3510081,2015.085,5.496133,16.883799,7.3514495
7805.4653,1655.43,14.825306,14.465989,68.109215,20.608261,2.2774677,-0.008485866,0.016049169,2.1823084,2015.0637,10.401832,18.79279,14.181363
2702.2393,911.94366,8.858807,6.253602,69.89467,27.53717,3.1229873,-0.008193635,0.92505455,2.8370218,2015.183,2.108765,17.80032,15.5352125
12211.502,490.48752,10.083175,8.768529,83.88149,22.188253,7.52217,-0.007245449,0.14766528,2.641094,2015.6989,9.263461,16.460213,13.224149
4536.609,1650.8654,18.140123,18.38036,59.429836,17.783375,2.1054053,-0.0072211265,0.5825506,0.8995538,2015.0167,6.7498965,11.519903,14.836335
832.05133,203.19357,4.9175224,2.3171172,84.49723,10.093211,2.8643985,-0.0072259507,0.84268504,2.8081164,2015.0167,1.729952,16.529362,3.9830396
11450.829,114.435394,9.526101,8.401945,81.50804,11.845111,2.457626,-9.953353e-05,0.04519271,0.42798916,2015.9667,4.786016,12.5707855,1.612097
11636.115,490.53836,10.58439,9.051178,81.0011,16.863335,4.06909,-0.0060211434,0.9003748,1.941987,2016.0187,4.512316,11.158642,10.860571
11360.195,792.3652,11.486249,10.360528,73.448296,19.149466,3.6247244,-0.0068770065,0.71573126,0.4454693,2015.9532,4.809359,10.894917,15.275874
3732.187,1184.1285,8.005693,5.296788,70.59026,20.80273,2.6507292,-0.0062217987,0.04471319,2.6518295,2015.3385,1.7489988,13.456285,15.450942
4595.5776,252.5286,16.037281,16.305344,72.03173,10.176583,1.6276398,-0.00706567,0.09407038,0.72504336,2015.034,6.642914,18.34914,1.3517926
3971.484,132.93008,10.450826,9.124875,84.47161,12.635411,3.2736235,-0.009943784,1.0664916,0.90097886,2014.9814,6.22969,15.030118,4.7562904
15073.715,458.13467,10.592128,9.601385,81.11511,13.029644,2.5818462,-0.00071997504,0.38447297,1.8605254,2016.0109,9.507695,11.43807,8.258972
1430.0216,794.9002,6.642589,3.9896374,73.542175,17.769516,2.570674,-0.0019136474,0.08995514,2.8598442,2015.0706,1.8475028,13.296122,12.133525
14523.505,1170.0621,16.9621,16.83874,70.647415,16.182245,2.2910872,-0.004999425,0.51526904,1.6942371,2016.002,8.691843,15.228583,11.790249
5922.347,590.3838,10.516793,9.381471,72.9479,14.2193985,2.2335324,-0.0012497262,0.16730645,0.23448853,2015.3715,4.435595,12.390175,8.079806
13732.567,376.50504,9.13501,7.6202893,86.70943,14.418002,4.8079042,0.0015008028,0.31960064,2.566501,2015.9364,8.534397,13.476235,9.805633
6602.432,376.59122,13.287913,13.014369,79.247154,12.361997,2.3269281,-0.007204266,0.51214033,1.8373053,2015.023,9.5189495,16.907862,4.4145927
7300.3843,459.7194,9.761177,7.8353457,82.62903,21.984179,5.19115,-0.0089569995,0.9951476,2.77209,2015.6909,2.4051754,13.493432,11.35399
3068.9526,35.69583,4.182324,1.9552712,85.57387,8.71022,2.1973114,0.0023913875,0.16222066,2.0940661,2015.2062,2.404246,14.082685,2.9165013
9681.452,1156.1083,6.706207,4.3449273,74.77206,14.091337,2.3799465,0.0006441443,0.04277212,2.8888912,2015.9889,2.059951,16.02163,13.35232
16925.918,62.408844,4.4423633,2.2470174,91.66461,7.1754756,2.5983672,0.008068289,0.99479884,2.5556386,2016.0094,11.588595,22.464342,3.4212716
6899.0977,891.1131,14.950706,14.7429695,76.14504,18.636425,3.8314612,-0.009579373,0.90233546,1.9910816,2015.0374,9.670166,21.295755,15.118668
10471.443,958.2776,15.9837265,15.922807,77.304855,15.770964,3.762243,-0.0080830315,0.6162585,1.6695027,2015.5266,8.823994,13.544174,14.499618
9225.48,474.71683,13.933516,13.762593,84.71679,13.557546,4.404619,-0.0060815285,0.40461874,1.714308,2015.3656,8.964466,13.245356,9.543302
10103.883,369.5856,5.6911354,2.8425927,76.6239,14.670602,1.9834827,-0.003708725,1.0493698,2.7903383,2016.1256,1.0562416,13.736197,5.8808684
6068.7495,457.91806,13.310888,12.7851515,81.17774,14.345161,3.5000634,-0.0049750614,0.154089,1.3117481,2015.1232,7.6868105,11.82857,9.19031
12461.861,536.57983,6.958147,4.8096123,79.98991,14.343669,2.5143754,0.0023024834,0.039055742,2.6090586,2016.0332,5.474635,13.03039,9.078061
13058.673,679.8454,15.962348,15.965994,80.82759,11.87111,3.284471,-0.0038216908,0.03267414,1.1796987,2015.913,7.6460686,15.654195,7.0170274
12417.134,787.924,13.799581,13.435709,82.0579,15.428476,4.5341883,-0.004369864,0.13716336,1.7087438,2015.7645,8.733112,11.233822,13.271626
2007.32,866.4354,8.636624,6.0336742,70.70361,23.965288,3.35735,-0.006242139,0.46976075,1.7033614,2015.0763,2.5134845,15.846024,15.744666
5299.15,888.04016,18.047125,18.098442,68.50207,12.796979,2.3121452,-0.006391821,0.16003084,1.1346924,2015.0446,7.4116287,17.077007,9.564501
3573.9927,675.8116,11.835081,10.81812,76.60255,17.559193,4.165285,-0.0029404473,0.56038135,0.3970205,2015.0571,4.7315555,18.956717,13.357349
6346.52,-198.76877,0.21823186,-2.012611,87.82769,3.2502277,0.9995808,0.047623754,0.14410199,3.1251936,2015.6991,0.6519214,16.55467,-0.23563361
5883.967,3236.2607,18.200527,18.118362,57.69613,21.26806,1.7331918,-0.0060663368,0.03751602,1.387309,2015.0375,8.110679,19.058113,12.830826
3565.6978,1325.4539,14.747528,14.427411,59.204384,18.492592,1.9981102,-0.005164431,0.56474966,0.36812225,2015.032,5.0867553,13.732362,13.902868
13914.491,301.38278,15.914125,15.700777,77.41917,11.315051,2.0248442,-0.0075390725,0.022052161,1.0869361,2016.027,7.2158713,17.893354,2.6403477
5363.3843,489.79935,13.620265,13.170712,79.17822,14.684405,2.9844687,-0.0040729414,0.08614854,1.3880837,2015.0254,7.948968,12.75518,8.425523
5983.4355,2468.3694,11.746582,10.7377405,70.06755,18.900196,2.1115806,-0.0028686759,0.026242055,0.73543936,2015.3105,5.4292455,8.148129,11.8567915
9444.625,1636.9978,17.713766,17.672915,65.00946,13.716286,2.2684598,-0.0034035605,-0.011588969,0.83971983,2015.5942,6.588541,15.308828,13.138849
1340.3873,359.5162,4.5482764,1.7219567,76.999275,11.899374,1.4290874,-0.0021293398,0.886349,1.4467747,2014.9478,3.098105,15.995826,8.689959
14344.463,720.511,13.650622,13.483664,80.763275,10.853307,2.3813205,-0.0042888834,0.025861762,1.2959292,2016.0042,8.069887,19.490534,6.6360226
9150.51,1004.1184,15.306258,15.452128,79.551994,14.135481,3.805358,-0.0067702285,0.044769578,1.4050695,2015.4042,8.283678,15.104731,13.14872
5196.288,755.8431,16.604763,16.592665,69.557915,15.6834135,2.6835575,-0.0055638733,0.23153996,1.0813366,2015.0267,7.2431593,20.506872,10.235263
8917.373,1647.682,18.452805,18.422457,62.245575,14.699282,2.1592972,-0.004309229,0.003541938,0.87519443,2015.5217,6.6789165,15.348748,13.814587
1364.6075,779.32965,8.284759,5.5442886,70.136185,26.596886,3.0811963,-0.00814397,0.8219414,2.6403248,2015.0829,1.5630585,14.8689575,13.83133
2564.0146,509.8129,10.07109,8.171627,80.5249,27.95428,5.580504,-0.00662389,0.6308403,2.8463924,2015.0712,3.245288,21.087627,14.430234
4378.8857,1434.2256,16.111378,16.149643,58.681572,27.902433,3.000626,-0.008346886,0.24732545,0.537915,2015.0745,5.864282,15.278626,16.604736
5975.054,1605.9332,18.161215,18.375048,63.260727,18.139208,2.3388824,-0.008783937,0.35247952,1.3417403,2015.0863,8.043667,9.772216,14.995905
11886.696,1472.2999,15.13511,14.780638,64.231316,20.970903,2.7658188,-0.009404247,0.8202729,0.5696978,2015.9292,5.9334664,9.341777,15.51078
13288.411,1601.8185,19.029823,19.150173,66.87049,17.163488,2.8921142,-0.008426317,0.562319,1.1793084,2015.9452,7.5859504,15.331503,15.655058
8247.839,636.1766,12.046754,11.200787,80.17142,13.19602,3.5592916,-0.0026997898,0.025337003,0.64204264,2015.5435,5.578533,11.931319,9.468778
2262.1904,522.2184,8.275971,5.7773743,76.63947,17.248005,3.4050162,-0.0029877976,0.77020264,0.34699205,2014.9872,3.8831568,18.31206,11.57941
5447.1973,375.62247,14.500687,14.227921,74.63116,11.593377,1.7250079,-0.0069702133,0.04197835,1.2818562,2015.0332,7.9733195,17.762947,2.7356055
2459.941,812.1183,7.902101,5.187108,69.42837,16.927448,2.3489702,-0.00012417446,0.6206035,-0.04226096,2014.9065,4.5768733,23.102802,14.955763
15420.708,1999.555,13.36088,12.942291,79.17375,12.955082,2.7079835,-0.0051334924,-0.0031670118,2.0904303,2016.008,9.964286,13.832511,13.542567
5479.079,1796.6613,9.57918,8.229037,63.39062,18.426128,2.0582383,-0.0052984147,0.123297654,0.12258689,2015.3639,3.6137354,17.922583,16.090122
15079.866,912.06067,13.998436,13.481036,78.080696,17.620548,3.5369017,-0.0054707094,0.7375042,2.2137277,2015.9381,10.069958,18.220179,14.722233
1468.6378,328.37967,5.6315064,3.4139967,80.645134,9.848608,2.0331001,0.010190844,0.08452342,0.7757074,2014.8793,3.8132825,20.681889,6.012287
15113.607,917.4891,14.4486475,14.379096,80.114365,12.320833,2.445697,-0.004238866,-0.0054487074,1.6880167,2016.0226,9.106442,14.3628235,8.037735
7106.893,426.65628,10.010519,8.825581,85.5962,11.133436,3.6381516,-0.002046644,0.0124261,1.4633648,2015.3966,5.763101,13.177209,5.9372616
11820.208,1176.0054,14.679529,14.233491,68.07079,20.123684,3.257108,-0.008331084,0.47055483,0.73080164,2015.9023,6.114462,10.391739,15.945187
7837.849,2280.4175,20.628988,20.6709,54.68705,17.34581,1.4903347,-0.012335629,1.021433,1.2057585,2015.3494,7.5519624,11.165605,15.045852
12381.922,2939.0383,14.876034,14.6986685,72.09493,17.284817,2.7843318,-0.00466112,0.021483622,1.1518531,2015.898,7.3023186,9.00779,13.257799
10681.519,228.43338,7.103339,5.5680017,90.19014,9.941617,3.8469584,0.22143184,0.07692521,2.1832187,2015.546,8.914428,14.1562,2.7910607
9348.082,701.6219,12.827693,12.0999975,75.328064,15.835959,2.9938116,-0.0028414682,0.53972656,0.78855306,2015.6572,5.918297,8.052097,11.405792
6651.444,608.31366,11.138039,9.747268,77.64935,19.221022,3.9599833,-0.0017757316,0.60538924,0.8919936,2015.4519,4.589869,9.081285,12.296117
9454.376,922.58215,8.328542,5.9652605,74.9814,16.756367,3.5444698,-0.0018713616,0.050151087,0.6281007,2015.9032,2.7182188,13.422491,14.687832
2073.7153,469.77524,9.601983,7.9648924,83.96117,22.807722,5.64827,-0.008617607,0.86173207,2.554295,2015.0107,3.2737648,21.218601,14.442939
5974.2783,1007.31006,16.319105,16.40433,71.60851,17.24664,3.2637775,-0.00786328,0.09768201,1.4465207,2015.0328,8.341126,18.329536,15.010661
5572.352,1055.4122,16.322836,16.451073,72.24274,15.641415,3.4592166,-0.00694373,0.047790475,1.0419992,2015.086,7.254419,15.728605,14.59958
9454.367,167.49539,10.748698,9.963912,89.60896,12.488403,5.10916,0.27041605,0.64139235,0.82920396,2015.6252,6.054677,21.596888,3.1779711
15227.504,1671.8064,16.359875,16.389437,69.32738,16.234838,2.1337988,-0.0061786077,0.0477046,1.7383634,2016.0413,9.086549,16.113464,14.093225
8172.6323,1865.4296,13.773625,13.67768,78.87482,12.643599,2.2872686,-0.0056889853,0.032467477,2.0210657,2015.1597,10.04588,10.598613,10.742866
9643.498,1080.0424,6.7749867,4.3468227,74.43035,14.574568,2.2915413,-0.001343434,0.040410228,2.6896904,2016.0005,1.9776613,14.100896,13.338378
9092.425,557.9503,14.237037,13.840925,77.89606,12.880082,2.8966558,-0.0042714975,0.45003554,0.9538053,2015.5568,6.765527,11.049888,8.108501
5271.8623,703.95715,8.640367,6.460605,71.24674,20.136206,2.8424208,0.0008358105,0.579879,0.57946324,2015.414,3.334385,6.9732914,11.765032
10580.8955,1563.3438,5.191921,3.2270064,83.97645,9.901262,1.9811585,-0.0021972202,0.027326562,1.2777033,2015.9436,3.5169625,19.427277,6.3292737
3707.374,1720.4137,16.53303,16.495703,53.613678,19.773817,1.7332249,-0.007779551,0.7577981,0.43906096,2015.0283,5.48812,11.336372,14.631384
3493.2036,308.28726,9.951947,8.552959,80.44072,13.197457,3.2084749,-0.0018587087,0.06261618,0.51960105,2015.0424,4.7488737,18.588705,5.2236533
8290.409,1017.08307,13.7926035,13.366,73.63111,22.765497,3.0891197,-0.008100004,0.32962635,2.5463068,2015.0645,11.268195,14.008473,14.411646
14283.223,1046.5197,13.684407,13.084208,74.6642,21.490068,3.4902344,-0.004987573,0.10931695,2.2626,2015.8387,10.268327,10.188845,14.686503
6081.551,1811.3204,17.719849,17.66604,54.08002,17.837126,1.7621846,-0.008062259,0.83070445,0.58775234,2015.2644,5.925801,12.018069,14.3551
3659.7744,765.0083,10.95569,8.923798,75.67148,26.146442,4.116411,-0.0056241876,0.12662372,2.9250264,2015.1938,3.2744274,13.412479,13.142866
2752.0356,397.5493,5.145118,2.72049,78.173065,12.368402,1.9490337,-0.0020719946,0.4461058,2.731077,2015.2245,1.7408372,15.14747,7.962156
5843.815,421.25192,5.768943,3.5012102,87.60961,11.641413,8.126946,0.017423557,0.09454269,2.7632995,2015.5499,1.8027488,15.6188,3.9525235
11276.244,241.90677,13.207815,12.8507395,84.46352,10.586365,3.120444,-0.003985196,0.7382568,1.1133878,2015.7596,7.132646,14.125362,2.6263087
12101.68,958.79675,10.200864,9.48633,84.36082,11.635131,2.834532,-0.0014057972,0.023723327,2.4452634,2015.5524,10.824184,9.781498,7.787656
4007.5083,3589.115,19.794025,19.447783,39.46126,20.602589,1.1468056,-0.008949568,0.07733799,0.3750004,2015.0654,5.384851,15.746488,14.56529
12133.9375,1215.492,15.705048,15.401141,65.92339,27.245285,3.449241,-0.009088737,0.765458,1.2872281,2015.8308,7.468149,9.019424,15.244308
5421.4067,1427.112,17.672928,17.769865,58.09544,18.392384,1.7561044,-0.007929825,0.04717157,1.0705997,2015.0529,7.0910053,24.017004,13.651135
1969.8629,227.91983,6.283106,3.9569077,79.535286,12.833285,2.1891856,-0.0025848646,0.44214597,0.59454787,2014.9895,3.519797,15.244856,5.084815
2803.982,671.2092,7.7363415,5.4333143,78.935036,22.245459,4.5702486,-0.0016320844,0.04396894,3.098505,2015.1405,2.4163048,18.672554,11.248097
4667.0933,3298.9724,23.05769,22.994263,39.97708,24.417095,1.3492318,-0.00647488,0.5979782,0.9160539,2015.033,6.468477,23.152987,15.937838
15115.818,1190.6826,12.097574,11.210554,73.89679,18.485682,2.9823241,-0.0049532535,0.033636056,1.7713474,2016.0399,9.1080475,9.091388,14.981652
7769.1704,704.28754,13.756475,13.461413,79.23641,24.08451,4.4020143,-0.0091522345,0.28101432,2.590432,2014.984,11.509965,16.56867,14.27517
14936.181,883.2863,11.181007,10.399135,84.34654,14.198377,4.093977,-0.0012582459,0.053745188,2.2192478,2015.9077,10.409831,12.6833,14.018828
8990.514,1509.5831,9.510984,7.6421285,63.204334,20.973114,2.4730737,-0.004830345,-0.00053028105,0.051338837,2015.8014,3.390186,12.606262,15.519693
14402.741,689.4939,12.954816,12.490212,82.792725,14.763353,4.3877997,-0.0054686344,0.5611378,1.6435982,2015.979,8.839022,14.962953,14.957125
6800.0625,782.1365,16.963732,17.037073,72.47426,11.259166,2.3535771,-0.006024757,0.03032934,0.9749929,2015.2399,7.122997,15.816097,7.2618628
8603.248,947.7442,6.992738,3.9411817,68.41667,19.76051,2.2767751,0.0009191285,0.7939963,2.9228,2015.9111,1.4251047,19.893967,15.530066
7470.9604,1399.1273,13.240562,12.807591,77.25652,17.363771,3.32871,-0.008971588,0.026936866,2.2816026,2015.0271,10.669233,18.154648,13.995356
15645.153,635.3671,9.358028,7.9602733,83.0061,13.577865,3.3885176,0.000804112,0.25631228,2.3579583,2015.9958,10.460723,11.676526,12.172289
5757.091,448.4213,14.150275,13.887955,78.615616,11.806651,3.0012581,-0.002837158,0.08692712,0.78147644,2015.1879,6.4570446,15.436867,5.848831
15751.508,240.29752,8.081012,6.485455,85.228424,14.144554,3.9164958,0.02597269,0.32705027,2.5560882,2015.8868,11.516709,23.425028,7.0058722
3895.1982,2978.0166,9.255561,7.641019,69.420944,21.837872,2.3378177,-0.0039683576,0.015158794,0.39901832,2015.1786,4.2113523,10.619761,12.122028
11146.745,52.40445,8.254906,6.805425,80.06115,10.948887,2.050513,-0.0032479253,0.29143402,0.1362149,2015.9955,4.022748,17.707386,1.6127627
5883.796,472.22293,14.739449,14.597051,77.459785,12.303899,2.3753362,-0.0059220972,0.18803725,1.5210099,2015.0344,8.552992,12.939149,5.9984813
2511.1099,1722.7349,7.4030604,5.3395724,79.65579,13.584335,2.8695233,-0.0029278744,0.007003895,2.549792,2015.0751,3.1530797,13.602133,10.991596
15244.233,-115.79123,13.134244,12.948303,84.49051,8.905747,1.3496097,-0.004989102,0.35499156,1.7300806,2016.0222,9.037988,24.843674,-2.7020738
4518.404,1475.274,16.137072,15.945267,58.808014,14.396065,1.5566329,-0.006708482,0.016106747,0.6009066,2015.0835,5.9050837,15.077024,13.057141
5575.224,219.3934,13.990452,13.856922,83.244804,11.885573,3.3354514,-0.0027714681,0.6263522,1.2666878,2015.0133,7.874973,20.857166,4.741586
12297.741,69.205475,6.000892,3.6867347,88.29765,9.070065,2.9536915,-0.011263431,1.265453,1.5358388,2016.1116,4.083733,20.05479,2.199258
3333.4106,489.6002,10.053643,8.5173435,79.78989,15.226725,3.6691294,-0.0054986323,0.83768463,0.3214871,2015.0708,4.4242773,15.3974695,10.159597
15593.559,1011.33777,13.951622,13.52528,77.44824,14.058691,2.8100216,-0.0048752944,0.21331917,2.0765283,2016.0048,9.951484,20.561176,13.787631
15268.221,1767.7399,14.243535,14.096129,77.88773,11.250767,1.9517857,-0.002927962,-0.005914786,1.9212323,2015.9991,9.550036,19.277584,11.033691
2482.4458,860.5646,7.8702607,5.2025547,66.75521,22.810953,2.2495632,-0.00433916,0.918104,0.20940082,2015.089,3.2495565,8.415936,12.497527
5601.73,730.0319,14.365071,14.098892,72.31318,18.437153,2.8258474,-0.0047349944,0.1117714,1.2543111,2015.0612,7.582807,23.423433,10.410286
9924.702,1139.0872,17.154604,17.001816,68.2956,13.456337,1.9637922,-0.0048479266,0.0050032353,1.112572,2015.6001,7.178251,11.115366,10.654771
5372.344,1718.4601,18.44014,18.634602,53.178616,20.556196,1.5093304,-0.008297731,0.06652924,1.0239791,2015.0541,7.034075,25.996208,13.85986
4205.7915,1669.2649,17.798185,17.83544,55.249405,17.239105,1.7996101,-0.007026104,0.6219811,0.6976131,2015.0184,6.1814914,13.486359,14.306629
1211.9073,1009.52686,6.0554576,3.722313,78.434456,12.621759,3.0534275,-0.002609688,0.024554692,2.828477,2015.0334,1.8505217,17.255505,13.280377
4243.1133,1353.2742,15.751723,15.727169,60.76181,17.504747,2.224955,-0.0060569043,0.090058185,0.54599786,2015.0542,5.7964926,15.795318,14.73221
11195.233,341.4432,5.986745,3.613402,80.079285,10.387774,2.8635092,3.3705204e-05,0.9778683,-0.025822477,2015.9847,3.8481586,22.524117,9.807693
13244.566,1021.1285,11.076233,10.087941,70.858086,14.169845,2.522254,-0.0057814657,0.2747884,0.908338,2016.0074,6.7431874,21.731892,16.710691
15621.823,1114.9092,13.098127,12.34203,75.996346,17.935266,3.349856,-0.006697604,0.045645468,2.0662153,2016.0214,9.908126,11.871221,16.270317
4036.94,1019.5271,9.249804,6.449181,59.96122,34.84477,2.5068665,0.0044665826,0.23237267,2.9238853,2015.3706,1.6157376,21.174782,14.213439
14826.702,1210.0358,16.781048,16.581596,70.70634,16.346424,2.6005657,-0.010650282,0.90304214,1.7828623,2015.9895,8.884993,20.212568,15.960421
9726.51,625.5673,8.110249,6.1851525,81.19775,16.152372,4.2290154,-0.0026780397,0.12558444,2.7147956,2016.0493,1.5440532,13.988109,12.907448
14383.29,1576.9222,16.764566,16.777714,74.50873,12.926478,2.3583577,-0.0036839333,0.011953077,1.5126861,2016.003,8.416505,16.30179,10.76454
3274.9,-135.73325,2.5253675,0.047470514,89.80865,6.076321,2.791167,0.08389278,0.47776276,3.0539417,2015.3253,1.1954833,14.235211,0.5438235
7639.9146,966.874,15.094271,15.14288,75.469185,17.15055,3.3345482,-0.00845147,0.45960733,1.6995701,2015.1866,9.024073,9.914042,14.396041
14895.81,1408.7899,16.959215,16.79363,73.14666,13.582819,2.1900706,-0.004411725,0.009247384,1.6957344,2016.0345,8.542991,20.290176,10.217721
8932.798,325.88394,13.225149,12.673389,71.769485,11.704306,1.9055598,-0.0022292074,0.26580843,0.34081772,2015.6565,5.0049353,16.603827,2.9547856
13238.699,323.57584,10.837551,9.831558,82.50034,12.74633,3.0221865,-0.00053251284,0.36258128,1.4021716,2015.9529,7.717125,10.176657,5.4936633
2720.0278,198.70297,7.170763,5.20659,81.75711,12.09509,2.4831476,-0.0041765138,0.16171406,1.2839115,2015.0482,3.9633126,12.840445,3.647455
3424.0151,1792.4933,15.230085,15.0623665,53.802048,18.456114,1.3155432,-0.0074356957,-0.0105394805,0.29979935,2015.0118,5.0629554,18.444143,13.523702
9394.739,902.5892,17.439667,17.390732,70.92905,10.74189,1.6426425,-0.011886877,1.0920724,1.066706,2015.522,7.372436,11.928923,7.387135
14754.516,-77.986176,11.327082,10.68834,83.992485,7.5301566,1.1022167,-0.0081065195,0.6410795,1.3199345,2016.0225,8.218001,28.006369,-0.15862823
4759.1943,1032.1453,15.373548,15.4836035,68.41083,21.4111,2.4677765,-0.018692257,1.303661,1.0834839,2014.9841,7.458735,12.177998,13.939641
1892.0338,251.38138,6.5519996,4.17217,79.72756,13.334868,2.2765627,-0.0053981687,0.35030997,1.534186,2015.0023,3.2352276,19.279524,3.849353
17389.104,654.38324,4.0253787,1.760613,83.101234,9.859183,1.5302635,0.0014460187,0.1568687,2.7488787,2016.0116,12.462332,22.119629,12.956488
13823.719,2054.7573,19.295273,19.220556,56.827892,23.04798,2.2199585,-0.009280757,0.8895311,1.0404589,2016.0281,7.3175774,10.916733,15.799771
5440.5894,167.74289,8.006125,5.9090123,86.52797,18.748167,13.832651,0.0033380191,0.9343482,2.4324636,2015.0227,7.9198856,21.70196,4.3871555
15584.073,1348.0469,15.249927,15.183871,72.555336,14.312669,2.0793571,-0.0050334423,0.050602056,1.953341,2016.0256,9.709228,22.605143,13.114547
4845.751,525.78876,4.7029095,2.2565913,81.1803,12.955237,3.8819025,0.00081910257,0.027708746,2.9109757,2015.5156,1.1384069,17.322924,6.109292
11638.234,970.6867,11.802431,10.930559,71.11228,15.290695,3.258497,-0.0043689567,0.37706655,0.26753333,2015.9834,4.7695503,18.391869,14.963924
12660.435,149.96835,10.997771,10.002876,85.41271,10.512272,2.9723876,-0.0077413,1.0408509,0.9610245,2015.957,6.6076083,13.561314,1.9619944
9216.953,217.74203,7.201704,4.723318,84.60537,15.405105,4.1157856,-0.0053564063,1.0864141,2.9211469,2015.9696,1.6965138,13.850653,4.768017
14529.118,3083.541,22.160511,22.101788,47.378963,23.615774,1.215861,-0.010148668,0.7285997,1.2249159,2016.0474,7.7695,16.651213,15.763523
-1287.0375,470.8126,-0.96397716,-3.8336854,74.858574,5.0088487,-0.9093942,-0.00068448234,0.617496,3.3884208,2014.7883,0.8741051,26.165813,8.489669
8016.9263,1925.879,19.328133,19.329231,56.998745,17.330332,2.1074815,-0.00472667,0.05840852,0.85224426,2015.429,6.6127067,13.796034,14.72109
15410.345,469.78635,8.645383,7.2276735,80.2378,10.465159,1.3274366,-0.0034200356,0.7167847,2.0823808,2015.954,10.159877,25.205696,10.67583
11798.007,1077.4062,12.129194,11.221509,78.24639,17.069561,3.280787,-0.0034293768,0.042959593,2.3321466,2015.596,9.869415,7.8541546,12.636198
1291.9669,1272.8217,7.9216394,4.708431,61.75601,31.331347,2.1106014,-0.003105135,0.02933129,2.8022175,2015.0898,1.4555327,15.347392,12.654522
4918.551,778.1533,16.494884,16.508667,71.28472,12.735107,2.2914085,-0.006861975,0.7560074,1.1019238,2015.0239,7.219301,14.839963,9.044877
15234.0625,592.0953,14.107085,13.724753,80.135086,12.298588,2.1841302,-0.004174623,0.028232567,1.8890707,2016.0116,9.319621,18.574043,6.033828
6566.6294,206.1655,14.30766,14.329855,84.3573,11.312193,3.2214067,-0.004897035,0.16832289,1.4003388,2015.1122,8.327386,17.310844,3.7286074
16107.297,624.76984,10.33959,9.28222,82.35832,12.7186775,2.5178652,-0.00086986396,0.11522771,2.3224316,2016.0138,10.79573,15.811647,8.799446
2738.8047,529.6952,4.55332,2.2754683,82.36831,10.531487,2.1278863,-0.00298893,0.030068852,2.8284955,2015.2036,2.0708563,11.970175,5.010242
6146.532,1835.4015,18.402374,18.387947,63.26459,14.028456,1.8660797,-0.006241414,0.00631716,1.4700184,2015.0747,8.141964,17.478098,13.347453
13355.698,471.87167,11.127968,10.234098,86.514046,15.771493,4.8719115,-0.006985923,0.9301945,2.058982,2015.8528,9.013692,13.520353,12.257954
12220.558,1255.73,16.571316,16.462006,69.66016,13.134088,2.0653234,-0.0036367767,-0.01658047,0.8706208,2015.9031,6.6430564,12.472511,10.386759
3138.8037,3577.9324,19.387207,18.953865,26.80205,23.02166,0.5843943,-0.014578008,1.1766922,-0.18991049,2015.0682,4.1396327,17.341312,15.164755
5064.0566,621.3186,16.101208,15.93564,73.78579,12.574105,2.263741,-0.008145527,0.91590744,1.1769241,2015.0195,7.332753,19.184128,6.944643
10578.858,150.61386,16.281662,16.639053,79.516304,9.991946,2.4229593,-0.0035701368,0.1762373,0.9030643,2015.6747,7.052598,16.223476,1.5393984
10280.103,3004.751,25.170273,25.260563,39.8899,16.689651,1.1483316,-0.00971903,0.69270426,1.0825938,2015.6083,7.458454,16.667841,14.868831
8536.036,679.003,7.6820583,5.9092793,77.21155,13.231998,2.1115181,-0.00086820434,0.0017060852,0.2972906,2015.7349,3.6526906,8.794753,7.594321
6675.7295,1088.9308,15.695726,15.523006,70.53085,16.19088,3.1166172,-0.0068414113,0.046036325,0.84316385,2015.2831,6.5858293,13.272238,14.391776
14449.644,2194.414,13.2773485,12.990646,76.50853,16.563644,2.5414274,-0.0043434775,0.032885604,2.1020827,2015.8972,10.155026,7.582303,12.469187
1362.5895,399.39243,6.2617464,3.7219968,80.21994,13.472005,2.9827,-0.004401566,0.56013674,2.4965835,2015.0254,2.1107843,17.999321,8.364811
3368.374,4098.0166,16.795666,16.325521,45.30092,26.672544,1.616765,-0.0049968674,0.09515355,0.093599126,2015.0685,4.7429137,14.658772,14.170393
1217.67,1428.5493,5.100936,2.6942697,78.65513,10.156093,2.3717206,0.17041416,0.07540072,3.0086074,2015.0491,1.6143533,16.848848,15.46585
3873.2124,2915.587,18.447947,18.408602,53.41446,19.162788,1.7088361,-0.0055460907,-0.0061503733,0.5112776,2014.997,5.6447716,24.522713,13.387731
7366.837,993.1319,9.414098,7.833332,68.35487,15.575644,2.3773148,-0.0037644014,0.04388664,-0.11206837,2015.6119,3.4004462,14.545426,12.839042
10968.769,689.18567,9.47598,7.76299,74.43473,17.648788,3.3889146,-0.0016346455,0.45338058,0.32294253,2015.985,4.0664644,11.342161,13.688355
8274.837,460.19345,6.6648965,4.485543,85.70352,11.710638,3.3148458,0.6817012,0.026026584,2.321808,2015.8792,2.0170481,5.427086,6.793045
15665.261,563.6674,8.866192,7.454621,81.23192,11.914124,2.188938,-0.0012158558,0.42331383,2.2651567,2015.9625,10.640731,19.268875,11.886123
10554.024,357.80106,7.355261,5.3846607,83.62053,13.050121,3.7961183,-0.0025090363,0.6568065,2.3715453,2016.096,1.9810325,16.82565,9.006401
6081.249,505.62863,13.607312,13.187351,77.37057,16.300934,3.2751024,-0.0042273286,0.13307948,1.3970171,2015.0636,8.052059,23.277735,7.8286147
4195.4487,315.4468,11.824324,11.0653305,78.903175,12.846696,2.607261,-0.002988811,0.14634909,0.67194194,2015.0586,5.8201413,11.988105,5.56686
2569.2422,1714.9039,9.205985,7.517277,68.359665,16.51116,1.638751,-0.0028335128,0.025199406,0.100246474,2015.0426,3.6655273,14.730262,11.6914215
5154.5454,2489.7722,21.58506,21.3007,44.87849,17.997202,1.1696963,-0.005789866,0.06991435,0.98793536,2015.0688,6.3957076,25.058598,13.945049
627.7745,316.63376,3.1458452,0.7394118,83.846825,8.8890295,2.523211,-0.0053295097,0.16018319,3.080607,2015.0297,1.1662494,20.06718,3.645563
15629.92,291.42203,7.0303574,5.0849833,87.85638,11.739345,3.7927961,-0.0018162422,0.9309453,2.5138042,2016.0676,9.572691,15.122135,8.593507
15527.406,1627.3823,5.5258384,3.757587,83.40665,9.906234,2.2269206,0.0025984354,-0.010905066,2.2931366,2015.9966,10.117496,17.558775,12.836677
7599.892,1029.5468,14.328142,14.174197,72.50839,19.039076,2.6576135,-0.007310295,0.22671747,2.180065,2015.0485,10.345311,16.000074,14.124883
15205.896,214.53036,11.506125,10.940351,86.56445,10.579665,2.7930722,0.00037222792,0.35701418,2.0869288,2015.9475,9.847057,21.103092,4.0618825
12942.723,1711.1666,19.88578,20.075174,63.10919,16.721375,2.5132582,-0.007212171,0.57757425,1.0616727,2015.9244,7.369346,16.173933,14.977362
6624.6904,1870.8823,20.37474,20.440659,54.904552,16.374924,1.6940486,-0.00820179,0.4265387,1.0968736,2015.218,7.287773,11.764094,14.480219
6710.384,2023.1554,16.551617,16.580795,65.029335,18.136415,2.094725,-0.0075303777,0.017368369,1.7120103,2015.048,9.032637,21.095476,13.848053
3918.6255,2113.0767,18.902134,19.022703,49.064297,20.361004,1.7384634,-0.007911791,0.2967021,0.6159311,2015.0032,6.0654597,12.1547575,15.633307
12189.239,3376.8623,13.678611,13.039926,69.523834,14.037075,1.8402364,-0.0027744353,0.043339096,0.45842782,2015.9973,5.4627595,15.168845,11.267138
6473.749,787.8043,14.766002,14.70515,74.58727,23.42913,3.9862378,-0.010182911,0.41644132,1.7610668,2015.0063,9.390613,19.148617,14.276673
8231.504,714.5509,8.191783,6.4011846,77.29434,14.4933605,2.4981241,-0.0029285282,0.016657703,2.4559064,2015.7798,2.7907557,8.049745,8.619601
8703.96,3250.0234,5.7982683,3.2658658,70.619064,19.66394,1.6274987,0.006084234,0.020883821,2.8490915,2015.945,1.0860873,18.06233,11.188017
12391.632,1555.3578,16.984617,17.119509,66.85978,17.203629,2.4582813,-0.005312394,0.037602,1.0731266,2015.8687,7.392439,8.344253,13.627729
17531.924,1660.1118,6.905251,5.719407,80.98827,8.117193,0.69840723,-0.0020007335,-0.00175614,2.6839619,2016.0128,12.411641,27.694805,13.2425375
4594.5605,622.27106,11.988202,11.191567,73.98409,15.351994,2.0780613,-0.002690106,0.042587705,0.9656893,2015.0619,6.3915634,19.527033,6.9590845
11339.244,2121.533,7.7657084,6.2148128,84.40296,12.312429,3.2163048,0.001179124,-0.028763123,2.3679538,2015.6903,7.859638,12.144211,10.156023
15678.272,815.43,11.720092,11.007873,82.31285,11.232429,2.419136,-0.0035089378,0.012273303,2.1201205,2015.9841,10.19153,19.879492,10.13624
2569.5479,2333.3657,7.461322,4.744498,71.37424,21.731379,2.3632622,-0.003918761,0.010282955,2.8135219,2015.231,1.5165068,10.8867235,12.929797
15367.229,561.7636,11.375081,10.163212,82.26004,13.447111,3.2295606,-0.00789404,1.011675,2.085593,2015.9899,9.949118,14.046269,11.727573
14669.293,1160.3949,10.36093,9.092949,79.44124,15.733692,3.0132847,-0.0010097672,0.034504227,2.5353055,2015.853,10.779114,8.305902,13.008371
13486.018,897.7403,16.35953,16.50404,79.21791,11.081235,2.473319,-0.004485344,0.018258564,1.1367866,2015.9581,7.6362367,16.484116,5.354059
1146.9977,623.2835,4.086844,1.9304061,81.8157,8.851899,2.3368487,-0.001101901,0.0389029,2.8870547,2015.0435,1.624734,17.944715,7.881138
13155.576,1391.5261,21.148216,21.19877,60.56692,13.095909,1.3528308,-0.009056822,0.5931389,1.1440272,2015.9326,7.4417777,19.09182,9.218546
2978.2983,128.58878,10.453358,9.775843,84.79554,11.260526,4.4139614,0.35611472,0.4087253,0.11396246,2015.0039,4.498012,20.175392,2.0756037
2456.0469,781.41144,9.369234,7.0365977,76.66419,25.268433,4.448119,-0.006048906,0.08632047,2.8929882,2015.1289,2.315838,18.778406,14.69125
13405.869,173.3724,11.581662,11.042529,86.5296,11.064627,3.399249,0.0002677503,0.22251323,1.3335786,2015.9512,7.7685013,15.919783,3.4745867
3741.1455,1055.7507,15.246806,15.201529,65.46153,19.020296,2.5718398,-0.008938116,0.845105,0.6291237,2014.9872,5.806958,16.897312,13.966857
14050.915,797.63135,16.842201,16.977781,74.326065,12.636878,2.5752664,-0.005550343,0.23572727,1.2935728,2015.9908,7.695782,23.1085,10.703124
4716.7026,272.9288,11.639996,10.9841795,81.184784,11.73698,2.596068,-0.0042849327,0.0110989725,0.9240933,2015.0544,6.5608587,14.276425,3.5457637
7549.691,950.464,8.787543,6.9960513,69.85563,16.60575,2.3412561,-0.0011516989,0.102618806,0.0069125127,2015.6444,3.4491181,11.70858,12.749315
2080.522,167.22006,5.68994,3.3097215,78.76402,11.173883,1.5572879,-0.0017403376,0.29719839,0.03692858,2014.9489,3.9352694,17.811344,4.0932264
11291.644,991.69653,10.722125,9.586308,69.79632,17.755823,2.905077,-0.004260979,0.1277408,0.15292852,2016.0059,4.131369,12.746117,14.73285
2202.5166,821.119,10.522976,9.157314,65.47301,16.138254,1.9505843,-0.0035041415,0.15370962,0.037721798,2014.9614,3.5137606,23.486479,9.345803
6217.493,849.27655,4.5095444,2.2316012,75.35062,10.83151,1.338138,0.0038573432,0.07230634,2.7951834,2015.6091,1.9321896,15.862002,9.819565
16688.256,1020.5318,11.800068,11.223917,77.68394,11.593952,1.516009,-0.0043777875,0.031050287,2.2876885,2016.0297,11.004726,25.922262,11.999517
4987.432,724.01025,13.3909,12.934886,74.63857,15.738886,3.2539346,-0.0051915864,0.0035478687,0.8797577,2015.0669,6.6067834,22.732103,10.069925
6859.772,520.9148,14.881523,14.654416,76.32247,12.976434,2.434528,-0.0060065477,0.045110263,1.6094979,2015.0847,8.712334,23.21354,5.8596063
14317.603,12.282257,7.518235,5.890687,90.46944,9.242595,3.4553542,-0.0020624578,0.8876064,2.252276,2015.9438,9.276843,13.256099,0.5085385
2286.2544,979.9929,9.7293625,7.5971065,71.325005,24.56987,3.2747223,-0.007586499,0.035859443,2.0059142,2015.0337,3.3700657,16.451033,14.039342
8547.515,2427.9263,6.3614063,4.218069,78.0276,13.379484,1.8107269,-0.0003556398,-0.0010434473,2.6509902,2015.8362,2.4131768,9.091164,9.435277
12855.846,1191.3013,14.297272,14.107009,79.78905,14.304211,3.9948747,-0.006036311,0.021329127,1.3371661,2015.888,7.907651,11.044586,13.977923
11742.811,1558.2094,15.35438,15.120702,65.928566,15.478663,2.2943938,-0.0046638786,0.011133394,0.52858365,2015.9275,5.8071995,13.975014,14.187881
2559.0283,1100.1865,11.572939,10.3095665,54.85738,15.935471,0.8861219,-0.00867748,0.73722094,0.009370012,2015.0237,3.8489022,15.271854,11.543814
5919.0034,1148.266,17.194265,17.505753,63.99991,19.391056,2.8078403,-0.004044195,0.41678926,1.3182963,2015.0563,7.8229237,24.913012,15.405619
6942.636,267.60422,13.399183,13.15679,84.965225,11.124849,3.305596,-0.0063645183,0.5784525,1.5888169,2015.1322,8.6883955,14.088137,4.248209
3488.1646,2565.0798,19.41288,19.386366,42.47355,22.64408,1.6088732,-0.008240328,0.3120858,0.43139163,2014.979,5.51589,16.636694,15.742746
2616.3477,806.79065,6.1915503,4.0400043,80.96425,11.093379,2.7687948,0.09500571,0.13333207,2.2617571,2015.1597,2.4101999,14.89019,10.136081
8982.976,847.4247,6.6898723,4.128477,72.29273,16.319143,2.5942376,0.0025160022,0.30030587,2.9269805,2015.9545,1.35417,20.492264,13.9829645
16654.086,626.8616,10.277401,9.224865,80.347534,10.238454,1.567856,-0.0029912211,0.2561727,2.352126,2016.0098,10.888817,30.335655,9.362197
6216.977,1003.5887,16.193535,16.181347,67.967476,14.696748,2.129408,-0.005277786,0.11461081,0.9994258,2015.2034,7.009701,10.297086,11.709391
15826.3545,80.24637,8.56641,7.192548,88.00795,10.105191,2.6724498,0.0010295871,0.09034427,2.3453324,2015.9813,10.75865,12.319783,1.7663567
16071.591,852.0979,9.637052,8.403453,82.24112,13.147956,3.2435513,-0.0034779229,0.43157226,2.4823203,2015.9554,11.203188,18.73233,17.049242
2825.3452,390.82944,9.065726,7.5855308,78.867966,13.018014,2.9342148,-0.0021131143,0.048429884,0.21762232,2015.0262,4.051429,18.323427,6.1197734
14354.168,1333.8687,17.580725,17.66697,71.73426,15.644811,2.937835,-0.0066521945,0.3076649,1.404992,2016.0244,8.134152,17.948742,14.632872
15661.963,188.12137,9.66884,8.704802,87.691025,10.561484,2.9567652,0.020536378,0.31143633,2.3193362,2015.9408,10.585929,22.034098,3.8530085
14579.013,711.5872,14.898497,14.568438,80.72648,14.008132,3.5965075,-0.0059032342,0.7412422,1.7766315,2015.9767,8.931955,17.02899,12.079575
13441.9375,1929.4235,21.260782,21.26571,57.9138,14.735286,1.8833338,-0.0047089807,0.044137694,1.1216294,2015.974,7.453604,17.763834,13.569588
9548.247,483.9349,6.6293607,4.634729,82.09506,13.525243,3.9995005,0.0033873625,0.26657856,2.8883348,2016.0444,1.221336,18.826653,9.551023
7160.192,2291.2512,16.128193,16.219917,64.70147,17.58853,1.7884784,-0.00913271,0.02357433,1.8214643,2015.0599,9.440568,18.714764,13.385266
9565.898,585.3568,6.99615,4.922439,80.53464,13.195664,3.1481867,0.0006965256,0.01638668,1.7013302,2015.9402,2.4034927,13.440005,9.044182
3132.7456,1595.0581,8.94144,7.1078415,76.85609,15.0299425,2.9149082,-0.0034187206,0.036240436,1.3206527,2015.1036,3.8672874,11.777609,12.7524
13278.929,684.79913,13.476205,12.987401,80.33273,15.438388,3.9822683,-0.0067641563,0.74932134,1.2958299,2015.9685,7.5062065,11.42539,13.372255
6469.662,1100.7615,14.72258,14.811977,75.404205,13.705732,2.416973,-0.006216291,0.033364125,1.6915275,2015.0422,9.121518,10.869058,11.381188
15598.812,834.58716,8.106739,6.7572803,82.83314,11.570312,2.3841581,0.0027565386,0.025723733,2.3066547,2015.9792,10.571859,12.751017,10.556424
7057.3223,2727.5771,21.678661,21.617413,48.30362,21.576187,1.3486639,-0.010133048,0.6981784,1.2550869,2015.2515,7.5906973,10.584017,15.397853
8501.494,637.9038,13.322698,13.131633,82.887665,10.836012,2.1950407,-0.0075069307,0.018244408,1.9146665,2015.2129,9.682481,17.945229,2.921965
15007.093,860.4477,7.757898,6.2993307,82.13945,11.887388,2.2604105,0.0023540973,0.003191433,2.2098885,2016.0084,9.370804,12.442121,9.870561
5570.5967,1127.4967,17.03724,17.107538,68.94292,16.667023,2.9152532,-0.0073632165,0.06372552,1.2871609,2015.0371,7.7779536,18.377424,14.751982
16152.636,952.6114,9.77708,8.859841,83.40743,11.285122,2.3706508,-0.0007199415,-0.004676678,2.3764126,2016.0094,10.827874,15.681546,9.65102
4830.0273,2031.78,21.367334,21.288,48.86409,14.829625,1.1756351,-0.007933871,0.6329603,1.0675611,2015.0269,6.9712973,17.411673,14.133344
17411.123,537.6148,7.377427,5.840884,83.30033,8.916635,1.1928864,-0.0030457631,0.09476348,2.5996523,2016.0037,12.05349,28.396523,8.865649
5549.4976,1294.5735,16.750608,16.78363,67.27344,18.357155,3.1493723,-0.008398057,0.3004004,0.9751708,2015.1207,6.891526,13.213358,16.42096
10711.881,204.28629,2.741676,0.5710873,81.536995,6.570329,1.091242,-0.0010190636,0.47696242,2.6217341,2016.1168,1.6865283,24.90764,3.566301
2201.3447,1229.6931,11.937764,11.109554,60.643642,17.193813,1.4349589,-0.003327885,-0.054668374,-0.020909267,2014.9567,3.7098331,27.629326,9.628554
4424.864,333.94644,13.125439,12.624782,81.82505,13.892648,3.4377968,-0.00696432,0.85777843,0.9711955,2014.9976,6.729088,15.653379,7.5214324
10126.439,704.90454,9.460191,7.245883,75.07767,22.707378,3.5121272,-0.0018706762,0.20490023,2.8406844,2016.054,1.8962761,14.242507,12.556832
11641.749,362.025,10.951279,9.812807,87.10019,14.060273,5.0755835,-0.002541642,0.76265794,1.8826537,2015.8223,6.919363,13.976112,8.828179
12688.803,357.32346,10.558248,9.709197,80.08615,11.174697,2.3375094,-0.005182573,0.61596066,0.7175322,2016.0039,6.147712,18.698114,6.3938513
5197.7334,354.31503,11.944768,11.286165,83.30512,12.025385,3.399013,-0.0038521562,-0.0034803534,1.1518233,2015.0516,7.1008725,18.989923,5.2279196
14260.248,1839.3622,18.340141,18.4965,65.76203,15.217852,2.0430856,-0.0061223353,0.03142745,1.3913164,2016.0092,8.09676,18.732946,14.737134
10989.007,1123.8969,9.475462,8.117368,70.620476,15.621991,2.6407778,-0.004913933,0.025729813,0.16153304,2015.9852,3.936358,15.226518,14.794441
7396.733,1221.2439,5.8852596,3.4921322,77.35541,11.886242,2.4319403,0.0009412772,0.040051363,2.9765773,2015.7412,1.7831489,16.241758,13.634446
5332.9536,1943.0793,20.343298,20.316664,49.50265,15.435306,1.397711,-0.007975453,0.43202636,0.87310535,2015.1069,6.6285543,14.166983,14.274728
3650.37,744.3384,9.183263,7.6364856,72.62624,15.440972,2.2494133,-0.0063276137,0.98076,0.113326356,2015.155,4.024555,10.604722,10.371979
11554.038,190.58914,12.76509,12.221432,80.912865,10.477223,2.1941044,-0.0057490687,0.044622444,1.0287178,2015.8279,7.0308585,9.203997,1.2953141
1342.6193,339.4487,6.334989,3.8473964,82.274734,12.557738,3.2631245,-0.006552679,0.90691215,2.1170611,2015.0168,2.3054664,16.105587,7.532364
1051.1515,1861.2975,6.5993757,3.6335354,70.229675,20.146578,2.228845,-0.005974946,0.0239572,2.8443904,2015.053,1.4206349,16.605495,14.878971
12279.85,403.3264,3.9553535,1.5324922,82.82028,12.804943,2.789693,0.0052728658,0.021801107,2.9492369,2016.1078,4.1213765,14.308202,6.2830434
14760.312,1637.0356,16.34718,15.886741,63.637894,25.345715,2.8790817,-0.007736185,0.3528545,1.7612202,2015.9897,9.009318,9.962412,16.221663
11159.239,866.50885,10.735708,9.404928,72.4612,18.293158,3.648607,-0.0054986714,0.44162577,0.19464628,2015.9788,4.1423984,13.941256,15.556132
5963.4497,-40.607513,2.3168705,-0.30900437,88.72172,7.6038384,2.748785,-0.006778111,0.60448694,3.2005284,2015.6608,1.1260573,13.8418455,-1.6557395
7787.0376,252.84561,11.498923,10.990023,85.42482,10.367761,2.4277432,-0.0078110187,0.016525649,2.1047492,2015.108,10.087603,14.383832,1.2229607
2666.2246,1245.6177,9.044256,6.595219,64.148994,26.25498,2.4749808,-0.0051130257,0.059507333,0.8365771,2015.1356,2.8657682,8.378668,14.260465
9132.758,241.71909,6.229387,4.097911,80.6974,12.740452,2.5019119,0.00060073164,0.042887934,0.701746,2015.8441,3.0770683,13.138432,4.9574575
6460.662,726.4127,13.119481,12.88122,81.55069,11.695178,2.6976733,-0.005337361,0.01994165,1.4076388,2015.1366,8.069656,10.938999,6.785583
3581.3086,496.0975,12.033114,11.584307,77.41788,15.429434,3.9955926,0.08327075,0.060111023,0.41465273,2015.0082,5.1459217,23.986895,8.949732
3106.6128,185.65231,4.455576,1.8841939,88.51226,12.369959,12.590584,-0.030242259,0.37569633,2.8055558,2015.1212,3.5005941,13.702135,1.5122597
11738.264,1746.8206,11.376569,10.250426,61.2515,18.703789,2.585677,-0.0112555185,0.94196945,0.07250182,2016.0466,4.2874684,17.89414,17.594501
16313.951,450.7725,6.8304243,5.083164,84.54854,10.866675,2.3742027,-0.00010453287,0.45639905,2.517846,2015.9657,11.460183,19.783192,10.994224
10385.171,1183.3009,15.918559,15.779485,70.21711,15.66186,2.7174826,-0.0052576954,0.037358962,0.9318862,2015.6938,6.691665,12.093935,13.770773
7612.9106,1768.5198,6.299657,4.073926,85.39077,10.305891,2.6683352,0.033965804,0.09215043,2.4937367,2015.6649,3.0437622,13.738858,7.7127
10965.837,838.70917,11.447243,10.45957,69.820175,17.129023,2.4318423,-0.00026869524,0.5788182,0.31653407,2015.9465,4.59863,8.6403475,11.476527
8277.02,1003.5809,10.191033,8.648674,67.54195,16.79717,2.8042905,-0.004340676,0.65119594,-0.010048466,2015.6913,3.628054,15.039468,14.155618
2871.065,2409.698,11.137459,10.203401,67.3362,16.994778,2.169645,-0.004322156,-0.008750119,0.15798883,2015.0221,4.294698,18.91051,13.171057
13750.692,1018.2604,15.188391,14.937426,71.52555,20.044224,2.8528314,-0.0059165913,0.7563944,1.8799176,2015.8567,9.187199,9.984225,13.868403
14452.471,939.1616,13.681035,13.086939,76.0061,21.247217,3.5590813,-0.0076640225,0.49742466,2.4459896,2015.8038,10.763685,13.89089,15.691494
4549.3857,27.888336,11.098741,10.294105,81.76531,10.641951,2.1918356,-0.0065404396,0.06697851,0.89907706,2015.0315,6.491409,19.48201,-0.5634134
2116.0732,1011.47363,8.167114,5.8277144,75.49106,14.802421,3.0633352,-0.004198491,0.032651,0.70542765,2015.0098,3.3538976,17.673542,14.379156
6957.211,317.4962,11.211438,9.988242,85.2672,12.756753,4.2493305,-0.002265611,0.2369206,0.9449583,2015.3741,5.746625,14.5355835,7.2033763
12860.056,1984.3654,19.366226,19.471972,59.385723,17.087318,2.0462687,-0.0054480373,0.046574153,0.84065604,2015.967,6.8619013,12.498922,14.475312
5662.419,886.9804,11.934103,10.5719385,74.81091,23.158955,3.214419,-0.004472898,0.02260328,2.1042018,2015.0212,8.145718,11.238578,11.826072
12820.234,2077.826,16.204626,15.843572,66.77551,21.084143,2.737136,-0.0052698865,0.04746761,1.6581123,2015.8185,8.655259,8.232172,14.858409
5153.3477,191.5151,9.365818,8.222633,78.732834,11.42835,1.925553,-0.0036408987,0.086386524,0.34277847,2015.265,4.697023,9.9746685,2.7440217
11698.184,552.62695,11.435632,10.422936,80.936516,15.785744,3.4902503,-0.0029303164,0.7472484,2.459938,2015.5,10.800581,9.161423,10.959128
4442.6606,147.28067,7.9917555,6.6027403,90.26521,11.399232,4.932922,0.03059932,0.6437694,2.435603,2015.0161,6.452391,18.265007,3.024048
2583.7622,345.39084,11.792993,11.34957,71.72389,11.335132,1.8471763,-0.0043900567,0.097081356,0.13609354,2014.9559,4.3162665,20.882765,3.2870448
13640.131,1474.1296,19.846802,19.866318,62.974216,13.636872,1.7673768,-0.0062978915,-0.0039058411,1.1233343,2015.9983,7.3435674,16.363922,10.949419
4732.524,1775.586,18.447578,18.60195,60.15837,17.729927,2.2130177,-0.0055987868,0.053586356,0.9250825,2015.0381,6.7747636,14.571067,15.0085535
3371.1455,582.8326,9.430743,8.012431,83.7168,13.889496,4.041264,-0.0043361573,0.013760439,2.233121,2015.04,4.7202716,17.09618,9.556337
4673.396,1767.0288,17.798538,17.87679,56.863636,21.436825,2.0312972,-0.0062688324,0.10125365,0.8261951,2015.0457,6.623684,12.546249,15.121992
9601.278,1653.8074,16.570005,16.501179,58.72019,17.968876,2.1356964,-0.0071518957,0.8192858,0.4590383,2015.6882,5.6519027,12.083114,14.314454
5698.876,2827.7908,16.85306,16.858448,68.86096,14.702951,1.9585937,-0.006515564,0.027807705,1.3788459,2015.0336,8.071497,11.791112,12.604466
8519.571,295.53317,13.299623,12.805535,77.2684,9.879848,1.531329,-0.008666669,0.34710464,1.0733488,2015.4844,7.183113,6.3726597,2.2703469
13906.497,1044.9781,19.53074,19.60594,69.57877,11.846589,1.8670863,-0.006749555,0.0013500964,1.1059245,2016.0079,7.5040803,19.036371,7.1454325
17176.293,1282.7177,4.770665,2.817861,81.42357,9.3862505,1.4382498,-0.0001189218,0.016408496,2.7029104,2016.0514,11.726698,24.770044,13.288573
12107.655,723.23395,9.754276,8.401294,81.22073,12.895503,3.4549835,-0.0017129846,0.02358275,0.9632423,2015.9712,5.6990485,14.386032,11.113868
2722.4048,563.0718,11.672839,10.744205,73.090965,14.292508,3.0159302,-0.0037355826,0.7512699,0.06792645,2014.9939,4.1195226,21.592993,7.8274107
10517.906,622.0927,11.494149,10.159861,72.589066,25.926714,3.6907802,-0.005523221,0.8096923,1.2853445,2015.9329,3.932302,9.697164,12.649778
7582.462,1581.2007,16.40492,16.081306,61.368805,27.540844,2.2748928,-0.008205776,0.62519985,2.0938013,2015.073,10.155617,13.769767,14.602544
3412.707,1462.7593,10.175372,9.31463,76.14081,11.721978,2.0800989,-0.0048657297,0.02688206,0.086127564,2015.0725,4.376095,16.85919,8.416428
3061.974,146.81479,9.21323,7.335956,82.46714,13.9781,3.405255,-0.002773912,0.73068565,0.7647071,2015.0178,4.5865974,18.489372,4.2767987
14305.348,1557.4691,18.967829,18.972513,64.61729,14.9403,1.7693673,-0.012667772,1.0986264,1.5691135,2015.9854,8.345866,21.764013,15.14075
12054.589,546.4644,11.601746,10.840562,77.279785,11.927768,2.8510065,-0.003937337,0.5605982,0.48503783,2015.9901,5.14214,22.926617,9.515884
9918.336,661.821,9.661457,7.681626,74.74844,22.180122,3.8100846,-0.0020286434,0.52361,1.741341,2016.0099,2.3095405,11.059377,12.897053
15032.561,689.7521,14.649297,14.36037,80.997665,12.670685,2.9065852,-0.0045278384,0.06630994,1.7812622,2016.0018,9.132711,19.056208,8.525636
16155.065,1455.2482,8.412983,7.040192,82.89575,11.012007,2.644767,7.803616e-05,-0.0022488022,2.5155485,2015.9893,11.092105,16.951115,15.308497
14601.423,1312.6641,16.420673,16.361502,70.3035,18.2137,2.550505,-0.005726009,0.29862913,1.8499566,2015.9313,9.483887,18.233686,13.757709
14069.763,986.7043,17.513523,17.641161,71.450584,14.915423,2.3625724,-0.0063189375,0.3146322,1.304466,2015.9991,8.04082,13.67564,10.723293
7481.9976,1052.5181,12.9174,12.406447,75.034325,15.373736,2.3978286,-0.0035587803,0.019231938,1.3034714,2015.3096,7.5608864,6.2815065,11.498794
15864.099,213.91733,8.318744,7.099397,87.4009,9.094076,2.3520617,0.00020905462,0.3465412,2.299774,2015.9469,10.798146,21.896309,5.128666
13225.552,824.31134,17.32823,17.404762,75.77572,14.212922,3.2307177,-0.008070164,0.6161668,1.2602062,2015.908,7.9305997,15.376846,11.398004
8945.072,301.04745,3.5402286,1.3453593,81.11571,9.138535,1.9365133,0.0046187122,0.24402677,2.8037026,2015.9388,1.47215,21.315332,5.184915
12136.459,1226.4128,16.09231,16.001947,72.2945,12.172088,2.2845426,-0.0025166583,-0.0014678622,0.79420084,2015.909,6.4891176,14.520122,9.0633135
9614.759,271.0773,5.2180877,2.558497,78.43106,13.735877,2.0615706,0.0014709949,0.75143605,2.8901322,2016.0635,1.2398187,14.29727,4.9486117
5493.0674,963.97656,9.717305,6.9960957,63.78544,34.420536,3.099191,0.0024833295,0.12754409,2.948233,2015.5444,1.4694506,19.567213,13.727046
3507.4546,2990.6858,20.63735,20.52751,37.98635,22.163551,1.3843576,-0.009075929,0.29254872,0.45661882,2014.9762,5.6086144,15.522486,15.793411
10014.125,2403.4526,19.868456,19.90144,58.88411,18.866945,2.1446195,-0.0061434167,0.050944515,1.2399123,2015.572,7.7059364,11.704582,14.740588
5126.944,1365.4408,17.745161,17.839333,63.245926,15.588853,1.9504102,-0.006882792,0.14775157,1.1051438,2015.0453,7.318749,11.685119,13.584969
13346.492,270.0187,10.005985,8.830701,86.02449,15.522699,3.9656062,0.23364396,0.2929508,1.5696814,2015.9626,7.511351,16.329872,10.619704
13832.9795,946.21704,15.559262,15.623286,77.18032,16.831114,4.171259,-0.009622828,0.37840217,1.3615961,2015.9752,8.086496,13.139557,16.457556
11968.281,1031.8308,16.94484,16.947493,69.586464,14.026234,2.9263468,-0.0050139553,0.04221558,0.7043798,2015.8824,6.4822183,15.908327,11.958795
14408.037,2032.9308,22.987684,23.134415,52.49357,14.256381,1.2912319,-0.007614264,0.098813854,1.2684077,2016.0448,7.602163,27.56838,13.506624
12983.481,1447.5122,17.924435,17.988434,64.378075,14.130597,2.4006011,-0.0042500696,0.04457449,0.7276234,2015.9911,6.485834,18.146807,13.652443
10160.01,1625.0087,6.629376,4.410924,76.55517,11.727104,2.2951608,-0.0019201275,0.030988686,0.99930125,2015.9745,2.7000663,18.211676,14.050256
879.48834,845.4935,6.736829,3.5120735,66.74247,22.254473,1.8491584,-0.003182403,0.47031742,2.7069228,2015.0533,1.3527004,13.80827,13.759435
13839.552,1527.0884,13.132013,12.860032,78.41992,12.750483,2.6970544,-0.0036215738,0.014561198,1.2549459,2016.0172,7.7126594,11.019371,11.654965
1016.0723,912.46387,5.2501197,1.9784303,67.15741,16.604488,1.0005238,-0.0012994327,0.23992413,2.4272823,2014.9962,2.0682223,16.825188,14.605094
913.5855,740.07446,8.494354,5.9694066,71.318405,27.61412,3.5380685,-0.00839406,0.86729896,2.356449,2014.9741,2.180002,24.061628,15.497066
11359.724,814.14276,14.112217,13.922476,79.86556,15.744401,3.6417477,-0.0032789179,0.12556726,1.9290526,2015.5782,9.568463,9.76588,11.856644
13321.332,1325.1396,20.347147,20.37894,60.621483,13.439222,1.7431251,-0.0071436255,0.2112664,0.99548423,2015.9731,7.130991,18.038645,10.481858
4452.7783,2515.1318,19.744562,19.648623,49.07074,16.140894,1.412955,-0.0076422743,0.031768776,0.7099274,2015.0411,6.187734,16.095747,14.216632
5473.479,1946.6772,17.273256,17.338535,56.523785,25.516182,2.2896197,-0.011205413,0.9272243,0.6421748,2015.1799,6.2820473,8.528923,15.123715
16627.7,982.04565,8.898279,7.777111,82.7682,11.0558815,1.9904509,-0.0012378742,-0.010215201,2.4899483,2016.0327,11.26665,14.313501,9.612309
14739.1,2205.5085,19.416475,19.470673,56.968826,19.15625,1.4100467,-0.008600314,0.44267482,1.412749,2016.0481,8.217607,18.14061,15.178799
4395.6846,2385.3096,19.68473,19.856565,52.747845,19.80956,1.9795504,-0.0065842527,0.06561046,0.79691666,2015.0168,6.503178,14.364997,15.296868
14841.514,882.38824,14.710902,14.360322,78.75764,15.273069,3.6134293,-0.007049614,0.58434355,1.8723308,2015.9834,9.247615,15.470773,14.737975
12588.725,1350.8456,17.709826,17.875448,64.6305,15.640962,2.2531745,-0.004911901,0.1019711,0.6822615,2015.9594,6.5103292,13.562548,13.349429
5623.8965,2922.9966,16.845642,16.415209,40.913815,23.847258,1.4553556,-0.0069080754,0.23431012,0.0039452743,2015.3528,4.407376,13.520011,15.005437
1253.9733,555.1553,6.2487707,3.4352155,75.937515,16.269854,2.5421124,-0.0040911674,0.4221991,2.782246,2015.0499,1.7425524,15.475494,10.700959
11080.6,1499.33,19.015112,19.17825,63.816486,14.122069,2.295726,-0.0035412863,0.08346846,0.91563797,2015.7347,6.81768,18.22746,12.718907
13462.069,396.42502,15.033397,14.984721,82.69722,12.477172,3.5827336,-0.0037838083,0.07647204,1.1218976,2015.9678,7.4715285,15.998414,6.1472836
5946.3843,2284.5996,5.864742,3.3997226,79.77244,12.971839,2.4055693,-0.0022121307,0.04737111,3.0062168,2015.5979,1.4762684,15.3372555,14.01062
13948.186,233.34958,14.416838,14.231536,82.10182,11.7642,2.4971988,-0.0056404225,0.17362922,1.8499967,2015.8777,9.256525,21.088003,1.5459559
14958.822,713.47107,16.00362,15.758531,77.09167,12.852503,2.3786163,-0.005587065,0.59782094,1.8261684,2016.0042,8.830645,24.673344,8.971693
3865.104,387.9642,11.304663,10.122726,82.126015,15.795031,4.1318316,-0.0050647906,0.7526302,0.699336,2015.0426,5.4057074,14.64134,10.6191025
3131.0356,1276.2947,11.945637,11.037005,61.285458,25.414803,2.4438822,-0.00861453,0.81418383,0.15932469,2015.0543,4.3114195,11.167962,14.947256
8595.521,1438.5908,4.685744,2.1447206,72.65987,10.708975,1.4224179,0.006890562,0.08933752,2.8669977,2015.855,1.9145991,21.417671,13.796909
8016.456,2198.8281,11.369323,10.93465,80.703705,14.522038,2.6473124,-0.0069934777,0.0072192466,2.5073617,2015.0347,11.207781,19.487854,11.639176
12822.842,1365.4065,18.907108,18.995842,67.52302,14.723206,2.6849036,-0.011556012,0.9587232,1.0443794,2015.9058,7.418628,15.469797,14.534423
10376.056,212.88449,10.01439,8.489083,82.89769,12.504832,3.708448,-0.0043182964,0.9613372,0.2699112,2015.8787,4.3321834,13.421887,5.625606
13082.292,94.77225,7.581334,6.1223493,88.99426,10.965473,3.6181736,-1.3777167e-06,0.11839198,2.435321,2015.6998,10.403425,15.591718,2.1668208
3242.1875,2163.8674,15.226284,14.984667,51.695,19.063242,1.4747806,-0.006768608,0.023686327,0.15736859,2015.0297,4.6778784,16.094381,14.38521
12229.895,1682.9482,16.215689,15.781236,60.494663,13.028452,1.5751464,-0.0036138215,0.0020332849,0.40124002,2016.0112,5.34891,16.564583,11.3096895
4147.4326,2890.9814,21.553001,21.45871,40.3305,19.337591,1.2430619,-0.008389463,0.23669925,0.66643685,2014.9995,6.0207276,17.661047,14.894409
14931.801,1003.2859,14.062952,13.571755,71.938675,21.746037,2.8916054,-0.006374381,0.63105834,2.251932,2015.8888,10.366391,12.158948,14.490442
5116.126,859.19604,16.847328,17.529707,69.247314,12.219832,3.1496515,0.24807878,0.12622155,0.4247941,2015.1217,6.205998,19.819326,8.99949
7598.5776,626.7848,13.293772,12.876492,78.01982,15.932127,2.974807,-0.0041890866,0.12909421,2.1929088,2015.0533,10.283957,21.609797,8.994428
10587.835,446.8795,10.262012,8.864351,76.91977,12.842144,2.9098923,-0.0008044404,0.6973513,0.13520722,2015.9242,4.0587826,16.619818,6.3801517
6676.167,35.487946,10.224881,9.378346,85.31691,10.447365,2.5916333,-0.007944596,0.1850197,1.8751562,2015.0388,9.418158,17.821228,-0.66359305
2385.9678,790.5694,9.481796,7.315879,75.92844,20.20157,3.8514564,-0.005138555,0.09271235,1.8651462,2015.089,2.8851793,14.871555,13.926354
15590.71,976.19525,7.941526,6.626768,84.214,11.336716,2.7469714,0.0028410375,0.0027050292,2.3370998,2015.9863,10.50094,11.492177,10.661814
2346.9639,943.80774,9.009475,6.3445816,65.86818,23.086111,2.6972241,-0.0044861133,0.50085354,0.13314585,2015.0223,3.5897565,15.370891,14.664368
14888.901,1336.7172,15.02124,14.595282,68.689926,19.551392,2.735043,-0.007834551,0.12189511,1.7413764,2016.0034,9.005938,14.7651415,16.635403
8111.5303,1212.2617,13.039628,12.649837,77.438,15.964311,2.5930057,-0.0051250565,0.053547718,2.3739533,2015.1095,10.698258,11.381431,12.324213
11213.225,1597.0793,10.786954,9.552114,57.974274,20.466555,1.9992012,-0.006804747,0.3332049,0.083712265,2016.0189,4.0648293,16.59987,16.408293
11736.167,-88.77011,9.300146,8.071455,87.13428,10.473688,2.9416025,0.0011136297,0.13725637,1.0498955,2015.9039,5.9575105,12.063049,-1.3428752
8312.129,230.08224,6.2735815,4.032842,82.72726,11.729293,2.3943555,-0.0051400117,0.3895271,2.7768607,2015.8268,2.360789,10.099982,2.479356
1942.5875,520.73236,7.2651987,4.9053874,82.360725,16.89109,4.6410155,-0.0029708866,0.45454162,2.9145288,2015.1206,1.8271991,18.37453,10.56704
6984.7207,380.44315,12.603584,12.309838,83.39685,13.649197,3.4678166,-0.0058992947,0.7355823,2.0170383,2015.0251,9.773916,20.098118,6.1276956
6355.6475,1243.7787,15.978662,15.984342,63.122982,26.772202,2.3876567,-0.010933855,0.8824572,1.6893822,2015.0076,9.1463785,16.243036,14.017119
5846.443,504.84946,12.161853,11.335108,80.41523,17.234793,3.4803147,-0.0038146966,0.62102157,1.7577232,2015.0215,8.533119,10.959083,10.312557
5268.569,744.28357,7.9340863,5.615152,71.3957,18.64715,2.3197842,0.00033194263,0.1310324,1.9374958,2015.49,2.3185465,7.3215837,10.462599
9486.202,363.56424,4.867345,2.8236308,80.819275,10.988945,1.8778272,0.0017248678,0.03413307,2.7791686,2015.9781,1.9300853,15.651359,5.053264
12814.532,1156.541,17.58657,17.655352,71.27157,16.035265,2.94971,-0.007566066,0.5750325,1.3712887,2015.856,8.094388,13.48199,14.107634
12516.123,582.49493,7.326068,5.0486274,78.808815,15.005923,2.687952,0.002909797,0.2252463,2.5337842,2016.0383,5.414339,16.561579,11.785285
10215.161,472.01474,3.3441484,1.6763206,81.321205,7.841292,1.8035471,0.006216767,0.025785647,2.8127549,2016.0728,1.467403,22.79135,5.930898
14452.636,3995.164,16.79688,16.980223,70.821495,15.01671,1.9575878,-0.0047382484,0.041736044,1.4287908,2016.0068,8.391756,16.064783,11.790163
7586.306,647.5383,13.717692,13.323588,77.74115,26.962801,4.362661,-0.009381545,0.42682895,2.5806377,2014.9679,11.484653,16.009436,13.309648
8489.921,301.2897,10.744393,9.846437,86.180756,11.9139595,3.6201942,-0.0031897083,0.15584885,1.9361515,2015.3328,8.385724,12.11879,4.5419135
4198.4683,1854.3447,18.090319,18.162384,53.95711,19.175447,1.9069115,-0.0069628446,0.2308293,0.6895546,2015.0201,6.2279305,13.467798,15.189493
2989.0557,1247.7151,10.424508,8.915394,72.776184,16.444736,3.1668851,-0.0044527906,0.018119,0.35629228,2015.0483,4.3121557,16.577902,14.110858
5926.5083,1000.43335,18.254143,18.281101,68.54313,12.309874,1.8892523,-0.008232054,0.726249,1.3054335,2015.1042,7.7283816,15.695194,9.586071
9861.513,267.90915,10.787377,9.813186,76.24817,11.296226,1.8521959,-0.0033142131,0.005852363,0.3233706,2015.7852,4.802293,10.952546,2.4640553
13683.091,1215.491,19.827194,19.913866,65.11568,13.540795,1.6532636,-0.008127493,0.5812914,1.1879051,2015.9868,7.5000496,19.528217,9.638789
14673.386,707.0379,16.8635,16.885857,75.07668,13.4908695,2.0013733,-0.0055700666,0.030753471,1.6006067,2016.0173,8.503304,16.432817,7.096494
5757.1416,586.5699,13.349354,12.549549,79.9547,22.065722,4.6515183,-0.006593048,0.18839149,1.593158,2015.0187,8.244908,17.0479,13.24024
5076.7217,1425.7944,16.922037,17.028732,64.06754,15.18747,2.020323,-0.0065274457,0.014256469,0.85998756,2015.0867,6.6297016,13.114418,14.074136
10831.116,709.14923,13.244349,12.761242,79.03054,14.977334,3.5639508,-0.0041388622,0.482756,1.29873,2015.6932,7.545805,8.36176,11.7964525
7223.5557,1129.8932,7.746201,5.2230783,72.54294,16.044905,2.9336414,-0.0033819147,0.045045875,0.96917105,2015.6393,2.7936912,14.382141,16.416412
9979.0625,2354.9446,20.47593,20.47505,53.24123,21.369566,1.9606754,-0.007053641,0.17276962,0.96869504,2015.6376,7.0436125,7.7117157,15.285553
5527.931,401.42892,11.269692,10.4803505,87.63122,17.411394,5.481776,0.2366464,0.21631536,1.9574538,2015.0262,7.760953,14.536775,12.89239
4787.7705,2157.2036,18.063692,17.97513,58.92948,14.264773,1.5947404,-0.0064280643,0.02940207,0.7911268,2015.0642,6.3954806,15.179338,13.0593
12093.612,1738.7675,19.492352,19.541342,59.892727,16.350603,2.1596785,-0.0060719172,0.4283238,0.9139854,2015.8615,6.938715,13.61018,14.1641
7709.786,213.10654,8.561788,6.9651756,84.580696,11.414964,3.2949026,-0.0011025716,0.20170301,1.183571,2015.584,4.2625904,12.657333,3.668535
9203.775,1289.306,8.535965,6.007251,65.84801,22.293701,2.8280108,-0.0044950987,0.03505846,0.69781905,2015.8779,2.7218127,12.771493,16.201822
16089.375,2445.7957,13.524174,13.288108,72.52166,14.302032,1.8940544,-0.007253052,0.024360962,2.0837004,2016.0166,10.507568,21.282675,16.053646
5466.2104,261.5261,8.865603,7.1628556,85.27585,13.128248,4.330325,-0.0028921936,0.81270474,0.36305442,2015.3484,4.021858,15.3109255,7.54253
3913.5742,981.2634,7.52885,4.8770432,73.701805,18.359034,2.767457,-0.001317871,0.02786944,2.9412467,2015.3348,1.9932467,11.933774,12.448551
6881.4785,473.55466,12.263182,11.754933,80.32745,13.939233,2.8096902,-0.005601415,0.11042387,1.9052267,2015.0574,9.640157,14.790284,6.68329
5659.582,664.90375,15.207293,15.090129,74.78043,18.424587,4.016886,-0.0050705927,0.1713169,1.2220498,2015.0369,7.6699,23.274715,12.465432
14818.99,3806.8472,18.025936,18.084652,67.84377,12.64166,1.4439353,-0.0058813035,0.036821313,1.5957357,2016.0065,8.629127,25.67851,13.209314
7105.4834,801.36536,7.241617,4.3781857,70.35077,19.870771,2.4829679,0.00017814589,0.6906379,2.7257276,2015.7683,1.3054277,13.064421,13.177459
2332.1572,723.3697,11.334541,9.16108,67.95981,39.423115,4.081609,-0.0067283153,0.7449781,2.6416245,2015.1595,1.9750668,17.136997,13.474875
3445.3525,993.84406,10.0224285,8.35418,69.12374,24.1877,3.2074342,-0.012763341,1.0147573,0.16936915,2015.1237,3.935861,11.356683,15.132417
15396.489,425.2852,7.1108637,5.3492785,82.232834,10.741192,1.5880713,-0.0037200537,0.84071875,2.2835524,2016.0063,9.827102,19.592194,9.181906
4338.0864,133.71487,7.6337204,5.7217684,83.807236,13.775533,3.0510936,-0.0089862915,0.91459286,2.3752913,2015.005,6.440374,19.153856,2.8437684
9579.779,1196.9735,15.846174,15.774079,71.661285,15.3284025,2.1453035,-0.0068793646,0.12540148,1.9706496,2015.3378,9.8064,15.706522,11.594442
12503.235,2282.8618,18.50111,18.697018,58.99573,17.768133,2.1079578,-0.005045268,0.008316926,0.5798885,2015.9738,6.2354813,12.721083,14.610269
10194.682,269.3477,5.492718,3.1489186,79.84329,10.6391325,2.225456,0.0021036163,0.22024961,0.7376616,2015.9045,3.5522807,18.584917,7.38808
16403.523,661.661,10.221266,9.229405,82.48585,13.884234,2.696298,-0.0012537271,0.06975215,2.5049398,2015.9971,11.459461,11.754467,9.218528
10706.505,746.5777,9.660181,8.189139,68.65465,13.101234,1.7056788,-0.0032050584,0.13827194,-0.02617331,2015.9874,3.5769918,17.500736,8.562791
10553.408,1629.8972,19.739634,19.874416,62.037964,15.488826,1.8621287,-0.007590515,0.4425649,1.3657511,2015.61,8.009963,15.554859,13.667692
12986.421,352.95206,12.412329,11.861093,83.84579,11.946232,3.4673312,-0.0056859027,0.76220924,1.0926284,2015.9636,7.0973554,13.7579565,6.262963
5210.761,1120.0454,9.810139,7.1861773,61.109825,34.01355,2.8587565,-0.0029264477,0.12975514,2.733094,2015.5372,1.3332897,14.729364,14.466712
5481.5767,1087.7195,15.994681,16.117207,69.80109,17.184277,2.5545044,-0.011845433,0.8891925,1.4321276,2014.9974,8.350082,12.099962,14.52808
10729.828,1882.1211,13.880526,13.0877075,52.51946,18.22934,1.4947294,-0.00492157,0.24886891,-0.009378271,2015.961,4.137519,12.455406,13.718537
10870.575,923.92957,11.980961,11.643427,81.453804,12.80771,3.134838,-0.0032985874,0.028765492,1.7491652,2015.5778,8.897399,7.9252214,9.248624
4348.635,1102.1697,15.874586,15.682467,62.154564,14.126414,1.6744951,-0.006944166,0.6532946,0.70150346,2015.0409,6.1719584,14.320967,10.879229
10258.545,1155.3184,9.910803,7.744418,67.21322,26.291414,2.8917356,-0.0062080114,0.058732294,2.5848384,2016.0581,1.9607764,14.9981,14.833018
6601.3174,1623.1356,13.608309,12.90644,52.890064,17.79712,1.4056139,-0.005481306,0.078641124,0.0171179,2015.4729,4.1442904,14.474591,13.739708
3383.9346,379.89493,9.396567,7.8078732,78.63017,13.900518,2.8531914,-0.0016972807,0.27322814,0.41077545,2015.068,4.519272,13.265177,7.3276706
12149.45,640.4328,16.472391,16.307,79.51884,11.675556,2.4869256,-0.0067780665,0.62110364,1.2374587,2015.8043,7.5389895,22.908154,4.8520203
5553.0615,2803.2883,18.35078,18.408495,59.550503,18.41264,1.896211,-0.0074721477,0.01626452,0.9648034,2015.1337,6.8663635,8.490897,14.362375
14428.554,314.57962,15.67528,15.65729,79.834076,10.864502,2.1286225,-0.0066163666,0.08401836,1.3894875,2015.9911,8.103822,24.7663,4.272916
9667.109,788.3585,10.199421,8.542776,74.87925,16.811132,3.870435,-0.0036861163,0.47835323,0.17041115,2015.8236,3.9015505,15.432523,14.303153
8012.8228,275.35013,3.9694755,1.8218875,84.63089,9.02908,2.825612,0.0018955383,0.1438811,2.93747,2015.8582,1.2402359,18.89545,4.0720515
8470.122,1144.8075,6.7609687,3.2981982,61.265587,21.511429,1.185808,0.0014238402,0.12292189,2.7029,2015.9333,1.1793247,15.752793,14.715175
4783.4556,3462.1626,18.326437,18.10827,56.969704,24.051975,2.1083784,-0.004041239,0.044265352,0.91059303,2015.0573,6.7671847,11.965129,14.027101
4935.7393,1450.69,8.637344,6.1544023,66.67054,24.671125,2.6533406,-0.0059548425,0.012901536,1.7572837,2015.4688,1.9786054,9.3159,14.780778
6690.812,1023.4499,13.657745,13.369438,72.064926,17.499548,2.2595289,-0.00523588,0.035333075,1.8184361,2015.0553,9.318123,13.123096,11.346046
12302.125,3950.4937,17.458456,17.249813,65.89094,14.884343,1.7880657,-0.003167662,0.027567424,0.8405925,2015.9185,6.507553,11.094559,10.941557
15412.645,700.194,13.883948,13.469004,78.79633,12.791988,2.1331367,-0.005416292,0.4609257,2.0030043,2015.9912,9.774456,22.374943,10.171737
5730.7144,3151.2083,19.792292,19.782454,55.437786,18.142996,1.6417632,-0.008674898,0.041586287,1.2816494,2015.0687,7.7109575,10.141847,14.228559
15076.598,433.83743,11.917791,11.112582,85.388954,12.413176,3.7088935,-0.0028008793,0.61333305,2.0974364,2015.9528,9.844872,16.936598,9.502246
4155.6235,556.7086,14.479359,14.1300535,72.84669,15.120423,2.4264686,-0.009914477,1.107511,0.7367884,2014.9957,6.2469716,23.068449,6.69951
7489.0796,392.3712,12.082085,11.499612,86.465836,14.464139,4.3118277,-0.014958036,1.138683,2.0269144,2015.092,9.862122,19.540007,7.4322305
14163.091,1458.2762,19.559826,19.435503,64.07044,14.428415,1.2642325,-0.007440125,0.7990953,1.4466558,2016.0105,7.898333,24.598597,9.03773
9749.602,621.17346,15.977407,16.054697,79.042206,9.924384,2.3910067,-0.0050873957,0.040622555,1.0387284,2015.5626,7.324884,15.779986,4.031654
6313.7607,1327.5146,14.998261,14.871827,68.15803,19.953897,2.5081596,-0.008604852,0.009935728,1.5993568,2015.031,8.773271,22.588074,13.651678
2833.3467,1044.2341,8.8387,5.9708085,64.1831,29.628935,2.5879874,-0.0017991655,0.15167575,2.7899911,2015.236,1.7296692,15.890641,14.385915
14505.578,409.40622,12.555628,12.081135,83.3786,12.466444,3.2889764,-0.0046884227,0.51853335,1.5183444,2015.9994,8.616327,15.588709,8.105328
15626.459,817.15985,8.65244,7.1900654,78.426346,13.312247,2.0538466,-0.0004255281,0.180789,2.2941568,2016.0015,10.271783,16.817501,14.758141
4856.2534,1836.5212,19.606575,19.69749,59.126587,16.244722,1.9512969,-0.0063926014,0.731857,1.1544842,2015.0249,7.206225,16.73957,15.266507
6903.5405,1221.9912,7.796141,4.5340347,55.378643,29.454752,1.5354717,0.0011583928,0.4947223,2.9051886,2015.7184,1.5320975,21.115,17.007025
5792.5493,2585.288,20.360483,20.40043,55.652683,18.73198,1.993082,-0.0069553717,0.04937675,1.082894,2015.1306,7.187028,12.311079,15.18531
2388.7139,439.81876,9.045432,7.0964165,82.84809,15.980936,4.6462736,-0.0042845956,0.7706515,0.92256194,2015.0363,3.4381754,17.697954,11.400736
10340.076,449.32822,6.338087,4.0992236,79.148224,13.123002,2.5257194,-0.00032179552,0.5461129,2.6375005,2016.0702,1.9298178,19.821709,8.8795185
7028.147,229.58151,11.728022,11.179163,85.06938,12.61971,3.4088295,-0.006011212,0.51704544,2.0625799,2015.0167,10.008518,18.514235,3.912186
11028.718,2480.8318,17.917759,17.852343,54.904373,21.426025,2.0838294,-0.0052575017,0.042025723,0.5543327,2015.8375,5.9361105,10.141303,14.953753
2904.3857,330.23123,9.587824,8.10398,77.73011,14.080809,2.5329685,-0.003480756,0.8537711,0.2531723,2015.0272,4.3247833,16.869495,5.658729
12374.675,442.51743,9.612876,7.9942846,81.21993,17.19585,3.4961936,-0.0025664505,0.7947076,2.751698,2015.5555,11.2409935,10.392859,10.02987
6903.2793,673.0858,9.190927,7.1182785,78.4528,23.379747,4.6325254,-0.011283674,1.1430395,1.6731318,2015.6731,1.851061,14.209472,13.331392
4726.221,497.89835,12.816319,11.901931,77.1459,32.12268,4.883491,-0.0092165815,0.7775553,1.79782,2014.998,6.9936304,18.423891,13.027116
4562.7783,716.41656,17.126394,16.936422,58.069736,15.532562,1.1337616,-0.006449226,0.11405695,0.43520358,2015.0852,5.2653136,28.661703,4.9933085
1988.7257,497.32547,8.532456,5.965955,79.12639,22.199118,4.4988484,-0.0054638884,0.84322804,2.8960316,2015.1237,1.8554426,16.584366,11.848719
8392.843,984.6235,14.650654,14.765023,74.43194,16.676762,2.8405282,-0.0062296684,0.3921724,1.6666003,2015.2834,8.968855,8.115804,13.221493
9317.418,1456.6764,4.847795,2.3113475,71.0685,11.291809,1.5592484,0.008062999,0.07196047,2.9366283,2015.9891,1.1872054,23.62659,14.376994
10569.772,1425.4647,7.630563,5.2818766,66.40822,16.87304,1.6502545,-0.004720356,0.06215655,0.88623774,2016.0074,3.3097053,15.12298,14.531217
17556.629,657.00073,6.0568743,4.182575,87.13025,10.729015,3.7423894,0.024177143,0.22846493,2.7843955,2016.0215,12.468611,21.735039,15.44282
494.01083,237.63345,3.1829174,0.85638946,83.461555,8.085262,1.9102917,-0.004801716,0.15281378,3.0239022,2015.0056,1.295973,17.65085,5.5280294
10241.925,833.8824,10.398886,9.130605,77.33246,14.387432,3.2529848,-0.0018047981,0.018290274,0.3457593,2015.8624,4.5296755,10.297118,11.38541
13105.861,98.78262,5.3389826,3.1485305,83.066795,7.908013,1.10691,-0.0022690922,0.5654347,1.5092213,2015.9481,7.0713944,27.497149,3.4135563
2934.442,1236.6532,10.124707,8.704123,62.733315,18.1354,1.9469589,-0.0053894366,0.10357352,-0.0026800204,2015.0875,3.6341984,13.979107,14.493066
1717.8224,897.68774,5.830741,3.505241,79.06633,12.303708,1.8511816,-0.004225656,0.005956403,1.8817497,2015.0121,2.8783772,14.854327,6.4328666
14868.166,2858.369,14.743525,14.594853,76.47998,13.861441,2.0449598,-0.0024598942,0.03600674,1.8661369,2015.9718,9.391339,16.984919,9.143133
13424.78,1522.1578,18.303207,18.419178,66.690704,15.98195,2.70679,-0.0062506846,0.048174597,0.966614,2015.9955,7.179406,15.476071,14.857253
10235.973,499.00516,7.655381,5.6153655,80.5942,15.268814,3.7146008,0.0012995291,0.4077252,2.8388958,2016.0728,1.7602297,17.472754,10.316558
12421.627,183.95676,6.205531,3.3925905,91.726204,15.091568,19.740377,0.009140221,0.72895473,2.173007,2015.9591,6.3223424,13.008686,4.113794
5442.6694,1669.0073,17.585732,17.754337,60.918453,16.662045,1.7029486,-0.008388274,0.022783883,1.2400702,2015.02,7.808952,13.105964,13.627005
14058.955,1421.1426,14.908246,14.8379755,70.65167,19.452398,2.5977333,-0.005127299,0.017143898,1.6563461,2015.9296,9.010694,7.1864557,13.373819
4123.507,219.9169,10.345217,9.292652,80.284645,11.677122,2.4895885,-0.0030131165,0.38810796,0.46324208,2015.1135,5.057768,11.9396515,3.6860425
3429.355,1176.6147,13.439094,12.981102,61.465084,21.14572,2.4505925,-0.005333749,0.27456346,0.2300853,2015.0437,4.580912,18.080778,15.067242
13957.308,1004.6113,15.128054,14.535235,72.69522,15.570338,2.6239054,0.9465258,0.099744104,1.86253,2015.8662,8.670868,30.35867,12.099616
11171.696,1122.6147,8.848432,7.2040477,73.30784,13.37442,2.9212623,-0.0045177075,0.03906054,0.56911355,2015.9581,4.4178147,21.626211,15.689249
8628.052,693.09204,10.74549,8.396918,68.85975,34.857838,3.9945536,-0.000803917,0.87949866,2.9033837,2015.9373,1.0886847,17.758741,12.401454
14540.51,2707.92,20.263393,20.345995,63.595016,15.3893175,1.8847926,-0.005642203,0.024433993,1.3719413,2016.0386,8.028238,20.763212,14.359933
4719.68,1877.921,20.331896,20.552794,48.009396,14.497618,1.117927,-0.0058381944,0.11867646,0.5974792,2015.0682,5.896821,23.483278,12.55449
10305.96,358.39627,4.3756056,1.4267192,75.24275,11.169786,1.100288,0.0009367454,1.0440632,1.1073916,2015.9703,2.8718925,18.971193,8.3307085
10619.408,233.37216,3.3278148,1.2377076,84.22268,9.998671,2.7105124,0.0047645685,0.08205647,2.920539,2016.1018,1.8353988,19.042456,2.7946074
5048.6177,1701.3325,19.591194,19.559359,56.721733,15.460915,1.7989497,-0.0056986506,0.101072095,1.0350336,2015.0491,6.935764,17.8852,14.104276
10719.878,730.55273,12.605851,11.821181,70.60053,15.129248,2.357595,-0.002074388,0.5892567,0.38881138,2015.8737,5.0057855,11.439797,9.796555
14013.425,2342.4712,18.254385,18.452375,64.86163,15.978342,2.0265288,-0.005393462,0.0223464,1.146796,2016.0255,7.616389,14.755914,13.785529
1279.818,912.8,6.62167,4.4043107,78.884056,12.886839,3.1757014,-0.002300355,0.028257214,2.481689,2015.009,2.1896226,18.66679,11.970253
3179.371,792.21124,10.234528,8.343952,73.2528,21.655647,3.7244198,-0.005514815,0.46960688,0.4075332,2015.0791,4.214946,12.521747,14.60776
10564.454,1517.026,6.9420257,5.1747,83.402214,11.509143,2.755649,-0.0024323643,-0.006543168,2.4673822,2016.0046,3.0106757,13.930145,9.17296
9209.593,2697.5708,9.548651,8.197085,70.579636,16.22419,2.1501918,-0.0017316223,5.548358e-05,0.043642566,2015.81,3.773627,14.169005,11.97084
12879.92,945.49,16.95199,16.91787,75.89611,14.222794,3.35325,-0.0053279693,0.102366455,1.3317366,2015.8635,8.03968,14.828793,11.233963
5042.328,2184.4268,19.097301,18.977348,54.36289,24.02194,1.9769679,-0.00581596,0.28090796,1.0424241,2015.0609,7.1714296,8.093973,15.253249
10597.877,119.1962,8.212306,6.9069915,91.08519,9.989087,3.70067,0.09736283,0.08379827,2.4132288,2015.328,11.0324955,18.797596,1.3029244
1235.0099,1783.7334,5.7182274,3.0970054,74.13771,14.911186,1.7346653,-0.0038892266,0.024396561,2.5658972,2015.0885,1.437864,11.065028,11.489299
5382.9536,465.34708,14.924193,14.894069,81.30469,13.735537,3.5627098,-0.0065580006,0.69330984,1.3754874,2015.0038,8.055617,15.491295,8.994954
12280.356,454.308,13.605621,13.231264,80.94043,12.765777,3.001842,-0.0056719775,0.7401817,1.1537309,2015.8706,7.400566,10.182863,6.95391
8698.251,1183.4269,7.877271,5.184435,68.92031,20.801338,2.6161618,-0.00404188,0.03742943,2.2410638,2015.9537,1.2679607,11.506226,14.663415
15875.519,684.6582,9.0706215,7.5688925,81.81111,13.256804,2.9083827,-0.001842079,0.6051365,2.4007444,2015.9681,10.913249,16.10649,14.502176
11939.228,187.337,12.446976,11.942238,83.10693,10.859277,2.6647158,-0.0041801906,0.15264083,1.1564698,2015.8389,7.370995,10.757482,1.5793707
5324.234,2598.419,20.874746,20.860043,51.388615,13.68801,1.5010451,-0.0064076926,0.07090496,0.8507105,2015.099,6.66041,17.761122,13.922413
7396.5786,764.4636,12.036258,11.47711,79.81289,14.17365,2.8218915,-0.005182083,-0.0108526135,2.0791306,2015.0481,9.782349,24.741463,5.7186575
12724.885,792.75964,16.334282,16.233778,75.424065,11.924241,1.5437812,-0.007116051,0.6802593,1.6410391,2015.8115,8.5993595,18.569826,5.159126
9436.156,878.3814,14.337251,13.989365,77.26593,20.520765,3.9901166,-0.0069951243,0.25185892,1.9363894,2015.3673,9.410597,9.97908,13.791
14549.826,409.82925,13.369046,12.973417,84.92892,11.184462,3.3254378,-0.008397085,0.8894575,1.5227611,2015.981,8.504189,21.161081,7.5746403
4638.869,552.3402,12.795991,12.2146225,72.173996,12.966274,2.0578055,-0.0028523293,0.06883276,0.5063341,2015.1421,5.3707337,12.846808,6.479475
4024.9287,1230.1544,13.23001,12.564552,63.281948,21.153309,2.8987105,-0.006672248,0.39970896,0.26620534,2015.1115,4.7244954,14.834418,16.235403
2994.2998,1375.042,6.2867637,3.6666813,74.85343,20.495945,5.5110044,-0.0023104225,-0.065343656,3.101753,2015.2463,1.7014724,18.868864,8.577986
683.77106,923.07874,3.9022872,1.5295367,79.15811,10.893368,1.8306133,-0.0027587612,0.016091935,3.019897,2015.0034,1.4447895,18.100597,7.755345
16937.672,174.10184,3.1241157,1.0265841,89.84744,6.731997,2.5083597,0.023747144,0.09819146,2.4284558,2016.0156,11.328481,25.16775,6.3799644
15051.815,651.40686,12.005665,11.385732,84.83186,11.946502,3.418857,-0.0012291756,0.0056189513,1.9904319,2015.9724,9.664891,13.7700815,8.658094
8886.16,940.57184,11.908828,10.984649,72.25763,16.530355,3.0783536,-0.0031187807,0.09004735,0.3492557,2015.6782,4.7943473,12.18039,13.491239
14046.864,1229.6685,17.554546,17.732553,69.64561,16.567568,2.627156,-0.007664898,0.60265917,1.2752613,2016.0089,7.919805,12.957711,13.817204
6112.377,650.49274,10.749247,9.851207,80.90377,12.641923,2.445702,-0.0043837796,-0.0029095793,1.8865353,2015.0319,8.702317,14.63139,5.3461814
1641.1339,801.8049,7.9550185,5.149121,71.69287,23.823322,3.1400054,-0.005733525,0.8027136,2.8788638,2015.0636,2.0283306,18.37982,14.997865
8892.227,1111.0409,14.168782,13.937504,74.82192,18.240076,2.8114355,-0.006623247,0.087638,2.281657,2015.1918,10.581624,11.553055,13.74824
6142.183,288.37363,7.716796,6.5608644,90.27476,8.924098,4.472907,0.56721646,0.03028778,2.240254,2014.9443,9.636743,19.02073,2.2662375
16774.432,1385.0536,5.196644,3.8819094,86.50003,7.073216,1.0628151,0.000163824,0.012236229,2.4850094,2015.9558,11.613742,22.829405,8.080214
9095.43,705.02997,13.723692,13.206758,83.16863,18.473616,4.790576,-0.005889352,0.17491566,2.5030367,2015.1959,10.873657,13.900045,13.627197
3886.961,372.38052,11.965077,11.3443775,76.10444,11.895176,2.294192,-0.0026707065,0.032205574,0.42358378,2015.0651,5.2402205,16.442667,3.8909643
7014.07,568.29254,13.659678,13.4485445,83.961876,17.4804,5.10505,-0.0067459843,0.2782466,2.0433547,2015.0177,10.002291,18.94469,13.56167
9850.202,767.59436,7.5102453,5.355518,76.437546,16.53065,3.1388435,-0.0027206906,0.050662003,2.4861224,2016.0587,1.6084977,11.981804,12.411082
13932.597,1260.9447,19.127811,19.288406,67.52002,13.618513,1.8033003,-0.0085826935,0.83101547,1.2742144,2015.9957,7.686017,20.753332,10.875686
3868.9854,218.4432,6.9247284,4.142787,86.083115,18.637339,11.866283,-0.028385846,0.90446275,2.8407075,2015.2229,3.2016516,14.682382,5.1844153
6926.484,1139.086,11.176857,10.48266,82.06952,14.44694,3.3451803,-0.004520818,0.0071893847,2.2354858,2015.0394,9.809738,12.983738,10.14365
15072.034,1421.9333,15.903485,15.842231,71.23111,16.624052,2.4827473,-0.004622906,0.09885629,1.8076253,2016.0204,9.160852,18.182795,13.284376
6801.155,933.20465,15.208141,15.196292,71.61642,19.37148,3.1633782,-0.007774008,0.12622143,1.7566363,2015.0319,9.363209,20.683374,14.490483
1312.631,632.74536,3.7306707,1.5646434,77.799095,8.447916,1.4736879,0.0021054714,0.13467532,2.8663518,2015.0416,1.7718807,19.385576,11.734855
1581.359,159.20969,6.3574886,3.8070345,81.39766,12.683455,2.6126988,-0.005138214,0.8240777,1.5663954,2014.979,3.0217578,19.458847,3.6527293
2371.0552,253.09079,6.521362,4.598494,85.1792,10.287516,2.7063556,-0.0047223507,0.040927388,2.4138465,2015.0531,3.3975267,12.713745,2.4610932
440.067,880.14355,4.3550706,1.2220778,67.65694,17.098005,0.7066303,0.00028230128,0.03879129,2.9811952,2014.98,1.4523727,15.144652,10.476213
10332.036,641.0142,6.078916,3.4171166,73.87028,12.599554,1.9636233,-0.0026408483,0.6322778,0.90064347,2015.9749,3.050912,20.919338,13.1527195
2667.415,572.70764,11.29363,9.960919,79.30413,26.816965,5.0152087,-0.009262,0.7139693,1.9858232,2015.0498,3.7566001,18.10694,14.851681
4356.756,2447.8774,21.141792,21.271685,47.029152,18.954975,1.6188711,-0.008345255,0.8808755,0.9026258,2015.0011,6.7074823,12.726225,15.893408
5011.8726,742.75024,14.723785,14.430289,76.06449,17.88666,3.9657443,-0.007969526,0.34185869,1.1123676,2015.0184,7.2198205,17.160156,14.321415
13559.244,3754.712,20.875397,20.816244,56.984898,15.04248,1.5699251,-0.0057078986,0.058519967,0.9404531,2016.0076,7.0597496,18.064203,13.177503
9328.526,2176.1182,18.406687,18.211773,50.902977,17.095276,1.5470763,-0.0061611137,0.031628437,0.4816878,2015.6547,5.662731,14.345417,14.081361
14296.058,2829.9683,16.031733,16.008022,77.706635,11.432547,2.0349674,-0.0012378555,0.01867529,1.5089103,2016.0006,8.338467,15.675195,8.6957245
11274.16,730.4712,11.587276,10.4251995,72.93407,22.244463,3.8124394,-0.0066207102,0.68391454,0.5587632,2015.9366,4.9103084,10.314176,15.057659
13127.186,1741.6108,8.54983,7.3677177,80.413704,13.020032,2.2819397,0.00028447685,0.03537368,2.551937,2015.6765,10.946891,6.5541096,10.376475
9193.608,776.7378,9.273872,7.4661684,75.005,23.525131,4.033274,-0.009370779,0.64324504,2.6729407,2016.011,1.1432663,15.940711,17.515291
5115.633,1219.5116,17.422918,17.45807,67.064445,16.208443,2.7606478,-0.00686744,0.31285945,1.1226976,2015.0397,7.2573967,15.124389,14.558706
4653.9062,2379.334,21.17517,21.128555,48.331104,17.668808,1.4789203,-0.007624419,0.58470637,0.9919929,2015.0193,6.830607,15.252111,14.976331
11251.426,741.99994,10.067338,8.35502,72.87347,22.097816,3.584175,-0.0090144845,0.87882453,1.0226184,2016.0201,3.5374126,16.078218,15.414471
15217.977,589.0268,14.415584,14.022639,79.50174,12.654769,2.48703,-0.0034684048,0.41556683,1.9455454,2016.0,9.23673,24.97812,7.3297195
11643.772,1300.1259,15.576283,15.4111395,65.28639,16.72115,2.349375,-0.0046325265,0.1885778,0.5265287,2015.9124,5.8219495,11.967478,13.498817
7767.6167,655.06696,15.111698,14.991901,76.41344,14.488027,3.946206,0.41662756,0.056792624,0.5446604,2015.4375,6.0643,18.847551,10.884329
9806.238,581.44037,11.330154,10.018332,82.77604,20.83183,4.850833,-0.0028861233,0.109550826,2.7033956,2015.3733,9.506707,14.40577,12.562933
13868.829,995.4081,16.113647,16.170156,73.862854,16.519104,3.19012,-0.010624261,0.8159769,1.1831162,2016.0089,7.678256,13.021894,14.934379
16056.99,361.71243,9.988926,8.813004,82.67365,12.684469,2.4472249,-0.0019981277,0.27313843,2.3866541,2015.9911,10.861992,18.492579,5.932172
15229.446,1188.6545,15.224805,15.089772,71.55902,17.675955,2.4106677,-0.005717534,0.18540967,1.8347639,2016.0208,9.305723,14.464817,13.918639
4943.805,219.58987,14.696326,14.637995,79.19283,10.27932,2.3240476,-0.0064672674,0.4419217,1.0748158,2015.0201,7.3552327,15.192482,2.2003214
10337.307,1600.859,8.314322,6.3787627,77.23297,15.820862,3.042573,-0.00527236,0.018665753,2.5764487,2016.0831,1.9259197,11.981827,14.551472
11151.926,1014.7321,10.520484,9.271993,67.95405,18.549833,3.1134603,-0.005967885,0.3466319,0.09920959,2015.9958,4.023611,14.322868,15.977798
10262.638,-74.28012,4.1088567,1.5726743,84.189415,9.708505,1.7676109,-0.00071314845,0.726947,2.3121102,2016.0555,2.1304638,15.924916,0.26822782
7302.404,1073.4362,15.200927,14.773555,67.96575,15.691555,1.9019064,-0.004793422,0.07901207,1.746742,2015.1246,8.805397,24.2775,10.241521
3389.3926,1095.5732,12.776216,11.909248,63.40193,24.768776,2.9578736,-0.005655983,0.27092162,0.28645673,2015.0515,4.580752,15.57581,15.408814
5542.0977,1728.7474,14.957514,14.444892,58.46322,24.610277,2.3186886,-0.0044894977,0.09854842,0.47960284,2015.2528,5.438051,9.927731,15.192057
10195.645,106.64511,4.560935,2.10008,79.96883,10.227639,1.426041,0.0009899072,0.101060845,0.5613564,2015.896,3.7890134,18.277813,4.7891335
9875.921,2665.4453,5.701148,3.513966,81.58955,11.818444,2.2236557,-0.0013758813,-0.03466163,2.779591,2016.018,1.6058785,14.385139,10.966575
5166.949,2309.4192,15.424774,15.374384,70.74048,14.55323,1.9995228,-0.0056039016,0.0170668,1.1269763,2015.0287,7.339751,16.182022,12.088155
8902.615,2188.057,21.075645,20.984968,53.05544,14.865344,1.4722352,-0.0068303994,0.0328409,1.0278009,2015.4794,7.0763693,13.377002,13.610567
7866.9673,1034.4973,14.109811,13.747901,69.42234,26.028694,2.7957382,-0.0069738342,0.17852724,2.430344,2015.0309,11.12642,13.955185,13.142562
4787.028,1706.7784,17.999464,18.181522,60.80911,18.476786,2.2180915,-0.0065537165,0.20371982,0.95063496,2015.0381,6.879342,11.470918,14.972802
10868.601,2415.5562,9.117756,7.4945226,78.0005,15.27982,2.8671088,-0.004477776,-0.010066547,1.6462209,2015.9833,4.047462,9.731376,12.734593
12460.801,1699.4574,14.19803,14.025761,71.690346,16.78312,2.6764987,-0.005488209,0.005388341,1.0005802,2015.9299,6.971127,7.828103,13.656302
2274.1333,1045.4597,6.359174,4.1819434,80.92431,11.542654,2.5797863,-0.0016916983,0.0884553,2.0512137,2015.0762,2.6671836,15.872758,10.536683
13596.928,3100.5256,23.68919,23.778938,44.1759,19.619581,1.235403,-0.00994587,0.3844162,1.091638,2016.0079,7.4479613,12.083669,15.073891
2965.5903,712.9706,6.356457,3.6830344,77.7329,16.709757,3.2898483,0.0032600786,0.010735921,2.9285154,2015.2551,1.5711895,14.18145,8.472068
3342.0928,990.0486,9.680084,8.101188,77.58968,13.85683,2.8523293,-0.0016022988,0.010377697,0.7042431,2015.0306,4.934216,16.564806,9.242874
5551.5054,257.30075,15.241807,15.213222,77.983665,10.351263,2.049877,-0.007766345,0.02670937,1.1835992,2015.053,7.774173,18.223154,1.6426451
13562.728,1001.1999,14.271544,14.098055,74.24886,16.81124,3.132704,-0.007314266,0.30307373,1.0534267,2016.0339,7.142551,10.163387,14.295488
13129.43,245.7717,13.710141,13.327662,79.42965,11.6317,2.261128,-0.005003921,0.26529276,0.8847633,2016.0172,6.6668086,13.778081,2.4149811
12055.885,555.0224,14.140037,13.660865,72.35314,12.216692,2.2854652,-0.00236025,0.3144349,0.4997473,2015.9702,5.546809,18.02792,5.3836064
3533.377,311.28006,9.578856,8.282457,81.83033,12.076373,3.0301101,-0.0017607671,0.025599234,0.7850964,2015.0457,4.9507794,18.093365,4.1129813
5671.7173,332.09848,10.515572,9.3580265,84.84312,13.942099,3.7431455,-0.004400592,0.32058477,2.0505195,2015.0427,8.006573,13.287628,7.0799823
7178.1533,1861.541,13.1780205,13.241613,76.96898,15.577463,2.4102304,-0.0072750314,0.04533512,2.0274901,2015.0625,10.072714,7.6457376,12.374712
5345.951,1037.5762,18.263723,18.220558,65.15069,13.03995,1.7018862,-0.0075996905,0.6268444,1.2488532,2015.0425,7.454943,18.540897,9.979161
13367.787,1671.1248,19.85511,19.954653,64.85336,15.694615,2.4002178,-0.013104954,1.0820386,1.145244,2015.9519,7.710283,16.054714,15.120933
12249.784,609.3827,14.943095,14.738795,83.0817,13.875808,4.587513,-0.0069311797,0.7496551,1.2095562,2015.8408,7.5497775,13.758254,11.772125
5259.378,1057.6298,17.176949,17.237316,66.82121,13.354535,1.5578909,-0.009268169,0.8030242,1.2645483,2015.0452,7.677003,8.944268,11.091025
4082.6753,2240.5608,18.543304,18.589874,49.62224,21.59901,1.6431853,-0.009497725,0.82508457,0.6736997,2015.0164,6.190679,8.671397,15.600338
761.4283,540.8168,4.8717594,2.2600226,79.06626,11.801045,2.6445506,-0.0012187373,0.6969937,2.8715413,2014.9856,1.6546136,19.348562,12.390421
10731.196,1046.8055,6.9715004,4.6090436,67.39982,17.561811,2.8227468,-0.013137412,1.0963601,-0.08600719,2015.9967,3.1508932,19.383368,17.38027
6466.532,1495.411,19.904156,19.906136,60.763844,12.601279,1.3276659,-0.008551401,0.84180564,1.2149235,2015.1729,7.454329,17.378649,11.11795
2410.4697,224.7496,8.158297,6.4220853,78.264175,12.940483,2.0963256,-0.0018250544,0.17650229,0.19760387,2014.9901,3.8487678,20.060299,2.4544137
6451.648,776.86475,13.633694,12.83147,76.31362,25.910055,4.262323,-0.008291637,0.08866476,1.9164281,2015.0243,9.164984,14.73804,13.501137
11331.117,472.1675,6.012931,3.7623134,81.0765,12.986246,2.7153707,0.0011738341,0.12739204,2.7138,2016.0597,3.3424907,18.350214,8.94001
7558.178,87.89163,3.9036634,1.4374614,83.56855,9.188291,1.8455592,-0.0010460627,0.3571122,2.7068875,2015.7905,1.4599382,15.013448,2.7321093
2158.3867,583.5731,5.687451,3.0700498,79.59304,14.375196,2.694949,-0.0037461661,0.022347592,2.9573162,2015.1268,2.1177895,12.744072,6.365993
8426.418,472.0347,7.888921,5.5840044,79.847404,16.353262,3.843286,-0.004666287,0.8633898,1.8853889,2015.882,1.6630794,11.997656,10.420304
11088.398,1680.8076,17.786694,17.813187,63.280247,19.803968,2.4632375,-0.006116129,0.24178782,1.1690004,2015.7139,7.5575676,7.2281094,14.337682
3235.2412,152.76608,11.143462,10.1916065,82.90456,10.554386,3.0851877,-0.0075285784,1.0396563,0.3854026,2014.9987,5.055906,17.222984,2.2771695
11548.324,244.0715,4.0292583,1.6458879,83.51456,9.089048,2.3615415,0.00058556785,0.6567171,2.7171192,2016.135,2.6279159,23.455698,5.8174024
4652.841,1632.2993,18.292833,18.538103,61.452587,16.502651,2.2106025,-0.011878186,0.99132514,0.9478551,2015.019,6.9433417,13.090329,15.113363
9433.623,2002.4778,8.500483,7.807576,87.97277,10.231533,2.700241,-0.005735948,0.0062198853,2.4932034,2015.2089,11.034227,12.969544,6.757553
6909.312,1106.9551,15.661987,15.7831745,70.828026,20.233313,3.3953419,-0.010307503,0.060510837,1.7593433,2015.0298,9.464982,19.633398,17.03901
11977.311,175.05667,5.9171925,3.611618,86.17187,10.455951,2.7466533,-0.0070697605,1.0175868,2.6779244,2016.1309,3.5564468,16.688814,3.0198205
15937.92,540.1776,8.3161545,6.7330575,85.86739,12.656251,3.7898424,0.0031775765,0.09931614,2.4354393,2015.9924,10.871262,14.214623,11.491683
14522.027,344.92618,11.345283,10.434342,87.47649,11.784501,3.9563582,-0.004791356,0.853498,1.9864717,2015.9105,9.6748905,16.290274,7.6150784
6557.293,2054.2979,18.550478,18.607895,59.335247,16.337568,1.5927132,-0.008179163,0.03284497,1.5662675,2015.0856,8.47782,19.355768,14.134465
9536.208,378.59744,7.230295,5.211084,80.80524,12.652495,2.9647222,0.001141927,0.024216838,0.290373,2015.8531,3.377844,14.571633,6.525257
9226.352,317.584,14.356897,14.140784,77.405106,10.930115,2.441781,-0.0041875984,0.035848327,0.75908524,2015.5865,6.471838,13.2128525,3.165643
14439.562,2163.057,14.138806,13.990794,81.67421,11.097772,2.2065794,-0.004659414,0.025355823,1.7124691,2015.9604,8.832192,16.168772,6.0785217
7134.373,1205.5928,15.36159,15.100982,65.28347,27.522097,3.0687006,-0.0100405,0.060543157,1.8424078,2015.062,9.631801,18.380627,14.674243
7194.4595,1008.18787,10.859328,9.321685,75.71401,18.385803,3.1892776,-0.0043811607,0.015459946,2.033101,2015.5049,4.6307483,7.447405,12.40582
3794.8774,2429.0586,19.618334,19.620209,45.636433,19.558304,1.5286716,-0.0078256065,0.09597338,0.56562173,2014.9845,5.8830776,15.063605,15.218987
15656.862,766.1158,9.771398,8.489246,83.671555,13.720882,3.6694713,-0.0009407078,0.13597077,2.3365595,2015.971,10.626432,13.385873,14.3828945
3541.9502,618.87427,11.054605,10.288426,77.306274,11.819932,2.3807077,-0.0011840959,-0.0036640847,0.38011947,2015.0438,4.9107213,17.985271,4.8413315
4792.5825,781.7402,16.158644,16.240484,73.33858,13.6580715,3.169266,-0.0050581726,0.5819189,0.90545,2015.0369,6.779522,17.073439,10.297624
13725.539,2124.1938,20.185312,20.372898,56.11182,18.875057,1.827892,-0.008105834,0.8260725,1.0626683,2016.0188,7.352138,15.022864,15.204709
13635.314,810.5674,15.140151,14.964384,80.379326,14.607894,3.7548637,-0.0040779575,0.09546987,1.6561995,2015.8876,8.885421,13.456332,10.736321
12122.55,538.13885,11.99521,10.955847,80.926414,15.389984,4.0259213,-0.0013394051,0.53167176,1.2081742,2015.8992,6.73072,9.85185,11.405443
2867.7065,804.29486,5.916704,3.7326097,81.55066,11.004966,2.8523295,-0.0028306928,0.022941701,2.7639267,2015.206,2.0960271,14.919482,9.788881
10737.855,560.2524,9.264463,7.865556,74.551445,12.091389,2.511047,-0.002301737,0.06266751,-0.10094698,2015.9891,3.536322,18.37126,6.7062345
6106.411,718.8108,7.1795354,4.6251965,76.79089,18.001455,3.6759949,0.0027171343,0.10672303,2.8576312,2015.6157,1.444172,17.827822,11.629059
14867.456,453.62894,8.84815,7.201308,85.118,12.472593,3.5551553,-0.0046381685,0.794627,2.2484703,2016.0255,8.792083,16.499073,11.781864
10953.292,464.4576,7.7430787,5.7556787,77.75551,13.188424,2.7524137,-0.0054530646,0.890949,0.317861,2015.9823,3.8696785,19.071203,10.55163
15911.739,682.9461,12.179279,11.42777,78.74102,11.46603,1.8158516,-0.0030503601,0.49344674,2.1870012,2015.9968,10.089111,29.203812,9.952695
16230.662,321.15024,8.423595,6.9178963,84.398476,11.332217,2.3763871,0.0005297537,0.12645057,2.3989043,2016.0106,11.005103,12.981697,5.9989233
13832.84,1788.7529,16.256668,16.312948,73.39229,15.143581,2.9366062,-0.00578127,0.016711526,1.3385117,2015.9736,8.163264,12.196174,14.319772
11426.283,1777.3414,16.553577,16.50416,69.55481,14.160562,2.4157734,-0.0033040338,0.00044017195,0.8313336,2015.826,6.547886,13.536356,13.292386
9407.082,751.1826,8.760994,6.31336,73.11152,22.493155,3.3628466,-0.0021431216,0.7104344,2.8559268,2015.99,1.5847164,17.070024,14.091744
4695.854,914.79614,10.968643,9.844454,75.33326,16.855951,2.4761546,-0.0016364597,0.027019955,1.2985926,2015.0571,6.615471,9.948577,10.20532
12772.914,766.72504,13.285356,12.77483,79.85802,16.769844,3.5873852,-0.0041984166,0.59114903,2.219541,2015.6814,10.131317,11.082666,12.7513485
11982.635,3273.2507,23.658594,23.648182,46.159748,18.323578,1.6707599,-0.007337143,0.112024896,0.9622784,2015.8279,7.1956606,16.09311,15.012306
3274.187,540.65784,8.757726,6.694272,78.94964,25.676542,5.440392,-7.747981e-05,0.15217617,3.0066996,2015.209,2.3277805,19.33086,11.081133
4383.571,834.7191,14.290891,14.211267,72.002846,19.968239,2.8390062,-0.011787404,1.0367419,1.0039297,2014.9801,6.9688587,11.58581,13.012484
1272.7887,91.68448,4.3388762,2.0878139,85.29902,8.968443,2.3170865,0.0030977472,0.16616572,2.2031183,2015.0087,2.3360999,14.597816,3.6766317
13948.273,2643.8367,18.200142,18.532585,63.376316,19.414148,2.3326433,-0.005825685,0.018551104,1.0731126,2016.0245,7.6187534,12.100344,14.881329
12698.903,3667.9775,19.188381,18.977585,57.0634,14.398707,1.5127635,-0.0041381526,0.055558093,0.64722013,2015.9828,6.1108756,19.01715,12.778591
6967.2183,4038.0605,24.879923,24.730799,37.391857,20.594141,1.2240698,-0.009121724,0.1337991,1.0157033,2015.2626,7.0196924,15.576569,15.0132885
12101.375,211.68698,7.951993,5.726979,84.14677,13.575413,3.2267795,-0.007458882,1.2065521,2.8077002,2015.9484,5.928613,10.37596,3.7439315
9517.761,3005.1123,18.530115,18.63545,64.4289,16.615978,1.9271797,-0.0077972314,0.040288173,1.4956188,2015.4268,8.572714,12.870593,13.447389
13382.351,1666.242,18.625208,18.727404,60.588737,16.704376,1.8656738,-0.009033275,0.9306536,0.82800865,2016.032,6.844452,12.537655,13.322054
11831.028,1842.066,13.898522,13.26572,63.05327,14.754876,1.9273318,-0.005017567,0.042730935,0.4156262,2015.9741,5.224182,18.83692,14.531929
8035.652,2643.2493,19.639042,19.762138,58.111485,16.005966,1.4447074,-0.010090598,0.01162102,1.5525036,2015.2489,8.572987,16.191895,14.108222
13229.591,1377.5392,9.261472,7.4345813,76.977936,18.337109,2.8888297,0.00089285214,-0.022307642,2.654554,2016.0728,5.9798994,10.064624,13.124253
11928.296,143.61179,14.412825,14.659099,85.22602,10.446337,2.9006913,-0.004200037,0.3992845,1.3919249,2015.7281,8.314912,16.897139,1.6818154
2767.4102,2592.5583,17.928514,17.753168,35.804676,21.22754,0.9211882,-0.009383042,0.1464793,-0.008417802,2014.9741,4.36108,22.028477,14.856652
11647.866,482.35135,13.461388,12.998389,82.562386,12.831584,3.8618276,-0.003545088,0.28328976,1.2732819,2015.7762,7.5486803,11.35997,8.246752
5590.0576,1308.5138,16.78024,16.931273,65.350555,19.01572,2.3487747,-0.010753681,0.8736705,1.4252387,2014.9957,8.289334,15.651589,14.965396
15312.116,482.45377,12.08314,11.282008,83.03029,12.484291,2.913502,-0.003130437,0.386906,2.085611,2015.9825,9.8592005,18.653217,7.881413
11870.263,3210.977,19.364258,19.236223,63.14846,15.797469,2.0376945,-0.0044995,0.03677716,1.0371133,2015.8235,7.1280527,13.002707,12.81863
9977.106,204.8779,5.088891,2.758222,83.12891,12.621737,2.8073077,-0.00052109297,0.3551284,2.8436687,2016.0823,1.5109931,13.221925,2.2025979
9193.992,793.1262,18.60407,18.731401,70.15317,11.699204,1.5657904,-0.00869278,0.34047756,1.4081885,2015.44,8.104756,19.15797,6.2184134
1873.3419,1642.4088,9.258304,6.8079762,57.041843,29.371515,1.9458636,-0.006288828,0.012291095,0.024433298,2015.007,3.064163,12.964826,13.554878
13955.932,1405.4249,17.55376,17.628775,72.14154,12.6164465,2.0438805,-0.0040777507,0.0027532196,1.2146711,2016.011,7.7112036,15.132482,9.312047
13148.726,266.05014,14.31932,14.211068,82.55813,11.1957655,2.691923,-0.006034441,0.78968155,0.9694819,2015.9738,6.956229,16.212488,2.9907506
11158.072,1406.3313,8.863731,7.33974,76.57902,14.175511,2.5819106,0.0003537691,0.008167974,0.53557783,2015.9701,4.59844,9.620677,10.633266
10801.515,749.4772,3.16174,1.3634515,80.9341,7.794081,1.6868213,0.006922268,-0.009326884,2.8755531,2016.0864,2.051481,21.80889,7.1050954
8956.763,1119.0979,10.958305,9.359548,67.0712,25.192005,3.0785136,-0.0031358704,0.10528093,0.4523336,2015.7302,4.349958,8.370747,14.054725
3113.317,176.18845,9.057735,7.2905087,77.95965,13.410442,1.7792919,-0.004651412,0.8588494,0.5856498,2015.0172,4.8767037,12.630968,3.0922053
11735.198,397.69144,10.214277,9.012761,80.03494,13.15032,3.2184463,-0.003125557,0.40913856,0.49882057,2015.9913,5.0709267,15.392697,8.688936
7824.5664,416.31808,11.479651,10.613112,83.44649,16.551853,4.2163024,-0.0041259187,0.11767515,2.3989651,2015.0496,10.797269,19.295532,7.9422927
4961.754,892.27747,13.667485,12.915345,70.031944,25.29515,3.2317934,-0.007832118,0.1184736,1.2017505,2015.0262,7.1348886,14.012864,14.051235
3472.9697,622.657,9.936106,8.39318,79.60178,14.243799,3.6488476,-0.0026015893,0.039409615,0.4853296,2015.0698,4.612838,14.378405,10.953362
4428.6924,2600.209,20.979961,20.954657,46.399498,19.356157,1.7151282,-0.00726396,0.38300583,0.8375716,2015.0126,6.49816,14.255934,15.4463415
1703.6027,467.30746,5.770659,3.135038,75.24935,14.912984,1.9846283,-0.00047310378,0.7476783,2.7370162,2015.0867,1.9624201,15.053866,9.423329
4771.529,372.87277,5.942199,3.4113412,79.481834,11.923524,2.625342,-0.001999765,0.89219767,1.1217998,2015.3356,3.0672517,14.784216,9.185832
7136.18,126.42978,8.807615,7.341878,87.63514,10.289751,3.5634282,-0.0027049158,0.4175425,1.7989354,2015.4125,5.6178513,12.915919,1.314853
17051.408,65.17703,3.3552387,0.9997925,89.89029,8.061079,2.408818,0.0029396534,0.14999962,2.636748,2016.0432,11.627393,19.112183,3.880688
12222.3545,1388.3213,8.175771,6.826375,82.10605,12.361448,2.5561366,0.001469298,-0.007011869,2.399915,2015.774,8.412458,7.371089,8.150941
12940.344,1093.9355,9.328701,8.109679,70.24316,13.230007,1.9916776,-0.0047239657,0.0646226,0.9104531,2015.982,6.527889,23.637589,16.552967
10092.552,802.8,14.066699,13.468507,69.01091,13.494797,2.4338164,-0.003952581,0.4821395,0.43656054,2015.759,5.433327,16.461,8.781285
8267.288,530.5065,12.903268,12.572593,84.15873,15.378634,4.1940355,-0.0043020113,0.13502808,2.4186392,2015.0966,10.809527,16.849716,9.762149
3838.266,428.0156,14.796004,14.588915,68.4254,12.008438,1.507499,-0.0070767603,0.37716612,0.51517737,2015.0114,5.801656,19.160854,2.8034098
5981.355,882.8743,15.339245,15.546243,74.51418,16.468437,3.0714266,-0.008121637,0.3415696,1.643489,2014.9879,9.087454,12.510359,13.543891
8716.955,1100.2546,7.7066617,5.20543,71.9604,15.423722,2.7671964,-0.0022142578,0.07220756,0.30746606,2015.7356,3.6775749,15.500529,16.10474
5278.775,120.337555,5.4480696,3.0777802,78.51622,11.402584,1.5252645,-0.004082005,0.17562203,-0.107176855,2015.4166,2.9677863,11.913171,3.6485307
10150.6455,736.3625,6.1516366,3.6090522,87.65051,12.732903,11.786211,0.06101209,0.028546683,2.4301622,2015.7697,5.0573335,14.025652,8.185606
7260.4624,595.9754,11.383554,10.08583,78.30802,15.747618,3.9694288,-0.0027733084,0.42244166,0.47446457,2015.4838,4.8502173,12.591269,12.545738
9451.723,890.3378,9.072335,7.0444865,72.56205,22.774502,3.7813406,-0.010488183,0.98462206,0.123033926,2015.8416,3.4902105,11.77661,15.293421
4645.6807,621.35297,13.953541,13.56664,75.8528,17.70676,4.1241293,-0.0047154813,0.43385324,0.7492815,2015.0483,6.2447505,22.407196,12.098238
1270.8502,509.8292,6.3653264,3.3904457,72.35268,17.92881,1.8051512,-0.004933977,0.56218266,1.848731,2015.0409,2.269479,11.766953,8.654917
12419.481,526.72,10.514314,9.854964,87.53702,10.508991,3.2987096,-0.0010627203,0.025161453,2.2113192,2015.629,10.270279,11.591832,5.0312777
5777.311,1715.3787,11.561836,10.439989,57.650723,22.488007,1.8519206,-0.004180345,0.037314273,0.046587393,2015.3976,3.8257809,11.919102,14.834095
9583.729,1418.3699,8.36418,6.127304,60.311646,17.509672,2.4524224,-0.010293418,0.8639655,-0.18910737,2015.8894,2.871796,18.40222,17.548563
3279.9697,1321.6578,11.339161,10.295844,67.30925,19.255272,1.9624244,-0.002224834,-0.00443066,0.54300654,2015.0059,4.799457,27.586494,9.9309025
4786.512,2031.539,19.941933,19.9546,53.524845,16.179007,1.6156762,-0.0068316213,0.058798082,0.93821037,2015.0321,6.6999116,17.619947,14.299026
14219.249,2602.7832,20.811142,20.929678,57.06498,16.352337,1.5778458,-0.008336634,0.050094686,1.2847959,2016.0266,7.7946105,19.367573,15.0042095
4977.432,285.21152,13.986154,13.764012,79.429115,11.095304,2.6789052,-0.004510175,0.10817718,0.93352187,2015.0634,6.838574,15.509999,3.3418438
6714.5825,2983.2395,16.844316,16.758698,67.53729,13.1963,1.5507183,-0.0069834343,0.025757037,1.6692082,2015.0625,8.831639,17.98955,10.945851
10176.277,-183.9255,7.0783854,4.938144,85.29898,11.831174,3.0089376,0.0009409661,0.80141467,0.27745464,2015.9329,3.5126512,13.204582,-0.29523158
4821.283,1092.3943,15.139274,14.885873,61.6686,23.541582,2.4188378,-0.008059685,0.06399036,0.70364684,2015.0819,6.174656,25.466825,14.650097
6158.0977,2762.1277,17.904732,17.752678,47.641403,20.989279,1.7983661,-0.006156377,0.042537652,0.30347088,2015.338,5.238076,15.827518,15.033809
7764.391,1549.5865,10.468943,9.630639,77.69624,15.809717,2.4986997,-0.005914369,-0.021502174,2.2630644,2015.0579,10.172794,25.18714,7.5095997
6938.5312,527.486,8.220492,5.8730702,78.3284,18.522615,3.7046773,-0.0061747837,0.9324581,2.1492937,2015.7115,1.7014295,10.99491,10.109071
9264.248,263.84653,11.7913265,11.215433,88.40602,14.57397,5.0874386,0.49110523,0.43531734,0.94672656,2015.5449,6.812878,19.981087,6.6706977
4613.954,991.26117,10.786836,10.128513,83.411674,10.752946,2.845713,-0.0036124282,-0.0058483863,0.9043105,2015.0399,6.344455,16.444542,5.5431585
3488.7095,1002.9269,12.525896,11.564779,63.41209,24.097904,2.260972,-0.0017479353,0.13201568,0.3992459,2015.0656,4.661327,9.934875,12.886301
14791.917,883.9381,12.003108,11.3844,80.29064,13.956765,3.0865743,-0.0011752148,0.028956778,1.8399773,2015.9847,9.430665,8.835387,11.265704
2065.6963,383.76932,5.4461064,3.115457,78.16831,12.333208,1.8162621,-0.0023568955,0.092268266,1.402849,2015.0515,2.9413862,13.350982,7.223038
11401.949,1484.748,18.519983,18.329798,66.50189,14.884495,2.088502,-0.015202434,1.253275,1.1599932,2015.7511,7.6403594,10.151128,13.377397
10964.033,663.2866,9.735316,7.989815,80.43689,16.812029,3.9496386,-0.00037917617,0.042066343,2.7707226,2015.9971,3.7683945,11.365532,11.432881
11182.113,1096.8627,11.346088,9.868863,79.67487,19.923914,4.1847696,-0.0028950751,0.005172274,2.6699057,2015.8057,6.266829,11.343925,14.052785
15199.589,2382.1755,16.42064,16.549145,69.45181,15.14012,1.8900445,-0.006430158,0.03259795,1.676703,2016.0374,9.041575,18.6742,14.14403
13430.305,1122.0725,16.102476,16.241184,72.41934,17.100487,2.8637948,-0.005950836,0.20150381,1.5161649,2015.89,8.595885,10.926008,13.648331
1513.0568,322.514,5.777114,3.2401862,80.22619,12.107103,2.4620035,-0.004730509,0.4831954,2.0205877,2015.0028,2.5325212,19.209436,6.225219
4548.675,3829.7964,15.254195,14.927447,68.66777,16.17251,2.0533917,-0.0033501156,0.054545127,0.7462436,2015.074,6.2573457,15.12038,11.563742
16084.325,204.25906,10.112812,8.922087,83.994316,11.425653,2.3416944,-0.0031840757,0.2839922,2.308817,2016.012,10.668059,17.708035,3.5291526
9995.066,860.08215,10.428922,8.765532,74.503914,26.593203,4.2271748,-0.0045670937,0.14262292,2.9959638,2016.0757,1.3607122,18.053278,15.329677
13166.298,775.3906,10.929349,9.468658,82.55601,16.482056,4.1765175,-0.00064625713,0.056244455,2.6643174,2015.8804,8.1741295,11.084814,13.230995
2317.7163,485.12924,9.856747,7.693682,79.321175,26.71675,4.818216,-0.01209841,1.0900751,2.3323753,2015.065,2.7387166,19.711626,12.466892
7385.091,1222.0516,9.002352,6.6229753,70.94485,23.085657,3.1510022,-0.0061533707,0.023260139,2.6213624,2015.7632,1.6401631,12.313833,15.180873
11946.019,522.01135,13.426254,13.074025,83.92886,17.401505,4.6606083,0.29021725,0.29091477,1.5893548,2015.7397,8.3129,15.809005,12.995699
2665.4307,998.231,9.505521,8.086942,69.236885,17.47014,2.881387,-0.004889553,0.15516295,0.21283834,2015.0262,3.6498146,18.009586,16.02112
8351.275,2217.8396,17.668379,17.346062,48.37607,19.239832,1.6861143,-0.0055687963,0.49584064,0.31090584,2015.5836,5.2225266,15.049347,14.482251
4705.6777,2833.133,18.851278,18.834362,57.880623,16.396854,1.7212534,-0.0070291846,0.031498335,0.8517896,2015.0413,6.5865755,13.529577,13.673326
13644.418,1605.1249,16.235754,16.231735,75.69918,13.25961,3.0202117,-0.003813158,0.0267516,1.3299526,2015.9624,8.021786,14.311272,12.908394
3804.4224,79.737946,9.810416,8.561542,84.21461,11.438196,3.0781677,-0.0021497787,0.13467875,0.69646925,2015.0466,5.1753016,16.829235,1.7099602
9762.965,1088.5105,4.824021,2.657229,70.93892,10.589912,1.078763,0.005495854,0.090412475,2.8357923,2015.9916,1.9143435,24.402143,14.78946
7499.219,106.86813,9.180308,8.063122,86.78705,10.38734,3.1452053,0.0018395695,0.09185109,0.6723935,2015.4819,4.9231114,14.278601,2.2718909
11306.453,79.33292,11.750519,11.158257,79.14544,9.882644,2.2740488,-0.0013119255,0.089566775,0.27513722,2015.9379,4.623704,16.975573,0.7022059
11188.757,1072.1346,7.4713087,5.060444,74.81112,14.687663,2.3577623,-0.00076306175,0.03301633,2.654557,2016.0765,2.7253983,19.848824,14.442522
4685.9937,1528.6016,17.45057,17.55147,60.90766,17.237337,1.7749282,-0.010211543,0.90541387,1.0689074,2015.0101,7.1836414,9.910174,14.042432
12070.288,1432.092,16.212206,15.795545,60.589493,13.574877,1.8717963,-0.003898292,0.37583056,0.5070083,2015.9592,5.5610843,19.815529,12.496009
14124.397,129.07669,5.0321097,3.1034923,87.3582,8.851287,2.1292996,-0.00037424947,0.3722064,2.5169814,2016.029,7.553334,20.253838,3.573046
12470.349,2432.9824,20.92646,20.831161,48.69489,17.046719,1.5711025,-0.0071084886,0.763325,0.7464225,2015.9377,6.478501,12.16592,14.58226
15251.522,913.86414,14.67846,14.352435,77.69636,14.28525,2.7923265,-0.006250528,0.47651646,2.017763,2015.9843,9.735704,17.865482,13.2993555
3711.287,564.7638,12.713022,12.137392,71.34919,13.60521,2.2917573,-0.0031010055,0.30386543,0.35182825,2015.0461,5.0106688,18.611801,6.480509
5443.4893,248.6528,13.921958,13.901201,83.52698,11.841127,3.6014957,-0.00014972623,0.094586514,1.0677589,2015.0465,7.472091,19.142544,5.431645
7637.8735,358.77963,14.516089,14.371674,80.25057,10.669191,2.8123875,-0.0041024196,0.014065734,1.0018902,2015.3556,7.027319,13.334782,3.779971
7449.4854,302.99332,5.7539434,3.4148955,82.657326,11.754755,2.4856107,-0.0040207333,0.288827,2.8044217,2015.7717,1.7915975,11.543946,3.6043336
14166.38,984.45184,11.91505,11.207086,74.772484,13.396622,2.1958587,-0.0041640396,0.03080026,1.2154047,2016.0311,7.7512794,15.459574,13.35433
14342.014,937.48395,14.219558,13.883711,75.142,18.362488,3.190843,-0.0059162076,0.7293032,1.8321525,2015.9332,9.165903,10.024539,14.128124
11578.949,1336.9438,2.8753707,0.66324085,84.00101,9.081568,2.1856232,0.0059808013,-0.052105196,2.9365625,2016.0878,3.079833,17.447159,7.392499
4914.3364,1369.869,18.341156,18.4188,60.821617,14.830547,2.0669048,-0.0048197485,0.04222869,0.9333397,2015.044,6.7574553,18.333405,13.216787
4835.5913,607.1199,10.738117,9.383196,79.43667,15.235929,4.117434,-0.003607088,0.08626548,0.399846,2015.2231,4.6067805,14.880053,12.27842
17110.371,620.1221,5.947614,3.7444034,82.88459,11.573912,2.0721536,-0.004271775,0.97769374,2.798482,2015.9807,12.317512,21.897564,14.695714
13073.414,1347.3392,19.84377,19.831764,60.272984,12.976564,1.6373948,-0.0072698533,0.3552917,0.90602016,2015.962,6.8251467,18.75998,10.23947
6416.896,735.8754,8.118092,5.73768,75.83539,17.878002,3.3906298,-0.0022429053,0.23198691,2.14922,2015.6322,2.0425684,10.818809,12.57057
12438.749,859.16046,15.190132,14.948553,76.04423,15.81447,3.4194522,-0.010505644,0.9413594,0.99441344,2015.9138,6.9775186,11.583991,13.819347
5283.8623,2343.15,15.943972,15.994777,67.21207,16.532038,1.917892,-0.0072596087,0.02133616,1.1064193,2015.0573,7.3445263,10.073915,13.298534
9955.229,2188.7605,11.629087,10.900017,74.61794,13.749538,2.7371957,-0.003082081,0.03342218,0.42256227,2015.7847,5.043116,15.40149,13.364582
6637.5415,963.5196,15.071024,15.06269,74.79827,10.967865,1.5204755,-0.00612493,0.033504985,1.6938893,2015.0669,9.063723,10.041629,5.779857
11061.564,439.92056,15.3919115,15.144133,79.48601,12.052988,3.4076188,-0.0033721805,0.36352563,0.90476847,2015.7583,6.7295866,15.548601,6.292112
7676.8477,951.98376,14.3586855,14.030798,74.746826,18.497147,3.097102,-0.0064939405,0.32336202,2.2884197,2015.0438,10.483879,18.707638,13.97882
7111.5513,911.12744,13.218369,12.665711,79.046036,17.786856,3.535712,-0.0053869276,0.064913474,1.9576311,2015.0902,9.41896,9.371035,12.543825
15715.635,1005.0747,9.102118,7.8159823,84.16692,13.059386,3.4294322,0.00032038492,0.02643805,2.5093555,2015.9596,11.007376,12.205859,12.585449
14797.346,266.0142,16.320387,16.336056,80.40832,11.382112,2.0662792,-0.0075388267,0.109003596,1.5902534,2016.0144,8.501336,23.327364,1.7642481
4132.418,495.1102,13.444105,12.960031,74.48118,14.993423,2.5244699,-0.0040686983,0.5417779,0.79404384,2015.0133,6.218868,14.5423155,8.13159
10907.5,1395.6029,10.7360735,9.6418295,78.31127,15.726016,2.6798568,-0.0018478979,0.050436474,2.5767848,2015.453,10.499508,7.010845,11.487635
7681.892,602.88513,13.933215,13.692678,80.05706,13.604896,2.754683,-0.005576392,0.66541475,2.0005126,2015.1458,9.632361,13.713034,8.497596
13150.463,875.26575,14.175218,13.750435,76.60517,20.431581,3.8432353,-0.0055264025,0.351794,2.12763,2015.7451,9.82255,10.201836,13.983854
10726.976,827.60297,8.553675,6.1444626,73.315575,16.878325,2.5460813,-0.0010331564,0.20193778,2.4208336,2016.0686,2.5364566,17.027279,13.350794
7568.528,1699.3518,18.534805,18.471836,62.555458,14.984257,1.8208483,-0.0058273985,0.044347502,1.5120088,2015.2322,8.218972,18.615892,13.45607
2336.1758,1504.6444,15.0328045,15.431379,52.904537,19.076103,2.4981241,0.24618787,0.19370225,-0.05221279,2014.942,4.295812,20.456984,17.328354
9262.022,999.28314,12.717946,11.888278,76.74842,20.546078,3.255615,-0.007279528,0.08893102,2.6212614,2015.1667,11.387845,15.152419,13.914493
14660.745,425.3644,14.313726,14.116452,82.88921,12.543391,3.1987355,-0.00561325,0.45560014,1.5922458,2015.9956,8.71558,17.850298,7.449282
12527.287,527.24646,12.45565,11.82753,78.740654,13.167278,3.0888145,-0.0044735144,0.39981517,0.685718,2016.0044,5.951515,15.742408,9.357638
9878.416,-30.120941,9.153606,7.6253057,85.296036,11.04238,3.2283683,-0.0010210865,0.8096116,0.45732573,2015.8191,4.4855986,12.711222,0.5810721
12109.967,2479.1309,21.135977,21.072735,50.28691,14.386046,1.6742194,-0.0045204437,0.090688445,0.7470571,2015.8923,6.417347,17.989498,14.471262
10455.191,489.936,6.9121623,4.5456524,76.24173,13.475543,2.369635,0.15126728,0.32531837,0.36110523,2015.9175,3.7229364,16.895609,13.260914
15193.488,2395.9568,16.013287,15.926016,70.94048,16.50559,2.2329438,-0.0057620327,0.06777907,1.8580801,2015.9879,9.610066,19.819635,12.989534
4884.7144,380.64713,10.646723,9.278622,83.81038,16.19163,4.1659927,-0.0037565615,0.4013445,2.1750276,2015.051,6.6326814,15.882373,8.975435
13381.586,158.40182,4.7231293,2.671945,88.98437,11.542962,3.7675788,0.078448296,0.32199287,2.966119,2016.1119,5.5512266,16.99057,5.784464
10336.654,-91.17465,4.4303555,1.9287915,84.65636,10.024917,1.8436401,-0.0014450096,0.70554996,1.7711197,2016.02,2.6184027,17.591036,0.56814885
3355.7148,1757.3574,14.374161,14.136257,55.259953,18.332705,1.7016375,-0.0065481397,0.00965958,0.1608923,2015.0452,4.7125645,16.744534,14.793903
11987.889,1691.6388,15.069677,14.52432,58.82873,14.803118,1.8577087,-0.008254637,0.91628623,0.26404825,2016.0016,5.047717,16.750854,13.872241
3910.3276,594.8402,12.2372875,11.4552555,70.45681,13.720234,1.6803185,-0.0032012158,0.02956102,0.4827505,2015.0737,5.168716,10.656635,7.517796
3035.4683,865.7095,6.871884,4.9643354,80.17996,11.990189,2.0515206,-0.004057321,0.017965429,2.3111706,2015.14,3.21331,9.147956,6.914425
7602.9805,673.8192,13.005018,12.379576,75.66029,20.412176,3.5843518,-0.0036247198,0.17842022,2.1656318,2015.0516,10.25406,23.356659,11.532171
2093.129,392.54044,5.5730147,3.3566842,85.90266,12.645899,6.3731165,-0.0046754978,0.20120768,2.7770822,2015.0829,2.4047892,18.246466,4.8638535
5594.311,1323.6578,15.214805,15.013119,63.99499,19.506458,2.7394097,-0.0072070374,0.52889204,0.5910016,2015.2156,5.782895,12.35682,15.585751
13985.342,1209.5033,5.60554,3.4811244,81.90704,11.884739,2.6473508,0.0073892516,-0.03859202,2.471551,2016.0315,7.4619756,14.682397,11.853613
9336.449,303.61893,4.123487,1.4470477,78.03251,9.680132,1.1235192,0.0027489911,0.053610153,1.532702,2015.838,3.3050196,19.128391,6.5211935
7670.3623,1546.9388,15.532099,15.301228,68.466896,22.674152,2.8306139,-0.008239486,0.0452308,2.1307523,2015.0818,10.289144,9.175856,14.77092
7706.4287,2782.622,18.530169,18.338936,64.52944,14.071433,1.725411,-0.0052345446,0.013350359,1.4611511,2015.2605,7.984776,18.263798,12.831113
12965.504,3039.519,16.285122,16.347708,71.77389,16.252373,2.3998284,-0.0027715631,0.051244535,1.3445438,2015.876,8.092872,10.82791,11.939242
3170.8271,129.887,10.907283,10.229155,80.743965,10.544511,2.668595,-0.0018524912,0.14933321,0.27834907,2015.0238,4.676324,18.166758,1.9786713
16246.963,385.3798,8.381973,6.3646984,81.60634,14.657942,2.791404,-0.004998009,1.085291,2.5550783,2015.9949,11.213048,10.722506,9.318591
4370.9897,1042.1705,8.913961,7.175106,67.44089,15.307639,2.4694645,-0.0042021773,0.21823698,0.004357023,2015.259,3.2640963,17.815779,14.942589
2564.184,671.5994,9.638028,7.7824407,79.79167,17.022257,4.32438,-0.0040275506,0.12492979,1.6942707,2015.0693,3.3258271,18.154226,12.959562
8671.05,717.85944,11.747957,10.821909,70.01839,22.56636,3.026311,-0.0017732915,0.39280388,2.2595332,2015.1251,10.421293,32.37997,11.839067
6294.915,803.14075,6.2039013,3.6589646,74.02042,15.183278,2.6625931,0.00094355334,0.3939194,2.8439744,2015.6318,1.5896455,20.490093,14.712017
10380.161,226.1464,7.006752,5.188887,81.359116,12.296342,2.9668553,0.00015160319,0.079235666,0.15816312,2015.9487,3.3664997,17.448195,6.208766
4445.379,3143.876,20.872463,20.791687,51.368767,16.311287,1.5696211,-0.006830325,0.049790017,0.83371574,2015.0043,6.5825653,17.491758,13.896697
16901.26,1380.2014,7.673784,6.0852637,80.39044,10.911396,1.919288,0.06110268,0.018195115,2.8059568,2015.9447,12.154954,22.789278,18.485886
14301.457,859.03284,11.403801,10.634733,84.0691,14.11409,4.1781645,-0.0007617467,0.05088421,2.0052543,2015.9052,9.655021,12.809511,13.366304
9078.546,272.02487,9.568524,8.158657,88.16194,12.7956915,4.9755654,0.012797831,0.7353317,1.8982738,2015.7653,3.9657423,15.446242,5.986711
4774.255,4387.452,19.679781,19.549547,53.997414,22.687073,1.9666178,-0.0055706925,0.059673794,0.8997988,2015.0609,6.701202,10.488097,14.169547
14686.796,509.09756,9.176818,7.875787,84.93125,12.446705,3.720413,0.009929358,0.67002493,1.8977629,2015.9338,9.460779,23.381975,14.379197
13332.433,543.0023,15.57893,15.447232,76.798096,12.902096,2.6219025,-0.003912497,0.042662837,0.8846982,2016.0148,6.7896442,15.273713,6.4071016
13650.562,1719.306,14.382045,14.154426,70.01257,19.593801,2.582794,-0.0042565106,0.033552416,1.5992942,2015.9146,8.7055645,6.7250395,13.518534
10305.31,515.53143,7.2965493,5.304416,78.68136,12.628123,3.089127,-0.0015318126,0.056672074,0.534929,2015.9558,3.1702483,18.200745,10.2823305
10590.046,107.83798,11.380964,10.743851,87.19536,10.060099,3.200101,-0.0037902978,0.24629681,1.6110162,2015.582,8.450487,12.776279,0.8515885
8150.9863,3467.3755,18.883581,18.759893,64.23468,15.834824,1.9446118,-0.005905786,0.047160827,1.3502408,2015.3304,7.887869,12.617657,12.81591
11533.857,-131.02072,8.450219,7.099361,87.080086,10.931682,2.9646902,0.0029698263,0.4298879,0.58162385,2015.9762,4.6061106,18.907322,0.61283994
16259.571,170.02853,10.31564,9.231344,82.40133,9.016369,0.9548513,-0.0072593144,0.49378765,2.1726983,2016.0089,10.57812,23.16381,2.782879
13335.975,1869.1946,15.486943,14.994282,61.21122,26.99247,2.1412277,-0.0048785633,0.102632664,2.0144827,2015.7411,10.081866,7.9562397,13.875806
10245.344,832.9118,13.985162,13.627922,79.11233,21.369747,4.4047003,-0.006987573,0.28347754,2.2389214,2015.39,10.218457,10.958628,14.019354
8764.477,551.5866,15.006179,14.698722,82.315475,13.524331,4.4246516,-0.0058547235,0.32142588,1.0949049,2015.4631,7.2338023,14.759307,10.76228
16412.645,655.8446,7.861878,6.238153,85.564674,13.743342,3.9255142,0.0001474495,0.20225422,2.6321595,2016.0306,10.9283,18.231735,16.192232
2391.4849,920.9274,8.445701,6.1108265,71.76518,16.391165,2.5758479,-0.004206374,0.069411434,0.17926173,2015.0449,3.4335172,13.823199,13.435474
9353.278,205.02621,7.3032947,5.4036794,79.58221,12.47509,2.433753,0.00021420297,0.21120757,-0.009540157,2015.8463,3.2942023,15.140968,3.8871677
4007.329,1123.995,8.961701,7.038875,72.88316,18.134354,2.4166265,-0.004190234,0.028220303,2.35708,2015.2721,3.1301715,7.2086964,11.799416
12758.242,497.84805,12.652557,12.03037,81.68977,13.097514,3.9034958,-0.005313044,0.36940816,0.7777509,2016.0084,6.2200255,15.872089,10.289761
9136.176,2172.653,16.527311,16.450655,71.56867,15.705727,2.8685355,-0.004988178,0.01468294,1.313153,2015.4689,7.7363424,11.806381,14.88138
13406.521,2031.5476,20.318974,20.314905,59.271683,19.169306,2.0426307,-0.010303144,1.0002524,1.156165,2015.9705,7.6176624,14.086011,14.942962
4867.002,646.13654,14.965138,14.844735,77.92776,14.412313,3.4736743,-0.007031677,0.7479027,1.0714658,2015.0222,7.153845,15.039294,10.848675
2453.5532,-133.93686,8.210169,6.2105293,86.26399,11.1639805,3.3765688,-0.0029121668,0.73482543,0.7964005,2014.9607,4.412788,19.815632,-0.09194826
15295.352,174.56442,8.1822405,7.0170255,86.95454,8.204225,1.9584734,-0.0014094796,0.65476435,1.9544688,2015.9485,9.86229,24.997707,4.8214536
5733.6562,1513.7217,18.874899,18.9096,61.37503,15.407761,1.9064224,-0.0072687916,0.16988704,1.1487542,2015.1124,7.3565493,12.289203,13.878966
2898.9443,1233.7123,7.3674273,4.4944096,68.60397,19.359114,2.1561003,-0.004014406,0.057338707,2.328338,2015.2192,2.0151455,14.763431,16.292479
955.59186,1297.8046,5.074035,1.9056048,67.82,17.792675,1.7454065,-9.753491e-05,0.04344981,3.1618006,2015.0343,1.238237,22.27793,14.034492
4922.005,914.43823,16.574566,16.62098,68.10309,13.714406,2.179072,-0.0051085777,0.05863171,0.92477053,2015.052,6.9005895,13.272615,10.189139
12901.504,3625.58,25.684023,25.659437,37.535053,15.952645,1.1061585,-0.009451707,0.12732609,0.8776151,2015.9316,7.0419188,18.094936,14.983123
14829.28,1049.4883,14.20759,13.845304,71.2484,22.768137,2.8017857,-0.0071265115,0.20495017,2.325735,2015.831,11.011992,12.064097,14.201127
1834.5006,665.12555,8.348231,6.06264,78.93682,17.373714,4.136741,-0.0042803283,0.24566063,2.3290386,2015.0656,2.2673748,18.600077,13.215207
3216.2124,172.10025,8.9309635,7.482809,81.67405,12.045697,2.7740448,-0.0017931138,0.10419779,0.42757252,2015.0332,4.5047483,18.091785,2.3575814
13099.523,2378.794,12.983197,12.480557,76.652664,10.781958,1.9240699,-0.0012380884,0.02709002,1.0725602,2015.9778,6.835272,20.109478,10.894866
7930.909,886.9239,7.43797,5.3604994,77.267136,14.234557,2.3416002,-0.0007923984,0.014145455,2.7678747,2015.7723,2.3965147,8.605551,8.641314
16005.08,550.27985,12.01068,11.126714,80.730865,10.982133,1.6890329,-0.005019111,0.0063749766,2.118265,2016.0571,9.921438,18.837032,3.768
17267.613,728.08124,5.4415154,3.1186538,79.45753,12.65101,1.3495779,-0.0015237548,0.87263703,2.767422,2016.0118,12.336895,19.35106,15.059109
11832.272,287.9495,6.229305,4.0541897,85.380905,11.279842,3.1052265,0.00039174472,0.6515363,2.7431362,2016.111,3.43785,19.720314,7.4533544
5326.3535,1348.7089,14.887833,14.662876,71.4989,17.68237,3.2302341,-0.008163189,0.031520583,1.1412778,2015.0739,7.274436,14.737319,15.607076
3724.1328,2124.5981,18.427912,18.582134,47.42452,21.748936,1.4830576,-0.00896667,0.85906655,0.49237928,2015.0029,5.5748367,16.115953,15.0724
8426.258,801.84204,13.442007,13.35989,80.04479,12.992162,2.657217,-0.005305722,0.02890233,1.7993052,2015.2495,9.391909,8.687656,8.568519
9410.376,277.14658,5.2068906,3.0816607,84.248825,11.601508,3.6269214,0.0034093976,0.3501354,2.8535721,2016.0387,1.0543324,19.174875,4.3466263
4204.4497,1288.2794,5.216247,2.8438325,77.59553,10.968454,2.1269941,0.0006126302,0.04315106,2.8364635,2015.3619,1.9474226,16.301218,11.981721
15166.263,1188.8907,12.754847,11.965395,70.29628,13.144243,1.3949156,-0.0053441203,0.58501387,1.9166504,2015.9752,9.673452,26.543468,16.977402
16580.305,260.52182,6.42572,4.549725,86.05176,9.388082,2.1594641,0.0005219492,0.05897703,2.5349417,2016.015,11.302095,19.748281,4.9532185
12991.689,390.72,15.135736,15.025303,80.23631,11.954946,2.5506034,-0.007054494,0.8373664,1.196116,2015.9186,7.6126494,12.988108,4.5208464
13431.887,1705.631,13.238803,12.781539,72.01343,11.256996,1.4481852,0.3148092,0.056183882,1.0720927,2015.9875,7.073021,25.940845,13.19265
5530.456,1721.683,18.491217,18.381567,63.67165,12.42938,1.5355914,-0.006923677,0.0013784682,1.1557558,2015.0592,7.3426166,18.750181,10.848232
14434.113,1155.5023,17.113817,17.217607,73.05921,16.243536,3.1356647,-0.00846633,0.37074956,1.4088106,2016.0167,8.291549,15.040618,14.943719
2598.4927,412.69583,9.813914,8.275402,72.01983,14.103725,1.4456532,-0.006533045,1.0076896,0.21551137,2015.0095,4.2151546,14.715891,5.1324987
6873.4473,545.58026,12.903643,12.200672,81.276886,18.526968,4.358577,-0.003492893,0.19658089,2.0348895,2015.0459,9.465146,19.260546,11.060083
2620.232,1982.2136,6.9661994,4.1971483,73.65594,19.46662,2.4311326,-0.0016041,-0.019229807,2.8135207,2015.2048,1.6260391,12.719247,10.951568
10054.313,2696.2676,13.509001,12.949375,75.07024,13.993382,2.5530295,-0.0035079208,0.010118357,0.9005861,2015.709,6.343857,12.687873,12.047528
3078.7607,749.2634,13.518395,13.083518,60.422733,13.153701,0.9657933,-0.007814852,0.057298787,0.122498915,2015.0107,4.4761567,18.519264,5.9931965
16264.509,1150.1423,8.797228,7.2146044,81.45865,14.23095,2.8629673,-0.0026525308,0.038179614,2.55002,2015.9906,11.298057,14.402825,14.5154
15626.898,888.50226,12.502843,11.879498,80.94368,13.037098,2.8430185,-0.0017388978,0.06585219,2.1840403,2015.988,10.10491,20.852266,9.816257
10261.045,273.45102,6.7922606,4.6147957,82.254875,12.429103,3.6056879,-0.0009854373,0.872352,1.0937691,2016.0011,2.5601742,16.871922,8.45757
3903.1665,1726.6088,18.71865,18.514551,46.252823,16.376768,1.2564173,-0.0069049723,0.11828271,0.49694148,2015.0051,5.5628843,21.243118,13.852
14259.832,420.41373,18.224644,18.325735,74.233055,11.282675,1.279603,-0.011883617,0.46089688,1.4375377,2016.004,7.948306,22.83947,3.6890275
4724.2476,1820.7291,19.07578,19.281698,60.313713,17.633102,2.337415,-0.0066671013,0.6870787,1.0450059,2015.0203,7.02192,15.263066,16.014961
13877.526,1330.5364,17.172255,17.166132,70.31425,16.187086,2.9988666,-0.008066417,0.25800362,1.1794314,2016.015,7.5423913,17.621666,15.791073
4926.692,871.7656,7.433646,4.965925,71.83169,16.264433,2.8087451,-0.005132289,0.7598026,0.06356625,2015.2551,4.047859,15.925228,16.704912
6177.342,644.3879,18.782864,18.955503,67.6643,10.924655,1.3925025,-0.009676655,0.32344148,1.219349,2015.1383,7.7010403,15.287478,5.474728
5190.0537,1748.9846,19.857359,20.196531,53.420467,15.265861,1.6737177,-0.0047762855,0.07395411,0.8042492,2015.0839,6.335669,22.561728,14.061232
2117.8154,640.0097,7.7574697,5.161498,76.45439,23.81241,4.23817,-0.0009685916,0.123999424,3.0453877,2015.1268,1.6152512,21.164604,11.342235
6094.634,422.6993,10.790557,9.73612,85.77792,12.694069,4.297179,0.07805317,0.06807079,0.8716172,2015.282,5.6786423,15.266452,7.9094877
5152.6606,456.0115,11.440826,9.540121,77.9577,34.192127,5.646086,-0.0072008087,0.96061045,2.8921282,2015.4359,2.2024505,18.20316,11.729716
12801.269,68.23697,13.912012,13.904599,85.61347,11.497826,3.202268,-0.006558798,0.51923084,0.8921004,2015.9379,6.6904793,23.278334,1.863805
9530.119,293.17685,4.8379264,2.0351357,76.82945,10.533527,1.3177847,0.001511716,0.16025597,0.17122965,2015.795,4.0946,19.117672,7.075667
14853.569,539.42737,12.732945,12.258786,82.00744,11.63378,2.8971465,0.062353928,0.52063346,1.8302698,2015.958,9.20591,24.472748,10.864922
14633.234,2476.3845,20.437346,20.503693,61.253765,15.693955,1.7436179,-0.006428094,0.038532026,1.3869455,2016.0442,8.147375,21.280457,13.996165
9753.502,552.41504,12.338428,11.864198,83.04509,15.952712,3.8693206,-0.004804659,0.44444337,2.485631,2015.2561,10.9867325,18.836075,9.768214
3521.874,898.1531,7.431248,5.4387574,84.29982,11.009327,3.190708,0.046690293,0.1015696,1.4048408,2015.1383,3.7440524,14.856179,7.2008247
3215.856,113.98245,9.705131,8.423126,79.1429,11.109224,1.9910371,-0.0049033384,0.51338196,0.39798048,2015.0267,4.8414288,13.885211,1.1043189
12669.624,2805.7012,18.504602,18.521753,58.750122,15.809942,1.9114316,-0.003962207,0.036048107,0.5400593,2015.9948,6.0463347,17.602694,13.815358
11195.007,1381.3959,16.94608,16.911444,67.0838,17.05709,2.6485794,-0.005480561,0.08111184,0.90252066,2015.785,6.7561483,11.507994,14.2968025
8732.7295,626.5751,10.623327,8.856434,74.7987,18.44378,2.7982996,-0.00017162907,0.24126878,2.334496,2015.6943,4.7751217,6.609273,8.95944
4016.8652,2008.3474,20.013208,20.136433,48.603363,18.058977,1.4488409,-0.007676815,0.9217206,0.68829364,2014.9882,6.0066957,20.920542,14.819439
4711.2417,425.2703,5.7939878,3.197208,78.8823,14.2695265,2.5826113,-0.0011782323,0.499337,2.8456357,2015.4592,1.6969143,14.342202,7.4436398
14752.448,703.3763,12.578338,11.930688,80.65922,17.03255,3.5840886,-0.0022746467,0.52100074,2.4070165,2015.8405,10.829282,17.115139,11.933207
15167.162,1108.7085,13.10231,12.685098,75.74659,17.233917,2.515336,-0.0027171348,0.045757703,2.2721717,2015.9089,10.707962,10.449699,12.262901
12052.737,1617.5809,13.417362,12.611451,59.567482,23.677078,2.374544,-0.0061789337,0.5549745,0.31199673,2016.0308,5.0503044,8.985227,15.411478
2965.9546,675.98505,10.082074,7.984354,74.67115,25.569159,3.7552853,-0.006787637,0.3267921,2.6331632,2015.1483,3.061362,12.798225,12.8372755
13975.824,2785.2192,20.723476,20.870714,56.026226,17.167181,1.7071786,-0.007698962,0.053539135,1.1717337,2016.0142,7.586961,20.41585,15.492443
13971.844,1363.7924,17.993654,17.997463,68.85993,13.890589,1.9266106,-0.005375191,0.0011335528,1.250142,2016.006,7.7568045,13.716644,9.875378
5283.1387,620.5286,6.5852327,4.0020504,76.71346,16.290173,2.746522,0.00022622076,0.19137083,2.8497071,2015.5221,1.7607685,12.578506,8.981519
2607.75,602.3645,11.319339,10.38022,71.47127,16.732224,2.9970891,-0.001524796,0.08260969,0.19194011,2014.9843,3.9745502,26.834137,8.329848
11376.826,88.557526,8.77486,7.3975706,83.18373,10.940543,2.7995002,-0.0019451038,0.72159296,0.3432398,2015.9783,4.3966985,20.228561,2.6929095
10015.119,68.64688,9.66754,8.542036,88.0911,10.193557,3.4065974,-0.002514738,0.42396858,1.7018656,2015.6034,7.3689475,11.560345,0.49489903
10324.942,38.332794,3.6830404,1.6141124,91.10349,8.052463,5.323377,0.09058961,0.3762912,2.8758764,2016.0941,1.3566371,17.050262,-0.4592111
4649.762,414.2629,9.502267,7.9453993,83.46226,14.263832,4.397277,-0.0006883641,0.13335419,1.0540434,2015.261,3.8725796,15.46911,9.775702
4339.0903,3304.4658,21.24938,20.953236,41.631283,17.684042,1.2513105,-0.007603613,0.06994014,0.6430051,2015.0419,5.997147,18.325727,14.329236
10784.654,1072.835,10.133511,8.576129,64.537346,12.75239,1.6838953,-0.0065873745,0.6506965,-0.06948157,2015.9946,3.5653014,21.372133,11.0010195
12266.004,726.54364,13.838221,13.309648,73.167564,13.353725,2.8491533,-0.004037922,0.28011715,0.44785014,2015.9906,5.565353,16.75859,9.567132
7406.6943,694.18317,13.611423,13.295815,79.62522,20.001663,4.0106325,-0.0084834965,0.5238867,2.367181,2014.9833,10.950518,13.961091,13.794188
11346.859,896.852,13.1849575,12.629056,82.54893,16.931213,4.478138,-0.005081711,0.08022138,2.2333822,2015.5409,9.873253,11.650368,14.248739
13519.861,2391.4363,19.415712,19.401508,59.521282,18.807585,1.8047836,-0.004000032,0.3656689,1.3726534,2015.9299,8.162322,24.191772,15.59867
11688.704,1415.6133,11.619969,10.557609,68.37361,15.507031,2.9151464,-0.011535493,1.0734681,0.12747352,2016.0135,4.475872,17.402447,16.01311
11952.299,1687.6553,19.637602,19.665821,63.848236,14.417192,2.0825336,-0.0052481904,0.029150225,1.2688321,2015.7815,7.767173,16.348969,12.970379
15603.573,104.36441,5.5853043,4.0600457,89.33241,8.258133,2.232291,0.0011978603,0.023338608,2.472563,2016.0027,10.076553,15.621816,2.6124136
11706.512,421.53903,9.926904,8.518071,80.27346,13.012869,3.3418643,-0.007487846,0.9639525,0.2421277,2016.0183,4.542142,14.750686,9.613006
16503.453,1009.7638,7.4961143,6.325509,82.570755,8.614418,1.1049448,-0.0013507486,0.015344284,2.3829334,2015.9753,11.266699,23.226927,9.937435
5700.026,415.60245,11.888711,11.085272,82.04043,16.698172,3.7766,-0.005545597,0.55857015,1.7114979,2014.997,8.5394,13.099366,9.901112
6155.083,2853.1755,12.623895,12.233121,77.168884,14.175928,1.9685264,-0.005525458,-0.0034900391,1.6240095,2015.0464,8.455877,20.478313,9.456899
5145.205,1891.3644,18.952368,18.98475,60.032604,19.56793,2.4077764,-0.006078334,0.10711641,1.0879911,2015.0596,7.172806,12.900227,15.641864
13270.763,732.3148,14.079309,13.893461,79.575386,19.39957,4.322345,0.08997184,0.34856176,1.6734378,2015.8357,8.81213,16.293272,17.609962
15654.051,935.31635,11.111643,10.205737,78.27355,14.168459,2.7128673,-0.0049151606,0.13983983,2.0383103,2016.0038,10.146316,14.846921,15.803135
10994.341,1374.3701,9.6903515,8.485013,71.678276,14.899476,2.2686577,-0.0014742662,-0.0066199386,0.037336275,2016.0059,3.8277674,11.137273,11.946196
13231.775,1643.0958,18.7779,18.937317,63.230663,17.250261,2.1600692,-0.0060208845,0.13753545,1.1697868,2015.9431,7.7463803,9.894212,13.278662
5521.8506,228.08249,15.065848,14.914399,78.1712,10.427046,2.0907135,-0.007895016,0.14790288,1.3162173,2015.0428,8.047289,13.976091,1.8824503
14227.534,2903.8523,23.615568,23.684002,46.219463,18.93168,1.3225437,-0.009826844,0.55659145,1.1831592,2016.0472,7.660308,16.491968,15.622785
13699.564,655.62616,13.877072,13.689103,79.805405,12.550929,2.6935592,-0.0035019864,-0.0010970915,1.1547197,2016.0052,7.5252066,10.7578125,6.1786356
8635.092,1077.1886,11.462814,10.290024,76.108765,15.373577,3.4449232,-0.0038659603,0.029764779,0.53730184,2015.6385,4.990718,11.910304,13.677644
11020.842,427.37778,8.222978,6.4497156,82.5202,16.796476,3.6461902,0.5390931,0.3789279,2.8022883,2016.2046,1.5419427,6.8985796,14.09326
6944.104,1856.9435,18.649279,18.628063,59.5865,17.938622,2.5259404,-0.0056294682,0.054019265,0.84817004,2015.307,6.5721507,14.119518,15.775222
5250.386,226.0267,15.749921,15.852026,78.070854,9.259855,1.8022982,-0.009404686,0.44388336,1.3995085,2014.987,8.348736,13.725512,0.91316724
15435.382,743.2091,7.527838,5.672215,81.00829,12.253152,2.8863823,-0.00041433732,0.16859047,2.3258016,2016.008,9.555155,23.181145,16.629263
2421.4507,1023.85547,10.417492,8.8904,65.62795,17.493849,2.7312403,-0.0016711366,0.4809352,0.19062977,2014.9873,3.6337092,19.66402,15.183224
13751.836,784.2989,19.134916,19.291609,68.47536,12.364573,1.8438959,-0.007545979,0.07036515,1.1316569,2015.9915,7.42029,22.427343,7.723387
11459.834,1181.58,14.690253,14.649518,78.73903,13.594924,2.8871436,-0.0054468974,0.031024568,1.8189429,2015.5867,9.486405,13.40178,10.721533
14247.448,1538.9299,20.785906,20.836329,63.40737,13.357148,1.5218011,-0.006288023,0.023092039,1.3276922,2016.006,7.753873,22.097223,10.044764
6307.224,1648.5436,16.615091,16.690842,65.409515,19.721132,2.3840294,-0.0074862665,0.064981975,1.5736842,2015.0394,8.827313,12.960754,14.610707
2409.746,510.79025,7.9547048,6.028211,81.46146,13.679285,3.465142,-0.0033749763,0.10373447,2.0383387,2015.0765,3.0715313,15.282462,8.389752
1760.6129,-23.647919,7.2986226,5.7241755,82.59202,10.040073,2.0634887,-0.0026086785,0.1375501,0.21025674,2014.9393,3.7914279,16.448374,0.17204118
8929.053,988.9363,18.294163,18.607965,67.774864,12.423373,2.4768686,-0.005764849,0.09969387,0.83913195,2015.4788,6.840921,18.631136,9.485909
11104.06,2061.815,11.0213585,10.077334,64.84131,13.578288,1.6264931,-0.0037419565,-0.008118042,-0.019261675,2016.001,3.983926,17.275583,12.447871
9868.696,697.6409,6.6786633,4.476675,77.718185,14.338003,2.6222374,-0.00090084533,0.025227644,2.7040837,2016.0182,1.9937555,13.233835,10.300396
3111.309,909.28845,13.850849,13.514458,60.779907,19.417141,1.7469198,-0.005449604,0.8724232,0.17607383,2015.0088,4.3471217,25.447687,10.719832
21.13436,320.73563,1.5955893,-1.108542,82.9532,7.3775992,5.510663,0.031755526,0.42865875,3.2326071,2014.98,0.36354697,24.200905,4.2743034
6103.9165,184.64462,14.415738,14.279795,82.755005,7.7550845,2.668793,-0.013687597,1.0233223,0.87758845,2015.1821,6.9144335,16.640118,1.139683
13408.947,2232.138,16.19025,16.25115,80.216515,10.083547,2.043947,-0.0036150098,0.046432443,1.2249988,2015.9247,7.784424,15.985268,5.843443
12934.191,1006.2647,15.9628935,15.876768,77.09781,12.713223,3.1840594,-0.004828596,0.015817486,0.99242586,2015.9468,7.1188955,15.016378,10.344534
3631.1924,1664.9846,11.277357,10.290149,69.44585,17.98989,2.1967397,-0.0036198173,0.026556782,0.57531583,2015.0592,5.004948,14.437267,12.895796
14923.614,182.33047,3.305555,0.64906734,92.03019,10.039192,6.1645756,0.35385352,-0.017386444,2.511379,2016.1055,7.735177,13.007494,4.062909
12556.166,1267.0973,13.92558,13.594739,70.44346,14.562112,2.5633545,-0.0050772573,-0.0018068338,0.54248077,2016.0168,5.7791348,14.40387,13.965736
5281.774,1665.8529,18.041176,18.20366,63.396282,16.575167,2.1832018,-0.007136108,0.03262762,1.2490308,2015.0198,7.689082,14.458565,14.61293
14213.087,3996.4766,3.038923,1.3416343,86.31789,7.5520377,1.3556252,8.326088e-05,-0.046619482,2.2050579,2015.931,8.927161,19.821602,10.208305
1275.399,678.4098,6.626891,3.9110541,74.46434,16.073034,3.0068715,-0.0017107718,0.358874,2.1924293,2014.981,2.299579,23.330065,13.432791
6090.042,924.50244,15.718059,15.830138,73.1395,19.441097,3.7433765,-0.010190089,0.17323342,1.4658041,2015.0249,8.586467,16.826942,15.963045
3817.73,1545.7521,9.618348,8.427197,81.160805,11.616255,2.9026499,-0.0033007835,-0.008583554,0.5593993,2015.0559,5.050655,16.034998,8.733804
5783.3027,1173.1799,16.827995,16.986938,65.62053,17.616587,2.4121423,-0.007310932,0.07846864,1.356394,2015.0303,8.031844,19.746868,14.461512
3994.3486,2837.2903,19.22834,19.08066,44.419373,25.474463,1.8141351,-0.006915336,0.22756082,0.50451046,2015.0399,5.817198,11.69399,15.737815
13484.713,472.355,15.259952,15.259231,81.882385,12.231394,3.4809244,-0.0063493135,0.6842777,0.9562943,2016.0035,6.9903493,18.291578,8.058193
9687.748,270.3561,3.5475166,1.324532,79.52847,8.120317,1.5375141,0.0029975295,0.9307417,2.9751587,2016.0234,1.3545843,24.38101,7.8873878
6002.822,660.2608,15.2807045,15.270719,77.01803,10.656335,1.9798269,-0.006363183,0.033115633,1.4014817,2015.059,8.25837,14.766886,4.5812216
1826.9728,790.3137,7.7688766,5.0046844,69.930756,19.349161,2.5098515,-0.005621256,0.23964132,0.8352818,2014.9995,3.1320782,20.72189,13.696427
14484.534,1473.5204,9.640011,9.11302,86.19062,9.184269,2.2587442,-0.0013343145,0.0071536517,1.6517022,2015.9618,8.823741,14.769114,5.313833
6422.1206,2899.3135,13.715963,13.578346,79.879425,11.848404,2.1376889,-0.005270745,0.036522172,1.694311,2015.0427,8.919217,15.179068,10.16697
13551.529,1618.9436,19.534079,19.674463,61.063908,15.382899,2.0255818,-0.0061644367,0.449792,1.0329233,2016.0,7.24895,19.405931,14.182187
2483.234,1847.7015,10.159031,8.934156,64.559715,16.863264,1.5368443,-0.0039594355,0.0005786932,0.012586756,2015.0111,3.759757,19.527964,12.553398
2236.037,804.99286,10.387913,8.331702,68.236664,22.618347,3.1401243,-0.003727059,0.6911599,0.22744529,2014.9897,3.5592005,21.939766,13.26745
1848.6749,857.52594,7.4201875,4.879439,75.49911,17.77464,3.2156756,-0.004015041,0.075472094,2.8194368,2015.105,1.9663864,13.830301,13.326486
11235.118,713.22815,12.739727,12.008268,73.90607,26.998062,3.0635557,-0.012802196,1.0682955,2.619981,2015.3411,11.7746725,18.37489,13.964906
5102.0073,744.449,6.2440076,3.60575,71.74553,16.520212,1.7181709,-0.00018811348,0.050038733,2.3317235,2015.5243,1.5081121,9.322335,9.910261
11998.016,1747.9495,11.713103,10.512592,74.72943,20.27094,3.3460054,-0.0049790605,0.001054368,1.8550801,2015.9492,6.158245,7.3456545,13.525361
4562.5503,1622.1165,17.826595,17.845818,59.037937,15.235962,1.9183013,-0.0059777997,0.029506423,0.78297275,2015.0435,6.429196,16.423124,14.324723
10067.515,268.67526,8.695957,7.072593,81.487785,12.937119,2.4918065,-0.006670987,0.7919476,2.290057,2015.7925,5.2221317,7.4071455,3.8428862
1681.4952,861.68365,10.328325,8.9803295,68.2905,17.79272,2.8799124,-0.0027141639,0.0046254015,0.093801305,2014.9199,3.4323454,25.922157,11.803796
15063.102,332.66458,8.578448,7.2521696,83.674194,9.123098,1.8997093,-0.0043948996,0.7488859,1.8160146,2015.9589,9.432752,25.298557,7.689452
4688.606,1707.8973,16.659191,16.749542,61.996082,18.073503,2.0634336,-0.0058151237,0.030843444,0.80427307,2015.069,6.487997,11.821056,14.593416
13256.972,3675.5605,11.488791,10.873881,79.63796,11.418812,1.9354794,-0.0011004054,0.017275654,1.1353965,2015.9884,7.2271934,12.696195,9.399105
9658.105,763.6529,4.844209,2.4190097,78.19524,12.272269,1.4495883,-0.00019548583,0.021166883,2.768669,2016.006,1.8167773,13.212363,6.6095257
10762.935,272.55472,7.4429545,5.3931336,78.95462,11.313466,2.6694012,-0.0023879383,0.9738906,-0.27677545,2016.0331,2.8490858,19.818983,4.5480695
4841.103,762.00287,12.428354,11.329113,77.43749,17.699492,4.2091656,-0.0048502157,0.07867246,0.6928845,2015.159,5.3437567,14.249353,13.957237
8443.839,566.7015,9.208479,7.8195333,80.98024,15.313032,2.9331102,-0.00588222,0.04562355,2.480631,2015.122,10.965582,19.017338,6.54984
13916.906,993.1209,17.996351,18.126734,69.16241,12.8975115,1.7764628,-0.006536988,0.049824543,1.3025349,2015.9889,7.6653438,23.73138,9.911412
15981.575,279.10233,7.6615305,5.9756746,89.50005,10.44899,3.6430423,0.010757172,0.85457313,2.3718274,2015.9633,10.928718,20.77665,7.963848
1879.8033,1249.4094,9.025891,6.682689,60.751953,21.314293,1.8470168,-0.0056316364,0.05744242,-0.062380865,2015.0171,2.9123564,15.487959,14.523342
10454.92,1395.0006,8.467129,6.488706,64.097694,19.168873,2.3000388,-0.006510937,0.023758166,0.0076363515,2015.99,3.2067597,13.728292,15.910078
2617.9297,1089.8907,10.056371,8.095254,64.726036,22.57541,2.5546663,-0.0054123546,0.06396406,0.25246277,2015.0416,3.7248333,14.739968,14.433626
1981.0494,1339.8285,7.049975,4.505977,70.72126,17.653475,1.8452998,-0.0032543924,0.034791715,2.4187753,2015.1562,1.8528572,7.8860645,12.182916
5743.361,1466.5884,14.964177,15.056435,71.08311,16.928392,2.3739853,-0.00784126,0.021357916,1.4251242,2015.0383,8.270098,11.10276,14.008606
3102.87,260.69003,6.855809,4.9584503,83.134445,11.517384,3.0770633,-0.000920215,0.09829325,0.9911801,2015.1171,3.4654417,15.112812,5.6722445
1532.4025,472.04477,6.699227,4.511702,83.32588,13.286334,3.9843056,-0.003933366,0.36015734,2.7316175,2015.0742,1.8884736,17.52177,9.342099
15649.744,347.4708,8.744578,7.3503594,82.47523,10.971305,1.8396324,-0.0016107385,0.31573194,2.2259996,2015.9694,10.578941,18.05985,7.3817863
9708.532,428.51462,12.924468,12.685682,85.29584,12.240845,3.5786762,-0.0045045405,0.058506094,2.028844,2015.3345,9.858157,16.398838,5.7399015
283.21738,622.6089,5.410236,2.2127318,74.38086,19.585644,3.0498042,-0.009234839,1.2112378,3.2031665,2014.9509,1.1814905,23.516209,13.791469
12437.358,3967.054,15.834036,15.73993,70.42951,17.756596,2.2007337,-0.0022861653,0.04069961,1.4075853,2015.8364,8.100937,5.5711527,11.036248
3391.6543,428.82187,10.823321,9.924161,76.960045,13.076461,2.479451,-0.0010841128,0.012662671,0.36246637,2015.0428,4.7971506,17.220398,5.4789987
1219.9713,525.33075,6.4193645,3.4966664,75.10869,18.849096,2.9995053,-0.0036372144,1.0059996,2.9333115,2015.0496,1.6342617,17.597511,10.873576
5817.9014,1050.2115,11.181372,10.265919,70.66885,14.416991,2.7582288,-0.0042193714,0.032794945,0.134113,2015.3542,4.233759,16.50789,12.576209
12335.01,1502.6797,17.807251,18.456491,64.51212,12.914989,2.9618435,0.10564135,0.18225907,0.7080606,2015.9242,6.282487,21.392004,13.005767
11359.733,745.5198,10.633753,9.318379,73.1407,20.642761,3.7153878,-0.006204046,0.66238624,0.33652154,2015.9886,4.356008,11.408167,15.367728
4841.305,99.79996,6.834341,5.4382834,87.51217,10.456592,3.3181763,-0.0077631376,0.12062072,2.4457588,2015.0336,6.9547744,19.176958,0.7641165
6005.5903,863.5778,15.386543,15.454461,71.93907,15.0076275,2.306738,-0.0076199,0.8026867,1.653852,2015.0088,8.830375,16.239,11.332576
11402.314,672.6133,11.977671,11.00787,68.81319,10.999214,1.6392581,-0.0056386082,0.24845342,0.1393476,2015.9913,4.353818,21.100323,5.4982038
9900.468,549.75684,13.808166,13.558966,81.685326,14.241423,3.6300554,-0.005917908,0.5169892,1.8989923,2015.4111,9.527402,9.796372,9.83605
3973.937,3174.5051,18.436138,18.263525,51.3161,16.60315,1.3004874,-0.007905346,0.036415674,0.5230452,2015.0183,5.7994914,15.827805,13.388888
9594.382,603.5454,6.7019076,5.2881155,86.97782,9.239034,2.4841073,-0.0022782453,-0.013479241,2.5907314,2015.3583,9.622721,10.607056,2.845217
6058.595,2738.3257,18.391062,18.204546,56.529922,15.862152,1.2232382,-0.0050908993,-0.026982374,1.3133161,2015.065,7.5183454,26.316626,11.326867
3266.2705,357.63522,10.400214,9.421332,73.65383,10.881675,1.7125397,-0.0048224307,0.031066947,0.120227024,2015.0718,4.3108206,15.042275,3.0523388
3311.7642,933.1428,12.814607,12.041249,62.962273,30.103603,2.7581844,-0.0047440785,0.5657301,0.4855359,2015.0354,4.960796,9.267587,13.438542
13798.331,743.6827,5.3886313,3.182857,79.070366,9.541658,1.9541293,0.00021231611,0.044256262,2.2613993,2016.0092,7.153819,26.607172,15.540277
12953.492,2241.9272,21.030779,20.877838,51.261326,14.563554,1.6825466,-0.003913527,0.31506902,0.7912844,2015.9741,6.506452,19.23484,14.492273
14219.601,1543.3507,19.914965,20.102554,63.33945,14.15018,1.7245638,-0.0063900235,0.048797466,1.4135522,2016.0079,7.890202,23.926165,12.402663
7153.819,860.10364,14.491113,14.174221,72.019356,13.536333,2.3658667,-0.003616459,0.029182725,0.77188957,2015.3668,6.33496,12.079766,9.400965
7993.012,2288.125,21.166136,21.161728,53.890015,21.448067,2.085482,-0.0068376376,0.47787178,1.1756364,2015.3663,7.5128026,12.286515,15.796445
15649.25,1461.9106,9.389068,8.077003,80.22942,14.39363,2.6161802,-0.0026863266,0.02558992,2.5218234,2015.9418,11.19512,9.31219,13.760622
5661.519,1358.1842,16.668259,16.668274,60.23862,18.142378,1.745836,-0.0070571913,-0.0049163187,1.1581244,2015.0593,7.2640667,26.018492,12.383025
17148.537,1846.1274,6.356131,4.5138445,80.32613,12.202665,1.6848106,-0.003996273,0.0074544465,2.6899672,2016.0364,12.121409,15.706317,16.077505
11294.108,677.2602,11.878181,10.504724,72.728096,15.747383,2.7028012,0.92316127,-0.02586148,0.23903947,2015.9634,4.533957,23.375214,10.926303
6329.9844,361.63638,8.656902,6.8224635,79.85639,14.104942,3.0517976,-0.0029891834,0.7225458,0.5815833,2015.4381,4.2674956,9.520609,8.385477
6494.19,611.3884,14.096954,14.002312,81.01579,14.837669,3.6106637,-0.0054508573,0.10353766,1.8244896,2015.0142,9.493801,14.06115,10.24852
7480.88,705.59607,11.031869,9.001517,76.4388,26.969208,4.528567,-0.005327809,0.42106313,2.794813,2015.726,2.186591,13.8904705,13.608205
11872.949,378.426,5.6163526,3.5763102,84.208885,11.431613,2.5158448,0.0013339526,-0.016794898,2.8592637,2016.0028,4.954389,10.058884,3.5511196
15990.649,430.0803,8.321781,6.8444066,83.35421,11.91743,2.4505756,0.0011055886,0.26143214,2.374552,2015.9882,10.947714,14.451715,8.83396
11000.37,1790.3115,18.921825,18.843843,62.196552,13.58267,2.0750673,-0.0030355502,0.0032067215,0.92724884,2015.7515,6.785193,15.913345,13.0923605
4067.463,2968.8835,15.116588,14.58259,59.464054,26.773869,2.2468076,-0.004585288,0.016269557,0.7052474,2015.0566,5.995885,13.382087,12.623011
9657.4,1633.768,7.5120125,5.1651707,70.472984,16.646975,2.55529,-0.0044882516,0.051862665,0.048624918,2015.9211,2.9918208,14.462481,14.820004
5344.0884,488.30948,16.937449,17.009438,72.19113,11.34401,2.2087786,-0.0051072254,0.06895109,0.9634456,2015.0841,7.088648,15.307392,4.775702
5487.5156,717.23206,10.300049,8.582664,77.053894,23.393585,4.04182,-0.006444776,0.027817525,2.5735595,2015.0609,7.064237,22.144232,11.681102
5638.6016,781.5535,9.530652,7.8903995,71.73419,16.789677,2.513454,-0.00062055635,0.15076715,0.2282906,2015.3898,3.992738,9.4661255,11.601594
14128.001,592.10236,15.35843,15.4603615,82.309326,11.569033,3.1276066,-0.0039703413,0.048406877,1.2693543,2015.9912,7.870219,18.561852,6.908158
7952.64,1321.8239,17.606262,17.589298,65.86335,14.927574,2.4932878,-0.0048069204,0.024955638,0.9487491,2015.4006,6.823721,14.33799,13.540321
10376.506,246.19388,11.71203,10.628383,83.88747,12.537267,4.0293937,-0.0018766981,0.59667,0.67978114,2015.7875,5.472593,13.431726,6.5253124
2144.4712,653.9727,8.325774,6.2122655,77.332535,13.598011,3.1204567,-0.0012193911,0.05064156,0.30105856,2014.969,3.771692,18.976913,10.46908
858.34625,634.0736,4.5851145,2.1161056,76.31538,11.72975,1.9486514,-0.003036407,0.08302792,2.9121766,2015.0093,1.5007244,19.541664,11.051898
14219.595,940.5592,16.266281,16.250874,75.58957,15.971265,3.455675,-0.011016467,0.8585894,1.3628564,2016.0094,8.07738,14.789579,15.181561
3567.6846,219.02567,12.108255,11.679285,77.683975,10.560156,2.2962766,-0.003080766,0.057639442,0.35264698,2015.0308,5.1192985,18.442495,1.8222382
2797.3096,369.7665,9.510808,7.5540457,79.76075,16.698874,3.9346874,-0.002637162,0.71269375,0.40368608,2015.0237,4.028384,19.541075,8.978393
-20.233805,411.98843,0.31096143,-2.223394,83.84583,5.731273,0.6022151,-0.005678957,0.046328194,3.1442626,2014.9926,0.70100796,16.549488,1.7197058
4275.871,1500.6262,15.754177,15.56519,60.439564,22.597147,2.3976266,-0.00568439,0.31331348,0.60590106,2015.0654,5.895506,10.208748,15.024002
9340.152,1893.3685,8.879741,7.3920755,72.315575,16.391163,2.0281298,-0.0005804648,0.007855228,0.21291237,2015.8229,3.842422,8.83834,11.190233
4459.1997,940.7642,7.82786,5.5367146,72.36404,17.229555,2.5464714,-0.0014341634,0.053355835,0.49394438,2015.3204,3.2479675,8.441382,12.713585
7095.834,236.04001,11.945714,11.572578,88.12496,11.616435,4.046045,-0.004909269,0.61065876,1.8307416,2015.0951,9.281914,17.110172,4.833338
11206.426,351.9315,13.684696,13.432162,81.68957,11.971728,2.5128777,-0.006083255,0.043174468,1.7390044,2015.5779,9.180807,13.563987,3.5881493
11680.998,266.959,5.640661,3.739407,86.3237,12.435955,3.7183213,0.0021012358,0.15242378,2.912123,2016.0906,3.6408875,14.304309,4.3707843
2733.2944,1336.9019,11.943057,10.904995,56.441597,21.837448,1.9263248,-0.005923142,0.255894,0.08062832,2015.0286,3.9098303,16.994518,15.095751
4822.721,378.18143,15.239818,15.286023,76.19564,11.614704,2.571106,-0.0047377064,0.009404532,0.8520574,2015.0369,6.848189,19.06209,4.137967
15817.531,652.5269,12.077869,11.381514,82.12623,10.322903,2.003952,-0.0044686585,0.0038351929,2.089405,2015.985,10.119586,23.456474,8.015468
5257.9,840.2723,15.099637,15.106685,73.39705,25.58858,3.6223521,-0.019268764,1.253024,1.3278856,2014.9863,7.9069433,14.589409,13.990841
14488.896,1876.812,21.62855,21.808905,58.17595,14.887429,1.514313,-0.00803578,0.47220927,1.436661,2016.0317,8.00191,25.54426,13.684071
9790.983,1158.6359,7.574218,4.9985123,70.45715,18.721836,2.4361477,-0.005606027,0.03000272,2.5579963,2016.0812,1.1972276,12.931685,14.771021
10463.663,442.57718,14.536416,14.404544,81.88289,12.607398,2.9715295,-0.0052681635,0.2889161,1.8273586,2015.4834,9.319419,16.084602,5.4795203
387.25058,278.8826,4.718446,1.9495292,80.95896,10.801492,2.6391084,-0.0069446317,1.0257593,2.8028529,2014.9648,1.4163576,22.382631,6.0508986
13445.28,983.3336,18.484182,18.624409,68.24907,13.589256,2.1628118,-0.0060670185,0.24904862,0.9777279,2015.9845,7.1788263,17.014076,9.81058
164.8619,690.2512,3.1643407,0.7905831,77.32812,8.341653,1.362973,0.0011944312,0.09046162,2.8879814,2014.9493,1.1828152,22.507113,10.664941
14575.102,2719.605,13.160039,12.946803,78.989174,10.549515,1.8435383,-0.001372182,0.001501373,1.5623418,2015.9907,8.732558,16.525492,10.253597
10335.512,1580.4476,8.143658,5.9821925,72.873405,21.476252,2.491524,0.001131811,-0.020136066,2.8310516,2016.0842,1.7609221,13.175101,11.887445
4906.3716,67.922516,2.589071,0.0049175643,80.84797,8.100903,0.9881132,-0.0024448906,0.90782934,2.9269226,2015.5228,1.1604816,15.225603,2.846081
4975.813,4336.1787,19.025145,18.697056,60.972443,15.205782,1.6076849,-0.006064122,0.05574382,1.0322727,2015.0426,6.899922,14.621699,11.7401085
2236.417,254.36392,4.3400087,1.8889537,78.58374,10.571675,1.2069347,-0.0028406356,0.07744155,1.1442298,2015.036,3.3505726,13.391753,5.7586946
7565.238,147.80515,9.676923,8.712844,88.1726,12.133729,3.9424355,-0.005770258,0.53760344,2.4469817,2015.0908,10.169559,15.8344345,2.951833
9570.535,683.78406,11.174478,10.313011,82.079895,16.627892,3.869931,-0.0032420468,0.08045264,2.5249538,2015.2317,11.098821,19.208042,10.218253
1631.3668,641.9063,7.8393946,5.1153207,74.04252,21.540257,3.1652992,-0.0035922502,0.63879293,2.741893,2015.1189,1.6725179,11.872709,11.465163
6362.2427,402.36868,14.114804,13.987182,81.54087,12.227556,2.9331741,-0.00539221,0.64210176,1.6985494,2015.0305,8.954749,18.020882,5.491179
11041.361,419.58957,8.383752,6.7781687,85.586,12.041243,3.4503376,0.1951428,0.08211052,2.0147917,2015.9196,5.0850286,11.610791,5.713644
14195.6045,1238.3124,19.357033,19.540499,67.30076,13.66218,2.0122142,-0.005896674,0.14152175,1.2608358,2016.0166,7.685649,21.469105,11.074617
5154.92,1548.8202,17.923439,18.02728,63.652336,17.935946,2.3408556,-0.0073002665,0.32639444,1.1842705,2015.0364,7.441147,13.392704,14.992415
5949.3467,606.15674,13.187871,12.763244,79.07955,13.264512,2.5367172,-0.0049674246,0.05420672,1.3204836,2015.1116,7.7844152,9.218671,8.113315
5433.15,1733.5605,17.900892,17.795748,59.683273,21.991875,2.124198,-0.011472982,1.1161935,1.2275673,2015.0349,7.649313,19.38721,15.356135
9567.377,656.6563,5.0963855,2.8550763,82.89846,11.436184,2.1906574,0.00046830688,0.031526707,1.9879072,2015.957,2.1325734,14.222142,4.5716004
7498.056,600.87994,11.946859,10.76413,80.24136,19.65389,4.0889716,-0.004900824,0.07959456,2.504946,2015.0378,10.428516,15.936969,11.48926
10476.307,11.063507,7.5131507,5.5959945,82.33725,11.655933,2.975913,-0.0009799444,0.88290846,-0.15173025,2016.013,2.8383534,17.223354,1.282285
5419.147,2392.0833,20.638813,20.591654,52.175896,18.116545,1.6385717,-0.007801318,0.1127324,1.0650214,2015.096,7.0934362,12.246855,14.981356
8486.6045,376.1614,13.28595,13.032021,85.97967,13.011835,4.200613,-0.004675157,0.17352797,2.055788,2015.1973,9.913496,15.206271,7.0449123
12832.42,34.091827,9.097279,8.078546,88.6583,9.293922,2.7401648,-0.0031065226,0.23796609,2.2288558,2015.6783,10.400753,11.186579,-0.124192946
5568.392,504.6763,13.56584,13.169415,79.28038,14.055701,3.0590413,-0.00454295,0.4886577,1.1476407,2015.1116,7.196172,11.121805,9.2446
8868.196,1186.904,10.337421,8.946125,71.51293,16.707611,2.9139385,-0.004512179,0.0063688075,0.20153515,2015.7355,4.0155807,11.686731,14.675495
3249.6948,608.7865,11.463373,10.579608,71.02647,15.7491045,1.9782931,-0.0024327536,0.71855825,0.42089978,2015.0348,4.893197,8.996522,9.028228
13659.257,3326.8503,24.074944,24.25874,44.676605,19.198666,1.6561158,-0.00883769,0.96373093,1.0105753,2016.0076,7.318907,16.858635,16.33742
2390.3696,773.6049,9.79321,7.8718953,73.07228,17.857054,3.262859,-0.0041237376,0.033348598,0.34386316,2015.0007,3.888565,19.793571,12.723471
2256.2896,614.7635,7.4284835,5.0763416,76.49207,14.533501,2.9121509,-0.003605704,0.12976685,0.757941,2015.0073,3.5989716,18.362476,11.316587
2150.1504,650.5591,6.7367105,4.1308174,73.85739,12.773207,1.8800895,-0.00091531995,0.83906084,-0.22685476,2014.8817,4.346132,20.441698,11.10072
12270.179,252.35275,9.056828,7.701031,83.08259,11.140781,2.7365854,-0.0015627083,0.55530655,0.88802326,2015.9636,5.997127,18.611067,5.5552983
10201.515,1779.4856,16.338955,15.927624,61.119976,22.988552,2.785037,-0.0056404113,0.14802653,0.7484785,2015.7179,6.246594,9.440075,16.076601
12525.784,3081.956,16.567253,16.484919,75.411316,12.002628,1.7079422,-0.004852058,0.037650995,1.5919167,2015.7362,8.814781,18.266079,8.931576
2921.979,664.34106,10.165885,8.752944,74.84135,15.8861065,3.3996558,-0.0034726404,0.17864719,0.20764177,2015.021,4.07545,19.510796,11.229362
4432.859,785.8678,13.265123,12.617506,73.66188,18.109652,3.3797033,-0.004454491,0.20109269,0.8469621,2015.0559,6.1995134,11.4859,13.752471
1190.2384,388.2474,6.577311,3.9864073,82.66144,16.228315,4.3789034,-0.0057348884,0.99512947,2.9635696,2015.0734,1.4350635,20.19901,9.115881
13345.318,431.04788,13.143854,12.541102,79.02999,12.322964,2.150747,-0.010386982,1.018991,1.0365343,2016.0164,7.102865,10.275975,5.6906343
5399.2134,135.986,13.250042,12.955748,83.966896,10.782152,3.2381,-0.0036791482,0.35851043,0.9036554,2015.1097,6.787353,16.178322,3.3338377
5133.5557,485.48032,6.787359,4.401187,83.76381,15.090722,9.355863,-0.004537623,0.24460976,2.6933374,2015.5046,1.5601512,16.743656,6.986387
16345.281,402.78885,13.377781,13.003591,79.4034,9.161234,1.1334488,-0.0049371473,0.86240304,2.1808608,2015.9999,10.05461,35.834396,5.6874285
1754.088,1134.0464,10.548834,8.675521,59.931892,22.43331,2.043472,-0.0054112016,0.032174043,0.03868954,2014.9546,2.9850829,27.438744,14.208096
4673.455,1085.2634,13.447937,12.765772,65.70166,22.976223,2.8761914,-0.0057908236,0.2271703,0.584734,2015.1516,5.4254622,9.960791,15.115134
12066.801,2587.5137,22.249002,22.339592,54.154247,16.396711,1.5520838,-0.008472317,0.068601556,1.1754428,2015.7894,7.680922,20.30196,14.292069
1371.6954,1289.986,7.082551,4.312668,71.562454,17.589283,2.3342283,-0.0046850997,0.025104873,1.9682039,2015.0658,1.8620845,12.128511,13.38222
14275.332,1851.7416,21.128748,21.311638,60.345192,16.304842,1.8125639,-0.008636163,0.7440387,1.4123384,2016.0109,8.146241,19.436651,14.342556
7520.8247,1478.1877,18.796598,18.817642,61.307114,15.160011,2.0596936,-0.0059847566,0.20354302,1.0116825,2015.332,7.016272,14.35483,13.907712
13865.974,1785.4133,22.03407,22.154314,55.437763,13.602673,1.4553422,-0.008009874,0.60645765,1.2489012,2015.982,7.5595374,23.046438,12.844595
16303.587,583.7323,6.327815,4.434904,82.490204,10.712902,2.3431108,0.0012351319,0.3994658,2.455931,2015.9567,11.335331,24.636147,15.228212
4201.7827,1122.9501,14.766378,14.617329,65.661736,16.05141,2.5919123,-0.004831582,-0.021863379,0.53007925,2015.0574,5.6747637,20.966757,12.925115
12036.828,860.1662,10.743955,9.000841,72.91193,31.130499,3.7639492,-0.0017754838,0.16000195,2.9135578,2016.074,4.2631383,15.088155,13.258194
8600.909,509.86185,6.2932944,4.2435856,82.233734,11.427958,2.323427,-0.0005696633,0.026316546,0.14852516,2015.7405,3.4470713,12.957828,4.0419636
6060.6855,736.6263,14.574737,14.367432,77.1544,15.340925,3.4086752,-0.0059684603,0.032124646,1.5009867,2015.0415,8.416437,19.685453,10.6533165
12612.404,2069.4614,20.430233,20.407919,60.961357,16.182045,2.1288807,-0.015412514,1.313301,1.0868824,2015.8868,7.59761,14.95893,15.489178
4676.0737,2544.0261,20.126196,20.115166,52.54264,15.309456,1.3752708,-0.007301686,0.013409606,0.8588074,2015.0265,6.4869714,20.558975,13.344255
15601.411,181.25394,7.5966864,6.0091453,88.94531,11.177035,3.5606947,0.0007849342,0.76054686,2.3626287,2015.9764,10.633223,14.601313,5.4484277
7643.6665,624.68024,12.955201,12.67008,83.435936,16.104248,4.320494,-0.0052586677,0.08069197,2.4113297,2015.0054,10.810564,20.921122,10.9394
10817.071,193.08884,12.642944,12.225248,85.33073,10.313115,3.0232112,-0.004989292,0.22820756,1.6184682,2015.5887,8.675948,12.172793,1.5185845
6502.9526,1213.7242,16.045038,16.061874,63.51031,28.18896,2.5166433,-0.012367983,0.93058026,1.8279957,2014.9937,9.584557,14.38059,13.946324
4233.9014,423.46036,12.542165,11.756463,75.24054,13.525697,2.0736165,-0.004438752,0.51176137,0.855494,2015.0377,6.2901454,10.259777,6.8099318
11489.909,541.1561,11.919386,10.657638,77.3366,15.329107,2.9995472,-0.0032548022,0.9139651,0.9567838,2015.8888,6.0543838,7.9435253,9.49122
8036.094,1613.333,16.116674,15.659718,65.188965,23.882832,3.1844127,-0.008288973,0.026012577,1.20803,2015.3922,7.273206,9.36052,15.896326
3444.3662,337.33145,9.6425085,8.440239,79.82297,12.545244,2.9283798,-0.0015052289,0.10533928,0.25833824,2015.0759,4.3539395,16.478315,5.458575
8283.537,526.5102,12.443866,11.884592,79.801735,14.889539,2.6606846,-0.005576858,0.6600346,2.3085818,2015.1257,10.558072,18.562042,7.9764347
1560.1608,589.103,7.210285,4.801041,79.943344,14.974559,3.9169345,-0.0047369017,0.816795,1.7459352,2015.0211,2.5407977,17.258802,13.147245
6154.2188,779.1079,15.217631,15.289408,76.68332,14.41578,2.9096904,-0.0055229343,0.080463015,1.6364791,2015.0183,8.97522,12.906785,10.436661
13993.3,1026.8145,15.734631,15.748241,74.808716,15.777524,3.3480582,-0.007204545,0.13451786,1.2176558,2016.0194,7.736433,14.435349,14.765929
16154.664,640.94653,3.1439722,1.1095042,87.07717,7.2890077,1.5947572,0.0040282034,-0.041541375,2.446759,2016.0149,10.724358,16.546246,5.5397553
16681.213,157.26096,5.1892676,3.335194,89.20313,8.218555,2.3222635,0.0011750988,0.60414094,2.5938938,2015.9786,11.616188,22.587547,5.507649
1578.8727,571.39233,7.88605,5.2258973,72.99103,20.812904,2.992388,-0.0037948445,0.6765429,1.1984882,2015.0243,2.6857822,14.810856,11.267996
10802.594,1362.361,9.528425,7.724651,60.79499,23.167927,2.7839103,-0.008221538,0.6264976,0.011079116,2015.9971,3.4747043,13.612397,16.816345
2880.8687,541.56506,8.812245,7.078254,75.640564,13.82266,2.5723197,-0.0031529043,0.62975043,0.10730474,2015.0618,3.8855853,14.929212,8.473632
6750.78,344.92935,13.116485,12.974249,85.80525,13.040085,4.1137238,0.081236124,0.017814003,1.6796058,2015.0455,9.179562,20.567509,6.543845
11814.639,2164.0784,16.612267,16.47477,66.636345,20.307388,2.350351,-0.005649259,0.05026602,1.7099458,2015.6567,9.081846,8.673233,13.973712
5170.3926,1120.4933,15.023384,14.969601,69.4126,18.622442,2.6989202,-0.0071797944,0.09658348,1.1104459,2015.049,7.2961407,11.470059,14.7789955
12977.402,470.77347,14.377435,14.310921,79.495255,11.41867,2.946321,-0.002881597,0.09588168,0.81474274,2015.9808,6.3538814,21.824654,6.854341
512.71,403.27634,3.0153081,0.08557075,77.05304,11.985818,1.8066984,-0.0029116657,0.35577768,3.250015,2015.0038,0.86813223,24.387281,6.7803574
9688.566,502.27658,7.064884,4.624558,77.56072,15.801448,3.0990963,-0.0025701236,0.79378,2.5116067,2016.0597,1.2698323,13.593248,9.909567
10813.855,2278.2449,20.490923,20.495129,49.74592,17.708048,1.512097,-0.0071419156,0.23571998,0.75886256,2015.766,6.46458,9.515641,14.2286415
8395.068,1254.3849,13.3363285,12.808337,64.666084,18.406824,2.5558095,-0.0051396466,0.061962612,0.29924956,2015.6116,4.8919535,13.391622,14.851465
14314.578,2113.997,21.570639,21.672354,58.351242,16.327444,1.6770284,-0.007930548,0.8814473,1.3852878,2016.0245,7.9658337,20.905397,14.69592
13113.979,980.0001,16.723864,16.663399,68.285416,13.387383,2.043297,-0.005105698,0.18866208,0.80751985,2016.0084,6.4837155,19.821165,10.538454
5981.2925,112.06735,13.09839,12.996573,85.443275,10.914399,3.0986645,-0.0061661634,0.43982354,1.5163718,2015.01,8.7142315,18.739294,2.448478
3781.1553,1165.8595,14.618811,14.427352,65.00417,26.015623,3.1919136,-0.010480677,0.8232016,0.52802604,2015.0146,5.524586,16.103825,15.595322
6502.0557,1768.1844,17.994526,18.013767,60.3152,20.025259,2.5109177,-0.00744505,0.6968656,0.8919132,2015.251,6.6785507,10.224343,15.730839
16286.394,1767.0963,14.283783,13.997407,69.31172,16.583288,1.7638081,-0.0071043684,0.024966948,2.0450604,2016.0574,10.281973,17.206217,15.285884
11830.542,1833.9342,11.670082,10.974206,70.87597,13.454419,2.0017579,-0.0027927973,0.0196011,0.4095383,2015.9962,5.040337,16.779486,12.392501
6460.6772,1088.7246,7.926371,5.0076685,62.54176,23.844208,2.3664107,-0.0030884177,0.8474528,0.20540182,2015.4485,4.039168,15.890411,16.4993
5722.2803,1212.4518,5.0234246,2.4489093,85.035934,13.35577,11.492973,-0.013459531,-0.042619415,2.5680504,2015.505,2.3690636,12.723954,6.020273
11568.869,786.8319,9.620644,8.061617,76.00856,14.583624,3.5900774,-0.010773898,1.0683693,0.33146682,2016.0043,4.38931,19.262001,15.488673
12695.579,396.28067,13.432356,13.158327,81.19975,12.033003,2.6701496,-0.004584757,0.036683254,1.4972752,2015.8153,8.548606,8.7786665,4.3368053
6855.262,1384.7828,14.470316,14.421256,80.00799,13.112574,3.2558706,-0.006287902,0.03315685,1.9523648,2015.0237,9.8535,15.545168,12.090587
3699.272,665.37744,11.984607,10.882954,73.59639,19.117939,3.4213386,-0.0028583251,0.2626871,0.54338944,2015.0554,5.0248575,16.320591,12.610196
5414.239,913.099,14.570256,14.483967,75.56665,14.694562,2.7401738,-0.0059334296,0.03344711,1.2855496,2015.0284,7.926923,14.002608,10.911058
13027.159,1553.7601,18.594757,18.443243,66.04158,18.781445,2.6595857,-0.007473757,0.80554104,1.4816453,2015.872,8.136651,14.954018,15.128103
7796.259,1169.6855,9.785399,8.471689,76.57226,16.523264,2.653065,-0.004306277,-0.025625177,2.221872,2015.0814,9.787864,28.553392,5.9673543
8187.882,172.92307,9.152608,8.229711,83.06876,12.408564,2.3365946,-0.008751829,0.2970583,2.2701826,2015.1028,10.751308,21.997116,1.4831784
7269.2515,-6.145966,10.582225,10.100668,88.603836,10.838769,3.1621323,-0.0063993963,0.13249257,2.2446327,2014.9978,10.590396,19.144941,0.59983945
6706.6694,614.85004,7.8987947,5.656791,80.926765,15.723874,4.332668,-0.003438716,0.82109624,1.3822997,2015.6066,2.5312192,14.956165,14.025307
10300.07,660.30444,6.445505,4.1135335,75.000435,12.878758,2.117044,-0.001250963,0.044971056,0.29430655,2015.971,3.135993,17.232817,10.488135
5090.9233,1050.3915,17.110472,17.219679,67.39294,13.6922,2.1787891,-0.005728844,0.03379441,1.006369,2015.0437,7.141708,14.432515,11.008122
16700.871,1410.8159,9.355244,8.264469,80.369415,10.955288,2.068931,-0.0018782571,0.0041254675,2.5158648,2016.027,11.308966,22.038582,14.493694
16621.422,710.77496,9.294111,7.714717,77.81458,12.650765,1.2144909,-0.006979467,0.97143716,2.507464,2016.0011,11.517321,19.640636,13.373383
5459.0146,720.7832,14.011348,13.780701,66.99845,26.938957,3.0779161,-0.01055807,1.0315955,1.1126853,2015.0138,7.2738237,30.985453,13.404126
4851.9893,959.0804,17.571152,17.741919,68.1956,12.445098,2.2341557,-0.0069802604,0.7118316,1.0187634,2015.014,7.127435,16.240086,9.660274
4351.3174,249.38144,15.385709,15.445517,74.51256,9.0226965,1.3319286,-0.00989654,0.71269614,1.0382966,2014.9724,7.330127,10.495653,1.2127631
10383.935,1204.3173,5.7568936,3.7815723,79.63508,12.555249,1.6754155,-0.001411482,0.016232036,1.8090746,2016.0135,2.827904,10.148897,6.032324
6250.452,1542.047,18.824173,18.952486,62.49076,16.766905,2.2270617,-0.008054328,0.5867396,1.1711842,2015.168,7.4079375,12.111019,14.794389
7062.9487,346.42947,11.220796,10.406307,84.56364,11.523824,2.8855045,-0.011590146,0.9880938,2.1892076,2015.0134,10.253466,13.731734,4.920639
3739.704,481.79282,10.62287,9.193778,78.636345,21.355133,3.893918,-0.0049787643,0.72667205,1.7260696,2015.0198,5.6191545,14.696115,11.079962
13222.86,1731.4591,20.614307,20.7404,61.29974,15.920012,1.9456042,-0.007221719,0.768584,1.3048079,2015.9304,7.805252,18.103472,14.089939
4762.72,1469.1543,5.497116,3.0110793,74.85962,13.153146,1.7768835,0.0021942693,0.05366186,2.818744,2015.425,2.1381958,13.516042,11.433511
16270.482,1049.1508,9.881107,8.386664,79.861725,16.245527,2.8497922,-0.0029044442,0.045402132,2.510292,2015.9886,11.28242,11.068315,14.2814665
5593.984,287.8431,15.526086,15.489718,76.92927,11.599895,2.4181657,-0.005867166,0.07618516,1.149183,2015.0625,7.574929,20.665827,3.4296515
6899.261,1550.5474,16.241333,16.191833,60.335335,19.412832,2.3583908,-0.0062386743,0.37678996,0.5693762,2015.3655,5.8926263,11.313768,14.794126
7055.6006,2539.1729,13.0798025,13.088889,81.85801,12.404879,2.5760047,-0.006742311,0.04697063,2.0909712,2015.0085,10.236109,13.259306,10.813903
8763.841,349.2499,3.9073007,1.4336829,82.87352,10.571444,1.7409391,-0.00029375526,0.048469044,2.8173854,2015.9266,1.5428525,12.066571,2.261451
10786.535,937.45404,8.88674,7.2507057,71.73635,15.036588,2.792338,-0.004432089,0.06252793,0.13688402,2015.9762,3.7176845,17.255354,14.740256
9773.219,873.87616,12.845229,12.25987,82.54761,13.104103,3.9342923,-0.0030988094,0.033344664,1.3756741,2015.5675,7.5069427,11.43221,10.776081
12915.831,2632.1543,21.202791,21.166739,48.524723,16.848782,1.6602695,-0.0063163224,0.76459485,0.68630093,2015.9905,6.376012,15.911649,15.087546
3841.1,712.1876,11.507871,10.386235,80.685776,20.689753,4.7257767,0.20378013,0.09592938,1.6790317,2014.9303,6.217125,17.499638,18.774296
2780.3555,218.16623,8.762252,7.095437,79.25458,13.330054,2.5125854,-0.001904744,0.39908895,0.31590334,2015.0083,4.185799,19.896965,2.9446766
1719.6139,616.24744,4.796358,2.4984975,77.58071,12.203063,2.486473,0.0025352582,0.6197495,2.985064,2015.1138,1.5711867,20.497128,13.740492
6140.758,694.52856,7.9494157,5.9236364,74.86992,13.597287,2.561554,-0.0024041806,0.07321278,-0.0009325314,2015.475,3.3675606,15.115594,10.304503
12293.32,1155.5553,15.355642,15.1953,73.65494,12.444948,2.7709908,-0.0038729713,0.017067455,0.7130439,2015.936,6.369988,15.737777,10.494507
9658.606,2462.452,5.9345436,3.7015543,80.54543,12.337668,2.3082078,-0.0011407484,-0.02270428,2.8288355,2016.0048,1.5524384,14.426144,11.576955
1812.003,473.56955,5.0443497,2.3570886,80.8487,14.161823,3.2101943,-0.0027117163,0.1590579,2.966058,2015.1155,1.656993,17.75824,5.6270366
16989.006,466.3375,4.774676,2.5591197,82.77052,8.845939,1.5118908,0.08823991,0.16588093,2.5827367,2015.943,11.852027,30.104221,15.689258
4863.3164,642.9406,9.993509,9.044623,79.51579,11.442451,2.2510202,-0.0016403955,0.007649324,0.5239493,2015.1951,4.981856,10.698175,5.4066253
4516.283,2703.7505,15.89376,15.379116,41.21513,24.807055,1.4666014,-0.007477769,0.3973123,-0.10954662,2015.2382,4.1622305,15.479374,15.077501
3121.5527,2567.3135,18.41905,18.31559,38.069603,21.028399,1.3106374,-0.005805045,0.4268209,0.0915833,2015.0166,4.624432,21.713293,16.51622
4229.566,1260.9923,8.730081,7.2938924,77.8841,13.897035,2.2415986,-0.0028580513,0.031029023,1.2645515,2015.1351,5.0828323,7.7001705,9.354223
14829.096,78.79739,12.488312,12.025841,85.50096,10.632147,2.6347735,-0.0034749724,0.2507808,1.7270327,2016.0052,9.058491,15.8771105,0.092369325
13149.124,396.62943,16.604774,16.48228,74.537476,12.01152,1.8560758,-0.0065361443,0.4610184,1.0768273,2015.97,7.275701,12.847084,3.639897
14643.783,679.44293,11.158575,9.896826,73.996124,27.8582,3.7252924,-0.011850708,0.99096066,2.7800705,2016.0813,7.348896,16.69805,16.323198
13305.044,1099.5947,18.165592,18.172125,64.88305,12.46831,1.5901848,-0.0067085116,0.41801634,1.0048454,2015.9924,6.774398,25.060081,10.103145
13170.828,1072.1562,16.344276,16.266768,73.84967,15.404052,3.237618,-0.010643431,0.88729036,1.0108659,2015.9677,7.1352863,14.447962,14.653938
13837.451,408.43283,11.649603,11.229351,80.518,11.104457,2.110606,0.15237086,0.33865765,1.2099613,2015.9642,7.8306613,28.340757,8.8318615
4859.1387,527.05536,10.626426,9.367591,68.41567,13.384849,1.2052884,-0.0046697813,0.47070983,0.24912946,2015.271,4.362269,9.34636,6.469881
15306.61,2315.0095,11.818818,11.477156,82.9102,11.474132,2.2761564,-0.0034124714,0.0018184399,2.2161107,2015.933,10.381782,15.725747,8.703774
3875.024,2476.377,18.471708,18.101841,42.626198,19.344069,1.3004509,-0.0074262857,0.45160717,0.35980073,2015.0605,5.2770004,16.572426,14.4464035
13354.673,3204.535,23.390207,23.397696,46.678448,21.000895,1.6363152,-0.009664816,0.9560656,1.1032308,2015.9686,7.5072937,13.876728,15.722757
16718.3,1259.3346,8.639041,6.9618,70.57906,17.58043,2.067656,-0.0058823745,0.03004434,2.3596077,2016.017,11.229346,19.28056,18.84276
13246.49,178.05643,14.492747,14.16861,77.48932,10.413297,1.9851018,-0.007441358,0.034192793,0.73191863,2016.0265,6.22843,21.427963,1.5147078
3857.627,1721.06,17.93399,17.80366,50.38297,17.373463,1.550529,-0.007362501,0.40150866,0.5286859,2015.0079,5.7719755,15.72374,14.213863
3160.023,356.2886,9.570909,7.9838033,79.72373,13.65879,3.2130654,-0.0020837367,0.055135198,0.46036425,2015.0259,4.4530616,18.712233,6.1185584
6900.2812,424.3217,10.1390295,8.981682,85.06709,15.417992,4.205911,-0.0031087429,0.06779408,2.495944,2015.0522,9.523806,15.327977,7.6077423
12732.794,845.733,9.430435,7.7164927,81.17387,19.007902,4.268716,0.0022792805,0.025044687,2.5838892,2015.9716,6.430646,12.55339,11.994058
6103.8633,944.669,9.654438,8.142106,70.74303,17.445639,2.7609544,-0.007219819,0.93030655,0.07792275,2015.4386,3.853037,11.0431,13.798322
16394.03,964.74,11.086414,9.945156,76.89599,14.8832,2.721758,-0.008287472,0.47956687,2.369132,2015.9937,10.967953,20.462284,18.35997
12669.546,683.6588,15.233163,15.134711,80.41818,14.14648,3.5468464,-0.0049524656,0.35488817,1.5982302,2015.7904,8.754784,12.875493,9.834951
6013.283,810.76575,14.676296,14.409439,75.58791,16.32439,3.6017106,-0.0071794963,0.555943,1.0459107,2015.171,6.9558554,12.484113,14.083965
13172.307,2006.0095,21.61437,21.645094,54.66415,14.811453,1.8118478,-0.0056341304,0.09026872,0.996848,2015.9634,7.2301855,17.247936,14.0052595
6723.089,2278.6394,20.7915,20.825989,54.098915,17.24151,1.8504579,-0.008343407,0.9462908,1.0832063,2015.2413,7.1770496,14.15459,15.4082365
16376.957,689.9554,13.314486,12.353485,76.25009,11.851762,1.3604621,-0.004707703,0.12677479,2.151048,2016.07,9.83237,31.078869,4.699838
10216.072,959.8967,8.446937,5.732796,66.25075,22.065636,2.1675646,-0.0034714167,0.25224507,2.5111725,2016.0898,1.6395212,16.317488,14.237597
4140.1016,969.7728,11.779096,10.697338,56.879093,14.066453,0.6254869,-0.008743254,0.30694103,0.0030127,2015.212,3.9152102,14.824926,9.436184
8726.458,995.4053,12.440596,11.775599,72.82207,13.791105,3.0775201,-0.004269702,-0.018963404,0.19443445,2015.6552,4.689688,15.311383,11.736901
3343.92,581.389,11.923049,10.886501,73.05399,19.244053,3.0984972,-0.0013180145,0.4121181,0.5146621,2015.0212,4.948986,18.212687,10.818647
13192.529,390.19632,15.857698,15.862102,77.522415,12.077946,2.5948644,-0.004236031,0.18905248,0.85646164,2015.9954,6.766925,16.836996,4.4114394
7721.5815,158.71469,9.697549,8.690625,85.43058,13.3522415,3.6740518,-0.004699738,0.3836509,2.1821272,2015.0652,10.190565,22.881495,3.0765316
4880.6294,555.51495,11.509167,10.53051,79.85451,15.175288,4.2946434,-0.002104319,0.26174378,0.338504,2015.2183,4.6567845,16.61504,11.747572
4704.334,606.37103,12.923904,12.148655,78.165695,18.48931,4.1841984,-0.0057841293,0.4918638,0.83795285,2015.0914,6.044584,13.408507,13.676368
2960.586,1100.8138,10.105659,8.542103,65.79976,19.125526,2.5301185,-0.0056489347,0.40837932,0.13368432,2015.0709,3.82079,13.385724,15.154574
10442.197,802.6021,9.20196,7.2255197,72.72434,19.740564,3.6090798,-0.0043960935,0.4472471,0.2547424,2015.9531,3.562901,12.361445,15.307944
7319.827,646.6194,13.504808,13.237554,80.559784,16.406027,3.7319613,-0.005026761,0.2324834,2.2177408,2015.0175,10.4703,16.73927,11.23111
2587.3696,1167.6997,9.757871,7.8598466,64.3963,19.821848,2.5194395,-0.0064906473,0.0917244,0.09205322,2015.0503,3.5478337,15.809833,15.486924
13985.913,1426.012,19.263515,19.461699,65.74211,14.558005,1.9902275,-0.0066072675,0.4789062,1.3389802,2015.9958,7.833333,20.986702,12.666426
3140.8208,1236.017,9.217464,7.7862997,72.128975,13.7683735,2.1170676,-0.0038018536,0.030015565,0.054369137,2015.0906,3.9156902,15.499992,11.187915
10157.148,997.70636,9.352741,7.171682,67.33869,24.809406,2.7291005,-0.0048287692,0.20956624,2.7574573,2016.0471,1.8900925,18.533123,15.655805
3868.4302,445.38113,12.158476,12.091953,82.74391,27.575712,5.7408295,-0.01805759,1.1981114,0.85577977,2014.9388,6.6342597,25.394272,15.269772
11783.444,904.7228,12.648234,12.083522,73.4676,12.573642,2.0799372,-0.0024963778,-0.024698474,0.49824646,2015.9642,5.4782495,11.980702,7.7357054
9388.66,263.78958,5.927103,3.5743427,81.264015,11.734159,2.8354652,0.0022659346,0.5031417,1.7846532,2015.9099,2.4090517,16.999569,7.0294676
893.59186,517.5664,3.5542047,0.5912327,77.23177,9.901687,0.9615174,-0.005004411,1.2163681,1.5584611,2014.8778,3.0870364,17.719124,7.8733835
6297.428,811.8209,8.721631,6.0431056,70.4333,27.016846,3.4264045,0.0020587805,0.43523958,2.9179955,2015.6428,1.4427444,18.974728,13.259649
2187.7427,806.7341,10.068162,7.9128156,67.699524,25.244535,3.1037884,-0.0060536633,0.23769294,0.5403268,2015.008,3.525545,20.315916,13.841085
5330.242,909.5801,13.164011,12.558556,67.51604,19.895248,2.4040341,-0.0024407909,0.43805996,0.62339354,2015.2249,5.5447745,7.208932,12.775377
5168.7676,822.57025,16.216724,16.090082,69.96038,13.327301,1.7199347,-0.013880544,1.2268491,1.2584907,2015.001,7.7402644,19.453386,8.615174
11934.552,273.2227,11.8748455,11.045562,81.22964,12.756373,3.0053833,-0.0025482767,0.38863412,0.7129821,2015.9453,5.914898,11.94478,4.993691
10705.015,423.99905,7.8439803,6.436357,77.37906,10.780448,2.4488502,-0.0036726494,0.08867142,0.044484302,2015.9639,3.4765801,25.325636,7.3690357
12678.894,448.32748,6.5098257,4.430806,80.44496,12.313204,1.9508944,6.534782e-05,0.14861535,2.2129805,2015.9998,6.176886,18.639006,8.746306
8474.198,1439.0973,15.786131,15.759951,68.79611,17.446342,2.526623,-0.006361786,0.022952773,1.1425116,2015.4285,7.348803,9.278286,13.983634
3722.0874,792.8398,13.951125,13.620555,67.15672,20.000477,2.5313675,-0.0077929995,1.009446,0.5048742,2015.0078,5.3491898,25.17739,11.261726
6837.444,2718.2146,21.80362,21.82898,47.27698,19.885344,1.8522002,-0.006704859,0.16362612,0.92817676,2015.2734,6.810998,13.32873,15.697959
4664.861,1367.3635,14.529225,14.366394,69.37565,16.607733,2.5557399,-0.006382249,0.021845363,0.8187251,2015.0632,6.452485,14.04457,14.443086
11669.572,1630.7799,18.102545,18.124271,63.370422,18.915812,2.5660024,-0.0069149113,0.66964436,0.93868977,2015.8242,6.894177,10.008886,14.676148
14043.307,1884.5256,15.114769,15.207029,76.57791,13.274295,2.5613122,-0.0025151588,0.012750707,1.3598405,2015.9927,8.222709,10.328428,11.422978
3393.871,1566.8427,15.839123,15.871136,52.470608,21.871433,1.7477065,-0.0062991898,0.034750096,0.284977,2015.0176,5.006929,20.98196,14.630732
14291.604,2303.0132,20.212872,20.372374,59.08666,15.193745,1.5363255,-0.008140788,0.024898432,1.3924558,2016.0155,8.003412,20.88455,15.137051
14528.854,210.25687,5.1266847,3.3127608,87.718575,9.27944,2.6064143,0.0020512498,0.119952165,2.3980865,2016.0128,8.399318,19.26691,5.203312
9745.783,475.18198,6.033347,4.0940866,82.057304,12.875346,3.3575368,0.0039977604,0.04479789,2.833269,2016.0386,1.5315114,17.098808,6.882416
15677.614,1095.5297,11.064514,9.87706,75.05164,20.561522,2.6180205,-0.005485305,0.089211635,2.5446048,2015.8889,11.61035,14.136593,14.104652
16492.09,4093.3174,6.8099504,5.62354,83.663956,11.089755,1.315234,-0.003069646,0.015333108,2.4474685,2016.015,11.55102,12.865116,10.919789
4241.0234,266.53055,13.161283,12.828432,74.91396,10.476225,1.8467528,-0.0056599784,0.051226787,0.5214748,2015.0704,5.730783,14.032707,1.9664023
14745.652,1680.6707,13.0967,12.671885,79.800354,13.351648,2.7096233,-0.0030871697,0.037304528,2.139501,2015.9221,10.020088,15.241349,11.528691
4693.0044,571.4889,14.886177,14.813526,73.03148,13.049991,2.1124635,-0.005920458,0.5859116,0.97820634,2015.0314,6.9816604,10.339304,7.970572
15746.853,814.25726,10.307898,9.368712,79.34577,11.779951,1.7890853,-0.0030545045,0.034697108,1.9737824,2016.003,10.150332,17.017017,11.305098
7401.9263,783.9597,10.354083,9.462984,83.14794,14.164749,3.635977,-0.004364572,-0.015642948,2.4576848,2014.997,10.503963,22.84289,7.6582856
7065.9424,645.2461,14.247124,14.391258,80.05517,24.77142,4.677731,-0.015287318,0.925916,2.1177592,2014.9918,10.461217,19.113028,14.968216
4980.822,821.8884,15.333886,15.233946,72.44778,19.546068,3.8026855,-0.009030391,0.26985136,0.9905402,2015.0253,7.063044,20.705498,15.055227
6638.1104,1599.9912,18.283897,18.346666,63.355278,16.529808,1.979536,-0.0087824175,0.6543946,1.5901929,2015.1174,8.538648,17.686428,15.037611
11833.651,1423.3922,19.065647,19.064608,63.467484,15.689287,2.0638406,-0.006159743,0.36803648,1.2166148,2015.7925,7.691827,9.807234,12.460447
9008.332,406.947,6.9630003,4.4771895,73.43627,22.34382,3.431619,0.008250541,1.0006783,2.8988712,2016.0027,0.89252293,21.77596,9.17386
2938.7188,811.1745,11.485703,9.877713,69.584206,25.793833,3.7241673,-0.0050430964,0.3605311,0.41196015,2015.0309,4.3268323,17.59081,14.395752
7332.489,1250.158,10.058723,8.426913,78.79006,15.99057,3.1807864,-0.0016848512,0.013110182,2.555879,2015.4176,5.840984,9.346451,11.403907
3752.605,34.27896,11.867351,11.691697,81.6806,8.681023,3.3444448,0.2679283,0.04789924,-0.02402051,2015.0797,4.660719,20.388683,-1.3866098
4258.546,2802.3264,12.642477,12.014246,68.02542,18.76446,1.8951494,-0.0038080562,0.043725915,0.7180954,2015.0905,5.7336025,9.231351,11.869562
2207.6245,1055.453,7.72852,5.6447754,76.48637,13.43812,2.1736135,-0.0024540343,0.008481196,0.21260767,2015.0056,3.5828247,17.086178,8.248722
7949.082,694.529,11.725943,10.5591955,82.82348,18.388073,4.5251746,-0.004551198,0.067062385,2.5467627,2015.1082,10.184458,15.079934,12.319426
13976.615,848.0194,14.839976,14.684621,77.78302,14.506358,3.6786678,-0.0063979267,0.49559864,1.3102968,2015.9984,7.9166384,17.439814,14.70372
10575.43,1584.2339,8.963242,7.1228304,71.35651,20.420923,2.8342545,-0.0050763204,0.009894065,1.401655,2016.021,3.1154873,11.468286,14.556563
3138.8755,797.4546,10.507813,8.695709,77.075066,21.617672,4.0510874,-0.0067787296,0.07661951,2.2984753,2015.0885,3.788874,15.967563,13.842013
10542.52,1102.3065,14.395383,13.900641,69.07805,18.107218,3.3924599,-0.006404852,0.20094098,0.61145204,2015.7758,5.7732487,14.261789,15.841087
4175.3037,1364.58,17.271236,17.331553,54.380997,18.715889,1.7693166,-0.0069519854,0.06985975,0.5449563,2015.0319,5.6901174,23.059732,14.262459
4827.332,2702.9792,17.816872,17.612999,53.159657,23.465588,1.6694769,-0.006831066,0.030361526,0.7245711,2015.1038,6.3240395,7.063607,14.497308
14446.848,170.81168,3.7842996,1.228085,85.60538,8.549049,1.6762878,-0.0013511006,0.8908895,2.4888108,2016.0692,7.2469554,24.798302,5.882304
10890.243,1068.705,13.960229,13.652976,75.090675,18.81985,2.8005915,-0.0060107517,0.09404964,2.3826115,2015.3927,10.89854,13.163779,13.441013
14285.795,872.9123,13.155759,12.481618,80.43339,17.53177,4.0378757,-0.0045688166,0.11429616,2.3069386,2015.824,10.447839,11.051824,14.36403
7764.6025,571.5678,8.127507,5.0532994,82.73687,23.490591,30.229868,-0.012923756,0.07817287,2.0940926,2015.4438,6.3947377,16.313032,8.79803
145.97127,411.23312,1.7325426,-0.8071504,72.95365,9.382291,0.11544999,0.002305838,0.50536364,3.0893378,2014.9404,1.2941238,22.982082,8.634047
11849.344,1460.9474,14.212254,14.175994,80.28925,11.468694,2.9894822,-0.004368873,0.024965994,1.2775425,2015.7635,7.914114,12.296897,9.872484
13019.336,79.25772,6.9304643,5.390031,87.66928,10.51394,2.9839299,-0.0015951835,0.20588548,2.5204995,2015.7363,9.977616,11.310837,1.4655011
6310.9243,287.03708,13.368969,13.110575,83.3872,11.903975,3.119683,-0.00560284,0.12820083,1.6089039,2015.045,8.865384,14.309443,4.460527
14121.733,1026.3607,16.60231,16.35397,68.398315,12.810116,1.4963253,-0.0064124833,0.32907823,1.3688797,2015.9972,8.030981,22.76301,10.799149
9119.731,764.4933,10.663579,9.266796,82.6703,15.715931,4.4987254,-0.0043361294,0.064064555,2.1541586,2015.6799,5.1429734,12.62445,13.684526
10060.827,375.73184,15.512734,15.456675,80.17726,11.654819,2.378155,-0.0063722017,0.1653052,1.6914531,2015.4688,8.925773,19.338078,3.274974
2725.6094,928.0939,10.222898,8.012961,71.97359,26.750381,3.479402,-0.0065229624,0.030750684,2.4693313,2015.0237,3.9021947,17.214317,13.364258
12606.644,1631.7162,18.896904,19.053625,63.423775,18.694557,2.5260136,-0.007164826,0.5612781,1.0739343,2015.8914,7.3765297,10.696757,14.395662
4718.5273,1188.4186,16.40342,16.64223,67.58599,18.899359,3.2157054,-0.008400847,0.6749853,0.85332495,2015.0499,6.5270314,16.973652,16.236235
1358.193,1017.4439,7.765534,5.054142,72.32912,18.844366,2.934694,-0.0063750683,0.022853412,2.499265,2015.0071,2.25643,22.003918,15.695809
3263.7139,1471.6394,14.606798,14.236151,55.54308,22.743647,2.0289266,-0.0047417465,0.37204868,0.22053151,2015.0336,4.654555,14.961054,14.721837
3667.0576,109.45053,12.031758,11.216245,80.16275,12.281568,3.1447086,-0.0009320558,0.57027364,0.40592256,2015.0398,4.999726,21.17083,2.0010426
16301.162,903.4774,8.949547,7.8094063,82.63387,12.27089,2.5214076,-0.00045368384,0.03477914,2.4884226,2016.0015,11.208051,17.111269,10.932187
9873.931,908.2667,7.028784,4.8252516,76.57942,14.643037,2.985593,0.0010681085,0.06960093,2.9669394,2016.0292,1.5936209,18.90557,14.526971
4937.621,682.4408,10.152287,8.547167,82.95427,16.829868,4.7088304,-0.004638014,0.08953292,2.4404175,2015.2336,4.571098,15.447825,13.48335
3471.8096,897.6037,12.007699,11.089204,72.02349,19.018568,3.3898215,-0.007815094,0.84552467,0.3527358,2015.0487,4.6948385,16.293917,14.378359
6104.504,3521.9043,23.665094,23.559137,40.197056,22.670559,1.3704462,-0.009918635,0.4234956,1.1023256,2015.1611,7.227787,11.253986,15.633003
7035.5225,1507.4258,15.79304,15.731346,68.71718,18.335796,2.5127032,-0.008057424,0.010565749,1.8960063,2015.043,9.568224,21.16749,15.2512
2306.2007,800.88306,6.2925797,3.7231007,77.026695,15.19669,2.477094,-0.000619517,0.0036711907,2.8732502,2015.1495,2.034701,10.300167,8.279117
4653.744,1723.3419,19.167002,19.30637,58.292255,16.135044,1.8301597,-0.0071779317,0.76252407,1.0521877,2015.0071,7.030818,14.498845,14.662914
4671.3745,379.99954,15.227906,15.150186,76.64141,11.029649,2.4308999,-0.0045585237,0.6050704,0.94702107,2015.0194,6.8282056,17.74565,3.5769694
11621.615,1266.465,12.767954,12.007656,70.46909,23.520113,2.7893367,-0.003672003,0.0453813,1.727333,2015.7236,8.064884,6.077873,12.377438
17044.357,295.99216,6.9839854,4.6165047,83.0155,15.979773,3.1762087,-0.0074998043,1.2514238,2.7013555,2016.0073,12.058997,17.666029,10.049222
6471.8804,872.6274,15.198975,15.165052,74.20156,17.848545,3.4293973,-0.008907997,0.6270553,1.272292,2015.1594,7.6962423,11.010139,14.743203
6257.876,343.01993,12.893821,12.647664,83.99368,13.7797,3.728326,-0.0066640987,0.67198753,1.7308911,2015.0085,9.122693,17.295673,7.156285
2090.7021,587.2322,7.3129344,4.8659163,71.63713,16.049635,1.5887479,-0.00064688857,0.5936601,0.14046757,2015.0469,3.3398802,8.303212,9.201682
8020.0513,2545.7756,21.6689,21.63426,48.696796,19.08186,1.9104371,-0.006011944,0.30154872,0.92869323,2015.4059,6.8134594,14.147473,15.455317
4922.972,264.22202,14.88791,14.891163,77.54532,10.526379,2.3893838,-0.005278108,0.06271509,0.86098844,2015.0597,6.852688,16.495348,2.4337895
14578.78,953.9192,15.741146,15.730056,77.30937,15.4751625,3.42007,-0.0064968164,0.26291636,1.5628291,2016.012,8.626605,13.040243,13.29093
12777.8955,2396.209,21.298382,21.345203,55.71096,21.123632,2.1242788,-0.0061407494,0.095622994,1.2588052,2015.8767,7.865943,14.827904,15.410009
14244.211,1208.2985,18.815472,18.897406,69.34587,13.387721,1.8210294,-0.014013686,1.1021733,1.2346239,2016.021,7.805672,18.147028,11.283953
10745.763,108.02377,7.5666404,5.9138455,79.76003,11.620068,2.1827774,-0.0018780131,0.04896354,0.0063775014,2015.983,3.5699072,16.077124,2.2628567
14311.578,1522.3516,17.489443,17.50451,69.25473,16.245495,2.3838418,-0.004941884,0.047292195,1.612525,2015.9797,8.624091,14.712367,13.293676
3402.12,573.16736,11.020554,9.861734,76.386406,16.564543,3.2333522,-0.002458024,0.70410025,0.45631805,2015.0537,4.788535,12.974747,10.819129
15915.0625,469.85294,8.697219,6.714453,84.71334,13.009873,3.3294055,-0.012158786,1.3630601,2.352623,2016.0419,10.049724,16.191628,11.761939
8471.799,173.68698,7.8521185,5.897805,83.649994,12.4147,3.6692626,0.0002583998,0.5879139,0.22625391,2015.7253,3.568483,13.737601,5.2902365
10276.643,244.55539,3.4017093,1.5496068,79.78848,7.7643495,1.0260509,0.078399375,0.22433586,2.9709003,2016.0867,1.4628841,21.987337,7.6590915
11275.262,850.2892,12.768532,12.232522,68.35409,13.035932,2.1262574,0.55293643,0.13289343,-0.017345862,2015.9825,4.206806,28.280489,8.334672
13929.714,-24.2695,7.2746897,5.773216,89.234055,9.394044,2.7603493,-0.0018577345,0.58242667,2.380786,2015.9567,8.595567,12.070256,0.018237358
9444.819,1333.8596,13.88524,13.630146,76.75806,14.411865,3.4633474,-0.005732115,0.041986473,0.95732117,2015.5936,6.7351446,13.810276,14.4109
4806.8833,200.45364,11.05714,10.507672,82.19895,9.534567,2.0350995,-0.0060269884,0.039198227,0.79787,2015.0773,6.422027,15.629673,0.14498925
3157.0103,1369.6486,16.323473,16.042162,45.162518,19.551517,0.57345635,-0.008597561,1.0192531,0.05968444,2015.0067,4.0613585,29.530052,11.273899
2395.4219,1297.9568,10.270859,8.434195,62.74929,28.798426,2.3639653,-0.0053407787,0.020954452,0.6158475,2015.0139,3.9101305,12.638754,13.036353
5414.3975,1017.2103,17.115534,17.055843,71.042366,13.55929,2.4253855,-0.010679384,1.0365682,1.336987,2015.0182,7.924086,19.07075,11.334804
10573.195,574.7194,9.797344,8.402625,82.980865,13.539993,3.7266142,-0.0020059713,0.028050877,2.292418,2015.8203,5.4688854,10.438572,8.737706
13079.597,1650.2064,17.89722,17.971819,64.19417,13.912625,2.050545,-0.0038182077,-0.005317875,0.7850527,2016.0054,6.621394,15.047407,12.967239
3549.959,1337.0929,12.890965,12.42917,63.002884,17.952393,1.9971339,-0.0049370187,0.021591239,0.2601358,2015.0645,4.645854,14.064802,14.213195
15745.421,526.5242,8.062292,6.372034,85.57716,11.257742,3.4891138,-0.0020985615,0.75454205,2.341796,2015.9487,10.731647,20.88293,14.207518
13466.066,332.8193,13.52398,13.351762,85.3112,11.0146885,3.6641855,-0.0077931485,0.866528,0.95908254,2015.9993,7.0734925,17.59527,6.003087
1554.5206,1154.5344,6.530789,3.8159428,73.34123,17.063538,2.1678946,-0.002956643,0.018570565,2.8308742,2015.0891,1.862784,10.666252,10.694595
1792.4122,837.7434,8.2415285,5.66961,73.761185,19.183643,3.3835177,-0.004509847,0.12718372,1.9603755,2015.0527,2.4071038,17.245064,14.969653
8952.845,2074.654,14.7257805,14.290235,58.873775,14.135903,1.6475081,-0.0044258474,-0.019986935,0.20731263,2015.6786,4.8527784,18.030882,12.679477
15834.673,1036.1412,12.839968,12.183724,78.61092,14.899152,3.3033032,-0.0034025286,0.31305185,2.3089328,2015.9901,10.523412,21.094385,15.049353
12021.062,519.4842,7.6299176,5.819879,82.45236,12.005349,3.226343,-0.0022889443,0.10780948,1.8973281,2016.0046,4.971624,19.367373,11.181738
7371.8765,1138.624,15.557877,15.548053,71.80351,17.694202,3.0272975,-0.008147777,0.05542635,1.2535414,2015.2632,7.7231555,10.735825,15.003887
5597.3936,2405.3484,19.22452,19.347864,61.5843,17.621134,2.2665613,-0.006178198,0.030253641,1.2856699,2015.0635,7.7066097,15.673254,15.359752
13168.768,687.9337,18.225204,18.391542,75.346275,11.695506,2.507196,-0.0059678587,0.068641715,1.2194684,2015.8943,7.702978,19.415743,6.511617
8451.663,485.87485,14.135081,13.917678,83.71326,13.751696,4.027485,-0.005902312,0.65914464,1.8955309,2015.2411,9.391703,16.037508,8.895033
2700.8252,946.4949,10.96969,9.85353,70.61857,14.845795,2.547461,-0.0017292642,-0.01735399,0.1834865,2014.9937,4.172201,21.582119,10.007541
14832.625,947.7521,11.363488,10.279458,72.904854,15.31357,2.177782,-0.007049387,0.7531396,1.6843853,2015.9998,8.94477,17.77119,16.295893
4947.9604,2571.355,18.723164,18.600948,51.315704,14.260618,1.4383749,-0.0061806175,0.103185214,0.54012513,2015.1306,5.8764834,18.457214,13.916268
7836.9814,1594.837,20.09008,20.076136,59.037086,12.945435,1.3950821,-0.00976275,0.8887504,1.1034588,2015.3398,7.3040547,15.17804,11.988526
14700.214,314.99472,12.126327,11.639019,83.288445,10.901364,2.674501,-0.0044789515,0.2253068,1.5026269,2015.9941,8.734986,20.252512,5.8091283
7619.6245,538.9148,9.990484,7.8359337,76.925606,20.774233,3.5187998,0.0003126121,0.4812607,2.8595319,2015.5992,4.192317,9.215296,9.13252
6402.408,555.34784,7.9175406,5.8502784,81.75075,15.663705,4.259333,-0.0011722662,0.564224,2.4091337,2015.6356,1.932139,15.017284,13.171935
5787.333,312.3787,15.393203,15.51131,81.226135,10.997007,2.9857705,-0.005779022,0.05795992,1.2459302,2015.052,7.9648895,16.882366,4.5081
5618.937,1558.872,14.564338,13.988298,55.320095,17.722197,1.986668,-0.004306476,0.5739908,0.18921809,2015.3071,4.5762315,18.750086,15.217658
2151.2876,1002.79395,7.908902,5.5873413,72.86028,17.240517,2.6432843,-0.0021168005,0.04240904,0.9980681,2015.0715,3.0110002,8.71851,12.771958
13145.168,974.21643,17.017946,17.028605,75.442955,14.978571,3.399405,-0.0060375943,0.3821799,1.4176068,2015.8855,8.1336975,17.344141,12.587815
2554.5342,426.4692,8.22176,6.45989,76.09607,13.761026,2.1170819,-0.0012563218,0.09835342,0.14244358,2015.0364,3.7668872,13.873346,6.576086
5703.354,3337.5342,17.408876,17.089796,61.746082,13.48732,1.4643539,-0.0056346147,0.02900774,0.7372133,2015.1901,6.2053986,13.975406,11.528699
4658.2944,1776.8204,18.869465,18.789417,59.51869,14.311835,1.5300238,-0.013699275,1.2044879,1.0641766,2015.0056,7.13975,14.193155,14.204775
14069.695,192.00156,14.2468,14.021097,83.05944,11.921157,2.8859594,-0.004420554,0.14832015,1.4474542,2015.9862,8.319209,14.642494,1.7377741
8266.624,1303.3271,13.9562025,13.491225,69.64827,17.078093,2.7435002,-0.0061742584,-0.00321553,0.63487655,2015.5316,5.749942,11.374625,14.79935
10175.474,976.509,9.305489,7.301706,72.613235,19.316359,3.0051715,-0.0015818693,0.038335554,1.361648,2015.9894,2.9630919,8.674731,12.978756
13418.464,419.0988,17.263813,17.1735,71.10392,10.971047,1.5747877,-0.009380513,0.21528316,0.8696044,2016.0175,6.6153874,23.250322,4.0623393
9873.883,530.14526,7.633621,5.4497075,78.99072,16.121822,3.5364237,-0.0031559274,0.5498811,2.4532957,2016.0624,1.5036112,13.905679,11.529371
9484.731,407.1707,15.977278,16.087023,80.557274,10.389069,3.025039,-0.004145037,0.056416772,1.037376,2015.5321,7.3298717,15.320112,4.593943
10548.149,470.66562,6.0932364,3.935461,79.79591,13.121765,2.1397064,-0.0013663464,0.059995733,2.5890174,2016.0354,2.775551,15.64352,6.966816
3791.6748,2379.7668,20.16776,19.99778,39.44772,20.244358,1.1760335,-0.0077877357,0.13645919,0.38765743,2015.0024,5.1708684,26.257269,14.423965
10116.411,1772.4829,18.914762,18.970182,59.504017,18.352486,2.2424653,-0.0063589434,0.4370234,0.9025524,2015.6559,6.7929373,9.926591,14.552266
11579.363,199.61441,12.431098,11.93427,87.56052,9.156534,3.4525123,-0.008616899,1.0352639,1.398579,2015.7084,8.131866,14.81346,1.5179627
6992.2915,370.25607,13.39234,12.887804,81.94944,11.58374,3.1616118,-0.0054844725,0.7315727,0.99500394,2015.3037,6.767666,11.574105,6.431898
6845.61,930.0765,12.651726,11.37762,71.19165,33.340683,3.6216881,-0.0049079857,0.09207576,2.494823,2015.1025,8.875629,10.2889805,11.538273
631.3145,1224.3822,5.3322988,2.2810845,69.30687,15.455493,1.4622782,-0.0046395934,0.058176108,2.8624923,2015.0022,1.310392,19.987226,15.306552
15103.625,-42.3248,10.141657,9.311414,86.62171,9.103952,2.1009774,-0.0025557086,0.11546067,1.7412233,2016.0093,9.327897,16.0342,-0.8892534
14832.984,755.8749,12.922769,12.471926,83.21083,13.041983,3.7430012,-0.0030604035,0.066322796,1.7095585,2015.9911,9.193755,13.724105,10.975714
11317.661,572.04333,9.694825,7.998709,79.4491,15.437631,3.7525492,-0.0017568704,0.20404677,1.2364707,2015.9955,4.3176785,14.846746,12.695236
13055.451,-8.817352,0.09599941,-2.43008,89.50501,6.6485934,1.7037588,0.00079603744,-0.00551764,3.2215934,2016.146,4.607155,15.565956,-0.47310424
5425.6577,556.0703,14.41284,14.218655,77.13849,14.0494995,2.6559386,-0.00867875,0.931566,1.326569,2015.0247,7.871848,18.07321,8.0916195
13793.776,1114.6407,12.073237,11.7287655,83.46081,11.380438,3.1096914,-0.0014814616,0.03209976,1.836386,2015.8737,9.265119,12.167999,7.885018
13530.183,1110.1781,13.61422,12.933349,69.10217,21.555082,2.8708303,-0.00543536,0.5369336,1.1789191,2016.0333,7.034955,8.686064,14.184187
6418.0327,271.78256,8.724203,7.02072,82.576546,12.720793,3.5174031,-0.0010744308,0.13908887,0.68389046,2015.4263,4.305849,13.459631,6.1619887
10392.641,1662.1635,11.995447,10.320711,58.0439,13.075505,1.4309994,-0.012210426,1.2661973,-0.29116485,2015.9403,3.3224034,20.499289,12.47211
14192.471,1013.1285,16.113897,16.111193,74.27,14.883816,3.1571388,-0.0070416643,0.15727343,1.3005944,2016.0187,7.936187,17.544424,14.444526
4907.297,992.3359,15.73767,15.699354,71.784195,15.736488,3.2347958,-0.006838066,0.041447498,0.9689769,2015.0331,7.0806956,15.848916,13.551779
9873.033,458.58017,9.493091,7.7389927,82.82837,18.331577,4.822363,-0.006749706,0.8156071,2.4605951,2016.0195,2.1311357,13.09653,11.7167845
5884.2275,322.26407,8.760146,7.233636,79.34288,11.070477,2.4049587,-0.007572764,1.1097468,0.013379497,2015.4078,3.8951633,12.917097,4.4272227
11541.796,727.40283,15.558337,15.182884,80.29148,11.545763,2.8398871,-0.010556639,1.1478853,1.5840378,2015.6644,8.522222,18.511341,7.55194
8422.793,1079.9722,5.010178,2.564489,78.27514,10.273552,1.8182508,0.0018275518,0.039127342,2.7695262,2015.8451,1.8828808,17.454319,10.3977785
12629.402,555.98804,6.7354302,4.6592474,79.90953,12.420764,1.7652459,0.28747657,0.10446944,1.8146899,2016.0996,4.8430324,16.690186,11.919451
2244.7114,1220.4227,7.749719,5.043234,68.7501,22.323572,1.9126691,-0.0039436924,0.018607669,2.7482486,2015.1018,2.6378467,10.056402,11.18851
2658.7363,613.47864,10.211265,8.54464,75.84492,17.041794,3.731625,-0.0025796138,0.07382613,0.32400838,2015.0089,4.028984,21.728165,10.5502
13257.917,595.934,18.014263,18.09366,71.436066,12.320826,2.2127748,-0.0065484135,0.10037371,0.8727589,2015.9839,6.9584184,18.655264,6.1219387
3924.3052,1762.5842,17.486725,17.598152,57.5253,18.68088,2.2139637,-0.006580006,0.0033936715,0.5932853,2014.9974,5.9876513,20.615177,15.106316
8854.314,953.7604,14.987392,14.907685,79.2578,13.279475,3.0419855,-0.0057353484,0.033641763,1.8219075,2015.2898,9.429176,14.125803,9.83366
15027.061,205.30301,12.368526,11.82197,82.06983,10.490944,1.8541759,-0.005196325,0.07618912,1.5606995,2016.0122,8.969301,19.004482,3.1297286
5807.4346,818.3475,15.480782,15.72411,69.37844,21.243544,3.652558,0.23102553,0.29511186,1.0027307,2015.0903,7.153219,23.875723,17.02115
7678.212,1601.6738,14.0872965,13.742979,71.07851,19.21493,2.3236928,-0.0072735935,0.043500982,2.2367902,2015.0537,10.48297,15.263949,13.2061825
7120.3345,1058.507,10.57916,9.180963,77.881996,14.734469,3.5240388,-0.0029426452,0.022239082,0.49121717,2015.4896,4.680278,11.308958,13.1639595
7183.275,774.85834,13.826387,13.656785,77.20784,15.907696,2.8049815,-0.0045846193,0.1524988,2.0978887,2015.0471,10.088163,12.882141,11.026416
3673.2632,92.45218,5.5032134,3.3135924,86.661194,10.726476,3.143527,-0.012142156,1.0151993,2.8902884,2015.0497,5.090772,13.141721,0.97038484
8557.685,1363.0789,18.827301,18.729168,60.268482,13.890525,1.7014004,-0.006150154,0.036865897,0.9293003,2015.4662,6.7730365,13.263237,11.652757
9552.063,505.60867,8.924781,6.7938743,80.00503,17.226616,4.473551,-0.00033348362,0.5838227,1.052372,2015.9163,2.738516,13.237392,12.881262
13247.944,1215.8822,14.777456,14.670303,78.15527,14.304327,3.5751202,-0.00559918,0.016337268,1.2759854,2015.9369,7.833039,11.419432,13.434738
2529.9102,517.9436,9.638732,8.249921,73.341095,13.120852,2.3799522,-0.001237375,0.32468587,0.086152,2015.0033,3.752681,18.871212,6.5724583
3442.9053,760.6815,12.106695,11.254794,71.01253,16.052456,3.002671,-0.0042065415,0.29059935,0.2031136,2015.0477,4.5179205,19.148245,10.942088
8973.606,1024.5771,11.107309,9.684678,78.85131,15.807497,3.7898424,-0.0026316487,0.023584895,1.0861574,2015.68,4.985496,9.444227,13.589985
10539.272,926.846,6.9054003,4.548745,73.51554,12.285608,2.04557,-0.002754341,0.11694249,2.3613467,2016.0421,2.4099004,22.786388,15.26811
7184.8364,1936.4812,18.643755,18.456818,58.9364,22.984753,2.350635,-0.0069790944,0.5392113,1.3945683,2015.2217,8.073976,8.231559,15.34097
11705.946,2246.1116,18.645657,18.750963,58.1607,18.204237,1.9663173,-0.0061971336,-0.0009594047,0.69777375,2015.8756,6.355617,8.556449,14.329654
3436.626,1069.7651,11.33847,9.936331,71.7963,25.116749,3.7463272,-0.0071431487,0.07467119,1.5645751,2015.0629,4.3477573,15.270428,17.787498
13403.79,2127.8645,19.820358,19.740374,57.86282,22.756117,2.446684,-0.007972204,0.7201403,1.1225673,2015.9703,7.484372,12.28195,16.327457
14736.055,59.41324,10.51091,9.76375,88.98557,10.123331,3.0601995,0.009658482,0.101267956,1.8230594,2015.9473,9.405904,17.43068,2.4104168
13580.802,3452.1694,14.73847,14.634036,79.91396,12.295713,2.419944,-0.0012444921,0.03622354,1.6458666,2015.8945,8.761791,13.235016,9.631136
12702.003,1408.7036,18.59871,18.681044,68.31932,15.832405,2.4813411,-0.007861179,0.81214505,1.4526539,2015.8392,8.228553,16.676907,14.1061
6931.9146,493.62918,12.0766115,11.453792,82.277084,14.8648,3.5797896,-0.0048631127,0.10482638,2.011537,2015.0522,9.675943,16.250572,8.135051
4094.517,1880.594,18.548815,18.686577,51.350258,20.80072,1.8501832,-0.006851842,0.355912,0.6295478,2015.014,5.9681654,16.434835,15.19305
10517.087,1098.5919,13.595303,13.091184,73.3008,21.657389,2.9556475,-0.0051017753,0.14125878,2.5172813,2015.3353,11.0844965,9.90106,13.510557
9571.502,1646.634,5.8348103,3.4352503,75.93494,11.976931,1.8295691,0.0005868922,0.042494424,2.7063632,2015.9598,2.1581466,16.859867,12.756249
3867.3496,3027.2588,19.013985,19.096188,50.941532,21.978636,1.8292238,-0.0060728113,0.034868278,0.5693414,2015.0071,5.8879476,19.98835,14.174426
6228.852,1173.63,15.215748,15.341104,70.24042,18.540071,2.457155,-0.0076391525,0.657627,1.7512844,2015.0143,9.211675,8.599085,13.846833
7287.0146,1259.4343,15.425765,15.242626,68.08123,22.381857,2.5194094,-0.0077598817,0.5821374,2.1567078,2015.0315,10.278686,11.943726,14.450959
13008.3545,1312.4713,11.179791,10.455307,81.670006,13.451867,3.1127248,-0.0018784192,0.047138236,2.433719,2015.6758,10.701216,9.218717,12.123432
2315.4756,677.18646,8.673556,6.2925863,76.316086,18.109177,3.6906254,-0.0036014032,0.3405507,1.2170745,2015.0757,2.975533,14.298239,13.242175
11583.946,1525.9648,18.13407,18.309404,65.35805,14.861728,2.7294323,-0.0041516996,0.02912549,0.74163437,2015.8317,6.5451274,16.2634,14.60134
7868.744,588.61993,4.65649,2.253532,74.52316,11.647997,1.28229,0.0041155075,0.09190101,2.706509,2015.8137,1.6340853,17.551683,9.421459
7439.426,391.3417,5.675655,3.4673896,83.32193,12.574968,3.7168944,0.0018143307,0.2052429,2.769009,2015.7798,1.4831372,17.545885,5.344362
2611.3882,583.27167,9.731345,7.940731,79.17753,17.127003,4.354222,-6.335351e-05,0.30883092,0.51166284,2015.008,4.0298476,18.064226,13.272213
15939.171,874.12854,10.263745,9.099911,80.79057,13.266478,2.7424283,-0.0024100163,0.21397427,2.3071153,2015.9895,10.774159,16.282732,14.601648
6274.729,129.91586,12.16685,11.698783,82.339806,9.979078,1.9545808,-0.008303274,0.054377593,1.5398803,2015.065,8.761356,11.960219,-0.1357553
2641.0474,915.5555,8.348951,5.9672604,72.635475,16.57088,2.7644851,-0.003991378,0.07952627,0.22512417,2015.0676,3.5522215,12.898126,13.724148
8919.67,2470.1006,22.264929,22.367569,51.032063,16.74343,1.214236,-0.0073153614,0.89702356,1.2182819,2015.469,7.435423,20.391888,16.054075
11435.997,167.1398,11.832405,11.036322,82.3015,11.804982,2.9978654,-0.0013118379,0.43315917,0.63961166,2015.8937,5.7406535,14.262815,2.6475623
4243.7544,1666.5082,17.92239,18.038063,55.320374,17.506077,1.7158393,-0.0071751936,0.01610192,0.6718127,2015.0149,6.0826225,19.444181,14.157238
3973.123,1710.5066,15.168989,15.091315,64.279686,13.5536375,1.6792147,-0.0064371764,-0.02163852,0.4886246,2015.0212,5.7676725,18.659098,11.393315
4528.493,1322.8964,8.248665,5.871395,73.43269,16.33626,2.9408429,-0.004037512,0.04448562,0.9935093,2015.3387,2.849671,13.389984,15.4612665
2147.8726,648.11334,9.083723,6.9905725,71.72923,25.445784,3.1429965,-0.0056593786,0.80900645,1.4252449,2015.0895,2.843501,10.745827,11.614747
14523.363,1949.0836,14.597845,14.233593,72.494446,13.1389,2.338621,-0.0055719367,0.024865411,1.4810047,2016.0009,8.504967,20.067026,15.45806
2383.4639,776.8054,7.583548,5.060315,76.82044,19.682629,3.5261538,-0.0028291077,0.0055742776,3.0712695,2015.1091,2.3902194,14.782398,10.902091
2794.4321,353.64224,8.16311,6.045829,79.73602,14.870651,3.207077,-0.0033582088,0.6424073,0.44559947,2015.0496,3.992594,12.694298,8.693694
15734.46,1440.2001,15.498586,15.217656,68.42847,17.88221,2.2070532,-0.005192024,0.22199906,1.919866,2016.0526,9.589147,22.871988,14.150148
4151.2563,1546.8127,10.143308,8.553435,57.624046,23.104277,1.7293615,-0.0053513437,0.06778709,-0.011995392,2015.2366,3.486102,11.361261,14.986548
14404.032,270.58072,14.711983,14.513721,80.32349,11.81919,2.03946,-0.0071858256,0.5782875,1.5179272,2016.0172,8.37541,14.9518,1.9299119
11169.727,2440.477,9.486479,8.468585,75.91795,11.928992,2.5857184,-0.002476345,0.063556455,0.3458424,2015.9498,4.621103,19.724731,12.623622
5924.833,455.4813,12.277677,11.672213,76.882484,16.406069,2.497467,-0.0060850284,0.6631304,1.5461526,2015.029,8.522213,19.643028,6.613848
14141.479,1457.5425,8.579958,7.4960017,82.045296,10.106871,2.2553842,-0.0005552222,0.012861303,1.5830293,2015.9629,8.445876,18.792488,11.073943
4461.482,767.8992,14.258349,13.825971,64.20711,19.249859,2.2789164,-0.0030374725,0.09361326,0.54101986,2015.092,5.3775873,29.11734,9.090017
9002.929,983.9771,6.8322897,4.21134,67.96931,19.64398,2.0991683,0.006149378,0.1371222,2.875613,2015.9474,1.2333709,22.81372,13.666313
6955.914,850.09155,12.69751,11.917561,75.16701,18.448008,3.981962,-0.008181118,0.8221353,0.47229043,2015.4244,5.0443497,13.187041,14.554889
3108.6777,682.5943,10.732583,9.210715,78.52082,17.885107,4.4165463,-0.0029986699,0.13717498,0.5967913,2015.0251,4.5355406,18.18211,14.933106
2897.8594,1595.9108,11.865082,10.717665,52.28246,22.32323,1.6849527,-0.009074916,0.8120699,-0.065249994,2015.0807,3.7190926,12.594028,15.623853
13737.33,1397.828,19.365795,19.482155,66.62542,13.938344,2.061131,-0.00550135,0.026502825,1.2502766,2015.9766,7.7669754,17.703314,11.138512
8737.353,521.7327,13.025882,12.347705,82.04343,13.6169405,3.856585,-0.0036223487,0.07406103,1.0754653,2015.5032,6.779924,11.545433,9.426143
8969.039,677.6159,9.325912,7.186594,77.18022,23.676842,4.414048,-0.0023779657,0.6055975,2.9460561,2015.9645,1.4887491,19.38542,15.498611
15295.683,334.82352,8.38908,6.9898276,86.35549,10.930595,2.9763238,-5.5668235e-05,0.51220024,2.1802917,2015.9535,10.225523,17.155266,8.1173935
14288.223,1969.2812,21.649265,21.767553,57.855904,14.756129,1.6724921,-0.006298454,0.05606947,1.3032938,2016.0316,7.8221607,22.075813,13.62685
12011.186,4242.6094,22.372536,22.18481,37.008087,21.85071,1.4058728,-0.0076814718,0.35942686,0.49594507,2015.9303,5.8335595,13.929679,15.704093
7458.285,1381.5754,17.957184,17.990015,68.86845,16.397854,2.9371276,-0.007951432,0.64227545,1.3294224,2015.279,7.7739124,13.718399,15.419874
2886.6426,262.1127,7.0434175,5.105128,81.3665,11.36286,1.8908377,-0.004933599,0.06268758,2.078152,2015.0643,4.043407,9.140317,2.8368638
15624.973,1124.5425,8.99422,8.09078,86.00788,10.19532,2.694417,0.0015239592,0.00072472455,2.3244371,2015.9763,10.538357,13.700669,8.384436
16364.227,512.1762,10.338164,9.301326,83.12153,10.578536,2.1188533,-0.00197854,0.06057919,2.3070402,2016.0145,10.655938,23.8542,6.3729424
10359.05,704.7377,6.144144,3.9792714,78.02253,10.489286,2.1216726,-0.00089897524,0.051429473,1.4015784,2015.9553,2.980774,21.684353,10.502789
8585.558,241.89346,10.964212,10.303345,88.790535,11.112545,4.017454,-0.0028912679,0.08555556,2.037304,2015.2745,9.245777,14.557183,3.5553062
5649.6606,831.8373,9.943416,8.28343,75.52174,18.466099,2.6167822,-0.0032713239,0.014562896,2.324174,2015.046,8.017496,10.387242,9.830556
13622.486,593.758,10.678633,9.35874,82.25513,13.774888,3.8895242,-0.00827361,0.9122114,1.3110647,2015.9941,7.4948497,15.964279,14.43387
1450.024,1154.6519,6.5349965,4.0883083,72.54512,14.6993065,1.3951591,-0.0035146095,0.0012364006,0.6127075,2014.988,2.813409,15.134912,9.144163
14912.13,1786.3774,14.153457,13.967107,77.787926,13.523963,3.0457892,-0.0045406404,-0.008095124,1.8708708,2015.9934,9.333091,15.435574,14.834285
11640.619,1078.6011,13.666516,13.175299,70.42841,17.81134,3.111109,-0.008514953,0.7644403,0.5844169,2015.9141,5.665092,11.81108,15.326216
11470.078,2397.7893,19.930092,20.0061,52.099518,18.842775,1.9430828,-0.0067020482,0.7991975,0.6731986,2015.8423,6.3306,10.9439335,15.222574
4064.6362,1113.407,12.960813,12.071982,63.775734,29.199642,2.6468856,-0.0066273357,0.030621,0.8372997,2015.019,5.918296,13.177305,13.192813
10706.067,1019.9838,9.258245,7.74537,66.83845,17.031424,2.3888903,-0.004423687,0.6684149,-0.031688288,2015.994,3.53645,13.961303,13.874828
7692.018,1344.3494,4.8893137,1.8232121,67.64985,14.256309,0.69829327,0.003981855,0.061134882,2.7173824,2015.8297,1.4625431,13.1289625,12.323205
8331.794,-59.13315,11.252768,10.313682,86.939545,9.895022,3.057626,-0.0016101033,0.4260815,0.90776914,2015.517,6.0083933,13.000921,-0.52072597
14827.212,1013.6029,10.275172,8.612736,77.52451,19.431072,3.1676178,-0.0017256525,0.049276806,2.4143975,2016.0532,8.603888,10.128255,14.08138
16219.78,382.91513,6.861966,4.9800777,84.933846,11.186034,2.5303793,-0.0017280292,0.8557546,2.560829,2015.9792,11.277964,19.345774,9.363405
6314.326,3001.7915,14.097653,13.58147,53.622902,19.0944,1.5984957,-0.0052959095,0.028428443,-0.0048443843,2015.4308,4.2946773,17.212173,13.491562
15560.688,774.14923,8.244768,6.924243,85.61435,11.498669,2.9332004,0.0021664246,0.011340461,2.4462538,2015.9667,10.755832,11.7815895,8.173111
5058.6807,729.0585,9.121273,7.4772167,78.69095,13.002623,3.1373494,-0.0019272876,0.028010778,0.28303996,2015.2903,4.134483,14.075075,9.697725
9581.849,964.16205,6.570819,3.7888908,71.06283,13.150877,2.0820608,0.0008366729,0.14587069,0.23276357,2015.7535,4.51978,20.236893,16.154644
12137.278,3976.587,13.982605,13.745717,79.75274,12.286092,2.1794565,-0.0011667882,0.042495765,1.4534289,2015.7863,8.156216,9.766172,8.705054
12590.045,451.71158,8.9895315,7.0270133,82.598305,17.399666,4.340882,0.002689096,0.5712337,2.7805145,2016.0634,5.2474604,12.921109,10.767956
1438.3141,510.4357,5.6025205,3.1802373,78.74314,12.769603,2.3740847,-0.0033418455,0.14204057,2.7425976,2015.0586,1.8786379,15.69335,8.720005
10023.822,1301.3265,8.575882,6.519691,72.88953,16.937912,3.0613294,-0.0031125837,0.041988768,0.23967771,2015.9175,3.5552928,12.170398,14.717557
6421.612,391.62656,10.271493,8.945345,86.58493,15.2531805,5.229251,-0.0032287121,0.5018677,2.2296605,2015.3687,5.0504165,16.191721,9.735564
12845.748,-127.74301,5.118491,3.2789178,88.55786,9.543505,2.2115963,-0.0018220816,0.0898375,2.721331,2016.0275,6.03691,11.327881,-1.1871593
12719.889,2954.0344,21.015326,20.942799,54.512707,12.463006,1.47797,-0.002357186,0.12130193,0.83249867,2015.9517,6.41168,22.087404,12.9020605
14321.39,230.64462,13.924958,13.795496,84.58396,11.481323,3.0225308,-0.0021538746,0.5128273,1.6856657,2015.9658,8.598144,20.109959,2.3685505
12431.34,954.6437,11.936913,10.758769,72.12736,23.21291,3.2931576,-0.005208503,0.2848965,1.5863981,2016.0576,5.3097186,9.683968,13.881518
10954.759,301.9434,7.672079,6.2103767,83.15743,10.991924,2.8557546,0.0006142563,0.03240434,0.4475675,2015.9426,4.1704836,17.884293,4.32565
4116.0024,264.97635,11.149509,10.109024,79.19879,13.592858,2.6359293,-0.0029057648,0.29840967,0.7073202,2015.047,5.737914,16.093372,4.7941427
3173.1758,358.22507,7.069235,4.942941,78.63247,11.781591,2.214805,-0.006920153,1.0702189,-0.0717022,2015.1375,3.3991072,13.970626,5.871813
6990.7246,131.24423,8.206022,6.6509266,88.90866,9.803757,3.8287122,-0.0047369557,0.73095113,2.2144766,2015.3994,5.6421795,13.333462,1.6414273
10341.5625,106.42471,4.889264,2.0251632,82.00865,12.908939,2.5885644,-0.0045972927,1.0068429,2.9142308,2016.1753,0.88088,13.095869,1.8929112
-114.332436,801.4007,2.2086284,-0.17887455,76.68784,8.888016,0.7302845,-0.004133818,0.0414925,3.0750349,2014.9619,0.74548113,22.541718,8.868162
5649.3643,1310.3594,16.659294,16.657812,61.148884,23.707037,2.2997413,-0.0071770675,0.38093582,1.2414883,2015.0347,7.7800183,20.752398,14.609023
4744.685,1316.2848,17.354422,17.543848,63.7175,16.557123,2.237183,-0.0074396855,0.4446716,0.97142196,2015.021,6.9063463,12.909694,14.514012
14400.962,1556.6198,17.865591,18.086412,70.47329,13.450544,2.1594803,-0.005253074,-0.00035188437,1.409096,2016.0199,8.147675,18.782139,12.068293
1627.4567,1274.3507,7.635558,5.1311555,72.709785,17.545023,2.3853767,-0.006208956,0.014601908,1.9692253,2015.0063,2.8100655,20.360655,11.577432
13417.53,520.1979,12.886807,12.376903,84.48671,13.535668,4.388705,-0.0013452966,0.14798622,1.6314052,2015.8948,8.489476,13.543932,9.861011
1958.4938,1460.9204,12.821835,12.062412,50.84448,20.485077,1.4185011,-0.007630182,0.01998096,-0.0911469,2014.9419,3.4244285,26.943485,14.882164
7666.4146,2124.113,19.190441,19.151728,56.17035,20.42853,2.15331,-0.0054063736,0.26108208,0.90353537,2015.3888,6.7370777,10.083295,15.2634325
10725.83,407.3801,6.318737,4.2687583,78.48975,11.061988,2.0391707,-0.0028357238,0.18158993,0.9609542,2015.9459,3.8991258,23.166645,7.554389
6624.2114,561.12317,13.491034,13.43995,83.56217,19.527893,5.0703726,-0.010185742,0.75685626,1.952343,2014.9846,9.887871,19.573715,13.8161125
16617.158,1111.9332,10.769433,9.907705,78.10707,14.46856,2.294388,-0.0023258433,0.08728609,2.4585648,2016.0216,11.294508,21.681107,12.9444685
11029.649,944.8102,10.46537,9.119224,68.36219,13.134283,2.5534818,-0.005100218,0.40229627,-0.03114553,2015.9907,3.7797613,19.316711,11.389276
4636.9707,1512.0338,17.64028,17.790594,59.745808,18.021206,2.1280196,-0.0058741844,0.06479453,0.8192449,2015.0396,6.464925,16.066,14.631692
2397.8252,1240.4539,9.771499,7.508827,62.93029,26.119514,2.7191515,-0.0064985114,0.024053194,0.2569671,2015.0339,3.6196384,14.21249,14.634423
6179.121,140.655,8.479213,7.3371825,86.06954,11.135342,2.8872588,-0.0075982227,0.20136306,2.3858194,2015.0396,8.726472,16.409832,1.0567257
13740.842,1645.8441,17.385775,17.594599,68.43283,16.523447,2.6287084,-0.0057931053,0.01878836,1.1102573,2016.003,7.6093955,12.011009,14.242946
5509.1675,134.87766,10.907054,10.058448,88.283676,11.46646,4.0724816,-0.008311843,0.90922993,1.5399814,2014.9922,8.276404,16.142889,3.932989
2999.1167,983.5633,9.545805,7.3697677,69.79327,22.559595,3.2631698,-0.006778763,0.07321473,0.49412337,2015.0917,3.7447867,13.130644,15.027987
14344.404,1502.6943,19.338156,19.444834,64.96252,14.355897,1.6038326,-0.0063148695,0.41233882,1.4806563,2016.0165,7.88401,26.188065,12.177572
7744.5034,1900.9956,18.582739,18.463789,60.818214,16.944593,1.7250596,-0.007172683,0.65742946,1.594812,2015.2549,8.337347,19.298693,14.782622
14326.636,602.7311,16.618752,16.746138,78.25844,13.239435,2.570847,-0.005884064,0.2678866,1.4033586,2016.0103,8.230127,16.87098,7.047571
10413.618,249.3677,7.403129,5.381044,77.28769,12.381972,2.2037568,-0.0015332394,0.53996944,-0.0802284,2015.9836,3.1373818,17.246595,4.5440207
7451.26,920.1678,14.034674,13.811756,75.42043,18.192457,3.1092966,-0.0073773055,0.34234402,2.1475794,2015.0431,10.241983,16.406796,13.963167
10900.927,600.59503,8.593818,6.3930144,78.91376,13.837837,3.5127494,-0.0022029888,0.6669318,1.5252199,2015.9894,3.4399467,20.565905,13.886097
1820.3282,824.90967,9.996922,7.848207,62.726734,32.522,2.8130112,-0.010140975,1.1304959,0.3067048,2014.896,4.0667334,27.390162,14.189986
6831.7,563.97644,12.94698,12.381379,78.295975,23.73141,3.7615843,-0.007960384,0.7925687,2.2220042,2014.9924,10.187476,13.9211235,11.270898
4847.3604,300.8293,13.975765,13.623028,78.092026,11.111931,2.4057581,-0.0054288018,0.33877558,0.96452856,2015.0581,6.846765,13.998365,3.4573586
13006.869,965.8071,14.467463,13.889501,74.04054,20.763084,3.226995,-0.007386436,0.5836848,2.359651,2015.6565,10.503641,14.253775,15.154545
9922.163,2984.5066,7.2553163,5.1924353,76.16456,17.09881,2.3165326,-0.0028858979,-0.021655478,2.7329147,2016.0393,1.9624392,11.416347,11.8757
15011.105,585.9113,13.757236,13.292093,81.88591,12.076511,2.7999246,-0.0016666905,0.07147672,1.9072682,2015.9753,9.162033,21.986763,6.910456
13267.129,1635.2992,17.571266,17.498146,65.488594,20.699757,2.8285968,-0.007088681,0.43671837,1.311327,2015.9167,7.934444,9.725172,15.215022
7307.638,850.82635,14.08628,13.517164,77.78297,16.191488,3.1603687,-0.008804274,0.97207147,2.2254257,2015.0613,10.04005,19.498947,12.545516
4552.806,2538.1292,20.919628,20.84071,48.61694,16.367176,1.5880448,-0.0067148167,0.07817667,0.81714576,2015.0239,6.482304,17.943419,14.603535
5388.195,2229.238,21.244299,21.022228,49.383434,15.163218,1.2040099,-0.0076783686,0.082147546,1.0614973,2015.089,6.978223,15.417129,13.635837
13065.901,2856.5754,11.514434,11.103566,80.25257,14.631364,2.682497,-0.005010988,0.030773751,1.8875988,2015.8029,9.354894,7.4862328,11.205123
12528.127,1078.2142,6.381707,4.0965466,80.21484,11.462109,2.445044,0.0003333154,0.014291487,2.6682065,2016.0599,4.7817583,19.55371,14.190135
7562.8516,226.33499,11.457655,10.852388,86.357925,11.20488,3.2182572,-0.0059961225,0.2204652,2.0394728,2015.1168,9.782873,13.5082,3.0559504
1493.0035,740.454,7.8859425,5.145143,72.85929,20.900175,3.176753,-0.0052032988,0.3169928,2.2348447,2015.0486,1.9657704,18.585274,13.68492
4594.602,699.531,10.392755,8.794838,81.469574,16.251171,4.351731,-0.0041426527,0.08468919,2.0493565,2015.2281,4.265344,14.908026,13.214031
12096.87,1240.2277,11.564932,10.7471895,70.17462,16.518604,3.1499689,-0.008826853,0.02845145,0.54137456,2016.0104,5.361783,16.250149,16.79809
12663.995,2151.9558,20.546982,20.617664,57.756294,16.616512,2.0557082,-0.0054860893,0.04723794,0.933093,2015.9255,7.063055,13.92562,14.564018
4042.859,1415.96,16.741287,16.80122,56.178654,18.609993,1.916825,-0.0071923933,0.2547809,0.53465825,2015.0233,5.8757863,16.116144,14.5144205
6514.8486,435.43765,13.283766,12.850255,78.25648,16.480045,3.5065525,-0.00357457,0.09588369,1.4926775,2015.079,8.310876,26.083637,7.3009453
2082.463,227.58755,6.4906435,4.2492547,81.53265,12.382527,2.600439,-0.004384195,0.32844043,1.1978877,2015.0273,3.2570376,14.688276,4.3277664
5282.9927,928.0237,16.268417,16.403393,67.81109,18.137335,2.5851338,-0.0071733794,0.3536239,1.2175587,2015.005,7.6001897,21.060793,13.389081
7513.545,774.77783,12.695367,12.068105,80.225815,16.955187,3.6165953,-0.0034741063,0.08020774,1.9873022,2015.1422,9.357498,9.739246,11.518676
15508.352,1296.0616,3.7240894,1.7393031,83.52646,8.862832,1.6110767,0.0044362084,-0.012687751,2.218085,2015.9939,9.99457,20.390274,11.278699
5558.6196,519.9506,15.267083,15.280908,76.674,12.430875,2.5692172,-0.0054190303,0.69751614,1.141539,2015.0922,7.410523,11.808268,7.511033
15077.252,937.44586,15.633649,15.364749,75.80962,13.735194,2.6412768,-0.005292944,0.37311712,1.8602601,2016.0099,9.01763,23.041334,11.761787
4320.8057,1167.1924,16.799849,17.02021,62.74205,18.59549,2.4232624,-0.0075963303,0.71834636,0.8073504,2015.0046,6.3394217,19.445984,14.372821
10038.774,778.47943,14.321972,14.057405,77.01363,16.384092,3.082396,-0.003964392,0.78536457,2.013166,2015.4153,9.701806,7.8753576,11.4393635
10627.345,524.975,11.349626,10.083085,83.347305,18.253782,5.1045113,-0.003849597,0.45905733,2.0548034,2015.9469,3.939461,13.145784,13.318692
4747.6807,1737.5326,18.097364,18.208033,56.04352,18.31945,1.7481263,-0.00674238,0.030196957,0.76693505,2015.0516,6.2380037,22.996527,13.712688
12940.987,451.68552,5.1198907,3.1786656,84.8659,9.344509,2.060039,-0.0005525363,0.014055244,2.3656914,2016.0051,6.1948714,19.228449,6.7719874
10837.398,2085.746,9.205178,8.01484,67.030754,14.188719,2.187023,-0.0061987336,0.015188775,-0.06533773,2015.99,3.7256172,20.239576,14.4675045
5830.0513,343.57468,6.779821,5.0581884,85.24978,12.033266,3.0633492,-0.0048873047,0.02818323,2.7056065,2015.1393,7.1447644,10.3380995,3.4345858
8112.8945,1039.4626,12.975373,12.353806,74.225525,22.144854,2.8739395,-0.0075645423,0.09552557,2.6028574,2015.0245,11.522189,13.4835825,13.367894
7104.066,746.77405,8.372611,6.6806273,81.592674,12.236385,3.1015313,-0.00092025223,0.0013404703,1.8892057,2015.5621,3.6248026,10.674987,8.331262
8480.678,2050.509,19.148846,19.08866,59.441174,16.118958,1.9470595,-0.006049396,0.017213844,0.97463423,2015.4564,6.8909864,12.531757,14.364875
16203.798,1003.6035,12.655034,11.761981,75.9282,16.466312,2.7855628,-0.0077932603,0.61966246,2.33754,2015.9938,10.718479,18.980822,16.711264
887.97076,1179.2148,7.733682,4.8247776,65.29368,26.204752,2.3562384,-0.0070311218,0.022609062,2.5704083,2014.9955,1.9547616,21.024033,14.897196
8010.0547,1220.0347,14.0945835,13.869612,73.429276,18.92152,2.6068053,-0.0055177542,0.0637565,2.2302043,2015.1072,10.465077,8.682718,12.930598
8754.758,618.4147,4.9320955,1.9846091,71.68429,13.399069,1.2546693,0.005013468,0.7727738,2.8233328,2015.9362,1.3966786,18.267454,10.645211
7244.7544,538.5798,13.732525,13.530783,83.17817,15.833623,4.2626443,0.41393438,-0.051185735,1.7453299,2015.074,9.405561,18.952488,11.346099
14514.924,1750.5574,18.49153,18.695549,65.71121,15.545787,2.0693798,-0.0058118585,0.0074283993,1.3452346,2016.0359,8.193649,12.559701,13.086371
10777.329,2.3921201,5.1341367,3.3954096,82.518166,10.1138,1.7943851,0.19961135,0.22910675,1.3424634,2016.0465,2.8837073,17.095165,4.66398
16470.537,796.42456,8.395612,7.0928082,83.97671,10.936653,2.4891899,-0.00092476356,0.071147345,2.4761605,2015.9822,11.408758,20.30202,12.517685
7072.059,888.3224,13.994958,13.846759,78.188416,16.977589,3.5850303,-0.007976585,0.08991074,2.0140417,2015.0266,10.027521,15.024073,13.637513
9331.08,1266.668,16.79459,16.861002,70.99052,16.909527,2.6826506,-0.007909049,0.22552687,1.8311459,2015.3466,9.374878,16.65233,14.632647
3492.6553,1136.4116,9.111095,7.6739507,81.32123,11.874473,2.828467,-0.0019845285,-0.0054937685,0.5898241,2015.0396,4.81488,16.390078,7.1635556
13714.209,2325.211,13.352841,12.863984,71.26423,13.261181,1.6895728,-0.0028896567,0.026667736,1.0938762,2016.0057,7.3583074,17.952124,13.147629
3052.7363,290.5306,5.224403,2.7052283,80.99979,11.6651,2.5392036,-0.0021092233,0.8653473,2.866367,2015.2448,1.8892542,17.239964,7.191826
13578.826,2352.306,23.116735,23.172531,49.16698,14.3561945,1.4657643,-0.00618929,0.074473,1.1056501,2015.9948,7.316304,22.24376,14.992029
5784.1465,1117.7332,15.335395,15.1388445,62.492924,19.238955,1.600156,-0.006165804,0.5638713,1.322018,2015.0454,7.738432,24.423452,11.555204
1566.6002,2080.5466,6.240284,3.4632506,72.043976,15.188062,1.5005788,-0.0045484058,0.024909236,0.09648006,2014.9998,2.8952596,16.250935,11.264234
10204.698,528.1957,16.1038,16.087242,74.69341,11.312033,2.0469425,-0.0061097327,0.75461024,0.99687916,2015.6464,7.0235243,12.208727,5.5034547
6305.2344,538.3085,11.498807,10.145055,81.67665,19.361912,4.408345,-0.0032938079,0.10695373,2.5406868,2015.0331,8.775609,12.942477,11.754161
5877.013,1155.6167,11.296221,10.209931,65.84722,24.942032,3.0494173,-0.01228343,0.9948365,0.12727134,2015.3762,4.187406,11.239965,15.468809
5427.3457,1883.8708,8.720985,6.864717,69.22779,17.972885,2.3891833,-0.004326559,0.029414065,0.09410016,2015.4026,3.4841454,12.02448,14.230379
5004.478,2689.3599,15.844932,15.565269,63.901577,21.67233,2.422426,-0.006058834,0.0064422404,1.0243514,2015.082,6.960806,11.888861,14.090447
3918.4946,1779.9806,18.356504,18.155245,48.227688,17.151497,1.2618952,-0.008202874,0.20924738,0.53648835,2015.0226,5.8111672,12.900367,13.532735
13072.711,1487.9211,14.419273,14.056956,68.328384,18.514742,2.9220383,-0.008485255,0.024810962,0.8298921,2016.0333,6.4111257,12.483938,16.145182
8249.679,1014.39813,14.73945,14.540834,72.676,17.588272,2.5191321,-0.007226923,0.42820868,2.257367,2015.1241,10.495464,15.40747,13.752654
14139.829,732.3454,13.353512,12.8686495,83.5791,15.826176,4.5261188,-0.0049244273,0.629248,2.1142843,2015.8629,9.839291,13.606324,14.505213
14694.819,714.2602,10.622806,9.343747,77.92437,16.58213,2.9944732,-0.0010951266,0.40723005,2.0922089,2016.0737,8.390074,8.650564,11.951212
4184.4067,189.19766,9.557005,8.277168,86.35084,11.30677,3.5464957,-0.0030831594,0.09886835,1.3952829,2015.0519,5.7717595,16.021717,3.7651985
1001.60846,1582.3667,5.720119,2.9125104,74.402016,15.665567,2.2926729,-0.0041369754,0.02388496,2.961391,2015.0134,1.5775791,18.700108,12.696902
8729.401,715.4105,12.136641,11.644435,81.51901,13.450081,2.6349459,-0.0055301203,0.028651632,2.397521,2015.1694,10.763513,11.363016,7.343596
90.02499,509.26407,4.429189,1.2847581,73.835556,15.33115,2.5437086,-0.0035832499,0.9166911,3.0716703,2014.9392,0.945027,27.488632,12.220655
9901.94,255.94498,10.82195,9.841064,76.46629,10.440673,1.385487,-0.0059129144,-0.0019303048,0.55049795,2015.7468,5.4771476,7.789194,1.6133835
9852.35,244.35367,4.026769,1.3563046,78.10903,9.554512,1.111958,0.0022882267,0.22797465,1.4463825,2015.8876,3.3157568,19.87137,6.470388
12467.909,1700.838,18.125053,18.22167,60.932743,17.46408,2.0801833,-0.0052448506,0.2848521,0.7093688,2015.9574,6.467698,9.761622,13.520417
16446.01,620.263,8.4318,6.3144884,81.76112,14.178457,3.1123672,-0.0064167785,1.0172191,2.5361917,2015.9923,11.265711,16.861492,15.600282
10713.649,660.0051,9.027243,7.2711315,76.576454,15.243462,3.6906402,-0.0021424603,0.15244919,0.22862618,2015.9546,3.9141815,16.292292,13.749465
12471.008,684.2693,13.270932,12.718858,76.71197,14.163588,3.3929186,-0.0048947553,0.4484869,0.5915997,2015.9985,5.8693776,15.414043,11.873058
15747.523,376.5986,5.2780375,3.4535098,85.3245,7.097897,1.5096163,0.0016428705,0.038462095,2.1402187,2015.9379,10.341403,27.338652,8.133748
2817.7012,874.829,1.9757754,-0.12099129,72.44537,6.5105824,0.08627757,0.0061181732,0.15389015,3.0098433,2015.2264,1.5408937,25.028873,12.21794
6461.8433,315.47018,10.293796,9.816754,91.71174,13.930382,5.887919,0.23241095,0.4741475,2.0812435,2015.0221,9.085069,16.710106,7.440063
1306.6075,505.4919,6.659494,3.7937493,77.64345,16.778248,3.149184,-0.006518641,0.8924489,2.686308,2015.0446,1.8076726,16.813095,11.076779
5494.7183,1819.7433,18.402912,18.220152,52.872013,16.216642,1.6455747,-0.005726659,0.07487398,0.64644414,2015.1859,6.0132813,16.222246,14.225063
4756.6274,659.1497,13.919262,13.595424,73.86577,15.895172,2.981443,-0.004721993,0.04393395,0.8612655,2015.0492,6.5456643,20.752611,9.488295
13637.339,197.27524,14.372802,14.315456,82.802536,11.610878,2.8953965,-0.004027385,0.07039612,1.0492147,2016.0077,7.2843084,16.187017,2.422331
12545.984,2782.1077,22.104853,22.084564,47.49684,24.068941,1.8926879,-0.008454808,0.6728176,0.9278982,2015.9081,7.1740775,7.6961946,15.857555
11892.863,2237.3196,13.046586,12.4049225,71.86648,16.492523,2.8429618,-0.006254749,0.00491961,0.7723985,2015.9517,6.0611935,10.617225,14.062585
4798.2275,573.38947,12.28673,11.4952755,79.42539,15.579297,3.472558,-0.0041607893,0.04103882,1.1596375,2015.0328,6.9483423,14.134401,10.558521
4458.9053,181.04495,13.503709,13.174242,80.21177,9.478607,2.0737,-0.007970461,0.82738096,1.0515349,2014.984,7.071204,13.567533,1.3209183
14977.742,2056.757,19.63788,19.821552,59.109905,13.7066765,1.2559798,-0.007382979,0.031363316,1.6369628,2016.0187,8.853768,27.966486,15.84843
12814.532,1186.7327,19.247427,19.314291,67.45132,13.240483,1.6297046,-0.008104683,0.47187075,1.33777,2015.8652,7.8673553,18.748058,9.312736
13853.45,366.6802,14.685346,14.611309,82.41285,12.801186,3.2778676,-0.0041642278,0.20399447,1.375298,2015.9658,8.222949,13.340478,5.1809597
1133.5924,397.05557,6.802072,4.1347623,79.59022,15.294775,3.4653268,-0.005500478,0.8323399,2.4994547,2015.0038,1.9866921,20.908201,9.025106
6648.749,1434.8297,17.341408,17.280365,65.63646,16.95764,2.168675,-0.0077006235,0.65202606,1.7582104,2015.0802,8.870495,19.215174,15.099778
2667.4653,1398.6515,11.117809,9.723401,57.82551,22.587923,2.048939,-0.0061565894,0.08864506,0.08896665,2015.0322,3.774312,18.111578,15.298016
10586.186,1092.2205,9.634871,7.797449,68.5429,23.054743,3.0868897,-0.004425553,0.100773774,0.75430965,2016.0013,3.3077948,10.925925,14.860894
6493.3545,527.22687,12.842333,12.171981,78.2385,23.455168,3.6367621,-0.005869485,0.799782,2.1273234,2014.9978,9.6855955,12.415918,10.436506
14454.814,300.8845,10.583636,9.592474,87.318115,11.55435,3.7310672,-0.0014263403,0.7246656,2.0499632,2015.9069,9.741762,14.029142,6.4814696
2626.3286,986.7698,9.740773,7.9771504,69.74238,17.20368,2.763755,-0.0051030866,0.056847252,0.20014755,2015.0332,3.7700567,17.891108,14.041787
12830.371,1513.2706,16.213943,15.998632,62.75568,14.993814,2.0190465,-0.005144793,0.4917963,0.72265387,2016.0146,6.127977,20.400986,14.572947
11220.101,1144.1395,12.557702,11.857046,77.065056,13.821089,3.6351707,-0.0037841976,0.030020721,0.6126534,2015.8884,5.6607184,13.945292,13.077374
13364.785,1537.157,14.748961,14.606086,70.618706,19.067038,2.769494,-0.005283469,0.022733368,1.4707199,2015.9067,8.371495,7.316329,13.919447
5514.006,723.59344,12.277474,11.064102,75.762405,21.051044,3.4444957,-0.0027804368,0.14140779,1.3800367,2015.1458,6.6555705,9.169645,12.15701
9059.027,-18.260468,7.793689,5.9174776,86.49457,11.3089075,3.2807257,0.0013220932,0.5086632,1.1920009,2015.7683,3.9465923,13.113488,1.3220932
11316.028,314.04507,14.2710495,14.044269,80.53956,10.503442,2.4785092,-0.0061626765,0.8109859,0.9247441,2015.7825,6.8168178,13.997085,2.8933718
9026.896,321.514,5.450232,3.1140714,80.76647,10.510551,2.2988327,0.024439637,0.22487931,1.7511588,2015.8254,2.828686,18.470665,8.263025
6283.714,619.8849,13.624556,13.416545,78.45796,20.114958,4.284786,-0.0071048453,0.71166694,1.7044786,2015.0059,8.989301,22.324293,13.142023
5390.732,978.0412,14.355902,14.033038,73.04803,15.346417,3.4104953,-0.0057832557,0.050192125,0.6636669,2015.1719,6.055443,14.968123,13.648531
11711.037,2253.6956,16.712317,16.17007,51.741245,16.69631,1.6789651,-0.0042076274,0.2551609,0.28662136,2015.9751,5.039819,19.387743,14.716343
14129.542,551.8941,15.459817,15.545496,81.27035,11.415009,2.8512068,-0.004073556,0.054205306,1.2831496,2015.9849,7.905269,20.025259,6.590886
7440.6655,762.3735,12.86237,11.059544,67.274055,42.39025,4.573957,-0.002593362,0.47899592,2.8334827,2015.7906,1.3782622,14.291362,12.364187
3151.9458,210.20291,10.424141,9.151258,81.781235,12.043641,3.1393785,-0.00785678,1.1100773,0.3052012,2015.0135,4.7059064,19.140715,3.2632363
4506.8228,383.08762,12.305057,11.549278,78.61328,13.619178,2.6478968,-0.003511564,0.44747496,0.908183,2015.0526,6.4405446,10.718528,7.3486857
12754.123,357.99246,8.055771,6.2123513,81.68459,13.643568,2.6075752,0.0020584136,0.044513963,2.6108966,2015.9493,6.9775257,8.571852,4.8255415
4544.46,393.96207,12.594885,11.723556,82.71114,25.13227,5.381254,-0.0094978,0.7914056,1.90731,2015.0037,6.506615,17.762114,13.329342
6949.285,819.15,12.942331,12.172665,74.522026,20.651314,3.88578,-0.0044893655,0.03120204,1.9302057,2015.0665,9.132369,28.31774,12.5299
3580.7075,669.31085,9.630871,7.624052,78.07814,26.802383,4.8636484,-0.004640562,0.0556838,3.017296,2015.0991,3.8456354,19.965136,12.631169
10029.3125,834.8805,4.821646,2.1331306,68.05829,13.153943,0.5808826,-0.00021023426,0.2387557,2.2514455,2016.0721,1.8146588,22.251293,12.823431
15051.938,465.06436,9.19829,7.70002,84.597336,13.272693,3.602816,-0.001977577,0.598779,2.2864141,2016.0073,9.459293,13.643442,11.305958
3130.4814,366.14688,8.307677,6.8670473,86.8729,10.879644,3.8210309,0.026622823,0.024392225,1.5593444,2014.9734,5.0342765,17.499662,4.36684
15222.818,323.24307,3.8819683,1.8931861,87.4751,8.3934765,1.7402766,0.0030327986,-0.020302571,2.4937105,2016.0082,9.451996,12.105182,2.4194272
13390.545,2203.678,21.347172,21.380503,57.35917,16.448406,1.9376048,-0.0058169994,0.0702366,1.133163,2015.9691,7.5012875,16.67499,14.419348
3493.0317,964.4701,9.962001,7.419019,70.79899,28.905523,3.6111672,-0.0024672367,0.063811414,2.919451,2015.2798,1.8997761,16.13847,13.968484
7774.39,282.17386,10.246592,9.441541,87.718605,15.537869,5.0301065,0.23730215,0.48923126,2.2691488,2014.9872,10.874906,22.590237,6.998144
3897.484,1215.4248,13.609329,13.2081,62.912907,18.869528,2.106563,-0.0037701589,-0.03145794,0.41734102,2015.0443,5.1473594,29.070564,11.064377
7813.308,464.51053,11.183523,10.348573,80.54148,15.408051,3.1304874,-0.004829779,0.104218476,2.2905397,2015.0614,10.617444,20.763775,6.2354784
8053.762,2824.8252,20.65554,20.66146,52.980164,21.689613,1.7561389,-0.008226258,0.07006297,1.3143537,2015.3188,7.985714,10.839745,15.129517
14518.541,1561.2845,17.930538,17.75514,67.30855,16.86435,2.2645264,-0.0047169602,0.7896159,1.6487769,2016.0105,8.513295,22.35895,14.1051
14198.965,857.29816,16.868921,17.002378,76.331856,12.191107,2.1729395,-0.0056462022,0.002918235,1.3056747,2016.008,7.9010167,17.905272,6.73599
3512.2256,355.37656,10.0485525,8.7236595,80.58942,13.342324,3.500334,-0.0023110185,0.10943846,0.3426874,2015.0692,4.4719825,17.415073,6.889052
14827.485,2622.112,16.33237,16.49334,71.70127,14.093526,1.9690899,-0.004835713,0.03168387,1.6241317,2016.0082,8.864949,19.331728,13.263181
5738.974,1027.7037,9.315063,6.4850016,61.856094,31.729393,2.6210186,-0.0010064554,0.31792715,2.728146,2015.5994,1.4924256,15.084493,14.125927
1081.8585,727.2652,6.372593,3.3243194,67.92366,21.306498,1.6937329,-0.0038726323,0.9134295,2.4733646,2015.0854,1.3278071,11.448834,11.362137
4523.6763,228.09781,10.2279825,8.876763,83.56258,11.406526,3.3675423,-0.006867116,0.97191,0.46544006,2015.1646,4.957058,13.3332,4.7426486
10522.927,894.9819,11.099668,9.800812,74.45171,28.269299,3.4209888,-0.007362881,0.09686569,2.7166646,2015.2876,11.876395,17.682352,12.680168
7948.4727,1501.1672,14.976148,14.560553,64.66474,17.460337,1.8866186,-0.005117699,0.09633329,1.8670098,2015.1654,9.323829,24.727886,12.936369
9544.562,845.61646,11.144336,9.141607,71.96385,30.653862,4.057724,-0.0023520358,0.3462632,2.8617702,2016.0024,1.7212926,13.6852045,13.099242
6356.545,2255.249,21.464218,21.377037,52.114014,15.455007,1.4429206,-0.0059478,0.7925777,1.1662245,2015.1913,7.1779013,17.59684,14.997699
5626.832,1046.377,9.570407,7.911109,77.131516,17.995323,2.8281915,-0.0030831427,0.009080968,2.5522041,2015.0913,7.3918676,9.33564,10.359832
3332.25,1203.4816,13.752289,13.332272,59.61352,19.41492,2.0886934,-0.006300596,0.49602792,0.23621027,2015.0321,4.7042656,14.569272,14.584847
2570.5195,1986.6309,8.699085,6.8200226,72.41302,16.19631,1.8708062,-0.0041606235,-0.01931975,0.83653665,2015.0065,3.9272766,25.490458,9.829926
6613.9604,1570.6222,17.157743,17.24042,65.14988,16.51262,2.206229,-0.007183654,0.014145992,1.0910072,2015.2201,7.213769,10.322953,14.365406
15291.681,1629.5537,16.286133,16.311047,66.49983,15.577204,1.5462042,-0.0074281855,0.51402974,1.830843,2015.9999,9.542974,22.34208,16.017458
6276.943,955.6996,15.518762,15.460824,71.61796,19.448208,3.3193061,-0.008713094,0.08319358,1.5601166,2015.0321,8.723567,21.407578,14.525247
8854.458,761.5574,10.012321,8.288051,77.89856,18.454851,4.3977833,0.013399497,0.72592866,0.3291599,2015.737,3.7850823,15.100749,17.236992
12981.67,1106.2263,17.866905,17.773647,65.37505,13.36228,1.864499,-0.005050681,0.01490917,0.7884852,2015.9879,6.4931464,16.61,9.772133
6730.623,1640.3201,14.676785,14.198858,62.546658,25.673689,2.2616577,-0.008738947,-0.010799893,1.5822887,2015.0702,8.637556,28.54568,12.623577
14263.669,2088.378,15.888208,15.558385,74.065056,13.710075,2.2641745,-0.0026850526,0.042003788,1.839321,2015.9331,9.033682,18.510317,11.124669
14721.909,1188.4681,16.956436,16.85795,71.670586,17.321636,2.8341908,-0.0077154613,0.5052558,1.7480764,2015.9984,8.859744,16.521814,14.799137
9120.93,2413.148,14.978073,14.258606,46.172226,18.404749,1.3214426,-0.0055126823,0.23014113,-0.07860656,2015.771,4.044403,18.05388,14.424708
12823.233,195.16666,14.572102,14.460377,78.43337,10.710969,2.3158014,-0.0040004826,0.4571597,0.633571,2015.9994,6.086876,19.356453,1.8470137
9131.896,586.5144,12.496317,11.707731,81.83526,23.367147,4.807838,-0.0070116087,0.18086241,2.6064532,2015.1572,11.303828,17.201078,13.158024
10880.031,856.4025,10.2503805,8.795143,73.92962,17.419678,3.2801964,-0.0023605723,0.09412836,0.30622116,2015.9602,4.204911,9.880544,13.693006
1993.9562,1143.3563,7.2945943,4.8798137,75.48066,13.753263,2.5400996,-0.0033063453,0.037415616,0.58452356,2015.0121,3.2665281,15.927054,12.37039
4774.559,110.18112,11.834026,11.105742,84.6527,9.921279,2.6847587,-0.008165621,0.8316144,1.1441202,2015.0143,7.0968447,12.112281,2.2636273
8839.232,105.79251,7.1880655,5.164585,82.90429,12.258917,3.0798967,0.00036368397,0.7683727,0.050646946,2015.8005,3.1759026,14.7545185,3.5021021
4859.489,454.6553,14.995084,14.814751,75.27957,13.386189,2.4373913,-0.0053560412,0.78256655,1.0542846,2015.0214,7.0580926,19.60961,5.634465
11911.411,1311.9574,11.910044,11.358054,74.445816,11.856554,2.5355415,-0.0027297374,0.04333084,0.4525285,2015.9767,5.1778727,19.872152,11.106973
9659.752,352.75522,11.802475,11.301746,84.60462,10.287734,2.8110545,-0.0036298141,0.012213997,1.4727958,2015.5104,7.9808207,10.138399,2.8077376
8887.609,1403.7068,12.3007765,11.687525,81.41023,15.434427,3.5348918,-0.0071868836,0.02522961,2.6212928,2015.1581,11.191202,14.768367,13.909583
10197.215,247.6578,7.7537923,5.619992,89.30586,15.032278,16.440607,0.008504874,0.26944792,2.0761461,2015.4626,9.343937,16.664825,5.1564536
5985.9805,2033.2987,19.271063,19.367525,55.933308,21.330872,2.0549583,-0.007986759,0.781255,1.0032225,2015.1714,7.055052,8.086824,15.515056
2412.4355,600.9236,10.359873,8.511223,78.87568,23.370014,4.7410398,-0.0074745542,0.7207543,1.603593,2015.0674,3.090554,15.881906,14.113984
1550.274,1339.8682,7.674156,4.977625,69.11533,18.47726,1.9927739,-0.006631441,0.025035478,0.98530525,2014.981,3.0252154,22.506193,12.528817
5335.177,351.733,15.5040865,15.266242,74.87025,12.120193,2.3347511,-0.0051182094,0.08729651,1.0739483,2015.0559,7.2533426,20.623997,3.6407359
3721.1128,1483.9674,16.028343,16.105286,50.278362,23.23075,1.5716842,-0.0064137517,0.119687684,0.21907751,2015.0665,4.790806,26.72801,14.018981
3701.7422,991.41425,11.595468,10.636046,67.91697,18.538092,2.0331612,-0.00064415607,0.06848375,0.44928887,2015.0923,4.7353067,7.483968,12.012325
2547.2769,294.91623,8.971997,7.7101464,77.877785,11.25947,2.18685,-0.0028042172,0.042545803,0.103403255,2015.0111,3.952995,17.360956,3.451998
8144.9854,746.508,16.050943,15.920959,72.92314,12.9800005,2.1602032,-0.004887221,0.14572038,1.1959018,2015.3877,7.4771166,10.381294,8.487761
13205.557,2701.4697,16.84967,16.80962,74.48624,12.118165,2.271646,-0.0007308678,0.026379772,1.2771418,2015.9231,7.775227,14.6722765,10.566546
5006.081,405.491,11.4788065,10.844956,83.8622,11.204323,3.022734,-0.003104321,0.0031494712,1.137694,2015.0483,6.915454,15.868335,4.149634
3385.003,459.46616,8.802953,6.7520466,80.84171,15.937408,3.6870701,-0.007725151,0.81279904,2.1351647,2015.23,2.6488397,11.402982,9.888293
13252.729,1950.8766,15.057465,14.981476,78.26827,12.527288,2.556605,-0.0029821016,0.043709703,1.6740353,2015.8354,8.94105,14.9330225,10.300959
7341.0166,3115.5068,20.420967,20.330826,56.10982,14.470607,1.479636,-0.00690419,0.028016113,0.9731342,2015.3074,6.9437404,14.674455,13.173681
14620.237,1274.3612,16.714905,16.492355,70.143364,18.166574,2.9741166,-0.010389653,0.73421866,1.7730241,2015.9851,8.766299,17.543005,16.66034
2461.8608,348.8563,5.82102,3.5411577,79.56617,12.5033245,2.1659725,-0.0029338778,0.12935822,1.7806467,2015.1357,2.5066874,11.84209,6.1137657
3855.9302,1697.5685,15.378485,15.674611,62.816544,13.95553,2.058414,0.034668926,0.0392391,0.36409214,2015.0248,5.3556447,23.031109,12.369296
15830.904,342.37906,10.703732,9.754787,84.93029,11.070408,2.785936,-0.0012854815,0.49754563,2.2676873,2015.9763,10.401221,22.343904,6.328081
4406.4097,1002.307,15.716148,15.898015,65.48513,14.364393,2.5220847,-0.005850691,0.03065122,0.5604868,2015.0408,5.899405,21.854425,11.428556
3618.231,1590.8372,16.475758,16.448448,47.00621,21.158695,1.0699756,-0.0071423515,-0.014046141,0.14585392,2015.047,4.370946,31.77817,12.671043
3345.1362,974.3912,7.7633085,5.0689244,72.73304,18.995762,2.875761,-0.004580311,0.05509139,2.7039814,2015.298,1.7057291,12.209842,13.923035
6089.3125,2001.4528,18.121971,18.214338,60.216545,20.557938,2.1279912,-0.007594207,0.07276698,1.4542422,2015.0494,8.528796,9.173023,14.989143
16090.447,640.9599,8.444555,6.95224,85.91702,13.625926,4.0562615,-0.0005327941,0.36829427,2.537925,2015.9944,10.949305,16.911499,15.659018
12703.415,1348.1783,17.701452,17.673407,69.18081,18.234211,3.188696,-0.007873912,0.31844422,1.4535613,2015.8254,8.223251,12.997135,15.616695
10069.763,606.814,7.599826,5.453844,75.45763,18.15273,3.0638845,0.0037245683,0.3520801,2.8550944,2016.0771,1.5211779,17.440796,10.964468
14291.794,2299.1377,21.971325,22.059881,57.334644,16.666822,1.7296746,-0.0076854764,0.22481097,1.3269287,2016.0352,7.995306,20.051065,14.542885
5048.5776,478.16068,13.952305,13.493046,76.14738,16.720661,3.012404,-0.003551894,0.21024826,1.0870492,2015.0386,7.101989,21.968508,7.7762733
3660.1357,740.8581,10.088357,8.6425295,73.845,15.702623,3.2057283,-0.0019826305,0.4855306,0.23416595,2015.117,4.065894,17.156181,12.298558
15404.1,1917.2695,12.656019,12.142783,79.92385,10.586058,2.0095491,-0.0022410222,-0.0020487094,2.0607378,2015.9974,9.741071,19.658941,10.614288
10446.867,-149.48422,2.4186275,0.23233265,86.519455,7.5176625,1.5309132,0.019441474,0.14101095,3.1145706,2016.152,1.0546695,16.494896,-0.17621684
2124.608,1022.70776,9.202611,6.5667253,65.65616,28.88082,3.0461512,-0.007140552,0.13303927,2.4845476,2015.1624,1.69512,14.214114,15.536111
16470.754,656.20483,8.302029,6.2023273,78.96764,14.30273,2.3395035,-0.005254531,1.0294222,2.5014718,2015.9989,11.27254,17.09786,15.423131
11151.043,522.97437,8.391377,6.04575,79.808266,14.975874,3.4354212,-0.00859055,1.1483799,1.9588406,2016.1022,2.5643978,16.604097,11.056826
4737.039,1540.5331,16.67243,16.807636,61.57176,17.396309,1.8910706,-0.008060568,0.00062181713,0.9021946,2015.0237,6.854044,15.179928,14.306511
5094.856,1217.3522,15.271178,15.156204,62.55546,21.818813,2.1701462,-0.0078097074,0.03914515,0.942649,2015.0602,6.9251633,18.452177,14.256483
6218.983,2521.4583,21.514439,21.535559,47.779438,18.484283,1.6168714,-0.0076125315,0.39451507,0.95309854,2015.1975,6.908245,12.915649,15.143413
4883.6157,1059.8499,11.24063,10.230833,71.6153,16.55894,3.190062,-0.004917843,0.05298511,0.27137485,2015.2308,4.424191,16.2124,15.229917
12667.342,2956.1272,15.514237,15.432182,67.33456,16.578695,2.0706122,-0.0037205399,0.014581493,0.5901629,2016.0066,6.054968,11.309271,12.491498
5305.2144,937.3642,14.019383,13.581782,69.64051,16.177187,2.8853106,-0.0042956877,0.63668066,0.58492285,2015.1963,5.607275,13.330624,12.959881
8101.2363,1223.288,14.829003,14.805722,80.61612,12.644591,3.5625997,-0.00665646,0.019489162,1.445511,2015.2917,8.386625,13.92405,12.116384
14093.541,610.571,17.989323,18.098074,75.75964,12.300672,2.1287744,-0.005049243,0.28339642,1.313696,2016.0085,7.7599206,22.15837,5.106072
14449.699,406.05484,10.506727,9.068527,82.02219,22.988653,4.3572483,-0.010631525,1.1665401,2.7142153,2015.776,11.1710205,13.99079,12.837724
4508.9673,1399.6356,16.992718,17.027134,60.110737,16.609236,1.9981163,-0.006492087,0.21954839,0.7542378,2015.0375,6.3646345,14.897723,14.233594
14297.343,1139.5312,12.795968,12.501374,83.21425,11.02774,3.1427996,-0.0024523616,0.012393496,1.7013255,2015.9486,8.949962,14.222416,9.160159
16503.414,1234.6868,11.052669,10.129603,78.90221,12.315731,2.5118272,-0.002889776,0.029758833,2.41081,2016.0189,10.979436,22.849752,15.327675
7714.4243,4077.3098,26.531227,26.421877,27.94266,17.46898,0.738386,-0.0103812115,0.8489769,0.82885164,2015.3414,6.6845675,19.035978,15.08287
10729.147,251.82565,10.729553,9.617055,84.374954,13.811715,4.621901,0.0018045108,0.3412868,0.4125065,2015.9044,4.497182,15.80383,8.178645
15882.65,227.79099,8.626479,7.262482,86.24237,11.175458,2.685065,0.0004016689,0.040680252,2.4248955,2015.9725,10.960062,12.931885,4.016014
6527.6094,1212.9661,17.028004,16.9791,67.9864,15.678695,2.6003506,-0.0069436855,0.33054653,1.1249965,2015.2078,7.1747627,12.981084,14.255648
12656.221,1326.2458,13.144014,13.153068,82.713,10.752605,2.7727878,-0.0032339536,0.033037312,1.3909045,2015.8312,8.177174,12.189813,6.315077
8915.787,2618.0693,17.360418,17.015842,46.394115,23.829704,1.6871785,-0.0065419576,0.5478181,0.24003415,2015.6696,5.1284113,9.405743,14.787027
14661.246,1305.4066,15.654144,15.680469,75.485085,15.739786,3.181869,-0.007365947,-0.0014244104,1.6862217,2015.9939,8.947809,12.110465,14.574086
4301.147,848.8558,10.905512,9.775215,76.89123,15.43531,2.9878151,-0.0020188347,0.039867558,0.74364394,2015.1016,5.475448,9.860909,11.078078
8727.006,1196.0917,14.444314,14.244961,70.54818,20.2503,2.374293,-0.008309771,0.25112176,2.3407886,2015.1368,10.95393,13.199084,14.314955
15965.838,408.5668,7.2523,5.4660573,87.12534,11.500543,3.6460094,0.00080498745,0.6797994,2.4426692,2015.9751,10.944115,18.876041,11.933268
3896.9639,2498.2927,20.619991,20.760572,41.23088,21.287853,1.513197,-0.006518263,0.13582933,0.41550294,2015.019,5.2943873,26.088608,16.65762
2172.6382,950.5404,8.310634,5.7103295,72.58764,21.400028,3.1407733,-0.0056007146,0.06298492,2.7063782,2015.1611,1.7537748,12.054081,13.759386
6369.754,837.8122,5.8968167,3.3330264,73.66411,15.440039,2.0454955,0.0031782098,0.050286002,2.880169,2015.6307,1.8571082,13.180417,10.669347
11046.254,613.3841,10.431839,8.85283,80.025276,18.29405,4.4688654,-0.005132654,0.68242097,1.4787148,2016.0137,3.4694667,16.299847,15.041038
6166.54,991.3966,7.3891025,4.8247147,73.597115,17.458797,2.6943054,-0.0025308777,0.023499094,2.629966,2015.6338,1.6648847,9.845793,12.550665
10101.046,1835.6844,13.952439,13.343141,71.23899,20.836298,2.67668,-0.008645778,0.034333445,2.4453032,2015.3002,11.033,14.83673,15.170551
14093.188,782.7975,17.413485,17.4864,74.20995,11.40217,1.906479,-0.0064939293,-0.0035375739,1.2576245,2016.0131,7.5864553,21.77147,6.522126
5113.799,1326.4005,18.534603,18.515392,59.70752,15.681618,1.9296505,-0.0047577205,0.06538967,1.0320805,2015.0536,6.8686805,19.539507,13.451071
14112.129,1927.8352,17.830961,17.561764,57.820774,25.554625,2.1527557,-0.006370991,0.74620646,1.3107275,2016.0115,7.8782077,7.3045683,14.961358
14955.581,1299.7272,10.901961,9.496683,75.21189,21.74536,3.042359,-0.002556383,0.006198547,2.4752984,2015.9978,9.56942,7.9951572,13.577407
9773.7705,838.3787,11.589039,10.787838,82.74247,17.208706,4.3863225,-0.003898186,0.050507106,2.6308167,2015.2334,11.27949,20.055758,12.641667
5348.2734,929.11346,15.527742,15.479912,73.10492,16.401598,3.2083852,-0.0075059882,0.218785,1.2170887,2015.0332,7.622756,13.887347,14.031461
9645.177,1156.1423,11.601165,10.30771,64.80058,22.799055,2.938524,-0.0038499024,0.12710406,0.22069971,2015.8152,4.1825805,11.072237,15.131746
10714.868,2141.1958,15.2418375,15.171544,69.286766,17.762058,2.105297,-0.008943965,0.035527743,1.9499655,2015.42,10.10713,20.667168,13.758574
5927.061,1863.0934,19.832417,19.761345,54.485756,14.588623,1.4737601,-0.006920436,0.04338137,0.9662173,2015.1608,6.8582373,13.531606,13.6848135
4123.025,2771.7937,14.221688,13.655692,61.85056,23.848225,2.387776,-0.003925444,0.030019648,0.5151772,2015.1058,5.3060017,11.507295,13.735454
13379.263,2993.585,20.074635,19.953737,64.07633,15.121527,1.9961869,-0.005088327,0.04677742,1.2602446,2015.9434,7.6880245,17.277285,12.877911
10235.619,703.0698,10.119625,8.436387,75.94605,21.328327,4.34144,-0.0041535697,0.56346184,0.59571743,2015.9341,3.3602688,13.308206,15.197339
6736.919,193.44717,11.399436,10.500292,84.464584,10.095954,2.9644015,-0.004522472,0.7040407,0.91518265,2015.3213,6.215263,11.476104,2.7619622
1637.5353,1093.5784,5.900182,3.5274396,78.44208,12.674584,3.0795915,-0.0016945854,0.024004124,2.9312642,2015.0897,1.7840205,16.877476,13.142703
5255.9937,357.03317,14.836931,14.681669,80.082275,11.300956,2.7908945,-0.0065534874,0.8085359,1.2678001,2015.0005,7.774526,18.228165,4.6188555
8878.552,377.75058,8.56773,6.7948866,81.810295,13.27421,2.859059,-0.003111289,0.26362777,2.5599208,2015.7621,3.9361358,9.463431,5.194175
13967.31,2052.0247,12.30665,11.872485,77.77201,16.727638,2.4601467,-0.004143789,0.054980062,2.3588803,2015.7705,10.917152,9.112734,11.958864
2323.3994,973.90704,8.927992,6.488829,74.11043,24.224207,3.7128322,-0.006064191,0.057423957,2.986962,2015.1609,1.8257691,17.922157,16.10076
5378.145,2369.6707,20.91461,20.829054,47.697723,16.783361,1.4393084,-0.0075907907,0.42733386,0.89057493,2015.1129,6.6326165,14.398733,14.554515
8541.513,1066.2758,5.118366,2.183928,71.612526,12.767676,1.0761844,0.0035000376,0.038601525,2.121697,2015.8541,2.1728342,15.421662,11.401388
14124.571,618.8964,16.327587,16.408226,78.40968,13.264544,2.683429,-0.0056734993,0.2964948,1.3458383,2016.0023,8.016345,16.861134,7.6382866
12108.5,587.8643,13.051518,12.233669,81.19503,15.880307,4.3569245,-0.0031268832,0.50186276,1.3025552,2015.8615,7.0874395,10.832285,12.782126
9545.445,624.08594,8.947873,7.2182508,74.89851,15.650526,2.73827,-0.0029209584,0.89027375,0.13658647,2015.8451,3.8016765,9.362329,10.400919
7997.6167,2451.8232,20.95674,20.912725,52.148315,21.295004,1.9186709,-0.0069405637,0.6621463,1.0790348,2015.3885,7.233005,10.623641,15.2622595
10792.278,1610.8638,7.4071646,5.1516576,59.92709,16.760775,2.2734494,-0.014376924,0.9755177,-0.11915584,2016.0228,2.9475281,22.341343,18.227396
15742.431,1480.5529,12.93461,12.0091305,65.24425,21.101498,1.897435,-0.0054148915,0.2525406,1.914984,2016.0293,9.8338785,13.34909,16.403797
11618.751,687.50867,11.937428,11.321882,72.34548,11.393426,2.2511353,-0.0034522407,0.09073038,0.41376498,2015.9498,4.853412,24.543427,9.082886
7192.47,54.633453,4.6715193,2.1778045,82.79718,9.209973,1.9167619,0.0043045827,0.6782449,1.1742948,2015.5618,3.4846854,17.110691,4.6405845
14037.013,2426.7178,15.424513,15.460027,74.1614,15.603889,2.2837574,-0.0044504325,0.04759399,1.8291659,2015.865,9.503238,11.457715,11.839146
15759.964,840.16516,5.9709125,4.1169877,86.14367,11.098021,3.2722955,0.0053904657,0.0007051444,2.370337,2016.0193,10.308874,14.400634,10.967322
3564.1401,373.6531,9.105548,7.5205746,81.98177,13.056639,3.3728592,-0.00208776,0.09034697,1.1824679,2015.0889,4.5195904,14.12793,6.9790444
1371.6002,354.73392,5.4253054,3.2646918,85.19585,10.180272,3.5940237,0.015139435,0.11910526,2.5496824,2015.0442,1.9856416,18.364565,4.3307304
7745.355,-197.7612,6.9733834,4.9415,87.34273,10.246499,3.1640499,0.011913965,0.80405575,0.07709257,2015.6608,3.2343934,16.53503,-1.109638
7259.8574,240.79227,9.922254,8.975047,80.67572,11.43894,2.6265512,-0.0011188772,0.055127196,0.2766439,2015.4995,4.631079,13.706552,3.2849677
3872.2866,528.3375,11.008846,9.206373,78.39558,29.367414,5.053102,-0.005632357,0.46767253,2.7859313,2015.1023,4.482844,18.693287,13.349524
7676.844,832.30743,10.955875,9.281229,76.50696,21.369234,4.190455,-0.004538288,0.2129954,1.8044598,2015.6823,3.1629941,11.2934675,14.186058
3928.9312,844.1923,13.6531315,13.0681,71.91932,19.06492,3.6832173,-0.005535034,0.29701263,0.5314482,2015.0449,5.3483396,17.457186,14.440549
5849.013,655.92065,9.069009,7.9217677,86.471214,10.639483,3.1148787,-0.0035746295,0.01720529,1.9708794,2015.0989,7.4879355,14.962601,5.670476
4695.6274,766.59216,16.325127,16.229122,65.54285,13.999234,1.9827925,-0.0049651465,0.053972118,0.68729144,2015.059,6.128878,21.3646,7.708772
13770.847,1395.5095,21.159472,21.111065,62.350826,13.340115,1.3735187,-0.008514405,0.029004015,1.2730699,2015.9663,7.7779603,20.709827,9.003468
14903.982,285.11148,11.883115,11.394985,87.083084,11.224561,3.5662136,-0.00019023131,0.0931868,1.7840525,2015.9637,9.301611,17.20347,6.1289463
275.95273,791.0976,4.5447536,1.4580874,70.80898,16.70018,2.260039,-0.0017932162,0.28886026,3.2568817,2014.987,0.80244935,25.697084,15.677204
15688.577,513.8987,10.150331,8.801652,85.22369,11.24183,3.2865052,-0.007502155,1.0501343,2.2372603,2015.9624,10.429821,20.579895,11.648389
14619.786,1045.8722,16.492577,16.444613,74.63129,16.495993,3.4278529,-0.009157498,0.55159926,1.6630545,2016.0045,8.6599,16.73804,15.886628
8925.777,394.69193,12.446536,12.065848,82.160446,12.42256,2.3572898,-0.0074694133,0.031238817,2.210246,2015.2062,10.452662,16.124483,3.9795368
8670.898,465.6583,10.392181,8.796601,82.53551,17.108158,4.311381,-0.0074035428,0.8495706,2.3284566,2015.6342,4.9694905,11.323211,10.450471
9669.762,506.48654,7.568138,5.3523474,79.23543,14.813725,2.6876433,0.00036738132,0.042929836,2.8452625,2015.9606,2.5053136,10.238139,6.7562094
16451.66,1272.1954,6.1024923,4.1234827,84.78682,10.910599,2.832168,0.0016162943,0.0062166965,2.6255848,2016.0244,11.315198,14.5099325,14.346372
4210.5376,1120.8611,16.142185,16.177202,65.00915,17.178198,2.4084754,-0.011113145,1.0467501,0.7440481,2015.0088,6.2461514,19.77554,13.08776
15370.813,758.7343,14.476448,13.955071,76.64147,13.447409,1.8610111,-0.012135574,1.1252029,2.0112348,2015.9865,9.715173,20.84391,11.98902
5506.51,437.57205,7.9361033,6.361015,77.65629,11.253844,1.9703616,-0.0024294958,0.09740036,-0.038313344,2015.3866,3.5217488,15.788923,4.7830167
4950.7876,1971.767,17.721466,17.707443,59.86717,15.295725,2.0167954,-0.005882298,0.01624056,0.72310466,2015.0994,6.315564,16.470278,14.242487
3393.357,1835.025,18.239443,17.972929,43.55042,15.58705,0.98414904,-0.0079523,0.54586065,0.30166128,2015.001,5.0725355,19.99046,13.42333
4295.7026,1271.041,16.164646,16.17192,58.559174,22.218689,2.3020484,-0.0066686827,0.29793996,0.5687876,2015.052,5.721369,21.390987,14.987721
8754.309,1210.6019,10.69003,9.270127,74.57677,20.05178,2.4372253,-0.0059958654,0.036871918,2.6530094,2015.1147,11.567112,13.830123,11.472219
2299.9946,326.28452,6.4875817,4.117261,79.85261,13.4051895,2.8277915,-0.0026547995,0.65154743,0.91602814,2015.0577,3.1786406,12.274009,8.475046
11039.729,590.7897,12.39466,11.402808,78.88193,18.083736,3.783203,-0.007755471,1.1299316,1.3867307,2015.7131,7.4418097,9.370476,11.075516
14029.922,418.0386,7.707797,5.839709,85.16742,16.224154,4.436979,0.0006361554,0.728932,2.8652384,2016.1136,6.2279863,20.944067,14.437695
9177.569,586.83887,8.025294,5.5796204,78.19051,16.718353,4.1084356,0.0004812206,0.6987805,0.7718943,2015.8774,2.7064538,13.590109,12.977766
12688.111,363.95444,15.086117,14.742143,73.26232,10.8563175,1.8271438,-0.006085116,0.40053755,0.6205487,2015.9994,5.964043,18.236786,2.7484229
13266.902,690.02563,13.580717,13.229183,80.34538,14.631946,3.8810194,-0.0053707804,0.4029399,1.0821108,2016.0018,7.167091,11.69189,12.141177
3019.9878,2282.425,18.421734,18.258146,38.722767,19.500093,1.0931666,-0.0073776594,0.28146753,0.14352469,2014.9755,4.684554,23.338556,15.150995
10965.969,1566.0775,11.596567,10.650805,60.528316,13.033469,1.9526181,-0.0039083543,0.06809103,0.12689368,2015.9585,4.0284567,23.143501,14.625443
2905.7388,1211.3829,12.28964,11.452602,61.518738,20.22847,2.4718766,-0.0069345175,0.6887517,0.11169545,2015.024,4.159441,18.094793,15.497431
15539.207,863.83105,10.047385,8.88205,81.21015,12.871626,2.979725,-0.0015513871,0.07054014,2.2145844,2015.9647,10.370319,16.813162,14.953062
1499.0226,810.3483,6.424269,3.7684135,75.68908,16.06782,2.827068,-0.0024401818,0.44185007,2.8938587,2015.0674,1.8634058,19.00281,16.940874
13517.004,393.1545,14.0586815,13.729708,80.01828,12.621418,2.6162665,-0.0039738934,0.05451902,1.4112375,2015.9387,8.180752,10.45934,4.2545996
4951.313,2693.228,19.672655,19.491135,47.612576,25.50134,1.4259634,-0.007824329,0.16386804,0.9499892,2015.0597,6.948572,8.858094,14.7667675
10720.96,775.02527,12.278274,11.067173,80.20358,18.996712,4.3257246,-0.0030906044,0.094394304,2.3029597,2015.7552,6.3877845,10.657967,13.033252
5576.915,1359.1302,12.607183,12.39383,79.25309,10.349536,1.6036497,-0.007137967,0.0036796844,1.2312199,2015.0647,7.586566,11.194082,4.9673924
5417.6436,1356.0023,16.069426,15.891376,60.712246,24.69515,2.2791889,-0.008218215,0.055576988,1.0877647,2015.0587,7.3898206,17.110956,14.527591
13824.151,1456.82,21.531471,21.532602,59.915993,13.498855,1.6170421,-0.0070227734,0.011995635,1.129637,2016.0018,7.496742,18.604376,10.183726
4622.862,2173.2822,13.273865,12.857171,66.84016,16.915354,1.5105333,-0.004900511,-0.018222041,0.8197575,2015.0438,6.2401657,25.205027,10.105858
6967.5996,2586.617,16.665531,16.190434,42.7929,25.42145,1.5158014,-0.007099492,0.8492572,0.02212195,2015.4983,4.4931006,9.862446,15.032816
2110.7222,277.9025,6.6299973,4.533912,83.05712,11.832688,2.740961,-0.0047582085,0.16768388,2.1474373,2015.0466,3.0286777,16.586155,3.1292813
4550.696,3710.51,21.531605,21.519938,48.643524,22.17739,1.7564732,-0.0073188297,0.05829195,0.952693,2015.0079,6.87388,13.862162,14.943566
15786.381,1262.5793,13.693701,13.220401,74.21423,14.76849,2.7948794,-0.0063080504,0.06289438,2.1587002,2015.9891,10.233321,22.447784,17.866423
5234.88,1140.9668,15.825547,15.932474,67.5629,18.037575,2.4682207,-0.008458235,0.044184856,1.1856889,2015.0151,7.641096,14.844242,14.406528
7618.5483,557.41833,12.827345,12.17479,79.69148,21.428493,4.485056,-0.005187388,0.30231026,2.4164474,2015.0042,10.798336,22.255682,12.335808
2850.0864,2010.0787,8.192856,6.2113295,77.20333,14.734809,2.6712587,-0.0046843584,0.0119510805,1.4728774,2015.0519,4.0187583,16.454294,12.190547
13722.441,463.86362,9.37503,7.5406585,81.183395,17.759897,3.8045733,0.0014142271,0.5557175,2.7912238,2015.8883,9.08103,10.896645,10.638123
8446.584,986.4919,7.479346,4.5618854,67.32313,22.305702,2.338106,0.0026647996,0.1546401,2.887136,2015.8923,1.364884,19.210749,14.409424
6113.142,559.9328,13.818815,13.667922,78.31981,14.108902,2.6405158,-0.005843691,0.4458103,1.6996752,2015.0167,9.091043,13.021912,8.382743
6366.585,947.7217,15.355548,15.510504,76.28636,16.138323,3.3805923,-0.007918381,0.08747225,1.7383279,2014.9994,9.376721,13.003353,13.944597
12533.936,2091.965,12.083588,11.691161,82.60816,10.318458,2.4549487,-0.0020536084,0.06954815,0.7985178,2015.9789,6.1616287,15.9673395,6.6375337
2483.1519,1165.4243,9.78458,8.008377,62.848614,19.662579,2.178837,-0.0057802624,0.30813718,0.022480411,2015.04,3.454609,15.36559,14.994545
3715.876,899.14276,13.605287,13.17431,67.59812,17.207806,2.844586,-0.0041283867,0.18004769,0.3382503,2015.0394,4.969915,19.008583,12.543793
3213.8853,-131.20639,7.777831,5.8099427,88.174675,9.307355,3.2518387,-0.006527591,0.9607942,0.6101046,2015.0583,4.46433,13.660779,-0.096514456
15042.258,687.09045,10.252572,8.963889,83.102234,14.862408,3.8562844,-0.00160692,0.113846995,2.2848577,2016.0127,9.404209,11.802592,13.338231
10623.513,163.68832,6.9516263,4.2385626,85.95644,17.774633,9.909893,-0.02708132,0.9650531,2.663045,2015.9343,4.056215,13.619312,4.7528057
6037.238,1383.1989,7.814546,5.736546,74.27796,14.661441,2.7307813,-0.0036964205,0.07797051,0.08744292,2015.466,3.2484524,15.873435,14.59615
6736.6426,407.4753,10.285051,8.981944,83.43898,17.133907,4.277736,-0.0032865677,0.14578666,2.4138877,2015.0771,9.014433,18.297485,8.215843
13740.401,1531.0787,16.131472,16.323875,70.751564,17.507286,2.8635778,-0.006044734,0.029508762,1.2309893,2015.9785,7.9251084,9.779005,14.377069
3974.309,2312.8462,19.062792,19.15556,48.56832,23.210857,1.9276497,-0.007152559,0.49463904,0.59969056,2015.0167,6.0594935,11.060372,15.848243
5242.948,1398.4337,18.806534,18.787241,62.785767,12.622885,1.6912374,-0.0068314276,0.0053210175,1.1267601,2015.0449,7.271806,14.747659,11.733537
6282.0386,484.58054,13.508856,13.014982,82.81273,13.562449,3.828769,-0.012590961,1.1573651,0.972522,2015.2084,6.776813,13.377217,9.814477
10895.788,1341.0061,9.971925,8.273795,69.37343,23.229467,2.989758,-0.0061052735,-0.0010651732,1.3858931,2016.0245,3.4814954,10.923654,14.923053
11117.991,518.68134,9.208662,7.5999823,74.35288,14.4203825,2.034332,-0.0037453074,0.96101904,0.10897486,2016.0148,3.9453337,9.359412,7.314789
7207.0737,879.0794,15.162321,15.198679,76.832596,15.4508505,3.3036852,-0.007350949,0.5109427,1.6324207,2015.1561,8.848821,11.60842,13.269322
10030.374,18.185577,10.764733,9.6051235,85.62041,13.352258,4.255495,0.63484174,0.076387145,0.3657426,2015.8187,4.703035,19.563313,2.5690453
6544.6216,1782.6334,17.169252,16.890059,53.56222,18.16626,1.9227186,-0.0043894122,0.28314257,0.47163382,2015.347,5.5428987,16.588764,14.32254
14775.6875,806.52924,15.308625,15.221299,80.97196,11.280504,2.4203231,-0.004548849,0.0011070883,1.6192724,2016.0125,8.5429945,19.865076,4.9371495
419.59335,1144.5521,7.1025267,3.6433997,59.93654,28.625734,1.516978,-0.005439536,0.04992705,2.7620115,2015.0138,1.2681028,14.656333,14.3644495
10232.709,895.44226,9.896067,8.652581,70.67001,14.27466,2.7144742,0.2991163,0.06152726,-0.20747788,2015.9523,3.0285485,14.991966,12.856206
8222.553,758.8919,11.999365,11.101204,75.24492,19.896317,2.6204855,-0.005367396,0.6017083,2.6379435,2015.0331,11.646626,15.4855995,12.185085
15473.922,596.67755,8.934594,7.5438867,81.29011,12.826624,2.4518237,0.0010816648,0.17116685,2.271092,2015.9954,10.225181,13.748031,10.76792
4457.873,752.45874,14.963624,14.880152,68.53381,14.745311,2.5081506,-0.0041560936,0.077638395,0.53052926,2015.0618,5.7617164,21.324543,8.302385
9011.226,475.82736,11.275582,9.490352,80.05363,27.60187,5.4011273,-0.007980672,0.912501,2.772799,2015.9028,2.0221412,15.024012,12.523991
8092.323,130.04654,5.2136273,2.7579503,80.29519,10.652628,1.9423516,0.0013365641,0.413896,0.2550253,2015.6462,3.8731062,15.9726515,5.425677
14633.659,1648.0315,16.569319,16.758015,70.80534,16.954231,2.8076212,-0.0069648153,0.013085476,1.4233572,2016.0374,8.400984,12.074915,14.976265
13371.169,-222.05014,2.182553,0.0056280517,88.873344,5.6681466,0.5988589,-0.0023899444,-0.04414869,2.9827187,2015.9282,7.792347,6.6331224,-6.674709
15978.141,1079.0667,12.639262,12.083814,75.68173,14.212399,2.331719,-0.006551146,0.45661563,2.23774,2015.9862,10.663665,20.685759,16.512518
4724.9307,2334.199,19.502417,19.612919,56.16402,17.562922,1.8641918,-0.00745636,0.022151046,0.94506377,2015.0289,6.843416,12.546444,14.874581
9088.703,621.94135,6.8062763,4.6049767,75.21838,18.234522,3.4530425,0.008235778,0.45621344,2.8681183,2015.9897,0.9898797,23.096138,10.755598
14886.499,108.43283,7.7181563,6.2892504,89.051216,10.2704115,3.1286917,0.0017677571,0.056673236,2.4067066,2015.8765,10.674732,14.598923,2.3477519
7846.8867,704.93933,12.068775,11.155058,74.9144,20.742056,3.3135464,-0.0044029723,0.09149354,2.2809155,2015.0554,10.544525,24.44571,10.367489
3501.3413,1342.4005,13.623676,13.301942,61.145607,19.230295,2.0490627,-0.004910262,0.04488807,0.27311626,2015.0494,4.757187,13.489094,14.54232
4181.6206,810.08264,12.063012,11.213672,75.286674,17.288204,4.027525,-0.003949174,0.5877076,0.35072044,2015.1299,4.756281,17.315144,14.990381
4840.7905,891.23236,15.697403,15.639557,72.31122,17.031527,3.424298,-0.00986248,0.95837647,0.9909462,2015.0199,6.954598,20.904545,13.374278
16217.813,1310.1184,11.633721,10.391723,69.77697,20.610582,2.4799018,-0.005413694,0.04510843,2.1385112,2016.0488,10.336555,11.441716,16.281614
4165.4,2658.0393,5.1928687,2.376844,71.48696,13.815237,1.1707681,-0.00092173676,0.06063386,2.642327,2015.4025,1.5209552,15.791645,14.386395
7102.973,709.27124,15.899791,15.9002285,76.48677,12.951123,2.6588686,-0.0067851036,0.548032,1.5976449,2015.1636,8.6982155,12.817984,9.056924
14026.431,383.71634,15.243268,15.388688,84.13968,11.938681,3.5768769,-0.006965594,0.75010574,1.2523509,2015.9921,7.8264737,17.405083,6.394789
9291.136,828.07275,9.081543,6.9351215,73.63706,22.654312,3.7488968,-0.006527127,0.6571492,2.5862653,2016.0,1.316372,16.1902,15.892964
13892.866,2341.0027,22.843733,22.918173,53.113186,16.133093,1.5423325,-0.008371946,0.29459712,1.244734,2016.0035,7.807017,19.328394,14.351319
396.11093,1051.6687,4.0141025,1.1848941,69.99465,11.160983,0.87987334,-0.0014470753,0.12087565,2.9412394,2014.9535,1.5634161,21.589651,17.201172
1647.8615,296.39456,5.7238803,3.3422818,85.91694,11.732053,3.9490395,-0.0058024353,0.72735435,2.9277358,2015.0992,1.9735361,15.101186,4.974573
6870.535,1055.4869,9.272722,7.508372,71.79472,19.020199,3.2650373,-0.0043562776,0.11509078,0.43913892,2015.4985,3.7620902,14.660585,17.390654
6111.639,909.9697,8.44245,6.412511,80.75965,14.511314,3.6338842,-0.0018566598,-0.013053515,2.838636,2015.4764,3.4207025,10.941991,10.896156
12932.264,1266.9559,17.306547,17.399654,68.84529,14.949873,2.3886607,-0.0047246213,-0.0011695707,1.081274,2015.9229,7.4130273,10.803221,12.330954
7335.2905,1725.2261,8.935235,7.0979295,80.78687,13.290471,3.1481705,-0.0027190216,0.023059063,2.3512301,2015.5813,3.7545164,13.633467,13.135803
10043.772,1229.4965,6.7060375,4.8580265,81.82893,12.141545,2.5969372,-0.0013974991,-0.0010846341,2.6440876,2016.003,2.3505151,12.992888,8.4510765
9307.241,1274.8096,14.098737,14.031067,75.803,14.8299885,2.4572546,-0.004083562,0.043799825,1.9292737,2015.3333,9.711288,7.3198395,11.669689
4865.4663,1655.9362,8.583831,6.030701,72.517204,23.390284,3.0228696,-0.0011961975,-0.0066594863,2.8266196,2015.4458,1.8537852,14.428151,13.285784
11733.788,1181.1592,14.89426,14.596249,72.657326,16.59245,3.3158286,-0.0072145215,0.03508576,0.9194523,2015.8572,6.6094847,11.913846,15.230792
6927.616,773.48047,14.1711445,13.961668,80.06199,16.588295,3.9788902,-0.0074375323,0.7570845,2.0919778,2015.0153,10.027171,17.811314,13.510525
11772.45,1259.6748,16.111507,15.866591,68.41464,18.872757,2.9383898,-0.008029782,0.76896554,0.9860316,2015.8384,6.7932363,10.336954,14.925167
11046.219,124.85849,10.971171,10.088069,87.67575,10.669382,3.8037038,0.00032418285,0.3113232,1.2135142,2015.7648,6.776452,13.222506,1.8477261
853.66754,1047.2911,6.2006125,2.89998,65.70246,20.076603,1.5221505,-0.0050085797,0.104388826,2.4667802,2014.9985,1.8927509,18.245008,16.061428
6098.805,401.11246,7.030347,4.9735,77.226654,13.013421,2.061718,-0.005714932,1.0082936,-0.046523288,2015.4867,3.3839219,9.502751,6.8820496
4178.7065,1086.2585,14.128696,13.795188,68.96339,17.808449,3.009907,-0.0060024853,0.057382204,0.5830988,2015.0582,5.6551027,14.237528,14.790656
5082.935,2882.66,20.804607,20.518553,49.290413,16.969751,1.2129825,-0.006088517,-0.008217522,0.9597877,2015.0547,6.446776,25.22292,13.110687
9322.005,612.18414,11.587977,9.689363,72.260956,34.98319,4.6293774,-0.0014057283,0.75915027,2.9270062,2015.9974,1.2790319,18.767748,12.617182
13030.737,228.389,10.111738,8.688071,88.036865,11.990311,4.3271856,-0.0097994665,1.0094981,1.6890055,2015.8423,8.598883,17.852821,5.532434
4491.103,206.95364,13.102891,12.695249,72.87126,9.236324,1.0778762,-0.008316544,0.023241378,0.50800824,2015.092,5.7738495,12.713429,-0.12653232
13051.584,2126.6633,20.184608,20.459118,58.193367,16.455645,1.5360017,-0.0079576755,0.18149836,1.3298143,2015.8647,8.303159,19.515976,13.893639
12930.084,2767.674,23.164589,23.1044,50.82974,14.920677,1.64,-0.006858827,0.050313033,1.0404689,2015.9132,7.3478966,17.89674,14.2793455
8513.574,714.69354,8.306461,6.020052,78.639015,17.529108,4.062976,-0.004836369,0.26412332,2.651319,2015.912,1.3970443,14.997453,14.614424
11886.549,1049.3651,8.520693,7.202807,80.63333,12.201912,2.207465,-0.0005151772,-0.0029605413,1.3155663,2015.9728,5.5083966,9.916042,6.611036
11137.956,487.35513,10.0895195,8.363041,80.2397,20.118315,4.336258,-0.004140043,0.78818166,2.4949253,2016.084,2.977962,12.846307,11.553618
6730.328,1288.854,16.242708,16.255154,69.60562,15.706316,2.4055789,-0.0066966484,0.06048713,1.7365595,2015.0582,9.077161,18.541811,13.611368
5815.895,595.0608,17.55943,17.54446,72.767586,10.86803,1.9570743,-0.0065205167,0.029073916,1.3329047,2015.0647,7.9850626,14.675249,5.3216944
828.1822,733.6877,5.785736,2.9805255,75.608734,17.077047,3.419369,-0.0033645045,0.27755478,3.0329707,2015.0332,1.2052037,22.52159,13.979903
13601.291,1103.1539,14.6259,14.494763,73.65907,15.592257,2.7952971,-0.005679894,0.029175542,1.0094421,2016.0297,7.083163,11.437932,13.310801
10857.578,-209.70004,5.6412287,3.571877,85.86055,9.85695,1.8502682,-0.0019743063,0.19263783,1.0832452,2015.9749,3.8632648,13.772593,-2.166457
10315.821,278.77304,2.4746263,0.83244556,82.42803,6.4192595,1.4013232,0.005027835,0.027664669,2.9236722,2016.094,1.4107901,23.641111,4.324945
11671.899,307.55722,10.784329,10.011351,81.521255,11.605193,3.0234292,-0.0011365276,0.008350334,0.39917055,2015.9623,5.041665,15.199427,4.2756004
8242.2295,2496.506,20.519861,20.371037,48.213646,17.812958,1.6101468,-0.0061356868,0.2438983,0.73813,2015.4722,6.2796187,14.146551,14.462002
16129.325,1068.0942,11.180885,10.211385,80.99959,14.257393,3.1833925,-0.003846993,0.036247887,2.3591425,2016.0079,10.841073,13.3289585,15.009327
13998.864,1963.4232,20.423138,20.60817,59.120457,17.39336,1.8885918,-0.007971418,0.6791947,1.2188965,2016.0166,7.7322,17.045284,14.745738
14041.68,641.7127,16.374258,16.205906,79.422356,13.562178,3.1380103,-0.0052344683,0.5695733,1.6063195,2015.9489,8.54723,17.959137,8.34934
7535.4614,438.55215,12.282916,11.904357,82.21758,14.027831,3.1981633,-0.005074009,0.079922415,2.2708933,2015.0208,10.606881,20.447983,6.1105285
3119.4375,3385.4111,19.730377,19.53045,36.75113,19.254772,1.1461958,-0.008805518,0.10112097,0.18014984,2014.9801,4.9685173,21.971989,15.685044
5767.817,222.45242,7.375842,5.611081,77.36257,11.904953,1.7375466,-0.0035411988,0.0659839,0.008989019,2015.4233,3.5997968,11.254612,3.4786465
5854.1855,1410.4309,15.992437,15.930449,72.74494,12.196594,2.0591216,-0.005486324,0.031786464,1.3596796,2015.0468,8.0371475,17.465895,9.149292
9549.083,132.47061,3.7148263,1.6177144,83.21212,8.681372,1.7221483,0.0025744687,0.11275885,2.9317698,2016.0127,1.5015222,17.924883,4.0776052
-183.17229,184.7562,1.3930622,-0.991221,86.70349,5.037767,2.8295467,0.04516969,0.26583686,3.158972,2014.9462,0.85317814,21.723112,2.7935174
6091.819,954.64935,16.388561,16.379332,69.892204,14.495763,2.3516433,-0.0065348125,0.5688698,1.1949866,2015.1519,7.405301,10.85568,11.995976
13153.446,1481.403,19.821648,20.033281,63.149593,15.233126,2.2719233,-0.0062069106,0.27927512,1.0235564,2015.9459,7.3893437,15.546287,13.5736265
13439.793,-37.670135,4.1786942,2.1672568,89.023575,10.530248,2.4939628,0.24175191,0.37928012,2.5278742,2016.0757,6.194609,20.916536,3.0873826
14632.644,382.7604,4.449696,2.3188558,85.457245,9.29354,2.6870399,0.0041016624,0.21135882,2.6815658,2016.0847,7.269124,24.626919,10.975624
8902.929,742.37054,13.602777,13.083447,81.1595,17.275923,4.088223,-0.006475545,0.7161853,2.3349476,2015.2085,10.405639,14.222416,13.513357
6714.855,3291.2646,20.011423,19.73582,46.531242,18.231276,1.6862334,-0.0056250724,0.10531931,0.5293355,2015.3407,5.7566757,19.406979,14.804074
11851.506,6069.657,18.881214,18.583502,68.510864,16.000534,2.0247488,-0.003853842,0.1007641,1.1130471,2015.778,7.563366,12.666167,9.879918
9105.711,1457.3475,11.275568,9.26198,68.355,33.890564,3.6001167,-0.0010915466,-0.039898135,2.909256,2015.9609,1.6428043,10.373911,12.096403
1798.9552,414.6312,5.209177,3.0073466,81.956924,10.273538,2.7910032,0.028964275,0.2946627,2.07369,2015.0172,2.680701,16.81918,9.311431
16682.293,13.509796,6.8708434,5.190778,88.89662,10.348335,3.0975995,0.013398959,0.11711619,2.5259016,2016.015,11.329347,20.961924,2.2587082
11792.063,275.35696,10.444097,9.484019,86.61518,10.847187,3.2700028,0.009398726,0.08879826,1.0889928,2015.8787,6.2524786,15.3551235,2.7969725
11226.226,177.8497,9.262719,7.8348527,83.586136,12.891157,3.939918,0.00020998408,0.5916147,0.2236331,2015.9906,4.050009,18.055105,6.7839
12839.408,2648.8455,22.491856,22.41677,53.388573,14.530927,1.6312513,-0.0064607183,0.030699737,1.0608131,2015.9097,7.3089547,17.180431,13.491221
6974.257,831.58215,13.256614,12.8287115,80.05056,16.9377,3.6193593,-0.00558057,0.06248332,2.0684679,2015.0438,9.87997,11.13068,11.992309
12865.972,196.10501,13.294359,12.903317,80.126915,11.236545,2.310444,-0.004422571,0.4139798,0.78158814,2016.0039,6.424792,13.872631,1.6710532
1297.5226,648.15155,5.5317993,2.938456,75.40588,13.872997,2.3378282,-0.001353306,0.30779752,2.7653918,2015.0365,1.8107835,18.434687,12.273558
7191.284,1251.261,16.990295,17.070467,71.00426,17.011162,3.1491232,-0.008506351,0.21424347,1.5327802,2015.1718,8.568825,15.429537,15.645302
10768.267,1144.4928,10.753275,9.737308,80.57438,12.636103,3.098877,-0.00030024658,0.015138946,1.1936055,2015.7738,6.4758377,8.477301,9.60427
13931.412,875.61035,13.681821,13.443786,77.953575,13.492384,3.5126946,-0.0041851564,0.08472376,1.195955,2015.9896,7.746139,19.774632,14.696371
6523.216,705.5877,13.601598,13.405756,76.87774,16.671228,2.7804184,-0.00570883,0.7262357,1.9982524,2015.0,9.863575,11.466012,10.962084
11194.419,388.6617,9.561958,8.08806,81.52461,16.443218,3.2150543,-0.004386242,0.6821394,2.6296937,2015.3889,11.512812,14.271418,8.985731
7162.9863,956.3656,14.569325,14.429841,77.250885,17.695665,3.7232091,-0.008751907,0.08394011,1.8462764,2015.0886,9.533107,11.254292,14.282522
9843.197,784.31055,9.964487,8.049125,74.17935,23.444647,4.039396,-0.0063276584,0.36527672,2.058448,2016.0211,1.8064915,14.356792,15.174245
3371.6729,906.08997,8.121885,6.0509295,74.30004,18.107283,2.578282,-0.0054158005,-0.00431607,2.319822,2015.0105,5.099421,21.144228,9.7521
11948.292,2156.7087,11.703468,11.032037,70.63773,14.636905,2.3075871,-0.0050201654,0.0046097552,0.37897494,2016.0145,5.135948,14.56428,13.276987
3120.9355,1352.5391,12.618847,11.697669,57.508102,19.086796,2.113984,-0.0074146963,0.649894,0.12017183,2015.0474,4.2823925,17.890371,15.354592
3814.872,1489.2366,10.432867,8.805394,77.255875,18.249832,3.466487,-0.005224071,0.027888574,2.1373508,2015.1158,4.5542564,13.765851,13.749387
13444.045,2320.662,14.307506,14.309141,79.115906,12.031221,2.5832238,-0.0022223995,0.010140947,1.3002247,2015.9492,7.9313025,11.523798,10.898185
5403.758,151.17734,10.9588785,10.21961,83.2843,10.3859,2.0758836,-0.010099907,0.8564826,1.5273167,2014.9885,8.341192,9.323549,2.1820757
7976.8154,877.3407,15.362733,14.946577,67.63768,11.00598,1.1142992,-0.009474733,1.0222447,0.77863896,2015.4615,6.4324026,8.026198,5.7689333
4412.8066,1129.6156,13.701194,13.383522,73.59757,15.127155,3.3095222,-0.005335729,0.020713769,0.6166143,2015.0728,5.900259,16.376099,13.94881
6402.4536,174.64206,13.009041,12.586635,82.6699,9.296137,2.2280705,-0.0073788515,0.69908166,1.1787783,2015.1998,7.2753854,10.120487,1.3860466
8665.871,720.99835,6.159459,3.632443,75.998344,13.469709,2.2925467,0.000670985,0.03823533,2.5155587,2015.884,1.9125377,14.302502,11.243905
821.80084,714.6248,4.9727964,1.979876,69.22792,16.03733,1.0474855,0.0011571168,0.30021203,2.7643201,2015.0017,1.727213,16.451363,11.65194
9152.344,327.0966,3.5544584,1.4906812,83.531395,9.346563,2.2859125,0.00505863,0.0450171,2.8614848,2015.9657,1.5050775,18.438526,3.670564
3025.9058,1572.7943,9.359951,7.625442,77.00776,16.367838,3.1521459,-0.004963321,0.042385958,1.4572657,2015.049,4.316947,16.829811,14.664229
14391.775,1079.6376,15.977339,15.858287,73.5267,15.670449,3.1252685,-0.008748953,0.45472452,1.5216054,2015.9995,8.346669,17.83973,15.950246
13939.682,574.895,14.923405,14.617943,76.16385,14.140486,2.3679485,-0.004359232,0.23576811,1.4609137,2015.989,8.364193,8.003102,7.319092
11157.875,158.00876,11.145917,10.332349,84.51195,13.447736,3.78891,0.2464584,0.08976672,0.51882505,2015.9009,5.2816567,17.36454,5.1965227
6741.0586,1703.4432,15.70509,15.71968,73.89651,12.291648,2.0862277,-0.0060800663,0.035204314,1.730207,2015.0582,9.187532,13.376855,10.971365
1417.1476,1298.709,7.2307506,4.362138,71.07839,19.518284,2.612741,-0.0063579655,0.04263433,2.8149467,2015.0734,1.6536404,17.146114,15.672505
5084.4004,626.3865,15.138988,15.065331,79.07766,14.337472,3.749725,-0.0064675338,0.6961713,1.1303598,2015.0254,7.3865542,16.595896,10.892783
14822.623,2308.2979,18.3902,18.593676,61.353363,17.120255,1.5782984,-0.007718639,0.08278897,1.4709547,2016.0326,8.550577,20.77763,15.499727
13720.265,358.47128,9.218745,7.984296,78.06554,9.836733,1.5575517,-0.0039837114,0.20948233,1.0554116,2016.0001,7.26331,28.03523,8.141752
9886.078,483.5494,6.8818564,4.5947676,78.05185,14.346751,2.9689991,-0.0012349237,0.4281479,2.0599518,2016.0103,2.0113337,15.918519,10.845902
3938.6758,344.61118,11.582454,10.522529,82.84468,14.805332,4.410614,-0.0030658052,0.5536833,0.5345971,2015.0793,5.1187263,17.008595,9.177306
4536.293,919.9116,16.395866,16.320942,63.352592,14.02024,1.8029042,-0.006772937,0.23372585,0.7504286,2015.04,6.4228024,14.549647,10.235749
13250.723,2675.814,21.000296,21.133219,54.312286,22.833776,2.1652358,-0.0064136866,0.060564242,1.0465214,2015.9584,7.5294905,11.386375,15.630076
3543.7568,109.72635,9.432857,7.9054866,85.7545,12.06983,3.6520834,-0.0038158197,0.535935,1.3139924,2015.0472,5.024516,16.074337,3.2210104
8283.842,1481.6547,18.703484,18.646776,64.85679,14.070929,2.007237,-0.0057706772,0.045278467,1.2502518,2015.371,7.6164794,13.800389,12.447174
3096.6802,3101.5308,11.097597,9.948251,60.959293,20.506456,1.3953422,-0.0042526326,0.067097984,0.0013747645,2015.0955,3.7876704,11.955622,12.593967
7762.612,402.38406,7.0835867,4.610659,82.20513,14.472516,3.6884894,-0.0020448782,0.62887704,2.8717203,2015.7985,1.7727815,14.782678,8.178552
8100.4824,254.22025,11.52988,10.948407,85.691345,11.929587,3.2590785,-0.0057341787,0.53973293,2.2503905,2015.1224,10.263685,18.632284,3.4128935
7955.35,324.68192,8.472019,6.0144787,81.547264,19.596495,4.4137545,0.0004201873,0.7853892,2.9061804,2015.8038,2.046334,13.049844,6.7619658
12236.365,1065.0358,8.243286,6.1350555,74.8059,14.843703,2.0285416,-0.0016225756,0.035057656,2.1444166,2016.0237,5.3057127,15.845237,13.363355
9413.658,1320.2081,16.603704,16.282751,63.20662,13.192012,2.6122415,1.0810753,-0.0031976188,0.48074797,2015.6305,5.730237,29.248798,12.299397
2658.1338,3558.4878,19.764658,19.682594,34.15048,26.388384,1.3055614,-0.00894734,0.09290259,0.074384734,2014.958,4.6609855,23.062553,15.052257
12241.694,343.8889,12.511947,11.843955,82.1418,12.461389,3.2740521,-0.0018569131,0.10336401,1.0169039,2015.9142,6.7658806,11.988693,5.2265973
10048.556,2363.7927,22.507437,22.550974,51.769825,17.022732,1.6728039,-0.007543029,0.15571189,1.164803,2015.5829,7.585329,18.320236,14.788581
2726.58,1037.2144,11.706758,10.021741,59.667477,35.94376,3.045956,-0.007880119,0.14490125,0.6879348,2015.0371,4.2213774,14.339518,14.22
15682.287,655.49255,10.306007,8.815865,80.19001,15.930753,3.2750196,-0.006135603,0.78243005,2.389499,2016.0415,9.776766,13.602884,14.665363
10376.231,907.0613,10.232954,8.592845,78.15165,15.779966,3.9602942,-0.0020059582,0.029272355,0.5519553,2015.8928,4.124933,12.948123,13.968367
8207.936,1134.2699,8.668915,6.460477,70.90726,19.236006,3.0319517,-0.0047618854,0.050400637,0.28035763,2015.7119,3.472636,10.7380495,15.1692095
15034.56,903.70667,13.251181,12.792946,76.93071,13.059592,2.6507256,-0.0056562177,0.27332744,1.684076,2016.0043,9.22239,20.229012,14.58029
11111.007,395.7725,11.026779,9.934043,79.28207,13.229395,2.662835,-0.0013787497,0.23565422,0.85175663,2015.8547,6.0322213,7.695075,6.1464996
10175.171,2042.7944,19.352272,19.282495,57.57092,20.625378,1.848142,-0.008316782,0.4969795,1.5571554,2015.5242,8.503975,10.144438,15.02233
6676.0674,1166.3622,11.888628,11.26332,71.96771,14.691346,3.0983222,-0.0034107354,0.032791354,0.19665591,2015.4307,4.5226383,16.602026,13.91352
13808.081,2652.066,23.17313,23.171333,50.450367,17.582733,1.8161457,-0.0067248675,0.2913656,1.1328785,2016.0049,7.5365086,18.993319,15.368382
4186.1035,599.74286,6.5949984,4.479183,82.52818,15.455109,6.796583,-0.017220708,0.04176428,2.8959756,2015.1063,5.197244,17.380518,6.8437004
14674.767,772.13684,13.593631,13.045846,75.781425,11.824448,1.9588149,-0.004229318,0.0581932,1.5728518,2015.9874,8.552895,24.84233,11.491757
9716.601,1645.0842,8.833883,6.5948095,57.583866,27.921871,2.4220366,-0.008661375,-0.0013229931,0.065159485,2015.907,3.1931958,12.075657,15.962489
13769.762,1306.9647,12.206913,11.35195,76.06708,18.477163,3.1445549,-0.0044969893,0.03749787,2.2209947,2015.838,9.803802,7.623308,13.666355
13435.648,1612.7908,21.018377,21.033504,57.226986,13.673766,1.597557,-0.0063224058,0.0038057184,0.9554546,2015.9972,7.0183277,16.88204,11.473662
4794.926,1624.856,17.888805,17.99797,63.92422,15.425078,2.1079366,-0.017014885,1.2874774,1.0431373,2015.0171,7.2555404,11.760631,14.972347
6158.4634,672.2192,14.411938,14.262578,75.94931,18.063135,3.643066,-0.0051566917,0.33216155,1.5503652,2015.029,8.521454,21.784449,11.8242855
15075.37,1216.4097,15.47752,15.348509,73.585976,15.831307,2.8581898,-0.008068238,0.04158958,1.7809205,2016.0095,9.21721,15.413831,15.614898
6259.128,195.74283,11.233253,10.284417,86.33517,11.512983,3.5640113,-0.0051505077,0.726509,1.4108547,2015.1327,7.667184,13.015812,4.5634212
9326.998,201.5925,4.537372,2.432468,86.02116,9.427544,2.282913,-0.0030189354,0.019782178,2.95584,2015.8568,3.2481146,9.717364,-0.10959219
15961.012,709.5393,6.5460653,5.0280957,87.462585,10.12549,2.8773904,0.00404162,-0.004364767,2.4628718,2015.9913,10.858798,14.138731,8.332238
9171.428,1407.4701,11.837363,10.494828,70.203125,23.588812,3.3999572,-0.0058780327,0.013138137,0.8140924,2015.6838,5.331412,8.481045,14.8518
4970.5996,2476.1973,20.349655,20.29753,54.755844,16.324236,1.6496787,-0.007861526,0.034944423,1.0747268,2015.0332,7.0836124,13.5061245,14.392103
14965.359,1062.495,15.106987,14.832461,73.553825,16.684637,2.6060705,-0.0058315652,0.5728137,1.9050766,2015.9956,9.248583,16.283657,13.743791
8130.2593,979.0863,14.817994,14.721607,76.74711,15.892435,3.1607618,-0.006117038,0.120926775,2.038079,2015.1615,9.926936,15.39155,12.698251
4688.62,1052.8186,17.576841,17.853651,64.93508,12.788784,2.0609019,-0.0048030145,0.46918967,0.7775403,2015.0255,6.5658693,17.944742,9.285051
10948.545,789.2532,13.683783,13.378067,79.24439,15.74001,2.9666412,-0.0034601085,0.10158495,2.2521794,2015.4565,10.433219,11.398943,10.204388
6583.448,11.691193,6.3587146,4.22582,82.01782,11.510607,2.4150155,-0.0015189175,0.6927251,-0.03083642,2015.5587,3.0321572,13.28132,2.4876215
2222.7593,439.00748,9.824121,7.76623,79.62089,28.552637,5.100142,-0.012633421,1.2246419,2.447828,2015.0568,2.7252011,23.588314,12.350759
15788.882,375.97818,7.9739265,6.4326687,86.09267,11.830144,3.1383383,0.0033264894,0.05772645,2.3949306,2015.9885,10.76319,11.85281,7.132556
14244.5625,1461.5337,17.301142,17.27574,69.61806,18.74244,3.1068888,-0.008070887,0.28448543,1.4749511,2015.9915,8.362172,14.0360365,15.792113
6120.4688,794.06415,12.391274,11.793136,81.956726,15.225232,3.7266858,-0.004671845,0.027729787,1.7766098,2015.0404,8.661452,11.643725,11.252427
12546.743,594.06384,11.486389,10.857882,79.005394,11.552819,2.19082,-0.0030548752,0.005150727,0.7199574,2016.008,5.9228425,13.127015,4.6285276
13796.432,719.5376,15.2120075,14.807253,78.06356,13.741613,2.5309892,-0.0044012773,0.85763943,1.8394145,2015.8727,9.02017,22.374851,7.307874
1463.4318,255.04819,5.965881,3.3779883,81.96485,12.267534,2.5904331,-0.0071947067,0.80319035,2.3239155,2015.0575,2.1923845,11.545409,4.8380585
10579.144,2083.0044,7.6594424,5.9674764,74.17467,14.936807,2.4149926,-0.002879671,0.014446608,0.11073546,2015.9819,3.6241498,13.716018,12.55327
13993.97,1667.1643,21.777456,21.893675,58.422962,13.811932,1.3317125,-0.00914272,0.82052416,1.3166028,2015.9934,7.719088,22.284649,11.477672
1541.4166,240.41666,4.5081153,2.043221,80.09278,10.818167,1.6590284,-0.0041265036,0.3727435,2.3985333,2015.0862,1.8509284,12.043721,4.3593793
10467.916,898.36487,7.752322,5.5357122,70.15405,17.737888,3.0981066,-0.007146427,0.70631355,0.05236213,2015.9773,3.1625671,16.030628,16.169945
7622.0615,826.96967,10.83289,9.74118,78.03461,15.571641,2.6616516,-0.0025618386,0.031938456,2.0453823,2015.3292,7.3741894,6.591772,8.641778
14210.0625,1450.801,19.099491,19.126778,68.80357,15.671943,2.379271,-0.008662981,0.89712286,1.4068576,2016.0139,8.02848,20.139774,14.030896
3938.921,1355.6179,15.319318,15.223344,59.883194,18.392273,2.1585524,-0.005905017,0.13701414,0.4591321,2015.043,5.5183997,14.874586,14.707001
4472.6963,1269.9512,14.762864,14.521095,57.8863,22.856356,1.697356,-0.007462693,0.015380762,0.6041138,2015.0613,5.8960876,24.769978,13.054521
1955.9259,158.80496,6.86036,4.4289,81.35805,13.249318,2.6928403,-0.004812313,0.76615286,0.9918716,2014.9915,3.5071573,17.38692,4.0026917
14400.495,161.34177,5.274922,3.4374394,87.67146,10.113343,2.8293092,0.0014320675,0.17040573,2.5444129,2016.0416,7.9572887,15.858798,3.8717077
10743.0625,153.93655,7.7269797,6.0610266,79.25445,10.743652,2.1650295,-0.0037013788,0.6686364,0.012658639,2015.9825,3.5468721,23.804811,3.313533
2837.5918,431.21292,8.975128,7.1696773,78.237595,14.8535185,3.2122192,-0.0023410928,0.17711054,0.2887608,2015.0361,4.019754,16.724998,8.313245
4841.06,1545.1537,6.890603,4.761864,77.36213,13.907609,2.3533978,-0.0018689327,0.026343904,1.9399953,2015.4023,2.6682804,9.819574,11.048109
4764.523,2382.1123,19.155617,19.117752,48.311714,29.924616,1.693515,-0.010523141,0.9420679,0.86336255,2015.0681,6.7728324,3.997302,14.35128
14043.696,403.69693,16.298086,16.225147,75.852715,11.308811,1.7218632,-0.008996134,0.25884193,1.2411346,2016.0049,7.6404448,22.216125,4.8315864
3900.7368,1130.3226,15.2261505,15.28033,61.020668,16.498848,2.4585547,-0.0041235066,0.027904846,0.4225475,2015.0347,5.254939,24.940414,13.051929
16529.031,587.4748,6.295073,4.4370933,85.88572,9.481566,2.6010444,0.0113352155,0.07084354,2.5471344,2015.9456,11.599552,23.575802,13.250304
2500.1685,309.8552,7.2441754,5.165639,80.81703,12.882019,2.5906892,-0.003908112,0.22932124,1.5621488,2015.0491,3.6256516,14.208079,5.1332655
4313.303,1920.565,20.025564,19.939262,45.524544,16.604286,1.1974933,-0.004985468,0.64478326,0.682131,2015.0234,5.827733,22.091024,14.3502245
8405.874,711.1938,16.480844,16.438978,73.40779,11.3446045,1.4202833,-0.008496468,0.57168895,1.6535186,2015.3193,8.72538,15.126865,5.433263
11831.991,162.4913,3.8150938,1.7128148,86.40965,10.932324,3.192107,0.0024942334,0.29296032,3.0539687,2016.1471,3.0464401,16.629854,2.8820107
3245.6099,1537.8534,14.734605,14.356057,56.22828,25.023317,2.2668395,-0.004868725,0.40936106,0.22809951,2015.0308,4.7517686,12.233204,14.952278
15206.741,1152.1559,13.671562,13.024247,70.664185,22.465534,3.3177664,-0.0074750534,0.1804005,1.8908724,2016.0135,9.390765,11.598095,16.431759
7745.183,730.54944,11.551783,11.031477,84.06499,13.362738,3.382776,-0.004614664,0.021001898,2.453066,2015.0455,10.860368,14.496611,7.678093
3162.7188,838.0796,5.900273,3.1741805,70.964584,16.071362,2.0298133,0.0023501802,0.45359623,2.7985322,2015.2528,1.922422,18.792637,14.233113
694.6905,508.75735,4.80971,1.5950055,83.1133,17.400318,22.34114,-0.012978946,0.13877751,2.9243042,2015.033,0.8571416,18.220673,5.148828
10960.671,720.75037,9.026259,7.2791376,77.51892,15.297875,4.0415416,-0.0072349696,0.8381102,0.19112031,2015.9799,3.867385,17.411026,15.523075
4563.427,726.7678,8.3779,5.7562513,72.29005,24.389833,3.3992734,-0.0008260005,0.7515202,2.886703,2015.431,1.6814729,17.437925,13.394573
15159.992,1417.6776,16.43447,16.357084,70.59791,16.587364,2.5552456,-0.004104355,0.12179517,1.8003395,2016.037,9.112579,20.52167,13.377344
10459.807,720.3213,13.817649,13.703253,84.00753,13.381573,4.063106,-0.0051098424,0.05069863,1.9156059,2015.4569,9.60824,12.200768,9.750818
5949.9624,878.253,8.379652,6.1366515,72.53563,18.15597,3.3268178,-0.0043061166,0.18347295,0.37257782,2015.4183,3.6201463,14.409704,16.647419
2306.5005,811.52515,8.317316,6.03321,67.76682,19.125698,1.9261855,-9.040284e-05,0.7352464,0.18488233,2015.0581,3.4670768,7.790015,11.575793
12431.7,112.58139,13.330847,12.600648,74.20096,10.704841,1.4151714,-0.006561871,0.22247256,0.5953955,2016.0153,5.9205747,12.116935,-0.6225412
196.85994,1012.6929,3.0876129,0.46111244,75.193504,10.875978,1.313846,-0.0046632974,0.02053582,3.189287,2014.9722,0.8874632,22.92841,11.072096
15608.077,887.8171,8.926425,7.7000995,80.5623,11.699338,2.057698,-3.1546801e-06,0.041748725,2.1941836,2015.9722,10.412098,17.137077,12.735259
6582.3477,578.283,5.215285,2.7074742,75.77716,12.171232,1.8939239,0.0017571307,0.37271807,2.7124338,2015.6431,1.8210455,18.132269,10.824024
7727.8374,358.6064,11.784379,11.209943,84.845474,14.686351,4.033284,-0.0037277986,0.1530976,2.3676765,2015.0409,10.714735,18.942268,6.9597373
2393.398,853.0102,7.540908,5.2643113,68.50951,15.677314,1.6406157,-0.0031043116,0.23261745,-0.03262706,2015.0817,3.1826892,11.7203665,11.754493
3639.917,650.4582,11.031526,10.044212,77.28564,13.439018,2.7578657,-0.0013875153,0.0051227724,0.58941156,2015.0266,5.27895,17.716412,7.125939
7568.264,232.01315,10.206298,9.136817,89.98388,12.801563,5.005125,0.005127233,1.0312746,2.215498,2015.1855,8.920485,16.608727,4.421531
4442.612,2364.486,20.055302,20.202251,49.881973,20.401896,1.6851245,-0.0100305425,0.91560245,0.88987255,2015.0175,6.763617,8.634129,15.89537
4855.681,1522.0681,14.597429,14.569539,72.13558,14.181339,2.5153854,-0.0049143857,0.017012171,0.86175215,2015.0687,6.649419,15.137785,12.732196
14255.817,1729.9235,18.108047,18.216877,66.50125,17.151571,2.5934482,-0.0076796724,0.06264859,1.3151199,2016.0233,7.9611397,17.318045,16.00431
12551.441,1315.4264,15.00475,14.809402,70.90995,15.345135,2.8776257,-0.006435176,-0.0021258974,0.70586085,2015.9729,6.269701,13.95301,14.948657
8775.449,967.1269,6.0983944,2.9900422,69.89122,15.743378,2.0121367,0.00033364136,0.88932294,2.8937507,2015.9062,1.5430762,22.407417,16.26773
6535.072,1199.0824,14.8704,14.746914,70.30044,19.357185,2.7700477,-0.009866287,0.017187469,1.703105,2015.0289,9.1671,16.990936,14.606342
13960.423,1675.3927,18.790817,19.047142,64.536575,16.998934,2.2223883,-0.006311703,0.1778637,1.135219,2016.0273,7.6952696,11.7816725,13.726167
13320.513,1130.2527,15.20243,15.019242,71.26209,15.558558,2.4137146,-0.004740385,0.25837266,0.9521864,2016.0244,6.885889,12.750335,12.778636
2140.564,380.85,7.19876,4.685142,78.85571,15.313061,2.9511611,-0.0064098625,0.9437964,0.8130535,2015.017,3.3717039,15.726677,8.910631
7667.3584,432.77585,10.797917,9.727243,81.41784,14.955491,3.1386695,-0.0049309465,0.10068553,2.2838187,2015.0775,10.436932,17.420008,5.879667
14635.217,1432.0438,18.49668,18.53691,67.20672,16.066357,2.268316,-0.0058643124,0.54349226,1.6038307,2016.015,8.571115,19.817991,13.271701
12916.949,2083.0017,12.5102,12.283775,81.45706,11.457612,2.8524232,-0.003236973,0.020797841,1.2509626,2015.9172,7.566389,11.476062,9.646258
16783.965,609.51154,5.65967,4.0482564,85.633224,7.951923,1.3651878,0.000992107,0.02397,2.556825,2015.9786,11.74414,20.420885,7.3737974
16194.304,880.67645,5.3928165,3.4961367,85.54396,10.047805,2.869765,0.005039618,0.019726656,2.4505615,2016.0024,10.881512,19.840397,13.001453
3809.1934,410.93704,11.608484,10.8092785,75.15448,13.178137,2.2474864,-0.001867139,0.27275348,0.43179718,2015.0745,5.076973,12.189314,6.0350466
8065.347,392.15543,11.807036,11.163535,85.36058,16.606125,4.7561417,-0.0048611513,0.21536024,2.579669,2015.021,11.413211,19.204836,10.002293
4287.4634,844.11444,10.02332,8.127625,75.535034,18.975378,3.4652333,-0.0036090363,0.05559095,1.9170007,2015.2623,3.5187237,9.642058,12.837369
4015.1934,969.00085,12.643421,11.829506,67.428955,20.655401,2.4380054,-0.0029153985,0.1147675,0.6416015,2015.0588,5.4741826,9.844339,13.308411
9030.278,1367.1444,16.605988,16.45537,64.20467,15.5253105,2.4240344,-0.0074679903,0.8365965,0.70361435,2015.5717,6.1588306,13.743917,13.782186
6892.5283,866.16077,14.749623,14.654716,77.02251,18.482485,4.0333524,-0.0095888795,0.0878372,1.8749664,2015.0206,9.735467,18.362812,15.140739
7178.897,489.24643,6.34116,3.8821325,78.47723,14.1285305,2.7909954,-5.6055665e-05,0.5372428,2.7963362,2015.7205,1.8207356,15.234138,9.790388
14538.137,702.2006,10.813712,9.4312525,80.25259,17.112865,3.6475735,-0.0017885186,0.19241175,2.409913,2016.0029,8.845671,10.1325865,13.012347
12059.248,335.9166,9.581254,7.740544,81.619,13.36144,3.2853854,-0.009235864,1.272768,0.52095366,2016.031,4.822878,13.027483,8.190912
5398.111,1713.2358,19.151848,19.274199,60.78125,17.600319,2.4086332,-0.007102111,0.35401446,1.0726327,2015.0839,7.185773,14.108987,15.743193
12425.305,1412.3683,15.642463,15.587478,67.85614,12.314647,2.0665119,-0.0017387748,0.08718123,0.5193462,2015.9899,5.68671,18.530863,10.397668
5906.335,624.5464,13.699373,13.571459,82.9142,11.683679,3.2011504,-0.005731055,0.021974377,1.3507519,2015.065,8.072891,15.298753,6.818559
14445.539,1308.0913,17.95134,17.761744,70.16702,15.800059,2.5733764,-0.010903881,0.98719555,1.6456232,2015.9938,8.459869,19.486614,15.165179
13749.664,909.1731,13.250289,13.051149,81.686554,13.736943,3.540732,-0.0038855479,0.031537108,1.729963,2015.8744,9.256854,9.43069,10.480035
9571.11,567.7992,7.1085725,4.9900703,80.53762,14.379957,3.3414252,-0.001262394,0.0514194,2.6859562,2015.99,1.9596597,13.244417,9.564289
4322.0244,811.8911,14.933757,15.026424,69.25644,13.678342,2.6712022,-0.0049284953,0.07550455,0.49781325,2015.0441,5.7132764,20.655708,9.635009
13151.655,123.664825,15.417715,15.670921,83.95337,10.957493,2.9678128,-0.0034536507,0.3957703,1.2016743,2015.9099,7.792779,16.961533,1.3114922
14163.645,1682.3932,13.971913,13.16708,63.648823,27.30799,2.1476567,-0.00964113,0.16218513,2.3112452,2015.6924,11.542431,21.0213,15.416407
4627.321,2092.2656,19.407736,19.562416,55.701694,23.767813,2.4027584,-0.011337579,0.93932855,0.9480671,2015.0165,6.973855,11.981144,16.82779
9906.484,223.75821,4.9985356,3.1329646,82.057304,10.416,2.2467544,0.2866257,0.14488994,2.7765682,2016.0724,1.515019,14.388972,7.506836
4342.5547,2057.1455,18.828726,18.683264,50.601887,16.553738,1.5443339,-0.0065673026,0.07757283,0.65324175,2015.0427,6.0504465,17.275137,14.425242
7744.8022,158.95273,4.1336217,1.5429463,80.47719,8.088669,1.1450608,0.006351995,0.31145033,0.5548847,2015.5288,4.5865088,20.646002,6.675775
11496.595,962.72797,16.640081,16.60932,73.78734,14.498464,3.65095,-0.0066076717,0.7613908,0.9147308,2015.8031,6.761108,15.96688,13.669828
7672.716,205.78812,14.701409,14.656279,82.97388,9.000542,2.6214979,-0.0072781346,0.745232,1.1205293,2015.3252,7.3961525,14.589777,1.7831872
6692.2227,1622.4487,7.726327,5.435808,74.823906,15.752875,2.698477,-0.0032965124,0.04196378,0.69047266,2015.5919,2.8852885,11.193361,13.973355
9854.259,571.2215,11.470726,9.936243,78.58527,23.048565,4.3478785,-0.0042431816,0.71250093,2.638324,2015.8088,4.4940696,10.886764,11.791549
5838.048,297.35178,4.026913,1.43712,80.107994,10.32954,2.878142,0.0033118303,1.0382649,2.9458015,2015.6216,1.0355717,22.714758,8.6531105
16514.545,1131.1287,7.0326347,5.3703694,81.16861,12.169959,2.1131706,0.00078408484,0.020419262,2.5795112,2016.0162,11.4986,14.4493,14.019799
11051.495,560.5909,9.872488,8.604347,72.281166,10.629062,1.8093098,-0.0047875247,0.46556336,0.09499793,2015.9844,3.8914979,25.100985,5.997813
15606.707,635.8872,11.041852,9.993121,85.47303,14.994148,4.3007474,-0.004935147,0.8144292,2.4536903,2015.9437,10.830637,14.39333,14.951521
8016.684,1954.3496,13.223754,12.774701,72.90901,19.064732,2.179493,-0.007219532,0.062985025,2.4388819,2015.0507,11.148607,11.509491,12.726701
10300.118,420.65378,7.932094,6.282308,82.06255,12.484629,2.8048794,-0.0014667597,0.013064436,2.0507116,2015.9393,3.6008656,11.2685175,5.3796673
16276.149,1468.0361,12.4649725,11.66768,66.90276,22.62435,2.0408726,-0.0029383742,0.045334242,2.1465113,2016.0327,10.627842,7.9940224,14.392831
12585.754,2861.8376,22.27689,22.156767,49.48244,22.832478,1.5621239,-0.009138868,0.8025832,1.2068624,2015.8705,7.6571937,12.737023,15.113885
4562.0894,998.8232,8.60207,7.3198876,83.961945,11.30079,2.689378,-0.003797372,-0.007752576,2.1680903,2015.0283,6.495938,14.548552,5.808195
6798.214,653.6241,11.390665,9.745005,79.55526,23.95021,4.873191,-0.0064891535,0.5012115,2.421329,2015.6003,2.769002,13.99038,13.982093
12965.615,156.44968,5.5846453,3.8716092,87.16949,10.147581,2.4110928,-0.0018456981,0.07555706,2.5212202,2016.0685,5.6482873,15.776341,3.657657
5435.104,2149.2708,14.150402,14.069032,75.83151,13.271873,2.1680458,-0.005473101,0.0152544,1.2205424,2015.0596,7.585585,13.010517,11.608594
7542.5356,1109.124,14.255123,13.8710375,73.34222,22.565699,3.519742,-0.010993038,0.013344071,2.1474938,2015.0537,10.368168,15.472906,14.824733
2936.603,2144.8164,6.2268915,3.7248244,78.6695,14.235137,2.5472915,-0.0002894954,-0.026845522,2.7723613,2015.2114,1.996884,12.138993,9.903448
8796.326,416.1556,8.724939,7.4280596,86.510765,11.649702,3.7409606,-0.0029263601,0.0455615,2.3979216,2015.4393,7.6373167,12.863006,5.6594257
8180.7456,622.7456,11.46437,10.040117,80.47325,17.225752,4.7399597,-0.0031113077,0.24117306,0.7572824,2015.6094,4.4870973,14.635813,14.50786
15192.672,1224.422,12.28948,11.726313,77.1314,13.597712,2.7613955,-0.006028361,0.017931722,1.7529678,2016.0128,9.396801,14.373753,15.494763
3723.121,224.94388,7.6843634,5.8175397,84.33161,12.457293,3.0545404,-0.0062796376,0.53771466,2.41471,2015.044,5.316724,14.091999,3.854541
4983.7007,228.8143,12.097623,11.250336,82.94283,12.521492,3.172638,-0.0045123543,0.38519678,1.1389246,2015.0416,7.0763426,14.944604,5.0048666
14357.466,1139.3837,13.134551,12.568986,73.426926,13.381359,2.4612925,-0.005150625,0.052871756,1.3795357,2016.0051,8.210567,20.170494,15.697069
11333.494,700.92334,17.513363,17.496878,70.29881,12.866807,1.7972736,-0.0067547387,0.1201204,1.1513494,2015.7499,7.4751463,10.723773,7.6557326
14987.587,2257.5916,16.189264,16.171967,65.73051,15.336639,1.4940422,-0.0057562287,0.03665001,1.6243408,2015.996,9.123413,19.492712,15.336233
11261.714,1516.9513,6.4376516,4.602523,76.40821,11.537178,1.1156703,-0.0028938588,0.0041876948,1.0161021,2015.9655,4.5562024,15.981003,7.646011
13739.955,4051.7898,25.688902,25.751154,39.995037,21.002789,1.5536629,-0.01022314,0.7536632,1.0782946,2015.9944,7.53087,17.345589,16.219694
3685.6562,1062.1067,13.300233,12.819066,64.867584,17.890963,2.5133262,-0.0052876263,0.12716398,0.29651538,2015.0509,4.8268514,17.110388,14.18441
10177.15,2091.3804,16.798742,16.67916,65.39507,19.128925,2.6246946,-0.00541293,0.011293343,0.97866684,2015.6697,6.7863083,9.740699,15.137511
8251.825,2455.2104,12.345738,11.724884,67.13715,13.48026,1.7433807,-0.0036780492,-0.014216282,0.13390987,2015.6216,4.587037,16.946608,11.763973
13712.815,3025.9368,23.437046,23.493042,48.23205,16.75897,1.4777114,-0.008148947,0.03174334,1.0139171,2016.0066,7.347865,14.777794,14.765278
6284.557,1164.8304,17.381742,17.707014,70.93937,16.67358,3.307774,-0.0054073925,0.14656392,1.5111886,2015.05,8.485938,19.020618,15.087177
13559.65,171.98831,13.821689,13.71745,84.94416,11.081582,3.0479949,-0.0043953075,0.601571,1.3947921,2015.9346,8.118198,15.176946,1.4343398
12554.617,1198.7703,14.023338,13.615854,69.675446,12.747082,1.8638778,-0.0035587822,0.01551362,0.6620307,2016.0106,5.756819,19.153238,11.100473
13818.1455,541.2729,15.436585,15.384107,77.26002,13.381886,2.3543038,-0.0064243986,0.4090184,1.1520511,2016.019,7.51901,14.786783,7.5652423
9080.152,384.42746,14.232293,14.075208,82.188995,11.894084,2.877489,-0.004871813,0.077409126,1.7531215,2015.332,9.189838,13.549987,4.3470387
8105.5405,861.9408,13.157636,12.434115,69.215996,24.069849,2.496234,-0.0051496825,0.24031115,2.3402178,2015.0663,10.814238,19.03461,12.190958
13977.0625,214.1937,16.548906,16.779,80.196396,10.168605,1.8547455,-0.010084306,0.82098395,1.2133403,2015.9972,7.552592,22.124142,1.120189
12648.437,649.36475,17.276749,17.252851,77.01349,12.563134,3.1521323,-0.005320029,0.23597501,1.06042,2015.8878,7.3731613,16.828981,7.8549447
4237.436,1310.7809,14.104748,13.5396,64.289665,25.086475,2.6825984,-0.0074117756,0.0042745983,0.8947043,2015.0033,6.4005375,15.001935,14.25032
12844.424,142.9896,0.96509236,-1.4295564,89.889206,5.998673,2.4501672,0.15288708,0.04524202,3.1048656,2016.2163,3.5745876,16.221674,1.7432587
5792.1816,403.21225,13.041696,12.289627,73.038826,15.309961,1.9430702,-0.0053633726,0.19597238,1.234219,2015.0802,7.532936,25.529396,3.5212004
5751.535,1881.433,18.196133,18.449846,61.86809,17.55924,2.150451,-0.007870966,0.030258007,1.4299594,2015.011,8.378463,15.241839,14.833889
10773.269,70.80704,3.597883,1.8076558,83.64431,8.296631,1.6524421,0.13084956,0.3684619,2.9416533,2016.1632,1.511078,18.506512,4.357254
2648.9814,1267.6488,12.606394,12.091747,60.365875,17.251732,2.327404,-0.004451712,0.14208226,0.12294118,2014.9858,4.1602187,20.284391,15.702757
2319.3223,410.94876,6.251664,4.786451,90.68212,8.972014,5.296989,0.63409364,0.5382649,2.3131638,2015.0577,3.0063975,11.944486,6.3086
5248.107,2198.2996,15.177547,15.175358,70.8961,15.91054,2.167483,-0.0056160702,0.023318,1.1341591,2015.0614,7.342062,11.847759,13.046237
11719.912,1076.6919,14.830608,14.507054,68.42183,15.489687,2.8968408,-0.0061051673,0.52837944,0.5316288,2015.912,5.747794,15.061993,14.084505
13965.433,1258.2661,14.465323,14.000802,70.12173,19.635153,2.41319,-0.004567228,0.54586434,2.113445,2015.7704,10.383085,23.954119,13.133878
16567.125,1191.5281,10.041993,8.99011,78.76699,14.956201,2.3437676,-0.003033654,0.021489821,2.5333586,2016.0037,11.558037,13.755012,13.78192
10431.321,856.1499,13.564068,13.274275,81.189354,14.819226,3.918897,-0.004472531,0.066410206,1.7916332,2015.5146,9.076163,9.299678,12.214984
3541.5767,924.5699,12.742138,12.0035515,69.43361,27.71053,3.7361712,-0.0111892605,0.8713104,0.46786204,2015.043,4.9988174,15.050622,14.962953
13240.725,331.86844,9.213518,7.9952397,85.187126,12.112373,3.3756063,-0.00082948926,0.067766614,2.0108001,2015.9481,7.647236,11.696982,5.9966917
3381.066,1500.1416,15.903922,15.920273,53.981678,28.453735,2.2308755,-0.007375849,0.8069861,0.32336178,2015.0018,5.0500593,20.845915,14.738912
9900.118,174.46848,4.64578,2.4665084,81.594025,10.052928,1.7368686,0.0012770377,0.0609461,2.0268245,2015.9722,2.449891,16.93137,3.68447
2845.6265,299.45663,8.321517,6.504539,80.66351,13.043747,3.1382523,-0.0014530655,0.10898944,0.32159713,2015.0367,3.8891308,18.103027,5.4885545
2697.815,1540.1235,15.189426,15.310362,51.08588,23.102762,2.0239446,-0.0075131035,0.109901495,0.09502177,2014.9683,4.4003444,24.824741,16.885187
10423.418,567.184,5.9994774,3.6836262,76.63313,10.533753,1.9734793,0.00039006647,0.057513095,0.6595925,2015.9199,3.7312365,20.46705,10.768654
16180.792,500.52,8.250088,6.880693,86.9014,10.329265,3.023279,0.0030364085,0.07405696,2.4343777,2015.95,11.113897,20.670603,10.418914
4408.5664,482.9172,14.477848,14.438308,74.08347,12.347283,2.702311,-0.003166781,0.07635098,0.55526006,2015.0498,5.8768663,20.06149,5.4207797
16225.172,815.725,8.118633,6.2351456,79.70833,14.683397,2.5064123,0.00083738257,0.27326643,2.4281957,2016.0177,11.047972,13.622462,14.238305
10328.539,1934.838,19.198795,19.189,61.523357,17.267973,1.8646727,-0.007931125,0.74794096,1.549924,2015.5498,8.441789,18.413256,15.241165
8852.384,978.95496,15.599096,15.322977,77.55834,14.742092,3.3602974,-0.013338183,1.1090428,1.737723,2015.3333,9.024553,12.76162,14.188256
16313.237,184.1954,5.5398865,3.248695,87.258064,11.373444,4.8802085,-0.00849817,0.28865433,2.4475043,2016.0247,11.002922,17.64563,5.9392166
9488.02,334.73947,11.808631,10.812477,82.2632,12.393898,3.4642377,-0.0027295847,0.27050954,0.7927491,2015.6583,5.9390516,11.5093775,6.5623927
13578.35,211.3516,7.801622,5.914057,86.403496,12.938598,3.5886602,-0.0005799712,0.77039343,2.6853337,2016.0471,6.8594813,12.694892,5.6900983
4819.8906,1049.3645,15.931288,15.955495,67.25815,15.538454,2.308111,-0.0054379213,0.27508688,0.9485177,2015.054,6.8419366,11.59293,12.969941
9156.57,1098.9866,14.774417,14.389098,64.23616,16.013256,2.1361303,-0.0043770517,0.2666433,0.5024865,2015.6495,5.6589665,12.551091,12.6392145
12343.024,630.6441,14.006049,13.349743,69.79647,13.632152,1.588347,-0.004508143,0.41901648,0.6354792,2016.0072,5.975199,8.382261,7.198598
11510.314,988.9364,9.969376,8.50407,68.56851,18.211447,3.007038,-0.009557986,0.8454131,0.35978797,2015.9987,4.4169784,17.296255,16.662745
8764.105,1098.7872,6.3407273,4.192397,78.74983,11.905342,2.1363354,-0.0026312724,0.066318564,-0.16174848,2015.8099,2.828115,16.490002,7.9127107
9658.601,1164.7957,7.4111934,4.6765375,66.28567,18.21858,1.941608,-0.0033959441,0.07253567,1.2985741,2015.9801,2.158459,14.561773,15.592859
3811.0361,1051.7684,15.228432,15.229699,63.237373,20.774973,2.4281826,-0.007943851,0.83052146,0.58645153,2014.9957,5.6388955,22.155897,13.938416
4923.7554,2240.5098,20.657255,20.54566,47.558353,18.789623,1.1348326,-0.006406303,0.5293392,0.96240985,2015.0576,6.324535,24.222332,14.193077
15396.3,1037.6575,12.263476,11.811701,81.360344,10.992434,2.0690484,-0.0026822307,0.0025249636,2.0022132,2016.0057,9.68025,17.968767,7.4535832
4603.919,1476.6039,10.531978,9.065103,68.33371,18.059805,2.7287328,-0.004992006,0.022764586,0.25077787,2015.254,4.07941,12.757003,15.403324
10021.345,473.81345,10.142031,8.448901,80.43194,17.945576,4.1239448,0.54690963,0.19993335,0.63277644,2015.9072,3.5963593,7.8255205,15.161712
9998.496,2209.9446,22.98619,22.974989,49.802464,14.907743,1.4177687,-0.0059704254,0.0628931,1.1493527,2015.568,7.439198,19.892809,13.828235
4370.564,994.9419,12.987557,12.3652725,72.96147,17.558117,3.0949452,-0.0060294564,0.03267332,0.8614479,2015.0306,6.2064834,16.458008,13.583168
8025.7065,1800.3796,15.807847,15.55912,65.20597,20.987566,2.03322,-0.007106045,0.054667093,2.0559447,2015.143,10.059835,6.922572,13.975089
13800.198,2687.523,21.1288,21.234856,55.76366,18.253485,1.7760619,-0.007431188,0.031580158,1.1821247,2016.0002,7.6840973,11.435396,14.2867775
6332.548,847.5747,13.997363,13.315674,70.174644,34.357502,3.748782,-0.0069408505,0.47554618,2.3018405,2015.1503,7.5898147,11.009716,12.6673155
14372.687,2932.774,17.219656,17.31439,71.1122,14.23394,2.0614233,-0.004233099,0.03731581,1.4800466,2016.0048,8.309135,18.473682,12.492886
2492.1802,473.93576,8.351931,6.2356486,76.897484,16.572247,3.0696979,-0.0018264663,0.27155292,0.9190073,2015.043,3.7653859,12.690637,9.586585
8973.785,98.67325,6.6522956,4.6060877,81.9996,11.544404,2.0217886,-0.0035178002,0.32007053,1.7514176,2015.8273,3.2614503,8.775572,1.2851298
16107.475,612.16016,9.811191,8.306097,84.03299,15.805889,4.043913,-0.0032884323,0.5790935,2.531925,2015.9702,11.178609,13.153871,14.512322
4649.812,1627.1346,16.069351,15.883985,56.42485,19.12445,1.9722872,-0.0057180296,0.38331443,0.4836276,2015.1321,5.583356,13.358524,14.460071
5738.8916,1931.9114,11.5778,10.714119,79.27865,16.131655,3.1056705,-0.0069048232,0.027596511,1.6400133,2015.0527,8.072223,14.33366,12.239055
16646.957,1533.8296,9.061013,7.8853655,77.23926,14.394949,1.8942864,-0.0029974722,0.040321775,2.5588617,2016.0121,11.576653,19.409744,13.751262
3937.3862,771.18005,14.2154255,13.958854,68.56117,12.089638,1.7417347,-0.0050338185,-0.0012787664,0.4808742,2015.0366,5.637463,16.946905,6.4476542
10749.493,2484.7896,22.958916,22.998486,46.767536,15.97365,1.4466681,-0.008231019,0.83676827,1.00504,2015.6862,7.163009,15.449769,14.993775
9844.617,188.04715,13.035978,12.824973,85.4166,9.331359,2.7098563,-0.006791567,0.7512502,1.5496987,2015.4796,8.549824,12.521688,0.9125645
5880.065,1561.7571,17.056252,17.157206,67.011925,14.641858,2.1371703,-0.0071155108,0.024850972,1.4367523,2015.0336,8.257793,15.641742,13.578401
4763.461,653.0681,15.218666,15.206796,73.08425,13.379318,2.9233215,-0.0031237446,0.3553806,0.7244592,2015.0652,6.33561,18.754707,8.319377
6851.628,784.52783,8.611055,6.801423,77.74923,14.306915,2.9577425,-0.0013145313,0.032426365,0.5680116,2015.515,4.0452724,10.733825,10.410141
1549.8253,1281.5583,6.159063,3.4040098,70.90768,15.580012,1.5079776,-0.0026270368,0.04771716,0.3851556,2015.0287,2.7199206,10.462232,11.2239485
7013.356,1164.6091,12.747244,11.851572,69.509796,24.557566,2.7075415,-0.008886331,0.018649302,1.8675395,2015.0837,9.262032,21.13798,12.283057
521.1895,882.8242,6.2813387,2.855698,63.83793,23.628977,1.3394029,-0.001999372,0.45909673,2.789495,2015.0002,1.4439083,16.057756,13.994489
14582.863,900.4213,16.393934,16.45427,78.42512,13.457011,3.1714978,-0.0059837974,0.051778786,1.3999851,2016.0284,8.287201,16.400604,10.227036
10655.495,569.7054,8.165621,6.1593547,80.49139,16.45646,3.7278728,0.0033316712,0.04813262,2.8824198,2016.03,2.9699235,11.168051,8.533582
2863.2993,422.63474,8.142582,5.9655757,79.01162,15.718351,3.3023453,-0.0030106858,0.6209356,0.69886655,2015.074,3.8824544,11.327973,9.910765
7423.7275,354.06644,9.667599,8.762784,82.55905,9.571195,2.1298444,-0.0032928002,0.017612569,0.58294564,2015.4615,5.326588,10.971345,1.7810595
9193.2295,940.57355,10.275255,8.454042,69.25552,25.49057,3.6026495,-0.0032227144,0.28064585,0.76830316,2015.8453,3.2980752,9.986293,14.584922
13111.31,2448.5999,19.357729,19.39211,54.739994,19.867346,2.0995612,-0.0116799,1.1362044,0.5543738,2016.0299,6.3304567,11.634583,15.853859
10013.854,1733.2955,17.029875,16.959654,62.996925,18.836964,2.7248797,-0.005533078,0.016140185,0.7254263,2015.6945,6.2369766,11.73546,15.647939
2842.1382,458.76035,8.296528,6.548262,80.02672,12.413966,2.6039262,-0.0019505576,0.0065303063,0.8312019,2015.0148,4.3917027,17.085012,5.54636
6031.0063,1660.1327,6.925173,3.9497623,68.250946,19.049171,1.7498419,-0.0028760855,0.04672111,2.65423,2015.6416,1.4391729,11.673629,14.547076
2025.1447,1091.3652,8.149025,5.929725,74.33224,15.071812,2.4977448,-0.0039162333,0.006249926,0.65041465,2014.9801,3.6035523,20.66298,10.267516
3688.9424,424.08945,10.971048,9.7110615,80.74183,15.116099,3.8047938,-0.0032585983,0.6573498,0.5371408,2015.0659,4.9800253,13.379185,10.123732
5009.3135,1301.7732,14.197594,13.991256,75.35667,11.512283,1.694583,-0.005895478,0.03705194,0.998346,2015.0328,7.104975,16.209175,5.1044536
10898.194,593.0541,15.133845,15.01226,76.783676,14.758707,3.9731288,0.1436554,0.14894666,0.49480334,2015.825,5.8549933,18.287842,10.696797
15113.649,1943.2645,8.9282,8.0521755,81.155464,11.416402,1.9674007,-0.0009252199,0.0039507663,1.9733555,2015.9803,9.75417,12.232094,11.744001
14273.241,1333.345,17.533869,17.505472,75.66035,11.397086,1.859428,-0.0044087446,0.03019566,1.324918,2016.0206,7.971753,17.364399,5.983722
14535.366,2058.1062,20.641178,20.794897,58.86246,16.549093,1.642891,-0.007663367,0.20781885,1.3980827,2016.0432,8.128655,18.29201,14.438188
3544.5435,899.2926,9.85895,8.234069,72.53328,17.07939,3.3099337,-0.0057964637,0.6862155,0.2115634,2015.1133,4.002656,16.35429,15.128929
11996.565,722.7744,18.2233,18.28023,71.30847,12.318834,2.4107525,-0.005502721,0.3233464,0.99143153,2015.8251,7.1269736,17.973198,6.981374
10535.344,472.15225,8.527524,7.02508,77.98203,12.52369,2.8636985,-0.00048671413,0.03567768,-0.053078964,2015.9631,3.4247272,17.355103,7.1252594
9834.062,1868.944,17.791397,17.747591,66.61605,14.171838,2.0549016,-0.0053908057,0.018287264,1.3489856,2015.5167,8.003412,11.064145,12.771032
7478.5938,2178.1814,23.28939,23.194578,45.694794,14.828498,1.0588022,-0.0059757433,0.21319678,1.1823672,2015.2981,7.2832227,20.774282,13.718175
1359.2697,463.12064,5.2622337,2.736404,79.3414,12.8581705,2.0258691,-0.005333112,0.11683402,2.7888446,2015.0706,1.8522803,12.863603,6.362023
8402.496,611.143,13.880978,13.353228,80.98906,13.623993,3.7591512,-0.0046590394,0.3256873,1.1521212,2015.4398,7.1297603,12.180846,10.241913
4590.35,1336.6254,18.86732,18.663605,52.59232,13.522524,0.92140394,-0.0094303535,0.08569018,0.7368728,2015.0604,6.286785,13.91083,10.391343
10612.049,1164.5194,15.963156,15.763102,70.608955,17.286577,3.2748141,-0.007417982,0.6243808,0.95296943,2015.7129,6.656987,11.790782,15.32732
15434.615,383.97763,14.662739,14.451417,79.18952,10.180967,1.3911586,-0.0064137853,0.3344339,1.8581449,2015.9846,9.362211,29.570694,5.3286934
5991.267,279.51254,13.699125,13.387945,84.761345,11.611149,3.6738915,-0.005353238,0.44277817,1.3149477,2015.0955,7.813115,15.23404,5.7093015
13348.196,1327.4036,11.043763,10.152168,81.06705,13.477496,3.632785,-0.0049016993,0.02596528,1.2384108,2016.0063,7.307912,12.168639,13.791488
11037.974,310.6553,9.793356,8.196252,80.84094,14.305304,3.3014195,0.0004279508,0.35971302,0.9062444,2015.9233,4.945015,10.454481,6.926172
986.11334,360.93558,4.560799,1.637649,81.88685,10.553461,2.0569243,-0.011753951,1.3444508,1.2963713,2014.8926,2.9591541,21.17361,4.5709805
13273.016,1341.9132,13.41807,12.893595,68.96361,12.241227,1.740024,-0.003443205,0.02991318,0.8916077,2016.0122,6.621177,22.444675,13.199956
5901.835,323.38846,4.4821677,1.8611159,77.05147,11.548752,1.2757616,-0.0013357152,0.68529624,2.7362833,2015.6058,1.5425092,13.598877,6.4349875
11456.112,808.933,15.020673,14.819489,80.50847,15.267887,4.1351676,-0.0056712567,0.39410964,1.8033671,2015.6133,9.142318,12.886053,12.910787
10501.026,487.53384,6.090409,3.917325,79.69517,11.292117,2.3098135,-0.0031197586,0.24445646,2.3022594,2016.0245,2.4695764,20.74969,8.963929
5445.3945,776.0929,6.422418,4.032117,76.69824,13.996608,2.912696,-0.0014217582,0.11544622,2.7463388,2015.5259,1.8099138,16.693943,14.044522
8355.759,3590.524,25.239061,25.162228,36.45901,19.023716,0.9419492,-0.010356308,0.59332055,1.1045852,2015.4038,7.2405367,18.31462,14.911353
8297.981,978.305,7.814728,5.1298156,71.15665,19.628252,2.6237862,-0.0013397161,0.08547593,2.584292,2015.8964,1.4364673,10.111253,12.916486
16223.557,769.53955,8.625951,7.125244,80.923744,13.411601,2.3785455,0.0004732727,0.25119293,2.4293616,2016.0099,11.131969,13.70047,11.910115
6619.968,228.82309,7.9040017,6.3076243,86.31165,11.245075,3.2728152,-0.0058523114,0.3591957,2.597797,2015.2811,6.521443,11.0008745,2.6808884
5351.7017,359.92404,8.224861,6.6167717,80.259445,19.493113,5.8210135,0.0006267081,0.20402393,2.5718064,2015.1171,6.6954255,26.643175,7.096184
2938.475,1786.8989,16.70014,16.431265,41.478695,20.436497,1.0042006,-0.008600191,0.8530288,0.04332845,2014.9937,4.330565,24.997065,14.681589
5069.605,229.95352,13.559868,13.477732,78.21645,9.560511,1.8301307,-0.006927678,0.09570559,0.8404541,2015.0701,6.8247066,18.490326,0.7890675
7913.4536,642.97003,11.291621,10.872037,86.61238,11.472327,3.3721898,-0.0040619946,0.018595032,2.334916,2015.0879,10.430179,15.926943,5.154054
10836.665,406.70413,8.363583,6.7811317,77.35947,11.846981,2.6835394,-0.0027783301,0.5103152,0.010786695,2015.9875,3.4723043,23.154827,7.313718
6808.42,430.0781,13.035526,12.676901,84.008575,14.743106,4.218575,-0.0056363097,0.2005454,1.9317617,2015.031,9.615241,16.981554,8.982726
8788.937,287.16318,7.617798,5.8251004,84.58977,12.1707735,3.3186584,-0.0035092079,0.30476868,2.7201095,2015.6781,4.7869315,10.268638,3.3634655
6522.504,806.3505,10.201166,9.2860155,80.248,11.46607,1.9182856,-0.004154108,-0.0045560086,1.209142,2015.2457,6.7985563,6.7869215,5.7173557
4355.114,1051.9971,14.683446,14.275389,62.40046,25.463253,2.5563383,-0.006201861,0.18677548,0.72176063,2015.0356,6.0802064,16.110605,14.389169
5212.819,979.1365,14.619493,14.347541,75.17396,16.520132,3.5086749,-0.008705837,0.03198331,1.1959257,2015.0275,7.5939937,15.35186,14.240594
13074.263,1184.2136,14.766374,14.469049,70.636734,21.50245,2.6036413,-0.006357565,0.21302398,2.2139437,2015.666,10.570537,13.336251,13.916988
14024.842,508.36154,13.086829,12.3125925,78.57093,11.567416,1.4551233,-0.009958525,1.0987422,1.9060956,2015.9076,9.096424,19.388525,2.8263733
2177.521,553.86017,9.2254305,6.8327703,77.52649,23.55817,4.096002,-0.006058411,0.80385035,2.5494957,2015.1027,2.3463142,15.48349,11.849991
7720.4766,343.26694,11.385573,10.433402,85.85353,14.894299,4.956142,0.19655417,0.40278196,0.6643793,2015.5242,5.052541,13.412369,10.181044
14426.743,758.09344,12.294043,11.435743,80.432785,17.596497,3.5922284,-0.00380665,0.46810707,2.5303009,2015.7883,11.038799,12.674504,13.261828
5374.8403,784.17065,16.604755,16.634178,72.29344,13.907827,2.509569,-0.0069352216,0.33653182,1.3360057,2015.016,7.9719343,14.249523,10.369317
2422.75,1688.2266,10.132079,8.32176,53.444782,25.273376,1.1468234,-0.0050109285,0.12179073,-0.050348595,2015.0483,3.2498531,12.271679,13.974389
15091.791,563.636,13.735736,13.388665,81.6346,13.425417,3.0867186,-0.004405988,0.23467642,1.7496358,2016.0201,9.275344,13.687317,8.758491
1964.7653,353.47867,5.9324384,3.9441295,83.15869,10.505473,3.022655,0.07092959,0.15361065,1.7991607,2015.0315,2.8842025,15.940052,7.5660405
5313.217,1243.9448,16.450832,16.488712,62.126205,22.192862,2.1705973,-0.013520141,1.1246153,1.1753529,2015.001,7.5970716,22.931921,14.806761
11895.893,533.64197,11.235027,10.250546,75.27753,14.171061,2.5352335,-0.0030527276,0.30887341,0.3641682,2016.021,4.9959226,13.420459,9.482507
9848.595,628.09644,11.602396,9.913518,70.54528,36.322437,4.3559823,-0.00744581,1.0655112,2.9302251,2016.0713,1.0090352,20.830553,13.056914
11493.114,225.63834,14.360841,14.177544,83.01922,10.446935,2.9017339,-0.004182588,0.031990714,1.2752547,2015.737,7.7952614,11.975302,1.9062712
1494.4547,3001.766,14.596548,13.968591,41.857353,40.924637,1.5753083,-0.00548543,-0.020546325,-0.111761406,2014.907,3.5684648,27.818924,10.798893
10426.579,727.33765,8.915094,6.51445,73.28833,20.009865,2.8376637,-0.0009043583,0.50199145,2.5881464,2016.0643,2.1561358,15.420528,12.738964
10374.181,2500.2178,22.781223,22.831602,50.96026,16.80775,1.5239897,-0.008394455,0.114095055,1.1521903,2015.6107,7.590757,19.38879,14.763474
9411.256,298.48782,6.1688256,3.923532,83.76421,12.407011,3.4096098,-0.00090900745,0.41277048,2.8003561,2015.9937,1.7903372,15.580443,5.0819373
2604.391,1454.6937,15.140989,14.480014,48.01176,14.782404,0.45966753,-0.00907429,0.63034976,0.09626405,2014.9696,4.290091,20.19823,10.423696
13524.986,443.55234,17.992752,17.922422,70.79637,11.106469,1.3744249,-0.009682798,0.47049928,1.0087763,2016.0057,7.053402,18.486258,3.2374632
2672.3242,774.61664,10.205311,8.774367,69.81057,17.20475,2.4238417,-0.0030317411,0.6686998,0.18203335,2015.0253,4.03479,15.236454,11.280838
3869.3232,690.1445,13.06711,12.155414,70.44356,26.085175,3.920957,-0.0062520965,0.28844997,0.6468399,2015.0262,5.4889555,23.576588,13.872838
12263.837,2388.5627,15.799004,15.526392,55.67038,21.29536,2.0828965,-0.00645237,0.070019804,0.34312144,2016.0145,5.373378,15.18666,16.25829
2402.8252,635.87823,7.376063,4.938852,74.603,15.672484,2.5574813,-0.0016992067,0.2232512,0.3330026,2015.069,3.3813076,10.783732,11.18611
6091.0303,37.517975,13.909188,13.898924,82.85767,10.582374,2.4798074,-0.0077141053,0.109023444,1.4690247,2015.0177,8.757434,19.989023,0.63353753
4483.1772,752.0921,14.514671,14.351793,68.528046,17.324436,2.3309617,-0.0044623143,0.065437816,0.74470884,2015.0417,6.2520704,21.477575,10.091676
14743.557,311.6533,12.907301,12.38604,80.37433,10.342641,1.7130721,-0.0059076934,0.0989675,1.4899541,2015.9908,8.6062,25.214483,5.5477214
14022.941,1859.4379,20.622889,20.7599,61.96997,16.856033,2.0566795,-0.0064551937,0.30232146,1.3806695,2015.9929,8.142893,18.755116,14.341252
2763.5835,3158.8694,14.633802,14.239252,50.489643,22.166395,1.2212131,-0.005809005,0.023783512,0.016847176,2015.0054,4.257159,20.828056,12.805568
5006.8286,1457.7484,15.375019,15.326734,67.90314,14.984891,1.9014653,-0.0059620305,0.010273001,1.0559937,2015.0352,7.1927147,13.124527,12.551376
3041.7441,1430.6831,6.216498,3.2407537,66.97058,17.600723,1.395624,0.0016052674,0.11849932,2.8130941,2015.2142,2.0508735,19.36682,15.3261385
5234.619,255.87015,6.444444,4.436046,80.30221,12.093847,2.080698,-0.0023087107,0.063455425,1.3451107,2015.3873,3.3146489,9.278818,4.222356
15949.12,959.34106,11.312803,10.119313,76.71294,18.376942,3.0338712,-0.003405235,0.3092577,2.3094695,2016.0012,10.582238,10.825601,15.138566
12773.059,1144.1708,14.157671,13.903204,73.96072,21.395376,3.930365,-0.0077436506,0.043509148,1.6346409,2015.8184,8.496198,9.382805,15.761771
8307.361,2293.4666,21.15449,21.20563,50.669556,19.510763,1.9796233,-0.006540715,0.44960865,0.93490213,2015.441,6.9027658,12.139823,15.510845
8918.377,1883.1141,16.643257,16.300209,59.703293,22.706087,2.3222146,-0.004762433,0.1299761,0.78099656,2015.5779,6.337199,7.680338,14.871483
1566.5905,807.58276,6.6719723,3.7460465,71.71978,17.516293,2.3003786,-0.0022671141,0.3928057,2.7014718,2015.0709,1.9190227,15.4115305,14.051936
1503.7091,801.46936,3.9256513,1.574389,72.875046,10.585551,1.3323216,0.0022158239,0.14969215,2.8876736,2015.0734,1.6849242,21.13324,13.615436
7795.317,971.5107,15.06607,14.984903,77.176895,18.187973,3.9600317,-0.009537448,0.3230457,2.1469889,2015.091,10.3329,17.43004,15.964012
11121.896,1815.8787,16.351814,16.168728,58.500233,19.95662,2.4175255,-0.0057242583,0.40404585,0.43807176,2015.8702,5.6120734,11.681358,15.3213825
6077.3457,971.38306,15.550134,15.627919,72.5163,18.934235,3.2921295,-0.009692014,0.34997433,1.5949005,2015.0034,8.933908,13.103333,15.181889
11725.357,271.76675,15.262864,15.249136,79.17683,11.141995,2.7926836,-0.0029531152,0.06654353,0.78347915,2015.8461,6.613365,15.50942,3.2070706
1559.8268,465.54764,5.4679995,3.0228019,81.67212,12.309336,2.902374,-0.004302358,0.17554866,2.7625096,2015.0785,1.8806416,16.93802,6.414365
1968.0758,197.08365,6.1378956,3.7322412,81.95275,11.410214,2.6106918,-0.0038171217,0.95231336,0.66570866,2014.9596,3.7926693,16.471794,5.3430386
2349.6475,1106.117,6.7706456,3.5797758,63.995342,19.681847,1.6358925,-0.0035681345,0.3966137,0.7372837,2014.9545,4.311655,18.841045,16.974613
7625.498,1270.6302,14.647178,14.252275,66.05895,22.627918,3.1650712,-0.0079635875,0.69265157,0.6180955,2015.4506,5.705044,10.8631525,15.819611
5823.491,1617.7081,18.148258,18.170555,62.290825,17.07101,2.290814,-0.005646718,0.19832855,1.0050372,2015.1519,6.9302216,13.062741,14.647637
16050.335,370.8918,7.956683,6.2013836,86.55149,11.474756,3.1766803,-0.0047224886,1.0201868,2.3918655,2016.001,10.833318,15.177049,9.124241
11930.889,2064.202,13.721126,13.188739,64.74779,15.191554,1.9629091,-0.0043606623,0.017407916,0.29135647,2016.005,5.068713,16.19286,13.609441
16323.329,923.1185,10.831425,9.790781,79.90295,15.912131,3.3181431,-0.002795066,0.30388784,2.5556638,2015.957,11.456372,22.672989,15.052977
4269.1914,721.22894,13.704029,13.391862,75.92958,18.341316,3.630781,-0.008798153,0.8408201,0.8858455,2015.0051,6.43625,13.730711,13.428275
7827.4917,732.5307,11.380762,10.911663,82.16831,13.517707,2.9496372,-0.0054629794,0.012851021,2.4136894,2015.043,10.889844,18.772976,6.9853253
3933.5513,1629.3068,16.70917,16.718164,54.78012,18.364319,1.7817303,-0.0067620142,0.04736889,0.53665125,2015.0215,5.7692733,16.581839,14.70492
13594.952,1769.9194,15.257944,15.330273,75.61796,13.976285,2.6522307,-0.0031838,0.026529633,1.3389145,2015.9503,8.12612,10.627188,12.302288
9788.714,535.08734,5.404938,3.2122855,79.98751,10.224484,1.935543,0.011437471,0.103318505,2.363733,2015.9764,2.2314904,18.238192,8.449008
3524.936,746.72754,12.341382,11.564977,74.12665,17.329048,3.8890607,-0.0019929197,0.55752826,0.3559083,2015.0477,4.698802,19.58465,13.476973
5231.541,346.09378,5.2592874,2.9386134,79.49768,10.68388,1.7300968,-0.0012130693,0.07541516,0.5772246,2015.3517,3.5592802,15.002985,6.818133
9606.299,1044.339,7.0235567,4.740893,76.939125,14.008503,2.8101833,-0.0019938846,0.032037653,2.7070694,2015.9989,1.8567058,14.570378,13.7211685
11663.071,428.1591,13.035832,12.45876,83.92049,13.020484,4.531714,-0.0064423247,0.8079659,0.574369,2015.9098,5.799319,17.273937,9.581865
9911.575,815.7909,10.959855,9.646841,80.77497,18.05485,3.731746,-0.004849223,0.05606035,2.6485941,2015.2516,11.343148,14.481354,12.074881
5467.5264,2000.3864,19.43595,19.554758,56.622795,16.723715,1.6580453,-0.0076990887,0.054714046,1.2640337,2015.035,7.679954,15.091039,14.298941
16123.325,465.08408,9.309974,7.7305875,81.78073,13.69586,2.5721488,-0.0038717866,0.93470055,2.4854605,2015.9781,11.090915,19.557556,9.690942
15591.873,613.1301,8.939542,7.593749,83.224884,12.319977,2.9224803,0.0009703885,0.07915785,2.3018816,2015.9723,10.5167,14.941477,11.551151
14439.722,1958.9983,16.388796,16.477194,67.17933,19.95016,2.549719,-0.005783587,0.019616716,1.4041339,2016.0238,8.379828,8.634017,14.647734
16271.093,83.020294,7.5097523,6.209892,90.72594,8.644012,2.8224986,0.0014491386,0.58423,2.41955,2015.9799,11.076303,19.988127,3.0488122
15270.885,205.957,11.924366,11.182007,82.47281,10.77182,1.8842957,-0.0056731137,0.31845814,1.8465978,2016.0084,9.533132,16.920462,2.8684561
15269.121,707.3188,11.184051,10.186343,83.5456,15.440181,3.9821215,-0.0016521786,0.32706547,2.3974955,2015.921,10.671997,12.652903,13.2692175
9676.67,1143.419,14.400153,13.538694,64.624466,17.989347,3.0106075,0.903626,-0.031295426,0.17338757,2015.7689,4.347427,22.82142,17.104542
4885.3584,2581.151,16.437206,16.210545,57.363617,22.252716,1.6733806,-0.006893681,0.039940484,0.81229955,2015.0939,6.5242915,7.5397453,14.006112
9825.809,1112.4086,10.282965,8.299736,65.23178,31.399534,2.9359999,-0.0018261999,0.07555757,2.8678188,2016.0215,1.6244122,18.36707,14.057495
14059.386,1886.8536,15.5449705,15.503434,73.81151,16.14923,2.5695388,-0.005687244,0.035049744,1.9751556,2015.848,9.837529,14.9588,13.538726
8904.253,941.31335,10.426421,8.667347,66.7727,27.830751,3.560872,-0.004288282,0.4457516,0.32908347,2015.7578,3.8946755,10.313406,14.657484
8736.33,1213.7725,10.349281,9.076299,73.78285,14.690271,2.9269402,-0.0030113396,0.0100051975,0.18274955,2015.7179,4.1314864,12.720348,13.265821
13413.65,1577.1116,18.918867,19.101809,64.09778,15.811215,2.1741288,-0.005665244,0.036665566,0.975769,2015.9948,7.228711,12.5072,13.452862
3707.2905,725.2911,13.721205,12.449292,61.297516,50.235428,4.144611,-0.008490217,0.78141975,1.7204353,2015.1078,4.4389505,16.199245,12.197512
9949.398,159.01785,8.7144985,7.0899324,81.27111,12.706588,2.8650877,-0.00038703467,0.71775275,0.22589771,2015.8658,4.047239,11.997019,3.841058
14446.635,388.94717,16.318352,16.391897,81.12213,12.0805235,2.7845626,-0.004672942,0.16833948,1.4933442,2016.0004,8.18367,22.285471,3.9487097
3838.81,1206.881,15.166166,15.109984,61.195236,18.743952,2.0576503,-0.006411291,-0.0134117985,0.44776276,2015.0308,5.39334,22.639677,14.070931
4700.0107,2659.806,21.955915,22.346651,42.034687,21.620752,1.4737842,-0.0034434323,0.36227173,0.6786487,2015.0872,5.8506923,24.694231,18.740936
2538.6099,1794.5793,10.13847,8.883312,63.83173,18.819036,1.6478844,-0.003662442,0.014654956,0.0610687,2015.0345,3.6867585,15.140376,13.15655
12462.266,1901.0428,16.379765,16.307894,59.83944,21.125477,2.6211789,-0.006722841,0.04719334,0.46046987,2016.0045,5.8620434,12.397515,16.680683
6376.039,953.6012,16.634226,16.645395,70.37676,15.269288,2.7082648,-0.0053168735,0.08594855,1.5450553,2015.0549,8.521067,20.330957,11.461565
4801.1143,1614.3635,19.158958,19.090271,57.282135,14.814151,1.607786,-0.0078081614,0.55771625,1.0620832,2015.023,7.05916,12.306238,13.427726
2935.934,80.791534,5.335619,3.1378093,84.27202,10.439404,2.3407917,-0.0032220867,0.08891114,1.5586115,2015.1545,2.88263,12.681439,2.3238509
9004.925,478.39517,11.025656,9.936302,81.45674,13.841019,4.0486064,-0.0008043957,0.08252511,0.4413742,2015.6827,4.8254857,14.591311,9.889688
14381.42,425.6583,6.964747,5.1427526,81.70367,12.13676,2.0181575,0.0012986835,0.039821886,2.2096403,2016.0061,8.491346,14.703885,7.743413
2031.0851,227.44437,6.5203753,4.4975,85.18604,10.763101,3.1147614,-0.0037257161,0.12730524,2.0829146,2015.0465,2.9652345,14.906873,3.5297892
5224.0225,1391.5243,14.65773,14.425228,70.40084,17.445568,2.808546,-0.008074024,0.02871392,1.0805476,2015.0803,7.088511,12.572136,15.243063
4710.9595,2276.6096,21.286457,21.139187,44.94959,18.106522,1.1058116,-0.0063003465,0.5206341,0.9045412,2015.0363,6.259949,23.636644,14.405547
10829.358,751.9855,17.519163,17.535759,71.736275,12.601648,2.0153904,-0.007203126,0.448186,1.2406757,2015.6699,7.673767,12.500849,8.16081
7919.3135,940.8912,11.481987,10.749113,78.35372,16.462664,2.7127779,-0.0053153704,0.026979454,2.5175333,2015.0433,11.13209,14.243215,10.051268
5968.3457,476.78122,12.276685,11.324642,80.04472,14.80814,3.7571054,-0.0028904632,0.49220067,0.7382469,2015.2734,5.708787,10.860476,10.700039
14133.245,1528.9866,21.348951,21.564362,59.667835,13.948402,1.538892,-0.008720175,0.59023917,1.3295981,2015.9976,7.7975006,23.720697,12.293634
5334.1147,2236.2136,21.363432,21.260912,50.435158,16.445793,1.3977314,-0.007260104,0.10138898,1.1548282,2015.0695,7.1439686,18.682343,14.470766
13386.731,2147.4158,18.384197,18.27322,63.599606,20.621523,2.3577485,-0.0068117133,0.066978,1.6786189,2015.8215,9.077917,21.800245,16.693869
6182.675,138.53903,7.5634847,6.1032662,88.79678,11.95732,8.439609,0.004619502,0.0887508,2.2899265,2015.0184,9.052945,19.922228,0.820493
4300.5776,1182.5365,16.188677,16.292952,61.234295,17.53518,2.5407412,-0.0046130805,0.20247962,0.562475,2015.0419,5.855779,20.164427,14.516004
9803.955,715.9819,2.2886188,0.111970365,75.178764,5.6193824,0.07920035,0.0041799103,0.06843343,2.985419,2015.9691,2.1280372,27.12064,11.390672
12629.727,927.4856,15.394966,15.596303,76.71037,17.144342,4.1326222,-0.00873593,0.6000965,1.0968537,2015.9039,7.269066,13.736193,17.304388
11600.576,332.2488,8.680923,6.8307967,84.29627,21.783968,5.426026,0.0007485083,0.79299587,2.964213,2016.0906,3.505023,15.391078,10.588193
10678.265,372.39938,5.85309,3.645759,80.89496,12.915894,2.1190755,-0.0014685479,0.11715173,2.675325,2016.0405,2.9419672,14.799735,5.505018
10185.323,839.33954,7.5557413,5.377313,74.23154,15.337291,2.671461,-0.00076882105,0.04563325,1.0683367,2015.9806,3.0017242,13.076269,12.616535
15775.937,1315.7151,8.851409,8.036756,85.75331,9.822969,2.2271454,0.0005003835,-0.0010409141,2.2763798,2015.9866,10.505177,12.872591,6.8378525
13236.358,427.29086,13.107175,12.626461,81.880486,14.124396,3.044304,-0.0050870697,0.63415235,2.1419983,2015.745,10.005213,16.419182,6.8682404
13537.438,2324.0532,14.914631,14.938891,77.65336,13.425813,2.6109705,-0.002800287,0.032503434,1.5165517,2015.9048,8.577453,11.189321,11.335552
7355.227,1004.57434,16.109924,16.020737,72.24851,16.012938,3.6672332,-0.005730917,0.06860336,0.85756814,2015.3466,6.6346855,15.304417,14.564945
1788.3297,825.4851,9.474085,7.211942,73.04256,25.462248,3.7822998,-0.00765326,0.08800099,2.3157787,2015.0107,2.9514794,24.253426,14.4892645
7664.5386,1498.0206,17.387854,17.17844,66.0224,20.127691,3.1211221,-0.008617443,0.6160529,1.1234779,2015.3438,7.128537,10.942761,16.556799
16026.648,35.454132,9.260602,7.979488,83.021255,6.831119,0.37137708,-0.008968239,0.66396284,2.0208306,2015.9878,10.110494,32.66151,2.1725676
14666.716,1562.8268,18.828691,18.970541,65.76887,16.149199,2.2145548,-0.0050660144,0.121717475,1.5336214,2016.0275,8.550009,18.12141,13.170579
592.9327,147.80978,3.3486583,0.61417526,84.679695,9.776019,2.2305796,-0.009587479,0.58961344,3.0627692,2015.0366,1.3566567,11.801792,1.3630307
10583.098,466.94907,8.102952,6.0285435,78.362785,14.910846,3.598507,-0.0017518301,0.4139868,0.16657774,2015.9711,3.5463054,14.819355,11.680539
10641.371,1468.4497,10.457464,9.497857,65.09333,16.175962,2.5108712,-0.003943385,0.09480182,-0.017571764,2015.9586,3.5440142,19.030413,16.391787
6164.0786,636.2344,9.949704,8.36471,79.03639,19.621128,4.110116,-0.0057834606,0.05922445,2.4296744,2015.0588,8.242422,22.147346,10.895054
15339.716,706.192,13.208804,12.268857,76.96106,18.384787,2.8584192,-0.0057429667,0.9939483,2.3356023,2015.9203,10.715079,15.714149,12.343258
8059.4854,1469.6694,13.302144,12.983428,80.169174,15.78179,3.1723268,0.16110662,0.047970675,2.352231,2015.0803,10.857938,16.217741,15.501938
12078.241,1716.8405,11.538486,10.647669,70.79348,16.84096,2.9347768,-0.008526017,0.009244344,0.5986886,2016.0112,5.5382457,12.236021,15.519538
2856.2964,1317.8651,14.4811,14.25179,53.247597,19.313036,1.6966017,-0.0050495467,0.12509371,0.13386719,2014.9691,4.2653766,26.088829,13.862627
2512.0,281.1799,8.272518,6.6810946,83.30062,12.082413,3.781228,0.07358896,0.124932,0.40209976,2015.003,3.86047,18.253553,5.283246
6779.25,795.5974,12.296904,12.094009,82.03748,10.872662,2.2388353,-0.006358215,0.023839407,1.8230999,2015.065,9.314202,11.224014,4.7265787
13886.479,3552.0535,23.896744,24.089022,50.89929,16.855265,1.4793193,-0.011232876,0.024816789,1.1237583,2015.9797,7.741035,20.947802,14.477767
13160.244,2496.2568,22.1454,22.175217,54.018127,17.656105,1.946537,-0.0061118244,0.09546832,1.1092203,2015.9484,7.4601765,16.632149,14.908795
15697.621,345.20334,7.437154,5.8565483,87.18109,10.507469,3.2907555,0.0014230411,0.13559122,2.3110254,2015.9735,10.455059,19.139631,9.661329
14228.767,2454.3574,20.313147,20.445543,60.3605,16.055174,1.9601588,-0.007724536,0.040525563,1.3060943,2016.0165,7.901169,21.933937,15.723457
14475.831,1394.0596,9.079462,7.5874157,81.466705,13.791782,3.086693,-0.0012395729,0.025530256,2.5112665,2015.9094,9.975002,9.187687,13.471623
3405.1113,1452.0607,9.836045,8.066491,59.427444,25.511448,1.9869,-0.005334753,0.14076175,0.121247336,2015.1492,3.6459084,9.770173,14.470823
8227.188,918.8161,13.175519,12.566362,74.367096,20.57438,3.1172676,-0.0068142205,0.13294871,2.4185133,2015.059,11.0341425,21.037554,13.748246
6122.2334,954.836,16.080887,16.18701,75.25744,15.216591,3.238447,-0.010915765,0.85265315,1.662761,2015.0171,9.008789,14.193035,14.2526045
14489.893,2266.4802,20.648706,20.765781,61.28708,16.31193,1.8986739,-0.006650682,0.058670707,1.3785735,2016.0385,8.103371,20.055449,14.545593
4294.5435,4538.904,23.781328,23.488901,40.03808,18.457355,1.1568848,-0.008262065,0.08138671,0.84447414,2014.9813,6.5471816,18.45792,13.869238
3396.0137,208.45328,2.7211893,0.71457523,86.35964,5.748258,3.1202261,0.08250726,0.40285844,2.889826,2015.3038,1.3507286,20.392387,4.673492
10297.584,341.53745,2.9561489,0.86792034,80.04604,8.707793,0.8888739,0.0015249315,0.025949143,2.8762836,2016.0647,1.8893286,18.71464,4.270196
16297.236,318.108,5.7171445,3.7955341,90.05661,10.394472,4.0432878,0.063726604,0.33799416,2.5254347,2015.9448,11.595011,21.7856,9.4368
14836.375,1256.254,13.994447,13.562814,77.967155,16.630487,3.6346753,-0.007311949,0.0058169877,1.9454992,2015.9781,9.547522,10.318999,15.210488
2653.2114,772.27716,9.21271,7.089291,71.836845,18.891165,2.82554,-0.0023248934,0.07135149,0.63449705,2015.0516,3.8649888,12.953111,12.335466
6824.2925,326.9174,15.307901,15.259359,82.662926,11.293991,3.3103437,-0.0046548895,0.11085705,1.3372699,2015.1764,7.966659,15.070106,4.832819
9601.481,208.27933,6.6976314,4.9399405,86.60353,12.51975,4.0000277,0.26459894,0.25670257,2.6521466,2016.0348,1.5895926,11.815895,4.7796397
5038.241,1723.438,17.870544,18.016901,60.02459,17.247871,2.0677357,-0.0062027364,0.034448482,0.8337063,2015.0942,6.5903497,12.390685,14.750837
15598.51,337.4786,7.801873,6.2415757,87.596275,10.36564,3.410252,0.0011549338,0.33492666,2.2273524,2015.9536,10.474302,20.197409,9.881308
2854.7456,290.0944,8.618793,6.9118176,84.33837,13.335672,4.0365834,-0.0008151264,0.19326103,1.130831,2015.0605,3.778266,16.200172,7.4646454
2121.8315,368.13193,7.436096,5.085795,80.85432,14.011572,3.6404133,-0.0048284098,0.92870307,0.6770555,2014.9913,3.5708258,18.124275,9.322682
5926.1226,1174.6692,17.777086,18.058723,69.30536,16.427248,3.308528,-0.0072653308,0.40679565,1.1147869,2015.1276,7.3491893,15.748533,15.908353
8691.622,738.4595,9.692644,7.4339504,73.32708,20.851942,2.9304848,0.001409047,0.060377873,2.838105,2015.8286,2.7685733,8.133196,10.409698
13610.301,1413.752,17.659367,17.796755,69.329735,13.297975,2.2879586,-0.0046162806,0.007338456,1.0493242,2016.0072,7.222003,18.053383,12.275365
4173.7783,644.3798,12.7446375,11.899659,72.84356,28.585348,3.6680198,-0.010395837,0.8254568,1.0542417,2014.9797,6.5622673,14.519607,13.173559
2807.2822,596.2504,9.671781,8.230351,73.88672,14.560675,2.3280845,-0.0013943028,0.041781135,0.22676067,2015.031,4.1481795,15.696653,8.210534
4470.7397,1112.5168,15.045685,14.713816,64.241714,22.64129,2.7955642,-0.007685011,0.055192105,0.72624177,2015.0476,6.145054,17.319227,15.346131
6732.7827,80.53104,14.202216,14.294241,77.261154,9.596758,2.0623808,-0.0007949968,0.16777678,0.5256088,2015.3236,5.7893906,16.285225,0.77378964
15597.707,791.56635,11.997937,11.28036,82.80242,14.0579195,3.6722717,-0.0008650211,0.1635444,2.2818587,2015.9625,10.478089,19.008509,12.214504
3713.5234,2289.8645,19.180326,19.286669,44.557816,23.626652,1.6923672,-0.0068403236,0.21705954,0.40846148,2015.0084,5.368441,21.474943,15.173586
14497.553,224.12009,8.134753,6.53388,86.40335,11.78051,2.9625185,-0.0014410682,0.7125167,2.289931,2016.0061,8.65902,14.115003,5.3540354
10450.799,908.5979,12.355099,11.81746,75.03017,19.609983,2.7428927,-0.0048403568,0.16651106,2.4536846,2015.29,11.440681,20.059328,12.5492115
13281.594,300.2886,3.6758344,1.1876302,84.50511,7.9267087,1.9774774,0.0012023381,0.5764109,2.5914953,2016.0991,5.165298,27.04266,8.624663
10543.292,687.3023,5.930506,4.0739756,77.45915,17.401478,6.549674,-1.0120973e-05,0.04340575,2.95214,2016.1104,1.5786844,23.120129,11.486858
6506.635,780.1164,14.56731,14.330409,72.78619,29.262955,3.7369018,-0.009426751,0.67485857,2.0007343,2015.0076,9.502587,12.982,13.177867
15014.416,1052.874,15.550308,15.343008,73.916336,14.591996,2.6303651,-0.007667841,0.51658165,1.8928609,2015.98,9.337607,21.142277,15.452532
7849.64,620.8231,15.915599,15.812111,78.63049,12.5594,3.0523868,-0.0047085728,0.1352777,1.5143695,2015.2615,8.505804,13.214108,7.6317143
6405.129,1350.6628,15.584282,15.551301,65.72406,23.644981,2.4289708,-0.007708957,0.14192626,1.688088,2015.04,9.174398,8.558749,14.010383
12682.4,104.610016,14.522438,14.434119,82.51979,10.177894,2.232843,-0.0073477603,0.46517578,1.3026313,2015.8528,8.098972,13.402354,-0.47891212
4838.6646,467.08298,12.204038,11.713137,79.80335,12.15234,2.8353298,-0.0034969107,0.006488464,0.83812267,2015.065,6.458437,19.645668,4.946701
9708.382,809.1256,10.991432,9.087512,73.45924,30.020222,4.2702208,-0.0012526226,0.15070261,2.8625433,2016.0275,1.5522915,16.219395,12.861835
7683.785,2062.0361,16.166964,16.06183,66.54846,16.997135,2.1539567,-0.0056186314,0.0029154336,0.99064803,2015.3843,6.833797,9.196959,13.646591
11091.349,520.0536,9.666514,8.177784,76.013336,14.951069,2.9953408,-0.00081599253,0.29599583,0.19229071,2015.9907,4.124621,12.980208,10.525569
4798.0366,209.07346,9.910149,8.825949,79.92001,11.721249,2.2165837,-0.0027466745,0.17900547,0.5182746,2015.1901,5.0982537,10.226467,3.2923787
14049.15,1359.8503,16.908415,17.033705,72.15712,15.311377,2.9347558,-0.0061993874,0.021527015,1.2242774,2016.0117,7.8533626,13.860902,14.248697
15277.019,1135.164,12.297088,11.296921,77.245926,18.036335,3.51676,-0.004339255,0.01778885,2.19366,2015.9739,10.107056,10.0142145,15.348566
13285.61,884.62085,12.852091,12.193362,76.5449,22.368294,3.8405898,-0.0050903778,0.3102791,2.3041945,2015.781,9.754893,9.47803,13.650691
13139.947,565.8422,6.919831,4.811833,75.527664,12.31613,1.0119009,0.00091928866,0.36160526,1.5784643,2015.9359,7.5883155,22.608395,10.769879
10568.454,1564.4036,15.11984,14.8236,62.666332,18.396029,2.5041697,-0.0054503693,0.037417375,0.4480752,2015.8198,5.521118,13.0056505,15.097661
3597.5059,172.23398,9.635623,8.5247,80.50385,11.198428,2.3651145,-0.0030434236,0.21897982,0.39485255,2015.066,4.830967,14.086687,2.2056248
6011.8047,1177.6248,10.812239,9.244407,64.202126,23.86179,2.6667845,-0.004120396,0.13556422,0.26246002,2015.4153,4.058026,10.11817,14.815044
7487.1353,728.22614,13.210062,12.935456,79.62927,14.897825,2.8516781,-0.0047004013,0.09279851,2.2485049,2015.0427,10.494887,14.272947,9.538805
6879.6196,2264.3118,17.745893,17.615847,51.259106,26.399967,1.5282841,-0.007277829,0.07753072,1.3481863,2015.1127,8.21701,28.830608,14.219549
15995.205,2047.2576,9.603862,8.807069,79.73615,13.589519,1.9684899,-0.0005773281,0.019073002,2.2810185,2016.0026,10.891712,6.1142254,10.964191
14059.635,876.89233,11.63367,10.94862,83.96155,14.510451,3.9461584,-0.0018340827,0.041541524,2.5161986,2015.7444,11.072472,15.672184,12.1978445
10354.224,441.6384,12.19746,11.267363,83.775665,22.767931,5.0907884,-0.009615333,0.8709008,2.7207797,2015.4775,8.998225,14.111926,12.969859
5575.687,1079.1326,10.9599495,9.76084,66.81711,19.12358,2.2396476,-0.0019976024,0.106015496,0.23086457,2015.3555,4.152452,9.327227,13.2077055
1765.2579,417.20645,6.2364135,3.7802453,76.01393,14.3143425,1.8188614,-0.0042817085,0.09357817,1.1699517,2015.0293,3.014309,11.624149,7.1937175
11133.886,493.642,5.231548,3.0117383,81.34259,11.995975,2.193498,0.0009056131,0.017479949,2.7090209,2016.0466,3.2976534,16.25651,6.94513
8085.0527,1037.3953,11.959422,11.675928,79.308136,13.216626,2.383361,-0.0041561066,0.032560207,2.277689,2015.1249,10.458965,6.779456,8.585643
14800.775,1302.0703,16.848494,16.869547,72.109184,16.108932,2.782636,-0.006514819,0.056443237,1.6551813,2016.019,8.793515,15.784519,14.136562
1004.1143,1078.027,5.0646076,2.1374822,68.732704,16.541286,1.7883781,0.0006448726,0.09715832,3.1244936,2015.0334,1.3331949,22.773537,15.571075
9777.192,592.1307,7.8157864,5.8338947,80.79596,15.504045,3.9844544,-0.00180461,0.25555804,2.831124,2016.0459,1.6356574,15.335807,12.699468
5032.867,822.6896,14.045681,13.385147,73.83078,22.717264,3.8485527,-0.008832925,0.07218287,1.2298582,2015.011,7.364065,15.384996,14.088945
1700.4987,526.7758,6.453875,3.82796,77.41236,14.928898,2.8469055,-0.002046428,0.7154625,2.2254953,2015.0455,2.3982875,15.182712,11.332277
13548.239,1583.0331,20.245903,20.307371,62.186024,15.068851,1.9240351,-0.006501078,0.606415,1.1893067,2015.9764,7.588173,17.006645,12.589563
4819.637,2592.748,21.347643,21.295977,48.09832,18.304918,1.2090836,-0.0072097867,0.95965713,1.0394121,2015.0461,6.6551414,21.158504,15.843104
11155.021,1849.6488,18.07611,18.141983,62.22304,19.286417,2.057171,-0.00742997,0.16488491,1.5855372,2015.6147,8.800385,9.291632,14.3642
7845.8716,253.1083,7.4207735,5.4663186,81.75475,12.720891,3.188217,0.0007144089,0.20618103,0.15171413,2015.6545,3.3654816,14.364412,6.123913
6373.613,102.90555,9.797576,8.556465,82.72053,10.985343,2.857898,-0.0019734066,0.63103163,0.39407268,2015.4012,4.6990857,12.985714,1.9235919
13328.492,1548.9983,15.846274,15.850985,78.89496,11.142203,2.8400419,-0.0028973513,0.03315831,1.3015518,2015.9211,7.9659486,14.774036,9.666403
10403.103,418.46164,6.8168993,4.2032156,77.44185,15.980511,2.6300344,-0.002051159,0.9724635,2.7495756,2016.1416,1.278298,15.66079,7.5860353
7110.616,1025.6295,15.320063,15.18279,71.754166,19.506784,2.9964588,-0.009215076,0.47703236,2.0202532,2015.024,9.956996,16.81306,15.412594
11171.664,1624.2501,15.886287,16.022535,73.86088,14.483967,2.5324414,-0.0059587224,0.031010963,1.7172583,2015.5636,9.293414,12.069344,13.038514
4732.863,1395.8397,17.707018,17.849869,59.511303,18.819365,1.8159009,-0.010774192,0.9765832,1.0316734,2015.0074,6.8414307,22.312296,14.510832
9655.991,1256.7715,7.3491073,4.70934,69.25335,15.495039,2.4003963,-0.0023478337,0.06561308,0.3305041,2015.8331,3.8003786,17.151194,16.689335
9878.132,442.38126,12.548937,11.925256,84.54041,22.279364,5.1857977,-0.008528334,0.73875564,2.6420364,2015.25,11.182167,15.499258,13.305922
5190.2856,805.89777,5.7489843,3.3683095,77.84666,11.012071,1.9100226,-0.00028642017,0.057770975,1.4742336,2015.397,2.8634844,16.247961,10.085494
9729.715,824.4488,10.075978,9.170652,78.508484,11.07383,2.3571508,-0.0014183905,0.0060603237,0.20089655,2015.7997,4.4792533,13.283269,5.7540703
9896.87,4105.9463,24.974085,25.062016,40.909374,20.598017,1.3343167,-0.01115792,0.074008234,0.9781048,2015.5726,7.2808394,16.139175,15.278434
4716.8228,529.2363,16.839674,16.946938,70.50937,10.465761,1.426245,-0.008064558,0.6393873,1.1248199,2015.0037,7.3372364,12.805175,4.76852
8447.157,1836.9552,10.65505,9.144754,59.399773,27.158548,2.5705283,-0.0060715857,-0.014823803,0.15803199,2015.7091,3.8301165,11.3982935,15.308354
2828.7651,778.1961,10.48083,8.709131,72.029854,21.306143,3.264973,-0.004342671,0.10706114,0.63325644,2015.0332,4.1890364,19.944492,12.611474
15245.402,346.7886,9.088434,7.709122,84.56044,11.212164,2.577841,0.15222599,0.07974837,1.9384226,2015.9563,9.803973,21.453514,9.940537
3961.3735,626.32733,13.312407,12.823704,73.097664,14.910086,2.6929684,-0.0029103768,0.27278358,0.5844048,2015.0413,5.6114964,12.500658,9.712963
13707.385,608.50006,10.972149,9.782672,82.12671,17.49073,4.233826,-0.008507156,0.7545413,2.0011852,2016.0463,6.9204836,14.199319,15.068992
12938.072,1407.6176,17.104776,17.075218,66.36161,13.207574,2.295494,-0.0037207596,0.010231844,0.7292762,2015.9977,6.35725,18.284027,12.624336
6724.061,230.65353,12.048595,11.286644,75.093704,10.15577,2.15554,-0.0052683107,0.7541956,-0.009232955,2015.4816,3.9902828,17.324934,1.3981707
12511.646,2515.3787,20.824856,20.807915,54.499542,14.7847805,1.7560414,-0.005543809,0.021721594,0.8018923,2015.9219,6.688255,16.2373,14.297306
9090.35,1804.7936,6.2524867,3.3357034,68.8165,15.960642,1.4201556,0.0006709999,0.062271513,2.8596425,2015.9493,1.6906153,17.09668,14.876514
9596.881,1042.5718,11.917701,11.393426,80.654106,14.949075,2.9111874,-0.0041287798,0.034580626,2.5159526,2015.2517,11.058544,12.360846,10.630928
14309.055,1432.1562,15.449848,15.250161,71.61546,19.107298,2.8485339,-0.006474368,0.034926154,1.9220519,2015.9089,9.496051,11.497353,14.582053
8463.639,145.4396,11.148566,10.634809,86.93422,11.579233,3.212093,-0.005834659,0.09936858,2.2789268,2015.1389,10.519654,20.113064,2.0429556
9369.796,1361.3801,6.534903,4.180073,77.041565,13.776475,2.6922274,0.0016586452,0.031259887,2.786904,2015.9557,2.0230029,14.817674,12.105862
9725.897,417.60165,2.6230133,0.8643517,82.513115,6.157252,2.1690128,0.11625037,0.10221832,3.0752592,2016.0427,1.1235162,22.081972,7.542843
11597.491,2544.537,15.291354,14.79531,63.64619,15.111589,1.8964752,-0.0036123593,0.033077367,0.41165593,2015.9435,5.3841925,14.630549,12.511073
10437.757,2244.6116,9.402646,7.489677,76.54625,19.05769,2.9569678,-0.001330619,-0.018707402,2.5474846,2015.9619,3.5924668,9.840604,12.430038
13404.782,1949.133,20.196646,20.22877,61.991283,15.991584,2.0491912,-0.00546525,0.06041094,1.2940702,2015.9447,7.841012,16.501749,13.9783325
9169.911,482.59756,7.6713824,5.715525,81.80535,12.646927,3.4441092,0.0009911589,0.022185855,1.101185,2015.8346,3.042032,14.033105,7.9973836
3226.3247,1214.7676,7.7924933,5.272252,77.13442,19.427086,3.867408,-8.2659826e-05,-0.004366108,2.8664422,2015.2509,1.8581473,16.778238,12.024939
6693.6836,1163.3838,9.132113,7.2206154,63.851955,17.04369,2.2893016,-0.0056713684,0.28513262,-0.115176275,2015.5488,3.1769996,15.926969,15.137572
11197.233,1452.1698,11.405745,10.023267,58.91383,26.748137,2.3833075,-0.005816193,0.052983306,0.23968498,2015.9965,4.217559,9.770111,15.380419
4566.5923,2234.1501,20.350203,20.427197,48.039722,20.3234,1.6636555,-0.006785901,0.12869309,0.7615256,2015.0369,6.2272754,20.435644,14.836736
12292.442,1093.2579,10.17218,9.571409,83.19577,10.937026,2.6682355,-0.0017543521,0.02223181,2.0933816,2015.6595,9.872799,7.80591,7.8540273
7781.628,875.65436,14.255636,14.054779,73.808525,26.294794,3.5910707,-0.0104632275,0.6909933,2.5515418,2014.9927,11.356508,14.747036,14.7305975
5394.917,635.13385,16.081152,15.991272,72.90594,11.733776,1.9422432,-0.0054994593,0.013429782,1.2581053,2015.032,7.7513757,16.3954,5.860862
6458.095,2704.769,18.809387,18.868223,56.292126,20.106367,1.6342038,-0.008335476,0.007593236,1.495607,2015.069,8.437711,20.317827,14.397582
1967.7408,21.082062,7.503445,5.674337,82.78328,11.278975,2.6619048,0.00019495998,0.37207907,0.21695845,2014.9628,3.5885026,18.599762,1.793051
16537.209,1042.7653,10.372174,9.416231,81.10387,8.879886,1.00304,-0.0046668774,0.014444611,2.238979,2016.038,10.613194,22.055721,5.9978595
1912.9225,51.842194,7.0452557,5.210516,81.93467,10.960161,2.0215633,-0.0033489384,0.034886934,0.26298037,2014.9369,3.9198925,19.31504,0.10649992
17341.064,1279.447,8.618609,7.4497666,75.25992,14.288663,1.3227981,-0.003398399,0.02946452,2.4486032,2016.0425,11.89972,15.021811,15.824186
12480.855,2185.331,22.145428,22.140251,52.346,16.119574,1.72319,-0.0069514005,0.3778625,1.0817775,2015.8778,7.369925,15.835255,14.516597
4215.684,340.20578,11.885418,11.041906,80.18529,13.352518,2.8164127,-0.0053910124,0.7932219,0.84793276,2015.0315,6.2135205,12.249529,6.830506
7454.435,1763.3074,14.309522,13.704965,56.434055,31.54544,2.7270696,-0.0068216673,0.8562943,0.16949336,2015.5377,4.503684,8.700544,14.534588
6507.377,1933.8939,13.271016,12.892422,69.24932,25.11108,2.2902493,-0.007087329,0.022935383,1.9305183,2015.0156,9.574188,8.526266,11.614546
4497.8037,1948.5833,18.753445,18.934938,57.013866,17.526127,1.8939121,-0.00688081,0.0063152825,0.83176434,2015.0175,6.5378804,17.191887,14.526511
4302.1416,1631.771,16.520918,16.516273,56.8758,19.022942,1.7507973,-0.006958568,0.039789565,0.6359327,2015.0564,6.028017,13.748457,14.590004
10557.073,1182.569,8.797372,7.0198693,62.64157,16.73765,1.99112,-0.0058965585,0.35257226,-0.112804964,2016.0056,3.2625384,16.148886,14.901198
2735.755,1608.5421,13.7841425,12.980859,51.584034,32.82931,2.2312503,-0.003821147,0.27793902,0.09818475,2015.0243,4.163195,14.517845,14.621112
7278.638,1408.6243,14.652463,14.776254,75.214905,15.753738,2.6809824,-0.0074968836,0.0459375,2.0221155,2015.0525,10.102835,11.453692,13.716072
9027.763,930.14954,10.7507305,9.109397,73.03461,25.134008,2.8546953,-0.00737722,0.04425808,2.6762118,2015.1012,11.837363,22.276854,11.780847
14764.978,1101.4337,18.090717,17.86541,71.33365,13.47703,1.7248418,-0.004843408,0.07097829,1.5395833,2016.0394,8.083824,24.00218,7.538375
3445.0625,2382.3706,17.734291,17.716805,41.98719,16.969505,1.2460438,-0.005588071,0.14205144,0.25011674,2015.0234,4.825357,21.810297,16.015442
3382.1216,1603.4401,12.12865,11.441058,62.34543,13.440715,1.2527857,-0.0075585037,-0.014075675,0.04133539,2015.0713,4.287598,18.022886,11.219283
5457.04,791.43066,17.330408,17.637007,66.30794,13.680727,2.212248,-0.0067770868,0.08950258,0.89924955,2015.0648,6.91055,22.716824,8.88225
3477.9697,785.1319,11.67744,9.325029,68.28309,39.099255,4.2013497,-0.0021176648,0.44830683,2.9205644,2015.319,1.7180382,16.125809,12.869721
7556.842,1215.7781,13.643806,13.114734,71.384995,23.332495,2.9063632,-0.009272014,0.018827789,2.284782,2015.0327,10.691481,14.82533,13.378566
13554.176,1670.7152,17.879793,17.912165,65.42867,19.001331,2.9109726,-0.0076931096,0.4918067,0.97502553,2016.0162,7.133973,12.769988,15.779188
4889.029,396.75253,9.043229,7.2105885,82.97194,14.526732,4.0724382,-0.008673389,1.0252703,0.39403513,2015.2755,4.07151,13.438801,9.512761
4718.011,474.92538,11.759293,11.290618,81.3799,11.306231,2.7703352,-0.0034949456,0.0122354245,0.76412416,2015.0824,6.1937675,15.003409,4.8600526
4326.7036,1351.308,18.163973,18.425478,53.59128,13.861546,1.2301799,-0.008232952,0.096386574,0.4960371,2015.03,5.812176,22.1553,11.125421
8698.857,1912.7246,7.4910655,4.690671,69.382324,20.954676,2.37921,-0.0030375991,0.022957362,2.9252517,2015.9542,1.3049389,12.971115,14.8069935
8702.585,353.1967,8.746871,7.080642,81.02446,13.170598,2.8694568,-0.002729555,0.32273486,1.6357274,2015.7351,4.0064864,9.852888,6.0990424
5890.121,148.94223,5.221344,2.9073243,85.940254,10.065495,2.6850023,-0.006521383,0.33052948,2.8529582,2015.5652,2.1605093,11.733365,0.7398703
5022.794,849.5485,8.173079,6.310346,80.10178,12.833965,3.1818318,0.0047277124,0.104004,0.31417075,2015.3116,3.7981634,15.798965,10.148059
11808.307,2784.927,15.494481,15.467065,77.04773,13.679734,2.6070952,-0.004086483,0.035148986,1.6946716,2015.6655,8.983279,14.371417,11.905782
12196.349,1130.439,17.711424,17.559988,71.98679,12.350458,1.5895795,-0.011088991,0.96521384,1.5411528,2015.7598,8.438822,18.33387,8.727575
7736.9497,776.2874,8.336891,6.01454,71.781044,18.413454,2.8542688,0.00016721961,0.28882548,0.29208556,2015.6852,3.400696,8.827293,12.8102045
10618.141,1931.7571,20.869717,21.021612,59.264484,17.764593,2.1136916,-0.0071821823,0.5676574,1.24952,2015.6467,7.7116814,16.378353,15.189062
8415.366,1228.9512,12.383412,11.1896515,70.00598,27.143555,3.1319914,-0.006735872,0.018191956,2.0422575,2015.5386,5.9589653,6.8341084,12.888852
8683.428,1330.58,13.954276,13.53772,74.91181,18.528341,3.0337167,-0.007794497,0.050557263,2.323354,2015.1738,10.628326,10.766282,14.339986
7403.689,606.7755,12.702645,12.418469,81.79288,14.729778,3.5844185,-0.0048002335,0.027810685,2.1508117,2015.0372,10.143455,20.490175,8.476525
10193.527,1309.2693,16.887974,16.832108,66.25978,16.415022,2.4897726,-0.0055873482,0.24673387,0.8615404,2015.677,6.6017766,11.615104,13.842466
13514.375,1301.4413,13.000094,12.350876,77.96063,16.536394,3.6536772,-0.0051289177,0.026891671,1.8892174,2015.872,9.0703535,9.093489,14.470837
7491.624,502.6393,11.444273,10.63368,79.37853,15.49066,2.9225135,-0.004633821,0.10463979,2.1177232,2015.0789,10.048928,20.874998,6.0936704
12104.565,483.33176,14.681448,14.645659,83.03655,12.211993,3.213802,-0.00385555,0.04955902,1.6825114,2015.6918,8.954516,16.132513,5.0316267
13780.982,1802.1307,21.233362,21.395739,57.38595,14.852171,1.8001791,-0.007670501,0.64358306,1.2047162,2015.9906,7.582809,20.803223,14.31255
12442.287,1442.0366,14.654391,14.23315,64.75064,15.177236,2.4039297,-0.005675619,0.070974864,0.52125937,2016.0065,5.600918,20.258814,15.730361
12370.424,3061.115,17.669899,17.55434,67.950874,12.16083,1.926329,-0.0020142824,0.015175424,0.82401484,2015.9222,6.5488358,15.665196,11.244692
10203.309,840.2398,9.011824,7.8628883,78.67002,11.932225,2.267424,-0.0006959581,-0.007473835,0.25848666,2015.8687,4.293688,10.31983,6.520732
13263.004,705.5983,17.207825,17.132755,72.97212,12.628422,2.0428445,-0.0045556757,-0.026212431,1.1301987,2015.9625,7.3643627,12.205738,6.3667507
2974.6519,1326.3053,11.830512,11.057904,58.29374,18.521002,2.1107936,-0.00718457,0.15872177,0.10434477,2015.046,4.0419693,18.17785,16.652752
6341.797,209.0344,13.101812,12.639562,80.036125,7.5493503,1.417964,-0.014358998,1.1496345,1.0280399,2015.209,7.0373163,8.469726,0.42820382
3102.689,684.8833,11.458694,10.427214,74.67529,17.350683,3.199926,-0.008017008,1.0488864,0.28311172,2015.0231,4.56995,16.956472,11.383572
4479.2935,2026.5217,14.20257,13.760733,66.4086,14.747335,1.5228473,-0.004659263,0.01680278,0.7172582,2015.0629,6.1019464,16.53471,10.241206
16323.923,632.78345,8.738023,6.9412317,84.59807,12.970006,3.6468236,-0.0073094047,0.98218644,2.5490038,2015.9692,11.309092,19.238754,16.842714
2305.0889,1153.8639,5.6368814,3.1618743,75.48777,11.479582,1.7953126,-0.001357903,0.05686737,2.0510015,2015.102,2.5230153,16.261852,12.683282
10124.813,553.0015,9.346517,7.5746717,77.362335,16.588692,3.4983835,0.0011049721,0.10769803,1.0855479,2015.9255,3.6212785,9.62841,10.609116
13376.821,105.85141,12.200657,11.8363495,86.79872,10.271808,3.0318947,-0.002214161,0.32851335,1.6624956,2015.8667,8.763131,14.352996,0.92964196
4095.6597,1672.0802,17.749474,17.817764,53.994934,19.557531,1.9374835,-0.0068432405,0.3017375,0.616906,2015.014,6.0242906,16.040873,14.955965
5846.585,670.11194,14.730377,14.6613655,78.00375,14.021518,2.822642,-0.011501209,1.0411662,1.608703,2015.0146,8.800078,12.149722,10.39282
2612.0908,641.4826,10.161139,7.9362993,72.83058,30.807074,4.0290837,-0.0057046874,0.3309399,2.47472,2015.0109,3.910126,20.044685,12.681757
13901.857,362.72928,8.87924,7.023131,84.88541,13.790152,3.8037472,-0.002830352,0.9227359,2.689534,2016.0044,7.832257,11.791309,8.50836
4638.7705,989.85284,17.922995,17.91287,62.746845,11.390462,0.9286099,-0.008821894,0.7541994,1.0602851,2015.0076,6.9947166,14.287226,7.327225
14089.11,1782.9817,19.374939,19.490635,63.31735,15.691936,2.0469658,-0.007217621,0.07952627,1.3754004,2016.0004,7.959094,21.08109,15.329774
3889.0264,321.2159,8.293821,6.528366,79.99783,12.801988,2.7232113,-0.005894573,0.93169844,0.1775785,2015.1747,4.045513,11.029611,6.5437717
13605.931,2139.6562,20.810404,20.957685,57.115536,17.801199,1.9889971,-0.006127573,0.16312459,1.0283024,2016.0149,7.3682656,14.4973755,14.740798
1377.3468,328.81845,5.684436,2.988154,78.99565,12.991371,2.2478871,-0.0045270748,0.7450417,1.8567529,2014.9934,2.6210117,17.422346,7.163725
9601.798,659.45825,6.1225314,4.1528683,80.26513,13.191126,3.6535614,0.007350477,0.0595356,2.9183674,2016.0406,1.0992719,19.806963,10.278389
4019.1943,1237.0416,15.185139,14.919854,61.359177,26.619997,2.9677916,-0.007002195,0.3119186,0.5205828,2015.0459,5.5730495,15.553451,15.639998
9801.126,930.2338,14.169629,13.667311,74.20553,27.60433,3.9960568,-0.0058602276,0.24116792,2.4626012,2015.3121,10.624668,10.655032,13.375713
8874.932,628.0292,12.862616,12.678071,84.41963,13.139529,3.73829,-0.005661459,0.032831036,2.0371733,2015.2411,10.015651,10.567602,8.606186
12888.3,812.09937,15.7046995,15.315228,79.39723,15.036423,3.8173912,-0.008924258,0.9662356,1.5957668,2015.8401,8.403849,13.564338,13.01246
3333.0405,792.5732,10.999563,9.414037,72.4536,20.052526,3.493282,-0.004516372,0.19482465,0.4195774,2015.0684,4.4009233,14.810721,14.186214
5614.469,1344.6747,18.37674,18.471628,65.96672,15.303555,2.5078344,-0.0058567277,0.09934337,1.3116597,2015.0493,7.795107,17.494572,14.114367
8142.532,486.4888,6.3765965,3.7445812,77.81858,14.71868,2.8342593,-0.0016852499,0.80595803,2.7081792,2015.8625,1.4337288,14.639022,9.888179
5283.822,811.13354,9.088994,6.945271,76.9074,17.579208,3.0721905,-0.00054948713,-0.014161267,2.9640498,2015.3674,3.5078676,8.816828,10.098206
7470.828,1143.8109,15.429825,15.021461,70.338615,21.211292,2.8167777,-0.009664048,0.77119005,2.2437668,2015.0342,10.348107,15.559863,15.790264
8778.563,645.4582,3.8076332,1.5263982,73.640335,13.217725,2.4443698,0.015239561,0.12851453,2.9176288,2015.9764,0.477152,26.388475,9.308068
10947.519,416.5389,6.94698,4.580883,81.50791,11.647895,3.0591009,-0.007100226,1.0693655,1.3776768,2016.0504,2.708906,20.318546,9.413247
15017.808,2075.3752,20.611301,20.6753,58.333466,16.091389,1.4211508,-0.0051594744,0.2155638,1.4324148,2016.092,7.97297,28.341125,13.889158
3789.5469,1946.1974,16.157848,15.981693,53.212185,21.16064,1.8627393,-0.0053869854,0.14539659,0.40062037,2015.0586,5.3521132,13.18657,14.942821
6107.7554,661.69965,12.7079315,11.730953,77.76344,20.640884,4.36898,-0.006130123,0.53284734,0.8120478,2015.2852,5.7215524,12.177942,13.9779825
11503.615,1586.625,15.256154,14.775589,63.598,22.294792,2.5555701,-0.004615787,0.34615052,0.8293623,2015.8673,6.3524957,7.3762617,14.503233
3859.7715,614.9762,7.9174604,5.843652,79.311134,14.691131,2.9543862,-0.0036085707,0.061722763,2.512234,2015.2725,2.8017437,10.621062,9.161738
11505.02,1327.211,9.48991,8.523339,77.262665,11.303816,2.4490855,-0.0037961,0.019024096,0.3912404,2015.9806,4.7759466,19.380648,9.855939
5033.0225,828.93207,9.6146345,7.7702584,67.73225,19.909712,2.2593474,0.00083872926,0.3353882,0.23963432,2015.3473,3.84056,6.479513,11.797004
13846.721,1364.104,10.324977,8.887576,78.949135,15.696598,3.017908,-0.0019062862,0.031568237,2.4698951,2015.9049,9.125824,8.314347,13.34897
7260.5474,934.9246,8.856733,6.5718517,69.058235,24.612906,3.5231886,-0.006610041,0.76106954,0.37438932,2015.625,3.0426743,12.569891,15.3646965
3380.6128,860.681,13.329007,12.780454,66.871216,15.617878,2.2508502,-0.0046820636,0.70254475,0.31883588,2015.0265,4.968924,15.070312,10.706548
4665.6934,1615.3795,14.047059,13.525808,57.73336,19.660065,1.8059613,-0.004428468,0.08222572,0.27946094,2015.2043,4.681328,11.363635,14.16795
11758.524,1254.7106,13.013832,12.527311,79.51175,14.861409,3.6028016,-0.005188286,0.046045057,1.6565741,2015.7285,8.431392,8.733793,13.402796
3950.1191,1182.9275,15.176446,15.088654,63.051937,17.11102,1.9601052,-0.0047549806,0.65953493,0.66508526,2015.0236,5.9288063,9.999134,13.007715
12221.87,1978.3153,19.163918,19.22796,61.29104,20.149712,2.43928,-0.005291901,0.15907674,1.2154844,2015.8275,7.7673225,11.016221,14.72757
4117.721,1920.2937,17.785658,17.866096,54.3694,19.591206,2.0226994,-0.006750548,0.68149394,0.633572,2015.0317,6.057589,13.651762,15.3116865
11701.179,1407.3364,11.706459,11.054303,79.71328,11.799015,3.3612576,-0.0031507213,0.016829006,0.5623362,2015.9451,5.61922,15.251318,10.784288
9401.79,198.95975,6.663802,4.5350304,86.3719,12.154379,3.9956746,0.002664468,0.62298536,2.9191632,2015.9927,1.8099424,15.463201,4.119825
14545.265,576.7549,14.601416,14.087504,77.099106,14.251981,2.1229985,-0.005415713,0.79935855,1.8605031,2015.9996,8.856695,15.912387,7.1360373
16314.933,185.20566,7.2308283,5.477588,86.96752,9.655611,2.5934453,0.7430194,0.0057325577,2.283316,2015.9932,10.9934225,24.253971,3.2339966
5680.409,608.4589,13.79068,13.399219,76.556656,14.857526,2.5381205,-0.0044927313,0.06704714,1.460232,2015.0377,8.253724,13.978821,8.647293
14243.747,214.47281,12.431897,12.137823,85.14708,10.729385,2.874107,-0.0035322395,0.47330263,1.3676295,2015.9927,8.19597,17.799723,3.1710074
8019.6304,214.33853,13.54985,13.529503,85.42448,10.982012,3.062394,-0.006074797,0.05517087,1.6635808,2015.2012,9.103812,16.553122,3.242576
9356.489,318.96713,7.2430353,4.991049,79.84194,14.210463,3.1463935,0.00011047599,0.38179448,0.3275558,2015.8472,3.3550992,11.838418,7.9312377
13302.147,946.8957,14.682265,14.470828,74.332436,16.103827,3.3585577,-0.007796386,0.32076335,0.9268934,2016.0243,6.728003,13.909676,15.025793
15687.065,597.17505,8.406623,6.4697347,80.723816,16.518707,3.3671591,-0.007431501,0.9530121,2.7769966,2016.0762,8.87369,21.561024,17.269516
7864.4497,366.74265,10.566858,9.2068815,84.59014,22.360977,6.8997054,-0.0062499116,0.59977084,2.7384787,2015.313,7.8508873,15.721467,11.272175
15831.412,946.66504,8.415429,6.5022273,79.1949,14.924763,2.8853707,-0.0016386167,0.078767724,2.4084115,2016.0253,10.083487,17.543879,16.495173
2174.9448,414.3007,7.5260487,4.983413,76.01299,17.258621,2.4506676,-0.0074943057,1.0604987,0.76413745,2015.015,3.5903342,14.937659,7.851808
13982.029,3020.0598,23.449165,23.475277,48.531685,21.9241,1.6637803,-0.009373524,0.61314505,1.1769222,2016.011,7.7518883,16.565445,15.496933
10452.091,1128.1458,10.252421,8.902527,65.16825,16.049095,2.8337188,-0.0033799552,0.509747,-0.03575094,2015.9456,3.3602176,19.109283,15.8008
14882.422,702.99115,14.92051,14.541253,76.759315,14.349526,2.1795301,-0.0040078717,0.25411496,1.8536179,2016.0177,9.052008,15.657775,7.945646
14638.59,532.47473,16.136713,16.086342,80.62965,12.602695,2.6646774,-0.008183991,0.8776094,1.6702229,2015.9954,8.493677,20.87111,6.68058
15393.202,600.1623,9.546052,7.7991147,82.43339,12.331452,3.0842698,-0.011693572,1.2746783,1.9655985,2015.9961,9.825034,17.203432,13.516546
11830.899,1002.53015,16.086784,16.04795,70.83043,16.117233,2.6173,-0.0046950798,0.34166378,1.0381938,2015.8412,7.1059747,9.229255,12.515613
6229.585,1204.4374,5.039426,2.7556663,81.310234,10.043547,2.3364189,0.0005840293,0.015491,2.8029199,2015.5807,2.0515897,15.978075,9.440969
12615.304,36.697296,8.498891,7.110029,82.96721,10.49905,1.7865514,-0.0016913891,0.13459873,1.1194259,2015.9943,6.198713,10.76133,-0.08616995
16077.383,870.8443,8.727618,7.3994956,82.779785,12.263576,2.7852185,0.00040600885,0.032580696,2.4102616,2015.9854,11.026961,13.830071,13.39401
2076.4292,606.0161,3.9303415,1.4631724,72.19477,11.721962,0.53590685,0.0018583022,0.109801106,2.625587,2015.1381,1.8157469,16.582382,9.678732
10413.311,1598.0563,15.533382,15.384835,58.389095,14.411262,1.9226154,-0.0036395316,0.06879454,0.3222932,2015.8087,5.078347,19.267021,13.160415
13548.221,938.60815,16.32164,16.21049,76.9836,15.772501,3.746612,-0.00802789,0.80762243,1.5092695,2015.926,8.289423,16.255424,14.432378
12805.594,2573.582,17.78809,17.63327,70.77925,12.226652,1.9797477,-0.0021360752,0.03148053,1.0594994,2015.9335,7.1239448,14.938422,10.408672
2891.73,753.0968,10.058566,8.777624,73.008545,13.507174,2.5821311,-0.0036328502,0.023198254,0.11999135,2015.0328,4.094859,17.570583,9.353965
2781.8687,351.48355,8.355257,5.7213607,79.49416,26.764788,4.9467864,-0.0064931563,1.0812501,3.1090333,2015.1575,2.4447668,17.387281,8.95026
9205.838,1133.2219,18.506863,18.48804,69.33131,12.450548,1.9813417,-0.010066551,0.9084731,1.2299131,2015.478,7.639692,16.800732,10.179452
1552.9972,307.14352,3.788491,1.4335027,80.93761,10.452056,2.2165692,-0.00016557547,0.3671748,2.9142885,2015.0985,1.480961,19.399689,5.489673
6703.9443,466.73715,11.284763,10.528096,84.58203,14.8781,4.3030577,-0.0055677216,0.05803936,2.1512966,2015.041,9.289754,20.276505,8.718018
13049.647,904.4837,14.055536,13.899969,79.81388,11.675681,2.5349598,-0.0027398944,0.006717137,1.1502215,2015.9475,7.3384743,11.671137,6.051429
13559.526,471.9487,11.064741,10.014356,84.61804,17.437113,4.6759014,-0.003867402,0.84050953,2.5862455,2015.6917,11.055923,16.43224,12.536174
1944.108,1543.9027,9.897481,8.3292675,65.57151,17.634918,1.4176357,-0.0020370197,-0.0011233175,0.076233074,2014.9629,3.5299263,20.483047,10.612849
11758.401,2610.7893,19.95456,19.843288,50.132862,15.84859,1.6254561,-0.0055499594,0.04239232,0.5035572,2015.9044,5.8888764,17.32949,14.22926
4589.9053,1357.2031,15.947162,16.05661,63.084766,16.913002,2.0528364,-0.006799487,0.037266262,0.6878999,2015.0692,6.2544456,12.573138,14.245827
10599.844,599.6454,6.3022037,4.1023126,76.550705,10.72683,2.136837,0.00023315911,0.12668468,1.1671346,2015.9563,3.2928295,22.294027,12.319703
6011.577,526.07806,13.325431,12.835672,78.11163,14.506349,2.7962265,-0.0038753666,0.17555231,1.1017487,2015.1774,7.145261,9.283113,9.024804
4353.566,597.8563,14.409096,14.097703,74.199104,14.823114,2.99715,-0.0041484158,0.49420092,0.7341414,2015.0358,6.150702,18.49282,8.704653
10394.222,333.79733,11.366305,10.436898,79.73694,13.016939,3.6722472,0.0019059095,0.4934915,0.10585694,2015.8917,4.0896554,17.698494,6.4848123
2177.9668,1131.6274,11.179777,9.659478,57.926342,30.979317,2.4837499,-0.008354389,0.88754386,0.0695719,2014.9924,3.6211333,16.573582,14.210896
15141.212,1194.5087,15.293303,14.989644,72.255646,16.102255,2.2595823,-0.003942964,0.20868193,1.966734,2015.9764,9.503946,25.22185,10.525507
10946.399,665.5743,15.973043,15.930336,78.734,12.881667,2.9270153,-0.0054113115,0.4749261,1.5466805,2015.6112,8.572556,13.078794,8.164831
4818.568,1809.8391,19.254572,19.304813,55.41072,17.728468,1.8749437,-0.0062415055,0.1681951,0.91960377,2015.0449,6.714827,15.974101,14.80312
4625.0225,1774.0221,18.839909,18.941986,53.732174,19.175001,1.7739744,-0.006357427,0.2940889,0.78970975,2015.0453,6.289339,18.608822,14.598828
8654.731,331.80612,6.7498937,4.6668863,85.77515,13.047516,4.8960886,-0.0051288656,0.43702865,2.8367767,2015.8684,2.091756,14.929226,4.37276
784.41754,519.3992,3.1514566,0.7425818,81.410904,9.676903,2.5577564,-0.0029795275,0.051674403,3.1630125,2015.0442,1.1123534,21.834776,5.8672523
12685.227,1371.1346,18.043964,17.935024,62.00568,13.503563,1.820424,-0.004213437,0.005864254,0.6761874,2015.9811,6.20234,15.586694,10.903127
10626.547,477.92178,7.999656,5.9928246,75.637924,15.34182,2.7207778,-0.00017704192,0.55414116,0.19988267,2015.9813,3.6592352,12.672546,10.24098
7447.591,808.7791,11.598217,10.062283,70.952126,21.532314,2.2928321,-0.0034864687,0.06578524,2.2113135,2015.0858,10.001759,15.6521225,9.963247
4799.8926,2155.3386,19.888206,19.830927,52.31082,16.924805,1.6433461,-0.0065923478,0.19732063,0.9088181,2015.0458,6.6085105,15.624922,14.447722
5391.34,452.26785,16.272533,16.119947,70.20858,10.866252,1.3928792,-0.0080488855,0.08368883,1.0620512,2015.1028,7.2560983,9.074242,4.492715
5899.342,698.18756,13.69287,13.233808,76.03237,14.231891,2.9546244,-0.0064482796,0.8569846,0.80064714,2015.2302,6.1984935,10.935787,10.398361
15562.534,1628.5474,9.329217,7.9555893,80.74687,14.304347,2.944444,-0.0029979695,0.013345561,2.4875107,2015.9631,10.921845,9.067222,14.417323
7284.9746,637.28986,13.703509,13.364705,80.23839,16.39225,3.5234106,-0.004736615,0.471302,2.294113,2015.0146,10.512045,16.211834,11.071379
6603.816,3566.4976,12.692425,12.481137,79.529274,13.704131,2.1204185,-0.005830416,0.006365708,1.8189944,2015.0336,9.297928,17.889349,9.143998
12968.251,235.13644,5.1598005,2.5345492,84.08119,10.384749,1.9795989,-0.00718419,1.1296235,2.5408108,2016.1101,4.9561777,20.72535,5.36829
13176.176,852.5441,8.25012,6.107256,77.213715,14.987443,2.452975,3.1691685e-05,0.045945667,2.2549307,2016.031,6.3320193,16.769228,13.786935
12897.372,342.51987,13.396053,13.182043,81.50554,11.041905,3.0642958,-0.006121948,0.82828486,0.49133733,2016.0189,5.7727294,20.09292,5.472315
4931.5576,1348.2671,17.105572,17.275667,65.05513,18.22829,2.5782943,-0.0084328065,0.4387683,1.0691915,2015.0189,7.2002378,12.3076105,15.433505
1192.8322,233.31485,4.9238195,2.2622027,82.72809,11.257617,2.3151362,-0.008867801,0.60693175,2.8632483,2015.073,1.706925,11.065466,3.3687499
13137.183,370.98264,15.185372,15.232834,82.80918,12.01572,3.2229724,-0.006179267,0.7797782,1.1523279,2015.924,7.565298,15.572333,5.3875012
1071.1442,996.20557,5.9700065,3.3765235,75.85026,15.135123,2.7281754,-0.003403702,0.0057850396,2.7809525,2015.0155,1.8268291,18.802809,11.352294
10938.389,26.658478,8.081947,6.5712676,83.09946,11.566591,2.8015015,0.00039905374,0.67045194,0.13468592,2015.9783,3.7125537,21.252707,2.864199
15054.265,707.5768,13.030569,12.118518,82.72915,15.03047,4.05919,-0.009259102,1.0002882,2.1220908,2015.9551,9.8872595,16.026327,15.469792
9738.844,936.4935,14.92404,14.6810055,77.402916,18.224277,4.063642,-0.008209907,0.34479928,1.9001836,2015.3925,9.407984,10.419715,14.858761
4136.37,311.1981,11.661729,10.828434,80.88943,13.471687,3.4685802,-0.0024604772,0.094711535,0.5897114,2015.0596,5.4814,17.051334,6.5551085
12184.466,880.48083,11.490262,10.500133,74.05018,16.786985,3.15798,-0.005571158,0.27994287,0.72185534,2016.0039,5.5566835,12.740693,14.70133
11894.751,1334.8107,16.358446,16.208246,65.372604,15.565069,2.7547462,0.62918574,-0.026390918,0.62728477,2015.9111,5.974162,23.46891,15.152698
6621.1436,438.75284,12.93003,12.341879,80.45944,26.616667,4.568408,-0.01098466,0.86007684,2.1624079,2014.9651,9.885927,16.038069,12.269921
5489.3286,708.1384,7.920992,6.1157336,76.68346,12.886394,2.4405556,-0.001982921,0.025761463,-0.0075288583,2015.3954,3.4870758,13.754972,8.722342
4541.141,878.51276,14.643586,14.41011,65.33823,27.562178,2.9984136,-0.0076498888,0.67672557,0.8579967,2015.017,6.4213033,24.778124,13.673583
14004.318,1246.098,12.059906,11.515385,81.18805,13.207932,3.5367527,-0.0040412615,0.019571148,1.5425489,2015.9784,8.448799,10.8284235,13.547747
4592.964,726.50464,13.683513,13.2083025,77.99812,16.299995,4.26982,-0.0064528766,0.06767044,0.81793714,2015.0435,6.3897023,15.789096,14.132325
15079.954,341.48013,6.532596,4.501499,86.34592,11.532367,3.4584832,0.0026732075,0.49670738,2.4231668,2016.0116,9.1496,20.136173,10.461826
2852.73,760.95844,8.934696,6.7718725,75.640724,17.385052,3.6910992,-0.004948625,0.28133175,0.35350147,2015.0554,3.7772648,15.499136,15.130628
1264.069,680.02997,4.0167804,1.6445689,79.4516,9.574691,1.3045236,-0.0031111178,0.039250858,2.0940523,2015.0125,2.120188,17.675293,7.3013525
5333.836,2133.762,18.582191,18.61844,63.337765,14.387421,1.8564844,-0.0072987988,0.014826617,1.2748679,2015.0201,7.7311745,13.315658,13.835599
9415.082,568.97656,5.609461,2.9392447,74.06879,13.604351,1.9201883,0.0013655934,0.8031254,2.8229063,2016.0074,1.3952061,18.399302,11.1939945
14748.754,3385.0535,22.04137,22.222198,56.46146,16.171377,1.5625794,-0.010009301,0.055058382,1.2904724,2016.0582,8.006329,24.132181,15.123837
5930.3423,1523.5565,9.154772,7.4694047,62.864647,17.618595,2.1490507,-0.007016638,0.022684835,-0.1252683,2015.4615,3.2360873,16.086367,15.742217
11860.056,1020.14984,13.371893,12.952422,79.55336,17.800602,3.8670378,-0.0058871727,0.08344229,2.466957,2015.5042,10.880859,17.224243,14.48192
12676.958,730.1941,16.508877,16.508715,73.10911,13.364965,2.3734357,-0.007580684,0.8110216,0.8847021,2015.93,6.899178,14.197092,9.005722
13878.255,314.70224,16.41549,16.58229,81.451256,12.159209,3.0043423,-0.004223564,0.117514096,1.3263024,2015.9674,8.093281,17.38949,3.4309762
15274.917,1068.6123,14.431036,14.056092,75.22091,18.190712,3.15038,-0.006366763,0.1713424,2.0897899,2015.9747,9.919409,15.221211,14.69358
5745.436,902.6999,10.250322,7.872626,70.03132,29.108578,3.5982385,-0.0044086794,0.3516728,2.8441122,2015.5536,1.901815,15.057207,14.724628
5534.1274,489.4243,15.810784,15.80907,78.49337,12.39711,2.8808732,-0.0056847553,0.27808017,1.4168857,2015.0123,8.2886,13.72661,7.1300373
14785.303,580.3312,14.219771,13.912523,80.37404,11.467638,2.6734824,-0.004583675,0.108281545,1.5696871,2015.992,8.743296,22.537008,8.955868
3754.686,515.36487,9.985806,8.335929,76.848724,17.722446,2.8253012,-0.0029884793,0.22098255,1.5267713,2015.0347,5.537141,14.6475315,8.902879
13420.884,1105.7292,13.631422,13.525245,76.8411,13.859868,2.3770435,-0.0031341196,0.0008231318,1.5186224,2015.8948,8.577855,6.604167,9.591848
7277.7876,1027.4922,14.642491,14.517143,70.56418,17.78576,2.5118718,-0.0059207636,0.106246896,1.9895041,2015.0532,9.798311,20.387548,13.189357
7950.6855,248.57742,8.503977,6.947742,80.28796,12.52169,2.4049807,-0.00053809147,0.035282396,0.5507747,2015.6047,4.344681,10.093609,4.211028
3363.7578,1429.8915,12.878194,12.381483,59.99055,19.758667,1.9573532,-0.005285013,0.03546124,0.17983226,2015.0647,4.445909,13.336093,14.8286705
15654.778,454.6915,10.717234,9.6870575,83.281525,12.400398,2.8433735,-0.0016281318,0.6889951,2.2912402,2015.9755,10.354253,21.350233,8.121045
16858.781,1223.9542,8.8294,7.5101147,78.82561,13.930446,2.1623476,-0.003362463,0.018188946,2.5154765,2016.0294,11.577925,14.652532,15.490598
13616.057,1172.7579,17.146053,17.15233,70.85379,14.654408,2.6930163,-0.006835719,0.60506755,1.1411816,2015.9935,7.3817887,17.795504,13.867771
5827.832,1664.312,17.596472,17.55566,63.39892,19.51568,2.3145924,-0.015852617,1.1593263,1.0715206,2015.1389,7.2836137,8.817755,15.539434
12772.699,799.1886,13.518831,13.040687,75.41363,13.733257,2.8430102,-0.0045010666,0.052537136,0.6607737,2016.0184,6.008757,15.380543,10.922296
10254.302,792.79913,8.51302,6.318275,76.59582,17.370441,3.3023589,-0.0023065426,0.090688966,2.835515,2016.0487,2.0519607,16.257256,13.8388605
14636.948,1163.733,12.102493,11.057133,71.4535,25.514612,3.0622065,-0.0048725302,0.026210852,2.329848,2015.9677,9.40615,7.6874475,13.5015335
7230.933,960.31256,13.951241,13.529001,76.55514,21.522255,3.6958163,-0.008253784,0.07337179,2.1967325,2015.0294,10.307498,11.002561,13.688383
9593.177,527.4714,9.35085,7.4138594,82.31547,19.792812,4.97229,-0.0038965654,0.6058697,2.8851027,2016.0233,1.6688348,15.752465,13.336422
8857.619,1428.037,13.061139,12.727934,81.89058,12.105539,2.6867745,-0.005364062,0.034899615,2.0560858,2015.2343,9.844964,19.21091,7.99289
4657.762,2156.41,20.525833,20.589806,47.02893,19.638184,1.4300374,-0.007586242,0.09025759,0.77034575,2015.0426,6.14353,24.26017,14.45894
3771.5596,363.067,11.997075,11.160413,81.01162,14.070733,3.1676464,-0.008887545,1.0760119,0.7194101,2014.9897,5.9127483,15.034926,7.545126
4149.293,1297.7792,17.846771,17.880672,58.43686,12.085509,1.148186,-0.010453553,0.823197,0.5827224,2014.986,6.1178827,19.72653,8.909595
5604.9897,407.7357,13.786681,13.604871,73.86312,10.852124,2.1346753,-0.004334682,0.07785968,0.4736921,2015.2244,5.6096315,16.607613,3.5979912
8837.221,1146.5587,15.24271,15.059644,75.30129,11.339273,2.6786485,-0.00425264,0.0013815081,0.8254875,2015.5299,6.5825434,15.325458,8.8397
10184.232,1075.6024,12.447929,11.394546,80.96469,19.382782,4.320928,-0.004173731,0.022328816,2.2646255,2015.5138,8.409866,13.067239,15.171891
14084.47,3061.6934,23.346684,23.427322,47.525463,17.89421,1.4339591,-0.008944222,0.21568282,1.0756178,2016.0402,7.5058746,19.314957,15.716712
12124.637,148.20828,11.039264,10.24821,84.66495,11.121867,2.9440484,-0.00033857982,0.047101326,0.9139382,2015.9341,6.1434536,13.988479,1.6507981
14948.773,431.4067,14.635588,14.347644,78.75228,9.576213,1.0014141,-0.011753117,0.99673223,1.7251601,2015.9758,8.774695,28.86062,5.26637
6625.273,1428.7781,16.76831,16.831089,69.206696,15.803693,2.4596925,-0.0069399267,0.05055263,1.6943239,2015.0613,8.947672,17.796764,14.122413
8977.492,413.38864,12.913212,12.36039,79.73011,11.728603,2.6615846,-0.0032444645,0.024943493,0.8972007,2015.5581,6.5056987,10.70297,4.9973645
3304.4531,2032.909,12.897439,12.036965,56.10738,28.968952,2.2944748,-0.0053355596,0.02671554,0.17217855,2015.08,4.2801924,12.087001,14.818169
7765.749,1132.0575,14.438665,13.909102,68.88063,18.69664,2.2274735,-0.007011683,0.80291265,2.1413817,2015.0948,10.001889,21.78221,13.734159
17021.95,541.95355,4.221329,1.9649825,90.13045,8.07426,4.492427,0.06685502,0.005156121,2.5594053,2016.0099,11.653681,20.197073,7.4297147
4137.369,505.82266,6.2830634,4.1148252,83.01224,12.866912,3.8761952,-0.0020279132,0.29946178,2.8099964,2015.383,1.8245393,17.346489,8.855128
5920.379,931.55994,13.1594515,12.835263,77.128456,13.207714,2.2095253,-0.005216704,0.025274403,1.4471886,2015.0618,8.204976,14.081607,8.052072
13765.499,1493.5044,19.52139,19.639109,63.03932,13.026236,1.719939,-0.00577346,0.021170847,1.2287463,2015.9889,7.390706,23.905567,12.021656
377.70078,1220.1428,4.5274644,1.4502778,68.57265,14.000739,1.105695,-0.005122527,0.056100406,2.9835808,2014.9867,1.0946165,21.961647,16.370193
3526.872,1767.6536,16.335426,16.34435,52.31522,17.60944,1.4347023,-0.007883922,0.00036661982,0.34397796,2014.996,5.2642303,22.178112,13.955666
13097.786,2655.348,19.199793,19.221268,58.85969,20.171726,1.9411542,-0.005862878,0.033130504,1.3233343,2015.8872,8.063928,8.253708,14.021202
11808.489,2842.7307,16.31498,16.309032,69.151245,17.818508,2.5804667,-0.0036736776,0.026429333,1.1200198,2015.8197,7.2824597,9.475188,13.590201
6878.1772,1937.5529,20.70801,20.710405,57.120827,16.02121,1.7677447,-0.0064167543,0.44453546,1.2488766,2015.2294,7.4960165,17.690132,14.963093
4674.782,1647.0752,20.821302,20.702862,51.662197,13.221969,1.1855818,-0.008531199,0.30796432,0.93602425,2015.0114,6.7664776,18.07453,11.509441
9076.637,-228.02243,5.8774686,3.495842,86.952194,10.9259815,2.8848422,-0.00012846041,0.7858904,0.61193,2015.8368,3.1537986,12.758413,-0.5005405
16938.23,197.78409,4.7462254,2.687777,88.61868,8.27155,2.1734033,-0.001200407,0.885169,2.6683595,2015.9966,11.787346,22.692759,6.270289
7376.204,689.1878,13.286675,12.894183,79.43807,17.595749,3.4253836,-0.004583321,0.3897044,2.4172134,2015.003,10.967835,10.96956,11.602412
13762.675,622.87396,16.531935,16.568117,78.482605,12.080221,2.617581,-0.0044318247,0.02008482,1.3213423,2015.962,8.042641,15.577462,4.97674
2043.8615,1084.5544,8.201145,5.3111963,64.54973,26.118193,2.3997726,-0.004993019,0.14665425,2.697232,2015.1493,1.73407,15.6374235,15.918845
1209.6168,1007.4639,8.588568,5.962825,66.07635,26.304405,2.9503505,-0.009188303,0.038329877,1.5949798,2015.0298,2.040408,16.840515,15.507221
12265.108,1231.2666,17.781271,17.864042,69.94749,15.982088,2.6457307,-0.007396051,0.71252644,1.4707867,2015.7819,8.267177,13.8095045,13.814759
12839.705,2873.7427,20.702065,20.659235,55.07862,13.167054,1.4875306,-0.0041317637,0.040625773,0.7430593,2015.9791,6.4609404,18.74106,13.250549
14306.474,591.78784,15.0589,14.993848,79.80185,11.549817,2.536271,0.29571065,0.060876854,1.405933,2015.986,8.136401,23.993849,6.861008
7394.5967,506.38132,9.918082,8.604635,80.06026,17.703197,3.7458398,-0.0049833353,0.057235517,2.414506,2015.0685,9.9074335,22.994698,7.1138506
11007.964,206.8591,8.589156,6.974064,83.76416,12.485266,3.0685186,-0.0011419014,0.34904653,1.4119034,2015.9506,4.498231,12.896115,4.072316
13016.398,2648.7866,23.497303,23.407705,43.60975,13.770219,1.2228214,-0.0065772696,0.26483792,0.9614834,2015.958,6.824562,22.539757,15.115715
9557.947,1318.592,10.569432,9.688984,78.41953,14.613555,2.8177807,-0.003517817,0.0320353,1.9338456,2015.5905,7.13465,6.4024982,10.646062
10305.287,638.1537,13.723546,13.359075,82.82859,15.905037,4.5423436,-0.006400076,0.5424024,1.9555271,2015.4581,9.388922,10.56258,13.343624
9674.16,585.4107,17.78795,17.810604,70.068886,11.958667,1.6629561,-0.0073045283,0.15869418,1.1541806,2015.5599,7.480836,12.444511,5.9710155
2883.7793,1245.1653,12.212039,11.03771,58.92491,26.60989,2.6322424,-0.00595168,0.14133134,0.20121162,2015.0305,4.1851015,16.77095,15.526503
12201.499,271.63602,8.868098,7.548762,84.68786,11.046915,2.4254289,-0.0075904257,0.9198307,2.4615834,2015.5514,10.955226,10.3628,4.1265206
-621.57074,-87.070404,1.2743384,-1.5527844,84.98115,6.3885407,1.257217,-0.008162607,0.6473923,3.2511625,2014.9446,0.54508126,15.068043,1.203335
2657.4258,1715.3994,11.034301,9.748099,58.167927,23.174587,1.9360819,-0.005710078,0.018925987,0.091155455,2015.0361,3.831696,13.938294,15.107364
11119.779,913.0785,8.928434,7.3266006,68.97506,14.120555,2.5855358,-0.005630085,0.4644193,0.3445299,2015.9812,4.164852,24.083086,15.781876
15709.333,479.5737,8.4756565,6.983066,85.12756,11.829176,3.2040105,-0.00027359586,0.49799937,2.390837,2015.9471,10.830447,17.837198,11.662541
16643.938,839.732,9.854896,8.567566,78.81218,14.290229,2.2655427,-0.001867031,0.2347756,2.4816065,2016.0164,11.263568,24.0082,11.679693
7550.975,1683.8617,15.934457,15.863658,70.623764,13.3213415,2.006279,-0.0049583106,0.0055394983,1.2729629,2015.2859,7.7084703,10.488986,12.207239
12086.655,171.40866,12.006323,11.4865,82.00957,10.92005,2.658544,-0.002258829,0.010154507,0.6892771,2015.9456,6.0044317,13.73225,1.4770291
5961.22,1717.9569,17.457674,17.589264,62.945568,17.93968,2.1317282,-0.007420895,0.04885254,1.157805,2015.1287,7.4426527,9.300283,14.700616
13854.373,1082.7618,17.093086,17.174212,72.928185,13.8419485,2.393826,-0.005211079,0.020408355,1.2838228,2015.975,7.9622216,14.36186,10.105376
11209.679,2601.9636,13.083683,12.178436,52.645298,20.456032,1.7960976,-0.0064667757,0.18284176,0.071427986,2015.9913,4.262039,19.011381,16.116457
15609.158,573.6111,11.862223,11.054748,82.88326,12.604803,2.8929312,-0.0024495397,0.12950866,2.1367228,2016.0007,10.144926,16.899164,8.304397
12854.744,271.71878,8.337841,6.7446585,84.94099,12.649393,3.2577384,-7.276535e-07,0.22370616,2.4644847,2015.9609,6.9526396,11.794336,5.1176333
7474.478,848.0395,14.9428835,14.80033,71.5111,12.620967,2.574302,-0.0042449455,0.044044934,0.6110708,2015.4053,6.0740895,16.837765,8.558949
9464.417,943.99274,15.4121275,15.323459,79.666115,13.23581,3.4750528,-0.005743451,0.04136174,1.5703288,2015.4205,8.721969,12.72887,10.6793995
11135.477,471.81937,8.336305,6.338034,77.889275,14.455549,2.9443023,-0.0031906918,0.7954246,0.66814804,2015.9784,4.25961,16.717049,11.161422
13970.369,1659.4384,14.468534,14.497964,77.580284,12.314845,2.1840115,-0.0026675735,-0.0016436065,1.2946324,2015.9998,7.871897,10.514417,8.887754
9379.433,984.2195,10.614375,9.39903,78.41163,15.7575245,3.290982,-0.0034057975,0.018169783,2.1262963,2015.7056,5.359067,7.3300905,11.410583
16303.216,557.3,7.347895,5.8311973,88.013466,10.598373,3.226906,0.0038873057,0.023840375,2.526769,2016.0037,11.107498,16.164371,8.177058
12208.841,1957.9053,17.082134,16.966095,65.87657,20.923626,2.4412906,-0.0063714194,0.047903903,1.7961024,2015.6793,9.32575,10.441958,14.652798
3494.6753,557.5028,10.513614,9.188617,81.52974,15.9397745,4.1773667,0.859765,0.09674475,0.33395103,2015.1077,4.4453278,4.814951,15.111366
13266.864,1089.8064,15.452061,15.351515,73.60242,17.303194,3.6106963,-0.009280917,0.53338987,1.0015737,2015.9984,6.961364,13.356414,16.23242
5371.3335,1813.5468,14.739552,14.400032,65.828636,22.395094,2.194106,-0.0066087223,0.034112163,1.2434455,2015.062,7.5520797,7.7825766,13.59164
5632.0967,875.1992,15.490875,15.605869,74.98221,17.820004,3.5275407,-0.0104280235,0.73907727,1.4815266,2014.9904,8.47752,14.049972,14.743021
6149.2363,535.6153,13.55639,13.215279,77.88712,16.219662,3.1895657,-0.0041096727,0.23007603,1.542804,2015.0454,8.520664,20.651342,8.533796
797.0059,471.42624,4.3031306,1.8234286,78.97965,11.052615,2.3798783,-0.0037893013,0.1674112,2.9397433,2015.0221,1.1974899,21.053492,8.762857
15290.4795,1426.6273,15.611679,15.201321,67.87254,21.135958,2.7172499,-0.008596064,0.35332406,1.8634032,2016.0194,9.309977,14.019124,16.130308
12083.264,2425.375,15.844335,15.52969,56.311134,18.05969,1.7137923,-0.006005866,0.029260121,0.29588273,2016.0118,5.204087,13.350618,14.4176
7959.559,291.48843,10.360295,9.324761,85.06031,14.009792,3.6988342,-0.00396282,0.12788737,2.3468046,2015.0914,10.646505,18.308136,4.9023232
5020.1953,384.3431,15.057765,15.175937,77.5887,11.367166,2.8227,-0.00424613,0.072596826,0.83106786,2015.0625,6.8192267,18.115246,4.7567177
4570.9927,2431.0679,19.33218,19.404125,51.5427,19.208162,1.5102847,-0.0077918745,0.012290589,0.8211875,2015.0344,6.4016356,17.996576,14.064079
11789.728,826.9155,13.029558,12.412936,77.08357,21.24796,3.8289855,-0.005219418,0.31520838,1.9789971,2015.6985,8.60067,8.56645,13.142808
14589.224,1016.1587,17.66238,17.881317,74.6301,12.520767,2.2408261,-0.0060857064,-0.013959655,1.4030068,2016.0265,8.215918,18.690334,8.32113
5434.372,942.4218,16.592472,16.660662,68.199104,18.097649,3.0181298,-0.006655156,0.35047886,1.232612,2015.0226,7.614113,21.704811,13.887533
10528.66,449.67307,5.830176,3.3810902,78.65896,12.764719,2.0534697,-0.001364778,0.4954043,2.5617168,2016.0574,2.3809273,19.593632,8.654007
11974.355,2417.8428,20.42733,20.565,54.747223,17.689976,2.1091204,-0.005112875,0.036681823,0.73432606,2015.8839,6.5890183,14.546762,15.173075
13899.388,2127.0103,18.511097,18.711493,61.022522,18.058273,1.9294877,-0.005934864,0.06485138,1.1735137,2016.021,7.59234,14.268876,14.754317
6602.408,779.3422,11.290805,10.284139,81.360794,12.7801695,3.292541,-0.0024556678,0.017636053,0.966142,2015.3114,6.095452,11.662348,8.893587
3770.4844,275.02286,5.8746886,3.1824098,84.28706,12.515014,3.8263755,-0.0060802153,1.0872465,2.877828,2015.3656,1.4736944,17.500471,6.1036882
4990.9136,308.7175,12.293227,11.63603,81.95414,13.592843,3.1002462,-0.0063586566,0.7745597,1.2328206,2015.0109,7.437866,15.11699,6.422688
1221.3683,303.8287,4.916668,2.2689948,79.51525,12.193604,1.5655957,-0.007541099,0.20321131,2.4006963,2015.0156,2.3771312,12.51808,3.648671
10226.078,1331.6431,17.47027,17.38306,64.90307,15.48577,2.4706779,-0.004463324,0.21867512,0.82870656,2015.6769,6.4892716,14.339791,13.754753
1644.3785,460.92184,7.228361,5.0265574,81.59804,14.139847,3.9355984,-0.0030279655,0.5894503,1.8811477,2015.0354,2.4791002,16.86465,10.857946
7632.9385,930.38947,14.7616825,14.655244,79.07177,16.510136,4.105522,-0.0068933866,0.20927659,2.0160723,2015.1095,9.917227,18.05068,14.248265
14149.017,460.84494,8.115471,6.245916,82.14736,13.121483,2.7565718,-0.0007672937,0.558813,2.1768165,2016.0012,8.16922,17.307144,11.1721325
2470.6758,458.27902,8.448393,6.422727,77.07925,14.40559,2.7980096,-0.003119563,0.6228223,0.13244753,2015.0242,3.6930914,15.740251,8.290624
3946.232,358.092,11.988718,11.103967,81.95567,13.857667,4.108174,-0.0022889816,0.4126912,0.48093668,2015.076,5.1508503,16.310417,8.290503
4113.4756,771.44135,14.914226,14.921503,64.04104,14.82344,2.4842508,0.121378995,0.6302112,0.12306051,2015.089,4.5928063,29.202154,7.6342835
12970.142,716.8924,12.218792,11.85882,81.350716,13.994673,2.6266518,-0.00530358,0.04932136,2.3733552,2015.6288,10.93891,17.76275,7.5352917
14470.117,1166.1736,14.994663,15.074475,78.12646,12.331055,2.3698587,-0.0038100642,0.0045284247,1.3928719,2016.0194,8.290248,14.67043,9.163651
9476.785,3220.1282,24.337204,24.241112,43.641758,16.831102,1.1784247,-0.008976561,0.08012181,1.0748649,2015.5135,7.2816753,21.40667,14.682355
6684.8955,1266.8016,14.774176,14.675957,75.33504,13.830513,2.7408364,-0.00517676,0.022770472,1.1970677,2015.2122,7.524435,12.326459,12.249016
13184.716,1093.7972,12.952289,12.267861,77.98309,16.902687,3.894375,-0.005323216,0.031111456,1.4677705,2015.94,7.7027,10.196766,14.949664
10231.148,289.02194,6.421026,3.9519887,78.063545,13.408552,2.2680516,-0.0027359028,0.95391476,-0.11191662,2015.992,2.807312,13.482481,6.1706395
9770.984,2967.266,12.900872,12.725013,80.33604,12.190431,2.4394143,-0.005448557,0.019056253,1.5769567,2015.4865,8.421422,10.873827,10.453026
4779.413,1558.2117,18.534779,18.686792,60.973286,16.870457,2.1350508,-0.0069015413,0.45609608,1.048702,2015.0182,7.056489,13.461005,14.679618
2683.8447,614.5914,8.405692,6.203125,78.21093,15.518655,3.6869626,-0.0025623732,0.17071459,0.4017301,2015.044,3.8060448,14.895927,12.231317
9894.692,395.5507,6.9725013,4.6317573,74.587395,15.788992,2.1476715,0.0021564409,0.30406564,0.5691723,2015.9602,2.9670796,10.7378435,7.821872
14699.7295,1304.7698,16.71857,16.615526,70.377045,18.602448,3.0042057,-0.008923323,0.38105765,1.6882639,2016.0039,8.790661,14.5465145,15.762842
2498.7285,461.42508,8.727193,6.6903663,75.77645,16.430426,2.7207062,-0.0011449952,0.24209093,0.5348119,2015.0162,3.8357782,18.120382,8.220147
6906.357,1203.9044,13.424249,13.307286,79.48723,13.800625,2.877914,-0.005340466,0.047593407,1.9668483,2015.0419,9.817855,13.6635065,10.848789
6856.6353,1082.2223,15.965341,16.017408,72.63404,19.506235,3.5629125,-0.009909292,0.121616475,1.8374343,2015.027,9.656296,14.472859,16.190641
2969.7915,557.9537,9.159377,6.7471294,79.898506,20.715443,4.4247293,-0.00419818,0.57282007,2.8643503,2015.2164,2.1917403,13.791829,11.903983
1192.2784,1468.7206,5.469393,2.6230636,75.22927,15.6829,2.394614,-0.002697536,-0.007820078,3.001191,2015.0347,1.6633884,17.161903,10.944009
9480.629,326.58414,11.447714,10.600091,86.46613,13.677134,4.1106687,-0.004953747,0.56965846,2.479729,2015.2428,10.837838,13.282308,7.24682
6856.1577,261.08017,16.821854,17.133932,76.77183,9.650046,2.036159,-0.0064652706,0.33344442,1.0165297,2015.2367,7.3658276,15.085186,1.8677409
5134.4863,734.6773,9.999143,8.180753,77.40223,17.336113,3.7598338,-0.0016890198,0.14683928,1.1702918,2015.3323,3.9591646,10.656958,13.0634
15765.342,2742.9065,14.670865,14.469001,76.6522,9.547646,1.1527932,-0.003026157,0.006133548,1.9941382,2016.0103,9.896254,25.402212,9.884477
9056.444,466.02127,12.346858,11.508013,75.755104,34.12738,4.1841745,-0.016752692,1.2873417,2.560434,2015.1461,11.3778715,16.22717,11.377691
5264.6514,305.82016,15.311681,15.312827,77.79201,11.093548,2.5023937,-0.005819773,0.02534876,1.0677327,2015.0431,7.474026,17.04085,3.272136
1890.1285,578.41016,6.9608855,4.687575,79.91652,14.1222105,3.6055493,-0.0026913073,0.41404662,2.0272067,2015.0663,2.424291,16.424528,12.309206
13357.1,898.54224,16.416233,16.39743,77.42965,15.544926,3.8769443,-0.0077103763,0.64714533,1.4223124,2015.9027,8.200835,14.041803,14.262653
2720.79,1053.1232,12.191381,11.1289835,62.175,31.269848,3.1214237,-0.00991428,0.89630544,0.23209004,2015.0027,4.2475004,17.878984,14.711459
5079.386,2411.5857,19.409792,19.345888,58.988247,15.978557,1.8373346,-0.0069871075,0.036443375,1.0849609,2015.0466,7.130079,14.165063,14.228029
8116.551,515.4799,5.2717595,2.6499314,75.147644,14.223087,1.3208848,-0.0012933884,0.048824437,2.5999248,2015.8768,1.3777281,10.005748,6.3434258
4227.496,3009.1606,22.22264,22.2065,38.954903,18.93637,1.1013024,-0.0085941935,0.09231844,0.68389815,2014.9939,6.012819,20.276169,14.444709
8301.071,450.9993,10.386326,8.925367,76.72697,19.725508,2.9799972,-0.005352655,0.6898532,2.4581292,2015.0719,11.169265,21.594738,8.691489
2655.8901,928.7719,10.926317,9.792186,68.22571,16.158352,2.8439605,-0.004098307,0.08621367,0.16956513,2014.995,3.9890835,20.449318,12.919227
10822.369,57.417755,7.0362964,4.90404,83.04882,12.380074,2.9409873,-0.0030612175,1.0012693,0.14946823,2016.0062,3.4707825,13.6872835,3.0525477
14699.267,1657.6509,13.862988,13.08614,65.384056,22.65538,2.355114,-0.0052978112,0.025007896,1.5470257,2016.0479,8.489767,7.3817425,14.701929
771.6514,937.91583,6.1719546,3.1012921,68.54964,21.910082,2.4790735,-0.003827478,0.123011045,3.1209867,2015.0095,1.3589331,24.037228,15.665939
5752.74,554.12946,8.72217,6.7043805,83.65297,18.07554,5.1132784,-0.00568317,0.7422937,2.7774613,2015.5814,1.7661349,15.417579,12.720472
5692.233,1121.5787,13.78367,13.532482,80.004684,13.086987,3.2210362,-0.006346745,0.024597026,1.4791018,2015.0271,8.346031,16.103474,10.150002
4265.763,1666.9363,17.902441,18.03511,51.90897,20.997406,1.7489274,-0.0065906397,0.08497328,0.5009414,2015.055,5.5071607,25.170704,14.343814
14628.249,908.43915,16.75043,16.815557,77.179886,13.626605,3.162107,-0.007141938,0.10709948,1.4969488,2016.0206,8.430907,18.619253,11.432807
5233.382,2077.4878,15.346294,15.162733,71.44467,12.988753,1.7874459,-0.005209587,0.015370957,1.199178,2015.0222,7.521853,14.468183,10.738
3115.353,750.3581,10.252398,8.541751,75.791565,17.417648,3.837102,-0.004850592,0.08919259,0.37852564,2015.0612,4.2410216,16.42966,13.841115
15587.745,1204.9136,14.499538,14.211275,74.45061,14.285665,2.3518386,-0.0043287813,0.07662738,2.008158,2016.03,9.646148,22.408222,12.795489
11858.877,438.45193,10.507244,8.988722,84.09122,16.122335,4.612893,-0.0017385029,0.71196556,2.5082161,2015.9225,5.9568615,11.566824,10.647948
11507.433,576.07684,7.6188564,5.0780354,76.10763,16.890703,2.4284656,0.0029822893,0.47302052,2.634172,2016.0588,3.9364321,14.770079,10.874445
3152.6738,2465.9026,9.313203,7.9617944,74.49887,14.895422,1.8111125,-0.0013181504,-0.015384384,0.55000275,2015.0234,4.6730666,18.032995,9.414373
9319.047,796.79315,9.212467,6.7955036,70.45805,26.904194,3.4258616,-0.0069472133,0.91693693,2.5818214,2016.017,1.0917202,16.335035,14.146335
1859.6432,194.2258,5.8404775,3.4833531,82.784836,11.030175,2.77022,-0.0024897952,0.8025346,1.3336345,2015.0034,3.1761909,15.389705,5.906779
13029.509,893.92865,13.496137,13.147055,78.64796,12.071063,3.3476307,-0.00465952,0.019281171,0.8286327,2016.0015,6.4541507,18.694225,11.703455
4889.0083,1402.3265,18.254133,18.35581,62.940605,15.712453,1.9891409,-0.007619479,0.57598066,1.1767304,2015.0131,7.4031434,11.798352,13.914599
16572.844,412.77646,9.016789,7.798574,84.694,9.125099,1.8161175,-0.002165341,0.048607178,2.3796852,2015.9714,11.176062,25.903097,7.5074883
15553.0205,967.83167,13.915167,13.322002,75.74409,14.5891905,2.7389638,-0.00786559,0.9265212,2.1710665,2015.9852,9.980193,22.953577,15.902502
12514.103,599.72125,15.347129,15.374711,75.41354,13.798931,3.2118769,0.47787443,0.2526609,0.38981286,2016.0004,5.7384763,24.09111,8.831696
2837.8848,1627.1222,12.549143,11.855754,62.26129,21.756193,2.2474728,-0.004122685,-0.016228028,0.23670606,2015.007,4.324957,19.857569,13.87893
6767.542,448.18436,11.479561,10.812244,81.40468,11.968817,2.4706304,-0.006353525,0.026545413,1.8200833,2015.0734,9.207546,17.833208,3.3359168
6517.175,431.26932,10.699191,9.60435,87.79845,16.467028,5.3933425,0.5167112,0.3482777,1.5250503,2015.3647,5.142766,12.969456,11.801191
12378.448,1885.6254,18.060818,18.005478,62.677895,19.231068,2.939412,-0.011619699,0.9661957,0.7774736,2015.9219,6.6412582,12.6173935,17.232368
5498.55,995.8147,7.3635473,6.081132,87.73617,9.81482,3.0718312,-0.004450658,-0.028776862,2.4584424,2015.0316,7.610071,14.886202,4.7581425
7278.1035,68.25552,10.036948,9.376706,90.49023,10.302849,3.9745193,-0.0041358224,0.63915986,2.2159243,2015.0465,10.215571,17.370834,1.1017783
4389.633,809.7926,11.217735,9.67169,69.70566,28.032112,3.1251824,-0.009114028,0.123491935,1.6919464,2015.0321,6.3439193,20.205116,13.166003
15366.161,580.1195,12.22457,11.564404,81.666824,13.373631,2.6467073,-0.001771183,0.0613034,2.1373754,2015.9873,10.06638,14.229145,6.757024
5101.9756,347.5662,13.01595,12.501492,78.436844,10.123227,2.5324843,-0.0067988574,0.9476906,0.5243784,2015.1698,5.614082,14.699772,3.6952875
14026.337,1004.7894,15.183522,15.101441,80.05371,15.152465,4.2445374,-0.0056175045,0.06874936,1.5558852,2015.9551,8.584819,14.216954,13.909333
7445.695,514.35925,12.234073,11.428715,83.80149,16.952375,4.5331225,-0.004582535,0.10106868,2.4968584,2015.0135,10.733902,15.614627,10.861774
13392.318,2811.6519,20.731123,20.733156,59.565475,16.246696,1.9183955,-0.005878152,0.041097797,1.0883557,2015.9734,7.426112,14.307038,13.6195345
12306.309,730.4143,15.7493925,15.932933,80.64661,15.40884,4.3848944,0.029659163,0.40083906,1.2703748,2015.82,7.816959,16.742931,13.288398
8899.604,1439.3645,12.355579,11.895013,80.62755,14.857825,3.1608546,-0.0061641275,0.031494804,2.53938,2015.1681,11.09878,14.890441,12.90631
4689.351,1800.6971,20.240513,20.109392,50.620583,14.436485,1.3496863,-0.0075038536,0.19752178,0.87636936,2015.0325,6.612375,15.425274,13.504034
7209.263,423.2009,7.5906906,5.305444,81.12473,14.31729,3.6981592,-0.004188157,0.90169024,0.9892455,2015.6539,2.6830513,11.409811,9.17633
13993.455,868.73065,12.464331,11.362749,67.582695,10.174658,0.81683594,-0.003439532,0.08888068,1.2369295,2015.9896,7.4435863,31.748383,10.716471
13087.926,1833.9429,18.727915,18.922657,58.09065,18.037706,1.9411224,-0.0063075065,0.40363705,0.6491129,2016.0308,6.4357595,10.324979,13.91451
16933.297,664.6879,5.4078145,3.7146091,83.46715,8.112883,1.1129336,0.0008555322,0.03740435,2.5455172,2015.9636,11.84909,26.491707,10.987686
12140.029,907.7461,14.992158,14.693878,74.87396,18.223583,4.037601,-0.0089597525,0.713785,1.0769016,2015.875,6.913351,12.277749,16.043314
3288.48,2526.354,12.758895,12.141895,61.75673,20.212952,1.6505337,-0.003161128,0.035775267,0.26759747,2015.0518,4.5358596,13.079331,12.596121
5170.349,902.2182,17.62139,17.621403,66.89136,13.500072,2.2245328,-0.0056810617,0.20249636,1.0278579,2015.0497,7.0482106,18.072554,9.828182
6840.927,839.48773,10.065705,8.002921,73.73626,28.188065,4.2743387,-0.004879234,0.31194353,3.008404,2015.7218,1.6010228,16.969353,16.224173
3818.1558,457.2144,10.202752,9.406718,81.54926,10.717446,2.7157218,-0.0020697166,0.002991519,0.40513876,2015.0721,4.9515567,16.06332,4.146074
8055.0903,646.1973,12.072816,11.143537,79.09529,19.056873,3.6667733,-0.003963984,0.122485645,2.554274,2015.0385,11.318777,17.168823,11.090841
17001.975,819.1913,5.765628,3.7713833,84.81154,11.340022,3.0029233,0.002467279,0.11421966,2.7232692,2016.0061,12.038867,20.549706,15.461994
4426.28,3037.3733,23.114017,22.921293,37.303802,17.289116,0.8329138,-0.007965126,0.937263,0.8677748,2015.0079,6.2989326,20.696274,14.606815
12278.6045,1158.489,14.445319,14.019471,66.34787,14.002914,2.3484163,-0.0047374624,0.23879625,0.4907727,2015.991,5.529787,19.83679,13.87485
6840.071,1560.237,15.625099,15.31093,63.4441,25.889275,2.4565358,-0.007882972,0.050461836,1.7385199,2015.0764,9.18947,14.187189,13.8384495
11350.996,1354.8142,10.749091,9.700227,78.028435,13.313276,2.915335,-0.002120198,0.016574971,0.73294425,2015.9235,5.5722504,9.854745,11.102082
4360.7896,1485.5476,12.775195,12.187671,67.790726,18.69023,2.2291114,-0.0045126895,0.036707602,0.6516468,2015.101,5.568461,10.188331,13.9175825
4744.7993,338.4915,8.921371,7.222286,81.891945,13.002341,3.571903,-0.006679123,0.94924533,0.187339,2015.2633,4.0377717,13.435057,7.5329103
6290.221,217.74088,3.8963563,1.6662183,81.44718,8.594174,1.5491725,0.002866796,0.20265308,2.3130982,2015.5747,2.0816224,18.135872,5.322961
4797.3296,698.46606,12.203189,11.43605,71.61289,17.390827,2.336193,-0.0006724161,0.62327224,0.70757985,2015.1687,5.6040883,5.7612143,10.979103
7023.886,561.87646,8.252244,6.769469,86.387474,10.914293,3.7294831,-0.0013970055,0.0057602143,2.4537776,2015.3824,5.696036,13.770949,5.4566445
13753.431,641.8712,10.064487,8.267017,77.65409,17.38774,3.0964155,-0.007397575,0.9004865,2.128301,2016.102,6.377996,13.610932,13.684459
2850.022,1004.27563,9.402127,7.5487247,72.38794,16.419794,2.993028,-0.0044329516,0.0541228,0.25781646,2015.0607,3.8859727,14.368299,13.966948
14366.178,3044.5688,24.20428,24.33054,46.051346,19.152403,1.271207,-0.011412957,0.76731306,1.2116098,2016.045,7.8072906,19.397406,15.653006
10454.334,599.75226,7.9879456,5.7395344,77.845345,15.677447,3.2460556,-0.0034894582,0.6963784,2.4037402,2016.0662,2.143573,16.233921,12.672594
11868.481,2616.6995,17.909048,17.88358,54.43199,19.663933,1.9479719,-0.00591097,0.029113837,0.46088699,2015.9467,5.7471266,11.6083355,14.797028
7427.7983,678.5867,11.19473,9.827798,78.86307,18.268187,3.5572321,-0.0027775236,0.104282044,2.4441683,2015.2103,8.491132,8.927115,10.845597
1218.6686,-200.21237,7.5585876,5.7990665,80.57246,9.294669,1.6192533,-0.0053942925,0.75343734,0.04266946,2014.9037,3.623642,14.960869,-2.2434003
9682.395,1203.3009,12.458604,11.559811,63.891567,19.869036,2.144036,-0.001323526,0.36031014,0.2503982,2015.8134,4.5510364,6.848584,12.465417
14544.511,820.983,14.152761,13.805679,80.31735,15.205214,3.5435016,-0.0030167152,0.11071735,1.9484292,2015.9404,9.532096,13.410057,11.328878
12085.598,1077.4379,12.326965,11.32631,70.85437,20.704292,3.615042,-0.007947282,0.045964785,0.655462,2015.9918,5.4798417,11.482143,16.401176
14023.991,2455.889,20.824444,20.927025,59.644295,16.602467,1.9233496,-0.0065971217,0.040908225,1.2481081,2016.0164,7.7669034,17.653124,14.446155
4609.657,637.4238,9.292974,7.2829247,79.552086,20.25325,4.06693,-0.003011645,0.057385735,2.9218676,2015.1449,5.053417,13.358987,11.288415
10005.53,2435.6443,9.945359,8.510147,75.99029,25.95142,3.2807295,-0.00370348,-0.0008375132,2.5115407,2015.4683,9.086034,12.874436,10.636729
8069.9937,704.61346,15.344128,15.251468,73.84591,12.262502,2.6818655,-0.0034982592,0.05522611,0.75348145,2015.4459,6.444216,16.124716,7.4313793
5924.214,643.3299,14.435576,14.241643,79.26985,19.46232,4.3461585,-0.00886614,0.39666685,1.6033686,2015.0029,8.710601,14.28233,13.844348
9660.114,743.22815,10.906705,8.883314,74.457535,28.046885,4.3143764,-0.0033818067,0.43534216,2.9050415,2016.0111,1.6955825,15.279526,13.61123
6872.248,546.5922,13.515287,12.910535,77.326004,30.529598,4.4497285,-0.009729383,0.7485817,2.3287153,2014.9731,10.350011,16.805752,12.299636
14104.578,611.33563,14.406432,13.997225,82.68414,15.268676,4.203957,-0.0050346474,0.7605371,1.970022,2015.8932,9.351108,14.907951,11.850026
8061.0737,1152.9426,13.166071,12.335979,60.09978,16.038584,1.8130599,-0.004753025,0.54059047,0.09131925,2015.6139,4.3422403,15.068737,12.24944
16185.512,637.23944,11.004025,9.931064,80.95023,12.458216,2.1522985,-0.0057908553,0.883439,2.3852916,2015.9922,10.875347,21.700338,11.432271
2835.38,721.6356,12.961087,12.515704,63.47833,14.520984,1.610264,-0.0055174003,0.0307296,0.10781197,2014.9742,4.2451982,24.93516,6.1261377
4002.1108,172.97098,10.467325,9.112612,81.56446,13.546757,3.1346474,-0.0027820647,0.40215373,0.6654459,2015.0508,5.3355284,19.810272,3.5361345
10846.354,1902.388,18.528572,18.381899,61.93758,24.124163,2.9545665,-0.008717001,0.7454277,1.4915751,2015.6342,8.22346,11.345119,18.058859
12042.284,329.53885,10.184431,9.247145,77.915886,10.547953,1.9870385,-0.005106853,0.03829,0.44964185,2015.9905,5.15047,21.483322,4.3948584
10670.033,431.63638,6.9318275,5.065379,77.97141,11.867327,2.0645285,-0.0011539564,0.026997872,0.59356636,2015.9454,3.8831193,19.342558,6.492514
3722.849,874.0465,12.327189,11.361917,73.43244,18.349812,3.766368,-0.0058046016,0.060387038,0.46428874,2015.0692,4.9187865,16.42316,14.599246
290.90976,592.21783,5.7884808,3.3012996,81.06603,17.349688,4.919332,0.031535387,0.7113605,3.144387,2015.014,0.9062439,24.041641,12.8166895
5508.2,1422.6674,12.078723,11.490831,75.97439,15.286928,2.1975129,-0.004722295,0.034345277,1.4138933,2015.0709,7.6902514,7.2474966,11.594741
13684.235,570.5948,8.606285,6.5242844,79.35723,18.603334,3.5198505,0.0039628358,0.13494797,2.6321955,2015.9045,8.9244375,10.316453,10.32428
12447.183,869.1386,15.7722645,15.346415,67.05582,12.608189,1.7238427,-0.0057433615,0.39841202,0.59565276,2015.9856,5.818721,15.391578,7.85897
14872.797,595.1495,10.529309,9.2619705,79.5514,25.512611,4.1085362,-0.0045618187,0.71080416,2.789081,2015.907,10.328651,12.806265,13.735539
2868.849,328.9445,7.2647047,5.3613343,80.0484,12.089266,1.9175497,-0.005025092,0.037451245,1.6281341,2015.0502,4.241867,9.691515,4.144518
7770.127,1197.0703,6.0893784,3.1298661,68.24162,16.673006,1.684662,0.0047507943,0.08844025,2.8742533,2015.7869,1.6388179,19.39353,14.489367
10539.313,134.90207,13.670505,13.667661,85.48505,10.766343,2.997444,-0.004504369,0.12129558,1.5749882,2015.5197,8.790865,17.235327,1.7961314
9949.325,547.0522,8.978843,7.171434,81.205444,18.278803,4.7232623,-0.0069225035,0.8174079,1.6244289,2016.0393,1.84787,14.6429205,13.976249
1226.3014,647.01984,10.892759,8.907772,70.82067,36.5335,4.3693786,-0.0090737315,0.86866796,2.31849,2014.9658,2.8425322,23.003122,14.75757
11763.35,1080.8208,14.342182,14.157693,81.82539,14.224466,4.2409196,-0.005366364,0.03872221,1.7675382,2015.6586,9.119077,10.974408,13.342642
10340.67,150.8317,6.5768456,4.397942,80.542244,12.429567,2.6755137,-0.00018935587,0.50860703,-0.13467331,2015.9755,3.0596492,16.141754,4.8299427
10575.864,670.06177,7.0313177,4.7239914,74.91873,15.375044,1.8363976,0.3082872,0.13210808,2.5087411,2016.0977,2.0945508,12.191215,15.977368
4662.308,1560.0844,19.912838,19.854763,54.851025,13.22836,1.2788564,-0.008558852,0.5863391,0.9631539,2015.0044,6.816048,16.381174,11.843346
13083.24,136.19327,7.1533384,5.7871265,88.56611,9.83096,2.815143,1.14577715e-05,0.066818826,2.0479422,2015.981,6.9169025,14.121668,2.6308262
3345.3853,1456.7166,13.037305,12.397011,55.86359,18.861046,1.7895074,-0.006301475,0.14095576,0.11334376,2015.0701,4.3878593,16.571539,14.932185
5429.759,1518.9589,16.451117,16.635538,65.724785,18.31987,2.2772293,-0.007574377,0.07065857,1.1973296,2015.055,7.6241446,9.636442,14.592395
12571.592,495.23264,16.059744,16.03327,79.13499,12.754816,2.9704401,-0.0035941817,0.15973389,1.2204769,2015.8619,7.74773,13.467141,6.0073757
8522.533,505.95828,7.002623,4.4781804,80.01258,14.03322,3.6177354,-0.0040600947,1.0787303,0.7071669,2015.7781,2.8025799,14.795507,10.905282
8579.86,520.41034,13.406075,12.8687935,73.981224,12.318229,1.7818606,-0.00593871,0.6305175,0.8224504,2015.544,6.4136252,6.9330435,6.4211106
745.2911,245.96286,4.5065727,1.862392,84.24307,10.559552,3.381535,-0.006434023,0.7329219,2.8133337,2015.022,1.4448682,21.342943,3.5308645
11550.247,1090.6853,16.05545,15.972864,73.16735,11.97607,2.2444022,-0.0032140233,-0.007285037,0.9040946,2015.8224,6.7525387,13.180085,8.477045
6293.5693,1514.6107,17.025679,17.165705,63.874046,17.806131,2.273427,-0.006832575,0.04209601,0.94525313,2015.2097,6.9046435,10.420109,14.510488
13217.439,1971.8406,21.04008,21.088123,57.09306,15.71779,1.9827513,-0.0056911646,0.1661524,0.9913497,2015.9688,7.2330317,16.817648,14.268853
8279.694,441.97775,15.385751,15.280236,79.02989,11.0296,2.8694434,-0.0037444916,0.027526848,0.9978492,2015.4254,7.0547533,14.142533,4.6194463
14106.541,978.8396,16.872505,16.940428,75.72079,14.761366,3.5534935,-0.0104997875,0.8462077,1.3524424,2016.0015,7.950532,18.416594,15.484359
7677.0757,1383.6705,17.3662,17.095926,68.41658,16.612402,2.4695482,-0.016090171,1.2249111,1.593783,2015.2369,8.573073,12.1751375,15.341548
7829.533,1162.5684,16.845772,16.869928,71.281204,12.262364,1.8766963,-0.006662167,0.010030917,1.6646116,2015.2085,8.915235,13.658443,9.444296
1091.9484,1125.9921,6.371683,3.4152956,71.41597,18.279448,2.363691,-0.0038898617,0.022652797,2.9750369,2015.016,1.724589,18.669802,13.440019
4795.934,1435.9291,8.047572,5.4088926,72.93068,19.156996,2.8101094,-0.0050630677,0.029068135,2.8075469,2015.4474,1.8950869,12.925044,15.001593
2468.704,1273.0652,12.55287,11.704122,54.06296,20.29126,1.4822242,-0.006134884,0.46676973,0.04670982,2014.9851,3.8524754,21.04823,13.708721
9833.934,411.8925,11.264683,9.993901,82.84871,21.809217,4.771424,-0.005334524,0.7838742,2.885347,2015.3718,9.63574,13.463993,11.621995
10899.628,678.98254,11.519151,10.116779,77.36368,22.264137,4.103665,-0.0031380646,0.44533467,2.3067582,2015.9729,4.0458694,10.446768,12.547776
4470.6323,1826.574,15.560359,15.551107,66.492905,16.155993,2.3807983,-0.005484372,0.02074077,0.6475327,2015.0664,6.13992,15.477626,14.487503
9183.158,785.5384,5.507902,3.3166175,76.4734,13.328974,2.6129868,0.0069159013,0.04591789,2.8895178,2015.9755,1.4647418,18.171633,10.193715
5105.7227,590.2795,16.44527,16.46921,71.63768,12.166876,1.9857569,-0.0059358287,0.30436334,1.1317396,2015.0345,7.3690057,14.543546,6.714564
2279.4238,626.87256,7.525404,4.940504,73.879776,14.879195,2.2760422,-0.0012267709,0.41984618,0.010028882,2014.9796,3.903727,17.26316,11.013451
9795.963,1807.7235,18.125032,18.068155,53.27602,14.9804125,1.6514988,-0.0054721213,0.6788077,0.42272606,2015.6869,5.5378923,19.397572,13.71701
5049.9604,715.91815,9.785578,7.9861093,79.5217,25.00471,4.984606,-0.014966224,1.1605699,1.4669874,2015.4338,2.3578503,15.042995,15.277531
8606.801,551.1884,10.043033,8.37045,77.78773,19.072113,3.261172,-0.004601545,0.10585681,2.5735106,2015.1003,11.4375,17.67184,9.339888
15324.449,1062.2152,15.113885,14.980654,77.2399,10.747343,1.4133509,-0.005314668,8.6746215e-05,1.8280468,2016.0052,9.328613,22.866879,7.8537583
4304.072,2141.7107,10.404856,9.338253,72.907394,16.939081,2.099839,-0.003333566,0.027336858,0.68377256,2015.1322,5.175285,9.383553,11.914505
15069.749,922.4643,11.554123,11.127905,83.8696,10.291345,2.4998646,-0.0019926608,0.011574767,1.8178542,2015.9917,9.40215,15.416278,6.811878
11959.805,175.81332,11.421621,10.987978,85.36479,11.003981,3.349717,0.0008781633,0.073028155,0.6394845,2015.9382,5.6321497,17.100998,3.4219277
1669.732,422.3206,5.818937,3.3206267,80.775604,13.258916,2.5489278,-0.0055098585,0.3333398,2.8407855,2015.0979,1.9899541,12.644316,6.2029495
5390.554,97.36624,9.98272,8.988644,84.269226,9.94869,2.0571415,-0.008881473,0.84186274,1.5634698,2015.008,7.9874353,7.7244883,1.3780253
14474.547,1607.5134,19.736212,20.707571,65.88899,9.937264,1.6770391,0.19219117,0.08884155,1.2571962,2016.0582,7.5461416,24.839897,10.913356
14726.979,1879.6643,19.183264,19.154797,65.613716,13.715043,1.4236543,-0.006892891,0.022995867,1.5520904,2016.0443,8.288018,19.07736,9.66962
8230.526,155.61026,10.606125,9.681634,78.94513,10.612938,2.7851162,0.042888027,0.12791575,0.013126178,2015.6334,3.9742565,19.263716,1.865165
10917.55,931.0592,13.3843155,12.801076,79.65723,16.76985,3.8710394,-0.0037867792,0.09601822,2.0238848,2015.5364,9.417825,9.445054,12.932031
12506.922,1276.1565,10.444678,8.948579,76.869095,18.691944,2.7103233,-0.004318965,0.055932768,2.5844665,2015.5776,11.199886,14.791128,13.133066
3300.0547,1688.9728,10.206794,8.377115,63.818886,26.05389,2.7086265,-0.005619272,0.0033401465,0.34094957,2015.1157,3.9959762,11.01433,14.526043
5504.579,1883.8029,15.494599,15.4687605,72.34254,15.756093,2.5181825,-0.0069776266,0.021587603,1.3313581,2015.0305,7.9197063,14.984526,13.725268
16243.939,454.87247,10.259828,8.9234915,79.36076,12.130251,1.6606445,-0.004618976,0.68578035,2.3474324,2016.0243,10.550759,25.239548,6.6385674
5010.225,1002.78827,15.890229,15.984239,71.365166,17.466164,3.100011,-0.01299923,0.94082576,1.1224161,2015.012,7.393299,15.037059,14.590789
2636.1636,362.69748,7.296695,5.2565722,80.449455,11.982982,3.0018241,0.1642093,0.5243915,-0.12170537,2014.9724,4.2360873,15.811585,9.263888
12988.717,952.3937,5.944323,4.28872,84.58568,10.0429,1.8028165,-0.0005397045,-0.0060894573,2.3771503,2015.9935,6.597418,10.54979,4.2636976
1593.4386,746.0786,7.9458385,5.422534,75.18707,19.010258,3.2662084,-0.0036999725,0.10011008,2.3698454,2015.0437,2.2964356,17.175264,11.886771
9439.184,697.72296,5.211924,2.9906926,75.102264,11.33446,1.5928906,0.002682139,0.093458496,2.7454998,2015.959,2.027077,19.978947,11.350847
9711.373,45.051056,3.2881067,0.9977173,85.45871,8.423977,2.4620714,0.00083956186,0.6345761,2.964151,2016.0704,1.1571795,19.613737,1.6681483
9992.105,877.89764,16.305145,16.34553,78.93037,10.737056,2.6952004,-0.0048847585,0.046116553,1.2765034,2015.5336,7.9497247,16.293156,6.784983
3004.3906,583.0453,10.1411495,8.71381,73.79869,15.855744,2.4549732,-0.00089984137,0.056589834,0.39543405,2015.0382,4.389526,15.2873535,8.989323
7631.707,578.63635,13.468161,13.357077,79.05726,24.99471,4.6361623,-0.0077133155,0.6121702,2.4518561,2014.9858,11.111097,24.162722,13.922897
5684.678,2613.4663,20.771696,20.79949,55.811794,19.648338,2.1225138,-0.00653368,0.0557848,1.1980749,2015.0986,7.4704247,14.852532,15.321397
9653.408,1445.584,7.034503,4.815225,75.6985,13.783646,2.7198792,4.4076412e-05,0.093040906,0.43571094,2015.8763,3.0658596,18.717356,14.685468
16581.857,1260.3956,8.550506,7.413875,79.46245,11.859949,1.9459519,-0.002397896,0.026122548,2.4310038,2015.9993,11.429918,16.945566,15.810585
8870.436,342.85635,5.9222083,3.5519962,80.44641,13.233807,2.3339796,-0.0009177768,0.33573058,2.7978992,2015.9388,1.7515289,12.142307,4.9807
5079.935,908.7591,18.098053,18.14252,65.5642,12.928957,1.9448856,-0.006752161,0.11108672,1.0685151,2015.0319,7.246852,15.250768,9.605718
14156.802,767.55725,8.168274,6.5763,75.900635,10.852311,2.436279,-0.0036835477,0.77516097,1.4012533,2015.9651,8.057134,28.809515,17.84934
3616.025,270.24344,10.918991,9.922825,79.7682,12.988675,2.9210246,-0.002179119,0.4507922,0.38269046,2015.0546,4.928457,16.615759,4.867645
12467.61,555.443,10.4582205,9.725988,81.845985,10.289898,2.5435948,-0.002815555,0.028904282,0.7978597,2015.9718,6.0511365,18.73401,5.357485
5908.0723,514.11865,15.033777,14.8762045,77.22165,14.574343,3.1696904,-0.004335958,0.14185181,1.4116192,2015.0349,8.1849375,19.518806,7.9981256
13978.862,1791.8203,20.7808,20.893333,59.82036,15.424166,1.9607837,-0.0065958737,0.3410587,1.1980108,2016.0132,7.6812587,18.571426,14.019937
5268.2017,1907.9603,21.584492,21.347347,41.282295,16.614986,0.5017081,-0.0044732424,0.1279414,0.82358927,2015.12,5.9347095,27.518715,11.836141
11750.266,2863.099,22.304697,22.370373,55.13696,15.752757,1.6880373,-0.008500383,0.029187135,1.1260886,2015.7563,7.5995693,19.137634,14.193746
5256.6675,574.68524,12.038934,10.724871,81.328224,19.57294,4.817347,-0.0050308234,0.43181366,1.3429681,2015.2235,5.1897426,13.676209,13.765127
13697.038,1647.2295,18.171906,18.306898,66.70535,14.892684,2.2902644,-0.0052584275,0.03108757,1.094527,2016.0083,7.398195,16.740469,14.028877
6979.8447,450.6627,9.986111,8.922528,78.059456,12.473537,2.392691,-0.0017212566,0.009196422,0.2889779,2015.4735,4.5549154,10.722901,5.9615064
3178.9375,3069.0032,21.165018,21.314812,35.414253,24.572971,1.363752,-0.009268881,0.8648654,0.34597126,2014.9595,5.322408,16.346554,16.161554
6043.654,1153.3682,14.458213,14.160063,71.65967,17.435785,2.9104471,-0.0065059434,0.049001463,0.99068767,2015.1895,6.784693,11.264561,14.522827
2789.9658,916.87396,7.470195,5.490232,80.85169,12.848112,2.825671,-0.0025188357,-0.001784333,2.5221312,2015.0508,3.7642674,14.935017,8.169812
10657.042,500.60593,12.498149,11.767605,84.33008,14.103341,4.293696,-0.0017158475,0.08370758,1.8437392,2015.5588,8.654653,11.872026,9.227617
3800.6592,3043.4053,20.159328,20.143656,47.349663,17.826084,1.4207674,-0.007602827,0.031875767,0.5765283,2014.9758,5.9303217,19.87831,13.915581
1639.0475,618.6359,8.435783,5.898166,78.26363,20.774015,4.2382355,-0.004706941,0.4298075,2.694004,2015.0431,2.185881,19.812414,13.248112
8963.482,348.51688,7.7816534,6.0831914,86.67758,14.107091,4.635379,0.24733838,0.49686566,2.560646,2015.9099,2.1436737,12.251901,7.6160474
14890.524,779.58624,16.00483,15.775778,76.661476,13.681509,2.276479,-0.0041927597,0.085994296,1.7429085,2016.0267,8.661653,21.725773,7.10168
12869.4375,239.85202,14.702891,14.488777,76.01625,10.591286,1.9603378,-0.005844928,0.3895296,0.6413131,2016.0076,5.9578075,21.790117,2.3080065
5258.608,1331.3555,17.704496,17.714666,64.98554,12.883823,1.6181407,-0.0069848015,0.00017361999,1.1976603,2015.0265,7.561895,12.675986,11.409918
14391.435,1571.27,17.52893,17.620811,71.26507,14.029504,2.2877598,-0.004251433,0.0062898016,1.5080798,2015.9955,8.504629,14.761321,11.302013
10138.028,1206.4099,14.590722,14.470904,66.16553,28.531248,2.6739383,-0.0035982647,0.3366189,2.3428266,2015.3535,10.578415,6.7859974,12.197227
7273.9634,1232.1527,15.890999,15.682107,68.20749,21.216366,2.8990362,-0.008756396,0.26938486,1.9738945,2015.0515,9.7956,20.092712,16.50388
7742.186,910.73944,15.109504,15.002376,72.37017,23.354858,3.4057689,-0.010324457,0.7578369,1.6891155,2015.2142,8.789666,9.871718,14.29477
9330.58,932.38336,15.267473,15.131301,78.912865,16.268873,4.0817165,-0.008277369,0.5521537,1.9055101,2015.3419,9.485159,15.191727,14.956752
2615.0361,93.81387,6.9647894,5.1041565,82.68491,11.344688,2.3663068,-0.0027935852,0.081344895,0.74601465,2015.0251,4.0295877,12.003633,2.1656792
1104.0875,728.40765,6.0537043,3.2080045,71.563705,17.71321,2.0947123,-1.13912965e-05,0.35858673,2.8470774,2015.0298,1.8326637,15.993673,12.370262
5218.9336,1281.4718,17.92641,17.982325,61.59347,16.251287,2.0594964,-0.0062141116,0.05142539,1.0809128,2015.0455,7.105901,19.811594,13.899233
4370.586,2216.4424,18.253757,18.336714,54.51753,21.267315,2.103515,-0.006153827,0.06045822,0.70220757,2015.0492,6.313423,12.074359,15.620886
5561.921,1536.5579,16.691988,16.742235,63.022125,17.531334,1.9515772,-0.0077350526,-0.013412037,1.2732089,2015.0256,7.668196,23.442179,13.403997
1770.483,1011.6714,7.6022124,4.988766,75.19937,18.083353,3.1246316,-0.0033541184,0.0041203415,2.7911305,2015.0525,2.3038766,15.419233,12.02209
14573.796,853.6092,13.875319,13.544556,79.349525,15.321937,3.9246588,-0.0066145747,0.26330018,1.6329938,2015.996,8.821473,15.2892065,15.391382
13733.04,838.1812,15.342579,15.317447,78.14962,14.214049,2.8872125,-0.0032231745,0.0424696,1.5283504,2015.9204,8.657254,10.625487,9.146876
12678.916,1838.1356,18.334192,18.442251,66.12574,14.83953,1.8810297,-0.007457511,0.013759962,1.60945,2015.752,8.989236,17.176554,12.529952
16353.611,641.51605,7.3690634,5.6471577,84.13065,11.780283,3.0239437,0.0008123989,0.45082188,2.554104,2015.9902,11.278781,22.262,12.544399
10239.795,630.8334,7.275292,5.195424,77.626335,14.857386,3.3031366,0.00014238682,0.659005,2.9076195,2016.0984,1.4536606,21.645643,13.916319
5227.979,2460.6143,20.166702,20.196466,57.09077,16.925451,1.8312742,-0.007368458,0.03850148,1.2042333,2015.037,7.4561176,13.952009,14.623371
12309.313,1439.826,19.739094,19.841309,63.544464,14.108285,2.150621,-0.0059942002,0.56416357,1.0734938,2015.8491,7.3023157,16.914537,12.663321
14151.887,712.674,17.57565,17.730474,74.00018,12.413808,1.9750699,-0.0073633953,0.16520207,1.3985671,2015.9912,8.019321,22.931158,8.000816
12396.543,1123.6909,14.047884,13.507631,69.51207,12.610031,2.5407932,-0.0067871786,0.8402819,0.43586186,2015.999,5.383988,20.092989,12.442031
14821.669,662.0468,15.948141,15.958901,79.66162,12.729031,2.6509438,-0.0061628143,0.19644487,1.6195158,2016.0093,8.849527,19.564154,8.094748
13301.287,1772.1548,16.182632,15.924065,58.432106,34.4375,2.7039077,-0.0043243165,0.5813611,1.9251231,2015.7997,9.509127,6.9778337,13.574178
333.52695,1270.0333,3.206166,-0.3546005,64.706955,13.956751,0.14161476,-0.0057733017,0.039702885,2.5553226,2014.9224,1.7330242,26.340176,16.655735
4556.975,1645.6044,19.417637,19.372173,52.819336,16.042807,1.4214653,-0.0067258156,0.45661315,0.8656795,2015.0228,6.4263225,19.308176,13.561357
15133.148,1686.0474,18.141731,17.83163,68.0664,14.434614,1.9180497,0.17378923,0.113491215,1.8195523,2016.0454,8.287599,23.370926,14.381222
11079.742,990.93494,11.144193,9.87893,67.757645,14.258762,2.724693,-0.00431646,0.65233284,0.024962468,2015.9822,3.9303277,18.416084,12.563747
10422.124,1573.064,18.14387,17.504564,64.567245,18.384216,2.0866268,-0.018142952,1.3815094,1.8089978,2015.5079,9.059388,11.720241,15.731567
4158.7837,1236.2557,16.03987,16.015867,59.89387,16.006607,2.1038024,-0.00553764,0.14776598,0.55017614,2015.0305,5.8349824,18.58295,13.612596
10964.347,1144.1403,10.176494,8.525132,61.11212,25.86011,2.7493298,-0.006403293,0.6268749,0.14957492,2015.9955,3.773226,11.5343895,15.644315
4160.4854,1074.9956,14.747073,14.397166,56.260162,29.423223,2.0883121,-0.005695514,0.18748315,0.48308793,2015.061,5.4273868,28.522297,13.28491
1841.3453,585.32416,7.293569,4.7532573,76.84159,17.20692,3.269044,-0.0048388164,0.8194148,2.0563402,2015.0917,2.0740082,12.985102,11.630214
10125.639,1039.8357,5.449938,3.3042665,83.46657,11.200728,2.3339365,0.00030520064,0.050459556,0.783241,2015.9424,2.9003525,17.255821,6.0195518
9512.672,442.2134,6.8215055,5.194226,86.764725,10.534864,3.1962135,-0.00077213655,0.003913394,2.5495222,2015.5477,7.2700934,11.161927,3.4997036
17722.371,532.73645,4.73115,1.8123384,83.993195,7.9849744,1.93566,0.2928695,0.010383389,2.9425259,2015.9397,12.408859,32.04238,9.6744
11900.701,2249.3042,20.374392,20.41673,52.498367,17.18365,1.9439039,-0.0054839584,0.24652508,0.68197376,2015.8824,6.382095,14.591802,14.952172
2807.1265,498.8826,8.537181,6.582928,77.63234,14.981099,3.0290802,-0.0017788813,0.071858115,0.43830195,2015.0482,4.0023346,13.466622,9.319121
11915.555,841.24335,13.294671,12.7559805,76.793976,23.480602,4.2222104,-0.00597815,0.37730625,2.1407466,2015.7786,7.7141247,9.864994,13.695204
10551.686,721.37,8.966914,6.966315,74.59779,17.958263,3.6736305,-0.004234686,0.47785172,0.28801122,2015.9698,3.4454756,13.3617525,15.149803
14902.884,693.0562,4.781451,2.7656264,85.6278,10.264402,2.720446,0.007270655,-0.029102452,2.4000375,2016.0111,8.819586,18.026295,9.613913
7914.657,821.3622,13.553327,12.879815,78.48705,24.415604,4.3038707,-0.007104007,0.10041142,2.5084531,2015.0565,10.901626,13.7919445,13.311532
2652.4956,147.42307,8.543756,7.3448834,81.12563,10.121513,2.1620505,-0.0024182566,0.1061668,0.2020487,2015.0043,4.073084,16.82912,1.7586949
11757.441,253.53653,11.510911,10.628219,84.13078,12.325818,4.0354238,-0.0027598639,0.7033867,0.5077632,2015.9534,5.347009,16.018387,6.9165106
4178.1343,1202.0427,14.1560755,13.764265,60.44953,12.866189,1.263744,-0.007927355,0.021615677,0.26181987,2015.1072,4.956503,17.726168,9.9790125
4221.404,3325.3445,13.503121,12.988068,64.53103,13.587334,1.3841536,-0.0054614483,0.030513592,0.1762629,2015.1351,4.8653116,16.943943,11.208068
10589.031,603.3676,13.003623,12.365114,79.59865,16.431828,3.0542333,-0.0051714047,0.740084,2.4269965,2015.3855,10.762123,11.809802,10.203709
9441.68,986.26904,10.0798435,8.554982,64.93579,16.480404,2.0917048,-0.0023821325,0.26489028,-0.06320222,2015.8472,3.5403717,13.575475,12.429998
3167.1123,1267.8811,13.055625,12.300749,55.422672,15.414347,1.2590226,-0.008294028,0.39818662,0.06550579,2015.044,4.316139,19.132336,12.60382
-572.0854,247.1163,1.205628,-1.5454202,81.22048,6.5583606,0.8997088,-0.0038198784,0.62151295,3.2670176,2014.898,0.7529217,21.85706,5.3369236
9341.858,944.11884,14.343152,14.094536,77.58664,19.142263,3.8947217,-0.0070425174,0.35037804,2.1143115,2015.3013,9.977041,9.808916,14.09225
12745.533,94.61551,12.172826,11.874921,84.43356,10.516134,2.9114225,-0.0026028783,0.6297268,0.5878205,2016.0161,5.8994107,18.85159,1.8521378
14135.559,1809.2181,18.5283,18.534708,62.916008,18.872585,2.0161076,-0.0059816833,0.32858807,1.5117427,2015.9899,8.397087,11.603141,13.7730875
2605.0132,235.53177,8.666016,7.258278,77.90004,11.661262,2.082386,-0.0031372358,0.070121,0.11434214,2015.0149,4.006702,16.628681,2.6296742
3481.128,773.0793,11.726236,10.290561,74.44777,26.015652,4.2618556,-0.0072233505,0.11703571,1.7614807,2015.0907,4.305281,15.0907,14.442783
14711.774,2330.5623,20.709917,20.756332,59.8344,15.605517,1.6251192,-0.0055145915,0.06338077,1.3890263,2016.0709,7.8975654,24.511105,14.909798
12754.804,1777.1604,17.488216,17.25103,60.071453,13.689832,1.8767968,-0.0067159585,0.8543683,0.7377469,2015.9851,6.150701,21.652887,14.542599
14506.216,2083.2053,16.071898,16.103619,72.9018,15.713537,2.4508343,-0.0044104136,0.02270829,1.7001024,2015.9836,8.9176855,12.457376,13.08587
13498.721,777.3993,13.69437,13.323354,80.51682,13.526499,3.664918,-0.004454385,0.065407954,1.0834737,2016.0148,7.1725154,13.880271,11.013134
5494.7666,2656.9485,19.222054,19.060501,60.843475,13.959981,1.6414605,-0.0062318402,0.024728976,1.2636648,2015.0563,7.4210186,17.633057,12.828683
11291.776,696.2542,8.791726,6.7044115,74.09307,19.767206,2.2994523,0.54808867,0.23809649,2.894607,2016.2295,1.604016,7.0377884,21.159925
3429.8848,0.6634824,5.757001,3.7380362,81.515274,9.927603,1.6005021,-0.0032859624,0.11897721,0.0183634,2015.1685,3.081569,14.462823,1.8738711
4992.007,719.1738,7.316276,4.9112315,78.6115,16.494421,3.510304,-0.0011588105,0.06821581,2.8907208,2015.4716,1.9208776,13.217809,11.094633
2587.7783,1076.2698,7.991061,5.5016046,71.51953,20.24165,2.8424728,-0.006955908,0.079178475,2.965923,2015.1871,1.7793151,16.120464,17.404974
10708.351,76.54605,8.512884,6.993941,83.47331,14.497335,3.3376265,0.37182632,0.18903808,0.3470892,2015.9501,3.9706767,19.77891,6.2133026
13083.386,1022.5675,17.072113,17.112011,71.10166,15.706315,3.1787024,-0.007664246,0.28860313,0.9350823,2015.9633,7.051394,14.87303,14.533674
2227.87,1615.1367,15.259578,15.210785,43.83506,18.540802,0.8913372,-0.007111752,-0.018980213,0.054832384,2014.9028,4.0358415,28.804876,13.995281
11246.656,347.29825,4.7270994,2.567779,83.44778,10.954939,2.176285,0.00016025145,0.022966228,2.747114,2016.0444,3.5294998,16.273563,4.863034
6540.0054,711.6264,6.309074,4.253232,78.75235,11.892551,1.6302102,-0.0025493607,0.009100906,2.087474,2015.5642,2.9577792,7.5132875,5.5005608
3613.811,264.58542,10.674179,9.479301,80.72355,13.566823,3.363062,-0.0026169524,0.5494354,0.3616977,2015.0605,4.7726502,18.14787,5.7115393
1831.9742,634.5493,7.9440145,5.554389,74.42878,20.4727,3.281097,-0.005571782,0.7426994,2.1920662,2015.1472,1.6496121,10.236936,11.811698
15437.868,668.8398,11.442998,10.631694,80.81287,14.826014,2.7289739,-0.0018942647,0.08890199,2.3994682,2015.9229,11.019847,11.56727,8.936747
13277.721,1403.3895,15.9261465,16.089977,69.888336,17.813936,2.689425,-0.005396997,0.04546898,1.2012559,2015.939,7.8001037,8.173466,13.709476
11379.982,654.4394,11.4917555,10.019001,76.00223,30.317286,4.407464,-0.003763133,0.69329727,2.936321,2015.9946,4.272398,13.808415,12.625039
7784.477,731.6712,13.062871,12.457026,79.499435,19.471273,3.873658,-0.0064337696,0.21262006,2.5067253,2015.0024,11.195653,16.65253,13.26438
13188.542,1474.4558,15.463915,15.30402,68.49831,19.77957,3.0047562,-0.007529521,0.030723624,0.98541224,2015.9928,7.059515,9.492523,15.343663
12280.576,1247.111,14.972943,14.594338,65.69707,14.020684,2.1077473,-0.0061874404,0.7535013,0.4301609,2015.9926,5.498083,15.848543,12.189715
12859.105,406.3936,16.506422,16.637224,79.359085,11.910024,2.7231338,-0.00569177,0.7515235,1.0615318,2015.9146,7.3162737,15.785018,4.8295913
16802.154,861.6956,6.9884143,5.4932337,79.25482,11.802699,2.404172,-0.0015411128,0.15711151,2.5607939,2015.9452,11.858081,26.386768,20.01865
13043.358,1057.8944,16.56761,16.628233,67.43047,13.053083,2.1272895,-0.0038758323,0.42299408,0.8623077,2015.984,6.3018756,24.632698,11.866198
1827.7218,540.2741,7.3798647,4.9899917,76.93482,15.7461,2.934724,-0.003859266,0.15868326,1.8644875,2015.0111,2.8127403,20.18754,9.281521
6166.9995,341.80722,12.836907,12.554231,83.871925,11.810794,3.1363544,-0.010127169,0.91044515,1.7633303,2014.9808,9.365604,15.208444,5.5348477
12701.172,1140.8025,15.136157,14.834443,68.15144,22.488707,2.589922,-0.0044567394,0.67319095,2.0820909,2015.683,9.836208,7.3516808,13.464867
10679.328,888.7435,8.864673,6.969826,68.66571,21.18276,3.18999,-0.0061571407,0.68391156,0.13373856,2015.9833,3.4565802,13.059834,15.512918
5000.0513,3792.7068,15.858438,15.38732,59.558807,22.675673,1.794829,-0.0050204652,0.065675,0.756677,2015.1417,6.227286,8.447468,12.94058
14099.909,689.27155,15.893718,15.85229,79.59769,12.557585,3.2111826,-0.011246541,0.95726883,1.1413447,2016.0315,7.5460052,18.293325,10.766397
7148.069,296.37888,4.5036993,1.9790645,80.74018,9.828109,2.1514025,0.0003025296,0.85631824,2.855562,2015.7296,1.4923059,19.037653,7.4220076
8288.795,890.29926,14.038659,13.544861,71.712296,14.463865,3.2751114,-0.0051587536,0.7534959,0.41464713,2015.5504,5.3382483,17.017029,12.072879
3344.6338,912.53314,12.9711685,12.333467,70.551865,19.21269,3.3488827,-0.009893217,1.0025364,0.33874443,2015.0146,4.831358,19.83545,13.938018
14337.862,1205.7915,19.54095,19.560904,67.26218,14.088529,1.5963448,-0.008337685,0.78974414,1.4814712,2016.007,8.0750675,22.395536,9.81636
4728.1265,296.38187,4.4047103,2.2511706,86.29605,7.560122,3.4478185,0.11163682,1.0089391,2.8794131,2015.4618,1.439768,17.041862,6.1950316
9120.214,474.97427,4.053863,2.1563125,78.98503,10.470166,2.5779057,0.0097587155,0.23124856,2.8423781,2015.9894,0.941538,24.702204,8.038458
10478.841,508.95395,8.3584385,6.386482,78.42377,15.227862,3.6976829,5.104643e-05,0.12558134,0.3059092,2015.9602,3.4776576,14.184425,11.627579
5001.8716,624.49445,14.641311,14.735569,78.3609,10.117246,2.4006283,-0.004857005,0.02422034,0.8670914,2015.061,6.9045906,15.5436,4.3683496
13386.944,2061.2927,16.86,16.942095,70.72216,15.646958,2.3118556,-0.005537584,0.042340152,1.628004,2015.8435,8.929255,13.09271,12.9911175
14243.665,942.14484,18.715168,18.825089,71.5807,13.102125,1.7608113,-0.009102293,0.82272613,1.4174305,2016.003,8.030045,20.245502,8.160442
8364.506,227.66452,5.622984,3.543004,82.25094,10.877708,1.709007,-0.0039860117,0.024326034,2.6865368,2015.8196,2.4043958,8.642998,1.2451422
7184.7837,1261.4764,12.726594,11.889212,64.18741,22.372423,2.8079681,-0.00945158,0.9161742,0.16639952,2015.5029,4.4271803,10.587786,15.047208
1207.6901,524.88995,5.9677978,3.819047,80.13122,11.847414,2.9349968,-0.0024250832,0.117264174,2.480593,2015.0073,1.9757138,20.736706,9.268792
3957.099,1954.5404,17.35596,17.376377,52.177677,20.78333,1.801172,-0.0075268648,0.4257398,0.56202203,2015.031,5.8903003,11.044184,15.286022
3870.647,154.80136,3.7900894,1.5530057,86.786,7.712751,3.0534313,0.030208804,0.46550065,2.9366035,2015.3652,1.5013939,17.570175,3.8188288
15752.665,2205.8103,12.887149,12.586933,77.70887,14.088304,2.3214328,-0.0043966766,-0.00056002376,2.0758913,2016.0184,10.30096,10.242856,13.159786
7070.9536,1613.4309,15.981812,15.748286,64.06902,28.34471,2.8952577,-0.00783765,0.04187482,1.855895,2015.1061,9.296629,8.899812,14.441633
7497.154,766.551,13.209908,12.332289,72.993835,30.958267,4.4952164,-0.009595868,0.7122221,1.3839183,2015.5288,4.595411,12.460076,14.89309
3505.4824,1700.1404,16.829008,16.91609,51.417088,21.557384,1.8950663,-0.007067637,0.4924532,0.33230785,2015.0044,5.2538395,19.584154,15.167157
13837.699,2059.506,18.413603,18.46904,64.71315,13.985902,1.8243587,-0.0045888773,0.027862675,1.3811558,2015.9803,7.855697,22.227262,14.233041
3703.268,1244.9065,15.457858,15.357303,64.79612,16.546665,2.9524035,-0.008809869,0.89640117,0.3900682,2015.0126,5.4404387,20.191029,14.996646
6275.867,396.25302,11.986354,11.308024,85.13304,19.016151,4.8263793,-0.010586032,0.89296716,1.9884592,2014.987,9.278003,14.905178,11.821896
2689.8535,629.62616,8.200687,6.440358,71.95097,12.789694,1.7676479,-0.0037512493,0.22105102,0.028278274,2015.0651,3.4546506,16.854208,8.55937
4063.2046,510.6262,13.864252,13.578929,75.12727,16.37024,2.927985,-0.0041197143,0.60034364,0.8205995,2014.989,6.323191,15.423765,9.517792
5168.0225,480.9318,15.111066,14.99412,77.785866,12.444289,3.1407905,-0.0037420404,0.11145782,0.91882986,2015.0732,6.9503,16.30044,6.9055843
14803.332,724.1061,13.711258,13.609325,82.379135,11.003064,2.3871052,-0.0037321348,0.018522851,1.5591326,2016.0256,8.642754,13.689262,3.4739006
5314.38,2516.451,19.143318,19.032024,59.80904,13.722661,1.6464818,-0.0047594937,0.002125672,1.0840851,2015.0586,6.971886,20.22358,12.651864
2215.525,552.8799,8.454975,6.407116,70.20583,12.943626,1.4561332,-0.0073457933,0.94172204,-0.046431616,2015.0186,3.5077844,15.473441,7.4016633
12473.027,563.51624,10.974033,10.185897,77.972435,10.375091,1.7256886,-0.004249999,0.025396295,0.4963366,2016.037,5.336291,14.83476,2.1943371
4856.4478,512.72833,13.989157,13.77266,76.8808,14.602292,3.5093443,-0.00563902,0.03119447,0.780141,2015.0453,6.5716915,21.348997,8.86549
7393.2764,1087.8524,12.284986,11.4201975,74.10462,15.497143,3.4458961,-0.004824079,0.016021483,0.4053792,2015.488,4.971801,14.036978,14.158694
10464.003,2036.754,9.810557,9.368261,87.16843,9.726501,2.7695694,-0.0040117684,0.005666933,2.0182667,2015.4824,9.316317,12.044397,6.8348417
7636.097,2674.6592,21.68503,21.718245,50.448498,19.86628,1.5207975,-0.009394293,0.33523586,1.2171913,2015.3228,7.535099,13.359766,15.185635
9852.343,1167.4594,14.797383,14.589072,70.697395,24.396427,3.2874508,-0.0065307855,0.13134895,2.282489,2015.3118,10.525688,8.653622,14.07942
11594.703,2562.5051,10.029803,9.022262,75.94974,12.076598,2.4470139,-0.0035376654,0.009395025,0.36218432,2015.9955,4.90253,16.50425,11.657009
10507.296,797.9921,14.529769,14.449366,77.84748,15.408805,3.3048956,-0.0049062236,0.44943905,1.542398,2015.5721,8.523765,8.575562,11.878392
4702.5366,1347.9901,18.095137,18.195343,59.618763,16.625874,1.9668862,-0.006048798,0.4141923,0.9068346,2015.0282,6.5494423,19.788055,14.144681
14246.351,1661.4948,20.404884,20.257599,63.04692,14.998359,1.644138,-0.011634079,1.0954224,1.4063519,2016.0146,8.093447,19.976572,12.964404
3918.9106,428.6771,6.9125085,5.016479,83.571884,11.977917,3.5522351,-0.0005053853,0.08638444,1.7728462,2015.2732,2.6872575,15.16243,8.542571
6498.73,1490.1284,16.184784,15.925798,63.59941,22.541721,2.9672713,-0.007830326,0.18650696,0.8603736,2015.2666,6.592547,10.441361,16.173992
16381.303,668.95636,7.669998,5.256058,76.91509,13.769963,1.3451816,1.0774202,-0.031463064,2.447116,2016.0509,10.228959,28.127993,14.254442
2028.1105,616.27924,8.07643,5.8379374,73.10427,14.916266,2.1308305,-0.0018263769,0.14557253,0.042170092,2014.9878,3.4041963,19.323843,8.956926
14725.901,1377.8085,16.363817,15.984743,74.63827,13.178288,1.9008088,-0.0041838246,0.03793759,1.7617365,2015.997,8.807489,20.656311,7.605994
9843.225,476.57303,10.607551,9.020509,81.52566,20.818815,4.9938755,-0.0053819506,0.7748869,2.3373678,2015.9904,2.22779,13.194007,12.283726
13539.918,925.5361,9.610137,8.669968,83.10513,11.670311,2.7452824,0.00090245967,0.0053335344,2.0499184,2015.8711,9.060682,8.724939,7.2609572
12675.8955,343.97366,12.154826,11.67112,79.6394,11.451416,2.2872672,-0.0048892214,0.6185978,0.68777984,2016.0065,5.987229,18.357458,4.728186
12648.078,1323.8134,13.905227,13.612272,77.96772,11.235246,2.083397,-0.0027769145,-0.002136209,0.8617323,2015.9668,6.4607353,12.210169,6.212959
13139.952,2069.1335,20.775318,20.714443,57.477695,18.204775,1.7606549,-0.00957491,0.9435755,1.3435646,2015.9166,7.887031,14.917366,14.872142
9868.472,1260.9388,9.382163,7.1792502,64.618256,27.673115,2.6744971,-0.007276797,0.014341137,2.639579,2016.0441,1.5520483,15.66786,15.514986
5391.294,970.0877,16.305227,16.56705,71.32451,15.734702,3.2935658,-0.0070810667,0.057546504,1.0497895,2015.0432,7.385268,18.624271,13.901568
9715.305,493.04282,13.550707,13.364401,82.98877,11.378274,3.0711017,-0.003854518,0.028299503,1.4276167,2015.5,8.190974,10.866385,5.225855
5062.984,2409.4785,20.823854,20.719526,47.148643,19.669596,1.2906992,-0.0071866936,0.04849907,0.91966224,2015.0718,6.2877374,26.10163,14.284555
11290.672,1254.4264,10.756916,9.674064,63.974007,18.80047,2.247455,-0.005360314,0.29077896,0.19516067,2016.008,4.348226,14.231972,15.225553
15300.981,755.4169,10.672923,9.867344,83.47489,11.670047,3.0475535,-0.0016671785,0.02570849,1.9304469,2015.9884,9.768777,15.189109,10.783175
4342.9507,1384.5192,17.36436,17.414072,57.002045,17.33953,1.9042648,-0.0063492055,0.08774219,0.67570347,2015.0234,6.0900526,18.118847,14.271951
7501.0903,1150.7936,6.800442,4.1839447,73.84506,13.783498,1.6882622,0.3197416,0.10403397,2.4803424,2015.7317,2.0768158,13.553684,18.655361
8491.416,1178.7755,16.712748,16.694073,72.22584,15.323297,2.9365222,-0.006336277,0.27943197,1.5463064,2015.3333,8.442133,14.602631,13.607337
1249.8405,1586.1016,7.6487374,4.8876076,69.235886,22.240242,2.6094093,-0.006389634,0.012375972,2.181266,2015.0535,1.8272496,15.075742,14.947512
10795.487,-311.03622,3.7311752,1.5174804,87.180084,9.652034,2.188855,0.2560054,0.5783805,1.1885968,2016.0869,2.3384564,20.133642,-1.1906879
7601.2275,1248.3345,16.463198,16.425198,68.11878,24.73832,3.4266143,-0.010493369,0.5192762,1.744899,2015.1736,9.034167,10.666482,16.169088
10613.6,449.4814,11.971426,11.219047,86.022835,16.37134,4.8312855,-0.005742462,0.78725743,2.628549,2015.341,11.145928,15.882615,11.478508
1450.2667,919.7682,5.8219566,3.2947583,76.58309,14.109002,2.2232153,-0.0024687175,0.038952433,2.8278353,2015.0581,1.955145,13.95428,10.155841
7328.485,1584.288,15.653484,15.306983,76.106186,12.272865,2.231836,0.035303738,0.09887079,1.7061791,2015.1105,9.131449,20.828407,10.227392
531.88727,683.9928,2.8892972,0.48655552,76.08482,7.7527394,0.9841171,-0.0013938055,0.112010635,2.9695299,2014.9746,1.4095641,21.417938,11.968861
8494.107,255.47275,9.943227,8.7317915,85.10231,12.506952,3.235197,-0.00482046,0.679681,2.395973,2015.2959,8.924055,10.359677,4.4023423
12919.232,1387.0524,18.681843,18.749792,67.71108,13.475278,2.2162704,-0.005084365,0.0061451113,1.1614225,2015.8992,7.596668,15.333206,11.38137
5099.105,686.8065,15.8679695,15.896509,73.72162,15.818167,3.0965948,-0.0071416027,0.4598499,1.1893138,2014.9948,7.636084,17.825193,11.15686
7243.129,448.2786,7.801275,5.6452904,79.47296,14.738469,3.5678828,-0.0028423138,0.65427196,0.14797918,2015.6012,3.4841497,11.247374,10.550481
13442.892,280.0627,13.470717,13.102986,82.398094,11.463029,2.3887284,-0.0061381324,0.61179394,1.679085,2015.8871,8.6772585,14.080419,2.1121151
10734.353,1234.4928,6.5967903,4.186623,74.13529,15.870155,1.9634326,0.003612789,-0.0065892423,2.7768312,2016.0768,2.4650853,12.537184,11.181104
14170.215,1237.7671,11.07604,9.872037,77.18315,17.36557,2.9598002,-0.0028428745,0.04492449,2.4782763,2015.8191,10.477907,7.735572,13.666801
14776.37,999.3099,14.942459,14.283588,73.61093,16.724905,3.038815,-0.015365516,1.1650084,1.6703188,2016.0021,8.678478,18.468464,17.295443
12525.046,512.664,16.293617,16.367462,75.71692,11.733838,2.4557576,-0.004516994,0.669241,0.77827686,2015.9282,6.584747,16.945353,5.1774373
3655.6465,822.9175,11.406199,9.986543,76.27837,22.301237,4.0396643,-0.008314879,0.046285234,1.7163965,2015.0481,5.090704,16.304073,14.316761
4700.885,1791.2367,10.583288,9.378172,82.633156,14.548919,3.2951305,-0.0033270654,0.05622434,1.7127603,2015.0021,6.9785886,17.27923,13.114329
4868.245,357.43613,7.7164903,5.4082665,83.96685,12.543745,3.4051564,-0.011065905,1.0516657,2.5494583,2015.3757,2.8970242,11.7669735,5.6914616
9294.38,559.74084,15.702885,15.504147,75.7504,12.502526,2.5821424,-0.0045901253,0.24938466,1.0140282,2015.5524,7.081927,11.2565975,7.092676
13580.267,1366.6586,16.18358,16.012365,68.45092,19.330513,3.2021058,-0.009082933,0.3491567,1.0373319,2016.0238,7.0845537,13.828327,16.524113
2695.3057,1150.4596,8.275235,6.54398,77.95015,12.5253525,2.5476468,-0.0032372784,0.023146845,0.08699314,2015.0494,3.7439685,16.09169,9.264487
12970.029,86.45889,8.61872,7.1770825,83.19639,10.196205,1.8235886,-0.0021717784,0.4227433,1.108054,2015.9867,6.74916,15.288999,1.7154553
1523.591,646.2501,7.171582,4.5508804,75.2673,20.280436,3.2524357,-0.009735209,1.0447984,2.6036973,2015.0947,1.5403835,14.578185,12.327488
2393.8223,896.36127,7.4539356,4.6112957,70.6906,22.054907,2.7351167,-0.007361458,1.0027521,1.4742463,2015.0605,3.1061947,17.122726,15.710615
2649.23,1062.2987,9.547071,7.7087154,66.2818,19.16678,2.2035334,-0.0035697252,0.15360516,0.1589797,2015.0608,3.666759,11.69837,13.848344
13249.277,811.91455,10.2139845,8.545271,78.46126,17.252035,3.2690024,0.0007191102,0.028569736,2.5183666,2016.0195,6.76376,8.886127,11.807769
7932.19,840.53046,12.01563,11.536992,82.38892,17.599398,4.426636,-0.005901271,0.017501555,2.6475394,2014.9905,11.399461,22.603891,13.298252
9160.925,1708.8414,16.4017,16.141697,62.53749,18.903225,1.8064638,-0.007479695,0.4778737,1.845904,2015.3059,9.4490385,22.655714,14.679696
6675.4766,2021.423,11.485924,10.5469675,78.314575,16.691746,2.8032315,-0.0063988506,0.039999984,1.6776539,2015.1765,7.957756,8.676698,12.713449
14128.229,3543.0696,19.665932,19.747799,60.75897,17.615294,1.769163,-0.0065610274,0.046867512,1.2284883,2016.0193,7.809302,12.680364,13.271685
3358.1108,1487.6605,14.709381,14.360767,53.674366,18.485678,1.662108,-0.0064912303,0.28064895,0.190028,2015.0348,4.7334905,17.316849,14.40164
12506.3545,681.7484,11.89343,11.19414,77.59683,12.970451,2.6238513,-0.003562135,0.012749872,0.6725088,2016.0168,5.892955,12.259081,8.389038
4812.595,2424.4932,20.402536,20.378746,45.42173,23.46069,1.3607113,-0.0067709587,0.20211153,0.7768381,2015.0708,6.122256,23.481232,14.208464
16863.287,349.6401,8.658958,6.9187207,85.95662,12.100393,3.0019252,-0.008751341,1.3129451,2.5472326,2016.011,11.640279,17.548094,8.53709
6961.244,745.35297,4.332646,1.537457,73.62331,9.980668,1.3298308,0.004372476,0.4217369,2.7424293,2015.6669,1.8043553,21.836323,13.862609
11240.274,946.09595,14.347731,13.96145,79.5594,11.722163,2.8103216,0.31523252,0.06735345,1.6619252,2015.6132,8.72531,21.920443,7.518129
13857.397,1031.8002,19.051762,19.194553,69.454735,11.892587,1.6980796,-0.011137673,0.9865238,1.0742153,2015.9996,7.3748455,20.131561,8.15395
9233.303,430.49533,11.630658,10.363732,82.91967,24.911411,5.60294,-0.010513176,0.9776652,2.6968663,2015.7512,4.1557517,13.993944,12.625399
1282.108,2163.248,5.846314,2.9034743,70.89167,16.04213,1.5890054,-0.0037214917,0.040379815,2.7200124,2015.0713,1.4944426,15.2988205,14.295003
2789.353,1025.2917,12.375678,11.639837,63.883965,18.405624,2.1891007,-0.008004592,1.0017267,0.086618945,2015.0083,4.2451715,18.850576,12.371908
9765.548,1029.479,9.731839,7.4634056,71.38107,25.453281,3.0901394,-0.00022987026,0.00945159,2.8405933,2016.0128,1.9148828,10.930312,12.097742
13111.758,1101.6196,16.68947,17.017696,72.01931,15.888879,3.4543235,-0.0035206464,0.25555503,0.89008963,2015.983,6.813029,17.571226,15.3064165
12351.423,615.6509,15.846737,15.441623,69.93862,12.937712,1.8968087,-0.0037109081,0.099728785,0.78270257,2015.9545,6.3432035,11.98307,6.699533
8004.6665,350.33255,10.223741,8.9328575,81.82212,15.565593,3.0577934,-0.0057037487,0.43726483,2.4718432,2015.0822,11.007206,13.579842,6.380921
10908.595,735.078,9.186239,7.553196,71.098816,12.377703,2.26566,-0.004520114,0.7002327,-0.00613709,2015.9928,3.4550142,22.82756,9.621132
2827.9736,1362.2566,13.462092,12.883189,55.45115,21.352839,2.1606438,-0.007730031,0.7615601,0.07841115,2015.0043,4.190597,21.76477,15.620223
1277.0621,126.59061,5.137071,2.601748,80.94784,11.689254,1.869181,-0.0062019764,0.39607716,1.4057965,2014.981,2.8365529,12.418678,2.7146943
5720.901,1153.0361,15.956646,15.884926,70.10718,19.463266,3.1179447,-0.009711654,0.048629217,1.3955364,2015.0259,8.215788,13.43531,15.567488
5194.687,218.13998,9.769249,8.292654,86.303276,11.900345,3.8100557,-0.005203243,0.7976308,1.6331506,2015.1866,5.603146,12.972757,4.6118674
9758.915,707.95544,14.7421875,14.765859,80.1451,10.42757,2.1823401,-0.0053721066,0.032665692,1.4858354,2015.4711,8.467059,12.729087,3.8238375
2612.6055,1340.9164,12.209312,11.030829,53.504864,25.114067,1.8234416,-0.0059046536,0.59290445,0.06865482,2015.0167,3.8143065,17.508223,14.998385
8903.472,1537.8828,13.69271,13.020732,58.812347,18.850557,2.1365595,-0.0069886013,0.8462299,0.10258941,2015.7083,4.373993,11.978942,14.384609
7153.8228,174.10617,2.485192,-0.009697494,78.46746,7.9815927,0.76661426,0.003326439,0.6869503,2.9006917,2015.7412,1.4522954,20.342487,5.422274
13156.499,106.99191,12.829406,12.499094,83.92737,10.704447,2.6353943,-0.0032463812,0.024800606,0.9892456,2015.9901,6.900511,14.516311,0.56855226
13652.844,769.3326,15.134998,15.006139,78.72965,14.326591,3.6759152,-0.009649352,0.8158636,1.0883188,2016.017,7.2438984,16.02079,13.566073
7179.694,513.45624,12.279789,11.474917,76.651665,25.71535,3.73691,-0.005775356,0.7175572,2.299497,2015.0007,10.454683,19.391972,10.629148
4799.7095,369.8195,11.554909,10.657579,84.63527,19.98496,5.133658,-0.009541188,0.8650065,1.6209635,2014.9951,7.1227913,17.988638,12.141346
17127.984,19.27774,7.661115,6.2114615,86.78312,7.573734,1.2625523,-0.003387564,0.10934777,2.4515443,2016.0187,11.654401,23.519772,1.5313752
5515.4375,1226.2295,15.6510105,15.663042,62.92004,20.62857,2.0277364,-0.008610838,-0.009119519,1.1120629,2015.0458,7.244184,28.10752,13.265112
6704.997,1414.2046,11.917183,10.736701,58.2112,18.219267,2.2699323,-0.008002949,0.80737555,-0.05707927,2015.5006,3.8073153,16.985535,15.573582
13252.072,22.626984,14.073563,14.014213,84.79927,10.727456,2.8131893,-0.0033922747,0.15214875,1.2601646,2015.9203,7.907623,15.122912,-0.3458736
4762.4575,1291.948,15.623931,15.431284,57.24649,25.192556,1.9541364,-0.006492132,0.08345083,0.7255389,2015.0739,6.3310404,19.115406,13.937039
4800.4,1624.9125,18.625383,18.746937,60.34912,16.573542,2.1013472,-0.006149746,0.4956411,1.0144411,2015.0256,6.967384,14.221618,14.57798
