Year_of_Release,NA_Sales,EU_Sales,JP_Sales,Other_Sales,Global_Sales,Critic_Score,Critic_Count,User_Score,User_Count
2007.4199,0.23720145,0.12690645,0.028850613,0.044174947,0.44078627,68.68062,26.489054,7.08744,72.42289
2007.6472,0.25374553,0.13147229,0.038119927,0.047632176,0.4354357,69.45061,26.841833,7.1431828,111.60069
2007.4406,0.25545228,0.13807434,0.034227926,0.04963812,0.46539536,69.340416,27.133926,7.1305776,84.48965
2007.596,0.35987428,0.20923166,0.048505418,0.072147325,0.6307533,72.50996,30.00641,7.2858024,178.7976
2007.3953,0.36156246,0.19723172,0.04276153,0.07246892,0.6879497,70.714714,28.03804,7.2197585,91.606834
2007.3726,0.36063972,0.20550925,0.049155664,0.07846572,0.6942468,71.22565,28.93989,7.225789,81.118866
2007.3993,0.25924787,0.13964665,0.029021824,0.047727227,0.4702371,69.27586,26.988716,7.1261706,90.33314
2007.2368,0.34074554,0.19895995,0.04876336,0.07569732,0.69069624,70.76964,29.011969,7.2052097,57.337994
2007.5771,0.62130237,0.39211977,0.12296047,0.122537084,1.2508236,74.789,33.540028,7.3965807,288.40295
2007.3652,0.25078902,0.13570903,0.017805329,0.038945667,0.3883711,70.138466,27.764637,7.1785407,156.21194
2007.4314,0.21476795,0.11219377,0.023020068,0.03719468,0.405634,67.90008,25.655294,7.037367,62.59712
2007.3678,0.25413635,0.13737309,0.018630689,0.04002041,0.39944065,70.10626,27.71612,7.1768494,152.18936
2007.6881,1.0655531,0.6855912,0.24461429,0.22655208,2.0457425,78.097694,37.83505,7.42642,436.76672
2007.6844,0.27237996,0.14690867,0.040253557,0.051882893,0.43477133,70.684616,28.055025,7.2015743,152.65005
2007.4017,0.26528272,0.14307548,0.029659035,0.04890761,0.4777355,69.458305,27.142553,7.1381764,95.570946
2007.4032,0.2511526,0.13549845,0.03006226,0.047191545,0.46129918,69.090416,26.88193,7.113801,81.1694
2007.4027,0.2585962,0.13950953,0.029931923,0.04814092,0.47000617,69.28678,27.023537,7.1268034,88.66341
2007.3335,0.24234939,0.13596135,0.027927423,0.036564115,0.41606182,70.21083,28.486992,7.2214236,171.22798
2007.4312,0.281198,0.15359616,0.037545092,0.055451166,0.5011794,70.13357,27.87431,7.18207,102.38448
2007.4231,0.26553655,0.14457886,0.035392497,0.052112043,0.48142493,69.64449,27.448856,7.149929,89.3543
2007.4069,0.26676705,0.14421089,0.031041862,0.049875762,0.48030472,69.54153,27.244812,7.143546,95.47624
2007.4465,0.22581013,0.11888205,0.026327679,0.04048159,0.42018196,68.30139,26.042597,7.0636706,70.24608
2007.0886,0.90450895,0.6055269,0.26135218,0.20704311,1.8770818,75.49718,37.436855,7.3219833,205.30208
2007.4125,0.25498372,0.13816804,0.032536082,0.049084857,0.4672829,69.270966,27.088312,7.125501,82.16033
2007.4257,0.30758604,0.16826682,0.040816147,0.061882257,0.5632334,70.37491,28.010143,7.197713,97.27766
2007.501,0.26119226,0.14015281,0.037053052,0.05097059,0.4659989,69.59228,27.276941,7.1484375,95.5708
2007.3986,0.26146975,0.14080268,0.028809836,0.04791492,0.47273374,69.32906,27.021893,7.1297107,92.76538
2007.414,0.28433052,0.15420024,0.03293914,0.053334743,0.50215274,70.07384,27.694786,7.1785717,110.67177
2007.3518,0.22381778,0.11736764,0.01626026,0.03581047,0.42088133,67.922585,25.611597,7.037906,69.757545
2007.507,0.24139415,0.1272787,0.031820334,0.044839967,0.43552437,68.900024,26.545725,7.1039166,86.33956
2007.4142,0.27516195,0.14923333,0.032989137,0.05210423,0.4913625,69.82851,27.514553,7.162338,101.56574
2007.4781,0.32392365,0.18536021,0.043084335,0.06697155,0.56626284,71.544334,29.210562,7.2350593,131.89203
2007.4233,0.26310292,0.1432729,0.035458013,0.05181431,0.47859186,69.581,27.40376,7.145723,86.87824
2007.2886,0.35021815,0.20022462,0.04625708,0.076421045,0.690366,70.799416,28.682426,7.2026987,62.153545
2007.3562,0.30745548,0.1767533,0.060811955,0.056538314,0.65743893,70.67944,29.540257,7.312165,148.7936
2007.4276,0.29538703,0.16139399,0.03877757,0.058538884,0.5319401,70.29213,27.96422,7.1924376,102.40698
2007.408,0.363691,0.19923426,0.047285825,0.07553688,0.7020956,70.73061,28.133503,7.2206063,80.13149
2007.3989,0.36628973,0.20007364,0.044890583,0.07457244,0.7038354,70.7239,28.05775,7.220398,85.31354
2007.4275,0.25885817,0.14061141,0.034873247,0.050779488,0.47224194,69.44954,27.27316,7.1372714,84.44002
2007.4126,0.35038617,0.19192177,0.04589283,0.07238249,0.6694115,70.64748,28.108519,7.215244,83.88434
2007.6697,0.21568403,0.106433,0.028288765,0.03576842,0.37541035,68.12871,25.424026,7.0584574,95.322784
2007.4269,0.26849785,0.14643386,0.036429252,0.053091545,0.48553252,69.75666,27.562387,7.157247,91.10771
2007.405,0.26763937,0.14456266,0.030529948,0.049712457,0.4810314,69.54901,27.235315,7.144091,96.91472
2007.6925,0.28991836,0.16977708,0.034928013,0.053776532,0.39687008,72.75034,30.186373,7.2754574,233.77693
2007.4517,0.25157985,0.13529201,0.03341338,0.048367925,0.4581197,69.21319,26.979885,7.1226606,84.02667
2007.7886,0.65215313,0.41603556,0.102090254,0.13820796,1.3077677,75.47427,34.83773,7.426969,421.99762
2007.4103,0.27774775,0.1503945,0.031968694,0.051894944,0.4938108,69.86622,27.512512,7.1649327,105.26911
2007.4178,0.28348857,0.15399012,0.033976518,0.053792696,0.5017725,70.08362,27.732498,7.1791162,108.67063
2007.4744,0.22814012,0.11963639,0.02754513,0.04099843,0.4199822,68.406395,26.096926,7.0711884,75.19828
2007.352,0.36452404,0.22030243,0.059571296,0.075662,0.7650753,71.69206,30.24736,7.2805753,127.261284
2007.6495,0.7353306,0.4641665,0.14034294,0.14680614,1.4469023,75.783745,34.348495,7.405712,339.71387
2007.4117,0.28452584,0.15416312,0.03233795,0.053029187,0.50202775,70.060295,27.667093,7.1777344,111.5427
2007.313,0.36554444,0.22486532,0.0651291,0.07643305,0.80303705,71.64965,30.581217,7.292117,124.52132
2007.3916,0.24221563,0.12990251,0.026943011,0.04424078,0.44890857,68.75218,26.539803,7.0917335,75.86681
2007.3927,0.25223032,0.13541082,0.027237033,0.045777574,0.46090057,69.03106,26.754984,7.1101522,85.41988
2007.4852,0.2446372,0.12993838,0.032241903,0.045992386,0.4432576,68.99638,26.688475,7.10956,85.05278
2007.3999,0.31918108,0.17893057,0.04490003,0.06763359,0.5977296,70.66618,28.451714,7.2041245,86.890076
2007.5209,0.2359857,0.12343287,0.030650938,0.04307674,0.42556277,68.72109,26.332253,7.092739,85.48884
2007.4454,0.2656355,0.14448391,0.03708728,0.052734323,0.48001343,69.70305,27.501179,7.154113,90.31655
2007.405,0.28901857,0.15617439,0.030539135,0.05265127,0.50626594,70.12501,27.662188,7.1821923,118.00617
2007.3955,0.24949883,0.13410856,0.0279971,0.04582294,0.4581266,68.98128,26.74044,7.106785,81.866455
2007.4121,0.27534196,0.14919934,0.032435913,0.051823102,0.49124798,69.81605,27.489077,7.161568,102.367455
2007.4319,0.27394646,0.14970835,0.03775498,0.054572117,0.49274614,69.944855,27.74071,7.1695657,94.99022
2007.5239,0.26171872,0.13987935,0.03767916,0.05096795,0.46374467,69.62973,27.270704,7.151465,98.94535
2007.4092,0.25431934,0.13759895,0.031661373,0.04851012,0.46598175,69.22571,27.029104,7.122594,82.49125
2007.41,0.32262456,0.17577307,0.038952626,0.06341041,0.5941905,70.4393,27.934452,7.2021556,100.65994
2007.4031,0.28029534,0.15130925,0.03000096,0.051156715,0.49565363,69.87327,27.459934,7.1655927,110.00312
2007.4528,0.26110187,0.14137898,0.03601305,0.051288262,0.47225448,69.54938,27.327194,7.1443872,88.99958
2007.3915,0.2735718,0.1652362,0.091039814,0.047175847,0.70087886,70.57696,30.972216,7.4244785,193.10739
2007.4573,0.23931691,0.12726827,0.030211395,0.0445573,0.4389975,68.78594,26.524904,7.0952325,78.56036
2007.43,0.28742713,0.15895914,0.04137852,0.059120696,0.51896757,70.33033,28.157814,7.19077,96.50694
2007.545,0.25587812,0.13556468,0.036544032,0.049020384,0.45218325,69.44149,27.033438,7.139878,98.84723
2007.4158,0.3294346,0.18011011,0.04235667,0.066619605,0.6156052,70.505005,28.02859,7.206167,92.77139
2007.3619,0.29896063,0.16360885,0.029336402,0.053070836,0.5237617,70.45048,28.046429,7.204921,132.7151
2007.4299,0.2674476,0.14605245,0.03722244,0.05338593,0.48476222,69.7532,27.583117,7.15694,89.17639
2007.4269,0.27965477,0.15248935,0.036416445,0.054615457,0.49869096,70.0567,27.784231,7.1770964,102.13439
2007.3688,0.36213553,0.2009121,0.047216315,0.0764218,0.7053942,70.75587,28.296104,7.2156825,73.30537
2007.5496,0.27182925,0.1456866,0.040958147,0.053892337,0.47548887,70.00698,27.612122,7.1764984,107.55821
2007.3997,0.36640605,0.20018779,0.045130182,0.07473477,0.70451725,70.726585,28.064844,7.220552,84.77642
2007.4137,0.31721342,0.17292449,0.038954176,0.06246414,0.5818869,70.41038,27.941463,7.200242,100.926476
2007.4735,0.26661673,0.14436543,0.037944857,0.052834656,0.47775897,69.76075,27.505867,7.158584,94.61804
2007.5059,0.23127645,0.12081061,0.02905829,0.041736864,0.42050382,68.542816,26.176676,7.0808315,81.057106
2007.4893,0.2104519,0.107879095,0.023071913,0.035452504,0.3914852,67.795815,25.432991,7.032176,68.247696
2007.6626,0.23904537,0.1216243,0.034463122,0.04300245,0.41137037,68.94554,26.286852,7.1109905,106.21465
2007.4092,0.2449218,0.13214973,0.030714797,0.04662558,0.45377964,68.943665,26.783493,7.1041336,74.88965
2007.4083,0.3430145,0.18737213,0.042865142,0.06929801,0.6473748,70.582,28.026482,7.2112107,90.96634
2007.3995,0.29056844,0.1566643,0.029062277,0.052047502,0.5072217,70.12054,27.615501,7.182042,121.201744
2007.4276,0.26979172,0.14717641,0.036597073,0.05336187,0.4871586,69.79675,27.59701,7.159883,92.1955
2007.4202,0.29969907,0.16675052,0.04268987,0.06236971,0.54849076,70.47767,28.286543,7.196544,93.77412
2007.3555,0.29736692,0.16372077,0.03147394,0.05263999,0.53035617,70.45623,28.185528,7.2132235,135.28201
2007.406,0.34171495,0.19425024,0.04661971,0.0730312,0.6392348,71.18008,28.89822,7.223233,95.520676
2007.9114,0.9821183,0.63057345,0.17772457,0.19956726,1.8110259,78.31941,38.128647,7.4722896,633.64044
2007.4158,0.26310697,0.14279054,0.033423364,0.05069007,0.47739354,69.51747,27.296942,7.14172,89.17739
2007.6355,0.5843404,0.36818588,0.10987134,0.11732971,1.1893182,74.62682,33.38034,7.4025497,294.87473
2007.651,0.40006724,0.24407806,0.06900076,0.07898721,0.8058195,73.25753,31.569935,7.375224,229.72966
2007.4127,0.33502814,0.18309939,0.04255747,0.067717716,0.62867594,70.536644,28.02746,7.2082405,92.047035
2007.4563,0.37141255,0.22139347,0.057634216,0.07567479,0.7400867,72.09207,30.258356,7.29321,151.63033
2007.5549,0.2123173,0.10732689,0.02496081,0.035555266,0.3855719,67.91563,25.428267,7.0416555,78.08673
2007.3947,0.88166225,0.57400113,0.22478002,0.18966523,1.7635902,76.08519,36.47411,7.3788342,293.16064
2007.5237,0.2302824,0.11969564,0.0291661,0.041302994,0.41664168,68.52255,26.12042,7.079999,82.97458
2008.0315,2.446772,1.8081461,0.59909755,0.62041265,5.6010976,82.75145,49.2125,7.6635785,1263.9314
2007.4032,0.27018955,0.14583704,0.03006619,0.049806032,0.48376665,69.60317,27.261808,7.1477194,99.95486
2007.3867,0.36457133,0.20021033,0.045387372,0.07501049,0.7033728,70.73166,28.135324,7.218414,81.679886
2007.3868,0.2812576,0.15101373,0.025501465,0.048693936,0.4891358,69.86857,27.359861,7.165275,120.72825
2007.4352,0.23690125,0.12630609,0.029091628,0.043973003,0.438308,68.68265,26.46107,7.087978,74.34143
2007.4249,0.31010914,0.1696634,0.041124906,0.06250688,0.5695092,70.39106,28.01623,7.198751,96.467064
2007.5386,0.30494818,0.17518722,0.039783265,0.060896363,0.4971039,71.76678,29.40031,7.2418685,161.37105
2007.4731,0.2768187,0.1509275,0.040698186,0.055974398,0.49310422,70.1197,27.879662,7.181741,99.74064
2007.4113,0.27811772,0.1506568,0.032226603,0.052088287,0.49439982,69.88425,27.53344,7.1661,105.343285
2007.4069,0.25295368,0.13671307,0.03105569,0.047987882,0.46401197,69.16999,26.970045,7.118967,81.8265
2007.3243,0.28798544,0.16911094,0.06439494,0.050087597,0.64714265,70.52829,29.88712,7.3320746,165.63057
2007.413,0.28351375,0.1536932,0.032672442,0.053075224,0.5010312,70.0435,27.664482,7.176591,110.1664
2007.7025,0.26332152,0.13614808,0.041877545,0.05018017,0.4424561,69.83341,27.130817,7.1693606,123.94761
2007.4333,0.2370723,0.12646505,0.029099135,0.044038814,0.43880874,68.68716,26.469378,7.08822,74.17889
2007.1073,2.578922,1.9184921,0.7225718,0.67592007,6.2091126,80.4035,47.361324,7.554563,643.8655
2007.416,0.27170992,0.14748219,0.033507373,0.051917035,0.48759544,69.75176,27.472933,7.1572104,97.5739
2007.3934,0.2892683,0.15588504,0.0271822,0.050671108,0.49720103,70.1894,27.663813,7.1861186,128.9812
2007.3883,0.23295142,0.1246606,0.026056414,0.04247938,0.43745196,68.474976,26.308453,7.0734835,67.72282
2007.4918,0.23286434,0.122203834,0.029192781,0.042325575,0.42474276,68.58719,26.250366,7.0833225,79.965034
2007.4135,0.3222389,0.17580108,0.039999098,0.06396301,0.59513533,70.44624,27.966583,7.202512,98.35855
2007.4192,0.2851653,0.15498962,0.03435015,0.054229338,0.5039721,70.14046,27.78557,7.1828394,109.90415
2007.4222,0.259852,0.14138952,0.035031654,0.0511227,0.47442782,69.48021,27.315369,7.1391115,84.23346
2007.4218,0.2755579,0.14993526,0.03503347,0.05328873,0.49303862,69.90312,27.62986,7.1670723,99.65062
2007.7476,0.20889957,0.10000097,0.028093195,0.033124086,0.35491326,67.953964,25.089191,7.0492496,102.42482
2007.3652,0.25277945,0.135266,0.018876636,0.04057536,0.42612016,69.45679,27.041891,7.1363935,124.0884
2007.3909,0.19599923,0.10122102,0.017085252,0.031714227,0.382875,67.20573,25.013477,6.9914722,47.586117
2007.4797,0.30131862,0.17031178,0.041142095,0.06137763,0.5206181,71.10559,28.82894,7.2185736,127.54016
2008.6907,1.4403775,0.99346316,0.21280208,0.34430563,2.8522286,82.57032,48.574802,7.430166,1816.2545
2007.4004,0.33863312,0.18427476,0.039284434,0.066409245,0.631176,70.52776,27.923878,7.207975,99.1255
2007.5028,0.26632002,0.1433939,0.038482115,0.05253333,0.47342739,69.77446,27.462437,7.160248,98.43584
2007.4127,0.26753953,0.14500172,0.032601103,0.05084375,0.48213813,69.61111,27.342144,7.147995,94.47992
2007.3871,0.2484763,0.13301657,0.025743531,0.044436783,0.45558745,68.88325,26.601643,7.1005216,83.39921
2007.3835,0.308471,0.17735536,0.06611846,0.05744529,0.66986424,70.73696,29.704863,7.3287797,151.22133
2007.385,0.25296393,0.1353205,0.025185151,0.044743914,0.460553,68.986626,26.661808,7.107415,88.45847
2007.4282,0.27216738,0.1485125,0.036790285,0.05379468,0.49007636,69.866776,27.654543,7.1644955,94.322426
2007.3246,0.24099682,0.13744166,0.034172717,0.03631627,0.43870515,70.24663,28.837416,7.2443705,176.68542
2007.4136,0.33041888,0.18050937,0.041817896,0.06647264,0.6169056,70.50564,28.011036,7.2062616,93.9171
2007.3748,0.23948146,0.12734139,0.022423526,0.041367106,0.4430098,68.53718,26.247814,7.0779552,78.265945
2007.4187,0.28791842,0.15645216,0.034213837,0.054531768,0.5071404,70.21033,27.833315,7.187475,112.775276
2007.7184,0.33963758,0.19887316,0.043408435,0.06422784,0.5337529,73.087944,30.419998,7.3042765,233.83856
2007.3743,0.35999,0.21045893,0.050346605,0.07577114,0.70452607,71.51861,29.494154,7.2463374,109.70417
2007.5453,0.24486862,0.12848917,0.03356807,0.045633707,0.43565267,69.053955,26.630304,7.11487,93.289085
2007.3894,0.23251897,0.12449448,0.026344819,0.042579472,0.43711218,68.47235,26.314981,7.073282,66.97067
2007.4283,0.25535008,0.1383353,0.03394205,0.049694553,0.46686727,69.32672,27.143808,7.129368,82.778595
2007.4802,0.21317995,0.10987408,0.023618137,0.036356714,0.39678445,67.88436,25.542965,7.037649,68.39651
2007.4136,0.27001768,0.14640413,0.032839198,0.051315438,0.4852033,69.68529,27.404078,7.1528788,96.65738
2007.9001,0.18156016,0.11824318,-0.028875722,0.03861723,0.1721472,72.78284,32.514538,7.3326063,501.86118
2007.5137,0.21969265,0.11316198,0.026088407,0.038118627,0.4020959,68.14137,25.744001,7.05513,76.24553
2007.408,0.32252827,0.17556413,0.03823588,0.06296883,0.5927236,70.43262,27.912909,7.201784,102.254234
2007.4067,0.26386943,0.14262639,0.030995676,0.049452607,0.47685802,69.46206,27.184595,7.1382933,92.66829
2007.386,0.23918788,0.12789938,0.025435744,0.042992044,0.44444442,68.6235,26.400225,7.0833693,74.57853
2007.4281,0.26792845,0.1461966,0.036731362,0.053180426,0.48503923,69.75078,27.566906,7.1568284,90.204956
2008.5461,1.0859497,0.6970052,0.10901619,0.238905,1.8567882,81.70383,46.17388,7.39307,1559.2046
2007.228,0.23370269,0.1497158,0.08688507,0.022869555,0.4915081,70.464455,31.033007,7.365164,251.16455
2007.5726,0.38557696,0.23169534,0.06349903,0.0764635,0.7626573,72.74752,30.889141,7.337523,194.14659
2007.4197,0.409086,0.26007974,0.08756405,0.08087355,0.9189547,72.755066,32.118717,7.3753233,190.0801
2007.4117,0.3279151,0.1808699,0.045371503,0.068566665,0.61987484,70.53498,28.179592,7.205504,83.64937
2007.4012,0.26719332,0.14408568,0.029544292,0.049106356,0.47992224,69.506165,27.174631,7.1413536,97.58623
2007.5757,0.2242343,0.114428274,0.02862279,0.039071176,0.40069124,68.35235,25.841385,7.0703936,86.93497
2007.3772,0.23688851,0.126089,0.023077155,0.04137264,0.4403363,68.4878,26.230444,7.074625,74.96944
2007.4017,0.35126826,0.19163905,0.042508893,0.07053168,0.6655259,70.62308,28.005087,7.2139626,91.3446
2007.9261,0.542574,0.3658134,0.03787131,0.13177153,1.1212732,75.06653,37.29055,7.465502,663.2075
2007.4989,0.22545129,0.11725432,0.027335538,0.03999536,0.41269,68.33198,25.97119,7.067039,77.164215
2007.3855,0.34121832,0.19306374,0.04715846,0.073388375,0.6489659,70.96485,28.712313,7.2156854,83.894554
2007.6235,0.2663545,0.14019981,0.041034773,0.051678736,0.45747322,69.875145,27.329563,7.1699553,114.79562
2007.3895,0.24067487,0.12893508,0.026394071,0.04372589,0.44676575,68.69352,26.48023,7.087907,74.96521
2007.7009,0.8412546,0.53145224,0.17213833,0.16387558,1.5931172,76.73572,35.27281,7.425422,400.8057
2007.459,0.24000533,0.12766579,0.030432982,0.044756982,0.43980762,68.81156,26.548237,7.0969305,79.13608
2008.1023,0.14319542,0.12621377,-0.094833754,0.056941178,0.20675437,73.055824,37.27584,7.4191303,879.1772
2007.5676,0.27054057,0.1443787,0.040989134,0.053366885,0.47116676,69.976456,27.544928,7.175007,109.34501
2007.4001,0.25493947,0.13736133,0.029249815,0.047262043,0.46528766,69.16698,26.914766,7.118945,85.82349
2007.5208,0.21473056,0.10978847,0.024893025,0.036542594,0.3937273,67.97241,25.554611,7.044411,74.67796
2007.4214,0.42965603,0.27262163,0.09358371,0.08364155,0.94348216,72.96123,32.221294,7.3762493,194.13588
2007.9694,0.44398987,0.30195153,0.014351888,0.113821365,0.95453817,74.40809,36.60464,7.468163,639.4071
2007.3721,0.23537895,0.124943405,0.021708893,0.040409077,0.437746,68.40435,26.128447,7.069239,75.02278
2007.3738,0.2646899,0.14137813,0.021843577,0.04429987,0.4628465,69.40893,26.94459,7.134818,112.80838
2007.3969,0.27615145,0.14866805,0.028359523,0.049680654,0.48979294,69.710335,27.291046,7.154976,107.76455
2007.4238,0.29468125,0.16071004,0.03736285,0.05757702,0.52787185,70.276184,27.922361,7.191522,105.579475
2007.4028,0.27714053,0.14958525,0.029955393,0.05069862,0.4919038,69.78689,27.394619,7.159883,106.94064
2006.9783,0.39935827,0.26947102,0.12346351,0.08962211,1.0049456,71.36469,32.46608,7.304846,53.208683
2007.4191,0.27987385,0.15210612,0.03430785,0.05347984,0.49770284,69.99664,27.677813,7.1733303,104.72902
2007.4331,0.25337923,0.13694386,0.033508003,0.049054712,0.4632869,69.26121,27.066437,7.1252646,82.41773
2007.5691,0.222249,0.11332984,0.027945852,0.03850821,0.39859346,68.27698,25.776093,7.065353,85.03115
2007.4097,0.28119346,0.1522249,0.03179777,0.05227329,0.4977759,69.95366,27.572252,7.170734,108.862854
2007.4542,0.1982248,0.10096178,0.019022891,0.031944335,0.37780833,67.33632,25.024506,7.001586,57.29459
2007.5706,0.24834345,0.1300477,0.035040844,0.046521135,0.43751264,69.197136,26.729406,7.124783,98.47138
2007.4171,0.34636366,0.18993737,0.04649708,0.07203644,0.66131526,70.631165,28.131962,7.214105,82.74502
2007.4518,0.27219313,0.14852524,0.03899671,0.05470498,0.48899817,69.93923,27.73408,7.169526,94.506584
2007.372,0.31968084,0.18096657,0.055671655,0.060396288,0.6549262,70.749695,29.191984,7.289754,136.30336
2007.5596,0.369181,0.21470919,0.051472172,0.075171426,0.6730503,72.364525,29.952559,7.285088,163.3071
2007.3956,0.36568218,0.1994775,0.04363929,0.0737246,0.7002752,70.709885,28.020706,7.219594,88.11873
2007.4802,0.3743377,0.22352971,0.058853924,0.07583523,0.74480563,72.227585,30.389477,7.3023987,160.43623
2007.4517,0.31335792,0.1771909,0.042947985,0.06499392,0.55917054,71.066475,28.796644,7.217819,114.5586
2007.612,0.39186823,0.2389894,0.06875116,0.076055914,0.7906462,73.0851,31.433735,7.3687305,220.93684
2007.3657,0.23969449,0.12687793,0.019991932,0.04005209,0.44182342,68.46685,26.124308,7.0735426,81.219055
2007.3087,0.35104218,0.20212355,0.0448999,0.075796895,0.67841893,71.07121,28.917501,7.210601,77.37113
2007.3884,0.27364048,0.146766,0.02609847,0.04808612,0.48549297,69.57198,27.12217,7.1460466,107.836586
2007.3705,0.23444518,0.12433313,0.021275537,0.040041376,0.43638787,68.36565,26.087057,7.066722,74.590034
2007.4154,0.25831434,0.1401693,0.033344865,0.049989007,0.4716915,69.385956,27.197231,7.133028,84.53542
2007.529,0.2455235,0.12934288,0.03340282,0.0459516,0.43878996,69.06362,26.672338,7.1150618,91.42041
2007.4387,0.27824572,0.15247872,0.039584592,0.056173533,0.49890134,70.11786,27.922583,7.1808305,97.16996
2009.917,2.5973196,1.9210832,0.3619761,0.7088156,5.947212,87.20883,62.957466,7.3041453,3813.0876
2007.595,0.26914647,0.14275417,0.041188445,0.052742045,0.46544766,69.94992,27.463495,7.1740217,112.34325
2007.4216,0.30239397,0.16498578,0.038336776,0.05950421,0.5471084,70.32581,27.941875,7.194709,103.03493
2007.4033,0.2572875,0.13883546,0.0300857,0.04804635,0.46855268,69.25635,27.005516,7.1247754,87.19823
2007.5194,0.25564986,0.13610087,0.03594233,0.049133852,0.45523882,69.41234,27.05356,7.137315,95.262245
2008.0685,2.3508286,1.733715,0.5713135,0.5925497,5.333507,82.621124,48.839645,7.6519327,1271.9105
2007.4048,0.33482137,0.18239878,0.03987716,0.06609325,0.623539,70.51248,27.946701,7.2069054,98.00122
2007.362,0.23884651,0.12618239,0.019004928,0.03939009,0.44023925,68.41314,26.055536,7.0700865,81.49535
2007.422,0.32755032,0.17947665,0.04398075,0.06725215,0.6141474,70.5089,28.08011,7.2062654,89.2638
2007.3899,0.26846057,0.14404224,0.026472436,0.04758206,0.4796015,69.4442,27.03851,7.1375566,102.302
2007.4714,0.18335998,0.09095792,0.015361106,0.027250493,0.35324687,66.827,24.461409,6.9691696,52.07947
2007.427,0.29967865,0.167021,0.042495117,0.062205303,0.54488665,70.54552,28.345125,7.1989145,97.59761
2007.4111,0.28171644,0.1525971,0.0321682,0.05254983,0.498612,69.979324,27.602144,7.1723957,108.961174
2007.409,0.26105562,0.14124762,0.031622224,0.049412858,0.47390792,69.40588,27.161396,7.134516,89.18428
2007.4132,0.27657115,0.14993669,0.032729264,0.05215395,0.49287203,69.85832,27.529003,7.1643357,103.24977
2007.5415,0.2525413,0.1335156,0.035566643,0.048019595,0.44764763,69.32108,26.915236,7.132013,96.678055
2006.7058,2.2113106,1.6469449,0.6684462,0.58615565,5.4080076,77.9151,45.27091,7.4647036,381.99567
2007.6012,0.2623096,0.13819838,0.03946845,0.050595384,0.45437658,69.714264,27.206398,7.158977,109.7145
2007.3656,0.25232452,0.13565834,0.018504279,0.039998714,0.41102666,69.74913,27.349602,7.154479,137.55446
2007.4529,0.25331482,0.13637581,0.033907045,0.04889323,0.46056926,69.27522,27.042112,7.1266947,85.06121
2007.4022,0.26269695,0.14169948,0.029777097,0.048618056,0.4747539,69.392365,27.097187,7.133803,92.88556
2007.4227,0.24357918,0.13092612,0.03063712,0.046115547,0.4499685,68.90756,26.719286,7.102164,76.04469
2007.5975,0.23742631,0.12231681,0.032655023,0.042970587,0.417564,68.83495,26.299845,7.102124,96.59135
2007.4232,0.27745044,0.15105653,0.0354263,0.0537656,0.49550435,69.96637,27.688246,7.171218,101.07549
2007.461,0.31900093,0.18135643,0.043155033,0.06616098,0.5654367,71.27423,28.976728,7.225368,121.15414
2007.5242,0.23642646,0.1236289,0.030839039,0.043188855,0.42579055,68.7393,26.344755,7.0940013,86.15451
2007.4218,0.23422033,0.124943286,0.028082175,0.043245204,0.43607494,68.57715,26.377922,7.08081,71.15805
2007.3943,0.2663737,0.14318925,0.027649237,0.04794625,0.4778345,69.42481,27.058718,7.1361585,98.914795
2007.992,0.5111545,0.3575302,0.008203918,0.13391566,1.0674175,75.045876,38.943707,7.4869924,811.505
2007.2959,0.35056537,0.20114781,0.04575113,0.07622786,0.68521553,70.92605,28.80016,7.2065706,68.616554
2007.5282,0.235177,0.12272108,0.030584203,0.042776298,0.4233927,68.69856,26.29463,7.091477,86.05632
2008.1082,1.2077343,0.78620154,0.21452048,0.2597143,2.1962438,80.46405,42.161007,7.503538,893.2088
2007.4219,0.2831799,0.15408531,0.035079997,0.054360375,0.5020608,70.109825,27.784317,7.1807413,107.1212
2007.6346,0.23085572,0.117110126,0.031657,0.040684707,0.4028019,68.634094,26.018215,7.090145,98.27366
2007.5205,0.37853009,0.2252947,0.059339244,0.07642669,0.743,72.399635,30.451258,7.3100696,169.28488
2007.4342,0.27895227,0.15257302,0.038369488,0.055598754,0.49901676,70.09888,27.872833,7.179694,99.23795
2007.435,0.27239624,0.14907405,0.03862629,0.054841075,0.49143195,69.93037,27.755571,7.168522,92.47731
2007.4082,0.3610283,0.1977221,0.04678642,0.07477486,0.69517034,70.712074,28.121834,7.219429,81.3718
2007.6431,0.35923186,0.21044713,0.049690876,0.070558704,0.62266934,72.78877,30.314558,7.3032265,201.79733
2007.4329,0.27344418,0.1494966,0.03801107,0.054644767,0.49230486,69.93935,27.744148,7.169176,94.205635
2007.4097,0.27302667,0.14779091,0.03180129,0.051154554,0.4881405,69.73385,27.409557,7.1561933,100.79805
2007.4127,0.33054593,0.1805207,0.041566208,0.06634574,0.61675626,70.50415,28.003263,7.206188,94.468895
2008.3453,0.8989966,0.570538,0.059006333,0.203744,1.5467206,80.06759,44.612415,7.3519607,1390.5275
2007.6337,0.39145452,0.23357981,0.06359857,0.07742035,0.755609,72.98817,30.924255,7.3461943,205.51756
2007.4293,0.29956356,0.16392206,0.040268295,0.06015332,0.5440343,70.32729,28.003908,7.194617,98.892784
2007.4003,0.27208164,0.14667483,0.02926979,0.049625393,0.48552856,69.62921,27.257702,7.1495204,102.72076
2007.0261,0.31537077,0.21414404,0.09129382,0.07686016,0.86986035,70.63181,31.737152,7.2951813,48.283268
2007.5199,0.26920238,0.14479178,0.039620683,0.053297706,0.4754931,69.88998,27.549023,7.168156,102.200615
2007.4028,0.27780628,0.14994568,0.029950852,0.050787456,0.4926867,69.80467,27.407658,7.16106,107.60286
2007.4575,0.53403616,0.33743858,0.115522906,0.10187148,1.0991482,73.90162,32.84076,7.382568,230.95638
2007.4106,0.2868171,0.15534042,0.032056883,0.05318822,0.5045654,70.1132,27.698025,7.181262,114.12129
2007.4896,0.22701037,0.11850443,0.027560735,0.04054171,0.4162658,68.37918,26.03863,7.0698376,76.69045
2007.6023,0.22232743,0.11249539,0.028666755,0.038294304,0.3943077,68.307106,25.742062,7.06818,89.56677
2007.4242,0.27362818,0.14904125,0.035679672,0.05338117,0.49114344,69.87137,27.625324,7.164909,97.017006
2007.4092,0.27164018,0.14700565,0.031665437,0.050889194,0.48642394,69.69226,27.374767,7.1534557,99.58282
2007.4309,0.28566027,0.15603709,0.03770964,0.05620344,0.5079594,70.23093,27.944456,7.188494,105.2605
2007.4082,0.3401695,0.18572645,0.042195763,0.068403356,0.6397391,70.56103,28.009909,7.209889,92.59268
2007.4819,0.24290158,0.12891375,0.03170095,0.045482907,0.4411035,68.93248,26.628708,7.1053457,83.71518
2007.6096,0.23584531,0.12098035,0.032481007,0.042398084,0.4135959,68.78921,26.228592,7.0994925,97.42104
2007.4209,0.26926923,0.14646715,0.03481039,0.052302442,0.4854856,69.72679,27.492716,7.155431,93.69514
2007.3881,0.23815048,0.12746678,0.0259848,0.043153226,0.44354486,68.61274,26.40838,7.0826035,72.93518
2007.446,0.24358179,0.13030545,0.031129958,0.045948923,0.4468753,68.9269,26.693424,7.104033,79.20822
2007.5743,0.37511814,0.2195595,0.054547712,0.07592653,0.6956392,72.50044,30.177229,7.2994165,172.08478
2007.4265,0.28175664,0.1536047,0.036307238,0.054843508,0.5011068,70.109886,27.820412,7.180625,104.33209
2007.336,0.46476945,0.29646313,0.107282355,0.08955799,1.0145811,73.01692,32.39624,7.3665466,178.87952
2007.565,0.23073359,0.11888897,0.030155247,0.041146785,0.41186166,68.57235,26.091206,7.084307,88.77454
2007.4075,0.25417888,0.13741325,0.0312019,0.048236847,0.46554434,69.20756,27.002161,7.121438,82.87087
2007.7161,0.8239003,0.5234389,0.1500101,0.1670277,1.5944349,76.60744,35.500145,7.419616,422.7391
2007.4614,0.22937852,0.120774716,0.027609097,0.04147149,0.42354578,68.43939,26.156553,7.072976,74.08355
2007.4219,0.2741037,0.1491526,0.03506306,0.053105537,0.49134007,69.86488,27.602411,7.1645403,98.1819
2007.9999,0.39081624,0.27018884,-0.0030195327,0.10572624,0.862468,74.08432,36.65971,7.4737625,661.9742
2007.4966,0.2695498,0.14563578,0.03922372,0.053571556,0.47910392,69.883,27.587631,7.1670866,99.2219
2007.5872,0.29162845,0.16830632,0.037289478,0.05648607,0.44529766,71.985374,29.587425,7.248831,185.56613
2007.3811,0.23454925,0.1250668,0.024118809,0.04162748,0.4381919,68.45739,26.238516,7.0725107,71.485435
2007.5562,0.34707573,0.19961391,0.043611173,0.07057007,0.592022,72.197624,29.60504,7.259389,159.6991
2007.4575,0.26598525,0.14438608,0.03743693,0.052755125,0.47893307,69.725334,27.50053,7.155873,92.13233
2007.086,1.3238933,0.9202691,0.44198668,0.30477712,2.9213684,75.929886,39.066257,7.477042,297.08633
2007.3999,0.25366065,0.13665105,0.029183248,0.04704977,0.4637392,69.130455,26.885765,7.116536,84.63636
2007.3907,0.2709906,0.14546905,0.026694747,0.04805213,0.48271844,69.51928,27.100649,7.1425014,104.54847
2007.4563,0.25243613,0.13571833,0.033742897,0.048597977,0.45878825,69.24717,27.00607,7.1249766,85.089035
2007.4066,0.3539225,0.19352141,0.044705175,0.07229774,0.67538625,70.656166,28.068064,7.2159357,86.34167
2007.4357,0.3648166,0.20876557,0.047453694,0.07755785,0.67889005,71.6432,29.201035,7.2393956,108.31459
2007.5149,0.22282708,0.115145,0.026960516,0.039074387,0.4066459,68.25268,25.857468,7.0623436,77.987595
2007.4718,0.23822057,0.1261783,0.030219836,0.044116378,0.43543324,68.75927,26.468685,7.093896,79.965294
2007.409,0.3658081,0.2005359,0.048132736,0.076409325,0.708385,70.74922,28.15638,7.221754,78.14773
2007.5781,0.21729288,0.109903805,0.026796611,0.036918845,0.38995332,68.10997,25.584568,7.0548162,83.75278
2007.4324,0.2396962,0.12817559,0.029789215,0.044852473,0.44286913,68.77877,26.566467,7.0941076,75.380356
2007.3949,0.28515774,0.15342762,0.027808944,0.05061215,0.5000956,69.93563,27.44174,7.169934,117.274994
2007.0371,0.43209448,0.27966413,0.16587527,0.08002249,0.9761378,71.377716,32.441185,7.3640018,109.301186
2007.4017,0.32386974,0.17588454,0.03648835,0.062168114,0.5927318,70.42476,27.858355,7.2014356,106.06265
2007.4056,0.32960814,0.17947137,0.039049987,0.06469054,0.6102425,70.477486,27.928406,7.204672,100.09568
2007.4327,0.27693433,0.15138815,0.037995588,0.05511514,0.49641445,70.032845,27.81294,7.1753626,97.66791
2007.548,0.24239142,0.12682736,0.032953605,0.044852912,0.43158618,68.96891,26.536688,7.109452,92.392784
2007.6378,0.31302425,0.18172617,0.038179852,0.060379345,0.47502536,72.52599,29.941305,7.269028,204.69774
2007.4082,0.22739545,0.12091986,0.025950449,0.041243363,0.42763305,68.32568,26.143145,7.0642214,65.869
2007.4854,0.22657311,0.11833684,0.027352834,0.04043771,0.41617388,68.36028,26.027348,7.0685043,75.89327
2007.846,0.8517135,0.56196874,0.118693836,0.18560088,1.6291884,77.24135,39.047752,7.4647646,718.6712
2007.4064,0.2502251,0.13519433,0.030900097,0.047527447,0.46070018,69.091644,26.90745,7.1138,79.30878
2007.4183,0.33212146,0.18257315,0.045561116,0.06915142,0.62823915,70.55158,28.144081,7.2080374,84.573326
2007.423,0.26497898,0.14426842,0.035360396,0.052017782,0.48074797,69.62847,27.436049,7.1488724,88.84014
2008.1458,0.6094457,0.39987954,-0.008258386,0.15463725,1.1490549,77.05461,42.029922,7.364323,1167.9868
2007.2579,0.35589203,0.22129455,0.0690315,0.07703762,0.8092587,71.39211,30.644327,7.286004,103.34974
2007.3839,0.25541806,0.13657561,0.024859516,0.044900663,0.46325666,69.04253,26.693644,7.1111445,91.24805
2007.1687,1.4640002,1.009759,0.48771983,0.32594436,3.2720845,75.97351,38.3588,7.5694995,329.48618
2007.4056,0.25386742,0.13712919,0.030719439,0.04792738,0.46489146,69.184074,26.9706,7.119932,83.107635
2007.5989,0.23703377,0.12202892,0.03257708,0.042840265,0.41679746,68.822235,26.283985,7.1013393,96.574135
2007.3816,0.3107178,0.16875271,0.030739369,0.05670249,0.54918426,70.442444,27.886423,7.200631,122.72602
2007.3821,0.24355432,0.13002251,0.024394536,0.04301562,0.44898155,68.70851,26.432602,7.089095,80.06276
2007.3868,0.24967033,0.13364495,0.025659526,0.044554196,0.4569469,68.91277,26.621042,7.102483,84.67247
2007.5897,0.2732842,0.14695485,0.04103549,0.053671457,0.46491897,70.263176,27.800758,7.1871095,122.06834
2007.4808,0.264959,0.14310528,0.037650775,0.05227232,0.4743006,69.70843,27.437042,7.1554017,94.77079
2007.5421,0.2428819,0.1272971,0.032964006,0.04504536,0.43309158,68.9814,26.561092,7.110103,91.855316
2007.4569,0.26219377,0.14197013,0.03639565,0.05159439,0.47334358,69.59123,27.362562,7.1471987,90.11275
2007.4171,0.2723901,0.1479179,0.033785835,0.05216431,0.4885627,69.778786,27.50113,7.158971,97.931206
2008.7068,2.0197468,1.477808,0.40148053,0.51304716,4.463293,83.528114,51.53109,7.513996,2001.6149
2007.7373,1.0000194,0.6383273,0.21837316,0.20511076,1.8941981,77.85266,36.985256,7.434061,446.85666
2006.7767,0.46020886,0.3142578,0.16787769,0.09759559,1.0753598,71.48478,33.07768,7.27558,23.230703
2007.3977,0.36605683,0.19984512,0.04441095,0.07424746,0.7024707,70.71853,28.04355,7.22009,86.38882
2007.4324,0.27366978,0.14958848,0.037882518,0.054604664,0.49249503,69.9414,27.741892,7.1693244,94.57328
2007.4095,0.25826722,0.13976476,0.031753685,0.0491029,0.47069508,69.33491,27.112692,7.129808,86.28379
2007.4413,0.3823674,0.23834555,0.07301395,0.07693036,0.8385893,72.43344,31.436214,7.3489976,178.15546
2007.4354,0.2849874,0.1559878,0.03909095,0.056904174,0.5088342,70.23921,27.98708,7.188906,102.23085
2007.4067,0.28959057,0.15659124,0.030985089,0.05297629,0.5072047,70.15436,27.697025,7.18409,118.06768
2007.428,0.2786604,0.15201983,0.036712233,0.05464253,0.49769244,70.03918,27.77994,7.1759076,100.819214
2007.4834,0.17402858,0.08464674,0.013087152,0.024295537,0.33767292,66.508255,24.10662,6.948914,48.964596
2007.4761,1.2496065,0.831779,0.31826133,0.2845593,2.4932675,78.5658,40.097134,7.3937707,425.5954
2007.5149,0.24228917,0.12764086,0.032230735,0.04505798,0.4358081,68.93812,26.569613,7.1065874,87.87388
2007.4078,0.34460455,0.1882542,0.04306863,0.06969691,0.65134525,70.592255,28.030586,7.211869,90.43576
2007.413,0.26243657,0.14225169,0.03268946,0.05019235,0.4761685,69.476456,27.24501,7.1390796,89.3435
2007.421,0.36389807,0.20811197,0.047876764,0.077803455,0.6822786,71.55692,29.153152,7.2366815,102.27463
2007.4211,0.36754337,0.2193372,0.056770127,0.075248085,0.73892903,71.92598,30.159763,7.2843184,142.22067
2007.4781,0.24214089,0.12852608,0.03141527,0.04527612,0.44046506,68.90257,26.605074,7.103315,82.816765
2007.4186,0.3151045,0.17206812,0.04010445,0.0627766,0.57909334,70.409,27.97895,7.2000375,98.480835
2007.4192,0.26709875,0.14518107,0.034359165,0.05175517,0.4826576,69.654236,27.42572,7.150675,92.06178
2007.349,0.35794523,0.20384867,0.04864346,0.07804008,0.69532514,71.07113,28.830305,7.218595,73.91626
2007.381,0.23989873,0.1279687,0.024106042,0.042354506,0.44449714,68.60104,26.344536,7.082015,76.77993
2007.4241,0.32086268,0.1757825,0.043196727,0.06561693,0.5975728,70.46639,28.065018,7.2035303,91.3361
2007.4167,0.28925502,0.15707444,0.033835832,0.05453719,0.50939035,70.21682,27.822725,7.187942,113.671745
2007.4138,0.29488996,0.16009787,0.03409255,0.05567567,0.5226527,70.24917,27.823233,7.190056,112.821335
2007.3467,0.5408,0.3425555,0.1285931,0.099027894,1.1040194,73.74146,32.76566,7.371954,203.4316
2007.5231,0.6930191,0.4383097,0.15276334,0.13114314,1.3471587,75.26001,34.05688,7.400376,304.86444
2007.3895,0.3496097,0.19379261,0.047832727,0.074279256,0.67615026,70.685196,28.288063,7.2126837,74.419815
2007.6406,0.3735557,0.22079426,0.055929083,0.07355346,0.68155724,72.8882,30.597815,7.3230247,204.33194
2007.3931,0.28870526,0.15523551,0.027311334,0.050823864,0.50398767,70.015594,27.48635,7.175272,121.33778
2007.4205,0.3633591,0.20877726,0.04771769,0.07711077,0.68258816,71.603905,29.24225,7.2393584,107.79908
2007.4246,0.2968488,0.1620076,0.038070958,0.058376044,0.5340344,70.29387,27.940977,7.192622,103.901054
2007.4222,0.30611745,0.16717486,0.03937242,0.06076969,0.5573798,70.35464,27.96839,7.1965137,100.552505
2008.5117,0.82199883,0.5115639,-0.0009006322,0.19604501,1.3621907,80.55873,46.75142,7.268289,1685.0687
2007.3906,0.47299105,0.29998457,0.107589416,0.08993376,1.0064609,73.280975,32.437332,7.373835,194.10075
2007.4674,0.38779366,0.24390319,0.077192955,0.077329904,0.86164236,72.656715,31.802662,7.369928,193.49243
2009.6569,1.2109786,0.8434157,-0.005625366,0.31403542,2.2866912,84.96791,57.46193,7.1983604,3328.1304
2007.4259,0.24459511,0.13149309,0.03097971,0.04640493,0.45106626,68.945984,26.752901,7.1047287,76.99431
2007.4008,0.24445985,0.13170354,0.029388214,0.045900512,0.45300278,68.8891,26.713032,7.1005507,75.32369
2007.3383,0.35632044,0.20341764,0.04787473,0.07758387,0.6919433,71.063805,28.84757,7.216627,74.02627
2007.5667,0.24050859,0.12512064,0.03283744,0.04414012,0.42628732,68.918,26.447031,7.1066623,93.966064
2007.3983,0.26458117,0.14247546,0.02873916,0.048302814,0.4763637,69.41064,27.080233,7.1351137,95.91613
2007.406,0.35792994,0.19578366,0.045395106,0.07340806,0.68570155,70.68353,28.083763,7.217678,84.61177
2007.4258,0.32286093,0.1770606,0.044220407,0.06657331,0.6038997,70.485886,28.093391,7.204719,88.9663
2007.3934,0.27646452,0.14861324,0.027415669,0.049201824,0.4896043,69.68923,27.247698,7.153673,109.138176
2007.605,0.39032784,0.23662709,0.066903934,0.076316394,0.77998424,72.9926,31.24433,7.358646,212.70111
2007.5077,0.2545468,0.13570593,0.03539588,0.04887901,0.4551452,69.3638,27.026264,7.133869,93.10993
2007.4288,0.27755734,0.15147716,0.036948703,0.054621894,0.49653065,70.01687,27.770365,7.174409,99.463745
2007.4155,0.26100114,0.1416371,0.03338175,0.05037809,0.47488397,69.45946,27.252756,7.137887,87.14581
2007.4475,0.61467385,0.38882166,0.1333873,0.117046125,1.2362754,74.48528,33.335964,7.3823514,249.97295
2007.3912,0.2616101,0.14040983,0.02684032,0.046845384,0.47173488,69.27123,26.921211,7.1260786,95.12545
2007.5294,0.3635781,0.20954648,0.048059016,0.0749657,0.6536296,72.13752,29.628698,7.2651834,146.9673
2007.4115,0.32048428,0.17465293,0.038982965,0.063053735,0.58937573,70.428116,27.938124,7.2014127,100.699455
2007.4463,0.2056615,0.10594829,0.020869276,0.03428769,0.3900053,67.59168,25.305452,7.017858,59.99645
2007.4309,0.36277652,0.2073722,0.048036225,0.077506624,0.6771861,71.588135,29.176199,7.238709,104.84956
2007.0713,0.41997996,0.27826613,0.12076535,0.09089438,1.0193915,71.78206,32.43824,7.322509,81.65082
2007.2894,0.20355918,0.123645164,0.046610527,0.025727717,0.4210715,70.17171,29.842928,7.30293,211.59348
2007.4081,0.2910201,0.15745805,0.031365324,0.05338266,0.5091164,70.20474,27.745514,7.187386,119.049736
2007.4116,0.31439647,0.17622104,0.044165783,0.06618275,0.5821024,70.687584,28.469603,7.204629,92.37749
2007.5526,0.24391806,0.1276811,0.033467013,0.045288265,0.43324447,69.02659,26.587275,7.113301,93.810875
2007.4003,0.24604438,0.13253658,0.02927305,0.046054285,0.4548045,68.92817,26.738585,7.103146,77.01759
2007.3937,0.36532944,0.19913138,0.04291274,0.07323233,0.698208,70.70175,27.999197,7.219127,89.74752
2007.8636,0.67110306,0.44768462,0.07108187,0.15427002,1.3387319,75.90329,37.969727,7.459652,676.3322
2007.7489,0.80000335,0.5176551,0.126647,0.16893242,1.5574989,76.552986,36.771313,7.4329896,533.024
2007.562,0.19963379,0.098995335,0.021674829,0.03160519,0.36563134,67.47474,24.956324,7.013385,72.598915
2007.4156,0.32748824,0.17897582,0.04186052,0.0659849,0.6103147,70.490326,28.016096,7.205245,93.96875
2007.4093,0.26753223,0.14477864,0.031681098,0.050334144,0.4815856,69.58213,27.29366,7.1461687,95.51044
2007.4152,0.29989964,0.16307653,0.03563733,0.057467982,0.53673553,70.289246,27.863482,7.1925554,109.14572
2007.3794,0.26648554,0.14229982,0.023659775,0.04575612,0.47560757,69.303024,26.851341,7.1284947,103.5252
2007.3616,0.31815726,0.17477104,0.03445496,0.05875302,0.5801418,70.5598,28.160488,7.2160187,122.88366
2007.7546,0.86720896,0.5496942,0.16323772,0.17393102,1.6542397,77.02415,35.738636,7.4284396,440.11533
2007.4518,0.36971346,0.2180526,0.0548807,0.07616709,0.72346777,71.97748,29.97792,7.2789693,140.40782
2007.3972,0.3659709,0.1997608,0.044233914,0.0741275,0.7019671,70.716545,28.03831,7.219976,86.78569
2007.4286,0.2768092,0.15105636,0.036887825,0.054485567,0.4956117,69.99482,27.752243,7.172956,98.79394
2007.4257,0.24812289,0.13376388,0.031930473,0.047491085,0.45638072,69.07005,26.882227,7.1127315,78.75725
2007.4392,0.3495831,0.20031084,0.046444573,0.07415554,0.6401889,71.59308,29.233398,7.23811,113.181274
2007.3971,0.36172917,0.20982015,0.049212854,0.07639872,0.69471693,71.56656,29.386427,7.243707,109.38782
2007.8484,0.4034334,0.2471251,0.049133297,0.08429214,0.7758203,73.79753,32.086773,7.3865633,320.2849
2007.4059,0.3233924,0.17590976,0.037740722,0.06282668,0.5938267,70.43298,27.896828,7.2018566,103.309204
2007.3881,0.28008476,0.1502392,0.02598822,0.048909474,0.49303257,69.74207,27.244904,7.1573086,114.321625
2007.8287,0.90609586,0.5813957,0.16018336,0.18543276,1.7065681,77.53569,37.225887,7.4511704,562.5235
2007.3889,0.31643096,0.1715399,0.032338906,0.058518935,0.56692266,70.41245,27.827473,7.1998625,117.13286
2007.4285,0.30012485,0.16418256,0.0401098,0.060157657,0.5450348,70.32893,27.998394,7.194741,99.21627
2007.4005,0.36656857,0.20034723,0.045464907,0.07496156,0.70546955,70.73033,28.074753,7.220767,84.02603
2007.6011,0.22274075,0.11279228,0.028753752,0.038429864,0.39508393,68.32069,25.758497,7.069025,89.6165
2007.3989,0.28445536,0.15330759,0.028906407,0.05112247,0.49991557,69.95105,27.485394,7.1708455,115.34383
2007.7286,0.8605816,0.5435178,0.17157957,0.16922352,1.6319904,76.92582,35.400597,7.426738,411.2122
2007.6545,0.31013104,0.18026075,0.037504833,0.059264686,0.4616138,72.60482,30.000317,7.271652,212.31241
2007.3909,0.26948932,0.14466609,0.02674635,0.047874648,0.48097724,69.48047,27.07342,7.139929,103.00851
2007.4152,0.28576887,0.15505531,0.03324986,0.05370389,0.5040338,70.12229,27.739798,7.181746,111.74096
2008.5452,0.8272618,0.5134682,-0.003944686,0.19754292,1.3601276,80.75887,47.112816,7.261596,1728.1998
2007.4117,0.2694871,0.14599837,0.032345146,0.050969504,0.48428515,69.65555,27.367538,7.15096,96.69095
2007.8285,0.38756913,0.23316377,0.048822448,0.07692273,0.6937951,73.69203,31.44848,7.3622036,293.3414
2007.5391,0.23628764,0.12314278,0.031115392,0.04303939,0.42360675,68.74669,26.32312,7.0948744,88.1012
2007.4011,0.23947154,0.12886274,0.029070916,0.045007054,0.44667003,68.74514,26.59292,7.0911074,71.04167
2007.3854,0.30152974,0.16332456,0.029134346,0.05408896,0.5263008,70.3489,27.808575,7.1951666,126.01858
2007.3673,0.34739578,0.1964367,0.048191577,0.07533186,0.67071337,70.90713,28.663227,7.213982,75.12164
2007.3413,0.27026305,0.15089384,0.03221119,0.044778164,0.48403612,70.351746,28.468615,7.2261868,154.7849
2007.4127,0.2733776,0.1481741,0.032610063,0.051649828,0.4890329,69.7686,27.459047,7.1584125,100.23212
2007.3953,0.2850276,0.15338351,0.027920512,0.05065596,0.500008,69.935616,27.445007,7.169922,117.02068
2007.3623,0.3588986,0.1986613,0.044374887,0.07414489,0.69168574,70.74562,28.248318,7.215134,81.08397
2007.4443,0.25201505,0.13576673,0.033376794,0.048554264,0.45974365,69.22248,27.003954,7.123065,83.25542
2007.421,0.30456486,0.16619119,0.038619563,0.060051788,0.552538,70.33985,27.94763,7.19561,102.29953
2007.3811,0.23454131,0.1250672,0.024138609,0.041637342,0.43819413,68.457794,26.2394,7.072536,71.45535
2007.4979,0.19804764,0.09968298,0.019896207,0.03157647,0.37174505,67.36611,24.969435,7.004671,63.12441
2007.4404,0.2819902,0.15462382,0.04006024,0.056953903,0.5037054,70.23152,28.020239,7.1883025,100.23086
2007.6616,0.22639903,0.11352819,0.03101988,0.039120708,0.39253855,68.49941,25.82509,7.082171,99.670555
2007.3829,0.3609766,0.20632575,0.048398353,0.07808048,0.6883069,71.34935,29.041098,7.2291512,88.58623
2007.1567,0.44936576,0.28247014,0.17438205,0.075429074,0.96011055,71.65247,32.318954,7.4046025,157.29231
2007.3911,0.25751555,0.13818133,0.026819123,0.046271805,0.46689045,69.16031,26.838434,7.1187434,91.107925
2007.403,0.33393496,0.18175638,0.039081328,0.06546651,0.6201375,70.50089,27.923784,7.2062173,99.81031
2007.3973,0.26435128,0.14229108,0.028489085,0.048133023,0.47594452,69.39662,27.06251,7.1342115,95.97137
2007.615,0.24415569,0.12617259,0.034844913,0.044914484,0.42533392,69.086334,26.526695,7.1188145,102.37189
2007.3856,0.47077605,0.2987703,0.10713301,0.08970245,1.0054575,73.24217,32.426277,7.373103,192.42126
2007.3845,0.303114,0.164275,0.029396279,0.05453488,0.53016007,70.3672,27.824642,7.1962113,125.53821
2007.4242,0.27093232,0.14758082,0.035694335,0.053019326,0.48797086,69.79923,27.572329,7.1601353,94.339615
2007.3978,0.33431455,0.18896116,0.046230145,0.07140322,0.6288382,70.94936,28.69809,7.2147923,89.21193
2007.987,1.0198776,0.662143,0.17331187,0.21124929,1.8617035,78.82944,39.69613,7.495796,762.84814
2007.0613,0.3167628,0.20875694,0.08194151,0.07609514,0.823976,70.60471,31.136477,7.272502,47.108364
2007.4438,0.33217528,0.18944646,0.04474913,0.069802746,0.60057044,71.36652,29.058039,7.2292643,114.52552
2007.4214,0.32463393,0.17775555,0.04314009,0.06624351,0.606051,70.48608,28.05845,7.204838,91.27356
2007.2644,0.20485818,0.13158092,0.074992396,0.020886132,0.47448412,70.26267,30.93303,7.3743386,246.42883
2007.4067,0.279975,0.15137453,0.031005489,0.051668093,0.4958696,69.896065,27.506323,7.1670017,108.55386
2007.4312,0.25534844,0.13825975,0.034000494,0.049674004,0.46649417,69.328964,27.14064,7.1295867,83.15616
2007.5636,0.23056023,0.11881275,0.030080548,0.041102923,0.41177666,68.56516,26.086325,7.083808,88.50812
2007.4242,0.25799656,0.14014651,0.03457012,0.05053834,0.47139013,69.416466,27.245317,7.1350484,83.553795
2007.1171,0.8125098,0.54069823,0.2336423,0.18182148,1.6944253,74.92746,36.349102,7.329988,188.73817
2007.6887,0.22777292,0.11368782,0.03196324,0.03934875,0.39100164,68.57015,25.845232,7.087457,104.03957
2007.4391,0.2675557,0.14588612,0.037473317,0.053370234,0.48373356,69.765434,27.578503,7.157971,90.43135
2007.4296,0.30219412,0.16544716,0.040903047,0.060989928,0.551122,70.346825,28.01971,7.1958466,97.3539
2007.5385,0.7080526,0.4478144,0.15631595,0.13394912,1.3688638,75.4095,34.19646,7.4038234,315.46887
2007.4653,0.407161,0.25764197,0.085221715,0.07999531,0.901468,72.88973,32.109196,7.3811007,201.22784
2007.3615,0.30561948,0.17615911,0.06317273,0.056103885,0.66139,70.68023,29.641994,7.3205757,151.63177
2007.9241,0.5337784,0.3587568,0.038264982,0.12928547,1.1064733,74.986565,37.01892,7.463411,643.56573
2007.4211,0.2743498,0.14924377,0.034884706,0.05304071,0.49152508,69.86593,27.597948,7.164627,98.625916
2007.5723,0.27012384,0.14398889,0.040972978,0.053205878,0.46993387,69.96556,27.52458,7.1744256,109.754616
2007.4238,0.28107765,0.1530643,0.03558631,0.05435179,0.49987927,70.06905,27.768993,7.1779947,104.475136
2007.416,0.27142745,0.14732848,0.03350596,0.051877487,0.4872612,69.74411,27.467226,7.1567044,97.29673
2007.3943,0.36545148,0.19925113,0.04316419,0.073402695,0.69892335,70.70457,28.006641,7.2192883,89.183846
2007.5853,0.38498923,0.22736415,0.059454143,0.07751913,0.73592305,72.65362,30.483238,7.3191333,181.02872
2007.2648,0.34034213,0.1971362,0.049197268,0.074246645,0.6855702,70.79024,28.977486,7.2152305,67.33235
2007.5803,0.28443322,0.16178511,0.037710093,0.055149894,0.44350666,71.55825,29.171694,7.233444,170.63728
2007.5104,0.22169632,0.114537686,0.026560465,0.03875866,0.40554205,68.20918,25.821043,7.059418,76.8102
2007.5249,0.31961536,0.18442333,0.04140217,0.06482213,0.53334236,71.92462,29.538406,7.2481318,157.08133
2007.7047,0.20467123,0.09842836,0.026044892,0.032131366,0.35426202,67.76972,24.982111,7.036217,94.47279
2007.3594,0.45737588,0.29129633,0.1041915,0.08824033,0.9978475,73.02306,32.359413,7.36927,183.42961
2007.5043,0.23597509,0.12387146,0.03029584,0.04319329,0.42776352,68.70694,26.350441,7.091381,83.22019
2007.3813,0.24326757,0.12981737,0.02418709,0.042861596,0.44852054,68.6943,26.415983,7.088176,80.01369
2007.428,0.29622522,0.16189946,0.03906824,0.05885785,0.5343524,70.29912,27.971928,7.192871,101.72056
2007.4209,0.30001444,0.16568163,0.04271921,0.062152587,0.55204386,70.364136,28.140957,7.1942353,90.6788
2007.3949,0.2877131,0.15481354,0.027801821,0.050958876,0.50310683,70.00422,27.492332,7.174472,119.80528
2007.4187,0.33917084,0.18592003,0.04545376,0.07015913,0.6431403,70.58372,28.109682,7.2110696,85.41754
2007.3992,0.36633238,0.20011552,0.04497847,0.074631974,0.7040855,70.724884,28.060352,7.220454,85.116516
2007.1327,0.43198523,0.28308156,0.118878566,0.09132114,1.0252856,72.04402,32.415073,7.33426,100.908035
2007.3505,0.42378268,0.2560339,0.16705313,0.05970731,0.86693037,71.71007,31.949623,7.4660525,236.76431
2007.4205,0.27912098,0.15179078,0.034700483,0.05359358,0.49704638,69.98865,27.683428,7.1727633,103.54304
2007.4159,0.34111273,0.18683246,0.044955757,0.07020394,0.64668953,70.58982,28.092127,7.211522,86.42504
2007.3937,0.27169582,0.14604011,0.02748446,0.048585482,0.48401764,69.56297,27.156206,7.145314,104.3538
2007.618,0.2437476,0.12583125,0.03479714,0.04476767,0.42432764,69.07442,26.508451,7.118124,102.56766
2007.7823,0.84308434,0.5452104,0.1372366,0.17670344,1.6192157,76.963455,37.194485,7.4420033,563.71796
2007.3842,0.25044534,0.13389343,0.024935769,0.04426044,0.45743346,68.911,26.598475,7.102437,86.25386
2007.4019,0.2646106,0.14271712,0.029686736,0.04883069,0.4769587,69.44107,27.130606,7.137034,94.87633
2007.4045,0.25611702,0.13827908,0.030418238,0.04806957,0.46736807,69.23524,26.999643,7.123346,85.66788
2006.9246,0.7668586,0.518848,0.24006714,0.17608124,1.6459532,74.124115,36.257664,7.295937,121.903015
2007.607,0.23340318,0.11947939,0.031766642,0.04166529,0.41027036,68.70112,26.142027,7.09374,95.83963
2007.424,0.2760297,0.15033358,0.035630263,0.053683393,0.49394834,69.934494,27.670624,7.1690893,99.44308
2007.3998,0.2676779,0.1442515,0.029135691,0.048946965,0.48025241,69.50643,27.162828,7.1414113,98.5254
2007.3887,0.42147258,0.2685168,0.09243407,0.08297374,0.9443573,72.77145,32.18043,7.3717766,184.45412
2007.3593,0.21670479,0.1139785,0.018248053,0.035933305,0.41366288,67.79322,25.574173,7.0291533,60.494648
2007.4207,0.27732927,0.15082407,0.034726586,0.053362157,0.49494758,69.941216,27.649063,7.169623,101.74512
2007.2025,0.45507264,0.29478112,0.11826474,0.09198855,1.035695,72.487976,32.45825,7.3464713,131.22687
2007.5104,0.38232946,0.23344341,0.06671287,0.075973235,0.7903968,72.58276,31.095476,7.340388,187.72728
2008.2504,1.4093224,0.95088494,0.26360357,0.32098612,2.7384422,81.30086,44.2389,7.5062194,1122.712
2007.4298,0.27658734,0.15101035,0.03720048,0.054627974,0.49553478,69.99863,27.764246,7.1731772,98.22227
2008.0634,0.825605,0.5352063,0.071995385,0.1868662,1.5149275,78.24108,41.66754,7.3940697,1050.1432
2007.3718,0.2280236,0.12093097,0.021632275,0.039357394,0.4290208,68.20389,25.977728,7.055986,67.84935
2007.4252,0.25023106,0.13513295,0.03248911,0.048143405,0.45961666,69.14382,26.960014,7.117478,79.74944
2007.945,0.98622215,0.6392258,0.16765237,0.20424399,1.8156533,78.463104,39.11691,7.484358,716.3002
2006.9991,1.1418138,0.79710245,0.3876507,0.26412025,2.450753,75.59951,39.136185,7.394889,274.5537
2007.4297,0.26187274,0.14248629,0.035737555,0.05168999,0.47645703,69.55759,27.38094,7.144306,86.27963
2007.4161,0.260475,0.14138882,0.033538923,0.050392773,0.474356,69.4502,27.25052,7.1372595,86.449165
2007.8885,0.41811103,0.2670906,0.04212879,0.096809156,0.90532035,73.918564,33.65325,7.4364467,402.51642
2007.4099,0.27072135,0.14655443,0.031865865,0.050873913,0.48545825,69.67379,27.366972,7.152214,98.44978
2007.4761,0.25457275,0.13656397,0.034737583,0.049113322,0.45937124,69.33869,27.062304,7.131409,88.848076
2007.63,0.7672224,0.48462114,0.15012531,0.1518482,1.497493,75.98952,34.54257,7.4051156,344.48254
2008.1044,0.4705914,0.32662252,-0.024323775,0.1301417,0.9650391,75.37111,40.20708,7.447037,983.0441
2007.412,0.2586647,0.14014001,0.03242303,0.04952747,0.4715599,69.36655,27.155785,7.1318355,85.921036
2007.9587,0.56853956,0.39164975,0.026097836,0.14267167,1.1631266,75.41128,38.97091,7.478734,796.73334
2007.4175,0.27557442,0.14966896,0.033877715,0.052652065,0.4923748,69.86741,27.569466,7.164824,100.97058
2007.3674,0.20278724,0.10620459,0.01842898,0.0339694,0.39615786,67.42545,25.287935,7.0050316,47.857296
2007.4315,0.27665234,0.15115143,0.037644632,0.054882426,0.4958741,70.01427,27.788877,7.1741686,97.785446
2007.4767,0.25893453,0.13934784,0.035931878,0.050449867,0.465824,69.49282,27.221212,7.1413746,91.14827
2007.4637,0.2518422,0.13513997,0.033737868,0.048362374,0.45691788,69.232346,26.97612,7.1242166,85.78845
2007.3942,0.36542958,0.1992296,0.04311897,0.07337205,0.69879466,70.704056,28.005302,7.2192597,89.285194
2007.5894,0.26674774,0.14136522,0.040419325,0.05204522,0.46260577,69.860756,27.382027,7.168116,110.35654
2007.4818,0.35173073,0.20170629,0.04573852,0.07357661,0.63052464,71.82246,29.361664,7.2463655,128.9604
2007.4083,0.27171245,0.14698878,0.031429753,0.050768822,0.48636997,69.68684,27.363825,7.1531196,99.91992
2007.5576,0.22656925,0.1164089,0.02887441,0.039918564,0.4065858,68.41969,25.946903,7.07426,85.67499
2007.4147,0.31804973,0.173484,0.03949414,0.062930495,0.58472896,70.419495,27.95671,7.200792,99.68733
2007.4657,0.27206048,0.14807007,0.0392534,0.054564662,0.48695803,69.946,27.713795,7.1703324,96.31936
2007.3983,0.24822545,0.13359283,0.028735051,0.04605615,0.45706022,68.97007,26.753817,7.105971,79.77727
2007.4078,0.26805806,0.14497331,0.03129956,0.050195377,0.4819805,69.58436,27.284101,7.1463537,96.45984
2006.9059,1.178479,0.83191574,0.39388114,0.28303745,2.5780983,75.696175,39.7941,7.3622055,246.24767
2007.4071,0.3648565,0.19984767,0.047284704,0.07574024,0.7047444,70.73683,28.13197,7.221018,80.07582
2007.6505,0.22936244,0.115725905,0.031589046,0.04011116,0.39844707,68.59466,25.945831,7.088024,99.6768
2007.3876,0.23238859,0.1243063,0.025852134,0.042289216,0.43666688,68.45343,26.286493,7.072078,67.397705
2007.4344,0.2863021,0.15666465,0.039021425,0.057093117,0.51170313,70.24564,27.983284,7.1893387,102.31941
2007.4498,0.26722,0.14538483,0.037608366,0.053190157,0.4818084,69.76245,27.554302,7.158063,91.71273
2007.4258,0.31516713,0.17263544,0.042524647,0.06422169,0.5834495,70.43015,28.052032,7.201199,93.11065
2007.6436,0.21103455,0.104142986,0.026479917,0.03452596,0.3719035,67.94345,25.282892,7.0458064,89.428246
2007.5653,0.2128722,0.10740917,0.02532777,0.035652176,0.38503966,67.94365,25.437143,7.043738,79.760956
2007.3981,0.36611962,0.19990675,0.044540256,0.07433507,0.70283866,70.71998,28.047379,7.220173,86.09892
2006.9237,0.99363357,0.67541677,0.30183545,0.2365825,2.0853293,75.713974,38.808796,7.2890263,179.09903
2007.4034,0.2821896,0.15236832,0.03012873,0.05148729,0.4979645,69.928276,27.504427,7.1692185,111.728714
2007.4001,0.34985062,0.19070587,0.041662753,0.06978213,0.66082853,70.608215,27.981335,7.213063,93.29175
2007.4646,0.26755324,0.1452041,0.038010783,0.053186428,0.48034322,69.7864,27.550034,7.1600027,93.88791
2007.4009,0.36662382,0.20040148,0.04557872,0.07503868,0.70579344,70.731606,28.078123,7.22084,83.77088
2007.5225,0.35759985,0.20509547,0.045473855,0.073934086,0.631173,72.05224,29.474874,7.2548537,142.52386
2007.6381,0.3776621,0.22369175,0.05765739,0.074471645,0.6986626,72.90509,30.665865,7.32795,204.11096
2007.3441,0.30181828,0.17467505,0.061919346,0.0545853,0.6560008,70.62803,29.647493,7.3182373,153.79514
2007.5555,0.22293544,0.11412901,0.02784829,0.03881568,0.4014058,68.29007,25.816158,7.0658402,83.558556
2007.3695,0.3575721,0.2053389,0.04607197,0.07657369,0.678459,71.34928,29.059494,7.224521,92.66994
2007.5677,0.26001477,0.13761559,0.038142692,0.050129417,0.4553704,69.605896,27.159569,7.1510935,104.02307
2007.3774,0.2995191,0.17650233,0.07796283,0.05699529,0.6972461,70.7107,30.269806,7.360198,153.55595
2007.4072,0.36776996,0.20152609,0.047939286,0.0766381,0.71251,70.75805,28.148006,7.222357,78.47887
2007.5472,0.35038197,0.20134555,0.04415876,0.0715831,0.60371065,72.16091,29.569504,7.2582817,154.97067
2007.3983,0.3471898,0.18904433,0.040482473,0.06861697,0.6527221,70.58383,27.94908,7.211566,96.04188
2007.3784,0.22722173,0.120921575,0.023421159,0.040236294,0.4291323,68.23825,26.055721,7.058083,65.03991
2007.3688,0.22845171,0.12096551,0.020801278,0.03895674,0.42903468,68.189415,25.942604,7.0551105,69.20916
2007.3644,0.23807763,0.12591268,0.019625565,0.039627686,0.4396988,68.41185,26.072813,7.06994,80.03647
2007.421,0.3103157,0.16949722,0.03987983,0.061805233,0.5678111,70.381454,27.978325,7.198238,99.217865
2007.3947,0.26238692,0.14105031,0.027758362,0.0474595,0.47319436,69.32087,26.98494,7.129272,94.856674
2007.5625,0.23457801,0.121421464,0.031145578,0.042345993,0.41794148,68.705765,26.234552,7.0928545,90.40149
2007.3848,0.25256488,0.13508411,0.025102349,0.044643376,0.46003324,68.97329,26.6495,7.106541,88.158
2007.3898,0.27370098,0.14687823,0.026431685,0.048278637,0.48576143,69.58404,27.140884,7.146811,107.52042
2007.4315,0.2683513,0.14659962,0.037528496,0.053669352,0.4859342,69.787186,27.616068,7.1591725,89.80574
2007.4299,0.28337136,0.15470466,0.03724403,0.05558297,0.50356627,70.18267,27.901834,7.1853476,104.86917
2007.5505,0.3855615,0.23501764,0.0669632,0.075870566,0.7869828,72.7696,31.193022,7.3498335,200.31685
2007.2518,0.7108796,0.46374714,0.1927625,0.15011527,1.4690822,74.550415,34.907917,7.3578057,202.25032
2007.4004,0.263988,0.14228565,0.029294683,0.04852852,0.47599208,69.41204,27.09759,7.135152,94.704056
2007.4042,0.25786844,0.13920814,0.03032591,0.048258863,0.46938026,69.27951,27.029722,7.1262836,87.50065
2007.4385,0.25798297,0.13975585,0.034868445,0.05043142,0.46946916,69.427795,27.228891,7.136161,85.48746
2007.517,0.24333274,0.12825702,0.032555915,0.045364335,0.43710375,68.97654,26.60555,7.109121,88.677635
2007.3649,0.2173606,0.11469515,0.01976178,0.036860127,0.4153318,67.85823,25.666782,7.033305,59.434475
2007.4396,0.27411744,0.15008745,0.039259486,0.055384483,0.49350727,69.9969,27.818117,7.1729226,93.82422
2007.3772,0.2513682,0.13395172,0.023076283,0.04335911,0.4574231,68.87769,26.519184,7.100416,89.26228
2007.4248,0.22103505,0.11639186,0.024579393,0.03916836,0.41589174,68.11542,25.891882,7.051092,64.89537
2007.7079,0.83484,0.5271646,0.16118158,0.16600232,1.6047939,76.664314,35.11933,7.417943,389.75803
2007.3722,0.21922538,0.11618189,0.021752464,0.038216513,0.41870934,67.97072,25.808567,7.04055,59.02966
2007.4098,0.3589745,0.19541772,0.043218687,0.07189127,0.6780372,70.75898,28.077648,7.224219,95.4034
2007.3586,0.24385138,0.1319125,0.016484248,0.037033774,0.37644988,69.99436,27.657005,7.1696463,155.17865
2007.4707,0.23773931,0.12589735,0.030067315,0.043975964,0.43485177,68.741455,26.452246,7.092718,79.57822
2007.4163,0.27335808,0.14839272,0.03357246,0.05217918,0.48957884,69.79818,27.509226,7.1602745,99.127335
2007.4868,0.2490501,0.13273026,0.033469684,0.04733796,0.44966352,69.15308,26.848219,7.119716,87.50517
2007.4044,0.35747635,0.19540213,0.044748865,0.072945714,0.6835447,70.67555,28.06481,7.217213,86.0675
2007.3918,0.2448156,0.13133106,0.027013121,0.04463631,0.4520182,68.82439,26.595339,7.0965033,78.35394
2007.3839,0.277067,0.14892784,0.024430832,0.047338646,0.4748004,69.9154,27.425482,7.1676903,126.04279
2007.4928,0.21280253,0.109294154,0.02378291,0.03614986,0.39453873,67.881516,25.515074,7.0378017,69.92024
2007.4397,0.274405,0.15026785,0.039340705,0.05547176,0.49391717,70.00716,27.828465,7.173589,93.991806
2007.4221,0.2556342,0.13868421,0.033887316,0.0498267,0.46812156,69.33158,27.161148,7.129515,82.07696
2007.4191,0.33096507,0.18122537,0.043758333,0.067718096,0.6215262,70.52525,28.06899,7.2073684,89.586685
2007.443,0.34345043,0.19695206,0.04571816,0.07259316,0.6233424,71.58527,29.248306,7.2374835,116.690956
2007.5961,0.2099507,0.10471172,0.025186365,0.034532934,0.37657315,67.866165,25.295975,7.039556,82.45176
2007.3777,0.30503753,0.17610271,0.067110725,0.056287795,0.6696905,70.70843,29.780792,7.3335004,154.45978
2007.4753,0.37242508,0.21974924,0.05573512,0.07639491,0.72596776,72.09824,30.071873,7.286284,147.7457
2007.8507,1.5575718,1.0569271,0.37204844,0.35634124,3.1624846,80.5838,41.60921,7.495315,648.8807
2007.3894,0.26004314,0.13944185,0.026348686,0.046358574,0.46959507,69.21365,26.86413,7.1223187,94.133385
2007.4227,0.27250838,0.14834403,0.03530546,0.053020623,0.48960078,69.829506,27.58333,7.162176,96.33383
2007.4218,0.33614525,0.18440554,0.045809284,0.069840185,0.63687825,70.5706,28.124323,7.2101665,84.780045
2007.4531,0.27052733,0.14742161,0.038572595,0.05418365,0.48633248,69.881615,27.671703,7.1658416,93.83371
2007.3976,0.3660466,0.19983508,0.04438981,0.07423313,0.7024107,70.71829,28.042925,7.220076,86.4362
2007.427,0.28441304,0.15508252,0.036455438,0.055289954,0.5043291,70.18606,27.881178,7.185649,106.78689
2007.4368,0.37092105,0.22307317,0.059621725,0.07539108,0.7549096,72.07258,30.416437,7.2986703,152.86673
2007.4471,0.39520517,0.25082657,0.082390495,0.07861883,0.8929126,72.71213,32.049545,7.378362,194.54485
2007.3998,0.36643064,0.20021191,0.045180846,0.074769095,0.7046613,70.72715,28.066343,7.2205844,84.66284
2007.4012,0.28110713,0.15163529,0.029519005,0.051001683,0.4963266,69.88005,27.450802,7.1660886,111.348045
2008.7588,0.92550373,0.577929,0.005345145,0.21924219,1.5033822,82.097435,49.13312,7.25468,1977.3442
2007.3949,0.29758382,0.16051205,0.028937353,0.053123124,0.5193455,70.23658,27.687277,7.1894097,124.53059
2007.1918,1.5000337,1.0678619,0.4258592,0.368191,3.2867866,78.04655,41.964428,7.3976755,442.24976
2007.4003,0.32281303,0.18240002,0.059979275,0.062020008,0.6664285,70.82859,29.30693,7.3023934,136.49544
2007.4246,0.25415152,0.13766626,0.033537995,0.049353093,0.46557155,69.2814,27.104143,7.126342,81.659
2007.3927,0.36515713,0.19896227,0.042557843,0.07299186,0.6971981,70.69778,27.98869,7.218899,90.54318
2007.504,0.21635482,0.11127852,0.024979236,0.037162267,0.39838648,68.015785,25.632694,7.046765,73.23075
2007.3816,0.2675956,0.14304267,0.02424769,0.04623346,0.47726527,69.35131,26.904371,7.131631,103.957794
2007.3892,0.24899271,0.13342687,0.026288887,0.044809144,0.45651928,68.914215,26.640596,7.102516,83.29376
2007.4436,0.3668795,0.21263196,0.050435767,0.07694591,0.6967512,71.788925,29.524927,7.2558594,122.1304
2007.4531,0.2738792,0.14957497,0.03947926,0.055214524,0.49136114,69.999626,27.794407,7.1734576,95.52993
2007.3872,0.23290637,0.1245669,0.025765738,0.04231251,0.4372269,68.46467,26.292282,7.0728307,68.00622
2007.569,0.23386617,0.12079197,0.031089148,0.04208076,0.41601682,68.68603,26.201313,7.0917525,90.91594
2007.41,0.31075627,0.1689481,0.036342144,0.059786033,0.56265366,70.35337,27.870815,7.1967278,107.04108
2007.4078,0.29420933,0.15926792,0.031956602,0.05429084,0.51738584,70.22715,27.759539,7.18881,117.59197
2007.4125,0.28396496,0.1539064,0.032538805,0.05306327,0.5014846,70.05147,27.666462,7.177131,110.76253
2007.4523,0.27166644,0.1481736,0.03886474,0.05453942,0.48814192,69.9211,27.714247,7.1683693,94.30748
2007.3965,0.3658484,0.19964062,0.043981686,0.073956594,0.70124936,70.71372,28.030842,7.219814,87.35117
2007.4242,0.3660098,0.21473181,0.05273651,0.07613571,0.7134221,71.79537,29.751984,7.264724,127.46688
2007.3964,0.25632286,0.13786826,0.028223978,0.04688477,0.46631354,69.172134,26.88846,7.1193876,88.34611
2007.4186,0.3368895,0.18460195,0.04492408,0.069445916,0.63702965,70.56696,28.096605,7.2100134,86.70597
2007.4004,0.3281562,0.17824991,0.03697989,0.06320971,0.60333616,70.45191,27.867697,7.2031837,104.75878
2007.3745,0.31372437,0.17910933,0.060666103,0.058819637,0.66143715,70.74614,29.45727,7.3089037,143.88791
2007.4268,0.21512564,0.11254619,0.02301987,0.03733767,0.4067807,67.90888,25.673502,7.037812,62.15517
2007.5195,0.6575455,0.41559178,0.13584094,0.12762679,1.3111202,74.94703,33.69598,7.390673,281.91486
2007.4614,0.26674247,0.1447677,0.037724648,0.05295981,0.47954753,69.75523,27.523878,7.1579075,93.04819
2007.4825,0.2395803,0.12676439,0.030814925,0.044457242,0.4360428,68.81603,26.506475,7.097846,82.1139
2007.3562,0.4513379,0.28768894,0.10252877,0.087464124,0.9915376,72.95353,32.3293,7.3686547,181.5638
2007.4142,3.4995475,2.5689623,0.896287,0.90439117,8.190279,82.4365,49.073166,7.6554813,821.9935
2007.5706,0.23850517,0.12372922,0.032378025,0.0434959,0.4227625,68.850685,26.369339,7.102422,93.4823
2007.3683,0.35790196,0.20530687,0.04652221,0.076888315,0.68067384,71.32763,29.041588,7.2244716,90.432175
2008.1453,2.1585186,1.5820364,0.51293033,0.53706974,4.799948,82.380875,48.100014,7.625562,1289.2733
2007.5317,0.25863558,0.13769151,0.037008923,0.04996402,0.45808858,69.52759,27.1492,7.1450796,98.437225
2008.0161,0.23209077,0.16972914,-0.04530727,0.06794563,0.43032682,73.27207,35.689026,7.421394,689.12463
2007.3958,0.3657012,0.19949615,0.043678448,0.07375113,0.70038646,70.71033,28.021866,7.219619,88.03097
2007.4431,0.54727995,0.3459678,0.119615875,0.10395028,1.1213503,73.97256,32.906174,7.381144,230.48772
2007.4481,0.24531367,0.13136344,0.03164165,0.04646687,0.44920167,68.98957,26.754545,7.108132,80.36241
2007.404,0.2315786,0.123718016,0.026994428,0.042559683,0.4344601,68.46954,26.300896,7.073395,67.42335
2007.4185,0.2967148,0.16149034,0.036047667,0.057153653,0.5302069,70.27575,27.879986,7.1916223,108.3946
2007.4065,0.3484336,0.19035742,0.04346372,0.070601285,0.66074145,70.616135,28.0376,7.2134094,89.36859
2007.4945,0.30173507,0.17120756,0.040757667,0.061133727,0.5137015,71.26225,28.964268,7.2240705,135.9536
2007.3524,0.35888943,0.21251261,0.052670322,0.07491413,0.7216335,71.51646,29.722775,7.254996,114.70186
2007.4119,0.27064306,0.14663777,0.032394238,0.05115526,0.48567832,69.68821,27.393171,7.1531157,97.77655
2007.4065,0.2423644,0.1305785,0.029966304,0.04585836,0.45029977,68.85141,26.692867,7.0981083,73.23095
2007.4298,0.23081182,0.12253782,0.02733072,0.04213888,0.42988786,68.463806,26.244152,7.073711,70.529
2007.3668,0.25481966,0.13640639,0.019346194,0.04114852,0.43036786,69.49195,27.070595,7.138814,124.10167
2007.3773,0.5076476,0.32121518,0.117281295,0.094192736,1.052179,73.54712,32.574272,7.373531,201.16476
2007.4493,0.2744319,0.15003031,0.039549474,0.055411488,0.4926895,70.01598,27.818823,7.174413,95.30009
2007.3855,0.25703523,0.13755946,0.02530322,0.045367867,0.46542734,69.09995,26.74921,7.1149,92.34377
2007.4823,0.22090466,0.11477694,0.02575493,0.038716357,0.4080761,68.15818,25.823252,7.0553803,72.60958
2008.9438,1.1441811,0.76017016,0.07393705,0.26829165,2.0425336,82.88942,50.157257,7.3307385,2186.7615
2007.4137,0.27462485,0.14891104,0.03286044,0.051959384,0.4906527,69.81002,27.49708,7.1611276,101.18084
2007.396,0.25952676,0.1395809,0.028109962,0.047261395,0.4700271,69.254845,26.946367,7.1248703,91.63701
2007.4136,0.27894518,0.1512479,0.032821782,0.052530866,0.49572825,69.92515,27.581213,7.168747,105.48867
2007.4679,0.2758677,0.150457,0.040329874,0.055719707,0.49237648,70.08187,27.850706,7.1791596,98.545715
2007.5453,0.24986926,0.13169812,0.0349236,0.047170676,0.44313702,69.230125,26.813213,7.126243,95.83819
2007.416,0.26638255,0.14458694,0.033497583,0.05118058,0.48130295,69.607994,27.366167,7.1477013,92.32666
2007.4224,0.26628047,0.14493702,0.03520026,0.05210785,0.48218912,69.65851,27.453592,7.150875,90.30539
2007.4176,0.27348742,0.1485482,0.033930406,0.052394815,0.48994315,69.81286,27.530611,7.16121,98.85121
2007.3475,0.22957692,0.122269034,0.0135480035,0.03407638,0.3784219,69.04397,26.701921,7.108065,123.356834
2007.3953,0.36561456,0.19941114,0.043499984,0.07363022,0.6998788,70.70833,28.016582,7.2195044,88.431046
2007.4226,0.26228783,0.14278907,0.03528487,0.05160675,0.47752762,69.55364,27.378408,7.14393,86.26913
2007.3654,0.24841255,0.13158906,0.01989515,0.041194905,0.45205423,68.698586,26.293095,7.088881,89.93312
2007.4259,0.26428244,0.1440808,0.03616064,0.052364606,0.48039922,69.63475,27.464203,7.149209,87.25003
2007.4308,0.22645475,0.119714014,0.02617169,0.040792238,0.42322814,68.31117,26.083622,7.0638847,68.44953
2007.3816,0.2748923,0.14700541,0.024249474,0.047235724,0.48587695,69.54785,27.049988,7.1446323,111.15773
2007.2932,0.20759371,0.12335432,0.03936065,0.026788702,0.4044044,70.07045,29.367224,7.2711725,200.32779
2007.4868,0.27646852,0.15033884,0.040891044,0.055768866,0.49076897,70.118614,27.851675,7.1820345,101.41133
2007.3986,0.34695935,0.18892606,0.04049622,0.06858478,0.652222,70.58272,27.949791,7.2114906,96.02289
2007.4094,0.25845155,0.13986173,0.03174066,0.049120985,0.47090492,69.33947,27.115685,7.1301107,86.48042
2007.4457,0.2440487,0.1306164,0.03124758,0.04609548,0.44763038,68.943,26.710976,7.105061,79.38881
2007.4695,0.25706902,0.13834228,0.035274737,0.049928024,0.46398532,69.42118,27.160969,7.1365585,89.224106
2007.4268,0.24650304,0.13269535,0.03151436,0.046985414,0.45381173,69.013885,26.821768,7.109134,78.07917
2007.5029,0.38519198,0.23786345,0.070836686,0.07647604,0.81725615,72.65437,31.392273,7.354019,192.85616
2007.3887,0.28063312,0.15057236,0.02613675,0.04906684,0.49376744,69.76148,27.263645,7.1585784,114.69536
2007.4098,0.3633079,0.19915058,0.047820352,0.07578656,0.70215493,70.73316,28.150154,7.220722,78.96523
2007.8921,0.157655,0.105889045,-0.03625463,0.034699034,0.12725393,72.619255,32.75089,7.334485,524.8641
2008.013,0.43668616,0.30658826,-0.0045709223,0.118589915,0.9416601,74.505554,38.00456,7.4844117,758.416
2007.3416,0.32237667,0.18642601,0.061955284,0.06534165,0.6848008,70.78618,29.506378,7.288168,114.93632
2007.3756,0.36832,0.2238242,0.06202272,0.0758697,0.7775877,71.859604,30.478254,7.29458,138.71817
2007.5747,0.25519815,0.13433811,0.036984596,0.048598815,0.447233,69.44198,26.97561,7.140697,102.5159
2007.4147,0.28223404,0.15310685,0.033128418,0.053151693,0.49979064,70.0233,27.662916,7.17521,108.38894
2007.2606,0.18340254,0.1165762,0.053475775,0.020102656,0.41875303,70.0444,30.334242,7.329776,226.4558
2007.424,0.30139765,0.16457969,0.038873263,0.059647713,0.5457766,70.3251,27.959375,7.194609,101.89494
2007.438,0.2824891,0.1547362,0.039388027,0.056647167,0.50379276,70.22598,27.996885,7.1880016,101.57997
2007.4122,0.2821933,0.15292694,0.032465808,0.052779797,0.49935076,70.00148,27.62729,7.1738315,109.09618
2007.4056,0.35739952,0.1954486,0.045142483,0.07316551,0.6840553,70.67853,28.076809,7.2173715,85.198456
2007.4094,0.30916584,0.1726341,0.043787606,0.06494717,0.57285565,70.56087,28.359547,7.199934,89.95771
2008.2737,0.57469153,0.37098092,-0.043204173,0.15226345,1.0489763,77.54098,43.568928,7.3137894,1372.3047
2007.4021,0.28852314,0.15572153,0.029767254,0.05215657,0.5052248,70.08752,27.611752,7.179788,118.387825
2007.4509,0.22040656,0.11529416,0.024958162,0.03878839,0.4114953,68.11475,25.839935,7.051742,68.10351
2007.4187,0.259551,0.14105035,0.034224555,0.050645016,0.47367093,69.44677,27.268116,7.136965,84.76377
2007.4243,0.25387362,0.13749513,0.033456966,0.049269617,0.46519148,69.271385,27.094278,7.1256886,81.48075
2007.4021,0.2518749,0.1358227,0.029776761,0.047132824,0.46198285,69.10093,26.881332,7.114525,82.204285
2007.8729,0.9926212,0.62843144,0.1970798,0.19616964,1.8311534,78.25062,36.81577,7.456896,519.0318
2007.3517,0.23557864,0.12529682,0.01506464,0.03598936,0.398069,68.99565,26.627565,7.1057696,116.58683
2007.4021,0.27798724,0.1499959,0.029749071,0.050700743,0.4927809,69.80323,27.400667,7.1609845,108.00912
2007.0339,0.462271,0.3052912,0.14119707,0.09506891,1.0585082,72.10939,32.720013,7.320169,87.182976
2007.4033,0.240523,0.1294798,0.02940155,0.045314718,0.4479567,68.78397,26.628973,7.093672,71.870705
2007.4297,0.28447136,0.1552828,0.03716343,0.055689357,0.50481653,70.20977,27.91954,7.187148,106.04589
2007.7765,0.87044907,0.5555768,0.15702827,0.17700435,1.658053,77.12156,36.370296,7.4362392,492.91092
2007.4292,0.3122339,0.1711983,0.043010052,0.06399589,0.5776236,70.41864,28.070482,7.20039,92.18053
2007.4111,0.29344937,0.15907909,0.03291354,0.05472486,0.51732355,70.231316,27.789446,7.1889915,115.50779
2007.572,0.24701318,0.12915395,0.034711946,0.046101473,0.43532214,69.151505,26.679075,7.121877,97.99699
2007.8424,0.56608415,0.36400017,0.07473566,0.12495767,1.1619908,74.95748,34.814865,7.4356656,449.16748
2007.5309,0.24110433,0.12645367,0.032247115,0.044578984,0.43191034,68.909584,26.508472,7.1051707,89.43889
2007.4069,0.28154197,0.15223262,0.031035544,0.051899724,0.49773645,69.9392,27.539154,7.1698523,110.06666
2007.4048,0.27297026,0.14744458,0.030475618,0.05041395,0.48729017,69.690865,27.338781,7.15348,102.237724
2007.5637,0.24031028,0.12506852,0.032724287,0.044099383,0.42636445,68.90868,26.44291,7.105986,93.48329
2007.4004,0.23895194,0.12854853,0.02891486,0.04485252,0.445988,68.72624,26.574717,7.089868,70.67912
2007.3921,0.3635535,0.19815914,0.042326726,0.07259532,0.69283384,70.69914,27.99982,7.218792,91.41855
2007.3472,0.28123164,0.16751139,0.0762645,0.048491616,0.6735102,70.530525,30.38321,7.373545,178.2882
2007.3948,0.3655427,0.19934061,0.04335196,0.073529914,0.69945765,70.706665,28.0122,7.219409,88.76291
2007.2687,0.34744,0.1991865,0.04505554,0.07566431,0.68618035,70.74694,28.669937,7.1982555,60.600544
2007.4073,0.35781372,0.19581152,0.045798566,0.07362679,0.6861396,70.686386,28.096107,7.217827,83.72285
2007.4583,0.3701017,0.2176021,0.054327775,0.07639304,0.7192433,71.98292,29.92392,7.2770767,139.44165
2007.4204,0.28525856,0.15511633,0.034669597,0.054418735,0.5042711,70.15296,27.804213,7.183635,109.635826
2007.4124,0.26843008,0.1454606,0.032497324,0.050908588,0.48312777,69.63184,27.35445,7.149377,95.475945
2007.4658,0.23285149,0.12288989,0.028640239,0.0425084,0.42817885,68.56526,26.27885,7.0812144,76.43044
2007.5997,0.40430835,0.25266656,0.07504487,0.08097049,0.86843127,73.207596,32.078465,7.3912735,232.37402
2007.3778,0.2633652,0.14050597,0.023242192,0.045097094,0.47167853,69.20594,26.767168,7.1221137,100.91641
2006.8037,0.5650739,0.37994274,0.21456657,0.11515688,1.2232563,72.17491,34.02309,7.3026776,69.29992
2007.4423,0.28101122,0.1542063,0.040532842,0.057077244,0.5027256,70.22199,28.027561,7.1876254,98.82995
2007.4021,0.28692874,0.15484838,0.029736428,0.05192074,0.5033252,70.04362,27.578333,7.1768875,116.848885
2007.7329,0.9692828,0.6174736,0.20965928,0.19665058,1.8329366,77.64919,36.65202,7.4334335,440.0359
2007.4308,0.27256098,0.14888316,0.03744914,0.054212928,0.4909304,69.89798,27.697008,7.1664953,93.967705
2007.5818,0.38477415,0.2275945,0.05974173,0.07739932,0.73813635,72.650276,30.511282,7.3201,181.50793
2007.4147,0.28126132,0.1525783,0.033126965,0.05301741,0.49864188,69.99706,27.64344,7.1734743,107.4305
2007.7838,0.69773924,0.44909716,0.10648973,0.14880705,1.3846693,75.83387,35.70175,7.431789,478.52814
2007.5507,0.3857794,0.2353113,0.067221865,0.075900435,0.788604,72.77639,31.212639,7.3507967,200.79298
2007.4514,0.254611,0.13724484,0.034228917,0.04930163,0.4626948,69.31974,27.091076,7.1295314,85.53251
2007.5054,0.3108206,0.17773306,0.041214146,0.06311443,0.52606285,71.553215,29.216623,7.2347026,144.13129
2007.4333,0.2756309,0.15071344,0.038134478,0.055013057,0.49495834,70.00208,27.794243,7.1733146,96.22472
2007.441,0.3675551,0.21493825,0.052482896,0.07647754,0.70982134,71.851204,29.731556,7.265668,129.43698
2007.3718,0.35978177,0.21046394,0.05041274,0.07571593,0.7052281,71.51165,29.5001,7.2463493,109.53424
2007.3475,0.35617822,0.20666088,0.047769453,0.07584487,0.6916736,71.32469,29.224628,7.2300634,95.27944
2007.3038,0.35176885,0.20148097,0.046309303,0.0765609,0.6876223,70.93356,28.789402,7.208086,68.64345
2007.4138,0.31840885,0.17362475,0.03927529,0.06286367,0.5851646,70.41953,27.949633,7.200816,100.15475
2007.4421,0.35081837,0.20099281,0.04651176,0.07437395,0.64232296,71.61213,29.239708,7.2388577,113.85397
2007.3455,0.30112827,0.17444609,0.06267004,0.054408252,0.65718395,70.62712,29.681168,7.320959,154.77927
2007.3972,0.31971514,0.1731634,0.03407074,0.060008276,0.5790739,70.38174,27.790619,7.1988277,111.63122
2007.5377,0.3798658,0.22487658,0.05853909,0.07688848,0.7359454,72.4377,30.375572,7.308357,169.25282
2007.3901,0.25127673,0.13472785,0.026543682,0.045263417,0.45936528,68.98369,26.699537,7.107087,85.26077
2007.5226,0.38055557,0.22999926,0.063324735,0.075638525,0.76758194,72.548584,30.855793,7.330107,184.76323
2007.3737,0.29666632,0.17314306,0.07181588,0.053696163,0.6743177,70.6589,30.042278,7.352362,163.73749
2007.5468,0.70489126,0.44560552,0.1478617,0.13602449,1.3810928,75.37339,34.089935,7.3983026,308.15024
2007.3403,0.29793668,0.173285,0.06367257,0.053340394,0.6571996,70.6013,29.754427,7.3256054,157.838
2007.4044,0.3672781,0.20104347,0.04692626,0.07595171,0.7096276,70.746704,28.118017,7.221706,80.7499
2007.576,0.2525888,0.13262513,0.036307752,0.04778644,0.44313562,69.35124,26.878561,7.1348777,101.38161
2007.3766,0.23357947,0.12425147,0.0229066,0.040824268,0.43633065,68.39336,26.155485,7.068394,71.895645
2007.3965,0.363436,0.19825116,0.043441214,0.07321404,0.69482183,70.69617,28.01761,7.218706,88.670044
2007.3893,0.2889075,0.15595415,0.02684077,0.05047036,0.4943471,70.23339,27.717447,7.188273,131.0643
2008.1738,0.83043224,0.5331763,0.056525815,0.18996544,1.4869722,78.8397,42.900436,7.365889,1202.0494
2007.5942,0.19744328,0.09673057,0.021760354,0.030700827,0.35807776,67.42413,24.840366,7.0109744,75.84722
2007.4199,0.26670012,0.14500585,0.03453234,0.0517962,0.48228952,69.64892,27.42687,7.150306,91.473015
2007.3849,0.25406057,0.13590541,0.025140664,0.044869803,0.46182087,69.01476,26.681343,7.1092806,89.59103
2007.6061,0.32136756,0.1860433,0.039768558,0.06317677,0.50788414,72.384026,29.822147,7.2644863,189.09299
2007.4146,0.28302744,0.15353416,0.033113398,0.053252265,0.500718,70.0442,27.677954,7.176594,109.18908
2007.3556,0.19992164,0.10463322,0.017275998,0.033092894,0.39328268,67.31087,25.188375,6.9973416,45.02573
2007.4038,0.24963808,0.13471395,0.030221494,0.047071747,0.45960617,69.05461,26.860088,7.111417,79.49486
2007.4763,0.24588013,0.13097617,0.032388873,0.046439007,0.4463133,69.032745,26.743954,7.111668,84.46588
2007.413,0.26134425,0.14165604,0.032678932,0.050036643,0.47487333,69.44672,27.222673,7.137113,88.27723
2007.6195,0.3914704,0.23631455,0.06626341,0.076698825,0.77424794,73.025925,31.183975,7.357372,212.80467
2007.4132,0.28612325,0.15512727,0.032743983,0.05347285,0.5041529,70.116005,27.720285,7.1813803,112.661354
2007.5219,0.23062566,0.11996792,0.029218031,0.041422486,0.41741437,68.533035,26.135143,7.080624,82.885284
2007.5485,0.7144829,0.4518025,0.1558157,0.13579614,1.3822277,75.47387,34.235405,7.4041586,318.92462
2007.4167,0.28407896,0.15424308,0.03369261,0.05371675,0.5023013,70.09063,27.729355,7.1796083,109.57352
2007.3997,0.27528045,0.14837073,0.029097063,0.04996886,0.48920122,69.709946,27.312426,7.154878,106.07292
2007.3954,0.33067304,0.17932644,0.035854198,0.06298322,0.6071003,70.45568,27.830427,7.203544,107.12955
2007.5004,0.18204188,0.08934023,0.015614172,0.026637753,0.34743303,66.80444,24.381006,6.968483,55.329456
2007.3411,0.6042172,0.36295924,0.24859813,0.07781304,1.0476757,73.13602,32.883858,7.4978857,286.30136
2007.4413,0.36557576,0.20980959,0.04807082,0.07739585,0.68228817,71.69657,29.28456,7.2438345,112.766304
2007.7788,0.36423838,0.21642773,0.04786888,0.06901741,0.6169359,73.44331,30.998589,7.343031,269.74893
2007.4287,0.36697862,0.21620801,0.05388903,0.07597455,0.72006464,71.85339,29.870182,7.271026,132.61908
2007.5272,0.37693647,0.2197262,0.05438537,0.077567324,0.71132094,72.25054,29.951366,7.2863884,151.67699
2007.411,0.27008954,0.14627886,0.032149453,0.05094398,0.48488036,69.66565,27.36927,7.1516476,97.5063
2007.4159,0.32021955,0.17481673,0.040356096,0.06382108,0.59116447,70.438515,27.979975,7.2019653,97.66758
2007.4478,0.28026015,0.1545595,0.040477432,0.0570125,0.4976854,70.31124,28.129417,7.189716,102.47628
2007.4315,0.27117798,0.14818367,0.03766544,0.05414273,0.48942623,69.86751,27.68079,7.164458,92.35867
2007.4359,0.26207417,0.14245208,0.03592143,0.051707935,0.47594497,69.56974,27.38149,7.1452537,87.21295
2007.5017,0.2582607,0.13824952,0.036275823,0.050063614,0.46150145,69.48968,27.168793,7.141836,94.18848
2007.4365,0.28637114,0.15686238,0.03975233,0.057538312,0.51313275,70.252304,28.005291,7.1897073,100.6951
2007.3778,0.3606074,0.20608945,0.0484939,0.07813363,0.6892395,71.32071,29.02549,7.22816,86.65777
2007.4049,0.27727845,0.14979517,0.030522471,0.051031034,0.49240187,69.80834,27.427164,7.1612463,106.43712
2007.4454,0.22796454,0.12029357,0.026888793,0.041151553,0.42355055,68.376396,26.122608,7.0684843,71.1972
2007.3704,0.25851876,0.13913302,0.019924784,0.041730285,0.42365223,69.86163,27.442764,7.1621842,137.85274
2007.4181,0.3015244,0.1642243,0.03696145,0.058537018,0.5427362,70.309326,27.901419,7.1937537,106.12825
2007.4011,0.27499786,0.14830963,0.029484825,0.05014445,0.48909694,69.71447,27.327162,7.155139,105.356606
2007.489,0.26161233,0.140739,0.036916543,0.05118487,0.46820322,69.59728,27.305513,7.148445,94.17617
2007.2535,0.52179295,0.33340582,0.13735048,0.09697866,1.0865268,73.29783,32.757687,7.3603578,170.35498
2006.8682,0.325668,0.22828715,0.11638761,0.07981723,0.91801614,70.3598,32.256447,7.2866836,15.790609
2007.3376,0.21685061,0.11505912,0.010658922,0.03056814,0.35403678,68.77984,26.475998,7.090188,121.26385
2007.4039,0.35585177,0.1944332,0.04423426,0.072356395,0.678954,70.66244,28.051346,7.2163963,87.28975
2007.4684,0.24963005,0.1335942,0.033237994,0.047648508,0.45297903,69.15831,26.889942,7.119563,85.3019
2007.4005,0.2776605,0.14971535,0.029316211,0.05041661,0.49213946,69.78089,27.371407,7.159549,108.17481
2007.5248,0.27900493,0.15382545,0.04000115,0.0554963,0.4743052,70.5913,28.270689,7.19924,124.93181
2007.4241,0.29472592,0.16075379,0.03745444,0.057639115,0.52813286,70.277214,27.925072,7.191581,105.37417
2007.6403,0.2849191,0.16317537,0.03688871,0.05414096,0.42206395,71.95335,29.466518,7.247185,194.95963
2007.3982,0.2529857,0.13616867,0.028696874,0.04668827,0.4626551,69.09706,26.846748,7.114375,84.51873
2007.3976,0.26373187,0.14197138,0.028559225,0.048086796,0.47525498,69.38213,27.053839,7.133246,95.28076
2007.4232,0.27480984,0.14962055,0.035417784,0.05339854,0.49238312,69.895,27.635132,7.166497,98.4787
2007.4131,0.3499062,0.19027044,0.041329302,0.0690242,0.6497263,70.77951,28.115013,7.225819,104.21711
2007.4131,0.31437582,0.17124942,0.038134016,0.061481427,0.5740053,70.388145,27.920322,7.198852,102.886826
2007.677,0.24606004,0.12574562,0.036665138,0.045056194,0.41997764,69.20442,26.527575,7.1280828,111.72159
2007.394,0.34693277,0.18857984,0.0389916,0.06768854,0.6495418,70.56963,27.90434,7.210773,99.36086
2007.4366,0.29446238,0.16152284,0.04156607,0.06002941,0.5346923,70.31118,28.049706,7.1934233,96.2693
2007.4084,0.2505972,0.13553439,0.031479467,0.047898803,0.46148175,69.11979,26.945312,7.115605,79.02256
2007.4884,0.2663746,0.14381258,0.03819347,0.052653298,0.47541863,69.76451,27.480433,7.159223,96.51393
2007.4052,0.31986138,0.17960195,0.04481004,0.067679375,0.5963627,70.73187,28.50852,7.206455,89.96482
2007.6411,0.18886398,0.08997043,0.020426942,0.02772641,0.33899307,67.16069,24.474236,6.9952188,77.84924
2007.4177,0.27631134,0.15008718,0.03395349,0.052795086,0.4932893,69.889626,27.588144,7.166286,101.61243
2007.4087,0.34376764,0.18783091,0.043147095,0.06959691,0.6495785,70.588455,28.034035,7.21161,90.3035
2007.4226,0.24318458,0.13067476,0.030528707,0.045994755,0.44938725,68.89361,26.704931,7.101261,75.83419
2007.75,0.6481403,0.4079717,0.112848476,0.13331603,1.3008852,75.32848,33.925365,7.4157414,344.49942
2007.6056,0.38304946,0.2264539,0.059018258,0.076576024,0.7244712,72.75199,30.556627,7.323081,189.52051
2007.2827,0.2021194,0.11924218,0.033673514,0.025177563,0.38175717,69.872986,29.015661,7.2445545,193.70862
2007.4888,0.22618942,0.11799869,0.02732152,0.040295057,0.4151421,68.34961,26.009478,7.067907,76.16479
2007.4279,0.27042598,0.14754051,0.036679618,0.053494535,0.48795593,69.816414,27.613997,7.1611753,92.72842
2007.4141,0.2803292,0.15203224,0.032959424,0.052796878,0.49744278,69.96672,27.616049,7.171484,106.69951
2007.3728,0.32741368,0.18307687,0.049382094,0.062289298,0.647621,70.72648,28.81264,7.264778,126.5956
2007.4236,0.3105264,0.16980314,0.040762942,0.062365428,0.56982785,70.390175,28.00475,7.198728,97.24895
2007.8208,0.43896884,0.26946512,0.06272751,0.09272742,0.8954681,73.88852,32.22239,7.403059,293.78757
2007.0829,1.52841,1.1015042,0.4463548,0.3809521,3.4091222,77.706825,42.258938,7.387889,422.69412
2007.4199,0.3911318,0.24908729,0.08224594,0.07843528,0.89700013,72.58065,32.029186,7.374726,186.9545
2007.4127,0.28222185,0.15297477,0.032601617,0.05285879,0.49946478,70.00649,27.634995,7.17415,108.97114
2007.3998,0.25724542,0.13858339,0.029123211,0.047508497,0.46793398,69.225105,26.954105,7.122803,88.242294
2007.4493,0.27261463,0.14886218,0.039058417,0.054852404,0.48995987,69.95203,27.75227,7.1702857,94.38376
2007.3956,0.26998344,0.14523558,0.028010843,0.048641507,0.48230806,69.533325,27.149712,7.1433015,102.069855
2007.4166,0.26251823,0.14252943,0.03366942,0.0507453,0.4768443,69.50931,27.298128,7.141156,88.31872
2007.4067,0.31460553,0.1709187,0.036088407,0.06030947,0.57096624,70.37177,27.858189,7.1979704,107.411736
2007.4092,0.2780987,0.15050697,0.031640906,0.05176189,0.49403098,69.86542,27.502289,7.1649117,105.9852
2007.4055,0.24986929,0.13495027,0.030686589,0.04736058,0.46015394,69.075386,26.889135,7.1127453,79.19843
2007.4075,0.3416532,0.19427003,0.04657301,0.072981745,0.63834596,71.19352,28.909815,7.2236996,96.329666
2007.4188,0.32090446,0.17542744,0.041488864,0.06461221,0.5946944,70.45192,28.013336,7.202741,95.1214
2007.5773,0.23772672,0.12305046,0.032308742,0.043208435,0.42070532,68.828804,26.333391,7.101188,93.99622
2007.4196,0.28399655,0.15437973,0.034454152,0.054126445,0.5026544,70.112236,27.767723,7.1809626,108.6332
2007.3751,0.2627598,0.14000726,0.02252868,0.044619568,0.4705422,69.16732,26.717606,7.119629,101.12369
2007.4257,0.3191325,0.17490281,0.043338157,0.06539787,0.5938842,70.45836,28.07152,7.202985,91.108795
2007.5721,0.26030868,0.13768756,0.038314644,0.05018838,0.4552296,69.61986,27.165455,7.152111,104.76581
2007.4459,0.33552304,0.19177277,0.044970416,0.0705764,0.6061053,71.454956,29.134811,7.2325253,116.48574
2007.3964,0.28849435,0.15533768,0.0282213,0.051297978,0.50427693,70.03838,27.529951,7.17669,120.10315
2007.516,0.37414968,0.2167677,0.052300677,0.07753563,0.6984373,72.14085,29.7584,7.2752666,143.12161
2007.4253,0.28886285,0.15747055,0.03656511,0.05608583,0.5132503,70.238205,27.905735,7.189088,107.63882
2007.4686,0.40140587,0.25402853,0.08339059,0.079169735,0.8933512,72.844765,32.0805,7.3813257,201.04488
2007.4323,0.24076863,0.12886654,0.030077709,0.045182824,0.44448796,68.81647,26.605808,7.096538,75.91289
2008.5145,1.4700428,1.0110043,0.24770689,0.34708148,2.9245007,82.117615,46.97103,7.467609,1543.2305
2007.433,0.29712403,0.16278294,0.04092635,0.06011623,0.53963166,70.31991,28.026941,7.1940637,97.55519
2007.359,0.23895755,0.12604879,0.01819074,0.038955227,0.43988895,68.39066,26.014973,7.06868,82.52335
2007.323,0.73767334,0.47852847,0.19294289,0.15450731,1.5041744,74.91019,35.040665,7.3700533,231.51424
2007.47,0.2523157,0.13527569,0.03399918,0.04846267,0.4567898,69.25423,26.986425,7.125797,86.88413
2007.6772,0.7845046,0.4952606,0.14815116,0.15716071,1.5313747,76.20602,34.692856,7.409276,360.87402
2007.5312,1.5924538,1.1149926,0.4173772,0.37999243,3.3914788,79.4851,42.172306,7.458482,572.84564
2007.4247,0.22812276,0.120947815,0.026494583,0.04134887,0.42653808,68.364876,26.151447,7.067189,68.46929
2007.4551,1.1010633,0.7219864,0.2781223,0.24504502,2.1699572,77.75688,38.771,7.383288,372.1291
2007.0333,1.0492948,0.7080959,0.30600652,0.24712765,2.166941,76.368095,39.17312,7.3074546,228.13223
2007.772,1.1010264,0.70587087,0.24431297,0.23171525,2.0881512,78.58772,38.031334,7.4392824,477.93756
2007.4279,0.2755622,0.1503265,0.036666404,0.054192048,0.49400923,69.954315,27.71574,7.1702986,97.81292
2008.6143,1.4508642,0.9991133,0.22712722,0.34482262,2.8769088,82.37064,47.87108,7.446023,1697.468
2007.4326,0.27985522,0.1529652,0.037957463,0.05549488,0.49983868,70.110306,27.869194,7.1804905,100.59394
2007.5088,0.22088997,0.114061505,0.026309228,0.03852193,0.40454075,68.1795,25.793268,7.0574603,76.18932
2007.3783,0.21677187,0.114893906,0.022444999,0.038191028,0.41567084,67.92694,25.787573,7.0376906,56.433064
2007.3135,0.2635911,0.15821938,0.068419136,0.042869374,0.6195279,70.416336,30.262106,7.354707,185.6128
2007.4042,0.2832688,0.15300123,0.030325511,0.05174417,0.49935445,69.963486,27.53629,7.171529,112.57192
2007.4131,0.28513816,0.15458238,0.032702222,0.053314596,0.5029657,70.08817,27.698444,7.179543,111.736176
2008.0275,0.35258567,0.2504531,-0.021453863,0.10008892,0.7667418,73.95125,37.125107,7.4718933,724.058
2007.4001,0.36649525,0.20027533,0.04531393,0.07485927,0.70504004,70.728645,28.070284,7.2206697,84.364494
2007.4159,0.25189263,0.1364468,0.03274372,0.04872072,0.46333575,69.1947,27.031118,7.1205153,79.33833
2007.2338,2.5597277,1.8983623,0.7079673,0.66544056,6.1055098,80.779915,47.268387,7.5696754,693.86017
2007.4114,0.27243248,0.14757353,0.032243386,0.051317424,0.48770076,69.731674,27.420935,7.156006,99.7129
2007.6056,0.24373965,0.12615728,0.034533136,0.04485431,0.42596364,69.063896,26.521973,7.1171145,100.88107
2007.4138,0.2654774,0.14395376,0.032902703,0.050727505,0.479883,69.56501,27.316862,7.1449165,92.10436
2007.3861,0.23838335,0.12747091,0.025471156,0.04290123,0.44351605,68.60294,26.386038,7.082006,73.74443
2007.4072,0.25896984,0.14000265,0.031150559,0.048865892,0.4711676,69.33496,27.095016,7.129871,87.65759
2007.4149,0.3184441,0.17372489,0.03964462,0.0630887,0.58588785,70.4229,27.960752,7.2010026,99.33392
2007.3857,0.33217707,0.20092586,0.123778425,0.052154183,0.7720082,71.040924,31.457869,7.45001,212.50331
2007.6266,0.24340615,0.12538466,0.034884464,0.04460153,0.42268455,69.06942,26.486475,7.1180286,103.54945
2007.4795,0.23764361,0.12560263,0.030225867,0.043883786,0.43354753,68.74529,26.439014,7.093199,80.71493
2007.3976,0.24509819,0.13185132,0.02855325,0.045526516,0.45326236,68.88017,26.681894,7.100042,76.89563
2007.323,0.35326824,0.20470887,0.046724696,0.07563698,0.68812346,71.19285,29.111032,7.221657,87.022934
2007.7863,0.435643,0.26821417,0.065001376,0.09154903,0.8982102,73.79054,32.21843,7.402025,283.83344
2007.5494,0.23043299,0.11910904,0.029747179,0.04116549,0.41346705,68.54899,26.097433,7.082387,86.52282
2007.4446,0.26446044,0.14375307,0.0367504,0.05237941,0.47837028,69.660934,27.459167,7.1513705,89.59961
2008.329,0.5056716,0.32877052,-0.06816093,0.1421495,0.9278618,77.202324,43.757828,7.3158097,1417.907
2007.3772,0.28533307,0.15466343,0.025376646,0.049186524,0.48054552,70.32007,27.837034,7.1919637,137.2952
2007.4937,0.30582002,0.17390174,0.041125778,0.06215875,0.5222661,71.33549,29.028002,7.226838,136.4004
2007.4758,0.25241852,0.13518868,0.034148004,0.04845311,0.45618233,69.26257,26.983805,7.1264887,87.71381
2007.3993,0.26517645,0.14285946,0.02899426,0.04852552,0.4772169,69.43465,27.105509,7.136677,96.21592
2007.5308,0.24317202,0.12778479,0.03280423,0.04521564,0.4350264,68.98229,26.584276,7.1098604,90.47121
2007.4247,0.28354496,0.15445864,0.03581516,0.054816876,0.5029262,70.14265,27.830225,7.182841,106.65233
2006.767,1.0818642,0.75661105,0.35263792,0.26606515,2.3519435,75.473915,39.723495,7.2847385,162.1324
2007.4133,0.2063786,0.107287474,0.020368567,0.03474455,0.39545295,67.58976,25.368341,7.016857,55.895634
2007.523,0.2779342,0.15236683,0.040351704,0.055403773,0.47730684,70.45131,28.12819,7.19425,119.24393
2007.398,0.36157966,0.20923786,0.048689794,0.076522425,0.6913493,71.551544,29.333704,7.2412314,107.561615
2008.0099,0.4939674,0.34670356,0.0010655238,0.13150936,1.0356448,74.98866,39.050343,7.485368,830.3465
2007.4249,0.27784488,0.1513772,0.035873536,0.05406696,0.4962342,69.99098,27.719608,7.172802,100.96028
2007.8251,0.63335204,0.4104223,0.08556357,0.13905887,1.2756015,75.4512,35.7237,7.438727,502.1048
2007.3951,0.24520163,0.1317486,0.027886035,0.045171857,0.45298994,68.86209,26.648903,7.0989113,77.75033
2007.3555,0.22993147,0.12092186,0.017243968,0.03719324,0.4286776,68.11799,25.785213,7.0507355,74.68235
2007.457,0.24714606,0.1323025,0.032325637,0.046966366,0.45076567,69.06145,26.811693,7.1130085,82.49984
2007.4053,0.27502063,0.14858906,0.030606175,0.050767485,0.48978695,69.75016,27.386532,7.1573896,104.11415
2007.4048,0.36732736,0.20109183,0.047027774,0.076020494,0.70991635,70.74784,28.121021,7.2217712,80.52235
2007.4186,0.2580857,0.14024547,0.034185976,0.050422624,0.47191903,69.406105,27.236864,7.134279,83.36099
2007.4899,0.7363834,0.4695612,0.17125386,0.14481461,1.4441942,75.426895,34.629166,7.396309,299.55414
2008.9999,1.0368156,0.676863,0.017775947,0.2510905,1.7955997,82.9114,51.21844,7.258587,2324.947
2007.4049,0.26835635,0.14494692,0.030508632,0.049799073,0.48186505,69.56765,27.248493,7.145326,97.646355
2007.3948,0.24705207,0.1327343,0.027805602,0.04538132,0.45512593,68.9094,26.681581,7.102049,79.66755
2007.5183,0.38522685,0.23682794,0.069482066,0.0762684,0.8068245,72.68904,31.320139,7.3522897,195.08653
2007.5695,0.27924243,0.15469328,0.03942847,0.054731503,0.458634,70.87012,28.474287,7.2089233,142.43973
2007.5549,0.2448625,0.12822624,0.03377122,0.04556215,0.43435457,69.061745,26.61928,7.1156316,94.60196
2007.5057,0.37651825,0.22344308,0.058128003,0.07642295,0.7372274,72.299904,30.323885,7.302129,162.11674
2007.5135,0.32046056,0.18451509,0.041794706,0.065295435,0.5409551,71.82791,29.454998,7.2447944,150.89961
2007.687,0.5778713,0.36370462,0.10382292,0.11775884,1.1795884,74.67923,33.403996,7.408095,307.65323
2007.7698,0.35727268,0.21145897,0.04700382,0.06673638,0.59239805,73.38634,30.874947,7.3373747,265.2385
2007.3906,0.25206557,0.13519135,0.026691249,0.04545324,0.46038345,69.009544,26.723022,7.1087832,85.87289
2007.375,0.2655572,0.14151454,0.022479096,0.044976026,0.47381404,69.2411,26.770794,7.124514,103.94077
2007.408,0.28267244,0.15291356,0.03131726,0.0522106,0.49923712,69.978455,27.576502,7.1724215,110.86459
2007.4938,0.25097266,0.13378018,0.034136195,0.047879416,0.4516261,69.2265,26.910873,7.124639,89.41924
2007.3232,0.4770103,0.30430874,0.11140227,0.09139233,1.0337684,73.09307,32.45726,7.365325,177.80888
2007.5226,0.27457595,0.1481695,0.04113309,0.054930314,0.48318458,70.08147,27.742628,7.1805887,105.298325
2007.6447,0.23764677,0.12120283,0.033707574,0.042700633,0.4116461,68.881546,26.255548,7.1063848,103.08294
2007.1351,0.3319045,0.21322139,0.07702444,0.07682421,0.8181873,70.87857,30.902462,7.2757807,65.406395
2007.4224,0.2739283,0.149093,0.035212673,0.053164177,0.49122158,69.86484,27.606773,7.1645226,97.83997
2007.4542,0.24086006,0.12834072,0.030564697,0.045053706,0.44171605,68.83776,26.584776,7.098496,78.92938
2007.3826,0.2610839,0.13957044,0.024515646,0.045488045,0.46973944,69.18434,26.788578,7.1205597,97.22831
2007.5005,0.37758222,0.22731508,0.061585587,0.07561845,0.7593965,72.402084,30.672634,7.3185935,174.32123
2007.6757,0.28833053,0.16818312,0.03544392,0.05391535,0.40255746,72.56353,30.034485,7.2687674,223.84682
2007.4076,0.2777256,0.15020777,0.031235227,0.051486433,0.49335092,69.842674,27.473532,7.163448,106.07452
2007.4153,0.27146578,0.14730096,0.03330296,0.051770523,0.48718646,69.73879,27.457325,7.1563725,97.563576
2007.4119,0.36197916,0.19853397,0.048196148,0.07577666,0.69978726,70.72929,28.163225,7.2204294,78.19816
2007.4558,0.22742768,0.11967259,0.02696185,0.040912174,0.42137125,68.366035,26.091442,7.068091,72.32817
2008.819,1.3346124,0.911552,0.15822887,0.31807852,2.5640576,82.78966,49.480934,7.3888717,2006.1885
2007.5206,0.38850608,0.24113084,0.073225334,0.07669519,0.8300824,72.79467,31.607252,7.3665814,202.47528
2007.4092,0.36793298,0.20176165,0.048617467,0.0770685,0.71406144,70.764755,28.168299,7.222734,76.9668
2007.4045,0.25911412,0.13990484,0.030410929,0.048476793,0.47090057,69.31571,27.059032,7.12867,88.63431
2007.2401,0.17688978,0.10495802,0.023541348,0.017929895,0.32426012,69.30975,28.428019,7.1940746,185.88953
2007.4402,0.2385402,0.12722562,0.029640464,0.04444118,0.440103,68.744484,26.515503,7.0921016,75.84878
2007.5455,0.23347983,0.12116678,0.030492036,0.042129528,0.41853747,68.65316,26.213152,7.08901,87.5551
2007.5458,0.23981269,0.12522826,0.032210544,0.04407532,0.42800394,68.876335,26.444687,7.10342,90.79525
2007.4548,0.37091514,0.22045466,0.056866325,0.07580799,0.7354808,72.0592,30.180075,7.2892075,148.45912
2007.3793,0.35683042,0.19830222,0.04872664,0.07631647,0.69554245,70.73844,28.33886,7.2147765,70.64281
2007.3812,0.27252692,0.14706883,0.023104968,0.04559208,0.45049986,70.15223,27.691301,7.1818533,140.15047
2007.9194,0.950233,0.61874765,0.15419863,0.19938162,1.7657305,78.139465,39.128616,7.479467,719.46893
2007.6821,0.44656706,0.28018603,0.07665819,0.09236312,0.9557711,73.68746,32.571213,7.406142,270.72427
2007.4072,0.33832654,0.18459766,0.041477863,0.06765535,0.6342978,70.545,27.990578,7.208899,94.27666
2007.3718,0.26239288,0.13989912,0.02139566,0.04378998,0.46233192,69.27878,26.817507,7.126474,108.72989
2007.5317,0.24889281,0.13143218,0.03437373,0.046967577,0.44347036,69.18457,26.792538,7.122943,93.50797
2007.3721,0.25788283,0.13716371,0.02170903,0.043497216,0.4643024,69.010345,26.577276,7.109326,97.23462
2008.967,0.990517,0.63854325,0.0022896803,0.24100064,1.6822119,82.76133,51.068657,7.2409916,2290.9414
2007.4657,0.21894236,0.11395989,0.024873333,0.038232196,0.40733984,68.07537,25.769917,7.049593,69.362335
2007.3793,0.23122223,0.12314274,0.023625901,0.04089845,0.43397424,68.35238,26.146267,7.065613,68.75764
2007.4537,0.2743646,0.14986765,0.039625682,0.055358652,0.49199423,70.01731,27.811377,7.174618,95.87274
2007.4182,0.25048423,0.13548146,0.0324106,0.048271272,0.4609217,69.14699,26.977036,7.1174965,78.93313
2007.4281,0.2669972,0.14569652,0.036754966,0.053065684,0.48395425,69.72644,27.54957,7.155216,89.2591
2007.3975,0.36601034,0.19979948,0.0443151,0.0741825,0.702198,70.71745,28.040712,7.220028,86.6037
2007.4702,0.25815922,0.13902308,0.035585113,0.050258044,0.46552342,69.46017,27.20006,7.1390944,89.875275
2008.0575,0.8379308,0.54366225,0.07827988,0.18854854,1.5376717,78.270676,41.560154,7.4017167,1032.285
2007.4235,0.29910946,0.16323437,0.038236596,0.058869902,0.53946406,70.30739,27.943075,7.1934996,103.42096
2007.3821,0.2744426,0.14763382,0.023755243,0.046481352,0.4655539,69.95044,27.47255,7.169557,129.62721
2007.396,0.27955356,0.15045354,0.028099397,0.050003696,0.49365398,69.79381,27.34523,7.1605234,111.41589
2007.4862,0.26513734,0.14307888,0.03781051,0.052289244,0.4738665,69.71906,27.437693,7.156229,95.57746
2007.396,0.49404362,0.31242612,0.11271878,0.09218516,1.0294713,73.48195,32.511997,7.375422,202.75644
2007.3972,0.26697105,0.14370006,0.02843195,0.04846092,0.47900212,69.465385,27.111755,7.1387653,98.621574
2007.3973,0.36599994,0.19978927,0.04429367,0.07416799,0.7021371,70.71722,28.04008,7.220014,86.651726
2007.3833,0.2714992,0.14526798,0.024690857,0.047014125,0.48213387,69.47029,27.005507,7.1394577,107.31077
2007.4236,0.31976032,0.17511539,0.042803988,0.06519124,0.5943819,70.457115,28.054564,7.2029552,92.26205
2007.4226,0.25646627,0.13920555,0.03412284,0.050079033,0.4693041,69.36128,27.191057,7.1314454,82.56515
2007.3875,0.2769813,0.14851376,0.025819665,0.04839043,0.48927048,69.65323,27.174152,7.1514482,111.44853
2007.3956,0.3233178,0.17511772,0.0343314,0.060793355,0.5877211,70.40325,27.793861,7.200225,110.87346
2007.4055,0.26495746,0.14314242,0.030681668,0.04942831,0.47795627,69.48154,27.189798,7.1396127,94.09645
2007.5779,0.38616484,0.23202749,0.06364954,0.07652282,0.76296353,72.773094,30.90604,7.338958,195.63362
2007.5027,0.23781948,0.12509649,0.030763013,0.043771327,0.4307302,68.77064,26.419634,7.095452,83.94975
2007.4475,0.21415316,0.111369975,0.0231929,0.036890235,0.40257743,67.8917,25.614902,7.037254,64.46504
2007.3746,0.35860446,0.20564298,0.046659872,0.076982655,0.68074054,71.3562,29.055687,7.22593,91.960724
2007.4161,0.2821749,0.1531729,0.033540502,0.05337139,0.49996448,70.0346,27.68339,7.175917,107.8658
2007.4084,0.25202063,0.13630635,0.03147522,0.048091777,0.46315905,69.15799,26.973476,7.118132,80.432304
2007.5337,0.26972675,0.14476104,0.040053234,0.05336008,0.47445032,69.91981,27.552885,7.170448,104.33395
2007.4324,0.28808188,0.15949066,0.04136982,0.05922909,0.51909035,70.36601,28.1887,7.1920505,97.92119
2007.4152,0.34703892,0.190187,0.046017613,0.07187051,0.6620161,70.630646,28.116598,7.2141185,83.77461
2008.3275,0.8968844,0.5699804,0.060921565,0.2030485,1.5489744,79.96456,44.418068,7.3558526,1367.0723
2007.3873,0.26863927,0.14397644,0.02578876,0.047228627,0.4794081,69.42762,27.006153,7.1365275,103.249535
2007.3729,0.31136426,0.189313,0.114615336,0.04908456,0.7489323,70.86183,31.377272,7.4446626,210.6014
2007.4698,0.18434776,0.091635145,0.015594607,0.027565764,0.35494098,66.860466,24.499344,6.971287,52.36282
2007.4202,0.21672344,0.11374729,0.023313982,0.03787604,0.41004688,67.95974,25.739275,7.0409203,62.076473
2007.4309,0.30828962,0.16905619,0.04271364,0.063129805,0.56813717,70.395,28.066597,7.198855,93.03464
2007.2714,0.69872063,0.45436573,0.18753466,0.1461958,1.4413493,74.51359,34.727634,7.3617563,204.91068
2007.4167,0.27419794,0.14887512,0.033683047,0.05235556,0.4906353,69.82426,27.531784,7.1619883,99.83152
2007.4459,0.27233386,0.14877217,0.038911026,0.054790363,0.48998818,69.93935,27.745758,7.1693773,93.78257
2007.5887,0.24352822,0.1264705,0.034120854,0.044910084,0.4278811,69.042564,26.53296,7.1152897,98.49242
2007.3933,0.3652809,0.19908376,0.042812843,0.07316464,0.69792366,70.70063,27.996239,7.219063,89.9715
2007.5073,0.2504135,0.13306214,0.034268692,0.04761093,0.44900167,69.21792,26.87544,7.124443,90.95945
2007.3506,0.24764708,0.13543141,0.019416297,0.037927598,0.39045414,70.17755,27.967041,7.1887684,161.44894
2007.4601,0.37881193,0.23218359,0.06702523,0.076173924,0.79859096,72.36536,31.020844,7.3308973,173.12299
2007.4122,0.3625245,0.2075806,0.047253314,0.077402234,0.6801061,71.52981,29.142889,7.234304,101.660675
2007.4885,0.26928133,0.1456764,0.03898262,0.05354632,0.47976154,69.86697,27.586693,7.1658387,98.00344
2007.3561,0.20442314,0.107112296,0.017421352,0.033790953,0.39868084,67.43663,25.28579,7.005646,49.3048
2007.4067,0.36156687,0.20723279,0.046754725,0.07708337,0.6782229,71.51608,29.138853,7.2327313,101.6608
2007.4198,0.26197252,0.14243229,0.034505777,0.05113278,0.47669482,69.520775,27.331186,7.1418324,86.83669
2007.8326,0.67211175,0.44122154,0.084373645,0.149821,1.3408363,75.79893,36.874687,7.4474316,584.83057
2007.4135,0.28063348,0.15216187,0.03280994,0.052755997,0.49771354,69.97024,27.614264,7.1717315,107.16845
2007.4226,0.28213286,0.1535588,0.035256628,0.054314338,0.5009296,70.08715,27.772717,7.1792245,105.88855
2007.5027,0.3740875,0.21788625,0.053431816,0.07734396,0.70831543,72.12267,29.847076,7.27846,143.8007
2007.3823,0.6621277,0.39998507,0.26542473,0.09072507,1.1423438,73.623856,33.430183,7.5079603,311.63687
2007.5667,0.38576606,0.23351316,0.06521364,0.076005556,0.7740625,72.78499,31.06101,7.345239,199.60136
2007.3907,0.25139263,0.13483419,0.026725883,0.045380045,0.45960975,68.992516,26.711422,7.1076527,85.16969
2007.4034,0.36710083,0.20086953,0.046561178,0.07570435,0.70858884,70.742615,28.107208,7.2214713,81.56838
2007.4274,0.2395725,0.12823004,0.029649848,0.044850446,0.44334993,68.77027,26.567524,7.0934253,74.63729
2007.6815,0.5379846,0.3383624,0.0959372,0.10991363,1.1114976,74.37008,33.14599,7.407063,295.30026
2007.5619,0.2339913,0.12106064,0.030974152,0.042169888,0.41714144,68.68461,26.213745,7.0914736,90.02282
2007.4281,0.285335,0.15565142,0.03674201,0.055574898,0.5055867,70.21985,27.914623,7.187856,107.37364
2007.411,0.2527236,0.1368522,0.032164354,0.04856921,0.464396,69.19848,27.023705,7.1207423,80.34886
2008.5066,0.7745716,0.48033893,-0.02067933,0.18897259,1.2837275,80.30072,46.85155,7.246519,1714.765
2007.4729,0.23518485,0.12419948,0.029421238,0.043175068,0.43073678,68.653275,26.356367,7.087084,78.57398
2007.7644,0.87198263,0.5537278,0.16260166,0.17543568,1.6606392,77.08934,35.94347,7.431489,457.00952
2007.421,0.2790461,0.15178363,0.034841184,0.053661086,0.49704126,69.991035,27.689325,7.172907,103.31042
2007.395,0.25240716,0.13565367,0.027853446,0.04614261,0.46147376,69.0551,26.790897,7.1116824,84.89916
2007.4243,0.29986063,0.16372617,0.038672794,0.059259877,0.5419319,70.315155,27.955294,7.1939707,102.41615
2007.4572,0.36808264,0.21268855,0.050136868,0.0772411,0.6932594,71.83061,29.49889,7.256153,123.3613
2007.3717,0.2365707,0.1255653,0.021602964,0.040514044,0.4390896,68.43313,26.146652,7.071153,76.3186
2007.4331,0.26644072,0.1453286,0.037046194,0.053070035,0.4828508,69.72127,27.54431,7.154962,89.06052
2007.4476,0.27788806,0.15229456,0.04044966,0.05648623,0.498093,70.136314,27.947172,7.182135,96.826225
2007.4017,0.2850844,0.1538294,0.02966321,0.051627174,0.5011054,69.99166,27.537703,7.1734576,115.11106
2007.4077,0.34798205,0.19018798,0.043772947,0.07070549,0.6602529,70.61638,28.04753,7.213395,88.70537
2007.4196,0.2977706,0.1621781,0.036645148,0.057692513,0.5336484,70.28653,27.896688,7.192277,107.016945
2007.434,0.28455618,0.15563284,0.038511448,0.0564853,0.50684446,70.23192,27.970116,7.188481,103.537476
2007.1956,0.35063922,0.22526535,0.080811515,0.078575514,0.86142534,71.28184,31.26528,7.305768,91.93452
2007.4725,0.23189671,0.12209679,0.028524118,0.042166416,0.42585215,68.5372,26.236403,7.079583,76.860565
2007.4253,0.28033152,0.15275449,0.0359867,0.05447075,0.4992355,70.061485,27.775148,7.1774545,103.28707
2007.5596,0.24960868,0.13115312,0.035151713,0.046988957,0.44086695,69.23263,26.787924,7.1267815,97.62495
2007.3855,0.268231,0.1436378,0.025297763,0.046901174,0.47863606,69.40127,26.972214,7.1348324,103.40045
2007.4043,0.22813553,0.121497855,0.026069561,0.041498546,0.4292538,68.34857,26.174511,7.065596,65.72253
2007.2999,0.35158363,0.20097415,0.046590775,0.07666898,0.69047123,70.86385,28.7245,7.205961,65.08383
2007.493,0.21257077,0.1091382,0.023725772,0.036076684,0.39415598,67.873566,25.506296,7.0372963,69.8387
2007.4047,0.24723294,0.13346498,0.030461194,0.046874218,0.45690957,68.997345,26.824713,7.107605,76.85055
2007.4274,0.28124818,0.15338461,0.036542393,0.054903742,0.5006458,70.103546,27.822626,7.1801825,103.564964
2007.4,0.2718263,0.14652312,0.02921505,0.0495601,0.48519486,69.62062,27.249733,7.1489577,102.53045
2007.4797,0.25002787,0.13354707,0.033584986,0.047689416,0.45206928,69.18168,26.89188,7.121373,87.04143
2007.4788,0.22413272,0.116944075,0.02655431,0.03973426,0.41338354,68.26895,25.945312,7.0624356,73.76893
2007.3777,0.2528354,0.13477792,0.023200044,0.04362886,0.45922765,68.92107,26.554945,7.1032734,90.570755
2007.4496,0.24632545,0.1319748,0.03194587,0.046767645,0.45052725,69.02639,26.789972,7.1105466,81.07074
2007.5544,0.25245532,0.13311566,0.03581596,0.04790042,0.44580328,69.32872,26.89771,7.132849,98.38601
2007.394,0.36496782,0.19895484,0.042975515,0.07320623,0.6974948,70.700356,28.00156,7.2190285,89.62638
2007.7827,0.7603476,0.49579325,0.11016825,0.16420305,1.4902152,76.34787,37.088017,7.440617,572.78455
2007.409,0.23540625,0.12604076,0.028137604,0.043700203,0.43952423,68.60852,26.435331,7.0825,70.05313
2007.3872,0.23672006,0.12664108,0.025779268,0.042843316,0.44173533,68.56779,26.369053,7.0796504,71.75519
2007.3895,0.26599604,0.14268593,0.026396947,0.04720213,0.4766484,69.375465,26.98539,7.1330175,99.95461
2007.6366,0.31435394,0.18243529,0.03835034,0.060728822,0.478918,72.523094,29.934103,7.2690034,203.67911
2007.4102,0.2761915,0.1495391,0.031925537,0.051657528,0.49194878,69.82296,27.479204,7.1620755,103.78164
2007.4445,0.25057796,0.1348417,0.03298946,0.04811179,0.45757878,69.171936,26.951273,7.119805,82.53717
2007.0363,0.41822016,0.27859268,0.123820275,0.091105916,1.0204108,71.682556,32.478916,7.3162985,72.43518
2007.4596,0.2231115,0.116800115,0.025873115,0.039557923,0.41439995,68.217155,25.929285,7.058582,70.65005
2006.7788,1.520812,1.1203821,0.48166326,0.3907655,3.5242429,76.4862,42.380253,7.3563366,323.1649
2007.4271,0.3755,0.22998838,0.06601814,0.07616493,0.7963417,72.19195,30.880411,7.320205,161.3798
2007.4724,0.25325814,0.13581799,0.034304034,0.048735525,0.45788932,69.28936,27.018291,7.128127,87.6819
2007.609,0.5716097,0.3602731,0.10961214,0.11402036,1.1669638,74.479614,33.266987,7.399516,283.9348
2007.3822,0.36461228,0.2183119,0.05695569,0.07526017,0.74489903,71.760254,30.108622,7.2772946,131.65192
2007.7206,0.18686761,0.08657191,0.021560239,0.026543224,0.3254676,67.155846,24.312908,6.997018,87.59087
2007.411,0.3177425,0.1730325,0.0381819,0.062099118,0.5817454,70.40656,27.917437,7.2000656,102.612686
2007.8156,0.45228985,0.28281677,0.06568802,0.09776993,0.96816397,73.9916,32.767677,7.420481,309.77057
2007.3844,0.29960835,0.16229609,0.028689595,0.053507708,0.5208788,70.34533,27.811768,7.1947794,127.35028
2007.4126,0.33079043,0.18065126,0.041574553,0.06639347,0.617327,70.50553,28.0032,7.206279,94.43821
2007.4248,0.27218047,0.14829572,0.035850257,0.053276807,0.48953602,69.83772,27.605413,7.162666,95.39564
2007.4343,0.28567034,0.15629768,0.038865812,0.056890313,0.5099954,70.24093,27.979395,7.189042,102.696045
2007.5488,0.25335336,0.13384338,0.03593963,0.048217177,0.44790098,69.355675,26.936872,7.1344385,98.074234
2007.3695,0.21800295,0.11534077,0.021007968,0.037637208,0.4168266,67.91451,25.745071,7.0369053,58.662792
2006.6967,2.4958858,1.8727094,0.73288065,0.6690983,6.156949,78.80753,47.00264,7.483365,458.64572
2007.6263,0.2869499,0.16572559,0.036420427,0.054628346,0.42233077,72.12044,29.668472,7.2532434,199.29474
2007.378,0.23697211,0.12618966,0.02330924,0.041512407,0.44057226,68.497314,26.244305,7.075231,74.79014
2007.7422,0.40042245,0.24183069,0.06081201,0.079712845,0.7675515,73.48772,31.485346,7.371422,256.29315
2007.393,0.3083455,0.16672008,0.030970493,0.05623302,0.54704213,70.323685,27.751112,7.194749,119.77086
2007.3417,0.27488354,0.16524369,0.07926837,0.04646943,0.67577237,70.48802,30.562654,7.3860335,184.98264
2007.5829,0.24551757,0.12790316,0.034536693,0.045563504,0.4316353,69.10782,26.612234,7.119347,98.71346
2007.3848,0.2601356,0.13919684,0.02510924,0.045686066,0.46897122,69.177376,26.800852,7.1200404,95.622734
2007.547,0.27242222,0.14613786,0.04106296,0.054093618,0.4767283,70.02569,27.636759,7.177635,107.501114
2007.4114,0.2852148,0.15451255,0.032234248,0.05306641,0.5027794,70.0756,27.675386,7.178757,112.33969
2007.2955,0.22724953,0.13919422,0.061998207,0.032469504,0.5268321,70.28439,30.32833,7.3470488,206.40865
2007.6483,0.36319226,0.21352167,0.051602058,0.071201794,0.6382595,72.85229,30.433681,7.3110294,205.43756
2007.917,0.41999796,0.2735751,0.032573562,0.10082001,0.91122353,74.02921,34.466805,7.446067,469.57483
2007.7131,0.4259289,0.26495534,0.06911555,0.08849313,0.9008468,73.59049,32.28903,7.4009333,268.30292
2007.4247,0.32048965,0.17561853,0.04334355,0.06563863,0.5969801,70.46566,28.069937,7.2034674,91.0291
2007.4131,0.29282805,0.15886386,0.03342029,0.05491639,0.51679283,70.23235,27.805565,7.18901,114.415
2007.3884,0.24698065,0.13228393,0.026077492,0.044416174,0.45401984,68.853424,26.589361,7.0985155,81.546295
2007.3838,0.23378795,0.12483031,0.024861662,0.041933686,0.43773264,68.46013,26.262363,7.072619,69.89618
2007.2865,0.34962732,0.20038527,0.045721546,0.076144114,0.68689305,70.84452,28.735079,7.2033014,64.67093
2007.4017,0.4558478,0.28919062,0.10209205,0.087459624,0.9819163,73.15074,32.351864,7.3746476,193.83426
2007.4635,0.25366646,0.13631831,0.034226272,0.048925128,0.45968643,69.29637,27.043165,7.1283426,86.67922
2007.3885,0.2353454,0.12598044,0.026139664,0.04285391,0.44032618,68.542046,26.360573,7.0779123,69.99186
2007.0708,0.43416065,0.27882248,0.16688207,0.07857838,0.9696689,71.43129,32.392525,7.374794,121.59167
2007.781,0.6745522,0.43106228,0.10648651,0.14262275,1.3456227,75.63194,35.07359,7.42725,434.06628
2007.3921,0.27237266,0.14630531,0.02705474,0.0484408,0.48456225,69.56776,27.14713,7.145673,105.50654
2007.5635,0.24117327,0.12563092,0.03295139,0.044366952,0.42769897,68.93883,26.474834,7.107923,93.87934
2008.4968,0.9289511,0.58322954,0.047901597,0.21142247,1.547766,81.00307,46.226997,7.3246846,1580.8832
2007.4229,0.36634424,0.21588476,0.05376088,0.0759007,0.71996665,71.82639,29.85537,7.269627,131.11661
2007.4739,0.23843414,0.12625906,0.030322222,0.044166878,0.4354727,68.76853,26.474152,7.09455,80.36009
2007.4102,0.2799769,0.1515959,0.031930633,0.052179787,0.4964188,69.92506,27.554968,7.1688285,107.51219
2007.8118,0.9020247,0.57618237,0.16398363,0.18299241,1.701409,77.45011,36.77342,7.4453387,524.8118
2007.3912,0.2652207,0.14237213,0.026847148,0.04734462,0.47599968,69.368675,26.993582,7.132524,98.68156
2007.3967,0.25560805,0.13750555,0.02833095,0.046845812,0.46553326,69.156235,26.879824,7.118325,87.519844
2007.6173,0.23449938,0.119910836,0.032278936,0.041929033,0.410557,68.74815,26.170778,7.097048,97.780876
2007.4985,0.1928819,0.09635054,0.018509792,0.029984033,0.36392635,67.18466,24.779757,6.9929748,60.580273
2007.3895,0.31453282,0.1795267,0.0633934,0.059390716,0.66802067,70.77881,29.5383,7.317315,144.91547
2007.3414,0.21159086,0.110065095,0.013476608,0.032593787,0.40480688,67.506256,25.221485,7.0106397,60.82913
2007.6287,0.27852064,0.15445441,0.03898797,0.053595252,0.44013783,71.11458,28.613426,7.217287,160.822
2007.4081,0.25260398,0.13659853,0.0313719,0.048114706,0.46378624,69.17046,26.979685,7.1189675,81.12472
2007.4165,0.2329856,0.12428863,0.027638575,0.042902745,0.43491232,68.52939,26.338503,7.0775895,69.828926
2007.5929,0.24599311,0.1279421,0.034876097,0.045638047,0.43102223,69.132805,26.618525,7.121226,100.308495
2007.4023,0.36688688,0.2006596,0.04612055,0.0754058,0.7073351,70.73768,28.094164,7.221188,82.55619
2007.4962,0.37779886,0.2282644,0.06252886,0.07553391,0.76582813,72.41306,30.752052,7.3219748,175.99417
2007.3491,0.30911258,0.17251042,0.040614795,0.056267124,0.58845496,70.564,28.57529,7.2415857,133.66316
2007.3903,0.25429088,0.1363734,0.026580496,0.04569738,0.462944,69.06601,26.761585,7.112529,88.194275
2007.4625,0.2542489,0.13671826,0.034363475,0.04911119,0.46068844,69.316086,27.065561,7.1295886,86.84318
2007.4095,0.31208587,0.16967918,0.03648278,0.060102105,0.56592244,70.361694,27.873354,7.1972647,106.662865
2007.3127,0.35341853,0.20159148,0.047353677,0.07713854,0.69336814,70.89176,28.724073,7.2087255,65.97832
2007.4216,0.27210593,0.14805529,0.035010666,0.05280244,0.48895165,69.80945,27.559816,7.1608787,96.26913
2007.4143,0.28533536,0.15476575,0.033022456,0.05351869,0.50338775,70.1035,27.719202,7.180526,111.56956
2008.2249,0.9349957,0.60013276,0.09380307,0.20641966,1.6469502,79.61573,43.1297,7.4028826,1192.6649
2007.4077,0.27160546,0.14689317,0.031272344,0.05066712,0.4861506,69.67903,27.35342,7.152619,99.9919
2007.4213,0.3000843,0.16363353,0.03771978,0.0587343,0.5407813,70.30815,27.926197,7.193601,104.51842
2007.4366,0.28243804,0.15462403,0.039033376,0.056444094,0.50352275,70.21352,27.977236,7.187212,101.9297
2007.5514,0.21174578,0.10705403,0.02473162,0.035404876,0.3851839,67.89259,25.411278,7.040075,77.31818
2007.4008,0.29126054,0.15711705,0.029385308,0.05232105,0.50822943,70.149284,27.646278,7.183912,121.52052
2007.3999,0.36644953,0.20023043,0.045219727,0.07479544,0.70477194,70.727585,28.067495,7.220609,84.57567
2007.3914,0.24361944,0.13065012,0.026881156,0.04439923,0.4505287,68.78805,26.56455,7.0941124,77.32213
2007.4052,0.2599654,0.14040846,0.030584576,0.048689608,0.47200787,69.34407,27.085135,7.130529,89.278625
2007.4229,0.26923075,0.14656867,0.035324343,0.05258129,0.48574406,69.74184,27.518953,7.156375,93.077415
2007.3029,0.35253626,0.20068133,0.047481492,0.077127285,0.69630957,70.78604,28.634666,7.2048492,60.76119
2007.3995,0.2487415,0.13395032,0.029059565,0.04630636,0.45786098,68.99412,26.781158,7.1075296,79.92055
2007.8806,1.8063933,1.2633837,0.4450835,0.42603755,3.8186631,81.21371,43.126263,7.540922,752.9023
2007.4159,0.26298442,0.14273013,0.033449113,0.05068749,0.47726426,69.51497,27.295849,7.1415524,89.02731
2007.6237,0.6583724,0.4153789,0.12651783,0.13117373,1.3151447,75.1574,33.831608,7.402057,311.57263
2007.4152,0.26531333,0.14395109,0.033265628,0.050905626,0.4799041,69.571945,27.332657,7.1453395,91.53296
2007.3357,0.39498216,0.25377172,0.08666137,0.08009807,0.9296739,72.334625,32.048244,7.364059,166.40472
2007.5012,0.2673246,0.14408374,0.03871872,0.05285424,0.4751557,69.80846,27.501066,7.1623974,98.718475
2007.5792,0.26062107,0.13770038,0.03854766,0.050233915,0.4547636,69.636665,27.169054,7.1533833,105.87826
2007.5151,0.23465593,0.122733615,0.030168632,0.042709474,0.42433932,68.66948,26.290041,7.0892534,84.02809
2007.4084,0.28054824,0.15179162,0.03144969,0.051992316,0.49680874,69.92539,27.541094,7.1688986,108.61862
2007.3932,0.24750537,0.13287508,0.027363284,0.045198996,0.45539933,68.90777,26.667381,7.1019845,80.613785
2007.4026,0.24513978,0.13219275,0.029891947,0.04627229,0.45410296,68.923164,26.753057,7.1027546,75.42656
2007.3462,0.3595784,0.21398023,0.05414161,0.07505121,0.7316517,71.52756,29.825975,7.2593117,115.78402
2007.3784,0.30637014,0.17657489,0.066387296,0.056702938,0.6690104,70.71654,29.740023,7.33058,152.99834
2007.4203,0.32719594,0.17915313,0.043360613,0.06682265,0.6122618,70.50167,28.06182,7.2058477,90.65672
2007.4249,0.25322956,0.13706526,0.033295486,0.049067203,0.464145,69.24921,27.07003,7.1242733,81.23663
2007.4214,0.25413993,0.13774318,0.033468127,0.049372222,0.46597412,69.27838,27.107237,7.126063,81.224335
2007.4872,0.38889474,0.24401522,0.07673109,0.077211685,0.85628915,72.73353,31.80639,7.3724074,198.62582
2007.3768,0.36154532,0.21387519,0.053215835,0.07522067,0.7221051,71.62963,29.785694,7.260892,121.01863
2007.1276,0.34023565,0.22111899,0.124303,0.068031855,0.8612301,70.778564,31.889818,7.369259,112.52492
2007.461,0.26236582,0.14196843,0.03653094,0.051617123,0.4730432,69.60076,27.364182,7.1479254,90.77008
2007.5499,0.39105263,0.24254295,0.073644035,0.076647975,0.82908833,72.93656,31.696054,7.374323,212.05347
2007.403,0.32714894,0.18362947,0.056999706,0.06314982,0.66348636,70.822624,29.115662,7.2902055,131.38132
2007.806,0.6387035,0.4099933,0.093984656,0.13749728,1.2848709,75.42613,35.157658,7.431907,453.1745
2007.4214,0.2707056,0.14727691,0.034935247,0.05256858,0.48725444,69.76938,27.527924,7.1582355,94.97204
2007.2977,0.3174311,0.1873744,0.06519614,0.06601295,0.6982872,70.71743,29.752424,7.286729,105.25673
2007.4354,0.27890727,0.15262711,0.038699172,0.055774834,0.49915865,70.10798,27.889257,7.1802635,98.82166
2007.3771,0.22635013,0.12035606,0.023033986,0.039902657,0.42787477,68.20267,26.017996,7.0557675,64.61643
2007.4121,0.31125727,0.16938424,0.03712285,0.060336348,0.56515235,70.36277,27.89377,7.197273,105.28478
2007.4193,0.30846292,0.16830516,0.03889888,0.060899638,0.5618894,70.363106,27.951056,7.19712,101.48564
2006.7844,1.2054006,0.85936713,0.390766,0.30030254,2.6788917,75.76234,40.45054,7.3110375,214.3993
2007.4487,0.33449766,0.19120316,0.04480557,0.07025931,0.60261804,71.4622,29.140936,7.2327266,117.8105
2007.3708,0.33106664,0.18402226,0.045800764,0.06310727,0.6428828,70.70766,28.609531,7.250954,121.64262
2007.3899,0.32997856,0.18412293,0.051395968,0.06342971,0.653847,70.77159,28.847464,7.2701044,125.84233
2007.4147,0.26997057,0.14644904,0.033135112,0.051472552,0.48532274,69.693275,27.418684,7.153378,96.27703
2007.3933,0.24056245,0.12911558,0.027408307,0.04427115,0.44723278,68.72222,26.531279,7.089706,73.710266
2007.4036,0.36712575,0.200894,0.046612557,0.07573916,0.708735,70.74319,28.108728,7.221504,81.45318
2007.416,0.25945398,0.1408225,0.033489034,0.05022509,0.4731216,69.42115,27.227537,7.135342,85.49771
2007.4116,0.25096753,0.13593432,0.032314423,0.048411198,0.46241248,69.15588,26.996565,7.11791,78.44626
2007.4138,0.20402199,0.10576088,0.019741109,0.034016382,0.39185444,67.50719,25.281548,7.0115404,54.767315
2007.0542,0.83512616,0.55951226,0.24599177,0.19009468,1.7520348,74.93146,36.74568,7.3177876,175.6567
2007.6156,0.356974,0.20782037,0.047838863,0.07094887,0.616614,72.60515,30.079687,7.289249,187.6945
2007.4183,0.30059376,0.16370563,0.03683151,0.058297124,0.5403935,70.30324,27.89869,7.193363,106.46283
2007.4196,0.26695678,0.14512831,0.034461394,0.051792197,0.4825504,69.65361,27.42826,7.150624,91.80633
2007.4105,0.2567465,0.13900277,0.032021713,0.049042393,0.46905905,69.302345,27.096443,7.1276274,84.48042
2007.6993,0.27091506,0.14512858,0.04053727,0.051445518,0.4329395,70.591156,27.928139,7.1981416,151.29782
2007.3982,0.2594612,0.13968906,0.028713597,0.0475861,0.4703066,69.271965,26.976776,7.125943,90.89144
2007.3801,0.27044415,0.1444932,0.023843331,0.04640081,0.48038763,69.41537,26.939936,7.135908,107.22544
2007.5284,0.20736872,0.104856454,0.023061754,0.034224,0.38167477,67.71948,25.27667,7.0282893,71.98104
2007.3947,0.23819351,0.12791452,0.027766595,0.044144146,0.44464904,68.66963,26.502855,7.086192,70.96787
2007.3398,0.3020889,0.17473109,0.060809504,0.0545725,0.65373486,70.62124,29.607048,7.3145475,152.91621
2007.4062,0.36759174,0.20135123,0.04757226,0.07638942,0.7114656,70.75394,28.13714,7.2221212,79.3017
2007.4692,0.25070292,0.13426161,0.033545505,0.047972586,0.45447978,69.19676,26.928307,7.122066,85.95603
2007.0758,0.41963497,0.27005905,0.15966867,0.07757579,0.9583923,71.31284,32.310207,7.37293,116.85222
2007.3319,0.30675274,0.17625639,0.055827107,0.055796582,0.64566576,70.629776,29.381617,7.2964287,146.30324
2007.3948,0.25729576,0.1382943,0.027794631,0.046780925,0.4672079,69.184906,26.885305,7.1202745,89.790634
2007.8896,0.39974332,0.25509664,0.037240595,0.09227848,0.8517539,73.819046,33.509945,7.429125,404.7579
2007.3983,0.2730423,0.14707367,0.02875414,0.04947215,0.4863572,69.63895,27.24977,7.150215,104.25058
2007.3928,0.25607076,0.13750707,0.027282236,0.04632956,0.4654592,69.13589,26.833954,7.1170826,89.159546
2007.3834,0.27134535,0.14519745,0.024745462,0.047023203,0.4819845,69.46786,27.005308,7.139292,107.097374
2007.3916,0.25416225,0.13639353,0.026958248,0.04588857,0.46301556,69.07436,26.778868,7.1130443,87.64128
2006.7373,1.0133824,0.6996905,0.32593617,0.24885526,2.1709952,75.362656,39.425953,7.255603,127.96125
2007.375,0.25967312,0.13831827,0.02247473,0.04416618,0.46686774,69.08251,26.653212,7.114024,98.13794
2007.6377,0.21093634,0.10423639,0.026329579,0.03453785,0.37253508,67.93515,25.285822,7.0451145,88.583206
2007.421,0.3334148,0.18932535,0.045498498,0.07064029,0.61494154,71.16327,28.882683,7.2222233,102.01517
2007.3657,0.3109856,0.18110181,0.069959894,0.060879152,0.68968236,70.754974,29.876938,7.326147,136.38913
2007.3715,0.33831373,0.1892432,0.04733235,0.07272499,0.65376616,70.641,28.385166,7.205846,71.855225
2007.4452,0.28688562,0.15922607,0.04090577,0.05863476,0.5100053,70.470535,28.278809,7.1956425,104.85537
2007.4209,0.3352644,0.18383342,0.045318563,0.06939521,0.6340206,70.56167,28.110622,7.209624,85.91225
2007.2849,0.44618776,0.2866741,0.10583859,0.08832809,1.0066614,72.66745,32.331684,7.35851,159.1535
2007.4263,0.26605874,0.14506666,0.036250092,0.052657805,0.4825483,69.68538,27.504328,7.1525493,88.90233
2007.7592,0.41510835,0.25229573,0.06285733,0.08449171,0.81989133,73.60125,31.741943,7.383321,264.83545
2007.3989,0.36628938,0.20007329,0.044889815,0.074571915,0.70383334,70.72389,28.057728,7.2203975,85.31526
2007.3668,0.2532029,0.13663566,0.018505132,0.03990789,0.4022159,69.99004,27.59821,7.1695294,147.69046
2007.426,0.26883674,0.14656177,0.036193695,0.053007834,0.48579317,69.75842,27.55677,7.157387,91.7079
2007.5894,0.38842955,0.2352473,0.06611875,0.07621047,0.7769649,72.90477,31.159874,7.3527107,207.00558
2007.5623,0.2421885,0.12631674,0.033199444,0.044688217,0.42938918,68.973526,26.513401,7.1101294,94.22244
2007.4799,0.21568112,0.11148772,0.024289345,0.03712778,0.40057072,67.97221,25.63481,7.043312,69.627846
2006.7919,1.8937714,1.3941332,0.58804166,0.4913577,4.536351,77.23183,43.468243,7.447565,338.97473
2007.4835,0.21682474,0.11212497,0.024675751,0.037453286,0.4018014,68.015495,25.67261,7.046202,70.701744
2007.4725,0.2767158,0.15087835,0.04065692,0.055947315,0.49303436,70.11555,27.876602,7.1814566,99.602264
2007.4078,0.26804817,0.14496595,0.031291172,0.05018938,0.48196384,69.58383,27.283464,7.1463194,96.45955
2007.4182,0.31459108,0.17662597,0.043995433,0.06607644,0.5790417,70.75751,28.530005,7.2070827,96.12481
2007.4352,0.28957617,0.15860462,0.04000047,0.05824638,0.52085394,70.271576,28.008667,7.1909575,99.98496
2007.4708,0.21292153,0.10995701,0.023351396,0.036344215,0.39763567,67.86757,25.54389,7.036317,67.00089
2006.8094,1.2721678,0.91072667,0.3974522,0.3195848,2.8361,76.168106,40.959385,7.3085103,247.62425
2007.3986,0.2772221,0.14935331,0.028795576,0.050068635,0.49131426,69.7528,27.33531,7.1577425,108.32943
2007.305,0.35278365,0.19980888,0.045829993,0.07593184,0.69314015,70.75005,28.533495,7.2045918,65.2526
2008.0228,1.0367533,0.6766274,0.17065102,0.21671504,1.88429,79.06372,40.455406,7.5069847,825.5215
2006.7007,0.5997515,0.4126464,0.21919969,0.13426693,1.3437914,72.297905,34.740295,7.264166,35.459217
2007.5092,0.3574659,0.20494893,0.045751195,0.074241996,0.63556767,71.98229,29.433617,7.252367,137.3975
2007.5023,0.23760365,0.12496868,0.03069604,0.043707862,0.43046057,68.762695,26.412182,7.0949287,83.78526
2007.4253,0.21505816,0.11254355,0.022969423,0.03732788,0.4068823,67.90525,25.67273,7.037537,61.91405
2007.5548,0.5569103,0.3513036,0.11145884,0.109433636,1.1405613,74.263504,33.106636,7.3934436,264.65216
2007.419,0.32520488,0.17791146,0.042484798,0.06595515,0.6062086,70.48349,28.037907,7.2047315,92.69826
2007.4418,0.22605638,0.11916689,0.026294196,0.04059138,0.42118144,68.30615,26.056894,7.0638514,69.72754
2007.3921,0.26407254,0.14179835,0.027055876,0.047302447,0.47476813,69.344284,26.981647,7.13089,97.312775
2007.3984,0.2311767,0.123608746,0.026767967,0.04247614,0.4345981,68.45079,26.292397,7.072036,66.463394
2007.3959,0.26693144,0.14359581,0.028084515,0.04826342,0.47875005,69.453445,27.092712,7.13801,98.97439
2007.4587,0.2202131,0.11496148,0.025070613,0.038672835,0.41016796,68.11439,25.824162,7.051926,69.06443
2007.4108,0.29369208,0.15918472,0.03281319,0.054707885,0.5177009,70.23175,27.7861,7.18903,115.71821
2007.5784,0.2729465,0.14636377,0.04126523,0.05383139,0.46947917,70.15936,27.7144,7.1834702,116.362076
2007.4152,0.3403201,0.18632519,0.04454833,0.069823764,0.6441776,70.58208,28.080832,7.21105,87.368095
2007.3809,0.24986152,0.13336994,0.024068916,0.043701105,0.45623198,68.868164,26.541285,7.0996885,86.65534
2007.6104,0.24834087,0.12898307,0.035880733,0.046234384,0.4322188,69.22992,26.684978,7.1279593,103.87129
2007.4084,0.27093554,0.14657584,0.031467382,0.05068301,0.48547545,69.66709,27.350307,7.15181,99.11065
2007.5264,0.37844327,0.22375028,0.057860773,0.07683484,0.73307234,72.37031,30.303303,7.3035173,164.71635
2007.4147,0.3514344,0.19268094,0.046831623,0.07312228,0.67342997,70.661156,28.135548,7.216057,81.7502
2007.9734,0.9518072,0.6232067,0.14111347,0.2034418,1.7576123,78.38785,40.22875,7.4806657,825.0099
2007.7161,0.8576008,0.54180133,0.17735235,0.16640739,1.6134509,76.900734,35.437572,7.4301295,413.48273
2007.3833,0.23340037,0.124586195,0.02472034,0.041802373,0.43719175,68.445274,26.24721,7.07165,69.67304
2007.5452,0.300454,0.17245777,0.039218847,0.059637014,0.48473802,71.742584,29.378866,7.2407937,164.04109
2007.4606,0.23483507,0.124301076,0.029068569,0.04315527,0.43183598,68.63086,26.357172,7.085312,76.738846
2007.555,0.2246112,0.11522096,0.028289417,0.03933519,0.4039965,68.348595,25.878143,7.069602,84.32848
2007.3801,0.25750858,0.13747516,0.02386997,0.044640474,0.46513844,69.06787,26.683348,7.1129184,94.4277
2007.3982,0.31066865,0.16803215,0.032402627,0.057436258,0.5555954,70.31901,27.751837,7.1948423,115.78177
2007.3744,0.26947975,0.14586954,0.022022216,0.04449096,0.4376482,70.244415,27.807133,7.1865873,146.42516
2007.4209,0.33519202,0.1837906,0.045297112,0.06936983,0.6338186,70.5611,28.110067,7.2095885,85.96341
2007.3812,0.29074132,0.17114097,0.07738748,0.052087832,0.6825454,70.64348,30.302223,7.372921,171.65916
2007.3966,0.28422233,0.1530339,0.028288638,0.050748974,0.49927527,69.92545,27.448288,7.169213,115.81065
2007.4089,0.31519565,0.17142133,0.036957804,0.060927946,0.57382196,70.38241,27.88371,7.1985884,105.45431
2007.3938,0.33644983,0.18255672,0.036664486,0.06447684,0.6216152,70.49483,27.84921,7.20603,105.07485
2007.4282,0.27399865,0.14950004,0.03676129,0.05402995,0.49222028,69.91518,27.689543,7.1677003,96.16261
2007.3318,0.35818854,0.21309571,0.053766247,0.075054616,0.73106956,71.45366,29.769594,7.2548885,110.78341
2007.3762,0.24012248,0.12778138,0.02280937,0.04166837,0.44399443,68.566505,26.28087,7.079858,78.46341
2007.5256,0.4450437,0.2803269,0.09060495,0.08698063,0.9492463,73.36933,32.365692,7.389038,226.09413
2007.4552,0.23658694,0.12556963,0.029429315,0.04373255,0.43517637,68.68812,26.427269,7.0888643,76.89848
2007.4182,0.28487283,0.15476999,0.03409491,0.05404809,0.503476,70.124596,27.766325,7.1818156,109.90336
2007.5833,0.38461792,0.22687332,0.05908543,0.07756,0.7338726,72.63266,30.445229,7.317035,179.27205
2007.3563,0.32881525,0.18311492,0.044161696,0.062122326,0.6376891,70.669716,28.584005,7.246706,122.38122
2007.4308,0.26839668,0.14662158,0.037448157,0.053640947,0.48601565,69.78581,27.613903,7.1590753,89.85851
2007.4199,0.2650409,0.14411215,0.034562957,0.051585443,0.48034957,69.605194,27.395388,7.147411,89.80079
2007.4127,0.25942022,0.1405975,0.03262138,0.0497408,0.47256878,69.3931,27.181274,7.133572,86.44305
2007.5201,0.20950964,0.106452845,0.023466168,0.034941886,0.38598642,67.788025,25.364262,7.0324926,71.94191
2008.0416,0.9288722,0.6047528,0.12029018,0.20155403,1.6965228,78.63167,41.07771,7.450563,939.1435
2007.4396,0.2341585,0.12442766,0.028441781,0.043098163,0.43361384,68.58968,26.35581,7.0820947,73.54493
2007.036,1.0033134,0.6791875,0.34512916,0.21998411,2.061902,75.26396,38.03223,7.3857126,247.90863
2007.5142,0.2447175,0.12921923,0.03287309,0.04580974,0.43954247,69.02305,26.659267,7.11205,89.00958
2007.5527,0.38207895,0.22718626,0.06013715,0.07681657,0.74409777,72.55208,30.542225,7.3182487,177.93202
2007.5295,0.2507966,0.13271378,0.034842387,0.047568828,0.44661802,69.24979,26.86467,7.1270933,94.17383
2007.4214,0.31161737,0.17027092,0.040280048,0.062270246,0.5714683,70.39185,27.988749,7.1988864,98.26539
2007.4199,0.27909055,0.1517346,0.03453389,0.05349732,0.49691215,69.98262,27.674068,7.1723804,103.700935
2007.431,0.27329385,0.14929913,0.03752473,0.05435528,0.4918399,69.92008,27.715597,7.1679497,94.60582
2007.3815,0.2299549,0.12259538,0.024217343,0.041051507,0.4328284,68.336754,26.152063,7.0645213,66.839584
2007.4122,0.29636535,0.1608324,0.033901237,0.055820573,0.52567494,70.25541,27.81555,7.190488,113.171974
2007.3528,0.30268288,0.16764994,0.03546781,0.05427825,0.5560755,70.50406,28.354176,7.225546,134.44595
2007.3475,0.35824567,0.21194819,0.052310057,0.07490511,0.71997184,71.48502,29.684744,7.252574,112.48967
2007.4604,0.22182326,0.115948536,0.02554362,0.039155297,0.412348,68.17254,25.88113,7.0557265,70.11999
2007.445,0.22831856,0.12053327,0.026974836,0.041263726,0.4241428,68.38848,26.13608,7.0692515,71.313934
2007.5099,0.2455702,0.12988323,0.03301186,0.046103235,0.4414,69.04948,26.69533,7.11364,88.850746
2008.2766,0.5561629,0.36055887,-0.047241226,0.14922483,1.0211141,77.37191,43.447845,7.320465,1362.969
2007.4095,0.31904256,0.17368127,0.038020104,0.06223081,0.58442044,70.412125,27.910873,7.2004495,102.90663
2007.3997,0.26914707,0.14503776,0.02908714,0.049121734,0.48195758,69.54447,27.189579,7.143933,100.03025
2007.3837,0.34270874,0.1867148,0.037286937,0.066107415,0.634456,70.62756,27.986286,7.213014,105.607765
2007.5441,0.20758004,0.10457661,0.02344759,0.034177184,0.3799236,67.73978,25.267073,7.030014,74.19985
2007.3542,0.23755762,0.12731798,0.015141359,0.035910178,0.3821716,69.45454,27.099888,7.134473,135.65903
2007.4094,0.2599877,0.14069344,0.031730216,0.049326014,0.47271153,69.38051,27.145773,7.1328263,88.008415
2008.3602,1.3349367,0.89404064,0.22246513,0.30318463,2.536973,81.51014,45.06603,7.4735394,1287.2041
2007.352,0.35783654,0.20990005,0.050435934,0.07537038,0.70775163,71.43617,29.496243,7.2438717,106.17013
2007.4191,0.26334438,0.14313401,0.034324218,0.05122066,0.47820637,69.55204,27.349007,7.1439185,88.39555
2007.426,0.2814592,0.15341529,0.036190014,0.054737896,0.5006865,70.09821,27.808323,7.179864,104.17082
2007.5583,0.38303494,0.22836563,0.06100439,0.07673482,0.7488202,72.60458,30.631887,7.323292,182.20937
2007.386,0.23336755,0.12473751,0.0254306,0.042190522,0.43757296,68.466606,26.28387,7.0729914,68.839424
2007.4178,0.26411572,0.14347196,0.033984385,0.051138643,0.4789157,69.56218,27.346539,7.144623,89.54029
2007.3331,0.27420577,0.1649299,0.07785612,0.046078794,0.6721848,70.46829,30.523924,7.3817935,184.64969
2007.3975,0.26952678,0.14510891,0.028520165,0.048860405,0.48207027,69.536964,27.167362,7.1434917,101.04461
2007.4164,0.26819322,0.14559275,0.03359223,0.05148137,0.4834956,69.65971,27.407255,7.151113,94.00717
2007.4752,0.22904398,0.12019318,0.027808504,0.041269977,0.42121935,68.43896,26.129017,7.0733137,75.77707
2007.305,0.41194353,0.26507828,0.09386237,0.083101615,0.95943433,72.39886,32.146347,7.3603206,159.98006
2007.4124,0.28010336,0.15180315,0.032512482,0.05251881,0.49691215,69.94666,27.58806,7.170201,106.98068
2007.3918,0.2523359,0.13541302,0.027005455,0.045664042,0.46088818,69.02666,26.744925,7.1098843,85.78538
2007.4166,0.29646719,0.16121118,0.035373896,0.056711044,0.52847064,70.26862,27.859938,7.1912174,109.90111
2007.577,0.19924767,0.098346375,0.021887397,0.031378597,0.36305702,67.47354,24.925468,7.0137076,74.44045
2007.3958,0.24129349,0.12966694,0.028056512,0.04472981,0.4484787,68.76218,26.579914,7.0922856,73.7006
2007.3954,0.4540594,0.28826937,0.10180682,0.087301835,0.9818171,73.112206,32.342937,7.373782,191.9387
2007.4908,0.26913184,0.14551912,0.038990594,0.053483866,0.47923258,69.863594,27.578667,7.1656823,98.23888
2007.405,0.28748143,0.15534161,0.030547297,0.052444845,0.50445676,70.08386,27.631958,7.17947,116.47972
2007.5297,0.2806552,0.15609773,0.039438818,0.0556039,0.46901026,70.81809,28.497978,7.2073135,134.42226
2007.4076,0.33991987,0.18554282,0.041959256,0.068219505,0.63875955,70.55766,28.00308,7.209689,93.12962
2007.4016,0.2755547,0.1486443,0.029620478,0.050295852,0.4898343,69.7337,27.345394,7.156398,105.75314
2007.4313,0.26922318,0.14710759,0.037604332,0.053840697,0.4870832,69.81296,27.638594,7.1608553,90.498184
2007.4694,0.26287186,0.14207315,0.03684208,0.051713463,0.47270575,69.6254,27.373516,7.149735,92.145905
2007.38,0.2691835,0.14380218,0.023816181,0.046212807,0.4788839,69.38057,26.913366,7.133609,106.01178
2007.4197,0.36569428,0.21493122,0.053023532,0.07599855,0.7157536,71.7881,29.779654,7.265555,127.76728
2007.4294,0.24480018,0.13153152,0.031108977,0.0464429,0.4509094,68.95609,26.756517,7.1054745,77.57231
2008.6774,0.834843,0.5122302,-0.021692475,0.2015192,1.329683,81.48465,48.58354,7.2287226,1908.7478
2008.5884,1.259136,0.8406168,0.16430455,0.28883994,2.338759,82.047554,47.02722,7.418809,1636.9175
2007.1943,0.30517069,0.18967757,0.07446635,0.06731474,0.7359612,70.546844,30.40235,7.2892447,84.309685
2007.4258,0.3147821,0.1724095,0.042419467,0.06409197,0.5823907,70.427185,28.049349,7.2010136,93.3631
2007.7104,0.18436152,0.085230835,0.020669686,0.025844818,0.323046,67.059296,24.232382,6.990518,84.956116
2007.8628,0.61094177,0.4023746,0.068352684,0.1391899,1.2373366,75.40253,36.569633,7.4504166,580.0979
2007.5662,0.2385773,0.123892166,0.03230534,0.043549456,0.42345083,68.849625,26.376842,7.102237,92.92639
2007.4376,0.23692635,0.12625827,0.029149005,0.04396352,0.43802732,68.68552,26.459322,7.088227,74.67916
2007.4647,0.24544369,0.13100387,0.03202722,0.04638765,0.4471915,69.00785,26.740828,7.109754,82.67975
2007.4375,0.27485523,0.15056412,0.039276067,0.055537723,0.49471796,70.01691,27.838753,7.174183,94.17147
2007.3531,0.35685351,0.20715727,0.048054166,0.075881004,0.6927845,71.35603,29.255213,7.2321987,97.32174
2007.4357,0.27174258,0.1486667,0.038534116,0.054682326,0.4904667,69.91004,27.73556,7.1672125,92.08917
2007.4685,0.2662655,0.14427376,0.037743904,0.052762672,0.4778986,69.74424,27.498596,7.157385,93.75958
2008.0656,0.62532455,0.41474062,0.012560749,0.15513217,1.2032567,76.68996,41.01367,7.39859,1035.3102
2007.5364,0.24211168,0.12695564,0.0326344,0.044849735,0.43269926,68.94954,26.539291,7.107894,90.68631
2007.3823,0.21498017,0.11363725,0.022043834,0.037611578,0.41245744,67.86713,25.717579,7.0339355,56.06278
2007.3136,0.26635584,0.15779212,0.06059332,0.04389727,0.5920552,70.44971,29.927324,7.3275833,178.02217
2007.3918,0.26874593,0.14432074,0.026991202,0.047907997,0.48024487,69.46811,27.071457,7.139087,101.998505
2007.4279,0.3851763,0.24311793,0.077621676,0.077509165,0.869243,72.49021,31.75771,7.3631306,182.32227
2007.424,0.3102672,0.16968231,0.04083369,0.062361978,0.56936157,70.3894,28.007221,7.1986694,97.10499
2007.4462,0.2420604,0.1293243,0.03072139,0.045480013,0.44457415,68.87345,26.637575,7.1005874,78.457344
2007.4257,0.32409865,0.17775789,0.0444272,0.06691251,0.6070747,70.494286,28.09805,7.2052546,88.44595
2007.3524,0.23257232,0.122163974,0.016438099,0.037110113,0.4313175,68.163895,25.795542,7.053851,78.19792
2007.3293,0.24101062,0.13620517,0.030532843,0.03623557,0.42409986,70.22264,28.640131,7.231292,174.04683
2007.6302,0.24591956,0.12689789,0.035644565,0.045347236,0.42595038,69.16105,26.574253,7.1240435,105.336945
2007.4579,0.24291116,0.12956049,0.03119698,0.04565817,0.4443059,68.91301,26.655775,7.10345,80.46511
2007.3867,0.28028652,0.1502584,0.02560885,0.04872744,0.4930463,69.735634,27.228994,7.1569204,114.94863
2007.4902,0.23466025,0.12340129,0.029644003,0.042889655,0.42765468,68.64906,26.31793,7.087272,80.651764
2007.4392,0.27851003,0.15265185,0.039708804,0.056278467,0.4992868,70.12887,27.93438,7.1815457,97.29071
2007.4047,0.27235907,0.1471079,0.030455617,0.050319023,0.48655704,69.673775,27.32554,7.152352,101.65704
2007.461,0.2357315,0.12486394,0.029321363,0.04342746,0.43311602,68.66283,26.389444,7.087388,77.258804
2006.7646,0.38596535,0.26989433,0.14029822,0.09108474,1.0123076,70.72785,32.69425,7.2662997,-5.5540104
2007.4846,0.22441854,0.11697093,0.026755625,0.039779983,0.41303197,68.28386,25.949238,7.0635543,74.71037
2007.6067,0.23964088,0.1234949,0.033447515,0.043585896,0.41966918,68.92049,26.370714,7.107889,98.95514
2007.4148,0.3321965,0.1816247,0.042630427,0.06726529,0.62236315,70.52213,28.03331,7.207273,92.026505
2007.5182,0.24140409,0.12698501,0.032060277,0.044762302,0.43404615,68.90965,26.533573,7.1048374,87.869064
2007.4385,0.24328513,0.13031626,0.030890463,0.045911867,0.44743246,68.91023,26.690966,7.102756,78.034836
2007.4216,0.2617148,0.14241168,0.035006937,0.051374458,0.476687,69.52951,27.352377,7.142361,86.01701
2007.4243,0.27824932,0.15155727,0.0357074,0.054030616,0.4966132,69.99667,27.718946,7.173195,101.54695
2007.5038,0.2637608,0.14172657,0.0378082,0.05174001,0.46947253,69.685074,27.367785,7.1545024,97.2586
2007.4015,0.27222073,0.1468267,0.029590467,0.04982176,0.48588225,69.64299,27.277325,7.1504,102.49632
2007.6504,0.39234757,0.234832,0.06451712,0.077081434,0.7573134,73.09675,31.057884,7.3540473,214.02957
2007.4138,0.26414424,0.14323293,0.032915857,0.050551835,0.4783176,69.529526,27.290964,7.1425676,90.77364
2007.3518,0.3192434,0.1804327,0.051117454,0.05967542,0.6449817,70.68776,29.02106,7.274868,133.89856
2007.462,0.30426064,0.17154479,0.04188777,0.06251265,0.53565824,70.98841,28.728117,7.2146277,118.3317
2007.442,0.21280816,0.11065249,0.02271313,0.036516014,0.40128922,67.839806,25.57178,7.0337586,63.03937
2007.4216,0.3015983,0.16452745,0.038158163,0.0592591,0.54498786,70.32002,27.9375,7.194343,103.470726
2007.408,0.27394745,0.14817584,0.03131808,0.05101378,0.4889414,69.74353,27.402533,7.156881,102.25188
2007.4178,0.27441388,0.14906248,0.033977404,0.052547924,0.49106422,69.83928,27.551558,7.1629534,99.71263
2007.4097,0.26771137,0.14490134,0.031787843,0.05041774,0.4818602,69.590294,27.302841,7.1466985,95.566864
2007.4652,0.24188685,0.12870589,0.031075308,0.045290276,0.44179103,68.88302,26.61008,7.101711,80.945274
2007.4141,0.27529332,0.14930071,0.03297254,0.052113086,0.4915079,69.83153,27.5163,7.162539,101.71411
2007.4016,0.33285093,0.18103932,0.038418695,0.0648841,0.61651844,70.489395,27.905148,7.2055216,101.33385
2007.3971,0.2768967,0.14908747,0.028421452,0.049817152,0.49070907,69.73234,27.309162,7.1564255,108.43023
2007.497,0.2738252,0.14837053,0.040389657,0.054883253,0.48545882,70.033905,27.743647,7.176837,101.44626
2007.4292,0.29952806,0.16389418,0.0402267,0.06012246,0.54388106,70.326744,28.002695,7.194585,98.9868
2007.4172,0.28355253,0.15398549,0.033811223,0.05371009,0.50175023,70.08017,27.72509,7.1789045,108.92023
2007.5938,0.3365845,0.19417249,0.0416641,0.06711145,0.5515271,72.36407,29.747654,7.264672,178.42223
2007.6052,0.23589672,0.12113076,0.03240208,0.04244547,0.41425726,68.787384,26.235369,7.099258,96.85054
2007.4084,0.2537583,0.13725033,0.03147686,0.048331134,0.46521056,69.204834,27.008219,7.1212306,82.14558
2007.5253,0.22896482,0.11880814,0.028842153,0.040886734,0.41446087,68.47743,26.070477,7.0771284,82.51632
2007.4357,0.21229377,0.110491015,0.022440387,0.036403283,0.4013583,67.816475,25.559998,7.032084,61.92055
2007.4053,0.2804536,0.16776523,0.089492775,0.049540393,0.7022034,70.638016,30.834785,7.4164376,186.8836
2007.6782,0.24390753,0.124328025,0.036110353,0.04438485,0.41657546,69.129715,26.44733,7.123296,110.80874
2007.3977,0.28477725,0.15339959,0.028558815,0.050974496,0.50009006,69.948845,27.47355,7.170734,116.05359
2007.549,0.3690646,0.2142439,0.05108893,0.075477116,0.67380655,72.29943,29.87744,7.2807713,158.04106
2007.3553,0.23207586,0.12207885,0.017212594,0.03747015,0.43118957,68.17475,25.826332,7.0544934,76.83429
2007.4176,0.2548948,0.13832909,0.033592492,0.049631536,0.46760884,69.301834,27.139082,7.127476,81.09352
2007.3906,0.25643405,0.13755977,0.026675241,0.046043858,0.46552917,69.126686,26.809307,7.1165333,90.20276
2007.3519,0.25138265,0.13743974,0.020072678,0.03902996,0.39973408,70.19793,27.968658,7.189749,159.35347
2007.4102,0.31248373,0.16995144,0.036767174,0.060340274,0.5673224,70.366264,27.88144,7.1975393,106.01234
2007.4097,0.26313388,0.14241882,0.031801283,0.049797032,0.47646624,69.46745,27.212254,7.138571,91.03358
2007.4214,0.34040678,0.1940149,0.04607553,0.072350964,0.628622,71.307365,29.007967,7.2276154,103.83172
2007.4081,0.21658465,0.11398035,0.023021651,0.03792004,0.41144237,67.944885,25.747633,7.03964,60.369053
2007.4,0.2678602,0.14436571,0.029199446,0.049007233,0.48050535,69.513336,27.169815,7.141862,98.63347
2007.422,0.34561095,0.19751954,0.04649538,0.07361627,0.63862664,71.41802,29.104156,7.231748,105.37483
2008.738,1.0164549,0.64962023,0.04883699,0.23506321,1.715793,82.15343,48.518208,7.3094797,1904.0525
2007.3519,0.35367364,0.19867101,0.049174726,0.076951,0.69449353,70.75169,28.481588,7.2105327,64.37896
2007.4204,0.2661915,0.1447671,0.034689527,0.05181331,0.48178226,69.64014,27.424984,7.14971,90.79368
2007.3933,0.28934717,0.15581323,0.027248321,0.05077371,0.4999005,70.13696,27.608631,7.182874,126.56787
2008.6249,1.2566285,0.83997244,0.1583312,0.28931186,2.3339698,82.146164,47.370964,7.4116554,1693.8918
2007.3735,0.33464277,0.18817228,0.046942703,0.07204951,0.64213526,70.713745,28.494678,7.206574,75.70306
2007.3988,0.24836886,0.13370293,0.02887042,0.046150666,0.4573095,68.97817,26.763788,7.106493,79.76613
2007.3785,0.2406959,0.12824446,0.023446357,0.042099196,0.4450477,68.601875,26.325777,7.0821347,78.310936
2007.4165,0.25982812,0.14105606,0.03361654,0.050346926,0.47363853,69.43522,27.241697,7.13626,85.7232
2007.4338,0.28198883,0.15419814,0.03826944,0.05596013,0.502541,70.17752,27.928139,7.184906,102.34796
2007.6097,0.3238865,0.18742062,0.03995813,0.063683406,0.5130899,72.41034,29.82752,7.265567,189.53168
2007.4181,0.29734257,0.16182536,0.0360682,0.057275705,0.53167033,70.27928,27.879799,7.191854,108.31776
2007.4169,0.2727515,0.14810194,0.033734567,0.052185554,0.4889589,69.78691,27.505644,7.1595135,98.34574
2007.6251,0.39524028,0.24189977,0.06970114,0.07698377,0.80211323,73.17427,31.572485,7.375212,227.22708
2007.3264,0.5530182,0.35176906,0.13735665,0.10237767,1.1281339,73.76742,32.970005,7.371369,200.71703
2007.015,0.38873965,0.26153836,0.11689651,0.08750724,0.98662025,71.35349,32.367165,7.3108883,61.576878
2009.3397,1.2896305,0.8947884,0.069833025,0.32215965,2.4699574,84.18408,54.355377,7.2852945,2817.8953
2007.535,0.39782363,0.25003278,0.07970654,0.07785016,0.8673878,73.03191,32.06481,7.3896813,217.09671
2007.4337,0.2708752,0.14815727,0.03824502,0.054421574,0.48941162,69.87748,27.705204,7.165061,91.40607
2007.6293,0.34200966,0.19741164,0.041671593,0.067472965,0.5537936,72.56891,29.860374,7.272938,190.56519
2008.6127,1.4710705,1.0156486,0.23435625,0.35058048,2.9333594,82.392555,47.91813,7.4496937,1697.0294
2007.5059,0.2411628,0.12715755,0.031736035,0.044776212,0.43531412,68.89104,26.538403,7.1033087,86.08289
2008.1256,1.1119418,0.72209257,0.18084636,0.23564933,1.9955968,80.00518,41.849243,7.4945908,941.5536
2007.4224,0.2725392,0.14833222,0.03518556,0.052958574,0.48956636,69.826584,27.577644,7.161995,96.49948
2007.446,0.26806146,0.14602695,0.03775573,0.053476263,0.4835761,69.78894,27.58934,7.1596713,91.62289
2007.5023,0.24972942,0.13275579,0.033978365,0.047436357,0.44863787,69.18971,26.85595,7.12249,89.93678
2007.4126,0.2847354,0.1543356,0.03258434,0.05319416,0.5024208,70.07364,27.68422,7.1785936,111.471596
2008.0977,1.0555896,0.6861751,0.16640429,0.2213665,1.8923253,79.54139,41.288776,7.4970264,919.4489
2007.4711,0.27725595,0.15126453,0.040772088,0.05612398,0.4940396,70.133354,27.89801,7.1825666,99.67679
2007.4575,0.25195888,0.1353807,0.03363834,0.048442855,0.45791802,69.23132,26.987303,7.1239853,85.00514
2007.5851,0.2336045,0.12019519,0.031357408,0.041884955,0.4134907,68.69008,26.173857,7.092442,92.962036
2007.3661,0.2528684,0.13405374,0.020084044,0.041910782,0.45742422,68.824486,26.39189,7.097191,94.11815
2007.4106,0.25820887,0.13980842,0.032070015,0.049269766,0.47081327,69.34323,27.128147,7.1303277,85.869385
2007.3868,0.32584032,0.18294054,0.054133214,0.062338088,0.6564303,70.77592,29.025839,7.2813835,130.65924
2007.3865,0.28002423,0.15010417,0.025559234,0.04866402,0.49270746,69.72702,27.221155,7.1563554,114.74569
2007.3752,0.31294695,0.17884354,0.061322324,0.05860107,0.6623514,70.74346,29.488878,7.3113604,144.88205
2007.3491,0.2196834,0.114952095,0.0155446585,0.03484754,0.4155794,67.788864,25.491539,7.029131,66.48394
2006.7677,1.2370789,0.88651985,0.39795318,0.3105729,2.7665694,75.83545,40.71314,7.307408,222.09409
2007.3783,0.23245928,0.12375066,0.023357904,0.040920038,0.43527552,68.37731,26.156857,7.0672884,70.28099
2007.3765,0.36105055,0.21269423,0.05221136,0.07542204,0.7158906,71.592705,29.683788,7.2558627,117.14542
2007.4198,0.31139928,0.17003222,0.039719053,0.06189964,0.5699955,70.385864,27.97207,7.1985455,99.52034
2007.3496,0.27973816,0.16701134,0.07778002,0.04809742,0.6758295,70.52762,30.452444,7.3790846,180.35214
2007.4207,0.28877288,0.1570807,0.035013977,0.05515092,0.51034504,70.22438,27.858961,7.188326,111.08313
2007.4857,0.24002118,0.12696315,0.031000966,0.04457011,0.43628398,68.83417,26.519089,7.0991006,82.76613
2007.3557,0.35635972,0.19979043,0.049307194,0.0773451,0.6999357,70.762794,28.46115,7.2121053,64.86156
2007.6952,0.2104242,0.1023768,0.027401408,0.033968613,0.3641495,67.96446,25.203241,7.0485334,96.10132
2007.4335,0.36830518,0.21854554,0.055775072,0.07566569,0.73125005,71.93823,30.062786,7.2809963,140.59328
2007.3721,0.26637635,0.14426069,0.021250335,0.04353512,0.4285785,70.24649,27.821844,7.1863327,148.89163
2007.3984,0.3661983,0.19998392,0.044702306,0.07444486,0.70329976,70.721794,28.052177,7.220277,85.73565
2007.4363,0.27339947,0.14968961,0.0389235,0.055143043,0.4927916,69.96668,27.791195,7.1708946,93.13227
2007.5812,0.36162087,0.20997621,0.04881495,0.07296024,0.6396095,72.43486,29.942167,7.2825785,171.99055
2007.4355,0.28321555,0.15497565,0.038737047,0.056386974,0.504265,70.22518,27.977173,7.1880126,103.031364
2007.4222,0.2729799,0.14856534,0.035159547,0.053004663,0.49007097,69.83764,27.585068,7.162729,96.963806
2007.9099,2.5131106,1.8583784,0.6312514,0.6366641,5.7771754,82.592094,48.7161,7.688963,1125.2931
2007.5366,0.25061938,0.1324107,0.0349441,0.047463432,0.44541043,69.249405,26.850292,7.1272573,95.04572
2007.9546,0.91508126,0.59973204,0.12816386,0.19764307,1.701718,78.11059,40.13803,7.4679217,827.0356
2007.4153,0.25596967,0.13888586,0.033301886,0.0496435,0.46889922,69.32147,27.148212,7.128767,82.26973
2007.4069,0.33420134,0.18219674,0.0404407,0.066318646,0.62311,70.514015,27.964535,7.2069516,96.78247
2007.4202,0.25968775,0.14121841,0.03461829,0.050881457,0.47406527,69.462776,27.29153,7.1379843,84.45469
2007.4081,0.27312788,0.14774401,0.031373624,0.05093202,0.48800713,69.7232,27.389107,7.1555305,101.38038
2007.4105,0.26816076,0.14520006,0.03201741,0.050606318,0.4825262,69.60957,27.323864,7.147951,95.751434
2007.3657,0.21556008,0.11377312,0.019995807,0.036742426,0.41334537,67.81707,25.643171,7.030559,57.393314
2007.4054,0.3373908,0.18392542,0.040664487,0.06700957,0.6307534,70.533,27.967194,7.208185,96.127075
2007.478,0.35593548,0.20395042,0.04627064,0.074673556,0.6427196,71.81495,29.339891,7.246346,125.863754
2007.3514,0.23293337,0.12540883,0.013797415,0.034142118,0.3577636,69.68848,27.363018,7.148447,149.70158
2007.6605,0.26032704,0.13534606,0.040180508,0.049560964,0.44354582,69.69329,27.06798,7.1591983,116.732475
2007.6759,0.26295754,0.13662563,0.041216534,0.05025959,0.44545025,69.79859,27.147161,7.166404,120.14869
2007.888,0.5409796,0.35574496,0.054061677,0.1255992,1.1190829,74.91482,35.8802,7.4500628,546.3357
2007.4395,0.273115,0.1494479,0.0389848,0.055077378,0.4920256,69.96147,27.781607,7.170632,93.29423
2007.3909,0.24962838,0.13388224,0.026751408,0.045152053,0.4575429,68.9458,26.677576,7.1045604,83.39951
2007.4316,0.26716807,0.14583473,0.037212208,0.05330418,0.48413536,69.745674,27.572556,7.1564984,89.23116
2007.4196,0.31632492,0.17284161,0.040697593,0.0633417,0.5829015,70.42062,27.99531,7.2007484,97.1046
2007.4153,0.3009714,0.1637043,0.035924982,0.05782605,0.5396739,70.297455,27.870798,7.19307,108.454315
2007.4288,0.2751864,0.15018848,0.036943853,0.05429386,0.49372977,69.95287,27.722822,7.170176,97.12902
2007.4508,0.2055585,0.105761744,0.020936625,0.034223635,0.38925153,67.59178,25.296663,7.0179844,60.556103
2007.4142,0.28313065,0.15356253,0.03299728,0.053202238,0.50077116,70.04334,27.67391,7.176549,109.42186
2007.463,0.26928547,0.14635931,0.03844581,0.053730577,0.48315313,69.84608,27.615215,7.1638117,94.54906
2007.4272,0.3194657,0.17521043,0.04393688,0.065810986,0.5956844,70.465294,28.08919,7.2033844,89.76441
2007.4851,0.27164832,0.14728855,0.039550517,0.054298896,0.48376817,69.94747,27.677156,7.1709433,98.73629
2007.4596,0.2260739,0.11870099,0.026676247,0.040468417,0.4188332,68.321526,26.037634,7.0653195,72.16078
2007.4077,0.26487756,0.14323616,0.031257406,0.04973563,0.47820237,69.49739,27.218452,7.140605,93.3681
2007.1473,0.28360853,0.18623456,0.094173275,0.062854186,0.7863323,70.371506,31.445404,7.348413,97.56989
2007.439,0.26466835,0.14403489,0.036689408,0.05248323,0.47942,69.663666,27.472961,7.151399,88.95156
2007.4552,0.25201005,0.13547547,0.033603206,0.048475236,0.45830277,69.23121,26.991756,7.123916,84.716354
2007.4497,0.2579586,0.13944022,0.03509907,0.05034323,0.46793973,69.43622,27.215488,7.137004,86.99936
2007.4005,0.25478536,0.13730045,0.029345537,0.04729382,0.46516243,69.16582,26.916721,7.1188593,85.56336
2007.4996,0.22345927,0.11595635,0.026811091,0.03937782,0.4096108,68.262405,25.897509,7.062567,76.248604
2007.3947,0.26571062,0.14285542,0.027759368,0.047916144,0.47711718,69.4104,27.051281,7.135195,98.13612
2007.4034,0.261721,0.14125268,0.030126357,0.048677206,0.47380865,69.37701,27.096073,7.132753,91.528336
2007.691,0.6522087,0.41097882,0.119078785,0.13218053,1.306336,75.24336,33.877167,7.409348,328.94275
2007.3988,0.25917244,0.13957226,0.02888148,0.04763929,0.47006515,69.26944,26.979837,7.1257596,90.41702
2007.3846,0.2557187,0.13679335,0.025088252,0.045068365,0.4637466,69.05778,26.711658,7.112131,91.28678
2007.4268,0.26775393,0.14601868,0.03638225,0.05296348,0.4846268,69.73516,27.545082,7.1558294,90.426476
2007.41,0.26781827,0.14498274,0.03188597,0.05048665,0.48204422,69.596245,27.31013,7.1470823,95.5617
2007.4154,0.2767354,0.15017177,0.03334192,0.052515175,0.49342805,69.88191,27.564468,7.165836,102.72078
2007.379,0.22874704,0.12178685,0.02357638,0.040531415,0.43102401,68.28418,26.0943,7.061106,66.370445
2007.4167,0.26371387,0.14318211,0.03368371,0.05091727,0.47826377,69.541954,27.322723,7.143314,89.48266
2007.5619,0.2568063,0.13571216,0.037150014,0.04918511,0.45134217,69.48805,27.0487,7.1433306,101.5975
2007.3789,0.2504051,0.13353863,0.023537824,0.0434821,0.45655942,68.86619,26.524223,7.0996103,87.79097
2007.4143,0.3204894,0.17485258,0.039875023,0.06358325,0.59094054,70.43582,27.965084,7.201834,98.72097
2007.43,0.2829598,0.15448758,0.037270904,0.05554136,0.50309646,70.17243,27.895039,7.1846676,104.43262
2007.5039,0.67285526,0.42555264,0.14669193,0.1278938,1.321281,75.05672,33.85723,7.394797,289.47235
2007.5645,0.20932366,0.105152614,0.024349561,0.03456705,0.37983128,67.81799,25.308208,7.0356054,77.84737
2007.6582,0.39554644,0.23812714,0.06682933,0.07724696,0.7731306,73.194855,31.25344,7.3652396,221.68906
2007.1616,0.3919703,0.25765538,0.10389446,0.085338466,0.97125083,71.74224,32.188293,7.3370934,102.54841
2007.5148,0.38263947,0.2335528,0.06668324,0.07595523,0.78965867,72.601974,31.101938,7.3412213,189.0175
2007.412,0.34099454,0.18648292,0.043654524,0.06941218,0.6441552,70.577995,28.052944,7.2108674,89.31656
2007.4113,0.2704661,0.14650051,0.03222148,0.05103547,0.48536727,69.67804,27.380566,7.15246,97.7967
2007.3922,0.36188126,0.19739456,0.042376533,0.07235613,0.68875915,70.70421,28.02174,7.218871,91.71325
2007.3518,0.246912,0.13479608,0.018919202,0.037749626,0.38798165,70.14541,27.915041,7.1855216,160.41725
2008.4236,1.0299878,0.653739,0.10342762,0.22466692,1.7424499,81.114334,45.06157,7.3943443,1398.9546
2007.4143,0.27644387,0.14993764,0.03302356,0.05229918,0.49289572,69.864105,27.541927,7.164689,102.79221
2007.4906,0.38264292,0.23525262,0.06887347,0.076288335,0.80642617,72.54949,31.220125,7.344187,185.65132
2007.5099,0.27195266,0.14682415,0.04015471,0.054214973,0.48094052,69.9786,27.660776,7.17361,102.2436
2007.4144,0.2759462,0.14967926,0.033073254,0.052258357,0.49233788,69.85226,27.534615,7.163901,102.24497
2007.8373,0.95169544,0.602441,0.18623434,0.18839525,1.7706488,77.8629,36.44328,7.448437,494.09692
2007.5044,0.70227224,0.4454921,0.15905128,0.13430093,1.3692908,75.263466,34.213314,7.398579,300.12436
2008.2665,0.535782,0.35011634,-0.0486914,0.14551914,0.99569046,77.09816,43.12171,7.3346972,1328.466
2007.3828,0.33674252,0.18339223,0.036037907,0.06434454,0.6183901,70.59714,27.972647,7.2108984,108.96492
2007.4133,0.27612388,0.14970055,0.032757625,0.052108254,0.4923609,69.84717,27.521574,7.163595,102.77633
2007.3943,0.3621708,0.21156678,0.050783817,0.07602591,0.7048404,71.61135,29.544748,7.2511325,114.85915
2007.4178,0.2693537,0.14632079,0.034003202,0.05186781,0.48510805,69.70382,27.451992,7.1539903,94.68904
2007.3854,0.23627266,0.12627442,0.025259936,0.04249482,0.4409003,68.5395,26.332844,7.07783,71.89938
2007.4108,0.36530632,0.20037273,0.04859019,0.07659256,0.7080403,70.75047,28.170855,7.2217917,77.15834
2007.4138,0.35538295,0.19488737,0.047409203,0.07415571,0.6834156,70.68724,28.147926,7.2177253,80.272354
2007.9432,0.6512331,0.43833998,0.044631656,0.15617044,1.2883784,76.15069,39.477997,7.4501286,834.2144
2007.5327,0.23396535,0.12182026,0.030353235,0.04237073,0.42096585,68.65968,26.24517,7.0890903,86.06511
2007.572,0.5388391,0.3396826,0.10609435,0.10651846,1.1102058,74.161964,33.01435,7.395122,264.6086
2007.4205,0.30461612,0.16618118,0.038451992,0.05996146,0.55236274,70.338684,27.942497,7.195549,102.66859
2007.8503,0.20790601,0.09161035,0.026052462,0.024038324,0.2964993,66.96443,23.353125,6.9556985,102.5921
2007.4099,0.3575214,0.19583055,0.046581756,0.07403971,0.68683845,70.69156,28.120161,7.2180924,82.000626
2007.406,0.3213522,0.17474888,0.03734788,0.06223677,0.5885028,70.418686,27.887579,7.2009497,104.28214
2007.4625,0.22148818,0.11567985,0.02549521,0.039037876,0.41157946,68.16239,25.866634,7.055125,70.22179
2007.4153,0.32638514,0.17831618,0.041503336,0.06558015,0.6071841,70.48135,28.00672,7.2046866,94.81589
2007.3293,0.3546413,0.20333079,0.046791065,0.07698696,0.68591386,71.11021,28.917809,7.2160826,76.93901
2007.4419,0.26826784,0.1462691,0.03772489,0.053569213,0.484431,69.792816,27.601465,7.159812,91.17051
2007.4115,0.2677351,0.14503233,0.03228362,0.050695077,0.48218128,69.606445,27.329363,7.147718,95.03108
2007.4005,0.22676058,0.12071571,0.025617657,0.041102905,0.4276942,68.297035,26.128399,7.062169,64.512794
2007.787,0.61975193,0.39135844,0.10112354,0.12990756,1.2531743,75.200294,34.04119,7.421525,366.63126
2007.54,0.28243172,0.15860622,0.038776703,0.055629615,0.4615886,71.09066,28.76238,7.216988,146.50262
2007.3834,0.2286159,0.12199231,0.02473815,0.04115568,0.43155625,68.316986,26.152723,7.0631623,64.93053
2007.5323,0.2542222,0.13483877,0.03582892,0.048602,0.4513805,69.37274,26.986914,7.1351037,96.29239
2007.4077,0.3160862,0.17184573,0.036756244,0.060964394,0.57549644,70.38544,27.876472,7.1988087,105.85688
2008.4089,0.4978939,0.31838697,-0.08744661,0.14301121,0.8854372,77.647705,44.841965,7.2780905,1556.5421
2007.4023,0.25980857,0.14013974,0.02981378,0.048241973,0.47136703,69.315735,27.041508,7.1287303,89.9933
2007.3878,0.22997293,0.12301617,0.02594296,0.04200795,0.43386993,68.39122,26.24309,7.0679545,64.91099
2007.3824,0.2602783,0.13912463,0.024480598,0.045358125,0.468768,69.16155,26.77067,7.1190557,96.472725
2008.1908,0.9182584,0.5906394,0.09194587,0.20322657,1.6297915,79.35697,42.800785,7.404106,1157.7474
2007.3652,0.2201002,0.11620522,0.019855859,0.037288073,0.4186203,67.93495,25.726368,7.0383706,62.03245
2007.424,0.25261232,0.13669455,0.03310809,0.04888432,0.46334767,69.22668,27.048512,7.122793,80.79294
2007.4117,0.2470145,0.13342421,0.03133619,0.047250383,0.456571,69.01951,26.857183,7.109098,76.30413
2007.4165,0.34336334,0.18816921,0.045643385,0.07100537,0.6530053,70.60777,28.110018,7.212642,84.78788
2007.4,0.28648612,0.15448141,0.02920487,0.05156614,0.50248843,70.01507,27.541576,7.175051,117.011604
2007.3958,0.23943466,0.1286577,0.028057138,0.04447509,0.44628558,68.71214,26.542875,7.0889754,71.86516
2007.5497,0.3746963,0.21837029,0.05359237,0.076604195,0.6967712,72.348335,29.999922,7.28919,159.83833
2007.4384,0.3673549,0.21502383,0.052625123,0.076401934,0.71103,71.84589,29.745129,7.2660217,129.50839
2007.3833,0.26067784,0.13939574,0.024707923,0.04553862,0.46937388,69.17942,26.790583,7.1202154,96.61063
2007.6847,1.263624,0.8247876,0.29993778,0.27960995,2.4426272,79.36031,39.958523,7.423981,489.40012
2007.395,0.24291109,0.1304991,0.027862312,0.044844415,0.45027283,68.79966,26.60197,7.0947843,75.5162
2008.0137,0.16858502,0.12785958,-0.05913564,0.051513035,0.2540206,72.92437,35.037193,7.3962955,679.165
2007.5299,0.21373253,0.10890306,0.024816202,0.03616995,0.39101428,67.94483,25.50789,7.042875,75.41395
2006.997,0.28613722,0.19774675,0.09937915,0.06984639,0.8406965,70.21769,31.878248,7.3161902,50.52994
2007.3182,0.45775783,0.29266497,0.10590166,0.08884809,1.0119518,72.888565,32.361248,7.3640184,173.14818
2007.5448,0.241425,0.12628864,0.032627266,0.044577792,0.43054503,68.93234,26.504734,7.10701,91.486496
2007.4222,0.33861986,0.19285707,0.04590045,0.07189098,0.62461597,71.280304,28.984377,7.2265787,103.91497
2007.4022,0.267713,0.14442544,0.029785952,0.04931126,0.48067835,69.52772,27.197695,7.1427555,97.826584
2007.5953,0.20815472,0.1035792,0.02468373,0.03398631,0.37398458,67.80228,25.231117,7.0354114,81.43474
2007.417,0.23005353,0.12239383,0.026854241,0.04199799,0.43045795,68.4265,26.230705,7.0709605,68.401566
2007.4078,0.28458062,0.15394084,0.031279746,0.052451707,0.5014667,70.02866,27.612589,7.1757464,112.790375
2007.4357,0.2906876,0.15927607,0.040391296,0.05867252,0.52406204,70.28088,28.01905,7.191535,99.062805
2007.4265,0.2745554,0.14969788,0.03632271,0.05386388,0.49261788,69.91645,27.6776,7.1678276,97.2068
2007.4,0.24376148,0.13128392,0.029218683,0.045710955,0.45207834,68.86499,26.690197,7.0989723,74.82566
2007.43,0.28462294,0.15538764,0.037258014,0.05576245,0.50505143,70.21681,27.927532,7.1876044,106.088776
2007.3949,0.233981,0.1255047,0.027451882,0.043363985,0.4392751,68.5466,26.398989,7.078125,67.40297
2007.3676,0.2495291,0.13233782,0.020493226,0.04167876,0.45372552,68.74736,26.346788,7.092049,90.360565
2007.396,0.26720345,0.1437533,0.028125616,0.048323464,0.47909534,69.46206,27.100296,7.1385756,99.196465
2007.9563,0.61955327,0.4199164,0.035960153,0.15118997,1.2376496,75.913536,39.385105,7.457468,832.5881
2007.3033,0.3515818,0.20475587,0.047266625,0.075188026,0.6938523,71.13657,29.159813,7.221781,85.664986
2007.5264,0.25571412,0.13595636,0.036106657,0.04910365,0.4544105,69.42035,27.048164,7.138017,96.23894
2007.4255,0.27061695,0.14749508,0.03605353,0.05317463,0.48781106,69.80197,27.584911,7.1602817,93.623116
2007.5522,0.2379241,0.123844475,0.03183451,0.04344862,0.424322,68.81512,26.368444,7.0996394,90.70586
2007.4102,0.27301022,0.14780855,0.0319128,0.051213946,0.48818704,69.73689,27.415089,7.1563835,100.656044
2006.8568,0.8434774,0.5699118,0.2900288,0.18961464,1.7629378,74.29359,37.130455,7.3090215,138.88908
2007.3959,0.36574405,0.1995382,0.043766648,0.0738109,0.7006376,70.71131,28.024477,7.2196755,87.83323
2007.4335,0.27786103,0.15193911,0.038195953,0.055353075,0.4976264,70.064064,27.841951,7.177408,98.35659
2008.2052,0.84167546,0.539145,0.05640254,0.19229706,1.4956797,79.0584,43.218857,7.362684,1237.6539
2007.5259,0.24144173,0.12680441,0.0322324,0.044718795,0.4330836,68.91731,26.526411,7.105536,88.92869
2007.4081,0.28807375,0.15585504,0.031352505,0.052971266,0.5056319,70.12501,27.686077,7.182112,116.156105
2007.4227,0.30816594,0.16838689,0.03997715,0.061486606,0.5630915,70.3708,27.984034,7.197523,99.10927
2007.4243,0.28055516,0.15281236,0.03571985,0.054353908,0.4993417,70.05916,27.765587,7.1773267,103.80873
2007.3773,0.28555697,0.15478635,0.025425354,0.049253274,0.48115915,70.32094,27.83722,7.1920304,137.15845
2007.4312,0.33690947,0.19208576,0.04550393,0.07126165,0.6165551,71.33534,29.031696,7.2284155,108.53475
2007.4055,0.26691616,0.14420156,0.030662732,0.04968663,0.4802565,69.53368,27.227867,7.1430645,96.05104
2007.5735,0.24933246,0.13060215,0.03537236,0.04680353,0.43859378,69.23446,26.762238,7.127272,99.38306
2007.414,0.24070093,0.12931271,0.02967223,0.04529373,0.44682312,68.79894,26.62375,7.0949187,73.39076
2007.4651,0.27743414,0.15153591,0.040696178,0.05622099,0.49508783,70.13477,27.911076,7.182502,98.969505
2007.3949,0.234009,0.12552123,0.02746061,0.043372195,0.43930978,68.54763,26.399952,7.078193,67.42457
2007.4377,0.24705072,0.13275614,0.03189266,0.047075555,0.45318505,69.04217,26.829678,7.1112504,79.83516
2007.3818,0.2453145,0.13096398,0.024334306,0.043223858,0.45102307,68.75402,26.464542,7.092112,81.86794
2007.4042,0.2684572,0.14495185,0.030299397,0.049697235,0.4818602,69.56382,27.239513,7.1450934,97.981964
2007.4281,0.28068492,0.15312833,0.03675059,0.054941546,0.50010425,70.094894,27.822332,7.1795897,102.774185
2007.4171,0.28365248,0.15403423,0.0337881,0.053711016,0.50185454,70.08214,27.725866,7.179037,109.04492
2007.6143,0.24346747,0.1257498,0.034643445,0.044708017,0.42439774,69.0615,26.502306,7.1171927,101.92521
2007.0212,0.44672427,0.2891545,0.1731465,0.08153691,0.9900631,71.48532,32.543293,7.362531,110.38021
2007.3942,0.29812562,0.1608665,0.028996853,0.053266067,0.5204899,70.247246,27.69814,7.1899753,124.543594
2007.3379,0.3576914,0.20083176,0.047540374,0.07687961,0.7019107,70.76465,28.453321,7.2104826,66.661545
2007.5293,0.63027257,0.39816743,0.12921104,0.12270421,1.2649033,74.76227,33.536568,7.3914504,277.30508
2007.4175,0.32137558,0.1755979,0.041137572,0.06448651,0.59515417,70.451416,28.00211,7.202742,95.8769
2007.4089,0.31229413,0.16975299,0.0363205,0.0600424,0.5661135,70.36141,27.868181,7.197262,107.01236
2007.4209,0.27262968,0.14829281,0.034813765,0.05276545,0.4894533,69.81739,27.559916,7.161423,97.00819
2007.3921,0.2678776,0.143865,0.027057452,0.04782547,0.4792594,69.4468,27.05762,7.137671,101.06672
2007.4077,0.290796,0.15730745,0.031243877,0.05328477,0.5087801,70.194916,27.734665,7.1867476,118.96562
2007.4807,0.25438938,0.13632254,0.034785744,0.04902367,0.45848075,69.33606,27.050436,7.131363,89.38345
2007.4023,0.2577613,0.13903159,0.02982886,0.047969382,0.46895996,69.26108,27.001469,7.125113,87.95552
2007.5403,0.18899068,0.09273823,0.018336887,0.028488034,0.35255226,67.08206,24.590914,6.9874635,64.26337
2007.4114,0.28237107,0.15297396,0.03225799,0.0526893,0.4994377,69.99976,27.619917,7.1737385,109.50606
2009.5225,1.1717423,0.806468,-0.0024455697,0.3004951,2.1777096,84.54284,56.200897,7.208689,3124.5544
2007.4987,0.2351116,0.12346548,0.029944638,0.042967748,0.42720836,68.671936,26.325037,7.088974,82.02741
2007.6919,0.35695428,0.21053746,0.05021308,0.06857978,0.60768235,73.065674,30.601063,7.319001,225.2778
2007.4237,0.26987007,0.14697303,0.035564274,0.05280167,0.48664042,69.766556,27.54431,7.157987,93.43784
2007.5762,0.42739215,0.26873565,0.08227994,0.085233755,0.9204451,73.33648,32.317917,7.3943725,235.61324
2007.3977,0.24887747,0.13391352,0.02859495,0.04606818,0.4577469,68.983246,26.759459,7.1068563,80.57879
2007.4033,0.30619618,0.16583738,0.0331271,0.05708268,0.54668516,70.30132,27.779493,7.193601,114.39826
2007.6056,0.34189552,0.19709988,0.041971948,0.068072625,0.5610102,72.44146,29.772078,7.267727,180.97821
2007.4022,0.25313658,0.13651052,0.029788109,0.047312234,0.46347842,69.13526,26.907093,7.1167946,83.43687
2007.4044,0.35806775,0.19504921,0.042607695,0.071502686,0.6759829,70.74477,28.069122,7.222683,95.741936
2007.4222,0.25881004,0.14071903,0.034750666,0.050801944,0.4728591,69.44356,27.277178,7.1367474,83.71167
2007.3761,0.26698002,0.14318185,0.022153901,0.044579748,0.45615846,69.6915,27.231186,7.152618,123.730934
2007.3826,0.33526093,0.18539904,0.045139484,0.06447782,0.6447219,70.73049,28.511532,7.2465367,118.031685
2007.6064,0.27445254,0.14872774,0.040488046,0.053510666,0.45664254,70.498505,28.013565,7.1954126,133.6894
2007.353,0.35888273,0.21235979,0.05252345,0.07495502,0.72064507,71.51362,29.708082,7.2543473,114.25141
2007.4407,0.24016885,0.12825789,0.030092089,0.04493829,0.44247666,68.80225,26.574535,7.095844,76.744156
2007.6763,0.37798285,0.22529393,0.058992688,0.07335208,0.6955405,73.13846,30.934006,7.343335,223.02708
2007.47,0.22302398,0.11646853,0.026067222,0.039456952,0.4128982,68.222595,25.914598,7.0592074,72.0051
2007.4197,0.28287172,0.1537731,0.03447173,0.053981815,0.5013374,70.0825,27.746214,7.1789937,107.503174
2007.4037,0.29193494,0.1576749,0.030189937,0.05285841,0.509501,70.19261,27.702005,7.186699,121.278595
2007.5238,0.26459998,0.14173305,0.0384564,0.051854804,0.46808067,69.731094,27.37629,7.158004,100.38975
2007.5883,0.7007176,0.44257557,0.13864562,0.13816257,1.3863981,75.40485,34.053936,7.3986535,313.0461
2007.4462,0.2629483,0.14274016,0.036374126,0.0519032,0.47589546,69.60897,27.402084,7.148059,89.044846
2007.394,0.27215222,0.14631318,0.027590448,0.048706703,0.48461887,69.57858,27.170877,7.146336,104.68469
2007.4852,0.21184297,0.10888185,0.02336192,0.035909664,0.39411518,67.841415,25.488464,7.0350103,68.39735
2007.3992,0.29287538,0.15789096,0.02895285,0.052303575,0.5098794,70.17924,27.655762,7.185936,123.602196
2007.4073,0.26137754,0.14131533,0.031172412,0.04920836,0.4740219,69.40048,27.144184,7.134203,90.0094
2007.4889,0.2771792,0.15093568,0.04096505,0.05591957,0.49052554,70.16929,27.900461,7.184386,103.213066
2007.3254,0.28030673,0.1611505,0.048052005,0.04806647,0.5659706,70.49692,29.236563,7.279262,159.19638
2007.417,0.33106217,0.18113561,0.043120354,0.06735703,0.6206362,70.52028,28.049582,7.2071023,90.99665
2007.4242,0.27160412,0.1479466,0.035698496,0.053113822,0.48876616,69.81745,27.585945,7.16134,94.99795
2007.9255,0.76268095,0.5010294,0.06891883,0.17444696,1.4559753,77.167496,40.206,7.409984,890.32965
2007.4855,0.27412248,0.14886717,0.040228363,0.055056896,0.48742595,70.03492,27.767275,7.176597,100.0436
2007.3751,0.30909526,0.17749695,0.063854285,0.05744564,0.6652915,70.723885,29.62145,7.3212194,149.37274
2007.4324,0.27172455,0.14853422,0.037891142,0.0543425,0.49020463,69.88928,27.70355,7.1658764,92.64359
2009.0231,1.1634,0.7788325,0.070322536,0.27555364,2.0975423,83.135216,50.918034,7.322495,2308.5273
2007.3986,0.36056063,0.19881885,0.048538566,0.07618737,0.6998053,70.737656,28.237328,7.2184367,74.823296
2007.5834,0.58825964,0.37105027,0.11545518,0.116385005,1.1946843,74.55381,33.33965,7.396891,281.18417
2007.5071,0.23661163,0.124205545,0.030527228,0.04336893,0.42834583,68.73167,26.370623,7.093052,83.9228
2007.4514,0.23851971,0.12691143,0.029872948,0.044353906,0.43857428,68.75307,26.502197,7.092956,77.36784
2007.3956,0.25846076,0.13897943,0.028015027,0.047062624,0.46871296,69.223175,26.92012,7.122784,90.69196
2007.4208,0.27639166,0.1503233,0.03476188,0.053252995,0.49386188,69.917076,27.63222,7.1680226,100.779915
2007.3999,0.2829512,0.15255046,0.029156981,0.051054593,0.49828878,69.91838,27.46856,7.16866,113.57653
2007.4402,0.27397323,0.14997876,0.039233156,0.05533582,0.4932112,69.99232,27.81217,7.172643,93.83272
2007.372,0.37034085,0.22683528,0.06479295,0.076203205,0.79546916,71.91355,30.68018,7.3040133,142.55692
2007.2698,0.3687412,0.23722611,0.082088165,0.07851775,0.89317745,71.79141,31.669073,7.337785,131.73427
2007.2812,0.35268843,0.21253704,0.05796266,0.0756904,0.74886423,71.26839,29.914173,7.2544107,96.18674
2007.4949,0.27027816,0.14614761,0.03938605,0.05380737,0.4804151,69.907295,27.616127,7.16861,99.36759
2007.6448,0.27646288,0.15189482,0.03944025,0.053066142,0.43919373,70.95639,28.416512,7.2115335,157.15863
2007.4106,0.27526847,0.14906827,0.032053147,0.051601414,0.49093488,69.80209,27.4675,7.1606827,102.72666
2007.2927,0.22329108,0.13590057,0.055881757,0.031490944,0.49424136,70.28522,30.120703,7.3281636,204.75899
2007.5232,0.33788827,0.19448043,0.04335095,0.06922461,0.58004355,71.99879,29.523972,7.2518024,150.44276
2007.4076,0.25202367,0.13625342,0.031246135,0.04796555,0.4630271,69.1509,26.9615,7.117686,80.693695
2007.43,0.2840729,0.15508917,0.03725887,0.055687446,0.5044029,70.20203,27.916607,7.1866264,105.54493
2007.4346,0.2349102,0.12504204,0.028541146,0.043364715,0.43539578,68.61208,26.388811,7.083409,73.2573
2008.6202,0.9618776,0.60112816,0.04268358,0.21946567,1.5725625,81.7554,47.499832,7.3074737,1734.2479
2007.7228,0.56238836,0.3535987,0.097308606,0.11594547,1.1541086,74.63347,33.35127,7.4118304,313.56082
2007.5082,0.24257453,0.1280042,0.032165553,0.045194168,0.4371321,68.9426,26.587564,7.1066966,87.10351
2007.4868,0.26727992,0.14443833,0.038403526,0.052943606,0.47699627,69.79503,27.515415,7.1611485,96.74823
2007.3937,0.28110203,0.1511517,0.02750027,0.049884968,0.495127,69.816765,27.344635,7.162101,113.62009
2007.3943,0.28629,0.1540051,0.027652042,0.050680786,0.5013389,69.96122,27.45608,7.1716413,118.569595
2007.4392,0.2633628,0.14319147,0.036339942,0.05208045,0.47743806,69.61784,27.424973,7.1484466,88.31456
2007.4067,0.24735343,0.13365738,0.030994365,0.047185495,0.45736697,69.017265,26.855131,7.1088705,76.36808
2007.4086,0.276085,0.14937565,0.031482134,0.05139779,0.49156085,69.80622,27.453783,7.1610117,104.176636
2007.389,0.2634885,0.14128743,0.026242265,0.04677253,0.47359782,69.30311,26.927254,7.1282463,97.654106
2007.5825,0.2406164,0.12476649,0.033201396,0.044059392,0.42434216,68.93488,26.433317,7.1081743,96.17185
2007.584,0.22990137,0.11784481,0.030333044,0.040753774,0.40807763,68.55881,26.039492,7.0839415,90.942276
2007.382,0.38018554,0.23954205,0.0757585,0.07744299,0.8632068,72.23722,31.52746,7.3465524,165.16025
2007.5206,0.30905142,0.1771858,0.04063378,0.06232292,0.5145823,71.67034,29.317543,7.2387066,152.28568
2007.532,0.25905722,0.13795489,0.03712895,0.050091676,0.45868367,69.54266,27.164324,7.14606,98.688934
2007.4257,0.26345098,0.1436074,0.03607972,0.05220421,0.4793583,69.60984,27.443184,7.1475716,86.53377
2007.4161,0.26579025,0.14426945,0.03351489,0.051108867,0.48061413,69.59259,27.355267,7.1466804,91.72266
2007.4165,0.2657224,0.14425737,0.03361883,0.051157024,0.48059556,69.59401,27.359373,7.1467643,91.53839
2007.3835,0.3510257,0.19156195,0.03923377,0.068725705,0.6566292,70.69377,28.041134,7.2171106,100.99361
2007.4258,0.25172216,0.13607506,0.032904964,0.048597742,0.461775,69.19681,27.013939,7.120913,80.58443
2007.4603,0.37153223,0.22081424,0.057034936,0.07586722,0.73587435,72.08623,30.198874,7.2907596,150.05174
2008.9552,1.8535503,1.3431107,0.3190084,0.47176716,4.0246763,83.84894,52.40253,7.4503136,2273.8904
2007.4271,0.28155616,0.15353237,0.0364606,0.054900788,0.5009609,70.10928,27.82447,7.18057,103.96118
2007.4142,0.2892961,0.15691286,0.03300694,0.054053612,0.5080526,70.20967,27.797382,7.1875505,115.496475
2007.356,0.35241073,0.19931856,0.048932713,0.07682904,0.6865674,70.89476,28.653164,7.213805,69.93448
2007.4022,0.26668286,0.14386746,0.029791882,0.049173184,0.47946623,69.50016,27.17746,7.1409326,96.80307
2007.377,0.3632369,0.20060305,0.046407625,0.075796515,0.7045237,70.74513,28.224232,7.216919,77.03957
2007.5101,0.27308196,0.14754406,0.04046459,0.054560773,0.48260692,70.01853,27.701881,7.176193,102.843475
2007.3885,0.3338285,0.18139803,0.035807725,0.06360434,0.6127596,70.526596,27.898188,7.207234,108.36538
2007.4094,0.28550798,0.15454972,0.031721912,0.0528234,0.5028225,70.06747,27.654314,7.17827,113.206894
2007.3942,0.3007988,0.162381,0.029530095,0.054047525,0.5275343,70.26475,27.708961,7.1911063,123.19499
2007.4032,0.28669742,0.15479474,0.030038645,0.052056063,0.5032308,70.046844,27.589598,7.177071,116.27965
2007.4777,0.24117276,0.12791695,0.03114325,0.044981837,0.4390765,68.868095,26.570171,7.1010766,82.26164
2007.786,0.24130923,0.11978879,0.037677027,0.042813696,0.39839453,69.127,26.232517,7.125984,124.07671
2007.4349,0.2725578,0.14915068,0.038579736,0.054837506,0.49159515,69.93326,27.756346,7.168718,92.68925
2007.403,0.2874263,0.1551782,0.029986816,0.052127425,0.50406027,70.06485,27.601412,7.178267,117.057556
2007.6437,0.2592859,0.13512437,0.03954524,0.049361072,0.44420958,69.6428,27.04852,7.1554937,113.93323
2007.4156,0.27019143,0.14663158,0.033398025,0.051648207,0.4857388,69.70745,27.436903,7.1542897,96.19851
2007.5682,0.38565335,0.23287557,0.06462591,0.07615417,0.77021116,72.77028,31.001945,7.3425307,197.64708
2007.43,0.23468564,0.12501961,0.028384073,0.043328427,0.43566525,68.60041,26.385672,7.082534,72.524635
2007.4176,0.28379083,0.15413813,0.033908807,0.053796742,0.50208926,70.08964,27.734968,7.179521,109.04531
2007.3887,0.28271475,0.15247403,0.025569512,0.048655003,0.4780408,70.1935,27.694084,7.1856055,134.19011
2007.3987,0.25171173,0.13551298,0.028848363,0.046597198,0.46124133,69.0675,26.829302,7.1124043,83.09049
2007.465,0.3832076,0.23782453,0.07187931,0.076721124,0.8285143,72.51088,31.396883,7.349834,183.27974
2007.5964,0.7012235,0.44283986,0.13801166,0.13852389,1.3874635,75.424545,34.067287,7.3995457,315.47757
2007.4185,0.34503782,0.18927309,0.046650123,0.07189504,0.65856636,70.62539,28.138296,7.2137084,82.47176
2007.4873,0.3792048,0.23080648,0.06503297,0.07585369,0.78268594,72.43672,30.923635,7.3293157,177.7744
2007.4208,0.28507298,0.1550364,0.034757067,0.054441612,0.5041038,70.1507,27.805109,7.1834774,109.35407
2007.4478,0.25363806,0.136719,0.03388731,0.049029104,0.46172872,69.28242,27.059599,7.1270237,84.53613
2007.5006,0.25648683,0.13713859,0.035773307,0.04952578,0.45898294,69.42634,27.105055,7.1377196,93.14501
2007.3789,0.2627714,0.14024824,0.023514045,0.04516589,0.47113848,69.198456,26.76961,7.1215916,100.02373
2007.1321,0.95006734,0.63032657,0.3337121,0.19592132,1.8884709,75.12727,37.249138,7.4166265,272.3492
2007.3943,0.3463788,0.18828352,0.038970437,0.06757902,0.64824504,70.56649,27.904415,7.210567,99.43544
2007.4032,0.33721548,0.1836604,0.03988231,0.06651538,0.6289929,70.52533,27.943775,7.2077546,97.87037
2007.3927,0.2655109,0.14262114,0.027231047,0.047596674,0.47656915,69.3885,27.019539,7.1337976,98.53488
2007.4048,0.28141996,0.15203549,0.03048612,0.05157925,0.4972676,69.918724,27.507853,7.168552,110.56588
2007.424,0.27525926,0.14991254,0.03561906,0.05357148,0.49303246,69.9134,27.654673,7.1676946,98.69533
2007.467,0.17761782,0.08738694,0.013714606,0.025516244,0.34521922,66.62119,24.256126,6.9557695,48.574238
2007.3813,0.26650518,0.14243634,0.024188047,0.04605086,0.47594324,69.32008,26.879488,7.129571,102.94875
2008.4391,0.82325417,0.5158409,0.011205396,0.1946559,1.3880799,80.18636,45.9252,7.2890034,1581.6393
2007.4342,0.25501716,0.13796392,0.033976536,0.0495498,0.46558395,69.31987,27.125051,7.1290827,83.410355
2007.4614,0.23227252,0.12263299,0.028392656,0.042361293,0.42788294,68.54131,26.262455,7.0795546,75.55287
2007.3978,0.38915777,0.2484921,0.0825245,0.07846768,0.901958,72.48676,32.019306,7.3718147,181.0173
2007.4777,0.24137707,0.12804765,0.03119897,0.045044523,0.4393802,68.875305,26.577627,7.1015425,82.36789
2007.9486,0.75097835,0.49282822,0.06163025,0.17310353,1.4300998,77.19981,40.43527,7.4032845,922.83545
2007.3461,0.54285,0.3438978,0.13099259,0.09873414,1.1027188,73.763466,32.803726,7.3736477,206.21109
2007.5101,0.25044632,0.13300817,0.03433692,0.047600836,0.44867742,69.2214,26.873512,7.1247425,91.35747
2007.5281,0.380132,0.22768475,0.061195407,0.07617436,0.75364745,72.4947,30.641754,7.320275,177.65628
2007.3881,0.25007048,0.13394067,0.0259888,0.04479114,0.4576138,68.93385,26.646324,7.1038446,84.69603
2007.387,0.23978315,0.12828343,0.025691094,0.043214895,0.44529784,68.647514,26.42551,7.0849333,74.878006
2007.4001,0.36650205,0.20028195,0.045327835,0.074868694,0.70507956,70.7288,28.070696,7.220679,84.333305
2007.362,0.2110002,0.11106401,0.019017575,0.03557592,0.407386,67.66367,25.500832,7.0205083,53.996
2008.0563,0.6838866,0.4476767,0.025308223,0.16473766,1.2912972,77.224686,41.397152,7.377462,1064.9153
2007.4271,0.3207139,0.17592612,0.04420192,0.06618653,0.59898454,70.47424,28.095596,7.203951,89.114395
2007.4331,0.36800835,0.2178464,0.055181544,0.0757839,0.7275834,71.91624,30.002558,7.2780185,138.2967
2007.5239,0.2379529,0.12461539,0.031247323,0.043659884,0.42810965,68.79286,26.400879,7.097452,86.89734
2007.4226,0.2951251,0.16379552,0.042235773,0.061187368,0.53812695,70.4105,28.22798,7.1939635,94.10525
2007.6311,0.3453762,0.19992864,0.04321204,0.068103105,0.567358,72.606636,29.943213,7.278519,192.33261
2007.3966,0.36585724,0.19964921,0.043999765,0.07396884,0.70130074,70.71393,28.031378,7.2198253,87.31062
2007.4147,0.21895938,0.115329444,0.02380359,0.03860292,0.41412675,68.03395,25.827202,7.045564,62.467625
2006.8484,0.43817943,0.29467377,0.1690014,0.08905831,1.0246973,71.22788,32.803455,7.307621,48.210278
2007.5006,0.27113527,0.14654608,0.039738227,0.05403005,0.48094377,69.94218,27.641157,7.1710134,100.57451
2007.4194,0.24129505,0.12954684,0.029949578,0.045436766,0.4469802,68.82442,26.639347,7.09671,74.44097
2007.4194,0.28744233,0.15623987,0.034408,0.05457377,0.5066934,70.20358,27.83402,7.18701,112.08633
2007.4199,0.2759204,0.15001214,0.034529787,0.053060025,0.49316862,69.897125,27.610626,7.1667256,100.57655
2007.4073,0.249363,0.13479196,0.031176282,0.047561828,0.45984608,69.07707,26.904768,7.1128087,78.146385
2007.3981,0.29360342,0.1582199,0.028673997,0.05224932,0.5105735,70.190125,27.655632,7.186683,124.63535
2007.4285,0.27340078,0.1491943,0.036840763,0.053991836,0.49156162,69.901566,27.681793,7.166792,95.48287
2007.3285,0.9138443,0.5786448,0.32905418,0.16542792,1.7316896,74.97377,35.685997,7.4992266,310.11655
2007.6432,0.23246785,0.11791595,0.03227485,0.041118685,0.4040766,68.69796,26.06764,7.0944967,100.257484
2007.4258,0.27279532,0.14869346,0.03611836,0.05350939,0.4904201,69.86266,27.631762,7.1642895,95.700066
2007.898,0.9394733,0.60978234,0.15539967,0.19607277,1.7512838,77.99465,38.686756,7.4728246,683.0536
2007.4734,0.23590958,0.124652006,0.029627604,0.043394435,0.43175915,68.67919,26.38235,7.0887694,79.00713
2007.5442,0.28417897,0.16100009,0.0381922,0.055760827,0.45631257,71.32533,28.999245,7.2253475,156.19353
2007.3948,0.26783907,0.14401956,0.027794348,0.048227552,0.4796496,69.46881,27.095568,7.139055,100.197495
2007.4615,0.22922373,0.12067278,0.027569203,0.041423213,0.42330113,68.43402,26.150782,7.072632,74.017876
2007.3995,0.24581878,0.13236524,0.029068088,0.045910016,0.4544171,68.91568,26.723316,7.10234,77.02616
2007.4039,0.27752972,0.14986336,0.030235806,0.050907034,0.49252883,69.80614,27.417114,7.161129,107.008514
2007.3699,0.3603393,0.21234372,0.052079268,0.07533596,0.7158592,71.562645,29.668335,7.2543445,115.4956
2007.4287,0.26949784,0.1470933,0.03691806,0.053499,0.48700157,69.79888,27.608015,7.159992,91.54341
2007.42,0.27093259,0.14731863,0.034592852,0.052410442,0.48731986,69.764786,27.514463,7.157965,95.58231
2007.456,0.27178192,0.1481499,0.038973402,0.0545486,0.487828,69.92819,27.71439,7.168925,94.86342
2007.4198,0.24688852,0.1331293,0.031471312,0.047154084,0.45531723,69.02169,26.843649,7.1094527,77.32765
2007.3887,0.26666802,0.14298946,0.026139231,0.047151867,0.47728896,69.385506,26.985252,7.1337066,100.90859
2007.3896,0.35992482,0.20687146,0.04687223,0.07675448,0.681028,71.4551,29.146898,7.2311244,99.21247
2007.4348,0.28440496,0.1556037,0.038740158,0.056594357,0.50689876,70.23308,27.977224,7.188535,103.0378
2007.4293,0.27493894,0.15008686,0.037081294,0.05433588,0.493519,69.95051,27.72511,7.1700063,96.729774
2007.3793,0.2256104,0.12010185,0.023653192,0.040143467,0.427368,68.20212,26.035776,7.0556703,63.18783
2007.4121,0.2895639,0.15692641,0.032453336,0.05378431,0.5080412,70.19957,27.773636,7.1869364,116.38522
2007.5154,0.26384515,0.14146985,0.038076874,0.051682312,0.46805188,69.697655,27.357904,7.155625,98.88101
2007.4053,0.271358,0.14659993,0.03060531,0.050264407,0.48546422,69.651505,27.313438,7.1508636,100.50005
2007.5243,0.23155202,0.120495506,0.029522026,0.04168922,0.4184681,68.56774,26.166239,7.082931,83.69727
2007.9995,1.9802291,1.422375,0.47808143,0.47948462,4.2936463,81.716,45.472477,7.613739,982.7192
2007.4171,0.27950498,0.1517793,0.03377657,0.053135518,0.49695334,69.97009,27.642544,7.171626,104.96425
2007.4009,0.3147691,0.17058499,0.034186985,0.059211373,0.5680276,70.356285,27.800499,7.197133,111.620186
2007.5225,0.28340766,0.15969901,0.03867238,0.056055393,0.465377,71.11053,28.817484,7.217808,144.62329
2007.4276,0.26535547,0.14477459,0.03662713,0.05276974,0.48194134,69.67823,27.510113,7.1520395,87.78287
2007.4448,0.23623037,0.12561888,0.029112773,0.04369775,0.4360263,68.666954,26.425823,7.0872207,75.30386
2007.56,0.20942529,0.10533533,0.02428419,0.034629893,0.38056812,67.81794,25.316826,7.035485,77.30208
2007.4176,0.32694232,0.17880651,0.04239548,0.066206336,0.6100046,70.49201,28.03297,7.2053037,92.80969
2007.1194,0.4007924,0.25655934,0.15137254,0.07378643,0.9271627,71.22188,32.1576,7.381601,126.757065
2007.3689,0.3771182,0.23627995,0.07324074,0.077193476,0.848985,72.11475,31.311934,7.3345113,156.73059
2007.45,0.21746953,0.11343462,0.024142073,0.03789246,0.407225,68.0105,25.733557,7.0449862,66.478195
2007.3975,0.36428446,0.21628828,0.054759856,0.07525584,0.72925127,71.76357,29.948616,7.2712455,130.46455
2007.3977,0.24342969,0.1309559,0.028597845,0.045322206,0.45131963,68.83664,26.65096,7.097158,75.19849
2007.3729,0.36091062,0.21312599,0.052672993,0.07526549,0.71919334,71.595345,29.729456,7.2576866,118.27707
2007.455,0.23057911,0.12171962,0.027796553,0.041887436,0.426211,68.476295,26.207743,7.0751843,73.80893
2007.3971,0.2608062,0.1403487,0.02841659,0.047606472,0.47171822,69.29889,26.987997,7.1277537,92.554016
2007.5657,0.25254276,0.13287254,0.03607628,0.04784681,0.44444513,69.34105,26.88843,7.133944,99.95091
2007.6017,0.23147663,0.118384525,0.031132637,0.0411112,0.40809047,68.628876,26.07746,7.088935,94.139336
2007.44,0.26685402,0.14541343,0.037300847,0.05314854,0.4825717,69.74141,27.551905,7.156442,90.187645
2007.4039,0.305116,0.1652559,0.03306931,0.05685935,0.54412794,70.29505,27.779137,7.193192,114.58034
2007.414,0.335076,0.18321562,0.04296965,0.06797034,0.6295025,70.54045,28.039858,7.2084513,91.13061
2007.3848,0.24706025,0.13209863,0.025117999,0.04389667,0.45354652,68.82555,26.540537,7.0967665,82.70713
2007.3787,0.24272697,0.12935093,0.02346125,0.04238614,0.44745338,68.657036,26.367065,7.085782,80.29883
2007.519,0.37828502,0.2249843,0.059109062,0.07644992,0.7417358,72.38604,30.427488,7.3087425,168.16508
2007.42,0.2642416,0.14367841,0.034564305,0.05147651,0.47940722,69.58371,27.379515,7.14599,89.01029
2007.4586,0.21458931,0.11135271,0.023546094,0.03694436,0.40175146,67.91625,25.618464,7.039135,66.19718
2007.487,0.25120434,0.13410765,0.03405761,0.047998738,0.4528627,69.22914,26.926805,7.124631,88.62886
2007.368,0.25686914,0.13634822,0.020596301,0.042742956,0.46244827,68.94824,26.498594,7.105327,97.489136
2009.4796,2.0275068,1.5026706,0.3009699,0.5395747,4.546853,85.57886,58.063435,7.377229,3119.3245
2007.4138,0.2795859,0.15161166,0.03288833,0.05265558,0.4965236,69.94448,27.597488,7.1700196,106.045975
2007.4362,0.29199156,0.16006501,0.0408552,0.05917566,0.52783525,70.29185,28.031397,7.1922145,97.96898
2008.8156,0.9402624,0.59208524,0.003207007,0.22462364,1.5451198,82.274536,49.67298,7.2493362,2064.0166
2007.4088,0.25475696,0.1378104,0.031551354,0.04850935,0.46643305,69.234055,27.032051,7.1231565,83.04728
2007.0822,0.28154203,0.18994357,0.09761951,0.06517288,0.8118516,70.28487,31.712683,7.3405995,79.462296
2007.4097,0.2716515,0.14704025,0.031784877,0.050956782,0.486508,69.696304,27.381268,7.1537113,99.45923
2007.4106,0.27805743,0.15057984,0.03204095,0.051977385,0.49421898,69.876816,27.522484,7.165627,105.49322
2007.3998,0.25245708,0.13598856,0.02914591,0.046863966,0.46229675,69.09688,26.859798,7.1143184,83.49052
2007.286,0.40352848,0.24698891,0.15979865,0.053355508,0.8407215,71.46854,31.948563,7.4566174,243.88728
2007.3898,0.32878584,0.18379888,0.052383184,0.06313987,0.65500987,70.77539,28.906643,7.2740135,127.34998
2008.8805,0.7400026,0.43967977,-0.09518037,0.19199523,1.1030122,82.079735,51.196785,7.1261854,2268.871
2007.3639,0.21234085,0.11190982,0.019512141,0.036033295,0.40926054,67.71525,25.553553,7.0238714,54.761417
2007.392,0.26190528,0.14061566,0.027031494,0.04699158,0.47219622,69.285164,26.937143,7.1269813,95.2012
2007.3617,0.35823452,0.2087782,0.049226344,0.07578602,0.6990592,71.43047,29.376682,7.239133,103.26
2007.4337,0.24932814,0.1343252,0.032424923,0.047804475,0.45712903,69.11907,26.917465,7.116108,80.4494
2007.4071,0.3067432,0.1664272,0.03449401,0.057988424,0.5503091,70.31601,27.820112,7.1944385,111.33971
2007.3889,0.23419811,0.12537567,0.026216293,0.042738844,0.4390176,68.51355,26.341717,7.0760193,68.77301
2007.4108,0.26829812,0.14529431,0.032100014,0.050670832,0.48273712,69.61586,27.330944,7.148359,95.79383
2007.3958,0.25531143,0.13727556,0.028041521,0.046645112,0.46501216,69.13919,26.858702,7.1172266,87.55359
2007.4214,0.32627186,0.17869972,0.04351061,0.066749774,0.6104213,70.498024,28.067543,7.2055917,90.37019
2007.4136,0.27573982,0.14951259,0.03284404,0.052103322,0.49195883,69.83953,27.518454,7.163081,102.29978
2007.305,0.3528113,0.19994105,0.046119444,0.07613382,0.69385576,70.753426,28.545687,7.2046447,64.458466
2007.5188,0.3762126,0.21973741,0.054609265,0.0773771,0.7137206,72.226234,29.971436,7.2864037,151.06815
2007.3961,0.3471174,0.18883695,0.039715808,0.06814999,0.6512225,70.57685,27.925997,7.2111793,97.74566
2007.9205,0.31787056,0.20699464,0.006895823,0.075304754,0.61963266,73.48221,33.61392,7.406031,474.10223
2007.4937,0.24402614,0.12932386,0.032252114,0.04574473,0.44123623,68.981735,26.656849,7.108836,85.87133
2007.3645,0.26555583,0.16219223,0.09046827,0.044182308,0.69409144,70.48503,31.05301,7.4262104,198.92195
2007.3989,0.27393758,0.14759897,0.028918425,0.04968584,0.48751092,69.6682,27.276257,7.152134,104.94894
2007.3094,0.62071824,0.39897,0.16002014,0.12255341,1.2725466,74.13007,33.76708,7.368685,204.58363
2007.5725,0.2452594,0.1280125,0.03424926,0.04555813,0.4326174,69.09022,26.614262,7.1179366,97.18461
2007.4132,0.2835381,0.15372242,0.032739628,0.053115703,0.5010996,70.04626,27.668499,7.176767,110.114685
2007.3972,0.35748976,0.19488475,0.042373545,0.07154052,0.67943954,70.65518,27.992989,7.2160997,91.33437
2007.4828,0.26629922,0.14391388,0.038054768,0.052670397,0.47605035,69.75723,27.48392,7.158604,95.7155
2007.3976,0.7117915,0.43205956,0.27902818,0.10250889,1.2357223,73.97958,33.862694,7.513714,323.93658
2007.5587,0.25225002,0.13286912,0.0358511,0.047806434,0.4449246,69.325035,26.885412,7.132726,98.86466
2007.4218,0.2822824,0.1535848,0.03502478,0.05420668,0.50096893,70.08393,27.763517,7.1790338,106.2977
2007.6287,0.3912303,0.23367092,0.0637596,0.07737382,0.7575488,72.972626,30.933113,7.346153,204.90317
2007.5375,0.24496509,0.12875694,0.033431448,0.045718737,0.43682158,69.05099,26.642418,7.114473,92.292305
2007.3992,0.3505469,0.191034,0.04148879,0.06980092,0.66210914,70.61044,27.975178,7.2132273,93.64278
2007.4698,0.3694508,0.21335618,0.0503845,0.07740858,0.6932757,71.88833,29.527967,7.259045,126.515724
2007.3973,0.27784717,0.14961283,0.028460054,0.049968917,0.49185354,69.75914,27.330149,7.1581945,109.324875
2007.3628,0.35764477,0.20507872,0.04676783,0.07703488,0.6823555,71.29316,29.021973,7.2235417,87.88899
2007.4144,0.27997342,0.1518638,0.03306341,0.05280554,0.49708447,69.960396,27.614416,7.171055,106.23101
2007.4845,0.22133906,0.11499847,0.025917938,0.038834486,0.40844145,68.175255,25.836754,7.0565395,73.121765
2007.3997,0.33881742,0.18432939,0.03909227,0.06632763,0.6312607,70.5271,27.91783,7.2079496,99.54247
2007.4202,0.23392649,0.12479559,0.027970167,0.04316588,0.43583867,68.56553,26.368877,7.0800195,70.80041
2007.4143,0.27308282,0.14811899,0.033050705,0.05185297,0.48894554,69.774445,27.47632,7.158756,99.444145
2007.3921,0.2552701,0.13702565,0.027086524,0.046111498,0.46439877,69.10821,26.807703,7.1152706,88.59002
2007.4601,0.23142727,0.12212788,0.028134054,0.04211153,0.42680338,68.51038,26.233093,7.077521,74.93258
2007.4266,0.29890418,0.16334772,0.039239496,0.059428263,0.5407433,70.31492,27.973656,7.193899,101.20716
2007.6217,0.19643353,0.09535051,0.022065585,0.030193528,0.35292298,67.4112,24.772903,7.01087,79.05255
2007.4083,0.30786175,0.16715428,0.03511977,0.05855502,0.5539425,70.32738,27.837587,7.1951284,109.89622
2007.4227,0.27305308,0.14863668,0.035292227,0.053088054,0.49023575,69.843765,27.593498,7.1631207,96.8864
2007.871,0.6059562,0.4005283,0.06462615,0.13918267,1.2288269,75.39082,36.74918,7.4529214,596.72906
2007.8207,0.7430763,0.4916459,0.09313557,0.16564171,1.4606096,76.34243,38.058178,7.453147,659.38367
2007.4086,0.3517896,0.19243991,0.044893,0.072035685,0.67086244,70.64638,28.076488,7.2152696,86.031586
2007.414,0.34648752,0.18977597,0.045470838,0.071449995,0.6598102,70.62299,28.10078,7.213666,85.014656
2007.3912,0.36540347,0.20115009,0.047374047,0.076363444,0.70889866,70.75406,28.19839,7.219535,77.05575
2007.3828,0.27094334,0.14494188,0.024589026,0.046881557,0.48141766,69.45214,26.98907,7.138267,106.877045
2009.1866,1.0941969,0.73048955,0.014611302,0.2704378,1.9538049,83.505905,52.959293,7.245781,2606.7424
2007.3657,0.3595511,0.2052885,0.048585646,0.078136384,0.6915034,71.23093,28.96136,7.2247505,81.72014
2007.5828,0.3652179,0.21265174,0.050448805,0.073645435,0.65414697,72.472855,30.028044,7.2883916,173.68945
2006.7559,0.589343,0.40368652,0.20718685,0.13146926,1.3213394,72.40174,34.53418,7.2698493,44.40131
2007.4827,0.24994297,0.13341679,0.03362193,0.047642943,0.45156503,69.18103,26.885612,7.121407,87.38336
2008.2687,1.2941533,0.8569914,0.22112936,0.2884652,2.4172492,81.20134,44.058243,7.483621,1139.4594
2007.4104,0.27310395,0.14787678,0.03198562,0.051267058,0.48834077,69.7417,27.420784,7.156694,100.66642
2007.3766,0.26852384,0.14344595,0.022757096,0.045429125,0.4724733,69.4401,26.962013,7.137201,111.2675
2007.579,0.21701671,0.109705776,0.02673824,0.036828373,0.38943627,68.10088,25.573599,7.0542502,83.717896
2007.4988,0.22374642,0.116162226,0.026871832,0.039471895,0.41014823,68.27185,25.908913,7.0631557,76.2851
2007.4252,0.2957466,0.16142164,0.038045436,0.058167983,0.53148323,70.28776,27.941624,7.19222,104.01264
2007.389,0.35918754,0.19585228,0.041218046,0.071228296,0.680166,70.69689,28.013128,7.218186,94.82089
2007.4065,0.32249066,0.18244222,0.06178333,0.06213383,0.6699856,70.84942,29.383158,7.308553,137.82774
2007.407,0.25653297,0.13866417,0.031086752,0.048496228,0.46825418,69.26735,27.043062,7.1254044,85.324326
2007.5426,0.20320055,0.101802774,0.022231562,0.03284095,0.37355047,67.58436,25.10841,7.019944,71.7819
2007.3579,0.2133719,0.11208954,0.017915877,0.035292327,0.40953347,67.69308,25.49025,7.0225616,57.57967
2007.3912,0.30614954,0.16558531,0.030420633,0.055555493,0.540603,70.3257,27.762178,7.1945944,121.53787
2007.4084,0.3499306,0.1913616,0.044442084,0.07144309,0.6658495,70.63256,28.065248,7.2144,87.12426
2007.389,0.284074,0.15256439,0.026159434,0.049501516,0.49551532,69.90616,27.388033,7.1679373,120.25552
2007.3971,0.32058614,0.1736584,0.034235585,0.060258422,0.58134186,70.38782,27.794481,7.1992135,111.22221
2007.4084,0.27997223,0.15147778,0.03144543,0.05191092,0.4961264,69.90975,27.52938,7.167864,108.054855
2007.4111,0.2809256,0.1521714,0.032183897,0.052449986,0.49768806,69.95852,27.587196,7.1710176,108.162895
2007.404,0.29942942,0.16199769,0.031872414,0.055154696,0.52911115,70.25434,27.750275,7.1906166,117.518265
2007.3276,0.23309623,0.13048631,0.024433648,0.033836674,0.3891416,70.0969,28.344786,7.2091827,172.71754
2007.3937,0.24325714,0.13060471,0.027516743,0.044700876,0.4504769,68.79817,26.590715,7.0947194,76.24757
2007.4207,0.24854806,0.13417098,0.03193954,0.04765787,0.4576854,69.08088,26.903378,7.1132965,78.2917
2007.4171,0.28709033,0.15589708,0.033771187,0.054173425,0.5059016,70.17418,27.793543,7.1851277,112.457245
2009.0596,1.1375579,0.7597461,0.053287487,0.2724898,2.0408869,83.20477,51.418118,7.2996826,2379.4893
2007.3789,0.30746123,0.1670728,0.029920949,0.0556968,0.5396176,70.44586,27.90337,7.200423,125.36403
2009.7004,1.5197499,1.0977975,0.09915462,0.4001223,3.135982,85.49165,58.54156,7.257153,3407.269
2007.3984,0.29729137,0.17447908,0.07959892,0.05533673,0.6947766,70.72122,30.316622,7.3730264,163.473
2007.7921,0.26452357,0.15423696,0.021230822,0.043784615,0.30242682,73.02455,30.504114,7.2985706,308.91986
2007.9067,0.55374515,0.36970407,0.04667246,0.13162751,1.1403543,75.088905,36.85014,7.4594674,622.7702
2007.4109,0.25546634,0.13833266,0.0321269,0.04892487,0.46761045,69.271164,27.076439,7.1255546,83.09821
2007.3833,0.33179125,0.18056361,0.035074253,0.062904745,0.6054826,70.561195,27.948318,7.208637,111.321236
2007.4694,0.37034094,0.21574892,0.052452706,0.076971546,0.70622796,71.95935,29.737383,7.26923,134.26392
2008.5359,0.3374503,0.22038929,-0.14509556,0.119455874,0.6045337,76.84973,45.25749,7.283629,1659.5864
2008.2047,0.86506444,0.5546887,0.066642985,0.19571866,1.5353749,79.16971,43.134884,7.3742657,1218.6971
2007.4785,0.31228876,0.17759354,0.04209905,0.06410424,0.54303515,71.31342,29.009743,7.226396,129.36655
2007.5425,0.358722,0.20647834,0.046327792,0.07356962,0.63224024,72.177986,29.61668,7.2632666,152.15999
2007.394,0.26180232,0.14069742,0.027609518,0.047296997,0.47241655,69.30047,26.965458,7.1279373,94.447525
2007.3582,0.24214008,0.12772305,0.017964294,0.039266758,0.4435106,68.46928,26.066551,7.0739026,85.92005
2007.4065,0.36763498,0.20139363,0.047661267,0.07644973,0.711719,70.75494,28.139776,7.222178,79.102135
2007.4199,0.29056302,0.15805559,0.035160664,0.055551205,0.5146718,70.235214,27.861092,7.1890283,110.66851
2007.4065,0.2586202,0.13976546,0.030951852,0.048708055,0.4706376,69.319336,27.077602,7.1288567,87.536644
2007.4108,0.3587528,0.1966054,0.047154814,0.07459484,0.69063663,70.70308,28.135899,7.2187977,80.66837
2007.4199,0.35980076,0.2057078,0.04795865,0.07707866,0.67341554,71.52213,29.148985,7.236195,101.732346
2007.3932,0.25806284,0.13860674,0.027357405,0.046644483,0.4678545,69.19189,26.877634,7.120779,91.040985
2007.42,0.2949576,0.1605939,0.036177862,0.05692321,0.5264372,70.26747,27.886185,7.191062,108.19354
2007.3788,0.2565711,0.13687982,0.023507806,0.044311624,0.463818,69.031296,26.645622,7.1105347,93.91086
2007.6375,0.37236714,0.21981373,0.055305045,0.07341061,0.6770663,72.85938,30.551008,7.320052,202.44307
2007.4199,0.29049736,0.15801702,0.0351426,0.055529,0.5144909,70.23471,27.86063,7.1889963,110.71186
2007.4269,0.27387688,0.14935406,0.036425993,0.053827878,0.4918783,69.90141,27.669497,7.1668224,96.42059
2007.4171,0.3356142,0.18376215,0.044161625,0.06877087,0.6328018,70.55358,28.0752,7.2092032,88.46041
2007.3998,0.28848606,0.15554792,0.029122865,0.05179524,0.50480014,70.06636,27.577156,7.178452,119.078125
2007.3695,0.3508145,0.19881465,0.048415985,0.07612062,0.6763369,70.99799,28.742107,7.217332,77.15467
2007.3845,0.25023708,0.13380261,0.025029236,0.044283535,0.457243,68.90832,26.599232,7.1022506,85.94287
2008.7904,0.99244523,0.6326659,0.030172119,0.23308522,1.6653993,82.2699,49.18024,7.2838917,2000.4022
2007.287,0.28754607,0.17815132,0.087214835,0.05774525,0.7325017,70.55415,30.894033,7.3666925,136.94739
2007.4272,0.26906124,0.1467601,0.036514625,0.05321605,0.48624784,69.774506,27.578108,7.158419,91.56747
2007.447,0.21403174,0.11130463,0.023150021,0.0368563,0.4024584,67.88703,25.610987,7.0369396,64.339165
2007.4371,0.25598678,0.13851114,0.034298662,0.04982763,0.466662,69.356346,27.15739,7.131512,84.2856
2007.8269,0.9152782,0.58489734,0.1667818,0.18554892,1.7195961,77.589134,36.952965,7.4492784,539.06934
2007.4852,0.2217101,0.11521609,0.026034692,0.038943015,0.40889496,68.18896,25.84947,7.0574446,73.41485
2007.3997,0.26569125,0.14316384,0.02909843,0.04865375,0.47788602,69.45177,27.121248,7.1377993,96.606575
2007.3854,0.31095034,0.16865337,0.03102214,0.05684566,0.55117613,70.409325,27.845177,7.1990924,121.215294
2007.4081,0.27747616,0.15009955,0.031349596,0.051515426,0.49312425,69.83954,27.474566,7.163229,105.699295
2007.4348,0.23900494,0.12766474,0.029655,0.044621922,0.44149977,68.7565,26.53838,7.0927367,75.36962
2006.8864,1.0991911,0.76616323,0.3670927,0.26129055,2.3673685,75.50789,39.340065,7.3398657,213.78674
2007.4114,0.26154566,0.14166753,0.03226801,0.04983711,0.474868,69.439285,27.2051,7.1366615,88.93952
2007.401,0.28746447,0.15507095,0.029449401,0.05183557,0.50378764,70.049065,27.573936,7.177276,117.70144
2007.3872,0.26716238,0.14316736,0.025758976,0.0470095,0.47764745,69.38692,26.975134,7.133838,101.82549
2007.4258,0.30395892,0.16618599,0.04004099,0.060788013,0.5536347,70.34885,27.991379,7.196065,99.17758
2007.4912,0.22148138,0.11490969,0.026098935,0.038829777,0.4077582,68.18584,25.834448,7.057402,74.10944
2007.422,0.26810023,0.14590122,0.03509947,0.05230185,0.48427707,69.70436,27.48459,7.1539183,92.21525
2007.3588,0.23762795,0.12530765,0.018110452,0.038728386,0.43827233,68.35235,25.984238,7.066153,81.3016
2008.2795,0.7568412,0.47933513,0.007741058,0.18145417,1.3280231,79.03175,44.342426,7.3006487,1408.4832
2007.409,0.36592174,0.21788219,0.055830345,0.07523461,0.73452425,71.84623,30.060743,7.278077,136.55151
2007.2954,0.21332966,0.120307095,0.01998123,0.028196877,0.35425767,69.73081,28.10826,7.185286,171.51015
2007.2936,0.21146087,0.1203839,0.02313984,0.027703231,0.36139628,69.77341,28.31579,7.1991,176.44682
2007.41,0.28780463,0.15583743,0.0318921,0.05323264,0.50563335,70.134636,27.70906,7.1826963,115.281815
2007.2552,1.1495908,0.7630619,0.4018925,0.2257067,2.385587,75.18315,36.356453,7.550649,338.57977
2007.3849,0.34051943,0.18939857,0.04716733,0.07255082,0.65581036,70.63818,28.31455,7.2082233,74.834915
2007.4006,0.33629066,0.1904005,0.04631581,0.07182278,0.63127553,71.017456,28.757133,7.217273,91.26049
2007.8167,0.6001203,0.38355562,0.08742756,0.12953219,1.2196962,75.14589,34.665627,7.430475,425.24625
2007.5428,0.28166145,0.15760909,0.038981512,0.055487934,0.46231222,71.013664,28.67633,7.214219,143.96536
2007.415,0.26895964,0.1459238,0.033234738,0.05138891,0.48418865,69.66917,27.403757,7.1517735,95.166855
2007.42,0.24749854,0.13351323,0.03164263,0.04733954,0.45619276,69.04342,26.865646,7.1108627,77.67689
2007.4067,0.29120874,0.1574748,0.031005474,0.05320961,0.50912625,70.19857,27.730371,7.1870127,119.64194
2007.4132,0.20567533,0.10684002,0.02017493,0.034529436,0.3944194,67.564865,25.342777,7.0152464,55.51778
2007.3872,0.27467945,0.14724642,0.025746657,0.048034202,0.48651102,69.58896,27.124407,7.147204,109.258896
2007.3065,0.35117972,0.20207298,0.045254603,0.07601589,0.6803211,71.05022,28.904259,7.210448,75.473976
2007.6086,0.23908673,0.12308677,0.033338834,0.043401435,0.41857827,68.90259,26.348251,7.106786,98.93954
2007.3923,0.27170295,0.14595933,0.027129108,0.04839001,0.48381594,69.55205,27.137678,7.1446266,104.76162
2007.5728,0.6922285,0.43728337,0.13827205,0.13602737,1.3715464,75.311,33.981106,7.3968716,306.3732
2007.4976,0.21498327,0.11056924,0.024472343,0.03678668,0.3971841,67.96218,25.589653,7.0431337,71.66348
2007.3962,0.26095766,0.14037259,0.028171504,0.04749177,0.4717519,69.2953,26.978142,7.1275406,92.979965
2007.4198,0.33150268,0.18159391,0.044145547,0.068041645,0.62342304,70.531456,28.080006,7.207741,88.7012
2007.5115,0.25029853,0.13287519,0.034327008,0.047545154,0.44826636,69.21737,26.866516,7.1245203,91.47589
2007.4391,0.3696633,0.2207652,0.057537038,0.075397864,0.7415549,72.02213,30.243097,7.290468,148.2527
2007.422,0.2955714,0.16109285,0.036974005,0.057502422,0.5292193,70.2776,27.909462,7.1916537,106.397385
2007.4388,0.24906397,0.13401969,0.032460816,0.047686692,0.45605707,69.11397,26.902132,7.115914,81.005585
2007.4043,0.27635258,0.14924899,0.030340174,0.050803207,0.4912015,69.7777,27.39912,7.159238,105.7289
2007.3875,0.2430608,0.13009709,0.025833087,0.043743167,0.4492496,68.74022,26.49834,7.0910516,77.95294
2007.42,0.25908285,0.14088368,0.034592085,0.05078396,0.47333586,69.44566,27.27809,7.136855,83.8872
2007.3606,0.35728726,0.20494193,0.046601273,0.076927826,0.68176526,71.286446,29.019508,7.2229285,87.75774
2007.4296,0.28002754,0.15286164,0.037129674,0.055060904,0.49955264,70.08905,27.829138,7.179166,101.69775
2007.9534,0.7053044,0.4673295,0.052241806,0.16554469,1.3624014,76.76651,40.10046,7.421038,895.25916
2007.9092,0.7676514,0.5050182,0.073494375,0.1748378,1.469551,77.11034,40.013145,7.4162383,864.5309
2007.3839,0.255803,0.13679215,0.02489105,0.04497091,0.4637295,69.05388,26.702978,7.1118927,91.59243
2007.3945,0.31652132,0.17620796,0.044840574,0.066951275,0.5970648,70.48926,28.272383,7.198711,81.30992
2007.3416,0.260796,0.14506292,0.028514,0.041940104,0.45196125,70.28913,28.35328,7.2165103,158.74065
2007.3773,0.36025432,0.21047114,0.050280735,0.075836055,0.7037576,71.52776,29.488413,7.2464013,109.97392
2007.4021,0.26026323,0.14037506,0.029765295,0.048277564,0.47187483,69.32646,27.048029,7.1294446,90.49679
2007.5009,0.2722242,0.14723745,0.04003926,0.054362737,0.48253676,69.98077,27.680677,7.173512,101.167206
2007.4081,0.25556877,0.13821135,0.03138391,0.048528187,0.4672922,69.25068,27.039446,7.1242723,84.037415
2007.4126,0.27931118,0.15139063,0.032586522,0.05245103,0.49602106,69.92764,27.57615,7.1689353,106.11529
2007.9202,0.67764986,0.45464846,0.054630764,0.15998712,1.3355145,76.26718,39.37685,7.450385,813.13727
2007.415,0.27866226,0.15119487,0.033244118,0.052725524,0.49564406,69.93074,27.597761,7.1690755,104.73307
2007.4237,0.29639584,0.16168492,0.03768968,0.058070816,0.53234035,70.28817,27.930035,7.192282,104.76918
2007.4257,0.3029833,0.16917382,0.042811066,0.063049525,0.5521504,70.598335,28.39114,7.200929,97.59898
2007.4276,0.2842371,0.15502411,0.036611367,0.05535202,0.5042137,70.186195,27.885862,7.1856427,106.43733
2007.3787,0.26928794,0.1437783,0.023477802,0.046040077,0.47880718,69.3728,26.897673,7.133128,106.49656
2007.3828,0.38713887,0.24767137,0.08251096,0.078396924,0.90448016,72.416565,32.009212,7.369821,176.8787
2007.3613,0.3006921,0.16464125,0.02979613,0.053580306,0.5289959,70.459984,28.058178,7.205918,131.81084
2007.4138,0.2744164,0.14881116,0.032916475,0.051961754,0.49043986,69.80616,27.495867,7.1608667,100.91184
2007.9473,0.20290725,0.13518156,-0.0312815,0.047785636,0.25731394,72.99378,33.1626,7.355243,537.21924
2007.6072,0.717451,0.45308945,0.14044225,0.141993,1.4153793,75.56704,34.182934,7.400897,322.91327
2007.6886,0.348142,0.20399936,0.04622484,0.066886626,0.572012,72.975426,30.393867,7.304941,221.34615
2007.5079,0.22135514,0.11438429,0.026416129,0.038671434,0.4053577,68.19514,25.811296,7.0584455,76.303085
2007.5096,0.2635609,0.1414399,0.0378793,0.05163595,0.46838486,69.68293,27.353867,7.154522,97.96173
2007.4385,0.27562147,0.15104309,0.03954011,0.05578884,0.49577835,70.04581,27.867907,7.176068,94.6299
2007.4103,0.27328193,0.14796323,0.03194275,0.051267795,0.48852542,69.74515,27.422081,7.1569266,100.8904
2008.193,0.6628608,0.4256642,-0.009093447,0.16491263,1.2075882,77.90814,43.183754,7.3163447,1295.9803
2007.4124,0.26360428,0.14284703,0.032526635,0.050262567,0.47745034,69.50281,27.259745,7.1408386,90.67977
2007.3179,0.3531246,0.20546533,0.047503624,0.07538896,0.6935841,71.20091,29.188383,7.224858,89.095825
2007.4187,0.33569953,0.1839199,0.044672646,0.06908863,0.6338856,70.55843,28.090536,7.2094736,87.32291
2007.415,0.25491047,0.13829236,0.03322503,0.049455665,0.46760377,69.29054,27.12305,7.1267285,81.31096
2007.8074,0.6591375,0.42564255,0.09443571,0.14278823,1.3192956,75.600266,35.673393,7.435489,489.20642
2007.5627,0.3845593,0.23130144,0.06341487,0.07631029,0.7633238,72.706345,30.877502,7.3358073,192.09904
2007.4298,0.73267925,0.46990672,0.17802086,0.14726725,1.4581642,75.20977,34.731125,7.3870726,273.60165
2007.346,0.2280781,0.12108954,0.013344498,0.03389252,0.38277733,68.8595,26.514833,7.096444,116.229004
2007.4268,0.276852,0.15096073,0.036388528,0.054215416,0.49536705,69.980354,27.726866,7.1720486,99.39946
2007.5076,0.23071894,0.12040645,0.02894389,0.04155302,0.41943842,68.52461,26.154348,7.079703,81.00888
2007.3959,0.33623174,0.1825636,0.037260603,0.06478964,0.622191,70.49751,27.865788,7.2061725,103.7334
2007.4054,0.27989593,0.1512448,0.030641073,0.05145578,0.4955607,69.88254,27.4856,7.166143,108.88692
2007.3616,0.34321958,0.19340573,0.048003167,0.07443909,0.66542685,70.765816,28.540693,7.2088304,70.9381
2007.5629,0.24425869,0.12762676,0.03377519,0.045319535,0.43239582,69.047035,26.588352,7.114893,95.37143
2007.4679,0.223404,0.116766594,0.02612737,0.039588336,0.41373685,68.23431,25.930761,7.05991,71.923355
2007.4108,0.27024117,0.14634791,0.032093488,0.050933853,0.48502624,69.667984,27.369354,7.1518073,97.71911
2007.3689,0.22888455,0.12120825,0.02083364,0.039034024,0.42956463,68.20208,25.952934,7.0559454,69.59987
2007.3866,0.2506646,0.13417199,0.025605502,0.044660762,0.45808813,68.93786,26.638035,7.1041474,85.71483
2007.6428,0.23391506,0.11885493,0.032658983,0.041566264,0.40629393,68.74863,26.121006,7.0977573,100.94279
2007.4753,0.24355625,0.12950753,0.031741053,0.045730844,0.44294775,68.95017,26.659897,7.1063147,83.16637
2007.3794,0.2609828,0.13930891,0.023647973,0.044994496,0.46910703,69.15448,26.740974,7.1186695,98.10724
2007.4657,0.2452055,0.13082653,0.03198204,0.04630786,0.44671303,69.00022,26.731092,7.109286,82.68282
2007.5327,0.26377413,0.14096427,0.038421392,0.051536735,0.4656563,69.70938,27.336123,7.1568403,101.18221
2007.4288,0.2793149,0.15242544,0.036923002,0.054848857,0.49858937,70.06339,27.804068,7.1774893,101.22749
2008.2444,0.97204745,0.6237914,0.106786385,0.2122809,1.7031736,79.89812,43.226994,7.4155984,1191.3403
2007.4236,0.28263858,0.1538945,0.03551316,0.05452555,0.50167805,70.108795,27.79628,7.1806307,106.098305
2007.3986,0.34397858,0.18721017,0.03983269,0.067669824,0.64428765,70.56107,27.93357,7.210124,97.64302
2007.4362,0.25064692,0.13510633,0.032833915,0.048192285,0.45877868,69.16755,26.962986,7.1193023,81.45262
2007.3251,0.27066022,0.15538117,0.044788733,0.045186333,0.53531355,70.43644,29.146341,7.271212,163.59114
2007.4296,0.24979101,0.13473336,0.032462504,0.04797663,0.45837495,69.13194,26.939032,7.116828,80.12066
2007.4342,0.22116008,0.11622268,0.024810521,0.039139688,0.41483763,68.12753,25.886053,7.052123,66.22648
2007.4913,0.22733048,0.11866486,0.027683115,0.040627986,0.4165209,68.39185,26.04846,7.0707,77.08237
2007.4077,0.35111877,0.19198564,0.044435203,0.07164699,0.6685397,70.638855,28.063513,7.2148166,87.08026
2007.418,0.28257802,0.15350181,0.03400245,0.053682078,0.50071335,70.059906,27.7157,7.1775455,107.742615
2007.4532,0.28646317,0.1592794,0.040642165,0.058342546,0.50495595,70.54271,28.341078,7.198144,109.281845
2007.5771,0.23909739,0.12393177,0.03267892,0.043630186,0.42276543,68.877045,26.383598,7.1043005,94.686104
2007.459,0.36740774,0.21056493,0.0482674,0.07765874,0.68139404,71.771484,29.31001,7.247119,116.58667
2007.3992,0.24129435,0.12988967,0.028989693,0.045245826,0.44903156,68.7914,26.62896,7.094126,72.64883
2007.3853,0.27866164,0.14995886,0.024740005,0.047689635,0.4750636,70.007744,27.51579,7.173607,128.96367
2007.4535,0.25477758,0.13729888,0.03431588,0.049338616,0.46268097,69.32724,27.094965,7.1300683,85.886055
2007.8457,0.4472133,0.27642024,0.061745714,0.09632308,0.92930186,73.995674,32.520176,7.413659,311.3543
2007.4032,0.3670431,0.2008129,0.04644233,0.075623825,0.7082506,70.74128,28.10369,7.221395,81.8348
2007.607,0.2862633,0.16456802,0.036847293,0.054889657,0.43038222,71.92951,29.506872,7.246542,189.01405
2007.4304,0.21674265,0.1134859,0.023535626,0.03780832,0.4087137,67.96888,25.728561,7.0417833,63.47697
2007.3972,0.3659698,0.1997597,0.044231642,0.07412595,0.70196056,70.71652,28.038242,7.2199745,86.790794
2007.3872,0.28065556,0.15049227,0.025749424,0.04885579,0.49356484,69.74997,27.24374,7.1578546,115.15436
2007.4958,0.23935781,0.12626545,0.031036256,0.04429305,0.43393725,68.81921,26.483482,7.0984063,83.810196
2007.53,0.22426121,0.115660466,0.02766938,0.039406262,0.40677765,68.31572,25.893038,7.0668173,80.77563
2007.4318,0.27535233,0.1504658,0.03772985,0.05475115,0.49439043,69.981926,27.767427,7.172021,96.40619
2007.4147,0.3450028,0.18897732,0.045394022,0.07114458,0.6562997,70.614395,28.100368,7.2131047,85.25907
2007.3932,0.32184467,0.180431,0.04531415,0.0684457,0.6065282,70.65237,28.440113,7.2037773,83.72867
2007.468,0.2732843,0.14879611,0.039631996,0.054924857,0.48849466,69.99095,27.756086,7.173293,97.2443
2007.4098,0.33632773,0.18363898,0.041902196,0.0675569,0.63049066,70.53796,28.005978,7.2083917,93.43533
2008.0099,1.0109243,0.6606985,0.1609691,0.2129105,1.8455511,78.86653,40.445103,7.4994597,830.5139
2007.3391,0.22630332,0.12263326,0.013638681,0.032163657,0.34797588,69.6533,27.441147,7.1503477,153.84572
2007.3745,0.25073418,0.13343629,0.022357775,0.042874895,0.4562501,68.838135,26.468786,7.0978703,89.44683
2007.3955,0.2838443,0.15275262,0.02796956,0.050520707,0.49864054,69.90529,27.423985,7.1679106,115.79748
2007.4148,0.32951415,0.18007922,0.042027123,0.06643825,0.6152122,70.502594,28.018526,7.2060404,93.49823
2007.4255,0.2676969,0.14591224,0.036065467,0.052780528,0.4843723,69.72372,27.527298,7.1551037,90.72744
2007.5365,0.22088894,0.113322906,0.026892507,0.038323104,0.40086675,68.202286,25.762453,7.059667,79.93844
2007.2747,0.2987133,0.18239753,0.078078054,0.061698616,0.7194606,70.60228,30.459864,7.3283916,118.53152
2007.3666,0.21592027,0.114025496,0.02023411,0.0369236,0.41391128,67.83422,25.662876,7.03167,57.480038
2007.4098,0.33257052,0.18147744,0.041071683,0.06640709,0.62049973,70.51072,27.985708,7.2066717,95.46456
2007.4109,0.2515996,0.13622835,0.03210777,0.04838369,0.46303618,69.166435,26.998314,7.118629,79.303246
2007.7006,0.5827968,0.36674297,0.1036252,0.11914554,1.1883196,74.74259,33.451942,7.409625,312.8095
2007.4724,0.38224894,0.23599462,0.07004734,0.07648412,0.8160658,72.49774,31.273174,7.3446608,182.25807
2007.4298,0.2728393,0.14897451,0.03719806,0.054112315,0.49111038,69.89762,27.689367,7.166496,94.5256
2007.4014,0.24510953,0.13209538,0.029552078,0.046080247,0.4538663,68.91172,26.734598,7.1020308,75.78013
2007.5413,0.25697005,0.13636734,0.036759406,0.049383413,0.45432484,69.47681,27.077631,7.142056,98.88588
2007.4526,0.24637571,0.13192455,0.032024756,0.046760898,0.45019194,69.03071,26.788372,7.110908,81.51564
2007.5719,0.2406856,0.1250941,0.032996234,0.044156827,0.42585492,68.928566,26.447659,7.1074843,94.768295
2007.4227,0.2787109,0.1517081,0.035288207,0.053862218,0.49691004,69.995995,27.706127,7.173191,102.47532
2007.4778,0.2682452,0.14529859,0.03847473,0.053305082,0.4796396,69.82159,27.560766,7.1626225,96.016525
2007.6074,0.2700391,0.14299497,0.04169298,0.05292709,0.46513137,69.99163,27.482296,7.177046,114.48541
2007.5374,0.26633602,0.1424846,0.039213657,0.05229088,0.4688751,69.80347,27.424671,7.1630373,103.11663
2007.3846,0.36283904,0.21544616,0.054365024,0.075117044,0.7283301,71.700264,29.90459,7.2676105,126.73429
2006.7675,1.6901779,1.2481959,0.52816874,0.43806863,3.985618,76.83339,43.029694,7.3870325,335.5852
2007.3868,0.23456742,0.12544924,0.025683159,0.04249479,0.4391382,68.50681,26.321072,7.0756264,69.738914
2007.6558,0.25270578,0.13057633,0.038018983,0.04725108,0.43274108,69.42105,26.794264,7.141503,112.23307
2007.3851,0.23429495,0.12519026,0.025217062,0.042199727,0.43854114,68.4849,26.291147,7.0742226,69.99568
2007.3824,0.24752904,0.13220105,0.024479175,0.043607835,0.45372197,68.81819,26.516325,7.0963426,83.89048
2007.5739,0.3811438,0.22393161,0.057188835,0.07716962,0.7203492,72.54553,30.300081,7.3079557,173.41707
2007.44,0.28419295,0.15585625,0.040389523,0.057534616,0.5092884,70.24614,28.027357,7.1892366,99.39074
2007.4783,0.27911627,0.15340176,0.040487815,0.05633595,0.4898533,70.34397,28.103716,7.1906943,108.35155
2007.4192,0.34243545,0.18783309,0.046333697,0.071252,0.6520969,70.60875,28.13208,7.212639,83.30332
2007.4203,0.27291515,0.14840445,0.03463163,0.052703936,0.48968244,69.81938,27.55604,7.161573,97.49541
2007.4352,0.33938697,0.19390655,0.045600325,0.07177858,0.6194075,71.424614,29.109087,7.231662,111.32171
2007.4299,0.26500595,0.14449313,0.03658985,0.052651983,0.4811276,69.66808,27.495386,7.1514435,87.8959
2007.5562,0.2446216,0.12804069,0.033730403,0.045479786,0.43384007,69.05422,26.609177,7.115176,94.63647
2007.4132,0.27343804,0.14823486,0.03272732,0.05172294,0.48917347,69.773895,27.466413,7.158751,100.15949
2007.5583,0.3849931,0.23336908,0.065300755,0.07584595,0.7755939,72.75636,31.067257,7.3445935,198.49715
2007.5851,0.27762896,0.15272313,0.039749622,0.054263514,0.45687884,70.76285,28.331522,7.204992,140.66624
2007.6165,0.26861164,0.14183834,0.041496295,0.05242362,0.4617975,69.948784,27.42005,7.1745195,114.98028
2007.4207,0.2678354,0.1456713,0.034737807,0.052065577,0.48375073,69.68591,27.460308,7.1527333,92.36179
2007.4381,0.2764998,0.1514934,0.03942822,0.05584751,0.49674863,70.065956,27.879547,7.177412,95.623055
2007.4984,0.27321523,0.14794047,0.04025485,0.054685377,0.48435372,70.01361,27.719723,7.1755652,101.331566
2007.4523,0.36660075,0.20997299,0.047928404,0.07761521,0.68007517,71.734055,29.273586,7.244573,114.14986
2007.4248,0.2697982,0.14700508,0.035862945,0.0529569,0.4867321,69.773964,27.558567,7.1584473,93.029945
2007.3994,0.26207015,0.14118268,0.029036453,0.04812259,0.47357622,69.35232,27.045773,7.1312265,93.102356
2007.4097,0.30973846,0.16833635,0.035998452,0.059404217,0.55974054,70.34497,27.861734,7.196206,107.85402
2007.2446,0.34244356,0.20181178,0.05115896,0.07560547,0.7034215,70.88116,29.245653,7.216678,65.96211
2007.6069,0.4640081,0.29181793,0.087183535,0.09326877,0.98359525,73.67049,32.586838,7.398117,254.19153
2007.5234,0.2105504,0.10703298,0.023817664,0.03523816,0.38710743,67.82741,25.39867,7.0351224,72.91829
2007.4766,0.27342296,0.1486565,0.03985037,0.05490598,0.4875646,70.00291,27.751623,7.174293,98.476616
2007.4069,0.2580113,0.13945241,0.031025765,0.048665367,0.46996278,69.305244,27.069342,7.1279173,86.85224
2007.4232,0.24370103,0.13098954,0.03068184,0.046149008,0.45007733,68.912315,26.723125,7.102485,76.18193
2007.4084,0.3093585,0.16803128,0.035522755,0.059055816,0.55804825,70.338844,27.847843,7.1958475,108.9279
2007.938,0.9821626,0.63608485,0.16766123,0.20315333,1.8101622,78.41255,38.988075,7.482292,705.7386
2008.6602,0.85844433,0.5287045,-0.0087092575,0.2046113,1.3751866,81.51022,48.310406,7.2450166,1866.1382
2007.4357,0.26059735,0.14150791,0.03551832,0.05125497,0.4737522,69.5176,27.32762,7.1418843,86.44225
2007.4315,0.30322224,0.16618538,0.041794863,0.06169835,0.5550129,70.35999,28.045345,7.19663,95.32493
2007.4817,0.23533414,0.12406103,0.029646924,0.043157924,0.42979443,68.66577,26.352058,7.0881243,79.84029
2007.4253,0.27499035,0.14985219,0.035978746,0.053733423,0.49292782,69.917404,27.668205,7.1679244,98.02415
2007.3553,0.7167977,0.46260014,0.18300326,0.14710885,1.452419,74.87094,34.731377,7.3756332,239.58542
2007.3893,0.22128889,0.117504135,0.023897456,0.03950177,0.4209964,68.09499,25.940763,7.048827,60.200825
2007.4146,0.3124209,0.17023192,0.038187295,0.061170794,0.56965214,70.37815,27.92445,7.1981854,102.86623
2007.2263,0.3697953,0.22976461,0.14948584,0.040433947,0.7149155,71.33605,31.822506,7.4227376,268.83835
2007.4237,0.2727511,0.14853615,0.035558727,0.053193938,0.490037,69.84396,27.601477,7.163108,96.287735
2007.3845,0.36459142,0.20182599,0.048962317,0.077521555,0.71190184,70.77362,28.296202,7.2186947,71.45913
2007.3953,0.3656298,0.19942605,0.04353128,0.07365142,0.6999678,70.70868,28.017508,7.2195244,88.36089
2007.5337,0.24214502,0.12704724,0.032587923,0.044878878,0.43309847,68.94854,26.543442,7.10776,90.34665
2007.6034,0.2525298,0.13185917,0.036867533,0.047572453,0.439424,69.37168,26.846037,7.136924,105.05117
2007.5272,0.22372752,0.11539347,0.02746507,0.03926254,0.40635422,68.294586,25.876665,7.065378,80.12027
2007.4,0.26601124,0.14335908,0.029188694,0.048747566,0.47831702,69.46321,27.132374,7.138547,96.82057
2007.3971,0.25604734,0.13776232,0.02840742,0.04694838,0.46609694,69.170456,26.892603,7.1192584,87.8672
2007.4077,0.26449752,0.14303036,0.0312598,0.04968481,0.47775528,69.487236,27.211,7.1399326,92.990326
2007.5978,0.2595466,0.136514,0.038649336,0.049770005,0.45068264,69.61418,27.109032,7.152427,107.85534
2007.4438,0.26745656,0.14569536,0.037547015,0.053305574,0.48295227,69.76588,27.569576,7.158126,91.02701
2007.4264,0.29703403,0.16225185,0.038735535,0.058802277,0.53561264,70.30058,27.960829,7.1930003,102.41801
2007.4397,0.2753372,0.15086836,0.039591584,0.055758886,0.4953237,70.03993,27.862658,7.1757026,94.45539
2007.2734,0.348124,0.19920813,0.045026142,0.075608246,0.6867653,70.74583,28.646666,7.199057,61.564404
2007.4125,0.32097283,0.17499919,0.039386343,0.06337829,0.5911891,70.4342,27.94969,7.2017756,99.78055
2007.2136,0.36138812,0.22816293,0.13423552,0.06556464,0.85956275,71.03953,31.836811,7.4006333,149.21886
2007.3934,0.2146655,0.1131392,0.022192711,0.0374352,0.4105127,67.8652,25.693718,7.0341063,57.407085
2007.6296,0.39372444,0.23982182,0.06901565,0.07630358,0.7901833,73.16215,31.466047,7.372343,225.00302
2007.378,0.2944261,0.1597534,0.027253589,0.05186481,0.5048756,70.37035,27.862585,7.1953735,132.33595
2007.4039,0.26575735,0.14347708,0.03026292,0.049306586,0.47865257,69.489975,27.18375,7.140212,95.35832
2007.3325,0.3569431,0.20088096,0.04773383,0.07705431,0.7016547,70.76775,28.486069,7.209617,65.14473
2007.4102,0.30377308,0.1649406,0.034843512,0.057675615,0.5441628,70.30313,27.8345,7.193552,110.71281
2007.414,0.27369207,0.14842387,0.03294174,0.051876333,0.4896,69.787445,27.482748,7.159626,100.16841
2007.4261,0.27949992,0.1523553,0.03620675,0.054478284,0.49838427,70.045975,27.770124,7.176407,102.21804
2007.3917,0.24644744,0.13220848,0.02697646,0.04483998,0.4539222,68.86718,26.62596,7.0993376,80.005974
2007.4326,0.27001518,0.14761779,0.03794069,0.054135323,0.48821676,69.8448,27.672062,7.162929,90.900505
2006.9792,0.7980877,0.5281267,0.28342637,0.16571201,1.6111889,74.116684,36.22898,7.354992,178.3832
2007.3058,0.35275963,0.20811065,0.05067138,0.07479013,0.71219814,71.24616,29.471054,7.2369843,96.10441
2007.4003,0.27461395,0.14804639,0.029255008,0.04996471,0.4885081,69.69694,27.30743,7.154002,105.23687
2007.3995,0.27128053,0.14619116,0.0290656,0.049402587,0.48446244,69.60125,27.230997,7.147691,102.16034
2007.3779,0.36091593,0.2120032,0.05157801,0.07557991,0.7117562,71.57634,29.620096,7.2529263,115.016235
2007.41,0.26396263,0.14288789,0.03188123,0.049954947,0.47749147,69.49227,27.232983,7.140205,91.761406
2007.4617,0.27325597,0.1489457,0.0394917,0.054961286,0.4892871,69.984764,27.762047,7.172727,96.37765
2009.6555,0.8568289,0.56080693,-0.16238604,0.24857773,1.4496437,84.51986,58.98055,7.0044703,3478.5686
2007.4529,0.25084057,0.13478434,0.033239305,0.048131753,0.45684758,69.18817,26.951458,7.121079,83.818924
2007.5386,0.38415033,0.23393735,0.066347115,0.07583829,0.7845925,72.70022,31.123106,7.3450255,195.60202
2007.0166,0.2876354,0.19616212,0.09407338,0.07,0.82449067,70.24372,31.635221,7.306367,50.547367
2007.4032,0.27753767,0.14982195,0.030043801,0.05080199,0.49242467,69.80035,27.407185,7.1607647,107.23288
2007.4036,0.32136476,0.17457499,0.036530428,0.06175457,0.5871081,70.41172,27.86285,7.2005696,106.09429
2007.4176,0.27077323,0.14707004,0.03391247,0.052012444,0.48672962,69.739204,27.475536,7.15634,96.19243
2006.7471,0.86996627,0.59745264,0.29221842,0.20699678,1.8701044,74.34764,37.771774,7.2684765,101.00454
2007.4045,0.28464746,0.15377088,0.0304136,0.051982056,0.5010334,70.00337,27.568415,7.1741586,113.833374
2007.4116,0.36027798,0.19753785,0.04774122,0.075209305,0.6951263,70.71628,28.151663,7.219613,79.291855
2007.4767,0.24542892,0.13067512,0.032275654,0.04629723,0.4455806,69.017204,26.72697,7.1106763,84.294365
2007.4125,0.21322328,0.111705326,0.022203756,0.036855165,0.40582427,67.83011,25.619766,7.032348,59.25497
2007.413,0.25962767,0.14072499,0.03268361,0.049803667,0.47285038,69.400635,27.188683,7.134064,86.57767
2007.383,0.33576706,0.18706693,0.046807103,0.071624726,0.64506733,70.613075,28.325968,7.2059407,75.16854
2007.3907,0.25358835,0.13602369,0.026713902,0.04567473,0.4621938,69.05126,26.754583,7.1115403,87.350395
2008.1196,0.5810075,0.38622668,-0.007594256,0.14913993,1.1182748,76.59375,41.401455,7.3903728,1098.0634
2007.4281,0.28789768,0.1591882,0.04147615,0.05928437,0.52097356,70.31924,28.148294,7.1904063,95.46322
2007.8889,0.1237358,0.08883109,-0.048241585,0.029735124,0.06550244,72.406075,33.1635,7.3387804,564.4264
2007.5665,0.3399644,0.19584098,0.042623058,0.06861211,0.56996405,72.23134,29.654428,7.260166,166.50154
2007.3982,0.23980744,0.12902,0.02872832,0.04489729,0.44712242,68.74318,26.585573,7.0909624,71.476036
2007.4001,0.26405403,0.14230572,0.02922842,0.048500948,0.4760309,69.41174,27.095427,7.135139,94.84395
2008.7544,1.705689,1.2138677,0.29584426,0.42268357,3.5986152,83.09508,50.0105,7.46269,1943.6769
2007.8123,0.8588406,0.55805427,0.13600083,0.18136308,1.6404185,77.17071,37.796936,7.4512115,613.30273
2007.3595,0.3579047,0.20500909,0.04736516,0.07740408,0.6855296,71.2594,29.000507,7.22335,84.792725
2007.5632,0.26455817,0.14065357,0.039277494,0.051558778,0.4627794,69.76218,27.330858,7.1610603,105.717224
2007.7018,0.8003054,0.50694287,0.14672321,0.16188668,1.5586214,76.38471,35.084232,7.414292,392.47397
2007.4878,0.25565884,0.13695006,0.035277825,0.049363513,0.4594497,69.386566,27.089066,7.1348104,90.98129
2007.5059,0.25505233,0.13607885,0.035494562,0.049047437,0.45614314,69.38011,27.04678,7.134874,93.121216
2007.8401,0.7130215,0.4736235,0.083311655,0.16111127,1.4096965,76.16428,38.073143,7.4564376,670.78186
2007.4487,0.22276886,0.116870895,0.025550423,0.03953082,0.41533363,68.1961,25.928877,7.0569324,68.998665
2007.4895,0.38458374,0.23797503,0.07131551,0.0765754,0.82192636,72.60657,31.402275,7.3529515,189.67528
2007.6732,0.34673065,0.20242107,0.045122713,0.067075394,0.5680206,72.87138,30.259212,7.296898,213.40662
2007.4221,0.26775283,0.145725,0.035151575,0.05228299,0.48389798,69.69663,27.480398,7.153402,91.81353
2007.5818,0.28533253,0.16300896,0.037416767,0.055229302,0.4410183,71.675285,29.291,7.2376165,175.37921
2007.3993,0.28889555,0.15573841,0.02898899,0.051777426,0.50520426,70.073204,27.578289,7.178918,119.633255
2007.3817,0.2739486,0.14730586,0.023663001,0.04637855,0.4656591,69.91786,27.440426,7.1674786,128.5445
2007.4731,0.25719208,0.13832341,0.035385437,0.049939528,0.46368262,69.428535,27.16139,7.137131,89.78383
2007.4099,0.36309296,0.20742543,0.04853017,0.07811799,0.6854812,71.47932,29.10986,7.234871,96.55801
2007.4767,0.24871105,0.13278408,0.03316316,0.04730676,0.45050675,69.13275,26.847136,7.1181326,85.95335
2007.3953,0.36561847,0.19941497,0.043507993,0.073635645,0.6999016,70.70842,28.016819,7.2195096,88.41308
2007.4056,0.2853332,0.15421267,0.030705081,0.052237287,0.502015,70.03095,27.597404,7.1759543,114.181435
2007.4083,0.3320658,0.18108097,0.040479526,0.065967835,0.6183209,70.50293,27.968458,7.2062144,96.80289
2007.2335,0.45864972,0.28321242,0.17894775,0.07237778,0.9485333,71.81365,32.231106,7.430289,187.35121
2007.3058,0.24713084,0.15028298,0.06853001,0.038072973,0.5900796,70.3481,30.411839,7.361299,197.21375
2007.3867,0.36481062,0.2013801,0.047950316,0.07679908,0.7097028,70.76149,28.243444,7.2188797,74.64168
2007.404,0.25031546,0.13510099,0.030302094,0.04720925,0.46045318,69.07537,26.877832,7.1127825,80.07258
2007.4229,0.30383888,0.16590951,0.03907503,0.0601946,0.5516799,70.33989,27.962332,7.1955676,101.32571
2007.4045,0.34419093,0.18826936,0.043009248,0.067305565,0.6471141,70.7698,28.274582,7.2347336,109.90916
2007.3762,0.28261638,0.1531878,0.024769763,0.048371676,0.47300744,70.3118,27.83763,7.191264,139.0487
2007.4043,0.24601933,0.13277842,0.030345561,0.04664375,0.45540908,68.961044,26.794434,7.1052155,75.7831
2007.3951,0.28860044,0.15531103,0.02786746,0.051116925,0.50419277,70.030174,27.513477,7.176182,120.60705
2007.4553,0.2609434,0.14120649,0.036026075,0.051220503,0.47166505,69.54598,27.318445,7.144239,89.27856
2007.3934,0.25179595,0.13522507,0.027447442,0.04583429,0.46051243,69.02594,26.757376,7.109793,84.75386
2007.363,0.24949037,0.13368973,0.018011106,0.03946936,0.4135364,69.52182,27.12298,7.1400437,129.52821
2007.4851,0.37417608,0.22204538,0.05745599,0.07620729,0.73551595,72.19675,30.249325,7.2960978,155.97574
2007.4225,0.26107702,0.14211798,0.035227846,0.05140907,0.47606507,69.51925,27.351265,7.1416607,85.13833
2007.3942,0.30989948,0.1779509,0.0675037,0.05810815,0.67390966,70.76459,29.733335,7.3325987,150.96104
2007.6667,0.22789626,0.1143539,0.031532537,0.039544538,0.39410716,68.55634,25.874222,7.0859804,101.120094
2007.4614,0.375404,0.22744833,0.06279525,0.075678736,0.7718186,72.26375,30.704138,7.3155856,165.96802
2007.4192,0.28344536,0.15405399,0.03434326,0.053989507,0.50193834,70.093925,27.750904,7.1797624,108.21429
2007.4094,0.3487248,0.19074105,0.0445068,0.07127036,0.66321987,70.62666,28.068758,7.2140036,87.0409
2007.3789,0.2347606,0.12504283,0.02353626,0.04133444,0.43809682,68.44486,26.212124,7.071739,72.35119
2007.2618,0.38963825,0.25288785,0.09223362,0.08161421,0.94294894,72.04258,32.080048,7.3526926,139.51347
2007.3873,0.29585445,0.17298242,0.07532901,0.05375301,0.68152094,70.68088,30.169748,7.364023,166.48535
2007.4231,0.28318596,0.15416633,0.035406392,0.05454164,0.50226086,70.12019,27.801588,7.1813955,106.759056
2007.3943,0.27245143,0.14648923,0.027647449,0.048779268,0.4850057,69.58842,27.17984,7.1469812,104.915695
2007.4056,0.23570721,0.12632519,0.028146947,0.04381727,0.4404292,68.616295,26.450148,7.082911,69.74242
2008.6311,1.3844066,0.9451773,0.20173503,0.32626295,2.6919527,82.33083,47.827618,7.431818,1717.0292
2007.5175,0.21303067,0.108783506,0.024364298,0.036043223,0.39161047,67.90987,25.496016,7.0402875,73.37498
2007.4238,0.3242733,0.17772658,0.043868907,0.06661224,0.6064998,70.49042,28.080948,7.2050533,89.67532
2007.4136,0.29984078,0.16292498,0.035091348,0.057134144,0.5356511,70.28423,27.847054,7.192278,110.35938
2007.3866,0.45878536,0.2914045,0.103546776,0.08806204,0.99050015,73.128685,32.36649,7.372818,190.55763
2007.4,0.2478994,0.13352917,0.029211136,0.046274602,0.45695698,68.97619,26.772327,7.1063285,78.9184
2007.4039,0.20258519,0.10510116,0.01914422,0.033645336,0.39100942,67.44845,25.239931,7.0074873,52.70206
2007.3999,0.3345255,0.18187378,0.038204923,0.065050535,0.61995465,70.49651,27.89653,7.2060137,101.72438
2007.4904,0.23618193,0.124375015,0.030058676,0.04335662,0.42991847,68.70276,26.37347,7.0907416,81.44142
2007.522,0.31063846,0.17830276,0.040729087,0.06268177,0.51702917,71.71566,29.356869,7.240371,153.40521
2007.4147,0.36449736,0.21297942,0.051474966,0.07623337,0.7067008,71.71423,29.621172,7.257226,121.02972
2007.6445,0.63301504,0.3990954,0.11928602,0.12697777,1.2724682,75.00856,33.698055,7.4040585,310.59543
2007.4094,0.26360223,0.14265743,0.03173524,0.049824797,0.47697994,69.478,27.218124,7.139275,91.57038
2007.4205,0.25058836,0.13548431,0.03248942,0.048286065,0.4607591,69.15263,26.978174,7.1179247,79.31122
2007.4601,0.49578682,0.31308073,0.10724222,0.09460473,1.0340508,73.62061,32.603214,7.382439,221.33797
2007.5524,0.25084293,0.13213596,0.035335425,0.04741965,0.44366378,69.27021,26.841026,7.129018,97.28476
2007.794,0.89855194,0.57105833,0.16846937,0.18046895,1.6971227,77.36567,36.28139,7.439131,483.7446
2007.5084,0.25183713,0.13394481,0.03467902,0.048040174,0.4509786,69.26903,26.926224,7.1277733,91.84213
2007.4121,0.3088194,0.1679831,0.036590055,0.05959391,0.55868036,70.345146,27.880802,7.1961594,106.58794
2007.5043,0.27058735,0.1460974,0.039666437,0.05383552,0.4796407,69.92587,27.617065,7.170058,100.78832
2007.431,0.27080694,0.14795077,0.03753354,0.05401889,0.48891032,69.853386,27.66646,7.163537,92.141235
2007.567,0.71585363,0.4523684,0.14436805,0.14017023,1.4101496,75.47885,34.130745,7.397041,311.88757
2007.4012,0.36670178,0.20047797,0.045739256,0.07514745,0.70625013,70.733406,28.082874,7.220943,83.41099
2008.8984,0.78895444,0.4748467,-0.07653875,0.20056565,1.1975945,82.31645,51.21015,7.146727,2265.1804
2007.3983,0.28231552,0.1521039,0.028731422,0.050732102,0.49728695,69.887955,27.433521,7.166689,113.4291
2007.5005,0.21914846,0.11316425,0.02566296,0.038045935,0.40303057,68.11133,25.738758,7.05284,74.18228
2007.4565,0.36575273,0.20911923,0.047790635,0.077558145,0.67570466,71.73122,29.249483,7.2439547,113.70498
2007.3624,0.34366894,0.19374338,0.048015617,0.0745287,0.66585124,70.78378,28.556265,7.2094812,71.543396
2007.5066,0.21468784,0.110138364,0.024583055,0.036630962,0.3955412,67.959236,25.568783,7.0431843,72.73883
2007.1425,0.39146468,0.2580678,0.10565752,0.08571318,0.97391874,71.6858,32.20892,7.3338103,96.57295
2007.3812,0.29931304,0.16232261,0.028432468,0.05335834,0.51894414,70.37245,27.845951,7.1960273,128.66776
2007.3632,0.3800524,0.2299068,0.1465276,0.055833034,0.8213173,71.38527,31.72105,7.4580564,225.89912
2007.5558,0.25432545,0.13428117,0.036350217,0.048465908,0.44843024,69.39567,26.964672,7.137206,99.51486
2007.4132,0.28080285,0.15223955,0.032749962,0.052746076,0.49787787,69.97292,27.614489,7.1719146,107.40323
2007.4642,0.23577604,0.124808274,0.029400086,0.043418486,0.43276328,68.66701,26.38756,7.0877414,77.70969
2007.8676,0.41175112,0.25770283,0.04630883,0.090928346,0.84789264,73.85235,32.872353,7.4133816,358.89722
2007.4882,0.34145546,0.19620626,0.04450089,0.07096902,0.6017427,71.825836,29.40593,7.245882,135.41418
2007.3965,0.26077405,0.14029019,0.028244203,0.04750677,0.47157836,69.29263,26.978298,7.1273565,92.71671
2007.2727,0.48522174,0.29534233,0.19780742,0.06127173,0.926689,72.088875,32.359962,7.472409,262.37476
2007.5886,0.24652721,0.12839751,0.034931768,0.04583251,0.4323824,69.14814,26.64276,7.122103,100.00818
2007.3071,0.32913238,0.19078562,0.057121515,0.06895012,0.68609685,70.78433,29.318008,7.259033,95.21009
2006.7983,1.1159935,0.78399765,0.36640298,0.27366382,2.4374804,75.55465,39.829327,7.304947,183.69405
2007.4014,0.2698209,0.1455171,0.029563414,0.04947749,0.48303428,69.57752,27.228043,7.146072,100.15817
2007.4,0.36647588,0.2002563,0.045274004,0.07483222,0.7049264,70.728195,28.069101,7.2206445,84.45397
2007.4126,0.2643,0.1432339,0.032564744,0.050379112,0.47829378,69.522736,27.275623,7.142153,91.32341
2007.3256,0.97253025,0.6089303,0.34713295,0.16993168,1.829857,75.29619,35.915535,7.526529,332.56473
2007.4048,0.28650442,0.15479596,0.030483762,0.05227565,0.5032662,70.05557,27.609137,7.1776047,115.587105
2007.419,0.2917702,0.15867713,0.035097174,0.055724885,0.51730657,70.24113,27.857618,7.1894255,110.7491
2007.4017,0.26644018,0.14370812,0.029676193,0.04907593,0.47911143,69.490005,27.166542,7.140272,96.69406
2010.1226,1.6091989,1.1876315,0.07115232,0.4396355,3.412069,86.786354,62.882042,7.194225,4078.1519
2007.4294,0.2950235,0.16131963,0.039307673,0.05878937,0.53203636,70.29475,27.980713,7.192559,101.24955
2007.5739,0.75276965,0.4767567,0.16517453,0.14456116,1.4475582,75.79961,34.611843,7.409211,337.66858
2007.4542,0.27735928,0.15178007,0.04044485,0.05627658,0.49642977,70.1231,27.920525,7.1814566,97.446815
2007.3855,0.23121642,0.12353959,0.025305485,0.041826166,0.4349604,68.40476,26.234396,7.068913,66.85738
2007.4841,0.3775869,0.228825,0.06336852,0.07567088,0.77260786,72.38022,30.791817,7.3225107,173.84758
2007.3573,0.23592356,0.12428938,0.01772114,0.038279284,0.43603092,68.29427,25.92979,7.06235,80.05844
2007.3639,0.25070998,0.1342485,0.018342705,0.039897338,0.4187656,69.485756,27.08041,7.137949,126.97501
2007.375,0.27494162,0.14892477,0.023151798,0.046100397,0.4522751,70.2743,27.822094,7.18862,143.43353
2007.5022,0.23514813,0.12339462,0.030029116,0.042953603,0.42679358,68.67614,26.322441,7.0893393,82.52522
2007.4529,0.3698256,0.21810518,0.05489891,0.07618141,0.7234547,71.98217,29.980095,7.279197,140.66022
2007.4177,0.22071959,0.116377875,0.024344875,0.0391221,0.4163575,68.09847,25.888203,7.0498104,63.77712
2007.4358,0.27929258,0.15286313,0.038811684,0.0558899,0.49967977,70.12187,27.902853,7.181172,99.07508
2008.0166,0.34083247,0.24074322,-0.020363634,0.09557177,0.7312131,73.857124,36.699417,7.4628425,697.67
2007.3931,0.2842902,0.15284479,0.027339833,0.05023377,0.49879447,69.8976,27.399792,7.167464,116.94791
2007.4181,0.27839735,0.1512456,0.034061253,0.053140897,0.4958145,69.949165,27.63541,7.170214,103.54986
2007.399,0.2640808,0.1422525,0.02894392,0.048347346,0.47589427,69.403564,27.08101,7.134626,95.19126
2007.3994,0.2828443,0.15246134,0.029026529,0.050967805,0.4980854,69.91142,27.459574,7.1682124,113.61817
2007.3962,0.28218427,0.1518995,0.028172387,0.05040504,0.49680156,69.86693,27.401531,7.1653533,113.93014
2007.4039,0.32267013,0.17535344,0.036943313,0.06222773,0.5907958,70.42226,27.873653,7.2012258,105.113556
2007.868,0.47375056,0.30074447,0.059021097,0.10590439,1.0060202,74.28705,33.639305,7.4322596,382.49268
2007.612,0.34461522,0.19869493,0.04228388,0.06853623,0.5664457,72.48599,29.7975,7.27001,182.78537
2007.3981,0.23596948,0.12669754,0.028056694,0.043952774,0.44183716,68.619225,26.468252,7.0828967,68.83938
2007.4215,0.26020682,0.14158273,0.034964558,0.051144104,0.47488245,69.48758,27.320076,7.1395917,84.576385
2007.4092,0.36532897,0.20026973,0.0480698,0.076288156,0.70718575,70.74612,28.155094,7.2215548,78.31124
2007.3805,0.24788654,0.1322742,0.023971232,0.04337609,0.45384356,68.81193,26.496763,7.095978,84.81617
2007.4069,0.25370434,0.1371205,0.031054782,0.048090383,0.46489725,69.19018,26.984968,7.1203027,82.5684
2007.4012,0.36670062,0.20047683,0.045736857,0.075145826,0.70624334,70.73338,28.082804,7.2209415,83.41635
2007.6719,0.47942695,0.3011683,0.084499225,0.09834654,1.0114956,73.91324,32.7653,7.4053817,276.73398
2007.3965,0.25527275,0.13730556,0.028255692,0.046758212,0.46509317,69.14485,26.869183,7.1175795,87.2738
2007.1908,0.3557979,0.23337555,0.088852055,0.0795201,0.90925443,71.450806,31.846704,7.3332486,103.36121
2007.5433,0.2816348,0.15757903,0.038984537,0.055476584,0.46221414,71.01303,28.674763,7.2141933,144.01079
2007.3506,0.27617207,0.1520975,0.02738676,0.046383634,0.47538894,70.34372,28.15428,7.2066097,147.16454
2007.4187,0.29644492,0.16134936,0.036052756,0.057109423,0.529602,70.274345,27.880487,7.191529,108.3968
2007.5387,0.26211274,0.13973616,0.03809913,0.050982524,0.4623635,69.65586,27.268599,7.153547,101.15842
2007.4126,0.29520735,0.16019778,0.033788215,0.055550892,0.5228446,70.248245,27.813623,7.190025,113.480415
2007.4069,0.25758144,0.13922347,0.031044642,0.048616815,0.4694666,69.294266,27.06176,7.127189,86.40668
2007.3923,0.32826048,0.1780153,0.0349304,0.062050845,0.59944826,70.45594,27.833996,7.203262,109.79872
2007.3975,0.33316934,0.18091562,0.03709915,0.0641579,0.6149451,70.479744,27.86485,7.2050133,104.2442
2007.4937,0.18882844,0.09387713,0.01731,0.028772557,0.35849538,67.03791,24.636822,6.9833736,57.864895
2007.3948,0.36553282,0.19933093,0.04333163,0.073516145,0.69939965,70.70644,28.011599,7.219396,88.80847
2007.5096,0.3769646,0.22369261,0.05823969,0.076468736,0.7374423,72.319275,30.33646,7.303207,163.23814
2007.3864,0.36452183,0.2002895,0.045568198,0.075140126,0.7037558,70.73384,28.145084,7.218369,81.09791
2007.4508,0.25341573,0.13649353,0.0338925,0.04893849,0.46098393,69.277145,27.048014,7.1267657,84.84346
2006.809,0.46473014,0.31253955,0.18220346,0.0922948,1.0524523,71.41188,33.00733,7.301714,46.5954
2007.3907,0.28024647,0.15049468,0.026692336,0.049320925,0.49363965,69.76845,27.285122,7.158984,113.686905
2007.4019,0.27208397,0.14677529,0.029686281,0.04985597,0.48577753,69.6423,27.279633,7.1503453,102.25327
2007.4746,0.37416315,0.22435097,0.059705045,0.07556114,0.75079376,72.23571,30.47394,7.305873,162.67014
2007.6799,0.364831,0.21584469,0.05330961,0.07055799,0.6413051,73.0558,30.683716,7.3257155,221.4049
2007.275,1.0491015,0.69548786,0.281944,0.23808889,2.1114743,76.95667,38.61087,7.351827,302.4546
2007.5436,0.24748671,0.13021484,0.034241676,0.04645066,0.43979827,69.144775,26.727968,7.120688,94.39181
2007.4543,0.36928034,0.21637505,0.0533745,0.07652285,0.7137735,71.93415,29.826092,7.271837,135.14479
2007.4226,0.27988237,0.15234177,0.03527784,0.054017246,0.4982864,70.027214,27.728947,7.175257,103.64327
2007.4131,0.278309,0.15087432,0.032703824,0.052378356,0.49490774,69.90433,27.562326,7.1673813,104.99377
2007.4626,0.22411638,0.11736473,0.026208976,0.039845202,0.41550454,68.255035,25.962694,7.0611076,71.57011
2007.3341,0.3821933,0.23242162,0.14844312,0.054179937,0.82149523,71.364334,31.774618,7.45613,231.34602
2007.4088,0.2904429,0.15718672,0.031542063,0.05340116,0.50853974,70.19473,27.743288,7.186706,118.28072
2007.4086,0.246148,0.1329537,0.03103366,0.04700708,0.45569995,68.986336,26.82906,7.1068716,75.427765
2007.3816,0.26167464,0.1398262,0.024242567,0.045418143,0.47027504,69.19171,26.786013,7.1210737,98.11938
2007.4851,0.38701785,0.24160117,0.07465145,0.076977,0.8434588,72.67156,31.645447,7.364312,194.29959
2007.3776,0.23719306,0.12627979,0.023183813,0.041473385,0.4407589,68.49934,26.24212,7.0753775,75.14962
2007.3547,0.35628712,0.20185788,0.04929379,0.07781144,0.694912,70.96009,28.710052,7.2162857,70.125114
2007.4263,0.276138,0.15054317,0.036263313,0.054048225,0.4944504,69.95721,27.706045,7.17053,98.8359
2007.806,0.8373499,0.5476813,0.12455817,0.1796703,1.6102942,77.00882,38.094578,7.4516716,639.57886
2007.3851,0.33674437,0.19006057,0.046790928,0.07229516,0.64024335,70.872055,28.631632,7.212214,82.69864
2007.409,0.26500234,0.14339235,0.03162868,0.049958006,0.47856918,69.51237,27.240448,7.141559,93.072464
2007.4111,0.2696197,0.14603564,0.03219933,0.05090709,0.48435536,69.65456,27.362522,7.150909,96.98634
2007.3973,0.28949356,0.15594214,0.02848089,0.0515786,0.5056096,70.07341,27.563519,7.178982,120.79662
2007.4736,0.38362795,0.23779361,0.07160788,0.0766615,0.82574207,72.542496,31.393183,7.3506527,185.38661
2007.3708,0.22992007,0.121897504,0.021366479,0.039470706,0.43110174,68.246635,26.001583,7.0588403,70.0209
2007.4088,0.28885853,0.15632983,0.0315566,0.053191785,0.5066787,70.15252,27.712454,7.1839123,116.70051
2007.5665,0.2306984,0.11882363,0.030179514,0.04112446,0.41159633,68.57243,26.088133,7.084355,88.97381
2007.4192,0.28281742,0.15371709,0.034360375,0.053912804,0.50120753,70.07755,27.73928,7.1786776,107.57519
2007.409,0.33628514,0.18355688,0.04163197,0.067389324,0.62992334,70.53541,27.997864,7.2082496,94.03674
2009.2188,1.1010982,0.7373471,0.012745993,0.27321914,1.9740067,83.60454,53.271954,7.2419424,2656.5503
2007.3878,0.2658067,0.14246695,0.025909139,0.046906482,0.47613662,69.35511,26.955986,7.131719,100.31799
2007.1526,0.22019167,0.13968645,0.06668505,0.017012833,0.39690205,69.7865,29.71197,7.249342,224.71295
2007.4172,0.2788378,0.1514276,0.03382112,0.053068597,0.49619237,69.953514,27.631578,7.1705256,104.255486
2007.3887,0.23838834,0.12763837,0.02616292,0.04328433,0.4439309,68.62472,26.422483,7.0833783,72.96904
2007.4564,0.27125376,0.14779966,0.038839206,0.054383226,0.48698115,69.909935,27.694601,7.1677575,94.65181
2007.5916,0.7492294,0.47361064,0.15939073,0.1438071,1.4420121,75.81905,34.510784,7.4094186,340.75464
2007.5286,0.26922688,0.14457564,0.03981068,0.053242866,0.4743759,69.89801,27.540249,7.1689057,103.3913
2007.3993,0.26351875,0.14195837,0.028990457,0.04829594,0.47525853,69.389885,27.072247,7.1337166,94.58401
2007.416,0.27052703,0.14683786,0.033499036,0.0517501,0.48619452,69.71964,27.448904,7.1550865,96.41578
2007.3674,0.25690484,0.13660659,0.020225694,0.042404395,0.45582807,69.07974,26.630999,7.1134825,104.0075
2007.3502,0.36071065,0.21524039,0.055143215,0.075154305,0.7374546,71.57103,29.909426,7.263854,118.78419
2007.2216,1.2900798,0.8886959,0.35825732,0.30701798,2.7097776,77.71717,40.624676,7.3665533,369.9078
2007.4294,0.24201871,0.12974542,0.03035595,0.045587678,0.44674054,68.85814,26.65473,7.099152,76.160545
2007.4177,0.31444126,0.17162968,0.03970032,0.06242102,0.5768812,70.40197,27.967588,7.1996126,99.410126
2007.3843,0.37437883,0.2314631,0.06853741,0.076597124,0.8174844,72.06444,30.987091,7.320445,152.9906
2007.4156,0.2681883,0.14554034,0.033383403,0.051365253,0.48336637,69.653046,27.396183,7.1506925,94.23782
2007.3867,0.2546633,0.13634951,0.025631124,0.04522365,0.46282214,69.04634,26.719131,7.111321,89.632706
2007.4509,0.27103224,0.14780506,0.038662445,0.054354843,0.48738393,69.89757,27.692652,7.166812,93.78896
2007.4044,0.27643752,0.14930108,0.030365134,0.050828665,0.4913165,69.78077,27.402126,7.159438,105.78457
2007.3723,0.2452169,0.13030156,0.021775482,0.04179588,0.4493949,68.67135,26.328156,7.086895,84.65799
2006.9305,0.74664783,0.5045127,0.2338933,0.1702776,1.604403,73.99368,36.010063,7.297635,119.68237
2007.5378,0.2718001,0.14598274,0.04070131,0.05396807,0.47701204,69.996216,27.624186,7.1754894,105.9438
2007.4166,0.28598854,0.1552719,0.033658396,0.053959887,0.5045346,70.14098,27.765644,7.1829424,111.496994
2007.8728,0.599888,0.3963952,0.06354952,0.13794611,1.2185754,75.34714,36.675632,7.452739,592.656
2007.34,0.3119988,0.17664497,0.048642788,0.05729296,0.6259714,70.628685,28.984251,7.2693224,137.44138
2007.3938,0.2620031,0.14078952,0.027538503,0.047285285,0.47261137,69.30366,26.965733,7.1281548,94.725815
2007.4049,0.24509613,0.13232166,0.03053266,0.046620503,0.45443022,68.94204,26.785852,7.1039395,74.66088
2007.4062,0.3675972,0.20135657,0.047583498,0.076397024,0.71149755,70.75407,28.137474,7.2221284,79.27651
2007.5609,0.24850486,0.13040772,0.034881797,0.046639726,0.43903053,69.194885,26.746004,7.124382,97.250534
2007.4933,0.27348262,0.14824778,0.040220033,0.054804064,0.4854292,70.01883,27.735163,7.1757674,100.77839
2007.4552,0.26607886,0.14450946,0.03741219,0.05280094,0.47938848,69.72667,27.506596,7.155896,91.85806
2007.3944,0.27295116,0.14677104,0.027691336,0.048872106,0.48562127,69.60325,27.192112,7.1479583,105.35946
2007.4642,0.26737776,0.14510372,0.0379535,0.05313579,0.48014173,69.77983,27.544127,7.159567,93.736046
2007.393,0.86011314,0.5592457,0.21911612,0.1840669,1.7227031,75.931435,36.238605,7.379182,286.72028
2007.3203,0.3549085,0.19950375,0.04491432,0.07517839,0.69299495,70.73692,28.423954,7.207023,70.60956
2007.4841,0.371449,0.21529016,0.051679943,0.07738583,0.6996363,71.989006,29.66371,7.2673345,133.9115
2007.4581,0.32621726,0.1860573,0.043845117,0.0680046,0.5813013,71.38953,29.07717,7.229765,121.154335
2007.5,0.24866353,0.1321308,0.033642784,0.047124628,0.44733626,69.15034,26.819424,7.1198893,89.09364
2007.4023,0.2639274,0.14238077,0.029832201,0.048817363,0.47623843,69.42722,27.124622,7.1361036,94.03792
2007.3873,0.24333875,0.13023935,0.025796564,0.043761116,0.44955602,68.74656,26.501966,7.0914745,78.26851
2007.4832,0.26156664,0.14086767,0.036779203,0.05121333,0.46892133,69.59079,27.31043,7.147868,93.34991
2007.427,0.26529032,0.14469637,0.036447298,0.052661378,0.48175812,69.67085,27.499365,7.1515694,87.92144
2007.4067,0.31167027,0.16923012,0.035439987,0.059411433,0.5631616,70.350494,27.842365,7.1966267,108.9961
2007.4695,0.2243926,0.11735906,0.026428496,0.039880898,0.4150077,68.27043,25.965172,7.0622835,72.64033
2007.3622,0.34472874,0.1944388,0.04811355,0.074796654,0.6681181,70.801926,28.57206,7.2101693,71.61116
2007.3997,0.24791446,0.13351004,0.029096512,0.046213303,0.4569069,68.97301,26.766605,7.106129,79.06259
2007.4989,0.7360197,0.46887943,0.16996115,0.14418612,1.4402198,75.4538,34.603596,7.3976955,303.29776
2007.3911,0.28378603,0.15244684,0.026818464,0.049876355,0.49789125,69.867714,27.362343,7.1655383,117.038345
2007.5052,0.2399431,0.12639321,0.03139087,0.04440627,0.43357998,68.847496,26.494555,7.1004796,85.367744
2007.5201,0.22921114,0.1191023,0.02880129,0.04099906,0.41550684,68.4819,26.085161,7.077281,81.950264
2007.3728,0.2627688,0.14077786,0.021205423,0.043431487,0.4484874,69.59564,27.147585,7.1461782,122.659294
2007.5266,0.1954985,0.097283624,0.019809002,0.030587582,0.36412984,67.29992,24.84435,7.0011597,65.70471
2007.4447,0.25669894,0.13876599,0.03465156,0.049992144,0.4667219,69.38769,27.175007,7.133737,85.67572
2007.703,0.3652559,0.21697809,0.05421567,0.069931224,0.64037377,73.19814,30.849998,7.335314,232.85341
2007.3809,1.0362248,0.6811642,0.2679613,0.23077631,2.0627227,77.12519,38.222916,7.3716187,331.4358
2007.3962,0.24287747,0.13056202,0.02820315,0.04502824,0.45043468,68.809425,26.61921,7.095396,75.09864
2007.414,0.32562515,0.17778765,0.040921785,0.06510251,0.6044432,70.47229,27.990116,7.204144,96.14344
2008.48,0.72923696,0.45151982,-0.036133938,0.18174241,1.215821,79.9411,46.701855,7.23171,1712.5651
2007.3378,0.35754254,0.200167,0.046085365,0.07586489,0.6983045,70.74773,28.392357,7.210203,70.64045
2007.5236,0.35620853,0.20435196,0.045301452,0.073575385,0.62719744,72.05385,29.481556,7.254829,143.48335
2007.4215,0.25968152,0.14129701,0.034962658,0.051070977,0.47426146,69.47337,27.309498,7.138652,84.06004
2007.5078,0.2022452,0.10211674,0.02123954,0.0327967,0.37673408,67.522026,25.11213,7.014996,66.58458
2007.4004,0.25103274,0.13525398,0.02930908,0.04675872,0.46071246,69.06362,26.839964,7.112103,81.90057
2007.4098,0.27527875,0.14901945,0.031824753,0.05147656,0.49081212,69.79523,27.455704,7.160251,102.9944
2007.4198,0.26449838,0.1438059,0.034514155,0.051484022,0.47968057,69.58906,27.382002,7.1463485,89.320305
2007.5945,0.22528814,0.11460525,0.029303296,0.039260764,0.39978358,68.404915,25.859108,7.074285,90.00924
2007.6283,0.39243826,0.2368367,0.0664871,0.076803416,0.77458864,73.06761,31.20939,7.359629,215.1811
2007.4272,0.28077772,0.15312488,0.036524516,0.054829303,0.5000801,70.090324,27.812304,7.1793094,103.1208
2007.4135,0.38447383,0.24316607,0.07807058,0.07760805,0.8738397,72.4375,31.763647,7.361757,178.80917
2007.4424,0.3623573,0.20721053,0.047739655,0.077113554,0.67201227,71.64696,29.213081,7.2407694,109.48177
2007.4109,0.27318385,0.14794877,0.03210575,0.05134444,0.48850608,69.747604,27.428688,7.157073,100.60973
2007.6232,0.24221942,0.12471167,0.034492735,0.044260606,0.42134905,69.02487,26.446762,7.115064,102.494484
2007.4391,0.25452897,0.1375229,0.03394519,0.04936538,0.46421763,69.30662,27.101868,7.1283545,83.81046
2007.449,0.2680043,0.14591162,0.037802443,0.053437535,0.48309898,69.78936,27.58397,7.1597767,91.99349
2007.4187,0.31049582,0.16942906,0.039141588,0.06139931,0.5669354,70.37606,27.955776,7.1979537,100.845985
2007.4092,0.27401668,0.14829446,0.031658273,0.051211342,0.48922414,69.756035,27.421787,7.157675,101.93655
2007.3984,0.24305274,0.13079536,0.028783204,0.04537295,0.4509845,68.83228,26.653181,7.0968513,74.6173
2007.405,0.3160766,0.17164119,0.035852756,0.060427338,0.57390153,70.37761,27.849173,7.1983795,107.86093
2007.5305,1.3484608,0.9099685,0.3426581,0.31042176,2.7359252,78.97232,40.653717,7.4175806,478.8512
2007.4071,0.36775234,0.20150882,0.04790308,0.07661356,0.7124069,70.757645,28.146935,7.2223334,78.56004
2007.4858,0.2487229,0.13254592,0.03336074,0.047244288,0.4493013,69.14077,26.83732,7.1188955,87.2082
2007.4075,0.34740004,0.1913143,0.047165494,0.072940096,0.6667296,70.65176,28.195116,7.2136054,79.29015
2007.397,0.2538872,0.13658085,0.028371846,0.0466323,0.4635269,69.111176,26.847652,7.11534,85.77521
2007.4463,0.21824613,0.114031166,0.02427495,0.038157567,0.40887585,68.03482,25.766058,7.0464587,66.37518
2007.4822,0.2586347,0.13901027,0.035965417,0.05031865,0.46465272,69.48675,27.204191,7.1411276,91.7332
2007.4059,0.28490242,0.15399194,0.030760521,0.05220882,0.50153935,70.02109,27.591726,7.1752963,113.69375
2007.4164,0.23104198,0.12304375,0.027109848,0.042306002,0.43201503,68.46084,26.26751,7.073162,68.82618
2007.4823,0.2328355,0.12243895,0.028984396,0.042384934,0.42596185,68.57832,26.259886,7.0824976,78.66156
2007.3846,0.2759768,0.14778668,0.025057064,0.04783101,0.48763424,69.602325,27.11405,7.1481557,111.31723
2007.7833,0.29074505,0.16866322,0.03054917,0.049650833,0.3615418,73.139366,30.278412,7.29285,274.7344
2007.4381,0.2565246,0.13882765,0.034467056,0.049985237,0.46732453,69.37618,27.175869,7.132821,84.70509
2007.5039,0.44821575,0.28249955,0.093253806,0.086883254,0.95410436,73.35045,32.358448,7.3866987,220.81055
2007.4058,0.28028798,0.15148057,0.030737048,0.05156264,0.49608016,69.896095,27.498463,7.1670303,109.165634
2008.1654,0.90716076,0.58448327,0.09117846,0.2010462,1.6193684,79.17021,42.54971,7.4057245,1130.4839
2007.3987,0.27606606,0.14873312,0.028827423,0.0499276,0.4899689,69.722664,27.313927,7.155746,107.15245
2007.4064,0.26647487,0.14402029,0.030907819,0.049761564,0.4798806,69.52947,27.231943,7.142761,95.33907
2007.0682,0.38286534,0.25582555,0.110154904,0.0857752,0.9722965,71.42653,32.268276,7.3201175,75.140434
2007.4921,0.2751933,0.14937986,0.040656578,0.055339083,0.48816055,70.07803,27.799166,7.179555,101.47589
2007.4277,0.2793798,0.15239124,0.03663153,0.05469663,0.49849367,70.05602,27.790047,7.17703,101.62029
2007.3297,0.26842454,0.16288029,0.08096783,0.044275116,0.67507607,70.432884,30.699907,7.3943768,190.97368
2007.9636,0.45798844,0.3111084,0.017528782,0.11642799,0.9782087,74.50297,36.715782,7.4679375,643.9308
2007.6372,0.225579,0.11365168,0.030283833,0.039043434,0.3945444,68.45043,25.822193,7.0783606,95.95133
2007.4949,0.20501702,0.10424099,0.021717658,0.033741586,0.38260224,67.60899,25.227922,7.0202656,66.24173
2007.376,0.2223899,0.11813577,0.022741096,0.03919731,0.4230284,68.08686,25.923622,7.0481358,61.037884
2007.5504,0.21741836,0.11072567,0.026244374,0.037156835,0.39383063,68.09146,25.620075,7.0528817,80.04971
2007.4187,0.32969105,0.18127361,0.045338493,0.06860799,0.62240505,70.53706,28.14237,7.207022,85.10625
2007.4949,0.23377375,0.12270622,0.029503493,0.042583246,0.4256998,68.621735,26.280241,7.0856338,80.84108
2007.4459,0.27489027,0.15041547,0.039601758,0.055576842,0.4938284,70.02932,27.839382,7.1751833,95.07138
2007.582,0.47679922,0.3001337,0.092139654,0.0949187,1.0047625,73.71744,32.636246,7.3955407,250.63014
2007.664,0.37136912,0.22003558,0.055692885,0.07238558,0.6699081,73.01146,30.711376,7.328952,215.24065
2007.3971,0.22248653,0.118063204,0.024387745,0.03981352,0.42174634,68.14367,25.97583,7.0521784,61.87569
2007.4257,0.368062,0.21966253,0.05693437,0.07529141,0.73941296,71.94909,30.177816,7.2857213,143.62653
2007.41,0.28573716,0.15471366,0.031887695,0.052946497,0.50319105,70.07883,27.667595,7.1790047,113.24614
2007.396,0.3638868,0.21558233,0.054189395,0.075349875,0.7258636,71.73805,29.890371,7.2682347,128.05904
2007.5814,0.18986541,0.09220546,0.019439219,0.02846258,0.34841642,67.14672,24.57728,6.992729,70.26873
2007.3925,0.36511928,0.19892512,0.04247986,0.07293902,0.6969762,70.6969,27.986382,7.2188487,90.717995
2007.4554,0.2535955,0.13648775,0.03403704,0.048961155,0.46065006,69.287224,27.049536,7.1275373,85.55069
2007.4865,0.37489113,0.22357716,0.0587373,0.07596505,0.7433412,72.24712,30.379581,7.3026247,161.06458
2007.4667,0.21924487,0.114129014,0.024975115,0.038318448,0.40766808,68.08681,25.77994,7.050356,69.64367
2007.3998,0.28218788,0.1521314,0.029137863,0.050939288,0.49737665,69.89723,27.452332,7.1672626,112.84469
2007.445,0.2601689,0.14098777,0.035596076,0.05105732,0.47189063,69.51009,27.301722,7.141644,87.46978
2007.5017,0.26174757,0.14048764,0.037220582,0.051135477,0.46672285,69.61251,27.296356,7.149765,95.963196
2007.4031,0.33718517,0.18364003,0.039862316,0.06649823,0.6288891,70.524994,27.94321,7.2077346,97.916245
2007.4132,0.24052086,0.12921634,0.029608203,0.04524355,0.44664922,68.792,26.617964,7.0944514,73.20123
2007.4182,0.2679096,0.14555822,0.034094077,0.05171988,0.48345765,69.66778,27.427965,7.151597,93.1611
2007.0348,1.0798547,0.7290633,0.31411934,0.2550971,2.2251098,76.58416,39.508976,7.3068132,237.0162
2007.4347,0.27267694,0.14919804,0.038506787,0.054813534,0.4916926,69.93419,27.754892,7.1687865,92.88924
2007.4141,0.2792765,0.15146403,0.032973893,0.05266042,0.49620908,69.93883,27.595812,7.169637,105.64407
2007.4054,0.27392402,0.14799894,0.030628806,0.050629515,0.4885062,69.72134,27.36585,7.155481,103.0063
2007.4008,0.20711651,0.10809579,0.020303855,0.035061415,0.39822343,67.60541,25.409296,7.0175333,54.570713
2007.4517,0.27116668,0.14786948,0.038716193,0.05439028,0.48747647,69.90298,27.69666,7.1671834,93.96868
2007.4443,0.23862775,0.12717195,0.029751027,0.044438533,0.43968746,68.75096,26.514124,7.0926294,76.45135
2007.4109,0.2613546,0.14152588,0.032108836,0.0497229,0.47454846,69.42916,27.192926,7.136008,88.93051
2008.0052,1.7665293,1.2362158,0.41383705,0.41599175,3.7019706,81.366135,43.780125,7.5716553,869.07477
2007.5671,0.38270566,0.22557862,0.058387216,0.07742673,0.7314604,72.545815,30.369415,7.3114605,173.81161
2007.4517,0.23050934,0.1217631,0.02770787,0.041889723,0.42654556,68.47111,26.208872,7.0747614,73.32505
2007.3789,0.23571266,0.12555921,0.023533711,0.041463677,0.4392188,68.47041,26.23098,7.07343,73.2938
2007.3181,0.35354993,0.20236698,0.046818513,0.076916374,0.68840736,71.003815,28.830889,7.211961,71.75013
2007.0574,0.28215966,0.19177905,0.097724825,0.06648159,0.8193069,70.25986,31.754755,7.333106,70.74916
2007.86,0.68064255,0.4539637,0.07317515,0.15607181,1.3548603,75.96855,38.051517,7.459565,679.91907
2007.429,0.23208897,0.12338202,0.02765748,0.04253806,0.43192175,68.50804,26.291893,7.0765424,71.055084
2007.3766,0.24412863,0.12998186,0.022914412,0.042276185,0.44878417,68.67767,26.36629,7.087201,82.2991
2007.4603,0.22963944,0.120972484,0.027655846,0.04155984,0.4240871,68.44765,26.16736,7.0734787,74.06248
2007.524,0.38009518,0.22850008,0.062000237,0.07593754,0.75915396,72.507385,30.72203,7.32373,179.99495
2007.7146,0.8398147,0.5302788,0.16137706,0.16726004,1.6140512,76.7135,35.155605,7.418496,392.66788
2007.7064,0.8026808,0.5098073,0.14485884,0.16318211,1.5625645,76.42127,35.30604,7.416499,410.13718
2007.3655,0.2306436,0.1219524,0.019947348,0.038785446,0.43111637,68.221725,25.941452,7.057332,72.33586
2007.4025,0.27669677,0.14931946,0.029851252,0.050580148,0.49131855,69.771675,27.380299,7.1588874,106.62015
2007.3812,0.2651323,0.14168334,0.024156729,0.045845155,0.47430462,69.282135,26.850462,7.1270638,101.62902
2007.4066,0.2645633,0.14299434,0.030958572,0.04952731,0.4776548,69.47958,27.196486,7.1394563,93.395065
2007.4114,0.2521396,0.13656004,0.032269128,0.048547,0.4637688,69.18603,27.017563,7.119909,79.65423
2007.4432,0.2710732,0.14803462,0.03851279,0.054422103,0.4884569,69.89272,27.702627,7.1662965,92.7769
2007.476,0.23374204,0.12319066,0.029095737,0.042709306,0.42816463,68.605,26.300135,7.0840507,78.26
2007.4034,0.25694114,0.13865224,0.030106043,0.04801007,0.468156,69.24766,26.999676,7.1241984,86.833405
2007.5531,0.17870018,0.085788555,0.015821176,0.02523209,0.33542815,66.73024,24.200087,6.965096,60.776684
2007.4633,0.3782505,0.23118912,0.06605197,0.0760503,0.79206383,72.35526,30.953762,7.3280015,172.37042
2007.4291,0.299563,0.16389944,0.040167287,0.060093373,0.54385704,70.32642,28.000854,7.194569,99.116806
2007.423,0.25331646,0.13717264,0.033278238,0.049107797,0.464532,69.25067,27.07536,7.124316,81.01873
2007.3964,0.23929492,0.12862052,0.02821953,0.04454568,0.4462167,68.71346,26.54862,7.089047,71.54414
2007.3973,0.25419864,0.1367794,0.028495522,0.046743397,0.4639674,69.12343,26.860361,7.116139,85.94313
2007.847,0.3071781,0.18097289,0.023422958,0.056050815,0.42112243,73.366776,30.865984,7.31813,324.79102
2007.4249,0.22059114,0.11610402,0.024461439,0.03903113,0.41521245,68.09987,25.875523,7.0500917,64.68437
2007.3896,0.23327442,0.124926694,0.026437303,0.04273427,0.43805826,68.49559,26.334906,7.0748096,67.61202
2007.5458,0.29240295,0.16709901,0.038526483,0.057644155,0.46846983,71.58654,29.243135,7.23493,162.50333
2006.8414,0.41858822,0.28655013,0.14477997,0.093192294,1.034837,71.228386,32.760246,7.282712,24.6657
2007.5822,0.1883119,0.091188245,0.019034183,0.027979633,0.34599027,67.09262,24.51961,6.9892564,69.58009
2007.405,0.25467926,0.13752814,0.030543434,0.047941484,0.4657454,69.20043,26.977545,7.1210313,84.107506
2007.3531,0.23809461,0.1252081,0.016628431,0.037973125,0.43794674,68.31856,25.915682,7.0640635,83.43397
2007.3984,0.2535229,0.13647795,0.028770523,0.046802703,0.46333265,69.11384,26.861334,7.115477,84.96596
2007.4133,0.3105947,0.16909467,0.03739133,0.06037946,0.5641129,70.361534,27.902739,7.197165,104.72246
2007.2838,0.3484668,0.20084214,0.044533823,0.07553581,0.678973,70.95522,28.85905,7.2050676,70.83903
2007.8585,0.8724684,0.57333773,0.12726198,0.18811744,1.658053,77.42054,38.97198,7.4667826,711.05347
2007.6736,0.40081954,0.24253996,0.067619264,0.079087175,0.7917336,73.295296,31.43086,7.3721433,229.41107
2007.4271,0.30087322,0.16451478,0.03982993,0.060122807,0.54624957,70.33053,27.98897,7.194874,99.79957
2007.3951,0.36559433,0.19939126,0.0434583,0.073601976,0.69976014,70.70786,28.015348,7.2194777,88.52451
2007.4329,0.24060161,0.12874508,0.03004376,0.045127645,0.4441666,68.81103,26.599104,7.0962014,75.90048
2007.4257,0.26720613,0.1456492,0.0360799,0.05272116,0.4838016,69.71095,27.51827,7.154258,90.22684
2007.424,0.28606457,0.15578084,0.035621926,0.05505581,0.50578535,70.20445,27.870323,7.186948,109.35715
2007.3702,0.23934579,0.1269814,0.02122148,0.040683962,0.44213903,68.49592,26.181952,7.0753446,79.48789
2007.3772,0.36331397,0.2007431,0.046708964,0.07600427,0.7053149,70.74859,28.235374,7.217031,76.27501
2007.4373,0.25080782,0.13518159,0.03289969,0.048234206,0.45888013,69.17409,26.967703,7.119752,81.677025
2007.4974,0.2718385,0.14708103,0.039862655,0.05426869,0.4824128,69.96436,27.670368,7.1723623,100.507675
2007.5134,0.37560442,0.21938023,0.05444036,0.0773195,0.71331424,72.19955,29.952633,7.284862,149.4902
2007.4135,0.25654784,0.13908589,0.032823615,0.04945844,0.4692987,69.322075,27.134613,7.128854,83.37983
2007.5839,0.26385957,0.13965732,0.039521396,0.05119667,0.45900705,69.75451,27.282454,7.161112,108.14515
2007.5356,0.20784347,0.104970045,0.02334159,0.03431852,0.3814343,67.74212,25.28607,7.0299416,73.19418
2006.8966,0.36198503,0.25003234,0.120256595,0.08577784,0.9672546,70.817856,32.40078,7.2884192,25.451696
2007.5083,0.27144277,0.14653894,0.03998326,0.05406956,0.4803865,69.959335,27.643877,7.1723247,101.77016
2007.4369,0.28018916,0.1543311,0.04062044,0.057196435,0.501516,70.242,28.078348,7.1873097,98.167274
2007.3539,0.31563824,0.19264139,0.117192425,0.048307687,0.75210154,70.870476,31.426184,7.4439907,214.74527
2007.4064,0.27218774,0.1471236,0.030912222,0.050547935,0.48662478,69.68345,27.346113,7.1529465,100.97287
2007.4176,0.28436813,0.15444998,0.033902008,0.053872198,0.5027664,70.10497,27.746124,7.1805363,109.622734
2007.892,0.4404716,0.28208655,0.045934536,0.10161622,0.9481237,74.10239,33.863815,7.437811,412.4397
2007.551,0.2467995,0.12957405,0.03421339,0.046185695,0.4377754,69.12675,26.6945,7.119723,95.05675
2007.4005,0.25763106,0.13884443,0.02933999,0.047681246,0.46851727,69.24227,26.973186,7.1239176,88.37846
2007.312,0.2243636,0.12470291,0.018067377,0.031298503,0.360892,69.83962,27.956495,7.1788216,165.94684
2007.4569,0.23837923,0.12667549,0.029950144,0.0442715,0.4376385,68.75263,26.49098,7.093073,78.03698
2007.4104,0.25289312,0.13690636,0.032005135,0.048504453,0.464502,69.19806,27.01872,7.120731,80.69577
2007.4786,0.24785799,0.13218398,0.03297358,0.047030397,0.44896784,69.104324,26.813736,7.11635,85.786125
2007.2504,0.1823115,0.104316555,0.014083816,0.019432386,0.3022601,69.15622,27.761555,7.1508727,170.0749
2007.382,0.2205211,0.11720379,0.023537235,0.039317526,0.42080453,68.062,25.9207,7.046505,58.83212
2007.5088,0.37552592,0.22020291,0.055264607,0.077069834,0.71900314,72.210945,30.034716,7.2883463,151.81335
2007.4285,0.2727784,0.14885506,0.036835484,0.053903516,0.4908241,69.884636,27.669104,7.165673,94.874466
2007.8333,0.2770371,0.16221182,0.017925186,0.047720008,0.332157,73.19501,30.69685,7.3066874,329.6271
2007.4856,0.23551299,0.1240714,0.029777957,0.04318482,0.42954266,68.67531,26.354246,7.088844,80.4619
2007.378,0.3484324,0.2108365,0.12952761,0.055988204,0.799399,71.141426,31.516033,7.4478087,204.95724
2008.0751,0.32355627,0.24044493,-0.044768453,0.09944993,0.6996514,73.930954,38.247616,7.480936,833.7952
2007.3926,0.28059843,0.15080605,0.02719711,0.04964827,0.4943535,69.79372,27.318665,7.1606064,113.46501
2007.9532,1.0675225,0.6852556,0.20227492,0.21864401,1.9595348,78.99748,38.77475,7.479941,654.27124
2007.3638,0.33917177,0.19079292,0.04759978,0.073391505,0.6562269,70.70691,28.489334,7.2065654,71.26153
2007.4231,0.29095468,0.15851806,0.0363213,0.056307513,0.5175832,70.2473,27.895672,7.1897135,108.075165
2007.3884,0.28242958,0.15225957,0.025526663,0.0486131,0.47865146,70.163025,27.663328,7.1836815,133.0415
2007.5469,0.23377694,0.12132441,0.030598665,0.042211954,0.4188177,68.66465,26.222643,7.089784,87.87427
2007.3768,0.22487791,0.11954296,0.022976646,0.039668936,0.4261036,68.16123,25.98562,7.053032,63.227955
2006.8226,0.7893943,0.5394296,0.25608143,0.1852739,1.7095329,74.022865,36.72673,7.2765074,99.57294
2007.3923,0.2586901,0.13889635,0.027143368,0.046612225,0.46846813,69.20208,26.878897,7.1214747,91.9015
2007.388,0.26602086,0.14259094,0.025941392,0.0469537,0.47640833,69.361885,26.961952,7.132164,100.493
2007.5593,0.9923101,0.64170605,0.23834996,0.21260366,1.9379365,77.255806,37.321476,7.405715,374.28244
2007.5264,0.22321367,0.11508617,0.027307993,0.03911064,0.40569705,68.27579,25.858807,7.0641418,79.744064
2007.46,0.342496,0.19660865,0.045232657,0.07193961,0.61451393,71.68086,29.315002,7.240805,123.99372
2007.3698,0.3418321,0.1928177,0.047655925,0.073907465,0.6584153,70.81951,28.586891,7.2106366,75.19319
2007.451,0.22231664,0.11651729,0.025477966,0.03937477,0.41434115,68.18212,25.909693,7.0560937,69.09029
2008.002,1.3607689,0.8841508,0.29075748,0.2953723,2.5728734,80.726875,40.743942,7.488062,663.70105
2007.4032,0.36705598,0.20082551,0.04646876,0.07564174,0.7083258,70.74158,28.104471,7.221412,81.77555
2007.5559,0.2794435,0.15479569,0.039518576,0.054996304,0.46279785,70.818344,28.44686,7.207158,138.38928
2007.4377,0.28090915,0.15386496,0.039332237,0.056399517,0.50189537,70.181694,27.962444,7.185077,100.083466
2007.4082,0.22542305,0.11965263,0.025417013,0.040636722,0.42467335,68.25625,26.070936,7.05974,64.87141
2007.6742,0.21973328,0.108913146,0.029479904,0.036981147,0.3808823,68.27502,25.5672,7.068021,97.98774
2007.4564,0.36737075,0.21102521,0.048726507,0.07752087,0.68455434,71.7781,29.355753,7.249069,117.89273
2007.5378,0.3159766,0.18252854,0.04073111,0.06362572,0.51937795,71.98073,29.586407,7.2499075,163.48866
2007.4858,0.37531608,0.22479981,0.05980293,0.07573399,0.7500557,72.2824,30.487375,7.3078275,164.99728
2007.5337,0.23314501,0.12126989,0.03014982,0.042112164,0.4196188,68.63153,26.214167,7.087296,85.76867
2007.273,0.44641703,0.27263835,0.1799477,0.05711763,0.8854148,71.78634,32.173603,7.464412,254.64357
2007.4105,0.25648993,0.13886262,0.032018255,0.049005274,0.46875426,69.29533,27.091145,7.1271634,84.23106
2008.4434,0.55301976,0.34608802,-0.08511575,0.15322782,0.95142263,78.43486,45.826763,7.2359295,1662.7627
2007.3883,0.22443952,0.119550794,0.02473184,0.040476814,0.42583552,68.20522,26.05704,7.055918,61.68053
2007.4146,0.2711384,0.14707448,0.03309856,0.051612604,0.4866792,69.72358,27.440056,7.1553864,97.470955
2007.29,0.33077252,0.1923726,0.055910002,0.07024914,0.6882547,70.77493,29.286087,7.249053,87.34139
2007.4286,0.29274017,0.15994564,0.038529385,0.057928506,0.52548844,70.27584,27.960125,7.1913843,103.08938
2007.4939,0.3633391,0.20810528,0.046848256,0.0760141,0.6567575,71.92191,29.381645,7.251023,129.46843
2007.4066,0.3658714,0.21828519,0.056237582,0.07510926,0.737349,71.85141,30.101261,7.2797832,137.67902
2007.5295,0.25123388,0.1329963,0.034959435,0.04770375,0.44728187,69.26514,26.880747,7.1280823,94.38714
2007.4082,0.28528208,0.15434608,0.03138186,0.052604426,0.5023549,70.05075,27.631943,7.177197,113.36753
2007.4147,0.27639225,0.14993581,0.03313346,0.052352853,0.4928999,69.86615,27.546673,7.164814,102.61728
2007.411,0.2863031,0.15507929,0.032132484,0.05315949,0.5040035,70.10172,27.691744,7.1804953,113.52862
2007.5563,0.38325626,0.2293959,0.06194256,0.076504804,0.7549175,72.629684,30.726301,7.3276696,185.40201
2007.3623,0.3039878,0.16643028,0.030401574,0.05455336,0.5373741,70.47739,28.060928,7.206837,129.94635
2007.5076,0.24999087,0.13278237,0.03416088,0.04747873,0.44832653,69.20329,26.859625,7.1235075,90.787445
2007.3917,0.24069245,0.12908627,0.026988758,0.044057053,0.44713816,68.71259,26.511827,7.0891104,74.31178
2007.4004,0.25477153,0.1372834,0.029305464,0.04726977,0.4651223,69.16419,26.914341,7.118756,85.59496
2007.3905,0.27395865,0.14707175,0.026656719,0.0484384,0.48619854,69.598015,27.157846,7.1477137,107.52089
2007.3969,0.31521422,0.1798309,0.064540796,0.059755977,0.67102563,70.79625,29.568136,7.320702,145.08554
2007.4329,0.28257743,0.15445934,0.038024124,0.05590528,0.50309056,70.18569,27.926989,7.185471,103.20564
2007.4224,0.27584758,0.15013443,0.035209253,0.053425666,0.49348444,69.91642,27.644875,7.167935,99.73829
2007.358,0.321968,0.18129697,0.050331328,0.06052116,0.64542425,70.698,28.94343,7.2708144,131.33841
2007.4329,0.20912522,0.10853066,0.021523794,0.035449028,0.39697912,67.70259,25.447144,7.024659,59.934696
2007.4336,0.27203768,0.14878586,0.038233686,0.054574832,0.49077678,69.90843,27.727793,7.1671095,92.56627
2007.5455,0.28868702,0.16460757,0.03821927,0.056734562,0.46118906,71.510155,29.176722,7.2320714,161.54886
2007.9203,0.5483995,0.3688413,0.040628895,0.13234675,1.1311678,75.093796,37.215584,7.4640665,654.9989
2007.3118,0.35294798,0.20638496,0.048451122,0.07508693,0.70022863,71.21065,29.282467,7.2287493,91.61403
2007.4188,3.1428545,2.3183162,0.82578677,0.81387866,7.4304094,82.29455,48.81496,7.647923,820.8871
2007.6353,0.3927403,0.23605318,0.06563528,0.07709989,0.7684409,73.06444,31.125261,7.356321,213.16998
2007.4402,0.36847952,0.21748197,0.054688063,0.07600726,0.72366136,71.92596,29.954762,7.2764945,137.65462
2007.3973,0.366001,0.19979033,0.04429593,0.07416951,0.70214355,70.71724,28.040146,7.220016,86.64666
2007.7784,0.9857696,0.6265868,0.20866601,0.19867119,1.8503158,77.897964,36.72773,7.440411,461.9137
2007.4016,0.25294065,0.13636814,0.029636981,0.047201805,0.4631578,69.12526,26.895245,7.116148,83.41393
2007.4014,0.27296403,0.14722694,0.029576173,0.049915858,0.486751,69.66256,27.291399,7.151696,103.24611
2007.4884,0.25883988,0.13897666,0.036151744,0.05033727,0.46413746,69.49909,27.204805,7.1420894,92.677605
2007.3839,0.2645254,0.14152615,0.024880437,0.04616196,0.4740162,69.28843,26.87638,7.127409,100.213615
2007.4103,0.27546814,0.14915049,0.031943154,0.05156801,0.49110553,69.80403,27.465702,7.160822,103.047775
2007.4191,0.2685973,0.14598735,0.034327727,0.05194342,0.4844074,69.6936,27.453957,7.1532826,93.57635
2007.4114,0.29807594,0.16175464,0.033999,0.05617794,0.5297356,70.265396,27.816303,7.191139,112.869835
2007.4152,0.28948513,0.15708712,0.033344593,0.05428637,0.5090583,70.21383,27.807579,7.187792,114.74964
2007.4907,0.26711556,0.14422782,0.03844202,0.052864842,0.47622767,69.79248,27.505022,7.161089,97.198044
2007.4862,0.2577243,0.1383192,0.035803113,0.050010104,0.4627585,69.457985,27.166435,7.1393766,91.81194
2007.991,0.43761644,0.30220148,0.004801286,0.115511276,0.9435132,74.433876,37.23837,7.4758377,694.3172
2007.4196,0.27646735,0.1502888,0.034444373,0.053087857,0.4937635,69.90918,27.617046,7.1675315,101.21275
2007.326,0.3140254,0.19291024,0.11734366,0.046326935,0.74836963,70.82176,31.460018,7.4413843,219.24644
2007.6234,0.28638726,0.16493566,0.03662599,0.05461363,0.4245559,72.03619,29.58617,7.2502513,195.60457
2007.3922,0.23251754,0.124634184,0.027000925,0.042932637,0.43742624,68.49292,26.34832,7.074591,66.30829
2007.4572,0.36761248,0.21148622,0.04910435,0.0774548,0.6868246,71.79415,29.39426,7.2510343,119.44763
2007.6829,0.20338662,0.098184906,0.025237305,0.031892795,0.35523024,67.7065,24.959349,7.031556,90.86626
2007.463,0.23806624,0.12631255,0.029993502,0.04413171,0.43636328,68.74662,26.472773,7.0928464,78.70117
2007.405,0.36737016,0.20113379,0.04711581,0.07608015,0.71016693,70.748825,28.123627,7.2218275,80.32496
2007.4193,0.2660704,0.14462651,0.0343755,0.05162308,0.4814536,69.62705,27.406069,7.148875,91.02831
2007.3938,0.25740117,0.13829073,0.027539412,0.0466543,0.46718132,69.179756,26.873999,7.1199594,90.182556
2007.396,0.34890914,0.18985918,0.040073093,0.06867535,0.65591955,70.58951,27.93449,7.2119813,96.863945
2007.3628,0.37306735,0.23118857,0.06890558,0.07671026,0.822467,71.97732,30.972837,7.3172464,147.15709
2007.5972,0.21665369,0.10898682,0.027024155,0.036586057,0.38647446,68.10313,25.540052,7.0548797,86.0023
2007.2902,0.3755024,0.2430337,0.08475338,0.07877014,0.9160919,71.9885,31.952831,7.3549757,146.62354
2007.4265,0.26869348,0.14651315,0.036316186,0.053055894,0.48569652,69.75839,27.560349,7.157373,91.42835
2007.3533,0.23927781,0.1261264,0.01642851,0.037887998,0.43285692,68.48463,26.07817,7.074496,90.82146
2007.3959,0.286488,0.15421519,0.028082682,0.050946027,0.50182724,69.98002,27.482655,7.172843,118.279236
2007.4054,0.252916,0.13659403,0.030641662,0.047753826,0.46372277,69.15602,26.947538,7.118084,82.25631
2007.4126,0.29001242,0.15721054,0.032646354,0.05396491,0.5090418,70.21064,27.785793,7.1876497,116.27177
2007.3927,0.36199805,0.19750522,0.042601362,0.07250969,0.6894179,70.7067,28.028303,7.219015,91.2074
2007.398,0.27079716,0.14583042,0.02865302,0.049108177,0.48364812,69.575325,27.19968,7.1460166,102.14863
2007.5079,0.25070518,0.13323176,0.034361623,0.047695853,0.4493509,69.22874,26.885376,7.125159,91.19728
2007.436,0.274594,0.15032732,0.038877457,0.055281512,0.49417403,69.997406,27.812601,7.1729317,94.36323
2007.4572,0.26131266,0.14139506,0.036164436,0.05132099,0.47197685,69.56049,27.329933,7.1452236,89.712616
2007.4272,0.29041559,0.15850887,0.037565205,0.05695025,0.5185229,70.25512,27.93397,7.1901083,105.34353
2007.3867,0.27426562,0.14699265,0.025624765,0.04791003,0.4859506,69.574,27.109749,7.1462264,108.98787
2007.4799,0.24674915,0.13143927,0.032699235,0.046680663,0.44714317,69.066284,26.771795,7.1139274,85.38945
2007.4148,0.26818946,0.1454869,0.033156298,0.051239867,0.48323348,69.64597,27.384275,7.150247,94.495155
2007.4192,0.2583664,0.14044099,0.034366935,0.05056118,0.47235733,69.41933,27.25197,7.135135,83.434006
2007.3984,0.25374642,0.13659981,0.02877256,0.04683449,0.46359763,69.11992,26.865898,7.1158795,85.18422
2007.4155,0.2899114,0.1573619,0.033572786,0.054496203,0.5104251,70.21807,27.813929,7.1880503,114.22232
2007.4235,0.30583233,0.16709986,0.039712768,0.060921445,0.5573238,70.35604,27.979046,7.196573,99.81199
2007.4507,0.22612305,0.11897145,0.026500633,0.040547792,0.42009565,68.315865,26.049397,7.0647163,70.97183
2007.3895,0.27400556,0.14703016,0.026375132,0.04828916,0.48608738,69.59047,27.143988,7.147242,107.88483
2007.4531,0.23721996,0.12603201,0.029556515,0.043942217,0.436403,68.70869,26.452768,7.090136,76.93592
2007.4105,0.28047016,0.15188551,0.032021873,0.052297924,0.49705485,69.94119,27.569601,7.169887,107.8962
2007.4167,0.3426817,0.18779552,0.04557632,0.07084631,0.6513383,70.60355,28.108868,7.2123694,84.970604
2007.4056,0.28392118,0.15344411,0.030697709,0.05203944,0.50034434,69.9927,27.568855,7.1734247,112.796005
2007.4182,0.28504056,0.15485935,0.034087583,0.054067064,0.50366974,70.12888,27.769285,7.1821,110.077156
2007.4117,0.32465833,0.17706853,0.03997027,0.06436944,0.6005876,70.45893,27.962597,7.203354,98.30178
2007.426,0.29525688,0.16120104,0.03821408,0.058182187,0.5306631,70.28659,27.947353,7.1921263,103.66308
2007.426,0.2896244,0.15796146,0.036972594,0.056460585,0.51569164,70.24579,27.917072,7.1895494,106.69721
2007.523,0.25669044,0.13667418,0.03629908,0.04942828,0.45632628,69.45192,27.087685,7.139964,96.272545
2007.4177,0.3538061,0.19233268,0.042579092,0.070362784,0.66109735,70.78754,28.111647,7.2268877,100.98896
2007.4238,0.36449692,0.20830786,0.048249435,0.07804009,0.68380713,71.56057,29.152704,7.237583,101.86663
2007.4142,0.33224502,0.18160568,0.04242871,0.067154236,0.62212217,70.52065,28.02715,7.2071953,92.47143
2007.5284,0.380278,0.22798231,0.061442252,0.07612912,0.7551449,72.50472,30.666874,7.321543,178.65106
2007.4131,0.23885012,0.12814552,0.029154288,0.044730388,0.4441552,68.7331,26.55691,7.0906477,72.342995
2007.4242,0.26820296,0.14609784,0.035690792,0.052642845,0.48474798,69.725624,27.517708,7.155267,91.64963
2007.3032,0.34329122,0.2110172,0.13153829,0.047992475,0.77786136,71.0206,31.634314,7.4455695,228.99095
2007.403,0.25395876,0.13700801,0.030002369,0.047543503,0.46457532,69.16411,26.934748,7.1186814,84.00663
2007.3639,0.36125797,0.20005885,0.045426156,0.075209305,0.70029277,70.735825,28.243376,7.2145224,77.30779
2007.3961,0.29274595,0.15762869,0.028146746,0.05184017,0.50925,70.150536,27.610828,7.1841164,124.38375
2007.4059,0.30267107,0.1755322,0.074877575,0.05620416,0.6852214,70.75084,30.069727,7.359535,160.97398
2007.5554,0.21358001,0.10812605,0.025311908,0.035940383,0.38740638,67.96046,25.473988,7.044561,78.78701
2007.5114,0.37492943,0.21811745,0.053409245,0.077497095,0.7071379,72.15512,29.847494,7.2794776,145.21925
2007.5076,0.27253428,0.14725795,0.040264457,0.054410025,0.4821124,69.997215,27.684576,7.1747518,102.23227
2007.515,0.2201346,0.113412045,0.026234752,0.038245454,0.40259033,68.15798,25.75877,7.056236,76.64139
2007.3911,0.28496164,0.15307772,0.0267869,0.050020237,0.4992599,69.898384,27.38413,7.16757,118.23431
2007.3981,0.27446193,0.14782234,0.028660836,0.04961538,0.48797733,69.67426,27.27318,7.15256,105.757034
2007.3999,0.35342973,0.19275087,0.042390395,0.070839815,0.67023534,70.63362,27.998724,7.2146716,91.49955
2007.352,0.3578772,0.20440033,0.04815181,0.0778217,0.69115764,71.156555,28.914265,7.2208786,78.36739
2007.4069,0.2783743,0.1505133,0.031039061,0.051466994,0.49400046,69.85401,27.476164,7.1642165,106.93612
2007.4021,0.2727395,0.14714439,0.02974149,0.049976435,0.48658374,69.66168,27.295607,7.151622,102.83805
2008.0515,1.2265629,0.7970987,0.23183228,0.26279932,2.2526572,80.31614,41.382275,7.503592,793.8256
2007.408,0.27147353,0.14683445,0.031326577,0.050678995,0.48602697,69.67718,27.35364,7.152491,99.800514
2007.7533,0.27171907,0.1468699,0.03968661,0.050582875,0.41287476,70.990364,28.239285,7.212068,174.85248
2007.3988,0.36625457,0.20003913,0.044818178,0.074523374,0.70362943,70.72309,28.055607,7.220351,85.47587
2007.6799,0.37951714,0.22654085,0.05978178,0.07355287,0.70139927,73.172485,30.99082,7.3469667,225.20557
2007.8606,0.6750132,0.4498899,0.072615445,0.15476874,1.3453635,75.924286,37.946205,7.4589853,673.05347
2007.4229,0.2867467,0.15608376,0.035338607,0.05499278,0.5064227,70.21396,27.869043,7.187605,110.35008
2007.9226,0.28842756,0.18739446,-0.0016275183,0.067214064,0.5165446,73.352745,33.329304,7.3878284,480.57352
2007.6534,0.22483343,0.11274072,0.030423759,0.038697936,0.39127618,68.437546,25.776884,7.07796,97.76898
2007.4308,0.2910461,0.15913196,0.0388838,0.057841983,0.5222527,70.26983,27.973019,7.190952,102.38796
2007.3976,0.2911726,0.15686485,0.028526997,0.051834486,0.5076181,70.12006,27.599428,7.182063,122.40184
2007.6613,0.28638506,0.16539909,0.036202647,0.053940568,0.4117049,72.2482,29.733248,7.2575893,209.51328
2007.4224,0.28142267,0.15315674,0.035187744,0.0541788,0.5000507,70.06587,27.754934,7.1778235,105.26527
2007.3766,0.30629274,0.17653163,0.066046245,0.05664019,0.6682035,70.71271,29.729595,7.329518,152.85164
2007.3885,0.24599345,0.13175541,0.026109299,0.04429829,0.45287377,68.827835,26.571342,7.09682,80.53603
2007.4003,0.25922462,0.13969465,0.029276388,0.04786476,0.47036016,69.283195,27.001627,7.126631,90.02311
2007.5433,0.26789016,0.1433255,0.03975863,0.052726466,0.4704225,69.86305,27.474993,7.1670403,104.70368
2007.6516,0.23693906,0.12056441,0.033661436,0.042433545,0.40966988,68.86231,26.22198,7.1053267,103.658455
2007.4534,0.20971762,0.10836581,0.022115333,0.035484504,0.39515358,67.74031,25.446083,7.027638,63.005802
2007.5116,0.23789217,0.1249062,0.030970091,0.043729924,0.4296599,68.780525,26.412407,7.096327,85.190735
2007.4019,0.3668124,0.2005865,0.045967072,0.07530181,0.7068985,70.73596,28.089619,7.2210894,82.900246
2007.3551,0.21631679,0.1135029,0.01713579,0.035265177,0.4125473,67.74798,25.507996,7.02627,61.366283
2007.4426,0.2655493,0.14450327,0.037004866,0.05272791,0.48025593,69.6977,27.501139,7.153693,89.8932
2007.4017,0.27812752,0.15004766,0.029646503,0.05066329,0.49288595,69.8038,27.398075,7.161032,108.263245
2007.5021,0.23382227,0.122544505,0.029669145,0.04254628,0.42481285,68.62941,26.273972,7.086322,81.84573
2007.4547,0.23482604,0.12445408,0.028940583,0.043195207,0.43261263,68.62563,26.363464,7.084816,75.927574
2007.2972,0.22852011,0.14158018,0.06985477,0.032615807,0.5617646,70.267586,30.6287,7.3727493,211.1971
2007.5317,0.21912058,0.11231631,0.026311813,0.037814073,0.39885792,68.136024,25.70312,7.0552616,78.38581
2007.9078,0.4079548,0.2641337,0.033080466,0.09723699,0.8867096,73.907845,34.142746,7.442494,447.0563
2007.4392,0.2812295,0.15413454,0.039733797,0.056665465,0.5025107,70.20288,27.989931,7.1864395,99.94669
2007.3474,0.26260898,0.14465708,0.02476423,0.04237988,0.44018582,70.27167,28.1339,7.2023516,154.76337
2007.3988,0.25474143,0.13716687,0.028884785,0.047033083,0.46483812,69.15022,26.89164,7.117873,86.03977
2008.0029,0.67299324,0.44575986,0.035261713,0.16145349,1.2964501,76.76345,40.53064,7.4097824,959.5316
2007.4893,0.23553318,0.12398755,0.02986001,0.043164972,0.42909095,68.67901,26.350946,7.0891795,80.96426
2007.4268,0.36513045,0.2118993,0.05023685,0.07669815,0.6975288,71.71721,29.499506,7.2526746,118.44933
2007.4205,0.29313913,0.1595811,0.03592691,0.05645619,0.5218646,70.255585,27.880938,7.1903005,108.84079
2007.5142,0.2684861,0.14448477,0.039305832,0.053118613,0.47518066,69.86002,27.52919,7.16607,101.06002
2007.6719,0.256645,0.13267945,0.039422635,0.04834755,0.4365233,69.57296,26.920633,7.1517334,116.39908
2007.3994,0.2740068,0.14766519,0.029038655,0.049761795,0.48766372,69.67382,27.283955,7.152494,104.88166
2007.5264,0.26131397,0.13955405,0.03762127,0.050825913,0.4628126,69.6175,27.253164,7.1507406,99.07204
2007.4158,0.27834374,0.1510652,0.03342598,0.052782353,0.49537575,69.92785,27.600964,7.1688666,104.21352
2007.3154,0.4668996,0.29833856,0.10871724,0.090127096,1.0240507,72.96804,32.406826,7.3639674,174.04126
2007.4121,0.2854051,0.1546647,0.032439187,0.053205814,0.50312513,70.087135,27.689949,7.1795,112.296364
2007.4126,0.23695979,0.12694602,0.028631175,0.04415303,0.44139335,68.666084,26.488333,7.086308,71.31062
2007.4136,0.26608083,0.14426708,0.03284238,0.050776966,0.48055962,69.57938,27.325726,7.145872,92.767975
2007.8022,0.35016412,0.20659165,0.041908156,0.064983726,0.55581385,73.45362,30.826303,7.3320966,279.02646
2007.3323,0.35733873,0.21190694,0.052701194,0.074929565,0.72431487,71.428566,29.690065,7.2510567,109.01508
2007.5398,0.22724472,0.117315955,0.028683001,0.040253583,0.40995362,68.42885,25.991364,7.074379,83.612885
2007.6057,0.24952388,0.12986855,0.036101487,0.046631984,0.43461812,69.26769,26.73352,7.130272,103.832306
2007.5691,0.26536566,0.14101537,0.03962002,0.051764898,0.46320987,69.795456,27.353872,7.163365,106.92332
2007.3999,0.2998847,0.16196026,0.030617224,0.054490604,0.52796113,70.24598,27.711746,7.190187,120.279076
2007.412,0.2840185,0.15390496,0.032410707,0.052999794,0.50147206,70.048904,27.660797,7.1769743,110.9598
2007.5096,0.38874197,0.24222699,0.07450906,0.07688025,0.8395243,72.77787,31.682606,7.3689785,201.44145
2007.2723,1.1238762,0.7116808,0.3886929,0.2083906,2.1784654,76.04799,37.15616,7.5372176,336.2059
2007.8899,0.64933085,0.4374489,0.058793638,0.15282385,1.3016915,75.81826,38.417267,7.4668674,720.9442
2007.6725,0.2059114,0.100081526,0.025703134,0.032743152,0.36038473,67.786896,25.063227,7.036471,90.74877
2007.3813,0.2725258,0.14717124,0.02306206,0.045520235,0.44824332,70.20005,27.74134,7.18482,142.2968
2007.4249,0.2766731,0.15074752,0.035901293,0.053921517,0.49486786,69.9603,27.697697,7.170769,99.7724
2007.365,0.25418916,0.13787809,0.018925333,0.03987926,0.39709753,70.208405,27.850008,7.1844945,156.88138
2007.5923,0.22738242,0.116005495,0.029826486,0.039919604,0.40319833,68.47696,25.93806,7.07888,90.79077
2007.354,0.28227898,0.17312843,0.101842634,0.044729095,0.71661115,70.610245,31.266148,7.437107,208.11884
2007.3716,0.25442198,0.13524808,0.02155667,0.04293808,0.46012828,68.912384,26.500246,7.102861,93.990425
2007.3997,0.33951837,0.18473291,0.039248437,0.06654288,0.6331267,70.53219,27.92165,7.208271,99.16118
2007.3993,0.26041508,0.14027864,0.029014165,0.047883157,0.47161,69.30705,27.011593,7.1282344,91.49387
2007.2908,0.35024083,0.20706463,0.05153283,0.07497878,0.71328413,71.17219,29.472452,7.234616,89.97872
2007.3927,0.34976247,0.19907759,0.047671176,0.07531994,0.6621311,71.20898,28.924158,7.224653,89.93027
2008.6176,2.43661,1.8077236,0.51774335,0.6357193,5.6269283,84.24893,53.742146,7.557346,2071.2554
2007.4149,0.31450438,0.17146407,0.03879959,0.06189834,0.5754567,70.39456,27.940277,7.199211,101.40442
2007.5685,0.37305063,0.21784297,0.05345271,0.075687386,0.6878621,72.44847,30.093739,7.294127,168.64966
2007.4213,0.27683476,0.15059681,0.03489997,0.05339014,0.49446648,69.93333,27.648312,7.1690836,101.06146
2007.4073,0.25758362,0.13925152,0.031157421,0.048679452,0.46953574,69.29785,27.06773,7.127415,86.28167
2007.3878,0.2716267,0.14563319,0.025933558,0.047718618,0.483019,69.512596,27.073343,7.142134,106.0349
2007.4244,0.30037886,0.16738111,0.042627327,0.062438074,0.5476306,70.53363,28.33495,7.198535,96.30362
2007.4247,0.26466483,0.1442092,0.035828073,0.052233215,0.4806537,69.63464,27.454355,7.149235,88.00254
2007.4297,0.27606368,0.15072118,0.037180196,0.0545449,0.4949048,69.983894,27.752737,7.1722045,97.72836
2007.6648,0.22436075,0.11213576,0.030534128,0.038471512,0.38906762,68.43022,25.747017,7.077788,99.06059
2007.4666,0.37265593,0.2222904,0.05814185,0.07574608,0.7420192,72.14948,30.31301,7.2970686,155.34102
2007.511,0.259964,0.13909565,0.036932755,0.05052072,0.4628222,69.55732,27.220798,7.146449,96.311165
2007.5568,0.24187003,0.1262574,0.032998417,0.044629358,0.42963436,68.957825,26.507803,7.1089706,93.32309
2007.4996,0.23484915,0.123271674,0.02989355,0.042880245,0.42668918,68.663475,26.314379,7.088453,82.02252
2007.402,0.27790752,0.14994726,0.029726649,0.0506774,0.49267355,69.800385,27.3979,7.1607985,107.95575
2007.7524,0.73688596,0.47115642,0.12188029,0.15378691,1.4510632,76.043816,35.463146,7.4250784,445.44083
2007.5117,0.22417735,0.11609669,0.027259143,0.039512314,0.40909076,68.297615,25.910408,7.06516,78.242905
2007.409,0.34817147,0.19039163,0.044243716,0.07101761,0.6615033,70.621445,28.061518,7.213684,87.651924
2007.5795,0.25455147,0.13379534,0.036910374,0.048365675,0.44562894,69.42315,26.946629,7.139609,102.8357
2007.5288,0.2298059,0.119254656,0.029143875,0.04112017,0.41525578,68.50995,26.097351,7.0793204,83.41876
2007.4203,0.308549,0.16842966,0.039257552,0.061127238,0.5627096,70.36665,27.961788,7.1973195,100.68597
2007.4358,0.26319942,0.14317831,0.03622317,0.052054897,0.47764966,69.60925,27.42282,7.1478004,87.76543
2007.2673,0.52569586,0.3192435,0.21659788,0.06527589,0.9693723,72.39786,32.561893,7.4803357,271.3151
2007.4014,0.26855642,0.14483117,0.029566465,0.049305663,0.4815439,69.543564,27.202982,7.1438255,98.90664
2007.42,0.3018206,0.16454048,0.037687182,0.05901892,0.54467344,70.317154,27.922976,7.1942,104.504074
2007.4006,0.2948109,0.17273854,0.07893936,0.053734828,0.68877923,70.7012,30.303352,7.3761,169.47
2007.891,0.6825178,0.45955306,0.062034268,0.16001482,1.3539149,76.12541,38.999416,7.4632425,764.1882
2007.5142,0.3795559,0.2293086,0.06294626,0.07557274,0.7662295,72.50295,30.814816,7.327134,181.86856
2007.4255,0.36876523,0.2209229,0.05803588,0.07524367,0.74632096,71.982086,30.274864,7.290455,146.6585
2007.5024,0.27911532,0.15369835,0.040217295,0.055906147,0.481645,70.47942,28.197706,7.1953826,117.23648
2007.3578,0.36261025,0.21729365,0.056745056,0.075315304,0.74658823,71.64585,30.045198,7.2713685,123.93902
2007.5162,0.2427344,0.12789242,0.032378413,0.045185633,0.4363046,68.954865,26.584473,7.1077023,88.27428
2007.4243,0.23055194,0.12251801,0.027144095,0.04209854,0.4302302,68.45011,26.240774,7.07268,69.64991
2007.3903,0.22292674,0.11852985,0.024361452,0.039998353,0.42332166,68.15348,25.999613,7.052628,61.164433
2007.4043,0.27232057,0.14705804,0.030334147,0.050246593,0.4864398,69.66894,27.31839,7.152044,101.75598
2007.4021,0.24616729,0.13272251,0.029773565,0.046347838,0.4552454,68.947136,26.767332,7.1043515,76.574394
2007.4664,0.2703254,0.14693655,0.038798988,0.054025963,0.48426104,69.8855,27.649492,7.1664467,95.53715
2007.4043,0.2670509,0.14420076,0.030352214,0.04953345,0.4802318,69.5276,27.21424,7.142692,96.534325
2007.444,0.24250732,0.12967266,0.030793851,0.045633942,0.44554937,68.8873,26.656492,7.1014194,78.37238
2007.4064,0.35373804,0.19339904,0.044590857,0.072197706,0.6747676,70.6542,28.064846,7.2158165,86.60441
2007.382,0.23694788,0.12642209,0.024340326,0.042079095,0.44115338,68.52891,26.297993,7.0772204,73.60312
2007.6261,0.36505526,0.21408223,0.05172841,0.07227116,0.6484627,72.732796,30.320528,7.3050437,194.9621
2007.5303,0.22291444,0.11479025,0.02730907,0.03899073,0.40473202,68.26846,25.843529,7.0637727,80.11957
2007.5033,0.21617515,0.11118278,0.024915105,0.037112303,0.39821467,68.00886,25.626938,7.0462976,73.04003
2007.5006,1.4823996,1.025248,0.38696742,0.34991464,3.1086433,79.142426,41.520218,7.435977,521.94604
2007.4526,0.26348138,0.14290917,0.03665551,0.052020494,0.4758319,69.63311,27.414364,7.1497893,90.196106
2007.3032,0.37442705,0.23914048,0.079480775,0.07812297,0.8879533,71.942154,31.613148,7.340647,144.2021
2007.5627,0.24807096,0.1300802,0.034803014,0.046493158,0.43813667,69.18112,26.728086,7.1235423,97.2789
2007.4418,0.25958067,0.14069343,0.03537088,0.05089889,0.4714241,69.48679,27.283672,7.140057,86.74744
2007.4208,0.27666107,0.15046912,0.034759816,0.053288832,0.49417865,69.92426,27.637484,7.168498,101.04815
2007.3772,0.2264948,0.12044474,0.02307641,0.039945967,0.42807063,68.20789,26.023111,7.056109,64.7114
2007.4143,0.30235583,0.16442937,0.035907615,0.058058087,0.54279226,70.30471,27.868492,7.1935515,108.42376
2007.412,0.31278938,0.170262,0.037444893,0.06079537,0.5691975,70.37373,27.901533,7.1979666,104.49419
2007.3909,0.27059245,0.14526296,0.02673707,0.04802088,0.48227367,69.50988,27.094933,7.1418757,104.10775
2007.4031,0.34938413,0.19065244,0.04253326,0.07021633,0.6612834,70.61321,28.00825,7.2133074,91.384575
2007.4031,0.2521864,0.1360492,0.030017594,0.047308706,0.4624928,69.11686,26.9002,7.1155543,82.240166
2007.3972,0.26029763,0.14008383,0.028464066,0.047562923,0.47114617,69.28668,26.980347,7.126941,91.998436
2007.4089,0.33266023,0.18146756,0.040812913,0.06626946,0.6202533,70.50897,27.97777,7.2065816,96.03391
2007.3441,0.24985261,0.13776727,0.022614049,0.038621616,0.40834796,70.206,28.13187,7.1994834,162.13873
2007.3646,0.42619345,0.27207032,0.09476569,0.0839397,0.95809966,72.736534,32.20393,7.368857,179.22845
2007.4089,0.2780864,0.15048769,0.03158795,0.051730927,0.49398518,69.86343,27.49926,7.164786,106.03277
2007.5526,0.23036738,0.118981555,0.02979693,0.04112234,0.41294396,68.54932,26.09147,7.0824933,86.923325
2006.7966,1.4862244,1.091119,0.47379413,0.37963945,3.4284296,76.40754,42.10728,7.359762,315.89444
2007.3643,0.23823088,0.12598656,0.019586297,0.039627004,0.43985647,68.41475,26.073805,7.0701356,80.23194
2007.5232,0.23101479,0.12018214,0.029351553,0.041532535,0.41782016,68.547844,26.147898,7.0816154,83.26395
2007.4773,0.23166652,0.12182181,0.028562332,0.042061433,0.4248743,68.53303,26.222677,7.0794406,77.38978
2007.457,0.36889756,0.21480404,0.051957224,0.076861925,0.70462126,71.89435,29.68331,7.265159,130.23643
2007.4178,0.25316265,0.13720927,0.033129513,0.04909693,0.46497524,69.241066,27.075378,7.1235614,80.25259
2007.4133,0.31541103,0.17186294,0.038444333,0.061846513,0.57689995,70.39635,27.928371,7.199364,102.14704
2007.3728,0.40167093,0.24213944,0.15592007,0.05910059,0.84633565,71.564445,31.806446,7.4626975,227.02034
2007.631,0.34634614,0.20062898,0.04363418,0.068306156,0.5713466,72.61332,29.962334,7.2798567,192.50003
2007.4017,0.28148246,0.15186843,0.02964207,0.05112122,0.49684232,69.894005,27.464754,7.167,111.57972
2007.4729,0.24661036,0.13153602,0.032514673,0.046687994,0.4478602,69.05565,26.774467,7.1130557,84.37452
2007.4613,0.24953997,0.1337272,0.03306271,0.047672145,0.45379364,69.14924,26.894604,7.118787,84.28661
2007.4188,0.28783306,0.15641156,0.034237936,0.054533374,0.50705385,70.208786,27.83288,7.1873703,112.66385
2007.8282,0.6755115,0.44274524,0.08642923,0.14999828,1.3466249,75.811035,36.793255,7.446177,576.9031
2007.4144,0.2816446,0.15277155,0.033064455,0.05303545,0.49905717,70.00543,27.6478,7.174034,107.87934
2007.3323,0.29969078,0.1738246,0.06073888,0.05368704,0.6519261,70.59461,29.634571,7.315388,154.71642
2007.4105,0.26885495,0.14557533,0.032010354,0.05069767,0.4833412,69.62805,27.33734,7.149174,96.44461
2007.6498,0.6430248,0.40542784,0.12091427,0.12907165,1.2896526,75.09368,33.76762,7.4047375,314.7825
2007.4127,0.35882068,0.20513986,0.04801061,0.07702802,0.67343336,71.48191,29.128973,7.234712,99.32956
2007.469,0.26543167,0.14372708,0.03752707,0.052503265,0.47659287,69.715225,27.467613,7.1555233,93.39361
2007.4053,0.29132527,0.157444,0.030610522,0.053007267,0.5090302,70.189354,27.711943,7.186442,120.20241
2007.4714,0.31969985,0.1822543,0.042921208,0.06609129,0.56142235,71.39171,29.078257,7.22951,127.11685
2007.4226,0.2845379,0.15486589,0.03526119,0.054646894,0.50377053,70.15206,27.820923,7.1835175,108.25718
2007.3999,0.3251185,0.17646466,0.036137942,0.062179066,0.5949617,70.42842,27.846155,7.2017126,106.77744
2007.4236,0.34868866,0.1996421,0.04670979,0.074336596,0.6439175,71.49545,29.171394,7.234611,106.9597
2007.3918,0.25028685,0.13429983,0.02700351,0.045381784,0.458469,68.97142,26.703953,7.1062303,83.765045
2007.4847,0.24831727,0.13231643,0.033226397,0.0471279,0.44884762,69.12553,26.823769,7.117881,86.84485
2007.3289,0.35647196,0.20116726,0.048420943,0.077561535,0.70283914,70.77635,28.53223,7.2091126,62.569424
2007.4054,0.3162742,0.17178573,0.036036253,0.060570654,0.5746704,70.38025,27.854465,7.198536,107.44415
2007.4733,0.36148712,0.20691493,0.046967242,0.07611494,0.6587242,71.806465,29.311995,7.2463713,121.88117
2007.4274,0.35181084,0.20144503,0.046941474,0.07498719,0.6501442,71.537834,29.19122,7.236283,107.723915
2007.4059,0.3520533,0.1923924,0.04404893,0.07158168,0.66999257,70.640526,28.050632,7.2149653,87.890236
2007.4049,0.35341895,0.19310911,0.044038508,0.07181455,0.67308027,70.64774,28.04856,7.2154436,87.84521
2007.4557,0.2730133,0.14895026,0.039299164,0.054929804,0.48972142,69.97126,27.759855,7.171695,95.43953
2007.6614,0.26875523,0.14176588,0.04162678,0.0518657,0.4505885,70.11734,27.507809,7.181449,127.27139
2007.379,0.27002698,0.14545281,0.022620117,0.04504156,0.45007905,70.00763,27.549904,7.1725893,135.57918
2007.5865,0.2580114,0.13582727,0.037997182,0.049378432,0.44986996,69.550865,27.065327,7.148042,105.55636
2007.476,0.36533946,0.20900533,0.04731987,0.0769628,0.6677047,71.83176,29.311274,7.2474937,121.43886
2007.4188,0.33002523,0.18067098,0.043488473,0.06739366,0.6189189,70.51791,28.062044,7.206909,90.23202
2007.4802,0.3742635,0.22334458,0.058695465,0.07586765,0.7438206,72.22191,30.373413,7.3016105,159.83191
2007.4098,0.28567952,0.15466635,0.03182036,0.052901372,0.50308317,70.075165,27.662909,7.1787696,113.265236
2007.5159,0.21775849,0.11186247,0.025610266,0.037508473,0.39891073,68.075035,25.670826,7.0509057,75.556114
2007.5175,0.36319783,0.20884128,0.047517836,0.07525894,0.65346116,72.06228,29.53894,7.2599645,140.97588
2007.4373,0.27407566,0.15012066,0.03919155,0.055384025,0.49374807,69.99327,27.818764,7.1726274,93.49733
2007.3988,0.25618255,0.1379469,0.028874172,0.047224957,0.46653253,69.1887,26.919823,7.120419,87.47414
2007.3273,0.37763757,0.23990624,0.07763133,0.07783894,0.8817524,72.04012,31.56218,7.3418994,152.04007
2007.3665,0.22454192,0.118699506,0.020201275,0.038088538,0.42406607,68.06536,25.833101,7.0469637,66.02689
2007.3687,0.36202,0.20039046,0.046074353,0.07562533,0.7025652,70.742584,28.248217,7.2154646,76.42985
2007.4396,0.39626354,0.25168404,0.08299883,0.078865185,0.89672434,72.69689,32.05481,7.3774257,192.81874
2007.3894,0.26937237,0.14450803,0.02634923,0.04763907,0.48060468,69.4649,27.05022,7.138938,103.340935
2007.4988,0.26006773,0.13948914,0.03670238,0.050640553,0.46460435,69.550865,27.238226,7.145706,94.703
2007.3406,0.3375195,0.20601577,0.12768471,0.04979712,0.774424,71.024025,31.550884,7.447427,221.3798
2007.4081,0.2788825,0.15086274,0.031347595,0.05170729,0.49478254,69.87734,27.502508,7.16573,107.08969
2007.4277,0.28052297,0.15301444,0.03664168,0.054859105,0.49984863,70.08713,27.81338,7.1790867,102.73724
2007.4231,0.22282265,0.11758729,0.025025783,0.039730772,0.41880754,68.1769,25.959282,7.055013,65.56134
2007.4309,0.29567853,0.16451044,0.042047884,0.06112993,0.53489804,70.504486,28.309206,7.197277,98.88073
2007.377,0.26664102,0.14400883,0.021655133,0.043778956,0.43321517,70.15753,27.720186,7.1814938,144.90147
2007.42,0.36565748,0.21476446,0.052871965,0.07603555,0.7147697,71.784004,29.764397,7.2648463,127.24966
2007.9805,0.32496122,0.22361596,-0.01141887,0.08644974,0.6772981,73.66906,35.499943,7.441599,611.7794
2007.4075,0.26239488,0.14187446,0.031200608,0.049363546,0.47523907,69.42876,27.165955,7.1360707,90.981735
2007.3545,0.23952797,0.12721923,0.016091594,0.03729673,0.412528,68.93137,26.544651,7.102244,110.6747
2007.3839,0.27454582,0.14696191,0.024856826,0.04752394,0.48582718,69.557526,27.07499,7.145212,110.13069
2007.3923,0.31284618,0.17896312,0.065132156,0.058948297,0.6707003,70.77576,29.617397,7.323659,147.26282
2007.3986,0.26614004,0.14334174,0.028822126,0.04856259,0.4782523,69.45521,27.115683,7.1380544,97.36122
2007.3817,0.3610378,0.20629118,0.048590127,0.0781987,0.6893491,71.33725,29.033546,7.2290373,87.514534
2007.3931,0.28922957,0.1555683,0.027295427,0.050865047,0.5035756,70.05175,27.519932,7.177573,122.834694
2007.405,0.25082046,0.13543056,0.030534534,0.04740705,0.4611866,69.096245,26.900116,7.11414,80.308784
2007.3612,0.21263294,0.11189383,0.018779082,0.035668112,0.40917164,67.70018,25.520864,7.022947,55.876637
2007.4468,0.24982038,0.13429329,0.032833356,0.047862217,0.45613515,69.14717,26.920965,7.1182685,82.46736
2007.4673,0.23589997,0.124806374,0.029498054,0.043434672,0.4325436,68.67389,26.388697,7.0882673,78.186554
2007.475,0.22402832,0.116980106,0.026444552,0.039729886,0.41373992,68.262085,25.945791,7.0618896,73.19228
2007.4137,0.32979545,0.18016596,0.04174908,0.06632273,0.6153679,70.50171,28.009758,7.206009,94.100784
2007.5305,0.25687695,0.13659355,0.036508054,0.049431723,0.45560852,69.46468,27.086151,7.1409883,97.38546
2007.4104,0.36302948,0.19903392,0.047955837,0.075818114,0.7017576,70.73284,28.15461,7.220688,78.67867
2006.8269,0.69681054,0.4749045,0.23007062,0.1593649,1.523486,73.36399,35.640522,7.2799225,83.22919
2007.4181,0.19968782,0.102865376,0.018656561,0.032653537,0.38479924,67.358025,25.118256,7.002025,53.138264
2007.4308,0.2827342,0.15440837,0.037452713,0.055610906,0.5029377,70.17204,27.900093,7.1846237,104.00493
2007.3971,0.26868463,0.14462325,0.028401205,0.048679065,0.4810062,69.51057,27.144316,7.141757,100.347565
2007.5371,0.25726008,0.13666303,0.036751393,0.04950204,0.45530412,69.483635,27.09281,7.142388,98.477066
2007.4084,0.28059736,0.15182032,0.03145825,0.052003793,0.49687168,69.92699,27.542524,7.169003,108.65749
2007.4319,0.23198386,0.12323441,0.02769235,0.04248418,0.4313657,68.50682,26.284704,7.076543,71.40863
2007.5048,0.27026626,0.1458786,0.039589517,0.053733412,0.4790965,69.91496,27.604792,7.169366,100.68962
2007.4011,0.32737023,0.1813615,0.045602236,0.06895508,0.6210522,70.543945,28.234388,7.204163,81.12086
2007.4298,0.269805,0.14732447,0.03718835,0.053690568,0.4875239,69.81561,27.628342,7.161072,91.541664
2007.4031,0.29154685,0.15742049,0.030006463,0.052703734,0.5089345,70.17642,27.684626,7.185646,121.1025
2007.6038,0.38762406,0.22998476,0.06123093,0.077469476,0.7447756,72.78758,30.669083,7.3303623,190.98589
2008.3163,0.81807727,0.51822555,0.02849277,0.19123714,1.4194933,79.52156,44.55342,7.320437,1412.5507
2007.4019,0.26741594,0.14424229,0.029694146,0.049219757,0.4802736,69.516846,27.186945,7.1420455,97.63692
2007.4017,0.25910974,0.13972531,0.029667163,0.048065033,0.47045562,69.29233,27.019869,7.1271963,89.46893
2007.5167,0.3435799,0.19751032,0.044101853,0.07074514,0.59704876,71.98133,29.490133,7.251518,145.7074
2007.498,0.2439563,0.12916005,0.03232729,0.045691263,0.44053963,68.982956,26.649332,7.1090336,86.44038
2007.4019,0.28249514,0.15242839,0.02968427,0.051283505,0.4980623,69.9226,27.487167,7.168887,112.531624
2007.433,0.27968818,0.15289636,0.038049236,0.055522688,0.49969578,70.10868,27.870684,7.1803737,100.32554
2007.3085,0.35319662,0.20774142,0.049698934,0.074773,0.7083938,71.24225,29.407898,7.2345114,95.77965
2007.4141,0.28035006,0.15204689,0.032973453,0.052807495,0.49747568,69.96772,27.6172,7.171549,106.704216
2007.9543,0.13041817,0.095921956,-0.05788424,0.035426505,0.09308288,72.59788,33.69355,7.350826,611.42
2007.3965,0.26377177,0.14191797,0.028243816,0.047917902,0.47511566,69.373344,27.038065,7.1326957,95.67595
2007.426,0.25301075,0.13689512,0.03325964,0.04899195,0.46366978,69.24242,27.060787,7.123864,81.27593
2007.4297,0.2778916,0.15171379,0.03718014,0.0547957,0.4970619,70.03311,27.78919,7.1754603,99.53264
2007.4839,0.23803937,0.12573968,0.030425591,0.04397397,0.43355793,68.762856,26.448614,7.094449,81.5107
2007.4071,0.27856654,0.15062982,0.031089937,0.0515215,0.4942574,69.86078,27.48267,7.1646595,107.0684
2007.3325,0.36364472,0.22047645,0.060279958,0.07580814,0.77195305,71.62254,30.262703,7.2790537,122.63724
2007.4104,0.28594276,0.15484826,0.031983957,0.05302793,0.5034905,70.08737,27.676754,7.1795607,113.34054
2007.3912,0.26894033,0.14438829,0.026831599,0.04784644,0.48037985,69.46835,27.06695,7.139119,102.370476
2007.4248,0.2851037,0.15531583,0.03586028,0.055055726,0.5047924,70.186035,27.863684,7.185706,108.13996
2007.3998,0.3340247,0.18157673,0.038053676,0.064873256,0.6185523,70.49253,27.892603,7.2057652,102.08477
2007.4009,0.3666333,0.20041075,0.04559817,0.07505187,0.7058488,70.73183,28.0787,7.2208524,83.72725
2007.4105,0.28104186,0.15219672,0.032025125,0.052378166,0.49773133,69.95669,27.581173,7.170912,108.456764
2007.3966,0.38163534,0.24048856,0.07618073,0.07744411,0.86404884,72.31358,31.58793,7.3512077,170.32948
2007.3851,0.27269128,0.1460357,0.025196364,0.047457162,0.4838395,69.5182,27.055841,7.1425776,107.917206
2007.518,0.2667443,0.14326608,0.03891349,0.05255611,0.4720715,69.80178,27.46127,7.1624107,100.68496
2007.3925,0.3618004,0.19738422,0.042485118,0.072408214,0.6887362,70.70578,28.026564,7.2189445,91.50179
2007.4008,0.36115673,0.20753509,0.047156014,0.07688786,0.6814554,71.50813,29.179155,7.233993,102.234406
2007.4077,0.32323447,0.17595658,0.038329333,0.06314783,0.5944924,70.4372,27.914825,7.202078,102.01175
2007.4426,0.27926713,0.15328766,0.040652283,0.056903943,0.5007381,70.178764,27.999052,7.1847544,96.97379
2007.4971,0.21402466,0.109967284,0.02420207,0.036495596,0.39581493,67.928,25.555141,7.040914,71.10787
2007.4703,0.2092551,0.1076146,0.022349304,0.035220105,0.3921998,67.738075,25.410215,7.0279465,65.07907
2007.3931,0.28194958,0.151572,0.027332561,0.049908556,0.49602798,69.83434,27.352728,7.16328,114.64582
2007.4121,0.3205756,0.17474815,0.03919652,0.06319627,0.5899552,70.43044,27.944462,7.2015452,100.22133
2007.4193,0.26374948,0.14336783,0.034382246,0.051308323,0.47871864,69.564766,27.360136,7.1447544,88.729996
2007.4595,0.27125967,0.14772369,0.038903847,0.054363586,0.48659322,69.912605,27.69149,7.1680098,95.059906
2007.4725,0.20989949,0.10797032,0.022569688,0.03540261,0.39287665,67.762566,25.431374,7.0295854,65.70126
2007.4989,0.26210594,0.14079466,0.03725682,0.05126635,0.4676427,69.62275,27.312677,7.150349,95.754425
2007.4049,0.28047332,0.15152404,0.030496938,0.051455334,0.49615687,69.89357,27.489542,7.1668873,109.61939
2007.4275,0.24252982,0.1301242,0.030454328,0.045758426,0.4477583,68.87457,26.67554,7.100162,76.16296
2007.4028,0.2669242,0.14403644,0.029951071,0.04929431,0.4798452,69.51164,27.190638,7.141676,96.86173
2007.9642,0.95887697,0.628328,0.14562896,0.20428278,1.7725304,78.375,40.102394,7.486635,806.6954
2007.3872,0.2704156,0.1449313,0.025747845,0.047449756,0.48148006,69.474174,27.03943,7.1396112,105.04905
2007.4895,0.2372137,0.12506005,0.030320203,0.043679904,0.43157688,68.738396,26.412169,7.0930195,81.850784
2007.3892,0.3603448,0.2080457,0.047892172,0.07653564,0.68743855,71.48938,29.250113,7.2361217,102.999985
2007.5848,0.25299397,0.1326512,0.036602598,0.047848053,0.44257784,69.37275,26.883625,7.1365,102.77697
2007.4053,0.27945596,0.15100026,0.0306174,0.05138232,0.49502748,69.86995,27.475582,7.1653123,108.47934
2007.4152,0.3410469,0.18674453,0.04471458,0.07004951,0.64611995,70.587395,28.08492,7.2113853,86.96315
2007.4844,0.25844625,0.1388301,0.03596115,0.0502448,0.46407613,69.48194,27.194828,7.1408763,91.93794
2007.4082,0.27973962,0.15134029,0.031398445,0.051853023,0.4958242,69.902016,27.522274,7.167357,107.87826
2007.4183,0.267524,0.14535148,0.034105025,0.051673032,0.4830092,69.65774,27.420849,7.150932,92.76817
2007.4099,0.36245775,0.20708324,0.04846216,0.0779667,0.68384016,71.4775,29.111383,7.2347693,96.80594
2007.4182,0.3295245,0.18033983,0.04318279,0.06712487,0.6172479,70.512596,28.053448,7.206588,90.93489
2007.4878,0.2586851,0.13889098,0.03609898,0.05029336,0.46397364,69.49322,27.199713,7.141696,92.52928
2007.3652,0.360205,0.2130168,0.05277426,0.075113565,0.7207389,71.569595,29.737331,7.257192,117.33412
2007.428,0.2435076,0.1307395,0.030728972,0.046055697,0.44916126,68.90939,26.7108,7.102422,76.72308
2006.9417,1.0972792,0.76217777,0.36979976,0.25594094,2.346006,75.49812,39.08518,7.3627505,236.59258
2007.4023,0.2606789,0.1406156,0.029827433,0.048368957,0.4724022,69.3396,27.059584,7.1303077,90.83692
2007.3649,0.36138913,0.19996025,0.045193065,0.07503872,0.6998635,70.73294,28.228638,7.2146597,78.14455
2007.3961,0.23470181,0.12593375,0.027673798,0.043576512,0.44018695,68.57303,26.423958,7.079865,67.94082
2007.3955,0.34363765,0.18679276,0.0387551,0.0669716,0.6416361,70.54997,27.901434,7.209496,100.04971
2007.3982,0.3661528,0.19993928,0.044608563,0.07438134,0.7030331,70.72074,28.0494,7.2202168,85.9458
2007.2935,0.2200406,0.13778268,0.07120219,0.030108212,0.5519523,70.22881,30.757008,7.380445,218.1058
2007.4016,0.24366523,0.13133281,0.029643347,0.045932513,0.45221582,68.87569,26.710588,7.099638,74.251625
2007.3741,0.22355959,0.118653424,0.022247592,0.03908499,0.4241168,68.10292,25.921022,7.049247,62.749073
2007.4082,0.28481975,0.15409844,0.031396173,0.052548878,0.5018177,70.03875,27.623476,7.176402,112.89516
2007.4126,0.31266835,0.17023373,0.037605498,0.06086935,0.5692019,70.374466,27.906544,7.197999,104.14408
2007.4019,0.25832367,0.13930762,0.029705672,0.047978453,0.46955067,69.27236,27.006212,7.125872,88.64959
2008.4402,0.87082314,0.54735,0.03168442,0.20166221,1.4680955,80.42415,45.779182,7.3119535,1546.1716
2007.4657,0.25717178,0.13850917,0.035222754,0.049986754,0.46464127,69.42168,27.168938,7.13649,88.76355
2007.3926,0.2570489,0.13801734,0.027194502,0.046415284,0.46656165,69.159485,26.848852,7.118652,90.223976
2007.6356,0.22743247,0.114883594,0.030752601,0.039624542,0.3975303,68.51441,25.891762,7.0824485,96.67993
2007.8422,0.7357318,0.49114454,0.083577305,0.16707523,1.4479488,76.359825,38.66623,7.460638,712.4844
2007.3744,0.25691214,0.1367808,0.02231442,0.043698687,0.46351486,69.00314,26.589722,7.10879,95.59359
2007.6521,0.23019892,0.11622169,0.03184821,0.04035722,0.39949495,68.6254,25.974716,7.0900493,100.31152
2007.4147,0.30719444,0.16723795,0.03709008,0.05960576,0.5558554,70.34076,27.898008,7.1958203,105.56013
2007.4141,0.26586258,0.1441789,0.032969803,0.050817456,0.48037726,69.577484,27.32807,7.145735,92.40884
2007.4242,0.27242243,0.1483882,0.035686836,0.053219665,0.4897249,69.83913,27.601654,7.162775,95.81884
2007.4613,0.26265153,0.14214626,0.03661273,0.051703453,0.4734434,69.61099,27.374401,7.1485915,90.94367
2007.3934,0.26260644,0.1410915,0.027430722,0.047308497,0.47325963,69.31653,26.972103,7.1290174,95.44297
2009.4585,2.0336776,1.5067264,0.30578583,0.5406953,4.563015,85.53021,57.88356,7.3818583,3087.2112
2007.4432,0.36573994,0.20917863,0.04771554,0.07773136,0.67944413,71.674194,29.215614,7.2412047,109.78144
2007.4364,0.2953485,0.16201644,0.041688643,0.06025715,0.53692096,70.31697,28.05227,7.1937947,95.95327
2007.5029,0.26013982,0.13942325,0.036810607,0.05063254,0.46415406,69.55688,27.236185,7.146206,95.309586
2007.4244,0.36549348,0.21336901,0.05156129,0.076382205,0.70607483,71.75461,29.632956,7.2589226,123.045746
2007.4153,0.2836638,0.1539225,0.03329298,0.053438865,0.50157523,70.066956,27.700079,7.1780815,109.61462
2007.4026,0.26102424,0.14081992,0.029898012,0.04845536,0.47285149,69.351105,27.070179,7.1310616,91.098145
2007.5057,0.26207522,0.14059262,0.037392646,0.05120786,0.4666894,69.627304,27.30395,7.150825,96.66512
2007.4252,0.25244275,0.13655291,0.03308809,0.04882338,0.46293038,69.22172,27.04094,7.1225057,80.873344
2007.4518,0.2677418,0.14566635,0.037792012,0.053336184,0.48232383,69.782486,27.571165,7.1594095,92.24987
2007.4247,0.269656,0.14691909,0.03582599,0.052916978,0.48654252,69.76898,27.553791,7.1581216,92.93132
2007.4104,0.25584182,0.13850655,0.032000873,0.04890673,0.4679791,69.27733,27.077305,7.1259747,83.610985
2007.4896,0.26413855,0.14234723,0.0376115,0.051957864,0.47192034,69.68668,27.397377,7.154229,95.52923
2007.6272,0.2478489,0.12822036,0.036100842,0.045962933,0.4292579,69.22641,26.648342,7.1281786,105.89174
2007.4337,0.2696082,0.14734875,0.037914645,0.054040223,0.48752946,69.833244,27.659645,7.1622033,90.738396
2007.3413,0.92662746,0.57434034,0.33404264,0.15743391,1.7098578,75.174164,35.65947,7.5216856,329.87305
2006.819,0.78822196,0.5387915,0.2561073,0.18505172,1.7078484,74.00492,36.72049,7.2758684,98.400986
2007.4011,0.27902266,0.1504944,0.029481439,0.050694875,0.49384463,69.82274,27.407255,7.1623015,109.33295
2007.3922,0.35495853,0.19312358,0.04027395,0.069861315,0.6699074,70.62812,27.93888,7.2144322,96.224304
2007.5365,0.24965447,0.1317958,0.03467913,0.047168013,0.44398758,69.21528,26.815178,7.1250496,94.53195
2007.3921,0.36147088,0.19719906,0.042357355,0.072278604,0.68770784,70.705055,28.026007,7.2188697,91.8523
2007.3813,0.34771562,0.18982074,0.038424097,0.0677078,0.6470758,70.69245,28.052317,7.2166715,103.50749
2007.3999,0.27428466,0.14784758,0.029171,0.049873088,0.48806977,69.68545,27.29645,7.1532497,105.006615
2007.3972,0.36597374,0.19976358,0.044239793,0.074131474,0.7019837,70.71661,28.038485,7.21998,86.77253
2007.3922,0.3252802,0.17634249,0.034319885,0.061174497,0.5915011,70.438774,27.82479,7.2021117,111.39662
2007.4923,0.24595542,0.13059676,0.032747548,0.04634708,0.4442972,69.04863,26.728868,7.1131196,86.67776
2007.4133,0.29598147,0.16068937,0.034168676,0.05591185,0.5252676,70.25566,27.82413,7.190478,112.59806
2007.2797,0.39885613,0.24453484,0.1578543,0.052438322,0.83528674,71.42377,31.935713,7.45513,244.0686
2007.405,0.36738676,0.2011501,0.04715009,0.07610337,0.7102644,70.74921,28.124643,7.22185,80.24811
2007.4065,0.3275596,0.17835067,0.03885895,0.06421876,0.6052511,70.46489,27.925268,7.203857,100.62151
2007.4075,0.27349582,0.14790322,0.031203108,0.050888248,0.48834047,69.72777,27.387484,7.15585,101.935814
2006.8353,0.5498904,0.37243387,0.18864214,0.1182049,1.227964,72.322556,33.91361,7.285635,57.70709
2007.6156,0.25789458,0.13497852,0.038577396,0.049134366,0.4458444,69.57068,27.02878,7.150093,109.42846
2007.3998,0.24866116,0.13392843,0.029150711,0.046345726,0.45782015,68.99481,26.784346,7.1075664,79.73849
2007.429,0.36821586,0.21930353,0.056539487,0.07543128,0.7365459,71.948166,30.13886,7.284206,142.71878
2007.3806,0.3131368,0.17895885,0.062380895,0.05877733,0.66482127,70.7548,29.521873,7.3146806,145.37616
2007.493,0.3629731,0.20782545,0.046694413,0.07596565,0.655543,71.91373,29.369995,7.25026,128.96931
2007.415,0.36685526,0.21892239,0.056568645,0.07518588,0.7383988,71.8956,30.137455,7.2825294,140.40443
2007.397,0.3563278,0.19419953,0.042040866,0.07113999,0.6762178,70.64611,27.984426,7.2155323,92.13009
2007.3959,0.36574078,0.19953498,0.043759983,0.073806375,0.7006185,70.711235,28.024279,7.2196712,87.848175
2007.3069,0.35154223,0.20214884,0.045600478,0.07623273,0.6819397,71.04266,28.898111,7.210832,74.42071
2007.4535,0.39806148,0.25240082,0.08299097,0.07892125,0.894308,72.76113,32.0638,7.3792667,196.63333
2007.5183,0.26544958,0.14242223,0.038572855,0.052154668,0.4700688,69.75657,27.41337,7.159505,100.09129
2007.3804,0.36106607,0.20625344,0.048740096,0.07829087,0.6901841,71.32668,29.027061,7.228903,86.608055
2007.3955,0.36566883,0.1994644,0.04361178,0.073705964,0.70019686,70.70958,28.019892,7.2195764,88.18042
2007.8695,0.36957845,0.22935897,0.03438033,0.0791069,0.6979375,73.66593,32.42696,7.3861494,366.00296
2007.4236,0.27464575,0.14955437,0.03551401,0.053429224,0.49224645,69.893585,27.636915,7.1663947,98.20821
2007.418,0.28233805,0.15337811,0.034030132,0.05366445,0.5004465,70.05431,27.712368,7.1771727,107.47451
2007.5637,0.383328,0.22793481,0.06049861,0.07693067,0.7450315,72.60714,30.582296,7.3214784,181.21605
2007.411,0.26337072,0.14263491,0.0321685,0.050032534,0.4769628,69.48531,27.23627,7.1397166,90.85319
2007.5404,0.25521526,0.13526107,0.03626811,0.048849396,0.45179683,69.414375,27.014273,7.138006,97.89099
2007.3973,0.28740227,0.15480189,0.028461521,0.051280916,0.50313014,70.01649,27.520792,7.175218,118.75429
2007.95,0.90763885,0.5950116,0.12566245,0.19645123,1.6906433,78.050385,40.11092,7.4655523,826.3585
2007.4308,0.27406982,0.1497038,0.03745458,0.054422982,0.49271414,69.93878,27.727386,7.1691937,95.45082
2007.3771,0.36034983,0.21075399,0.05052805,0.07578189,0.70531964,71.535835,29.51342,7.247605,110.88134
2007.4293,0.27791828,0.15170397,0.037078097,0.05474295,0.49703297,70.03064,27.78436,7.175307,99.674065
2007.4758,0.24231058,0.12869687,0.031412333,0.045344938,0.44102708,68.90664,26.613865,7.1035156,82.58885
2007.3793,0.31636184,0.19196051,0.11671169,0.050031874,0.7547079,70.909035,31.39179,7.446211,210.49736
2007.4058,0.24343546,0.13128676,0.030240046,0.04619319,0.4520072,68.8885,26.732916,7.100481,73.67033
2007.3772,0.26049384,0.13890827,0.023080772,0.04461384,0.46819466,69.123566,26.701422,7.1166806,98.26438
2007.2891,0.35021704,0.20031466,0.04618373,0.07638915,0.6897255,70.813,28.695633,7.2030725,62.858494
2008.0356,0.59799,0.40198654,0.014279282,0.14971699,1.1755582,76.21526,40.339897,7.4261174,959.34686
2007.4243,0.26185617,0.14262024,0.03561873,0.0517238,0.47715178,69.552536,27.386366,7.1438355,85.536545
2007.4258,0.26850235,0.14636292,0.03612127,0.052921906,0.48535576,69.74715,27.546295,7.156648,91.4595
2007.4006,0.27615753,0.1489104,0.029363172,0.050236326,0.49039355,69.74189,27.343899,7.156965,106.63844
2007.3033,0.41190666,0.26511112,0.09403403,0.08315329,0.95981044,72.39315,32.147774,7.3600593,159.35284
2007.3555,0.35927194,0.21280919,0.052846573,0.07493032,0.72236437,71.53447,29.741594,7.2562704,115.903465
2007.5326,0.48635945,0.3065678,0.09865449,0.095149204,1.0198091,73.69211,32.63457,7.390249,239.25749
2007.2866,0.3441528,0.21223898,0.13246371,0.047014464,0.7775842,71.00592,31.663063,7.444401,232.01714
2007.3564,0.24234954,0.1277247,0.01749366,0.039035317,0.4434796,68.4602,26.045998,7.073348,86.657555
2007.3871,0.25770363,0.13802092,0.025716787,0.045688212,0.46646065,69.13089,26.78427,7.1169057,92.53701
2007.4061,0.36270332,0.20740177,0.04803298,0.07788182,0.684415,71.47667,29.110117,7.2336783,97.059395
2008.1106,0.69361645,0.44888803,0.014951637,0.16784923,1.2841345,77.67969,42.26572,7.345216,1170.9252
2007.3822,0.25125512,0.134213,0.024431137,0.04409259,0.45809063,68.91703,26.588114,7.1028852,87.622406
2007.7059,0.40997887,0.24901934,0.066737756,0.08232852,0.8176066,73.429214,31.61793,7.379577,243.67949
2007.3716,0.2599579,0.13825633,0.021565353,0.043702535,0.46666625,69.06173,26.611113,7.112739,99.44481
2007.401,0.33795655,0.19152912,0.046445616,0.07222403,0.6343934,71.054504,28.789328,7.2186527,91.84559
2007.3951,0.26788333,0.14406782,0.027896056,0.04828985,0.4797619,69.47318,27.101795,7.139334,100.12648
2007.414,0.33548158,0.18345365,0.043080553,0.06810706,0.63061804,70.54357,28.042688,7.2086473,90.86442
2007.437,0.25655454,0.13887902,0.03444977,0.0500031,0.46752936,69.37624,27.178305,7.132793,84.557076
2007.4629,0.21812867,0.11351264,0.024593567,0.038002253,0.40649468,68.04439,25.743279,7.0475183,68.56715
2007.3859,0.28223857,0.15238513,0.025296481,0.04845274,0.47552466,70.221085,27.728643,7.186934,135.69016
2007.3793,0.2236863,0.11905404,0.023640802,0.039872576,0.42509004,68.14992,25.996752,7.0522184,61.30274
2007.4226,0.2850344,0.15513273,0.035249498,0.05470855,0.50434935,70.16506,27.83021,7.184379,108.760445
2007.4049,0.23991255,0.12904453,0.029270506,0.045115374,0.4468263,68.76381,26.60483,7.0924134,71.7808
2007.6238,0.21719126,0.10862423,0.027729372,0.036560938,0.3837579,68.14395,25.530205,7.058221,89.87148
2007.207,0.52422696,0.32303643,0.2115157,0.077102266,1.0004513,72.34379,32.610283,7.437389,207.29703
2007.7183,0.7129491,0.4494374,0.12937692,0.14473753,1.410497,75.75091,34.293552,7.4129677,353.05524
2007.4783,0.37327915,0.22127603,0.05697066,0.07618997,0.7333132,72.153244,30.198,7.292796,152.94331
2007.4336,0.375184,0.22909966,0.06504601,0.076030806,0.7894184,72.19647,30.819775,7.3180027,161.61111
2007.0565,1.3360323,0.93395185,0.44494978,0.3114115,2.9632525,75.9701,39.357502,7.465627,294.17477
2007.5283,0.38309234,0.23321488,0.06599803,0.075831234,0.7836642,72.645485,31.076769,7.341573,191.89313
2007.4268,0.2395668,0.12824199,0.029635975,0.0448529,0.443419,68.76959,26.567966,7.0933657,74.555084
2007.4379,0.2788549,0.15275301,0.03934722,0.056125905,0.49947998,70.12684,27.922262,7.1814475,98.039024
2007.4293,0.29604846,0.16189626,0.039475266,0.0590681,0.5346591,70.301674,27.984459,7.1930003,100.82676
2007.4565,0.242987,0.12964608,0.031188326,0.045691416,0.44460315,68.914536,26.66009,7.103512,80.316055
2007.567,0.26969352,0.14385001,0.040747765,0.05311054,0.46997312,69.94615,27.514566,7.173036,108.83767
2007.3755,0.3423611,0.20732963,0.12879372,0.052580416,0.7820998,71.10705,31.522047,7.451273,216.30325
2007.3524,0.23792516,0.12553069,0.016050806,0.037396673,0.42653224,68.53577,26.137045,7.0775104,94.15311
2008.1101,0.586359,0.3898949,-0.0045016916,0.14978349,1.1296875,76.58603,41.312126,7.392883,1085.1472
2007.5378,0.35057518,0.20139693,0.04438625,0.07187006,0.6075711,72.112144,29.53956,7.2565646,151.22354
2007.6636,0.32790974,0.18988973,0.039204486,0.063261785,0.5042338,72.70433,29.986694,7.276222,208.9888
2007.4324,0.30021203,0.16451414,0.04140366,0.060939614,0.54748577,70.34053,28.037395,7.1953807,96.34264
2008.2123,0.8821357,0.56565416,0.072843544,0.19838941,1.561729,79.292656,43.164165,7.3805046,1216.1494
2007.5385,0.3600663,0.20731372,0.046794854,0.0739682,0.6382068,72.16443,29.617336,7.2636447,150.53012
2007.3976,0.30672756,0.18553217,0.111694284,0.05018082,0.7457767,70.85752,31.318378,7.44571,205.42982
2007.5615,0.24520712,0.1282734,0.034002226,0.045621276,0.43400455,69.07927,26.624628,7.116936,95.66171
2007.4099,0.34184942,0.18681508,0.04312042,0.06924533,0.64516956,70.57797,28.035698,7.2109184,90.45835
2007.4081,0.2910131,0.15745531,0.03136973,0.053384144,0.50911075,70.2047,27.745607,7.187382,119.03795
2006.748,0.3903329,0.27318802,0.14376108,0.09164932,1.0172644,70.7319,32.7415,7.2638726,-8.095484
2007.601,0.33722535,0.19455768,0.041575693,0.06708115,0.55063057,72.40335,29.7685,7.266102,180.95976
2007.3691,0.25161982,0.13356903,0.020895751,0.04218818,0.45643067,68.81625,26.409636,7.0965667,91.970184
2007.4528,0.3683634,0.21438825,0.051709477,0.07683979,0.7035898,71.86916,29.656866,7.2633724,128.55374
2007.3997,0.36175084,0.20932037,0.04871978,0.07654366,0.6913446,71.558754,29.337242,7.241589,107.953316
2008.0901,1.6820091,1.1735654,0.3743198,0.39517522,3.4846961,81.30775,44.172314,7.575078,962.5867
2007.6431,0.654248,0.4126172,0.12388682,0.13101022,1.308604,75.16447,33.829865,7.4041247,315.92233
2007.4696,0.26564893,0.14385033,0.03759874,0.052565686,0.47683758,69.72338,27.474886,7.156066,93.586464
2007.421,0.33587456,0.18419132,0.04548453,0.069600366,0.6356972,70.56636,28.114855,7.209918,85.51373
2007.5846,0.26786733,0.14220993,0.04062297,0.0524233,0.46490976,69.89629,27.428244,7.1702843,110.28573
2007.4613,0.26604673,0.14432725,0.037531324,0.052747585,0.4785359,69.730545,27.498682,7.156307,92.66311
2007.4386,0.27679813,0.15168451,0.03955045,0.055956014,0.49717298,70.07781,27.891918,7.1781845,95.77964
2007.385,0.3053057,0.17626363,0.06855922,0.05653206,0.67307603,70.72403,29.825838,7.33804,155.12943
2007.5018,0.26444826,0.14222056,0.037952762,0.0519655,0.4707644,69.70766,27.395132,7.1559076,97.34049
2008.1139,0.516359,0.3510794,-0.018118432,0.13810505,1.0272816,75.89929,40.749187,7.42187,1036.6277
2007.4037,0.33741286,0.183815,0.040111855,0.06668595,0.62984145,70.52836,27.95046,7.2079325,97.35151
2007.3921,0.24675113,0.13239692,0.027075285,0.04493629,0.45433903,68.878456,26.637209,7.1000733,80.19425
2007.4072,0.24021874,0.12918097,0.02940101,0.045193337,0.44698578,68.77646,26.613525,7.09329,72.24209
2007.437,0.28094503,0.15383343,0.039118122,0.056286063,0.50181097,70.17596,27.95191,7.184719,100.36044
2007.3817,0.2503279,0.13367827,0.024300134,0.043892927,0.45691904,68.887955,26.562735,7.100975,86.85487
2007.606,0.25885317,0.13585268,0.038632464,0.04949869,0.448568,69.59644,27.074646,7.151498,108.60126
2007.3628,0.35865894,0.20962076,0.049922,0.07566079,0.70326364,71.459236,29.447517,7.2427244,106.08675
2007.3682,0.29960692,0.17411962,0.06863753,0.054452725,0.66932136,70.662926,29.899466,7.34083,159.55615
2007.1073,0.77607507,0.5161063,0.22475171,0.17261277,1.6268681,74.65064,35.96692,7.329308,175.72441
2007.6726,0.22037356,0.10936459,0.02962141,0.037188854,0.38204226,68.296326,25.592312,7.069356,98.10814
2007.4178,0.31126487,0.1698092,0.039029434,0.061467465,0.5684892,70.37921,27.951397,7.198173,101.05634
2007.4697,0.30896038,0.17500393,0.04206706,0.06349029,0.5410032,71.15901,28.876007,7.22083,123.688995
2007.4196,0.30747136,0.16775477,0.038770568,0.06065003,0.5594109,70.3567,27.948454,7.196709,101.819664
2007.5521,0.26496664,0.1412135,0.039152715,0.05176446,0.4648729,69.76736,27.358221,7.1610975,104.41213
2007.4215,0.27843273,0.15148275,0.034976248,0.053651586,0.4963973,69.978745,27.68419,7.172081,102.55271
2007.555,0.31203082,0.18061176,0.03990976,0.06225105,0.5025063,72.07469,29.667057,7.252991,172.29416
2007.3866,0.27604493,0.14795442,0.025606027,0.048143834,0.4880392,69.62133,27.144253,7.149359,110.76531
2007.3804,0.23282841,0.124091126,0.023945821,0.041295715,0.43605882,68.40564,26.195108,7.0691047,69.98213
2007.3914,0.5062634,0.32023472,0.11570841,0.09438397,1.050174,73.56432,32.58316,7.375051,204.76282
2007.3605,0.36024362,0.21387987,0.053645812,0.07494679,0.7267573,71.579185,29.816542,7.260517,119.22008
2006.7152,0.8668315,0.59788275,0.2900144,0.20895319,1.8791763,74.28375,37.8306,7.257238,88.14237
2007.3843,0.3293058,0.18504867,0.046192523,0.070488006,0.6259749,70.71327,28.49362,7.206286,80.45901
2007.5145,0.26503676,0.14225806,0.038381264,0.05205488,0.4699524,69.73891,27.402472,7.158264,99.36878
2007.3771,0.37485144,0.23261717,0.06976545,0.076763384,0.82610947,72.063095,31.065598,7.323434,152.99278
2007.4061,0.27802452,0.15027843,0.030850423,0.05131472,0.49347615,69.83869,27.459274,7.163222,106.803604
2007.3175,0.21721165,0.11924988,0.014346825,0.029490063,0.34061462,69.579666,27.577408,7.1544323,158.79088
2007.4042,0.28274557,0.15271023,0.030296655,0.051656418,0.49872,69.948494,27.524338,7.17054,112.08805
2007.3842,0.26292545,0.14067206,0.024942273,0.045976598,0.47216478,69.24728,26.847721,7.124681,98.56473
2007.4187,0.28613296,0.15548009,0.034203243,0.05428091,0.5050272,70.16192,27.79715,7.1842737,111.024925
2007.3062,0.35222661,0.2057947,0.048088573,0.07506505,0.6986458,71.17615,29.243963,7.2262144,89.25796
2007.4196,0.3313712,0.18149503,0.044011135,0.06793898,0.6228901,70.529594,28.07611,7.207631,89.00581
2007.42,0.26327065,0.14315827,0.034594122,0.051359754,0.47827902,69.558495,27.36172,7.144319,88.01834
2007.4213,0.21453246,0.112312555,0.02274282,0.037194904,0.40662473,67.88344,25.657936,7.036023,61.1057
2007.4146,0.2608918,0.14151466,0.033117015,0.050216734,0.47459838,69.448235,27.236664,7.1371703,87.33645
2007.4032,1.1325203,0.7463292,0.29178524,0.25523677,2.2420232,77.84878,39.24063,7.372812,364.8191
2007.419,0.3406204,0.18760222,0.049553424,0.06688652,0.658166,70.8274,28.592361,7.258349,116.58152
2007.5137,0.20000198,0.100519024,0.020756604,0.032064684,0.37258923,67.44789,25.023481,7.010368,66.24515
2007.5203,0.34055144,0.1958987,0.043700125,0.06993354,0.58796513,71.991135,29.508448,7.2516875,148.26572
2007.365,0.34402403,0.19268598,0.04799499,0.07425555,0.66870993,70.68118,28.41663,7.207677,69.286125
2007.4255,0.29829684,0.16291527,0.038729127,0.059019525,0.5384735,70.307274,27.95901,7.1934443,102.36924
2007.5021,0.2923819,0.1652654,0.039760865,0.05865965,0.491249,71.149025,28.865347,7.219637,137.98393
2007.5566,0.25141227,0.13238877,0.03557873,0.04756435,0.44395575,69.293755,26.857159,7.1306496,98.14677
2007.3917,0.36418375,0.1984222,0.042207863,0.072625466,0.6942054,70.695984,27.988012,7.2186966,91.52024
2007.4446,0.22929426,0.12116868,0.027231986,0.041566115,0.4256492,68.42258,26.17216,7.071443,71.76422
2007.4318,0.2766006,0.15114138,0.03772041,0.054917216,0.49585783,70.01524,27.791828,7.174226,97.64893
2007.3958,0.26637825,0.14329128,0.028067136,0.0481779,0.47808707,69.438,27.080767,7.1369905,98.447914
2007.4465,0.3695239,0.21874313,0.055608913,0.07592559,0.72863996,71.98286,30.050058,7.2818885,142.24818
2007.379,0.22338347,0.11887305,0.023571352,0.039792635,0.42469165,68.13959,25.987062,7.0515423,61.08208
2007.4109,0.22580978,0.1198314,0.025576742,0.04073692,0.4249068,68.27202,26.082188,7.0608273,65.42128
2007.1505,0.30707902,0.19317394,0.07395304,0.06987959,0.74785423,70.50718,30.442251,7.273353,67.822914
2007.8632,0.616697,0.40676647,0.068508476,0.14066987,1.2470331,75.451324,36.71246,7.4513984,590.04395
2007.4073,0.36456773,0.21479496,0.053222273,0.07574539,0.7184723,71.74764,29.795929,7.264927,126.37257
2007.517,0.27262905,0.14706872,0.040487885,0.054371893,0.48100993,70.008286,27.677614,7.175716,103.55115
2007.4222,0.27302682,0.14859033,0.03515745,0.053009946,0.4901251,69.83884,27.585894,7.1628084,97.01253
2007.4838,0.2627697,0.14162263,0.037118826,0.05157851,0.47063684,69.633705,27.353724,7.1506553,94.049995
2008.5153,0.94128513,0.5905368,0.050315756,0.21363325,1.5625602,81.15952,46.395035,7.3256006,1597.3485
2007.4392,0.2048715,0.105630405,0.020505654,0.03409575,0.3897636,67.55801,25.284445,7.0154953,58.633266
2007.4644,0.275796,0.15050378,0.040237047,0.05572263,0.49273098,70.07647,27.851954,7.178719,98.03756
2007.7456,0.40353873,0.24405049,0.06126281,0.0807246,0.77870375,73.51131,31.539486,7.3739448,258.03247
2007.4258,0.2777689,0.15139246,0.03611081,0.054187715,0.4962848,69.99636,27.73056,7.1731343,100.61768
2006.8358,0.70697904,0.481538,0.23202713,0.16194217,1.5422189,73.460686,35.74079,7.2812767,87.47033
2007.3752,0.24215484,0.12881987,0.022535922,0.041796092,0.44623113,68.612686,26.30704,7.082939,80.77785
2007.3683,0.26838413,0.16321425,0.08941237,0.045111742,0.6937076,70.50645,30.982494,7.4215546,196.11008
2007.514,0.24734513,0.1309119,0.033580232,0.046619106,0.44350755,69.11542,26.755651,7.1180067,90.31607
2007.398,0.2889372,0.15567817,0.028641114,0.051590826,0.5050477,70.06344,27.560843,7.1783066,120.06681
2007.405,0.25395802,0.1371342,0.030533848,0.04783721,0.4648886,69.18071,26.962656,7.1197276,83.40641
2007.3038,0.37399998,0.23843423,0.07875828,0.07803767,0.8837065,71.92799,31.56156,7.3382363,143.25536
2007.4235,0.29725474,0.16216192,0.037801947,0.058287695,0.53448915,70.293724,27.932323,7.192639,104.47735
2007.4227,0.2962933,0.16156033,0.03736992,0.057863396,0.5315504,70.28487,27.9205,7.1920953,105.4834
2007.3553,0.20008495,0.104706876,0.017212885,0.033080414,0.3934382,67.31329,25.188316,6.997508,45.25803
2007.4315,0.24154627,0.12938565,0.030272631,0.045427244,0.44575182,68.84324,26.63509,7.0982466,76.2072
2007.6387,0.20651747,0.101371326,0.02515502,0.033171784,0.3657751,67.78039,25.122969,7.0351524,86.480225
2007.3824,0.303221,0.16445781,0.029292637,0.054526404,0.5297128,70.38622,27.847382,7.197122,126.220955
2007.5062,0.26476902,0.1423072,0.038133968,0.05203203,0.47065127,69.72264,27.401894,7.156994,98.10967
2007.4175,0.28665257,0.15568958,0.03389815,0.054183543,0.5054599,70.16637,27.791483,7.184598,111.88192
2007.4336,0.2637432,0.14358468,0.03632513,0.05223748,0.47874945,69.62663,27.445105,7.148865,87.75073
2007.3516,0.34692103,0.19546585,0.048595637,0.07558168,0.67796737,70.740616,28.519388,7.208138,66.20819
2007.4114,0.26078486,0.14124678,0.0322361,0.049715072,0.4739514,69.41779,27.18825,7.1352434,88.224594
2007.3673,0.25568333,0.13675734,0.019599548,0.041482665,0.43504995,69.44564,27.018713,7.1360416,121.36153
2007.547,0.25722328,0.1363753,0.03695027,0.049419664,0.45393458,69.49051,27.080446,7.1430945,99.800354
2007.3888,0.27372003,0.14682706,0.026173403,0.048138462,0.48563114,69.57647,27.127693,7.146336,107.830574
2007.5609,0.25615564,0.13532066,0.03695306,0.04899212,0.45049778,69.464325,27.025986,7.1417727,101.13362
2007.4224,0.25787023,0.14011306,0.034498222,0.050512318,0.4714381,69.41054,27.242682,7.1346188,83.247375
2007.7787,0.30754924,0.17822076,0.032920454,0.054189984,0.4074434,73.189,30.271412,7.2945375,265.4294
2007.4354,0.2639137,0.1436442,0.036410835,0.05227645,0.47875622,69.634186,27.44926,7.1494026,88.09133
2007.3967,0.3658892,0.1996806,0.04406558,0.07401344,0.7014881,70.71466,28.033327,7.2198677,87.163086
2007.3822,0.3595991,0.20769843,0.047773354,0.076439746,0.6875391,71.458206,29.235876,7.234616,101.329025
2007.3983,0.30164605,0.16285516,0.030470302,0.054711863,0.53171104,70.254135,27.705036,7.1907406,120.517006
2007.427,0.20822959,0.10811267,0.021157047,0.03521592,0.39641875,67.66618,25.420921,7.022153,58.68156
2007.4097,0.22302093,0.11807289,0.024796123,0.039888125,0.4208878,68.1728,25.981482,7.0543914,63.841343
2007.3832,0.25815603,0.13801627,0.024665719,0.04516923,0.46637306,69.11019,26.73807,7.11564,94.16917
2007.3779,0.26978627,0.14442798,0.022933224,0.045591902,0.46905458,69.59018,27.114044,7.1466603,117.03331
2007.4274,0.4308622,0.2731928,0.09370553,0.08372339,0.94294643,72.993324,32.227318,7.377065,195.87143
2007.4109,0.3264937,0.18427482,0.045204856,0.069176115,0.6065236,70.92249,28.673931,7.213455,94.71295
2007.4912,0.6613614,0.41831034,0.14439459,0.12563424,1.3039637,74.9417,33.755028,7.392352,281.49136
2007.3928,0.36385918,0.19823088,0.042340197,0.0726357,0.6938673,70.688965,27.983782,7.2183375,91.09059
2007.3978,0.25626045,0.13792582,0.028608097,0.047088552,0.46646705,69.18247,26.907396,7.1200337,87.85117
2007.4177,0.3791214,0.23557799,0.07123235,0.07680063,0.8302997,72.28261,31.255737,7.337446,167.87276
2007.5234,0.25394708,0.13490133,0.035565227,0.048581753,0.4521587,69.35565,26.986822,7.133762,94.93703
2007.4298,0.26333967,0.14342585,0.036136594,0.052140385,0.47864363,69.60932,27.434523,7.147648,87.036446
2007.4036,0.3437796,0.18746908,0.04147984,0.06861104,0.6467029,70.57417,27.983618,7.210829,94.00021
2007.3914,0.2641026,0.1417718,0.026875788,0.047207028,0.47469714,69.33946,26.972786,7.1305885,97.54564
2007.3933,0.26113614,0.1402858,0.027400052,0.047089785,0.4715065,69.27598,26.94117,7.126338,94.026344
2007.4253,0.32402435,0.17769516,0.044320166,0.066836074,0.6067193,70.492966,28.09491,7.205178,88.68702
2007.5157,0.23491375,0.12288426,0.030250208,0.04278473,0.4246515,68.679016,26.298855,7.089884,84.234634
2007.3671,0.25491107,0.13656217,0.019323913,0.041101545,0.42826828,69.542114,27.12273,7.1419373,126.28262
2007.4006,0.25171006,0.13563985,0.029384883,0.04689357,0.4615566,69.084236,26.857456,7.1134586,82.48359
2007.3955,0.3590105,0.1956342,0.04214167,0.07166931,0.68249434,70.66132,27.98402,7.2165284,91.77272
2007.4843,0.27448326,0.14913096,0.040300637,0.055176463,0.48812652,70.04663,27.781815,7.177321,100.06349
2007.3959,0.25827613,0.1388992,0.028099122,0.04708379,0.4685448,69.22083,26.920856,7.122621,90.41486
2007.4082,0.26979032,0.14593513,0.031388447,0.050482217,0.48407722,69.63378,27.32332,7.1496143,98.06936
2006.9263,0.79613936,0.5311365,0.28061068,0.16991146,1.6329991,74.03423,36.36569,7.3360853,157.49478
2007.4344,0.36513424,0.20877533,0.047916442,0.07784555,0.68122876,71.62363,29.18785,7.239519,106.321556
2007.4824,0.3570193,0.20455919,0.04628881,0.07481768,0.6439292,71.84139,29.35124,7.247347,127.17813
2007.5085,0.25447196,0.13563283,0.03539543,0.048849262,0.45490825,69.36194,27.022482,7.1337743,93.1993
2007.4105,0.2527475,0.13683228,0.032026127,0.04849608,0.46434256,69.19479,27.01692,7.1205125,80.528366
2007.3914,0.24638951,0.13214983,0.026862273,0.044768903,0.4537864,68.86205,26.618803,7.0990095,80.07757
2007.4641,0.24402751,0.13011155,0.031630304,0.045956817,0.44515398,68.95745,26.689713,7.1064835,81.87406
2006.9003,0.44024572,0.29729536,0.14691547,0.094508596,1.0492244,71.579155,32.792793,7.2949643,46.660305
2007.5166,0.26690796,0.1434065,0.03892989,0.052615933,0.47249252,69.80645,27.468733,7.162677,100.58865
2007.4227,0.365988,0.21501006,0.05301389,0.0760525,0.71533114,71.799385,29.779621,7.265902,128.25668
2007.4485,0.36615518,0.20970042,0.04779406,0.077576034,0.6797054,71.71432,29.258753,7.2433977,112.962204
2007.4012,0.3667014,0.20047759,0.045738474,0.07514692,0.7062479,70.7334,28.082851,7.2209425,83.41272
2007.397,0.36593264,0.19972324,0.044155136,0.07407412,0.70174295,70.71567,28.035978,7.2199254,86.962296
2007.4061,0.28946266,0.15648475,0.030829752,0.052872866,0.50696176,70.14605,27.686314,7.183556,118.116646
2007.4153,0.3298649,0.18032005,0.042281464,0.06665036,0.61645275,70.50666,28.025763,7.206284,92.91671
2007.5675,1.2535987,0.82690424,0.3095683,0.28177533,2.4652789,78.909615,40.02296,7.4066553,452.73984
2007.4114,0.3512673,0.19234209,0.0456954,0.07241974,0.6710717,70.65049,28.101416,7.2154627,84.278206
2007.6064,0.2619598,0.13783267,0.039485276,0.050449867,0.4531502,69.70631,27.18771,7.1586037,110.25359
2007.3846,0.36454993,0.20160532,0.04847839,0.07718366,0.7107102,70.76798,28.27567,7.2186112,72.79282
2007.4171,0.24457069,0.13171266,0.030787067,0.046460714,0.4522003,68.93785,26.76182,7.103969,75.7866
2007.4802,0.239783,0.12695584,0.030821329,0.044536043,0.43665162,68.82127,26.516447,7.0981236,81.90531
2007.3864,0.32140002,0.17450444,0.033177387,0.059922993,0.5791262,70.46737,27.874847,7.2030225,115.52633
2007.3927,0.36380202,0.1983332,0.042560343,0.07277534,0.6938342,70.7014,28.00511,7.2189384,90.862465
2007.4094,0.30980626,0.16835633,0.03592728,0.059373908,0.5597708,70.34472,27.859495,7.1961966,108.00846
2007.4058,0.33597457,0.18313828,0.040476665,0.06665036,0.62720543,70.5238,27.963339,7.207596,96.61424
2007.4512,0.19379173,0.0981959,0.017758815,0.030603034,0.37156615,67.1777,24.865648,6.991267,54.633923
2008.5297,1.0871251,0.69725204,0.112055495,0.2383514,1.8575749,81.65929,45.993618,7.3976135,1531.7047
2007.4082,0.26732028,0.14459234,0.03138221,0.05013983,0.48115882,69.56707,27.273727,7.145202,95.638336
2007.4026,0.2656374,0.14332177,0.029884325,0.049080826,0.47828713,69.4749,27.161467,7.139252,95.666985
2007.3805,0.29395092,0.15934165,0.027304592,0.05177227,0.5044739,70.34588,27.834642,7.1941624,131.71631
2007.6487,0.335722,0.1940148,0.040367436,0.065502934,0.52972454,72.64881,29.921394,7.2747135,200.14075
2007.4135,0.26586607,0.1441457,0.0328225,0.05073651,0.4802943,69.57297,27.320398,7.1454506,92.578415
2007.4075,0.3428678,0.18722622,0.042554207,0.06908807,0.6464997,70.578545,28.017271,7.2110124,91.66319
2007.9658,1.0091615,0.6532241,0.17448996,0.20796034,1.8473146,78.68537,39.25761,7.4891987,726.7103
2007.5458,0.24075715,0.12583491,0.032466143,0.04436576,0.4294201,68.9096,26.47926,7.1055665,91.274055
2007.3982,0.28287947,0.15240145,0.028694773,0.050789237,0.49793082,69.90199,27.442846,7.1676216,114.02713
2007.4645,0.27515677,0.15009193,0.040065087,0.055525716,0.49176592,70.05401,27.828505,7.17727,97.720215
2007.4469,0.25005156,0.13443702,0.03289969,0.04793202,0.45645815,69.15546,26.929228,7.1188083,82.60875
2007.8251,0.66611236,0.4349779,0.08726533,0.14719409,1.3308221,75.72205,36.467907,7.4435544,552.9929
2007.4524,0.27816743,0.15234557,0.040626816,0.05653759,0.49787295,70.15012,27.952042,7.1831546,97.62038
2007.425,0.28155926,0.15340713,0.0359277,0.05460661,0.50064945,70.0927,27.796534,7.1795254,104.56538
2007.4585,0.27598843,0.1507841,0.0401652,0.05582397,0.49379957,70.0784,27.865534,7.178687,97.3388
2007.6193,0.24719022,0.128009,0.03575518,0.045817334,0.4293238,69.19667,26.633062,7.126048,104.482185
2007.412,0.25180373,0.13641696,0.032434184,0.04859215,0.46347004,69.182144,27.019537,7.1196356,79.13656
2007.4012,0.3669688,0.2017389,0.048500918,0.07707424,0.71307987,70.76554,28.199083,7.2214556,75.838875
2007.3738,0.26441497,0.14140925,0.021703808,0.044094354,0.4582312,69.489975,27.030489,7.1398144,116.655785
2007.5024,0.38544834,0.23824623,0.071189165,0.076518536,0.8195329,72.661194,31.417944,7.355217,193.34106
2007.3954,0.25198844,0.13544828,0.02794577,0.04613619,0.4610341,69.046715,26.787397,7.1111183,84.38175
2007.4131,0.2672812,0.14488578,0.032703273,0.050864782,0.48189384,69.607346,27.342358,7.1477365,94.10966
2007.4623,0.27226937,0.14829426,0.039238766,0.0546531,0.4877191,69.95058,27.725195,7.170538,95.96795
2007.4136,0.31214288,0.17000736,0.03783323,0.060912322,0.5684033,70.37361,27.914104,7.1979203,103.665245
2007.5753,0.20797665,0.10399801,0.024213957,0.034074977,0.3763708,67.77952,25.246838,7.0334105,78.63556
2007.5829,0.24195671,0.12561803,0.03357153,0.04446904,0.4263055,68.982376,26.481985,7.1112485,96.898766
2007.4166,0.28959024,0.15725619,0.033859625,0.05460997,0.5101942,70.21882,27.823013,7.1880717,113.60224
2007.3932,0.36574003,0.20139682,0.047882333,0.07670318,0.71043086,70.75965,28.210556,7.219967,76.031715
2007.4231,0.28906628,0.15742528,0.035875,0.055712495,0.5125115,70.23336,27.884611,7.188835,109.15908
2007.3013,0.28729746,0.17712034,0.08705977,0.05701982,0.72800386,70.56927,30.864994,7.370684,141.85637
2007.5669,0.3831282,0.22670981,0.059364457,0.077220574,0.73757803,72.57945,30.468372,7.3162756,177.47623
2007.3912,0.27596644,0.14820473,0.026835958,0.048813,0.48867384,69.65769,27.207308,7.1516433,109.30047
2007.519,0.22105803,0.11389681,0.026570322,0.038500268,0.4034359,68.19385,25.78805,7.0586586,77.659904
2007.5392,0.3822766,0.23070803,0.0635086,0.07588575,0.7667361,72.61895,30.879622,7.3331895,188.35025
2007.4471,0.36985263,0.21943262,0.056183655,0.07581831,0.7321404,72.00577,30.108511,7.2848268,144.54485
2007.422,0.28316996,0.15408531,0.035102673,0.054371532,0.5020623,70.11026,27.78531,7.1807685,107.08584
2007.4088,0.20473307,0.10635059,0.019828362,0.03427083,0.39358264,67.52811,25.31312,7.0127583,54.451824
2007.4479,0.24796565,0.1330723,0.03235495,0.04728386,0.45320582,69.08278,26.851841,7.1141424,81.678444
2007.4684,0.279578,0.15389939,0.040456098,0.056565378,0.49218032,70.34454,28.123657,7.1907763,106.8835
2007.3403,0.28460485,0.16862787,0.072528265,0.049350373,0.6675792,70.53436,30.21637,7.360026,173.43715
2007.5605,0.36131975,0.20901836,0.048037942,0.07353828,0.64077014,72.307915,29.79479,7.274091,161.7497
2007.4375,0.36972877,0.22128294,0.058021996,0.07527043,0.7447662,72.033195,30.291746,7.2926664,149.81668
2007.4388,0.36571446,0.21072505,0.04892153,0.07717646,0.68789256,71.71691,29.369976,7.247722,115.55181
2007.4049,0.36735612,0.20112003,0.047086924,0.07606058,0.7100848,70.748505,28.122772,7.2218094,80.38972
2007.5105,0.2476338,0.1311901,0.033584956,0.046732824,0.44440216,69.12271,26.770084,7.118385,89.99084
2007.6378,0.2883051,0.16768385,0.0358747,0.054583475,0.41543722,72.34871,29.884295,7.261328,209.84415
2007.4149,0.3035722,0.16516945,0.036358982,0.058538478,0.5463446,70.315094,27.880571,7.1941943,107.36214
2007.3711,0.3607064,0.21301194,0.052621983,0.07524453,0.7190956,71.58649,29.723711,7.257194,117.764404
2007.4648,0.2972678,0.16698632,0.041221227,0.060727913,0.52032495,70.875916,28.630125,7.21034,118.28866
2007.398,0.24253562,0.13048139,0.028644027,0.045225054,0.45029193,68.81401,26.635555,7.095656,74.26391
2007.4799,0.24705216,0.13163416,0.032781027,0.04677392,0.44759893,69.07695,26.7829,7.1146154,85.54167
2007.4797,0.37505943,0.22548832,0.06054891,0.07547571,0.75543004,72.285484,30.561077,7.310735,166.77248
2007.6337,0.37247896,0.21976086,0.055237178,0.073549666,0.67795897,72.837616,30.527695,7.31875,200.62408
2007.4225,0.302771,0.1652651,0.03870278,0.05978709,0.5486031,70.33098,27.952454,7.1950145,102.20448
2007.3889,0.3115588,0.16878118,0.031365436,0.057094134,0.55407447,70.38078,27.808033,7.1978126,119.60014
2007.4684,0.33282125,0.19090295,0.044107303,0.069386825,0.5890012,71.62563,29.281853,7.2383533,128.4789
2007.4469,0.24752563,0.13281521,0.032215673,0.047155432,0.45267314,69.0665,26.836802,7.1130657,81.325615
2006.8713,0.6903714,0.46183598,0.2504287,0.14474685,1.4448946,73.18459,35.28999,7.321198,117.56207
2007.3948,0.26835126,0.14430013,0.02780466,0.048303537,0.48026007,69.482925,27.106325,7.1399875,100.6914
2007.415,0.27609736,0.14979981,0.033234816,0.052368414,0.4926117,69.86138,27.546116,7.1644883,102.21188
2008.4519,1.0422133,0.6605066,0.104225986,0.22707522,1.7538353,81.32161,45.3415,7.3924794,1429.4056
2007.6079,0.24014288,0.12378381,0.03360987,0.043731246,0.42025506,68.9392,26.387688,7.10913,99.379875
2007.4048,0.27286205,0.14738262,0.030462375,0.05039178,0.4871545,69.68753,27.335926,7.153261,102.145836
2007.5837,0.7311384,0.46200106,0.14749107,0.14315125,1.4330281,75.63185,34.267338,7.400335,322.5472
2007.5087,0.20061429,0.10104451,0.020817721,0.03228853,0.37416553,67.46536,25.051405,7.0113635,65.88351
2007.4166,0.3122981,0.17031524,0.03885747,0.06154643,0.57053965,70.383255,27.944868,7.1984577,101.38615
2007.4093,0.28100413,0.15209325,0.03167665,0.052180354,0.49748084,69.94477,27.562113,7.170158,108.81265
2007.4043,0.24898112,0.13438536,0.03033976,0.047046978,0.45890078,69.04062,26.853199,7.11048,78.713005
2007.3705,0.2938254,0.17916569,0.106627464,0.047036387,0.730087,70.72168,31.296965,7.4408336,207.56213
2007.1831,1.3732343,0.9620521,0.38791826,0.332388,2.949578,77.749985,41.184128,7.375324,391.10553
2007.4153,0.33890787,0.1855234,0.044284496,0.069420226,0.64050645,70.57225,28.074675,7.210426,88.02363
2007.3773,0.2620711,0.13976805,0.023094473,0.04483785,0.47006413,69.16647,26.733599,7.1195173,99.80574
2007.5039,0.22625032,0.11763385,0.027657451,0.040205114,0.41322306,68.36424,25.994862,7.069255,78.248276
2007.5377,0.21381666,0.10874788,0.025004415,0.03613954,0.39009935,67.95426,25.502245,7.043692,76.519646
2007.6704,0.18802586,0.08865214,0.02081698,0.027258867,0.33385447,67.155304,24.411034,6.9956493,81.387985
2007.3983,0.34127444,0.18563716,0.039156403,0.06679574,0.63696015,70.54079,27.916607,7.208849,99.27768
2007.6133,0.23885442,0.12281373,0.033373866,0.0432967,0.41761386,68.89824,26.334585,7.1066284,99.45084
2007.4244,0.2793582,0.15217367,0.03576728,0.05421589,0.4979571,70.02841,27.744207,7.175288,102.57387
2007.504,0.37344927,0.2159595,0.051743265,0.07771619,0.6976328,72.068146,29.676384,7.270262,137.63113
2007.4159,0.3276903,0.17911083,0.041990183,0.0660971,0.61099994,70.49252,28.019756,7.2053776,93.67114
2007.39,0.23599689,0.12642294,0.02651217,0.043149244,0.4413153,68.57124,26.393137,7.079807,70.21472
2007.408,0.35020104,0.19147694,0.04431959,0.07141783,0.6662513,70.63295,28.061197,7.2144375,87.382416
2007.8752,0.30743417,0.18832478,0.01604258,0.062319428,0.4832094,73.39389,31.873117,7.34917,382.3502
2009.9148,1.2549143,0.8893077,-0.025655871,0.33423784,2.4217477,85.744835,60.019657,7.1612964,3732.6287
2007.3221,0.39259905,0.2526889,0.08648497,0.07995873,0.9312814,72.265656,32.036335,7.3622346,162.55898
2007.5177,0.27469283,0.14837596,0.04106085,0.05500161,0.48401368,70.08153,27.752386,7.180461,104.69008
2007.4291,0.28469864,0.15536818,0.037003703,0.055632245,0.50499034,70.21089,27.91568,7.187238,106.45033
2007.4226,0.29137218,0.1587158,0.036221396,0.056321394,0.51835877,70.24867,27.892115,7.189814,108.27588
2007.5281,0.25780347,0.13725434,0.036706842,0.04973431,0.45732468,69.49528,27.122803,7.142897,97.52134
2007.397,0.35457155,0.19319108,0.041661352,0.07060767,0.6715628,70.63345,27.975216,7.214732,93.0593
2007.3948,0.3655306,0.19932875,0.043327063,0.07351305,0.69938684,70.70639,28.011463,7.2193933,88.818726
2007.4059,0.2799735,0.15131582,0.030762346,0.05153347,0.49572408,69.88842,27.493519,7.16652,108.826675
2007.3643,0.24565145,0.13002239,0.019612556,0.0406598,0.4486289,68.615395,26.22318,7.083406,87.526596
2007.4001,0.36782303,0.22142638,0.059204,0.07546243,0.75682074,71.897766,30.31335,7.2893767,141.07356
2007.4047,0.36731142,0.20107618,0.04699493,0.07599824,0.70982295,70.74747,28.120049,7.2217503,80.59597
2007.4038,0.3472755,0.18948978,0.04229561,0.06970638,0.65607375,70.59989,28.00378,7.2124496,92.01679
2007.3732,0.22388373,0.11876649,0.021983253,0.038983338,0.4243431,68.10338,25.913599,7.049303,63.367146
2007.4335,0.27914903,0.1526378,0.03819292,0.055528138,0.4991445,70.098656,27.867481,7.1796966,99.631325
2007.4113,0.3406025,0.18743828,0.047683492,0.066646576,0.6542074,70.803185,28.519402,7.252151,115.47022
2007.5079,0.239607,0.12610526,0.03135695,0.04428353,0.43271723,68.83789,26.479248,7.0999317,85.56381
2007.9083,0.9110295,0.59923416,0.13375703,0.1960477,1.7099868,77.85012,39.628754,7.478724,765.0339
2007.5573,0.26896214,0.14364263,0.040342394,0.052956216,0.47018182,69.912285,27.49874,7.1705885,107.13399
2007.3414,0.35729906,0.2109051,0.0515728,0.07495127,0.7161203,71.43516,29.608095,7.248109,108.6168
2007.5577,0.24574201,0.12871724,0.034067642,0.045812737,0.43530595,69.095,26.648388,7.1178513,95.42302
2006.8092,0.6963188,0.47541964,0.23163608,0.15973511,1.5257169,73.31446,35.67076,7.2766685,78.51368
2007.4722,0.24875312,0.13293232,0.033078697,0.047352307,0.45117304,69.130486,26.853733,7.1178656,85.35876
2007.4282,0.2754511,0.15028864,0.036760837,0.054229006,0.493934,69.95428,27.718487,7.1702867,97.59675
2007.3396,0.35782915,0.20032443,0.04640153,0.07607223,0.6993316,70.751114,28.397448,7.2105627,70.102776
2007.4,0.36647582,0.20025618,0.045273747,0.07483205,0.70492566,70.728195,28.069094,7.220644,84.454544
2006.7502,1.1325761,0.79872,0.361079,0.28230405,2.485938,75.6591,40.154236,7.277257,177.38701
2007.358,0.41060627,0.24799736,0.16074759,0.05878478,0.8534597,71.617096,31.875122,7.463951,232.8375
2007.4316,0.28296688,0.15459071,0.037687793,0.05577279,0.5033512,70.18566,27.917084,7.1855016,103.96944
2007.4272,0.2967123,0.1621254,0.03892998,0.058861177,0.5352195,70.30053,27.967121,7.1929784,102.00288
2007.4268,0.36361983,0.20780326,0.048217688,0.07781371,0.6808468,71.5688,29.161179,7.2380733,102.90158
2007.5411,0.2729501,0.14663188,0.04108326,0.054297637,0.47829127,70.03948,27.662542,7.178371,106.98118
2008.3745,0.9067423,0.5742932,0.057723634,0.20551331,1.550257,80.25748,44.916958,7.34767,1425.6715
2007.3729,0.35831073,0.20553564,0.046508875,0.07688604,0.6801741,71.35184,29.054356,7.2254457,91.9479
2007.5068,0.21158318,0.108139224,0.023746891,0.035674904,0.39086038,67.850075,25.454943,7.036144,71.191086
2007.4172,0.34138244,0.18708852,0.045472406,0.0705573,0.64820254,70.59571,28.107399,7.2118607,85.26587
2007.4125,0.2966746,0.16102634,0.034042098,0.05595817,0.5266236,70.25828,27.81941,7.190664,112.84416
2007.404,0.37672523,0.23327258,0.06957882,0.076653376,0.82158923,72.1794,31.104265,7.3284626,160.8041
2007.5309,0.36867088,0.21330963,0.050350506,0.07595751,0.6742938,72.18709,29.745506,7.2731414,149.02815
2007.373,0.26117572,0.13900867,0.021947553,0.044080935,0.4683293,69.10648,26.655481,7.1156616,100.21567
2007.4551,0.2607963,0.14112008,0.035979893,0.05117745,0.47148457,69.54055,27.313396,7.1438804,89.162964
2007.38,0.37487945,0.23244576,0.06952896,0.076726176,0.82425207,72.07046,31.053576,7.323194,153.47032
2007.014,0.52988213,0.34989038,0.16594335,0.10751544,1.1554928,72.64159,33.317886,7.319175,100.574234
2007.4838,0.25857937,0.13893065,0.035985302,0.050289784,0.46435034,69.48617,27.200329,7.141134,91.92916
2007.4292,0.23791774,0.12711863,0.029240469,0.044328544,0.4406268,68.71351,26.504932,7.0898104,74.04546
2007.411,0.27858186,0.15088995,0.03214721,0.052108087,0.49490058,69.894264,27.538525,7.1667705,105.89099
2009.3367,2.0008247,1.4781828,0.3157591,0.52670896,4.460756,85.113655,56.546185,7.403488,2888.3022
2007.3959,0.27434894,0.1476248,0.028089011,0.049283758,0.487506,69.65333,27.240883,7.151232,106.29052
2007.3867,0.2635382,0.14117008,0.02563622,0.04644432,0.4732983,69.285484,26.896402,7.12714,98.38671
2007.4198,0.28267974,0.15367374,0.0344924,0.0539669,0.5011231,70.07797,27.743471,7.1786923,107.29035
2007.3512,0.3564833,0.20448847,0.046637572,0.07693844,0.68280613,71.23802,28.99391,7.2209997,84.70961
2007.469,0.37089947,0.21724156,0.053741954,0.07669973,0.71429765,72.00375,29.867937,7.2755837,139.10002
2007.4874,0.2138216,0.11009358,0.023944123,0.03650222,0.39678794,67.91292,25.558416,7.0396843,69.7006
2007.3826,0.3641422,0.2010363,0.04726462,0.076351844,0.7074305,70.75419,28.23391,7.2180448,75.74741
2007.4419,0.27966562,0.15345833,0.04046022,0.056852456,0.5010948,70.18349,27.996908,7.1850853,97.58375
2007.8986,1.0252309,0.65202695,0.2017464,0.20549153,1.8897114,78.5411,37.467194,7.4636474,558.75183
2007.35,0.31862408,0.18022835,0.051202483,0.059471462,0.6446835,70.68423,29.035036,7.2754784,134.42418
2007.4161,0.27986157,0.15191045,0.033514302,0.05303945,0.49721906,69.97149,27.635874,7.1717443,105.61199
2007.4187,0.25506648,0.13841121,0.033661205,0.04967676,0.46772638,69.308754,27.14419,7.12795,81.3234
2007.372,0.2578673,0.13714716,0.021674858,0.043476187,0.46426383,69.00886,26.57517,7.109231,97.25778
2007.3732,0.24586658,0.13070461,0.021986468,0.042001676,0.45028636,68.69545,26.352198,7.088468,85.06126
2007.3506,0.31587005,0.17623913,0.041985046,0.058263376,0.6062499,70.60032,28.58889,7.2439356,129.92322
2007.4908,0.30968925,0.17637081,0.041530717,0.063176095,0.5314173,71.38495,29.07119,7.228764,135.70767
2007.4672,0.22516474,0.11791616,0.02658909,0.0401348,0.41647002,68.29572,25.995981,7.063855,72.72092
2007.3547,0.23861682,0.12765579,0.015490385,0.036384225,0.389939,69.35476,26.991285,7.128406,130.37006
2007.6708,0.2660017,0.13871615,0.04193335,0.051232096,0.4506883,69.901596,27.264221,7.172917,121.00413
2007.4247,0.28836384,0.1571431,0.036271874,0.05582472,0.511605,70.23302,27.897512,7.1887736,108.31401
2007.5575,0.19834922,0.098291375,0.021231411,0.031242756,0.3643079,67.42576,24.914356,7.0101027,71.33234
2007.404,0.27349237,0.14768042,0.030275574,0.050375,0.48778802,69.69866,27.338682,7.1540155,102.97865
2007.6382,0.22268113,0.111766085,0.029518848,0.038145777,0.39007804,68.349144,25.715115,7.0718474,94.606155
2007.4346,0.26079732,0.14166792,0.03554746,0.051324956,0.47420925,69.52367,27.336254,7.1422443,86.38312
2007.5336,0.3767259,0.21927382,0.053985476,0.07751568,0.70693827,72.26753,29.932585,7.285861,152.45525
2007.5906,0.38815743,0.23429044,0.06526699,0.07640691,0.7715157,72.87921,31.073929,7.3486414,203.98148
2007.535,0.38781062,0.23917097,0.07108083,0.07639915,0.8148064,72.80476,31.473536,7.361728,202.9927
2007.8386,0.19047089,0.0857405,0.025022918,0.026805038,0.31521562,67.38002,24.313595,7.0146246,105.4012
2007.4178,0.2854042,0.15503421,0.03399277,0.05406455,0.50404274,70.13571,27.771557,7.1825604,110.543015
2007.4241,0.2901801,0.15813635,0.03643967,0.056242067,0.5160277,70.24417,27.900248,7.189495,107.85131
2007.3286,0.35463488,0.2069529,0.048507903,0.07536456,0.69856226,71.27745,29.293493,7.2312326,94.76082
2007.3975,0.24412388,0.13131075,0.028505025,0.045366153,0.45208403,68.852425,26.659927,7.0982113,75.988304
2007.4434,0.2468017,0.13244581,0.03194421,0.04695852,0.45206314,69.038055,26.814291,7.1111345,80.47323
2007.4955,0.3769126,0.2267204,0.061203495,0.075611174,0.7576181,72.369255,30.632343,7.316042,171.99812
2007.547,0.26430273,0.14092366,0.038865037,0.05159703,0.46455714,69.73975,27.339615,7.1591797,103.38167
2007.4081,0.3604003,0.19735429,0.046618067,0.074565165,0.6934489,70.70727,28.117552,7.2191277,81.77649
2007.3815,0.3596102,0.20789945,0.04796587,0.076386556,0.68883216,71.46202,29.255142,7.235469,101.92353
2007.4308,0.29161695,0.15946117,0.03901362,0.058018826,0.52377695,70.274,27.976208,7.191215,102.071594
2007.4667,0.2488033,0.13311096,0.0329765,0.04740712,0.45197695,69.12772,26.861675,7.1175413,84.64027
2007.4009,0.29872885,0.16135852,0.03064804,0.054306544,0.5253861,70.24006,27.714165,7.1897926,120.26839
2007.5282,0.2616607,0.13972583,0.03775537,0.050918844,0.4630792,69.63129,27.263731,7.151681,99.50647
2007.3928,0.36150444,0.21019506,0.049644064,0.07623612,0.6979165,71.56536,29.428785,7.2452865,110.279015
2007.9218,1.126851,0.7186689,0.23076586,0.23175466,2.0882316,79.237526,38.28434,7.464931,567.18353
2007.3964,0.22521368,0.11983431,0.02511035,0.040657394,0.42593288,68.2391,26.076458,7.0583177,63.158886
2007.3475,0.20958866,0.109366365,0.01510801,0.03322091,0.40340853,67.50337,25.26727,7.0102882,57.01276
2007.3837,0.23355849,0.12469158,0.024802366,0.041869413,0.43742684,68.452095,26.254671,7.0720935,69.73654
2007.4083,0.28412065,0.1537228,0.031412985,0.05246225,0.5010028,70.02045,27.610413,7.1751895,112.18604
2007.5138,0.21710873,0.111502536,0.025389044,0.0373241,0.39822197,68.050385,25.649439,7.0492573,74.93522
2007.4207,0.27977696,0.1521537,0.034728497,0.05369908,0.49783707,70.007195,27.697983,7.173987,104.158936
2007.5927,0.23813407,0.12290119,0.032743912,0.04322316,0.4192713,68.85586,26.331163,7.1033444,96.290535
2007.4287,0.31184095,0.17093846,0.042770244,0.063785,0.57631254,70.414474,28.063738,7.200138,92.73193
2007.523,0.255212,0.13572714,0.035896987,0.048974335,0.45412186,69.39978,27.033678,7.1365967,95.51033
2007.3953,0.25109047,0.13495958,0.02794137,0.04601053,0.45997193,69.02239,26.769257,7.10951,83.50032
2007.4144,0.3312535,0.1810522,0.04228614,0.0668962,0.61961895,70.51413,28.024117,7.2067776,92.837074
2007.4033,0.26897293,0.14518028,0.03008269,0.0496482,0.48234063,69.57092,27.23841,7.1455846,98.7354
2007.4192,0.32932404,0.180296,0.04346226,0.06725539,0.6172785,70.51392,28.062153,7.206649,90.32516
2007.4004,0.26313093,0.14181843,0.029287068,0.0484067,0.4749762,69.388725,27.080097,7.1336102,93.86669
2007.9194,1.7329472,1.1981577,0.41836244,0.4034226,3.6048174,81.20242,42.626907,7.53382,735.5303
2007.3494,0.35610783,0.20608976,0.047233958,0.075985916,0.6881255,71.31255,29.170916,7.2276387,93.555855
2007.3285,0.44081414,0.2669474,0.1755909,0.060115855,0.88346785,71.814575,32.06395,7.467783,243.93077
2007.308,0.35105622,0.20210336,0.04497838,0.075845115,0.6788569,71.065636,28.914085,7.2105284,76.894066
2007.4838,0.26219946,0.14125578,0.036964964,0.051402994,0.46977887,69.61364,27.332827,7.149361,93.763954
2007.3253,0.46205023,0.27950138,0.18545987,0.06219671,0.90584075,71.976295,32.170364,7.471917,248.67513
2007.5197,0.23749614,0.1244371,0.03103271,0.043550387,0.42799732,68.773224,26.38896,7.0960693,86.081085
2007.4196,0.28204077,0.15331651,0.03444932,0.053855393,0.50034356,70.05942,27.728464,7.1774693,106.70829
2007.4214,0.33505556,0.1837515,0.045445442,0.06943383,0.63376653,70.56164,28.114727,7.20961,85.641304
2007.4025,0.25510734,0.13759436,0.0298454,0.04761434,0.4658379,69.190125,26.949408,7.120418,85.31738
2007.4177,0.29051924,0.15787527,0.0344484,0.05512147,0.513332,70.22885,27.839615,7.1886773,112.25024
2007.3613,1.3581184,0.93331337,0.36396608,0.32043433,2.83352,78.371864,40.89708,7.3965936,435.18283
2007.7284,0.8523101,0.53815037,0.16380726,0.16974007,1.6330256,76.838486,35.266045,7.421111,401.29822
2007.4053,0.32316118,0.175734,0.037496045,0.062641226,0.5928748,70.42964,27.889729,7.2016597,103.86331
2007.4132,0.22328591,0.11814868,0.024942527,0.039944217,0.4208152,68.18505,25.987242,7.0552764,64.455574
2007.3712,0.22810835,0.12094265,0.021488195,0.039289374,0.4290357,68.20166,25.971846,7.055853,68.09545
2007.4067,0.26502338,0.14325185,0.030990755,0.049608227,0.4782168,69.49298,27.207352,7.1403394,93.81287
2007.4939,0.25886983,0.1388488,0.036276173,0.050306883,0.46345016,69.5047,27.199764,7.1425977,93.44027
2007.6096,0.20937446,0.1039828,0.025314188,0.03425921,0.37392327,67.85697,25.25992,7.039321,83.98307
2007.4349,0.2757547,0.15088539,0.03857428,0.055273175,0.4953644,70.01918,27.819818,7.1744018,95.85082
2006.9746,0.7932627,0.5251425,0.28195608,0.16475685,1.6036528,74.075165,36.186382,7.353543,175.72836
2007.4131,0.31799036,0.17333223,0.038948208,0.062596604,0.5836433,70.41448,27.940283,7.200514,100.900955
2007.3964,0.26478308,0.14245866,0.028208284,0.04803704,0.47628802,69.39947,27.056368,7.134427,96.71427
2007.415,0.32709846,0.1787145,0.041606415,0.065766096,0.6089859,70.48606,28.008917,7.2049875,94.551704
2007.4126,0.26858237,0.14556444,0.03258615,0.05097858,0.48335993,69.638725,27.362156,7.149823,95.5261
2007.3993,0.27297917,0.14710218,0.02901776,0.04960923,0.48643863,69.6455,27.262362,7.1506224,103.890945
2007.6373,0.21773386,0.10861013,0.02816295,0.036630254,0.3827669,68.17427,25.53494,7.0605397,91.988914
2007.4366,0.280914,0.15487441,0.040648315,0.057368077,0.5026667,70.264244,28.099945,7.1881285,98.63627
2007.4276,0.24998139,0.13490638,0.03247391,0.048048828,0.45891288,69.13708,26.948114,7.1171083,79.95937
2007.6611,2.184775,1.5932987,0.5795453,0.54294,4.927044,81.25031,45.545513,7.5733585,813.4462
2007.4205,0.2813205,0.15298536,0.034701057,0.053895734,0.4996425,70.0479,27.727324,7.1766825,105.713394
2007.3964,0.27336702,0.14712045,0.028210113,0.049215965,0.48641875,69.63068,27.227663,7.149721,105.18475
2007.4148,0.30865616,0.16808353,0.0374343,0.060065597,0.559779,70.35154,27.906532,7.1964993,104.72387
2007.4336,0.24265663,0.13004495,0.030615708,0.045754198,0.44714874,68.884,26.673481,7.100931,77.04371
2007.5073,0.37411627,0.216924,0.05248627,0.07761968,0.7018637,72.10721,29.752718,7.274381,141.02753
2007.4878,0.37269196,0.2176555,0.05361768,0.077047616,0.71127397,72.0715,29.861212,7.277419,141.8927
2007.411,0.35682574,0.19550832,0.046781097,0.07403607,0.6856033,70.68955,28.12708,7.21794,81.593285
2007.4193,0.30317855,0.16526401,0.037726,0.059279624,0.5478293,70.32475,27.922401,7.194699,104.350266
2007.3937,0.3272557,0.18407027,0.045753904,0.06976396,0.61698943,70.7663,28.53915,7.208035,85.269775
2007.4193,0.24009544,0.1287784,0.029623332,0.045068417,0.44519153,68.78211,26.595526,7.0939775,73.82262
2007.4059,0.32253054,0.1754134,0.037547797,0.06256149,0.59153086,70.42671,27.892105,7.201461,103.78004
2007.4048,0.2563186,0.13840725,0.0304968,0.04814066,0.4676524,69.24312,27.00779,7.12386,85.778175
2007.4073,0.3286145,0.17901683,0.039360564,0.064700656,0.6085234,70.474846,27.939074,7.2044663,99.45649
2008.0409,0.86724,0.563897,0.09365208,0.19249061,1.5926353,78.32702,41.274353,7.4206457,986.02515
2007.3011,0.23443407,0.13955958,0.049646143,0.034768607,0.4889672,70.32237,29.734442,7.302446,192.45465
2007.4083,0.3185545,0.17330456,0.03747772,0.06182398,0.58236617,70.40485,27.895105,7.2000213,104.13379
2007.5443,0.30927417,0.17832144,0.039982133,0.06182419,0.5026486,71.91185,29.526106,7.247159,165.63103
2007.3925,0.26179558,0.14059094,0.027177775,0.04705739,0.47215322,69.28678,26.94264,7.1270742,94.92789
2007.3961,0.36378694,0.19842377,0.04338626,0.0732429,0.6955242,70.69757,28.015497,7.2188044,88.77444
2007.5122,0.33658025,0.19371441,0.043451943,0.069193885,0.58058196,71.93756,29.492752,7.2495556,146.67413
2007.779,0.599536,0.37683743,0.0999848,0.1249172,1.2188091,75.02174,33.655663,7.418382,339.5331
2007.8855,1.1345444,0.72338545,0.23952441,0.23459326,2.11592,79.16171,38.134914,7.456714,531.31824
2007.2736,0.34828436,0.20773695,0.054565866,0.0753181,0.72554886,71.13487,29.628452,7.2392416,86.46991
2007.4249,0.27947098,0.15226084,0.035875972,0.054291457,0.49815455,70.03484,27.752169,7.1757035,102.56257
2007.4259,0.28419915,0.15489107,0.03613934,0.05508586,0.5038898,70.17041,27.860306,7.1846447,106.932335
2007.4073,0.26927415,0.14559886,0.031153379,0.050281443,0.48332912,69.61253,27.300674,7.1482315,97.82508
2007.3995,0.24516398,0.13201286,0.029081473,0.045827556,0.4536523,68.89847,26.710958,7.1012,76.364685
2007.7172,0.2233054,0.110060506,0.031353574,0.037771065,0.38053074,68.43627,25.650108,7.079573,105.62617
2007.3993,0.36635002,0.20013279,0.04501477,0.07465657,0.7041888,70.725296,28.061426,7.2204776,85.03518
2007.5984,0.20632763,0.10232539,0.024252774,0.033402856,0.3708453,67.740425,25.160894,7.0314994,80.91663
2006.7614,1.992735,1.4736651,0.6127186,0.5212459,4.808383,77.446594,44.06296,7.4506335,353.49246
2006.7076,0.9279294,0.6411602,0.30573842,0.22702025,2.006973,74.723976,38.570496,7.2517304,95.951614
2008.6542,1.4177049,0.973422,0.21005672,0.3365909,2.7865465,82.43863,48.152477,7.4331284,1756.5773
2007.417,0.3186636,0.17400314,0.040381607,0.06356383,0.5876702,70.43041,27.982748,7.201427,97.68864
2007.401,0.25181076,0.1357138,0.029465837,0.046952136,0.4617233,69.08948,26.863718,7.1137977,82.491684
2007.4987,0.2579054,0.13810262,0.03611537,0.049976233,0.4613733,69.474655,27.15918,7.140785,93.59524
2007.4216,0.33190846,0.18195428,0.04481003,0.068506435,0.6255029,70.539345,28.09957,7.2081976,87.20739
2007.6304,0.41002092,0.2558619,0.0734101,0.08295623,0.87649816,73.309944,32.130123,7.393687,241.90906
2007.5825,0.28426415,0.16158593,0.037737127,0.055090338,0.4431219,71.55033,29.159035,7.2331467,170.66898
2007.4891,0.2504176,0.1335486,0.03388718,0.047742356,0.4514157,69.203094,26.89577,7.123004,88.50303
2007.3922,0.28020823,0.15056871,0.027090246,0.049535647,0.49382988,69.77987,27.305265,7.1597004,113.200386
2007.4266,0.2818857,0.15368663,0.03635685,0.054888655,0.5012884,70.114914,27.825594,7.1809525,104.40358
2007.633,0.93976396,0.6020427,0.21386006,0.19410859,1.8084358,77.1441,36.560497,7.418101,393.07718
2007.4271,0.31172475,0.17075583,0.042220272,0.06343876,0.57509065,70.40913,28.047262,7.199838,93.95736
2007.3975,0.3660128,0.19980192,0.04432028,0.07418601,0.70221275,70.717514,28.040867,7.2200313,86.59207
2007.4216,0.27236,0.14819497,0.03501782,0.052841257,0.48925573,69.81651,27.565258,7.161345,96.511795
2007.3832,0.25814366,0.13801467,0.024687236,0.04517943,0.46637115,69.110535,26.738953,7.11566,94.13265
2007.9653,0.7460392,0.48883563,0.056998704,0.17272556,1.4164618,77.2591,40.63239,7.396874,949.15936
2007.4042,0.29459137,0.15922016,0.030829305,0.053689707,0.5162919,70.21949,27.72497,7.188414,120.07283
2007.4794,0.2722905,0.14785245,0.03960453,0.05453711,0.48548472,69.9654,27.706976,7.171949,98.29224
2007.4076,0.36549774,0.20025009,0.047578298,0.076026455,0.7067138,70.74279,28.140018,7.221383,79.39277
2007.4032,0.2283225,0.121647604,0.02609674,0.04156402,0.4296816,68.35424,26.182594,7.0659323,65.66684
2007.4683,0.2780157,0.15182574,0.040919743,0.05637731,0.4955434,70.157845,27.928871,7.184074,99.68955
2007.4088,0.51904356,0.32824367,0.116809174,0.097406335,1.0723838,73.69403,32.68541,7.3770895,213.14003
2007.2853,0.4812194,0.30798882,0.116794944,0.09258402,1.0464053,73.00901,32.505558,7.3605237,167.38701
2007.411,0.34919333,0.19111916,0.0451021,0.071705125,0.66532195,70.63429,28.086151,7.2144494,85.6974
2007.3684,0.3006972,0.16401525,0.028833548,0.053593796,0.52334714,70.4575,27.98808,7.202421,131.29553
2007.4169,0.31429276,0.17147943,0.039373945,0.062201634,0.5759753,70.39837,27.957912,7.1994066,100.141304
2007.3999,0.32884377,0.18222186,0.04576318,0.06933176,0.62481934,70.55388,28.240532,7.204675,80.55275
2007.9418,0.4957132,0.33431402,0.028788371,0.122494854,1.0420815,74.735695,36.787457,7.464808,637.1546
2007.2838,0.20044005,0.12756206,0.06791862,0.024493998,0.5027029,70.15715,30.799845,7.376913,229.4516
2007.3251,0.35421318,0.20296104,0.046795115,0.07695635,0.6868331,71.069725,28.88493,7.2145004,74.96861
2007.4829,0.4809355,0.3034685,0.10203935,0.09249233,1.0093222,73.55424,32.53828,7.38477,223.7637
2007.4198,0.21861067,0.1149699,0.023816431,0.038459204,0.41292903,68.02586,25.808786,7.045178,62.9798
2007.4346,0.27870157,0.15246277,0.03847819,0.05562444,0.4987852,70.09553,27.873543,7.1794615,98.86786
2007.5829,0.22186519,0.11271458,0.02813355,0.03829099,0.39618298,68.274864,25.746662,7.065584,86.710075
2007.4349,0.28224233,0.15440705,0.0385687,0.056160353,0.50301707,70.1937,27.948915,7.1859474,102.26058
2007.5974,0.2098722,0.10462696,0.025192285,0.03449956,0.3762844,67.86446,25.291672,7.0394807,82.586555
2007.4088,0.22716793,0.12075616,0.025902798,0.041168667,0.4272043,68.31822,26.134087,7.063757,65.843124
2007.395,0.264602,0.14227663,0.027856776,0.047817875,0.47586656,69.3836,27.034288,7.133412,96.932014
2007.4502,0.28007627,0.15434383,0.040506013,0.05694649,0.4972428,70.303024,28.115934,7.189407,102.53688
2007.1598,0.9489916,0.62823135,0.3350293,0.19320767,1.8774506,75.1221,37.12071,7.428064,283.7321
2007.4425,0.22752595,0.12008976,0.026708463,0.041037638,0.42328063,68.35854,26.109806,7.067254,70.5789
2007.4144,0.3541792,0.19423504,0.04732517,0.0738952,0.68053174,70.680084,28.146936,7.21726,80.51874
2007.393,0.24599877,0.13204186,0.027299894,0.044957213,0.453584,68.86522,26.634003,7.099176,79.198296
2007.4006,0.31061715,0.1681794,0.033192184,0.057895113,0.55685294,70.32552,27.775772,7.1951957,114.033394
2009.1542,2.9565141,2.1829677,0.54444927,0.78860265,6.813874,85.83425,58.810276,7.452237,2877.6606
2007.4161,0.24733756,0.13351534,0.031515628,0.047318425,0.45647648,69.034485,26.864157,7.110181,77.05913
2007.4,0.29072183,0.15677539,0.029179027,0.052133095,0.50747174,70.12833,27.624697,7.1825457,121.22147
2007.4095,0.3375631,0.1843238,0.042058036,0.0678655,0.6335716,70.545906,28.0091,7.208902,93.02815
2007.4137,0.27104798,0.14696786,0.03285706,0.05146669,0.4864297,69.71359,27.425564,7.1547494,97.654144
2007.4493,0.24888347,0.1336223,0.03263454,0.047555484,0.45438576,69.11632,26.88379,7.1163464,82.34422
2007.4242,0.2680168,0.14599876,0.03569929,0.052621994,0.48453322,69.72087,27.51444,7.1549516,91.456245
2007.5104,0.37650928,0.2223844,0.057099637,0.076715834,0.73025966,72.28151,30.221134,7.29764,159.02954
2007.4951,0.2791787,0.15369338,0.040279556,0.056043316,0.4839836,70.44616,28.177298,7.19424,114.8488
2007.3986,0.36186796,0.20984963,0.049200717,0.076426394,0.6944657,71.57176,29.385654,7.2438383,109.596565
2007.4208,0.2716677,0.147762,0.034778457,0.052613925,0.48829708,69.79038,27.538874,7.1596403,96.09852
2007.4083,0.3679795,0.20173173,0.048370898,0.076930545,0.713738,70.76288,28.160784,7.2226343,77.51127
2007.5825,0.33893618,0.19537632,0.042162903,0.06795936,0.5616178,72.31188,29.706799,7.262961,173.11835
2007.4569,0.21659674,0.11268881,0.02405239,0.03757423,0.40499425,67.9855,25.693888,7.0435576,66.97723
2007.5718,0.23094289,0.11884118,0.03035597,0.041162122,0.41126883,68.58536,26.091265,7.085328,89.8064
2007.3866,0.2808936,0.15080108,0.025421487,0.048598036,0.48857856,69.85803,27.350285,7.164579,120.534836
2007.3284,0.23471385,0.12975211,0.019399466,0.034238566,0.37625656,70.010414,28.017427,7.1868973,165.19884
2007.527,0.29104015,0.16540505,0.038943887,0.057748236,0.47558537,71.37109,29.056936,7.2273307,151.64122
2007.3978,0.24074799,0.12950835,0.028634323,0.04497438,0.44817674,68.765564,26.599392,7.0924525,72.510376
2007.4016,0.2502738,0.1349201,0.02963767,0.04683623,0.4600112,69.05347,26.842093,7.1113987,80.78083
2007.3894,0.24622142,0.13193904,0.02636057,0.044468474,0.4532914,68.84183,26.58909,7.097721,80.47757
2007.4252,0.2994505,0.16355582,0.03887921,0.059310403,0.54135853,70.314735,27.96206,7.193923,101.97888
2007.7134,0.925205,0.5882142,0.19892913,0.18530263,1.7499088,77.313896,36.206245,7.430464,424.5773
2007.4125,1.1491917,0.75733125,0.29537135,0.25926998,2.2718294,77.98728,39.404263,7.3740134,372.26688
2007.3602,0.3714699,0.2250162,0.14267398,0.0547191,0.81197095,71.31445,31.68432,7.4560423,224.70975
2007.4724,0.46785066,0.29521665,0.10024522,0.089635864,0.9867667,73.435776,32.442753,7.383482,217.25415
2007.4044,0.2843916,0.15362349,0.030378247,0.05192739,0.5007106,69.99538,27.561453,7.173633,113.62069
2007.1537,0.39676437,0.26084805,0.10612827,0.08624321,0.9791511,71.76347,32.219154,7.336045,100.536476
2007.421,0.3040017,0.16586424,0.038481697,0.059871506,0.5510171,70.335655,27.944187,7.195346,102.63337
2007.3868,0.3560844,0.19421044,0.040421087,0.070251316,0.67114764,70.695175,28.022266,7.217749,97.25819
2007.322,0.22802395,0.13009195,0.03093032,0.032473862,0.40246287,70.16773,28.774712,7.2373533,183.18686
2007.5115,0.2421476,0.12764153,0.032119982,0.04503909,0.43605158,68.930305,26.568253,7.1059914,87.33669
2007.4407,0.25321412,0.13663423,0.03362428,0.048949175,0.46202627,69.26169,27.051903,7.125499,83.368385
2007.166,1.2455484,0.8562618,0.3506269,0.2966966,2.6135833,77.42039,40.4075,7.351689,337.24072
2007.3927,0.25285468,0.13574809,0.027229616,0.045859154,0.46163294,69.04764,26.767046,7.11125,86.04454
2007.38,0.27075797,0.14622977,0.022635875,0.044991218,0.44354188,70.19124,27.739134,7.184067,143.25716
2007.4027,0.30648065,0.16595088,0.03296286,0.057035144,0.54704607,70.30143,27.774162,7.1936245,114.74832
2007.5852,0.26544338,0.14063641,0.039980203,0.051673427,0.461192,69.81146,27.338829,7.1648254,109.141914
2007.518,0.378867,0.22672969,0.06063754,0.07611369,0.75140023,72.43556,30.582014,7.316169,173.75746
2007.4242,0.2819621,0.15356667,0.03567906,0.05452444,0.50097775,70.09577,27.791506,7.179753,105.243515
2007.3845,0.20375907,0.106372334,0.01905288,0.034145463,0.39534363,67.47379,25.30447,7.008607,50.668957
2007.4403,0.2756436,0.15104875,0.03968745,0.055848703,0.49570173,70.05122,27.873188,7.176448,94.693886
2007.4778,0.23971033,0.12697306,0.030751152,0.044530895,0.43686047,68.81674,26.516455,7.097767,81.543945
2007.7709,0.3276573,0.19078133,0.03836543,0.05884648,0.47629175,73.25349,30.417088,7.3084126,260.69128
2007.3984,0.36618456,0.19997045,0.04467398,0.07442567,0.7032192,70.72147,28.051338,7.2202587,85.79915
2007.3958,0.35771543,0.19490677,0.0419351,0.07132022,0.67918944,70.65262,27.979445,7.2159734,92.29538
2007.5044,0.3898629,0.24411991,0.07633289,0.07710891,0.85164267,72.80089,31.810099,7.3745985,203.12758
2007.4048,0.27629822,0.14925174,0.03047563,0.050870635,0.49121743,69.78048,27.405153,7.159408,105.522446
2007.4243,0.2655243,0.14465156,0.035725694,0.05229456,0.48160753,69.65458,27.466118,7.1505637,88.96636
2007.4077,0.24982297,0.13506326,0.031266652,0.047674906,0.4604423,69.092285,26.91869,7.1138062,78.49845
2007.4772,0.23031677,0.12095856,0.02819418,0.04164736,0.42286852,68.48539,26.17343,7.076362,76.68708
2007.4266,0.25848272,0.14039184,0.034754567,0.050669838,0.47178644,69.435646,27.26032,7.1363535,84.13996
2007.3525,0.23685604,0.1258232,0.015436286,0.03647845,0.404833,68.930565,26.554398,7.101881,112.687195
2007.429,0.27122855,0.14804554,0.03697021,0.053765316,0.4890748,69.84712,27.645271,7.163178,93.192825
2007.4175,0.26424655,0.1435246,0.033907186,0.05111391,0.47902444,69.563286,27.345089,7.1447034,89.75639
2007.478,0.26005524,0.1400328,0.036262747,0.050785124,0.46733108,69.53336,27.260778,7.1440263,91.893524
2007.4491,0.31748137,0.1798446,0.043364327,0.066065565,0.5686423,71.124565,28.847311,7.2200594,114.12185
2007.4696,0.23851547,0.12642531,0.030254038,0.044222556,0.43616226,68.76787,26.481882,7.0943937,79.82183
2007.4331,0.27556583,0.15066345,0.038072925,0.054970108,0.49484518,69.99841,27.789711,7.173077,96.22995
2008.4525,1.0646998,0.67611754,0.11393449,0.23059352,1.7952373,81.415215,45.26858,7.403612,1414.6896
2007.3967,0.36589536,0.19968669,0.044078387,0.07402212,0.7015245,70.714806,28.033707,7.219876,87.13437
2007.4205,0.31284064,0.17091265,0.04026954,0.062478147,0.5742321,70.39831,27.986856,7.1993146,98.22766
2007.415,0.3495204,0.19000748,0.041375887,0.068932876,0.64828825,70.78528,28.12029,7.226397,104.75536
2007.4084,0.31834856,0.18103142,0.065012716,0.060951553,0.67422855,70.83437,29.544844,7.3208237,142.96214
2007.3986,0.3562664,0.1950658,0.0437089,0.07212715,0.6743782,70.781105,28.17667,7.2231364,92.7154
2007.8369,0.7135797,0.4733202,0.084664166,0.16078007,1.410678,76.15763,37.974064,7.455283,662.34515
2007.3933,0.3652748,0.19907774,0.042800225,0.07315609,0.6978878,70.70049,27.995867,7.2190547,89.9998
2007.4038,0.2831178,0.15289201,0.030211253,0.05166028,0.4991087,69.95585,27.527273,7.171035,112.551796
2007.4093,0.2534934,0.13715956,0.03169962,0.048417937,0.46502966,69.204666,27.01464,7.1211977,81.6329
2007.6184,0.197562,0.09616283,0.022301776,0.030564094,0.3550506,67.448235,24.817856,7.0131726,79.1799
2007.3986,0.36926988,0.22350694,0.061090406,0.07568647,0.76888084,71.93871,30.452686,7.295999,143.97078
2007.4176,0.3361632,0.18410827,0.04442015,0.069020174,0.63450056,70.55875,28.082308,7.209519,87.85971
2007.3989,0.3662761,0.20006022,0.044862416,0.07455333,0.70375526,70.72359,28.056917,7.22038,85.37673
2007.5265,0.23592986,0.123247445,0.030754084,0.04301933,0.42473462,68.72375,26.323973,7.09306,86.22043
2007.6514,0.38948104,0.23277885,0.06328402,0.07646692,0.7454719,73.07981,31.004547,7.3502765,213.76357
2007.3948,0.2883218,0.1551399,0.027784122,0.05103262,0.5038148,70.02006,27.50354,7.175521,120.42598
2007.7698,0.3492875,0.20581338,0.044968568,0.064263985,0.56140983,73.35209,30.752417,7.3310127,264.62375
2007.4814,0.35709026,0.20459154,0.046319373,0.07486133,0.6444857,71.83612,29.347797,7.2471642,126.74269
2007.3597,0.22450788,0.11824905,0.018387614,0.037081223,0.4229536,68.00771,25.737131,7.0433283,68.03907
2007.3942,0.27940255,0.1502558,0.027613463,0.049714338,0.4931884,69.774536,27.316689,7.1592965,111.81501
2007.4019,0.3668108,0.20058492,0.0459638,0.0752996,0.70688903,70.73592,28.089523,7.2210875,82.907585
2007.5399,0.37922382,0.22273624,0.05664364,0.077319294,0.7238634,72.379395,30.184202,7.299253,162.45877
2007.3889,0.35479695,0.19361416,0.04070909,0.07017471,0.66801053,70.70525,28.047241,7.218369,97.35573
2007.4049,0.24525188,0.13240016,0.030507183,0.04662779,0.454599,68.945435,26.78762,7.104167,74.84333
2007.4834,0.37431592,0.22277819,0.05812847,0.07603913,0.73990923,72.214005,30.31694,7.299211,158.231
2007.5228,0.28061986,0.15596655,0.03952588,0.05572063,0.47139826,70.77567,28.467037,7.2058406,131.75632
2007.4187,0.3330494,0.18240426,0.044127442,0.068301655,0.62690926,70.53957,28.077467,7.2082796,88.66417
2007.4268,0.26934573,0.14688684,0.036397982,0.053190615,0.48651463,69.77852,27.577656,7.158696,91.979904
2007.3705,0.24662672,0.13094693,0.021270761,0.041710325,0.45076025,68.69353,26.329754,7.0884113,86.618835
2007.3313,0.20756267,0.11058343,0.008224973,0.027461989,0.3190391,68.95208,26.693054,7.099788,136.11378
2007.4146,0.26518935,0.14384346,0.033096354,0.05079504,0.47965768,69.56332,27.321291,7.144785,91.6016
2007.402,0.28149775,0.15189494,0.029718658,0.05116565,0.49690565,69.89681,27.469082,7.167178,111.50835
2007.4341,0.3682437,0.21823272,0.055488527,0.07573701,0.7293804,71.9308,30.03397,7.279667,139.62889
2007.2087,0.28264448,0.18185875,0.09342623,0.05978419,0.7669552,70.43666,31.317146,7.365153,118.41883
2007.4558,0.23806798,0.12650405,0.029843407,0.04418346,0.4373134,68.74079,26.480776,7.0922804,77.734604
2007.3582,0.37760893,0.23770446,0.0748076,0.07741051,0.8601747,72.106346,31.409182,7.3380084,156.28291
2007.4193,0.2782055,0.15122053,0.03439337,0.05329818,0.49578458,69.95439,27.649033,7.170527,102.98591
2007.3898,0.24866673,0.13328975,0.026456391,0.044857007,0.45623377,68.910675,26.642895,7.102266,82.78305
2007.5057,0.21929333,0.11311863,0.025811804,0.03805318,0.40255782,68.12072,25.738277,7.053584,74.9602
2007.4855,0.26595756,0.14362381,0.038018137,0.052546337,0.47518674,69.74738,27.468468,7.1580386,95.90103
2007.486,0.26797667,0.14490817,0.038574424,0.05316388,0.47815213,69.81887,27.54185,7.162665,96.98793
2007.3812,0.241145,0.12865685,0.024153916,0.04255199,0.4459961,68.6361,26.371908,7.084329,77.95607
2007.3828,0.2641381,0.1412441,0.024579218,0.0459423,0.47338122,69.26858,26.85283,7.1261253,100.17113
2007.6931,0.28261533,0.16073698,0.037006598,0.052932195,0.4092292,71.970726,29.381056,7.247475,203.60997
2007.4136,0.2701203,0.14645877,0.03283464,0.05132699,0.48532173,69.68791,27.405884,7.153053,96.76381
2007.4174,0.31602198,0.17251503,0.03994091,0.06284028,0.580895,70.41249,27.972826,7.200285,98.79772
2007.5782,0.7309553,0.46197894,0.15112436,0.1418302,1.4246572,75.63275,34.302296,7.4026155,324.92133
2007.405,0.36738715,0.20115048,0.04715088,0.07610391,0.7102667,70.749214,28.124666,7.2218504,80.24633
2007.4043,0.3486272,0.19030859,0.04278086,0.070230536,0.6599929,70.6113,28.016708,7.213156,90.87323
2007.3987,0.366247,0.2000317,0.04480254,0.07451277,0.703585,70.722916,28.055143,7.220341,85.51094
2007.4966,0.22913511,0.11968114,0.028284373,0.041144524,0.41851664,68.45981,26.108555,7.0752287,78.72241
2007.043,0.44012433,0.2839928,0.16985808,0.080184795,0.98037755,71.45226,32.47178,7.3676324,114.79054
2007.4104,0.24068965,0.1293996,0.029594703,0.045315586,0.44727466,68.79563,26.627262,7.0946107,72.906555
2007.4325,0.27076963,0.14802423,0.03792704,0.054231305,0.4890991,69.86469,27.68639,7.164246,91.66051
2007.5171,0.24069864,0.12656185,0.03184574,0.04455343,0.43313706,68.883896,26.509003,7.1031446,87.35969
2007.4551,0.2566555,0.13846152,0.034858502,0.049904384,0.4652803,69.394714,27.161882,7.1344666,87.05908
2007.4341,0.26808798,0.1463608,0.037512343,0.05356965,0.48519263,69.78007,27.603523,7.158783,90.02632
2007.3304,0.3999133,0.24294125,0.15671065,0.055850357,0.8400903,71.497955,31.864927,7.4594965,235.48062
2007.3982,0.26804447,0.14435159,0.028720072,0.048767507,0.48043934,69.5033,27.148302,7.1412454,99.35603
2007.4065,0.27752015,0.15002857,0.030951282,0.051301263,0.49294057,69.82826,27.454515,7.1625223,106.192
2007.4521,0.35393074,0.20272571,0.046624076,0.07485789,0.64677334,71.67373,29.263727,7.2412233,116.560844
2007.6279,0.2852092,0.16341141,0.036938492,0.054395735,0.42563978,71.91881,29.45482,7.246029,191.74864
2007.4033,0.28334785,0.15298796,0.030089596,0.0516246,0.49930823,69.95824,27.525469,7.1712046,112.91603
2007.4003,0.30993453,0.16776407,0.03293895,0.057625566,0.5548596,70.319695,27.768995,7.194835,114.62903
2007.4052,0.28726134,0.15522681,0.030567111,0.052425593,0.5042088,70.07856,27.62861,7.179117,116.240166
2007.4033,0.34954393,0.19076568,0.042665135,0.070322424,0.66187626,70.615204,28.01203,7.213426,91.08413
2007.4242,0.26869845,0.14636701,0.035691254,0.052711096,0.4853329,69.73898,27.527615,7.15615,92.13816
2007.3975,0.2846987,0.15334415,0.028505133,0.050934035,0.4999655,69.94505,27.469164,7.1704884,116.03665
2007.4803,0.2681254,0.14515394,0.03849587,0.053250033,0.4791229,69.81946,27.553558,7.1625533,96.2999
2007.3821,0.2436688,0.13008596,0.02440008,0.043034393,0.4491199,68.71176,26.435177,7.08931,80.169426
2007.5209,0.26588944,0.14263767,0.03874494,0.052271888,0.47039464,69.77413,27.426672,7.1607056,100.65507
2007.5231,0.24202594,0.12725365,0.032332007,0.04491835,0.43432775,68.9356,26.550879,7.1066422,88.848915
2007.4232,0.2788679,0.15182503,0.035421222,0.053957306,0.49717394,70.00438,27.716248,7.1737328,102.4803
2007.3145,0.35385564,0.20810491,0.049859017,0.07484198,0.7086787,71.27076,29.42598,7.236082,97.42072
2007.3453,0.2842263,0.15836443,0.034356624,0.048887167,0.51804936,70.42226,28.45956,7.2285786,146.56133
2007.4143,0.3989254,0.25401065,0.08476803,0.079568036,0.90835434,72.63787,32.06804,7.374281,186.92703
2007.3925,0.25611657,0.13750562,0.02717173,0.04627475,0.46544802,69.13367,26.829062,7.116946,89.329414
2007.4163,0.34642965,0.18992054,0.046263576,0.071909614,0.6610587,70.62951,28.124819,7.214019,83.25957
2007.3047,0.36481413,0.22353862,0.14139159,0.05040283,0.80087245,71.19052,31.735231,7.450138,232.99553
2007.3925,0.24394177,0.13089354,0.02716838,0.044602234,0.45107883,68.80571,26.58607,7.0952525,77.316376
2007.5948,0.25104722,0.13113488,0.03628606,0.047177877,0.43833524,69.31242,26.801283,7.1328716,103.14144
2007.3899,0.3122193,0.16909613,0.031557757,0.057306472,0.55616826,70.376236,27.799896,7.1976724,118.90989
2007.4104,0.23504463,0.12577455,0.028066544,0.043579876,0.4388132,68.59683,26.420681,7.08178,70.04211
2007.6254,0.2444716,0.12609844,0.035149522,0.04493709,0.42442867,69.106026,26.526701,7.120362,103.939926
2007.3998,0.23320518,0.12487498,0.027345853,0.04309006,0.4374578,68.523346,26.365108,7.0767555,67.67747
2007.4116,0.22717538,0.120687775,0.025962694,0.041151278,0.4268513,68.32075,26.131308,7.063993,66.21881
2007.4844,0.20841986,0.10670652,0.02241716,0.034863293,0.38909796,67.72015,25.364143,7.027161,66.54406
2007.4082,0.26311046,0.14231111,0.03140238,0.0495733,0.4762028,69.45434,27.190828,7.137743,91.46043
2007.4366,0.27976424,0.15316992,0.039024394,0.05607222,0.5003622,70.14123,27.923435,7.182431,99.30065
2007.436,0.2715951,0.1485625,0.03850169,0.05463444,0.49019825,69.90514,27.729767,7.166906,92.06258
2007.4293,0.26923326,0.14698458,0.03706486,0.053543843,0.48677617,69.79635,27.61045,7.15981,91.11664
2007.411,0.2510919,0.13596207,0.032147262,0.048335847,0.46246037,69.154,26.990265,7.117802,78.75763
2007.4275,0.32836428,0.18621802,0.044891406,0.06924751,0.60154694,71.126465,28.850283,7.2206798,104.47648
2007.3965,0.26683363,0.14358547,0.028264174,0.048349317,0.47874087,69.456436,27.1002,7.13819,98.6751
2007.9067,0.34162122,0.21971102,0.016983258,0.0791605,0.6764237,73.57544,33.410618,7.4074087,444.05685
2007.0696,1.4780488,1.0603709,0.43235964,0.36715695,3.2793853,77.55271,41.959747,7.3776884,399.6074
2007.4312,0.28612292,0.1563272,0.037920304,0.056409262,0.5093785,70.235214,27.95023,7.188757,104.770226
2007.4103,0.26217613,0.14193814,0.031966716,0.04975706,0.47543392,69.44683,27.201843,7.137191,89.90166
2007.3766,0.26584783,0.14177434,0.022907356,0.045252655,0.4744102,69.26232,26.79909,7.125876,103.74453
2007.431,0.2892802,0.15813138,0.038562924,0.057342723,0.51767784,70.25763,27.965591,7.1901765,103.187645
2007.5447,0.37094814,0.2154629,0.051785666,0.07599354,0.68200904,72.28862,29.887632,7.281831,156.4254
2007.4492,0.26041555,0.1410326,0.03575263,0.05110262,0.4716953,69.522285,27.306011,7.1425447,88.171814
2007.4326,0.25035653,0.13501333,0.03268138,0.048128147,0.4588087,69.154434,26.956259,7.1183624,80.83031
2007.3688,0.21803151,0.115307964,0.020805212,0.03752902,0.4167404,67.90894,25.734987,7.0365567,58.919735
2007.3815,0.35907593,0.20653126,0.04679067,0.076629944,0.68150705,71.420555,29.136057,7.229644,97.4706
2007.4225,0.26873147,0.14627573,0.035232663,0.0524621,0.48510066,69.725525,27.504179,7.155305,92.688034
2007.4028,0.2658165,0.14343895,0.029968003,0.049151663,0.47854793,69.48234,27.169434,7.139736,95.74933
2007.4806,0.21297242,0.10972915,0.023571173,0.03628975,0.39641547,67.87741,25.534882,7.037212,68.35036
2007.4591,0.26073986,0.14097722,0.036048934,0.051131412,0.4708693,69.54186,27.306885,7.144071,89.67617
2007.3425,0.36484984,0.22141573,0.06082767,0.07583898,0.7741597,71.68128,30.323574,7.283189,126.630295
2007.3809,0.2512573,0.13412291,0.024047984,0.043881066,0.4578667,68.9051,26.568024,7.1021338,88.05666
2007.5284,0.21427172,0.1092898,0.024930147,0.036346633,0.39202404,67.96256,25.529312,7.043979,75.4818
2007.4176,0.3154973,0.17222294,0.039869055,0.06270586,0.57957673,70.40907,27.971329,7.2000656,98.98326
2007.4296,0.27481958,0.15003423,0.03713247,0.0543478,0.49340856,69.9489,27.725416,7.169894,96.554184
2007.6334,0.23171301,0.11769254,0.031863846,0.04095689,0.4042457,68.6633,26.050917,7.091998,98.546555
2007.3722,0.36398488,0.21815777,0.0571024,0.07530981,0.7470574,71.719284,30.100216,7.2757244,128.90666
2007.6107,0.25412574,0.13269122,0.03745206,0.048011307,0.44085655,69.433846,26.896402,7.1411285,106.8408
2007.4691,0.42563835,0.26884243,0.09053678,0.082449615,0.9227129,73.0829,32.20134,7.3822365,205.46829
2008.0183,0.9295664,0.60631996,0.12430614,0.2011503,1.705332,78.51345,40.811275,7.4573607,905.6854
2007.4053,0.367415,0.20117782,0.047208272,0.076142795,0.71043,70.74986,28.126366,7.221887,80.117676
2007.5365,0.24270076,0.12732948,0.032797396,0.045029674,0.43356013,68.97042,26.560665,7.1092463,91.0079
2007.508,0.33499238,0.19283533,0.043374896,0.06892397,0.5779905,71.91084,29.483313,7.2485156,145.64362
2007.4014,0.28820714,0.15550163,0.029564468,0.0520011,0.504732,70.07266,27.594793,7.178826,118.30466
2007.3922,0.23671293,0.12695344,0.027107002,0.04357634,0.4425119,68.60913,26.438671,7.082255,70.25054
2007.6575,0.382648,0.22801799,0.060460925,0.07488665,0.7168123,73.06191,30.90288,7.3427415,214.96466
2007.3783,0.23821124,0.12687936,0.023379693,0.041721396,0.44207624,68.53288,26.27272,7.0775776,75.93369
2007.3962,0.24178144,0.1299624,0.02818448,0.04486752,0.44913033,68.77932,26.596369,7.093407,74.037865
2007.4636,0.25284326,0.135786,0.034006335,0.048671026,0.4584343,69.267494,27.012886,7.1264825,86.280174
2007.4985,0.38041076,0.23165897,0.06546824,0.07586741,0.78403,72.498215,30.978468,7.3333015,181.94466
2007.4008,0.3604669,0.19685367,0.044191893,0.07313915,0.68937624,70.68675,28.044125,7.218009,87.153465
2007.4276,0.24360615,0.13081379,0.03074695,0.04608895,0.44936377,68.91252,26.714867,7.1026134,76.71718
2007.4001,0.2517404,0.13562357,0.029247379,0.04682172,0.46151114,69.08075,26.850836,7.1132417,82.668655
2007.4929,0.37192866,0.21454991,0.05081798,0.07771617,0.69320357,71.99259,29.579132,7.2642174,132.18376
2007.3916,0.24068005,0.12907313,0.026961839,0.044040475,0.44710764,68.71142,26.510164,7.0890355,74.3299
2007.3839,0.22624496,0.120742805,0.024897596,0.040918477,0.42885256,68.25813,26.113813,7.059253,62.410503
2007.3782,0.2459492,0.13107094,0.023336297,0.042759236,0.45118198,68.7399,26.424765,7.0912757,83.62017
2007.4631,0.3683452,0.21202941,0.04941776,0.07749273,0.68806005,71.82824,29.427893,7.2533703,121.67702
2007.414,0.29015538,0.15738991,0.033117797,0.0542693,0.5101878,70.21546,27.79986,7.1879225,115.21915
2007.3989,0.31961247,0.17323089,0.034621198,0.06031649,0.5797988,70.385925,27.807392,7.199051,110.415665
2007.5098,0.22420385,0.11616466,0.02722604,0.039534178,0.40938413,68.296974,25.913504,7.0650673,77.99751
2007.4095,0.28966156,0.15681374,0.03175766,0.053413134,0.5077451,70.180435,27.73903,7.185739,117.26628
2007.4293,0.24702463,0.1329627,0.031709004,0.047127586,0.45425722,69.03434,26.838036,7.1105223,78.687294
2007.4128,0.2613481,0.14164835,0.032637928,0.050014492,0.47485355,69.44553,27.220596,7.1370387,88.32732
2007.433,0.24445997,0.13121709,0.031092772,0.04631248,0.4499219,68.947075,26.740065,7.1049886,77.88731
2007.3861,0.25737843,0.13778208,0.025455473,0.045499124,0.46592224,69.11396,26.764055,7.1158113,92.51077
2007.4034,0.3432301,0.18798646,0.043545496,0.0670397,0.64750445,70.76952,28.312105,7.2370224,110.967804
2007.204,0.30711952,0.18962397,0.072544515,0.06746988,0.72953975,70.569,30.292965,7.285115,84.86125
2007.5045,0.56671023,0.3578962,0.11810112,0.10968279,1.1559952,74.23831,33.105415,7.388062,253.1057
2007.4011,0.25400522,0.13691367,0.029500255,0.047272302,0.4643333,69.14965,26.909292,7.1177745,84.618866
2007.4257,0.23418769,0.12481645,0.028157057,0.043206684,0.43549913,68.57927,26.372313,7.081053,71.67947
2007.4126,0.27064478,0.14668058,0.032570086,0.05125272,0.48578417,69.693756,27.402445,7.1534657,97.57992
2007.4249,0.26846394,0.14628781,0.035893247,0.052790586,0.4851756,69.73898,27.53355,7.1561303,91.67885
2007.4967,0.26250106,0.14110489,0.037319086,0.051403034,0.46851617,69.63492,27.329493,7.151078,95.66779
2007.4095,0.29551288,0.1601442,0.032816965,0.055028845,0.5218484,70.24152,27.78387,7.189676,115.618996
2007.91,0.39302954,0.25479466,0.028897608,0.09375226,0.846015,73.83374,34.06753,7.4377217,450.98965
2007.4197,0.28316966,0.15393692,0.034480315,0.05402745,0.5016941,70.09079,27.752607,7.179541,107.78757
2007.3987,0.2370337,0.12736377,0.028358368,0.044275366,0.44334686,68.657234,26.50648,7.085367,69.46665
2007.6682,0.20244439,0.09797137,0.02467264,0.03170841,0.3557663,67.66121,24.941198,7.0282426,88.3988
2007.4316,0.27210793,0.14869432,0.0376892,0.054283474,0.49053767,69.89329,27.700584,7.166161,93.24974
2007.3834,0.3490838,0.19033323,0.03855181,0.067968905,0.651216,70.6703,28.01331,7.2157583,102.43177
2007.443,0.44594023,0.281988,0.097557634,0.08555732,0.9561406,73.19294,32.302532,7.379591,202.47523
2007.3318,0.35521474,0.20772128,0.04908556,0.07530022,0.7017768,71.3102,29.353035,7.2345166,97.50966
2007.397,0.24643995,0.13254201,0.02839403,0.045622613,0.45475152,68.91132,26.700289,7.102118,78.39956
2007.4438,0.34335285,0.19692084,0.045686856,0.07255009,0.6227222,71.59148,29.253656,7.2376957,117.126625
2007.41,0.27540925,0.14910789,0.031898487,0.051535234,0.49100965,69.80105,27.462183,7.160629,103.04008
2007.4968,0.3881565,0.24233262,0.0749677,0.076975524,0.84400254,72.731895,31.69211,7.3679476,198.383
2007.3911,0.26464516,0.14204709,0.026794663,0.04723662,0.47528943,69.35153,26.979343,7.1313953,98.17263
2007.5431,0.27224013,0.14612225,0.040933516,0.05406489,0.4769598,70.016136,27.634323,7.1769176,106.893715
2007.3679,0.21946959,0.116034046,0.020574888,0.037599027,0.41830122,67.94046,25.751568,7.0386643,60.59898
2006.7932,0.5400118,0.36760625,0.18995228,0.11665819,1.215832,72.14187,33.88407,7.2781525,44.863438
2007.3772,0.21030007,0.110769525,0.020667987,0.03620959,0.4061276,67.69805,25.552048,7.0228853,52.9882
2007.4457,0.36890206,0.21732701,0.054412834,0.07615968,0.72127974,71.937614,29.92861,7.2758565,137.5784
2007.404,0.32078937,0.1742795,0.036564115,0.06167381,0.58585817,70.408936,27.86461,7.2003818,106.04829
2007.3054,0.3515712,0.20427507,0.04680156,0.07531933,0.6907093,71.12799,29.113325,7.219742,84.2572
2007.3414,0.35523373,0.20394574,0.04623737,0.076675594,0.68179214,71.19981,28.976418,7.2186127,83.03179
2007.4077,0.3296211,0.1796298,0.039736435,0.06509959,0.6114673,70.48346,27.94914,7.2049994,98.57275
2007.4058,0.3675182,0.20127904,0.047420744,0.076286756,0.71103454,70.75224,28.132656,7.2220235,79.64135
2007.3962,0.36579397,0.1995872,0.043869514,0.07388059,0.7009302,70.71246,28.027523,7.219742,87.60262
2007.4144,0.26478633,0.1436171,0.033064812,0.0507223,0.4791634,69.551476,27.311598,7.144005,91.23942
2007.4233,0.22548743,0.119290896,0.025753194,0.04054809,0.4227639,68.27098,26.056484,7.0610933,66.952324
2007.3632,0.23715156,0.12533456,0.01930966,0.039325967,0.43841925,68.37703,26.037743,7.067668,79.47869
2007.6603,0.31896484,0.18505184,0.0383231,0.06122017,0.48236394,72.66052,29.99729,7.274145,211.12701
2008.4098,0.61597985,0.38330242,-0.06612731,0.16291274,1.0553055,78.85465,45.898155,7.2253857,1651.774
2007.4135,0.3198974,0.1744581,0.039500035,0.06325741,0.58894134,70.42943,27.95451,7.2014484,99.58207
2007.4996,0.24379538,0.1290143,0.032317247,0.045630373,0.44008735,68.9786,26.641674,7.1087947,86.57408
2007.415,0.36462873,0.21322744,0.051677834,0.07619819,0.7079178,71.72292,29.641851,7.258283,121.86735
2007.6498,0.23895897,0.12190782,0.03417162,0.043067083,0.41292813,68.932014,26.297827,7.1097794,104.44805
2007.3975,0.26978087,0.14524856,0.028527198,0.048899155,0.48237437,69.54403,27.1728,7.1439586,101.28749
2007.442,0.2337518,0.124101974,0.028382676,0.042955756,0.43268323,68.57736,26.338238,7.081363,73.66625
2007.483,0.28209242,0.15745023,0.03951864,0.05660132,0.4816668,70.73048,28.497995,7.204475,123.99153
2007.3739,0.35972407,0.20580399,0.047934532,0.07777867,0.68692935,71.316124,29.026625,7.2268424,87.3246
2007.4192,0.27425417,0.14906298,0.03434349,0.052728392,0.49109226,69.84643,27.567606,7.16339,99.14207
2007.4006,0.25831977,0.13922833,0.029381583,0.04779875,0.4693545,69.26212,26.989109,7.1252265,89.011345
2007.4124,0.29548475,0.1603323,0.03373603,0.055568527,0.52338463,70.24928,27.81169,7.190099,113.58227
2007.5576,0.33701357,0.19420154,0.042502824,0.06813727,0.5655211,72.17622,29.633617,7.2580395,164.1794
2007.4207,0.273929,0.14898436,0.03475489,0.052911203,0.49095178,69.85054,27.582735,7.163622,98.357025
2007.48,0.27428252,0.14911784,0.040154736,0.055145897,0.48840204,70.03598,27.779299,7.1765184,99.373314
2007.4546,0.17506182,0.08607853,0.012759348,0.024819909,0.3430449,66.520874,24.176474,6.9489627,45.58524
2007.4058,0.3675097,0.20127073,0.047403302,0.07627493,0.71098477,70.752045,28.13214,7.2220125,79.68046
2007.4246,0.24921232,0.13449466,0.03220074,0.047834452,0.458169,69.10745,26.923397,7.1151147,79.15162
2007.387,0.2358204,0.12613262,0.025695654,0.042673633,0.44062412,68.54095,26.34672,7.0778832,70.9616
2007.5144,0.37720373,0.22324127,0.057729784,0.0766564,0.73369116,72.31966,30.286283,7.301304,162.13734
2007.4061,0.26056093,0.14079599,0.030853907,0.04892022,0.4728698,69.36853,27.111162,7.1321206,89.56266
2007.7389,0.21447228,0.10380902,0.02942031,0.034899283,0.36440828,68.14312,25.3027,7.061229,104.08659
2007.4205,0.26982674,0.14674823,0.034719273,0.052328587,0.48608962,69.73896,27.499048,7.1562443,94.34815
2007.4102,0.24033786,0.12918021,0.029494332,0.04520918,0.4467798,68.78304,26.614662,7.093792,72.69504
2007.4133,0.2837242,0.15383399,0.03278377,0.053165644,0.5013453,70.05265,27.674528,7.177185,110.24855
2007.4116,0.26155496,0.14168349,0.03231387,0.049863737,0.47490618,69.44096,27.207693,7.1367683,88.89691
2007.8628,0.362939,0.22310667,0.03436035,0.07570092,0.6590778,73.630104,32.106434,7.3741646,352.76132
2007.3933,0.22746338,0.12135938,0.025655797,0.041370742,0.42970496,68.315834,26.162142,7.0631905,63.89201
2007.3907,0.22307923,0.11861456,0.024413185,0.040041693,0.42348453,68.159256,26.00464,7.0530143,61.308903
2007.3798,0.22417271,0.11935037,0.023776,0.040014062,0.425744,68.167244,26.013556,7.0533514,61.630337
2007.429,0.2773665,0.1513783,0.03696893,0.05460688,0.4963172,70.01237,27.76762,7.174109,99.25255
2007.4152,0.26026803,0.14121453,0.03327896,0.050220665,0.47395808,69.4365,27.232735,7.1363783,86.538155
2007.3981,0.36611986,0.19990696,0.044540744,0.07433539,0.7028401,70.719986,28.047394,7.220173,86.09784
2007.4114,0.25811118,0.13979696,0.03224461,0.049352884,0.47080123,69.34607,27.135372,7.130498,85.57603
2007.4269,0.24495168,0.13169752,0.031095663,0.046507966,0.45147842,68.9593,26.764927,7.105613,77.3001
2007.4323,0.2743334,0.14994,0.03784539,0.0546752,0.49325627,69.95811,27.753178,7.1704335,95.27015
2007.6187,0.24714498,0.12799643,0.035729893,0.045807865,0.42933798,69.194565,26.632095,7.125896,104.375435
2007.424,0.25773695,0.13998602,0.034494895,0.0504602,0.47103223,69.40713,27.236076,7.1344395,83.390236
2007.3308,0.3567974,0.2014163,0.048935603,0.077906325,0.7043759,70.78203,28.54504,7.2095323,61.512844
2007.4103,0.28688797,0.15535435,0.031953834,0.053140983,0.50458807,70.111885,27.694023,7.1811852,114.30744
2007.709,0.41469643,0.25371653,0.067243025,0.08417897,0.8415368,73.48,31.814114,7.385522,251.25684
2007.3878,0.27959752,0.16730852,0.08624851,0.048899733,0.6944448,70.6003,30.737082,7.4063845,185.58008
2007.8304,0.9513125,0.6008626,0.18859078,0.18745573,1.7703471,77.83646,36.23028,7.445906,476.25107
2007.4994,0.23562565,0.12377682,0.03009863,0.04312075,0.42788535,68.69062,26.343065,7.0901985,82.3836
2007.4912,0.24035756,0.1270316,0.03120873,0.044633843,0.43605366,68.85058,26.525248,7.1003075,83.68674
2007.5249,0.38290793,0.23320617,0.06608837,0.07585299,0.78466016,72.63231,31.076845,7.3411756,191.01334
2007.6033,0.2091917,0.10403257,0.025132513,0.034247972,0.3744812,67.84537,25.2602,7.038405,83.040855
2007.3969,0.36319527,0.19814044,0.04351387,0.07321496,0.6944009,70.69551,28.020117,7.218655,88.520935
2007.3788,0.26795298,0.14305857,0.023499591,0.045868937,0.4772446,69.33753,26.872192,7.130793,105.154366
2007.3878,0.25412637,0.13612898,0.025929334,0.045314826,0.46236482,69.04121,26.72409,7.1109524,88.76635
2007.4033,0.34765345,0.18967246,0.0422218,0.0697288,0.65680486,70.60128,28.001062,7.2125487,92.16158
2007.5402,0.28618547,0.16271213,0.038160667,0.0562446,0.4590239,71.40632,29.086758,7.228315,157.96692
2007.4214,0.30983484,0.16924737,0.039894834,0.06172995,0.5667436,70.37901,27.979397,7.198075,99.20857
2007.4005,0.32506222,0.18301322,0.058142584,0.06256969,0.6642883,70.82175,29.196308,7.295105,133.66745
2007.4636,0.38437164,0.23950127,0.07340064,0.07690192,0.8382446,72.54374,31.509188,7.3551674,185.60568
2007.4167,0.26247865,0.14251383,0.033694137,0.050753534,0.47681224,69.50902,27.298635,7.1411343,88.25176
2007.3973,0.25733024,0.13847668,0.028481843,0.047165554,0.46765482,69.20733,26.9221,7.1216903,89.04956
2007.7714,0.8833111,0.55994475,0.16725764,0.17681667,1.6763926,77.18734,35.903885,7.432611,453.00024
2007.3944,0.24429467,0.13121115,0.027697371,0.04494311,0.45180807,68.831764,26.6209,7.096924,77.067894
2007.4176,0.2475565,0.13361625,0.03160627,0.047375064,0.4566071,69.04343,26.870512,7.1107974,77.37185
2007.3812,0.3420049,0.18719508,0.039128326,0.06606301,0.63724154,70.70347,28.160091,7.2230086,109.24899
2007.3809,0.29889226,0.16210802,0.028324174,0.053227585,0.51769316,70.37327,27.848595,7.196018,129.02364
2007.4117,0.23505197,0.12574263,0.028097494,0.04357227,0.43864185,68.59823,26.419422,7.0819063,70.23193
2007.6047,0.28301144,0.16018063,0.037873454,0.05454767,0.43833265,71.52362,29.087467,7.232053,173.00186
2007.4932,0.25298956,0.13509123,0.034669645,0.04850384,0.4547283,69.29704,26.985346,7.129176,90.3621
2007.4219,0.28738922,0.15637857,0.03513347,0.05497952,0.5074062,70.21801,27.864353,7.187893,110.88715
2007.4205,0.36657542,0.21698429,0.05476359,0.07565391,0.7264901,71.853004,29.95626,7.274299,134.51932
2007.431,0.376782,0.23145956,0.06720944,0.07629038,0.8033502,72.239784,30.977985,7.325425,164.68857
2007.3456,0.26533443,0.14680766,0.027210312,0.04322908,0.45497346,70.29883,28.241947,7.2101,154.62248
2007.615,0.23774646,0.12205766,0.03310918,0.04294403,0.41573125,68.860596,26.292177,7.1042433,99.11513
2007.4161,0.23851033,0.12784554,0.029126985,0.04460391,0.4432388,68.72366,26.541065,7.0901203,72.58615
2007.4185,0.28021437,0.1522513,0.034141015,0.05343433,0.49800593,70.000595,27.675838,7.1736083,105.25331
2007.5432,0.24577865,0.12912914,0.03377047,0.045928475,0.43729335,69.08428,26.665928,7.116772,93.46842
2007.3877,0.35771632,0.19504757,0.04073538,0.07070226,0.6757185,70.69476,28.013744,7.21791,96.199234
2007.707,0.6702672,0.42235687,0.121422336,0.13617,1.3375015,75.4097,34.010822,7.411284,338.33722
2007.379,0.25370553,0.1353375,0.023565637,0.043950368,0.46047065,68.95594,26.591509,7.105544,91.01725
2007.4036,0.27099878,0.14629869,0.030159554,0.049968686,0.48477677,69.627884,27.282854,7.149345,100.64828
2007.4315,0.2883406,0.1576284,0.03852542,0.057156034,0.5154757,70.25228,27.965668,7.189826,103.317696
2007.4329,0.30279619,0.16603906,0.04214815,0.06183312,0.55465907,70.360756,28.056574,7.1966457,94.56272
2007.4114,0.32413235,0.17674093,0.039740734,0.064141355,0.5989918,70.45415,27.956335,7.2030597,98.83703
2007.4214,0.26002425,0.14147578,0.034931716,0.0511009,0.4746476,69.481636,27.314709,7.1392016,84.43326
2007.2317,0.4971049,0.30407494,0.20458831,0.05988948,0.936368,72.128456,32.47807,7.471519,271.8219
2008.5399,0.6101319,0.3701519,-0.09627185,0.16546132,0.9960786,79.64873,47.722637,7.1609883,1882.787
2007.5232,0.2600402,0.13881975,0.03721029,0.05045677,0.46131977,69.57005,27.21004,7.147595,98.00053
2007.5308,0.37445012,0.21751583,0.052894857,0.07713861,0.69795173,72.232506,29.865793,7.281472,150.48315
2007.4154,0.33785802,0.18492135,0.044061232,0.06910414,0.6377302,70.56472,28.069277,7.2099495,88.5711
2007.1986,0.44658712,0.28978878,0.11546619,0.091297485,1.028848,72.39343,32.417263,7.3450623,127.11446
2007.4156,0.31382674,0.17111982,0.03885652,0.061813448,0.5740145,70.391426,27.942871,7.198998,101.312
2007.3958,0.279974,0.1506665,0.028034909,0.050025743,0.49411198,69.803116,27.35023,7.161145,111.903694
2007.402,0.3148968,0.17074421,0.03460352,0.05948056,0.5690432,70.36056,27.812927,7.1973743,110.690094
2007.3508,0.35797212,0.20411801,0.04844476,0.07795595,0.69352853,71.1107,28.868324,7.2197165,75.96065
2007.405,0.2658653,0.14360267,0.030544156,0.049476873,0.47894627,69.50168,27.20068,7.140959,95.14761
2007.5319,0.19404401,0.09620858,0.01952677,0.030102415,0.36124787,67.25306,24.78524,6.9982758,65.68315
2007.4037,0.27101284,0.14631431,0.030193092,0.049989153,0.4848132,69.62931,27.284897,7.149436,100.624344
2007.4712,0.3625087,0.20745358,0.04712231,0.07641149,0.66210616,71.79849,29.303028,7.2461486,120.67087
2007.4022,0.28722218,0.15502223,0.02979734,0.051994678,0.5037075,70.05342,27.587383,7.1775303,117.069756
2006.7225,0.5648129,0.38645437,0.21096916,0.122364506,1.2621968,72.068665,34.26446,7.273592,37.782337
2007.3884,0.2675165,0.14343871,0.026090952,0.04724162,0.4782618,69.40684,26.999638,7.135123,101.800476
2007.5153,0.27291435,0.14729936,0.04052759,0.054472372,0.48167375,70.01687,27.69003,7.1762223,103.45474
2007.3926,0.25268987,0.13565138,0.027199304,0.045819774,0.46142048,69.04225,26.762167,7.1108966,85.91602
2007.4146,0.2883215,0.15640241,0.033085853,0.053963497,0.506949,70.1859,27.782091,7.18597,114.4455
2007.494,0.24766488,0.13165124,0.033244517,0.046861064,0.44664434,69.11017,26.789625,7.117135,87.765015
2007.4065,0.26327282,0.14228997,0.03094344,0.04934186,0.476123,69.44436,27.169952,7.137128,92.13834
2007.412,0.2817257,0.16827083,0.09012804,0.050070368,0.7044839,70.65738,30.840155,7.417914,186.29005
2007.4071,0.2387805,0.12825882,0.029010503,0.04475149,0.44483724,68.72576,26.560951,7.0900164,71.50482
2007.4156,0.22428845,0.11872672,0.025265904,0.040234778,0.4219907,68.22239,26.021187,7.057752,65.29832
2007.5527,0.25382087,0.13403784,0.036149792,0.048332475,0.44807562,69.375404,26.949572,7.1358175,98.84867
2007.5785,0.19419606,0.09506414,0.020550149,0.029815054,0.35529432,67.29683,24.739006,7.0023403,72.071625
2007.4009,0.2999116,0.16204679,0.030945012,0.054689545,0.528593,70.24894,27.721619,7.1903505,119.550835
2007.3921,0.35993275,0.19639991,0.042152796,0.071888685,0.683357,70.70803,28.036934,7.2189646,92.84463
2007.2001,0.33340424,0.20030382,0.056115117,0.07527036,0.7153116,70.74864,29.5207,7.221047,57.19781
2007.3828,0.24063323,0.12848291,0.024590401,0.042723063,0.44565025,68.63598,26.384634,7.084278,76.95858
2007.4541,0.3713041,0.2215909,0.057858404,0.07559171,0.7417401,72.091774,30.280405,7.2940426,152.10846
2007.5167,0.23853716,0.12518437,0.031252246,0.043891665,0.42994982,68.80744,26.43034,7.0982,86.209076
2007.4043,0.25136507,0.13568273,0.030351603,0.047380652,0.46172097,69.10519,26.901367,7.11475,81.05268
2007.423,0.3081634,0.16839793,0.04003327,0.06151941,0.5631834,70.37126,27.985733,7.1975484,98.98495
2007.3971,0.28448492,0.15320466,0.028406857,0.050850373,0.49965513,69.93622,27.459736,7.169914,115.936485
2008.6573,0.87023586,0.53666127,-0.0031420724,0.20628124,1.3960296,81.55311,48.23931,7.251559,1852.9973
2007.6832,0.8301567,0.5245558,0.17371504,0.16036494,1.5680254,76.62749,35.211956,7.4254603,395.68597
2007.4144,0.33456308,0.18295956,0.043032996,0.067918085,0.6284462,70.53825,28.042435,7.2082996,91.01573
2007.3552,0.35627988,0.20187576,0.04927773,0.0777969,0.69461226,70.96541,28.714643,7.216471,70.429924
2007.4276,0.28475696,0.15530814,0.036618616,0.05542737,0.50483155,70.200424,27.896612,7.186583,106.942314
2007.4867,0.37303066,0.21876441,0.054597896,0.076825984,0.7175138,72.10191,29.9602,7.2821355,145.418
2007.1462,0.87245244,0.5804743,0.24695553,0.19647995,1.8025562,75.41515,36.947227,7.3335333,214.21733
2007.8025,0.35279536,0.20845324,0.042552736,0.06580197,0.5659535,73.46568,30.86716,7.3341956,279.3429
2007.4943,0.23890214,0.12601577,0.03087894,0.044164497,0.43346807,68.801834,26.468597,7.0972424,83.36076
2007.3997,0.24260053,0.13062891,0.029115526,0.045494623,0.45064735,68.830505,26.661623,7.096701,73.7961
2007.3921,0.23752354,0.12738365,0.027065204,0.043664467,0.4434438,68.629654,26.452642,7.0836163,71.097755
2007.4069,0.36555713,0.20022582,0.04732679,0.07588782,0.706411,70.740944,28.13234,7.221286,79.94754
2007.4028,0.28821746,0.15560192,0.029962016,0.052222285,0.5049793,70.08538,27.615887,7.1796274,117.866394
2006.6984,2.8986418,2.138915,0.82124823,0.76496655,6.995446,78.54624,46.34444,7.51935,397.7787
2007.5208,0.2631785,0.1409008,0.038007867,0.05143941,0.46635106,69.678535,27.32763,7.1545315,99.25893
2007.4967,0.23220852,0.121654354,0.029116718,0.042089395,0.42312106,68.56806,26.221012,7.0822163,80.28424
2007.4183,0.30744812,0.16765514,0.0383747,0.060411382,0.5586689,70.353165,27.936516,7.1965146,102.6987
2007.4502,0.25827622,0.13963085,0.03519556,0.050437298,0.4683496,69.447815,27.226555,7.1377654,87.22807
2007.4565,0.25800586,0.13928995,0.035254683,0.05030917,0.46711168,69.44347,27.209686,7.137652,87.941086
2007.3934,0.23710771,0.1272473,0.027440773,0.04381503,0.44317514,68.6302,26.46408,7.083616,70.26361
2007.5593,0.22863983,0.117692195,0.02947159,0.04054275,0.40945888,68.49405,26.020744,7.0791054,86.96116
2007.4473,0.24993087,0.13435109,0.032873653,0.04789265,0.4562352,69.15147,26.92446,7.118559,82.590225
2008.599,1.0851957,0.6986209,0.10060018,0.24123906,1.8613955,81.85055,46.739315,7.380145,1646.1571
2007.4812,0.37027618,0.21294598,0.049742177,0.07773627,0.6879129,71.909256,29.466427,7.257343,126.05423
2007.3419,0.35800877,0.20262653,0.049672794,0.07849131,0.70421386,70.88495,28.648602,7.2135262,64.24135
2007.4268,0.28526768,0.15552768,0.036375947,0.055363294,0.5052906,70.20658,27.894047,7.1870146,107.72013
2007.4194,0.28354338,0.15412281,0.034408763,0.05403917,0.5020928,70.09861,27.7563,7.180066,108.237144
2007.3958,0.3657069,0.19950172,0.043690134,0.07375906,0.7004198,70.71046,28.022211,7.2196264,88.00476
2007.4167,0.27671504,0.15024523,0.03369676,0.052708544,0.4936138,69.89246,27.582706,7.166499,102.30045
2007.5043,0.3752225,0.22045165,0.055596117,0.076922074,0.7216219,72.20493,30.066866,7.2893877,152.26796
2007.4218,0.2687911,0.14625958,0.035028867,0.05235762,0.48505062,69.72076,27.494661,7.1550097,92.97678
2007.4958,0.266139,0.14346576,0.038284387,0.05252827,0.47409213,69.76227,27.463657,7.159273,97.388336
2007.7466,0.19923925,0.09382332,0.025457567,0.030160727,0.34056193,67.61297,24.736746,7.027214,97.39115
2007.387,0.23827204,0.12746206,0.025687778,0.043005694,0.44351262,68.60672,26.395199,7.082235,73.390236
2007.5414,0.24751693,0.13029166,0.03420448,0.046475403,0.44012922,69.144066,26.731468,7.120585,94.11554
2007.4918,0.261677,0.14070608,0.036992926,0.051184732,0.46792966,69.60187,27.304773,7.1488147,94.58725
2007.3937,0.2459977,0.13208568,0.027486352,0.04506014,0.453693,68.871025,26.643778,7.0995417,78.9869
2007.4288,0.28225553,0.15402305,0.036926273,0.05525419,0.5020616,70.142685,27.862886,7.1827335,104.12624
2007.412,0.2729441,0.14789368,0.0324211,0.051485877,0.48840952,69.751015,27.440475,7.1572676,100.01739
2007.4073,0.2488246,0.13449982,0.031177228,0.047488462,0.45921126,69.0626,26.89408,7.1118517,77.61387
2007.5565,0.35964394,0.20765075,0.047171112,0.07332386,0.6343893,72.2698,29.731655,7.2700624,159.29242
2007.3823,0.43931976,0.27961332,0.09795914,0.08548053,0.968219,72.924164,32.269413,7.3715835,186.01463
2007.4355,0.3446392,0.1974364,0.04602891,0.073059596,0.62959415,71.53458,29.204681,7.2357726,112.782745
2007.3973,0.23886241,0.12844703,0.02847734,0.04462885,0.44585872,68.70988,26.55354,7.088784,70.82636
2007.4266,0.31252274,0.17117536,0.042217482,0.06357679,0.57690054,70.41337,28.04615,7.200119,93.92375
2007.3713,0.25931573,0.13985762,0.019992666,0.041760407,0.41920468,70.00496,27.589579,7.17117,143.67247
2007.5798,0.2295242,0.11771298,0.030143658,0.040667485,0.40806147,68.542114,26.03029,7.0827537,90.190056
2007.3933,0.36526787,0.19907095,0.042785913,0.07314639,0.697847,70.70033,27.995441,7.2190456,90.031876
2007.3883,0.3110715,0.16854288,0.031229528,0.056939352,0.5525644,70.38326,27.812967,7.1978745,120.074135
2007.5011,0.23826317,0.1254245,0.030849045,0.04391934,0.4316099,68.78493,26.437666,7.0963316,83.95587
2007.5046,0.23658127,0.12424933,0.030468957,0.04337661,0.42861524,68.72864,26.37215,7.0927935,83.58578
2007.6672,0.4204376,0.26320052,0.072426245,0.08663224,0.9058077,73.462036,32.340893,7.4021683,258.06723
2007.3788,0.26975507,0.14520225,0.02259834,0.045033608,0.45166975,69.95718,27.498188,7.169427,133.5239
2007.4161,0.27652878,0.15010189,0.0335195,0.052585,0.4932892,69.881905,27.569677,7.165818,102.31659
2007.4749,0.27456155,0.14943261,0.040123086,0.05526816,0.48949477,70.04161,27.795166,7.176747,98.82616
2007.4398,0.23395386,0.12428939,0.028391788,0.0430334,0.43327296,68.582695,26.348038,7.08165,73.47583
2007.4102,0.23381507,0.12499156,0.027728504,0.04320358,0.43700272,68.55333,26.37596,7.078965,69.38484
2007.3926,0.25293913,0.1357887,0.027207507,0.045858517,0.46171957,69.049225,26.767569,7.1113567,86.152824
2007.4047,0.29533803,0.15968677,0.031162163,0.054017648,0.51856965,70.22635,27.734072,7.188835,119.297424
2007.4019,0.36681998,0.20059396,0.045982752,0.075312436,0.7069429,70.73614,28.090084,7.2211,82.8651
2007.4006,0.25283524,0.13624747,0.029370638,0.047040097,0.46287596,69.11409,26.879148,7.115435,83.61031
2007.3972,0.28496516,0.15347008,0.02842638,0.05092706,0.5002334,69.94976,27.47034,7.1708074,116.38847
2007.7856,0.19019021,0.08697116,0.023831228,0.027098278,0.32181638,67.3265,24.362165,7.009763,98.08968
2007.3933,0.33541477,0.18566266,0.047639687,0.06484368,0.65011483,70.76384,28.60685,7.2547545,119.418
2007.565,0.20848735,0.104603104,0.024133017,0.034306567,0.37851566,67.788925,25.277082,7.0337415,77.48628
2007.1133,0.3137139,0.19766463,0.06921227,0.07358515,0.7499332,70.50181,30.263433,7.2436914,47.279865
2007.5328,0.20829783,0.10533554,0.023406273,0.034478053,0.38248226,67.75584,25.30577,7.0307536,73.05006
2007.4268,0.28378248,0.15472543,0.036393777,0.055169348,0.5035487,70.167145,27.865364,7.1844044,106.23409
2007.5072,0.2588863,0.13850382,0.036561787,0.050216325,0.4617055,69.51627,27.185541,7.1436996,95.25519
2007.4156,0.27623534,0.14990999,0.0333828,0.05246916,0.49286205,69.86973,27.556644,7.1650257,102.18118
2007.3782,0.26752988,0.16300544,0.092146695,0.04507455,0.69916064,70.52115,31.084478,7.4307294,198.41966
2007.4933,0.22735341,0.118626654,0.027731149,0.040620804,0.416292,68.394295,26.047092,7.0709105,77.36277
2007.3969,0.22184537,0.11765735,0.024209531,0.039617963,0.4208146,68.1209,25.952612,7.050703,61.520466
2007.2781,0.34784463,0.20045355,0.044441644,0.07545428,0.6793576,70.91793,28.833096,7.20339,69.01586
2007.3882,0.27233294,0.1460401,0.026031842,0.047869865,0.48391053,69.53469,27.092592,7.143586,106.62114
2007.5542,0.36667347,0.21268712,0.0501963,0.074829556,0.6634237,72.311584,29.862726,7.2793255,159.96426
2007.7783,1.1808074,0.7602376,0.26758265,0.25396422,2.2489433,79.0998,38.908142,7.440148,493.54715
2007.4288,0.2820657,0.15392548,0.03694933,0.05524089,0.5018512,70.13829,27.860313,7.182441,103.91292
2007.3949,0.25629842,0.13775781,0.027815966,0.04665587,0.46604353,69.158714,26.866535,7.11854,88.7822
2007.4215,0.27994844,0.1523037,0.034967467,0.053854723,0.49818075,70.01929,27.713957,7.174763,104.05864
2007.6115,0.24397278,0.1261504,0.03472002,0.044883866,0.42553413,69.07694,26.523973,7.118113,101.79473
2007.5548,0.28338373,0.16006492,0.03831787,0.055478413,0.45445868,71.28879,28.940216,7.2239747,156.39009
2007.6487,0.23269789,0.117919035,0.032451496,0.041150518,0.40370163,68.71054,26.07003,7.0954523,101.109146
2007.3915,0.23582013,0.12642387,0.026919072,0.04334994,0.44134724,68.57921,26.410992,7.080294,69.581245
2007.3754,0.2306462,0.12258198,0.022584831,0.040243875,0.43267888,68.304306,26.080078,7.062535,69.36339
2007.4265,0.27681133,0.15091786,0.036301445,0.054161698,0.49526757,69.97653,27.721478,7.1718044,99.45746
2007.4023,0.30500722,0.16507643,0.032515783,0.05651231,0.5429168,70.2897,27.762545,7.1928926,115.813255
2007.409,0.25161362,0.13612598,0.031645894,0.04813029,0.46277967,69.15237,26.974327,7.1177435,79.83806
2007.361,0.25993147,0.14150572,0.020762408,0.041564945,0.4162917,70.24076,27.911709,7.1889358,154.0487
2007.3987,0.2445564,0.13162737,0.028848166,0.045615204,0.45279723,68.87481,26.686584,7.099658,76.02822
2007.5438,0.30735588,0.17701428,0.039837815,0.061366417,0.49915367,71.86737,29.487463,7.245507,164.85527
2007.379,0.24846849,0.13249168,0.023557482,0.04322721,0.45428568,68.81465,26.486631,7.096199,85.85727
2007.4272,0.26698703,0.14563344,0.03651326,0.05293067,0.4837993,69.718605,27.536669,7.1547217,89.5217
2007.4052,0.29088014,0.15719253,0.030569566,0.052923538,0.5084808,70.17609,27.700912,7.1855683,119.80922
2007.4343,0.27605402,0.15100929,0.038411986,0.055224534,0.49562162,70.02216,27.817263,7.174615,96.32939
2007.3986,0.2599763,0.13999239,0.028812693,0.047711562,0.470973,69.28893,26.992256,7.127056,91.28807
2007.4056,0.32683,0.17786595,0.03840337,0.06382108,0.60279846,70.45706,27.912436,7.2033844,101.6682
2007.4226,0.24984717,0.1349552,0.032330826,0.048043884,0.45938355,69.12818,26.948835,7.1163993,79.20534
2007.3438,0.29382697,0.17188054,0.067156,0.052186392,0.66206425,70.58727,29.921999,7.3386393,163.10222
2007.4362,0.24777088,0.13326004,0.032054845,0.04730813,0.4544706,69.066246,26.85776,7.112763,79.99006
2007.5051,0.2653693,0.14272304,0.038272474,0.052224778,0.4717021,69.74284,27.425127,7.1582675,98.26004
2007.3975,0.27821723,0.14982623,0.028512308,0.050048582,0.49232107,69.77074,27.340275,7.158957,109.63119
2007.4346,0.28493088,0.15588593,0.03876419,0.056700658,0.5081368,70.2361,27.977274,7.1887326,102.95828
2007.4216,0.27942306,0.15202807,0.035007946,0.05380501,0.4975847,70.0064,27.705606,7.1739073,103.4944
2007.3994,0.22432883,0.119186245,0.024933932,0.04036384,0.42420915,68.2104,26.040749,7.0565453,63.115467
2007.3973,0.28213426,0.15194732,0.028487237,0.05057223,0.49692875,69.875435,27.417078,7.165885,113.52562
2007.3612,0.24679352,0.13234526,0.017322982,0.03859864,0.40435725,69.55097,27.16418,7.141537,132.90431
2007.5486,0.2655063,0.14165239,0.03922575,0.051955212,0.4661415,69.7835,27.381819,7.162048,104.21665
2007.4261,0.3678489,0.21898966,0.05634183,0.07542392,0.7356511,71.93038,30.11795,7.282859,141.48062
2007.4131,0.35445693,0.19430399,0.04697528,0.07373649,0.68055415,70.67856,28.136002,7.2171936,81.280815
2007.3951,0.36559463,0.19939157,0.04345894,0.0736024,0.6997619,70.70787,28.015368,7.219478,88.52306
2007.3158,0.28625345,0.17583703,0.087583326,0.056044642,0.72472227,70.580086,30.869242,7.377277,147.85574
2007.5591,0.28013164,0.15575773,0.039270896,0.055020224,0.46018973,70.919525,28.546223,7.2107534,142.78006
2007.4037,0.3567782,0.19495016,0.044366542,0.07259695,0.6812912,70.668526,28.054152,7.2167864,86.950195
2007.4147,0.28893462,0.15674788,0.0331385,0.054076742,0.5077037,70.204056,27.797085,7.1871657,114.99126
2007.4507,0.26560867,0.14432795,0.03718969,0.052688755,0.47928286,69.70639,27.494411,7.154467,91.007706
2007.4238,0.27880836,0.15183228,0.035587497,0.05404105,0.49720207,70.00798,27.723795,7.1739545,102.23391
2007.8973,0.44467792,0.28577,0.045018286,0.103116326,0.9565543,74.15269,34.034935,7.4396386,425.25003
2006.7462,0.5761179,0.39496523,0.20445591,0.12806179,1.296624,72.28102,34.399834,7.268446,39.3915
2007.3287,0.28126743,0.16735716,0.07220909,0.048095837,0.6645738,70.49538,30.247295,7.3604856,175.8089
2007.4132,0.3388217,0.19261429,0.046174,0.07215247,0.6297536,71.19363,28.909557,7.2235594,98.87277
2007.4629,0.27535385,0.15026052,0.040085174,0.055597622,0.49227068,70.05965,27.83747,7.1775923,97.60649
2007.4005,0.36689645,0.2019378,0.048949573,0.07739325,0.71407855,70.77089,28.221676,7.221403,74.45994
2007.4037,0.2733507,0.14758345,0.030191412,0.05030904,0.48757103,69.692215,27.331434,7.1535974,102.93376
2007.3978,0.36608618,0.19987391,0.04447135,0.07428838,0.70264274,70.71921,28.04534,7.2201285,86.253395
2007.4275,0.31015882,0.16987494,0.041964676,0.063013196,0.57108426,70.39855,28.041552,7.199164,94.6023
2007.4082,0.28454798,0.15394679,0.031379163,0.052502185,0.5014869,70.03089,27.61716,7.1758842,112.64598
2007.3997,0.3009693,0.16256227,0.030757496,0.054763574,0.530672,70.25298,27.71459,7.1906366,119.9139
2007.4595,1.1685337,0.76822686,0.29593486,0.26260275,2.298156,78.23635,39.510197,7.3820543,392.0499
2007.4131,0.2675689,0.1450403,0.03269608,0.050900284,0.48222896,69.61487,27.34772,7.148235,94.40177
