Year_of_Release,NA_Sales,EU_Sales,JP_Sales,Other_Sales,Global_Sales,Critic_Score,Critic_Count,User_Score,User_Count
2002.0,0.49,0.38,0.26,0.13,1.27,75.0,35.0,8.5,60.0
2002.0,0.23,0.18,0.2,0.06,0.68,76.0,24.0,8.9,81.0
2002.0,0.14,0.11,0.17,0.04,0.46,70.0,23.0,8.7,19.0
2009.0,0.84,0.35,0.0,0.12,1.31,78.0,83.0,7.8,356.0
2009.0,0.65,0.4,0.0,0.19,1.24,79.0,53.0,7.7,308.0
2012.0,0.48,0.24,0.0,0.07,0.79,74.0,69.0,7.0,173.0
2012.0,0.36,0.28,0.0,0.1,0.74,79.0,39.0,6.8,179.0
2012.0,0.07,0.03,0.0,0.01,0.11,76.0,12.0,6.4,389.0
2008.0,0.82,0.51,0.01,0.14,1.48,65.0,69.0,7.1,71.0
2008.0,0.43,0.51,0.02,0.19,1.14,65.0,42.0,6.6,47.0
2008.0,0.29,0.28,0.01,0.07,0.65,54.0,11.0,7.5,26.0
2008.0,0.01,0.01,0.0,0.0,0.03,70.0,18.0,6.3,55.0
2000.0,0.51,0.35,0.0,0.06,0.92,61.0,11.0,6.7,44.0
2000.0,0.3,0.2,0.0,0.03,0.53,51.0,16.0,4.6,14.0
2008.0,0.12,0.52,0.0,0.02,0.66,70.0,7.0,6.0,12.0
2009.0,0.0,0.01,0.0,0.0,0.01,63.0,6.0,5.8,8.0
2006.0,0.0,0.25,0.0,0.04,0.3,79.0,30.0,8.3,38.0
2005.0,0.07,0.06,0.0,0.02,0.15,52.0,33.0,6.8,12.0
2005.0,0.05,0.01,0.0,0.0,0.06,51.0,40.0,6.9,8.0
2001.0,0.2,0.15,0.0,0.05,0.4,61.0,11.0,5.7,18.0
2002.0,0.09,0.02,0.0,0.0,0.11,52.0,17.0,6.8,8.0
2008.0,0.08,0.0,0.0,0.01,0.08,38.0,5.0,3.2,5.0
2002.0,0.21,0.17,0.16,0.06,0.59,73.0,19.0,5.6,18.0
2002.0,0.14,0.04,0.0,0.01,0.19,79.0,17.0,9.0,4.0
2002.0,0.04,0.01,0.0,0.0,0.05,78.0,9.0,7.7,6.0
2010.0,0.3,0.64,0.07,0.22,1.23,82.0,56.0,7.8,57.0
2010.0,0.32,0.42,0.02,0.09,0.85,83.0,61.0,8.1,58.0
2010.0,0.09,0.22,0.03,0.12,0.46,69.0,11.0,7.4,9.0
2010.0,0.23,0.15,0.01,0.04,0.42,70.0,19.0,6.7,11.0
2014.0,0.15,0.36,0.01,0.09,0.61,73.0,33.0,4.3,87.0
2014.0,0.15,0.25,0.0,0.03,0.42,74.0,29.0,4.4,93.0
2006.0,0.15,0.12,0.0,0.04,0.3,62.0,53.0,8.2,40.0
2006.0,0.35,0.01,0.0,0.06,0.42,39.0,23.0,4.9,46.0
2006.0,0.12,0.04,0.0,0.01,0.17,41.0,20.0,7.2,13.0
2007.0,0.27,0.08,0.0,0.07,0.41,55.0,31.0,7.1,14.0
2009.0,0.36,0.11,0.03,0.07,0.57,77.0,66.0,8.0,96.0
2001.0,0.18,0.05,0.0,0.01,0.24,59.0,15.0,6.2,5.0
2009.0,0.12,0.07,0.0,0.02,0.21,71.0,54.0,6.4,64.0
2009.0,0.1,0.06,0.01,0.03,0.19,72.0,37.0,7.2,57.0
2005.0,0.85,0.76,0.0,0.16,1.77,47.0,21.0,6.6,129.0
2005.0,0.33,0.1,0.0,0.02,0.44,50.0,14.0,5.9,21.0
2016.0,0.04,0.08,0.0,0.02,0.14,45.0,16.0,5.9,140.0
2016.0,0.03,0.02,0.0,0.0,0.05,35.0,17.0,5.2,74.0
2015.0,0.04,0.0,0.12,0.0,0.17,77.0,26.0,8.2,38.0
2007.0,0.1,0.01,0.0,0.01,0.13,60.0,7.0,8.3,48.0
2009.0,0.18,0.01,0.0,0.01,0.21,80.0,43.0,8.7,35.0
2008.0,0.21,0.01,0.0,0.02,0.24,60.0,12.0,5.3,14.0
2008.0,0.21,0.0,0.0,0.02,0.23,63.0,16.0,4.9,10.0
2009.0,0.09,0.02,0.0,0.01,0.12,64.0,20.0,6.8,14.0
2009.0,0.23,0.14,0.3,0.04,0.7,78.0,51.0,8.4,79.0
2011.0,0.3,0.15,0.22,0.07,0.74,77.0,28.0,6.7,82.0
2011.0,0.3,0.12,0.03,0.04,0.49,78.0,71.0,6.2,82.0
2011.0,0.1,0.06,0.08,0.01,0.24,71.0,37.0,7.8,26.0
2010.0,0.06,0.05,0.15,0.03,0.29,71.0,30.0,7.2,12.0
2001.0,2.06,0.56,0.38,0.17,3.17,89.0,22.0,9.1,95.0
1997.0,0.16,0.11,0.56,0.06,0.89,83.0,10.0,8.2,22.0
2004.0,0.88,0.34,0.32,0.18,1.71,84.0,57.0,9.1,81.0
2007.0,0.69,0.04,0.22,0.06,1.01,80.0,54.0,7.9,101.0
2006.0,0.37,0.3,0.12,0.19,0.99,75.0,26.0,8.3,30.0
2006.0,0.15,0.12,0.2,0.04,0.51,75.0,45.0,8.4,55.0
2010.0,0.0,0.01,0.0,0.0,0.02,70.0,6.0,8.3,20.0
2008.0,0.78,0.43,0.19,0.14,1.54,69.0,6.0,8.1,14.0
2002.0,0.25,0.19,0.0,0.06,0.5,75.0,13.0,7.7,6.0
2015.0,0.0,0.01,0.0,0.0,0.01,71.0,37.0,7.1,93.0
2001.0,0.5,0.19,0.0,0.01,0.7,92.0,28.0,9.0,95.0
2005.0,0.3,0.02,0.04,0.03,0.39,90.0,49.0,9.0,163.0
2003.0,0.47,0.17,0.0,0.01,0.65,89.0,34.0,9.4,97.0
2005.0,0.1,0.03,0.0,0.0,0.13,68.0,50.0,7.5,68.0
2014.0,0.0,0.07,0.0,0.0,0.08,65.0,5.0,5.6,8.0
2014.0,0.0,0.05,0.0,0.0,0.06,58.0,5.0,7.5,4.0
2006.0,0.02,0.0,0.0,0.0,0.02,62.0,20.0,6.5,11.0
2016.0,0.02,0.0,0.0,0.0,0.03,57.0,11.0,7.8,9.0
2005.0,0.02,0.02,0.0,0.01,0.04,66.0,19.0,5.8,9.0
2005.0,0.01,0.0,0.0,0.0,0.01,69.0,27.0,3.0,4.0
2002.0,0.04,0.03,0.0,0.01,0.07,64.0,18.0,7.0,8.0
2008.0,0.12,0.0,0.08,0.01,0.22,63.0,12.0,6.2,34.0
2009.0,0.16,0.05,0.0,0.02,0.24,65.0,70.0,6.2,57.0
2009.0,0.12,0.05,0.0,0.03,0.2,65.0,52.0,6.1,27.0
2011.0,0.0,0.03,0.0,0.01,0.03,53.0,40.0,4.0,110.0
2008.0,0.06,0.01,0.0,0.01,0.07,50.0,23.0,6.2,12.0
2008.0,0.06,0.01,0.0,0.01,0.08,46.0,6.0,7.3,6.0
2009.0,0.08,0.01,0.0,0.01,0.1,53.0,11.0,6.5,4.0
2016.0,0.0,0.02,0.0,0.0,0.02,66.0,15.0,8.5,144.0
2016.0,0.01,0.01,0.0,0.0,0.03,67.0,17.0,6.2,12.0
2016.0,0.01,0.0,0.0,0.0,0.01,66.0,7.0,7.5,8.0
2010.0,0.0,0.02,0.0,0.0,0.03,83.0,14.0,8.4,52.0
2008.0,0.16,0.03,0.0,0.02,0.21,78.0,28.0,6.9,20.0
2006.0,0.18,0.02,0.0,0.02,0.22,80.0,38.0,7.9,59.0
1999.0,0.01,0.08,0.0,0.01,0.09,92.0,21.0,9.0,801.0
2005.0,0.0,0.33,0.0,0.05,0.38,81.0,52.0,7.7,519.0
2007.0,0.0,0.05,0.0,0.01,0.06,81.0,19.0,8.5,71.0
2011.0,0.01,0.04,0.0,0.01,0.06,70.0,44.0,5.6,186.0
2002.0,0.02,0.06,0.0,0.01,0.09,89.0,31.0,8.9,484.0
2003.0,0.02,0.02,0.0,0.0,0.04,84.0,25.0,8.7,119.0
2002.0,0.17,0.13,0.0,0.04,0.35,85.0,31.0,8.7,14.0
2002.0,0.05,0.01,0.0,0.0,0.06,85.0,20.0,7.7,7.0
2002.0,0.04,0.01,0.0,0.0,0.06,88.0,16.0,7.8,5.0
2001.0,0.11,0.09,0.0,0.03,0.23,70.0,18.0,5.8,12.0
2005.0,0.06,0.05,0.0,0.02,0.12,39.0,4.0,8.1,9.0
2011.0,0.0,0.02,0.0,0.01,0.03,65.0,5.0,6.4,24.0
2001.0,0.14,0.04,0.0,0.01,0.18,61.0,21.0,7.1,7.0
2004.0,0.05,0.04,0.0,0.01,0.11,66.0,22.0,7.0,6.0
2011.0,0.0,0.04,0.0,0.01,0.05,57.0,4.0,5.5,30.0
2010.0,0.66,0.5,0.05,0.13,1.33,83.0,100.0,8.1,1156.0
2012.0,0.0,0.06,0.0,0.01,0.06,83.0,30.0,8.0,1473.0
2004.0,0.05,0.04,0.0,0.01,0.11,64.0,31.0,8.0,10.0
2004.0,0.04,0.01,0.0,0.0,0.05,64.0,37.0,6.0,4.0
2011.0,0.22,0.24,0.04,0.08,0.58,70.0,51.0,7.9,181.0
2011.0,0.27,0.14,0.04,0.04,0.5,70.0,67.0,8.1,157.0
2011.0,0.0,0.1,0.0,0.02,0.12,75.0,29.0,8.4,559.0
2010.0,0.25,0.21,0.0,0.05,0.51,69.0,18.0,7.4,13.0
2014.0,0.34,0.57,0.04,0.17,1.13,79.0,50.0,8.1,795.0
2014.0,0.22,0.24,0.0,0.04,0.51,78.0,24.0,7.8,314.0
2014.0,0.0,0.14,0.0,0.01,0.14,81.0,41.0,8.4,1588.0
2004.0,0.05,0.04,0.0,0.01,0.1,78.0,47.0,8.3,13.0
2004.0,0.07,0.02,0.0,0.0,0.09,78.0,28.0,8.5,15.0
2000.0,0.09,0.06,0.0,0.01,0.16,61.0,12.0,7.5,15.0
2013.0,0.36,0.34,0.0,0.07,0.77,48.0,47.0,3.8,449.0
2013.0,0.2,0.29,0.0,0.11,0.6,43.0,25.0,3.6,295.0
2013.0,0.1,0.06,0.0,0.02,0.18,45.0,40.0,3.5,1156.0
2011.0,0.09,0.05,0.0,0.02,0.16,76.0,43.0,8.2,29.0
2009.0,0.05,0.0,0.0,0.0,0.05,58.0,7.0,6.0,5.0
2003.0,0.09,0.07,0.0,0.02,0.19,66.0,17.0,8.4,30.0
2003.0,0.06,0.02,0.0,0.0,0.08,64.0,19.0,7.7,21.0
2010.0,0.55,0.4,0.0,0.11,1.06,64.0,64.0,7.3,247.0
2010.0,0.41,0.46,0.0,0.18,1.04,65.0,57.0,7.3,168.0
2010.0,0.0,0.17,0.0,0.02,0.19,68.0,35.0,7.4,985.0
2007.0,0.03,0.12,0.0,0.07,0.22,49.0,34.0,5.6,19.0
2007.0,0.07,0.0,0.0,0.01,0.08,51.0,20.0,6.0,9.0
2007.0,0.05,0.0,0.0,0.0,0.06,48.0,24.0,7.1,23.0
2007.0,0.24,0.0,0.0,0.02,0.26,75.0,22.0,6.8,52.0
2007.0,0.14,0.0,0.0,0.01,0.15,73.0,23.0,7.3,21.0
2001.0,0.27,0.21,0.0,0.07,0.56,77.0,16.0,7.6,8.0
2001.0,0.17,0.04,0.0,0.01,0.22,66.0,17.0,5.6,9.0
2002.0,0.38,0.29,0.0,0.1,0.77,81.0,15.0,8.4,17.0
2002.0,0.19,0.06,0.0,0.01,0.26,79.0,15.0,8.1,7.0
2002.0,0.12,0.03,0.0,0.0,0.15,83.0,16.0,8.0,6.0
2003.0,0.21,0.16,0.0,0.05,0.42,78.0,19.0,7.5,11.0
2003.0,0.1,0.03,0.0,0.0,0.13,74.0,20.0,8.4,7.0
2003.0,0.06,0.02,0.0,0.0,0.08,80.0,14.0,9.2,5.0
2008.0,0.14,0.3,0.0,0.05,0.48,58.0,53.0,5.7,162.0
2008.0,0.09,0.08,0.0,0.02,0.18,39.0,10.0,4.4,34.0
2008.0,0.03,0.02,0.0,0.01,0.06,47.0,10.0,5.4,24.0
2008.0,0.0,0.01,0.0,0.0,0.01,55.0,19.0,5.7,148.0
2008.0,0.09,0.03,0.0,0.02,0.13,69.0,25.0,5.6,50.0
2010.0,0.19,0.17,0.0,0.07,0.43,64.0,49.0,6.9,117.0
2010.0,0.23,0.12,0.0,0.04,0.39,63.0,68.0,7.2,201.0
2010.0,0.0,0.03,0.0,0.01,0.03,72.0,25.0,7.5,511.0
2003.0,0.06,0.05,0.0,0.02,0.13,62.0,26.0,7.0,9.0
2002.0,0.07,0.02,0.0,0.0,0.09,63.0,13.0,4.8,4.0
1985.0,0.0,0.03,0.0,0.01,0.03,59.0,9.0,5.8,19.0
1997.0,0.13,0.09,0.0,0.01,0.23,86.0,9.0,9.0,41.0
2007.0,0.04,0.03,0.0,0.01,0.07,33.0,5.0,4.5,6.0
2007.0,0.05,0.0,0.0,0.0,0.05,30.0,4.0,3.6,20.0
2004.0,0.04,0.01,0.0,0.0,0.06,59.0,22.0,6.6,7.0
2005.0,0.19,0.05,0.0,0.01,0.25,70.0,19.0,7.4,21.0
2007.0,0.08,0.0,0.0,0.01,0.08,43.0,11.0,6.7,55.0
2010.0,0.25,0.0,0.0,0.02,0.26,87.0,4.0,5.6,9.0
2004.0,0.35,0.01,0.0,0.06,0.42,47.0,4.0,7.5,13.0
2004.0,0.11,0.03,0.0,0.01,0.15,44.0,6.0,5.9,9.0
2003.0,0.27,0.21,0.0,0.07,0.55,41.0,14.0,4.8,12.0
2003.0,0.22,0.06,0.0,0.01,0.3,48.0,6.0,4.4,8.0
2006.0,0.01,0.01,0.0,0.0,0.02,30.0,4.0,4.2,5.0
2001.0,0.69,0.11,0.0,0.02,0.82,78.0,30.0,9.0,20.0
2003.0,0.2,0.04,0.0,0.01,0.25,80.0,34.0,7.7,20.0
2005.0,0.13,0.02,0.0,0.01,0.16,72.0,49.0,7.1,36.0
2003.0,0.09,0.07,0.0,0.02,0.18,86.0,35.0,8.8,26.0
2012.0,0.1,0.03,0.06,0.02,0.2,71.0,35.0,8.2,106.0
2012.0,0.12,0.02,0.02,0.01,0.17,73.0,38.0,7.9,105.0
2013.0,0.1,0.14,0.0,0.05,0.29,49.0,6.0,3.6,23.0
2013.0,0.16,0.1,0.0,0.02,0.28,59.0,3.0,5.6,25.0
2013.0,0.1,0.08,0.0,0.04,0.21,47.0,5.0,2.0,87.0
2013.0,0.11,0.04,0.0,0.02,0.16,53.0,4.0,6.9,63.0
2012.0,0.38,0.2,0.0,0.05,0.63,62.0,7.0,4.6,20.0
2012.0,0.18,0.05,0.0,0.02,0.26,63.0,13.0,3.5,27.0
2012.0,0.12,0.02,0.0,0.03,0.16,66.0,8.0,3.7,20.0
2016.0,0.0,0.02,0.0,0.0,0.02,52.0,13.0,7.9,34.0
2001.0,1.92,0.16,0.99,0.09,3.15,87.0,42.0,8.9,137.0
2015.0,0.19,0.11,0.09,0.03,0.41,46.0,20.0,4.4,173.0
2008.0,1.82,1.12,1.32,0.36,4.62,73.0,50.0,7.6,119.0
2015.0,0.51,1.02,1.4,0.12,3.05,66.0,60.0,6.9,106.0
2012.0,2.03,2.36,4.39,0.39,9.16,88.0,70.0,8.7,626.0
2005.0,2.5,3.45,5.33,0.86,12.13,86.0,57.0,8.7,242.0
2007.0,0.02,0.0,0.0,0.0,0.03,33.0,4.0,2.5,4.0
2007.0,0.07,0.05,0.0,0.01,0.13,78.0,14.0,7.5,19.0
2011.0,0.0,1.13,0.0,0.29,1.43,83.0,33.0,7.0,493.0
2015.0,0.02,0.22,0.0,0.02,0.25,72.0,45.0,5.9,278.0
2002.0,0.02,0.02,0.0,0.01,0.04,31.0,5.0,5.0,8.0
2002.0,0.01,0.0,0.0,0.0,0.02,35.0,4.0,8.7,10.0
2007.0,0.06,0.0,0.0,0.0,0.07,19.0,5.0,2.7,28.0
2010.0,0.11,0.06,0.0,0.03,0.2,66.0,17.0,6.1,12.0
2010.0,0.12,0.03,0.0,0.01,0.16,70.0,26.0,6.4,31.0
2010.0,0.0,0.03,0.0,0.0,0.03,64.0,7.0,7.5,18.0
2011.0,0.02,0.01,0.0,0.0,0.04,56.0,12.0,5.7,269.0
1999.0,0.71,0.48,0.32,0.11,1.63,90.0,19.0,8.8,53.0
2005.0,0.52,0.0,0.12,0.05,0.7,66.0,35.0,6.4,16.0
2002.0,0.12,0.09,0.38,0.03,0.63,82.0,31.0,8.4,32.0
2005.0,0.06,0.05,0.0,0.02,0.13,77.0,51.0,8.5,22.0
2004.0,0.13,0.15,0.0,0.05,0.33,51.0,48.0,5.8,4.0
2003.0,0.1,0.03,0.0,0.0,0.14,74.0,26.0,9.1,7.0
2007.0,0.28,0.04,0.64,0.03,0.99,78.0,48.0,8.1,84.0
2003.0,0.01,0.0,0.0,0.0,0.01,27.0,9.0,3.1,19.0
2012.0,0.05,0.0,0.05,0.01,0.11,75.0,13.0,7.8,20.0
2007.0,0.03,0.03,0.0,0.01,0.07,37.0,19.0,5.9,10.0
2007.0,0.06,0.05,0.04,0.02,0.16,77.0,12.0,8.1,8.0
2011.0,0.04,0.04,0.1,0.02,0.2,73.0,10.0,7.5,27.0
2010.0,0.09,0.08,0.0,0.02,0.19,63.0,25.0,4.4,307.0
2010.0,0.04,0.04,0.01,0.01,0.09,64.0,21.0,5.2,52.0
2005.0,0.17,0.24,0.0,0.14,0.56,75.0,39.0,6.6,21.0
2009.0,0.12,0.0,0.06,0.01,0.19,64.0,26.0,7.8,43.0
2004.0,0.03,0.02,0.0,0.01,0.06,59.0,24.0,4.2,10.0
2003.0,0.18,0.14,0.0,0.05,0.36,72.0,39.0,8.2,33.0
2001.0,0.17,0.14,0.0,0.05,0.36,45.0,23.0,5.3,10.0
2005.0,0.22,0.17,0.0,0.06,0.45,75.0,37.0,8.4,52.0
2005.0,0.22,0.06,0.0,0.01,0.29,72.0,43.0,8.1,16.0
2006.0,0.28,0.22,0.0,0.07,0.56,66.0,18.0,8.6,14.0
2006.0,0.11,0.03,0.0,0.01,0.15,65.0,17.0,8.5,10.0
2007.0,0.06,0.0,0.0,0.0,0.06,61.0,29.0,7.0,5.0
2009.0,0.0,0.12,0.0,0.02,0.14,77.0,38.0,7.5,589.0
2013.0,0.0,0.1,0.0,0.01,0.11,74.0,38.0,7.4,866.0
2003.0,0.09,0.03,0.0,0.0,0.13,79.0,41.0,7.2,15.0
2008.0,0.06,0.02,0.1,0.01,0.19,62.0,22.0,7.6,31.0
2008.0,0.06,0.01,0.07,0.01,0.15,64.0,22.0,7.7,38.0
2005.0,0.05,0.04,0.08,0.01,0.18,59.0,16.0,8.9,14.0
2004.0,0.06,0.05,0.14,0.02,0.26,73.0,19.0,8.7,7.0
2004.0,0.03,0.03,0.0,0.01,0.07,57.0,25.0,8.2,5.0
2013.0,0.0,0.0,0.12,0.0,0.12,66.0,18.0,7.4,28.0
2000.0,0.28,0.22,0.23,0.07,0.79,78.0,23.0,8.4,19.0
2001.0,0.11,0.08,0.19,0.03,0.41,75.0,16.0,8.8,30.0
2002.0,0.22,0.17,0.23,0.06,0.67,74.0,23.0,9.0,33.0
2009.0,0.0,0.0,0.08,0.0,0.08,43.0,6.0,6.7,6.0
2006.0,0.09,0.0,0.09,0.01,0.2,65.0,36.0,6.8,25.0
2007.0,0.19,0.01,0.03,0.02,0.25,65.0,31.0,7.2,31.0
2012.0,0.09,0.04,0.24,0.02,0.39,65.0,26.0,7.3,47.0
2012.0,0.13,0.03,0.04,0.01,0.21,68.0,37.0,7.2,37.0
2011.0,0.04,0.04,0.0,0.02,0.09,57.0,43.0,6.6,28.0
2000.0,0.17,0.11,0.0,0.02,0.3,74.0,8.0,5.3,4.0
2001.0,0.06,0.05,0.0,0.02,0.13,39.0,13.0,3.8,4.0
2006.0,0.01,0.0,0.0,0.0,0.02,36.0,6.0,4.0,5.0
2000.0,0.14,0.09,0.0,0.02,0.24,48.0,8.0,7.3,7.0
2001.0,0.09,0.07,0.0,0.02,0.17,54.0,15.0,4.6,5.0
2004.0,0.12,0.03,0.0,0.0,0.15,56.0,11.0,6.7,7.0
2008.0,1.09,0.37,0.02,0.16,1.64,72.0,76.0,7.6,233.0
2008.0,0.74,0.26,0.02,0.15,1.17,74.0,43.0,7.3,118.0
2010.0,0.62,0.24,0.0,0.09,0.95,73.0,79.0,7.3,126.0
2010.0,0.44,0.27,0.01,0.12,0.85,74.0,56.0,7.0,88.0
2010.0,0.12,0.13,0.0,0.08,0.32,49.0,11.0,6.0,32.0
2013.0,0.11,0.11,0.01,0.05,0.28,58.0,27.0,6.7,100.0
2013.0,0.16,0.07,0.0,0.02,0.26,54.0,55.0,6.2,195.0
2014.0,0.05,0.03,0.06,0.02,0.16,67.0,23.0,7.8,49.0
2015.0,0.03,0.01,0.04,0.01,0.09,69.0,43.0,6.6,23.0
2010.0,0.26,1.65,0.33,0.28,2.52,75.0,15.0,8.0,5.0
2015.0,0.0,0.0,0.01,0.0,0.01,82.0,9.0,8.3,20.0
2012.0,0.2,0.04,0.21,0.02,0.46,81.0,14.0,7.6,22.0
2006.0,0.02,0.02,0.0,0.01,0.04,60.0,19.0,7.0,4.0
2006.0,0.0,0.0,0.1,0.0,0.1,71.0,30.0,7.7,43.0
2010.0,0.08,0.01,0.13,0.01,0.24,61.0,27.0,5.4,101.0
2003.0,0.04,0.01,0.0,0.0,0.05,71.0,31.0,8.2,6.0
2011.0,0.13,0.06,0.0,0.03,0.22,49.0,33.0,4.8,28.0
2004.0,0.31,0.22,0.0,0.06,0.59,60.0,38.0,7.5,13.0
2011.0,0.27,0.16,0.02,0.04,0.49,43.0,37.0,4.4,24.0
2007.0,3.28,1.64,0.07,0.56,5.54,81.0,77.0,7.7,1074.0
2007.0,1.91,2.0,0.09,0.82,4.82,81.0,40.0,7.3,769.0
2008.0,0.03,0.01,0.0,0.0,0.05,58.0,30.0,6.3,30.0
2009.0,0.43,0.47,0.05,0.28,1.23,63.0,38.0,7.2,69.0
2010.0,2.85,0.38,0.03,0.24,3.49,89.0,81.0,8.3,693.0
2010.0,1.87,0.55,0.11,0.29,2.82,90.0,59.0,8.2,791.0
2011.0,0.15,0.34,0.0,0.1,0.59,88.0,24.0,8.2,1102.0
2011.0,1.41,2.01,0.1,0.7,4.22,80.0,39.0,7.5,613.0
2011.0,2.25,1.47,0.04,0.43,4.19,80.0,77.0,7.2,564.0
2011.0,0.14,0.48,0.0,0.12,0.74,80.0,20.0,7.4,771.0
2014.0,0.46,0.56,0.06,0.2,1.29,72.0,53.0,7.5,292.0
2014.0,0.58,0.34,0.0,0.09,1.01,72.0,32.0,7.3,318.0
2015.0,0.05,0.02,0.0,0.01,0.08,74.0,25.0,7.5,362.0
2014.0,1.19,2.07,0.08,0.62,3.96,70.0,40.0,4.9,2050.0
2014.0,2.27,0.9,0.0,0.33,3.5,72.0,59.0,4.1,1005.0
2014.0,0.18,0.33,0.0,0.04,0.55,70.0,10.0,3.0,1463.0
2016.0,0.01,0.04,0.01,0.01,0.07,70.0,6.0,8.0,24.0
2015.0,0.0,0.03,0.0,0.01,0.04,69.0,44.0,6.4,83.0
2009.0,2.54,1.93,0.21,0.86,5.55,91.0,70.0,8.6,1202.0
2009.0,3.11,1.55,0.08,0.51,5.26,90.0,82.0,8.8,1305.0
2010.0,0.01,0.45,0.0,0.09,0.55,86.0,22.0,6.9,1611.0
2009.0,0.15,0.11,0.0,0.03,0.28,69.0,20.0,7.3,22.0
2012.0,2.64,2.52,0.16,1.12,6.45,85.0,41.0,6.9,1307.0
2012.0,3.13,1.69,0.03,0.44,5.29,84.0,61.0,6.7,1196.0
2012.0,0.28,0.53,0.0,0.12,0.93,80.0,21.0,6.2,1489.0
2012.0,0.19,0.13,0.0,0.03,0.35,85.0,26.0,7.1,216.0
2012.0,0.53,0.48,0.06,0.24,1.32,70.0,71.0,7.2,318.0
2013.0,1.33,1.68,0.13,0.57,3.71,88.0,36.0,8.1,840.0
2013.0,1.9,1.11,0.01,0.29,3.3,86.0,35.0,7.9,701.0
2013.0,1.07,1.31,0.06,0.42,2.85,83.0,29.0,7.8,1530.0
2013.0,0.22,0.38,0.0,0.05,0.64,84.0,10.0,7.7,1470.0
2013.0,0.17,0.09,0.0,0.03,0.29,86.0,5.0,7.7,207.0
2015.0,0.81,1.99,0.07,0.52,3.39,76.0,86.0,6.8,1319.0
2015.0,0.62,0.56,0.0,0.11,1.3,78.0,22.0,6.1,402.0
2015.0,0.11,0.09,0.0,0.02,0.21,74.0,14.0,5.9,544.0
2016.0,0.04,0.13,0.0,0.03,0.2,72.0,32.0,7.4,49.0
2016.0,0.03,0.04,0.0,0.01,0.08,74.0,13.0,7.6,24.0
2016.0,0.0,0.05,0.0,0.01,0.06,73.0,35.0,6.2,70.0
2016.0,0.0,0.01,0.0,0.0,0.02,63.0,9.0,6.7,27.0
2006.0,0.03,0.0,0.0,0.0,0.03,48.0,35.0,4.9,18.0
2004.0,0.04,0.03,0.0,0.01,0.09,54.0,29.0,6.9,7.0
2003.0,0.06,0.02,0.0,0.0,0.09,85.0,37.0,8.6,18.0
2009.0,0.05,0.04,0.0,0.01,0.11,56.0,4.0,5.0,4.0
2009.0,0.1,0.0,0.0,0.01,0.11,48.0,17.0,3.5,4.0
2012.0,0.18,0.12,0.06,0.05,0.4,71.0,39.0,7.4,169.0
2012.0,0.15,0.06,0.01,0.02,0.24,71.0,54.0,6.5,131.0
2004.0,0.33,0.01,0.0,0.05,0.4,66.0,12.0,4.3,6.0
2007.0,0.08,0.0,0.0,0.01,0.09,64.0,17.0,6.0,4.0
2009.0,0.08,0.0,0.03,0.01,0.12,70.0,11.0,6.7,15.0
2012.0,0.06,0.04,0.14,0.02,0.26,70.0,17.0,6.6,120.0
2004.0,0.08,0.06,0.0,0.02,0.15,74.0,38.0,7.7,38.0
2005.0,0.03,0.02,0.0,0.01,0.06,68.0,34.0,7.8,14.0
2014.0,0.06,0.02,0.08,0.02,0.18,76.0,26.0,7.7,44.0
2015.0,0.03,0.02,0.06,0.01,0.12,75.0,32.0,8.1,47.0
2010.0,0.12,0.06,0.21,0.03,0.42,74.0,19.0,6.7,109.0
2004.0,0.13,0.1,0.0,0.03,0.27,61.0,57.0,7.2,13.0
2005.0,0.02,0.01,0.0,0.0,0.03,62.0,10.0,7.5,6.0
2010.0,0.04,0.0,0.0,0.0,0.04,38.0,8.0,1.7,10.0
2013.0,0.0,0.0,0.42,0.0,0.42,46.0,22.0,4.5,34.0
2001.0,2.07,0.26,0.0,0.08,2.41,82.0,16.0,8.4,53.0
2005.0,0.53,0.0,0.0,0.04,0.57,63.0,32.0,7.8,16.0
2002.0,1.92,0.2,0.0,0.06,2.18,82.0,26.0,8.9,28.0
2004.0,1.0,0.04,0.0,0.16,1.2,78.0,37.0,8.4,16.0
2003.0,0.22,0.06,0.0,0.01,0.28,70.0,18.0,9.0,4.0
2002.0,0.19,0.15,0.0,0.05,0.39,66.0,20.0,7.5,13.0
2008.0,0.11,0.0,0.12,0.01,0.24,71.0,29.0,7.4,13.0
2008.0,0.0,0.01,0.0,0.0,0.02,75.0,33.0,8.5,25.0
2006.0,0.39,0.1,0.0,0.01,0.5,60.0,10.0,6.5,4.0
2006.0,0.3,0.01,0.0,0.03,0.33,64.0,9.0,6.4,7.0
2006.0,0.23,0.02,0.0,0.02,0.28,56.0,15.0,5.8,8.0
2006.0,0.1,0.0,0.0,0.01,0.11,57.0,9.0,6.3,10.0
2009.0,0.08,0.0,0.03,0.01,0.11,50.0,17.0,6.2,9.0
2016.0,0.01,0.0,0.0,0.0,0.01,77.0,20.0,8.4,62.0
2001.0,0.18,0.05,0.0,0.01,0.24,52.0,26.0,8.5,14.0
2011.0,0.07,0.01,0.0,0.01,0.09,66.0,5.0,6.8,51.0
2011.0,0.05,0.0,0.0,0.0,0.05,66.0,7.0,4.1,9.0
2003.0,0.1,0.03,0.0,0.0,0.13,70.0,4.0,9.4,5.0
2008.0,0.04,0.0,0.0,0.0,0.04,37.0,4.0,7.8,5.0
2003.0,0.3,0.23,0.0,0.08,0.6,51.0,24.0,7.8,29.0
2003.0,0.13,0.04,0.0,0.01,0.17,50.0,15.0,5.0,7.0
2004.0,0.14,0.11,0.0,0.04,0.28,46.0,23.0,4.7,10.0
2004.0,0.56,0.44,0.0,0.15,1.15,43.0,5.0,3.4,13.0
2004.0,0.14,0.04,0.0,0.01,0.18,35.0,20.0,5.9,9.0
2004.0,0.03,0.01,0.0,0.0,0.05,35.0,11.0,2.0,9.0
2008.0,0.1,0.08,0.0,0.03,0.21,61.0,21.0,5.0,11.0
2008.0,0.12,0.06,0.0,0.02,0.2,65.0,35.0,7.1,18.0
2009.0,1.26,0.02,0.0,0.1,1.38,60.0,6.0,6.7,7.0
2009.0,0.59,0.03,0.0,0.05,0.66,62.0,12.0,7.2,11.0
2009.0,0.2,0.02,0.0,0.02,0.24,60.0,16.0,5.2,9.0
2009.0,0.19,0.03,0.0,0.02,0.23,63.0,10.0,8.2,5.0
2001.0,0.61,0.48,0.0,0.16,1.24,87.0,29.0,8.3,90.0
2002.0,0.15,0.04,0.0,0.01,0.2,83.0,25.0,8.3,26.0
2002.0,0.11,0.03,0.0,0.0,0.14,79.0,10.0,7.7,22.0
2004.0,0.02,0.01,0.0,0.0,0.03,76.0,17.0,6.5,11.0
2004.0,0.34,0.26,0.0,0.09,0.68,78.0,44.0,8.7,54.0
2004.0,0.19,0.06,0.0,0.01,0.26,77.0,44.0,7.9,16.0
2000.0,0.1,0.07,0.0,0.01,0.18,68.0,10.0,5.3,4.0
2007.0,0.02,0.0,0.0,0.0,0.02,19.0,6.0,2.8,25.0
2009.0,0.59,0.29,0.0,0.09,0.97,79.0,20.0,6.6,15.0
2009.0,0.51,0.21,0.0,0.07,0.79,76.0,52.0,5.0,30.0
2009.0,0.41,0.23,0.0,0.11,0.74,76.0,45.0,5.7,9.0
2009.0,0.2,0.19,0.0,0.04,0.43,65.0,18.0,7.0,4.0
2008.0,0.07,0.0,0.0,0.01,0.08,83.0,38.0,8.1,27.0
2008.0,0.0,0.01,0.0,0.0,0.01,77.0,17.0,8.2,70.0
2003.0,0.24,0.09,0.0,0.01,0.33,72.0,21.0,8.1,18.0
2005.0,0.07,0.03,0.0,0.0,0.1,68.0,22.0,5.9,9.0
2002.0,0.4,0.15,0.0,0.01,0.56,47.0,5.0,7.0,4.0
2006.0,0.05,0.04,0.0,0.01,0.09,62.0,13.0,8.7,10.0
2006.0,0.04,0.0,0.0,0.0,0.04,65.0,15.0,5.7,7.0
2007.0,0.05,0.04,0.02,0.01,0.13,60.0,6.0,8.8,44.0
2008.0,0.07,0.0,0.0,0.01,0.07,50.0,22.0,8.1,24.0
2002.0,0.1,0.04,0.0,0.0,0.13,80.0,16.0,7.8,5.0
2009.0,0.2,0.0,0.0,0.02,0.21,63.0,4.0,5.8,5.0
2001.0,0.14,0.11,0.0,0.04,0.28,57.0,11.0,5.8,4.0
2003.0,0.21,0.05,0.0,0.01,0.27,80.0,48.0,9.0,59.0
2006.0,0.06,0.02,0.02,0.0,0.1,75.0,21.0,8.9,23.0
2009.0,2.24,1.31,0.07,0.61,4.23,91.0,70.0,8.9,1122.0
2009.0,2.2,0.95,0.02,0.31,3.48,92.0,78.0,8.7,1080.0
2009.0,0.0,0.28,0.0,0.05,0.32,91.0,29.0,8.7,1736.0
2011.0,2.71,1.85,0.11,0.81,5.48,96.0,42.0,8.6,2162.0
2011.0,2.99,1.27,0.04,0.42,4.73,94.0,87.0,8.7,1472.0
2011.0,0.16,0.28,0.0,0.09,0.53,91.0,27.0,8.6,1847.0
2015.0,1.53,1.69,0.1,0.64,3.95,87.0,89.0,7.6,2679.0
2015.0,0.88,0.47,0.0,0.14,1.49,85.0,16.0,6.6,694.0
2015.0,0.09,0.03,0.0,0.01,0.13,70.0,14.0,2.5,1967.0
2013.0,1.07,0.8,0.04,0.38,2.29,76.0,46.0,7.7,668.0
2013.0,1.15,0.56,0.0,0.17,1.88,74.0,46.0,7.5,685.0
2013.0,0.13,0.16,0.0,0.02,0.31,74.0,17.0,7.5,1170.0
2013.0,0.19,0.09,0.0,0.03,0.31,68.0,5.0,7.4,127.0
2013.0,0.16,0.17,0.0,0.1,0.42,61.0,38.0,6.8,106.0
2013.0,0.16,0.09,0.0,0.02,0.27,68.0,7.0,6.8,38.0
2016.0,0.25,0.0,0.0,0.06,0.3,75.0,59.0,7.3,89.0
2003.0,0.08,0.02,0.0,0.0,0.11,25.0,13.0,3.6,18.0
2003.0,0.06,0.02,0.0,0.0,0.08,29.0,14.0,3.2,19.0
2016.0,0.07,0.16,0.0,0.04,0.26,73.0,28.0,8.5,79.0
2016.0,0.05,0.05,0.0,0.01,0.11,77.0,6.0,8.2,43.0
2003.0,0.17,0.13,0.0,0.05,0.35,63.0,21.0,8.3,14.0
2003.0,0.08,0.02,0.0,0.0,0.11,67.0,17.0,7.7,6.0
2003.0,0.05,0.02,0.0,0.0,0.07,63.0,12.0,6.8,4.0
2010.0,0.23,0.04,0.0,0.02,0.29,74.0,14.0,8.0,8.0
2001.0,0.27,0.21,0.0,0.07,0.55,68.0,19.0,6.7,12.0
2001.0,0.2,0.05,0.0,0.01,0.26,70.0,17.0,5.8,16.0
2005.0,0.27,0.21,0.0,0.07,0.56,64.0,41.0,7.3,70.0
2005.0,0.16,0.04,0.0,0.01,0.21,65.0,56.0,7.1,21.0
2005.0,0.12,0.05,0.0,0.0,0.17,61.0,5.0,6.9,9.0
2005.0,0.11,0.03,0.0,0.0,0.15,66.0,38.0,7.2,10.0
2005.0,0.25,0.07,0.07,0.01,0.4,76.0,43.0,8.8,18.0
2007.0,0.22,0.02,0.08,0.02,0.34,75.0,38.0,7.6,45.0
1994.0,0.39,0.26,0.53,0.08,1.27,69.0,4.0,6.3,4.0
2004.0,0.02,0.01,0.0,0.0,0.03,48.0,9.0,8.7,7.0
2016.0,0.12,0.08,0.02,0.04,0.26,68.0,55.0,6.8,402.0
2016.0,0.1,0.04,0.0,0.01,0.15,71.0,20.0,7.2,171.0
2016.0,0.04,0.04,0.0,0.01,0.08,69.0,34.0,6.9,400.0
2003.0,0.02,0.01,0.0,0.0,0.03,73.0,17.0,9.0,5.0
2008.0,0.07,0.0,0.01,0.01,0.09,71.0,22.0,6.6,8.0
2008.0,0.81,0.46,0.04,0.15,1.46,83.0,70.0,7.7,263.0
2008.0,0.76,0.35,0.05,0.18,1.34,84.0,50.0,8.1,203.0
2010.0,2.1,1.01,0.04,0.32,3.47,88.0,75.0,8.6,869.0
2010.0,1.33,1.1,0.08,0.44,2.95,88.0,59.0,8.5,572.0
2010.0,0.19,0.53,0.0,0.0,0.72,87.0,46.0,8.3,1467.0
2015.0,0.71,0.94,0.14,0.32,2.1,73.0,46.0,5.0,845.0
2015.0,0.72,0.37,0.01,0.11,1.21,71.0,27.0,5.1,299.0
2015.0,0.0,0.13,0.0,0.01,0.14,71.0,31.0,3.8,773.0
2016.0,1.1,2.15,0.21,0.61,4.08,88.0,31.0,8.4,809.0
2016.0,1.28,0.77,0.0,0.2,2.25,87.0,37.0,8.2,440.0
2016.0,0.11,0.24,0.0,0.03,0.38,88.0,54.0,7.6,1137.0
2002.0,0.01,0.01,0.0,0.0,0.03,89.0,27.0,8.6,327.0
2005.0,0.0,0.07,0.0,0.01,0.08,91.0,55.0,8.4,837.0
2005.0,0.39,0.15,0.0,0.02,0.56,80.0,49.0,8.2,29.0
2005.0,0.37,0.01,0.0,0.06,0.44,80.0,42.0,8.5,65.0
2006.0,0.35,0.02,0.01,0.03,0.41,77.0,54.0,7.3,79.0
2006.0,0.0,0.02,0.0,0.0,0.03,80.0,48.0,6.8,326.0
2011.0,4.46,2.11,0.06,0.69,7.32,84.0,57.0,7.4,2142.0
2011.0,2.85,2.89,0.35,1.08,7.17,85.0,38.0,7.5,1761.0
2011.0,0.89,1.43,0.0,0.46,2.78,89.0,61.0,7.5,4926.0
2013.0,1.35,1.55,0.17,0.51,3.59,85.0,18.0,6.9,1580.0
2013.0,1.3,1.42,0.27,0.5,3.49,80.0,14.0,5.8,579.0
2013.0,2.15,1.01,0.02,0.31,3.48,79.0,21.0,5.6,542.0
2013.0,1.25,0.58,0.0,0.19,2.02,81.0,5.0,6.6,480.0
2013.0,0.39,0.87,0.0,0.1,1.35,81.0,52.0,6.0,3517.0
2004.0,0.0,0.02,0.0,0.0,0.03,84.0,48.0,7.5,133.0
2009.0,0.0,0.01,0.0,0.0,0.01,75.0,37.0,7.0,112.0
2013.0,0.0,0.0,0.02,0.0,0.02,69.0,22.0,7.9,25.0
2005.0,0.1,0.01,0.0,0.01,0.12,64.0,16.0,7.7,14.0
2003.0,0.08,0.06,0.0,0.02,0.16,66.0,22.0,6.8,6.0
2007.0,0.21,0.02,0.0,0.02,0.26,73.0,55.0,7.1,40.0
2007.0,0.0,0.01,0.0,0.0,0.01,76.0,20.0,7.3,46.0
2009.0,0.17,0.11,0.01,0.03,0.32,76.0,48.0,7.4,41.0
2009.0,0.0,0.02,0.0,0.0,0.03,74.0,31.0,8.4,46.0
2016.0,0.0,0.01,0.0,0.0,0.01,71.0,15.0,7.1,71.0
2016.0,0.02,0.02,0.0,0.01,0.04,66.0,39.0,7.0,31.0
2009.0,0.44,0.39,0.21,0.16,1.21,87.0,54.0,7.7,355.0
2009.0,0.51,0.25,0.09,0.08,0.93,90.0,86.0,8.0,597.0
2014.0,0.32,0.28,0.1,0.06,0.76,91.0,80.0,8.2,1217.0
2006.0,0.04,0.0,0.0,0.0,0.05,50.0,11.0,7.8,6.0
2002.0,0.08,0.02,0.0,0.0,0.1,76.0,31.0,8.1,9.0
2005.0,0.04,0.03,0.09,0.01,0.17,48.0,33.0,8.1,12.0
2009.0,0.06,0.02,0.0,0.02,0.09,80.0,44.0,7.8,12.0
2006.0,0.03,0.03,0.0,0.01,0.07,67.0,30.0,8.9,11.0
2007.0,0.14,0.02,0.15,0.02,0.32,73.0,52.0,7.0,40.0
2007.0,0.3,0.01,0.0,0.03,0.33,62.0,16.0,7.6,7.0
2007.0,0.16,0.0,0.0,0.01,0.17,71.0,25.0,5.8,13.0
2007.0,0.05,0.04,0.0,0.01,0.1,65.0,11.0,7.5,4.0
2010.0,0.02,0.05,0.0,0.01,0.08,82.0,27.0,8.1,86.0
2008.0,0.01,0.04,0.0,0.01,0.05,78.0,12.0,7.3,11.0
2008.0,0.52,0.21,0.0,0.07,0.8,45.0,6.0,7.8,11.0
2007.0,0.54,0.55,0.0,0.13,1.23,63.0,6.0,7.7,9.0
2007.0,0.23,0.3,0.0,0.18,0.71,60.0,4.0,7.2,23.0
2009.0,0.25,0.14,0.0,0.04,0.44,65.0,5.0,4.0,6.0
2009.0,0.11,0.09,0.0,0.02,0.22,61.0,9.0,8.3,4.0
2010.0,0.1,0.06,0.0,0.02,0.18,51.0,5.0,5.3,4.0
2007.0,0.36,0.01,0.0,0.03,0.4,51.0,23.0,4.7,30.0
2007.0,0.14,0.01,0.0,0.01,0.16,51.0,18.0,5.2,17.0
2007.0,0.08,0.0,0.0,0.01,0.09,44.0,4.0,5.4,7.0
2013.0,0.02,0.01,0.0,0.0,0.04,49.0,7.0,6.3,4.0
2004.0,0.15,0.05,0.0,0.0,0.2,40.0,5.0,7.8,5.0
2002.0,0.16,0.04,0.0,0.01,0.21,33.0,6.0,7.5,18.0
2013.0,0.52,0.8,0.06,0.26,1.63,70.0,98.0,8.1,2652.0
2009.0,0.05,0.0,0.0,0.0,0.06,78.0,39.0,8.2,26.0
2008.0,0.45,1.02,0.0,0.2,1.66,44.0,17.0,8.0,41.0
2005.0,1.66,2.75,1.6,0.62,6.62,74.0,45.0,7.4,27.0
2007.0,1.05,1.91,0.41,0.42,3.79,68.0,33.0,6.9,39.0
2002.0,0.41,0.32,0.0,0.11,0.84,62.0,15.0,5.3,20.0
2002.0,0.15,0.04,0.0,0.01,0.19,59.0,12.0,4.3,9.0
2003.0,0.06,0.02,0.0,0.0,0.08,63.0,5.0,8.2,6.0
2005.0,0.1,0.07,0.0,0.03,0.2,51.0,26.0,2.1,9.0
2005.0,0.05,0.02,0.0,0.0,0.07,50.0,31.0,3.4,5.0
2003.0,0.19,0.05,0.0,0.01,0.25,71.0,37.0,8.7,31.0
2012.0,0.09,0.07,0.14,0.03,0.33,72.0,33.0,8.2,179.0
2012.0,0.09,0.06,0.02,0.02,0.19,74.0,43.0,8.0,185.0
2009.0,0.12,0.17,0.01,0.06,0.36,71.0,48.0,7.4,62.0
2009.0,0.12,0.12,0.01,0.03,0.28,70.0,65.0,7.3,87.0
2003.0,0.21,0.17,0.0,0.06,0.43,51.0,7.0,3.6,16.0
2003.0,0.16,0.04,0.0,0.01,0.21,47.0,5.0,4.2,5.0
2003.0,0.05,0.01,0.0,0.0,0.06,49.0,5.0,1.5,4.0
2006.0,0.08,0.02,0.0,0.0,0.11,51.0,4.0,5.2,5.0
2006.0,0.05,0.01,0.0,0.01,0.07,59.0,26.0,5.9,22.0
2006.0,0.06,0.0,0.0,0.0,0.06,72.0,11.0,6.4,15.0
2007.0,0.03,0.0,0.0,0.0,0.04,52.0,7.0,5.8,5.0
2007.0,1.65,0.85,0.05,0.28,2.83,96.0,88.0,8.9,2249.0
2007.0,0.01,0.39,0.0,0.02,0.41,96.0,44.0,8.5,3606.0
2008.0,0.75,0.46,0.01,0.2,1.42,94.0,51.0,8.7,881.0
2010.0,1.45,0.54,0.02,0.19,2.2,88.0,93.0,8.2,573.0
2010.0,0.85,0.46,0.02,0.22,1.54,88.0,62.0,8.2,492.0
2013.0,1.22,0.54,0.02,0.16,1.93,93.0,33.0,8.5,1647.0
2013.0,0.72,0.65,0.04,0.28,1.69,94.0,27.0,8.5,1863.0
2013.0,0.29,0.3,0.0,0.07,0.66,94.0,68.0,8.5,7322.0
2016.0,0.1,0.19,0.02,0.06,0.37,84.0,39.0,8.5,210.0
2016.0,0.08,0.06,0.0,0.01,0.16,84.0,16.0,8.3,79.0
2012.0,0.1,0.08,0.02,0.03,0.23,73.0,27.0,8.4,18.0
2012.0,0.11,0.03,0.0,0.01,0.15,77.0,18.0,8.9,18.0
2011.0,0.06,0.02,0.0,0.01,0.09,84.0,19.0,8.7,18.0
2011.0,0.09,0.04,0.0,0.01,0.14,75.0,21.0,7.8,24.0
2006.0,1.01,0.04,0.03,0.16,1.25,79.0,62.0,8.4,194.0
2006.0,0.31,0.09,0.0,0.01,0.42,77.0,65.0,8.0,51.0
2011.0,0.0,0.0,0.15,0.0,0.15,66.0,19.0,7.2,39.0
2009.0,0.05,0.0,0.0,0.0,0.05,58.0,24.0,7.5,20.0
2007.0,0.29,0.22,0.0,0.06,0.57,62.0,48.0,6.1,65.0
2007.0,0.07,0.01,0.0,0.01,0.08,56.0,23.0,6.3,18.0
2003.0,0.01,0.0,0.0,0.0,0.01,67.0,10.0,7.6,5.0
2011.0,0.09,0.02,0.0,0.01,0.12,37.0,12.0,4.5,14.0
2006.0,0.05,0.0,0.0,0.0,0.06,60.0,33.0,6.9,16.0
2002.0,0.15,0.12,0.0,0.04,0.31,49.0,21.0,6.1,14.0
2002.0,0.1,0.03,0.0,0.0,0.13,53.0,20.0,4.0,4.0
2012.0,0.07,0.02,0.0,0.01,0.1,52.0,23.0,6.5,30.0
2012.0,0.04,0.03,0.01,0.01,0.1,53.0,19.0,7.2,22.0
2015.0,0.08,0.04,0.03,0.02,0.17,58.0,33.0,6.5,21.0
2015.0,0.03,0.02,0.0,0.0,0.05,48.0,6.0,7.1,8.0
2007.0,0.1,0.03,0.14,0.02,0.28,58.0,23.0,7.9,28.0
2007.0,0.08,0.01,0.0,0.01,0.09,63.0,26.0,6.8,16.0
2008.0,0.09,0.0,0.0,0.01,0.1,78.0,30.0,7.7,17.0
2009.0,0.36,0.1,0.06,0.06,0.57,87.0,50.0,8.4,112.0
2009.0,0.21,0.08,0.04,0.03,0.36,86.0,51.0,8.5,70.0
2010.0,0.07,0.01,0.03,0.01,0.11,82.0,14.0,7.8,18.0
2013.0,0.14,0.0,0.14,0.03,0.3,83.0,16.0,8.3,64.0
2015.0,0.07,0.03,0.02,0.02,0.14,80.0,10.0,7.7,31.0
2010.0,0.21,0.07,0.09,0.04,0.41,87.0,29.0,8.0,65.0
2010.0,0.23,0.04,0.02,0.02,0.31,85.0,32.0,8.7,26.0
2011.0,0.03,0.05,0.02,0.02,0.11,83.0,28.0,7.5,97.0
2011.0,0.0,0.0,0.09,0.0,0.09,73.0,6.0,7.5,27.0
2011.0,0.03,0.02,0.07,0.01,0.13,77.0,8.0,6.8,10.0
2011.0,0.05,0.01,0.04,0.01,0.11,64.0,14.0,6.1,19.0
2016.0,0.04,0.0,0.03,0.01,0.08,85.0,21.0,7.6,39.0
2006.0,0.35,0.22,0.0,0.1,0.66,67.0,26.0,6.9,9.0
2006.0,0.36,0.02,0.0,0.03,0.42,66.0,58.0,7.9,53.0
2006.0,0.06,0.02,0.0,0.0,0.08,69.0,19.0,6.8,4.0
2006.0,0.02,0.0,0.0,0.0,0.02,65.0,16.0,4.6,17.0
2007.0,0.74,0.04,0.0,0.06,0.83,57.0,11.0,6.7,28.0
2007.0,0.1,0.03,0.0,0.02,0.15,70.0,10.0,7.2,12.0
2007.0,0.11,0.02,0.0,0.01,0.14,72.0,24.0,7.8,12.0
2007.0,0.12,0.02,0.0,0.01,0.15,82.0,28.0,7.9,14.0
2006.0,0.21,0.01,0.08,0.02,0.32,58.0,30.0,7.5,24.0
2011.0,0.27,0.1,0.07,0.05,0.49,58.0,34.0,7.2,46.0
2008.0,0.1,0.02,0.07,0.01,0.2,59.0,28.0,8.0,10.0
2006.0,0.29,0.01,0.12,0.03,0.45,83.0,32.0,7.5,23.0
2002.0,0.39,0.15,0.0,0.02,0.56,71.0,36.0,8.0,41.0
2004.0,0.4,0.11,0.0,0.02,0.53,78.0,30.0,7.7,14.0
2005.0,0.74,0.03,0.0,0.12,0.89,76.0,25.0,8.0,20.0
2006.0,0.15,0.0,0.0,0.01,0.16,69.0,23.0,6.5,14.0
2008.0,0.11,0.02,0.0,0.02,0.15,62.0,25.0,7.5,15.0
2008.0,0.08,0.01,0.0,0.01,0.1,68.0,34.0,7.2,13.0
2015.0,1.03,0.81,0.26,0.38,2.48,92.0,100.0,8.6,6383.0
2009.0,0.13,0.02,0.0,0.01,0.16,61.0,28.0,5.1,19.0
2009.0,0.02,0.02,0.0,0.0,0.04,72.0,34.0,6.5,57.0
2010.0,0.0,0.01,0.0,0.0,0.02,73.0,13.0,6.4,75.0
2010.0,0.09,0.01,0.0,0.01,0.11,40.0,21.0,6.5,10.0
2010.0,0.07,0.0,0.0,0.01,0.07,47.0,11.0,7.0,5.0
2002.0,0.19,0.15,0.0,0.05,0.39,67.0,18.0,8.8,19.0
2002.0,0.14,0.04,0.0,0.01,0.19,76.0,22.0,9.0,9.0
2002.0,0.2,0.16,0.0,0.05,0.42,75.0,18.0,8.5,26.0
2002.0,0.16,0.05,0.0,0.01,0.21,76.0,20.0,7.5,6.0
2002.0,0.09,0.02,0.0,0.0,0.11,73.0,17.0,8.5,4.0
2004.0,0.13,0.1,0.0,0.03,0.27,70.0,26.0,8.5,21.0
2004.0,0.11,0.03,0.0,0.01,0.15,71.0,35.0,8.5,4.0
2001.0,0.43,0.12,0.0,0.02,0.57,71.0,30.0,7.5,13.0
2002.0,0.14,0.04,0.0,0.0,0.18,75.0,27.0,8.5,20.0
2001.0,0.15,0.11,0.05,0.04,0.35,71.0,20.0,8.6,34.0
2003.0,0.05,0.04,0.0,0.01,0.09,59.0,25.0,8.6,43.0
2003.0,0.03,0.01,0.0,0.0,0.04,61.0,22.0,8.6,9.0
2003.0,0.11,0.09,0.0,0.03,0.23,58.0,12.0,6.2,5.0
2006.0,0.3,0.32,0.21,0.08,0.92,79.0,56.0,7.8,161.0
2009.0,0.06,0.0,0.03,0.0,0.1,63.0,27.0,6.6,10.0
2008.0,0.12,0.03,0.05,0.01,0.21,69.0,46.0,6.5,15.0
2010.0,0.22,0.36,0.02,0.12,0.72,81.0,58.0,8.2,86.0
2010.0,0.25,0.27,0.0,0.06,0.59,82.0,78.0,8.3,169.0
2010.0,0.01,0.04,0.0,0.01,0.06,81.0,24.0,7.4,177.0
2002.0,0.07,0.06,0.0,0.02,0.15,54.0,14.0,4.6,17.0
2002.0,0.08,0.02,0.0,0.0,0.11,58.0,26.0,7.8,9.0
2002.0,0.05,0.01,0.0,0.0,0.06,60.0,15.0,5.0,7.0
2010.0,0.1,0.08,0.0,0.02,0.2,57.0,33.0,4.8,4.0
2011.0,0.05,0.05,0.0,0.02,0.11,50.0,40.0,3.5,28.0
2011.0,0.07,0.03,0.0,0.01,0.11,53.0,61.0,4.7,73.0
2003.0,0.1,0.04,0.0,0.0,0.15,83.0,31.0,9.6,16.0
2004.0,0.03,0.01,0.0,0.0,0.04,78.0,20.0,8.5,11.0
2008.0,0.19,0.31,0.0,0.06,0.56,50.0,4.0,5.8,5.0
2008.0,0.18,0.05,0.0,0.02,0.25,57.0,18.0,7.1,7.0
2008.0,0.12,0.04,0.0,0.02,0.19,59.0,11.0,6.8,6.0
2002.0,0.03,0.02,0.0,0.01,0.05,72.0,24.0,7.2,6.0
2005.0,0.1,0.01,0.03,0.01,0.15,75.0,30.0,7.0,12.0
2006.0,0.14,0.0,0.0,0.01,0.15,73.0,30.0,7.0,7.0
2006.0,0.04,0.0,0.0,0.0,0.04,34.0,41.0,2.2,42.0
2002.0,0.15,0.04,0.06,0.01,0.25,81.0,19.0,8.5,15.0
2002.0,0.06,0.02,0.0,0.0,0.08,70.0,21.0,7.9,10.0
2007.0,0.11,0.01,0.03,0.01,0.17,57.0,23.0,8.0,10.0
2007.0,0.06,0.0,0.0,0.0,0.06,55.0,14.0,7.8,4.0
1998.0,0.07,0.05,0.0,0.01,0.12,79.0,6.0,8.3,6.0
2007.0,0.43,0.03,0.0,0.04,0.49,57.0,37.0,5.3,54.0
2008.0,0.71,0.38,0.0,0.12,1.21,85.0,61.0,8.6,105.0
2009.0,0.33,0.09,0.0,0.04,0.46,86.0,48.0,8.4,37.0
2009.0,2.4,0.71,0.03,0.29,3.44,84.0,83.0,8.2,715.0
2009.0,1.2,0.6,0.0,0.29,2.09,83.0,58.0,7.9,427.0
2009.0,0.01,0.14,0.0,0.03,0.18,81.0,37.0,7.8,1363.0
2015.0,0.38,0.33,0.03,0.14,0.88,82.0,49.0,7.8,345.0
2015.0,0.26,0.13,0.0,0.04,0.43,80.0,11.0,7.8,119.0
2014.0,0.46,0.19,0.01,0.07,0.72,74.0,16.0,6.4,161.0
2014.0,0.26,0.21,0.05,0.1,0.61,77.0,24.0,6.3,130.0
2014.0,0.11,0.15,0.0,0.02,0.29,75.0,55.0,6.2,703.0
2012.0,1.89,0.88,0.04,0.25,3.05,89.0,59.0,8.2,892.0
2012.0,1.05,0.72,0.1,0.35,2.23,91.0,25.0,8.2,858.0
2012.0,0.42,0.41,0.0,0.1,0.93,89.0,38.0,8.2,2482.0
2014.0,0.32,0.16,0.01,0.15,0.64,64.0,31.0,7.6,358.0
2012.0,0.0,0.02,0.0,0.0,0.03,82.0,38.0,8.3,341.0
2014.0,0.08,0.09,0.0,0.03,0.19,53.0,40.0,5.9,230.0
2006.0,0.03,0.0,0.0,0.0,0.03,63.0,14.0,6.0,7.0
2009.0,0.0,0.02,0.0,0.0,0.03,90.0,11.0,8.6,819.0
2012.0,0.09,0.0,0.0,0.01,0.09,71.0,11.0,7.9,17.0
2005.0,4.74,9.2,4.16,2.04,20.15,77.0,58.0,7.9,50.0
2005.0,3.43,5.35,5.32,1.18,15.29,77.0,37.0,7.1,19.0
2005.0,0.14,0.0,0.0,0.01,0.15,39.0,12.0,2.5,4.0
2008.0,0.41,0.0,0.0,0.03,0.45,68.0,7.0,7.0,4.0
2009.0,0.0,0.0,0.02,0.0,0.02,78.0,9.0,8.3,12.0
2005.0,0.19,0.15,0.0,0.05,0.38,60.0,7.0,5.1,7.0
2009.0,0.05,0.01,0.0,0.0,0.06,42.0,17.0,5.0,4.0
1998.0,0.25,0.17,0.65,0.07,1.14,81.0,12.0,8.5,17.0
2015.0,0.17,0.1,0.18,0.03,0.49,81.0,70.0,7.4,103.0
2011.0,0.01,0.0,0.0,0.0,0.01,61.0,12.0,5.8,43.0
2004.0,0.09,0.03,0.0,0.0,0.12,71.0,62.0,8.2,17.0
2001.0,0.11,0.04,0.06,0.0,0.22,79.0,17.0,8.8,9.0
2002.0,0.09,0.07,0.0,0.02,0.19,78.0,28.0,6.9,35.0
2001.0,0.14,0.05,0.0,0.0,0.19,81.0,16.0,8.8,16.0
2000.0,0.11,0.08,0.34,0.04,0.56,83.0,10.0,8.9,45.0
2011.0,0.59,0.35,0.01,0.09,1.03,68.0,85.0,5.8,404.0
2011.0,0.29,0.32,0.01,0.12,0.73,72.0,39.0,5.8,168.0
2011.0,0.06,0.09,0.0,0.03,0.18,70.0,38.0,6.0,547.0
2002.0,0.12,0.09,0.0,0.03,0.24,63.0,20.0,4.8,20.0
2002.0,0.15,0.06,0.0,0.0,0.22,53.0,14.0,7.4,5.0
2009.0,0.11,0.1,0.0,0.02,0.24,74.0,29.0,8.1,14.0
2002.0,0.04,0.02,0.0,0.0,0.06,80.0,17.0,7.8,10.0
2003.0,0.01,0.0,0.0,0.0,0.02,77.0,24.0,8.3,12.0
2015.0,0.0,0.06,0.0,0.01,0.07,72.0,14.0,7.2,23.0
2015.0,0.0,0.02,0.0,0.0,0.02,77.0,12.0,7.2,11.0
2015.0,0.03,0.08,0.0,0.02,0.14,81.0,10.0,8.6,73.0
2015.0,0.03,0.01,0.0,0.0,0.04,81.0,6.0,8.9,26.0
2006.0,0.23,0.14,0.0,0.09,0.46,65.0,19.0,9.1,64.0
2008.0,0.11,0.0,0.0,0.01,0.13,45.0,13.0,6.6,17.0
2005.0,0.38,0.01,0.0,0.06,0.46,71.0,20.0,7.9,23.0
2005.0,0.23,0.07,0.0,0.01,0.31,85.0,41.0,8.6,25.0
2008.0,0.44,0.34,0.0,0.15,0.93,76.0,48.0,8.0,70.0
2008.0,0.47,0.3,0.0,0.09,0.87,76.0,65.0,8.3,149.0
2008.0,0.0,0.02,0.0,0.0,0.02,79.0,22.0,7.9,130.0
2005.0,0.49,0.14,0.0,0.02,0.66,88.0,64.0,8.0,69.0
2005.0,0.38,0.01,0.0,0.06,0.46,82.0,30.0,7.6,30.0
2007.0,0.03,0.0,0.0,0.0,0.04,72.0,27.0,8.0,25.0
2002.0,0.23,0.07,0.0,0.01,0.31,32.0,24.0,2.4,10.0
2007.0,0.35,0.01,0.0,0.03,0.38,52.0,11.0,5.4,23.0
2009.0,0.62,0.26,0.0,0.09,0.97,82.0,88.0,8.0,268.0
2009.0,0.54,0.27,0.0,0.13,0.94,83.0,61.0,7.6,162.0
2003.0,0.62,0.18,0.01,0.03,0.83,77.0,45.0,7.8,49.0
2007.0,0.03,0.0,0.0,0.0,0.04,50.0,12.0,4.8,4.0
2005.0,0.04,0.0,0.0,0.0,0.05,38.0,19.0,6.2,6.0
2002.0,0.18,0.05,0.0,0.01,0.23,79.0,30.0,9.1,31.0
2003.0,0.09,0.07,0.0,0.02,0.18,72.0,27.0,8.9,47.0
2003.0,0.09,0.03,0.0,0.0,0.12,73.0,26.0,8.4,14.0
2003.0,0.02,0.01,0.0,0.0,0.03,75.0,18.0,9.0,9.0
2003.0,0.02,0.01,0.0,0.0,0.03,44.0,16.0,8.6,5.0
2007.0,0.85,0.01,0.0,0.07,0.93,61.0,11.0,4.8,5.0
2003.0,0.05,0.04,0.0,0.01,0.1,72.0,28.0,7.5,14.0
2011.0,0.61,0.32,0.01,0.08,1.02,84.0,83.0,7.6,439.0
2011.0,0.23,0.2,0.01,0.08,0.53,83.0,57.0,7.7,288.0
2011.0,0.07,0.07,0.0,0.02,0.16,82.0,34.0,7.7,768.0
2006.0,0.07,0.01,0.02,0.01,0.1,55.0,59.0,6.1,41.0
2006.0,0.75,0.03,0.04,0.12,0.94,87.0,69.0,9.1,293.0
2008.0,0.53,0.4,0.03,0.11,1.06,80.0,56.0,8.3,154.0
2008.0,0.17,0.28,0.0,0.06,0.5,83.0,34.0,8.4,60.0
2008.0,0.0,0.02,0.0,0.0,0.03,72.0,11.0,7.5,257.0
2001.0,0.36,0.28,0.0,0.1,0.74,79.0,25.0,7.7,33.0
2002.0,0.23,0.06,0.0,0.01,0.3,78.0,18.0,7.9,18.0
2002.0,0.09,0.03,0.0,0.0,0.13,75.0,13.0,6.6,12.0
2002.0,0.42,0.32,0.0,0.11,0.85,86.0,31.0,8.2,48.0
2003.0,0.18,0.05,0.0,0.01,0.24,88.0,23.0,5.1,23.0
2003.0,0.12,0.03,0.0,0.0,0.15,89.0,24.0,8.5,18.0
2004.0,1.23,1.11,0.0,0.34,2.68,93.0,52.0,9.1,271.0
2004.0,0.84,0.43,0.0,0.04,1.31,94.0,76.0,7.2,139.0
2007.0,0.02,0.38,0.01,0.05,0.45,76.0,23.0,8.2,27.0
2005.0,0.7,0.05,0.0,0.08,0.84,86.0,53.0,8.4,108.0
2005.0,0.15,0.02,0.0,0.01,0.18,38.0,12.0,6.0,59.0
2008.0,1.01,0.62,0.02,0.29,1.94,87.0,55.0,7.7,455.0
2008.0,0.63,0.57,0.01,0.14,1.35,88.0,68.0,6.9,279.0
2009.0,0.0,0.08,0.0,0.01,0.09,87.0,26.0,7.5,435.0
2005.0,0.75,0.03,0.0,0.12,0.9,90.0,52.0,8.8,114.0
2005.0,0.32,0.19,0.0,0.01,0.53,89.0,65.0,8.4,66.0
2006.0,0.42,0.04,0.0,0.04,0.5,89.0,61.0,8.1,140.0
1997.0,0.39,0.27,0.43,0.08,1.16,83.0,13.0,7.9,16.0
2016.0,0.0,0.03,0.0,0.0,0.03,46.0,8.0,6.1,18.0
1999.0,0.04,0.03,0.18,0.02,0.26,66.0,8.0,8.9,35.0
2005.0,0.08,0.02,0.0,0.01,0.11,75.0,14.0,7.0,6.0
2011.0,0.08,0.15,0.06,0.03,0.31,49.0,30.0,4.8,13.0
2000.0,0.35,0.24,0.0,0.04,0.63,54.0,10.0,5.3,4.0
2009.0,0.05,0.02,0.0,0.01,0.08,55.0,38.0,7.5,13.0
2009.0,0.03,0.0,0.0,0.0,0.04,44.0,16.0,6.9,19.0
2006.0,0.13,0.0,0.0,0.01,0.14,53.0,4.0,5.0,8.0
2006.0,0.12,0.0,0.0,0.01,0.13,48.0,11.0,5.6,17.0
2002.0,0.7,0.54,0.0,0.18,1.42,59.0,7.0,7.8,12.0
2004.0,0.28,0.21,0.0,0.07,0.56,55.0,4.0,8.4,16.0
2004.0,0.13,0.04,0.0,0.01,0.18,65.0,5.0,8.3,6.0
2003.0,0.57,0.45,0.0,0.15,1.17,57.0,4.0,8.4,37.0
2008.0,0.12,0.0,0.0,0.01,0.13,39.0,6.0,1.8,10.0
2010.0,0.26,0.04,0.0,0.03,0.33,60.0,4.0,5.4,9.0
2003.0,0.16,0.05,0.0,0.01,0.21,65.0,5.0,8.4,16.0
2004.0,0.09,0.02,0.0,0.0,0.11,59.0,5.0,7.5,6.0
2010.0,0.1,0.0,0.0,0.01,0.11,51.0,5.0,9.0,4.0
2007.0,0.04,0.0,0.0,0.0,0.05,39.0,4.0,3.0,4.0
2006.0,0.0,0.03,0.0,0.01,0.04,74.0,32.0,7.6,43.0
2007.0,0.09,0.01,0.0,0.01,0.11,55.0,23.0,6.1,7.0
2009.0,0.06,0.04,0.0,0.01,0.11,49.0,28.0,6.7,16.0
2005.0,0.05,0.01,0.0,0.0,0.06,77.0,51.0,8.1,37.0
2014.0,2.81,3.48,0.14,1.23,7.66,83.0,39.0,5.7,1443.0
2014.0,3.22,1.55,0.01,0.48,5.27,81.0,53.0,5.4,898.0
2014.0,0.15,0.23,0.0,0.03,0.41,78.0,18.0,4.5,1136.0
2010.0,9.7,3.68,0.11,1.13,14.61,87.0,89.0,6.3,1454.0
2010.0,5.99,4.37,0.48,1.79,12.63,88.0,58.0,6.4,1094.0
2010.0,0.8,0.45,0.0,0.12,1.37,80.0,25.0,5.8,87.0
2010.0,0.5,0.04,0.0,0.04,0.58,74.0,13.0,6.0,54.0
2012.0,4.99,5.73,0.65,2.42,13.79,83.0,21.0,5.3,922.0
2012.0,8.25,4.24,0.07,1.12,13.67,83.0,73.0,4.8,2256.0
2012.0,0.64,0.69,0.0,0.19,1.53,74.0,11.0,4.2,1635.0
2012.0,0.2,0.18,0.0,0.03,0.41,81.0,31.0,6.9,228.0
2004.0,1.51,1.12,0.01,0.24,2.89,76.0,49.0,7.7,69.0
2004.0,0.78,0.4,0.0,0.04,1.21,73.0,55.0,7.8,22.0
2004.0,0.31,0.08,0.0,0.01,0.4,74.0,31.0,8.9,13.0
2013.0,6.73,2.56,0.04,0.91,10.25,73.0,29.0,2.6,2117.0
2013.0,4.1,3.63,0.38,1.25,9.36,71.0,10.0,2.6,1047.0
2013.0,1.78,1.43,0.05,0.57,3.83,78.0,49.0,3.7,1564.0
2013.0,1.88,0.77,0.0,0.27,2.92,78.0,7.0,4.3,700.0
2013.0,0.22,0.09,0.01,0.03,0.34,69.0,6.0,3.4,256.0
2016.0,1.61,2.0,0.15,0.71,4.46,77.0,82.0,3.4,1129.0
2016.0,1.46,0.74,0.0,0.22,2.42,78.0,17.0,3.1,290.0
2016.0,0.04,0.08,0.0,0.01,0.14,73.0,16.0,3.0,440.0
2009.0,8.52,3.59,0.08,1.28,13.47,94.0,100.0,6.3,2698.0
2009.0,4.99,3.64,0.38,1.6,10.6,94.0,67.0,6.3,2073.0
2009.0,0.01,0.79,0.0,0.09,0.88,86.0,40.0,4.2,6430.0
2011.0,9.04,4.24,0.13,1.32,14.73,88.0,81.0,3.4,8713.0
2011.0,5.54,5.73,0.49,1.57,13.32,88.0,39.0,3.2,5234.0
2011.0,0.41,0.98,0.0,0.32,1.72,78.0,26.0,2.5,5664.0
2011.0,0.55,0.2,0.0,0.08,0.82,70.0,16.0,1.8,442.0
2007.0,0.52,1.02,0.0,0.59,2.13,64.0,45.0,7.5,30.0
2008.0,4.81,1.88,0.0,0.69,7.38,84.0,84.0,7.6,580.0
2008.0,2.73,1.83,0.0,0.83,5.39,85.0,45.0,7.6,409.0
2008.0,1.17,0.58,0.0,0.18,1.94,83.0,19.0,7.6,78.0
2008.0,0.56,0.25,0.0,0.08,0.89,75.0,12.0,7.8,20.0
2008.0,0.02,0.14,0.0,0.03,0.18,83.0,36.0,7.5,721.0
2005.0,1.82,0.04,0.01,0.16,2.03,89.0,65.0,8.1,307.0
2005.0,0.0,0.05,0.0,0.01,0.06,86.0,64.0,8.4,626.0
2005.0,1.48,0.92,0.01,0.26,2.67,77.0,39.0,8.2,69.0
2005.0,0.66,0.4,0.0,0.05,1.12,78.0,46.0,5.1,27.0
2005.0,0.25,0.07,0.0,0.01,0.33,76.0,28.0,7.9,14.0
2006.0,1.49,0.92,0.02,0.27,2.7,82.0,71.0,6.5,233.0
2006.0,0.6,0.62,0.03,0.26,1.5,80.0,43.0,6.9,92.0
2006.0,0.89,0.03,0.0,0.15,1.07,82.0,14.0,7.4,83.0
2007.0,5.93,2.36,0.13,0.9,9.31,94.0,70.0,8.4,1320.0
2007.0,3.11,2.26,0.28,1.03,6.68,94.0,44.0,8.4,993.0
2007.0,0.0,1.12,0.0,0.03,1.15,92.0,40.0,8.5,2360.0
2007.0,0.95,0.01,0.01,0.08,1.05,75.0,22.0,6.9,36.0
2012.0,0.71,0.43,0.07,0.26,1.47,33.0,58.0,4.8,479.0
2006.0,0.0,0.01,0.0,0.0,0.01,72.0,25.0,7.8,223.0
2007.0,0.14,0.02,0.0,0.01,0.18,71.0,37.0,6.9,46.0
2009.0,0.35,0.37,0.01,0.15,0.88,78.0,47.0,7.8,91.0
2009.0,0.3,0.24,0.0,0.06,0.6,77.0,77.0,7.6,94.0
2009.0,0.0,0.03,0.0,0.0,0.03,78.0,39.0,8.0,282.0
2011.0,0.12,0.12,0.0,0.05,0.29,45.0,42.0,5.5,74.0
2011.0,0.14,0.1,0.0,0.03,0.27,47.0,62.0,5.7,109.0
2011.0,0.05,0.05,0.0,0.01,0.11,51.0,12.0,3.3,126.0
2005.0,0.22,0.17,0.05,0.06,0.51,78.0,30.0,8.4,5.0
2006.0,0.27,0.0,0.0,0.02,0.3,72.0,37.0,7.0,5.0
2012.0,0.02,0.01,0.0,0.0,0.02,65.0,11.0,5.3,4.0
2004.0,0.1,0.08,0.0,0.03,0.2,57.0,33.0,4.8,5.0
2000.0,0.0,0.0,0.22,0.0,0.22,80.0,17.0,9.0,24.0
2001.0,0.22,0.17,0.3,0.06,0.75,81.0,22.0,7.9,27.0
2002.0,0.09,0.02,0.0,0.0,0.11,68.0,20.0,8.9,27.0
2003.0,0.08,0.02,0.0,0.0,0.1,80.0,26.0,8.7,13.0
2011.0,0.1,0.06,0.0,0.03,0.19,61.0,34.0,7.3,40.0
2011.0,0.11,0.05,0.0,0.01,0.17,60.0,48.0,6.4,37.0
2011.0,0.05,0.02,0.0,0.01,0.08,51.0,9.0,5.0,6.0
2012.0,0.0,0.02,0.0,0.0,0.03,54.0,6.0,6.2,11.0
2014.0,0.53,0.38,0.19,0.09,1.19,81.0,78.0,8.6,377.0
2016.0,0.01,0.01,0.0,0.0,0.02,52.0,15.0,7.1,12.0
2016.0,0.01,0.0,0.0,0.0,0.01,51.0,28.0,5.5,39.0
2007.0,2.12,1.47,0.05,0.42,4.05,56.0,27.0,6.0,44.0
2008.0,1.21,0.63,0.0,0.19,2.03,48.0,11.0,3.3,4.0
2008.0,0.86,0.54,0.0,0.15,1.56,38.0,10.0,5.7,7.0
2011.0,0.13,0.06,0.0,0.04,0.23,66.0,25.0,5.2,5.0
2006.0,1.01,0.04,0.0,0.16,1.21,71.0,30.0,8.4,12.0
2006.0,0.72,0.28,0.0,0.2,1.2,70.0,17.0,7.0,4.0
2006.0,0.81,0.3,0.0,0.02,1.13,50.0,8.0,4.7,6.0
2006.0,0.85,0.04,0.0,0.07,0.97,54.0,17.0,2.1,11.0
2006.0,0.72,0.19,0.0,0.03,0.93,71.0,21.0,7.0,5.0
2006.0,0.22,0.01,0.0,0.02,0.25,65.0,16.0,6.1,8.0
2007.0,0.63,0.0,0.0,0.05,0.68,69.0,7.0,6.8,5.0
2007.0,0.37,0.01,0.0,0.03,0.41,63.0,8.0,4.8,4.0
2007.0,0.13,0.0,0.0,0.01,0.14,58.0,9.0,7.8,6.0
2009.0,0.14,0.01,0.0,0.01,0.15,54.0,8.0,5.8,5.0
2011.0,0.07,0.02,0.0,0.01,0.1,58.0,16.0,5.9,28.0
2001.0,0.07,0.05,0.0,0.02,0.14,58.0,7.0,3.5,6.0
2007.0,0.04,0.0,0.0,0.0,0.04,67.0,9.0,7.6,9.0
2004.0,0.01,0.01,0.0,0.0,0.02,67.0,4.0,7.4,8.0
2003.0,0.2,0.07,0.0,0.0,0.28,91.0,29.0,9.1,127.0
2001.0,0.6,0.22,0.05,0.02,0.89,91.0,22.0,8.5,59.0
2005.0,0.18,0.14,0.05,0.05,0.42,70.0,30.0,7.5,46.0
2005.0,0.09,0.03,0.0,0.0,0.12,74.0,26.0,7.0,13.0
2005.0,0.34,0.03,0.03,0.03,0.43,89.0,52.0,8.5,171.0
2002.0,0.16,0.06,0.04,0.0,0.26,87.0,27.0,8.2,39.0
2003.0,0.46,0.36,0.0,0.12,0.94,79.0,45.0,8.4,74.0
2010.0,0.5,0.35,0.1,0.15,1.1,85.0,62.0,8.0,468.0
2010.0,0.42,0.17,0.01,0.05,0.66,83.0,70.0,7.8,237.0
2014.0,0.03,0.12,0.02,0.03,0.2,63.0,55.0,7.8,528.0
2014.0,0.02,0.06,0.0,0.01,0.09,70.0,22.0,7.8,239.0
2014.0,0.01,0.03,0.0,0.0,0.04,58.0,16.0,7.7,498.0
2008.0,0.27,0.02,0.04,0.03,0.36,85.0,46.0,8.7,111.0
2006.0,0.31,0.02,0.04,0.03,0.4,85.0,51.0,8.3,87.0
1997.0,0.58,0.4,0.21,0.08,1.27,93.0,12.0,9.4,358.0
2007.0,0.22,0.09,0.04,0.07,0.41,80.0,43.0,7.8,62.0
2001.0,0.07,0.05,0.0,0.01,0.13,69.0,16.0,7.0,13.0
2006.0,0.07,0.03,0.0,0.0,0.1,86.0,4.0,8.4,12.0
2008.0,0.12,0.02,0.01,0.01,0.16,49.0,33.0,5.9,56.0
2011.0,0.3,0.14,0.2,0.06,0.7,79.0,61.0,8.1,372.0
2011.0,0.2,0.06,0.03,0.02,0.31,82.0,39.0,7.9,153.0
2004.0,0.08,0.06,0.0,0.02,0.17,46.0,35.0,6.9,13.0
2004.0,0.05,0.01,0.0,0.0,0.07,47.0,24.0,6.1,7.0
2004.0,0.04,0.01,0.0,0.0,0.06,45.0,33.0,4.6,5.0
2011.0,0.09,0.03,0.01,0.01,0.14,82.0,29.0,7.7,72.0
2001.0,0.09,0.03,0.0,0.0,0.12,65.0,24.0,8.4,7.0
2002.0,0.05,0.01,0.0,0.0,0.06,67.0,12.0,6.8,11.0
2008.0,0.18,0.22,0.0,0.05,0.45,50.0,12.0,4.6,18.0
2009.0,0.0,0.02,0.0,0.0,0.02,73.0,17.0,8.2,21.0
2005.0,0.32,0.25,0.0,0.08,0.65,77.0,48.0,8.8,43.0
2004.0,0.63,0.49,0.0,0.16,1.28,85.0,51.0,8.4,57.0
2003.0,0.15,0.12,0.0,0.04,0.3,65.0,34.0,8.2,58.0
2006.0,0.0,0.0,0.04,0.0,0.04,64.0,9.0,6.9,9.0
2009.0,0.14,0.0,0.0,0.01,0.16,60.0,4.0,5.0,4.0
2003.0,0.01,0.0,0.0,0.0,0.02,23.0,21.0,3.3,23.0
2005.0,0.17,0.13,0.0,0.04,0.35,35.0,21.0,4.1,28.0
2005.0,0.22,0.08,0.0,0.01,0.3,36.0,5.0,3.8,6.0
2005.0,0.14,0.04,0.0,0.0,0.18,39.0,16.0,3.2,6.0
2005.0,0.08,0.02,0.0,0.0,0.11,39.0,20.0,0.5,8.0
2002.0,0.09,0.03,0.0,0.0,0.12,60.0,14.0,7.4,5.0
2003.0,0.19,0.15,0.0,0.05,0.39,79.0,9.0,7.3,13.0
2004.0,0.1,0.03,0.0,0.0,0.13,79.0,12.0,9.0,6.0
2008.0,0.11,0.0,0.0,0.01,0.12,64.0,4.0,8.4,18.0
2007.0,0.0,0.0,0.19,0.0,0.19,78.0,14.0,7.5,13.0
2005.0,0.02,0.0,0.0,0.0,0.02,33.0,9.0,2.8,4.0
2000.0,0.07,0.05,0.0,0.01,0.13,75.0,7.0,6.2,6.0
2007.0,0.32,0.0,0.0,0.02,0.35,27.0,9.0,4.8,26.0
2007.0,0.13,0.0,0.0,0.01,0.14,19.0,4.0,3.1,7.0
2011.0,0.28,0.12,0.0,0.04,0.44,84.0,81.0,7.7,95.0
2011.0,0.09,0.1,0.0,0.04,0.22,81.0,21.0,7.8,25.0
2014.0,0.0,0.04,0.02,0.01,0.07,83.0,14.0,7.8,108.0
2014.0,0.0,0.01,0.04,0.0,0.05,82.0,46.0,8.0,451.0
2006.0,0.16,0.01,0.29,0.01,0.48,65.0,34.0,6.0,21.0
2007.0,0.0,0.01,0.0,0.0,0.02,74.0,37.0,8.2,13.0
2006.0,0.24,0.0,0.01,0.02,0.28,71.0,60.0,7.0,72.0
1999.0,0.62,0.42,0.69,0.12,1.86,94.0,16.0,8.1,297.0
2008.0,0.61,0.16,0.49,0.08,1.34,92.0,57.0,8.9,440.0
2002.0,0.05,0.02,0.0,0.0,0.07,67.0,26.0,5.0,4.0
2015.0,0.0,0.13,0.0,0.01,0.14,85.0,60.0,8.9,1404.0
2016.0,0.0,0.01,0.0,0.0,0.01,72.0,16.0,7.1,20.0
2011.0,0.0,0.04,0.0,0.01,0.05,70.0,20.0,7.7,105.0
2010.0,0.0,0.02,0.0,0.0,0.02,70.0,17.0,5.7,39.0
2011.0,0.01,0.05,0.0,0.01,0.07,61.0,18.0,5.6,95.0
2001.0,0.06,0.05,0.0,0.02,0.13,63.0,20.0,6.2,5.0
2007.0,0.0,0.04,0.0,0.0,0.04,75.0,7.0,8.2,9.0
2010.0,0.09,0.15,0.01,0.05,0.31,41.0,28.0,1.7,17.0
2010.0,0.08,0.06,0.0,0.02,0.16,42.0,31.0,4.1,17.0
2004.0,0.17,0.06,0.09,0.01,0.33,74.0,10.0,8.6,12.0
2004.0,0.4,0.15,0.17,0.01,0.73,55.0,15.0,4.8,4.0
2004.0,0.31,0.11,0.13,0.01,0.56,66.0,10.0,7.5,6.0
2004.0,0.26,0.1,0.07,0.01,0.43,58.0,9.0,8.6,18.0
2004.0,0.0,0.0,1.39,0.03,1.43,84.0,14.0,8.6,44.0
2004.0,0.46,0.17,0.24,0.02,0.89,84.0,16.0,8.6,58.0
2004.0,0.37,0.14,0.17,0.01,0.7,73.0,8.0,7.5,39.0
2008.0,0.06,0.0,0.08,0.01,0.14,61.0,12.0,7.1,12.0
2007.0,0.28,0.01,0.0,0.02,0.32,63.0,46.0,7.4,70.0
2007.0,0.17,0.01,0.0,0.02,0.2,60.0,34.0,7.1,52.0
2007.0,0.0,0.01,0.0,0.0,0.01,63.0,25.0,7.5,218.0
2002.0,0.1,0.08,0.12,0.03,0.33,69.0,28.0,7.6,38.0
1998.0,0.02,0.01,0.12,0.01,0.17,49.0,5.0,5.7,7.0
2005.0,0.14,0.04,0.0,0.01,0.18,69.0,46.0,7.8,10.0
2009.0,0.1,0.0,0.0,0.01,0.11,68.0,4.0,5.3,4.0
2009.0,0.09,0.01,0.0,0.01,0.1,66.0,9.0,6.0,5.0
2009.0,0.07,0.0,0.0,0.01,0.09,62.0,12.0,6.5,11.0
2006.0,0.59,1.79,0.73,0.34,3.45,83.0,30.0,8.4,28.0
2005.0,0.28,0.29,0.0,0.17,0.75,59.0,42.0,6.5,61.0
2007.0,0.05,0.0,0.0,0.01,0.06,56.0,20.0,6.6,28.0
2007.0,0.03,0.01,0.0,0.0,0.05,63.0,11.0,6.8,13.0
2008.0,0.07,0.0,0.0,0.01,0.08,51.0,11.0,6.3,4.0
2007.0,0.07,0.01,0.0,0.01,0.09,58.0,15.0,8.5,8.0
2005.0,0.05,0.04,0.0,0.01,0.1,49.0,9.0,8.0,11.0
2009.0,0.0,0.02,0.0,0.0,0.03,67.0,28.0,5.8,8.0
2005.0,0.0,0.01,0.0,0.0,0.01,80.0,36.0,8.1,15.0
2015.0,0.14,0.05,0.01,0.02,0.21,69.0,69.0,7.7,125.0
2012.0,0.16,0.0,0.03,0.01,0.2,67.0,38.0,7.6,73.0
2005.0,0.06,0.04,0.0,0.01,0.11,68.0,39.0,7.7,27.0
2005.0,0.05,0.01,0.0,0.0,0.06,71.0,41.0,7.6,20.0
2005.0,0.02,0.01,0.0,0.0,0.02,60.0,25.0,8.0,4.0
2005.0,0.06,0.04,0.0,0.01,0.11,73.0,41.0,8.2,23.0
2004.0,0.08,0.02,0.0,0.0,0.1,84.0,33.0,8.1,19.0
2004.0,0.0,0.01,0.0,0.0,0.01,87.0,6.0,7.2,44.0
2000.0,0.02,0.8,0.02,0.07,0.91,90.0,13.0,8.7,31.0
2004.0,0.04,0.01,0.0,0.0,0.05,83.0,35.0,7.5,6.0
2004.0,0.0,0.01,0.0,0.0,0.02,83.0,11.0,7.1,50.0
2002.0,0.03,1.05,0.02,0.3,1.4,86.0,25.0,7.7,24.0
2002.0,0.03,0.01,0.0,0.0,0.04,86.0,25.0,7.4,14.0
2005.0,0.07,0.02,0.0,0.0,0.1,82.0,17.0,9.2,6.0
2006.0,0.11,0.0,0.0,0.01,0.12,70.0,17.0,7.3,11.0
2006.0,0.2,0.0,0.0,0.02,0.21,82.0,22.0,8.2,12.0
2007.0,0.16,0.0,0.0,0.01,0.18,81.0,9.0,7.1,8.0
2007.0,0.16,0.0,0.0,0.01,0.18,81.0,21.0,6.9,16.0
2007.0,0.13,0.0,0.0,0.01,0.14,82.0,18.0,5.2,6.0
1997.0,0.24,0.16,0.0,0.03,0.42,91.0,12.0,7.8,12.0
2005.0,0.03,0.03,0.0,0.01,0.07,56.0,35.0,8.3,17.0
2005.0,0.05,0.02,0.0,0.0,0.07,44.0,9.0,8.5,4.0
2002.0,0.01,0.01,0.0,0.0,0.02,69.0,16.0,6.5,22.0
2007.0,0.0,0.03,0.0,0.0,0.03,62.0,15.0,3.3,86.0
2011.0,0.25,0.06,0.05,0.03,0.39,44.0,18.0,5.3,9.0
2010.0,0.0,0.02,0.0,0.0,0.03,68.0,16.0,5.2,19.0
2006.0,0.03,0.02,0.0,0.01,0.06,58.0,26.0,8.5,11.0
2002.0,0.09,0.07,0.0,0.02,0.18,67.0,19.0,6.8,11.0
2002.0,0.05,0.02,0.0,0.0,0.07,67.0,12.0,8.4,5.0
2003.0,0.0,0.02,0.0,0.0,0.02,72.0,24.0,7.6,83.0
2006.0,0.0,0.04,0.0,0.01,0.05,93.0,55.0,8.8,1128.0
2007.0,0.01,0.03,0.0,0.01,0.04,87.0,36.0,8.6,235.0
2009.0,0.0,0.03,0.0,0.01,0.04,70.0,42.0,7.2,204.0
2013.0,0.06,0.25,0.0,0.04,0.34,80.0,82.0,2.1,6157.0
2007.0,0.13,0.15,0.0,0.05,0.34,69.0,35.0,7.2,40.0
2007.0,0.16,0.02,0.0,0.01,0.19,69.0,49.0,7.3,67.0
2013.0,0.1,0.0,0.04,0.03,0.17,62.0,24.0,7.6,118.0
2013.0,0.09,0.0,0.03,0.01,0.12,62.0,11.0,7.7,44.0
2005.0,0.36,0.02,0.0,0.03,0.41,81.0,72.0,8.2,146.0
2008.0,0.38,0.19,0.0,0.06,0.63,80.0,76.0,8.4,178.0
2008.0,0.17,0.16,0.0,0.06,0.39,82.0,37.0,8.1,89.0
2011.0,0.07,0.04,0.0,0.01,0.12,64.0,51.0,7.6,60.0
2008.0,0.08,0.09,0.0,0.02,0.19,52.0,35.0,4.9,22.0
2008.0,0.05,0.1,0.0,0.03,0.19,51.0,28.0,3.1,25.0
2008.0,0.0,0.01,0.0,0.0,0.01,58.0,18.0,4.8,54.0
2002.0,0.98,0.53,0.0,0.06,1.57,55.0,10.0,8.6,45.0
2002.0,0.48,0.37,0.0,0.02,0.87,65.0,14.0,8.1,17.0
2003.0,0.06,0.02,0.0,0.0,0.08,62.0,19.0,8.4,13.0
2005.0,0.09,0.07,0.0,0.02,0.19,62.0,15.0,8.5,10.0
2005.0,0.08,0.02,0.0,0.0,0.1,62.0,24.0,7.9,8.0
2004.0,0.26,0.2,0.0,0.07,0.53,58.0,24.0,8.1,21.0
2004.0,0.17,0.05,0.0,0.01,0.22,60.0,40.0,7.3,9.0
2002.0,0.1,0.08,0.0,0.03,0.21,47.0,7.0,7.4,8.0
2005.0,0.05,0.04,0.0,0.01,0.11,58.0,29.0,7.4,24.0
2005.0,0.04,0.01,0.0,0.0,0.06,60.0,31.0,7.1,17.0
2006.0,0.07,0.0,0.03,0.01,0.1,73.0,36.0,8.2,35.0
2002.0,0.28,0.22,0.0,0.07,0.58,78.0,33.0,6.6,25.0
2007.0,0.28,0.0,0.01,0.02,0.3,83.0,38.0,8.4,45.0
2013.0,0.0,0.01,0.0,0.0,0.01,62.0,24.0,7.7,169.0
2006.0,3.07,1.91,0.07,0.57,5.63,67.0,35.0,7.2,21.0
2007.0,1.41,1.12,0.05,0.3,2.89,61.0,37.0,5.3,23.0
2008.0,0.51,0.27,0.01,0.08,0.87,62.0,17.0,4.9,12.0
2007.0,1.6,1.49,0.1,0.39,3.58,70.0,39.0,8.0,9.0
2011.0,0.5,0.07,0.0,0.05,0.61,56.0,6.0,6.0,7.0
2009.0,0.06,0.04,0.0,0.01,0.11,39.0,5.0,2.0,6.0
2009.0,0.05,0.0,0.0,0.0,0.05,42.0,7.0,5.5,8.0
2014.0,0.08,0.01,0.06,0.03,0.18,60.0,19.0,7.4,58.0
2011.0,0.0,0.0,0.04,0.0,0.04,67.0,23.0,8.2,50.0
2003.0,0.18,0.05,0.0,0.01,0.24,53.0,4.0,8.6,12.0
2004.0,0.65,0.51,0.0,0.17,1.33,57.0,15.0,6.5,21.0
2007.0,0.07,0.0,0.0,0.01,0.08,54.0,6.0,5.7,6.0
2001.0,0.0,0.02,0.0,0.0,0.03,74.0,16.0,8.6,60.0
2003.0,0.85,0.23,0.0,0.04,1.11,74.0,38.0,7.6,51.0
2004.0,0.0,0.07,0.0,0.02,0.08,88.0,9.0,8.9,9851.0
2007.0,1.0,0.53,0.03,0.18,1.75,83.0,75.0,8.0,340.0
2010.0,0.63,0.36,0.02,0.1,1.12,70.0,91.0,6.0,202.0
2007.0,0.13,0.0,0.0,0.01,0.14,64.0,9.0,5.4,13.0
2008.0,0.25,0.19,0.0,0.06,0.5,73.0,7.0,6.5,36.0
2008.0,0.22,0.2,0.0,0.05,0.47,60.0,42.0,6.5,23.0
2008.0,0.35,0.05,0.0,0.03,0.43,70.0,13.0,6.6,16.0
2008.0,0.38,0.0,0.0,0.03,0.42,45.0,12.0,5.8,8.0
2004.0,0.32,0.25,0.0,0.08,0.64,64.0,38.0,8.0,129.0
2004.0,0.11,0.03,0.0,0.01,0.15,66.0,30.0,8.7,29.0
2004.0,0.11,0.08,0.0,0.03,0.21,63.0,17.0,8.0,7.0
2004.0,0.07,0.02,0.0,0.0,0.09,65.0,25.0,6.4,7.0
2002.0,0.95,0.7,0.0,0.08,1.73,78.0,18.0,7.9,27.0
2001.0,2.07,2.29,0.24,0.82,5.42,66.0,22.0,7.1,156.0
2002.0,0.59,0.57,0.0,0.07,1.23,70.0,16.0,8.1,19.0
2002.0,0.46,0.12,0.0,0.02,0.59,62.0,11.0,7.3,22.0
2003.0,0.63,0.66,0.0,0.07,1.36,75.0,21.0,7.8,30.0
1998.0,3.68,1.75,1.42,0.28,7.13,91.0,12.0,8.9,432.0
2004.0,0.46,0.17,0.0,0.01,0.64,67.0,23.0,6.6,12.0
2000.0,1.56,1.47,0.19,0.17,3.39,68.0,12.0,8.2,99.0
2003.0,0.74,1.01,0.0,0.2,1.95,69.0,24.0,7.7,59.0
2003.0,0.33,0.12,0.0,0.01,0.46,77.0,6.0,8.3,12.0
2003.0,0.24,0.07,0.0,0.01,0.31,70.0,14.0,8.9,16.0
2003.0,0.2,0.05,0.0,0.01,0.26,66.0,10.0,7.4,8.0
2007.0,0.42,0.02,0.0,0.04,0.48,73.0,8.0,5.9,10.0
2007.0,0.39,0.02,0.0,0.03,0.45,69.0,16.0,5.8,22.0
2007.0,0.34,0.01,0.0,0.06,0.41,70.0,12.0,5.9,48.0
2007.0,0.27,0.02,0.0,0.02,0.32,65.0,25.0,6.3,39.0
2005.0,0.27,0.21,0.0,0.07,0.54,66.0,21.0,7.0,49.0
2005.0,0.16,0.05,0.0,0.03,0.24,68.0,9.0,7.1,25.0
2005.0,0.12,0.03,0.0,0.0,0.16,66.0,14.0,7.3,11.0
2005.0,0.09,0.03,0.0,0.0,0.13,69.0,17.0,7.8,11.0
1999.0,2.57,1.57,0.44,0.21,4.79,88.0,20.0,9.0,233.0
2001.0,1.13,1.12,0.06,0.22,2.52,80.0,15.0,7.9,46.0
2001.0,0.36,0.09,0.02,0.01,0.49,69.0,20.0,7.5,21.0
2003.0,0.21,0.08,0.0,0.01,0.3,48.0,14.0,5.9,8.0
2007.0,0.1,0.22,0.02,0.12,0.47,64.0,25.0,7.1,18.0
2001.0,0.0,0.0,0.07,0.0,0.07,82.0,18.0,8.1,29.0
2002.0,0.14,0.04,0.02,0.01,0.2,69.0,33.0,8.5,13.0
2010.0,0.11,0.03,0.0,0.02,0.16,61.0,23.0,5.2,5.0
2010.0,0.1,0.03,0.0,0.01,0.14,60.0,19.0,5.8,10.0
2010.0,0.04,0.01,0.0,0.01,0.06,54.0,7.0,6.8,9.0
2005.0,0.04,0.01,0.0,0.0,0.05,30.0,19.0,3.4,9.0
2013.0,0.01,0.01,0.04,0.01,0.06,55.0,31.0,6.7,37.0
2008.0,0.06,0.0,0.0,0.0,0.06,78.0,20.0,7.5,30.0
2002.0,0.04,0.01,0.04,0.0,0.09,78.0,19.0,8.2,10.0
2004.0,0.03,0.03,0.0,0.01,0.07,75.0,27.0,8.3,6.0
2003.0,0.65,0.19,0.0,0.03,0.87,88.0,49.0,8.8,45.0
2004.0,0.02,0.01,0.0,0.0,0.03,62.0,30.0,7.8,4.0
2007.0,1.35,0.59,0.8,0.43,3.18,83.0,67.0,8.0,463.0
2008.0,0.14,0.02,0.05,0.02,0.23,52.0,32.0,7.2,82.0
2008.0,0.5,0.0,0.0,0.04,0.55,67.0,19.0,6.8,6.0
2003.0,0.06,0.05,0.0,0.02,0.13,48.0,26.0,3.7,6.0
2007.0,0.1,0.01,0.0,0.01,0.12,25.0,7.0,3.7,18.0
2007.0,0.07,0.0,0.0,0.01,0.08,83.0,41.0,9.0,21.0
2012.0,0.07,0.04,0.0,0.01,0.12,71.0,32.0,7.4,16.0
2007.0,0.0,0.69,0.0,0.02,0.71,91.0,56.0,8.0,1970.0
2008.0,0.0,0.02,0.0,0.0,0.02,84.0,56.0,7.9,516.0
2011.0,0.71,0.49,0.02,0.12,1.34,84.0,72.0,7.5,533.0
2011.0,0.46,0.56,0.06,0.21,1.29,85.0,54.0,7.2,406.0
2011.0,0.16,0.45,0.0,0.13,0.74,86.0,42.0,6.8,1594.0
2013.0,0.51,0.31,0.01,0.08,0.9,76.0,45.0,6.7,344.0
2013.0,0.26,0.42,0.03,0.16,0.87,77.0,23.0,6.3,288.0
2013.0,0.17,0.39,0.0,0.07,0.63,76.0,47.0,6.5,1223.0
2004.0,0.09,0.03,0.0,0.0,0.12,45.0,14.0,7.3,4.0
2010.0,0.11,0.05,0.0,0.02,0.18,39.0,5.0,5.6,13.0
2010.0,0.11,0.04,0.0,0.01,0.17,42.0,9.0,4.8,4.0
2010.0,0.0,0.03,0.0,0.01,0.04,47.0,5.0,5.5,6.0
2011.0,0.05,0.04,0.0,0.01,0.1,51.0,15.0,5.9,14.0
2002.0,0.01,0.0,0.15,0.0,0.17,71.0,12.0,8.5,21.0
2002.0,0.01,0.01,0.0,0.0,0.03,78.0,26.0,8.9,9.0
2006.0,0.12,0.0,0.03,0.01,0.16,75.0,33.0,8.7,49.0
2006.0,0.06,0.05,0.0,0.02,0.12,53.0,13.0,7.7,6.0
2009.0,0.09,0.1,0.0,0.02,0.21,67.0,51.0,7.6,33.0
2004.0,0.29,0.07,0.0,0.01,0.37,65.0,31.0,8.1,27.0
2006.0,0.01,0.02,0.12,0.0,0.16,74.0,22.0,8.3,27.0
2004.0,0.02,0.01,0.0,0.0,0.04,53.0,28.0,8.8,4.0
2003.0,0.03,0.01,0.0,0.0,0.04,74.0,11.0,8.8,6.0
2012.0,0.07,0.0,0.0,0.01,0.07,49.0,24.0,5.5,6.0
2009.0,0.07,0.01,0.0,0.01,0.09,36.0,36.0,2.8,40.0
2009.0,0.06,0.01,0.0,0.01,0.07,36.0,39.0,5.6,50.0
2010.0,2.15,0.76,0.01,0.26,3.17,82.0,63.0,7.6,85.0
2014.0,0.15,0.03,0.0,0.0,0.19,74.0,19.0,7.0,47.0
2011.0,1.45,0.41,0.01,0.16,2.04,86.0,56.0,8.2,63.0
2012.0,0.57,0.18,0.0,0.06,0.81,86.0,43.0,8.0,45.0
2007.0,1.35,0.52,0.0,0.19,2.07,73.0,16.0,7.1,27.0
2008.0,0.94,0.48,0.01,0.15,1.58,69.0,8.0,6.8,6.0
2009.0,0.26,0.14,0.0,0.04,0.44,66.0,5.0,8.2,5.0
2005.0,0.36,0.09,0.0,0.01,0.47,69.0,28.0,8.4,19.0
2000.0,0.02,0.02,0.0,0.0,0.04,74.0,7.0,8.3,13.0
2004.0,1.04,0.81,0.0,0.27,2.13,77.0,26.0,9.0,20.0
2005.0,0.95,0.04,0.0,0.16,1.14,76.0,27.0,9.0,21.0
2006.0,0.87,0.03,0.0,0.14,1.04,73.0,25.0,8.7,6.0
2003.0,0.42,0.11,0.0,0.02,0.54,82.0,24.0,8.8,10.0
2004.0,0.32,0.09,0.0,0.02,0.42,78.0,16.0,7.1,7.0
2005.0,0.28,0.08,0.0,0.01,0.38,75.0,16.0,8.6,8.0
2007.0,0.3,0.0,0.0,0.02,0.32,74.0,26.0,8.8,5.0
2007.0,0.46,0.0,0.0,0.04,0.5,65.0,10.0,7.4,5.0
2008.0,0.28,0.0,0.0,0.02,0.3,65.0,6.0,7.7,7.0
2008.0,0.85,0.66,0.01,0.22,1.75,55.0,6.0,6.2,6.0
2006.0,0.02,0.01,0.0,0.0,0.03,56.0,22.0,5.8,8.0
2010.0,0.15,0.02,0.02,0.01,0.19,63.0,30.0,5.9,7.0
2010.0,0.25,0.65,0.0,0.12,1.02,48.0,6.0,3.3,4.0
2007.0,0.22,0.0,0.0,0.02,0.24,42.0,5.0,6.2,5.0
2013.0,0.09,0.05,0.15,0.04,0.33,80.0,55.0,8.1,235.0
2014.0,0.08,0.05,0.0,0.04,0.17,81.0,50.0,8.7,140.0
2014.0,0.06,0.01,0.12,0.02,0.21,72.0,35.0,8.4,77.0
2010.0,0.64,0.28,0.04,0.13,1.08,75.0,69.0,7.5,265.0
2010.0,0.63,0.2,0.02,0.07,0.92,73.0,71.0,7.7,224.0
2010.0,0.12,0.03,0.01,0.02,0.19,70.0,14.0,8.1,46.0
2001.0,0.04,0.03,0.0,0.01,0.09,53.0,9.0,5.6,5.0
2000.0,0.83,0.44,0.08,0.19,1.54,80.0,27.0,8.2,99.0
2002.0,0.38,0.25,0.26,0.07,0.96,87.0,41.0,9.1,174.0
2002.0,0.01,0.0,0.0,0.0,0.01,61.0,12.0,6.4,7.0
2009.0,0.09,0.0,0.0,0.01,0.1,44.0,25.0,4.8,76.0
2008.0,0.16,0.02,0.01,0.02,0.2,52.0,27.0,7.0,48.0
2008.0,0.22,0.2,0.01,0.05,0.48,72.0,71.0,7.5,147.0
2008.0,0.23,0.16,0.01,0.07,0.47,72.0,47.0,7.6,70.0
2010.0,0.67,0.28,0.01,0.1,1.06,83.0,81.0,7.9,292.0
2010.0,0.07,0.06,0.0,0.02,0.15,83.0,18.0,7.8,603.0
2010.0,0.01,0.0,0.0,0.0,0.02,82.0,73.0,7.9,319.0
2016.0,0.02,0.0,0.0,0.0,0.02,79.0,9.0,8.5,15.0
2016.0,0.01,0.0,0.0,0.0,0.01,80.0,13.0,7.9,14.0
2012.0,0.35,0.35,0.01,0.14,0.84,84.0,39.0,7.1,422.0
2012.0,0.45,0.27,0.0,0.07,0.79,83.0,63.0,8.0,456.0
2012.0,0.03,0.1,0.0,0.02,0.15,81.0,23.0,7.8,653.0
2012.0,0.07,0.07,0.0,0.01,0.15,85.0,36.0,8.2,153.0
2011.0,0.75,0.51,0.54,0.22,2.02,89.0,54.0,8.7,1397.0
2011.0,0.64,0.27,0.0,0.09,0.99,89.0,66.0,8.4,1106.0
2014.0,0.4,0.33,0.4,0.15,1.27,91.0,69.0,8.1,1107.0
2014.0,0.48,0.18,0.01,0.07,0.74,91.0,30.0,7.9,915.0
2014.0,0.08,0.08,0.0,0.01,0.17,91.0,36.0,7.1,2318.0
2016.0,0.65,0.45,0.34,0.22,1.65,89.0,69.0,8.8,1940.0
2016.0,0.26,0.09,0.0,0.04,0.39,87.0,14.0,8.6,514.0
2016.0,0.0,0.07,0.0,0.0,0.07,89.0,56.0,8.6,1848.0
2011.0,0.07,0.03,0.0,0.01,0.12,65.0,52.0,6.0,133.0
2004.0,0.13,0.0,0.0,0.01,0.15,74.0,27.0,7.9,25.0
2013.0,0.0,0.0,0.03,0.0,0.03,80.0,33.0,7.3,27.0
2006.0,0.0,0.03,0.0,0.01,0.03,71.0,33.0,7.2,54.0
2010.0,0.11,0.07,0.0,0.02,0.2,63.0,33.0,7.2,19.0
2001.0,0.37,0.25,0.0,0.04,0.66,58.0,10.0,8.3,12.0
2002.0,0.04,0.01,0.0,0.0,0.05,68.0,16.0,4.5,4.0
2010.0,0.18,0.12,0.0,0.05,0.35,59.0,50.0,6.0,36.0
2010.0,0.19,0.09,0.0,0.03,0.31,59.0,69.0,6.0,61.0
2010.0,0.0,0.01,0.0,0.0,0.02,57.0,22.0,5.1,67.0
2005.0,0.16,0.12,0.0,0.04,0.32,74.0,37.0,8.4,42.0
2005.0,0.16,0.05,0.0,0.01,0.21,75.0,43.0,8.1,21.0
2010.0,0.08,0.0,0.0,0.01,0.09,56.0,7.0,8.2,5.0
2006.0,0.06,0.0,0.0,0.01,0.07,32.0,11.0,4.6,10.0
2000.0,0.91,0.11,0.0,0.03,1.05,82.0,14.0,8.4,5.0
2001.0,0.15,0.1,0.0,0.02,0.27,67.0,11.0,8.1,7.0
2001.0,0.67,0.53,0.0,0.18,1.38,81.0,21.0,8.1,18.0
2001.0,0.21,0.06,0.0,0.01,0.28,78.0,15.0,7.7,10.0
2001.0,0.15,0.04,0.0,0.01,0.2,76.0,18.0,8.2,6.0
2009.0,0.0,0.32,0.0,0.06,0.38,82.0,32.0,8.8,132.0
2009.0,0.12,0.06,0.0,0.02,0.19,81.0,24.0,8.5,15.0
2009.0,0.07,0.03,0.0,0.01,0.11,82.0,11.0,7.3,7.0
2006.0,0.07,0.05,0.29,0.02,0.43,57.0,27.0,6.8,11.0
2006.0,2.45,1.01,0.0,0.75,4.21,85.0,59.0,8.7,109.0
2011.0,0.35,0.11,0.0,0.06,0.51,67.0,46.0,7.4,139.0
2011.0,0.16,0.06,0.0,0.02,0.23,72.0,27.0,6.8,243.0
2003.0,1.05,0.59,0.0,0.18,1.81,82.0,27.0,8.2,11.0
2007.0,0.04,0.0,0.0,0.0,0.04,75.0,30.0,7.3,23.0
2011.0,1.48,0.69,0.0,0.2,2.37,71.0,75.0,6.9,627.0
2011.0,1.08,0.73,0.15,0.31,2.27,71.0,41.0,6.6,405.0
2011.0,0.12,0.07,0.0,0.03,0.22,80.0,24.0,6.8,1428.0
2013.0,0.44,0.26,0.01,0.07,0.78,57.0,43.0,6.3,192.0
2013.0,0.26,0.19,0.07,0.09,0.6,62.0,25.0,5.9,140.0
2016.0,0.03,0.07,0.01,0.02,0.14,63.0,32.0,6.4,45.0
2016.0,0.02,0.03,0.0,0.0,0.05,67.0,10.0,4.9,18.0
2008.0,0.04,0.0,0.0,0.0,0.05,56.0,14.0,5.9,15.0
2012.0,0.04,0.0,0.0,0.0,0.04,37.0,5.0,6.3,4.0
2009.0,0.08,0.12,0.0,0.02,0.22,72.0,45.0,8.8,36.0
2010.0,0.18,0.06,0.0,0.02,0.26,68.0,39.0,8.2,332.0
2004.0,0.09,0.02,0.0,0.0,0.11,62.0,31.0,8.1,9.0
1998.0,0.09,0.06,0.1,0.02,0.28,84.0,10.0,8.6,18.0
2011.0,0.13,0.21,0.07,0.03,0.45,79.0,62.0,8.2,113.0
2001.0,1.19,0.29,0.24,0.06,1.77,87.0,35.0,8.6,44.0
2005.0,0.3,0.03,0.1,0.03,0.47,85.0,76.0,8.2,223.0
2012.0,0.23,0.14,0.2,0.07,0.64,74.0,34.0,7.7,109.0
2012.0,0.19,0.08,0.03,0.03,0.32,76.0,39.0,7.9,95.0
2010.0,0.07,0.02,0.07,0.02,0.18,38.0,34.0,5.6,37.0
2004.0,0.3,0.1,0.08,0.02,0.5,83.0,64.0,8.7,25.0
2006.0,0.15,0.02,0.06,0.02,0.25,53.0,46.0,6.7,42.0
2016.0,0.0,0.0,0.05,0.0,0.05,43.0,9.0,7.8,110.0
2003.0,0.36,0.08,0.14,0.02,0.59,73.0,42.0,7.8,47.0
2013.0,0.23,0.14,0.0,0.08,0.45,61.0,27.0,7.2,221.0
2013.0,0.26,0.13,0.0,0.04,0.43,62.0,49.0,7.4,368.0
2015.0,0.14,0.11,0.0,0.05,0.29,60.0,11.0,5.7,68.0
2006.0,1.16,0.64,0.08,0.2,2.08,85.0,82.0,7.6,520.0
2016.0,0.02,0.0,0.01,0.01,0.04,78.0,6.0,6.6,30.0
2009.0,0.15,0.07,0.05,0.02,0.29,61.0,30.0,6.5,35.0
2010.0,0.75,0.52,0.09,0.12,1.49,79.0,76.0,6.9,216.0
2010.0,0.43,0.56,0.15,0.21,1.36,80.0,54.0,6.7,178.0
2010.0,0.1,0.02,0.0,0.01,0.14,78.0,17.0,6.3,211.0
2016.0,0.01,0.0,0.01,0.0,0.03,82.0,4.0,6.6,8.0
2011.0,0.11,0.08,0.1,0.03,0.32,72.0,31.0,7.1,35.0
2011.0,0.17,0.08,0.0,0.02,0.27,72.0,48.0,7.5,60.0
2011.0,0.04,0.02,0.0,0.01,0.06,66.0,10.0,5.3,54.0
2013.0,1.06,0.35,0.01,0.15,1.57,78.0,69.0,6.8,908.0
2008.0,1.05,0.66,0.0,0.29,2.0,88.0,67.0,8.8,545.0
2008.0,0.89,0.39,0.0,0.13,1.4,89.0,79.0,8.7,768.0
2008.0,0.0,0.53,0.0,0.06,0.59,86.0,28.0,8.0,1093.0
2011.0,0.94,0.44,0.0,0.13,1.51,90.0,83.0,8.6,679.0
2011.0,0.73,0.48,0.0,0.21,1.42,89.0,78.0,8.4,535.0
2011.0,0.13,0.15,0.0,0.04,0.32,87.0,28.0,8.3,974.0
2013.0,0.64,0.26,0.0,0.08,0.98,78.0,68.0,6.4,694.0
2013.0,0.44,0.36,0.0,0.16,0.96,76.0,37.0,6.4,522.0
2009.0,0.32,0.1,0.01,0.04,0.47,82.0,76.0,8.1,82.0
2002.0,0.67,0.52,0.0,0.17,1.36,73.0,20.0,8.9,36.0
2002.0,0.53,0.17,0.0,0.03,0.72,73.0,39.0,8.9,16.0
2002.0,0.11,0.03,0.0,0.0,0.14,77.0,16.0,8.7,7.0
2005.0,0.12,0.0,0.0,0.01,0.13,54.0,26.0,7.2,22.0
2010.0,0.1,0.12,0.02,0.05,0.28,60.0,44.0,5.9,27.0
2010.0,0.11,0.08,0.0,0.02,0.21,61.0,64.0,7.0,34.0
2005.0,0.1,0.08,0.0,0.03,0.2,51.0,32.0,5.3,7.0
2005.0,0.08,0.02,0.0,0.0,0.11,54.0,35.0,7.4,5.0
2007.0,1.15,0.4,0.0,0.15,1.7,20.0,13.0,1.9,41.0
2009.0,1.2,0.0,0.0,0.09,1.29,56.0,4.0,5.0,5.0
2005.0,0.05,0.04,0.0,0.01,0.1,51.0,45.0,6.2,24.0
2005.0,0.17,0.0,0.0,0.01,0.19,61.0,40.0,7.3,21.0
2008.0,0.1,0.0,0.0,0.01,0.11,71.0,14.0,8.1,14.0
2007.0,0.08,0.0,0.0,0.01,0.08,47.0,23.0,7.5,6.0
2006.0,0.05,0.0,0.0,0.0,0.05,68.0,34.0,7.3,9.0
2009.0,0.15,0.06,0.05,0.02,0.28,76.0,29.0,8.4,47.0
2008.0,0.49,0.37,0.0,0.1,0.96,82.0,48.0,8.6,73.0
2011.0,0.11,0.07,0.0,0.03,0.21,74.0,50.0,7.1,34.0
2011.0,0.11,0.06,0.0,0.02,0.18,79.0,20.0,8.1,26.0
2011.0,0.1,0.04,0.0,0.01,0.15,77.0,54.0,7.5,23.0
2011.0,0.08,0.02,0.0,0.01,0.11,75.0,11.0,8.2,6.0
2008.0,1.11,0.85,0.29,0.25,2.5,50.0,23.0,5.4,16.0
2010.0,0.27,0.04,0.0,0.02,0.33,26.0,16.0,3.7,9.0
2014.0,0.02,0.02,0.07,0.01,0.13,67.0,19.0,7.5,61.0
2014.0,0.03,0.02,0.06,0.01,0.11,70.0,19.0,8.2,27.0
2006.0,0.06,0.0,0.0,0.0,0.07,57.0,18.0,8.8,4.0
2002.0,0.2,0.15,0.0,0.05,0.4,73.0,24.0,7.8,6.0
2013.0,0.38,0.14,0.0,0.05,0.57,60.0,27.0,7.2,249.0
2013.0,0.19,0.1,0.0,0.06,0.35,59.0,21.0,6.9,145.0
2013.0,0.14,0.04,0.0,0.02,0.21,64.0,40.0,6.5,661.0
2004.0,0.86,0.67,0.0,0.22,1.76,83.0,46.0,8.9,73.0
2006.0,0.08,0.0,0.0,0.01,0.09,79.0,25.0,8.2,16.0
2007.0,0.16,0.19,0.0,0.08,0.42,68.0,38.0,4.4,40.0
2007.0,0.3,0.01,0.0,0.03,0.34,69.0,48.0,6.3,108.0
2010.0,0.25,0.04,0.0,0.03,0.32,75.0,25.0,6.3,4.0
2010.0,0.25,0.02,0.0,0.02,0.29,74.0,36.0,5.4,9.0
2003.0,0.95,0.74,0.0,0.25,1.94,80.0,33.0,8.9,41.0
2003.0,0.19,0.05,0.0,0.01,0.25,81.0,22.0,8.5,8.0
2005.0,0.22,0.17,0.0,0.06,0.46,58.0,25.0,8.8,51.0
2005.0,0.25,0.07,0.0,0.01,0.34,61.0,37.0,6.6,19.0
2007.0,0.15,0.01,0.0,0.01,0.17,72.0,48.0,7.9,37.0
2010.0,0.09,0.01,0.0,0.01,0.11,75.0,25.0,8.3,31.0
2009.0,0.0,0.02,0.0,0.0,0.02,76.0,50.0,7.9,183.0
2002.0,0.02,0.01,0.0,0.0,0.02,62.0,8.0,8.3,15.0
2009.0,0.97,0.33,0.35,0.17,1.82,89.0,81.0,8.9,1441.0
2013.0,0.04,0.02,0.08,0.02,0.17,70.0,38.0,7.4,129.0
2014.0,0.05,0.0,0.09,0.01,0.16,66.0,13.0,8.2,29.0
2014.0,0.04,0.0,0.08,0.01,0.13,75.0,7.0,8.5,28.0
2012.0,0.0,0.13,0.0,0.02,0.15,74.0,33.0,8.2,307.0
2014.0,2.49,2.07,0.16,0.92,5.64,76.0,95.0,6.1,5380.0
2014.0,2.14,0.92,0.0,0.31,3.37,75.0,11.0,5.5,1735.0
2015.0,0.78,0.79,0.04,0.31,1.93,86.0,81.0,6.0,1079.0
2015.0,0.85,0.23,0.0,0.12,1.19,89.0,11.0,5.2,393.0
2004.0,0.06,0.05,0.0,0.02,0.13,57.0,27.0,7.8,14.0
2000.0,0.08,0.05,0.0,0.01,0.14,69.0,9.0,7.3,14.0
2000.0,0.0,0.01,0.0,0.0,0.01,90.0,28.0,9.3,1069.0
2011.0,0.76,0.47,0.02,0.12,1.37,89.0,70.0,8.3,684.0
2011.0,0.5,0.59,0.07,0.22,1.37,89.0,50.0,8.2,682.0
2011.0,0.25,0.25,0.0,0.08,0.58,90.0,52.0,8.5,3069.0
2003.0,0.25,0.07,0.0,0.01,0.33,84.0,50.0,7.6,37.0
2016.0,0.11,0.21,0.0,0.06,0.38,84.0,59.0,7.6,511.0
2016.0,0.09,0.06,0.0,0.01,0.17,83.0,18.0,7.2,175.0
2016.0,0.0,0.03,0.0,0.0,0.03,83.0,55.0,6.1,684.0
2002.0,0.1,0.08,0.0,0.03,0.21,81.0,25.0,8.9,49.0
2015.0,0.04,0.02,0.0,0.01,0.06,43.0,54.0,6.5,283.0
2005.0,0.03,0.03,0.18,0.01,0.25,64.0,27.0,7.4,12.0
2001.0,1.36,0.86,0.64,0.13,2.99,94.0,37.0,8.5,466.0
2003.0,0.71,0.58,0.51,0.17,1.97,68.0,40.0,6.6,167.0
2005.0,0.99,0.63,0.29,0.19,2.09,84.0,60.0,9.0,212.0
2008.0,0.58,0.45,0.34,0.2,1.57,84.0,63.0,8.2,311.0
2008.0,0.79,0.34,0.08,0.13,1.34,84.0,61.0,8.0,248.0
2008.0,0.01,0.02,0.0,0.01,0.04,78.0,21.0,8.5,353.0
2012.0,0.42,0.19,0.11,0.09,0.82,74.0,27.0,8.8,158.0
2012.0,0.28,0.11,0.01,0.03,0.43,77.0,32.0,8.4,93.0
2007.0,0.14,0.0,0.01,0.01,0.16,67.0,29.0,6.3,15.0
1996.0,0.01,1.58,0.0,0.0,1.59,94.0,12.0,8.7,850.0
2000.0,0.01,0.1,0.0,0.02,0.13,88.0,34.0,8.8,1056.0
2001.0,1.03,0.02,0.0,0.0,1.06,87.0,21.0,9.1,639.0
2012.0,2.44,2.16,0.0,0.54,5.14,88.0,86.0,4.0,9629.0
2013.0,0.72,0.75,0.15,0.29,1.91,86.0,43.0,6.4,557.0
2013.0,0.9,0.39,0.0,0.12,1.41,87.0,42.0,6.6,384.0
2007.0,1.09,0.03,0.0,0.09,1.22,63.0,39.0,7.5,27.0
2002.0,0.09,0.02,0.0,0.0,0.12,54.0,23.0,7.0,10.0
2014.0,0.06,0.02,0.0,0.02,0.09,49.0,12.0,5.8,32.0
1999.0,0.06,0.04,0.0,0.01,0.11,51.0,5.0,9.0,44.0
2001.0,0.01,0.01,0.0,0.0,0.02,64.0,5.0,8.8,71.0
2004.0,0.05,0.04,0.0,0.01,0.09,63.0,9.0,7.3,23.0
2004.0,0.03,0.01,0.0,0.0,0.04,71.0,5.0,8.1,7.0
2004.0,0.01,0.0,0.0,0.0,0.02,65.0,8.0,8.8,4.0
2016.0,0.0,0.1,0.0,0.02,0.11,75.0,45.0,8.5,289.0
2006.0,0.12,0.09,0.0,0.03,0.24,43.0,12.0,8.0,20.0
2000.0,0.23,0.16,0.16,0.04,0.58,42.0,5.0,7.6,47.0
2005.0,0.08,0.06,0.0,0.02,0.15,48.0,7.0,6.9,37.0
2005.0,0.07,0.02,0.0,0.0,0.09,55.0,4.0,8.1,19.0
2005.0,0.02,0.01,0.0,0.0,0.03,54.0,5.0,8.8,4.0
2008.0,0.0,0.0,0.07,0.0,0.07,49.0,6.0,6.5,13.0
2006.0,0.09,0.0,0.0,0.01,0.1,71.0,8.0,7.6,27.0
2000.0,0.34,0.49,0.28,0.1,1.21,86.0,13.0,9.0,91.0
2003.0,0.08,0.03,0.03,0.0,0.14,51.0,28.0,4.1,22.0
2016.0,0.0,0.02,0.0,0.0,0.02,31.0,22.0,4.5,66.0
2007.0,0.2,0.0,0.0,0.02,0.22,61.0,13.0,8.0,9.0
2002.0,0.07,0.06,0.08,0.02,0.22,50.0,18.0,6.3,8.0
2006.0,0.47,0.37,0.52,0.12,1.48,57.0,51.0,6.9,103.0
2007.0,0.16,0.66,0.0,0.23,1.05,83.0,32.0,8.0,32.0
2007.0,0.38,0.4,0.0,0.09,0.87,83.0,59.0,7.4,94.0
2007.0,0.0,0.02,0.0,0.0,0.02,84.0,20.0,7.3,91.0
2009.0,0.27,0.52,0.0,0.19,0.99,87.0,63.0,8.2,94.0
2009.0,0.32,0.39,0.0,0.09,0.8,87.0,65.0,8.2,110.0
2009.0,0.1,0.22,0.0,0.04,0.37,51.0,10.0,5.5,22.0
2009.0,0.09,0.15,0.0,0.08,0.32,55.0,13.0,5.7,10.0
2009.0,0.0,0.04,0.0,0.01,0.05,89.0,22.0,8.2,352.0
2011.0,0.27,0.57,0.01,0.2,1.06,87.0,52.0,7.1,122.0
2011.0,0.23,0.4,0.01,0.08,0.72,87.0,81.0,7.1,166.0
2011.0,0.0,0.13,0.0,0.03,0.15,86.0,23.0,6.9,433.0
2016.0,0.04,0.27,0.0,0.05,0.37,85.0,46.0,8.1,196.0
2016.0,0.04,0.08,0.0,0.01,0.12,86.0,17.0,8.0,60.0
2016.0,0.0,0.03,0.0,0.0,0.03,86.0,33.0,8.7,288.0
2012.0,0.08,0.13,0.0,0.02,0.23,75.0,53.0,6.4,53.0
2012.0,0.02,0.12,0.0,0.03,0.18,75.0,27.0,6.3,43.0
2002.0,0.03,0.02,0.15,0.01,0.21,66.0,28.0,8.0,7.0
2010.0,0.0,0.01,0.0,0.0,0.02,56.0,36.0,5.4,105.0
2006.0,0.15,0.01,0.04,0.02,0.23,87.0,37.0,8.2,69.0
2003.0,0.16,0.13,0.0,0.04,0.33,84.0,42.0,8.9,74.0
2006.0,0.09,0.07,0.15,0.02,0.33,84.0,54.0,6.4,42.0
2009.0,0.1,0.01,0.12,0.02,0.25,83.0,33.0,7.1,47.0
2008.0,0.33,0.03,0.11,0.04,0.52,78.0,51.0,7.5,150.0
2011.0,0.27,0.11,0.14,0.05,0.57,80.0,39.0,7.8,126.0
2015.0,0.11,0.08,0.06,0.04,0.29,80.0,43.0,8.1,173.0
2013.0,0.09,0.0,0.1,0.02,0.21,74.0,37.0,8.1,61.0
2008.0,0.11,0.01,0.05,0.01,0.18,82.0,32.0,7.5,35.0
2010.0,0.07,0.0,0.01,0.01,0.09,64.0,15.0,4.4,40.0
2012.0,1.06,0.5,0.01,0.14,1.71,88.0,56.0,7.9,815.0
2012.0,0.72,0.52,0.04,0.25,1.53,89.0,35.0,7.9,781.0
2016.0,0.22,0.32,0.0,0.1,0.64,88.0,56.0,7.7,569.0
2016.0,0.12,0.08,0.0,0.02,0.22,88.0,22.0,6.8,156.0
2016.0,0.04,0.07,0.0,0.01,0.12,86.0,37.0,6.0,383.0
2009.0,0.21,0.01,0.0,0.02,0.23,66.0,7.0,6.5,4.0
2000.0,0.05,0.04,0.0,0.01,0.09,61.0,11.0,8.3,7.0
2001.0,0.1,0.07,0.0,0.01,0.17,73.0,7.0,8.5,6.0
2005.0,0.32,0.25,0.0,0.08,0.65,60.0,20.0,8.9,7.0
2000.0,0.08,0.06,0.0,0.01,0.15,65.0,4.0,7.0,10.0
2000.0,0.04,0.03,0.0,0.01,0.08,73.0,10.0,7.3,7.0
2002.0,0.03,0.01,0.0,0.0,0.04,61.0,7.0,3.0,4.0
2003.0,0.16,0.12,0.0,0.04,0.32,78.0,15.0,8.3,12.0
2003.0,0.09,0.02,0.0,0.0,0.12,76.0,18.0,7.6,5.0
2003.0,0.08,0.02,0.0,0.0,0.11,76.0,15.0,8.3,7.0
2005.0,0.11,0.01,0.0,0.01,0.13,61.0,14.0,7.5,4.0
2002.0,0.37,0.14,0.0,0.01,0.51,62.0,4.0,8.8,8.0
2005.0,0.33,0.12,0.0,0.01,0.46,76.0,6.0,7.7,6.0
2002.0,0.15,0.04,0.0,0.01,0.19,50.0,9.0,8.9,10.0
2007.0,0.17,0.0,0.0,0.01,0.19,62.0,11.0,6.3,4.0
2002.0,0.04,0.01,0.0,0.0,0.05,39.0,6.0,7.8,5.0
2002.0,0.06,0.05,0.0,0.02,0.12,49.0,14.0,5.0,4.0
2013.0,0.14,0.04,0.0,0.02,0.2,51.0,10.0,5.3,9.0
2002.0,0.15,0.12,0.0,0.04,0.31,59.0,17.0,7.8,4.0
2001.0,0.2,0.16,0.0,0.05,0.41,59.0,7.0,7.1,7.0
2001.0,0.14,0.04,0.0,0.0,0.18,61.0,11.0,7.4,8.0
2000.0,0.17,0.12,0.0,0.02,0.31,66.0,8.0,7.2,6.0
2000.0,0.08,0.06,0.0,0.01,0.15,30.0,5.0,6.9,9.0
2016.0,0.02,0.01,0.08,0.0,0.11,72.0,16.0,6.8,5.0
2002.0,0.07,0.06,0.02,0.02,0.17,72.0,10.0,8.3,7.0
2010.0,0.42,0.0,0.0,0.03,0.45,78.0,13.0,8.0,4.0
2013.0,0.97,0.34,0.0,0.13,1.44,74.0,38.0,6.5,79.0
2013.0,0.49,0.32,0.0,0.16,0.97,75.0,21.0,5.9,47.0
2013.0,0.33,0.22,0.0,0.05,0.6,71.0,10.0,7.6,58.0
2013.0,0.17,0.2,0.53,0.03,0.92,71.0,27.0,7.5,21.0
2008.0,0.39,0.01,0.0,0.03,0.43,53.0,10.0,5.2,6.0
2008.0,0.28,0.06,0.0,0.04,0.37,54.0,11.0,3.5,6.0
2002.0,0.05,0.01,0.0,0.0,0.06,36.0,7.0,4.7,6.0
2011.0,0.64,0.28,0.0,0.1,1.02,61.0,11.0,6.0,5.0
2011.0,0.3,0.22,0.0,0.09,0.61,70.0,29.0,6.9,13.0
2011.0,0.37,0.14,0.0,0.05,0.57,66.0,31.0,5.3,13.0
2008.0,0.51,0.5,0.91,0.31,2.23,79.0,61.0,8.0,139.0
2011.0,0.21,0.12,0.46,0.08,0.88,78.0,52.0,8.3,144.0
2014.0,0.0,0.02,0.0,0.0,0.02,87.0,59.0,8.7,2089.0
2009.0,0.18,0.04,0.0,0.02,0.24,62.0,37.0,6.4,36.0
2009.0,0.01,0.05,0.0,0.01,0.07,72.0,43.0,7.7,125.0
2010.0,0.0,0.02,0.0,0.01,0.03,72.0,4.0,8.3,15.0
2010.0,0.11,0.02,0.0,0.01,0.13,72.0,13.0,7.8,50.0
2009.0,0.56,0.39,0.0,0.11,1.06,84.0,72.0,8.0,42.0
2009.0,0.42,0.34,0.0,0.14,0.9,86.0,53.0,7.8,49.0
2009.0,0.45,0.23,0.0,0.07,0.76,87.0,22.0,7.6,19.0
2009.0,0.1,0.02,0.0,0.2,0.32,87.0,4.0,6.4,5.0
2010.0,0.64,0.12,0.0,0.06,0.82,86.0,66.0,7.9,23.0
2010.0,0.47,0.19,0.0,0.1,0.75,86.0,46.0,7.8,22.0
2010.0,0.48,0.09,0.0,0.04,0.62,88.0,20.0,7.5,17.0
2009.0,0.09,0.0,0.0,0.01,0.11,77.0,5.0,6.5,13.0
2005.0,0.17,0.06,0.0,0.0,0.24,70.0,30.0,5.0,6.0
2013.0,0.24,0.26,0.19,0.1,0.79,85.0,40.0,5.3,1471.0
2013.0,0.26,0.12,0.01,0.04,0.44,86.0,65.0,5.1,1438.0
2011.0,0.07,0.05,0.03,0.01,0.16,53.0,19.0,6.1,8.0
2010.0,0.0,0.04,0.0,0.01,0.05,77.0,10.0,8.6,16.0
2003.0,0.21,0.16,0.0,0.05,0.42,64.0,19.0,3.1,157.0
2008.0,0.05,0.0,0.0,0.0,0.05,60.0,16.0,7.0,8.0
2007.0,0.05,0.04,0.02,0.01,0.11,61.0,8.0,6.5,8.0
2008.0,0.12,0.0,0.0,0.01,0.13,73.0,11.0,8.3,17.0
2013.0,0.0,0.01,0.0,0.0,0.01,66.0,7.0,5.7,16.0
2012.0,0.0,0.0,0.01,0.0,0.01,76.0,26.0,8.0,18.0
2014.0,0.0,0.01,0.0,0.0,0.01,73.0,5.0,6.9,55.0
2015.0,0.01,0.09,0.0,0.02,0.12,76.0,4.0,7.4,19.0
2003.0,0.5,0.16,0.46,0.03,1.15,76.0,55.0,8.3,21.0
2004.0,0.3,0.08,0.0,0.01,0.39,69.0,30.0,6.0,9.0
2007.0,0.19,0.26,0.11,0.06,0.62,46.0,34.0,6.8,26.0
2003.0,1.2,0.48,0.29,0.07,2.04,78.0,26.0,8.9,53.0
2014.0,0.7,0.55,0.16,0.12,1.52,83.0,77.0,8.9,712.0
2004.0,0.79,0.27,0.12,0.04,1.23,80.0,22.0,9.1,37.0
2005.0,0.45,0.17,0.14,0.01,0.77,77.0,16.0,8.4,27.0
2010.0,3.17,1.79,1.03,0.46,6.44,87.0,77.0,8.6,368.0
2004.0,0.84,0.22,0.24,0.04,1.34,80.0,49.0,8.3,30.0
2009.0,0.06,0.01,0.0,0.01,0.08,71.0,4.0,7.8,5.0
2008.0,0.14,0.08,0.0,0.02,0.25,56.0,45.0,6.4,29.0
1992.0,0.02,0.0,0.0,0.0,0.03,85.0,44.0,8.2,1796.0
2001.0,0.1,0.04,0.0,0.0,0.14,81.0,24.0,8.5,15.0
2004.0,0.05,0.04,0.0,0.01,0.1,87.0,83.0,7.6,896.0
2005.0,0.85,0.43,0.0,0.06,1.34,88.0,71.0,7.4,116.0
2005.0,0.53,0.15,0.0,0.03,0.71,77.0,41.0,7.9,16.0
2012.0,0.26,0.21,0.0,0.1,0.57,67.0,16.0,6.4,107.0
2012.0,0.28,0.15,0.0,0.04,0.47,67.0,30.0,6.5,132.0
2012.0,0.0,0.02,0.0,0.0,0.03,59.0,12.0,5.3,210.0
2008.0,0.49,0.02,0.0,0.04,0.55,47.0,4.0,7.0,5.0
2003.0,0.03,0.01,0.0,0.0,0.05,75.0,21.0,8.4,5.0
2003.0,0.23,0.18,0.0,0.06,0.47,79.0,40.0,8.9,32.0
2003.0,0.27,0.21,0.0,0.07,0.56,56.0,6.0,6.5,8.0
2007.0,0.09,0.0,0.0,0.01,0.1,71.0,23.0,7.5,4.0
2013.0,0.25,0.07,0.17,0.05,0.53,82.0,62.0,8.3,288.0
2013.0,0.14,0.05,0.12,0.05,0.35,78.0,15.0,8.4,198.0
2012.0,0.41,0.44,0.72,0.17,1.74,78.0,38.0,8.3,444.0
2012.0,0.42,0.23,0.07,0.06,0.79,75.0,59.0,7.8,320.0
2014.0,0.73,0.88,0.08,0.32,2.01,89.0,43.0,7.4,1984.0
2014.0,0.56,0.28,0.0,0.09,0.93,85.0,28.0,6.9,703.0
2014.0,0.33,0.34,0.0,0.06,0.73,85.0,45.0,5.9,3926.0
2009.0,1.76,0.55,0.03,0.22,2.56,86.0,68.0,7.9,725.0
2009.0,0.96,0.42,0.08,0.21,1.67,87.0,41.0,7.9,597.0
2009.0,0.0,0.46,0.0,0.05,0.51,91.0,67.0,8.6,3542.0
2011.0,0.72,0.29,0.01,0.09,1.11,79.0,75.0,4.5,2380.0
2011.0,0.4,0.26,0.05,0.11,0.83,82.0,52.0,4.3,1197.0
2011.0,0.23,0.33,0.0,0.08,0.63,82.0,45.0,4.5,4533.0
2004.0,0.03,0.01,0.0,0.0,0.04,75.0,7.0,8.5,11.0
2009.0,0.09,0.0,0.0,0.01,0.1,28.0,16.0,0.9,50.0
2016.0,0.02,0.0,0.19,0.0,0.21,68.0,12.0,7.6,16.0
2008.0,0.08,0.02,0.0,0.01,0.12,78.0,18.0,7.5,15.0
2009.0,0.37,0.19,0.11,0.1,0.77,57.0,26.0,7.2,58.0
2009.0,0.36,0.08,0.02,0.04,0.51,56.0,29.0,7.5,33.0
2010.0,0.42,0.18,0.11,0.09,0.81,60.0,27.0,7.5,63.0
2010.0,0.49,0.09,0.01,0.05,0.64,57.0,33.0,7.4,30.0
2009.0,0.12,0.03,0.03,0.02,0.2,65.0,25.0,7.3,15.0
2015.0,0.3,0.52,0.12,0.16,1.11,69.0,50.0,7.7,598.0
2015.0,0.18,0.11,0.0,0.03,0.32,67.0,18.0,7.2,128.0
2016.0,0.24,0.27,0.09,0.1,0.71,73.0,54.0,7.8,117.0
2016.0,0.11,0.07,0.0,0.02,0.2,73.0,8.0,7.3,29.0
2005.0,0.2,0.08,0.0,0.01,0.28,69.0,12.0,8.2,26.0
2009.0,0.12,0.02,0.21,0.01,0.36,73.0,21.0,7.9,24.0
2014.0,0.1,0.1,0.06,0.04,0.31,54.0,32.0,5.3,103.0
2014.0,0.0,0.04,0.06,0.01,0.11,66.0,7.0,7.5,54.0
2014.0,0.01,0.05,0.0,0.0,0.07,53.0,17.0,5.1,44.0
2002.0,2.17,0.28,0.55,0.08,3.09,67.0,28.0,7.9,71.0
2003.0,0.53,0.14,0.0,0.02,0.69,65.0,16.0,6.3,15.0
2003.0,1.63,0.22,0.51,0.06,2.41,66.0,28.0,8.2,92.0
2004.0,0.21,0.06,0.0,0.01,0.27,66.0,9.0,5.8,12.0
2004.0,1.09,0.15,0.65,0.04,1.94,77.0,32.0,8.9,137.0
2005.0,0.96,0.12,0.54,0.04,1.66,72.0,29.0,8.4,71.0
2006.0,0.66,0.02,0.0,0.11,0.79,73.0,31.0,8.6,61.0
2006.0,0.24,0.03,0.0,0.02,0.28,72.0,37.0,8.5,40.0
2007.0,1.15,0.0,0.76,1.09,3.0,73.0,24.0,9.2,173.0
2007.0,0.32,0.36,0.26,0.09,1.02,72.0,27.0,8.4,61.0
2008.0,0.22,0.33,0.18,0.12,0.85,71.0,32.0,7.2,51.0
2008.0,0.24,0.18,0.03,0.05,0.49,72.0,50.0,7.6,41.0
2004.0,0.44,0.16,0.0,0.01,0.61,62.0,19.0,8.9,39.0
2002.0,0.33,0.12,0.0,0.01,0.46,62.0,4.0,5.5,4.0
2015.0,0.12,0.03,0.16,0.02,0.33,61.0,32.0,6.6,32.0
2007.0,0.19,0.0,0.0,0.02,0.2,57.0,16.0,6.2,10.0
2008.0,0.08,0.06,0.21,0.02,0.36,48.0,17.0,7.9,37.0
2005.0,0.38,0.01,0.0,0.06,0.46,49.0,13.0,5.4,29.0
2005.0,0.18,0.05,0.0,0.01,0.24,51.0,11.0,6.1,8.0
2005.0,0.16,0.04,0.0,0.01,0.21,48.0,11.0,6.6,11.0
2006.0,0.26,0.08,0.13,0.07,0.54,70.0,21.0,8.1,19.0
2004.0,0.36,0.13,0.0,0.01,0.51,73.0,26.0,7.0,21.0
2005.0,0.13,0.02,0.32,0.02,0.49,66.0,13.0,7.6,28.0
2003.0,0.77,0.29,0.0,0.02,1.08,40.0,23.0,6.1,22.0
2010.0,0.11,0.03,0.09,0.03,0.26,63.0,22.0,8.6,20.0
2002.0,1.52,0.12,0.0,0.05,1.69,53.0,15.0,6.9,28.0
2003.0,0.78,0.29,0.0,0.02,1.09,75.0,21.0,8.9,39.0
2011.0,0.27,0.18,0.09,0.07,0.61,58.0,26.0,5.4,77.0
2011.0,0.39,0.1,0.01,0.04,0.54,55.0,24.0,5.8,52.0
2012.0,0.01,0.0,0.0,0.0,0.01,49.0,32.0,2.1,39.0
2007.0,0.17,0.0,0.0,0.01,0.18,51.0,19.0,7.5,17.0
2005.0,0.02,0.0,0.0,0.0,0.02,33.0,14.0,7.0,9.0
2007.0,0.02,0.0,0.05,0.0,0.07,56.0,30.0,6.0,7.0
2005.0,0.13,0.0,0.31,0.01,0.44,83.0,41.0,7.6,45.0
2007.0,0.3,0.02,1.27,0.03,1.62,80.0,44.0,7.9,50.0
2009.0,0.63,0.67,4.35,0.15,5.78,87.0,65.0,8.8,197.0
2006.0,0.23,0.02,1.49,0.02,1.76,75.0,30.0,7.4,27.0
2010.0,0.09,0.07,1.24,0.02,1.41,77.0,33.0,7.3,15.0
2007.0,0.18,0.01,0.5,0.02,0.7,65.0,43.0,5.9,21.0
2008.0,0.17,0.02,1.36,0.02,1.57,84.0,46.0,8.5,57.0
2010.0,0.2,0.14,1.35,0.03,1.73,78.0,41.0,8.1,31.0
2004.0,0.65,0.75,3.61,0.2,5.21,89.0,63.0,8.8,245.0
2001.0,0.03,0.02,0.0,0.01,0.06,50.0,9.0,6.4,9.0
1999.0,0.04,0.03,0.0,0.0,0.07,57.0,9.0,8.3,10.0
2002.0,0.13,0.1,0.0,0.03,0.26,78.0,31.0,9.0,39.0
2003.0,0.19,0.15,0.26,0.05,0.65,63.0,55.0,9.1,88.0
2005.0,0.06,0.05,0.0,0.02,0.13,58.0,34.0,5.5,49.0
2013.0,0.1,0.0,0.19,0.02,0.31,61.0,33.0,7.7,237.0
2007.0,0.71,0.01,0.0,0.06,0.78,73.0,34.0,8.2,30.0
2008.0,0.99,0.35,0.0,0.13,1.48,68.0,12.0,5.5,4.0
2009.0,0.28,0.39,0.0,0.08,0.75,58.0,22.0,6.0,8.0
2009.0,0.44,0.14,0.0,0.06,0.64,72.0,21.0,7.7,22.0
2011.0,0.16,0.06,0.0,0.02,0.24,53.0,31.0,5.2,10.0
2006.0,0.03,0.01,0.0,0.0,0.04,73.0,42.0,8.8,24.0
2008.0,0.1,0.02,0.0,0.01,0.14,54.0,8.0,7.6,7.0
2004.0,0.6,0.47,0.0,0.16,1.23,57.0,51.0,5.5,102.0
2004.0,0.36,0.38,0.0,0.03,0.76,56.0,57.0,4.7,69.0
2014.0,0.36,1.38,0.02,0.31,2.07,71.0,85.0,6.1,1571.0
2016.0,0.03,0.05,0.0,0.01,0.09,67.0,34.0,7.4,110.0
2001.0,0.08,0.06,0.0,0.02,0.15,38.0,10.0,3.4,5.0
1999.0,3.11,2.8,0.02,0.33,6.27,87.0,22.0,8.1,78.0
2006.0,0.12,0.1,0.03,0.03,0.28,69.0,41.0,6.9,74.0
2006.0,0.05,0.01,0.0,0.0,0.07,69.0,31.0,4.6,17.0
2007.0,0.01,0.01,0.0,0.0,0.03,59.0,9.0,6.0,20.0
2011.0,0.05,0.04,0.0,0.01,0.09,48.0,13.0,5.0,20.0
2011.0,0.24,0.52,0.01,0.18,0.95,79.0,53.0,7.7,114.0
2011.0,0.25,0.37,0.0,0.07,0.7,80.0,63.0,7.6,130.0
2011.0,0.05,0.1,0.0,0.03,0.18,80.0,11.0,7.0,332.0
2011.0,0.06,0.09,0.0,0.02,0.16,64.0,7.0,6.2,10.0
2007.0,0.03,0.14,0.0,0.07,0.24,57.0,28.0,7.9,18.0
2000.0,2.36,2.1,0.02,0.25,4.73,62.0,14.0,7.7,92.0
2002.0,0.25,0.09,0.0,0.01,0.34,73.0,9.0,6.6,14.0
2003.0,0.02,0.01,0.0,0.0,0.03,54.0,5.0,6.6,5.0
2007.0,0.01,0.0,0.0,0.0,0.02,74.0,12.0,7.4,7.0
2002.0,0.05,0.04,0.0,0.01,0.1,78.0,17.0,8.6,10.0
2013.0,0.06,0.0,0.0,0.01,0.06,76.0,10.0,7.9,100.0
2013.0,0.01,0.03,0.0,0.01,0.05,75.0,31.0,7.4,135.0
2013.0,0.0,0.01,0.0,0.0,0.02,66.0,6.0,7.6,152.0
2004.0,0.13,0.1,0.0,0.03,0.27,66.0,20.0,8.3,6.0
2003.0,0.21,0.08,0.0,0.01,0.29,69.0,19.0,8.0,5.0
2000.0,0.04,0.03,0.0,0.0,0.08,37.0,7.0,6.8,20.0
2016.0,0.03,0.0,0.0,0.01,0.03,77.0,15.0,6.9,15.0
2011.0,0.52,0.25,0.0,0.07,0.83,49.0,76.0,4.4,456.0
2011.0,0.33,0.31,0.0,0.12,0.76,51.0,48.0,4.9,278.0
2011.0,0.18,0.17,0.0,0.06,0.41,54.0,48.0,5.7,1183.0
2011.0,0.02,0.0,0.0,0.0,0.02,81.0,26.0,7.3,399.0
2007.0,0.01,0.0,0.0,0.0,0.01,56.0,13.0,5.5,4.0
2012.0,0.07,0.09,0.0,0.03,0.2,49.0,34.0,6.4,61.0
2006.0,0.03,0.0,0.0,0.0,0.03,70.0,18.0,6.4,8.0
2011.0,0.07,0.02,0.0,0.01,0.09,65.0,35.0,4.6,106.0
2016.0,0.01,0.0,0.0,0.0,0.01,61.0,9.0,7.9,14.0
2006.0,0.13,0.02,0.0,0.02,0.16,74.0,32.0,8.1,21.0
2005.0,0.0,0.02,0.0,0.0,0.03,80.0,51.0,7.9,159.0
2011.0,0.17,0.13,0.03,0.05,0.39,71.0,52.0,6.3,86.0
2011.0,0.21,0.12,0.01,0.03,0.37,72.0,55.0,5.9,102.0
2011.0,0.08,0.08,0.0,0.02,0.17,72.0,37.0,4.7,399.0
2011.0,0.0,0.01,0.0,0.0,0.02,72.0,6.0,5.6,16.0
2015.0,0.96,0.67,0.12,0.34,2.09,74.0,58.0,7.9,1287.0
2015.0,0.86,0.3,0.01,0.12,1.29,74.0,26.0,7.8,387.0
2015.0,0.12,0.06,0.0,0.02,0.2,75.0,40.0,7.9,1295.0
2002.0,0.06,0.05,0.16,0.02,0.29,79.0,14.0,8.1,31.0
2003.0,0.05,0.04,0.0,0.01,0.11,78.0,18.0,9.1,13.0
2004.0,0.18,0.0,0.3,0.02,0.51,62.0,26.0,7.3,24.0
2008.0,0.09,0.06,0.32,0.03,0.49,54.0,22.0,7.0,28.0
2008.0,0.04,0.03,0.25,0.01,0.34,52.0,8.0,6.5,8.0
2008.0,0.07,0.03,0.08,0.01,0.19,49.0,30.0,7.0,18.0
2010.0,0.11,0.04,0.36,0.02,0.54,58.0,18.0,7.5,20.0
2010.0,0.11,0.03,0.02,0.01,0.18,65.0,27.0,7.8,20.0
2013.0,0.0,0.0,0.23,0.0,0.23,64.0,35.0,7.5,25.0
2009.0,0.03,0.02,0.38,0.02,0.45,65.0,28.0,6.8,10.0
2009.0,0.11,0.07,0.07,0.03,0.29,64.0,27.0,7.3,15.0
2009.0,0.13,0.06,0.02,0.02,0.23,59.0,18.0,5.7,12.0
2000.0,0.24,0.19,0.34,0.06,0.83,75.0,17.0,8.8,24.0
2001.0,0.53,0.16,1.07,0.1,1.87,78.0,17.0,9.1,90.0
2002.0,0.06,0.02,0.0,0.0,0.08,70.0,11.0,8.9,20.0
2002.0,0.13,0.1,0.74,0.03,1.0,72.0,16.0,9.3,54.0
2003.0,0.63,0.21,1.13,0.13,2.11,78.0,24.0,9.3,201.0
2003.0,0.12,0.03,0.0,0.01,0.16,75.0,18.0,8.8,18.0
2003.0,0.17,0.13,0.51,0.04,0.86,72.0,15.0,9.1,39.0
2004.0,0.0,0.0,0.32,0.0,0.32,71.0,29.0,8.8,19.0
2005.0,0.24,0.18,0.91,0.06,1.39,69.0,29.0,8.8,68.0
2005.0,0.04,0.01,0.0,0.0,0.05,66.0,22.0,8.0,4.0
2005.0,0.11,0.08,0.35,0.03,0.57,57.0,22.0,9.1,26.0
2006.0,0.11,0.09,0.12,0.03,0.34,62.0,23.0,9.1,24.0
2006.0,0.11,0.01,0.0,0.01,0.13,61.0,40.0,8.2,19.0
2007.0,0.18,0.07,0.41,0.04,0.71,59.0,31.0,7.3,49.0
2007.0,0.15,0.06,0.06,0.02,0.3,60.0,42.0,7.4,22.0
2008.0,0.12,0.09,0.0,0.03,0.25,43.0,7.0,5.4,14.0
2009.0,0.14,0.03,0.15,0.02,0.34,62.0,22.0,7.0,26.0
2009.0,0.16,0.01,0.04,0.02,0.24,59.0,24.0,7.3,28.0
2011.0,0.25,0.13,0.46,0.06,0.91,57.0,25.0,7.4,57.0
2011.0,0.16,0.06,0.0,0.02,0.24,58.0,22.0,8.0,46.0
2012.0,0.0,0.0,0.14,0.0,0.14,63.0,20.0,8.0,22.0
2011.0,0.04,0.04,0.16,0.02,0.26,64.0,11.0,7.8,9.0
2013.0,0.12,0.1,0.34,0.05,0.6,68.0,26.0,8.5,75.0
2013.0,0.09,0.05,0.0,0.01,0.15,65.0,21.0,7.5,35.0
2014.0,0.06,0.07,0.03,0.03,0.19,63.0,30.0,7.5,42.0
2014.0,0.04,0.02,0.0,0.01,0.07,58.0,10.0,6.8,15.0
2015.0,0.0,0.0,0.02,0.0,0.02,70.0,15.0,7.4,9.0
2013.0,0.02,0.02,0.11,0.01,0.16,68.0,4.0,6.8,9.0
2007.0,0.14,0.01,0.31,0.02,0.47,60.0,29.0,6.9,16.0
2007.0,0.15,0.01,0.02,0.01,0.19,55.0,34.0,6.8,20.0
2011.0,0.05,0.06,0.11,0.02,0.24,67.0,35.0,7.5,73.0
2006.0,0.04,0.0,0.0,0.0,0.05,57.0,28.0,8.1,8.0
2001.0,0.01,0.0,0.0,0.0,0.01,46.0,4.0,2.4,21.0
2002.0,0.04,0.03,0.02,0.01,0.1,57.0,28.0,7.2,6.0
2016.0,0.01,0.05,0.0,0.01,0.07,72.0,31.0,7.8,22.0
2007.0,0.68,0.47,0.0,0.13,1.29,66.0,32.0,7.6,30.0
2007.0,0.29,0.01,0.0,0.03,0.33,60.0,8.0,7.6,13.0
2011.0,0.06,0.04,0.08,0.02,0.2,63.0,28.0,7.0,24.0
2011.0,0.1,0.04,0.03,0.01,0.19,68.0,40.0,8.2,45.0
2014.0,0.02,0.0,0.04,0.01,0.07,72.0,20.0,8.5,22.0
2006.0,0.04,0.0,0.03,0.0,0.08,69.0,55.0,7.7,60.0
2012.0,0.0,0.0,0.06,0.0,0.06,68.0,36.0,7.9,31.0
2013.0,0.04,0.02,0.27,0.01,0.35,69.0,28.0,7.5,52.0
2013.0,0.06,0.03,0.05,0.01,0.15,68.0,25.0,8.1,63.0
2015.0,0.03,0.02,0.0,0.01,0.06,64.0,40.0,7.9,51.0
2001.0,0.2,0.08,0.0,0.01,0.29,72.0,10.0,5.7,6.0
2002.0,0.02,0.01,0.0,0.0,0.03,45.0,10.0,5.7,6.0
2009.0,2.09,1.35,0.06,0.4,3.9,81.0,27.0,8.7,39.0
2010.0,0.76,0.39,0.0,0.11,1.26,79.0,8.0,8.1,22.0
2010.0,0.52,0.27,0.0,0.12,0.91,78.0,20.0,5.4,14.0
2010.0,0.18,0.16,0.0,0.04,0.39,68.0,21.0,5.4,9.0
2010.0,0.16,0.14,0.01,0.06,0.37,77.0,47.0,6.9,38.0
2010.0,0.23,0.09,0.0,0.02,0.35,79.0,63.0,7.0,55.0
2014.0,0.46,0.41,0.01,0.17,1.05,70.0,57.0,6.1,279.0
2014.0,0.3,0.12,0.0,0.04,0.47,70.0,23.0,6.3,152.0
2016.0,0.29,0.49,0.0,0.15,0.93,79.0,38.0,6.2,157.0
2016.0,0.24,0.14,0.0,0.04,0.41,76.0,42.0,6.0,77.0
2009.0,0.01,0.0,0.0,0.0,0.02,67.0,28.0,5.7,49.0
2009.0,0.09,0.02,0.0,0.01,0.13,51.0,38.0,6.5,21.0
2009.0,0.1,0.01,0.0,0.01,0.12,53.0,53.0,7.0,27.0
2002.0,0.07,0.05,0.0,0.02,0.14,71.0,17.0,8.5,11.0
2008.0,0.0,0.01,0.08,0.0,0.09,79.0,28.0,7.7,13.0
2004.0,0.02,0.01,0.0,0.0,0.04,60.0,22.0,8.8,8.0
1999.0,0.06,0.04,0.0,0.01,0.11,43.0,7.0,6.3,4.0
2005.0,0.34,0.01,0.0,0.06,0.41,50.0,5.0,7.6,16.0
2005.0,0.19,0.05,0.0,0.01,0.25,55.0,4.0,7.9,10.0
2005.0,0.02,0.01,0.0,0.0,0.02,56.0,6.0,7.7,6.0
2002.0,0.01,0.0,0.0,0.0,0.01,64.0,7.0,8.0,4.0
2006.0,0.22,0.01,0.08,0.02,0.32,75.0,46.0,7.4,33.0
2008.0,0.07,0.0,0.0,0.01,0.08,75.0,15.0,8.3,4.0
2005.0,0.01,0.0,0.02,0.0,0.03,71.0,49.0,7.0,37.0
2006.0,0.3,0.03,0.0,0.03,0.36,87.0,51.0,8.6,105.0
2011.0,0.11,0.06,0.08,0.03,0.28,78.0,46.0,7.5,40.0
2011.0,0.07,0.05,0.03,0.01,0.16,75.0,44.0,7.0,47.0
2009.0,0.02,0.0,0.0,0.0,0.02,71.0,27.0,7.1,38.0
2010.0,0.02,0.04,0.0,0.01,0.07,61.0,9.0,6.2,12.0
2008.0,0.14,0.27,0.0,0.05,0.47,41.0,12.0,4.2,15.0
2008.0,0.02,0.0,0.0,0.0,0.02,40.0,21.0,4.3,4.0
2009.0,0.01,0.97,0.0,0.1,1.08,90.0,62.0,6.9,2981.0
2001.0,0.0,0.04,0.0,0.01,0.05,81.0,23.0,8.2,126.0
2005.0,0.0,0.03,0.0,0.0,0.03,79.0,39.0,7.1,89.0
2007.0,0.0,0.03,0.0,0.01,0.04,50.0,40.0,2.8,53.0
2006.0,0.16,0.02,0.0,0.02,0.19,69.0,54.0,6.9,60.0
2007.0,0.17,0.01,0.0,0.02,0.2,64.0,23.0,5.9,40.0
2002.0,0.11,0.03,0.0,0.01,0.14,66.0,28.0,8.4,13.0
2002.0,0.04,0.03,0.0,0.01,0.08,57.0,12.0,6.8,5.0
2007.0,0.43,0.46,0.09,0.09,1.06,72.0,42.0,8.1,61.0
2009.0,0.46,0.21,0.12,0.06,0.86,76.0,42.0,8.5,26.0
2014.0,0.01,0.04,0.0,0.01,0.05,43.0,12.0,6.0,75.0
2014.0,0.02,0.02,0.0,0.0,0.04,35.0,8.0,5.8,78.0
2007.0,0.01,0.0,0.0,0.0,0.02,84.0,55.0,8.3,231.0
2008.0,0.3,0.11,0.0,0.04,0.45,69.0,54.0,7.3,26.0
2008.0,0.23,0.07,0.0,0.04,0.35,60.0,30.0,6.4,14.0
2010.0,0.24,0.22,0.01,0.09,0.55,80.0,53.0,7.4,312.0
2010.0,0.3,0.19,0.0,0.05,0.54,82.0,72.0,7.8,295.0
2003.0,1.78,1.12,0.09,0.19,3.18,62.0,30.0,8.1,137.0
2003.0,0.72,0.43,0.01,0.04,1.2,65.0,33.0,7.1,75.0
2003.0,0.34,0.09,0.02,0.01,0.45,63.0,23.0,8.0,45.0
2005.0,0.07,0.06,0.0,0.02,0.15,70.0,43.0,7.6,17.0
2000.0,0.04,0.03,0.0,0.01,0.08,48.0,16.0,6.3,39.0
2010.0,2.04,0.63,0.12,0.22,3.0,73.0,78.0,7.0,131.0
2012.0,0.32,0.15,0.0,0.04,0.51,59.0,35.0,5.5,22.0
2012.0,0.21,0.18,0.0,0.08,0.47,59.0,36.0,4.3,24.0
2012.0,0.13,0.07,0.01,0.02,0.23,57.0,14.0,5.6,46.0
2006.0,0.13,0.02,0.0,0.01,0.16,63.0,17.0,7.6,13.0
2006.0,0.12,0.01,0.0,0.01,0.14,48.0,32.0,5.7,24.0
2014.0,0.04,0.03,0.0,0.01,0.07,40.0,25.0,3.5,51.0
2014.0,0.03,0.04,0.0,0.01,0.07,32.0,12.0,3.8,74.0
2006.0,0.04,0.01,0.01,0.0,0.06,37.0,13.0,5.0,25.0
2001.0,0.05,0.04,0.0,0.01,0.1,84.0,21.0,8.2,11.0
2012.0,0.2,0.12,0.0,0.03,0.36,31.0,13.0,2.7,18.0
2003.0,0.08,0.06,0.0,0.02,0.16,83.0,14.0,8.5,8.0
2004.0,0.41,0.32,0.0,0.11,0.84,86.0,14.0,8.1,10.0
2004.0,0.29,0.08,0.0,0.01,0.38,86.0,18.0,8.3,11.0
2004.0,1.26,0.12,0.0,0.21,1.59,83.0,24.0,7.5,36.0
2004.0,0.88,0.04,0.0,0.04,0.95,85.0,28.0,8.7,22.0
2003.0,0.26,0.21,0.0,0.07,0.54,89.0,18.0,8.4,38.0
2003.0,0.2,0.06,0.0,0.01,0.27,87.0,18.0,8.2,25.0
2004.0,2.15,0.12,0.0,0.36,2.62,90.0,37.0,8.2,84.0
2004.0,1.54,0.02,0.0,0.07,1.63,92.0,42.0,9.1,93.0
2003.0,0.27,0.21,0.0,0.07,0.56,91.0,20.0,8.5,25.0
2003.0,0.27,0.08,0.0,0.01,0.36,91.0,25.0,8.9,45.0
2004.0,0.43,0.33,0.0,0.11,0.88,86.0,25.0,8.1,18.0
2004.0,0.32,0.09,0.0,0.02,0.42,88.0,32.0,8.5,14.0
2003.0,0.11,0.09,0.0,0.03,0.23,90.0,19.0,7.0,22.0
2003.0,0.08,0.02,0.0,0.0,0.11,88.0,25.0,8.4,24.0
2000.0,0.1,0.08,0.0,0.03,0.21,64.0,14.0,7.9,8.0
2001.0,0.18,0.14,0.0,0.05,0.36,58.0,15.0,7.8,14.0
2002.0,0.34,0.09,0.0,0.01,0.44,92.0,41.0,8.7,173.0
2008.0,0.07,0.05,0.0,0.02,0.14,65.0,11.0,8.2,9.0
2000.0,0.1,0.07,0.1,0.03,0.3,62.0,13.0,5.3,9.0
2007.0,0.19,0.04,0.08,0.02,0.32,79.0,56.0,7.9,97.0
2008.0,0.19,0.12,0.07,0.05,0.44,80.0,34.0,7.8,117.0
2015.0,0.09,0.01,0.13,0.01,0.24,77.0,44.0,7.9,49.0
2007.0,0.19,0.02,0.09,0.02,0.33,75.0,30.0,8.5,37.0
2008.0,0.09,0.0,0.16,0.01,0.26,82.0,17.0,8.9,24.0
2010.0,0.12,0.0,0.19,0.01,0.31,77.0,23.0,8.0,21.0
2013.0,0.1,0.01,0.14,0.01,0.26,80.0,41.0,8.2,89.0
2006.0,0.0,0.0,0.02,0.0,0.02,40.0,17.0,7.0,5.0
2012.0,0.0,0.12,0.0,0.02,0.13,79.0,17.0,8.7,992.0
2016.0,0.03,0.05,0.0,0.02,0.1,73.0,26.0,6.3,37.0
2003.0,0.0,0.19,0.0,0.01,0.2,69.0,22.0,7.5,280.0
2002.0,0.02,0.01,0.0,0.0,0.03,59.0,21.0,7.5,4.0
2000.0,0.1,0.08,0.15,0.03,0.35,59.0,12.0,7.8,4.0
2003.0,0.21,0.16,0.0,0.05,0.43,74.0,22.0,8.2,33.0
2003.0,0.09,0.07,0.0,0.02,0.19,77.0,16.0,8.5,17.0
2011.0,0.11,0.0,0.0,0.01,0.12,66.0,5.0,6.8,8.0
2006.0,0.1,0.0,0.0,0.01,0.12,74.0,45.0,7.3,9.0
2000.0,0.15,0.1,0.0,0.02,0.27,51.0,8.0,6.0,7.0
2005.0,0.1,0.08,0.0,0.03,0.21,68.0,26.0,8.5,8.0
2004.0,0.0,0.01,0.0,0.0,0.02,75.0,51.0,8.3,106.0
2002.0,0.13,0.1,0.0,0.03,0.26,44.0,14.0,6.7,9.0
2002.0,0.06,0.02,0.0,0.0,0.08,63.0,20.0,8.0,10.0
2015.0,0.36,0.41,0.05,0.15,0.96,76.0,46.0,4.3,894.0
2015.0,0.37,0.2,0.0,0.06,0.64,74.0,31.0,5.1,336.0
2015.0,0.08,0.1,0.0,0.02,0.19,77.0,39.0,4.3,969.0
2009.0,0.24,0.0,0.0,0.02,0.26,77.0,29.0,8.6,26.0
2006.0,0.39,0.03,0.08,0.04,0.53,72.0,57.0,8.4,83.0
2010.0,0.1,0.16,0.0,0.03,0.29,60.0,9.0,7.6,5.0
2015.0,0.01,0.0,0.05,0.0,0.06,71.0,8.0,8.3,12.0
2015.0,0.01,0.0,0.03,0.0,0.04,69.0,13.0,7.9,16.0
2005.0,0.07,0.0,0.0,0.01,0.08,77.0,36.0,7.7,13.0
2008.0,0.09,0.0,0.01,0.01,0.1,64.0,25.0,6.7,6.0
2001.0,0.21,0.16,0.12,0.05,0.55,67.0,19.0,7.8,19.0
2009.0,0.35,0.52,0.04,0.08,0.99,70.0,35.0,8.2,20.0
2004.0,0.36,0.01,0.0,0.06,0.43,71.0,38.0,7.8,5.0
2003.0,0.09,0.07,0.0,0.02,0.18,73.0,34.0,8.0,5.0
2005.0,0.09,0.07,0.0,0.02,0.17,78.0,32.0,8.3,11.0
2003.0,0.88,2.3,0.2,0.83,4.2,80.0,32.0,7.5,22.0
2004.0,0.18,0.14,0.0,0.05,0.38,78.0,30.0,7.0,9.0
2006.0,0.28,0.03,0.0,0.03,0.34,85.0,44.0,7.3,131.0
2007.0,0.18,0.26,0.0,0.1,0.54,72.0,31.0,7.4,64.0
2009.0,0.32,0.15,0.0,0.05,0.52,77.0,68.0,8.0,114.0
2009.0,0.19,0.2,0.01,0.08,0.47,79.0,48.0,7.9,98.0
2009.0,0.02,0.05,0.0,0.01,0.07,79.0,49.0,7.8,520.0
2011.0,0.21,0.16,0.01,0.07,0.45,74.0,48.0,7.1,103.0
2011.0,0.3,0.11,0.01,0.04,0.45,75.0,71.0,7.0,139.0
2011.0,0.04,0.08,0.0,0.03,0.15,74.0,34.0,5.9,420.0
2007.0,0.07,0.01,0.0,0.01,0.09,66.0,43.0,7.1,16.0
2007.0,0.01,0.0,0.0,0.0,0.01,61.0,27.0,7.3,106.0
2001.0,0.07,0.06,0.0,0.02,0.15,83.0,13.0,8.3,9.0
2001.0,0.05,0.01,0.0,0.0,0.06,83.0,11.0,5.5,8.0
2002.0,0.05,0.04,0.02,0.01,0.12,81.0,11.0,6.4,10.0
2002.0,0.02,0.01,0.0,0.0,0.03,72.0,7.0,7.8,4.0
2009.0,0.15,0.62,0.0,0.11,0.87,69.0,29.0,7.2,30.0
2009.0,0.08,0.29,0.0,0.16,0.52,68.0,23.0,7.2,14.0
2010.0,0.25,0.75,0.08,0.26,1.34,84.0,46.0,7.8,83.0
2010.0,0.18,0.59,0.01,0.1,0.88,84.0,43.0,7.5,65.0
2010.0,0.0,0.05,0.0,0.01,0.05,84.0,15.0,6.6,99.0
2011.0,0.12,0.74,0.11,0.24,1.2,82.0,36.0,7.1,55.0
2011.0,0.11,0.5,0.01,0.09,0.72,84.0,61.0,7.1,54.0
2011.0,0.0,0.15,0.0,0.04,0.19,83.0,10.0,7.2,83.0
2011.0,0.07,0.08,0.0,0.02,0.16,59.0,15.0,6.8,13.0
2011.0,0.03,0.07,0.01,0.02,0.13,66.0,27.0,6.2,25.0
2012.0,0.12,0.63,0.05,0.23,1.03,81.0,23.0,7.5,54.0
2012.0,0.1,0.34,0.0,0.05,0.49,84.0,42.0,6.9,56.0
2012.0,0.01,0.11,0.0,0.02,0.15,80.0,15.0,6.9,115.0
2013.0,0.01,0.42,0.03,0.09,0.54,77.0,22.0,6.3,40.0
2013.0,0.01,0.27,0.0,0.02,0.3,79.0,29.0,6.6,33.0
2014.0,0.07,0.26,0.02,0.06,0.41,62.0,19.0,4.1,28.0
2014.0,0.08,0.13,0.0,0.02,0.23,64.0,14.0,4.1,20.0
2014.0,0.0,0.09,0.0,0.01,0.1,61.0,20.0,4.8,65.0
2015.0,0.09,0.45,0.03,0.1,0.66,65.0,46.0,6.3,43.0
2015.0,0.08,0.15,0.0,0.02,0.25,64.0,13.0,5.3,22.0
2015.0,0.0,0.05,0.0,0.0,0.05,61.0,13.0,3.6,63.0
2003.0,0.05,0.04,0.0,0.01,0.1,70.0,15.0,7.7,15.0
2012.0,0.06,0.19,0.0,0.06,0.32,61.0,27.0,5.6,34.0
2012.0,0.07,0.17,0.0,0.02,0.27,64.0,33.0,5.7,22.0
2012.0,0.0,0.02,0.0,0.0,0.02,62.0,8.0,5.4,46.0
2004.0,1.99,0.58,0.0,0.09,2.66,85.0,87.0,8.5,268.0
2012.0,0.18,0.08,0.0,0.02,0.28,61.0,70.0,4.8,80.0
2005.0,0.01,0.05,0.0,0.01,0.07,83.0,54.0,8.7,489.0
2008.0,2.51,1.24,0.11,0.41,4.27,89.0,95.0,6.5,2423.0
2010.0,3.59,1.08,0.05,0.38,5.1,80.0,88.0,6.5,604.0
2011.0,0.1,0.17,0.0,0.05,0.32,75.0,39.0,5.4,555.0
2008.0,0.15,0.02,0.0,0.02,0.19,54.0,57.0,6.3,19.0
2008.0,0.13,0.02,0.0,0.02,0.17,53.0,37.0,3.8,20.0
2008.0,0.19,0.01,0.0,0.02,0.22,61.0,15.0,5.6,7.0
2013.0,0.05,0.03,0.09,0.02,0.19,65.0,31.0,7.4,50.0
2015.0,0.02,0.0,0.05,0.0,0.07,71.0,21.0,6.2,34.0
2009.0,0.14,0.02,0.0,0.01,0.17,51.0,47.0,6.2,12.0
2009.0,0.11,0.03,0.0,0.02,0.17,53.0,34.0,6.0,22.0
2005.0,0.0,0.02,0.0,0.0,0.02,90.0,7.0,8.6,37.0
2004.0,0.03,0.03,0.0,0.01,0.07,64.0,31.0,4.1,51.0
2004.0,0.04,0.01,0.0,0.0,0.05,66.0,33.0,5.5,23.0
2010.0,2.66,1.03,0.04,0.33,4.05,84.0,81.0,8.1,769.0
2010.0,1.52,1.03,0.1,0.46,3.11,82.0,57.0,7.8,492.0
2010.0,0.59,0.45,0.0,0.14,1.17,84.0,39.0,8.6,2754.0
2008.0,3.4,0.99,0.09,0.45,4.93,93.0,84.0,8.5,1655.0
2008.0,2.15,1.13,0.07,0.59,3.94,90.0,57.0,8.0,910.0
2008.0,0.02,0.88,0.0,0.08,0.98,91.0,48.0,7.9,3450.0
2015.0,2.53,3.27,0.24,1.13,7.16,87.0,58.0,6.5,4228.0
2015.0,2.51,1.32,0.01,0.38,4.22,88.0,39.0,6.2,1749.0
2015.0,0.51,0.67,0.0,0.1,1.29,84.0,38.0,5.4,7512.0
2011.0,0.1,0.0,0.0,0.01,0.1,47.0,4.0,5.3,6.0
2006.0,0.18,0.0,0.0,0.02,0.19,51.0,14.0,6.3,15.0
2012.0,0.12,0.1,0.0,0.04,0.26,40.0,9.0,6.4,31.0
2012.0,0.14,0.09,0.0,0.02,0.25,39.0,28.0,5.0,51.0
2008.0,0.08,0.01,0.0,0.01,0.09,42.0,10.0,1.0,7.0
2014.0,0.11,0.03,0.0,0.01,0.15,77.0,48.0,7.5,67.0
2005.0,0.41,0.01,0.0,0.07,0.5,64.0,42.0,7.8,19.0
2005.0,0.2,0.06,0.0,0.01,0.27,62.0,46.0,6.6,8.0
2005.0,0.19,0.05,0.0,0.01,0.24,61.0,32.0,4.0,6.0
2007.0,0.19,0.15,0.0,0.05,0.39,36.0,7.0,6.4,17.0
2007.0,0.12,0.02,0.0,0.02,0.15,47.0,26.0,6.2,10.0
2007.0,0.1,0.01,0.0,0.01,0.11,45.0,30.0,5.4,16.0
2007.0,0.04,0.01,0.0,0.0,0.05,39.0,16.0,5.9,15.0
2007.0,0.04,0.0,0.0,0.0,0.04,35.0,8.0,4.8,13.0
2011.0,0.3,0.08,0.0,0.03,0.41,66.0,11.0,7.5,4.0
2012.0,0.33,0.37,0.37,0.06,1.13,73.0,51.0,8.6,209.0
2000.0,0.14,0.11,0.19,0.04,0.47,72.0,18.0,6.3,9.0
2004.0,0.0,0.04,0.0,0.01,0.05,89.0,72.0,8.1,724.0
2016.0,0.6,1.25,0.06,0.35,2.26,76.0,91.0,6.3,635.0
2016.0,0.47,0.33,0.0,0.08,0.88,77.0,27.0,6.4,194.0
2016.0,0.04,0.11,0.0,0.01,0.16,74.0,18.0,4.8,368.0
2008.0,0.71,0.69,0.02,0.18,1.59,85.0,75.0,6.7,288.0
2008.0,0.43,0.69,0.01,0.26,1.38,85.0,49.0,6.4,241.0
2008.0,0.01,0.45,0.0,0.03,0.48,85.0,34.0,5.8,1345.0
2012.0,0.88,1.7,0.1,0.67,3.35,90.0,32.0,8.5,1041.0
2012.0,1.38,1.32,0.02,0.28,3.0,91.0,39.0,8.6,1247.0
2012.0,0.22,0.62,0.0,0.12,0.96,88.0,43.0,8.2,3183.0
2014.0,1.13,2.18,0.1,0.63,4.04,85.0,83.0,7.7,1653.0
2014.0,0.8,0.69,0.01,0.14,1.63,82.0,15.0,7.5,383.0
2014.0,0.15,0.44,0.0,0.04,0.63,80.0,17.0,6.7,1064.0
2005.0,0.32,0.24,0.0,0.02,0.57,85.0,56.0,5.7,73.0
2006.0,0.06,0.02,0.0,0.0,0.08,78.0,15.0,6.3,32.0
2006.0,0.2,0.03,0.0,0.02,0.24,78.0,46.0,6.2,80.0
2006.0,0.06,0.01,0.0,0.01,0.08,38.0,23.0,5.3,53.0
2016.0,0.03,0.58,0.0,0.04,0.65,64.0,5.0,8.0,20.0
2016.0,0.05,0.31,0.0,0.06,0.41,69.0,17.0,8.7,12.0
2012.0,0.0,0.81,0.0,0.15,0.96,65.0,12.0,7.5,111.0
2013.0,0.22,0.13,0.0,0.04,0.38,33.0,12.0,6.2,30.0
2013.0,0.0,0.09,0.02,0.02,0.14,40.0,17.0,2.9,9.0
2016.0,0.0,0.01,0.0,0.0,0.01,81.0,46.0,8.5,151.0
2001.0,0.07,0.06,0.0,0.02,0.14,74.0,22.0,8.9,72.0
2002.0,0.04,0.01,0.0,0.0,0.06,77.0,17.0,8.6,16.0
2014.0,0.0,0.03,0.08,0.0,0.11,67.0,58.0,7.6,226.0
2003.0,0.08,0.06,0.0,0.02,0.16,81.0,40.0,9.2,100.0
2004.0,0.04,0.01,0.0,0.0,0.05,84.0,37.0,8.3,16.0
2005.0,0.04,0.03,0.0,0.01,0.08,78.0,46.0,8.9,58.0
2006.0,0.02,0.01,0.0,0.0,0.04,68.0,22.0,8.3,4.0
2007.0,0.12,0.0,0.0,0.01,0.13,61.0,30.0,4.2,19.0
2010.0,0.18,0.01,0.1,0.03,0.31,58.0,10.0,8.1,39.0
2010.0,0.08,0.02,0.0,0.02,0.12,74.0,33.0,8.7,25.0
2001.0,0.1,0.07,0.0,0.01,0.18,84.0,15.0,8.9,17.0
2004.0,0.1,0.04,0.0,0.0,0.14,30.0,15.0,3.0,4.0
2004.0,0.17,0.0,0.1,0.02,0.29,75.0,55.0,8.1,18.0
2008.0,0.0,0.03,0.0,0.01,0.04,71.0,37.0,6.2,26.0
2002.0,0.03,0.02,0.0,0.01,0.05,70.0,14.0,4.4,5.0
2006.0,0.14,0.0,0.0,0.01,0.16,77.0,53.0,7.8,31.0
2005.0,0.11,0.02,0.01,0.01,0.15,62.0,39.0,6.0,34.0
2013.0,0.78,4.24,0.07,1.37,6.47,86.0,37.0,4.3,576.0
2013.0,0.92,2.89,0.01,0.4,4.22,84.0,41.0,4.2,435.0
2013.0,0.61,1.85,0.11,0.44,3.01,87.0,26.0,6.3,616.0
2013.0,0.41,0.66,0.0,0.09,1.16,88.0,22.0,5.8,328.0
2013.0,0.01,0.36,0.0,0.03,0.4,87.0,6.0,4.6,441.0
2014.0,0.8,4.33,0.05,0.9,6.08,82.0,47.0,5.7,988.0
2014.0,0.6,1.42,0.0,0.16,2.18,82.0,33.0,5.4,347.0
2014.0,0.0,0.27,0.0,0.02,0.28,82.0,9.0,4.2,383.0
2015.0,1.12,6.12,0.06,1.28,8.57,82.0,42.0,4.3,896.0
2015.0,0.89,2.12,0.0,0.24,3.25,84.0,45.0,4.4,459.0
2015.0,0.06,0.13,0.0,0.01,0.2,81.0,10.0,4.4,296.0
2016.0,0.66,5.75,0.08,1.11,7.59,85.0,41.0,5.0,398.0
2016.0,0.43,2.05,0.0,0.17,2.65,84.0,50.0,5.5,201.0
2016.0,0.0,0.11,0.0,0.01,0.12,84.0,12.0,4.2,160.0
2000.0,0.18,0.12,0.0,0.02,0.32,85.0,10.0,7.8,5.0
2011.0,0.0,0.03,0.0,0.01,0.05,72.0,11.0,3.9,24.0
2005.0,0.11,0.0,0.0,0.01,0.12,73.0,23.0,7.7,22.0
2012.0,0.16,0.32,0.02,0.08,0.58,79.0,45.0,7.2,79.0
2005.0,0.78,2.55,0.04,0.84,4.21,80.0,32.0,7.8,47.0
2005.0,0.29,0.38,0.0,0.01,0.68,80.0,39.0,7.5,22.0
2005.0,0.1,0.0,0.0,0.01,0.11,77.0,17.0,7.7,20.0
2007.0,0.68,0.0,0.0,2.46,3.14,83.0,12.0,6.5,36.0
2007.0,0.35,1.06,0.02,0.31,1.75,81.0,28.0,7.1,47.0
2007.0,0.2,0.76,0.0,0.39,1.35,79.0,7.0,7.4,15.0
2007.0,0.31,0.89,0.01,0.14,1.35,82.0,43.0,7.9,57.0
2007.0,0.32,0.59,0.01,0.11,1.02,65.0,13.0,6.1,26.0
2007.0,0.0,0.01,0.0,0.0,0.02,77.0,7.0,6.1,50.0
2008.0,0.48,1.63,0.04,0.43,2.58,87.0,42.0,7.5,108.0
2008.0,0.38,0.07,0.01,1.82,2.28,82.0,8.0,6.9,20.0
2008.0,0.49,1.26,0.01,0.18,1.94,87.0,51.0,8.0,106.0
2008.0,0.23,0.73,0.02,0.37,1.35,84.0,8.0,8.9,21.0
2008.0,0.12,0.31,0.0,0.06,0.49,84.0,5.0,6.1,31.0
2008.0,0.0,0.02,0.0,0.0,0.02,77.0,15.0,6.8,36.0
2008.0,0.28,0.51,0.0,0.09,0.89,80.0,18.0,8.4,22.0
2009.0,0.6,2.45,0.05,0.52,3.62,91.0,56.0,7.6,203.0
2009.0,0.59,1.79,0.01,0.23,2.62,90.0,63.0,7.5,133.0
2009.0,0.15,0.67,0.01,0.31,1.15,83.0,9.0,7.9,14.0
2009.0,0.23,0.64,0.0,0.11,0.98,75.0,21.0,6.2,17.0
2009.0,0.0,0.04,0.0,0.01,0.05,72.0,14.0,3.8,59.0
2010.0,0.61,3.28,0.06,1.12,5.07,89.0,51.0,8.0,233.0
2010.0,0.71,2.39,0.02,0.4,3.52,88.0,66.0,7.5,155.0
2010.0,0.13,0.69,0.01,0.36,1.2,68.0,6.0,5.4,9.0
2010.0,0.26,0.69,0.0,0.12,1.07,73.0,17.0,7.3,8.0
2010.0,0.0,0.14,0.0,0.04,0.18,83.0,16.0,7.7,102.0
2012.0,1.06,5.01,0.13,1.97,8.16,88.0,37.0,6.6,348.0
2012.0,1.09,3.47,0.03,0.57,5.16,90.0,48.0,6.1,403.0
2012.0,0.17,0.27,0.0,0.04,0.47,69.0,28.0,6.2,49.0
2012.0,0.0,0.28,0.05,0.11,0.44,57.0,9.0,4.1,89.0
2012.0,0.02,0.31,0.0,0.07,0.4,86.0,7.0,6.6,286.0
2012.0,0.06,0.2,0.0,0.03,0.29,68.0,4.0,3.7,16.0
2001.0,0.31,0.24,0.0,0.08,0.63,82.0,17.0,5.8,28.0
2001.0,0.14,0.04,0.0,0.0,0.18,81.0,13.0,8.0,9.0
2001.0,0.08,0.06,0.0,0.01,0.15,81.0,8.0,6.4,5.0
2002.0,0.46,2.28,0.05,0.61,3.4,88.0,15.0,6.7,35.0
2002.0,0.2,0.4,0.0,0.04,0.63,88.0,11.0,7.7,11.0
2002.0,0.06,0.02,0.0,0.0,0.08,86.0,12.0,7.8,10.0
2003.0,0.24,0.49,0.0,0.05,0.79,82.0,20.0,8.2,23.0
2003.0,0.05,0.01,0.0,0.0,0.07,83.0,17.0,6.2,12.0
2003.0,0.04,0.01,0.0,0.0,0.05,82.0,4.0,7.9,9.0
2004.0,0.58,2.48,0.04,0.59,3.7,81.0,27.0,7.6,56.0
2004.0,0.33,0.6,0.0,0.04,0.97,81.0,34.0,8.7,23.0
2004.0,0.11,0.03,0.0,0.0,0.14,78.0,22.0,8.5,6.0
2004.0,0.06,0.02,0.0,0.0,0.08,75.0,4.0,7.8,5.0
2005.0,0.15,0.12,0.0,0.04,0.31,59.0,29.0,7.9,52.0
2005.0,0.08,0.02,0.0,0.0,0.1,60.0,21.0,8.0,9.0
2012.0,0.12,0.89,0.0,0.23,1.23,76.0,36.0,6.4,66.0
2012.0,0.17,0.62,0.0,0.1,0.89,77.0,47.0,6.7,58.0
2006.0,0.17,0.13,0.02,0.04,0.37,59.0,27.0,7.7,42.0
2006.0,0.07,0.05,0.0,0.02,0.13,58.0,6.0,6.9,17.0
2006.0,0.09,0.02,0.0,0.0,0.11,63.0,16.0,5.7,7.0
2006.0,0.06,0.02,0.0,0.0,0.08,63.0,30.0,7.1,9.0
2006.0,0.04,0.0,0.0,0.0,0.04,43.0,5.0,7.5,4.0
2008.0,0.08,0.18,0.0,0.06,0.32,63.0,37.0,6.9,19.0
2008.0,0.14,0.14,0.0,0.03,0.32,63.0,48.0,6.9,18.0
2006.0,0.47,0.02,0.0,0.08,0.57,77.0,28.0,8.1,33.0
2006.0,0.19,0.27,0.01,0.0,0.48,72.0,49.0,6.6,33.0
2006.0,0.18,0.05,0.0,0.01,0.24,77.0,22.0,8.4,9.0
2006.0,0.1,0.03,0.0,0.0,0.13,76.0,17.0,6.2,5.0
2006.0,0.1,0.0,0.0,0.01,0.11,72.0,15.0,7.3,8.0
2006.0,0.03,0.0,0.0,0.0,0.04,71.0,7.0,7.2,6.0
2006.0,0.02,0.01,0.0,0.0,0.03,57.0,4.0,6.9,7.0
2004.0,0.09,0.07,0.0,0.02,0.18,36.0,28.0,4.4,22.0
2004.0,0.08,0.02,0.0,0.0,0.11,37.0,29.0,4.7,13.0
2002.0,0.03,0.03,0.0,0.01,0.07,58.0,11.0,7.8,5.0
2010.0,0.31,0.23,0.0,0.06,0.6,32.0,38.0,4.6,23.0
2013.0,0.11,0.07,0.0,0.02,0.19,23.0,39.0,3.0,211.0
2009.0,0.08,0.0,0.0,0.01,0.09,45.0,10.0,8.1,31.0
2004.0,1.08,0.2,0.0,0.2,1.48,85.0,43.0,9.0,25.0
2004.0,0.51,0.15,0.0,0.02,0.68,85.0,47.0,8.7,20.0
2011.0,0.45,0.49,0.0,0.18,1.11,84.0,52.0,7.3,95.0
2011.0,0.4,0.31,0.0,0.07,0.78,86.0,59.0,7.4,105.0
2005.0,0.72,0.03,0.0,0.12,0.87,88.0,37.0,9.0,37.0
2005.0,0.42,0.16,0.0,0.02,0.6,88.0,48.0,8.8,27.0
2005.0,0.13,0.03,0.0,0.0,0.17,87.0,32.0,7.9,7.0
2006.0,0.81,0.58,0.01,0.26,1.67,83.0,37.0,7.9,24.0
2006.0,1.07,0.4,0.0,0.1,1.56,84.0,32.0,8.1,41.0
2006.0,1.33,0.03,0.01,0.1,1.47,86.0,67.0,8.8,264.0
2006.0,0.46,0.01,0.0,0.04,0.52,74.0,22.0,8.1,22.0
2006.0,0.26,0.06,0.0,0.01,0.33,83.0,32.0,9.0,21.0
2009.0,0.92,0.4,0.0,0.2,1.52,88.0,46.0,7.6,95.0
2009.0,0.95,0.33,0.0,0.13,1.4,87.0,76.0,8.1,86.0
2003.0,0.72,0.38,0.36,0.04,1.49,80.0,55.0,8.1,94.0
2009.0,0.22,0.1,0.23,0.03,0.58,71.0,49.0,7.1,38.0
2007.0,0.39,0.02,0.13,0.04,0.58,67.0,34.0,7.7,47.0
1999.0,0.45,0.3,0.0,0.05,0.8,80.0,14.0,8.1,28.0
2001.0,0.29,0.2,0.0,0.03,0.52,89.0,15.0,9.1,37.0
2009.0,0.12,0.06,0.27,0.02,0.47,75.0,37.0,7.3,21.0
2009.0,0.13,0.06,0.05,0.02,0.25,64.0,29.0,5.6,11.0
2007.0,0.22,0.01,0.42,0.02,0.66,77.0,41.0,7.2,25.0
2009.0,0.21,0.07,0.08,0.03,0.39,66.0,53.0,7.6,70.0
2014.0,0.16,0.07,0.28,0.02,0.54,69.0,57.0,7.0,87.0
2007.0,0.09,0.0,0.11,0.01,0.21,76.0,34.0,8.0,20.0
2006.0,0.1,0.01,0.12,0.01,0.24,75.0,42.0,7.4,28.0
2007.0,0.36,0.02,0.07,0.04,0.5,63.0,31.0,7.1,24.0
2006.0,0.89,0.04,1.07,0.09,2.08,77.0,45.0,7.1,136.0
2007.0,0.51,0.04,0.62,0.05,1.21,85.0,52.0,7.7,164.0
2011.0,0.13,0.09,0.27,0.06,0.56,77.0,41.0,7.5,80.0
2005.0,0.27,0.1,0.22,0.01,0.61,85.0,30.0,7.3,70.0
2000.0,1.62,0.77,2.78,0.14,5.3,94.0,22.0,8.9,779.0
1997.0,0.93,0.12,1.34,0.06,2.45,83.0,12.0,8.2,190.0
2007.0,0.45,0.24,0.3,0.16,1.16,88.0,41.0,8.0,238.0
2007.0,0.38,0.03,0.3,0.04,0.75,80.0,47.0,6.9,106.0
2003.0,0.82,0.37,0.89,0.05,2.13,87.0,44.0,7.8,212.0
2006.0,0.0,0.0,0.26,0.01,0.26,83.0,25.0,7.2,75.0
2006.0,0.0,0.0,0.28,0.01,0.28,92.0,25.0,8.4,190.0
1997.0,3.01,2.47,3.28,0.96,9.72,92.0,20.0,9.2,1282.0
1999.0,2.28,1.72,3.63,0.23,7.86,90.0,24.0,8.6,644.0
2001.0,2.91,2.07,2.73,0.33,8.05,92.0,53.0,8.7,1056.0
2013.0,0.43,0.36,0.32,0.16,1.27,85.0,50.0,8.5,332.0
2013.0,0.16,0.24,0.28,0.12,0.8,86.0,14.0,8.5,223.0
2003.0,1.92,1.08,2.11,0.17,5.29,85.0,45.0,6.6,400.0
2006.0,0.17,0.01,0.0,0.01,0.19,66.0,25.0,6.5,33.0
2004.0,0.12,0.09,0.0,0.03,0.25,77.0,13.0,8.0,10.0
2006.0,0.06,0.05,0.1,0.02,0.23,87.0,4.0,7.1,13.0
2007.0,0.26,0.0,0.02,0.02,0.3,63.0,4.0,5.8,5.0
2006.0,1.88,0.0,2.33,1.74,5.95,92.0,64.0,7.6,972.0
2007.0,0.33,0.41,0.54,0.1,1.37,81.0,44.0,6.1,60.0
2009.0,1.74,1.21,1.87,0.51,5.33,83.0,83.0,7.3,2483.0
2010.0,1.28,0.67,0.01,0.21,2.16,82.0,54.0,6.3,539.0
2011.0,0.78,0.73,0.89,0.23,2.63,79.0,53.0,6.6,707.0
2011.0,0.36,0.29,0.02,0.06,0.73,79.0,50.0,6.3,268.0
2015.0,0.0,0.06,0.06,0.01,0.13,86.0,20.0,7.6,225.0
2015.0,0.01,0.01,0.0,0.0,0.02,86.0,14.0,7.7,255.0
2006.0,0.03,0.02,0.0,0.01,0.05,43.0,36.0,6.2,11.0
2006.0,0.01,0.0,0.0,0.0,0.02,42.0,29.0,4.0,4.0
2001.0,0.09,0.03,0.08,0.0,0.21,82.0,16.0,7.8,8.0
2003.0,0.69,0.18,0.0,0.02,0.89,62.0,11.0,5.5,8.0
2003.0,0.49,0.18,0.29,0.01,0.97,88.0,31.0,9.2,144.0
2012.0,0.9,0.45,0.54,0.13,2.01,92.0,72.0,9.1,1130.0
2005.0,0.29,0.08,0.16,0.01,0.54,85.0,42.0,8.9,141.0
2007.0,0.27,0.03,0.17,0.03,0.49,78.0,36.0,8.7,180.0
2008.0,0.29,0.02,0.27,0.03,0.61,81.0,42.0,7.0,106.0
2004.0,0.42,0.16,0.3,0.02,0.89,85.0,38.0,9.1,132.0
2005.0,0.04,0.03,0.0,0.01,0.09,78.0,12.0,8.5,17.0
2003.0,0.02,0.02,0.0,0.01,0.04,67.0,7.0,7.5,4.0
2007.0,0.29,0.0,0.0,0.02,0.31,58.0,9.0,8.1,9.0
2011.0,0.14,0.0,0.25,0.01,0.39,69.0,9.0,7.0,8.0
2007.0,0.24,0.0,0.0,0.02,0.26,46.0,9.0,7.0,6.0
2010.0,0.06,0.03,0.55,0.01,0.66,60.0,30.0,6.9,29.0
2010.0,0.07,0.02,0.06,0.01,0.16,59.0,38.0,7.3,23.0
2012.0,0.0,0.0,0.3,0.0,0.3,49.0,19.0,7.0,19.0
2012.0,0.03,0.01,0.02,0.0,0.06,55.0,18.0,7.1,20.0
2013.0,0.0,0.0,0.02,0.0,0.02,40.0,4.0,5.8,18.0
2007.0,0.86,1.56,1.05,0.35,3.83,59.0,22.0,4.0,4.0
2004.0,0.19,0.15,0.0,0.05,0.38,70.0,30.0,8.5,16.0
2004.0,0.12,0.04,0.0,0.01,0.17,71.0,39.0,8.2,21.0
2008.0,0.13,0.1,0.0,0.06,0.29,74.0,28.0,8.2,21.0
2007.0,0.07,0.02,0.0,0.01,0.11,80.0,44.0,8.8,66.0
2008.0,0.0,0.01,0.0,0.0,0.01,79.0,16.0,7.7,127.0
2006.0,0.08,0.06,0.0,0.02,0.16,73.0,44.0,7.5,27.0
2006.0,0.03,0.01,0.0,0.0,0.04,73.0,38.0,7.3,8.0
2010.0,0.37,0.01,0.07,0.02,0.47,48.0,26.0,6.8,13.0
2003.0,0.03,0.02,0.0,0.01,0.06,64.0,28.0,8.1,12.0
2008.0,0.06,0.0,0.0,0.0,0.07,54.0,37.0,7.1,15.0
2007.0,0.2,0.04,0.05,0.03,0.32,75.0,55.0,8.2,145.0
2009.0,0.41,0.0,0.0,0.03,0.44,53.0,8.0,6.8,5.0
2009.0,0.0,0.06,0.0,0.01,0.07,87.0,33.0,9.0,262.0
2010.0,0.0,1.01,0.0,0.25,1.26,85.0,23.0,8.4,77.0
2011.0,0.02,1.16,0.0,0.33,1.51,84.0,45.0,8.0,172.0
2012.0,0.0,0.95,0.0,0.21,1.15,86.0,37.0,6.7,228.0
2013.0,0.0,0.6,0.0,0.03,0.64,85.0,41.0,5.5,275.0
2014.0,0.0,0.44,0.0,0.03,0.46,80.0,36.0,6.0,151.0
2015.0,0.0,0.33,0.0,0.02,0.35,81.0,34.0,6.9,97.0
2016.0,0.0,0.09,0.0,0.01,0.09,81.0,41.0,4.3,57.0
2009.0,0.0,0.26,0.0,0.09,0.35,69.0,10.0,6.9,7.0
2010.0,0.0,0.27,0.0,0.14,0.41,77.0,5.0,7.7,6.0
2009.0,0.0,0.01,0.0,0.0,0.01,82.0,23.0,3.1,45.0
2005.0,0.14,0.11,0.0,0.04,0.29,58.0,5.0,7.3,8.0
2001.0,0.48,0.33,0.0,0.06,0.86,53.0,4.0,5.8,4.0
2003.0,0.49,0.38,0.0,0.13,1.0,51.0,5.0,8.0,8.0
2004.0,0.13,0.1,0.0,0.03,0.26,50.0,7.0,6.6,8.0
2008.0,0.06,0.39,0.0,0.01,0.47,37.0,5.0,6.3,4.0
2001.0,0.02,0.02,0.04,0.01,0.09,64.0,13.0,7.8,6.0
2004.0,0.1,0.08,0.0,0.03,0.2,71.0,40.0,6.8,18.0
2004.0,0.06,0.02,0.0,0.0,0.09,72.0,17.0,6.5,6.0
2001.0,0.13,0.1,0.0,0.03,0.26,73.0,18.0,6.0,5.0
2011.0,0.25,0.03,0.17,0.02,0.48,68.0,42.0,7.5,24.0
2012.0,0.82,0.93,0.04,0.18,1.96,85.0,83.0,8.4,431.0
2014.0,0.5,0.78,0.01,0.11,1.4,86.0,85.0,8.2,977.0
2016.0,0.42,0.58,0.0,0.08,1.08,91.0,90.0,7.4,594.0
2005.0,0.52,0.51,0.0,0.02,1.05,92.0,73.0,7.6,213.0
2007.0,2.35,1.27,0.03,0.41,4.05,90.0,66.0,8.3,381.0
2009.0,2.99,1.9,0.1,0.5,5.49,92.0,90.0,8.0,516.0
2011.0,2.08,1.97,0.06,0.46,4.57,91.0,83.0,8.2,617.0
2013.0,1.21,0.79,0.01,0.19,2.2,79.0,76.0,5.9,1095.0
2015.0,0.73,0.9,0.03,0.14,1.8,87.0,85.0,7.9,863.0
2008.0,0.83,0.0,0.0,0.06,0.89,70.0,17.0,7.9,15.0
2010.0,0.31,0.0,0.34,0.02,0.67,68.0,8.0,7.1,11.0
2014.0,0.08,0.04,0.23,0.01,0.36,57.0,25.0,4.8,19.0
2008.0,0.15,0.14,0.0,0.04,0.33,63.0,60.0,6.2,45.0
2008.0,0.11,0.04,0.0,0.02,0.16,62.0,40.0,5.8,18.0
2009.0,0.16,0.12,0.06,0.03,0.36,67.0,41.0,8.3,63.0
2003.0,0.25,0.2,0.0,0.07,0.52,81.0,26.0,8.4,57.0
2003.0,0.17,0.05,0.0,0.01,0.23,82.0,23.0,8.2,23.0
2003.0,0.1,0.03,0.0,0.0,0.13,83.0,15.0,7.8,12.0
2014.0,0.15,0.1,0.32,0.08,0.65,73.0,39.0,8.3,265.0
2006.0,0.02,0.0,0.0,0.0,0.02,46.0,7.0,7.7,6.0
2002.0,0.52,0.41,0.0,0.14,1.06,81.0,25.0,7.3,14.0
2003.0,0.02,0.02,0.0,0.01,0.05,85.0,39.0,9.0,185.0
2003.0,0.04,0.03,0.0,0.01,0.09,67.0,25.0,8.3,17.0
2001.0,0.09,0.07,0.0,0.02,0.19,83.0,26.0,9.0,29.0
2005.0,0.05,0.04,0.0,0.01,0.1,54.0,17.0,4.0,5.0
2005.0,0.1,0.0,0.0,0.01,0.11,66.0,18.0,6.4,5.0
2001.0,0.6,0.47,0.0,0.16,1.23,32.0,6.0,4.6,29.0
2003.0,0.16,0.12,0.0,0.04,0.32,59.0,12.0,8.5,6.0
1999.0,0.8,0.54,0.0,0.09,1.43,77.0,4.0,7.9,8.0
2011.0,0.16,0.03,0.0,0.01,0.21,54.0,11.0,5.5,8.0
2002.0,0.1,0.03,0.0,0.0,0.13,60.0,6.0,7.2,5.0
2005.0,0.34,0.01,0.0,0.06,0.41,69.0,29.0,7.6,36.0
2005.0,0.17,0.04,0.0,0.01,0.22,70.0,20.0,8.5,13.0
2005.0,0.15,0.04,0.0,0.01,0.2,71.0,34.0,8.8,12.0
2006.0,0.07,0.0,0.0,0.01,0.08,61.0,33.0,6.9,12.0
2008.0,0.06,0.0,0.0,0.0,0.06,59.0,9.0,8.0,5.0
2008.0,0.34,0.15,0.01,0.05,0.56,75.0,55.0,7.8,77.0
2008.0,0.0,0.02,0.0,0.0,0.02,73.0,19.0,6.9,171.0
2007.0,0.01,0.0,0.03,0.0,0.04,72.0,19.0,8.9,9.0
2003.0,0.14,0.11,0.25,0.04,0.54,75.0,39.0,8.6,22.0
2010.0,0.09,0.06,0.11,0.03,0.29,58.0,42.0,6.0,30.0
2010.0,0.1,0.07,0.02,0.02,0.2,58.0,52.0,6.1,24.0
2010.0,0.05,0.0,0.0,0.0,0.05,63.0,13.0,5.1,48.0
2009.0,0.09,0.18,0.0,0.04,0.31,66.0,45.0,7.0,45.0
2009.0,0.08,0.11,0.0,0.04,0.24,67.0,44.0,7.4,36.0
2009.0,0.0,0.02,0.0,0.0,0.02,67.0,16.0,6.7,86.0
2003.0,0.07,0.06,0.0,0.02,0.15,35.0,15.0,5.0,23.0
2006.0,0.19,0.01,0.0,0.02,0.22,70.0,63.0,7.8,36.0
2006.0,0.14,0.02,0.0,0.02,0.18,67.0,43.0,7.6,25.0
2005.0,0.05,0.0,0.04,0.0,0.09,58.0,15.0,7.3,12.0
2007.0,0.01,0.0,0.0,0.0,0.01,61.0,7.0,7.5,4.0
2004.0,0.13,0.1,0.0,0.03,0.27,67.0,21.0,8.4,20.0
2003.0,0.15,0.12,0.26,0.04,0.56,56.0,35.0,8.1,38.0
2004.0,0.54,0.16,0.0,0.03,0.73,84.0,67.0,8.7,27.0
2005.0,0.15,0.11,0.0,0.04,0.3,74.0,24.0,8.0,13.0
2006.0,0.03,0.02,0.0,0.01,0.07,71.0,26.0,8.0,5.0
2003.0,0.02,0.01,0.0,0.0,0.04,71.0,6.0,8.9,10.0
2001.0,0.07,0.05,0.0,0.02,0.14,64.0,15.0,7.3,37.0
2007.0,0.05,0.0,0.0,0.0,0.05,43.0,16.0,4.8,5.0
2003.0,0.04,0.03,0.0,0.01,0.07,59.0,22.0,6.6,14.0
2003.0,0.03,0.01,0.0,0.0,0.05,58.0,21.0,6.9,14.0
2004.0,0.03,0.03,0.0,0.01,0.07,61.0,25.0,6.0,6.0
2001.0,0.93,0.24,0.0,0.04,1.21,70.0,28.0,6.9,16.0
2007.0,0.14,0.01,0.0,0.01,0.17,49.0,47.0,5.2,31.0
2003.0,0.11,0.04,0.0,0.0,0.16,77.0,31.0,8.5,18.0
2001.0,0.39,0.16,0.37,0.12,1.04,86.0,19.0,8.5,22.0
2003.0,0.41,0.11,0.12,0.02,0.65,89.0,50.0,8.5,161.0
2009.0,0.17,0.05,0.0,0.02,0.24,42.0,59.0,4.7,22.0
2009.0,0.11,0.07,0.0,0.03,0.21,43.0,32.0,4.8,13.0
2009.0,0.11,0.0,0.0,0.03,0.14,50.0,4.0,2.3,6.0
2009.0,0.11,0.01,0.0,0.01,0.14,47.0,16.0,7.5,4.0
2002.0,0.02,0.01,0.07,0.0,0.1,71.0,12.0,9.0,10.0
2011.0,0.08,0.02,0.0,0.01,0.11,62.0,9.0,7.4,9.0
2000.0,0.04,0.03,0.0,0.01,0.08,67.0,10.0,7.4,7.0
2004.0,0.03,0.02,0.17,0.01,0.22,61.0,12.0,8.0,5.0
2002.0,0.03,0.03,0.0,0.01,0.07,50.0,22.0,7.9,11.0
2004.0,0.02,0.01,0.0,0.0,0.03,67.0,40.0,7.0,10.0
2001.0,0.05,0.04,0.06,0.01,0.17,71.0,11.0,9.1,56.0
2002.0,0.04,0.03,0.12,0.01,0.21,68.0,16.0,8.5,15.0
2004.0,0.03,0.02,0.0,0.01,0.06,70.0,15.0,8.7,12.0
2005.0,0.02,0.02,0.06,0.01,0.1,69.0,15.0,8.3,8.0
2012.0,0.15,0.08,0.0,0.02,0.25,52.0,35.0,5.2,126.0
2012.0,0.1,0.1,0.0,0.03,0.24,53.0,14.0,5.5,81.0
2012.0,0.0,0.07,0.0,0.01,0.08,58.0,23.0,6.5,345.0
2007.0,1.47,0.77,0.0,0.24,2.48,25.0,8.0,4.3,26.0
2012.0,0.09,0.03,0.0,0.01,0.13,24.0,8.0,3.5,21.0
2008.0,1.28,0.43,0.0,0.17,1.88,29.0,7.0,4.6,7.0
2010.0,0.36,0.17,0.0,0.05,0.58,33.0,6.0,3.7,9.0
2006.0,0.3,0.43,0.0,0.22,0.95,52.0,47.0,6.7,18.0
2009.0,0.79,0.42,0.01,0.13,1.35,60.0,17.0,9.3,4.0
2001.0,0.56,0.44,0.0,0.15,1.15,73.0,15.0,8.3,30.0
2002.0,0.14,0.04,0.0,0.0,0.18,60.0,20.0,9.1,16.0
2002.0,0.13,0.04,0.0,0.01,0.17,54.0,9.0,8.9,10.0
2005.0,0.2,0.15,0.0,0.05,0.4,59.0,38.0,5.7,20.0
2005.0,0.14,0.04,0.0,0.01,0.18,61.0,36.0,7.8,4.0
2006.0,3.54,1.88,0.07,0.6,6.09,94.0,88.0,8.3,2295.0
2007.0,0.0,0.01,0.0,0.0,0.02,87.0,36.0,7.8,567.0
2013.0,0.92,0.5,0.03,0.12,1.57,79.0,81.0,5.4,779.0
2015.0,2.61,0.33,0.0,0.34,3.28,82.0,74.0,7.5,563.0
2008.0,4.15,1.9,0.06,0.64,6.75,93.0,90.0,7.7,2739.0
2011.0,4.05,1.59,0.07,0.5,6.21,91.0,96.0,7.8,1504.0
2016.0,0.78,0.44,0.0,0.12,1.35,84.0,96.0,6.2,815.0
2005.0,0.11,0.03,0.0,0.0,0.15,66.0,43.0,8.5,23.0
2002.0,0.02,0.01,0.0,0.0,0.03,70.0,7.0,7.0,4.0
2005.0,0.05,0.0,0.0,0.0,0.06,60.0,29.0,7.7,18.0
2005.0,0.11,0.09,0.0,0.03,0.23,74.0,49.0,8.3,19.0
2006.0,0.18,0.37,0.06,0.14,0.75,55.0,46.0,5.8,30.0
2002.0,0.14,0.04,0.05,0.01,0.24,83.0,27.0,8.6,10.0
2007.0,0.13,0.0,0.0,0.01,0.14,79.0,36.0,7.9,26.0
2007.0,0.11,0.0,0.0,0.01,0.12,80.0,55.0,8.2,26.0
2008.0,0.02,0.0,0.0,0.0,0.02,35.0,10.0,4.0,6.0
2010.0,0.15,0.16,0.0,0.07,0.38,73.0,4.0,5.8,4.0
2004.0,0.07,0.06,0.0,0.02,0.15,49.0,29.0,6.3,7.0
2009.0,0.19,0.2,0.0,0.05,0.44,69.0,6.0,8.0,6.0
2009.0,0.13,0.06,0.0,0.03,0.22,68.0,22.0,7.6,7.0
2009.0,0.11,0.05,0.0,0.01,0.17,68.0,33.0,7.0,9.0
2009.0,0.59,0.2,0.0,0.07,0.86,76.0,29.0,8.5,28.0
2009.0,0.34,0.36,0.0,0.14,0.84,78.0,74.0,7.9,96.0
2009.0,0.43,0.14,0.0,0.06,0.63,79.0,53.0,8.5,125.0
2009.0,0.15,0.04,0.0,0.24,0.43,64.0,9.0,8.7,6.0
2009.0,0.24,0.12,0.0,0.04,0.4,55.0,17.0,6.0,7.0
2009.0,0.16,0.01,0.0,0.02,0.18,54.0,13.0,4.7,13.0
2003.0,0.04,0.03,0.0,0.01,0.09,69.0,44.0,8.7,22.0
2005.0,0.06,0.0,0.0,0.01,0.07,61.0,23.0,7.4,14.0
2007.0,0.22,0.0,0.0,0.02,0.24,49.0,17.0,5.7,13.0
2007.0,0.42,0.21,0.08,0.07,0.77,69.0,42.0,7.5,31.0
2010.0,0.17,0.07,0.12,0.02,0.38,83.0,60.0,9.0,127.0
2001.0,0.03,0.02,0.0,0.01,0.06,79.0,15.0,6.9,8.0
2001.0,0.02,0.02,0.0,0.01,0.05,82.0,21.0,8.7,25.0
2003.0,0.06,0.05,0.0,0.02,0.12,65.0,19.0,5.8,8.0
2003.0,0.04,0.01,0.0,0.0,0.05,65.0,25.0,7.1,7.0
2010.0,0.05,0.01,0.05,0.01,0.12,59.0,9.0,8.0,14.0
2003.0,0.1,0.08,0.0,0.03,0.2,78.0,27.0,8.0,22.0
2003.0,0.1,0.03,0.0,0.0,0.14,79.0,31.0,8.5,22.0
2003.0,0.06,0.01,0.0,0.0,0.07,82.0,19.0,8.8,12.0
2007.0,0.08,0.0,0.0,0.01,0.09,73.0,28.0,7.3,6.0
2008.0,0.19,0.0,0.08,0.01,0.29,69.0,23.0,7.3,18.0
2016.0,0.0,0.01,0.0,0.0,0.01,53.0,15.0,6.3,63.0
2003.0,0.08,0.07,0.0,0.02,0.17,68.0,21.0,8.7,14.0
2003.0,0.01,0.0,0.0,0.0,0.02,71.0,19.0,7.8,6.0
2002.0,0.04,0.03,0.0,0.01,0.07,27.0,10.0,3.8,19.0
2015.0,0.0,0.01,0.09,0.0,0.11,69.0,35.0,8.0,79.0
2015.0,0.0,0.0,0.08,0.0,0.08,70.0,18.0,7.8,44.0
2006.0,0.0,0.0,0.07,0.0,0.07,73.0,48.0,7.7,165.0
2005.0,2.71,1.29,0.02,0.43,4.45,94.0,75.0,8.9,997.0
2013.0,1.23,0.63,0.04,0.35,2.25,80.0,89.0,7.5,914.0
2008.0,1.48,1.0,0.04,0.66,3.18,91.0,79.0,8.6,565.0
2010.0,0.41,0.35,0.03,0.21,1.0,86.0,73.0,8.4,255.0
2011.0,0.39,0.08,0.02,0.06,0.55,84.0,58.0,8.4,208.0
2009.0,1.7,0.44,0.06,0.4,2.6,91.0,50.0,8.7,529.0
2014.0,0.08,0.06,0.01,0.05,0.2,73.0,28.0,7.4,133.0
2007.0,2.32,0.04,0.04,1.67,4.07,93.0,70.0,8.9,709.0
2010.0,2.74,1.33,0.12,0.61,4.8,92.0,101.0,8.7,2633.0
2010.0,0.03,0.0,0.62,0.0,0.66,71.0,30.0,7.9,35.0
2002.0,0.55,0.14,0.0,0.02,0.71,73.0,30.0,7.8,23.0
2004.0,0.23,0.18,0.0,0.06,0.47,62.0,19.0,8.7,21.0
2004.0,0.1,0.03,0.0,0.0,0.14,63.0,22.0,8.2,6.0
2007.0,0.14,0.0,0.0,0.01,0.16,44.0,31.0,7.2,37.0
2007.0,0.11,0.0,0.0,0.01,0.12,28.0,18.0,4.9,8.0
2008.0,0.19,0.11,0.0,0.03,0.33,45.0,33.0,5.8,33.0
2008.0,0.13,0.14,0.0,0.06,0.32,44.0,30.0,5.6,23.0
2004.0,0.54,0.02,0.0,0.09,0.64,60.0,38.0,7.0,32.0
2004.0,0.34,0.13,0.0,0.02,0.49,61.0,55.0,7.2,20.0
2004.0,0.28,0.07,0.0,0.01,0.36,60.0,35.0,6.7,14.0
2005.0,0.1,0.0,0.0,0.01,0.11,58.0,25.0,7.5,18.0
2011.0,0.33,0.33,0.0,0.12,0.78,72.0,38.0,6.3,52.0
2011.0,0.25,0.2,0.0,0.05,0.5,72.0,56.0,6.0,96.0
2001.0,0.93,0.38,0.4,0.06,1.76,91.0,29.0,9.3,198.0
2010.0,0.51,0.09,0.13,0.05,0.78,79.0,63.0,8.1,86.0
2002.0,0.61,0.27,0.27,0.07,1.22,86.0,29.0,9.5,150.0
2013.0,0.0,0.06,0.0,0.0,0.07,80.0,34.0,7.9,171.0
2008.0,0.15,0.0,0.0,0.01,0.16,37.0,4.0,3.5,8.0
2003.0,0.01,0.0,0.01,0.0,0.03,56.0,24.0,8.2,17.0
2006.0,0.0,0.05,0.0,0.01,0.06,63.0,39.0,7.3,519.0
2011.0,0.42,0.65,0.33,0.14,1.53,64.0,28.0,7.8,13.0
2003.0,0.11,0.03,0.0,0.01,0.14,66.0,42.0,7.3,28.0
2006.0,0.04,0.0,0.02,0.0,0.06,76.0,44.0,8.5,4.0
2004.0,0.05,0.04,0.0,0.01,0.09,82.0,46.0,8.5,13.0
2004.0,0.01,0.01,0.0,0.0,0.03,71.0,27.0,7.1,12.0
2015.0,0.0,0.05,0.02,0.01,0.07,64.0,10.0,7.1,12.0
2015.0,0.0,0.05,0.0,0.0,0.05,63.0,11.0,5.4,52.0
1999.0,0.14,0.09,0.0,0.02,0.25,89.0,14.0,6.6,77.0
2000.0,0.0,0.0,0.2,0.0,0.2,90.0,17.0,8.8,57.0
2002.0,0.14,0.11,0.0,0.04,0.29,71.0,19.0,8.6,31.0
2005.0,0.12,0.1,0.24,0.03,0.49,77.0,38.0,8.3,53.0
2002.0,0.07,0.05,0.25,0.02,0.38,68.0,16.0,6.5,15.0
2015.0,0.03,0.0,0.03,0.01,0.07,78.0,33.0,8.1,63.0
2015.0,0.01,0.01,0.04,0.01,0.06,76.0,11.0,8.8,33.0
2002.0,0.04,0.03,0.0,0.01,0.08,76.0,9.0,9.2,9.0
2012.0,0.09,0.1,0.0,0.04,0.23,73.0,36.0,5.2,17.0
2012.0,0.1,0.06,0.0,0.02,0.18,71.0,45.0,5.1,14.0
2004.0,0.17,0.06,0.0,0.0,0.24,68.0,33.0,7.1,23.0
2009.0,0.58,0.56,0.05,0.14,1.32,93.0,85.0,8.3,280.0
2009.0,0.28,0.49,0.03,0.27,1.06,90.0,77.0,7.3,146.0
2005.0,2.9,2.81,0.24,1.73,7.69,88.0,65.0,7.6,451.0
2006.0,1.56,1.4,0.07,0.5,3.54,78.0,49.0,7.8,112.0
2004.0,9.43,0.4,0.41,10.57,20.81,95.0,80.0,9.0,1588.0
2005.0,1.26,0.61,0.0,0.09,1.95,93.0,58.0,8.6,118.0
2005.0,0.0,0.93,0.0,0.04,0.97,93.0,47.0,8.9,1841.0
2002.0,8.41,5.49,0.47,1.78,16.15,95.0,62.0,8.7,730.0
2003.0,0.0,0.03,0.0,0.01,0.04,94.0,30.0,8.8,1520.0
2006.0,1.7,1.99,0.16,1.18,5.03,86.0,50.0,8.0,150.0
2007.0,0.78,0.03,0.03,0.13,0.97,75.0,37.0,7.9,67.0
1998.0,1.13,2.07,0.0,0.22,3.42,70.0,15.0,8.0,67.0
2001.0,6.99,4.51,0.3,1.3,13.1,97.0,56.0,8.5,664.0
2002.0,0.0,0.01,0.0,0.0,0.01,93.0,20.0,8.4,805.0
2008.0,6.76,3.07,0.14,1.03,11.01,98.0,86.0,7.9,2951.0
2008.0,4.76,3.69,0.44,1.61,10.5,98.0,64.0,7.5,2833.0
2008.0,0.01,0.79,0.0,0.07,0.88,90.0,40.0,6.6,2299.0
2013.0,7.02,9.09,0.98,3.96,21.04,97.0,50.0,8.2,3994.0
2013.0,9.66,5.14,0.06,1.41,16.27,97.0,58.0,8.1,3711.0
2014.0,3.96,6.31,0.38,1.97,12.61,97.0,66.0,8.3,2899.0
2014.0,2.81,2.19,0.0,0.47,5.48,97.0,14.0,7.9,764.0
2015.0,0.39,0.69,0.0,0.09,1.17,96.0,57.0,7.9,3756.0
1997.0,4.02,3.87,2.54,0.52,10.95,96.0,16.0,8.7,138.0
1999.0,3.88,3.42,1.69,0.5,9.49,93.0,23.0,9.0,135.0
2001.0,6.85,5.09,1.87,1.16,14.98,95.0,54.0,8.4,314.0
2004.0,3.01,0.01,1.1,7.53,11.66,89.0,74.0,8.5,272.0
2010.0,2.96,4.82,0.81,2.11,10.7,84.0,82.0,7.5,1112.0
2007.0,1.28,1.82,0.57,0.52,4.19,80.0,67.0,7.1,120.0
2013.0,0.72,1.67,0.4,0.44,3.23,81.0,81.0,7.7,758.0
2015.0,0.03,0.0,0.0,0.0,0.04,46.0,4.0,5.8,10.0
2002.0,0.05,0.04,0.0,0.01,0.1,24.0,12.0,4.1,27.0
2012.0,0.21,0.17,0.09,0.08,0.56,83.0,73.0,8.5,625.0
2015.0,0.02,0.05,0.04,0.01,0.13,80.0,62.0,8.2,153.0
2011.0,0.02,0.05,0.0,0.01,0.08,72.0,27.0,7.7,80.0
2010.0,0.19,0.15,0.0,0.06,0.41,76.0,41.0,6.3,24.0
2010.0,0.24,0.13,0.0,0.04,0.41,75.0,54.0,6.6,32.0
2010.0,0.22,0.11,0.0,0.03,0.36,76.0,12.0,8.8,11.0
2011.0,0.09,0.05,0.0,0.02,0.17,61.0,12.0,6.7,17.0
2011.0,0.09,0.03,0.0,0.01,0.13,42.0,6.0,3.9,7.0
2011.0,0.07,0.04,0.0,0.01,0.13,59.0,17.0,7.2,23.0
2004.0,0.46,0.06,0.0,0.02,0.54,74.0,11.0,9.2,42.0
2006.0,0.03,0.0,0.0,0.0,0.04,39.0,4.0,7.4,10.0
2006.0,0.01,0.0,0.0,0.0,0.01,70.0,8.0,9.2,32.0
2005.0,0.1,0.0,0.0,0.01,0.1,61.0,23.0,7.4,10.0
2005.0,0.13,0.0,0.0,0.01,0.14,65.0,22.0,6.8,4.0
2004.0,0.08,0.07,0.0,0.02,0.17,66.0,24.0,9.1,14.0
2009.0,0.0,0.02,0.0,0.0,0.02,36.0,4.0,3.9,20.0
2008.0,0.31,0.56,0.03,0.2,1.1,87.0,39.0,8.1,109.0
2008.0,0.33,0.44,0.01,0.09,0.87,87.0,62.0,7.9,131.0
2013.0,0.07,0.22,0.01,0.08,0.37,82.0,20.0,6.6,173.0
2013.0,0.08,0.16,0.0,0.03,0.27,78.0,51.0,5.8,156.0
2013.0,0.0,0.06,0.0,0.01,0.06,80.0,17.0,5.7,571.0
2014.0,0.05,0.09,0.01,0.03,0.18,75.0,35.0,6.8,62.0
2014.0,0.03,0.05,0.0,0.01,0.09,75.0,15.0,6.0,56.0
2014.0,0.0,0.02,0.0,0.0,0.02,78.0,35.0,6.2,257.0
2007.0,0.01,0.01,0.03,0.0,0.05,79.0,39.0,7.9,17.0
2005.0,0.08,0.0,0.0,0.01,0.09,70.0,37.0,8.7,22.0
2003.0,0.01,0.0,0.0,0.0,0.01,45.0,9.0,7.3,8.0
2009.0,0.01,0.0,0.0,0.0,0.01,75.0,13.0,8.5,6.0
2003.0,0.02,0.0,0.0,0.0,0.02,57.0,17.0,6.0,5.0
2006.0,0.11,0.08,0.0,0.03,0.22,60.0,7.0,7.9,9.0
2003.0,0.06,0.04,0.0,0.01,0.11,81.0,19.0,7.7,19.0
2001.0,0.08,0.03,0.0,0.0,0.11,77.0,12.0,6.0,4.0
2005.0,0.0,0.02,0.0,0.0,0.02,84.0,21.0,8.6,44.0
2006.0,0.46,0.01,0.02,0.04,0.52,41.0,15.0,4.0,21.0
2008.0,0.0,0.02,0.0,0.0,0.03,83.0,19.0,8.2,63.0
2005.0,0.03,0.0,0.0,0.0,0.03,89.0,53.0,8.4,455.0
2006.0,0.0,0.01,0.0,0.0,0.01,84.0,39.0,8.5,128.0
2006.0,0.0,0.02,0.0,0.0,0.03,84.0,30.0,8.7,104.0
2012.0,0.96,1.07,0.0,0.27,2.31,90.0,69.0,7.9,2954.0
2006.0,0.05,0.0,0.0,0.0,0.05,60.0,25.0,5.8,9.0
2004.0,0.05,0.04,0.0,0.01,0.1,73.0,39.0,7.5,13.0
2006.0,0.13,0.0,0.02,0.01,0.16,77.0,17.0,6.6,8.0
2001.0,0.06,0.05,0.0,0.02,0.12,79.0,15.0,7.8,16.0
2002.0,0.04,0.02,0.0,0.0,0.06,67.0,14.0,5.9,10.0
2002.0,0.09,0.07,0.16,0.02,0.35,87.0,31.0,8.7,34.0
2004.0,0.11,0.03,0.0,0.01,0.15,86.0,34.0,7.6,12.0
2007.0,0.0,0.0,0.04,0.0,0.04,77.0,9.0,8.3,16.0
2007.0,0.03,0.0,0.0,0.0,0.04,75.0,15.0,8.4,19.0
2009.0,0.01,0.02,0.0,0.0,0.03,76.0,10.0,7.3,9.0
2008.0,0.46,0.47,0.0,0.11,1.03,67.0,12.0,7.0,8.0
2005.0,1.67,0.61,0.03,0.07,2.38,91.0,65.0,8.7,173.0
2008.0,1.03,0.14,0.0,0.1,1.27,73.0,16.0,7.2,19.0
2008.0,1.0,0.13,0.0,0.1,1.23,70.0,59.0,6.7,48.0
2008.0,0.73,0.15,0.0,0.11,0.99,70.0,39.0,5.0,26.0
2008.0,0.61,0.0,0.0,0.18,0.79,71.0,11.0,6.3,15.0
2009.0,0.4,0.43,0.0,0.1,0.93,85.0,20.0,8.6,17.0
2009.0,0.52,0.2,0.0,0.07,0.8,84.0,62.0,8.1,79.0
2009.0,0.28,0.24,0.0,0.1,0.62,86.0,44.0,8.0,48.0
2008.0,2.1,1.01,0.01,0.35,3.46,71.0,70.0,8.8,29.0
2008.0,0.84,0.57,0.0,0.16,1.57,72.0,40.0,8.0,5.0
2009.0,0.31,0.21,0.0,0.06,0.58,74.0,17.0,7.7,6.0
2009.0,0.23,0.15,0.0,0.04,0.42,71.0,56.0,5.9,18.0
2009.0,0.2,0.11,0.0,0.05,0.35,73.0,34.0,7.2,9.0
2009.0,0.11,0.01,0.0,0.1,0.22,69.0,6.0,8.3,6.0
2009.0,0.16,0.1,0.0,0.03,0.29,57.0,34.0,5.8,17.0
2009.0,0.13,0.12,0.0,0.03,0.28,50.0,12.0,5.2,6.0
2009.0,0.14,0.09,0.0,0.04,0.27,59.0,33.0,4.7,9.0
2010.0,0.47,0.4,0.0,0.09,0.96,77.0,26.0,7.5,17.0
2010.0,0.47,0.31,0.0,0.08,0.86,72.0,65.0,6.5,51.0
2010.0,0.33,0.34,0.0,0.13,0.81,74.0,46.0,7.1,30.0
2008.0,2.32,0.96,0.0,0.34,3.62,86.0,18.0,7.6,71.0
2008.0,1.78,0.63,0.0,0.25,2.66,85.0,67.0,6.3,171.0
2008.0,1.1,0.55,0.0,0.27,1.92,84.0,43.0,7.5,80.0
2009.0,0.92,0.48,0.0,0.15,1.55,89.0,25.0,6.9,49.0
2009.0,0.65,0.37,0.0,0.11,1.13,85.0,69.0,6.8,108.0
2009.0,0.28,0.3,0.0,0.54,1.12,71.0,4.0,2.6,10.0
2009.0,0.53,0.39,0.0,0.17,1.09,86.0,54.0,5.7,87.0
2007.0,0.92,0.04,0.0,0.15,1.11,69.0,50.0,6.3,31.0
2006.0,3.81,0.63,0.0,0.68,5.12,92.0,69.0,8.5,112.0
2007.0,2.01,0.02,0.0,0.17,2.2,92.0,55.0,8.1,220.0
2007.0,3.49,0.01,0.01,1.48,4.98,82.0,24.0,8.2,46.0
2007.0,3.04,1.11,0.0,0.43,4.6,86.0,36.0,8.4,87.0
2007.0,3.19,0.91,0.01,0.42,4.53,85.0,69.0,7.9,165.0
2007.0,1.4,0.53,0.02,0.3,2.24,83.0,45.0,7.8,52.0
2007.0,0.02,0.0,0.0,0.0,0.02,79.0,15.0,7.2,63.0
2015.0,0.34,0.38,0.0,0.14,0.86,80.0,69.0,6.2,160.0
2015.0,0.3,0.2,0.0,0.05,0.55,81.0,21.0,5.1,69.0
2015.0,0.12,0.05,0.0,0.02,0.19,84.0,4.0,6.1,36.0
2009.0,0.13,0.2,0.0,0.04,0.37,70.0,30.0,6.3,7.0
2005.0,0.98,0.04,0.0,0.16,1.17,77.0,43.0,8.7,70.0
2005.0,0.38,0.12,0.0,0.02,0.52,79.0,55.0,7.8,29.0
2005.0,0.14,0.04,0.0,0.0,0.18,77.0,27.0,8.6,8.0
1998.0,0.13,0.09,0.0,0.02,0.23,61.0,4.0,7.8,4.0
2002.0,0.09,0.07,0.0,0.02,0.19,65.0,28.0,8.6,16.0
2004.0,0.07,0.05,0.0,0.02,0.14,68.0,50.0,8.7,12.0
2002.0,0.08,0.02,0.0,0.0,0.11,63.0,17.0,7.6,8.0
2006.0,0.05,0.0,0.0,0.01,0.06,73.0,41.0,7.6,9.0
2005.0,0.05,0.02,0.0,0.0,0.07,83.0,31.0,8.5,13.0
2002.0,0.13,0.04,0.0,0.01,0.17,73.0,28.0,7.3,10.0
2008.0,0.05,0.0,0.0,0.0,0.06,52.0,23.0,6.1,7.0
2008.0,0.05,0.0,0.0,0.0,0.05,51.0,19.0,4.5,4.0
2009.0,0.08,0.0,0.0,0.01,0.09,79.0,4.0,8.3,30.0
1997.0,4.03,0.0,0.09,0.0,4.12,96.0,24.0,9.1,3161.0
2001.0,0.29,0.23,0.0,0.08,0.6,87.0,24.0,8.6,94.0
2004.0,2.28,0.02,0.08,0.0,2.37,96.0,81.0,9.1,8665.0
2005.0,0.37,0.21,0.0,0.03,0.61,90.0,35.0,8.6,115.0
2009.0,0.08,0.01,0.07,0.01,0.18,84.0,41.0,7.8,38.0
2001.0,4.98,1.3,0.08,0.07,6.43,97.0,68.0,8.6,1283.0
2003.0,0.02,0.02,0.0,0.0,0.04,83.0,40.0,7.4,396.0
2011.0,1.44,0.7,0.04,0.22,2.4,82.0,73.0,8.1,487.0
2010.0,7.04,1.95,0.08,0.79,9.86,91.0,99.0,7.9,2045.0
2014.0,1.91,1.0,0.03,0.29,3.23,85.0,69.0,7.2,1267.0
2004.0,6.82,1.53,0.05,0.08,8.49,95.0,91.0,8.2,1218.0
2007.0,0.01,0.06,0.0,0.02,0.09,72.0,32.0,5.6,216.0
2005.0,0.54,0.13,0.0,0.02,0.69,89.0,37.0,7.4,34.0
2007.0,7.97,2.81,0.13,1.21,12.12,94.0,86.0,7.8,4100.0
2009.0,4.34,1.34,0.06,0.61,6.34,83.0,94.0,7.1,1163.0
2012.0,6.65,2.28,0.04,0.74,9.71,87.0,87.0,7.0,3260.0
2015.0,2.78,1.27,0.03,0.41,4.48,84.0,101.0,6.4,2438.0
2009.0,1.54,0.8,0.04,0.24,2.62,82.0,92.0,7.2,454.0
2008.0,0.06,0.0,0.0,0.01,0.07,73.0,19.0,7.3,8.0
2004.0,0.16,0.06,0.0,0.0,0.22,77.0,20.0,7.8,6.0
2002.0,0.26,0.1,0.0,0.01,0.36,72.0,7.0,9.3,18.0
2009.0,0.14,0.05,0.0,0.02,0.21,25.0,4.0,3.8,48.0
2006.0,0.12,0.0,0.0,0.01,0.14,46.0,11.0,6.7,16.0
2003.0,0.44,0.34,0.0,0.11,0.9,68.0,21.0,6.6,27.0
2003.0,0.31,0.08,0.0,0.01,0.4,68.0,16.0,8.5,10.0
2003.0,0.28,0.1,0.0,0.01,0.39,53.0,6.0,8.3,9.0
2003.0,0.14,0.04,0.0,0.01,0.19,69.0,14.0,7.5,4.0
2002.0,0.9,1.22,0.04,0.44,2.61,71.0,16.0,7.6,49.0
2002.0,1.21,0.64,0.05,0.09,1.99,76.0,11.0,7.9,14.0
2002.0,0.53,0.14,0.0,0.02,0.69,77.0,14.0,8.3,27.0
2002.0,0.27,0.08,0.0,0.01,0.36,77.0,13.0,7.2,12.0
2002.0,0.0,0.01,0.0,0.0,0.01,77.0,8.0,8.4,93.0
2010.0,0.22,0.27,0.0,0.05,0.54,41.0,8.0,5.0,11.0
2010.0,0.21,0.2,0.0,0.04,0.45,38.0,42.0,5.0,46.0
2010.0,0.19,0.18,0.0,0.04,0.41,56.0,6.0,6.0,4.0
2010.0,0.13,0.2,0.0,0.07,0.39,38.0,27.0,2.8,23.0
2010.0,0.08,0.02,0.0,0.01,0.1,37.0,5.0,4.1,33.0
2011.0,0.19,0.11,0.0,0.03,0.33,44.0,31.0,5.4,24.0
2011.0,0.17,0.13,0.0,0.03,0.33,47.0,6.0,6.6,5.0
2011.0,0.14,0.13,0.0,0.05,0.32,43.0,21.0,5.7,27.0
2011.0,0.05,0.04,0.0,0.01,0.1,43.0,12.0,5.0,56.0
2005.0,0.54,0.02,0.0,0.09,0.65,68.0,29.0,6.7,48.0
2005.0,0.44,0.16,0.0,0.01,0.61,71.0,9.0,6.0,8.0
2005.0,0.32,0.08,0.0,0.01,0.42,69.0,20.0,6.3,13.0
2005.0,0.18,0.05,0.0,0.01,0.23,68.0,26.0,5.8,10.0
2005.0,0.2,0.01,0.0,0.02,0.23,68.0,15.0,6.0,6.0
2005.0,0.17,0.0,0.0,0.02,0.19,70.0,13.0,7.4,16.0
2009.0,0.28,0.39,0.0,0.08,0.75,60.0,35.0,6.0,8.0
2009.0,0.2,0.34,0.0,0.07,0.61,48.0,9.0,4.3,7.0
2009.0,0.15,0.12,0.0,0.05,0.33,66.0,35.0,7.1,17.0
2009.0,0.17,0.11,0.0,0.03,0.31,64.0,38.0,6.8,11.0
2009.0,0.0,0.03,0.0,0.0,0.03,64.0,14.0,6.1,35.0
2007.0,0.28,0.46,0.0,0.1,0.84,51.0,15.0,4.9,19.0
2007.0,0.38,0.05,0.0,0.04,0.46,69.0,34.0,7.2,28.0
2007.0,0.1,0.17,0.0,0.1,0.37,52.0,11.0,7.6,20.0
2007.0,0.24,0.03,0.0,0.02,0.29,68.0,38.0,6.8,20.0
2007.0,0.13,0.1,0.0,0.03,0.27,61.0,17.0,8.0,28.0
2007.0,0.18,0.03,0.0,0.03,0.24,67.0,35.0,6.6,25.0
2007.0,0.0,0.03,0.0,0.0,0.04,63.0,11.0,7.1,34.0
2004.0,0.5,0.39,0.0,0.13,1.02,70.0,29.0,8.7,29.0
2004.0,0.37,0.14,0.0,0.01,0.52,69.0,11.0,8.1,12.0
2004.0,0.29,0.08,0.0,0.01,0.38,67.0,22.0,7.3,8.0
2004.0,0.14,0.04,0.0,0.01,0.19,67.0,23.0,8.8,10.0
2004.0,0.0,0.03,0.0,0.0,0.04,67.0,19.0,7.2,50.0
2001.0,1.37,2.0,0.14,0.22,3.73,64.0,11.0,7.5,41.0
2001.0,0.87,0.66,0.08,0.08,1.69,64.0,8.0,7.1,7.0
2001.0,0.01,0.04,0.0,0.01,0.06,65.0,11.0,7.8,76.0
2003.0,0.14,0.11,0.0,0.04,0.28,56.0,14.0,7.6,21.0
2003.0,0.06,0.02,0.0,0.0,0.08,62.0,11.0,8.3,6.0
2003.0,0.05,0.02,0.0,0.0,0.07,59.0,11.0,6.0,5.0
2008.0,0.58,0.08,0.02,0.05,0.73,76.0,10.0,8.9,20.0
2004.0,0.19,0.05,0.0,0.01,0.24,70.0,12.0,9.2,60.0
2003.0,0.61,0.16,0.0,0.02,0.79,79.0,28.0,8.9,148.0
1999.0,0.11,0.07,0.12,0.02,0.32,82.0,6.0,9.3,78.0
2009.0,0.08,0.0,0.0,0.01,0.1,72.0,7.0,6.8,6.0
2003.0,0.34,0.13,0.11,0.01,0.59,81.0,25.0,9.6,116.0
2009.0,0.07,0.02,0.05,0.01,0.14,74.0,6.0,7.9,12.0
2005.0,0.19,0.05,0.0,0.01,0.24,83.0,14.0,8.9,44.0
2008.0,0.23,0.03,0.0,0.02,0.29,69.0,14.0,8.8,17.0
2003.0,0.14,0.05,0.0,0.0,0.2,82.0,8.0,9.2,40.0
2010.0,0.25,0.05,0.22,0.03,0.55,68.0,6.0,7.5,13.0
2007.0,0.67,0.03,0.06,0.05,0.82,65.0,18.0,8.2,28.0
2012.0,0.41,0.17,0.3,0.05,0.91,74.0,21.0,8.2,62.0
2007.0,0.43,0.01,0.25,0.04,0.72,65.0,15.0,7.0,22.0
2008.0,0.09,0.0,0.0,0.01,0.1,62.0,19.0,8.0,8.0
2008.0,0.08,0.0,0.0,0.01,0.08,60.0,28.0,7.8,5.0
2008.0,0.96,0.33,0.0,0.13,1.43,63.0,12.0,7.5,11.0
2009.0,0.7,0.52,0.0,0.13,1.35,63.0,16.0,6.3,6.0
2012.0,0.0,0.0,0.23,0.0,0.23,81.0,10.0,8.0,90.0
2013.0,0.08,0.0,0.19,0.02,0.28,73.0,10.0,8.4,108.0
2014.0,0.08,0.05,0.16,0.04,0.32,81.0,8.0,8.4,69.0
2014.0,0.09,0.03,0.1,0.03,0.25,78.0,15.0,8.6,49.0
2016.0,0.01,0.0,0.1,0.0,0.12,83.0,5.0,8.0,22.0
2016.0,0.02,0.0,0.02,0.0,0.05,78.0,22.0,7.4,41.0
2015.0,0.16,0.04,0.1,0.02,0.32,80.0,32.0,8.5,71.0
2005.0,0.03,0.03,0.0,0.01,0.07,67.0,33.0,8.8,44.0
2008.0,0.49,0.33,0.02,0.15,0.99,55.0,65.0,6.5,294.0
2000.0,0.12,0.08,0.0,0.01,0.21,26.0,7.0,4.0,5.0
2002.0,0.19,0.15,0.0,0.05,0.38,74.0,24.0,7.8,19.0
2004.0,0.02,0.01,0.0,0.0,0.04,62.0,29.0,6.7,7.0
2004.0,0.02,0.0,0.0,0.0,0.02,59.0,26.0,6.8,4.0
2009.0,0.02,0.04,0.0,0.01,0.07,77.0,23.0,7.1,233.0
2016.0,0.0,0.05,0.0,0.0,0.05,83.0,36.0,6.9,306.0
2007.0,0.08,0.0,0.0,0.01,0.1,62.0,25.0,6.2,32.0
2007.0,0.57,0.72,0.06,0.29,1.65,79.0,64.0,8.3,544.0
2011.0,0.17,0.0,0.0,0.02,0.18,39.0,5.0,3.3,16.0
2010.0,1.29,1.21,0.06,0.47,3.03,87.0,107.0,7.7,2759.0
2008.0,0.13,0.02,0.0,0.02,0.17,47.0,23.0,6.1,10.0
2008.0,0.1,0.0,0.0,0.01,0.11,44.0,31.0,5.7,9.0
2008.0,0.04,0.0,0.0,0.0,0.04,42.0,14.0,7.1,13.0
2007.0,0.0,0.02,0.0,0.0,0.02,70.0,40.0,6.3,374.0
2005.0,0.06,0.02,0.0,0.0,0.08,64.0,14.0,6.8,6.0
2008.0,0.06,0.03,0.0,0.01,0.1,65.0,12.0,7.0,5.0
2009.0,0.08,0.0,0.0,0.01,0.09,82.0,46.0,8.0,38.0
2005.0,0.24,0.09,0.0,0.01,0.34,47.0,9.0,6.8,4.0
2002.0,0.11,0.08,0.0,0.03,0.22,69.0,24.0,5.0,12.0
2016.0,0.0,0.02,0.0,0.0,0.02,62.0,31.0,6.5,36.0
2006.0,0.0,0.03,0.0,0.01,0.04,77.0,41.0,7.9,349.0
2012.0,0.13,0.07,0.0,0.02,0.21,69.0,53.0,7.4,50.0
2005.0,0.14,0.11,0.0,0.04,0.29,76.0,31.0,8.4,15.0
2005.0,0.1,0.03,0.0,0.0,0.13,76.0,33.0,8.2,5.0
2005.0,0.0,0.02,0.0,0.0,0.02,76.0,18.0,6.7,19.0
2009.0,0.12,0.02,0.0,0.02,0.16,62.0,34.0,7.0,16.0
2009.0,0.1,0.02,0.0,0.01,0.14,62.0,39.0,8.1,9.0
2009.0,0.07,0.0,0.06,0.01,0.14,68.0,13.0,7.3,21.0
2001.0,0.04,0.03,0.0,0.01,0.08,39.0,4.0,5.8,4.0
2002.0,0.18,0.14,0.0,0.05,0.37,84.0,23.0,7.9,7.0
2003.0,0.18,0.14,0.0,0.05,0.36,83.0,17.0,8.1,12.0
2003.0,0.06,0.02,0.0,0.0,0.08,83.0,14.0,8.4,8.0
2010.0,0.13,0.0,0.0,0.01,0.15,66.0,14.0,8.1,23.0
2012.0,0.59,1.05,0.07,0.44,2.14,83.0,30.0,7.5,511.0
2012.0,0.68,0.88,0.01,0.17,1.73,79.0,51.0,7.1,453.0
2012.0,0.03,0.17,0.0,0.04,0.24,79.0,26.0,7.0,1327.0
2006.0,0.25,0.19,0.0,0.06,0.5,83.0,36.0,8.4,104.0
2006.0,0.29,0.06,0.01,0.03,0.39,82.0,53.0,8.7,102.0
2006.0,0.11,0.03,0.0,0.01,0.14,81.0,27.0,9.1,32.0
2006.0,0.0,0.03,0.0,0.01,0.03,82.0,35.0,8.8,528.0
2004.0,0.39,0.31,0.0,0.1,0.8,80.0,39.0,8.3,43.0
2004.0,0.26,0.07,0.0,0.01,0.34,78.0,44.0,8.8,15.0
2013.0,0.07,0.09,0.0,0.04,0.21,71.0,20.0,7.6,46.0
2013.0,0.07,0.08,0.0,0.02,0.17,69.0,14.0,7.2,45.0
2002.0,1.36,1.15,0.04,0.41,2.96,85.0,19.0,7.8,78.0
2003.0,0.1,0.03,0.0,0.0,0.13,83.0,17.0,5.5,8.0
2000.0,0.01,0.01,0.0,0.0,0.02,62.0,10.0,8.8,31.0
2011.0,0.83,0.48,0.02,0.12,1.45,70.0,85.0,6.0,399.0
2011.0,0.32,0.39,0.04,0.15,0.9,70.0,60.0,5.7,174.0
2011.0,0.11,0.1,0.0,0.03,0.24,70.0,36.0,5.5,531.0
2016.0,0.06,0.21,0.03,0.05,0.35,48.0,43.0,3.8,212.0
2016.0,0.06,0.07,0.0,0.01,0.14,49.0,12.0,4.1,106.0
2016.0,0.01,0.02,0.0,0.0,0.04,54.0,48.0,3.5,284.0
2013.0,0.23,0.12,0.04,0.04,0.43,47.0,14.0,6.0,24.0
1998.0,0.0,0.02,0.0,0.0,0.02,93.0,20.0,9.0,326.0
2003.0,0.0,0.03,0.0,0.0,0.03,83.0,31.0,8.3,128.0
2008.0,0.07,0.0,0.0,0.01,0.07,23.0,9.0,2.4,12.0
2001.0,0.03,0.02,0.0,0.0,0.05,62.0,9.0,8.7,26.0
2007.0,0.0,0.0,0.01,0.0,0.01,55.0,13.0,7.9,11.0
2007.0,0.0,0.01,0.0,0.0,0.01,51.0,8.0,3.8,29.0
2007.0,0.26,0.04,0.22,0.03,0.54,78.0,57.0,8.6,102.0
2008.0,0.0,0.03,0.0,0.0,0.03,58.0,7.0,2.5,19.0
2007.0,0.03,0.0,0.0,0.0,0.03,55.0,35.0,6.5,6.0
2004.0,0.5,0.5,0.63,0.33,1.96,81.0,57.0,8.7,34.0
2007.0,0.21,0.11,0.28,0.08,0.68,82.0,42.0,8.6,12.0
2007.0,0.31,0.03,0.76,0.04,1.14,81.0,66.0,8.8,32.0
2011.0,0.15,0.11,0.25,0.05,0.55,76.0,55.0,8.1,77.0
2001.0,0.99,0.32,1.38,0.2,2.89,85.0,30.0,8.9,16.0
2006.0,0.17,0.13,0.55,0.05,0.9,70.0,44.0,8.1,8.0
2010.0,0.07,0.0,0.13,0.01,0.21,80.0,27.0,8.0,17.0
2004.0,0.29,0.23,0.0,0.08,0.59,62.0,8.0,8.1,8.0
2004.0,0.08,0.02,0.0,0.0,0.1,63.0,11.0,6.2,5.0
2002.0,0.23,0.18,0.0,0.06,0.47,54.0,7.0,7.1,16.0
2002.0,0.09,0.02,0.0,0.0,0.11,55.0,4.0,6.4,5.0
2003.0,0.21,0.16,0.0,0.05,0.42,55.0,5.0,7.7,9.0
2003.0,0.13,0.03,0.0,0.0,0.16,59.0,5.0,7.0,5.0
2007.0,0.1,0.01,0.0,0.01,0.13,37.0,33.0,3.0,40.0
2010.0,0.23,0.15,0.0,0.04,0.42,59.0,11.0,7.0,4.0
2010.0,0.12,0.03,0.0,0.02,0.18,51.0,18.0,7.0,6.0
2010.0,0.11,0.02,0.0,0.01,0.14,58.0,23.0,7.6,10.0
2014.0,0.03,0.05,0.0,0.01,0.08,47.0,4.0,4.9,7.0
2002.0,0.25,0.2,0.0,0.07,0.51,53.0,17.0,8.4,8.0
2014.0,0.0,0.0,0.01,0.0,0.01,58.0,16.0,7.7,23.0
2003.0,0.52,0.41,0.0,0.14,1.06,71.0,28.0,8.3,22.0
2003.0,0.25,0.07,0.0,0.01,0.33,69.0,25.0,7.7,9.0
2003.0,0.15,0.04,0.0,0.01,0.19,71.0,26.0,7.4,7.0
2011.0,0.1,0.02,0.0,0.01,0.13,26.0,4.0,2.2,20.0
2006.0,0.01,0.0,0.0,0.0,0.02,44.0,7.0,6.0,5.0
2011.0,0.12,0.08,0.02,0.03,0.25,57.0,34.0,6.2,70.0
2011.0,0.13,0.06,0.0,0.02,0.22,61.0,59.0,6.0,116.0
2011.0,0.03,0.01,0.0,0.0,0.05,61.0,21.0,6.6,127.0
2002.0,0.28,0.08,0.0,0.01,0.38,79.0,28.0,8.9,20.0
2002.0,0.08,0.02,0.0,0.0,0.1,70.0,13.0,7.6,7.0
2003.0,0.13,0.04,0.0,0.01,0.17,72.0,26.0,8.6,5.0
2003.0,0.21,0.16,0.0,0.06,0.43,68.0,27.0,8.8,16.0
2014.0,0.04,0.01,0.06,0.02,0.13,68.0,24.0,7.1,36.0
2010.0,0.22,0.09,0.07,0.04,0.43,45.0,31.0,7.0,148.0
2014.0,0.03,0.01,0.06,0.01,0.11,71.0,20.0,6.8,44.0
2012.0,0.05,0.03,0.06,0.02,0.16,55.0,19.0,7.8,94.0
2014.0,0.58,0.42,0.13,0.1,1.23,76.0,81.0,8.3,662.0
2009.0,0.11,0.14,0.0,0.03,0.27,75.0,12.0,8.3,6.0
2009.0,0.13,0.03,0.0,0.02,0.19,67.0,23.0,7.3,7.0
2009.0,0.09,0.02,0.0,0.01,0.12,68.0,28.0,7.5,6.0
2006.0,0.19,0.15,0.0,0.05,0.39,68.0,19.0,8.0,6.0
2006.0,0.06,0.01,0.0,0.01,0.08,66.0,9.0,7.8,5.0
2002.0,0.0,0.01,0.0,0.0,0.01,83.0,22.0,8.3,147.0
2001.0,0.23,0.18,0.0,0.06,0.47,90.0,59.0,8.8,328.0
2003.0,0.15,0.04,0.0,0.01,0.2,40.0,5.0,7.4,7.0
2003.0,0.07,0.02,0.0,0.0,0.09,85.0,52.0,8.5,42.0
2001.0,0.0,0.01,0.0,0.0,0.01,91.0,12.0,8.8,130.0
2006.0,0.0,0.04,0.0,0.01,0.04,86.0,9.0,8.8,115.0
2009.0,0.34,0.25,0.0,0.1,0.68,81.0,28.0,7.3,20.0
2009.0,0.23,0.23,0.0,0.05,0.51,80.0,43.0,8.4,18.0
2009.0,0.06,0.0,0.0,0.0,0.06,41.0,4.0,2.4,5.0
2011.0,0.0,0.04,0.0,0.01,0.05,60.0,13.0,7.1,114.0
2003.0,0.0,0.02,0.0,0.0,0.02,86.0,12.0,8.6,38.0
2005.0,0.0,0.04,0.0,0.0,0.04,69.0,28.0,8.4,73.0
2008.0,0.0,0.01,0.0,0.0,0.02,63.0,19.0,7.5,24.0
2002.0,0.0,0.01,0.0,0.0,0.01,72.0,30.0,8.0,39.0
2007.0,0.11,0.0,0.0,0.01,0.12,61.0,8.0,4.8,6.0
2011.0,0.0,0.01,0.25,0.0,0.26,59.0,16.0,7.9,10.0
1999.0,0.04,0.03,0.0,0.01,0.08,80.0,11.0,7.5,11.0
2003.0,0.14,0.04,0.0,0.01,0.18,73.0,43.0,8.6,17.0
2009.0,0.36,0.29,0.0,0.07,0.72,55.0,32.0,7.0,28.0
2009.0,0.11,0.01,0.0,0.16,0.28,55.0,4.0,7.5,13.0
2009.0,0.11,0.09,0.0,0.05,0.25,63.0,10.0,7.8,17.0
2009.0,0.16,0.07,0.0,0.02,0.25,50.0,5.0,6.8,11.0
2007.0,0.12,0.0,0.0,0.01,0.13,47.0,10.0,6.7,7.0
2005.0,0.07,0.06,0.0,0.02,0.15,83.0,47.0,7.8,104.0
2005.0,0.07,0.03,0.0,0.0,0.1,84.0,51.0,7.7,39.0
2005.0,0.0,0.02,0.0,0.0,0.02,85.0,41.0,8.3,375.0
2003.0,0.04,0.01,0.0,0.0,0.05,71.0,8.0,7.8,5.0
2009.0,1.76,0.68,0.12,0.37,2.93,85.0,98.0,8.3,1172.0
2014.0,0.0,0.03,0.0,0.0,0.03,73.0,70.0,7.5,580.0
2014.0,1.28,0.98,0.07,0.46,2.79,80.0,90.0,7.9,2944.0
2011.0,1.05,0.47,0.08,0.22,1.82,83.0,90.0,8.4,932.0
2005.0,0.14,0.0,0.0,0.01,0.15,74.0,49.0,8.3,30.0
2009.0,0.06,0.01,0.0,0.01,0.08,35.0,23.0,5.3,10.0
2009.0,0.06,0.05,0.07,0.01,0.2,75.0,46.0,9.0,61.0
2008.0,0.34,0.18,0.12,0.06,0.7,68.0,60.0,7.0,158.0
2003.0,0.19,0.15,0.0,0.05,0.4,73.0,39.0,8.3,22.0
2003.0,0.07,0.02,0.0,0.0,0.09,77.0,18.0,7.6,8.0
2003.0,0.05,0.02,0.0,0.0,0.07,75.0,18.0,8.4,8.0
2013.0,0.97,0.3,0.0,0.11,1.38,81.0,63.0,7.9,362.0
2013.0,0.48,0.5,0.01,0.2,1.18,78.0,37.0,7.9,282.0
2013.0,0.09,0.08,0.0,0.02,0.19,82.0,5.0,7.9,112.0
2009.0,0.02,0.0,0.0,0.0,0.02,39.0,8.0,2.2,5.0
2006.0,0.08,0.03,0.03,0.02,0.16,67.0,22.0,7.8,23.0
2008.0,0.06,0.0,0.0,0.0,0.06,55.0,23.0,7.0,5.0
2005.0,0.04,0.03,0.0,0.01,0.07,72.0,14.0,9.0,13.0
2002.0,0.0,0.0,0.1,0.01,0.11,69.0,5.0,9.0,74.0
2005.0,0.13,0.1,0.0,0.03,0.27,52.0,14.0,8.3,21.0
2007.0,0.09,0.0,0.0,0.01,0.09,46.0,13.0,7.6,17.0
2004.0,0.21,0.17,0.0,0.06,0.43,51.0,7.0,8.1,28.0
2012.0,0.03,0.03,0.0,0.01,0.07,56.0,23.0,5.4,43.0
2012.0,0.03,0.02,0.0,0.01,0.06,53.0,51.0,6.5,72.0
2009.0,0.17,0.5,0.0,0.11,0.79,69.0,32.0,7.3,19.0
2013.0,0.0,0.06,0.0,0.02,0.08,69.0,16.0,6.8,10.0
2013.0,0.0,0.02,0.0,0.0,0.02,50.0,16.0,5.0,14.0
2008.0,0.32,0.25,0.0,0.11,0.68,42.0,27.0,6.2,45.0
2008.0,0.46,0.09,0.0,0.09,0.63,44.0,7.0,6.5,16.0
2008.0,0.3,0.22,0.0,0.06,0.59,44.0,14.0,7.0,8.0
2008.0,0.27,0.24,0.0,0.06,0.57,45.0,43.0,5.9,52.0
2008.0,0.36,0.0,0.0,0.19,0.54,47.0,8.0,5.6,15.0
2008.0,0.35,0.12,0.0,0.05,0.51,56.0,10.0,7.0,4.0
2010.0,0.14,0.18,0.0,0.07,0.39,41.0,28.0,5.2,36.0
2010.0,0.15,0.15,0.0,0.03,0.32,41.0,11.0,4.6,12.0
2010.0,0.15,0.09,0.0,0.03,0.27,41.0,35.0,5.9,54.0
2005.0,0.02,0.0,0.0,0.0,0.02,58.0,11.0,6.5,4.0
1998.0,0.0,0.0,0.71,0.05,0.76,94.0,4.0,8.7,40.0
2010.0,0.04,0.02,0.0,0.0,0.06,74.0,30.0,7.2,12.0
2010.0,0.04,0.0,0.0,0.0,0.05,69.0,20.0,6.3,4.0
2007.0,0.05,0.0,0.0,0.0,0.06,65.0,18.0,7.9,13.0
2007.0,0.14,0.11,0.0,0.04,0.28,58.0,24.0,6.6,14.0
2007.0,0.09,0.08,0.0,0.05,0.22,58.0,21.0,7.0,12.0
2008.0,0.0,0.02,0.0,0.0,0.03,69.0,25.0,7.0,21.0
2001.0,0.05,0.04,0.0,0.01,0.1,76.0,16.0,7.8,22.0
2005.0,0.48,0.19,0.0,0.03,0.7,89.0,84.0,8.6,113.0
2004.0,1.33,0.49,0.0,0.03,1.85,84.0,55.0,8.6,246.0
2009.0,0.18,0.27,0.0,0.15,0.61,71.0,47.0,6.3,28.0
2009.0,0.22,0.17,0.0,0.06,0.46,72.0,8.0,4.6,32.0
2001.0,2.08,1.09,0.15,0.33,3.64,90.0,35.0,8.7,312.0
2003.0,1.68,0.74,0.0,0.36,2.78,87.0,47.0,8.2,241.0
2005.0,0.45,0.02,0.0,0.07,0.55,76.0,46.0,7.7,63.0
2001.0,1.9,1.13,0.1,0.41,3.53,72.0,27.0,7.9,48.0
2002.0,0.65,0.22,0.0,0.03,0.9,71.0,16.0,7.5,15.0
2002.0,0.56,0.15,0.0,0.02,0.72,74.0,16.0,6.8,25.0
2010.0,0.18,0.36,0.02,0.13,0.7,65.0,49.0,7.4,45.0
2010.0,0.2,0.23,0.0,0.05,0.47,62.0,66.0,7.1,63.0
2010.0,0.02,0.0,0.0,0.0,0.02,63.0,17.0,7.1,72.0
2003.0,0.12,0.04,0.0,0.0,0.17,73.0,17.0,8.3,11.0
2004.0,0.85,1.06,0.09,0.32,2.31,84.0,42.0,9.1,51.0
2004.0,0.43,0.19,0.0,0.02,0.64,83.0,51.0,7.4,27.0
2004.0,0.32,0.08,0.0,0.01,0.42,84.0,41.0,8.2,25.0
2002.0,1.45,1.29,0.12,0.46,3.33,77.0,20.0,8.5,66.0
2002.0,0.58,0.22,0.0,0.03,0.82,78.0,30.0,7.8,25.0
2002.0,0.6,0.16,0.0,0.02,0.78,80.0,17.0,8.6,46.0
2003.0,0.1,0.04,0.0,0.0,0.13,66.0,6.0,8.1,9.0
2002.0,0.05,0.02,0.0,0.0,0.07,47.0,17.0,8.3,6.0
2011.0,0.07,0.07,0.0,0.01,0.15,60.0,22.0,6.6,5.0
2011.0,0.07,0.03,0.0,0.01,0.11,41.0,7.0,3.1,7.0
2011.0,0.06,0.02,0.0,0.01,0.09,45.0,5.0,4.5,8.0
2011.0,0.02,0.01,0.0,0.0,0.04,48.0,4.0,3.1,14.0
2006.0,0.5,0.02,0.0,0.08,0.6,52.0,29.0,7.5,39.0
2006.0,0.11,0.03,0.0,0.01,0.15,51.0,29.0,6.2,9.0
2006.0,0.21,0.0,0.1,0.02,0.33,87.0,45.0,8.2,74.0
2007.0,0.05,0.0,0.0,0.0,0.05,26.0,14.0,2.8,11.0
2001.0,0.11,0.09,0.0,0.03,0.23,35.0,9.0,3.4,16.0
2002.0,0.09,0.02,0.0,0.0,0.12,36.0,14.0,5.6,5.0
2003.0,0.02,0.01,0.0,0.0,0.03,74.0,22.0,9.3,6.0
2010.0,0.03,0.0,0.0,0.0,0.03,60.0,5.0,7.2,5.0
2008.0,0.96,0.2,0.0,0.11,1.27,30.0,4.0,2.0,23.0
2011.0,0.08,0.0,0.0,0.01,0.09,65.0,5.0,8.8,8.0
2011.0,0.07,0.0,0.0,0.01,0.08,67.0,5.0,6.8,4.0
2002.0,0.07,0.02,0.0,0.0,0.09,42.0,4.0,5.1,7.0
2010.0,0.09,0.01,0.0,0.01,0.11,58.0,23.0,4.1,8.0
2013.0,0.05,0.02,0.5,0.01,0.58,71.0,53.0,8.3,55.0
2015.0,0.0,0.0,0.03,0.0,0.03,61.0,35.0,7.4,44.0
2011.0,0.09,0.19,0.0,0.03,0.31,73.0,14.0,6.0,8.0
2001.0,0.07,0.05,0.0,0.02,0.14,44.0,14.0,5.7,6.0
2012.0,0.04,0.13,0.0,0.04,0.21,92.0,78.0,8.8,1381.0
2002.0,0.13,0.04,0.03,0.01,0.21,88.0,36.0,8.2,102.0
2014.0,0.0,0.03,0.17,0.01,0.21,74.0,5.0,7.9,29.0
2003.0,0.01,0.01,0.0,0.0,0.03,52.0,13.0,5.3,9.0
2003.0,0.01,0.0,0.0,0.0,0.02,57.0,17.0,6.7,7.0
2005.0,0.26,0.2,0.0,0.07,0.53,68.0,36.0,7.7,24.0
2005.0,0.13,0.04,0.0,0.01,0.18,68.0,39.0,9.1,15.0
2006.0,0.11,0.2,0.0,0.12,0.42,65.0,24.0,8.2,6.0
2007.0,0.22,0.34,0.0,0.07,0.63,68.0,24.0,7.6,21.0
2007.0,0.19,0.15,0.01,0.05,0.39,66.0,4.0,6.7,10.0
2007.0,0.06,0.2,0.0,0.11,0.37,73.0,6.0,7.8,11.0
2007.0,0.18,0.04,0.01,0.03,0.25,71.0,10.0,6.4,5.0
2007.0,0.0,0.01,0.0,0.0,0.01,61.0,6.0,5.0,42.0
2008.0,0.08,0.0,0.0,0.01,0.09,28.0,5.0,2.5,11.0
2008.0,0.05,0.0,0.0,0.0,0.06,29.0,16.0,3.3,30.0
2009.0,0.07,0.01,0.01,0.01,0.1,39.0,32.0,5.6,34.0
2009.0,0.12,0.0,0.0,0.01,0.13,60.0,4.0,7.2,21.0
2003.0,0.13,0.1,0.0,0.03,0.27,75.0,13.0,8.9,21.0
2003.0,0.05,0.01,0.0,0.0,0.07,69.0,21.0,8.8,19.0
2003.0,0.0,0.02,0.0,0.0,0.02,72.0,15.0,8.7,55.0
2001.0,0.04,0.02,0.0,0.0,0.06,65.0,5.0,8.0,5.0
2006.0,0.1,0.03,0.01,0.01,0.14,73.0,57.0,7.2,52.0
2006.0,0.0,0.01,0.0,0.0,0.02,75.0,21.0,7.3,206.0
2006.0,0.01,0.01,0.0,0.0,0.02,67.0,23.0,7.9,41.0
2010.0,0.45,0.92,0.06,0.32,1.75,83.0,66.0,8.0,291.0
2010.0,0.59,0.83,0.02,0.17,1.6,81.0,74.0,8.0,267.0
2010.0,0.0,0.1,0.0,0.02,0.12,84.0,33.0,7.7,838.0
2015.0,0.47,1.03,0.07,0.28,1.86,73.0,42.0,6.5,403.0
2015.0,0.44,0.39,0.0,0.08,0.9,71.0,24.0,7.0,186.0
2015.0,0.03,0.11,0.0,0.01,0.14,74.0,50.0,5.3,529.0
2009.0,3.48,2.99,0.0,0.73,7.2,49.0,21.0,8.0,110.0
2010.0,5.8,2.85,0.01,0.78,9.44,74.0,24.0,7.3,24.0
2013.0,0.72,0.17,0.0,0.1,0.99,79.0,16.0,7.8,33.0
2013.0,0.31,0.23,0.0,0.05,0.6,72.0,13.0,7.6,45.0
2013.0,0.3,0.11,0.0,0.04,0.45,71.0,6.0,7.0,58.0
2013.0,0.19,0.16,0.0,0.07,0.41,75.0,4.0,5.5,51.0
2013.0,0.17,0.14,0.0,0.06,0.38,77.0,6.0,7.1,25.0
2014.0,0.38,0.29,0.0,0.06,0.73,75.0,6.0,6.6,26.0
2014.0,0.35,0.13,0.0,0.05,0.53,70.0,17.0,7.5,20.0
2014.0,0.19,0.13,0.0,0.07,0.39,72.0,8.0,5.8,32.0
2015.0,0.27,0.25,0.0,0.05,0.57,73.0,7.0,6.9,11.0
2015.0,0.17,0.13,0.0,0.06,0.36,73.0,10.0,6.8,20.0
2015.0,0.25,0.04,0.0,0.03,0.32,66.0,10.0,6.1,18.0
2016.0,0.03,0.0,0.0,0.0,0.04,75.0,5.0,8.0,6.0
2011.0,5.95,3.11,0.0,1.06,10.12,74.0,15.0,7.8,16.0
2011.0,1.47,0.39,0.0,0.16,2.02,70.0,34.0,7.7,17.0
2011.0,0.33,0.2,0.0,0.09,0.62,75.0,5.0,6.0,7.0
2012.0,4.05,2.16,0.0,0.55,6.76,74.0,10.0,7.3,28.0
2012.0,0.9,0.19,0.0,0.09,1.18,77.0,23.0,7.7,36.0
2012.0,0.26,0.11,0.0,0.06,0.43,77.0,5.0,7.1,29.0
2012.0,0.21,0.13,0.0,0.03,0.37,66.0,14.0,7.8,37.0
2006.0,0.2,0.01,0.0,0.02,0.22,72.0,13.0,7.8,5.0
2006.0,0.08,0.0,0.0,0.01,0.09,43.0,9.0,5.7,7.0
2006.0,0.02,0.01,0.0,0.0,0.03,72.0,8.0,7.4,7.0
2002.0,0.04,0.03,0.1,0.01,0.18,67.0,24.0,9.0,7.0
2001.0,0.05,0.01,0.0,0.0,0.06,32.0,15.0,2.5,12.0
2002.0,0.04,0.01,0.0,0.0,0.05,46.0,26.0,7.2,17.0
2005.0,0.28,0.03,0.0,0.03,0.34,79.0,76.0,8.1,107.0
2005.0,0.01,0.01,0.0,0.0,0.02,58.0,12.0,8.7,7.0
2003.0,0.17,0.13,0.0,0.04,0.35,83.0,29.0,9.1,17.0
2004.0,0.06,0.02,0.0,0.0,0.09,80.0,13.0,8.5,4.0
2008.0,0.1,0.0,0.0,0.01,0.11,70.0,7.0,7.0,6.0
2004.0,0.11,0.09,0.0,0.03,0.23,76.0,26.0,7.0,4.0
2004.0,0.16,0.12,0.0,0.04,0.32,82.0,25.0,7.8,10.0
2003.0,0.01,0.0,0.0,0.0,0.01,81.0,9.0,9.5,4.0
2004.0,0.47,0.02,0.17,0.08,0.73,86.0,55.0,9.0,86.0
2009.0,0.26,0.04,0.06,0.04,0.4,74.0,51.0,8.1,50.0
2002.0,0.16,0.13,0.0,0.04,0.33,77.0,19.0,8.4,15.0
2002.0,0.08,0.02,0.0,0.0,0.1,80.0,15.0,8.0,5.0
2006.0,0.06,0.01,0.0,0.01,0.07,38.0,18.0,4.1,14.0
2000.0,0.16,0.13,0.06,0.04,0.39,62.0,13.0,8.4,8.0
2008.0,0.06,0.0,0.2,0.01,0.28,70.0,21.0,7.5,6.0
2000.0,0.27,0.21,0.41,0.07,0.95,75.0,20.0,8.4,12.0
2001.0,0.13,0.1,0.2,0.03,0.46,71.0,15.0,8.3,22.0
2004.0,0.04,0.03,0.0,0.01,0.07,73.0,26.0,8.1,20.0
2012.0,0.48,0.35,0.36,0.07,1.27,83.0,75.0,8.7,487.0
2003.0,0.34,0.27,0.0,0.09,0.7,73.0,33.0,8.3,19.0
2003.0,0.18,0.05,0.0,0.01,0.24,75.0,26.0,8.0,7.0
2005.0,0.12,0.03,0.0,0.0,0.15,74.0,57.0,8.5,64.0
2005.0,0.04,0.03,0.0,0.01,0.09,70.0,39.0,8.1,36.0
2013.0,0.12,0.03,0.05,0.03,0.23,64.0,39.0,7.9,215.0
2013.0,0.08,0.02,0.01,0.01,0.12,64.0,38.0,7.2,144.0
2016.0,0.03,0.01,0.0,0.01,0.05,76.0,39.0,8.0,57.0
2004.0,0.79,0.03,0.0,0.13,0.94,70.0,67.0,7.4,254.0
2006.0,0.44,0.27,0.0,0.18,0.89,77.0,56.0,8.3,80.0
2013.0,0.2,0.39,0.04,0.17,0.8,78.0,86.0,8.9,513.0
2013.0,0.89,1.33,0.08,0.39,2.69,73.0,88.0,6.8,2102.0
2009.0,1.4,1.06,0.08,0.47,3.01,91.0,94.0,8.1,1505.0
2011.0,1.45,0.86,0.09,0.38,2.77,84.0,85.0,7.9,942.0
2011.0,1.73,0.43,0.02,0.17,2.35,73.0,33.0,2.9,67.0
2010.0,15.0,4.89,0.24,1.69,21.81,61.0,45.0,6.3,106.0
2010.0,1.02,0.46,0.0,0.13,1.62,74.0,50.0,3.1,69.0
2010.0,0.92,0.39,0.0,0.12,1.43,52.0,46.0,5.0,20.0
2012.0,0.38,0.15,0.0,0.05,0.58,68.0,31.0,5.1,15.0
2010.0,3.92,1.73,0.03,0.51,6.19,73.0,51.0,7.4,95.0
2011.0,1.38,0.72,0.02,0.22,2.34,66.0,46.0,6.5,39.0
2014.0,0.3,0.23,0.02,0.05,0.6,60.0,53.0,5.1,144.0
2012.0,1.05,0.52,0.03,0.14,1.74,55.0,61.0,3.5,145.0
2001.0,0.16,0.12,0.0,0.04,0.32,77.0,21.0,8.3,21.0
2009.0,0.0,0.01,0.0,0.0,0.01,82.0,25.0,8.6,158.0
2001.0,0.05,0.04,0.0,0.01,0.1,60.0,14.0,8.5,13.0
2004.0,0.07,0.05,0.0,0.02,0.13,59.0,22.0,8.0,10.0
2002.0,3.64,1.2,1.49,0.07,6.4,85.0,46.0,8.8,597.0
2010.0,0.63,0.41,0.75,0.26,2.06,82.0,62.0,8.6,208.0
2004.0,1.26,0.18,0.35,0.06,1.85,76.0,37.0,7.9,84.0
2009.0,1.06,0.26,0.53,0.13,1.98,75.0,53.0,7.8,162.0
2012.0,0.88,0.26,0.34,0.1,1.58,75.0,54.0,8.2,267.0
2005.0,2.2,0.58,1.38,0.17,4.33,87.0,64.0,9.0,766.0
2008.0,0.73,0.03,0.0,0.12,0.87,68.0,20.0,7.2,105.0
2010.0,0.53,0.09,0.27,0.05,0.93,66.0,58.0,7.0,76.0
2005.0,0.14,0.0,0.0,0.01,0.15,72.0,38.0,7.5,19.0
2012.0,0.55,0.24,0.01,0.07,0.87,80.0,71.0,7.7,446.0
2012.0,0.37,0.29,0.09,0.11,0.85,81.0,34.0,7.6,376.0
2012.0,0.14,0.13,0.0,0.03,0.3,81.0,25.0,6.6,1097.0
2007.0,0.18,0.12,0.04,0.03,0.37,55.0,44.0,5.9,49.0
2005.0,0.11,0.03,0.0,0.01,0.15,78.0,55.0,7.5,23.0
2004.0,0.24,0.07,0.0,0.01,0.32,81.0,50.0,7.9,31.0
2004.0,0.13,0.1,0.0,0.03,0.26,64.0,45.0,6.9,12.0
2005.0,0.36,0.0,0.32,0.03,0.72,86.0,48.0,8.2,87.0
2011.0,0.48,0.06,0.41,0.05,0.99,83.0,46.0,8.6,55.0
2002.0,1.22,0.1,0.91,0.04,2.27,81.0,24.0,8.9,54.0
2016.0,0.28,0.14,0.47,0.04,0.93,81.0,71.0,8.7,87.0
2014.0,0.61,0.34,0.79,0.09,1.83,80.0,68.0,8.8,206.0
2012.0,0.33,0.0,0.33,0.02,0.67,82.0,6.0,8.8,37.0
2011.0,0.58,0.21,0.79,0.07,1.65,77.0,49.0,8.5,156.0
2003.0,1.01,0.11,0.45,0.04,1.62,61.0,28.0,7.9,69.0
2015.0,0.22,0.13,0.12,0.04,0.52,73.0,72.0,8.0,227.0
2006.0,0.78,0.02,1.05,0.08,1.94,71.0,29.0,8.1,41.0
2008.0,1.55,0.04,1.19,0.15,2.92,76.0,40.0,8.8,76.0
2001.0,0.17,0.12,0.0,0.02,0.31,26.0,7.0,3.8,8.0
2008.0,0.1,0.02,0.03,0.01,0.16,77.0,37.0,8.6,39.0
2002.0,0.02,0.01,0.0,0.0,0.03,78.0,20.0,9.3,6.0
2001.0,0.12,0.1,0.08,0.03,0.33,91.0,18.0,9.1,72.0
2013.0,0.43,0.68,0.42,0.2,1.73,54.0,83.0,6.5,1074.0
2004.0,0.02,0.0,0.0,0.0,0.02,53.0,11.0,4.5,8.0
2011.0,0.04,0.03,0.0,0.01,0.08,51.0,37.0,6.0,8.0
2011.0,0.05,0.03,0.0,0.01,0.08,49.0,41.0,5.6,16.0
2008.0,0.06,0.0,0.02,0.0,0.08,76.0,25.0,8.6,23.0
2010.0,0.06,0.0,0.02,0.01,0.09,75.0,10.0,7.7,7.0
2004.0,0.0,0.02,0.0,0.01,0.03,77.0,26.0,9.1,89.0
2000.0,0.23,0.15,0.0,0.03,0.41,84.0,11.0,8.5,6.0
2002.0,0.45,0.35,0.0,0.12,0.91,76.0,23.0,8.1,12.0
2002.0,0.2,0.06,0.0,0.01,0.27,78.0,20.0,7.9,7.0
2002.0,0.12,0.03,0.0,0.0,0.15,78.0,13.0,6.5,4.0
2008.0,0.19,0.01,0.0,0.02,0.22,82.0,11.0,8.2,13.0
2006.0,0.08,0.02,0.03,0.01,0.13,69.0,39.0,8.7,21.0
2011.0,0.08,0.05,0.0,0.01,0.13,56.0,18.0,7.8,20.0
2003.0,0.21,0.06,0.0,0.01,0.28,68.0,41.0,8.5,27.0
2008.0,1.91,0.84,0.0,0.29,3.04,75.0,42.0,7.4,32.0
2008.0,0.5,0.32,0.0,0.09,0.91,70.0,20.0,6.7,7.0
2008.0,0.24,0.0,0.0,0.41,0.65,73.0,6.0,8.6,5.0
2008.0,0.21,0.21,0.0,0.09,0.51,76.0,23.0,7.3,18.0
2008.0,0.0,0.02,0.0,0.0,0.02,71.0,11.0,7.8,12.0
2010.0,0.06,0.09,0.01,0.03,0.2,36.0,45.0,3.7,21.0
2004.0,0.01,0.01,0.0,0.0,0.02,57.0,20.0,7.7,9.0
2003.0,0.08,0.06,0.0,0.02,0.16,69.0,25.0,8.9,28.0
2011.0,1.27,1.29,0.12,0.49,3.17,89.0,78.0,7.7,1010.0
2011.0,1.52,0.92,0.02,0.24,2.7,89.0,83.0,7.8,893.0
2011.0,0.08,0.13,0.0,0.03,0.25,83.0,28.0,7.9,903.0
2005.0,0.23,0.18,0.0,0.06,0.47,58.0,31.0,8.0,10.0
2005.0,0.11,0.03,0.0,0.01,0.14,59.0,36.0,3.0,4.0
2007.0,0.36,0.03,0.08,0.04,0.51,53.0,55.0,6.4,229.0
2005.0,0.05,0.01,0.0,0.0,0.06,32.0,9.0,5.8,10.0
2002.0,0.09,0.07,0.0,0.02,0.19,79.0,47.0,8.5,15.0
2014.0,0.0,0.07,0.0,0.01,0.09,74.0,40.0,6.7,128.0
2014.0,0.0,0.02,0.0,0.0,0.02,73.0,17.0,5.4,52.0
2003.0,0.61,0.48,0.0,0.16,1.25,52.0,37.0,6.2,106.0
2010.0,0.06,0.01,0.01,0.01,0.09,44.0,30.0,4.6,34.0
2008.0,2.66,0.49,0.05,0.3,3.51,89.0,67.0,7.9,1309.0
2008.0,0.0,0.02,0.0,0.0,0.02,89.0,58.0,9.2,3717.0
2009.0,2.67,0.87,0.05,0.38,3.97,89.0,76.0,8.6,681.0
2009.0,0.0,0.32,0.0,0.04,0.36,89.0,55.0,8.5,2530.0
2003.0,0.26,0.2,0.0,0.07,0.53,75.0,34.0,9.3,49.0
2003.0,0.14,0.04,0.0,0.01,0.19,74.0,30.0,7.9,21.0
2003.0,0.0,0.01,0.0,0.0,0.01,70.0,11.0,8.7,67.0
2001.0,0.13,0.1,0.0,0.03,0.26,67.0,21.0,8.4,43.0
2012.0,0.0,0.0,0.04,0.0,0.04,68.0,13.0,6.3,15.0
2007.0,0.0,0.02,0.0,0.0,0.02,57.0,9.0,5.8,19.0
2008.0,0.08,0.15,0.0,0.03,0.26,47.0,39.0,7.1,87.0
2008.0,0.08,0.03,0.0,0.02,0.13,50.0,31.0,7.1,31.0
2008.0,0.0,0.01,0.0,0.0,0.02,50.0,23.0,6.6,104.0
2005.0,0.03,0.02,0.0,0.01,0.05,72.0,30.0,7.3,18.0
2015.0,0.0,0.02,0.0,0.0,0.03,62.0,22.0,6.4,11.0
2015.0,0.0,0.01,0.0,0.0,0.01,67.0,9.0,7.1,35.0
2007.0,0.06,0.0,0.0,0.0,0.06,37.0,14.0,4.8,5.0
2010.0,0.06,0.01,0.0,0.01,0.07,60.0,13.0,8.0,5.0
2009.0,0.3,0.16,0.0,0.07,0.54,70.0,43.0,6.5,19.0
2009.0,0.2,0.15,0.0,0.04,0.39,71.0,59.0,6.3,23.0
2002.0,0.1,0.03,0.0,0.0,0.14,65.0,10.0,5.8,4.0
2002.0,0.1,0.03,0.0,0.0,0.13,50.0,18.0,6.8,4.0
2002.0,0.16,0.13,0.0,0.04,0.33,59.0,15.0,6.7,6.0
2002.0,0.05,0.02,0.0,0.0,0.07,24.0,11.0,3.7,10.0
2002.0,0.11,0.09,0.0,0.03,0.22,51.0,21.0,7.0,6.0
2008.0,2.04,1.02,0.0,0.32,3.38,76.0,49.0,7.9,75.0
2008.0,1.75,1.01,0.0,0.29,3.05,72.0,16.0,8.0,16.0
2008.0,0.72,0.39,0.0,0.19,1.29,75.0,24.0,7.7,33.0
2008.0,0.72,0.03,0.0,0.52,1.27,77.0,8.0,8.9,17.0
2008.0,0.02,0.03,0.0,0.01,0.06,80.0,15.0,7.8,61.0
2012.0,0.9,0.61,0.0,0.15,1.66,79.0,59.0,7.2,114.0
2012.0,0.5,0.5,0.0,0.19,1.19,81.0,28.0,7.5,81.0
2012.0,0.41,0.28,0.0,0.06,0.75,72.0,6.0,5.2,25.0
2012.0,0.16,0.11,0.0,0.06,0.33,62.0,9.0,6.7,46.0
2013.0,0.04,0.06,0.0,0.01,0.12,77.0,7.0,7.3,31.0
2014.0,0.37,0.4,0.0,0.15,0.93,73.0,43.0,7.1,75.0
2014.0,0.23,0.17,0.0,0.04,0.43,74.0,25.0,7.1,36.0
2009.0,0.77,0.37,0.0,0.11,1.25,65.0,29.0,8.9,51.0
2011.0,1.02,0.32,0.0,0.11,1.45,59.0,14.0,6.9,11.0
2013.0,0.47,0.42,0.13,0.08,1.1,80.0,66.0,8.2,283.0
2015.0,0.24,0.37,0.0,0.12,0.73,80.0,53.0,7.1,65.0
2015.0,0.3,0.18,0.0,0.05,0.53,62.0,5.0,6.5,29.0
2015.0,0.22,0.15,0.0,0.04,0.41,80.0,12.0,6.9,27.0
2013.0,0.0,0.04,0.0,0.0,0.04,43.0,4.0,8.3,4.0
2010.0,1.28,0.93,0.0,0.22,2.43,79.0,13.0,8.0,34.0
2010.0,1.07,0.99,0.0,0.22,2.28,72.0,7.0,7.2,6.0
2010.0,0.95,0.46,0.0,0.14,1.55,79.0,58.0,8.0,62.0
2010.0,0.55,0.55,0.0,0.21,1.31,79.0,42.0,8.0,52.0
2010.0,0.02,0.01,0.0,0.0,0.03,79.0,15.0,7.9,55.0
2012.0,0.07,0.07,0.0,0.03,0.18,64.0,19.0,6.8,21.0
2016.0,0.01,0.11,0.0,0.02,0.15,73.0,16.0,8.1,7.0
2008.0,2.4,1.01,0.0,0.36,3.76,77.0,60.0,7.5,66.0
2008.0,1.4,0.59,0.0,0.2,2.2,80.0,15.0,7.9,16.0
2008.0,0.6,0.01,0.0,0.76,1.37,77.0,12.0,8.4,16.0
2008.0,0.4,0.48,0.0,0.29,1.17,76.0,8.0,7.6,11.0
2008.0,0.44,0.42,0.0,0.17,1.03,77.0,36.0,7.7,30.0
2008.0,0.02,0.02,0.0,0.0,0.04,78.0,14.0,7.7,35.0
2009.0,0.9,0.38,0.0,0.12,1.4,72.0,13.0,6.1,14.0
2009.0,0.62,0.31,0.0,0.09,1.02,71.0,41.0,7.4,25.0
2009.0,0.47,0.29,0.0,0.13,0.89,70.0,25.0,7.1,16.0
2009.0,0.02,0.03,0.0,0.01,0.05,66.0,13.0,8.0,19.0
2015.0,0.32,0.42,0.02,0.14,0.9,70.0,46.0,7.0,80.0
2015.0,0.38,0.22,0.0,0.06,0.65,70.0,17.0,6.7,44.0
2015.0,0.27,0.19,0.02,0.04,0.52,71.0,5.0,8.1,14.0
2015.0,0.0,0.04,0.0,0.0,0.04,72.0,8.0,7.1,31.0
2013.0,0.18,0.1,0.0,0.03,0.31,65.0,5.0,3.6,7.0
2013.0,0.01,0.09,0.0,0.03,0.13,64.0,5.0,6.6,8.0
2016.0,0.26,0.35,0.0,0.12,0.73,71.0,70.0,7.0,87.0
2016.0,0.19,0.12,0.0,0.03,0.35,71.0,18.0,5.1,15.0
2016.0,0.12,0.1,0.0,0.02,0.24,69.0,4.0,6.8,15.0
2016.0,0.07,0.09,0.01,0.01,0.19,60.0,4.0,7.1,15.0
2013.0,1.24,0.79,0.0,0.19,2.22,80.0,37.0,7.6,127.0
2013.0,0.77,0.76,0.01,0.29,1.84,82.0,22.0,7.9,76.0
2013.0,0.59,0.76,0.01,0.26,1.62,83.0,22.0,7.7,262.0
2013.0,0.42,0.36,0.04,0.07,0.9,61.0,4.0,5.2,11.0
2013.0,0.31,0.35,0.02,0.06,0.74,82.0,8.0,8.0,71.0
2013.0,0.04,0.12,0.0,0.01,0.17,78.0,7.0,8.1,124.0
2011.0,0.73,0.67,0.0,0.15,1.55,73.0,14.0,7.0,13.0
2011.0,0.54,0.39,0.0,0.09,1.03,73.0,54.0,7.0,31.0
2011.0,0.36,0.43,0.0,0.16,0.95,73.0,42.0,7.1,34.0
2011.0,0.29,0.27,0.0,0.06,0.62,71.0,16.0,7.3,20.0
2011.0,0.03,0.0,0.0,0.0,0.03,73.0,11.0,6.6,17.0
2009.0,0.41,0.22,0.0,0.06,0.69,70.0,15.0,6.8,6.0
2009.0,0.4,0.11,0.0,0.05,0.56,71.0,50.0,7.2,31.0
2009.0,0.32,0.09,0.0,0.04,0.45,80.0,8.0,7.5,6.0
2009.0,0.24,0.12,0.0,0.06,0.42,75.0,36.0,7.6,18.0
2007.0,3.57,1.55,0.0,0.51,5.64,80.0,17.0,8.9,62.0
2007.0,2.83,1.48,0.0,0.45,4.76,80.0,9.0,5.4,46.0
2007.0,1.53,0.81,0.0,0.24,2.57,80.0,24.0,7.4,114.0
2007.0,1.02,0.9,0.0,0.36,2.29,80.0,18.0,6.7,87.0
2016.0,0.16,0.43,0.01,0.11,0.7,78.0,61.0,7.5,91.0
2016.0,0.14,0.13,0.0,0.02,0.3,76.0,11.0,7.0,18.0
2016.0,0.06,0.07,0.01,0.01,0.15,74.0,6.0,8.0,11.0
2006.0,1.85,0.64,0.01,0.19,2.69,84.0,32.0,9.0,41.0
2006.0,0.58,0.5,0.0,0.32,1.4,83.0,11.0,8.6,26.0
2006.0,0.96,0.03,0.0,0.08,1.07,47.0,9.0,5.0,38.0
2006.0,0.75,0.19,0.0,0.03,0.97,84.0,25.0,9.1,16.0
2006.0,0.55,0.03,0.0,0.05,0.63,81.0,50.0,8.0,45.0
2006.0,0.33,0.1,0.0,0.02,0.44,85.0,27.0,8.6,15.0
2006.0,0.06,0.02,0.0,0.0,0.09,55.0,5.0,7.0,6.0
2006.0,0.0,0.01,0.0,0.0,0.02,86.0,20.0,8.2,64.0
2011.0,1.01,0.6,0.0,0.15,1.76,76.0,7.0,7.7,10.0
2011.0,0.84,0.51,0.0,0.13,1.48,75.0,43.0,7.8,42.0
2011.0,0.52,0.46,0.0,0.19,1.16,76.0,36.0,7.3,34.0
2011.0,0.61,0.43,0.0,0.09,1.13,67.0,25.0,6.1,31.0
2011.0,0.1,0.13,0.0,0.03,0.25,76.0,14.0,7.5,44.0
2014.0,0.13,0.38,0.0,0.09,0.6,72.0,47.0,6.6,88.0
2014.0,0.2,0.21,0.0,0.04,0.45,70.0,4.0,8.7,11.0
2014.0,0.13,0.12,0.0,0.02,0.27,69.0,20.0,6.8,36.0
2012.0,0.64,0.49,0.0,0.11,1.23,80.0,49.0,8.5,73.0
2012.0,0.37,0.49,0.0,0.19,1.05,82.0,16.0,8.3,85.0
2012.0,0.2,0.16,0.0,0.03,0.39,61.0,4.0,7.6,10.0
2012.0,0.09,0.13,0.0,0.06,0.28,54.0,8.0,5.6,35.0
2012.0,0.07,0.13,0.0,0.03,0.22,80.0,6.0,8.2,127.0
2009.0,0.14,0.01,0.0,0.01,0.16,25.0,27.0,2.5,41.0
2009.0,0.06,0.03,0.0,0.01,0.1,17.0,11.0,1.7,37.0
2004.0,0.17,0.13,0.0,0.04,0.34,60.0,44.0,6.3,18.0
2004.0,0.12,0.04,0.0,0.01,0.17,62.0,49.0,6.4,13.0
2001.0,0.09,0.07,0.02,0.02,0.2,75.0,19.0,7.6,9.0
2006.0,0.12,0.51,0.0,0.23,0.86,76.0,46.0,7.9,14.0
2004.0,0.31,0.24,0.0,0.08,0.64,63.0,25.0,5.7,12.0
2004.0,0.3,0.11,0.0,0.01,0.42,72.0,8.0,8.0,4.0
2004.0,0.09,0.03,0.0,0.0,0.12,70.0,17.0,7.2,5.0
2008.0,0.08,0.06,0.01,0.02,0.17,70.0,47.0,6.6,11.0
2016.0,0.15,0.15,0.03,0.06,0.4,85.0,23.0,8.6,672.0
2016.0,0.09,0.03,0.0,0.01,0.13,85.0,4.0,8.7,123.0
2016.0,0.01,0.04,0.0,0.0,0.04,83.0,15.0,8.6,1620.0
2003.0,0.03,0.03,0.0,0.01,0.07,61.0,31.0,7.7,9.0
2005.0,0.01,0.01,0.0,0.0,0.01,61.0,17.0,7.8,5.0
2013.0,0.31,0.2,0.45,0.11,1.07,66.0,62.0,5.9,552.0
2013.0,0.15,0.08,0.01,0.02,0.27,69.0,21.0,6.6,222.0
2008.0,0.07,0.0,0.0,0.01,0.08,59.0,23.0,5.6,5.0
2008.0,0.02,0.0,0.0,0.0,0.02,62.0,12.0,6.4,5.0
2007.0,3.05,1.17,0.29,0.46,4.98,68.0,34.0,7.1,47.0
2003.0,0.21,0.06,0.0,0.01,0.29,80.0,41.0,9.0,9.0
2008.0,0.12,0.56,0.0,0.1,0.77,71.0,43.0,7.4,34.0
2009.0,0.15,0.34,0.0,0.06,0.55,70.0,22.0,7.6,7.0
2008.0,2.8,1.98,0.17,0.87,5.82,95.0,85.0,6.8,5311.0
2009.0,0.64,1.22,0.01,0.67,2.54,87.0,68.0,7.8,98.0
2011.0,1.83,1.05,0.06,0.46,3.39,91.0,86.0,8.4,657.0
2014.0,0.66,0.93,0.01,0.31,1.91,79.0,78.0,7.1,506.0
2012.0,0.42,0.3,0.01,0.15,0.87,73.0,69.0,6.9,159.0
2012.0,0.35,0.61,0.02,0.27,1.25,88.0,71.0,8.6,348.0
2011.0,0.14,0.12,0.0,0.04,0.3,57.0,62.0,5.5,53.0
2009.0,0.14,0.1,0.02,0.02,0.29,87.0,50.0,8.8,86.0
2008.0,0.09,0.0,0.0,0.01,0.09,70.0,8.0,8.0,6.0
2008.0,0.03,0.0,0.0,0.0,0.04,68.0,15.0,7.3,8.0
2004.0,0.6,0.22,0.0,0.01,0.83,57.0,6.0,5.0,5.0
2008.0,0.08,0.0,0.0,0.01,0.09,80.0,32.0,8.7,27.0
2003.0,0.0,0.03,0.0,0.01,0.03,76.0,20.0,7.5,549.0
2006.0,0.14,0.04,0.16,0.03,0.38,83.0,67.0,8.7,89.0
2008.0,0.21,0.09,0.01,0.04,0.35,85.0,55.0,8.4,44.0
2012.0,0.27,0.2,0.11,0.08,0.66,67.0,37.0,7.1,199.0
2012.0,0.31,0.12,0.02,0.04,0.48,70.0,64.0,7.0,260.0
2007.0,0.19,0.15,0.0,0.05,0.38,38.0,10.0,3.9,7.0
2007.0,0.21,0.01,0.0,0.02,0.23,27.0,7.0,5.1,14.0
2007.0,0.06,0.01,0.0,0.01,0.08,40.0,15.0,6.8,13.0
2003.0,0.25,0.19,0.0,0.06,0.5,51.0,9.0,7.5,6.0
2003.0,0.13,0.03,0.0,0.0,0.17,64.0,6.0,5.0,4.0
2001.0,0.07,0.05,0.0,0.01,0.12,72.0,12.0,8.8,25.0
2010.0,0.07,0.04,0.17,0.03,0.32,53.0,45.0,5.5,21.0
2014.0,0.0,0.0,0.06,0.0,0.06,68.0,16.0,7.8,36.0
2004.0,0.01,0.06,0.0,0.01,0.07,82.0,42.0,8.6,199.0
2014.0,0.18,0.24,0.02,0.08,0.52,68.0,45.0,6.6,425.0
2014.0,0.1,0.1,0.0,0.02,0.22,71.0,13.0,6.7,166.0
2014.0,0.0,0.03,0.0,0.0,0.03,73.0,36.0,6.9,583.0
2008.0,0.18,0.34,0.0,0.07,0.58,55.0,50.0,6.4,58.0
2008.0,0.19,0.22,0.0,0.09,0.5,54.0,30.0,6.9,28.0
2008.0,0.0,0.01,0.0,0.0,0.02,52.0,22.0,6.0,38.0
2014.0,0.03,0.01,0.02,0.02,0.08,72.0,28.0,8.3,35.0
2014.0,0.05,0.01,0.0,0.01,0.07,71.0,18.0,7.3,27.0
2010.0,0.0,0.1,0.0,0.02,0.11,77.0,24.0,7.9,27.0
2005.0,0.07,0.02,0.02,0.01,0.11,69.0,33.0,7.8,21.0
2008.0,0.07,0.0,0.0,0.01,0.08,54.0,11.0,6.0,6.0
2010.0,0.09,0.0,0.01,0.01,0.12,68.0,38.0,8.7,18.0
2002.0,0.1,0.02,0.04,0.0,0.17,72.0,22.0,8.0,15.0
2003.0,0.04,0.01,0.0,0.0,0.06,68.0,25.0,9.1,14.0
2006.0,0.09,0.0,0.02,0.01,0.12,68.0,44.0,8.2,32.0
2007.0,0.45,0.26,0.11,0.08,0.9,78.0,68.0,8.3,432.0
2006.0,1.09,0.04,0.1,0.1,1.34,79.0,76.0,7.1,187.0
2008.0,0.31,0.17,0.07,0.08,0.64,67.0,34.0,7.0,36.0
2010.0,0.29,0.33,0.2,0.13,0.95,68.0,56.0,6.9,62.0
2010.0,0.0,0.02,0.0,0.0,0.03,63.0,15.0,6.3,87.0
2013.0,0.07,0.05,0.06,0.02,0.21,61.0,30.0,5.5,102.0
2013.0,0.07,0.03,0.01,0.01,0.12,58.0,43.0,5.8,142.0
2013.0,0.0,0.04,0.0,0.0,0.04,61.0,17.0,6.2,210.0
2002.0,0.11,0.09,0.03,0.03,0.26,46.0,14.0,8.4,11.0
2010.0,0.1,0.0,0.0,0.01,0.11,54.0,6.0,7.1,10.0
2010.0,0.05,0.0,0.0,0.0,0.05,49.0,11.0,6.3,12.0
2010.0,0.11,0.0,0.03,0.01,0.15,80.0,8.0,8.0,13.0
2002.0,0.04,0.01,0.0,0.0,0.05,76.0,12.0,8.3,8.0
2001.0,2.38,0.67,0.46,0.1,3.6,78.0,34.0,8.5,161.0
2013.0,1.8,1.39,1.11,0.29,4.59,86.0,74.0,8.4,458.0
2012.0,0.09,0.09,0.01,0.04,0.23,83.0,65.0,7.8,85.0
2007.0,0.16,0.0,0.06,0.01,0.24,70.0,25.0,7.0,24.0
2008.0,0.2,0.0,0.0,0.02,0.22,73.0,19.0,7.7,14.0
2005.0,0.11,0.0,0.0,0.01,0.12,59.0,30.0,6.2,17.0
2009.0,0.19,0.0,0.03,0.02,0.24,80.0,26.0,7.7,47.0
1998.0,0.27,0.18,0.06,0.04,0.55,78.0,15.0,9.1,35.0
1999.0,0.19,0.13,0.0,0.02,0.35,86.0,12.0,8.9,37.0
2006.0,0.17,0.01,0.04,0.01,0.23,82.0,39.0,7.8,25.0
2002.0,0.14,0.05,0.0,0.0,0.19,79.0,20.0,7.8,8.0
2008.0,0.04,0.0,0.0,0.0,0.04,48.0,33.0,6.2,18.0
2003.0,0.09,0.07,0.0,0.02,0.19,62.0,19.0,8.3,7.0
2003.0,0.08,0.02,0.0,0.0,0.11,64.0,27.0,8.2,11.0
2009.0,0.0,0.09,0.0,0.02,0.11,85.0,47.0,8.8,526.0
2005.0,0.78,0.45,0.0,0.07,1.31,69.0,25.0,7.4,25.0
2008.0,0.12,0.0,0.0,0.26,0.38,56.0,4.0,5.8,6.0
2008.0,0.12,0.08,0.0,0.03,0.23,58.0,13.0,6.8,4.0
2008.0,0.01,0.0,0.0,0.0,0.01,58.0,6.0,8.0,4.0
2001.0,0.11,0.03,0.0,0.01,0.15,65.0,21.0,7.7,6.0
2005.0,3.98,0.26,0.01,0.66,4.91,88.0,29.0,8.0,121.0
2005.0,1.75,0.03,0.0,0.08,1.86,86.0,39.0,6.7,41.0
2005.0,0.69,0.0,0.0,0.06,0.75,75.0,23.0,7.9,16.0
2005.0,0.44,0.11,0.0,0.02,0.57,86.0,21.0,8.5,11.0
2005.0,0.11,0.0,0.0,0.01,0.12,66.0,9.0,6.3,12.0
2006.0,3.63,0.24,0.01,0.61,4.49,84.0,29.0,8.2,39.0
2006.0,1.66,0.0,0.01,0.13,1.8,80.0,54.0,6.0,148.0
2006.0,0.97,0.03,0.0,0.03,1.02,83.0,27.0,8.7,6.0
2006.0,0.48,0.13,0.0,0.02,0.62,82.0,14.0,9.2,5.0
2006.0,0.47,0.0,0.01,0.04,0.52,76.0,25.0,4.2,22.0
2006.0,0.46,0.0,0.0,0.04,0.49,81.0,35.0,8.0,16.0
2006.0,0.2,0.0,0.0,0.02,0.21,70.0,9.0,6.5,10.0
2006.0,0.02,0.01,0.0,0.0,0.03,68.0,4.0,9.3,4.0
2007.0,2.14,0.08,0.0,0.35,2.57,78.0,11.0,7.8,17.0
2007.0,2.18,0.01,0.0,0.18,2.37,85.0,46.0,6.4,108.0
2007.0,0.89,0.0,0.0,0.08,0.97,81.0,31.0,5.3,33.0
2007.0,0.8,0.0,0.0,0.07,0.87,76.0,29.0,6.8,27.0
2007.0,0.6,0.04,0.0,0.07,0.71,75.0,10.0,6.8,8.0
2007.0,0.22,0.06,0.0,0.01,0.29,76.0,6.0,6.0,4.0
2007.0,0.06,0.02,0.0,0.0,0.08,75.0,4.0,7.0,7.0
2008.0,2.21,0.12,0.0,0.2,2.53,83.0,50.0,7.0,125.0
2008.0,1.56,0.14,0.0,0.18,1.88,85.0,38.0,4.4,132.0
2008.0,1.22,0.0,0.0,0.27,1.49,67.0,4.0,7.0,24.0
2008.0,0.65,0.0,0.0,0.06,0.71,68.0,8.0,6.5,4.0
2008.0,0.76,0.01,0.0,0.06,0.83,82.0,19.0,7.2,22.0
2009.0,2.52,0.09,0.0,0.22,2.83,85.0,58.0,6.1,90.0
2009.0,2.03,0.13,0.0,0.21,2.37,85.0,41.0,6.8,58.0
2009.0,0.62,0.04,0.0,0.06,0.72,77.0,23.0,7.2,24.0
2010.0,2.38,0.12,0.0,0.18,2.69,84.0,47.0,5.7,120.0
2010.0,2.04,0.15,0.0,0.2,2.38,83.0,36.0,6.1,68.0
2011.0,2.42,0.11,0.0,0.16,2.69,78.0,55.0,5.9,94.0
2011.0,1.93,0.15,0.0,0.17,2.25,79.0,31.0,5.5,56.0
2012.0,2.53,0.15,0.0,0.17,2.86,81.0,36.0,5.8,179.0
2012.0,2.11,0.22,0.0,0.23,2.56,83.0,22.0,5.5,101.0
2012.0,0.28,0.0,0.0,0.02,0.3,63.0,6.0,7.3,38.0
2012.0,0.21,0.0,0.0,0.02,0.23,75.0,9.0,6.7,30.0
2012.0,0.0,0.01,0.0,0.0,0.01,83.0,22.0,5.5,101.0
2014.0,1.54,0.25,0.0,0.4,2.19,81.0,37.0,6.1,208.0
2014.0,1.31,0.09,0.0,0.16,1.57,80.0,19.0,6.4,138.0
2015.0,2.34,0.3,0.0,0.6,3.24,83.0,37.0,5.9,180.0
2015.0,2.08,0.08,0.0,0.26,2.42,84.0,23.0,6.1,124.0
2016.0,1.25,0.17,0.0,0.32,1.75,82.0,35.0,4.9,83.0
2016.0,1.08,0.02,0.0,0.13,1.23,83.0,30.0,5.9,39.0
2000.0,1.58,0.05,0.0,0.04,1.67,90.0,14.0,6.8,4.0
2000.0,1.19,0.07,0.05,0.2,1.5,91.0,25.0,7.7,7.0
2001.0,2.5,0.16,0.01,0.42,3.08,94.0,23.0,7.9,46.0
2001.0,0.78,0.53,0.0,0.09,1.39,88.0,9.0,8.0,7.0
2002.0,3.36,0.21,0.01,0.56,4.14,95.0,25.0,7.7,65.0
2002.0,0.67,0.02,0.0,0.03,0.71,92.0,16.0,8.3,16.0
2002.0,0.33,0.09,0.0,0.01,0.43,92.0,13.0,8.5,17.0
2003.0,1.02,0.02,0.0,0.05,1.09,92.0,27.0,8.3,48.0
2003.0,0.4,0.1,0.0,0.01,0.51,94.0,19.0,7.7,17.0
2003.0,0.22,0.08,0.0,0.01,0.31,70.0,9.0,6.6,5.0
2004.0,4.18,0.26,0.01,0.08,4.53,91.0,30.0,7.9,78.0
2004.0,1.61,0.03,0.0,0.08,1.72,91.0,39.0,7.6,26.0
2004.0,0.28,0.1,0.0,0.01,0.39,79.0,9.0,7.6,5.0
2004.0,0.24,0.0,0.0,0.02,0.26,68.0,25.0,7.7,7.0
2013.0,1.98,0.06,0.0,0.19,2.23,80.0,32.0,5.6,136.0
2013.0,1.6,0.03,0.0,0.24,1.87,76.0,19.0,4.1,91.0
2013.0,0.63,0.13,0.0,0.15,0.9,74.0,13.0,5.2,118.0
2013.0,0.67,0.05,0.0,0.08,0.81,73.0,18.0,5.9,111.0
2011.0,0.36,0.01,0.0,0.03,0.39,49.0,18.0,5.3,16.0
2009.0,0.07,0.0,0.0,0.01,0.08,31.0,6.0,5.0,11.0
2009.0,0.45,0.23,0.02,0.07,0.77,81.0,74.0,8.6,176.0
2002.0,0.0,0.04,0.0,0.01,0.04,88.0,27.0,9.1,863.0
2004.0,0.34,0.27,0.0,0.09,0.7,65.0,30.0,7.6,62.0
2004.0,0.17,0.05,0.0,0.01,0.23,66.0,33.0,7.7,22.0
2010.0,0.85,0.55,0.0,0.15,1.55,74.0,79.0,7.8,458.0
2010.0,0.5,0.69,0.04,0.26,1.49,75.0,61.0,7.7,297.0
2010.0,0.17,0.17,0.0,0.05,0.4,77.0,46.0,7.9,1238.0
2016.0,0.42,1.08,0.03,0.28,1.81,68.0,66.0,5.1,1147.0
2016.0,0.28,0.29,0.0,0.05,0.62,67.0,20.0,4.6,274.0
2016.0,0.08,0.1,0.0,0.02,0.19,63.0,29.0,3.2,881.0
2006.0,0.02,0.0,0.0,0.0,0.02,59.0,8.0,7.1,11.0
2008.0,0.04,0.01,0.48,0.0,0.53,69.0,13.0,7.6,9.0
2011.0,0.0,0.02,0.0,0.01,0.03,74.0,44.0,7.6,602.0
2002.0,0.04,0.03,0.0,0.01,0.07,74.0,24.0,7.5,12.0
2004.0,0.11,0.08,0.0,0.03,0.22,66.0,34.0,7.0,22.0
2009.0,0.13,0.07,0.07,0.02,0.3,69.0,49.0,7.0,57.0
2006.0,0.08,0.01,0.03,0.01,0.14,68.0,33.0,8.1,11.0
2011.0,0.07,0.0,0.02,0.0,0.09,67.0,11.0,5.3,4.0
2009.0,0.01,0.0,0.0,0.0,0.02,72.0,31.0,7.3,129.0
2010.0,0.09,0.13,0.01,0.05,0.29,72.0,49.0,7.9,35.0
2010.0,0.14,0.03,0.0,0.01,0.19,74.0,46.0,8.1,24.0
2010.0,0.47,0.0,0.0,0.04,0.51,76.0,26.0,7.6,38.0
2010.0,0.17,0.0,0.0,0.01,0.19,74.0,19.0,5.3,4.0
2011.0,0.4,0.03,0.0,0.03,0.45,69.0,27.0,6.8,24.0
2011.0,0.15,0.03,0.0,0.02,0.2,72.0,13.0,6.3,9.0
2011.0,0.06,0.01,0.0,0.01,0.08,74.0,5.0,5.9,16.0
2012.0,0.47,0.0,0.0,0.03,0.5,68.0,19.0,6.4,22.0
2012.0,0.18,0.0,0.0,0.02,0.19,68.0,8.0,4.4,5.0
2005.0,0.72,0.56,0.0,0.19,1.48,82.0,19.0,7.4,20.0
2005.0,0.52,0.02,0.0,0.02,0.56,81.0,25.0,8.2,17.0
2006.0,0.37,0.01,0.0,0.06,0.44,70.0,19.0,5.2,27.0
2006.0,0.34,0.0,0.0,0.03,0.37,66.0,22.0,3.9,37.0
2006.0,0.24,0.07,0.0,0.01,0.33,71.0,21.0,5.7,12.0
2007.0,0.67,0.0,0.0,0.06,0.72,79.0,31.0,7.1,34.0
2007.0,0.23,0.0,0.0,0.02,0.25,74.0,19.0,4.7,7.0
2008.0,0.56,0.0,0.0,0.05,0.61,70.0,28.0,5.9,34.0
2008.0,0.28,0.0,0.0,0.03,0.31,67.0,23.0,5.6,8.0
2008.0,0.11,0.0,0.0,0.01,0.12,59.0,8.0,7.0,6.0
2009.0,0.56,0.0,0.0,0.05,0.61,64.0,29.0,5.3,26.0
2009.0,0.24,0.0,0.0,0.02,0.26,61.0,5.0,4.5,10.0
2009.0,0.16,0.0,0.0,0.01,0.17,61.0,19.0,4.0,6.0
2005.0,0.06,0.05,0.0,0.02,0.12,77.0,41.0,7.3,12.0
2007.0,0.03,0.02,0.0,0.01,0.06,69.0,20.0,7.5,41.0
2008.0,0.06,0.0,0.03,0.01,0.1,41.0,19.0,5.3,37.0
2008.0,0.07,0.05,0.05,0.02,0.2,70.0,12.0,8.2,17.0
2003.0,0.63,0.49,0.0,0.16,1.28,76.0,47.0,8.3,136.0
2004.0,0.14,0.04,0.0,0.01,0.19,74.0,37.0,7.9,19.0
2007.0,0.27,0.21,0.0,0.07,0.56,67.0,22.0,7.8,53.0
2007.0,0.25,0.23,0.0,0.06,0.53,62.0,38.0,7.1,46.0
2007.0,0.04,0.17,0.0,0.09,0.31,69.0,15.0,8.1,38.0
2009.0,0.09,0.05,0.0,0.01,0.16,74.0,16.0,7.3,6.0
2006.0,0.03,0.02,0.0,0.01,0.05,69.0,39.0,7.2,31.0
2006.0,0.04,0.0,0.0,0.0,0.05,34.0,8.0,1.7,6.0
2004.0,0.32,0.12,0.0,0.01,0.45,84.0,38.0,8.6,14.0
2003.0,1.09,0.15,0.25,0.04,1.53,81.0,49.0,8.0,56.0
2014.0,0.15,0.13,0.17,0.03,0.48,78.0,73.0,8.2,76.0
2006.0,0.98,0.04,0.49,0.09,1.6,69.0,40.0,8.0,37.0
2001.0,2.62,1.64,0.99,0.23,5.47,93.0,24.0,8.3,108.0
2011.0,5.03,4.02,2.69,0.91,12.66,85.0,73.0,8.2,632.0
2014.0,3.15,2.15,1.28,0.51,7.09,88.0,82.0,9.1,1599.0
2005.0,9.71,7.47,4.13,1.9,23.21,91.0,64.0,8.6,464.0
2008.0,15.68,12.76,3.79,3.29,35.52,82.0,73.0,8.3,709.0
2013.0,0.62,0.64,0.55,0.11,1.92,57.0,47.0,6.3,117.0
2016.0,0.08,0.13,0.08,0.02,0.3,68.0,37.0,6.8,16.0
2015.0,0.69,0.53,0.24,0.12,1.58,66.0,66.0,6.5,279.0
2002.0,1.13,0.36,0.92,0.07,2.47,70.0,26.0,7.4,74.0
2003.0,0.97,0.33,0.73,0.06,2.08,69.0,33.0,8.2,57.0
2004.0,0.9,0.11,0.6,0.05,1.65,71.0,33.0,7.9,51.0
2005.0,0.95,0.11,0.46,0.04,1.57,64.0,25.0,7.9,53.0
2007.0,3.74,2.24,1.58,0.7,8.27,62.0,41.0,6.3,190.0
2012.0,1.06,1.09,0.76,0.22,3.13,73.0,45.0,6.8,155.0
2005.0,0.5,0.19,0.28,0.02,0.98,54.0,27.0,5.4,34.0
2007.0,4.4,1.85,1.98,0.68,8.91,72.0,27.0,7.8,85.0
2004.0,0.5,0.18,0.0,0.01,0.69,62.0,35.0,4.9,11.0
2004.0,0.58,0.16,0.46,0.03,1.22,80.0,43.0,8.5,48.0
2010.0,0.88,0.44,0.63,0.12,2.08,64.0,54.0,7.1,34.0
2007.0,1.05,1.05,0.24,0.24,2.58,79.0,47.0,8.0,124.0
2008.0,1.48,0.0,0.29,0.12,1.89,69.0,31.0,7.8,58.0
2005.0,0.93,0.24,0.25,0.04,1.46,76.0,38.0,8.6,41.0
2005.0,0.24,0.09,0.19,0.01,0.52,81.0,21.0,8.0,25.0
2012.0,0.26,0.29,0.34,0.05,0.95,69.0,58.0,6.9,110.0
2015.0,0.13,0.15,0.14,0.02,0.44,58.0,58.0,5.3,133.0
2004.0,0.68,0.25,0.21,0.02,1.17,81.0,43.0,8.0,31.0
2010.0,1.63,0.51,0.35,0.18,2.67,79.0,51.0,7.7,18.0
2015.0,0.0,0.0,0.06,0.0,0.06,70.0,15.0,7.5,48.0
2015.0,0.0,0.0,0.01,0.0,0.01,70.0,26.0,7.4,72.0
2006.0,0.73,0.03,0.36,0.07,1.19,76.0,32.0,7.9,17.0
2016.0,0.01,0.0,0.0,0.0,0.02,49.0,15.0,6.0,29.0
2001.0,0.06,0.04,0.0,0.01,0.11,64.0,4.0,6.1,16.0
2006.0,2.29,0.02,0.0,0.19,2.5,82.0,68.0,7.5,120.0
2006.0,0.69,0.03,0.0,0.11,0.82,81.0,29.0,8.2,33.0
2006.0,0.36,0.0,0.0,0.03,0.4,73.0,31.0,7.3,29.0
2006.0,0.33,0.02,0.0,0.03,0.38,78.0,35.0,7.6,49.0
2006.0,0.33,0.0,0.0,0.03,0.37,81.0,19.0,7.5,14.0
2006.0,0.01,0.0,0.0,0.0,0.01,82.0,22.0,8.0,52.0
2009.0,0.68,0.15,0.0,0.08,0.9,73.0,75.0,7.3,82.0
2009.0,0.49,0.15,0.0,0.09,0.73,74.0,48.0,7.3,51.0
2009.0,0.25,0.05,0.0,0.03,0.32,50.0,8.0,5.2,16.0
2009.0,0.16,0.03,0.0,0.02,0.2,65.0,7.0,6.7,9.0
2012.0,0.06,0.04,0.0,0.01,0.12,50.0,10.0,5.0,25.0
2012.0,0.02,0.0,0.0,0.0,0.02,62.0,11.0,7.3,12.0
2005.0,0.64,0.02,0.0,0.1,0.77,53.0,30.0,6.3,46.0
2005.0,0.3,0.08,0.0,0.01,0.38,54.0,19.0,5.7,24.0
2005.0,0.29,0.0,0.0,0.02,0.32,58.0,15.0,8.7,30.0
2005.0,0.21,0.06,0.0,0.01,0.28,58.0,34.0,7.5,20.0
2005.0,0.08,0.0,0.0,0.01,0.08,34.0,6.0,6.5,16.0
2009.0,0.36,0.02,0.0,0.03,0.41,61.0,4.0,2.8,4.0
2009.0,0.3,0.03,0.0,0.03,0.36,49.0,16.0,6.2,14.0
2010.0,0.12,0.02,0.0,0.01,0.15,55.0,10.0,6.3,6.0
2007.0,0.11,0.0,0.0,0.01,0.12,61.0,17.0,4.9,7.0
2011.0,0.81,0.28,0.11,0.14,1.34,84.0,56.0,7.3,147.0
2007.0,1.83,0.79,0.03,0.27,2.91,91.0,74.0,8.7,1692.0
2008.0,0.0,0.59,0.0,0.08,0.67,89.0,45.0,8.6,2386.0
2010.0,1.99,0.81,0.03,0.27,3.1,96.0,98.0,8.9,3143.0
2010.0,0.01,0.32,0.0,0.06,0.39,94.0,55.0,8.8,3559.0
2011.0,0.78,0.45,0.03,0.19,1.45,94.0,62.0,8.5,1081.0
2012.0,1.94,0.84,0.03,0.24,3.04,93.0,74.0,5.8,3725.0
2012.0,0.63,0.56,0.03,0.2,1.42,93.0,30.0,5.5,1849.0
2012.0,0.4,0.44,0.0,0.12,0.97,89.0,23.0,5.5,5926.0
2001.0,0.3,0.2,0.0,0.04,0.54,80.0,15.0,8.6,16.0
2002.0,0.23,0.18,0.0,0.06,0.46,76.0,22.0,9.1,7.0
2001.0,0.38,0.29,0.0,0.1,0.77,84.0,33.0,8.7,16.0
2003.0,0.1,0.08,0.0,0.03,0.21,83.0,46.0,7.8,13.0
2002.0,0.0,0.02,0.0,0.0,0.02,59.0,11.0,7.7,9.0
2001.0,1.99,1.05,0.05,0.22,3.31,80.0,21.0,8.5,86.0
2001.0,0.98,0.19,0.0,0.05,1.22,89.0,24.0,8.3,61.0
2001.0,0.0,0.02,0.0,0.0,0.02,89.0,32.0,9.1,1016.0
2003.0,0.02,0.01,0.0,0.0,0.03,78.0,33.0,7.8,13.0
2003.0,0.65,0.51,0.0,0.17,1.34,73.0,27.0,8.2,63.0
2003.0,0.47,0.15,0.0,0.02,0.64,84.0,34.0,8.4,49.0
2003.0,0.0,0.02,0.0,0.0,0.03,86.0,46.0,9.0,802.0
2012.0,0.59,0.89,0.06,0.3,1.85,87.0,31.0,7.8,790.0
2012.0,0.86,0.62,0.01,0.13,1.62,86.0,80.0,7.8,869.0
2012.0,0.16,0.22,0.0,0.05,0.43,87.0,30.0,7.6,2202.0
2011.0,0.06,0.0,0.0,0.0,0.07,47.0,4.0,8.6,9.0
2004.0,0.15,0.04,0.0,0.01,0.2,42.0,8.0,6.8,9.0
2001.0,0.08,0.07,0.0,0.02,0.17,80.0,19.0,8.3,11.0
2002.0,1.01,0.1,0.0,0.03,1.13,87.0,32.0,8.0,47.0
2006.0,0.03,0.0,0.0,0.0,0.03,66.0,16.0,4.5,4.0
2004.0,0.27,0.08,0.0,0.01,0.36,81.0,66.0,7.5,23.0
2003.0,0.04,0.01,0.0,0.0,0.05,51.0,6.0,8.0,7.0
1998.0,1.44,1.09,0.0,0.14,2.67,92.0,17.0,8.6,80.0
2010.0,1.28,1.04,0.07,0.42,2.81,75.0,56.0,7.5,286.0
2010.0,1.56,0.8,0.04,0.21,2.61,74.0,71.0,6.7,288.0
2010.0,0.2,0.23,0.0,0.06,0.49,72.0,26.0,6.4,516.0
2007.0,0.25,0.69,0.03,0.25,1.21,75.0,16.0,7.6,39.0
2007.0,0.45,0.52,0.01,0.12,1.1,73.0,54.0,6.7,77.0
2007.0,0.0,0.04,0.0,0.01,0.05,78.0,38.0,7.3,204.0
2002.0,2.93,2.75,0.17,0.99,6.83,88.0,29.0,8.5,135.0
2002.0,1.0,0.43,0.0,0.06,1.49,81.0,18.0,6.9,23.0
2002.0,0.46,0.12,0.0,0.02,0.59,80.0,16.0,7.9,16.0
2003.0,0.11,0.04,0.0,0.0,0.15,80.0,19.0,7.2,12.0
2003.0,1.98,2.23,0.13,0.8,5.13,68.0,30.0,7.6,100.0
2003.0,0.76,0.36,0.0,0.05,1.17,65.0,23.0,5.8,28.0
2003.0,0.33,0.09,0.0,0.01,0.42,68.0,24.0,6.4,13.0
2000.0,0.54,0.37,0.0,0.06,0.97,86.0,16.0,9.0,44.0
2002.0,0.05,0.02,0.0,0.0,0.08,46.0,5.0,1.7,11.0
2007.0,0.06,0.03,0.0,0.01,0.09,56.0,29.0,7.0,24.0
2007.0,0.0,0.0,0.03,0.0,0.03,63.0,29.0,6.1,34.0
2012.0,0.48,0.62,0.06,0.26,1.41,55.0,22.0,6.0,250.0
2012.0,0.59,0.45,0.01,0.1,1.15,53.0,43.0,5.4,437.0
2012.0,0.14,0.15,0.0,0.04,0.33,55.0,30.0,5.4,599.0
2005.0,0.32,0.19,0.0,0.02,0.53,72.0,42.0,7.0,15.0
2005.0,0.19,0.05,0.0,0.01,0.25,71.0,22.0,7.9,14.0
2006.0,0.86,1.11,0.01,0.66,2.65,71.0,24.0,7.9,47.0
2007.0,0.5,0.39,0.02,0.25,1.15,69.0,20.0,7.3,30.0
2007.0,0.33,0.04,0.01,0.03,0.41,73.0,37.0,7.6,82.0
2006.0,0.0,0.08,0.0,0.02,0.1,88.0,39.0,8.9,648.0
2011.0,0.13,0.11,0.0,0.04,0.28,61.0,41.0,6.5,17.0
2005.0,0.19,0.41,0.0,0.22,0.81,66.0,43.0,8.7,52.0
2004.0,0.29,0.22,0.0,0.08,0.59,81.0,26.0,9.0,20.0
2004.0,0.32,0.08,0.0,0.01,0.42,81.0,32.0,8.8,17.0
2005.0,0.1,0.03,0.0,0.0,0.13,80.0,12.0,9.2,5.0
2003.0,0.08,0.03,0.0,0.0,0.11,54.0,25.0,8.3,8.0
2001.0,0.14,0.05,0.22,0.01,0.42,79.0,10.0,8.9,24.0
2002.0,0.22,0.08,0.0,0.01,0.31,81.0,15.0,9.0,21.0
2016.0,0.14,0.0,0.05,0.02,0.21,77.0,27.0,7.1,26.0
2016.0,0.07,0.0,0.0,0.02,0.08,77.0,22.0,6.1,55.0
2000.0,0.17,0.12,0.1,0.03,0.42,76.0,10.0,8.8,29.0
2005.0,0.27,0.01,0.0,0.03,0.31,79.0,34.0,8.3,44.0
2003.0,0.13,0.03,0.0,0.0,0.17,65.0,28.0,7.6,13.0
2006.0,0.12,0.01,0.0,0.02,0.14,82.0,28.0,7.5,36.0
2004.0,0.09,0.07,0.0,0.02,0.18,69.0,27.0,7.1,18.0
2004.0,0.1,0.02,0.0,0.0,0.12,67.0,21.0,7.3,12.0
2000.0,0.3,0.21,0.2,0.05,0.75,76.0,10.0,8.9,55.0
2001.0,0.14,0.1,0.16,0.03,0.42,65.0,14.0,6.8,44.0
2003.0,0.22,0.17,0.14,0.06,0.58,58.0,30.0,5.1,38.0
2004.0,0.14,0.11,0.0,0.04,0.29,68.0,23.0,8.5,63.0
2006.0,0.1,0.03,0.0,0.0,0.13,75.0,23.0,9.2,12.0
2002.0,0.22,0.08,0.24,0.01,0.55,82.0,17.0,8.9,31.0
2003.0,0.18,0.07,0.17,0.01,0.43,81.0,17.0,8.6,18.0
2004.0,0.16,0.06,0.0,0.0,0.22,77.0,21.0,9.0,22.0
2005.0,0.08,0.03,0.0,0.0,0.11,77.0,17.0,9.1,21.0
2010.0,0.17,0.01,0.11,0.02,0.31,78.0,15.0,8.9,39.0
2006.0,0.16,0.0,0.1,0.02,0.28,76.0,37.0,8.3,32.0
2007.0,0.22,0.0,0.09,0.02,0.33,78.0,27.0,8.6,32.0
2010.0,0.07,0.05,0.0,0.02,0.15,43.0,5.0,4.2,6.0
2010.0,0.07,0.04,0.0,0.01,0.12,33.0,7.0,4.3,6.0
2002.0,0.24,0.19,0.0,0.06,0.5,50.0,19.0,7.3,6.0
2004.0,0.19,0.05,0.0,0.01,0.25,73.0,47.0,8.0,8.0
2009.0,0.01,0.02,0.0,0.0,0.03,80.0,22.0,8.1,136.0
2011.0,0.01,0.03,0.0,0.01,0.05,77.0,21.0,8.2,93.0
2011.0,0.0,0.03,0.0,0.01,0.04,68.0,19.0,4.9,35.0
2008.0,0.65,0.3,0.01,0.1,1.06,72.0,69.0,7.2,152.0
2008.0,0.29,0.39,0.02,0.16,0.87,72.0,43.0,7.1,73.0
2008.0,0.21,0.0,0.0,0.17,0.38,49.0,10.0,7.4,31.0
2006.0,0.05,0.0,0.0,0.01,0.06,78.0,36.0,7.8,8.0
2007.0,0.16,0.0,0.0,0.01,0.17,77.0,41.0,7.4,16.0
2003.0,0.17,0.13,0.0,0.04,0.35,81.0,28.0,8.9,17.0
2003.0,0.13,0.04,0.0,0.01,0.17,82.0,35.0,8.7,15.0
2003.0,0.08,0.02,0.0,0.0,0.1,83.0,30.0,9.3,19.0
2002.0,0.02,0.01,0.0,0.0,0.03,44.0,14.0,7.2,5.0
2013.0,0.45,0.37,0.44,0.16,1.42,80.0,61.0,7.9,746.0
2013.0,0.3,0.14,0.0,0.04,0.48,82.0,46.0,7.8,358.0
1998.0,3.18,1.83,0.78,0.24,6.03,94.0,20.0,9.4,918.0
2006.0,0.02,0.0,0.02,0.0,0.04,78.0,22.0,7.2,21.0
2010.0,0.46,0.41,0.96,0.24,2.06,89.0,66.0,8.9,443.0
2006.0,0.38,0.35,0.38,0.08,1.18,87.0,54.0,8.2,147.0
2007.0,0.26,0.0,0.26,0.17,0.69,65.0,19.0,7.5,27.0
2012.0,0.15,0.11,0.1,0.02,0.38,78.0,46.0,7.8,167.0
2013.0,0.31,0.01,0.03,0.06,0.4,93.0,4.0,9.0,255.0
2004.0,0.3,0.08,0.07,0.01,0.47,85.0,54.0,9.0,142.0
2001.0,2.45,2.01,0.87,0.72,6.05,96.0,42.0,8.7,1026.0
2002.0,0.18,0.14,0.16,0.05,0.52,87.0,17.0,9.0,126.0
2004.0,1.46,0.0,0.83,1.93,4.23,91.0,68.0,9.3,955.0
2005.0,0.34,0.01,0.15,0.06,0.55,94.0,53.0,9.3,439.0
2008.0,2.63,1.71,0.83,0.82,5.99,94.0,82.0,8.7,3558.0
2014.0,0.45,0.47,0.17,0.18,1.27,75.0,70.0,6.2,1311.0
2014.0,0.14,0.12,0.27,0.05,0.59,66.0,5.0,5.9,242.0
2014.0,0.15,0.11,0.0,0.02,0.29,76.0,13.0,5.4,348.0
2014.0,0.0,0.01,0.0,0.0,0.01,80.0,20.0,7.6,412.0
2015.0,1.09,1.36,0.49,0.48,3.41,93.0,86.0,8.2,3943.0
2015.0,0.41,0.26,0.01,0.07,0.75,95.0,10.0,7.3,900.0
2015.0,0.0,0.07,0.0,0.0,0.08,91.0,13.0,7.7,1963.0
2005.0,0.01,0.01,0.0,0.0,0.03,62.0,26.0,7.3,9.0
2004.0,0.08,0.02,0.0,0.0,0.1,76.0,56.0,5.1,15.0
2008.0,0.12,0.0,0.01,0.01,0.14,70.0,38.0,7.4,13.0
2004.0,0.06,0.02,0.0,0.0,0.08,79.0,32.0,8.3,14.0
2006.0,0.12,0.01,0.0,0.01,0.14,73.0,38.0,8.0,22.0
2007.0,0.02,0.0,0.02,0.01,0.05,78.0,26.0,7.4,25.0
2007.0,0.0,0.0,0.01,0.0,0.01,80.0,20.0,8.1,16.0
2001.0,0.05,0.03,0.0,0.01,0.09,85.0,9.0,8.8,31.0
2009.0,0.03,0.0,0.0,0.0,0.04,67.0,22.0,6.1,9.0
2005.0,0.15,0.01,0.06,0.01,0.23,88.0,49.0,7.5,164.0
2007.0,0.01,0.02,0.0,0.0,0.04,74.0,36.0,6.6,5.0
2013.0,0.14,0.18,0.03,0.07,0.42,80.0,23.0,8.2,508.0
2013.0,0.17,0.15,0.0,0.03,0.35,80.0,20.0,8.4,440.0
2013.0,0.06,0.11,0.0,0.02,0.19,82.0,71.0,8.6,2654.0
2010.0,0.22,0.23,0.03,0.05,0.54,77.0,83.0,7.9,351.0
2010.0,0.0,0.19,0.0,0.05,0.24,81.0,40.0,8.1,1472.0
2010.0,0.85,0.27,0.13,0.1,1.34,79.0,71.0,6.5,482.0
2004.0,0.6,0.22,0.0,0.01,0.84,89.0,50.0,9.0,132.0
2002.0,1.18,0.27,0.17,0.06,1.68,92.0,44.0,9.1,200.0
2002.0,1.96,0.67,0.1,0.09,2.82,97.0,70.0,9.3,747.0
2016.0,0.02,0.01,0.01,0.0,0.05,64.0,56.0,5.1,219.0
2009.0,0.42,0.05,0.0,0.14,0.61,91.0,48.0,9.3,316.0
2004.0,0.87,0.35,0.07,0.04,1.33,92.0,60.0,8.8,279.0
2007.0,0.89,0.74,0.07,0.09,1.79,90.0,62.0,8.9,491.0
2006.0,0.57,0.04,0.11,0.06,0.76,85.0,54.0,8.0,188.0
2005.0,0.21,0.0,0.02,0.02,0.25,79.0,51.0,7.9,32.0
2001.0,0.04,0.03,0.0,0.01,0.09,63.0,5.0,7.1,16.0
2009.0,0.09,0.0,0.0,0.01,0.1,56.0,14.0,8.8,4.0
2008.0,0.08,0.0,0.0,0.01,0.08,48.0,6.0,7.1,7.0
2006.0,0.06,0.0,0.0,0.0,0.06,63.0,36.0,7.0,12.0
2010.0,2.64,1.33,0.01,0.39,4.36,56.0,37.0,8.3,31.0
2010.0,0.21,0.02,0.0,0.02,0.25,64.0,5.0,6.6,5.0
2011.0,0.62,0.18,0.0,0.07,0.87,63.0,31.0,6.8,29.0
2011.0,0.25,0.19,0.0,0.08,0.52,66.0,11.0,8.4,16.0
2011.0,0.04,0.03,0.0,0.02,0.09,57.0,27.0,5.8,19.0
2011.0,0.09,0.01,0.0,0.01,0.11,48.0,10.0,3.5,6.0
2006.0,0.01,0.0,0.0,0.0,0.01,64.0,35.0,6.8,8.0
2003.0,0.0,0.06,0.0,0.01,0.07,88.0,22.0,8.2,49.0
2006.0,0.02,0.36,0.0,0.05,0.43,80.0,28.0,7.6,95.0
2001.0,0.0,0.04,0.0,0.01,0.05,84.0,16.0,8.4,21.0
2014.0,1.01,1.43,0.05,0.47,2.96,84.0,85.0,8.1,1886.0
2014.0,0.73,0.5,0.01,0.12,1.35,87.0,12.0,8.0,585.0
2014.0,0.12,0.2,0.0,0.03,0.35,84.0,17.0,8.0,1671.0
2008.0,0.52,0.27,0.0,0.19,0.98,79.0,26.0,8.7,43.0
2008.0,1.56,0.53,0.05,0.31,2.45,82.0,50.0,8.2,100.0
2008.0,1.68,0.45,0.01,0.21,2.35,81.0,66.0,8.5,142.0
2000.0,2.0,0.47,0.02,0.14,2.63,78.0,18.0,7.8,21.0
2001.0,0.34,0.13,0.0,0.01,0.48,50.0,5.0,5.3,6.0
2005.0,1.65,1.21,0.0,0.79,3.65,74.0,34.0,8.4,31.0
2005.0,0.61,0.1,0.0,0.03,0.74,84.0,53.0,7.4,40.0
2006.0,0.97,0.04,0.0,0.16,1.16,85.0,19.0,8.9,53.0
2006.0,0.15,0.04,0.0,0.01,0.2,87.0,16.0,5.3,18.0
2003.0,1.25,0.29,0.0,0.24,1.78,85.0,41.0,8.5,47.0
2003.0,0.42,0.06,0.0,0.02,0.5,86.0,33.0,7.6,12.0
2003.0,0.23,0.07,0.0,0.01,0.3,76.0,41.0,8.3,30.0
2003.0,0.13,0.03,0.0,0.0,0.17,72.0,11.0,8.2,5.0
2005.0,0.21,0.0,0.0,0.02,0.24,63.0,24.0,7.8,8.0
2004.0,0.24,0.05,0.0,0.01,0.31,74.0,38.0,7.4,7.0
2016.0,0.04,0.0,0.0,0.01,0.05,52.0,64.0,3.5,282.0
2016.0,0.02,0.01,0.0,0.0,0.03,48.0,9.0,4.6,78.0
2016.0,0.02,0.0,0.0,0.0,0.02,55.0,13.0,4.2,94.0
2009.0,0.07,0.0,0.01,0.01,0.09,45.0,6.0,5.8,8.0
2011.0,0.07,0.07,0.0,0.03,0.18,44.0,31.0,1.7,46.0
2011.0,0.07,0.02,0.0,0.01,0.09,43.0,42.0,1.2,116.0
2013.0,0.05,0.0,0.04,0.02,0.1,59.0,13.0,6.0,72.0
2009.0,0.16,0.16,0.0,0.04,0.37,79.0,9.0,8.3,12.0
2009.0,0.14,0.15,0.0,0.06,0.34,73.0,37.0,8.7,62.0
2009.0,0.16,0.15,0.0,0.04,0.34,61.0,10.0,5.8,4.0
2009.0,0.12,0.14,0.0,0.03,0.29,73.0,44.0,8.4,38.0
2009.0,0.0,0.02,0.0,0.0,0.02,74.0,14.0,8.3,78.0
2002.0,0.2,0.15,0.0,0.05,0.41,50.0,26.0,5.0,14.0
2002.0,0.07,0.02,0.0,0.0,0.1,54.0,18.0,5.0,4.0
2008.0,0.51,0.51,0.01,0.13,1.16,79.0,82.0,7.6,328.0
2008.0,0.31,0.58,0.02,0.22,1.13,79.0,66.0,7.8,362.0
2009.0,0.0,0.05,0.0,0.01,0.06,81.0,44.0,8.1,1026.0
2016.0,0.11,0.16,0.02,0.05,0.35,69.0,50.0,4.7,578.0
2016.0,0.09,0.06,0.0,0.01,0.16,72.0,46.0,4.4,266.0
2016.0,0.01,0.05,0.0,0.0,0.06,74.0,24.0,4.4,606.0
2003.0,0.14,0.11,0.0,0.04,0.28,64.0,30.0,7.8,10.0
2003.0,0.1,0.03,0.0,0.0,0.13,67.0,27.0,6.8,4.0
2001.0,0.05,0.04,0.17,0.01,0.28,65.0,23.0,4.9,11.0
2005.0,0.23,0.0,0.0,0.02,0.24,80.0,26.0,7.9,18.0
2006.0,0.78,0.03,0.0,0.13,0.94,83.0,30.0,8.9,31.0
2006.0,0.32,0.0,0.0,0.03,0.35,83.0,30.0,8.5,32.0
2007.0,0.77,0.03,0.0,0.13,0.93,83.0,25.0,8.6,19.0
2007.0,0.29,0.0,0.0,0.02,0.31,77.0,30.0,7.5,17.0
2007.0,0.26,0.0,0.0,0.02,0.28,82.0,12.0,7.2,10.0
2008.0,0.64,0.0,0.0,0.05,0.7,85.0,33.0,8.7,76.0
2008.0,0.35,0.01,0.0,0.06,0.42,84.0,12.0,7.3,7.0
2008.0,0.3,0.0,0.0,0.02,0.33,83.0,14.0,8.4,12.0
2009.0,0.66,0.0,0.0,0.06,0.72,90.0,27.0,8.1,61.0
2009.0,0.16,0.13,0.0,0.04,0.33,79.0,7.0,7.5,12.0
2009.0,0.24,0.0,0.0,0.02,0.26,78.0,12.0,6.9,7.0
2010.0,0.66,0.0,0.0,0.06,0.72,91.0,33.0,8.3,107.0
2010.0,0.19,0.0,0.0,0.02,0.21,79.0,11.0,6.6,8.0
2011.0,0.54,0.0,0.0,0.04,0.58,90.0,30.0,7.8,87.0
2011.0,0.15,0.0,0.0,0.02,0.17,77.0,9.0,6.0,5.0
2012.0,0.86,0.0,0.0,0.06,0.92,87.0,23.0,7.5,75.0
2012.0,0.17,0.0,0.0,0.02,0.19,76.0,15.0,7.8,42.0
2013.0,0.67,0.0,0.0,0.07,0.74,87.0,36.0,7.8,114.0
2013.0,0.1,0.0,0.0,0.02,0.11,75.0,7.0,7.5,21.0
2014.0,0.58,0.0,0.0,0.14,0.72,83.0,17.0,7.7,205.0
2014.0,0.35,0.0,0.0,0.08,0.43,81.0,26.0,6.8,79.0
2014.0,0.08,0.0,0.0,0.03,0.11,68.0,6.0,7.0,25.0
2015.0,0.68,0.08,0.0,0.17,0.92,80.0,44.0,7.8,190.0
2001.0,0.24,0.16,0.0,0.03,0.43,76.0,5.0,8.1,8.0
2003.0,0.32,0.25,0.0,0.08,0.66,61.0,21.0,7.9,9.0
2004.0,0.44,0.35,0.0,0.12,0.9,78.0,36.0,7.6,9.0
2005.0,0.33,0.01,0.0,0.05,0.4,81.0,32.0,9.0,21.0
2009.0,0.07,0.0,0.0,0.01,0.08,49.0,8.0,6.5,8.0
2009.0,0.06,0.0,0.0,0.01,0.07,47.0,13.0,4.6,10.0
2007.0,0.23,0.0,0.04,0.02,0.29,83.0,12.0,8.4,45.0
2007.0,0.0,0.0,0.11,0.0,0.11,80.0,10.0,8.8,11.0
2008.0,0.05,0.04,0.05,0.01,0.15,67.0,9.0,8.5,8.0
2008.0,0.11,0.0,0.01,0.01,0.13,79.0,16.0,8.7,21.0
2002.0,0.15,0.04,0.0,0.01,0.2,79.0,9.0,7.8,5.0
2002.0,0.11,0.03,0.0,0.0,0.15,80.0,10.0,7.5,4.0
2003.0,0.26,0.2,0.0,0.07,0.53,78.0,23.0,8.3,8.0
2006.0,0.13,0.1,0.0,0.03,0.26,56.0,11.0,7.5,10.0
2004.0,0.14,0.11,0.0,0.04,0.3,77.0,30.0,9.5,4.0
2006.0,0.06,0.0,0.14,0.01,0.2,33.0,31.0,5.1,47.0
2003.0,0.05,0.04,0.61,0.01,0.72,66.0,10.0,8.5,37.0
2015.0,0.0,0.0,0.17,0.0,0.17,57.0,25.0,7.3,15.0
2001.0,0.12,0.1,0.88,0.03,1.14,73.0,15.0,8.8,32.0
2004.0,0.03,0.02,0.0,0.01,0.06,57.0,16.0,8.6,11.0
2000.0,0.16,0.13,0.36,0.04,0.7,58.0,16.0,8.1,49.0
2001.0,0.09,0.07,0.25,0.02,0.43,71.0,12.0,8.8,23.0
2004.0,0.03,0.02,0.0,0.01,0.06,45.0,16.0,7.8,10.0
2010.0,0.5,0.4,0.06,0.16,1.12,82.0,85.0,8.4,201.0
2010.0,0.11,0.26,0.02,0.14,0.53,73.0,22.0,7.7,22.0
2012.0,0.15,0.09,0.0,0.04,0.29,62.0,51.0,6.4,69.0
2008.0,0.86,0.83,0.0,0.2,1.89,70.0,11.0,7.8,17.0
2008.0,0.34,0.2,0.0,0.06,0.59,56.0,9.0,5.8,17.0
2008.0,0.25,0.05,0.0,0.04,0.34,54.0,4.0,6.7,13.0
2010.0,0.23,0.42,0.0,0.08,0.72,65.0,9.0,5.2,5.0
2010.0,0.16,0.17,0.0,0.06,0.39,64.0,11.0,6.1,9.0
2010.0,0.16,0.09,0.0,0.02,0.28,66.0,18.0,6.6,16.0
2003.0,0.14,0.11,0.0,0.04,0.28,48.0,9.0,8.3,13.0
2006.0,0.8,0.0,0.01,0.07,0.88,51.0,11.0,7.8,17.0
2006.0,0.06,0.02,0.0,0.0,0.09,69.0,10.0,9.0,4.0
2004.0,0.11,0.08,0.28,0.03,0.5,68.0,37.0,8.9,46.0
2014.0,0.68,0.48,2.62,0.11,3.89,86.0,80.0,8.7,348.0
2005.0,0.24,0.03,1.03,0.04,1.34,71.0,34.0,8.6,78.0
2007.0,0.37,0.27,1.75,0.18,2.57,72.0,38.0,8.7,83.0
2008.0,0.47,0.55,4.13,0.34,5.48,81.0,48.0,8.7,124.0
2009.0,0.65,0.4,1.05,0.11,2.22,84.0,70.0,8.6,219.0
2007.0,0.18,0.0,0.0,0.02,0.2,43.0,9.0,6.4,5.0
2002.0,0.32,0.25,0.0,0.08,0.65,47.0,11.0,6.0,6.0
2006.0,0.0,0.0,0.04,0.0,0.04,66.0,25.0,6.8,6.0
2008.0,0.27,0.02,0.0,0.02,0.31,73.0,11.0,8.4,14.0
2007.0,0.1,0.0,0.0,0.01,0.11,55.0,29.0,5.2,18.0
2009.0,0.05,0.0,0.02,0.0,0.07,70.0,5.0,9.0,5.0
1997.0,0.12,0.08,0.74,0.07,1.01,86.0,5.0,8.3,10.0
2001.0,0.11,0.09,0.14,0.03,0.36,77.0,13.0,8.5,23.0
2003.0,0.08,0.06,0.19,0.02,0.34,77.0,21.0,9.1,18.0
2002.0,0.01,0.0,0.0,0.0,0.01,79.0,5.0,9.4,9.0
2005.0,0.02,0.02,0.05,0.01,0.1,58.0,16.0,6.8,8.0
2002.0,0.15,0.12,0.0,0.04,0.32,52.0,15.0,7.2,10.0
2002.0,0.29,0.07,0.0,0.01,0.37,39.0,7.0,4.7,14.0
2001.0,0.31,0.21,0.0,0.04,0.56,65.0,10.0,6.9,8.0
2009.0,0.21,0.05,0.0,0.04,0.3,66.0,18.0,4.5,4.0
2009.0,0.12,0.03,0.0,0.01,0.17,63.0,31.0,6.6,7.0
2009.0,0.01,0.01,0.0,0.0,0.03,63.0,8.0,6.2,5.0
2011.0,0.06,0.0,0.0,0.0,0.06,79.0,15.0,8.0,15.0
2009.0,0.04,0.0,0.0,0.0,0.05,71.0,45.0,7.4,21.0
2010.0,0.05,0.0,0.0,0.0,0.05,33.0,4.0,6.6,15.0
2011.0,1.98,0.53,0.0,0.34,2.84,84.0,60.0,8.4,494.0
2011.0,1.63,0.31,0.0,0.16,2.1,86.0,66.0,8.3,382.0
2012.0,0.42,0.13,0.0,0.1,0.65,85.0,51.0,7.8,192.0
2006.0,0.88,0.04,0.0,0.14,1.06,75.0,43.0,8.5,84.0
2007.0,0.19,0.02,0.0,0.02,0.23,71.0,29.0,8.4,33.0
2002.0,1.81,0.52,0.0,0.15,2.49,79.0,31.0,8.8,96.0
2002.0,0.77,0.15,0.0,0.04,0.96,81.0,27.0,8.4,24.0
2002.0,0.31,0.08,0.0,0.01,0.41,81.0,20.0,8.7,43.0
2002.0,0.01,0.0,0.0,0.0,0.01,81.0,12.0,8.8,9.0
2004.0,0.92,0.72,0.0,0.24,1.88,81.0,43.0,8.5,90.0
2004.0,0.61,0.12,0.0,0.03,0.76,81.0,53.0,8.8,24.0
2005.0,0.09,0.02,0.0,0.0,0.11,77.0,14.0,8.9,15.0
2005.0,0.58,0.02,0.0,0.09,0.69,77.0,41.0,8.6,74.0
2005.0,0.23,0.07,0.0,0.01,0.31,78.0,37.0,6.6,19.0
2000.0,0.12,0.08,0.0,0.01,0.21,28.0,7.0,2.4,17.0
2003.0,0.01,0.0,0.0,0.0,0.01,75.0,14.0,8.1,8.0
2006.0,0.67,0.01,0.0,0.06,0.74,70.0,19.0,8.8,31.0
2008.0,1.48,0.28,0.0,0.23,2.0,76.0,44.0,7.1,107.0
2008.0,1.53,0.23,0.0,0.16,1.93,72.0,61.0,7.5,87.0
2015.0,1.5,0.8,0.0,0.48,2.78,83.0,81.0,7.7,836.0
2015.0,1.03,0.21,0.0,0.14,1.38,86.0,21.0,7.3,279.0
2015.0,0.01,0.04,0.0,0.0,0.05,76.0,10.0,5.1,475.0
2010.0,0.38,0.25,0.0,0.06,0.69,40.0,30.0,4.4,9.0
2011.0,0.14,0.1,0.0,0.03,0.27,41.0,8.0,7.4,7.0
2001.0,0.44,0.3,0.0,0.05,0.79,34.0,6.0,5.3,6.0
2005.0,0.01,0.0,0.0,0.0,0.02,38.0,9.0,3.6,7.0
2000.0,0.06,0.05,0.14,0.02,0.27,77.0,16.0,6.0,5.0
2002.0,0.07,0.02,0.0,0.0,0.09,84.0,18.0,8.4,16.0
2006.0,0.03,0.0,0.0,0.0,0.03,69.0,18.0,7.1,7.0
2009.0,0.05,0.11,0.0,0.02,0.18,44.0,10.0,5.4,11.0
2006.0,0.11,0.01,0.0,0.01,0.14,80.0,50.0,7.7,13.0
2007.0,0.23,0.0,0.0,0.02,0.25,78.0,20.0,7.3,11.0
2007.0,0.05,0.04,0.0,0.01,0.1,62.0,26.0,9.1,7.0
2008.0,0.07,0.24,0.0,0.08,0.39,65.0,21.0,6.0,9.0
2008.0,0.11,0.2,0.0,0.04,0.35,68.0,20.0,5.6,12.0
2010.0,0.05,0.13,0.0,0.04,0.22,70.0,42.0,5.4,28.0
2010.0,0.07,0.09,0.0,0.02,0.17,69.0,41.0,5.7,41.0
2011.0,0.04,0.1,0.0,0.03,0.17,68.0,32.0,6.1,23.0
2014.0,0.04,0.11,0.0,0.03,0.18,73.0,28.0,6.4,26.0
2003.0,0.07,0.02,0.0,0.0,0.1,87.0,23.0,8.5,14.0
2006.0,1.53,1.6,0.06,0.67,3.87,84.0,9.0,7.4,220.0
2011.0,0.21,0.19,0.0,0.08,0.48,77.0,74.0,7.7,155.0
2009.0,0.16,0.57,0.0,0.29,1.02,79.0,58.0,8.8,39.0
2009.0,0.07,0.03,0.0,0.25,0.34,72.0,10.0,8.3,6.0
2008.0,0.43,0.65,0.02,0.25,1.35,82.0,63.0,8.0,318.0
2012.0,0.0,0.04,0.0,0.01,0.06,78.0,39.0,6.8,123.0
2004.0,0.08,0.0,0.05,0.01,0.14,70.0,35.0,8.9,9.0
2005.0,0.02,0.02,0.0,0.01,0.05,65.0,27.0,8.6,15.0
2001.0,0.08,0.06,0.0,0.02,0.15,77.0,16.0,8.5,11.0
2004.0,0.07,0.05,0.0,0.02,0.14,79.0,28.0,8.6,8.0
2004.0,0.06,0.02,0.0,0.0,0.08,79.0,26.0,5.4,10.0
2004.0,0.13,0.1,0.0,0.03,0.26,77.0,30.0,8.1,9.0
2012.0,0.04,0.02,0.08,0.01,0.15,55.0,24.0,7.3,35.0
2013.0,0.02,0.01,0.04,0.01,0.07,57.0,26.0,6.4,56.0
2003.0,0.03,0.02,0.0,0.01,0.06,61.0,11.0,8.0,6.0
2002.0,0.04,0.01,0.06,0.0,0.11,48.0,18.0,7.5,4.0
2009.0,0.32,0.12,0.11,0.04,0.6,81.0,58.0,8.7,101.0
2014.0,0.09,0.16,0.02,0.05,0.32,59.0,60.0,6.9,310.0
2014.0,0.08,0.07,0.0,0.01,0.16,51.0,17.0,7.0,130.0
2014.0,0.0,0.05,0.0,0.0,0.05,59.0,22.0,7.4,379.0
2005.0,0.07,0.06,0.0,0.02,0.15,64.0,47.0,8.9,9.0
2008.0,0.1,0.0,0.0,0.01,0.11,45.0,16.0,7.3,4.0
2008.0,0.16,0.01,0.0,0.01,0.18,72.0,37.0,8.7,33.0
2006.0,0.62,0.02,0.0,0.1,0.75,76.0,27.0,9.0,18.0
2006.0,0.25,0.07,0.0,0.01,0.34,75.0,29.0,8.6,17.0
2005.0,0.2,0.0,0.0,0.02,0.21,67.0,21.0,7.7,16.0
2003.0,0.51,0.4,0.0,0.13,1.04,81.0,22.0,8.9,17.0
2003.0,0.15,0.04,0.0,0.01,0.2,82.0,18.0,9.0,9.0
2004.0,1.1,0.06,0.0,0.18,1.34,90.0,28.0,8.6,51.0
2004.0,0.44,0.13,0.0,0.02,0.59,90.0,31.0,8.5,19.0
2004.0,0.2,0.05,0.0,0.01,0.26,89.0,25.0,8.5,11.0
2005.0,1.26,0.07,0.0,0.21,1.54,87.0,25.0,8.6,47.0
2005.0,0.25,0.07,0.0,0.01,0.33,88.0,20.0,8.7,16.0
2001.0,0.27,0.21,0.0,0.07,0.56,76.0,17.0,8.3,9.0
2001.0,0.16,0.13,0.0,0.04,0.34,69.0,16.0,6.8,6.0
2004.0,0.94,0.73,0.0,0.25,1.92,80.0,18.0,9.2,46.0
2004.0,0.34,0.08,0.0,0.02,0.44,81.0,18.0,9.3,12.0
2011.0,0.37,0.13,0.0,0.04,0.55,63.0,43.0,7.2,24.0
2011.0,0.24,0.15,0.0,0.07,0.46,61.0,41.0,6.7,11.0
2009.0,0.52,0.25,0.0,0.12,0.9,74.0,44.0,7.4,10.0
2009.0,0.52,0.14,0.0,0.06,0.72,75.0,47.0,6.6,30.0
2014.0,0.03,0.02,0.0,0.01,0.06,48.0,10.0,4.8,14.0
2014.0,0.02,0.01,0.0,0.0,0.03,58.0,4.0,3.5,4.0
2015.0,0.0,0.05,0.0,0.01,0.06,42.0,8.0,4.1,9.0
2005.0,0.86,0.03,0.0,0.14,1.03,79.0,30.0,8.4,17.0
2005.0,0.32,0.07,0.0,0.01,0.4,80.0,21.0,8.3,13.0
2006.0,0.64,0.0,0.0,0.05,0.69,68.0,22.0,8.1,7.0
2007.0,0.55,0.08,0.0,0.06,0.68,70.0,43.0,7.1,17.0
2007.0,0.35,0.06,0.0,0.05,0.46,67.0,33.0,6.1,8.0
2007.0,0.32,0.01,0.0,0.05,0.38,53.0,13.0,8.2,5.0
2008.0,0.28,0.02,0.0,0.02,0.33,70.0,7.0,8.3,9.0
2008.0,0.24,0.0,0.0,0.02,0.27,59.0,4.0,6.7,6.0
2007.0,1.58,1.59,0.08,0.41,3.66,67.0,15.0,7.3,13.0
2007.0,0.9,0.54,0.04,0.17,1.65,68.0,38.0,7.2,56.0
2008.0,0.0,0.02,0.0,0.0,0.03,70.0,12.0,6.4,8.0
2009.0,0.61,0.32,0.0,0.1,1.03,78.0,28.0,8.6,28.0
2008.0,0.7,0.64,0.01,0.16,1.51,76.0,19.0,8.1,24.0
2009.0,0.25,0.29,0.0,0.07,0.61,67.0,11.0,7.3,4.0
2009.0,0.19,0.23,0.0,0.05,0.47,68.0,22.0,7.4,5.0
2010.0,0.16,0.1,0.0,0.03,0.29,67.0,9.0,5.2,5.0
2010.0,0.09,0.0,0.0,0.01,0.1,56.0,15.0,5.5,4.0
2006.0,0.0,0.01,0.0,0.0,0.01,69.0,4.0,4.8,5.0
2007.0,0.09,0.0,0.0,0.01,0.1,43.0,25.0,3.5,6.0
2011.0,0.17,0.13,0.0,0.03,0.32,65.0,26.0,8.2,5.0
2006.0,0.17,0.0,0.33,0.02,0.52,69.0,27.0,8.2,21.0
2002.0,0.03,0.01,0.04,0.0,0.09,67.0,13.0,8.5,26.0
2002.0,0.03,0.02,0.0,0.01,0.06,67.0,7.0,8.6,14.0
2002.0,0.14,0.11,0.0,0.04,0.28,57.0,9.0,7.0,4.0
2003.0,0.12,0.09,0.0,0.03,0.24,46.0,21.0,3.9,14.0
2009.0,0.08,0.02,0.0,0.02,0.12,68.0,16.0,8.8,4.0
2008.0,0.3,0.54,0.0,0.11,0.95,63.0,4.0,7.6,7.0
2007.0,0.37,0.89,0.0,0.18,1.44,71.0,7.0,6.8,5.0
2007.0,0.06,0.0,0.0,0.0,0.07,82.0,20.0,7.4,20.0
2007.0,0.03,0.0,0.0,0.0,0.03,79.0,21.0,7.8,18.0
2006.0,0.03,0.0,0.0,0.0,0.03,56.0,6.0,5.8,6.0
2010.0,0.08,0.02,0.0,0.02,0.12,66.0,36.0,6.2,13.0
2010.0,0.08,0.02,0.0,0.01,0.1,64.0,49.0,7.1,16.0
2001.0,3.0,1.11,0.05,0.07,4.24,79.0,10.0,7.3,6.0
2001.0,1.73,0.07,0.0,0.02,1.82,72.0,9.0,6.0,5.0
2005.0,0.75,0.18,0.0,0.16,1.08,73.0,28.0,7.2,9.0
2007.0,1.13,0.01,0.06,0.09,1.29,67.0,19.0,5.9,8.0
2007.0,0.68,0.0,0.0,0.05,0.74,49.0,18.0,6.3,4.0
2008.0,0.24,0.0,0.0,0.02,0.26,46.0,5.0,3.6,5.0
2011.0,0.08,0.0,0.0,0.01,0.08,75.0,8.0,7.7,18.0
2005.0,0.03,0.02,0.0,0.01,0.06,51.0,38.0,6.7,11.0
2005.0,0.05,0.0,0.0,0.0,0.06,71.0,43.0,7.7,19.0
2008.0,0.03,0.01,0.0,0.0,0.05,75.0,23.0,7.8,8.0
2010.0,0.02,0.53,0.0,0.12,0.66,81.0,56.0,7.9,515.0
2007.0,0.03,0.0,0.0,0.0,0.04,37.0,14.0,4.6,7.0
2007.0,0.02,0.0,0.0,0.0,0.03,45.0,9.0,7.3,4.0
2005.0,0.18,0.14,0.0,0.05,0.36,50.0,24.0,7.0,21.0
2005.0,0.14,0.04,0.0,0.01,0.18,51.0,27.0,2.8,6.0
2003.0,0.53,0.14,0.0,0.02,0.68,72.0,21.0,8.1,20.0
2003.0,0.44,0.12,0.45,0.03,1.04,74.0,22.0,8.9,39.0
2007.0,0.44,0.46,0.0,0.11,1.01,74.0,23.0,8.0,27.0
2008.0,0.34,0.02,0.0,0.03,0.38,72.0,20.0,8.4,16.0
2003.0,0.16,0.06,0.0,0.0,0.22,60.0,12.0,7.1,9.0
2006.0,0.39,0.0,0.0,0.03,0.42,56.0,23.0,6.5,13.0
2006.0,0.02,0.01,0.16,0.0,0.19,61.0,22.0,4.4,10.0
2007.0,0.37,0.0,0.0,0.03,0.4,57.0,18.0,7.2,9.0
2006.0,0.22,0.0,0.0,0.02,0.23,62.0,18.0,7.5,6.0
2012.0,0.08,0.02,0.04,0.01,0.15,71.0,13.0,5.4,19.0
2007.0,0.29,0.01,0.0,0.03,0.33,78.0,35.0,8.6,84.0
2008.0,0.24,0.28,0.0,0.06,0.59,80.0,34.0,7.8,46.0
2003.0,0.5,0.02,0.0,0.08,0.61,75.0,34.0,7.7,35.0
2004.0,0.47,0.02,0.0,0.08,0.57,73.0,27.0,7.9,27.0
2005.0,0.36,0.01,0.0,0.06,0.44,75.0,24.0,8.7,33.0
2006.0,0.26,0.0,0.0,0.0,0.26,70.0,11.0,6.6,11.0
2006.0,0.14,0.0,0.0,0.01,0.16,64.0,20.0,7.8,17.0
2008.0,0.49,0.34,0.09,0.15,1.07,75.0,32.0,8.6,95.0
2006.0,0.28,0.22,0.0,0.07,0.58,52.0,22.0,6.9,17.0
2009.0,0.44,0.03,0.0,0.04,0.51,74.0,23.0,8.1,21.0
2009.0,0.11,0.01,0.05,0.01,0.18,38.0,14.0,3.0,12.0
2010.0,0.04,0.02,0.05,0.01,0.13,57.0,22.0,5.0,6.0
2009.0,0.14,0.0,0.0,0.01,0.15,60.0,15.0,6.2,10.0
2008.0,0.19,0.02,0.13,0.02,0.37,55.0,12.0,5.7,11.0
2009.0,0.13,0.04,0.19,0.03,0.38,61.0,22.0,6.6,19.0
2011.0,0.09,0.07,0.15,0.04,0.34,59.0,16.0,7.2,26.0
2010.0,0.42,0.46,0.15,0.18,1.21,76.0,34.0,8.3,130.0
2010.0,0.43,0.27,0.01,0.07,0.78,74.0,31.0,8.5,39.0
2013.0,0.32,0.32,0.15,0.15,0.93,77.0,32.0,7.9,187.0
2013.0,0.29,0.16,0.01,0.05,0.51,70.0,16.0,7.7,67.0
2016.0,0.41,0.45,0.11,0.17,1.14,79.0,60.0,8.2,201.0
2016.0,0.21,0.07,0.0,0.03,0.3,81.0,11.0,8.5,51.0
2012.0,0.27,0.24,0.14,0.08,0.73,74.0,23.0,7.1,83.0
2012.0,0.26,0.14,0.01,0.04,0.44,74.0,35.0,7.2,47.0
2014.0,0.15,0.14,0.09,0.06,0.43,73.0,26.0,7.5,100.0
2014.0,0.14,0.06,0.0,0.02,0.22,62.0,11.0,7.3,44.0
2006.0,0.09,0.0,0.0,0.01,0.1,66.0,13.0,5.3,6.0
2002.0,0.07,0.02,0.0,0.0,0.09,85.0,8.0,7.3,7.0
2014.0,0.15,0.0,0.0,0.02,0.17,65.0,4.0,5.1,14.0
2014.0,0.09,0.0,0.0,0.02,0.11,67.0,7.0,4.6,20.0
2005.0,0.53,0.02,0.0,0.09,0.63,78.0,18.0,7.7,18.0
2005.0,0.2,0.06,0.0,0.01,0.27,79.0,25.0,5.9,7.0
2006.0,0.06,0.04,0.0,0.01,0.11,68.0,26.0,8.9,16.0
2006.0,0.03,0.01,0.0,0.0,0.04,72.0,26.0,7.0,4.0
2007.0,0.26,0.0,0.0,0.02,0.29,59.0,29.0,5.2,30.0
2007.0,0.12,0.09,0.0,0.03,0.24,56.0,9.0,8.2,9.0
2007.0,0.15,0.05,0.0,0.03,0.23,57.0,21.0,5.0,14.0
2008.0,0.23,0.0,0.0,0.02,0.25,69.0,32.0,7.8,15.0
2008.0,0.22,0.01,0.0,0.02,0.25,65.0,22.0,7.5,10.0
2000.0,0.45,0.31,0.0,0.05,0.81,73.0,8.0,6.1,9.0
2000.0,0.34,0.27,0.0,0.09,0.7,66.0,16.0,6.6,9.0
2004.0,0.69,0.54,0.0,0.18,1.41,87.0,19.0,8.4,15.0
2011.0,0.29,0.0,0.0,0.02,0.3,62.0,24.0,4.1,14.0
2011.0,0.25,0.0,0.0,0.02,0.27,62.0,16.0,3.7,15.0
2011.0,0.21,0.0,0.0,0.01,0.22,42.0,5.0,3.1,9.0
2016.0,0.04,0.0,0.0,0.01,0.05,66.0,8.0,3.8,18.0
2009.0,0.39,0.0,0.0,0.03,0.42,70.0,12.0,8.1,9.0
2012.0,0.09,0.0,0.0,0.01,0.1,72.0,7.0,3.4,27.0
2012.0,0.07,0.0,0.0,0.01,0.08,76.0,4.0,4.5,15.0
2001.0,0.57,0.44,0.0,0.15,1.16,85.0,17.0,8.5,22.0
2001.0,0.23,0.16,0.0,0.03,0.42,69.0,8.0,6.9,10.0
2002.0,0.24,0.06,0.0,0.01,0.31,85.0,12.0,6.6,5.0
2003.0,0.53,0.41,0.0,0.14,1.08,88.0,15.0,8.9,77.0
2003.0,0.18,0.05,0.0,0.01,0.23,85.0,14.0,9.1,15.0
2014.0,0.05,0.02,0.02,0.01,0.1,53.0,31.0,6.0,79.0
2014.0,0.02,0.01,0.03,0.01,0.07,60.0,7.0,7.5,29.0
2010.0,0.18,0.18,0.0,0.07,0.43,43.0,31.0,5.5,49.0
2010.0,0.21,0.15,0.0,0.04,0.4,43.0,51.0,5.6,70.0
2010.0,0.08,0.07,0.0,0.02,0.17,40.0,11.0,4.2,5.0
2003.0,0.05,0.04,0.0,0.01,0.11,67.0,17.0,8.9,23.0
2005.0,0.2,0.0,0.0,0.02,0.21,57.0,25.0,6.9,14.0
2005.0,0.26,0.2,0.0,0.07,0.53,63.0,26.0,6.3,27.0
2005.0,0.2,0.0,0.0,0.02,0.22,72.0,19.0,5.4,8.0
2006.0,0.24,0.0,0.01,0.02,0.27,63.0,24.0,6.3,10.0
2006.0,0.18,0.0,0.0,0.02,0.2,68.0,24.0,7.0,5.0
2006.0,0.01,0.01,0.0,0.0,0.02,63.0,24.0,6.8,5.0
2007.0,0.12,0.0,0.0,0.01,0.13,63.0,37.0,6.0,4.0
2007.0,0.03,0.0,0.0,0.0,0.03,75.0,18.0,7.5,8.0
2008.0,0.16,0.0,0.0,0.01,0.17,79.0,9.0,7.4,7.0
2008.0,0.14,0.0,0.0,0.01,0.15,63.0,17.0,5.1,7.0
2009.0,0.07,0.0,0.0,0.01,0.08,69.0,13.0,3.0,13.0
2009.0,0.88,0.02,0.0,0.08,0.97,82.0,46.0,7.6,34.0
2009.0,0.75,0.01,0.01,0.07,0.84,83.0,30.0,7.8,39.0
2010.0,1.84,0.12,0.01,0.13,2.09,89.0,50.0,8.1,100.0
2010.0,1.41,0.2,0.03,0.16,1.8,89.0,46.0,7.6,105.0
2010.0,0.18,0.0,0.0,0.01,0.19,82.0,6.0,8.6,37.0
2011.0,2.31,0.14,0.01,0.16,2.62,90.0,42.0,7.7,134.0
2011.0,1.62,0.26,0.05,0.18,2.11,90.0,38.0,6.7,127.0
2011.0,0.09,0.05,0.0,0.02,0.16,86.0,5.0,7.1,66.0
2012.0,2.6,0.2,0.01,0.19,3.0,88.0,41.0,7.2,131.0
2012.0,1.73,0.43,0.05,0.27,2.47,90.0,26.0,8.0,99.0
2012.0,0.07,0.04,0.0,0.01,0.13,85.0,17.0,7.0,43.0
2012.0,0.0,0.02,0.0,0.0,0.03,90.0,5.0,6.8,130.0
2013.0,2.1,0.19,0.0,0.23,2.52,87.0,23.0,4.9,150.0
2013.0,1.44,0.31,0.04,0.32,2.11,84.0,26.0,4.9,142.0
2013.0,0.89,0.31,0.01,0.23,1.45,85.0,20.0,6.5,368.0
2013.0,0.7,0.11,0.0,0.09,0.91,86.0,15.0,5.7,183.0
2014.0,1.47,0.54,0.01,0.43,2.45,83.0,50.0,7.0,291.0
2014.0,1.37,0.18,0.0,0.18,1.72,82.0,9.0,6.3,101.0
2015.0,2.49,0.66,0.03,0.69,3.88,87.0,51.0,6.7,364.0
2015.0,1.95,0.15,0.0,0.24,2.34,86.0,14.0,6.2,115.0
2016.0,1.25,0.27,0.02,0.34,1.88,88.0,47.0,6.7,162.0
2016.0,0.86,0.06,0.0,0.11,1.02,90.0,17.0,6.2,91.0
2016.0,0.0,0.01,0.0,0.0,0.01,90.0,6.0,6.3,52.0
2002.0,0.59,0.46,0.01,0.15,1.22,89.0,19.0,7.8,16.0
2002.0,0.15,0.04,0.0,0.01,0.2,90.0,17.0,7.6,5.0
2002.0,0.09,0.02,0.0,0.0,0.12,90.0,13.0,8.0,4.0
2002.0,0.51,0.4,0.0,0.13,1.05,89.0,21.0,8.0,22.0
2002.0,0.24,0.07,0.0,0.01,0.32,87.0,15.0,7.9,9.0
2005.0,0.43,0.34,0.0,0.11,0.88,84.0,23.0,8.3,13.0
2005.0,0.27,0.08,0.0,0.01,0.36,84.0,27.0,8.7,15.0
2005.0,0.21,0.01,0.0,0.02,0.23,81.0,33.0,8.6,31.0
2006.0,0.65,0.02,0.0,0.11,0.78,81.0,12.0,8.4,18.0
2006.0,0.53,0.0,0.0,0.04,0.58,84.0,46.0,7.8,67.0
2006.0,0.3,0.04,0.0,0.03,0.37,80.0,20.0,7.4,8.0
2006.0,0.02,0.01,0.0,0.0,0.03,83.0,8.0,8.6,5.0
2007.0,0.79,0.0,0.0,0.07,0.85,81.0,33.0,7.0,28.0
2007.0,0.5,0.02,0.0,0.08,0.6,72.0,7.0,6.0,9.0
2007.0,0.5,0.01,0.0,0.05,0.55,81.0,18.0,6.8,19.0
2008.0,1.0,0.16,0.0,0.11,1.27,84.0,32.0,7.2,44.0
2008.0,0.56,0.0,0.0,0.05,0.61,82.0,30.0,7.0,37.0
2004.0,0.81,0.63,0.0,0.21,1.66,83.0,44.0,9.2,19.0
2004.0,0.37,0.11,0.0,0.02,0.51,82.0,35.0,8.1,8.0
2008.0,0.17,0.0,0.0,0.01,0.19,55.0,42.0,4.2,15.0
2008.0,0.12,0.0,0.0,0.01,0.14,54.0,23.0,6.5,4.0
2006.0,0.23,0.18,0.0,0.06,0.47,69.0,19.0,8.5,8.0
2006.0,0.09,0.0,0.0,0.01,0.1,69.0,17.0,7.7,7.0
2002.0,0.19,0.05,0.0,0.01,0.25,71.0,18.0,7.4,7.0
2002.0,0.23,0.07,0.0,0.01,0.31,72.0,21.0,7.8,12.0
2003.0,0.13,0.04,0.0,0.01,0.17,71.0,31.0,8.2,11.0
2003.0,0.1,0.03,0.0,0.0,0.14,68.0,17.0,9.1,7.0
2010.0,0.36,0.02,0.0,0.02,0.4,79.0,43.0,8.5,20.0
2010.0,0.22,0.12,0.0,0.06,0.39,71.0,33.0,5.7,14.0
2010.0,0.27,0.09,0.0,0.03,0.39,75.0,30.0,7.0,24.0
2005.0,0.57,0.04,0.0,0.03,0.64,79.0,30.0,6.4,15.0
2005.0,0.39,0.0,0.0,0.03,0.42,80.0,18.0,7.6,13.0
2005.0,0.27,0.0,0.0,0.02,0.29,64.0,35.0,5.6,16.0
2006.0,1.07,0.04,0.02,0.17,1.3,63.0,12.0,6.0,39.0
2006.0,0.47,0.0,0.0,0.04,0.51,64.0,9.0,7.5,4.0
2006.0,0.42,0.0,0.0,0.04,0.46,59.0,32.0,4.9,60.0
2006.0,0.04,0.01,0.0,0.0,0.06,69.0,14.0,6.8,13.0
2007.0,0.59,0.02,0.01,0.1,0.72,68.0,10.0,6.6,9.0
2007.0,0.56,0.02,0.01,0.05,0.63,73.0,28.0,6.8,10.0
2007.0,0.47,0.0,0.0,0.04,0.52,73.0,37.0,5.3,19.0
2007.0,0.28,0.0,0.0,0.02,0.31,73.0,11.0,6.2,5.0
2007.0,0.14,0.0,0.0,0.01,0.16,52.0,11.0,7.1,21.0
2008.0,0.5,0.14,0.0,0.07,0.71,77.0,32.0,7.4,14.0
2008.0,0.46,0.0,0.02,0.04,0.52,75.0,32.0,7.8,15.0
2008.0,0.19,0.01,0.0,0.02,0.22,51.0,11.0,5.9,14.0
2009.0,0.46,0.02,0.01,0.05,0.54,81.0,32.0,7.5,25.0
2009.0,0.4,0.02,0.0,0.03,0.45,80.0,40.0,7.7,37.0
2009.0,0.21,0.0,0.01,0.02,0.24,64.0,4.0,4.2,10.0
2013.0,0.15,0.05,0.0,0.04,0.24,43.0,25.0,2.7,175.0
2013.0,0.16,0.02,0.0,0.02,0.2,36.0,14.0,3.1,88.0
2014.0,0.16,0.04,0.0,0.04,0.23,59.0,24.0,5.6,86.0
2014.0,0.17,0.02,0.0,0.02,0.21,53.0,9.0,6.8,53.0
2015.0,0.1,0.04,0.0,0.03,0.18,59.0,27.0,6.1,70.0
2015.0,0.09,0.01,0.0,0.01,0.11,60.0,17.0,5.6,62.0
2000.0,0.7,0.47,0.0,0.08,1.25,86.0,10.0,8.0,6.0
2001.0,0.91,0.71,0.0,0.24,1.86,70.0,16.0,7.4,8.0
2001.0,0.29,0.19,0.0,0.03,0.52,81.0,6.0,8.8,9.0
2001.0,0.35,0.03,0.0,0.02,0.4,76.0,15.0,7.5,6.0
2002.0,1.25,0.15,0.03,0.22,1.66,83.0,22.0,8.3,28.0
2003.0,1.57,0.18,0.0,0.27,2.03,86.0,19.0,7.7,41.0
2003.0,0.44,0.04,0.0,0.02,0.51,85.0,19.0,8.2,11.0
2003.0,0.21,0.05,0.0,0.01,0.27,84.0,17.0,9.0,4.0
2004.0,2.03,0.21,0.0,0.35,2.59,84.0,21.0,8.1,44.0
2004.0,0.81,0.05,0.0,0.04,0.9,85.0,28.0,7.6,14.0
2004.0,0.35,0.09,0.0,0.01,0.45,83.0,17.0,6.7,7.0
2002.0,0.11,0.09,0.0,0.03,0.23,62.0,22.0,5.9,8.0
2003.0,0.13,0.1,0.0,0.03,0.26,58.0,19.0,7.8,8.0
2002.0,0.02,0.01,0.0,0.0,0.02,48.0,4.0,5.5,4.0
2001.0,2.19,0.22,0.0,0.38,2.79,89.0,22.0,8.6,39.0
2002.0,0.33,0.09,0.0,0.01,0.42,88.0,15.0,8.6,7.0
2005.0,0.2,0.0,0.0,0.02,0.22,75.0,25.0,8.5,15.0
2007.0,0.45,0.01,0.0,0.04,0.5,80.0,42.0,8.2,30.0
2007.0,0.12,0.01,0.0,0.02,0.15,81.0,31.0,6.5,16.0
2005.0,0.52,0.41,0.0,0.14,1.06,89.0,36.0,8.7,37.0
2005.0,0.28,0.03,0.0,0.01,0.32,89.0,41.0,8.9,10.0
2005.0,0.23,0.06,0.0,0.01,0.29,88.0,36.0,8.4,16.0
2003.0,1.69,0.2,0.0,0.06,1.95,90.0,31.0,8.8,70.0
2003.0,0.62,0.04,0.0,0.02,0.68,89.0,22.0,8.8,24.0
2008.0,0.2,0.0,0.0,0.02,0.22,70.0,23.0,5.6,8.0
2009.0,0.31,0.0,0.0,0.03,0.33,75.0,17.0,7.8,6.0
2002.0,0.12,0.09,0.0,0.03,0.24,83.0,17.0,8.0,6.0
2002.0,0.11,0.03,0.0,0.01,0.14,84.0,12.0,8.4,5.0
2001.0,0.15,0.12,0.0,0.04,0.31,52.0,14.0,6.5,8.0
2002.0,0.09,0.07,0.0,0.02,0.19,57.0,16.0,6.0,4.0
2005.0,1.53,0.05,0.0,0.25,1.84,87.0,25.0,8.5,36.0
2005.0,0.73,0.21,0.0,0.03,0.97,87.0,38.0,8.3,27.0
2006.0,1.41,0.05,0.0,0.23,1.7,87.0,18.0,8.6,23.0
2006.0,0.67,0.0,0.0,0.06,0.73,79.0,43.0,6.9,20.0
2006.0,0.42,0.12,0.0,0.01,0.56,88.0,20.0,6.9,10.0
2006.0,0.34,0.0,0.0,0.03,0.37,75.0,16.0,7.9,11.0
2007.0,0.65,0.03,0.0,0.11,0.79,83.0,6.0,8.3,23.0
2007.0,0.65,0.0,0.0,0.05,0.7,81.0,30.0,7.8,44.0
2007.0,0.35,0.0,0.0,0.03,0.38,77.0,13.0,7.9,28.0
2007.0,0.06,0.02,0.0,0.0,0.08,82.0,4.0,8.1,8.0
2008.0,0.65,0.0,0.0,0.05,0.71,83.0,24.0,7.7,26.0
2008.0,0.54,0.0,0.0,0.04,0.58,81.0,20.0,7.3,25.0
2008.0,0.15,0.0,0.0,0.01,0.16,49.0,5.0,5.8,32.0
2009.0,0.87,0.0,0.0,0.07,0.94,83.0,26.0,6.7,37.0
2009.0,0.75,0.0,0.0,0.06,0.81,80.0,20.0,6.9,14.0
2010.0,0.86,0.0,0.0,0.06,0.92,86.0,29.0,7.1,70.0
2010.0,0.79,0.0,0.0,0.06,0.85,85.0,22.0,7.4,25.0
2011.0,0.94,0.0,0.0,0.06,0.99,82.0,25.0,6.6,49.0
2011.0,0.78,0.0,0.0,0.05,0.83,82.0,17.0,5.8,41.0
2012.0,1.02,0.0,0.0,0.07,1.09,76.0,20.0,5.5,65.0
2012.0,0.82,0.0,0.0,0.07,0.89,79.0,9.0,4.1,34.0
2013.0,1.01,0.0,0.0,0.08,1.09,77.0,18.0,5.8,74.0
2013.0,0.75,0.0,0.0,0.09,0.84,77.0,9.0,6.2,40.0
2001.0,0.77,0.6,0.0,0.2,1.57,90.0,18.0,8.7,24.0
2002.0,1.16,0.08,0.0,0.19,1.44,91.0,19.0,8.6,27.0
2002.0,0.39,0.11,0.0,0.02,0.52,90.0,14.0,8.2,15.0
2002.0,0.16,0.04,0.0,0.01,0.21,91.0,11.0,8.1,9.0
2003.0,1.35,0.09,0.0,0.23,1.67,94.0,15.0,8.8,81.0
2003.0,0.4,0.02,0.0,0.02,0.43,88.0,13.0,8.8,19.0
2003.0,0.12,0.03,0.0,0.0,0.15,89.0,16.0,7.5,6.0
2004.0,1.32,0.09,0.0,0.22,1.62,88.0,29.0,8.8,35.0
2004.0,0.63,0.02,0.0,0.03,0.68,89.0,29.0,8.0,12.0
2004.0,0.17,0.04,0.0,0.01,0.22,88.0,18.0,9.0,5.0
2005.0,0.45,0.02,0.0,0.07,0.53,78.0,19.0,9.1,13.0
2005.0,0.15,0.04,0.0,0.01,0.2,76.0,21.0,7.2,5.0
2007.0,0.28,0.22,0.0,0.07,0.56,63.0,9.0,8.6,7.0
2007.0,0.19,0.0,0.0,0.02,0.21,67.0,33.0,7.1,15.0
2007.0,0.08,0.0,0.0,0.01,0.09,67.0,15.0,3.8,4.0
2002.0,0.32,0.25,0.0,0.08,0.66,74.0,13.0,8.0,27.0
2003.0,0.5,0.39,0.0,0.13,1.03,82.0,16.0,8.8,12.0
2004.0,0.44,0.02,0.0,0.07,0.53,78.0,19.0,8.3,13.0
2004.0,0.21,0.06,0.0,0.01,0.28,80.0,18.0,7.8,4.0
2011.0,0.1,0.02,0.0,0.01,0.14,35.0,11.0,4.7,7.0
2011.0,0.07,0.04,0.0,0.02,0.12,50.0,4.0,4.0,4.0
1999.0,1.58,0.64,0.0,0.09,2.31,86.0,14.0,8.5,28.0
2010.0,1.05,1.23,0.03,0.47,2.78,89.0,59.0,7.2,301.0
2010.0,1.03,0.96,0.0,0.21,2.2,88.0,73.0,7.0,206.0
2010.0,0.17,0.23,0.0,0.05,0.46,50.0,8.0,3.7,18.0
2010.0,0.12,0.2,0.0,0.05,0.37,86.0,14.0,6.7,556.0
2002.0,1.68,0.31,0.02,0.09,2.11,89.0,31.0,8.5,92.0
2002.0,0.68,0.11,0.0,0.03,0.82,75.0,18.0,6.4,15.0
2002.0,0.68,0.09,0.0,0.02,0.8,68.0,16.0,8.3,15.0
2005.0,2.03,1.79,0.08,0.47,4.37,82.0,36.0,9.1,137.0
2005.0,1.0,0.13,0.02,0.1,1.25,83.0,54.0,8.5,134.0
2005.0,0.53,0.46,0.0,0.05,1.04,83.0,32.0,8.8,29.0
2005.0,0.43,0.11,0.0,0.02,0.56,80.0,18.0,9.1,22.0
2005.0,0.02,0.23,0.0,0.04,0.29,82.0,19.0,8.5,525.0
2005.0,0.24,0.01,0.0,0.02,0.27,45.0,4.0,6.1,22.0
2012.0,0.62,0.78,0.01,0.15,1.56,83.0,54.0,8.5,134.0
2012.0,0.0,0.06,0.0,0.02,0.08,82.0,19.0,8.5,525.0
2005.0,1.77,0.12,0.02,0.17,2.07,72.0,21.0,7.8,54.0
2009.0,0.45,0.3,0.0,0.08,0.83,69.0,41.0,7.4,38.0
2009.0,0.21,0.13,0.0,0.04,0.38,70.0,7.0,6.3,7.0
1999.0,0.43,0.29,0.0,0.05,0.77,78.0,13.0,8.5,24.0
2004.0,0.35,0.13,0.0,0.01,0.48,62.0,4.0,7.8,8.0
2007.0,0.69,0.0,0.04,1.68,2.41,62.0,11.0,6.2,34.0
2007.0,1.04,0.79,0.01,0.21,2.05,72.0,42.0,7.1,78.0
2007.0,0.73,0.91,0.04,0.36,2.04,73.0,26.0,6.0,43.0
2007.0,0.53,0.45,0.0,0.12,1.1,61.0,16.0,6.9,14.0
2007.0,0.11,0.01,0.0,0.01,0.12,74.0,8.0,7.4,10.0
2007.0,0.0,0.04,0.0,0.01,0.04,70.0,18.0,5.9,163.0
2008.0,0.24,0.33,0.01,0.19,0.77,57.0,14.0,7.1,19.0
2009.0,0.69,1.4,0.04,0.52,2.65,84.0,55.0,6.9,113.0
2009.0,0.73,0.96,0.01,0.22,1.91,83.0,75.0,6.5,134.0
2009.0,0.16,0.37,0.01,0.21,0.74,69.0,11.0,6.5,31.0
2009.0,0.0,0.05,0.0,0.01,0.06,83.0,22.0,5.8,387.0
2011.0,0.58,1.04,0.03,0.36,2.01,64.0,48.0,6.4,182.0
2011.0,0.63,0.57,0.0,0.15,1.36,68.0,65.0,6.0,160.0
2011.0,0.09,0.21,0.0,0.07,0.36,69.0,18.0,5.8,338.0
2011.0,0.11,0.12,0.01,0.03,0.27,64.0,6.0,3.6,21.0
2011.0,0.09,0.09,0.0,0.02,0.19,65.0,9.0,6.0,26.0
2008.0,0.63,1.0,0.05,0.38,2.05,59.0,40.0,5.9,71.0
2008.0,0.79,0.7,0.01,0.18,1.68,64.0,62.0,5.9,104.0
2008.0,0.23,0.31,0.03,0.19,0.76,52.0,7.0,6.8,37.0
2008.0,0.27,0.31,0.0,0.07,0.64,54.0,12.0,6.2,29.0
2008.0,0.18,0.03,0.0,0.02,0.23,59.0,7.0,6.7,6.0
2008.0,0.0,0.07,0.0,0.01,0.08,65.0,18.0,4.9,231.0
2006.0,0.76,0.69,0.02,0.18,1.65,77.0,52.0,6.3,82.0
2006.0,1.22,0.05,0.05,0.01,1.34,74.0,26.0,8.4,60.0
2006.0,0.45,0.66,0.02,0.15,1.28,67.0,21.0,7.3,26.0
2006.0,0.49,0.5,0.03,0.2,1.23,75.0,31.0,7.3,42.0
2006.0,0.35,0.1,0.0,0.02,0.47,74.0,19.0,7.4,11.0
2006.0,0.27,0.07,0.0,0.01,0.35,75.0,12.0,7.8,14.0
2006.0,0.0,0.04,0.0,0.01,0.05,78.0,17.0,7.2,249.0
2006.0,0.87,0.97,0.0,0.58,2.42,73.0,14.0,7.9,39.0
2006.0,0.17,0.01,0.0,0.02,0.2,70.0,6.0,7.5,15.0
2013.0,0.73,0.92,0.03,0.3,1.98,80.0,53.0,6.2,667.0
2013.0,0.33,0.69,0.05,0.19,1.27,80.0,6.0,4.9,123.0
2013.0,0.37,0.35,0.01,0.07,0.79,76.0,12.0,5.4,107.0
2013.0,0.46,0.17,0.0,0.07,0.69,75.0,18.0,5.8,175.0
2013.0,0.04,0.19,0.0,0.02,0.25,76.0,16.0,3.3,546.0
2003.0,3.27,2.83,0.08,1.02,7.2,85.0,33.0,8.6,171.0
2003.0,1.09,0.55,0.0,0.07,1.71,83.0,25.0,8.7,35.0
2003.0,0.69,0.48,0.01,0.03,1.21,83.0,24.0,9.0,45.0
2003.0,0.21,0.08,0.0,0.01,0.29,77.0,9.0,8.2,25.0
2003.0,0.0,0.04,0.0,0.01,0.05,82.0,24.0,8.3,307.0
2004.0,2.71,3.02,0.08,1.09,6.9,82.0,39.0,8.6,132.0
2004.0,1.38,0.8,0.0,0.1,2.28,77.0,35.0,8.7,27.0
2004.0,0.31,0.12,0.0,0.01,0.43,72.0,8.0,8.2,13.0
2004.0,0.0,0.06,0.0,0.01,0.07,82.0,31.0,8.5,407.0
2005.0,0.11,0.02,0.0,0.01,0.13,65.0,13.0,7.0,25.0
2005.0,0.69,0.37,0.02,0.24,1.32,74.0,36.0,8.5,38.0
2004.0,0.1,0.08,0.0,0.03,0.21,65.0,37.0,7.1,8.0
2005.0,0.16,0.13,0.0,0.04,0.33,66.0,21.0,8.8,6.0
2005.0,0.15,0.12,0.0,0.04,0.3,61.0,18.0,8.5,30.0
2006.0,0.11,0.0,0.0,0.01,0.12,66.0,21.0,7.7,6.0
2008.0,0.91,0.09,0.0,0.09,1.09,66.0,13.0,4.4,7.0
2009.0,0.93,0.0,0.0,0.07,1.0,67.0,12.0,4.5,6.0
2007.0,0.0,0.01,0.0,0.0,0.02,70.0,21.0,7.5,11.0
2014.0,0.17,0.0,0.08,0.02,0.28,71.0,34.0,7.1,133.0
2012.0,0.06,0.04,0.01,0.02,0.12,50.0,32.0,4.7,47.0
2012.0,0.06,0.03,0.0,0.01,0.1,52.0,46.0,5.5,65.0
2008.0,0.04,0.0,0.0,0.01,0.05,57.0,14.0,7.8,12.0
2002.0,0.0,0.03,0.0,0.0,0.03,91.0,34.0,8.2,490.0
2006.0,0.0,0.02,0.0,0.0,0.02,82.0,46.0,6.5,565.0
2007.0,0.0,0.01,0.0,0.0,0.01,82.0,25.0,8.8,182.0
2013.0,1.25,0.62,0.18,0.18,2.24,77.0,59.0,7.9,288.0
2006.0,11.28,9.14,6.5,2.88,29.8,89.0,65.0,8.5,431.0
2012.0,3.66,3.14,2.47,0.63,9.9,78.0,70.0,7.2,424.0
2012.0,2.3,1.34,1.27,0.32,5.22,84.0,70.0,8.1,733.0
2009.0,14.44,6.94,4.7,2.24,28.32,87.0,80.0,8.4,594.0
2000.0,1.02,0.05,0.0,0.02,1.09,97.0,22.0,6.0,47.0
2001.0,0.44,0.34,0.0,0.11,0.89,85.0,16.0,7.5,6.0
2002.0,1.06,0.08,0.0,0.18,1.32,93.0,20.0,7.4,25.0
2002.0,0.17,0.04,0.0,0.01,0.22,92.0,24.0,8.3,15.0
2002.0,0.14,0.11,0.0,0.04,0.28,76.0,22.0,8.9,15.0
2002.0,0.21,0.17,0.0,0.06,0.44,73.0,15.0,8.6,5.0
2002.0,0.11,0.03,0.0,0.01,0.14,72.0,12.0,7.8,4.0
2003.0,0.11,0.09,0.0,0.03,0.23,73.0,20.0,8.5,14.0
2003.0,0.04,0.01,0.0,0.0,0.05,71.0,14.0,6.6,8.0
2000.0,0.74,0.21,0.0,0.04,0.99,79.0,24.0,8.5,10.0
2002.0,0.46,0.13,0.0,0.02,0.61,72.0,25.0,8.6,12.0
2003.0,0.24,0.07,0.0,0.01,0.32,74.0,29.0,8.8,16.0
2001.0,0.23,0.15,0.0,0.03,0.4,62.0,10.0,8.8,4.0
2001.0,0.19,0.15,0.0,0.05,0.38,51.0,18.0,4.6,5.0
2003.0,0.2,0.16,0.0,0.05,0.41,65.0,25.0,8.7,6.0
2006.0,0.38,0.01,0.0,0.06,0.45,66.0,22.0,6.9,15.0
2006.0,0.09,0.03,0.0,0.0,0.12,69.0,26.0,7.1,9.0
2008.0,0.13,0.0,0.0,0.01,0.14,64.0,12.0,7.1,12.0
2008.0,0.11,0.0,0.0,0.01,0.11,67.0,14.0,8.4,28.0
2001.0,0.11,0.08,0.0,0.03,0.22,67.0,12.0,7.8,6.0
2004.0,1.15,0.08,0.0,0.19,1.42,80.0,36.0,8.9,45.0
2004.0,0.49,0.15,0.0,0.02,0.66,81.0,38.0,8.8,9.0
2004.0,0.27,0.07,0.0,0.01,0.35,81.0,30.0,8.0,4.0
2004.0,0.79,0.62,0.0,0.21,1.61,77.0,33.0,8.7,20.0
2004.0,0.36,0.11,0.0,0.02,0.48,78.0,44.0,6.5,11.0
2005.0,0.34,0.0,0.0,0.03,0.37,73.0,23.0,7.4,14.0
2008.0,0.09,0.0,0.0,0.01,0.1,49.0,35.0,3.1,45.0
2005.0,0.48,0.02,0.0,0.08,0.58,78.0,27.0,8.5,29.0
2005.0,0.19,0.05,0.0,0.01,0.25,79.0,35.0,8.4,18.0
2005.0,0.06,0.02,0.0,0.0,0.08,78.0,18.0,9.3,7.0
2006.0,0.42,0.02,0.0,0.07,0.51,76.0,11.0,4.6,51.0
2006.0,0.25,0.0,0.0,0.02,0.27,79.0,49.0,5.3,167.0
2006.0,0.13,0.02,0.0,0.02,0.17,76.0,7.0,6.6,23.0
2006.0,0.02,0.01,0.0,0.0,0.03,75.0,14.0,7.7,6.0
2007.0,0.16,0.06,0.0,0.03,0.25,86.0,23.0,6.9,23.0
2007.0,0.22,0.01,0.0,0.02,0.25,85.0,44.0,8.2,44.0
2008.0,0.45,0.01,0.0,0.04,0.5,88.0,41.0,8.4,61.0
2008.0,0.29,0.02,0.0,0.03,0.33,88.0,25.0,7.7,41.0
2008.0,0.0,0.02,0.0,0.0,0.02,62.0,6.0,4.1,30.0
2009.0,0.51,0.1,0.0,0.06,0.66,88.0,52.0,8.4,71.0
2009.0,0.38,0.12,0.0,0.07,0.57,88.0,35.0,7.9,40.0
2010.0,0.61,0.07,0.0,0.05,0.73,88.0,49.0,7.7,71.0
2010.0,0.4,0.12,0.0,0.07,0.59,88.0,38.0,7.1,54.0
2011.0,0.55,0.1,0.0,0.05,0.7,86.0,56.0,7.0,72.0
2011.0,0.36,0.15,0.0,0.07,0.58,86.0,33.0,7.5,52.0
2012.0,0.51,0.1,0.0,0.05,0.66,83.0,44.0,6.6,86.0
2012.0,0.33,0.21,0.0,0.09,0.64,84.0,22.0,6.8,60.0
2013.0,0.28,0.17,0.0,0.09,0.54,80.0,22.0,6.0,79.0
2013.0,0.4,0.09,0.0,0.05,0.54,81.0,30.0,5.9,92.0
2014.0,0.31,0.19,0.0,0.1,0.6,60.0,28.0,3.6,306.0
2014.0,0.31,0.06,0.0,0.04,0.41,59.0,22.0,3.2,180.0
2015.0,0.36,0.16,0.0,0.11,0.63,78.0,28.0,5.5,157.0
2015.0,0.38,0.05,0.0,0.05,0.48,80.0,18.0,6.0,81.0
2016.0,0.19,0.08,0.0,0.06,0.33,78.0,26.0,5.8,67.0
2016.0,0.2,0.01,0.0,0.03,0.24,77.0,23.0,4.0,38.0
2000.0,0.47,0.37,0.0,0.12,0.96,85.0,22.0,8.1,9.0
2000.0,0.35,0.24,0.0,0.04,0.63,88.0,10.0,7.7,7.0
2001.0,0.59,0.46,0.0,0.15,1.2,92.0,22.0,8.5,26.0
2001.0,0.2,0.06,0.0,0.01,0.27,89.0,17.0,8.8,5.0
2002.0,0.46,0.36,0.0,0.12,0.93,79.0,20.0,6.8,18.0
2002.0,0.15,0.04,0.0,0.01,0.21,80.0,12.0,7.9,12.0
2002.0,0.1,0.03,0.0,0.0,0.13,79.0,13.0,6.3,4.0
2003.0,0.47,0.37,0.0,0.12,0.97,85.0,19.0,7.6,53.0
2003.0,0.13,0.04,0.0,0.01,0.18,85.0,21.0,6.5,31.0
2003.0,0.08,0.02,0.0,0.0,0.1,85.0,18.0,8.4,7.0
2004.0,0.22,0.17,0.0,0.06,0.45,75.0,21.0,8.3,23.0
2004.0,0.12,0.03,0.0,0.01,0.16,77.0,27.0,6.2,11.0
2004.0,0.05,0.01,0.0,0.0,0.07,75.0,18.0,5.6,5.0
2009.0,0.32,0.01,0.0,0.03,0.35,79.0,8.0,6.8,16.0
2009.0,0.13,0.01,0.0,0.01,0.15,66.0,23.0,7.1,8.0
2009.0,0.11,0.02,0.0,0.01,0.15,69.0,31.0,7.9,15.0
2010.0,0.23,0.02,0.0,0.02,0.27,62.0,12.0,5.8,4.0
2002.0,0.1,0.08,0.0,0.03,0.21,89.0,25.0,7.8,17.0
2002.0,0.09,0.02,0.0,0.0,0.12,89.0,17.0,7.1,14.0
2002.0,0.01,0.0,0.0,0.0,0.02,89.0,11.0,7.0,6.0
2005.0,0.21,0.16,0.0,0.05,0.42,81.0,28.0,5.8,18.0
2005.0,0.16,0.05,0.0,0.01,0.21,83.0,32.0,7.5,26.0
2005.0,0.09,0.0,0.0,0.01,0.1,75.0,37.0,6.1,24.0
2006.0,0.11,0.0,0.0,0.01,0.12,79.0,24.0,6.6,5.0
2006.0,0.07,0.0,0.0,0.01,0.08,78.0,51.0,7.9,166.0
2007.0,0.11,0.01,0.0,0.01,0.13,71.0,43.0,7.4,16.0
2008.0,0.15,0.01,0.0,0.01,0.17,69.0,33.0,6.7,7.0
2008.0,0.06,0.0,0.0,0.0,0.06,65.0,11.0,5.4,19.0
2001.0,0.1,0.07,0.0,0.02,0.2,57.0,11.0,4.0,4.0
2001.0,0.28,0.22,0.0,0.07,0.56,78.0,18.0,7.6,8.0
2001.0,0.2,0.06,0.0,0.01,0.27,79.0,20.0,8.7,11.0
2001.0,0.16,0.04,0.0,0.01,0.21,79.0,13.0,8.7,7.0
2002.0,0.14,0.11,0.0,0.04,0.28,82.0,19.0,8.4,11.0
2002.0,0.08,0.02,0.0,0.0,0.11,81.0,19.0,8.5,13.0
2002.0,0.06,0.02,0.0,0.0,0.08,82.0,12.0,8.4,5.0
2003.0,0.09,0.07,0.0,0.02,0.19,79.0,23.0,8.9,13.0
2003.0,0.05,0.01,0.0,0.0,0.07,81.0,23.0,8.8,12.0
2003.0,0.08,0.02,0.0,0.0,0.11,65.0,39.0,8.8,20.0
2002.0,0.16,0.05,0.0,0.01,0.22,19.0,4.0,4.3,7.0
2007.0,0.4,0.0,0.0,0.03,0.43,60.0,4.0,6.0,8.0
2010.0,0.17,0.18,0.2,0.07,0.61,68.0,58.0,8.4,263.0
2010.0,0.13,0.1,0.04,0.02,0.29,67.0,60.0,8.3,126.0
2009.0,0.07,0.03,0.0,0.01,0.11,50.0,15.0,7.1,8.0
2002.0,0.1,0.03,0.0,0.0,0.13,61.0,27.0,5.7,7.0
2002.0,0.03,0.01,0.0,0.0,0.05,46.0,12.0,7.0,4.0
2007.0,0.32,0.02,0.04,0.03,0.41,69.0,47.0,8.5,55.0
2003.0,0.06,0.04,0.0,0.01,0.12,68.0,39.0,7.7,20.0
2015.0,0.03,0.02,0.0,0.01,0.06,67.0,40.0,7.6,71.0
2002.0,0.05,0.04,0.0,0.01,0.11,60.0,17.0,5.3,4.0
2009.0,0.14,0.14,0.02,0.03,0.33,68.0,65.0,6.8,55.0
2007.0,0.07,0.0,0.0,0.01,0.08,20.0,6.0,1.7,52.0
2004.0,0.92,0.2,0.07,0.04,1.23,91.0,89.0,8.8,152.0
2008.0,0.16,0.01,0.02,0.02,0.21,83.0,52.0,7.8,36.0
2012.0,0.19,0.09,0.11,0.05,0.43,58.0,43.0,5.0,152.0
2012.0,0.16,0.05,0.03,0.02,0.25,58.0,39.0,4.4,136.0
2005.0,0.07,0.02,0.0,0.0,0.09,94.0,32.0,8.7,121.0
2008.0,0.65,0.22,0.05,0.1,1.01,81.0,74.0,8.0,302.0
2007.0,0.57,0.32,0.09,0.16,1.14,88.0,46.0,7.5,155.0
2009.0,0.52,0.16,0.08,0.1,0.85,83.0,52.0,7.7,115.0
2008.0,0.11,0.0,0.0,0.01,0.12,49.0,26.0,6.0,11.0
2008.0,0.12,0.0,0.0,0.01,0.13,80.0,40.0,8.3,21.0
2011.0,0.6,0.47,0.21,0.23,1.51,85.0,89.0,8.6,984.0
2012.0,2.52,1.11,0.46,0.33,4.42,77.0,61.0,7.9,471.0
2008.0,0.11,0.01,0.0,0.01,0.13,49.0,22.0,7.1,7.0
2015.0,0.01,0.0,0.02,0.0,0.04,70.0,33.0,6.9,28.0
2006.0,0.04,0.03,0.0,0.01,0.09,76.0,8.0,8.0,7.0
2004.0,0.0,0.0,0.08,0.0,0.08,70.0,7.0,8.8,6.0
2014.0,0.03,0.0,0.0,0.01,0.04,80.0,20.0,8.1,46.0
2016.0,0.63,0.76,0.03,0.27,1.7,71.0,94.0,4.5,5096.0
2007.0,0.29,0.17,0.04,0.05,0.55,83.0,64.0,8.4,259.0
2010.0,0.1,0.04,0.04,0.02,0.19,72.0,38.0,7.3,38.0
2010.0,0.2,0.11,0.04,0.03,0.39,84.0,68.0,8.8,184.0
2008.0,0.16,0.0,0.02,0.01,0.19,72.0,36.0,7.6,19.0
2008.0,0.15,0.0,0.0,0.01,0.16,45.0,9.0,7.4,10.0
2008.0,0.1,0.01,0.0,0.01,0.12,44.0,9.0,7.3,9.0
2004.0,0.03,0.03,0.0,0.01,0.07,65.0,27.0,8.9,39.0
2004.0,0.03,0.01,0.0,0.0,0.04,66.0,29.0,8.4,9.0
2008.0,0.11,0.0,0.0,0.01,0.12,53.0,19.0,8.1,14.0
2009.0,0.05,0.03,0.0,0.01,0.09,66.0,25.0,8.2,20.0
2006.0,0.07,0.02,0.02,0.0,0.11,62.0,42.0,8.0,17.0
1998.0,0.55,0.38,0.0,0.06,0.99,88.0,13.0,9.1,69.0
1997.0,0.75,0.44,0.0,0.06,1.24,85.0,10.0,9.0,96.0
2001.0,0.54,0.16,0.0,0.03,0.73,80.0,30.0,8.7,32.0
2003.0,0.04,0.02,0.0,0.0,0.06,44.0,15.0,2.5,4.0
2005.0,0.19,0.06,0.0,0.01,0.26,88.0,65.0,9.1,58.0
2007.0,0.23,0.18,0.09,0.06,0.56,83.0,49.0,8.6,59.0
2016.0,0.07,0.04,0.07,0.02,0.2,87.0,49.0,8.2,178.0
2016.0,0.02,0.02,0.09,0.01,0.14,93.0,5.0,7.9,83.0
2011.0,0.0,0.03,0.0,0.0,0.04,60.0,10.0,6.4,17.0
2012.0,0.0,0.02,0.0,0.0,0.02,67.0,23.0,6.5,55.0
2001.0,0.14,0.11,0.08,0.04,0.36,70.0,23.0,8.5,14.0
2006.0,0.11,0.03,0.15,0.34,0.63,93.0,69.0,9.3,327.0
2008.0,0.43,0.09,0.04,0.05,0.6,90.0,44.0,8.9,236.0
2010.0,0.21,0.06,0.13,0.02,0.43,82.0,48.0,7.9,53.0
2014.0,0.0,0.0,0.02,0.0,0.02,58.0,22.0,7.1,81.0
2011.0,0.42,0.22,0.0,0.06,0.7,43.0,18.0,3.3,25.0
2006.0,0.11,0.01,0.0,0.01,0.13,39.0,39.0,6.4,55.0
2008.0,0.11,0.0,0.0,0.01,0.12,55.0,24.0,8.0,20.0
2014.0,0.14,0.03,0.04,0.04,0.24,57.0,40.0,6.5,72.0
2016.0,0.11,0.13,0.07,0.05,0.35,66.0,45.0,7.8,49.0
2016.0,0.0,0.02,0.07,0.0,0.1,62.0,4.0,7.8,10.0
2016.0,0.03,0.02,0.0,0.01,0.06,60.0,10.0,5.8,12.0
2012.0,0.01,0.23,0.86,0.08,1.18,64.0,33.0,6.5,55.0
2013.0,0.0,0.19,0.42,0.05,0.66,71.0,35.0,7.8,61.0
2015.0,0.09,0.22,0.1,0.06,0.46,74.0,34.0,7.4,118.0
2015.0,0.0,0.03,0.13,0.01,0.17,76.0,4.0,6.3,17.0
2007.0,0.07,0.0,0.11,0.01,0.19,67.0,17.0,8.5,32.0
2013.0,0.05,0.04,0.28,0.01,0.39,75.0,5.0,7.6,26.0
2014.0,0.09,0.1,0.06,0.04,0.28,71.0,28.0,7.3,46.0
2014.0,0.03,0.04,0.04,0.02,0.13,67.0,4.0,7.8,25.0
2014.0,0.0,0.04,0.02,0.0,0.06,66.0,11.0,7.8,43.0
2011.0,0.0,0.0,0.3,0.0,0.3,46.0,20.0,7.3,14.0
2001.0,0.26,0.2,0.0,0.07,0.53,69.0,24.0,7.8,22.0
2003.0,0.06,0.05,0.0,0.02,0.12,65.0,33.0,6.9,7.0
2006.0,0.15,0.12,0.34,0.04,0.64,81.0,45.0,8.9,62.0
2001.0,0.99,0.48,1.09,0.14,2.7,86.0,23.0,8.2,56.0
2002.0,0.62,0.44,1.06,0.13,2.25,84.0,31.0,9.0,52.0
2004.0,0.37,0.47,0.54,0.07,1.45,85.0,53.0,8.6,73.0
2003.0,0.06,0.02,0.0,0.0,0.08,64.0,21.0,8.7,7.0
2006.0,0.01,0.0,0.0,0.0,0.02,60.0,17.0,6.8,6.0
2006.0,0.1,0.0,0.0,0.01,0.11,59.0,15.0,7.3,9.0
2006.0,0.06,0.0,0.0,0.01,0.07,49.0,5.0,5.6,7.0
2007.0,0.06,0.0,0.0,0.0,0.07,65.0,16.0,6.3,4.0
2014.0,0.02,0.0,0.06,0.01,0.1,66.0,25.0,7.3,24.0
2007.0,0.07,0.0,0.0,0.01,0.07,46.0,22.0,7.0,21.0
2009.0,0.36,0.45,0.02,0.1,0.93,77.0,47.0,7.8,112.0
2009.0,0.23,0.46,0.05,0.17,0.91,76.0,42.0,6.5,53.0
2009.0,0.02,0.03,0.0,0.01,0.05,76.0,29.0,4.9,539.0
2005.0,0.03,0.01,0.0,0.0,0.04,64.0,24.0,8.3,27.0
2011.0,0.06,0.14,0.07,0.05,0.32,67.0,36.0,6.3,18.0
2011.0,0.1,0.14,0.01,0.03,0.28,69.0,64.0,6.1,29.0
2011.0,0.01,0.04,0.0,0.01,0.07,67.0,25.0,4.9,103.0
2007.0,0.08,0.0,0.01,0.01,0.1,65.0,33.0,7.7,14.0
2009.0,0.0,0.01,0.0,0.0,0.02,69.0,39.0,7.3,73.0
2014.0,0.0,0.0,0.15,0.0,0.15,78.0,26.0,8.0,84.0
2000.0,0.15,0.12,0.0,0.04,0.31,54.0,15.0,5.8,8.0
2002.0,0.08,0.02,0.03,0.0,0.13,80.0,40.0,8.5,28.0
2003.0,0.04,0.01,0.0,0.0,0.05,79.0,43.0,8.3,12.0
2002.0,0.22,0.06,0.0,0.01,0.29,72.0,23.0,6.9,9.0
2005.0,0.03,0.01,0.0,0.0,0.04,66.0,45.0,7.7,6.0
2003.0,0.19,0.06,0.0,0.01,0.26,77.0,33.0,8.4,7.0
2006.0,0.02,0.01,0.01,0.0,0.05,81.0,42.0,8.8,17.0
2006.0,0.03,0.01,0.0,0.0,0.04,82.0,31.0,8.1,14.0
2006.0,0.19,0.01,0.0,0.02,0.21,49.0,36.0,6.0,49.0
2007.0,0.34,0.03,0.01,0.03,0.4,76.0,47.0,8.3,70.0
2007.0,0.0,0.02,0.0,0.0,0.02,81.0,27.0,8.1,220.0
2009.0,0.11,0.22,0.0,0.04,0.37,68.0,30.0,7.9,15.0
2009.0,0.07,0.0,0.0,0.01,0.07,58.0,22.0,5.5,4.0
2008.0,0.07,0.03,0.0,0.02,0.12,72.0,35.0,7.7,27.0
2009.0,0.15,0.14,0.0,0.03,0.32,75.0,60.0,7.2,46.0
2009.0,0.11,0.15,0.0,0.06,0.32,72.0,42.0,7.6,24.0
2009.0,0.0,0.03,0.0,0.0,0.03,79.0,32.0,8.1,159.0
2006.0,0.45,0.02,0.0,0.07,0.54,58.0,29.0,8.6,10.0
2006.0,0.27,0.07,0.0,0.01,0.35,61.0,21.0,9.3,6.0
2006.0,0.24,0.01,0.0,0.02,0.27,71.0,17.0,6.4,9.0
2016.0,0.81,0.85,0.15,0.33,2.14,90.0,31.0,6.1,1358.0
2016.0,0.63,0.33,0.0,0.1,1.06,91.0,18.0,5.6,668.0
2016.0,0.25,0.24,0.0,0.04,0.53,91.0,62.0,6.8,4052.0
2002.0,0.04,0.03,0.0,0.01,0.08,71.0,12.0,6.6,5.0
2013.0,0.03,0.03,0.0,0.01,0.08,51.0,6.0,3.1,7.0
2013.0,0.04,0.03,0.0,0.01,0.08,49.0,7.0,5.1,13.0
2013.0,0.03,0.01,0.0,0.0,0.05,58.0,9.0,6.5,16.0
2014.0,0.05,0.04,0.0,0.01,0.11,60.0,7.0,6.5,10.0
2014.0,0.05,0.03,0.0,0.02,0.09,59.0,11.0,6.3,4.0
2001.0,2.07,0.77,0.05,0.05,2.94,79.0,13.0,7.8,4.0
2001.0,0.25,0.2,0.0,0.07,0.51,47.0,14.0,6.3,7.0
2010.0,0.47,0.08,0.01,0.04,0.61,59.0,14.0,5.9,8.0
2011.0,0.09,0.04,0.0,0.01,0.15,43.0,11.0,5.4,11.0
2002.0,1.26,0.05,0.0,0.21,1.51,73.0,19.0,7.8,26.0
2002.0,0.28,0.07,0.0,0.01,0.37,74.0,18.0,8.3,19.0
2005.0,0.1,0.08,0.0,0.03,0.21,63.0,22.0,5.2,13.0
2005.0,0.07,0.02,0.0,0.0,0.09,66.0,17.0,7.3,10.0
2005.0,0.07,0.0,0.0,0.01,0.07,61.0,9.0,6.0,4.0
2006.0,0.06,0.02,0.0,0.0,0.08,57.0,10.0,7.8,4.0
2006.0,0.01,0.01,0.0,0.0,0.02,54.0,20.0,7.4,5.0
2005.0,0.16,0.0,0.1,0.01,0.27,71.0,41.0,7.1,7.0
2004.0,0.0,0.02,0.0,0.0,0.02,81.0,62.0,8.1,284.0
2006.0,0.03,0.01,0.0,0.0,0.04,68.0,33.0,7.4,16.0
2011.0,0.11,0.1,0.08,0.02,0.31,73.0,48.0,8.0,99.0
2009.0,0.09,0.0,0.04,0.01,0.14,77.0,16.0,7.0,13.0
2002.0,0.16,0.05,0.04,0.01,0.26,90.0,41.0,8.5,64.0
2016.0,0.2,0.14,0.05,0.03,0.42,75.0,72.0,6.8,208.0
2012.0,1.12,0.41,0.64,0.14,2.3,75.0,69.0,5.6,382.0
2004.0,1.48,0.25,0.46,0.06,2.25,87.0,55.0,9.4,306.0
1996.0,0.26,0.16,1.46,0.03,1.92,92.0,15.0,7.4,48.0
2006.0,0.11,0.0,0.02,0.02,0.14,67.0,43.0,5.2,16.0
2001.0,0.07,0.05,0.0,0.02,0.14,67.0,26.0,6.6,26.0
1998.0,0.94,0.07,1.05,0.04,2.1,81.0,17.0,8.9,89.0
1999.0,0.32,0.22,0.0,0.04,0.58,79.0,14.0,9.0,77.0
2006.0,0.0,0.02,0.0,0.0,0.02,71.0,29.0,8.3,23.0
2005.0,0.08,0.02,0.0,0.0,0.1,70.0,52.0,7.4,19.0
2001.0,0.08,0.06,0.0,0.02,0.15,36.0,6.0,3.9,15.0
2007.0,0.33,0.25,0.07,0.16,0.81,86.0,60.0,8.7,102.0
2008.0,0.0,0.03,0.06,0.01,0.1,81.0,49.0,8.3,62.0
2011.0,0.05,0.03,0.17,0.02,0.27,74.0,41.0,7.2,35.0
2010.0,0.03,0.0,0.0,0.0,0.04,66.0,18.0,6.4,34.0
2013.0,0.33,0.19,0.0,0.05,0.57,75.0,18.0,6.3,203.0
2013.0,0.22,0.14,0.0,0.08,0.43,74.0,12.0,6.2,181.0
2013.0,0.04,0.0,0.0,0.01,0.05,79.0,51.0,3.4,3558.0
2008.0,0.02,0.21,0.0,0.01,0.24,51.0,18.0,5.4,7.0
2009.0,0.11,0.0,0.0,0.01,0.12,84.0,17.0,8.2,21.0
2008.0,0.0,0.01,0.0,0.0,0.02,76.0,15.0,8.1,24.0
2010.0,0.22,0.01,0.0,0.02,0.24,56.0,6.0,6.9,12.0
2005.0,0.66,0.02,0.03,0.06,0.77,81.0,75.0,7.3,229.0
2000.0,0.03,0.02,0.28,0.02,0.35,83.0,11.0,8.4,25.0
2012.0,0.3,0.11,0.24,0.07,0.73,86.0,47.0,7.7,180.0
2012.0,0.08,0.01,0.03,0.01,0.13,83.0,21.0,7.3,60.0
2014.0,0.0,0.0,0.13,0.0,0.14,84.0,38.0,8.1,85.0
2014.0,0.06,0.01,0.0,0.01,0.08,85.0,15.0,7.4,35.0
2015.0,0.09,0.04,0.15,0.04,0.32,76.0,51.0,8.6,83.0
2012.0,0.36,0.23,0.38,0.15,1.12,93.0,61.0,9.2,1228.0
2006.0,0.9,1.0,1.03,0.17,3.11,81.0,12.0,7.8,10.0
2014.0,0.34,0.07,0.27,0.04,0.72,83.0,56.0,8.1,169.0
2005.0,0.71,1.02,0.0,0.31,2.04,82.0,41.0,8.2,68.0
2005.0,0.34,0.17,0.0,0.02,0.53,82.0,43.0,8.5,11.0
2005.0,0.2,0.03,0.0,0.02,0.26,80.0,57.0,7.5,79.0
2005.0,0.19,0.05,0.0,0.01,0.24,81.0,30.0,8.3,8.0
2005.0,0.16,0.01,0.0,0.02,0.19,56.0,10.0,6.4,22.0
2005.0,0.12,0.0,0.0,0.01,0.13,28.0,5.0,3.2,32.0
2002.0,0.08,0.03,0.0,0.0,0.11,76.0,20.0,8.1,7.0
2000.0,0.0,0.0,0.2,0.0,0.2,89.0,21.0,9.1,33.0
2003.0,0.06,0.02,0.0,0.0,0.08,71.0,24.0,8.2,13.0
2001.0,0.0,0.0,0.19,0.0,0.19,80.0,10.0,8.9,18.0
2008.0,0.19,0.06,0.63,0.05,0.94,64.0,38.0,7.8,19.0
2009.0,0.08,0.11,0.62,0.06,0.87,69.0,27.0,8.1,35.0
2006.0,0.0,0.0,0.19,0.0,0.19,68.0,18.0,8.5,23.0
2006.0,0.09,0.01,0.0,0.01,0.12,64.0,34.0,7.4,42.0
2004.0,0.07,0.05,0.0,0.02,0.14,81.0,40.0,7.9,22.0
2010.0,0.06,0.0,0.03,0.01,0.09,65.0,16.0,7.3,11.0
2009.0,0.12,0.0,0.01,0.01,0.13,76.0,12.0,7.1,15.0
2002.0,0.03,0.01,0.01,0.0,0.05,74.0,23.0,8.3,14.0
2004.0,0.08,0.02,0.0,0.0,0.11,81.0,37.0,8.5,35.0
2009.0,1.32,0.37,0.0,0.15,1.84,80.0,4.0,4.5,8.0
2011.0,0.35,0.18,0.0,0.05,0.57,76.0,4.0,8.3,6.0
2011.0,0.15,0.11,0.0,0.05,0.32,63.0,13.0,6.6,9.0
2005.0,0.44,0.05,0.39,0.05,0.92,81.0,53.0,9.2,203.0
2014.0,0.0,0.0,0.02,0.0,0.02,81.0,34.0,9.0,76.0
2009.0,0.28,0.03,0.16,0.02,0.49,83.0,35.0,8.4,33.0
2007.0,0.17,0.02,0.3,0.02,0.5,83.0,33.0,8.7,36.0
2003.0,0.04,0.01,0.0,0.0,0.05,70.0,4.0,8.0,5.0
2001.0,0.78,0.25,0.56,0.04,1.63,89.0,39.0,8.7,121.0
2004.0,0.48,0.13,0.56,0.03,1.2,90.0,54.0,9.1,137.0
2013.0,0.44,0.32,0.29,0.07,1.11,87.0,79.0,8.7,664.0
2014.0,0.0,0.02,0.0,0.0,0.02,89.0,71.0,8.3,2191.0
2011.0,0.4,0.36,0.13,0.07,0.95,71.0,64.0,7.4,88.0
2006.0,0.1,0.0,0.0,0.01,0.11,38.0,14.0,3.8,29.0
2008.0,0.1,0.0,0.0,0.01,0.11,26.0,4.0,3.8,8.0
2005.0,0.2,0.01,0.0,0.02,0.23,73.0,27.0,8.1,13.0
2008.0,0.41,0.03,0.0,0.04,0.47,82.0,16.0,8.8,36.0
2009.0,0.2,0.0,0.0,0.02,0.22,82.0,16.0,7.9,8.0
2009.0,0.11,0.0,0.0,0.01,0.12,83.0,18.0,8.3,16.0
2011.0,0.09,0.0,0.0,0.01,0.1,67.0,5.0,7.3,8.0
2004.0,0.1,0.0,0.0,0.01,0.11,28.0,17.0,3.9,26.0
2006.0,0.01,0.01,0.0,0.0,0.02,42.0,4.0,7.0,5.0
2002.0,0.07,0.05,0.0,0.02,0.14,72.0,24.0,7.9,8.0
2008.0,0.0,0.01,0.0,0.0,0.02,76.0,30.0,7.6,61.0
2003.0,0.22,0.06,0.0,0.01,0.29,65.0,30.0,7.4,27.0
2007.0,0.17,0.41,0.0,0.15,0.73,55.0,24.0,6.9,19.0
2007.0,0.39,0.02,0.01,0.04,0.45,53.0,17.0,7.2,17.0
2007.0,0.15,0.17,0.0,0.1,0.42,61.0,5.0,7.0,11.0
2007.0,0.2,0.16,0.0,0.05,0.42,54.0,10.0,7.0,10.0
2007.0,0.29,0.02,0.0,0.03,0.34,58.0,42.0,5.3,21.0
2006.0,0.33,0.12,0.0,0.01,0.47,70.0,8.0,5.6,5.0
2006.0,0.25,0.0,0.0,0.02,0.28,52.0,34.0,8.0,17.0
2006.0,0.23,0.01,0.0,0.02,0.26,63.0,11.0,8.6,7.0
2003.0,0.93,0.34,0.0,0.02,1.29,49.0,10.0,6.2,5.0
2006.0,0.12,0.09,0.0,0.03,0.25,51.0,32.0,7.5,13.0
2004.0,0.1,0.08,0.0,0.03,0.2,70.0,34.0,8.9,12.0
2004.0,0.06,0.02,0.0,0.0,0.08,73.0,25.0,8.6,8.0
2004.0,0.05,0.01,0.0,0.0,0.07,73.0,35.0,7.8,4.0
2010.0,0.11,0.0,0.0,0.01,0.12,86.0,27.0,7.9,32.0
1998.0,0.01,0.02,0.0,0.0,0.03,91.0,22.0,9.2,813.0
2009.0,0.17,0.01,0.0,0.02,0.2,53.0,6.0,5.8,4.0
2007.0,0.14,0.01,0.16,0.01,0.33,86.0,25.0,8.2,15.0
2009.0,0.0,0.04,0.0,0.01,0.05,87.0,41.0,8.9,891.0
2010.0,0.24,0.0,0.0,0.02,0.26,89.0,27.0,8.2,160.0
2011.0,0.9,0.12,0.0,0.08,1.1,81.0,23.0,7.4,29.0
2011.0,0.18,0.0,0.0,0.02,0.2,85.0,8.0,7.9,60.0
2014.0,0.51,0.47,0.0,0.09,1.08,69.0,6.0,7.3,121.0
2014.0,0.39,0.23,0.0,0.06,0.69,76.0,65.0,7.4,438.0
2014.0,0.21,0.29,0.01,0.1,0.61,75.0,23.0,7.6,259.0
2014.0,0.0,0.02,0.0,0.0,0.02,78.0,11.0,7.8,186.0
2016.0,0.2,0.21,0.0,0.08,0.49,81.0,29.0,7.7,111.0
2016.0,0.29,0.15,0.0,0.04,0.48,80.0,64.0,8.1,79.0
2016.0,0.0,0.04,0.0,0.0,0.05,82.0,6.0,7.5,44.0
2005.0,0.1,0.08,0.0,0.03,0.2,59.0,33.0,7.5,18.0
2005.0,0.07,0.02,0.0,0.0,0.09,61.0,43.0,4.1,9.0
2012.0,0.5,0.27,0.04,0.15,0.95,74.0,69.0,7.3,540.0
2012.0,0.21,0.14,0.01,0.09,0.45,75.0,15.0,7.5,221.0
2011.0,0.08,0.06,0.0,0.03,0.17,53.0,39.0,6.1,16.0
2016.0,0.06,0.14,0.02,0.04,0.25,59.0,48.0,7.1,73.0
2000.0,0.01,0.01,0.0,0.0,0.02,78.0,5.0,8.4,5.0
2014.0,0.18,0.12,0.16,0.03,0.49,76.0,22.0,7.7,19.0
2006.0,0.78,0.37,0.3,0.13,1.58,53.0,34.0,6.7,106.0
2003.0,0.24,0.06,0.07,0.01,0.38,55.0,21.0,6.0,22.0
2003.0,1.21,0.57,0.7,0.07,2.54,73.0,37.0,8.0,89.0
2012.0,0.56,0.05,0.37,0.04,1.02,80.0,40.0,8.2,89.0
2004.0,0.21,0.14,0.38,0.04,0.77,46.0,28.0,5.9,34.0
2004.0,2.57,1.58,2.06,0.21,6.41,76.0,28.0,9.0,222.0
2005.0,1.15,0.04,0.83,0.0,2.02,62.0,34.0,8.1,97.0
2009.0,0.57,0.43,0.44,0.12,1.56,54.0,26.0,9.0,133.0
2012.0,0.44,0.29,0.47,0.07,1.27,59.0,46.0,6.3,134.0
2008.0,2.76,1.72,2.69,0.54,7.72,83.0,46.0,8.5,203.0
2006.0,1.28,0.03,0.73,0.12,2.15,69.0,21.0,7.6,50.0
2010.0,0.5,0.16,0.58,0.05,1.29,68.0,25.0,8.2,25.0
2008.0,0.94,0.53,0.62,0.18,2.28,68.0,24.0,8.2,27.0
2011.0,0.47,0.26,0.35,0.07,1.14,56.0,36.0,7.1,50.0
2015.0,0.0,0.01,0.08,0.0,0.09,58.0,16.0,6.4,69.0
2015.0,0.48,0.35,0.34,0.08,1.25,69.0,44.0,8.8,190.0
2005.0,0.71,0.19,0.31,0.03,1.25,64.0,27.0,8.3,74.0
2011.0,0.26,0.19,0.27,0.04,0.75,60.0,18.0,7.0,27.0
2009.0,0.53,0.16,0.42,0.06,1.17,62.0,22.0,7.2,36.0
2016.0,0.5,0.26,0.17,0.08,1.01,76.0,74.0,8.0,273.0
2004.0,0.13,0.01,0.11,0.01,0.26,73.0,34.0,8.4,17.0
2007.0,0.0,0.04,0.0,0.01,0.04,67.0,8.0,6.6,12.0
2009.0,0.04,0.0,0.0,0.0,0.05,62.0,5.0,5.3,4.0
2007.0,0.04,0.0,0.0,0.0,0.05,32.0,13.0,0.7,6.0
2005.0,0.02,0.01,0.0,0.0,0.03,48.0,9.0,4.2,5.0
2005.0,0.05,0.0,0.0,0.0,0.06,66.0,41.0,7.4,17.0
2011.0,1.41,0.49,0.01,0.17,2.08,95.0,66.0,8.5,997.0
2011.0,0.83,0.6,0.02,0.24,1.7,95.0,54.0,8.4,937.0
2011.0,0.33,0.32,0.0,0.1,0.76,95.0,52.0,8.8,5999.0
2001.0,0.06,0.05,0.0,0.02,0.13,53.0,18.0,6.7,6.0
2004.0,0.0,0.03,0.0,0.01,0.04,75.0,20.0,7.7,40.0
2003.0,0.0,0.01,0.0,0.0,0.02,71.0,25.0,8.0,28.0
2004.0,0.01,0.0,0.0,0.0,0.01,69.0,12.0,7.0,9.0
2010.0,0.13,0.0,0.0,0.01,0.14,36.0,10.0,0.5,4.0
2010.0,0.11,0.0,0.0,0.01,0.12,36.0,20.0,2.1,17.0
2004.0,0.35,0.27,0.0,0.09,0.71,49.0,6.0,6.2,5.0
2003.0,0.24,0.09,0.0,0.01,0.33,55.0,4.0,7.8,6.0
2002.0,0.15,0.05,0.0,0.0,0.21,55.0,4.0,6.9,8.0
2006.0,0.08,0.0,0.0,0.01,0.1,74.0,34.0,6.8,6.0
2011.0,0.18,0.09,0.0,0.03,0.3,61.0,13.0,7.5,10.0
2006.0,0.04,0.0,0.0,0.0,0.05,74.0,19.0,7.8,6.0
2003.0,0.0,0.04,0.0,0.0,0.04,78.0,23.0,8.2,38.0
2005.0,0.1,0.07,0.0,0.03,0.2,47.0,14.0,8.8,76.0
2005.0,0.07,0.02,0.0,0.0,0.1,46.0,17.0,8.0,10.0
2006.0,0.27,0.03,0.0,0.03,0.32,79.0,80.0,7.3,117.0
2003.0,0.15,0.11,0.0,0.04,0.3,73.0,19.0,8.6,7.0
2003.0,0.21,0.17,0.0,0.06,0.43,73.0,36.0,8.6,53.0
2008.0,0.47,0.4,0.03,0.17,1.07,85.0,59.0,7.3,245.0
2008.0,0.54,0.34,0.02,0.1,1.01,81.0,73.0,7.0,189.0
2007.0,0.24,0.02,0.0,0.02,0.29,70.0,30.0,7.7,21.0
2007.0,0.08,0.02,0.0,0.01,0.11,74.0,16.0,8.2,19.0
2008.0,0.06,0.0,0.0,0.0,0.07,64.0,24.0,6.0,9.0
2010.0,0.19,0.36,0.01,0.12,0.69,75.0,49.0,7.6,120.0
2010.0,0.3,0.26,0.0,0.06,0.62,74.0,69.0,7.8,112.0
2010.0,0.09,0.18,0.01,0.1,0.37,65.0,10.0,7.4,14.0
2010.0,0.1,0.11,0.0,0.02,0.23,77.0,24.0,8.1,31.0
2010.0,0.14,0.01,0.0,0.01,0.15,57.0,7.0,6.3,6.0
2010.0,0.0,0.03,0.0,0.0,0.03,75.0,16.0,6.6,218.0
2003.0,0.88,1.03,0.0,0.31,2.22,92.0,44.0,8.8,204.0
2003.0,0.57,0.33,0.0,0.04,0.94,92.0,41.0,7.8,72.0
2003.0,0.25,0.06,0.0,0.01,0.32,92.0,33.0,8.4,41.0
2003.0,0.11,0.04,0.0,0.0,0.15,75.0,25.0,8.8,5.0
2005.0,0.57,0.02,0.0,0.09,0.68,85.0,46.0,8.5,111.0
2005.0,0.33,0.22,0.0,0.03,0.58,85.0,46.0,8.4,28.0
2005.0,0.11,0.03,0.0,0.0,0.15,84.0,34.0,8.1,22.0
2004.0,0.54,0.88,0.0,0.22,1.64,83.0,51.0,8.5,120.0
2004.0,0.48,0.28,0.0,0.04,0.8,83.0,55.0,7.5,35.0
2004.0,0.15,0.04,0.0,0.01,0.2,83.0,31.0,8.6,20.0
2008.0,0.1,0.0,0.0,0.01,0.1,71.0,6.0,7.4,7.0
2008.0,0.03,0.0,0.05,0.01,0.09,72.0,45.0,7.0,41.0
2016.0,0.01,0.01,0.0,0.01,0.03,80.0,18.0,8.0,19.0
2016.0,0.01,0.0,0.0,0.0,0.01,74.0,13.0,6.7,7.0
2010.0,0.05,0.15,0.0,0.05,0.25,42.0,33.0,3.8,20.0
2010.0,0.07,0.11,0.0,0.02,0.21,40.0,37.0,4.7,19.0
2016.0,0.0,0.03,0.0,0.0,0.03,64.0,6.0,4.8,5.0
2007.0,0.05,0.0,0.64,2.93,3.63,82.0,10.0,7.9,38.0
2007.0,0.04,1.1,0.32,0.13,1.59,74.0,19.0,6.1,47.0
2007.0,0.08,0.9,0.04,0.05,1.07,76.0,29.0,7.8,36.0
2008.0,0.09,0.84,0.11,0.15,1.19,83.0,19.0,8.4,43.0
2008.0,0.02,0.53,0.19,0.25,0.98,80.0,17.0,6.8,11.0
2009.0,0.3,1.27,0.46,0.26,2.28,78.0,42.0,6.7,76.0
2009.0,0.12,0.58,0.03,0.08,0.81,78.0,34.0,7.6,29.0
2009.0,0.09,0.33,0.2,0.18,0.8,72.0,9.0,4.6,5.0
2009.0,0.12,0.27,0.06,0.05,0.51,82.0,13.0,8.4,17.0
2009.0,0.0,0.01,0.0,0.0,0.01,78.0,8.0,6.9,49.0
2010.0,0.29,1.17,0.54,0.41,2.41,77.0,40.0,6.8,85.0
2010.0,0.05,0.3,0.29,0.16,0.79,74.0,10.0,5.8,5.0
2010.0,0.09,0.44,0.0,0.07,0.61,79.0,43.0,5.9,33.0
2010.0,0.07,0.1,0.03,0.02,0.22,78.0,9.0,5.4,7.0
2011.0,0.11,0.13,0.11,0.02,0.38,73.0,43.0,6.7,18.0
2011.0,0.34,0.96,0.55,0.33,2.19,80.0,41.0,6.6,132.0
2011.0,0.1,0.11,0.29,0.06,0.57,74.0,4.0,6.3,8.0
2011.0,0.1,0.34,0.0,0.07,0.5,78.0,36.0,6.6,55.0
2011.0,0.08,0.08,0.03,0.02,0.21,79.0,9.0,7.0,12.0
2011.0,0.0,0.07,0.0,0.02,0.09,77.0,13.0,6.4,88.0
2012.0,0.18,0.63,0.49,0.24,1.53,82.0,37.0,6.7,146.0
2012.0,0.08,0.2,0.0,0.03,0.31,82.0,33.0,6.9,77.0
2012.0,0.0,0.07,0.0,0.01,0.08,80.0,8.0,6.9,182.0
2013.0,0.03,0.41,0.51,0.0,0.95,78.0,39.0,4.1,303.0
2013.0,0.07,0.15,0.0,0.02,0.24,80.0,23.0,4.3,113.0
2013.0,0.0,0.1,0.0,0.01,0.1,74.0,9.0,4.4,239.0
2014.0,0.09,0.45,0.11,0.1,0.75,82.0,56.0,7.2,386.0
2014.0,0.03,0.1,0.0,0.01,0.14,79.0,9.0,7.3,65.0
2014.0,0.0,0.06,0.0,0.0,0.06,82.0,8.0,5.8,173.0
2015.0,0.13,0.42,0.13,0.1,0.79,87.0,54.0,7.1,680.0
2015.0,0.04,0.06,0.0,0.01,0.11,85.0,14.0,6.2,144.0
2015.0,0.0,0.04,0.0,0.0,0.04,76.0,12.0,4.3,286.0
2016.0,0.02,0.27,0.11,0.05,0.45,85.0,61.0,7.6,478.0
2016.0,0.01,0.03,0.0,0.0,0.05,87.0,12.0,6.1,84.0
2016.0,0.0,0.02,0.0,0.0,0.02,69.0,9.0,3.7,137.0
2008.0,0.04,0.12,0.0,0.02,0.17,63.0,12.0,7.7,7.0
2013.0,0.0,0.48,0.25,0.03,0.75,81.0,58.0,7.9,86.0
2007.0,1.21,2.43,1.03,0.52,5.19,85.0,72.0,8.6,147.0
2007.0,0.9,1.76,0.92,0.37,3.94,84.0,65.0,8.8,72.0
2009.0,0.28,1.39,0.68,0.32,2.67,83.0,58.0,8.7,52.0
2008.0,0.6,1.57,0.82,0.27,3.26,86.0,62.0,9.2,111.0
2012.0,0.2,0.26,0.3,0.04,0.8,79.0,69.0,8.5,99.0
2004.0,0.02,0.0,0.0,0.0,0.02,62.0,11.0,9.1,9.0
2005.0,0.1,0.08,0.0,0.03,0.21,78.0,54.0,8.3,23.0
2005.0,0.08,0.02,0.0,0.0,0.11,79.0,44.0,7.0,10.0
2015.0,0.2,0.7,0.02,0.16,1.09,83.0,37.0,6.6,363.0
2015.0,0.11,0.13,0.0,0.02,0.26,81.0,16.0,5.8,135.0
2015.0,0.0,0.12,0.0,0.01,0.13,83.0,48.0,7.1,418.0
2001.0,0.04,0.03,0.0,0.01,0.09,71.0,20.0,7.8,8.0
2001.0,1.37,0.61,0.05,0.09,2.12,85.0,35.0,8.2,28.0
2014.0,0.11,0.05,0.0,0.02,0.17,73.0,26.0,7.0,151.0
2006.0,0.12,0.01,0.02,0.01,0.15,64.0,45.0,8.6,24.0
2012.0,0.18,0.04,0.15,0.02,0.39,70.0,53.0,7.3,146.0
2002.0,0.13,0.1,0.0,0.03,0.27,81.0,22.0,8.5,20.0
2003.0,0.03,0.01,0.0,0.0,0.04,80.0,17.0,7.5,4.0
2016.0,0.01,0.0,0.0,0.0,0.02,48.0,4.0,2.0,53.0
2016.0,0.01,0.0,0.0,0.0,0.01,56.0,4.0,3.1,14.0
2002.0,0.06,0.05,0.0,0.02,0.12,59.0,8.0,5.2,6.0
2004.0,0.14,0.11,0.0,0.04,0.29,84.0,46.0,8.9,27.0
2004.0,0.13,0.04,0.0,0.01,0.17,84.0,55.0,7.9,18.0
2005.0,0.09,0.03,0.0,0.0,0.12,88.0,54.0,9.0,71.0
2005.0,0.05,0.04,0.0,0.01,0.09,86.0,33.0,8.7,61.0
2016.0,0.03,0.0,0.0,0.01,0.04,72.0,26.0,8.3,19.0
2016.0,0.0,0.01,0.01,0.0,0.02,64.0,11.0,7.3,10.0
2007.0,0.07,0.0,0.0,0.01,0.08,73.0,17.0,4.2,5.0
2003.0,0.01,0.0,0.0,0.0,0.02,24.0,7.0,2.8,17.0
2005.0,0.03,0.02,0.0,0.01,0.06,73.0,28.0,8.4,11.0
2005.0,0.01,0.0,0.0,0.0,0.02,74.0,9.0,7.5,4.0
2013.0,0.11,0.08,0.02,0.04,0.26,80.0,75.0,8.5,236.0
2008.0,1.38,0.84,0.0,0.25,2.47,85.0,55.0,7.7,83.0
2008.0,0.42,0.33,0.0,0.14,0.89,83.0,43.0,7.8,30.0
2010.0,0.06,0.13,0.0,0.04,0.24,46.0,12.0,7.5,30.0
2010.0,0.08,0.08,0.0,0.02,0.18,38.0,20.0,7.9,29.0
2004.0,0.03,0.01,0.0,0.0,0.04,68.0,11.0,8.5,6.0
2007.0,0.18,0.35,0.0,0.02,0.55,67.0,4.0,6.8,6.0
2005.0,0.14,0.01,0.0,0.01,0.16,75.0,59.0,7.8,26.0
2007.0,0.07,0.06,0.0,0.03,0.17,73.0,44.0,7.6,11.0
2011.0,0.07,0.01,0.0,0.01,0.09,70.0,4.0,7.0,4.0
2013.0,0.06,0.07,0.0,0.03,0.16,38.0,8.0,2.9,52.0
2007.0,0.12,0.0,0.0,0.01,0.13,41.0,5.0,6.3,4.0
2009.0,0.12,0.0,0.0,0.01,0.13,64.0,12.0,6.3,4.0
2007.0,0.28,0.0,0.03,0.02,0.34,82.0,41.0,8.7,32.0
2007.0,0.26,0.0,0.0,0.02,0.29,71.0,17.0,6.2,5.0
2007.0,0.06,0.05,0.0,0.02,0.12,78.0,11.0,7.0,6.0
2007.0,0.01,0.0,0.0,0.0,0.02,84.0,32.0,8.0,19.0
2009.0,0.14,0.0,0.0,0.01,0.15,75.0,33.0,6.7,6.0
2010.0,0.1,0.0,0.0,0.01,0.11,74.0,27.0,5.8,11.0
2005.0,0.32,0.02,0.0,0.03,0.37,75.0,52.0,6.7,80.0
2005.0,0.0,0.02,0.0,0.0,0.02,81.0,62.0,7.6,281.0
2001.0,0.1,0.08,0.0,0.03,0.21,84.0,18.0,7.2,11.0
2016.0,0.3,0.2,0.01,0.05,0.56,77.0,106.0,6.8,1659.0
2016.0,0.0,0.01,0.0,0.0,0.02,66.0,14.0,4.3,539.0
2002.0,0.09,0.03,0.0,0.0,0.13,70.0,21.0,8.1,15.0
2010.0,0.05,0.09,0.02,0.03,0.19,43.0,34.0,5.3,21.0
2010.0,0.06,0.02,0.0,0.01,0.09,37.0,39.0,3.6,31.0
2003.0,0.14,0.11,0.0,0.04,0.28,66.0,35.0,6.2,5.0
2010.0,0.18,0.22,0.02,0.08,0.5,76.0,37.0,7.3,50.0
2010.0,0.04,0.19,0.0,0.04,0.27,76.0,33.0,8.1,176.0
2010.0,0.12,0.11,0.0,0.02,0.27,78.0,45.0,7.0,38.0
1998.0,0.68,0.46,0.79,0.13,2.06,88.0,18.0,9.2,21.0
2009.0,0.25,0.74,0.0,0.14,1.12,78.0,50.0,8.3,32.0
2012.0,0.01,0.01,0.0,0.0,0.03,52.0,26.0,5.2,29.0
2006.0,0.03,0.0,0.0,0.0,0.03,81.0,16.0,8.5,6.0
2009.0,0.0,0.03,0.0,0.01,0.03,73.0,14.0,8.2,20.0
2009.0,0.06,0.09,0.0,0.02,0.17,72.0,54.0,7.0,60.0
2004.0,0.04,0.02,0.0,0.0,0.06,83.0,17.0,8.9,9.0
2010.0,0.11,0.17,0.0,0.06,0.34,45.0,17.0,4.3,8.0
2010.0,0.13,0.09,0.0,0.02,0.24,51.0,8.0,8.6,15.0
2010.0,0.19,0.0,0.09,0.01,0.29,85.0,30.0,9.0,81.0
2005.0,0.18,0.14,0.29,0.05,0.65,74.0,36.0,9.0,54.0
2011.0,0.82,0.6,0.03,0.15,1.6,81.0,77.0,6.7,559.0
2011.0,0.47,0.58,0.06,0.2,1.31,81.0,37.0,6.2,353.0
2011.0,0.14,0.18,0.0,0.06,0.37,79.0,32.0,5.2,1618.0
2008.0,0.1,0.0,0.11,0.01,0.22,53.0,19.0,5.8,17.0
2012.0,0.2,0.01,0.16,0.03,0.4,66.0,21.0,7.8,111.0
2008.0,0.06,0.02,0.0,0.01,0.08,73.0,11.0,7.5,12.0
2008.0,0.1,0.0,0.01,0.01,0.12,63.0,4.0,7.8,10.0
2003.0,0.0,0.03,0.0,0.0,0.04,80.0,19.0,7.7,57.0
2007.0,0.0,0.01,0.0,0.0,0.01,72.0,13.0,6.9,24.0
2002.0,0.39,0.16,0.0,0.02,0.57,87.0,32.0,8.3,19.0
2004.0,0.18,0.08,0.0,0.01,0.27,87.0,69.0,9.1,33.0
2006.0,0.31,0.08,0.0,0.01,0.4,57.0,24.0,6.7,6.0
2006.0,0.18,0.14,0.0,0.05,0.37,51.0,34.0,7.0,15.0
2006.0,0.19,0.01,0.0,0.02,0.21,46.0,21.0,5.6,19.0
2011.0,0.07,0.09,0.0,0.03,0.19,65.0,23.0,6.4,7.0
2011.0,0.06,0.06,0.0,0.01,0.13,68.0,25.0,8.0,9.0
2008.0,0.16,0.0,0.0,0.01,0.17,31.0,4.0,4.4,9.0
2008.0,0.04,0.0,0.0,0.0,0.05,41.0,5.0,7.2,6.0
2004.0,0.18,0.14,0.0,0.05,0.36,59.0,6.0,8.7,32.0
2006.0,0.03,0.0,0.0,0.0,0.03,41.0,4.0,8.0,6.0
2015.0,0.49,0.22,0.01,0.07,0.79,84.0,75.0,7.7,325.0
2007.0,0.31,0.0,0.0,0.53,0.85,65.0,9.0,8.0,11.0
2007.0,0.22,0.27,0.0,0.16,0.66,64.0,7.0,7.1,7.0
2007.0,0.09,0.32,0.0,0.1,0.51,55.0,8.0,4.8,4.0
2007.0,0.43,0.03,0.0,0.04,0.5,62.0,16.0,6.7,12.0
2007.0,0.11,0.03,0.0,0.0,0.14,60.0,7.0,5.6,7.0
2005.0,0.85,0.03,0.22,0.14,1.24,81.0,51.0,8.9,155.0
2002.0,0.0,0.0,0.05,0.0,0.05,60.0,15.0,6.3,4.0
2009.0,0.08,0.01,0.0,0.01,0.09,38.0,22.0,3.5,37.0
2009.0,0.02,0.0,0.0,0.0,0.02,39.0,11.0,3.1,61.0
2010.0,0.21,0.46,0.0,0.08,0.75,62.0,24.0,7.6,14.0
2015.0,0.0,0.0,0.04,0.0,0.04,72.0,14.0,8.1,25.0
2000.0,0.15,0.11,0.0,0.04,0.3,90.0,16.0,8.2,42.0
2003.0,0.1,0.04,0.0,0.0,0.14,83.0,21.0,7.8,8.0
2003.0,0.14,0.11,0.0,0.04,0.29,76.0,21.0,8.6,38.0
2003.0,0.06,0.02,0.0,0.0,0.07,75.0,13.0,7.9,8.0
2003.0,0.05,0.01,0.0,0.0,0.07,77.0,24.0,8.3,21.0
2003.0,0.0,0.03,0.0,0.0,0.03,74.0,8.0,8.3,70.0
2011.0,0.23,0.35,0.0,0.06,0.64,61.0,39.0,6.6,48.0
2001.0,0.36,0.13,0.0,0.01,0.5,84.0,17.0,8.4,16.0
2001.0,0.29,0.23,0.0,0.08,0.6,63.0,10.0,8.6,8.0
2002.0,0.11,0.03,0.0,0.0,0.14,60.0,10.0,7.2,6.0
2005.0,0.21,0.03,0.0,0.02,0.26,58.0,20.0,7.6,19.0
2013.0,0.25,0.33,0.03,0.05,0.66,92.0,35.0,8.7,465.0
2013.0,0.14,0.34,0.0,0.1,0.58,91.0,23.0,8.7,310.0
2013.0,0.19,0.2,0.0,0.04,0.43,90.0,35.0,8.2,217.0
2014.0,0.22,0.64,0.0,0.16,1.01,90.0,16.0,8.5,525.0
2014.0,0.13,0.18,0.0,0.03,0.34,91.0,6.0,7.9,218.0
2014.0,0.01,0.1,0.0,0.03,0.14,87.0,8.0,8.4,159.0
2011.0,0.33,0.49,0.01,0.17,1.0,87.0,43.0,8.4,238.0
2011.0,0.38,0.32,0.0,0.08,0.78,87.0,55.0,8.2,209.0
2011.0,0.21,0.27,0.0,0.06,0.55,92.0,13.0,8.3,127.0
2012.0,0.12,0.33,0.0,0.09,0.54,88.0,54.0,8.4,298.0
2012.0,0.06,0.08,0.0,0.01,0.15,71.0,8.0,6.3,65.0
2012.0,0.0,0.06,0.0,0.01,0.08,86.0,11.0,8.4,337.0
2006.0,1.22,0.06,0.02,0.11,1.42,76.0,54.0,7.9,116.0
2006.0,0.0,0.01,0.0,0.0,0.01,58.0,6.0,7.6,31.0
2007.0,0.18,0.01,0.0,0.02,0.21,67.0,16.0,7.3,19.0
2007.0,0.13,0.01,0.0,0.01,0.14,56.0,13.0,6.1,8.0
2008.0,0.72,1.08,0.0,0.23,2.03,73.0,24.0,7.7,29.0
2007.0,0.82,0.82,0.0,0.2,1.83,67.0,25.0,8.3,66.0
2007.0,0.73,0.01,0.0,0.06,0.8,57.0,8.0,7.0,15.0
1997.0,0.04,0.03,0.0,0.0,0.07,79.0,7.0,7.8,4.0
2005.0,0.04,0.01,0.0,0.0,0.05,71.0,37.0,8.1,8.0
2000.0,0.08,0.06,0.0,0.02,0.17,49.0,13.0,7.6,7.0
2009.0,0.56,0.04,0.0,0.05,0.64,67.0,18.0,8.2,10.0
2012.0,0.05,0.05,0.0,0.02,0.12,54.0,39.0,3.8,30.0
2005.0,0.06,0.0,0.0,0.0,0.07,35.0,6.0,5.6,11.0
2005.0,0.05,0.04,0.0,0.01,0.11,73.0,11.0,6.3,4.0
2005.0,0.04,0.01,0.0,0.0,0.05,78.0,29.0,9.1,10.0
2007.0,0.0,0.03,0.03,0.01,0.07,67.0,7.0,6.8,34.0
2008.0,0.18,0.0,0.01,0.01,0.2,71.0,7.0,7.0,35.0
2010.0,0.09,0.0,0.04,0.01,0.14,56.0,6.0,7.2,36.0
2016.0,0.08,0.05,0.0,0.01,0.15,63.0,75.0,6.6,445.0
2008.0,0.08,0.0,0.0,0.01,0.09,48.0,15.0,5.3,8.0
2002.0,0.03,0.03,0.0,0.01,0.07,73.0,19.0,9.0,6.0
2002.0,0.03,0.01,0.0,0.0,0.03,67.0,8.0,9.0,4.0
2002.0,0.02,0.0,0.0,0.0,0.02,71.0,11.0,7.4,5.0
2010.0,2.79,2.53,0.17,0.99,6.49,95.0,73.0,8.8,2456.0
2010.0,3.7,1.95,0.09,0.58,6.32,95.0,96.0,9.0,2316.0
2004.0,0.71,0.55,0.0,0.19,1.45,73.0,42.0,7.8,70.0
2004.0,0.4,0.12,0.0,0.02,0.55,74.0,61.0,8.5,26.0
2001.0,0.76,0.96,0.0,0.2,1.92,88.0,25.0,8.0,69.0
2011.0,0.2,0.15,0.03,0.07,0.45,71.0,52.0,7.3,58.0
2011.0,0.18,0.16,0.01,0.04,0.39,71.0,74.0,7.0,77.0
2011.0,0.05,0.02,0.0,0.01,0.09,75.0,29.0,6.7,273.0
2009.0,0.48,0.29,0.01,0.09,0.87,85.0,84.0,8.1,237.0
2009.0,0.33,0.27,0.02,0.12,0.74,85.0,56.0,8.1,136.0
2009.0,0.0,0.03,0.0,0.01,0.03,82.0,29.0,7.5,308.0
2002.0,0.49,0.78,0.0,0.23,1.5,84.0,30.0,8.3,35.0
2003.0,0.09,0.03,0.0,0.0,0.12,74.0,20.0,5.8,11.0
2003.0,0.03,0.01,0.0,0.0,0.03,79.0,12.0,7.3,4.0
2005.0,0.02,0.02,0.0,0.01,0.04,47.0,17.0,5.0,7.0
2005.0,0.01,0.0,0.0,0.0,0.02,46.0,25.0,4.0,5.0
2011.0,0.04,0.07,0.0,0.02,0.14,76.0,49.0,7.3,729.0
2006.0,0.54,0.03,0.04,0.05,0.67,63.0,54.0,6.8,121.0
2010.0,0.35,0.2,0.01,0.06,0.62,80.0,73.0,8.6,178.0
2002.0,0.13,0.1,0.0,0.03,0.27,56.0,16.0,7.0,4.0
2002.0,0.08,0.02,0.0,0.0,0.11,54.0,9.0,5.9,7.0
2013.0,0.1,0.17,0.0,0.06,0.32,72.0,37.0,7.4,424.0
2013.0,0.1,0.06,0.0,0.02,0.18,70.0,42.0,7.5,267.0
2013.0,0.0,0.05,0.0,0.0,0.06,65.0,26.0,7.4,1007.0
2005.0,0.1,0.0,0.0,0.01,0.11,43.0,30.0,5.6,22.0
2006.0,0.02,0.0,0.0,0.0,0.02,51.0,24.0,7.6,14.0
2016.0,0.0,0.01,0.01,0.0,0.01,72.0,35.0,5.8,29.0
1996.0,2.05,1.16,1.11,0.73,5.05,91.0,8.0,9.0,266.0
2003.0,0.17,0.13,0.0,0.04,0.35,65.0,28.0,6.6,48.0
2006.0,0.11,0.02,0.11,0.01,0.26,71.0,41.0,8.4,36.0
2012.0,0.48,0.24,0.36,0.1,1.17,52.0,36.0,4.9,222.0
2012.0,0.55,0.14,0.03,0.06,0.77,52.0,56.0,4.9,330.0
2012.0,0.0,0.03,0.0,0.01,0.04,48.0,8.0,3.8,188.0
2003.0,0.54,0.35,0.46,0.1,1.45,71.0,40.0,8.3,94.0
2012.0,0.3,0.22,0.3,0.05,0.88,82.0,78.0,8.5,397.0
2013.0,0.14,0.29,0.22,0.09,0.74,74.0,30.0,7.2,204.0
2013.0,0.12,0.1,0.02,0.02,0.26,75.0,30.0,7.4,170.0
2013.0,0.07,0.07,0.03,0.01,0.19,80.0,19.0,7.5,146.0
2013.0,0.0,0.04,0.0,0.0,0.04,77.0,12.0,7.0,342.0
2015.0,0.13,0.24,0.1,0.07,0.55,75.0,30.0,7.7,284.0
2015.0,0.0,0.03,0.07,0.01,0.1,65.0,12.0,7.8,63.0
2015.0,0.07,0.02,0.0,0.01,0.1,75.0,22.0,7.5,106.0
2000.0,0.23,0.15,0.29,0.05,0.71,39.0,10.0,7.0,47.0
2009.0,0.46,0.31,0.2,0.09,1.05,75.0,55.0,8.0,60.0
2011.0,0.16,0.16,0.13,0.03,0.49,65.0,69.0,6.4,110.0
2007.0,0.67,0.43,0.29,0.14,1.52,75.0,47.0,7.6,122.0
1998.0,1.88,1.47,2.02,0.45,5.82,89.0,13.0,9.2,364.0
2003.0,0.04,0.01,0.0,0.0,0.06,59.0,15.0,8.5,31.0
2003.0,0.06,0.02,0.0,0.0,0.08,62.0,14.0,8.3,44.0
2005.0,2.08,0.83,0.46,0.25,3.62,96.0,38.0,8.9,1013.0
2005.0,0.98,0.42,0.22,0.06,1.69,96.0,82.0,9.4,767.0
2007.0,0.0,0.02,0.0,0.0,0.03,76.0,15.0,7.4,242.0
2009.0,1.96,1.41,1.08,0.64,5.09,84.0,76.0,7.5,667.0
2009.0,2.11,0.93,0.12,0.34,3.5,83.0,91.0,7.5,523.0
2009.0,0.01,0.04,0.0,0.01,0.07,86.0,30.0,7.1,597.0
2012.0,0.88,0.94,0.88,0.4,3.1,74.0,34.0,5.4,1304.0
2012.0,1.12,0.6,0.07,0.16,1.95,67.0,71.0,5.0,1407.0
2012.0,0.0,0.04,0.0,0.0,0.04,69.0,18.0,5.9,868.0
2016.0,0.06,0.0,0.0,0.01,0.08,60.0,19.0,6.7,94.0
2016.0,0.04,0.0,0.0,0.0,0.05,63.0,12.0,6.3,34.0
2008.0,0.16,0.04,0.08,0.02,0.3,76.0,11.0,8.9,41.0
2008.0,0.13,0.03,0.06,0.01,0.24,62.0,17.0,8.2,37.0
2001.0,1.08,0.7,0.34,0.21,2.34,84.0,21.0,8.4,189.0
2003.0,0.05,0.01,0.0,0.0,0.06,62.0,16.0,8.5,32.0
2004.0,0.19,0.15,0.17,0.05,0.57,58.0,35.0,7.7,70.0
2012.0,0.18,0.15,0.02,0.06,0.41,60.0,63.0,6.8,245.0
2006.0,1.74,1.72,0.14,0.75,4.34,86.0,70.0,8.1,715.0
2009.0,0.27,0.35,0.05,0.21,0.89,81.0,67.0,8.1,84.0
2008.0,1.15,0.84,0.1,0.38,2.46,87.0,79.0,6.1,1889.0
2011.0,0.64,0.57,0.05,0.22,1.48,83.0,91.0,7.8,543.0
2010.0,0.2,0.21,0.24,0.08,0.73,72.0,42.0,8.0,136.0
2010.0,0.12,0.13,0.06,0.03,0.33,74.0,43.0,7.7,96.0
2005.0,0.12,0.0,0.0,0.01,0.13,51.0,17.0,3.7,7.0
2007.0,0.0,0.0,0.11,0.0,0.11,77.0,30.0,7.3,15.0
2003.0,0.26,0.2,0.0,0.07,0.53,66.0,21.0,8.0,23.0
2003.0,0.49,0.16,0.0,0.02,0.67,84.0,38.0,8.8,33.0
2015.0,0.05,0.0,0.1,0.01,0.16,72.0,28.0,6.8,15.0
2001.0,0.03,0.02,0.0,0.01,0.05,78.0,34.0,8.3,28.0
2008.0,0.05,0.0,0.0,0.0,0.05,67.0,24.0,6.8,12.0
2008.0,0.55,0.5,1.93,0.13,3.11,83.0,48.0,9.0,63.0
2003.0,0.05,0.04,0.0,0.01,0.09,58.0,10.0,6.5,4.0
2015.0,0.04,0.13,0.03,0.03,0.22,66.0,30.0,7.0,47.0
2015.0,0.04,0.05,0.0,0.01,0.1,54.0,9.0,5.3,17.0
2015.0,0.0,0.03,0.0,0.0,0.03,68.0,8.0,4.8,30.0
2016.0,0.0,0.04,0.0,0.01,0.05,71.0,19.0,8.0,12.0
2016.0,0.0,0.01,0.0,0.0,0.01,78.0,4.0,7.9,14.0
2013.0,0.04,0.01,0.0,0.01,0.06,19.0,14.0,1.3,433.0
2013.0,0.02,0.01,0.0,0.01,0.04,13.0,4.0,1.0,218.0
2004.0,0.36,0.44,0.32,0.27,1.4,88.0,58.0,8.2,65.0
2011.0,0.03,0.07,0.05,0.02,0.17,44.0,39.0,3.7,59.0
2011.0,0.19,0.15,0.12,0.03,0.49,75.0,59.0,7.2,56.0
2005.0,0.1,0.02,0.07,0.01,0.2,74.0,65.0,7.1,28.0
2006.0,0.24,0.7,0.16,0.26,1.36,78.0,45.0,7.1,52.0
2004.0,0.14,0.0,0.0,0.01,0.15,63.0,35.0,6.7,7.0
2012.0,0.05,0.09,0.0,0.03,0.17,72.0,20.0,6.0,29.0
2012.0,0.05,0.05,0.0,0.01,0.11,71.0,59.0,7.7,56.0
2012.0,0.0,0.02,0.0,0.0,0.02,72.0,9.0,6.0,83.0
2000.0,0.24,0.19,0.75,0.06,1.24,78.0,20.0,7.7,6.0
2002.0,0.13,0.1,0.0,0.03,0.26,59.0,14.0,9.0,17.0
2011.0,0.44,0.16,0.0,0.07,0.67,84.0,59.0,7.3,561.0
2016.0,0.03,0.05,0.01,0.02,0.11,79.0,42.0,7.9,76.0
2000.0,0.06,0.04,0.0,0.01,0.11,82.0,15.0,8.7,11.0
2011.0,0.05,0.03,0.0,0.01,0.09,60.0,16.0,7.0,7.0
2009.0,0.07,0.11,0.0,0.01,0.19,60.0,37.0,6.4,77.0
2009.0,0.0,0.11,0.0,0.02,0.14,77.0,32.0,8.1,676.0
2012.0,0.0,0.19,0.0,0.03,0.22,69.0,51.0,5.6,751.0
2012.0,0.04,0.13,0.01,0.04,0.22,47.0,13.0,5.2,37.0
2012.0,0.05,0.08,0.0,0.01,0.14,60.0,18.0,6.0,58.0
2014.0,0.0,0.08,0.0,0.0,0.09,65.0,49.0,5.7,822.0
2014.0,0.02,0.05,0.0,0.01,0.08,36.0,8.0,3.7,77.0
2014.0,0.02,0.04,0.0,0.0,0.06,44.0,8.0,4.4,69.0
2003.0,0.01,0.02,0.0,0.01,0.04,89.0,30.0,9.0,274.0
2006.0,0.0,0.03,0.0,0.01,0.03,84.0,46.0,8.5,108.0
2011.0,0.28,0.13,0.01,0.04,0.47,54.0,56.0,7.8,44.0
2005.0,0.09,0.07,0.0,0.02,0.19,68.0,37.0,8.0,5.0
2015.0,0.55,0.7,0.02,0.11,1.38,86.0,102.0,8.0,1288.0
2016.0,0.0,0.11,0.0,0.01,0.12,86.0,45.0,7.9,915.0
2003.0,0.19,0.15,0.0,0.05,0.38,60.0,9.0,8.8,25.0
2004.0,0.05,0.02,0.0,0.0,0.07,75.0,21.0,8.4,7.0
2004.0,0.07,0.03,0.0,0.0,0.1,76.0,26.0,9.2,21.0
2006.0,0.07,0.0,0.02,0.01,0.09,68.0,11.0,7.7,17.0
2002.0,0.05,0.04,0.0,0.01,0.1,58.0,27.0,8.2,9.0
2003.0,0.03,0.01,0.0,0.0,0.04,55.0,22.0,8.0,5.0
2003.0,0.08,0.07,0.0,0.02,0.17,71.0,27.0,7.9,11.0
2003.0,0.06,0.02,0.0,0.0,0.08,68.0,23.0,7.4,5.0
2003.0,0.07,0.03,0.0,0.0,0.1,78.0,15.0,9.3,23.0
2002.0,0.04,0.03,0.0,0.01,0.09,80.0,4.0,9.0,41.0
2003.0,0.09,0.07,0.0,0.02,0.19,59.0,18.0,5.6,5.0
2016.0,0.06,0.03,0.0,0.02,0.12,65.0,40.0,6.9,62.0
2008.0,0.07,0.0,0.0,0.01,0.07,78.0,15.0,8.6,18.0
2003.0,0.01,0.0,0.0,0.0,0.02,30.0,9.0,3.6,12.0
2002.0,0.03,0.03,0.0,0.01,0.07,79.0,21.0,8.2,13.0
2002.0,0.3,0.23,0.0,0.08,0.61,72.0,20.0,8.5,8.0
2002.0,0.13,0.03,0.0,0.0,0.16,74.0,11.0,8.4,5.0
2002.0,0.15,0.06,0.0,0.0,0.21,61.0,8.0,6.5,4.0
2005.0,0.18,0.14,0.0,0.05,0.36,53.0,6.0,6.0,8.0
2003.0,0.03,0.01,0.0,0.0,0.05,80.0,12.0,9.4,5.0
2008.0,1.78,0.24,0.0,0.18,2.2,92.0,69.0,8.3,156.0
2008.0,1.13,0.2,0.0,0.16,1.49,91.0,24.0,7.9,88.0
2008.0,0.93,0.01,0.0,0.08,1.02,92.0,10.0,7.7,45.0
2010.0,0.73,0.09,0.0,0.06,0.88,93.0,57.0,8.2,137.0
2010.0,0.53,0.06,0.0,0.04,0.63,91.0,10.0,6.9,36.0
2010.0,0.43,0.08,0.0,0.05,0.57,91.0,34.0,8.0,95.0
2010.0,0.07,0.01,0.0,0.01,0.09,79.0,8.0,5.5,6.0
2015.0,0.38,0.04,0.0,0.05,0.47,79.0,27.0,6.4,54.0
2015.0,0.26,0.05,0.0,0.07,0.38,78.0,51.0,6.3,87.0
2009.0,0.24,0.14,0.0,0.1,0.48,79.0,50.0,8.6,31.0
2016.0,0.03,0.28,0.0,0.05,0.37,85.0,50.0,8.7,1290.0
2016.0,0.05,0.17,0.0,0.02,0.24,87.0,22.0,8.3,194.0
2016.0,0.01,0.04,0.0,0.0,0.06,86.0,20.0,8.2,580.0
2010.0,0.04,0.0,0.0,0.0,0.05,48.0,7.0,4.8,4.0
2008.0,0.25,0.0,0.0,0.02,0.27,38.0,28.0,5.1,17.0
2011.0,0.53,0.36,0.09,0.15,1.12,80.0,27.0,8.3,52.0
2011.0,0.84,0.19,0.01,0.08,1.12,77.0,30.0,8.2,62.0
2006.0,0.28,0.38,0.0,0.08,0.75,81.0,75.0,7.8,69.0
2007.0,0.39,0.72,0.0,0.15,1.26,68.0,36.0,5.8,21.0
2002.0,0.42,0.33,0.0,0.11,0.86,74.0,14.0,8.4,11.0
2002.0,0.11,0.03,0.0,0.01,0.15,74.0,22.0,7.3,6.0
2004.0,0.13,0.1,0.0,0.03,0.27,65.0,24.0,8.6,12.0
2004.0,0.07,0.02,0.0,0.0,0.1,67.0,21.0,5.2,6.0
2007.0,0.01,0.09,0.0,0.01,0.1,58.0,17.0,6.6,11.0
2015.0,0.08,0.02,0.01,0.01,0.12,45.0,31.0,6.5,81.0
2015.0,0.03,0.0,0.0,0.0,0.04,45.0,7.0,5.6,37.0
2005.0,0.24,0.16,0.39,0.05,0.84,83.0,59.0,8.4,89.0
2003.0,0.11,0.09,0.0,0.03,0.23,61.0,26.0,9.2,6.0
2006.0,0.02,0.02,0.0,0.01,0.04,71.0,37.0,8.2,9.0
2006.0,0.01,0.0,0.0,0.0,0.02,71.0,37.0,8.5,11.0
2009.0,0.06,0.0,0.0,0.01,0.07,70.0,14.0,8.2,5.0
2009.0,0.11,0.01,0.0,0.01,0.13,27.0,24.0,2.8,66.0
2009.0,0.09,0.01,0.0,0.01,0.11,28.0,33.0,2.8,64.0
2000.0,0.05,0.03,0.0,0.01,0.09,85.0,7.0,8.9,16.0
2003.0,0.1,0.03,0.0,0.0,0.13,62.0,8.0,8.3,12.0
2002.0,1.19,0.05,0.0,0.0,1.25,74.0,22.0,8.5,135.0
2004.0,0.01,0.22,0.0,0.04,0.27,81.0,39.0,5.0,346.0
2016.0,0.0,0.02,0.0,0.0,0.02,43.0,7.0,2.4,31.0
2009.0,0.09,0.0,0.0,0.01,0.1,32.0,4.0,1.8,4.0
2003.0,0.03,0.03,0.0,0.01,0.07,74.0,17.0,8.9,10.0
2000.0,0.08,0.06,0.16,0.02,0.32,72.0,10.0,8.7,11.0
2002.0,0.05,0.04,0.19,0.01,0.3,77.0,14.0,8.9,17.0
2005.0,0.04,0.03,0.0,0.01,0.09,71.0,13.0,8.5,10.0
2007.0,0.0,0.0,0.07,0.0,0.07,69.0,10.0,8.4,8.0
2005.0,0.06,0.04,0.47,0.01,0.58,58.0,23.0,8.0,35.0
2004.0,0.0,0.09,0.0,0.02,0.1,92.0,58.0,9.1,1050.0
2016.0,0.0,0.03,0.01,0.01,0.05,78.0,6.0,7.8,6.0
2016.0,0.0,0.0,0.01,0.0,0.01,69.0,13.0,7.5,11.0
2015.0,0.18,0.25,0.0,0.08,0.52,61.0,33.0,3.7,78.0
2015.0,0.16,0.09,0.0,0.02,0.27,60.0,26.0,4.3,77.0
1997.0,0.11,0.07,0.29,0.03,0.5,66.0,11.0,8.2,9.0
2004.0,0.03,0.02,0.0,0.01,0.06,69.0,16.0,7.9,14.0
2002.0,0.06,0.05,0.0,0.02,0.13,65.0,9.0,8.8,77.0
2003.0,0.04,0.03,0.0,0.01,0.08,49.0,23.0,5.0,4.0
2007.0,0.05,0.0,0.01,0.01,0.07,69.0,29.0,6.5,6.0
2003.0,0.09,0.07,0.0,0.02,0.19,79.0,50.0,9.1,21.0
2006.0,0.01,0.01,0.0,0.0,0.02,57.0,8.0,7.0,7.0
2006.0,0.02,0.02,0.0,0.01,0.05,70.0,6.0,7.8,27.0
2007.0,0.02,0.01,0.0,0.0,0.04,74.0,21.0,7.4,25.0
2015.0,0.04,0.06,0.0,0.02,0.11,19.0,5.0,3.4,65.0
2015.0,0.03,0.05,0.0,0.01,0.09,20.0,4.0,3.1,30.0
2003.0,0.11,0.08,0.0,0.03,0.22,61.0,13.0,6.8,65.0
2005.0,0.04,0.03,0.0,0.01,0.09,71.0,15.0,8.6,19.0
2005.0,0.04,0.01,0.0,0.0,0.05,75.0,20.0,7.7,11.0
2016.0,0.0,0.04,0.0,0.01,0.04,64.0,4.0,6.8,12.0
2011.0,0.0,0.24,0.0,0.07,0.32,50.0,12.0,5.6,7.0
2011.0,0.03,0.21,0.0,0.04,0.28,55.0,14.0,3.9,13.0
2015.0,0.0,0.05,0.0,0.01,0.06,25.0,6.0,1.9,39.0
2006.0,0.01,0.01,0.0,0.0,0.02,59.0,44.0,8.6,51.0
2001.0,0.1,0.08,0.0,0.03,0.21,85.0,17.0,8.2,9.0
2004.0,0.19,0.15,0.0,0.05,0.39,66.0,44.0,8.5,20.0
2006.0,0.07,0.01,0.04,0.01,0.13,62.0,54.0,6.6,28.0
2009.0,0.0,0.04,0.0,0.01,0.04,79.0,15.0,8.2,40.0
2001.0,0.13,0.1,0.0,0.03,0.26,53.0,16.0,7.3,11.0
2006.0,0.35,0.01,0.14,0.03,0.53,78.0,26.0,8.1,52.0
2008.0,0.16,0.13,0.04,0.03,0.37,79.0,34.0,8.5,39.0
2011.0,0.14,0.0,0.07,0.02,0.23,55.0,12.0,7.9,44.0
2008.0,0.32,0.03,0.15,0.03,0.52,77.0,14.0,7.9,30.0
2009.0,0.26,0.03,0.1,0.02,0.4,77.0,10.0,8.6,46.0
2012.0,0.32,0.0,0.21,0.03,0.57,78.0,33.0,8.1,122.0
2008.0,0.09,0.0,0.0,0.01,0.09,52.0,29.0,7.0,4.0
2002.0,0.2,0.15,0.06,0.05,0.46,83.0,30.0,8.4,14.0
2013.0,0.83,0.43,0.0,0.13,1.38,60.0,77.0,6.1,1409.0
2005.0,0.01,0.01,0.0,0.0,0.03,66.0,16.0,7.8,10.0
2009.0,0.0,0.05,0.0,0.01,0.06,80.0,44.0,8.7,602.0
2008.0,0.0,0.03,0.0,0.01,0.04,75.0,47.0,7.7,478.0
2007.0,0.01,0.04,0.0,0.01,0.06,82.0,44.0,8.4,1088.0
2002.0,0.08,0.03,0.0,0.0,0.11,63.0,5.0,2.8,6.0
2008.0,0.0,0.05,0.0,0.01,0.06,71.0,41.0,6.9,203.0
2009.0,0.22,0.22,0.08,0.09,0.61,70.0,45.0,7.1,51.0
2009.0,0.29,0.16,0.04,0.05,0.54,71.0,56.0,7.3,64.0
2014.0,0.03,0.04,0.03,0.01,0.1,56.0,13.0,3.4,46.0
2014.0,0.03,0.02,0.0,0.0,0.05,51.0,11.0,4.1,42.0
2014.0,0.0,0.02,0.0,0.0,0.02,57.0,47.0,1.4,544.0
2008.0,0.07,0.01,0.0,0.01,0.08,56.0,7.0,7.8,4.0
2013.0,0.0,0.01,0.06,0.0,0.07,55.0,32.0,7.4,45.0
2011.0,0.0,0.09,0.11,0.02,0.23,62.0,14.0,7.3,34.0
2015.0,0.0,0.12,0.04,0.02,0.18,59.0,30.0,7.8,45.0
2006.0,1.17,0.77,0.02,0.22,2.18,81.0,74.0,7.5,211.0
2015.0,0.0,0.04,0.0,0.01,0.05,64.0,45.0,5.7,98.0
2015.0,0.0,0.01,0.0,0.0,0.01,65.0,16.0,6.0,27.0
2011.0,1.25,1.14,0.07,0.3,2.76,84.0,70.0,7.6,490.0
2011.0,0.86,1.04,0.18,0.38,2.47,82.0,50.0,7.7,384.0
2011.0,0.16,0.16,0.0,0.06,0.38,84.0,22.0,8.1,1263.0
2008.0,1.94,0.79,0.02,0.28,3.03,81.0,75.0,8.1,307.0
2008.0,0.88,0.54,0.02,0.25,1.68,82.0,50.0,7.9,135.0
2009.0,0.0,0.03,0.0,0.01,0.04,72.0,24.0,6.8,380.0
2013.0,1.01,0.5,0.01,0.13,1.66,81.0,42.0,6.5,325.0
2013.0,0.56,0.41,0.09,0.19,1.25,76.0,26.0,6.3,278.0
2013.0,0.11,0.06,0.0,0.02,0.19,86.0,45.0,7.4,1543.0
1999.0,0.03,0.02,0.0,0.0,0.05,73.0,9.0,7.1,9.0
2005.0,0.07,0.05,0.15,0.02,0.29,81.0,15.0,7.3,26.0
2010.0,0.05,0.04,0.0,0.01,0.1,75.0,30.0,7.3,31.0
2002.0,0.07,0.05,0.0,0.02,0.14,49.0,11.0,3.5,6.0
2008.0,0.41,0.37,0.01,0.09,0.88,68.0,43.0,8.1,40.0
2006.0,0.03,0.02,0.0,0.01,0.05,66.0,26.0,7.2,6.0
2004.0,0.03,0.02,0.0,0.01,0.06,59.0,21.0,8.4,10.0
2008.0,0.05,0.0,0.0,0.0,0.06,74.0,6.0,8.2,5.0
2009.0,0.07,0.01,0.0,0.01,0.08,46.0,33.0,5.2,12.0
2004.0,0.22,0.05,1.06,0.02,1.35,73.0,37.0,8.7,23.0
2004.0,0.05,0.02,0.0,0.0,0.07,71.0,20.0,9.0,5.0
2007.0,0.11,0.0,0.04,0.01,0.15,53.0,30.0,6.8,6.0
2005.0,0.07,0.0,0.11,0.01,0.18,64.0,30.0,6.4,8.0
2004.0,0.04,0.03,0.36,0.01,0.45,72.0,17.0,8.6,13.0
2006.0,0.02,0.02,0.57,0.01,0.61,58.0,26.0,8.8,13.0
2006.0,0.07,0.01,0.0,0.01,0.08,52.0,30.0,8.7,18.0
2006.0,0.0,0.0,0.19,0.0,0.19,55.0,20.0,7.3,7.0
2007.0,0.03,0.0,0.01,0.0,0.04,53.0,29.0,8.5,13.0
2007.0,0.04,0.03,0.0,0.01,0.09,50.0,11.0,8.0,9.0
2009.0,0.09,0.02,0.32,0.01,0.44,55.0,26.0,7.2,22.0
2014.0,0.08,0.07,0.06,0.03,0.24,76.0,31.0,8.1,74.0
2014.0,0.0,0.0,0.11,0.0,0.11,76.0,5.0,8.6,18.0
2015.0,0.02,0.01,0.06,0.01,0.1,71.0,29.0,6.5,15.0
2015.0,0.03,0.02,0.06,0.01,0.12,73.0,26.0,7.3,24.0
2011.0,0.12,0.05,0.2,0.01,0.39,61.0,30.0,7.7,35.0
2014.0,0.0,0.0,0.08,0.0,0.08,63.0,13.0,6.1,10.0
2014.0,0.0,0.0,0.06,0.0,0.06,70.0,9.0,7.9,14.0
2004.0,0.04,0.03,0.0,0.01,0.08,58.0,34.0,7.6,5.0
2008.0,0.09,0.0,0.13,0.01,0.23,63.0,20.0,7.9,18.0
2009.0,0.13,0.17,0.0,0.06,0.36,59.0,41.0,6.4,28.0
2009.0,0.13,0.12,0.0,0.03,0.28,59.0,39.0,7.4,50.0
2009.0,0.0,0.02,0.0,0.0,0.02,55.0,6.0,6.0,31.0
2005.0,0.02,0.0,0.0,0.0,0.02,63.0,14.0,6.5,4.0
2008.0,0.12,0.11,0.0,0.02,0.25,59.0,7.0,6.1,8.0
2008.0,0.06,0.14,0.0,0.01,0.21,63.0,17.0,8.0,6.0
2010.0,0.05,0.12,0.0,0.04,0.21,73.0,4.0,7.5,4.0
2010.0,0.1,0.07,0.0,0.02,0.19,74.0,13.0,8.3,8.0
2004.0,0.05,0.04,0.0,0.01,0.09,70.0,20.0,8.6,18.0
2004.0,0.03,0.01,0.0,0.0,0.04,69.0,11.0,7.3,8.0
2006.0,0.15,0.0,0.0,0.01,0.16,58.0,12.0,3.1,15.0
2006.0,0.99,0.04,0.0,0.16,1.19,75.0,46.0,8.6,113.0
2006.0,0.37,0.11,0.0,0.02,0.49,76.0,41.0,8.4,46.0
2006.0,0.01,0.02,0.0,0.0,0.04,73.0,18.0,7.5,57.0
2007.0,0.12,0.01,0.0,0.01,0.14,71.0,23.0,8.4,29.0
2008.0,0.33,0.25,0.0,0.07,0.65,76.0,32.0,7.4,25.0
2007.0,0.43,0.01,0.0,0.04,0.48,73.0,41.0,8.1,21.0
2005.0,0.02,0.0,0.0,0.0,0.02,73.0,20.0,7.4,5.0
2009.0,1.67,0.3,0.02,0.18,2.16,79.0,72.0,7.6,110.0
2012.0,0.56,0.01,0.0,0.05,0.61,73.0,13.0,7.4,21.0
2012.0,0.25,0.09,0.0,0.03,0.37,73.0,42.0,7.4,109.0
2013.0,0.09,0.0,0.0,0.01,0.1,71.0,17.0,6.3,39.0
2013.0,0.09,0.0,0.0,0.01,0.1,68.0,7.0,6.2,20.0
2006.0,0.05,0.0,0.0,0.0,0.06,70.0,29.0,8.6,5.0
1999.0,0.0,0.0,0.52,0.0,0.52,82.0,24.0,8.4,16.0
2016.0,0.0,0.04,0.0,0.01,0.04,71.0,28.0,8.1,73.0
2016.0,0.0,0.01,0.0,0.0,0.01,63.0,8.0,8.2,22.0
2004.0,0.07,0.05,0.0,0.02,0.14,76.0,48.0,8.0,23.0
2004.0,0.05,0.02,0.0,0.0,0.07,75.0,46.0,8.0,6.0
2004.0,0.04,0.01,0.0,0.0,0.05,77.0,34.0,8.5,13.0
2008.0,0.04,0.03,0.04,0.02,0.13,72.0,56.0,7.8,35.0
2009.0,0.13,0.18,0.0,0.29,0.6,61.0,9.0,6.7,14.0
2006.0,0.0,0.04,0.0,0.0,0.04,66.0,26.0,7.4,38.0
2008.0,0.04,0.01,0.0,0.0,0.06,65.0,12.0,7.6,8.0
2008.0,0.04,0.01,0.0,0.0,0.05,71.0,6.0,7.6,5.0
2009.0,0.0,0.03,0.0,0.0,0.04,64.0,14.0,7.1,17.0
2003.0,0.24,0.18,0.0,0.06,0.48,81.0,26.0,8.2,19.0
2003.0,0.19,0.05,0.0,0.01,0.25,77.0,31.0,8.8,4.0
2009.0,0.15,0.09,0.0,0.02,0.27,69.0,49.0,7.3,59.0
2009.0,0.02,0.01,0.0,0.0,0.03,72.0,31.0,7.0,78.0
2002.0,0.52,0.4,0.0,0.14,1.06,63.0,9.0,8.8,10.0
2008.0,0.45,0.01,0.0,0.04,0.5,59.0,29.0,6.3,9.0
2005.0,0.21,0.16,0.0,0.05,0.43,46.0,18.0,6.7,6.0
2000.0,0.0,0.0,0.13,0.0,0.13,84.0,25.0,7.7,11.0
2002.0,0.12,0.03,0.03,0.01,0.19,82.0,24.0,8.2,24.0
2003.0,0.06,0.02,0.0,0.0,0.08,72.0,32.0,9.2,5.0
2007.0,0.07,0.42,0.0,0.14,0.63,75.0,40.0,7.0,20.0
2007.0,0.12,0.28,0.0,0.05,0.45,77.0,42.0,7.2,30.0
2007.0,0.03,0.15,0.0,0.07,0.25,74.0,14.0,7.2,9.0
2007.0,0.0,0.01,0.0,0.0,0.01,74.0,9.0,7.6,18.0
2002.0,0.05,0.01,0.0,0.0,0.07,84.0,22.0,7.7,7.0
2002.0,0.04,0.01,0.0,0.0,0.05,80.0,15.0,8.5,10.0
2004.0,0.08,0.06,0.0,0.02,0.17,72.0,28.0,7.0,5.0
2008.0,1.75,0.86,0.0,0.28,2.89,67.0,45.0,6.8,18.0
2008.0,0.28,0.65,0.0,0.13,1.05,71.0,24.0,7.0,16.0
2008.0,0.13,0.2,0.0,0.07,0.4,67.0,31.0,7.4,7.0
2008.0,0.1,0.0,0.0,0.28,0.38,70.0,9.0,8.3,4.0
2011.0,0.08,0.03,0.0,0.01,0.12,21.0,5.0,5.0,25.0
2011.0,0.0,0.01,0.0,0.0,0.01,70.0,13.0,6.8,86.0
2010.0,0.17,0.04,0.4,0.02,0.64,61.0,37.0,7.9,29.0
2010.0,0.06,0.01,0.2,0.01,0.29,65.0,18.0,8.8,13.0
2015.0,0.04,0.02,0.09,0.02,0.18,71.0,4.0,7.4,34.0
2015.0,0.08,0.0,0.08,0.02,0.18,67.0,25.0,8.0,96.0
2014.0,0.1,0.02,0.08,0.01,0.22,58.0,28.0,6.8,56.0
2002.0,0.11,0.03,0.0,0.01,0.15,75.0,22.0,8.2,16.0
2004.0,0.04,0.03,0.0,0.01,0.07,65.0,27.0,7.8,17.0
2004.0,0.02,0.0,0.0,0.0,0.02,69.0,18.0,8.4,9.0
2011.0,0.01,0.05,0.0,0.01,0.08,72.0,53.0,8.2,586.0
2004.0,0.02,0.01,0.0,0.0,0.02,51.0,9.0,7.2,10.0
2005.0,0.05,0.01,0.0,0.0,0.06,72.0,34.0,6.7,11.0
2005.0,0.0,0.01,0.0,0.0,0.01,74.0,31.0,7.0,152.0
2011.0,0.39,0.09,0.0,0.04,0.52,79.0,26.0,6.9,22.0
2004.0,0.04,0.03,0.0,0.01,0.08,52.0,31.0,7.0,6.0
2001.0,0.09,0.07,0.1,0.02,0.28,73.0,24.0,8.8,55.0
2004.0,0.12,0.09,0.0,0.03,0.24,85.0,49.0,9.1,54.0
2005.0,0.07,0.06,0.0,0.02,0.14,76.0,42.0,8.2,33.0
2002.0,0.08,0.06,0.0,0.02,0.16,68.0,24.0,7.6,8.0
2001.0,0.09,0.07,0.03,0.02,0.21,78.0,18.0,8.2,19.0
2009.0,0.08,0.0,0.0,0.01,0.09,54.0,6.0,8.2,5.0
2005.0,0.13,0.1,0.0,0.03,0.27,75.0,52.0,8.3,62.0
2005.0,0.78,0.03,0.2,0.13,1.14,91.0,77.0,9.1,933.0
2004.0,0.11,0.03,0.0,0.01,0.15,61.0,45.0,6.1,14.0
2007.0,0.41,0.02,0.0,0.04,0.47,66.0,57.0,7.5,156.0
2011.0,0.11,0.09,0.04,0.03,0.27,77.0,56.0,8.1,124.0
2011.0,0.1,0.06,0.01,0.02,0.19,76.0,76.0,8.4,139.0
2005.0,0.76,0.2,0.0,0.03,0.99,51.0,22.0,6.6,120.0
2005.0,0.5,0.02,0.0,0.08,0.6,45.0,28.0,6.0,137.0
2005.0,0.13,0.04,0.0,0.01,0.18,49.0,24.0,5.5,36.0
2004.0,0.06,0.05,0.0,0.02,0.13,54.0,9.0,8.2,17.0
2015.0,0.01,0.0,0.03,0.0,0.04,82.0,18.0,8.5,86.0
2014.0,0.08,0.09,0.0,0.01,0.18,58.0,6.0,8.3,28.0
2004.0,0.37,0.29,0.0,0.1,0.75,69.0,30.0,6.5,6.0
2004.0,0.49,0.18,0.0,0.01,0.68,63.0,8.0,9.0,4.0
2005.0,0.03,0.01,0.0,0.0,0.04,66.0,17.0,6.9,7.0
2001.0,0.36,0.28,0.0,0.09,0.73,64.0,17.0,8.7,13.0
2010.0,0.11,0.05,0.0,0.03,0.19,61.0,26.0,6.5,8.0
2010.0,0.1,0.05,0.0,0.01,0.16,61.0,34.0,5.3,7.0
2008.0,0.31,0.23,0.01,0.1,0.65,63.0,30.0,6.3,26.0
2008.0,0.26,0.03,0.0,0.03,0.32,70.0,5.0,7.5,4.0
2008.0,0.93,0.56,0.0,0.16,1.66,78.0,28.0,8.7,22.0
2009.0,0.24,0.03,0.0,0.02,0.29,72.0,33.0,8.7,30.0
2004.0,0.16,0.05,0.0,0.01,0.22,58.0,37.0,7.0,14.0
2009.0,0.05,0.03,0.0,0.01,0.09,30.0,21.0,5.9,33.0
2009.0,0.04,0.03,0.0,0.01,0.08,35.0,18.0,4.8,27.0
1999.0,0.52,0.24,0.38,0.04,1.18,88.0,9.0,9.4,201.0
2001.0,0.0,0.0,0.15,0.0,0.15,88.0,9.0,9.4,201.0
2002.0,0.22,0.08,0.0,0.01,0.32,80.0,31.0,9.3,96.0
2016.0,0.0,0.01,0.0,0.0,0.01,65.0,18.0,7.3,72.0
2016.0,0.01,0.0,0.0,0.0,0.01,70.0,27.0,6.8,64.0
2009.0,0.06,0.3,0.0,0.04,0.39,57.0,8.0,3.1,9.0
2009.0,0.11,0.03,0.0,0.01,0.16,62.0,24.0,6.8,14.0
2002.0,0.03,0.02,0.0,0.01,0.05,37.0,12.0,5.9,8.0
2004.0,0.06,0.02,0.0,0.0,0.08,77.0,20.0,8.8,15.0
2007.0,0.0,0.0,0.1,0.0,0.1,64.0,24.0,7.3,17.0
2005.0,0.06,0.04,0.0,0.01,0.11,69.0,12.0,8.1,20.0
2002.0,0.03,0.01,0.09,0.0,0.14,58.0,13.0,8.5,8.0
2003.0,0.06,0.02,0.0,0.0,0.08,74.0,18.0,8.3,9.0
2004.0,0.05,0.04,0.0,0.01,0.09,61.0,14.0,6.5,11.0
2008.0,0.07,0.05,0.0,0.02,0.13,79.0,23.0,8.7,26.0
2009.0,0.13,0.0,0.12,0.01,0.26,84.0,28.0,8.8,79.0
2011.0,0.16,0.01,0.12,0.01,0.31,79.0,21.0,8.8,45.0
2011.0,0.28,0.01,0.06,0.03,0.38,78.0,27.0,8.2,97.0
2004.0,0.06,0.05,0.0,0.02,0.13,78.0,42.0,8.2,48.0
2005.0,0.04,0.03,0.0,0.01,0.08,82.0,38.0,7.9,38.0
2003.0,0.07,0.05,0.25,0.02,0.38,82.0,42.0,8.7,83.0
2009.0,0.08,0.0,0.13,0.01,0.22,78.0,30.0,8.0,47.0
2006.0,0.22,0.03,0.0,0.2,0.45,86.0,52.0,8.4,116.0
2007.0,0.22,0.2,0.16,0.05,0.63,89.0,25.0,8.3,296.0
2009.0,0.18,0.06,0.34,0.05,0.63,89.0,40.0,8.3,317.0
2008.0,0.34,0.04,0.36,0.08,0.82,90.0,47.0,8.9,634.0
2009.0,0.13,0.0,0.14,0.01,0.28,80.0,26.0,8.7,69.0
2013.0,0.28,0.0,0.27,0.03,0.58,83.0,48.0,8.3,251.0
2002.0,0.36,0.28,0.22,0.09,0.96,71.0,33.0,7.9,43.0
2011.0,0.14,0.07,0.0,0.02,0.22,69.0,33.0,7.3,33.0
2007.0,0.0,0.01,0.0,0.0,0.01,62.0,9.0,6.6,8.0
2010.0,0.0,0.04,0.0,0.01,0.05,49.0,5.0,6.2,27.0
2008.0,0.08,0.0,0.11,0.01,0.19,71.0,21.0,7.6,5.0
2015.0,0.08,0.04,0.02,0.01,0.14,90.0,9.0,8.2,225.0
2015.0,0.05,0.04,0.0,0.01,0.1,88.0,24.0,8.3,280.0
2015.0,0.03,0.03,0.0,0.01,0.08,90.0,18.0,7.6,312.0
2004.0,0.15,0.11,0.0,0.04,0.3,55.0,24.0,6.1,7.0
2007.0,0.06,0.0,0.0,0.0,0.06,35.0,7.0,4.7,10.0
2001.0,0.25,0.1,0.0,0.01,0.36,49.0,19.0,5.4,9.0
2010.0,0.16,0.02,0.0,0.02,0.19,57.0,11.0,4.5,6.0
2010.0,0.1,0.0,0.0,0.01,0.11,62.0,22.0,6.2,9.0
2002.0,0.47,0.17,0.0,0.01,0.66,71.0,7.0,7.4,5.0
2004.0,1.12,0.69,0.03,0.02,1.86,71.0,32.0,8.5,24.0
2004.0,0.73,0.26,0.01,0.03,1.02,70.0,25.0,6.4,14.0
2004.0,0.4,0.13,0.0,0.02,0.55,72.0,31.0,8.4,5.0
2002.0,0.13,0.03,0.0,0.0,0.17,36.0,6.0,5.6,23.0
2002.0,0.14,0.11,0.0,0.04,0.29,30.0,4.0,5.1,17.0
2002.0,0.1,0.03,0.0,0.0,0.13,33.0,9.0,8.0,11.0
2003.0,0.04,0.01,0.0,0.0,0.05,40.0,6.0,7.3,7.0
2005.0,0.24,0.19,0.0,0.06,0.5,67.0,21.0,9.0,26.0
2005.0,0.17,0.04,0.0,0.01,0.22,70.0,11.0,7.8,6.0
2005.0,0.07,0.02,0.0,0.0,0.09,71.0,20.0,9.3,4.0
2002.0,0.22,0.08,0.0,0.01,0.3,27.0,5.0,8.9,19.0
2007.0,0.4,0.02,0.0,0.07,0.48,56.0,18.0,6.1,9.0
2007.0,0.25,0.01,0.0,0.02,0.28,57.0,28.0,6.7,7.0
2014.0,0.11,0.22,0.0,0.03,0.36,81.0,78.0,5.5,1027.0
2005.0,0.02,0.12,0.0,0.03,0.16,94.0,50.0,8.3,909.0
2008.0,0.58,0.17,0.0,0.07,0.83,84.0,55.0,7.8,171.0
2008.0,0.49,0.19,0.01,0.09,0.78,85.0,39.0,7.7,87.0
2008.0,0.37,0.03,0.02,0.03,0.44,80.0,26.0,7.7,21.0
2010.0,0.98,0.52,0.0,0.17,1.68,90.0,70.0,7.9,2280.0
2016.0,0.09,0.13,0.0,0.02,0.25,88.0,81.0,7.3,684.0
2005.0,0.04,0.01,0.0,0.0,0.05,68.0,34.0,8.2,6.0
1999.0,0.71,0.48,0.3,0.1,1.6,86.0,17.0,9.2,326.0
2012.0,0.1,0.05,0.0,0.04,0.2,58.0,57.0,5.1,102.0
2012.0,0.21,0.15,0.04,0.06,0.46,64.0,41.0,6.9,262.0
2012.0,0.22,0.08,0.0,0.02,0.32,68.0,38.0,7.3,269.0
2007.0,0.22,0.15,0.04,0.1,0.52,78.0,40.0,7.8,107.0
2008.0,0.03,0.03,0.0,0.01,0.07,70.0,21.0,7.4,59.0
2009.0,0.22,0.19,0.01,0.05,0.47,79.0,56.0,8.0,226.0
2010.0,0.13,0.22,0.01,0.23,0.59,77.0,8.0,6.8,82.0
2010.0,0.09,0.13,0.01,0.07,0.3,73.0,28.0,7.5,43.0
2001.0,0.62,0.49,0.0,0.16,1.28,89.0,34.0,8.9,557.0
2001.0,0.21,0.06,0.0,0.01,0.28,84.0,23.0,8.3,39.0
2003.0,0.35,0.27,0.0,0.09,0.71,85.0,41.0,8.8,315.0
2004.0,0.25,0.19,0.0,0.06,0.51,76.0,54.0,7.8,191.0
2004.0,0.14,0.04,0.0,0.01,0.18,76.0,43.0,8.3,26.0
2012.0,0.15,0.1,0.03,0.04,0.32,70.0,33.0,4.8,136.0
2012.0,0.11,0.06,0.01,0.02,0.19,69.0,17.0,5.6,98.0
2007.0,0.0,0.04,0.0,0.01,0.05,79.0,22.0,6.9,40.0
2010.0,0.0,0.21,0.0,0.05,0.25,62.0,26.0,3.5,104.0
2005.0,0.0,0.07,0.0,0.01,0.08,90.0,23.0,7.9,95.0
2002.0,0.02,0.01,0.0,0.0,0.03,70.0,5.0,8.0,5.0
2004.0,0.07,0.02,0.0,0.0,0.1,69.0,25.0,7.4,5.0
1998.0,0.03,0.02,0.0,0.0,0.05,69.0,8.0,7.5,4.0
2000.0,0.03,0.03,0.0,0.01,0.07,72.0,12.0,7.5,4.0
2009.0,0.26,0.2,0.0,0.05,0.52,70.0,10.0,7.5,4.0
2009.0,0.14,0.13,0.0,0.03,0.31,58.0,13.0,2.1,35.0
1988.0,0.0,0.02,0.0,0.01,0.03,64.0,75.0,2.2,4572.0
2013.0,0.48,0.77,0.0,0.17,1.42,64.0,75.0,2.2,4572.0
2003.0,0.08,0.03,0.0,0.0,0.11,62.0,9.0,7.8,11.0
2003.0,0.01,0.24,0.0,0.03,0.29,84.0,36.0,8.7,268.0
2008.0,0.36,0.02,0.04,0.04,0.46,67.0,17.0,6.8,13.0
2008.0,0.29,0.02,0.0,0.03,0.34,69.0,16.0,7.3,8.0
2007.0,0.33,0.02,0.21,0.03,0.6,69.0,27.0,6.3,18.0
2007.0,0.0,0.02,0.0,0.0,0.02,63.0,27.0,4.3,95.0
2012.0,0.13,0.12,0.0,0.02,0.27,60.0,21.0,5.4,18.0
2007.0,0.45,0.56,0.0,0.12,1.13,82.0,48.0,5.9,15.0
2014.0,0.0,0.16,0.0,0.03,0.19,47.0,19.0,4.1,18.0
2005.0,0.27,0.02,0.0,1.02,1.3,78.0,22.0,8.3,6.0
2008.0,0.27,0.5,0.0,0.16,0.93,70.0,26.0,5.5,4.0
2010.0,0.09,0.31,0.0,0.11,0.52,65.0,21.0,3.9,8.0
2007.0,0.04,1.08,0.0,0.32,1.44,73.0,13.0,7.5,8.0
2010.0,0.0,0.04,0.0,0.01,0.05,76.0,36.0,7.7,326.0
2008.0,0.0,0.02,0.0,0.0,0.03,87.0,52.0,8.2,275.0
2003.0,0.09,0.07,0.0,0.02,0.18,72.0,48.0,7.8,41.0
2008.0,0.0,0.17,0.09,0.01,0.27,78.0,42.0,8.1,87.0
2008.0,0.17,0.0,0.0,0.01,0.18,34.0,4.0,7.0,4.0
2009.0,0.27,0.09,0.0,0.04,0.4,43.0,7.0,7.1,7.0
2007.0,0.62,0.03,0.0,0.06,0.71,86.0,59.0,8.4,137.0
2007.0,0.29,0.04,0.0,0.03,0.37,85.0,31.0,8.2,57.0
2009.0,0.82,0.17,0.01,0.09,1.09,84.0,70.0,8.0,72.0
2009.0,0.46,0.25,0.01,0.12,0.84,84.0,50.0,7.8,53.0
2010.0,1.47,0.93,0.0,0.24,2.63,80.0,65.0,8.0,127.0
2010.0,0.79,0.88,0.0,0.32,1.98,80.0,46.0,7.6,82.0
2008.0,0.5,0.03,0.0,0.04,0.58,70.0,37.0,8.4,25.0
2008.0,0.14,0.02,0.0,0.01,0.17,72.0,13.0,7.8,12.0
2000.0,0.0,0.0,0.09,0.0,0.09,93.0,21.0,9.4,98.0
2002.0,0.17,0.04,0.0,0.01,0.22,84.0,31.0,9.2,95.0
2011.0,1.35,1.13,0.0,0.3,2.78,81.0,11.0,5.6,31.0
2011.0,0.53,0.34,0.0,0.1,0.97,78.0,35.0,5.2,53.0
2011.0,0.39,0.39,0.0,0.16,0.94,77.0,18.0,4.8,42.0
2011.0,0.32,0.2,0.0,0.05,0.57,82.0,8.0,4.9,62.0
2015.0,0.25,0.19,0.0,0.04,0.48,87.0,13.0,5.6,65.0
2015.0,0.17,0.08,0.0,0.05,0.31,81.0,51.0,3.3,29.0
2015.0,0.17,0.05,0.0,0.02,0.24,76.0,15.0,5.5,17.0
2014.0,0.38,0.26,0.0,0.06,0.7,86.0,4.0,7.1,18.0
2014.0,0.19,0.18,0.0,0.07,0.44,78.0,46.0,5.6,32.0
2012.0,1.48,0.83,0.0,0.21,2.52,78.0,8.0,7.0,20.0
2012.0,0.75,0.44,0.0,0.11,1.3,80.0,35.0,6.6,38.0
2012.0,0.36,0.49,0.0,0.2,1.06,77.0,21.0,6.3,18.0
2012.0,0.22,0.12,0.0,0.03,0.37,80.0,8.0,6.9,22.0
2012.0,0.12,0.01,0.0,0.01,0.14,59.0,9.0,5.0,13.0
2016.0,0.04,0.08,0.0,0.02,0.14,80.0,47.0,5.5,17.0
2016.0,0.05,0.04,0.0,0.01,0.1,78.0,14.0,6.0,8.0
2013.0,0.86,0.34,0.0,0.12,1.32,83.0,37.0,5.7,45.0
2013.0,0.43,0.42,0.0,0.17,1.02,83.0,31.0,5.3,33.0
2013.0,0.38,0.15,0.0,0.05,0.58,89.0,7.0,6.0,96.0
2013.0,0.2,0.12,0.0,0.06,0.39,79.0,7.0,5.2,45.0
2013.0,0.1,0.12,0.0,0.02,0.24,68.0,12.0,6.4,13.0
2000.0,0.16,0.12,0.0,0.04,0.32,79.0,18.0,8.4,9.0
2002.0,0.22,0.17,0.0,0.06,0.45,73.0,22.0,7.7,6.0
2012.0,0.31,0.49,0.05,0.19,1.04,83.0,40.0,7.7,645.0
2012.0,0.38,0.4,0.01,0.08,0.87,80.0,47.0,7.9,468.0
2012.0,0.06,0.05,0.0,0.01,0.12,81.0,23.0,8.2,1209.0
2004.0,0.88,0.69,0.0,0.23,1.81,88.0,64.0,9.0,178.0
2005.0,0.69,0.03,0.0,0.11,0.83,83.0,59.0,8.8,130.0
2013.0,0.35,0.12,0.0,0.08,0.54,75.0,69.0,8.3,343.0
2013.0,0.13,0.06,0.0,0.06,0.25,75.0,15.0,8.2,148.0
2002.0,1.03,0.14,0.0,0.04,1.21,86.0,41.0,8.6,184.0
2005.0,0.07,0.0,0.0,0.01,0.08,45.0,19.0,5.4,5.0
2007.0,0.52,0.75,0.0,0.16,1.43,65.0,26.0,7.6,10.0
2003.0,0.06,0.04,0.0,0.01,0.11,67.0,15.0,9.0,5.0
2007.0,0.01,0.01,0.01,0.01,0.04,68.0,30.0,6.3,4.0
2002.0,0.08,0.07,0.0,0.02,0.17,73.0,15.0,7.4,10.0
2004.0,0.06,0.05,0.0,0.02,0.13,74.0,41.0,9.1,12.0
2000.0,0.77,0.6,0.0,0.2,1.56,79.0,21.0,6.8,18.0
2002.0,0.01,0.0,0.0,0.0,0.01,41.0,5.0,4.3,12.0
2002.0,0.06,0.02,0.0,0.0,0.08,79.0,23.0,6.9,11.0
2002.0,0.07,0.02,0.0,0.0,0.1,28.0,13.0,4.6,8.0
2008.0,0.0,0.45,0.0,0.03,0.49,36.0,7.0,3.6,16.0
2010.0,0.54,0.5,0.0,0.12,1.16,45.0,39.0,5.8,89.0
2010.0,0.0,0.13,0.0,0.03,0.16,55.0,23.0,5.5,267.0
2011.0,0.27,0.34,0.04,0.13,0.79,53.0,17.0,6.0,34.0
2013.0,0.05,0.18,0.03,0.07,0.33,52.0,15.0,6.0,82.0
2013.0,0.06,0.12,0.0,0.02,0.2,52.0,33.0,5.7,110.0
2013.0,0.02,0.05,0.0,0.01,0.08,52.0,24.0,5.8,320.0
2005.0,0.1,0.07,0.0,0.02,0.19,76.0,21.0,8.9,36.0
2005.0,0.07,0.02,0.0,0.0,0.09,77.0,25.0,8.5,11.0
2005.0,0.0,0.01,0.0,0.0,0.02,76.0,13.0,8.0,142.0
2014.0,0.24,0.34,0.0,0.11,0.68,67.0,41.0,7.1,178.0
2014.0,0.2,0.11,0.0,0.03,0.35,63.0,12.0,6.6,68.0
2012.0,0.38,0.38,0.06,0.14,0.96,70.0,21.0,6.9,92.0
2012.0,0.46,0.28,0.02,0.07,0.84,67.0,37.0,6.8,131.0
2013.0,0.0,0.02,0.0,0.0,0.02,58.0,5.0,5.8,30.0
2008.0,0.06,0.0,0.0,0.0,0.07,73.0,18.0,8.0,4.0
2006.0,0.09,0.0,0.0,0.01,0.1,48.0,19.0,4.8,6.0
2006.0,0.04,0.0,0.0,0.0,0.05,76.0,7.0,7.8,4.0
2002.0,2.53,0.81,0.06,0.24,3.65,82.0,42.0,7.9,82.0
2006.0,1.74,0.02,0.0,0.28,2.04,72.0,38.0,9.0,34.0
2008.0,0.94,0.16,0.02,0.13,1.25,63.0,64.0,6.9,223.0
2005.0,1.03,0.0,0.01,0.08,1.12,82.0,44.0,8.6,63.0
2006.0,0.81,0.11,0.0,0.13,1.05,81.0,31.0,9.0,36.0
2010.0,0.17,0.13,0.06,0.08,0.44,74.0,51.0,8.0,20.0
2005.0,1.22,0.34,0.04,0.1,1.69,82.0,59.0,8.8,64.0
2011.0,0.66,0.11,0.04,0.08,0.89,67.0,64.0,6.3,121.0
2003.0,2.22,0.51,0.06,0.15,2.94,87.0,42.0,9.0,93.0
2010.0,0.08,0.04,0.07,0.01,0.2,76.0,40.0,7.9,23.0
2001.0,0.27,0.21,0.0,0.07,0.56,59.0,14.0,6.8,17.0
2007.0,0.18,0.0,0.0,0.02,0.2,50.0,35.0,5.6,20.0
2007.0,0.12,0.02,0.0,0.01,0.15,50.0,14.0,5.4,13.0
2003.0,0.17,0.05,0.0,0.01,0.23,61.0,26.0,6.5,13.0
2016.0,0.06,0.0,0.0,0.01,0.08,69.0,41.0,7.3,30.0
2016.0,0.05,0.0,0.0,0.01,0.06,66.0,12.0,6.9,20.0
2016.0,0.03,0.0,0.0,0.0,0.03,73.0,12.0,6.3,15.0
2009.0,1.34,0.6,0.0,0.31,2.26,80.0,35.0,8.6,43.0
2009.0,0.85,0.43,0.0,0.13,1.41,79.0,45.0,8.5,40.0
2001.0,1.19,0.71,0.22,0.13,2.24,87.0,22.0,8.1,48.0
2002.0,0.93,0.59,0.21,0.07,1.8,83.0,23.0,8.3,46.0
2004.0,0.74,0.52,0.08,0.06,1.4,79.0,30.0,8.4,34.0
2001.0,0.0,0.0,0.12,0.0,0.12,89.0,18.0,8.6,236.0
2001.0,1.7,0.59,0.21,0.07,2.56,73.0,28.0,8.3,179.0
2003.0,0.87,0.3,0.06,0.03,1.27,57.0,27.0,7.9,139.0
2009.0,0.64,0.34,0.01,0.1,1.09,54.0,51.0,6.9,198.0
2007.0,1.21,1.19,0.04,0.29,2.73,69.0,44.0,6.6,174.0
2014.0,0.19,0.09,0.0,0.03,0.31,32.0,28.0,3.6,587.0
2014.0,0.17,0.09,0.0,0.03,0.29,47.0,21.0,6.3,160.0
2008.0,0.5,0.29,0.01,0.08,0.88,74.0,55.0,7.3,81.0
2010.0,0.92,0.73,0.0,0.17,1.83,70.0,24.0,7.5,28.0
2010.0,0.92,0.6,0.01,0.15,1.68,78.0,58.0,8.5,301.0
2010.0,0.69,0.47,0.01,0.12,1.29,79.0,26.0,7.9,66.0
2010.0,0.74,0.25,0.0,0.09,1.09,47.0,52.0,2.1,98.0
2011.0,0.6,0.69,0.02,0.26,1.58,76.0,38.0,8.2,253.0
2011.0,0.71,0.53,0.0,0.13,1.38,77.0,49.0,8.3,340.0
2011.0,0.44,0.47,0.01,0.09,1.02,66.0,29.0,6.9,108.0
2011.0,0.02,0.07,0.0,0.02,0.11,77.0,11.0,8.3,337.0
2003.0,1.04,1.37,0.06,0.49,2.96,64.0,29.0,7.8,94.0
2003.0,1.05,0.44,0.06,0.04,1.6,72.0,49.0,7.8,125.0
2003.0,0.41,0.43,0.01,0.05,0.9,73.0,28.0,7.6,34.0
2013.0,0.24,0.14,0.07,0.03,0.49,59.0,34.0,6.5,144.0
2013.0,0.23,0.12,0.01,0.03,0.39,63.0,64.0,7.3,461.0
2002.0,1.47,0.48,0.05,0.06,2.05,75.0,26.0,8.8,41.0
2004.0,1.54,1.14,0.0,0.22,2.9,73.0,21.0,8.6,30.0
2004.0,0.61,0.26,0.0,0.04,0.91,75.0,20.0,7.9,12.0
2006.0,0.71,0.18,0.0,0.03,0.92,59.0,32.0,8.0,46.0
2006.0,0.42,0.02,0.0,0.07,0.5,55.0,41.0,7.2,25.0
2006.0,0.1,0.03,0.0,0.0,0.13,56.0,33.0,8.1,7.0
2008.0,0.48,0.32,0.02,0.09,0.91,56.0,26.0,8.1,57.0
2008.0,0.09,0.07,0.0,0.02,0.18,56.0,16.0,8.3,27.0
2006.0,0.73,0.42,0.0,0.27,1.42,64.0,25.0,7.8,38.0
2007.0,0.44,0.67,0.0,0.37,1.48,60.0,24.0,7.8,35.0
2005.0,1.21,1.56,0.06,0.29,3.12,82.0,43.0,8.5,101.0
2007.0,0.53,0.48,0.01,0.12,1.15,78.0,32.0,8.2,66.0
2006.0,0.41,0.06,0.04,0.66,1.16,43.0,17.0,4.1,176.0
2006.0,0.44,0.48,0.0,0.11,1.04,46.0,38.0,4.4,455.0
2008.0,1.26,0.67,0.02,0.21,2.16,66.0,30.0,7.3,136.0
2008.0,0.56,0.32,0.01,0.14,1.02,54.0,24.0,7.9,130.0
2008.0,0.54,0.32,0.0,0.09,0.95,60.0,50.0,7.8,238.0
2008.0,0.37,0.04,0.0,0.36,0.76,66.0,5.0,6.7,49.0
2012.0,0.14,0.11,0.0,0.05,0.29,70.0,52.0,7.3,57.0
2013.0,0.0,0.0,0.03,0.0,0.03,65.0,17.0,7.3,44.0
2008.0,0.05,0.02,0.0,0.01,0.08,78.0,33.0,8.0,22.0
1999.0,0.0,0.0,0.34,0.0,0.34,98.0,24.0,8.8,200.0
2009.0,0.12,0.2,0.07,0.12,0.51,80.0,52.0,6.2,45.0
2003.0,1.06,0.62,0.13,0.25,2.06,92.0,41.0,8.8,120.0
2003.0,0.99,0.32,0.11,0.08,1.5,93.0,45.0,9.1,135.0
2003.0,0.78,0.18,0.03,0.0,1.0,92.0,39.0,8.9,54.0
2005.0,0.74,0.15,0.13,0.05,1.07,86.0,57.0,8.4,96.0
2008.0,0.92,0.43,0.07,0.15,1.58,85.0,62.0,7.9,157.0
2008.0,0.72,0.4,0.14,0.2,1.46,85.0,65.0,7.9,129.0
2007.0,0.16,0.01,0.0,0.01,0.18,52.0,35.0,5.7,24.0
2012.0,0.35,0.23,0.07,0.09,0.75,81.0,53.0,6.7,150.0
2012.0,0.39,0.13,0.02,0.04,0.58,77.0,56.0,6.2,124.0
2001.0,0.27,0.21,0.0,0.07,0.55,80.0,22.0,8.5,35.0
2013.0,0.15,0.08,0.22,0.06,0.51,77.0,71.0,8.2,298.0
2014.0,0.0,0.08,0.12,0.02,0.22,82.0,24.0,8.4,125.0
2014.0,0.43,0.34,0.0,0.16,0.92,85.0,31.0,8.5,575.0
2014.0,0.58,0.26,0.0,0.09,0.92,82.0,33.0,8.4,363.0
2014.0,0.07,0.1,0.0,0.01,0.19,85.0,48.0,8.6,1739.0
2002.0,0.01,0.0,0.0,0.0,0.02,55.0,15.0,8.0,5.0
2003.0,0.04,0.03,0.0,0.01,0.08,79.0,16.0,8.6,10.0
2008.0,0.1,0.0,0.0,0.01,0.11,57.0,7.0,5.3,12.0
2008.0,0.12,0.01,0.01,0.01,0.15,85.0,41.0,7.6,16.0
2008.0,0.06,0.01,0.01,0.01,0.09,84.0,29.0,6.8,13.0
2009.0,0.17,0.01,0.0,0.01,0.19,82.0,38.0,7.1,8.0
2005.0,0.01,0.0,0.0,0.0,0.01,49.0,9.0,5.2,5.0
2005.0,0.11,0.09,0.0,0.03,0.22,74.0,33.0,8.4,65.0
2005.0,0.1,0.03,0.0,0.0,0.13,73.0,36.0,8.8,12.0
2005.0,0.05,0.01,0.0,0.0,0.07,73.0,24.0,8.3,15.0
2003.0,0.22,0.17,0.0,0.06,0.44,56.0,33.0,7.4,21.0
2003.0,0.13,0.04,0.0,0.01,0.17,57.0,27.0,9.2,5.0
2003.0,0.05,0.01,0.0,0.0,0.07,61.0,19.0,7.2,9.0
2005.0,0.03,0.01,0.0,0.0,0.03,60.0,10.0,6.5,4.0
2001.0,0.49,0.33,0.0,0.06,0.87,48.0,4.0,6.6,16.0
2012.0,0.19,0.23,0.04,0.08,0.54,77.0,27.0,8.0,350.0
2012.0,0.21,0.17,0.0,0.04,0.42,76.0,59.0,8.2,319.0
2012.0,0.11,0.09,0.0,0.02,0.23,76.0,16.0,8.2,1237.0
2006.0,0.08,0.0,0.0,0.01,0.09,59.0,16.0,7.5,19.0
2008.0,0.08,0.0,0.01,0.01,0.09,46.0,8.0,7.0,5.0
2005.0,0.03,0.0,0.0,0.0,0.03,47.0,27.0,8.2,12.0
2007.0,0.66,0.02,0.0,0.06,0.74,63.0,37.0,7.9,31.0
2008.0,0.36,0.11,0.0,0.04,0.51,70.0,26.0,7.7,14.0
2009.0,0.16,0.02,0.0,0.01,0.19,71.0,22.0,8.4,16.0
2003.0,0.05,0.04,0.0,0.01,0.09,61.0,13.0,7.8,6.0
2003.0,0.04,0.01,0.0,0.0,0.05,60.0,16.0,8.8,4.0
2009.0,0.01,0.05,0.0,0.01,0.07,37.0,14.0,3.8,11.0
2003.0,0.11,0.03,0.0,0.0,0.14,79.0,22.0,8.8,12.0
2003.0,0.09,0.02,0.0,0.0,0.12,79.0,21.0,9.1,11.0
2000.0,1.7,1.25,0.02,0.16,3.13,87.0,19.0,9.0,107.0
2006.0,0.12,0.0,0.0,0.01,0.13,68.0,13.0,6.9,8.0
2011.0,0.18,0.05,0.0,0.02,0.25,57.0,50.0,6.8,33.0
2011.0,0.13,0.07,0.0,0.03,0.22,58.0,43.0,7.2,29.0
2011.0,0.08,0.03,0.0,0.01,0.12,50.0,7.0,6.4,12.0
2011.0,0.06,0.02,0.0,0.01,0.09,62.0,9.0,5.2,6.0
2007.0,0.31,0.01,0.0,0.05,0.37,62.0,15.0,8.3,19.0
2007.0,0.26,0.01,0.0,0.02,0.29,60.0,51.0,6.3,26.0
2007.0,0.16,0.0,0.0,0.01,0.18,58.0,7.0,4.4,9.0
2007.0,0.13,0.0,0.0,0.01,0.14,59.0,29.0,8.0,6.0
2007.0,0.01,0.0,0.0,0.0,0.01,57.0,9.0,5.3,11.0
2001.0,0.43,0.16,0.0,0.01,0.61,84.0,8.0,8.7,11.0
2010.0,0.26,0.12,0.0,0.05,0.44,74.0,57.0,7.5,96.0
2010.0,0.24,0.08,0.0,0.03,0.36,76.0,68.0,7.6,96.0
2010.0,0.12,0.09,0.0,0.02,0.24,75.0,13.0,7.7,15.0
2010.0,0.17,0.01,0.0,0.01,0.19,73.0,13.0,7.0,6.0
2002.0,2.71,1.51,0.03,0.23,4.48,76.0,25.0,7.9,41.0
2002.0,1.07,0.28,0.0,0.05,1.4,79.0,29.0,7.5,11.0
2002.0,0.86,0.27,0.01,0.04,1.19,76.0,14.0,7.3,11.0
2008.0,0.36,0.02,0.0,0.03,0.4,68.0,57.0,8.6,87.0
2008.0,0.2,0.04,0.0,0.02,0.26,67.0,44.0,7.9,34.0
2008.0,0.22,0.01,0.0,0.02,0.25,63.0,20.0,6.9,13.0
2008.0,0.1,0.08,0.0,0.03,0.21,69.0,4.0,4.1,16.0
2008.0,0.09,0.0,0.0,0.01,0.1,77.0,12.0,7.5,14.0
2008.0,0.0,0.02,0.0,0.0,0.02,52.0,11.0,7.8,57.0
2004.0,1.75,1.2,0.02,0.43,3.41,80.0,50.0,8.9,106.0
2004.0,0.82,0.26,0.0,0.04,1.12,83.0,60.0,8.3,40.0
2004.0,0.76,0.28,0.0,0.02,1.06,65.0,12.0,7.7,6.0
2004.0,0.65,0.17,0.0,0.02,0.84,80.0,41.0,8.8,30.0
2004.0,0.41,0.02,0.03,0.04,0.49,61.0,46.0,5.0,6.0
2005.0,0.35,0.21,0.0,0.14,0.7,67.0,43.0,6.9,8.0
2001.0,0.57,0.87,0.02,0.09,1.55,74.0,15.0,8.7,35.0
2007.0,0.74,0.03,0.01,0.12,0.9,50.0,14.0,6.5,28.0
2007.0,0.26,0.29,0.02,0.11,0.67,60.0,33.0,7.0,40.0
2007.0,0.49,0.04,0.0,0.04,0.57,63.0,61.0,7.0,53.0
2007.0,0.42,0.02,0.0,0.04,0.47,53.0,39.0,5.3,29.0
2007.0,0.41,0.02,0.0,0.04,0.47,79.0,21.0,6.5,17.0
2007.0,0.01,0.23,0.0,0.05,0.3,52.0,7.0,7.4,9.0
2007.0,0.02,0.0,0.0,0.0,0.02,62.0,16.0,7.1,29.0
2012.0,0.13,0.02,0.06,0.01,0.22,54.0,35.0,6.1,28.0
2001.0,0.34,0.27,0.0,0.09,0.7,84.0,22.0,8.2,11.0
2003.0,0.24,0.19,0.0,0.06,0.5,80.0,25.0,8.7,16.0
2015.0,1.54,1.18,1.46,0.26,4.43,81.0,88.0,8.5,1184.0
2010.0,0.14,0.03,0.0,0.01,0.18,62.0,51.0,7.6,60.0
2010.0,0.32,0.23,0.0,0.06,0.6,82.0,78.0,8.1,101.0
2010.0,0.08,0.02,0.0,0.02,0.11,63.0,16.0,6.7,15.0
2010.0,0.0,0.04,0.0,0.01,0.04,79.0,18.0,8.2,116.0
2003.0,1.08,0.45,0.0,0.14,1.67,71.0,9.0,9.0,85.0
2003.0,0.74,0.19,0.0,0.03,0.95,71.0,10.0,8.6,34.0
2003.0,0.45,0.1,0.0,0.02,0.57,70.0,8.0,8.9,17.0
2006.0,0.44,0.02,0.0,0.04,0.49,57.0,16.0,5.6,7.0
2006.0,0.45,0.0,0.0,0.04,0.49,56.0,7.0,7.3,4.0
2006.0,0.25,0.07,0.0,0.01,0.33,74.0,5.0,7.7,12.0
2002.0,0.92,0.23,0.0,0.04,1.19,71.0,4.0,7.7,7.0
2002.0,0.15,0.04,0.0,0.01,0.2,66.0,4.0,8.3,10.0
2005.0,0.31,0.0,0.0,0.02,0.34,67.0,5.0,7.6,10.0
2006.0,0.55,0.21,0.0,0.16,0.92,48.0,9.0,6.4,13.0
2008.0,0.49,0.0,0.0,0.04,0.53,47.0,5.0,5.4,10.0
2011.0,0.13,0.05,0.0,0.02,0.19,64.0,8.0,6.0,8.0
2008.0,0.03,1.06,0.0,0.08,1.17,84.0,75.0,5.3,1711.0
2008.0,0.66,0.3,0.0,0.1,1.06,65.0,20.0,6.5,21.0
2009.0,0.35,0.02,0.0,0.03,0.4,61.0,23.0,7.1,36.0
2009.0,0.18,0.0,0.0,0.01,0.19,49.0,11.0,2.6,8.0
2010.0,2.13,1.12,0.1,0.5,3.84,76.0,64.0,7.9,104.0
2008.0,0.04,0.0,0.0,0.0,0.04,42.0,16.0,4.5,6.0
2009.0,0.09,0.01,0.0,0.01,0.11,66.0,30.0,6.3,6.0
2001.0,1.13,0.32,0.0,0.22,1.67,84.0,28.0,7.8,13.0
2006.0,0.01,0.01,0.0,0.0,0.02,51.0,21.0,6.0,6.0
2003.0,0.24,0.19,0.0,0.06,0.49,57.0,30.0,6.4,8.0
2003.0,0.24,0.09,0.0,0.01,0.33,62.0,4.0,7.7,6.0
2004.0,0.32,0.25,0.0,0.08,0.64,60.0,16.0,8.0,44.0
2004.0,0.22,0.06,0.0,0.01,0.29,62.0,13.0,8.3,10.0
2004.0,0.11,0.03,0.0,0.01,0.14,64.0,17.0,9.1,10.0
2003.0,0.22,0.08,0.0,0.01,0.3,72.0,13.0,7.5,15.0
2002.0,0.74,0.95,0.0,0.28,1.97,56.0,20.0,4.1,95.0
2002.0,0.55,0.14,0.0,0.02,0.71,48.0,13.0,5.1,24.0
2001.0,1.29,0.83,0.0,0.11,2.23,74.0,16.0,8.0,13.0
2005.0,0.14,0.01,0.0,0.01,0.16,50.0,18.0,5.7,16.0
2000.0,1.93,1.58,0.0,0.19,3.71,91.0,15.0,8.8,207.0
2002.0,0.85,0.65,0.0,0.08,1.58,76.0,18.0,7.6,13.0
2004.0,0.41,0.15,0.0,0.01,0.57,60.0,25.0,7.0,12.0
2005.0,0.08,0.02,0.0,0.0,0.11,53.0,34.0,8.0,8.0
2000.0,0.78,0.61,0.06,0.2,1.66,93.0,35.0,8.3,33.0
2012.0,0.35,0.41,0.02,0.14,0.91,81.0,38.0,6.8,110.0
2012.0,0.38,0.26,0.0,0.06,0.7,82.0,65.0,6.4,186.0
2003.0,0.93,0.52,0.0,0.22,1.67,93.0,41.0,9.1,125.0
2003.0,0.29,0.08,0.0,0.01,0.39,92.0,27.0,8.7,25.0
2003.0,0.29,0.08,0.0,0.01,0.38,92.0,27.0,8.7,45.0
2007.0,0.29,0.01,0.0,0.03,0.33,74.0,52.0,8.1,60.0
2005.0,0.25,0.2,0.0,0.07,0.52,80.0,41.0,7.9,26.0
2005.0,0.19,0.02,0.0,0.02,0.23,79.0,23.0,8.1,44.0
2005.0,0.13,0.03,0.0,0.0,0.17,80.0,27.0,7.5,14.0
2005.0,0.11,0.03,0.0,0.01,0.14,81.0,35.0,8.1,10.0
2001.0,0.85,0.66,0.0,0.22,1.73,92.0,33.0,8.9,71.0
2001.0,0.42,0.11,0.0,0.01,0.54,87.0,20.0,8.6,18.0
2001.0,0.32,0.09,0.0,0.02,0.43,88.0,22.0,8.5,11.0
2006.0,0.04,0.03,0.0,0.01,0.07,63.0,23.0,5.3,7.0
2003.0,0.02,0.01,0.0,0.0,0.02,26.0,8.0,3.7,6.0
1998.0,0.0,0.04,0.0,0.01,0.05,88.0,15.0,9.1,813.0
2013.0,0.83,0.66,0.0,0.18,1.67,86.0,68.0,7.9,1346.0
2015.0,0.19,0.29,0.0,0.04,0.53,88.0,62.0,8.3,833.0
2010.0,2.57,1.68,0.0,0.58,4.84,93.0,82.0,8.2,3052.0
2005.0,0.68,0.18,0.19,0.03,1.08,67.0,59.0,8.1,106.0
2016.0,0.17,0.1,0.07,0.03,0.36,69.0,82.0,7.4,662.0
2011.0,0.48,0.27,0.13,0.06,0.94,81.0,65.0,8.2,231.0
2002.0,0.96,0.53,0.3,0.09,1.87,82.0,39.0,7.7,145.0
2006.0,0.38,0.01,0.1,0.04,0.53,76.0,56.0,7.3,56.0
2012.0,0.18,0.05,0.03,0.03,0.29,77.0,71.0,7.8,188.0
2007.0,0.2,0.13,0.22,0.09,0.64,74.0,32.0,7.4,28.0
2008.0,0.14,0.01,0.16,0.02,0.34,75.0,37.0,7.1,26.0
2009.0,0.32,0.2,0.21,0.06,0.79,72.0,56.0,7.2,150.0
2010.0,0.28,0.15,0.22,0.07,0.72,74.0,45.0,6.7,155.0
1998.0,0.26,0.1,0.72,0.02,1.1,80.0,13.0,8.5,44.0
2003.0,0.8,0.21,0.55,0.15,1.72,80.0,55.0,7.7,134.0
2005.0,0.0,0.02,0.0,0.0,0.02,46.0,18.0,6.1,29.0
2007.0,0.11,0.01,0.0,0.01,0.12,49.0,18.0,4.9,11.0
2006.0,0.0,0.01,0.0,0.0,0.02,56.0,25.0,4.0,35.0
2004.0,0.05,0.04,0.0,0.01,0.1,42.0,19.0,8.3,18.0
2004.0,0.03,0.01,0.0,0.0,0.04,41.0,21.0,4.0,10.0
2006.0,0.05,0.01,0.0,0.0,0.06,63.0,15.0,7.0,10.0
2006.0,0.02,0.0,0.0,0.0,0.03,64.0,15.0,7.9,10.0
2001.0,0.07,0.06,0.0,0.02,0.15,52.0,12.0,6.4,5.0
2010.0,0.0,0.02,0.0,0.0,0.02,66.0,34.0,6.2,694.0
2004.0,1.93,1.22,0.03,0.44,3.61,82.0,36.0,8.7,142.0
2004.0,1.24,0.45,0.0,0.07,1.75,80.0,55.0,9.1,57.0
2004.0,0.07,0.13,0.0,0.02,0.21,72.0,19.0,3.5,1509.0
2005.0,2.18,1.02,0.03,0.37,3.59,84.0,30.0,9.0,268.0
2005.0,1.22,0.39,0.0,0.06,1.67,83.0,40.0,8.9,106.0
2005.0,1.05,0.05,0.01,0.1,1.21,69.0,22.0,8.5,111.0
2005.0,0.02,0.13,0.0,0.02,0.17,78.0,23.0,8.8,431.0
2002.0,0.53,0.42,0.0,0.14,1.09,65.0,32.0,8.3,33.0
2002.0,0.2,0.05,0.0,0.01,0.26,67.0,20.0,7.6,16.0
2000.0,0.25,0.17,0.0,0.03,0.46,63.0,11.0,6.5,6.0
2006.0,0.01,0.06,0.0,0.01,0.08,79.0,45.0,8.4,240.0
2006.0,0.0,0.02,0.0,0.0,0.02,75.0,25.0,8.6,79.0
2003.0,0.25,0.09,0.0,0.01,0.35,39.0,13.0,5.8,11.0
2002.0,0.24,0.19,0.0,0.06,0.5,81.0,22.0,8.3,8.0
2002.0,0.35,0.07,0.0,0.02,0.44,78.0,22.0,5.2,5.0
2003.0,1.68,0.44,0.0,0.08,2.19,94.0,72.0,9.2,317.0
2003.0,0.01,0.1,0.0,0.02,0.14,93.0,33.0,9.0,1497.0
2006.0,0.11,0.01,0.0,0.01,0.13,61.0,31.0,7.0,7.0
2001.0,0.52,0.16,0.0,0.02,0.7,58.0,28.0,5.9,14.0
2005.0,0.48,0.17,0.0,0.02,0.67,78.0,54.0,8.9,89.0
2005.0,0.0,0.04,0.0,0.01,0.05,78.0,34.0,8.7,279.0
2001.0,0.61,0.87,0.02,0.26,1.76,84.0,25.0,8.0,21.0
2001.0,0.08,0.06,0.0,0.02,0.16,71.0,21.0,4.9,8.0
2008.0,1.74,0.77,0.0,0.26,2.77,73.0,74.0,6.7,389.0
2008.0,1.01,0.85,0.0,0.35,2.21,71.0,47.0,6.6,233.0
2008.0,1.11,0.56,0.0,0.18,1.86,71.0,18.0,7.9,75.0
2008.0,0.49,0.0,0.01,0.75,1.25,68.0,7.0,7.4,33.0
2008.0,0.43,0.4,0.0,0.24,1.08,70.0,10.0,8.1,49.0
2008.0,0.5,0.28,0.0,0.09,0.88,61.0,8.0,5.5,18.0
2010.0,0.8,0.49,0.0,0.21,1.5,63.0,41.0,6.8,121.0
2010.0,0.95,0.37,0.0,0.11,1.43,61.0,59.0,5.7,180.0
2010.0,0.52,0.18,0.0,0.06,0.76,71.0,10.0,7.8,31.0
2010.0,0.17,0.03,0.0,0.02,0.21,43.0,5.0,4.0,5.0
2010.0,0.03,0.0,0.0,0.0,0.03,59.0,14.0,5.8,162.0
2011.0,1.58,1.01,0.0,0.38,2.96,85.0,73.0,5.9,2748.0
2009.0,0.38,0.23,0.0,0.15,0.76,63.0,25.0,8.0,41.0
2009.0,0.42,0.03,0.0,0.04,0.49,61.0,12.0,5.0,8.0
2007.0,0.9,0.46,0.0,0.32,1.67,73.0,35.0,7.9,46.0
2002.0,0.55,0.2,0.0,0.01,0.77,38.0,14.0,5.0,6.0
2005.0,1.47,1.39,0.03,0.43,3.32,60.0,34.0,7.2,82.0
2005.0,0.82,0.38,0.0,0.04,1.24,61.0,44.0,8.1,54.0
2005.0,0.52,0.19,0.0,0.01,0.72,73.0,13.0,7.5,12.0
2005.0,0.25,0.03,0.0,0.02,0.3,73.0,22.0,7.8,19.0
2003.0,0.34,0.1,0.0,0.02,0.45,76.0,30.0,8.7,30.0
2003.0,0.0,0.03,0.0,0.0,0.03,81.0,34.0,8.6,293.0
2002.0,0.18,0.05,0.0,0.01,0.23,75.0,17.0,7.8,19.0
2004.0,0.99,0.33,0.0,0.05,1.37,86.0,67.0,8.6,140.0
2002.0,0.15,0.12,0.0,0.04,0.31,73.0,34.0,8.5,11.0
2001.0,1.03,0.75,0.03,0.09,1.9,90.0,45.0,8.6,80.0
2003.0,0.62,0.16,0.0,0.02,0.8,75.0,36.0,7.6,50.0
2008.0,0.61,0.11,0.0,0.06,0.78,68.0,10.0,7.8,32.0
2008.0,1.21,0.3,0.0,0.14,1.65,56.0,24.0,6.7,18.0
2009.0,0.43,0.29,0.0,0.07,0.79,48.0,10.0,6.4,5.0
2009.0,0.19,0.18,0.0,0.07,0.43,43.0,22.0,5.3,16.0
2009.0,0.18,0.17,0.0,0.04,0.39,43.0,37.0,6.3,19.0
2009.0,0.0,0.02,0.0,0.0,0.03,46.0,9.0,4.7,46.0
2002.0,0.86,0.67,0.0,0.22,1.76,71.0,34.0,5.7,33.0
2003.0,0.13,0.04,0.0,0.01,0.17,67.0,21.0,6.3,11.0
2006.0,0.04,0.03,0.0,0.01,0.08,44.0,36.0,5.8,15.0
2005.0,0.02,0.01,0.0,0.0,0.04,74.0,35.0,8.2,17.0
2008.0,0.05,0.0,0.01,0.01,0.06,54.0,14.0,6.3,8.0
2002.0,0.05,0.02,0.02,0.0,0.1,83.0,20.0,8.5,20.0
2012.0,0.08,0.02,0.02,0.01,0.13,38.0,58.0,2.4,92.0
2004.0,0.02,0.01,0.0,0.0,0.02,70.0,19.0,8.0,8.0
2011.0,0.31,0.09,0.05,0.03,0.49,58.0,55.0,6.3,29.0
2012.0,0.01,0.02,0.02,0.01,0.06,83.0,8.0,8.7,51.0
2013.0,0.04,0.04,0.0,0.02,0.1,83.0,16.0,9.2,87.0
2015.0,0.0,0.03,0.05,0.01,0.09,86.0,7.0,9.3,20.0
2015.0,0.0,0.0,0.05,0.0,0.05,81.0,17.0,8.3,29.0
2004.0,0.04,0.03,0.0,0.01,0.08,75.0,31.0,8.0,9.0
2015.0,0.16,0.01,0.05,0.02,0.24,79.0,32.0,8.7,82.0
2016.0,0.0,0.04,0.0,0.0,0.04,78.0,57.0,8.0,569.0
2005.0,0.05,0.02,0.0,0.0,0.07,70.0,29.0,8.2,5.0
2009.0,0.0,0.01,0.0,0.0,0.02,67.0,15.0,5.7,54.0
2009.0,0.18,0.01,0.0,0.01,0.21,68.0,34.0,8.6,19.0
2009.0,0.02,0.02,0.0,0.0,0.04,72.0,21.0,7.7,16.0
2005.0,0.02,0.01,0.0,0.0,0.04,51.0,16.0,7.4,16.0
2011.0,0.0,0.01,0.0,0.0,0.01,60.0,12.0,7.2,13.0
2009.0,0.13,0.02,0.0,0.02,0.17,51.0,28.0,5.3,20.0
2009.0,0.11,0.03,0.0,0.01,0.15,48.0,36.0,6.8,17.0
2009.0,0.0,0.02,0.0,0.0,0.02,42.0,15.0,4.9,22.0
2014.0,0.0,0.14,0.27,0.01,0.42,76.0,39.0,8.2,54.0
2015.0,0.02,0.0,0.0,0.01,0.04,71.0,24.0,8.0,30.0
2007.0,0.4,0.33,0.01,0.09,0.82,77.0,59.0,7.6,91.0
2007.0,0.24,0.02,0.0,0.03,0.3,77.0,22.0,7.9,48.0
1998.0,0.38,0.12,0.51,0.02,1.03,93.0,12.0,8.5,46.0
2002.0,0.11,0.04,0.0,0.0,0.15,83.0,17.0,7.8,10.0
2006.0,0.27,0.01,0.02,0.03,0.33,80.0,35.0,8.0,27.0
2004.0,0.32,0.25,0.0,0.08,0.66,78.0,30.0,8.7,20.0
2004.0,0.11,0.03,0.0,0.01,0.15,79.0,33.0,6.4,9.0
2000.0,0.32,0.25,0.2,0.08,0.85,64.0,17.0,7.9,31.0
2009.0,2.03,1.04,0.58,0.52,4.16,94.0,61.0,7.3,330.0
2009.0,1.82,0.7,0.15,0.26,2.94,93.0,77.0,7.3,292.0
2016.0,0.4,0.28,0.08,0.14,0.9,77.0,80.0,3.4,1221.0
2016.0,0.0,0.05,0.0,0.0,0.06,74.0,33.0,2.9,431.0
2012.0,0.42,0.21,0.1,0.09,0.83,84.0,51.0,5.3,191.0
2012.0,0.31,0.1,0.03,0.04,0.47,83.0,45.0,4.4,177.0
2012.0,0.1,0.04,0.01,0.03,0.19,79.0,25.0,7.5,66.0
2012.0,0.0,0.02,0.0,0.0,0.02,79.0,8.0,6.4,134.0
2002.0,0.21,0.06,0.0,0.01,0.28,58.0,22.0,8.0,4.0
2004.0,0.02,0.01,0.0,0.0,0.03,35.0,7.0,8.0,7.0
2001.0,0.02,0.02,0.0,0.01,0.05,65.0,14.0,7.8,4.0
2000.0,0.05,0.03,0.0,0.01,0.08,69.0,15.0,8.1,11.0
2004.0,0.3,0.24,0.0,0.08,0.62,48.0,14.0,6.8,4.0
1998.0,0.07,0.05,0.0,0.01,0.12,63.0,5.0,8.2,6.0
2001.0,0.0,0.09,0.0,0.02,0.11,81.0,19.0,8.9,224.0
2011.0,0.06,0.1,0.0,0.0,0.16,47.0,29.0,3.0,350.0
2008.0,0.0,0.02,0.0,0.0,0.02,45.0,11.0,6.8,45.0
2011.0,0.0,0.1,0.0,0.01,0.11,75.0,4.0,4.9,89.0
2006.0,0.0,0.01,0.0,0.0,0.02,57.0,19.0,7.2,44.0
2005.0,0.04,0.03,0.0,0.01,0.08,71.0,5.0,7.7,7.0
2005.0,0.08,0.02,0.0,0.0,0.11,75.0,55.0,8.1,16.0
2001.0,0.02,0.02,0.0,0.01,0.05,49.0,8.0,8.1,9.0
2002.0,0.76,0.59,0.0,0.2,1.55,71.0,37.0,5.7,36.0
2007.0,0.25,0.31,0.0,0.07,0.64,75.0,38.0,7.3,31.0
2007.0,0.17,0.26,0.0,0.1,0.52,76.0,18.0,6.2,12.0
2007.0,0.13,0.1,0.0,0.03,0.27,71.0,8.0,6.4,8.0
2008.0,0.62,0.82,0.96,0.18,2.58,73.0,4.0,7.7,7.0
2012.0,0.16,0.02,0.53,0.01,0.73,76.0,5.0,8.0,15.0
2004.0,0.14,0.04,0.0,0.01,0.19,72.0,75.0,8.4,49.0
2006.0,0.09,0.0,0.0,0.01,0.1,25.0,4.0,3.5,4.0
1998.0,0.15,0.1,0.38,0.04,0.68,82.0,8.0,8.4,162.0
2004.0,0.17,0.13,0.3,0.05,0.66,63.0,44.0,7.3,47.0
2005.0,0.06,0.05,0.07,0.02,0.2,68.0,31.0,8.6,17.0
2008.0,0.09,0.01,0.15,0.01,0.26,76.0,24.0,7.4,37.0
2006.0,0.08,0.06,0.19,0.02,0.35,76.0,43.0,7.6,109.0
2003.0,0.14,0.11,0.0,0.04,0.28,65.0,21.0,7.7,19.0
2008.0,0.48,0.01,0.0,0.04,0.53,46.0,7.0,4.6,7.0
2000.0,0.25,0.2,0.0,0.07,0.51,74.0,16.0,7.8,12.0
2002.0,0.1,0.08,0.0,0.03,0.21,76.0,20.0,8.3,22.0
2003.0,0.02,0.01,0.0,0.0,0.02,77.0,20.0,8.1,19.0
2007.0,0.07,0.0,0.05,0.01,0.13,73.0,21.0,7.2,11.0
2013.0,0.0,0.0,0.15,0.0,0.15,74.0,7.0,8.3,6.0
2001.0,0.02,0.01,0.0,0.0,0.03,61.0,11.0,7.9,7.0
2014.0,0.63,0.4,0.0,0.1,1.14,81.0,89.0,7.7,1137.0
2009.0,0.0,0.03,0.0,0.01,0.03,65.0,23.0,7.8,11.0
2001.0,0.55,0.43,0.0,0.14,1.12,57.0,15.0,7.6,9.0
2016.0,0.0,0.02,0.0,0.01,0.03,73.0,16.0,8.4,12.0
2006.0,0.09,0.07,0.19,0.02,0.37,72.0,31.0,5.8,21.0
2016.0,0.01,0.0,0.0,0.0,0.01,42.0,9.0,2.3,7.0
2002.0,0.05,0.02,0.0,0.0,0.07,78.0,19.0,8.8,4.0
2003.0,0.03,0.01,0.0,0.0,0.04,47.0,5.0,5.7,6.0
2002.0,0.21,0.16,0.0,0.05,0.42,64.0,22.0,7.2,9.0
2003.0,0.06,0.02,0.0,0.0,0.08,66.0,7.0,7.3,8.0
2002.0,0.1,0.03,0.0,0.0,0.13,44.0,19.0,6.0,11.0
2006.0,0.23,0.01,0.0,0.02,0.26,51.0,48.0,6.2,49.0
2006.0,0.07,0.0,0.0,0.01,0.07,33.0,8.0,4.9,13.0
2011.0,4.89,3.0,2.14,0.78,10.81,90.0,82.0,8.4,921.0
2013.0,2.11,1.16,0.73,0.32,4.32,93.0,83.0,9.0,1607.0
2001.0,3.14,1.24,0.91,0.2,5.49,84.0,19.0,7.8,41.0
2007.0,6.06,3.35,1.2,0.74,11.35,97.0,73.0,8.9,2147.0
2010.0,3.56,2.35,0.98,0.62,7.51,97.0,87.0,9.1,1854.0
2015.0,1.18,0.89,0.94,0.2,3.21,88.0,85.0,8.7,691.0
2005.0,0.98,0.38,0.2,0.04,1.61,76.0,39.0,8.7,55.0
2002.0,4.01,1.26,0.87,0.17,6.31,92.0,61.0,8.6,439.0
2001.0,0.95,0.37,0.1,0.04,1.46,87.0,28.0,7.9,46.0
2006.0,1.05,0.91,0.04,0.24,2.24,74.0,53.0,5.7,72.0
2002.0,1.11,0.31,0.06,0.04,1.52,87.0,34.0,8.5,51.0
2011.0,0.26,0.15,0.05,0.04,0.49,55.0,57.0,5.5,31.0
2006.0,0.12,0.03,0.0,0.0,0.15,51.0,24.0,7.2,9.0
2006.0,0.05,0.02,0.0,0.01,0.08,56.0,23.0,5.9,7.0
2006.0,0.01,0.01,0.0,0.0,0.03,53.0,32.0,6.7,10.0
2005.0,0.12,0.09,0.0,0.03,0.24,78.0,25.0,7.7,13.0
2005.0,0.11,0.03,0.0,0.01,0.15,81.0,25.0,8.2,9.0
2002.0,0.51,0.19,0.0,0.01,0.72,82.0,20.0,8.6,11.0
2007.0,1.95,0.86,0.59,0.31,3.71,85.0,56.0,7.9,417.0
2005.0,0.7,0.05,0.21,0.07,1.03,75.0,48.0,7.6,33.0
1996.0,0.08,0.05,0.0,0.01,0.14,83.0,9.0,7.4,5.0
2008.0,0.07,0.0,0.0,0.01,0.08,73.0,22.0,9.0,22.0
2010.0,1.06,0.29,0.0,0.11,1.46,81.0,53.0,8.2,46.0
2008.0,6.62,2.55,2.66,1.01,12.84,93.0,81.0,8.9,1662.0
2001.0,4.41,1.04,1.39,0.22,7.07,92.0,38.0,9.1,568.0
2016.0,0.0,0.01,0.0,0.0,0.01,66.0,13.0,6.2,13.0
2009.0,0.0,0.02,0.0,0.01,0.03,66.0,29.0,4.9,9.0
2001.0,0.18,0.07,0.0,0.0,0.25,84.0,17.0,7.4,10.0
2011.0,0.55,0.44,0.14,0.09,1.21,85.0,69.0,8.1,206.0
2006.0,0.14,0.01,0.07,0.01,0.22,72.0,44.0,7.8,15.0
2011.0,0.07,0.03,0.0,0.02,0.12,47.0,17.0,6.5,4.0
2011.0,0.05,0.02,0.0,0.01,0.08,49.0,17.0,6.2,11.0
2007.0,0.0,0.04,0.0,0.01,0.05,86.0,44.0,8.3,263.0
2008.0,0.07,0.01,0.0,0.01,0.09,56.0,24.0,5.7,19.0
2007.0,0.01,0.02,0.0,0.0,0.04,81.0,35.0,8.9,219.0
2010.0,0.23,0.09,0.0,0.03,0.34,75.0,28.0,7.1,23.0
2010.0,0.0,0.15,0.0,0.04,0.19,77.0,54.0,6.2,803.0
2011.0,0.0,0.03,0.0,0.01,0.03,63.0,12.0,6.8,27.0
2007.0,0.26,0.0,0.0,0.02,0.28,56.0,5.0,7.0,4.0
2007.0,0.09,0.0,0.0,0.01,0.1,61.0,15.0,6.1,9.0
2007.0,0.03,0.0,0.0,0.0,0.04,59.0,8.0,5.1,7.0
2000.0,0.12,0.1,0.0,0.03,0.25,46.0,15.0,4.6,8.0
2005.0,0.33,0.01,0.0,0.05,0.4,71.0,7.0,8.5,8.0
2003.0,0.16,0.12,0.0,0.04,0.32,69.0,21.0,7.8,16.0
2003.0,0.13,0.04,0.0,0.01,0.17,69.0,22.0,6.3,7.0
2007.0,0.03,0.0,0.0,0.0,0.04,50.0,26.0,7.7,9.0
2005.0,0.0,0.02,0.0,0.0,0.03,85.0,49.0,8.6,224.0
2002.0,0.06,0.02,0.0,0.0,0.08,72.0,11.0,9.3,4.0
2014.0,0.0,0.0,0.3,0.0,0.3,67.0,28.0,7.6,131.0
2016.0,0.06,0.02,0.1,0.02,0.19,69.0,32.0,7.7,52.0
2016.0,0.0,0.04,0.1,0.01,0.15,60.0,5.0,7.0,8.0
2015.0,0.06,0.04,0.23,0.03,0.36,70.0,4.0,7.1,27.0
2015.0,0.1,0.11,0.0,0.04,0.25,63.0,32.0,6.3,60.0
2003.0,0.31,0.11,0.3,0.02,0.74,72.0,31.0,8.3,25.0
2002.0,0.0,0.02,0.0,0.0,0.03,82.0,26.0,8.5,235.0
2003.0,0.08,0.02,0.0,0.0,0.1,72.0,17.0,7.0,5.0
2004.0,0.02,0.01,0.0,0.0,0.03,71.0,7.0,8.7,6.0
2004.0,0.0,0.01,0.0,0.0,0.02,80.0,23.0,8.3,150.0
2012.0,0.1,0.06,0.0,0.02,0.18,74.0,65.0,7.1,174.0
2012.0,0.07,0.06,0.0,0.02,0.14,75.0,29.0,6.5,106.0
2006.0,0.26,0.01,0.0,0.03,0.29,87.0,58.0,9.0,118.0
2007.0,0.14,0.11,0.0,0.04,0.28,70.0,24.0,7.8,12.0
2007.0,0.25,0.12,0.0,0.09,0.46,85.0,41.0,8.8,47.0
2004.0,0.37,0.29,0.0,0.1,0.76,65.0,47.0,6.9,30.0
2001.0,0.29,0.2,0.0,0.03,0.52,73.0,19.0,8.5,36.0
2010.0,0.15,0.07,0.27,0.05,0.53,87.0,49.0,8.8,102.0
2001.0,0.13,0.05,0.31,0.01,0.5,88.0,20.0,9.1,26.0
2004.0,0.1,0.08,0.0,0.03,0.2,77.0,35.0,8.1,8.0
2005.0,0.12,0.03,0.0,0.0,0.15,75.0,17.0,9.3,4.0
2004.0,0.3,0.24,0.0,0.08,0.62,71.0,31.0,8.0,10.0
2004.0,0.26,0.07,0.0,0.01,0.33,75.0,22.0,8.6,8.0
2008.0,0.14,0.0,0.0,0.01,0.16,63.0,5.0,8.0,5.0
2003.0,0.56,0.44,0.0,0.15,1.15,68.0,28.0,9.0,28.0
2003.0,0.39,0.15,0.0,0.01,0.55,79.0,28.0,9.2,19.0
2003.0,0.31,0.08,0.0,0.01,0.4,71.0,16.0,8.2,9.0
2011.0,0.0,0.02,0.0,0.01,0.03,70.0,10.0,6.7,28.0
2000.0,0.06,0.04,0.66,0.05,0.81,78.0,9.0,8.7,31.0
2010.0,0.28,0.18,0.45,0.07,0.98,77.0,55.0,8.2,336.0
2005.0,0.07,0.05,0.35,0.02,0.49,72.0,37.0,7.7,38.0
2003.0,0.08,0.03,0.17,0.01,0.29,76.0,29.0,8.1,24.0
2003.0,0.54,0.21,0.31,0.04,1.1,86.0,60.0,8.5,176.0
2008.0,0.21,0.04,0.24,0.02,0.52,68.0,46.0,7.1,93.0
2005.0,0.0,0.0,0.57,0.0,0.57,78.0,22.0,8.4,109.0
2011.0,0.43,0.19,0.14,0.06,0.83,75.0,33.0,7.6,197.0
2006.0,0.17,0.01,0.23,0.02,0.43,66.0,27.0,7.8,25.0
2008.0,0.32,0.17,0.19,0.05,0.74,79.0,67.0,8.2,264.0
2011.0,0.29,0.18,0.67,0.09,1.22,78.0,65.0,8.2,468.0
2012.0,0.2,0.12,0.45,0.07,0.84,71.0,59.0,7.9,216.0
2015.0,0.17,0.15,0.02,0.06,0.4,72.0,59.0,6.8,315.0
2005.0,0.1,0.02,1.12,0.01,1.26,59.0,20.0,7.7,6.0
2006.0,0.01,0.01,0.0,0.0,0.02,40.0,12.0,5.4,8.0
2003.0,0.21,0.06,0.0,0.01,0.27,65.0,32.0,6.5,8.0
2008.0,0.06,0.0,0.0,0.01,0.07,33.0,19.0,2.7,16.0
2010.0,0.3,0.15,0.03,0.05,0.53,85.0,62.0,8.8,85.0
2002.0,0.08,0.06,0.0,0.02,0.16,65.0,7.0,8.7,9.0
2002.0,0.06,0.02,0.0,0.0,0.08,61.0,5.0,7.0,5.0
2013.0,0.14,0.34,0.0,0.14,0.61,87.0,82.0,8.9,391.0
2015.0,0.09,0.13,0.0,0.04,0.26,81.0,70.0,8.1,188.0
2013.0,0.07,0.01,0.06,0.02,0.15,65.0,18.0,8.7,41.0
2008.0,0.11,0.0,0.0,0.01,0.11,66.0,21.0,7.3,8.0
2003.0,0.67,0.25,0.0,0.02,0.93,71.0,16.0,8.8,8.0
2003.0,0.45,0.35,0.0,0.12,0.92,59.0,29.0,8.7,31.0
2003.0,0.26,0.07,0.0,0.01,0.34,57.0,25.0,8.0,8.0
2003.0,0.22,0.06,0.0,0.01,0.3,56.0,22.0,8.4,9.0
2009.0,0.12,0.0,0.0,0.01,0.13,36.0,8.0,4.8,4.0
2016.0,0.05,0.02,0.0,0.02,0.09,44.0,49.0,5.5,163.0
2016.0,0.03,0.01,0.0,0.0,0.04,55.0,14.0,6.0,38.0
2009.0,0.33,0.0,0.0,0.03,0.35,67.0,34.0,8.2,21.0
2004.0,0.22,0.17,0.0,0.06,0.44,47.0,25.0,7.8,12.0
2004.0,0.15,0.04,0.0,0.01,0.19,49.0,16.0,4.6,7.0
2004.0,0.1,0.03,0.0,0.0,0.13,48.0,20.0,5.6,8.0
2005.0,0.1,0.08,0.0,0.03,0.2,53.0,20.0,7.0,10.0
2005.0,0.05,0.0,0.0,0.0,0.06,58.0,10.0,7.0,5.0
2008.0,0.03,0.0,0.0,0.0,0.04,67.0,30.0,8.2,29.0
2006.0,0.25,0.07,0.0,0.01,0.33,63.0,11.0,6.9,11.0
2006.0,0.12,0.1,0.0,0.03,0.25,56.0,12.0,8.6,17.0
1996.0,2.26,1.89,1.36,0.23,5.74,89.0,8.0,8.9,102.0
1998.0,3.27,2.22,1.4,0.29,7.16,96.0,15.0,9.1,367.0
2012.0,0.06,0.07,0.05,0.01,0.2,64.0,42.0,5.9,39.0
2002.0,1.55,1.27,0.33,0.29,3.44,79.0,23.0,8.3,126.0
2005.0,0.93,1.94,0.31,0.7,3.87,88.0,62.0,8.6,229.0
2009.0,1.2,0.97,0.17,0.42,2.75,79.0,63.0,7.4,211.0
2009.0,0.71,0.41,0.05,0.12,1.3,80.0,59.0,7.0,132.0
2009.0,0.15,0.03,0.1,0.03,0.32,82.0,39.0,8.2,68.0
2001.0,0.32,0.12,0.0,0.01,0.45,82.0,14.0,8.2,13.0
2000.0,1.68,1.51,0.51,0.35,4.05,85.0,25.0,8.5,117.0
2012.0,0.28,0.31,0.13,0.13,0.85,82.0,50.0,8.2,193.0
2012.0,0.19,0.11,0.01,0.03,0.34,83.0,35.0,7.5,90.0
2006.0,0.03,0.0,0.01,0.0,0.05,37.0,10.0,5.1,7.0
2004.0,0.09,0.07,0.0,0.02,0.19,58.0,33.0,8.0,24.0
2004.0,0.16,0.05,0.0,0.01,0.21,70.0,55.0,7.0,6.0
2008.0,0.15,0.01,0.03,0.01,0.21,70.0,35.0,7.8,24.0
2009.0,0.03,0.02,0.05,0.01,0.11,68.0,18.0,7.4,18.0
1997.0,0.95,0.64,0.27,0.13,1.99,87.0,14.0,8.8,45.0
2003.0,0.44,0.34,0.25,0.11,1.14,79.0,33.0,8.4,38.0
2000.0,0.32,0.22,0.0,0.04,0.58,77.0,14.0,8.7,32.0
2006.0,0.27,0.02,0.02,0.03,0.34,56.0,51.0,7.3,58.0
2014.0,0.01,0.01,0.0,0.0,0.02,26.0,10.0,2.4,22.0
2003.0,0.28,0.22,0.0,0.07,0.58,38.0,21.0,6.3,23.0
2003.0,0.11,0.03,0.0,0.01,0.14,35.0,24.0,2.0,10.0
2004.0,0.08,0.06,0.0,0.02,0.17,68.0,29.0,8.0,11.0
2004.0,0.05,0.01,0.0,0.0,0.06,66.0,38.0,8.6,5.0
2009.0,0.13,0.28,0.01,0.1,0.53,43.0,41.0,3.9,70.0
2009.0,0.13,0.18,0.0,0.04,0.35,48.0,50.0,5.0,53.0
2011.0,0.0,0.13,0.0,0.01,0.14,83.0,29.0,8.5,1613.0
2013.0,0.35,0.27,0.0,0.06,0.67,81.0,39.0,7.2,139.0
2013.0,0.07,0.2,0.09,0.05,0.41,81.0,12.0,7.9,70.0
2013.0,0.0,0.01,0.09,0.0,0.1,85.0,17.0,7.8,112.0
2014.0,0.0,0.05,0.01,0.01,0.07,83.0,4.0,7.9,47.0
2014.0,0.0,0.04,0.0,0.0,0.04,84.0,5.0,7.7,29.0
2016.0,0.0,0.04,0.05,0.0,0.09,71.0,6.0,7.1,21.0
2002.0,0.95,0.21,0.01,0.18,1.34,73.0,19.0,7.4,23.0
2002.0,0.35,0.05,0.0,0.02,0.42,71.0,16.0,8.7,10.0
2004.0,0.11,0.09,0.0,0.03,0.23,73.0,34.0,9.1,23.0
2004.0,0.07,0.02,0.0,0.0,0.09,72.0,28.0,8.7,7.0
2012.0,0.04,0.0,0.0,0.01,0.04,62.0,19.0,4.9,22.0
2001.0,0.15,0.03,0.0,0.01,0.18,64.0,21.0,8.3,9.0
2006.0,0.23,0.04,0.02,0.02,0.32,82.0,69.0,8.0,86.0
2007.0,0.08,0.27,0.0,0.15,0.5,80.0,18.0,7.3,29.0
2007.0,0.0,0.02,0.0,0.0,0.02,79.0,18.0,8.1,124.0
2011.0,0.2,0.13,0.06,0.03,0.43,74.0,33.0,6.8,28.0
2006.0,0.63,0.05,1.35,0.08,2.1,84.0,56.0,8.7,44.0
2010.0,0.33,0.16,0.02,0.05,0.56,72.0,19.0,5.8,4.0
2002.0,1.11,0.71,0.0,0.27,2.08,44.0,7.0,6.2,11.0
2002.0,0.17,0.04,0.0,0.01,0.22,47.0,10.0,5.6,8.0
2004.0,0.44,0.16,0.0,0.01,0.61,49.0,7.0,6.8,6.0
2004.0,0.54,0.2,0.0,0.01,0.76,39.0,6.0,7.6,5.0
2010.0,0.13,0.07,0.27,0.05,0.51,71.0,56.0,6.1,113.0
2004.0,0.24,0.19,0.0,0.06,0.5,65.0,8.0,7.3,8.0
2011.0,0.06,0.15,0.0,0.05,0.26,59.0,27.0,5.7,13.0
2011.0,0.07,0.13,0.0,0.03,0.24,63.0,35.0,6.1,12.0
2011.0,0.05,0.09,0.0,0.02,0.15,56.0,8.0,5.7,12.0
2006.0,0.05,0.04,0.0,0.01,0.1,52.0,19.0,4.2,6.0
2006.0,0.08,0.0,0.0,0.01,0.09,45.0,12.0,1.4,5.0
2007.0,0.0,0.01,0.0,0.0,0.01,66.0,13.0,6.2,21.0
2012.0,0.22,0.07,0.18,0.02,0.5,78.0,60.0,7.8,113.0
2014.0,0.13,0.08,0.15,0.02,0.37,83.0,52.0,8.2,66.0
2014.0,0.0,0.0,0.02,0.0,0.02,65.0,20.0,7.3,23.0
2004.0,0.1,0.08,0.0,0.03,0.21,76.0,44.0,8.6,14.0
2004.0,0.08,0.02,0.0,0.0,0.1,75.0,50.0,8.8,4.0
2009.0,1.17,0.39,0.0,0.15,1.71,89.0,25.0,8.9,43.0
2009.0,0.97,0.23,0.0,0.11,1.3,89.0,76.0,8.6,127.0
2009.0,0.67,0.29,0.0,0.15,1.12,88.0,60.0,8.7,59.0
2005.0,0.03,0.01,0.0,0.0,0.05,60.0,6.0,2.7,13.0
2007.0,0.25,0.19,0.0,0.06,0.51,71.0,4.0,4.8,4.0
2007.0,0.34,0.0,0.0,0.03,0.37,66.0,15.0,7.1,14.0
2007.0,0.18,0.08,0.0,0.0,0.27,79.0,23.0,8.4,21.0
2007.0,0.15,0.0,0.0,0.01,0.16,77.0,19.0,7.2,12.0
2009.0,0.26,0.01,0.0,0.02,0.29,68.0,5.0,8.5,6.0
2009.0,0.19,0.01,0.0,0.02,0.21,76.0,31.0,6.2,35.0
2009.0,0.12,0.0,0.0,0.01,0.13,80.0,18.0,7.6,16.0
2012.0,0.0,0.03,0.0,0.0,0.03,84.0,30.0,8.3,1010.0
2011.0,0.2,0.1,0.0,0.03,0.32,66.0,17.0,5.8,8.0
2009.0,0.0,0.08,0.0,0.02,0.1,82.0,32.0,8.2,144.0
2015.0,0.0,0.06,0.0,0.01,0.07,63.0,9.0,8.6,7.0
2000.0,0.3,0.23,0.38,0.08,0.99,66.0,20.0,8.0,35.0
2013.0,0.08,0.13,0.0,0.04,0.25,69.0,22.0,6.7,79.0
2013.0,0.1,0.1,0.0,0.02,0.21,68.0,30.0,6.7,118.0
2013.0,0.0,0.05,0.0,0.0,0.05,66.0,45.0,6.5,621.0
2008.0,0.2,0.15,0.0,0.05,0.4,67.0,6.0,7.0,8.0
2008.0,0.31,0.02,0.0,0.03,0.36,63.0,5.0,7.1,12.0
2008.0,0.16,0.01,0.0,0.01,0.18,56.0,24.0,7.5,13.0
2008.0,0.14,0.01,0.0,0.02,0.17,56.0,16.0,5.6,8.0
2005.0,0.36,0.01,0.0,0.06,0.43,68.0,36.0,8.4,17.0
2005.0,0.15,0.04,0.0,0.01,0.2,72.0,31.0,6.0,6.0
2005.0,0.15,0.01,0.0,0.01,0.18,65.0,20.0,7.5,4.0
2009.0,0.16,0.1,0.0,0.03,0.29,82.0,67.0,8.2,73.0
2009.0,0.12,0.09,0.0,0.04,0.25,80.0,45.0,7.7,40.0
2009.0,0.0,0.01,0.0,0.0,0.01,80.0,26.0,8.0,136.0
2008.0,0.15,0.1,0.0,0.02,0.27,76.0,63.0,6.8,43.0
2008.0,0.14,0.07,0.0,0.03,0.23,72.0,42.0,6.5,15.0
2005.0,0.18,0.0,0.0,0.02,0.2,63.0,37.0,7.3,16.0
2009.0,0.28,0.23,0.0,0.06,0.57,69.0,79.0,8.2,258.0
2014.0,0.35,1.08,0.03,0.26,1.72,61.0,60.0,5.4,575.0
2014.0,0.25,0.34,0.0,0.05,0.64,64.0,18.0,5.9,176.0
2014.0,0.0,0.15,0.0,0.01,0.16,71.0,12.0,6.4,463.0
2015.0,0.0,0.08,0.0,0.01,0.1,73.0,13.0,6.8,50.0
2015.0,0.0,0.02,0.0,0.0,0.02,65.0,5.0,6.6,21.0
2015.0,0.0,0.02,0.0,0.0,0.02,74.0,6.0,7.4,41.0
2011.0,0.07,0.06,0.01,0.03,0.17,45.0,17.0,5.0,26.0
2011.0,0.08,0.05,0.0,0.01,0.15,39.0,27.0,4.4,29.0
2011.0,0.0,0.03,0.0,0.01,0.03,55.0,7.0,6.0,33.0
2007.0,0.2,0.33,0.0,0.13,0.66,80.0,35.0,7.7,107.0
2007.0,0.36,0.04,0.01,0.03,0.44,82.0,63.0,8.1,196.0
2012.0,0.24,0.11,0.0,0.03,0.39,80.0,71.0,7.5,219.0
2012.0,0.14,0.13,0.0,0.05,0.32,79.0,28.0,7.6,127.0
2012.0,0.1,0.03,0.0,0.01,0.14,77.0,20.0,7.6,448.0
2008.0,0.04,0.0,0.0,0.0,0.04,69.0,23.0,7.7,21.0
2006.0,0.07,0.05,0.0,0.02,0.14,54.0,43.0,8.0,24.0
2006.0,0.03,0.01,0.0,0.0,0.04,52.0,34.0,2.8,5.0
2007.0,0.34,0.01,0.0,0.03,0.38,70.0,4.0,8.1,12.0
2004.0,0.11,0.08,0.0,0.03,0.21,52.0,17.0,6.8,8.0
2004.0,0.06,0.02,0.0,0.0,0.08,49.0,18.0,7.0,4.0
2002.0,2.09,0.63,0.03,0.11,2.86,87.0,34.0,8.7,111.0
2006.0,2.82,1.03,0.13,0.4,4.38,94.0,90.0,8.7,1109.0
2006.0,0.01,0.2,0.0,0.04,0.25,94.0,54.0,8.1,2454.0
2007.0,1.69,0.85,0.14,0.43,3.1,93.0,45.0,8.0,604.0
2014.0,0.32,0.51,0.0,0.07,0.9,71.0,64.0,5.7,2421.0
2015.0,0.78,0.38,0.0,0.12,1.28,77.0,11.0,8.4,613.0
2011.0,5.05,2.79,0.1,0.85,8.79,96.0,89.0,8.4,3589.0
2011.0,2.55,2.6,0.25,1.0,6.41,92.0,16.0,6.4,2527.0
2011.0,1.16,2.12,0.0,0.6,3.88,94.0,32.0,8.1,9073.0
2014.0,0.55,0.86,0.11,0.27,1.79,75.0,65.0,7.3,1223.0
2014.0,0.35,0.25,0.0,0.06,0.67,79.0,24.0,7.3,430.0
2014.0,0.1,0.16,0.0,0.02,0.27,68.0,18.0,5.9,721.0
2007.0,0.28,0.0,0.02,0.03,0.33,75.0,43.0,8.2,51.0
2010.0,0.0,0.0,0.01,0.0,0.01,69.0,17.0,7.9,16.0
2006.0,0.03,0.02,0.0,0.01,0.06,59.0,22.0,6.6,24.0
2007.0,0.02,0.0,0.0,0.0,0.02,58.0,7.0,5.3,6.0
2010.0,0.29,0.21,0.0,0.09,0.59,48.0,39.0,7.5,77.0
2011.0,0.06,0.04,0.0,0.01,0.1,52.0,21.0,6.3,26.0
2011.0,0.06,0.01,0.0,0.01,0.08,57.0,19.0,5.8,60.0
2002.0,1.23,1.77,0.05,0.49,3.54,72.0,49.0,6.8,88.0
2004.0,0.39,1.01,0.02,0.36,1.78,57.0,53.0,7.6,47.0
2006.0,0.89,0.03,0.01,0.15,1.09,75.0,56.0,8.3,99.0
2007.0,0.14,0.0,0.0,0.01,0.15,77.0,38.0,8.5,48.0
2006.0,0.09,0.0,0.0,0.01,0.1,59.0,34.0,7.9,16.0
2009.0,0.47,0.23,0.01,0.08,0.79,65.0,72.0,6.9,60.0
2009.0,0.41,0.21,0.01,0.1,0.74,67.0,53.0,7.2,50.0
2007.0,0.28,0.25,0.0,0.06,0.6,43.0,7.0,4.9,8.0
2007.0,0.13,0.0,0.0,0.39,0.52,46.0,10.0,5.2,6.0
2007.0,0.3,0.12,0.0,0.04,0.46,41.0,25.0,4.1,14.0
2007.0,0.14,0.1,0.0,0.05,0.28,40.0,17.0,4.8,16.0
2014.0,0.05,0.02,0.0,0.01,0.08,66.0,11.0,6.3,67.0
2014.0,0.03,0.0,0.0,0.0,0.03,64.0,15.0,5.4,59.0
2003.0,0.1,0.07,0.0,0.02,0.2,57.0,19.0,8.0,21.0
2013.0,0.0,0.0,0.06,0.0,0.07,74.0,27.0,7.8,66.0
2011.0,0.26,0.1,0.0,0.04,0.4,77.0,60.0,8.1,40.0
2004.0,0.07,0.05,0.0,0.02,0.13,48.0,20.0,6.7,13.0
2004.0,0.05,0.02,0.0,0.0,0.07,47.0,20.0,5.4,7.0
2011.0,0.02,0.0,0.0,0.0,0.02,51.0,8.0,7.6,47.0
2007.0,0.05,0.0,0.0,0.0,0.06,35.0,11.0,6.1,21.0
2008.0,0.07,0.0,0.0,0.01,0.07,36.0,7.0,2.4,15.0
2003.0,0.26,0.2,0.0,0.07,0.54,59.0,17.0,8.6,14.0
2003.0,0.14,0.05,0.0,0.0,0.19,67.0,6.0,9.2,17.0
2003.0,0.13,0.03,0.0,0.0,0.17,61.0,17.0,7.3,8.0
2009.0,0.44,0.3,0.02,0.09,0.85,78.0,65.0,8.7,95.0
2002.0,0.29,0.08,0.0,0.01,0.39,72.0,30.0,7.3,9.0
2005.0,0.07,0.0,0.0,0.01,0.07,51.0,11.0,5.3,4.0
2008.0,0.32,0.01,0.0,0.05,0.38,50.0,4.0,6.0,5.0
2008.0,0.22,0.02,0.0,0.02,0.26,55.0,42.0,6.4,24.0
2008.0,0.22,0.02,0.0,0.02,0.26,55.0,26.0,6.8,20.0
2005.0,0.26,0.2,0.0,0.07,0.54,83.0,41.0,8.7,38.0
2005.0,0.17,0.05,0.0,0.01,0.23,84.0,47.0,8.0,22.0
2005.0,0.11,0.03,0.0,0.0,0.15,84.0,30.0,9.1,14.0
2004.0,0.96,1.08,0.04,0.3,2.37,62.0,36.0,7.6,22.0
2004.0,0.65,0.17,0.0,0.02,0.84,63.0,27.0,7.1,7.0
2005.0,0.18,0.14,0.0,0.05,0.36,60.0,12.0,7.1,8.0
2005.0,0.12,0.03,0.0,0.0,0.16,67.0,7.0,6.6,7.0
2013.0,0.0,0.03,0.0,0.0,0.03,72.0,18.0,8.1,48.0
2003.0,0.11,0.09,0.0,0.03,0.23,55.0,18.0,6.3,4.0
2003.0,0.06,0.02,0.0,0.0,0.08,54.0,22.0,5.8,5.0
2005.0,0.03,0.03,0.0,0.01,0.07,73.0,28.0,8.8,14.0
2003.0,0.05,0.04,0.0,0.01,0.11,71.0,31.0,8.6,17.0
2006.0,0.01,0.01,0.05,0.0,0.08,66.0,23.0,8.6,17.0
2006.0,0.1,0.08,0.0,0.03,0.2,67.0,14.0,8.5,4.0
2008.0,0.07,0.0,0.0,0.0,0.07,61.0,16.0,7.0,9.0
2002.0,0.06,0.02,0.0,0.0,0.08,80.0,10.0,9.1,10.0
2006.0,0.07,0.06,0.04,0.02,0.19,75.0,30.0,8.5,15.0
2009.0,0.11,0.01,0.03,0.01,0.16,57.0,48.0,5.3,46.0
2009.0,0.09,0.0,0.01,0.01,0.11,63.0,57.0,4.2,33.0
2011.0,0.23,0.06,0.01,0.03,0.33,79.0,31.0,8.2,51.0
2011.0,0.17,0.06,0.04,0.03,0.3,77.0,26.0,8.2,76.0
2016.0,0.07,0.02,0.04,0.02,0.15,79.0,54.0,8.7,208.0
2010.0,0.04,0.0,0.0,0.0,0.04,70.0,10.0,8.6,7.0
2010.0,0.12,0.07,0.0,0.02,0.21,53.0,4.0,6.6,5.0
2010.0,0.13,0.04,0.0,0.01,0.18,69.0,6.0,7.0,4.0
2009.0,0.0,0.0,0.03,0.0,0.03,77.0,33.0,6.9,30.0
2013.0,2.41,2.18,0.28,0.99,5.87,95.0,98.0,9.1,8003.0
2008.0,0.25,0.2,0.18,0.06,0.68,66.0,49.0,6.9,122.0
2009.0,0.0,0.01,0.0,0.0,0.01,66.0,23.0,8.3,240.0
2011.0,0.3,0.13,0.18,0.04,0.65,80.0,61.0,8.4,179.0
2008.0,0.6,0.0,0.2,0.05,0.85,75.0,25.0,8.4,26.0
2001.0,0.04,0.03,0.0,0.01,0.08,43.0,14.0,6.7,10.0
1999.0,0.94,0.44,0.39,0.1,1.86,74.0,12.0,8.4,248.0
2005.0,0.08,0.0,0.0,0.01,0.09,68.0,24.0,7.7,26.0
2013.0,0.05,0.02,0.14,0.02,0.23,77.0,20.0,7.5,132.0
2013.0,0.05,0.02,0.12,0.01,0.2,86.0,12.0,7.7,128.0
2014.0,0.02,0.02,0.13,0.01,0.19,80.0,23.0,7.3,73.0
2014.0,0.02,0.02,0.11,0.01,0.15,90.0,4.0,7.8,71.0
2004.0,0.03,0.0,0.11,0.0,0.14,63.0,25.0,6.9,11.0
2006.0,0.03,0.0,0.0,0.0,0.03,58.0,17.0,6.1,7.0
2008.0,0.07,0.0,0.0,0.0,0.07,70.0,21.0,6.3,4.0
2015.0,0.12,0.01,0.1,0.02,0.25,67.0,31.0,7.1,54.0
2006.0,0.33,0.01,0.0,0.03,0.37,68.0,10.0,6.8,8.0
2006.0,0.15,0.04,0.0,0.01,0.19,67.0,13.0,7.3,11.0
2008.0,0.34,0.17,0.0,0.05,0.56,64.0,11.0,6.5,19.0
2008.0,0.26,0.15,0.0,0.05,0.46,57.0,9.0,6.8,10.0
2008.0,0.19,0.18,0.0,0.07,0.44,59.0,22.0,6.6,36.0
2008.0,0.16,0.12,0.0,0.03,0.31,62.0,35.0,7.2,26.0
2007.0,0.21,0.16,0.0,0.05,0.42,54.0,18.0,5.4,28.0
2007.0,0.32,0.02,0.0,0.03,0.37,56.0,4.0,2.7,6.0
2007.0,0.18,0.02,0.0,0.02,0.21,60.0,8.0,6.4,15.0
2013.0,1.4,1.01,0.46,0.23,3.1,91.0,81.0,8.9,1057.0
2002.0,1.75,0.52,0.33,0.1,2.7,95.0,30.0,9.1,314.0
2004.0,0.63,0.16,0.0,0.02,0.81,86.0,55.0,7.2,74.0
2015.0,1.15,0.55,0.47,0.17,2.34,89.0,82.0,9.0,478.0
2007.0,1.85,1.8,0.95,0.48,5.08,90.0,57.0,8.0,416.0
2011.0,2.03,1.16,0.37,0.38,3.95,93.0,81.0,8.0,1958.0
2009.0,1.4,0.91,0.74,0.26,3.31,87.0,75.0,7.8,228.0
2004.0,0.89,0.22,0.22,0.1,1.42,89.0,56.0,9.0,203.0
2002.0,2.6,0.99,0.89,0.13,4.6,96.0,80.0,8.9,968.0
2015.0,0.53,0.33,0.17,0.08,1.12,73.0,73.0,7.6,179.0
2006.0,3.74,2.14,0.6,0.68,7.15,95.0,73.0,9.0,1658.0
2006.0,1.15,0.36,0.04,0.04,1.59,96.0,16.0,9.2,568.0
2016.0,0.56,0.3,0.08,0.09,1.03,86.0,74.0,8.4,329.0
2014.0,0.69,0.47,0.0,0.11,1.27,69.0,8.0,7.2,26.0
2014.0,0.33,0.43,0.02,0.15,0.93,80.0,5.0,6.8,12.0
2014.0,0.24,0.31,0.01,0.11,0.67,71.0,31.0,7.1,98.0
2014.0,0.33,0.23,0.03,0.05,0.64,68.0,5.0,7.7,25.0
2014.0,0.35,0.13,0.0,0.05,0.53,69.0,18.0,6.9,49.0
2014.0,0.02,0.04,0.0,0.0,0.06,68.0,7.0,6.8,33.0
1999.0,0.0,0.01,0.0,0.0,0.02,91.0,26.0,8.9,439.0
2010.0,0.17,0.05,0.0,0.02,0.23,58.0,21.0,7.8,5.0
2010.0,0.1,0.04,0.0,0.02,0.17,58.0,12.0,6.0,8.0
2009.0,0.38,0.25,0.0,0.11,0.74,54.0,45.0,7.1,57.0
2009.0,0.37,0.2,0.0,0.06,0.63,55.0,58.0,7.0,110.0
2009.0,0.09,0.01,0.0,0.01,0.1,61.0,9.0,7.8,6.0
2009.0,0.0,0.02,0.0,0.0,0.02,57.0,24.0,6.7,42.0
2006.0,0.0,0.04,0.0,0.0,0.05,79.0,50.0,7.5,83.0
2006.0,0.01,0.01,0.0,0.0,0.02,84.0,36.0,7.5,366.0
2002.0,0.59,0.46,0.0,0.15,1.2,59.0,19.0,5.1,20.0
2002.0,0.31,0.19,0.0,0.03,0.53,59.0,23.0,6.6,10.0
2003.0,1.5,1.28,0.05,0.46,3.28,85.0,31.0,8.7,105.0
2003.0,0.71,0.38,0.0,0.05,1.14,84.0,31.0,9.1,31.0
2003.0,0.53,0.14,0.0,0.02,0.69,84.0,23.0,8.5,21.0
2003.0,0.4,0.15,0.0,0.01,0.56,77.0,13.0,8.2,11.0
2004.0,0.49,0.02,0.0,0.08,0.58,73.0,35.0,8.2,60.0
2004.0,0.22,0.06,0.0,0.01,0.29,74.0,25.0,7.8,19.0
2004.0,0.16,0.06,0.0,0.0,0.22,67.0,7.0,8.5,12.0
2002.0,1.94,1.95,0.08,0.7,4.67,82.0,32.0,8.2,78.0
2002.0,0.45,0.24,0.0,0.03,0.71,79.0,17.0,8.1,18.0
2002.0,0.41,0.11,0.0,0.01,0.53,82.0,13.0,8.7,23.0
2011.0,0.05,0.11,0.0,0.03,0.19,66.0,21.0,7.1,289.0
2008.0,0.0,0.02,0.0,0.0,0.02,85.0,24.0,8.2,99.0
2012.0,0.0,0.05,0.0,0.01,0.05,76.0,9.0,6.7,15.0
2003.0,0.04,0.01,0.0,0.0,0.05,75.0,16.0,9.1,15.0
2002.0,0.22,0.18,0.0,0.06,0.46,80.0,37.0,7.9,29.0
2005.0,0.41,0.01,0.0,0.07,0.49,69.0,42.0,7.9,42.0
2005.0,0.23,0.07,0.0,0.01,0.31,73.0,39.0,7.3,20.0
2007.0,0.0,0.02,0.03,0.0,0.06,72.0,15.0,7.6,14.0
2000.0,0.23,0.18,0.0,0.06,0.48,82.0,11.0,7.9,17.0
2005.0,0.01,0.03,0.0,0.01,0.04,84.0,62.0,8.3,131.0
2008.0,0.12,0.1,0.0,0.03,0.25,38.0,7.0,6.8,6.0
2008.0,0.08,0.0,0.0,0.01,0.09,39.0,7.0,6.4,5.0
2001.0,0.25,0.19,0.0,0.06,0.5,44.0,13.0,7.0,11.0
2009.0,0.17,0.0,0.0,0.01,0.18,71.0,33.0,8.2,5.0
2007.0,0.42,0.0,0.0,0.03,0.45,79.0,15.0,6.7,6.0
2011.0,0.0,0.05,0.0,0.01,0.06,75.0,30.0,7.9,35.0
2013.0,0.0,0.03,0.0,0.0,0.03,75.0,45.0,7.5,82.0
2002.0,0.07,0.05,0.0,0.02,0.14,67.0,23.0,8.0,16.0
2007.0,1.09,0.53,0.02,0.17,1.82,96.0,54.0,8.9,797.0
2007.0,0.28,0.58,0.0,0.21,1.06,89.0,21.0,8.4,188.0
2007.0,0.0,0.11,0.0,0.03,0.14,96.0,34.0,9.3,1495.0
2015.0,0.61,0.78,0.06,0.27,1.74,63.0,94.0,6.6,3172.0
2006.0,0.21,0.02,0.0,0.02,0.25,70.0,52.0,7.5,48.0
2015.0,0.0,0.02,0.0,0.0,0.03,59.0,4.0,6.6,19.0
2004.0,0.11,0.09,0.0,0.03,0.23,39.0,10.0,4.3,6.0
2004.0,0.08,0.02,0.0,0.0,0.11,40.0,7.0,4.7,9.0
2001.0,0.14,0.1,0.0,0.02,0.25,30.0,6.0,6.3,4.0
2002.0,0.22,0.17,0.0,0.06,0.45,46.0,5.0,6.8,5.0
2005.0,0.25,0.2,0.0,0.07,0.52,68.0,44.0,8.2,56.0
2008.0,0.05,0.0,0.0,0.0,0.06,61.0,6.0,8.0,8.0
2009.0,0.26,0.2,0.0,0.05,0.51,73.0,69.0,8.2,141.0
2009.0,0.2,0.21,0.0,0.07,0.48,72.0,54.0,8.1,118.0
2009.0,0.0,0.05,0.0,0.01,0.06,76.0,20.0,8.0,236.0
2002.0,0.11,0.09,0.0,0.03,0.23,47.0,12.0,7.2,6.0
2012.0,0.07,0.08,0.0,0.02,0.17,74.0,55.0,8.2,1326.0
2007.0,0.1,0.0,0.0,0.01,0.11,39.0,6.0,5.6,7.0
2007.0,0.01,0.01,0.0,0.0,0.02,66.0,19.0,7.7,44.0
2010.0,0.0,0.27,0.0,0.05,0.31,79.0,33.0,5.2,213.0
2010.0,0.13,0.15,0.01,0.05,0.34,60.0,39.0,6.2,11.0
2001.0,2.02,1.17,0.0,0.42,3.61,64.0,23.0,7.7,32.0
2001.0,0.78,0.26,0.0,0.01,1.05,61.0,17.0,8.3,6.0
2001.0,0.19,0.05,0.0,0.01,0.24,67.0,16.0,7.7,12.0
2003.0,0.86,0.32,0.0,0.02,1.19,55.0,14.0,6.8,9.0
2007.0,0.35,0.03,0.0,1.13,1.51,68.0,10.0,8.2,27.0
2007.0,0.56,0.77,0.0,0.17,1.51,69.0,17.0,7.3,18.0
2007.0,0.24,0.54,0.0,0.3,1.07,59.0,7.0,6.7,15.0
2007.0,0.54,0.39,0.0,0.11,1.03,71.0,52.0,7.7,71.0
2007.0,0.45,0.46,0.0,0.11,1.01,64.0,19.0,6.1,38.0
2007.0,0.38,0.36,0.0,0.15,0.88,71.0,30.0,7.5,49.0
2002.0,0.36,0.9,0.0,0.27,1.52,38.0,21.0,5.0,26.0
2000.0,0.01,0.03,0.0,0.01,0.05,92.0,38.0,7.9,451.0
2003.0,1.41,1.12,0.0,0.24,2.77,83.0,33.0,7.7,46.0
2003.0,0.35,0.13,0.0,0.01,0.49,85.0,16.0,7.7,22.0
2003.0,0.31,0.1,0.0,0.01,0.42,84.0,17.0,6.9,20.0
2003.0,1.07,1.19,0.0,0.18,2.43,81.0,26.0,8.4,42.0
2003.0,0.43,0.2,0.0,0.03,0.66,81.0,30.0,9.0,15.0
2003.0,0.4,0.14,0.0,0.02,0.56,81.0,26.0,8.9,12.0
2001.0,1.81,0.0,0.0,0.0,1.82,85.0,17.0,7.9,70.0
2001.0,1.23,0.83,0.0,0.1,2.16,74.0,17.0,7.9,30.0
2000.0,1.67,1.18,0.0,0.13,2.99,82.0,23.0,6.6,20.0
2003.0,1.03,0.8,0.0,0.09,1.92,80.0,22.0,8.6,31.0
2011.0,0.28,0.32,0.0,0.09,0.69,77.0,56.0,6.1,173.0
2003.0,1.67,0.0,0.0,0.0,1.68,79.0,20.0,8.2,25.0
2002.0,2.03,1.56,0.0,0.17,3.76,79.0,21.0,8.0,29.0
2002.0,1.72,1.21,0.0,0.14,3.07,75.0,18.0,7.8,22.0
2004.0,0.02,0.24,0.0,0.04,0.29,90.0,61.0,8.8,676.0
2005.0,0.49,0.55,0.0,0.33,1.37,65.0,17.0,6.9,32.0
2005.0,0.81,0.05,0.0,0.07,0.93,70.0,13.0,6.1,24.0
2005.0,0.67,0.03,0.0,0.11,0.81,75.0,31.0,4.4,166.0
2005.0,0.28,0.1,0.0,0.01,0.39,58.0,11.0,7.5,6.0
2005.0,0.26,0.07,0.0,0.01,0.33,73.0,22.0,8.3,8.0
2005.0,0.19,0.05,0.0,0.01,0.25,75.0,31.0,7.1,8.0
2008.0,0.0,0.07,0.0,0.01,0.09,75.0,10.0,7.7,19.0
2008.0,0.31,0.3,0.0,0.07,0.69,50.0,12.0,3.3,4.0
2007.0,0.01,0.01,0.0,0.0,0.03,74.0,9.0,7.3,24.0
2007.0,0.44,0.63,0.0,0.14,1.2,73.0,19.0,8.2,10.0
2007.0,0.08,0.46,0.0,0.25,0.79,64.0,5.0,7.3,18.0
2007.0,0.62,0.04,0.0,0.06,0.71,66.0,8.0,4.0,5.0
2007.0,0.3,0.01,0.0,0.05,0.37,71.0,17.0,8.0,15.0
2005.0,1.22,0.05,0.0,0.0,1.27,76.0,31.0,6.6,71.0
2006.0,0.46,0.05,0.0,0.0,0.52,78.0,29.0,8.6,35.0
2006.0,0.92,0.93,0.0,0.22,2.07,49.0,5.0,5.2,24.0
2006.0,0.19,0.38,0.0,0.22,0.79,57.0,9.0,7.3,10.0
2006.0,0.02,0.01,0.0,0.27,0.3,68.0,27.0,8.0,25.0
2006.0,0.21,0.05,0.0,0.01,0.27,66.0,15.0,7.3,8.0
2006.0,0.01,0.02,0.0,0.01,0.04,76.0,23.0,7.7,40.0
2007.0,0.41,0.02,0.0,0.04,0.47,65.0,15.0,7.3,4.0
2007.0,0.01,0.04,0.0,0.01,0.07,78.0,20.0,7.3,29.0
2005.0,0.01,0.04,0.0,0.01,0.06,81.0,31.0,7.8,49.0
2009.0,0.99,6.42,0.0,0.6,8.01,86.0,75.0,7.6,886.0
2010.0,1.27,0.81,0.0,0.2,2.28,76.0,42.0,7.1,71.0
2010.0,0.73,0.89,0.02,0.3,1.94,78.0,39.0,6.4,55.0
2010.0,0.38,0.22,0.0,0.06,0.67,73.0,9.0,6.4,20.0
2011.0,0.3,0.37,0.03,0.07,0.76,52.0,29.0,3.3,31.0
2010.0,0.0,0.29,0.0,0.17,0.46,74.0,25.0,7.3,51.0
2011.0,0.4,0.23,0.0,0.0,0.63,70.0,22.0,3.6,81.0
2010.0,0.59,0.87,0.0,0.23,1.7,74.0,17.0,5.3,77.0
2012.0,0.0,0.13,0.0,0.02,0.16,73.0,12.0,7.5,48.0
2009.0,0.02,0.18,0.0,0.38,0.57,81.0,31.0,8.0,72.0
2014.0,1.0,1.82,0.0,0.23,3.05,70.0,74.0,3.9,2057.0
2016.0,0.02,0.08,0.0,0.01,0.1,77.0,10.0,5.7,30.0
2015.0,0.05,0.15,0.0,0.02,0.22,72.0,16.0,7.3,117.0
2002.0,0.01,0.02,0.0,0.01,0.04,92.0,6.0,8.2,77.0
2008.0,0.08,0.02,0.01,0.01,0.12,74.0,42.0,7.9,13.0
2010.0,0.52,0.08,0.01,0.08,0.68,85.0,46.0,8.8,172.0
2013.0,0.04,0.03,0.0,0.01,0.09,42.0,5.0,5.6,21.0
2004.0,1.06,0.54,0.0,0.16,1.76,75.0,5.0,9.0,54.0
2004.0,0.73,0.19,0.0,0.03,0.94,73.0,9.0,7.8,13.0
2004.0,0.4,0.12,0.0,0.02,0.54,74.0,14.0,8.5,8.0
2004.0,0.2,0.16,0.0,0.05,0.42,77.0,47.0,8.9,40.0
2004.0,0.16,0.05,0.0,0.01,0.22,77.0,44.0,8.8,23.0
2005.0,0.09,0.07,0.0,0.02,0.17,75.0,37.0,8.0,23.0
2005.0,0.07,0.02,0.0,0.0,0.09,76.0,36.0,9.1,8.0
2003.0,0.03,0.01,0.0,0.0,0.03,36.0,11.0,3.4,5.0
2015.0,0.0,0.02,0.0,0.0,0.03,88.0,31.0,8.4,124.0
2016.0,0.02,0.04,0.0,0.01,0.06,60.0,38.0,6.7,116.0
2016.0,0.01,0.01,0.0,0.0,0.03,68.0,12.0,7.4,55.0
2016.0,0.0,0.01,0.0,0.0,0.01,56.0,34.0,6.8,149.0
2002.0,0.2,0.16,0.0,0.05,0.41,58.0,17.0,5.7,18.0
2002.0,0.11,0.03,0.0,0.01,0.15,53.0,19.0,5.2,5.0
2012.0,0.05,0.14,0.0,0.04,0.24,65.0,16.0,7.4,34.0
2012.0,0.0,0.06,0.0,0.01,0.07,73.0,18.0,8.0,128.0
2012.0,0.0,0.02,0.0,0.0,0.02,64.0,24.0,7.6,30.0
2002.0,0.22,0.17,0.0,0.06,0.44,78.0,27.0,7.4,41.0
2002.0,0.15,0.04,0.0,0.01,0.2,78.0,21.0,6.6,14.0
2011.0,0.27,0.46,0.0,0.15,0.88,78.0,37.0,8.1,60.0
2000.0,0.0,0.0,0.05,0.0,0.05,83.0,12.0,7.8,12.0
2004.0,0.52,0.95,0.0,0.29,1.76,70.0,25.0,8.2,24.0
2004.0,0.37,0.22,0.0,0.03,0.62,72.0,6.0,9.2,25.0
2004.0,0.24,0.14,0.0,0.02,0.4,73.0,19.0,8.4,16.0
2004.0,0.22,0.11,0.0,0.01,0.34,70.0,28.0,6.5,10.0
2008.0,0.0,0.03,0.0,0.01,0.03,77.0,12.0,8.3,97.0
2013.0,0.46,0.11,0.0,0.05,0.63,32.0,30.0,4.0,410.0
2013.0,0.28,0.15,0.0,0.08,0.51,34.0,14.0,3.6,196.0
2005.0,0.44,0.02,0.0,0.07,0.53,84.0,52.0,8.5,72.0
2005.0,0.21,0.06,0.0,0.01,0.28,85.0,55.0,8.2,21.0
2007.0,0.23,0.01,0.0,0.02,0.27,81.0,36.0,7.8,21.0
2001.0,0.05,0.03,0.0,0.01,0.09,63.0,7.0,7.2,6.0
2009.0,0.0,0.08,0.0,0.02,0.1,70.0,41.0,7.6,77.0
2013.0,0.07,0.02,0.1,0.02,0.2,53.0,44.0,7.5,80.0
2007.0,0.0,0.05,0.0,0.01,0.06,81.0,50.0,8.8,1116.0
2008.0,0.32,0.01,0.0,0.0,0.32,86.0,30.0,8.5,1660.0
2011.0,0.25,0.56,0.0,0.14,0.96,88.0,76.0,8.5,4378.0
2012.0,0.48,0.32,0.02,0.08,0.9,88.0,82.0,8.3,818.0
2015.0,1.02,2.13,0.23,0.59,3.97,92.0,79.0,9.2,10179.0
2015.0,0.69,0.5,0.0,0.11,1.31,91.0,13.0,9.2,3963.0
2015.0,0.21,0.46,0.0,0.05,0.72,93.0,32.0,9.3,10665.0
2008.0,0.13,0.0,0.0,0.01,0.15,68.0,18.0,6.0,4.0
2011.0,0.01,0.02,0.0,0.0,0.03,83.0,5.0,7.7,88.0
2014.0,0.1,0.07,0.0,0.04,0.21,83.0,6.0,8.4,259.0
2013.0,0.19,0.1,0.08,0.03,0.4,78.0,75.0,8.5,495.0
2007.0,0.49,0.04,0.21,0.04,0.78,88.0,59.0,8.9,283.0
2004.0,0.06,0.05,0.0,0.02,0.12,67.0,31.0,8.4,8.0
2004.0,0.13,0.04,0.0,0.01,0.17,82.0,61.0,7.3,12.0
2011.0,0.1,0.04,0.0,0.01,0.15,56.0,14.0,8.0,9.0
2011.0,0.09,0.04,0.0,0.01,0.14,38.0,40.0,5.7,22.0
2011.0,0.07,0.05,0.0,0.02,0.14,39.0,35.0,4.4,19.0
2011.0,0.08,0.03,0.0,0.01,0.12,64.0,18.0,7.2,9.0
2011.0,0.06,0.03,0.0,0.01,0.1,55.0,10.0,4.2,5.0
2006.0,0.55,0.02,0.0,0.09,0.66,69.0,32.0,2.9,52.0
2006.0,0.18,0.0,0.0,0.02,0.2,72.0,13.0,2.8,39.0
2007.0,0.38,0.02,0.0,0.03,0.44,70.0,14.0,2.8,40.0
2007.0,0.2,0.16,0.0,0.05,0.42,70.0,11.0,1.7,30.0
2007.0,0.13,0.02,0.0,0.01,0.16,73.0,24.0,2.8,34.0
2007.0,0.09,0.0,0.0,0.01,0.1,72.0,7.0,0.6,24.0
2007.0,0.03,0.01,0.0,0.0,0.04,59.0,6.0,6.2,5.0
2001.0,0.17,0.13,0.0,0.04,0.34,65.0,15.0,8.1,7.0
2004.0,0.13,0.0,0.0,0.01,0.14,64.0,21.0,7.4,7.0
2005.0,0.19,0.0,0.0,0.02,0.21,78.0,25.0,7.4,14.0
2005.0,0.74,0.03,0.0,0.12,0.89,83.0,29.0,6.2,16.0
2005.0,0.35,0.11,0.0,0.02,0.48,81.0,30.0,5.1,11.0
2005.0,0.28,0.0,0.0,0.02,0.31,71.0,36.0,7.4,8.0
2005.0,0.18,0.0,0.0,0.01,0.2,80.0,15.0,7.9,8.0
2005.0,0.08,0.02,0.0,0.0,0.11,82.0,19.0,4.8,4.0
2006.0,0.6,0.02,0.0,0.1,0.72,79.0,33.0,6.0,8.0
2006.0,0.44,0.0,0.0,0.04,0.48,80.0,44.0,7.9,21.0
2006.0,0.13,0.05,0.0,0.01,0.19,81.0,21.0,6.8,6.0
2007.0,0.93,0.01,0.0,0.08,1.02,72.0,24.0,7.0,22.0
2007.0,0.22,0.37,0.0,0.14,0.73,79.0,30.0,6.6,7.0
2007.0,0.49,0.02,0.0,0.04,0.54,80.0,45.0,7.8,26.0
2007.0,0.05,0.0,0.0,0.0,0.06,81.0,10.0,7.6,8.0
2008.0,0.34,0.22,0.0,0.1,0.65,82.0,34.0,7.2,9.0
2008.0,0.35,0.23,0.0,0.07,0.65,84.0,41.0,7.8,29.0
2008.0,0.07,0.18,0.0,0.1,0.36,53.0,4.0,5.5,6.0
2008.0,0.8,0.47,0.0,0.14,1.42,81.0,18.0,8.7,34.0
2009.0,0.6,0.36,0.0,0.11,1.07,88.0,44.0,8.8,57.0
2009.0,0.42,0.25,0.0,0.11,0.78,81.0,38.0,7.7,9.0
2009.0,0.39,0.2,0.0,0.06,0.65,80.0,51.0,6.9,20.0
2010.0,0.37,0.33,0.0,0.13,0.83,78.0,40.0,6.7,17.0
2010.0,0.23,0.25,0.0,0.06,0.54,84.0,29.0,8.3,23.0
2010.0,0.28,0.19,0.0,0.05,0.52,79.0,51.0,7.8,19.0
2011.0,0.52,0.25,0.0,0.11,0.89,80.0,41.0,7.3,17.0
2011.0,0.4,0.16,0.0,0.05,0.62,80.0,50.0,6.1,25.0
2011.0,0.2,0.11,0.0,0.03,0.34,85.0,14.0,6.7,7.0
2012.0,0.24,0.21,0.0,0.08,0.54,75.0,14.0,5.7,9.0
2012.0,0.29,0.18,0.0,0.04,0.51,77.0,47.0,5.6,39.0
2013.0,0.16,0.14,0.0,0.07,0.37,74.0,28.0,3.8,26.0
2013.0,0.21,0.12,0.0,0.03,0.35,77.0,28.0,6.2,26.0
2002.0,0.44,0.35,0.0,0.12,0.9,80.0,23.0,7.6,5.0
2002.0,0.8,0.63,0.0,0.21,1.64,88.0,18.0,8.9,18.0
2002.0,0.35,0.08,0.0,0.01,0.44,88.0,14.0,8.5,11.0
2002.0,0.18,0.05,0.0,0.01,0.23,90.0,10.0,8.0,5.0
2003.0,1.18,0.34,0.0,0.1,1.63,89.0,23.0,8.8,40.0
2003.0,0.47,0.13,0.0,0.02,0.62,89.0,18.0,8.2,14.0
2003.0,0.13,0.05,0.0,0.0,0.18,75.0,5.0,7.5,4.0
2003.0,0.12,0.03,0.0,0.0,0.16,89.0,16.0,7.8,6.0
2004.0,1.03,0.32,0.0,0.09,1.44,88.0,30.0,8.2,20.0
2004.0,0.64,0.18,0.0,0.03,0.85,88.0,26.0,8.9,14.0
2004.0,0.0,0.01,0.0,0.0,0.01,91.0,16.0,4.5,39.0
2004.0,0.17,0.13,0.0,0.04,0.34,65.0,34.0,8.6,20.0
2005.0,0.06,0.02,0.0,0.0,0.09,65.0,19.0,7.3,6.0
2005.0,0.1,0.04,0.0,0.0,0.14,71.0,5.0,5.5,6.0
2012.0,0.06,0.03,0.06,0.02,0.17,42.0,40.0,5.0,78.0
2001.0,0.03,0.02,0.0,0.0,0.05,71.0,13.0,6.7,6.0
2010.0,0.18,0.2,0.07,0.08,0.54,58.0,49.0,5.9,15.0
2003.0,0.3,0.23,0.0,0.08,0.61,81.0,29.0,8.1,12.0
2007.0,0.32,0.32,0.05,0.14,0.83,60.0,52.0,7.4,21.0
2001.0,0.26,0.2,0.0,0.07,0.53,81.0,21.0,7.9,20.0
2008.0,0.03,0.01,0.11,0.0,0.16,64.0,24.0,7.8,21.0
2007.0,0.36,0.02,0.0,0.03,0.41,70.0,58.0,7.9,63.0
2007.0,0.14,0.0,0.0,0.01,0.16,70.0,16.0,6.3,27.0
2007.0,0.01,0.0,0.0,0.0,0.01,71.0,30.0,7.6,124.0
2000.0,0.21,0.17,0.0,0.06,0.43,81.0,23.0,8.0,40.0
2005.0,0.12,0.09,0.0,0.03,0.24,84.0,39.0,9.1,117.0
2005.0,0.12,0.03,0.0,0.01,0.16,83.0,54.0,8.9,35.0
2005.0,0.06,0.02,0.0,0.0,0.08,82.0,32.0,9.1,41.0
2002.0,0.34,0.27,0.0,0.09,0.7,90.0,33.0,8.8,127.0
2002.0,0.29,0.33,0.0,0.01,0.64,88.0,20.0,7.7,34.0
2002.0,0.34,0.09,0.0,0.01,0.44,88.0,18.0,9.0,65.0
2014.0,1.84,0.8,0.04,0.27,2.95,86.0,68.0,6.4,2658.0
2014.0,0.87,0.34,0.02,0.13,1.36,83.0,21.0,5.9,371.0
2014.0,0.22,0.3,0.0,0.04,0.56,86.0,29.0,6.2,1727.0
2016.0,0.34,0.25,0.05,0.12,0.75,89.0,56.0,8.4,704.0
2016.0,0.37,0.15,0.0,0.05,0.57,87.0,31.0,8.0,261.0
2016.0,0.03,0.04,0.0,0.01,0.08,85.0,27.0,8.0,488.0
2006.0,0.01,0.04,0.0,0.01,0.06,77.0,51.0,8.1,387.0
2007.0,0.48,0.03,0.0,0.05,0.56,58.0,31.0,6.3,32.0
2007.0,0.3,0.03,0.0,0.03,0.36,60.0,17.0,5.9,11.0
2007.0,0.1,0.0,0.0,0.01,0.11,37.0,7.0,4.1,12.0
2007.0,0.03,0.01,0.0,0.0,0.04,42.0,10.0,2.2,5.0
2005.0,0.06,0.01,0.0,0.0,0.07,44.0,16.0,2.8,4.0
2005.0,0.01,0.0,0.0,0.0,0.02,43.0,13.0,4.8,5.0
2010.0,0.05,0.0,0.0,0.0,0.05,50.0,6.0,6.5,4.0
2006.0,0.04,0.03,0.0,0.01,0.08,82.0,26.0,7.2,15.0
2006.0,0.03,0.01,0.0,0.0,0.03,84.0,25.0,8.0,6.0
2006.0,0.0,0.02,0.0,0.0,0.02,84.0,16.0,7.8,53.0
2005.0,0.06,0.0,0.0,0.0,0.06,72.0,30.0,7.3,8.0
2012.0,0.0,0.0,0.26,0.0,0.26,74.0,60.0,8.4,89.0
2014.0,0.03,0.01,0.02,0.01,0.07,63.0,12.0,7.0,16.0
2014.0,0.03,0.0,0.02,0.01,0.06,64.0,11.0,6.4,17.0
2003.0,0.35,0.27,0.21,0.09,0.91,63.0,15.0,8.9,23.0
2003.0,0.09,0.07,0.0,0.02,0.18,59.0,13.0,8.6,15.0
2000.0,0.66,0.52,0.15,0.17,1.5,76.0,15.0,8.9,64.0
1996.0,2.29,1.97,0.13,0.24,4.63,91.0,13.0,8.6,147.0
1996.0,0.96,0.07,0.0,0.0,1.03,86.0,18.0,8.5,3552.0
2007.0,0.12,0.62,0.0,0.11,0.85,73.0,22.0,7.3,25.0
2007.0,0.21,0.22,0.0,0.13,0.57,78.0,32.0,8.2,28.0
2007.0,0.12,0.22,0.0,0.05,0.39,77.0,33.0,8.3,39.0
2007.0,0.0,0.03,0.0,0.01,0.03,83.0,26.0,8.1,242.0
2006.0,0.25,0.19,0.02,0.06,0.52,82.0,43.0,7.1,96.0
2006.0,0.09,0.24,0.0,0.12,0.46,67.0,28.0,7.9,30.0
2006.0,0.27,0.07,0.01,0.03,0.37,80.0,54.0,7.3,84.0
2006.0,0.1,0.03,0.0,0.0,0.13,82.0,40.0,7.2,13.0
2006.0,0.06,0.02,0.0,0.0,0.08,78.0,6.0,7.8,8.0
2006.0,0.04,0.02,0.0,0.01,0.07,58.0,15.0,8.0,7.0
2006.0,0.0,0.01,0.0,0.0,0.02,82.0,31.0,7.9,244.0
2002.0,0.1,0.04,0.0,0.0,0.14,66.0,20.0,8.8,13.0
2008.0,0.45,0.55,0.05,0.22,1.26,75.0,42.0,7.2,166.0
2008.0,0.53,0.42,0.01,0.11,1.07,76.0,57.0,6.6,198.0
2008.0,0.13,0.27,0.0,0.05,0.45,70.0,12.0,7.2,20.0
2008.0,0.15,0.02,0.0,0.01,0.19,70.0,9.0,8.4,10.0
2008.0,0.0,0.06,0.0,0.01,0.08,80.0,20.0,7.7,272.0
2008.0,0.58,0.24,0.01,0.09,0.91,77.0,63.0,7.2,53.0
2008.0,0.33,0.22,0.01,0.1,0.66,76.0,33.0,6.6,42.0
2008.0,0.1,0.01,0.0,0.01,0.11,68.0,7.0,5.9,8.0
2008.0,0.08,0.01,0.0,0.01,0.09,69.0,11.0,5.8,4.0
2009.0,0.0,0.02,0.0,0.0,0.02,68.0,24.0,6.7,42.0
2002.0,1.42,0.4,0.0,0.12,1.94,63.0,18.0,8.3,22.0
2002.0,1.23,0.46,0.0,0.07,1.76,84.0,29.0,6.1,27.0
2003.0,0.11,0.03,0.0,0.0,0.15,59.0,15.0,5.4,17.0
2010.0,0.1,0.01,0.0,0.01,0.12,46.0,21.0,6.8,8.0
2012.0,0.93,0.4,0.02,0.12,1.47,79.0,75.0,7.2,334.0
2012.0,0.41,0.32,0.09,0.12,0.95,79.0,18.0,6.9,156.0
2012.0,0.05,0.1,0.0,0.02,0.17,71.0,13.0,4.9,368.0
2003.0,0.61,0.24,0.0,0.03,0.87,81.0,33.0,8.8,17.0
2004.0,0.57,0.44,0.0,0.15,1.16,70.0,31.0,6.3,24.0
2011.0,0.22,0.09,0.0,0.03,0.34,77.0,49.0,7.9,78.0
2004.0,0.86,0.45,0.0,0.06,1.36,80.0,53.0,8.9,58.0
2004.0,0.64,0.34,0.0,0.1,1.08,58.0,21.0,6.0,19.0
2005.0,0.06,0.01,0.0,0.0,0.07,54.0,10.0,1.4,11.0
2005.0,0.29,0.08,0.0,0.01,0.39,84.0,40.0,7.2,35.0
2006.0,1.4,0.02,0.02,0.1,1.54,90.0,78.0,8.0,215.0
2006.0,0.21,0.11,0.0,0.01,0.33,66.0,14.0,6.0,27.0
2006.0,0.03,0.02,0.0,0.01,0.06,44.0,8.0,4.6,41.0
2007.0,0.34,0.48,0.02,0.19,1.03,84.0,29.0,8.1,41.0
2007.0,0.87,0.05,0.02,0.08,1.02,86.0,58.0,8.1,89.0
2007.0,0.35,0.09,0.0,0.08,0.53,61.0,12.0,6.4,9.0
2009.0,0.31,0.19,0.02,0.06,0.58,73.0,64.0,7.3,51.0
2009.0,0.21,0.22,0.05,0.09,0.56,74.0,35.0,8.1,39.0
2009.0,0.0,0.03,0.0,0.01,0.04,70.0,23.0,7.3,125.0
2010.0,0.21,0.12,0.03,0.05,0.41,70.0,30.0,6.8,19.0
2010.0,0.24,0.09,0.01,0.03,0.36,68.0,57.0,6.3,29.0
2010.0,0.0,0.04,0.0,0.01,0.05,66.0,12.0,3.8,47.0
2005.0,0.26,0.13,0.0,0.02,0.41,74.0,39.0,6.6,28.0
2005.0,0.17,0.13,0.0,0.04,0.35,70.0,15.0,6.9,9.0
2005.0,0.04,0.01,0.0,0.0,0.05,72.0,8.0,7.8,5.0
2015.0,0.55,1.19,0.14,0.33,2.21,73.0,40.0,7.3,480.0
2015.0,0.77,0.45,0.0,0.12,1.34,74.0,24.0,6.9,252.0
2015.0,0.13,0.08,0.0,0.02,0.23,79.0,37.0,6.9,734.0
2006.0,1.09,0.65,0.02,0.2,1.95,88.0,69.0,8.3,225.0
2007.0,0.47,0.53,0.03,0.22,1.25,86.0,32.0,7.6,81.0
2007.0,0.42,0.19,0.0,0.13,0.74,60.0,20.0,7.1,31.0
2008.0,1.56,0.6,0.02,0.23,2.42,82.0,66.0,7.8,176.0
2008.0,0.66,0.44,0.04,0.21,1.34,81.0,32.0,7.9,93.0
2008.0,0.0,0.02,0.0,0.0,0.02,78.0,20.0,7.3,185.0
2003.0,0.91,0.57,0.0,0.07,1.55,86.0,39.0,8.5,31.0
2004.0,0.4,0.31,0.0,0.1,0.81,70.0,34.0,8.2,17.0
2004.0,0.04,0.01,0.0,0.0,0.06,68.0,25.0,8.2,5.0
2004.0,0.99,0.12,0.0,0.02,1.13,84.0,55.0,8.6,14.0
2002.0,1.85,1.04,0.0,0.13,3.02,93.0,46.0,8.5,121.0
2003.0,1.15,1.11,0.0,0.4,2.65,89.0,24.0,7.7,102.0
2003.0,0.18,0.05,0.0,0.01,0.23,89.0,19.0,8.7,25.0
2003.0,0.07,0.03,0.0,0.0,0.1,77.0,21.0,8.6,8.0
2013.0,0.57,0.32,0.01,0.08,0.98,82.0,58.0,7.5,383.0
2013.0,0.34,0.39,0.06,0.15,0.94,84.0,27.0,7.7,314.0
2013.0,0.04,0.13,0.0,0.01,0.19,82.0,13.0,7.4,754.0
2013.0,0.04,0.07,0.0,0.01,0.12,75.0,5.0,7.8,148.0
2005.0,0.68,0.38,0.0,0.05,1.11,94.0,70.0,9.0,160.0
2005.0,0.36,0.45,0.0,0.14,0.95,87.0,29.0,8.6,53.0
2005.0,0.08,0.02,0.0,0.0,0.1,81.0,28.0,8.5,15.0
2005.0,0.06,0.0,0.0,0.01,0.07,50.0,22.0,7.0,25.0
2010.0,0.0,0.08,0.0,0.02,0.11,83.0,20.0,5.2,672.0
2006.0,0.67,0.04,0.01,0.06,0.78,85.0,59.0,8.1,148.0
2006.0,0.1,0.01,0.0,0.01,0.13,61.0,12.0,7.4,16.0
2006.0,0.04,0.01,0.0,0.0,0.06,64.0,8.0,7.1,7.0
2007.0,0.2,0.03,0.0,0.03,0.26,78.0,17.0,6.5,41.0
2006.0,0.17,0.01,0.0,0.02,0.19,58.0,37.0,7.5,39.0
2004.0,0.82,0.59,0.0,0.07,1.48,93.0,74.0,8.6,68.0
2004.0,0.52,0.56,0.0,0.17,1.25,87.0,45.0,8.6,34.0
2004.0,0.06,0.02,0.0,0.0,0.08,78.0,25.0,8.0,11.0
2004.0,0.05,0.02,0.0,0.0,0.06,68.0,19.0,6.2,6.0
2011.0,0.14,0.07,0.07,0.02,0.3,53.0,32.0,5.5,26.0
2011.0,0.02,0.0,0.0,0.0,0.02,67.0,21.0,6.8,29.0
2016.0,1.35,1.7,0.15,0.6,3.8,80.0,64.0,7.0,2219.0
2016.0,1.29,0.68,0.0,0.2,2.16,80.0,33.0,6.9,614.0
2016.0,0.22,0.15,0.0,0.04,0.41,79.0,33.0,5.8,1188.0
2009.0,0.69,0.17,0.0,0.08,0.94,47.0,15.0,4.5,21.0
2009.0,0.46,0.1,0.0,0.05,0.61,46.0,43.0,3.0,67.0
2009.0,0.38,0.14,0.0,0.07,0.59,44.0,29.0,2.1,31.0
2010.0,0.18,0.06,0.0,0.04,0.28,56.0,5.0,6.7,6.0
2010.0,0.17,0.06,0.0,0.02,0.26,53.0,10.0,6.6,10.0
2005.0,0.17,0.06,0.0,0.0,0.24,64.0,7.0,5.4,5.0
2005.0,0.19,0.0,0.0,0.02,0.21,84.0,31.0,8.7,55.0
2005.0,0.4,0.2,0.0,0.03,0.62,77.0,40.0,7.7,15.0
2005.0,0.33,0.08,0.0,0.01,0.42,76.0,26.0,7.7,15.0
2005.0,0.28,0.01,0.0,0.03,0.32,75.0,43.0,7.2,21.0
2006.0,0.2,0.0,0.0,0.02,0.22,76.0,34.0,7.0,7.0
2006.0,0.72,0.03,0.0,0.12,0.87,69.0,17.0,7.3,19.0
2006.0,0.3,0.22,0.01,0.1,0.63,76.0,43.0,7.2,14.0
2006.0,0.41,0.07,0.0,0.07,0.56,68.0,11.0,7.6,14.0
2006.0,0.44,0.02,0.0,0.04,0.49,81.0,65.0,7.6,38.0
1999.0,3.42,1.38,0.02,0.2,5.02,92.0,18.0,9.2,69.0
2000.0,3.05,1.41,0.02,0.2,4.68,98.0,19.0,7.7,299.0
2001.0,0.85,0.31,0.0,0.02,1.18,95.0,16.0,7.5,22.0
2001.0,0.41,0.19,0.0,0.03,0.63,78.0,24.0,8.8,5.0
2001.0,2.66,1.29,0.01,0.46,4.41,97.0,34.0,7.5,298.0
2001.0,1.09,0.49,0.02,0.07,1.67,87.0,10.0,8.3,36.0
2001.0,0.64,0.17,0.0,0.02,0.82,91.0,27.0,9.0,27.0
2002.0,0.34,0.18,0.0,0.02,0.55,93.0,22.0,8.4,17.0
2002.0,0.37,0.14,0.0,0.01,0.52,90.0,20.0,8.0,6.0
2002.0,2.13,1.18,0.01,0.35,3.67,94.0,27.0,8.5,128.0
2002.0,0.59,0.3,0.0,0.04,0.93,90.0,25.0,8.5,21.0
2002.0,0.45,0.12,0.0,0.02,0.58,91.0,19.0,8.6,21.0
2002.0,0.41,0.15,0.0,0.01,0.57,85.0,13.0,8.8,4.0
2015.0,0.09,0.08,0.0,0.03,0.21,32.0,43.0,1.5,427.0
2015.0,0.09,0.02,0.0,0.01,0.12,39.0,18.0,2.1,132.0
2007.0,0.55,0.02,0.0,0.09,0.66,65.0,6.0,6.6,17.0
2007.0,0.49,0.02,0.0,0.04,0.56,72.0,59.0,5.4,44.0
2007.0,0.36,0.04,0.0,0.04,0.44,73.0,36.0,6.6,17.0
2007.0,0.22,0.01,0.0,0.02,0.25,57.0,8.0,6.2,19.0
2007.0,0.2,0.01,0.0,0.02,0.23,79.0,21.0,6.7,6.0
2003.0,2.29,1.17,0.01,0.42,3.9,90.0,38.0,8.7,121.0
2003.0,0.85,0.37,0.0,0.05,1.27,85.0,33.0,9.1,26.0
2003.0,0.54,0.14,0.0,0.02,0.7,89.0,19.0,8.5,24.0
2003.0,0.43,0.16,0.0,0.01,0.6,86.0,9.0,7.7,9.0
2004.0,1.25,0.86,0.01,0.26,2.37,83.0,59.0,8.8,55.0
2004.0,0.48,0.24,0.0,0.03,0.75,83.0,55.0,7.8,12.0
2004.0,0.38,0.1,0.0,0.01,0.5,82.0,30.0,8.9,17.0
2005.0,0.46,0.21,0.0,0.15,0.82,83.0,49.0,8.0,34.0
2008.0,0.38,0.29,0.03,0.08,0.78,65.0,80.0,7.0,458.0
2003.0,0.06,0.02,0.0,0.0,0.09,78.0,12.0,7.6,5.0
2005.0,0.01,0.0,0.0,0.0,0.02,45.0,10.0,7.5,4.0
2011.0,0.06,0.0,0.0,0.01,0.07,49.0,25.0,4.4,5.0
2001.0,0.45,0.35,0.0,0.12,0.92,63.0,17.0,3.3,9.0
2002.0,0.12,0.03,0.0,0.0,0.15,59.0,10.0,7.1,7.0
2012.0,0.03,0.02,0.0,0.0,0.06,54.0,8.0,3.5,16.0
2003.0,0.36,0.08,0.0,0.02,0.46,89.0,44.0,8.2,31.0
2005.0,0.05,0.04,0.0,0.01,0.1,67.0,28.0,7.8,12.0
2006.0,0.15,0.0,0.0,0.01,0.17,75.0,52.0,6.8,25.0
2008.0,0.15,0.37,0.0,0.07,0.58,68.0,18.0,5.7,29.0
2008.0,0.08,0.36,0.0,0.12,0.57,75.0,36.0,7.5,20.0
2008.0,0.09,0.4,0.0,0.07,0.56,78.0,47.0,7.6,36.0
2011.0,0.17,0.39,0.0,0.13,0.69,82.0,37.0,7.7,55.0
2011.0,0.15,0.22,0.0,0.04,0.41,84.0,54.0,8.2,70.0
2011.0,0.04,0.08,0.0,0.02,0.14,54.0,8.0,7.4,7.0
2009.0,0.0,0.06,0.0,0.01,0.07,83.0,57.0,8.0,794.0
2005.0,0.02,0.01,0.0,0.0,0.03,62.0,21.0,6.2,6.0
2009.0,0.09,0.0,0.0,0.01,0.1,71.0,7.0,8.2,5.0
2009.0,0.08,0.0,0.0,0.01,0.09,69.0,15.0,7.6,8.0
2009.0,0.07,0.0,0.0,0.01,0.08,62.0,12.0,8.0,6.0
2005.0,0.04,0.04,0.0,0.01,0.09,71.0,36.0,9.0,25.0
2005.0,0.02,0.01,0.0,0.0,0.02,71.0,28.0,9.2,27.0
2015.0,0.09,0.13,0.0,0.02,0.24,80.0,66.0,7.3,520.0
2013.0,0.12,0.53,0.0,0.07,0.72,76.0,71.0,4.2,3742.0
2011.0,0.19,0.31,0.0,0.09,0.6,90.0,62.0,8.3,1180.0
2016.0,0.0,0.12,0.0,0.01,0.13,86.0,77.0,7.3,556.0
2006.0,0.06,0.02,0.0,0.01,0.09,60.0,25.0,6.8,6.0
2007.0,0.48,1.27,0.0,0.24,2.0,71.0,19.0,5.7,9.0
2011.0,0.07,0.03,0.0,0.02,0.12,69.0,41.0,7.4,51.0
2007.0,0.2,0.0,0.0,0.02,0.22,56.0,31.0,5.6,5.0
2016.0,0.02,0.0,0.0,0.0,0.02,55.0,19.0,4.7,34.0
2013.0,0.04,0.04,0.25,0.02,0.35,71.0,44.0,8.0,136.0
2014.0,0.02,0.02,0.17,0.01,0.23,82.0,5.0,8.6,42.0
2015.0,0.05,0.07,0.02,0.02,0.17,74.0,35.0,7.6,74.0
2014.0,0.0,0.03,0.0,0.0,0.03,53.0,9.0,5.1,22.0
2010.0,0.04,0.02,0.0,0.01,0.06,45.0,38.0,6.9,11.0
2008.0,0.03,0.0,0.0,0.0,0.03,31.0,7.0,5.4,11.0
2015.0,0.06,0.0,0.0,0.01,0.07,62.0,19.0,7.7,61.0
2015.0,0.05,0.0,0.0,0.01,0.06,60.0,14.0,8.4,50.0
2009.0,1.04,0.66,0.0,0.18,1.88,49.0,15.0,6.6,13.0
2001.0,0.08,0.06,0.0,0.01,0.15,76.0,8.0,8.7,9.0
2005.0,0.15,0.01,0.12,0.01,0.29,70.0,51.0,8.1,42.0
2010.0,0.09,0.11,0.0,0.02,0.23,74.0,17.0,6.8,5.0
2008.0,0.06,0.01,0.0,0.01,0.08,75.0,38.0,6.9,12.0
2016.0,0.03,0.26,0.0,0.05,0.35,81.0,52.0,7.9,110.0
2016.0,0.02,0.04,0.0,0.0,0.06,76.0,12.0,7.7,27.0
2016.0,0.0,0.01,0.0,0.0,0.01,79.0,13.0,6.8,42.0
2004.0,0.63,0.49,0.0,0.16,1.29,75.0,51.0,8.6,27.0
2010.0,0.14,0.1,0.0,0.02,0.27,41.0,15.0,6.5,8.0
2011.0,0.11,0.18,0.0,0.06,0.34,57.0,41.0,5.6,27.0
2011.0,0.13,0.12,0.0,0.03,0.28,59.0,53.0,6.7,30.0
2015.0,0.1,0.09,0.0,0.04,0.23,77.0,50.0,7.5,160.0
2015.0,0.09,0.04,0.0,0.01,0.14,75.0,25.0,7.9,55.0
2015.0,0.0,0.03,0.0,0.0,0.03,74.0,9.0,7.6,56.0
2012.0,0.28,0.12,0.0,0.04,0.44,79.0,52.0,8.3,160.0
2012.0,0.19,0.14,0.0,0.06,0.39,77.0,32.0,8.2,87.0
2012.0,0.01,0.0,0.0,0.0,0.01,78.0,13.0,7.9,121.0
2016.0,0.0,0.03,0.0,0.0,0.04,70.0,11.0,7.0,28.0
2002.0,0.07,0.02,0.0,0.0,0.09,74.0,14.0,9.2,14.0
2002.0,0.09,0.07,0.0,0.02,0.19,76.0,15.0,8.5,6.0
2011.0,0.0,0.02,0.0,0.0,0.02,50.0,14.0,4.7,57.0
2005.0,0.03,0.02,0.0,0.01,0.06,60.0,36.0,7.9,14.0
2007.0,0.22,0.04,0.01,0.02,0.29,77.0,43.0,8.0,20.0
2006.0,0.28,0.01,0.03,0.03,0.34,80.0,49.0,8.0,47.0
2005.0,0.3,0.01,0.02,0.03,0.35,81.0,45.0,8.7,45.0
2008.0,0.1,0.0,0.0,0.01,0.11,79.0,29.0,8.5,11.0
2014.0,0.13,0.22,0.01,0.07,0.42,79.0,51.0,7.2,244.0
2014.0,0.12,0.1,0.0,0.02,0.24,80.0,28.0,7.1,158.0
2014.0,0.0,0.03,0.0,0.0,0.03,80.0,12.0,6.8,97.0
2004.0,0.08,0.06,0.0,0.02,0.16,32.0,4.0,4.8,16.0
2009.0,0.0,0.01,0.0,0.0,0.01,80.0,50.0,8.2,488.0
2011.0,0.0,0.03,0.0,0.01,0.04,84.0,55.0,8.4,667.0
2010.0,0.06,0.03,0.03,0.01,0.14,55.0,34.0,6.2,33.0
2009.0,0.07,0.05,0.03,0.02,0.18,62.0,25.0,7.2,28.0
2009.0,0.12,0.21,0.0,0.04,0.37,66.0,19.0,6.4,9.0
2009.0,0.12,0.11,0.0,0.05,0.28,66.0,13.0,7.1,7.0
2004.0,0.07,0.02,0.0,0.0,0.09,58.0,10.0,8.0,4.0
2010.0,0.27,0.09,0.0,0.05,0.42,58.0,47.0,6.2,28.0
2010.0,0.24,0.05,0.0,0.02,0.31,58.0,51.0,6.0,41.0
2010.0,0.06,0.0,0.0,0.0,0.07,57.0,11.0,6.0,25.0
2004.0,0.04,0.01,0.0,0.0,0.06,69.0,36.0,4.3,4.0
2009.0,0.15,0.02,0.03,0.01,0.22,75.0,33.0,6.6,22.0
2009.0,0.0,0.04,0.0,0.01,0.04,79.0,48.0,8.1,184.0
2011.0,0.1,0.13,0.0,0.04,0.27,78.0,46.0,7.7,359.0
2012.0,0.0,0.02,0.0,0.0,0.02,78.0,11.0,8.0,58.0
2014.0,0.02,0.09,0.0,0.01,0.12,75.0,51.0,7.0,351.0
2014.0,0.03,0.02,0.0,0.0,0.06,71.0,4.0,7.2,9.0
2015.0,0.06,0.16,0.06,0.04,0.31,76.0,17.0,7.1,110.0
2005.0,0.21,0.06,0.0,0.01,0.28,60.0,43.0,7.8,17.0
2005.0,0.13,0.03,0.0,0.0,0.17,59.0,25.0,8.8,24.0
2003.0,1.89,1.05,0.02,0.31,3.27,77.0,39.0,8.0,94.0
2003.0,0.96,0.37,0.0,0.05,1.38,77.0,39.0,7.8,28.0
2003.0,0.44,0.11,0.0,0.02,0.56,77.0,29.0,7.3,29.0
2005.0,0.11,0.0,0.04,0.01,0.16,66.0,32.0,7.7,11.0
2010.0,0.07,0.03,0.0,0.01,0.11,28.0,6.0,5.2,6.0
2008.0,0.23,0.04,0.0,0.02,0.29,43.0,44.0,6.8,87.0
2008.0,0.21,0.01,0.0,0.02,0.24,42.0,28.0,5.5,33.0
2006.0,0.03,0.0,0.0,0.0,0.03,39.0,11.0,4.5,4.0
2008.0,0.46,0.2,0.01,0.07,0.75,69.0,63.0,7.1,120.0
2008.0,0.35,0.21,0.01,0.1,0.67,67.0,38.0,6.0,39.0
2008.0,0.0,0.01,0.0,0.0,0.01,65.0,16.0,6.5,55.0
2002.0,0.64,0.5,0.0,0.17,1.31,61.0,20.0,7.3,27.0
2002.0,0.39,0.14,0.0,0.02,0.55,68.0,25.0,6.7,9.0
2002.0,0.3,0.08,0.0,0.01,0.38,70.0,19.0,7.0,21.0
2002.0,0.08,0.03,0.0,0.0,0.12,72.0,8.0,7.0,5.0
2010.0,0.07,0.12,0.0,0.05,0.25,56.0,17.0,4.9,8.0
2008.0,0.04,0.0,0.0,0.0,0.04,50.0,7.0,8.3,6.0
2001.0,1.19,0.17,0.0,0.05,1.41,91.0,15.0,8.4,98.0
2005.0,0.71,0.0,0.0,0.06,0.77,79.0,45.0,8.2,38.0
2007.0,0.41,0.22,0.0,0.07,0.7,50.0,44.0,5.5,182.0
2011.0,0.4,0.07,0.03,0.03,0.54,67.0,50.0,6.6,140.0
2011.0,0.26,0.1,0.06,0.05,0.46,70.0,28.0,7.0,65.0
2011.0,0.09,0.09,0.0,0.02,0.2,76.0,31.0,6.5,315.0
2006.0,0.0,0.02,0.0,0.0,0.02,67.0,30.0,8.3,4.0
2002.0,0.57,0.45,0.0,0.15,1.17,70.0,14.0,8.8,60.0
2002.0,0.21,0.05,0.0,0.01,0.27,69.0,12.0,8.7,15.0
2002.0,0.14,0.04,0.0,0.01,0.18,68.0,13.0,8.5,11.0
2004.0,0.26,0.2,0.0,0.07,0.53,71.0,24.0,8.2,22.0
2004.0,0.15,0.04,0.0,0.01,0.2,70.0,20.0,8.6,11.0
2004.0,0.08,0.02,0.0,0.0,0.11,69.0,29.0,8.8,4.0
2005.0,0.09,0.07,0.0,0.02,0.19,68.0,13.0,8.1,15.0
2005.0,0.07,0.02,0.0,0.0,0.09,68.0,11.0,8.0,9.0
2011.0,0.01,0.01,0.0,0.0,0.02,54.0,5.0,5.7,6.0
2007.0,0.04,0.01,0.0,0.0,0.05,72.0,27.0,8.2,10.0
2004.0,0.07,0.05,0.0,0.02,0.14,76.0,21.0,6.4,18.0
2004.0,0.04,0.01,0.0,0.0,0.05,74.0,21.0,8.1,9.0
2016.0,0.0,0.22,0.04,0.04,0.29,72.0,7.0,6.6,8.0
2004.0,0.09,0.07,0.0,0.02,0.18,54.0,29.0,7.7,7.0
2003.0,0.08,0.02,0.0,0.0,0.1,66.0,14.0,7.3,4.0
2009.0,1.48,0.39,0.0,0.19,2.06,83.0,68.0,7.9,51.0
2009.0,1.07,0.44,0.01,0.24,1.76,84.0,58.0,8.1,47.0
2011.0,0.53,0.18,0.0,0.06,0.77,70.0,36.0,6.5,15.0
2011.0,0.08,0.08,0.0,0.03,0.19,65.0,8.0,2.4,5.0
2010.0,0.8,0.4,0.02,0.18,1.41,85.0,54.0,7.2,48.0
2010.0,0.9,0.31,0.0,0.11,1.32,84.0,70.0,6.7,80.0
2010.0,0.11,0.06,0.0,0.04,0.21,74.0,27.0,7.0,13.0
2012.0,0.55,0.32,0.03,0.13,1.03,86.0,30.0,7.4,92.0
2012.0,0.72,0.2,0.0,0.08,0.99,85.0,60.0,7.6,88.0
2008.0,0.18,0.03,0.0,0.02,0.23,59.0,17.0,5.5,4.0
2003.0,0.06,0.02,0.0,0.0,0.08,80.0,9.0,8.3,7.0
2000.0,0.14,0.09,0.0,0.02,0.25,53.0,6.0,7.4,16.0
2002.0,0.16,0.12,0.0,0.04,0.32,68.0,19.0,8.0,8.0
2006.0,0.07,0.0,0.0,0.01,0.08,72.0,49.0,7.7,18.0
2011.0,0.17,0.08,0.0,0.04,0.29,80.0,48.0,7.7,93.0
2011.0,0.0,0.04,0.04,0.01,0.09,80.0,36.0,6.2,114.0
2011.0,0.0,0.03,0.04,0.0,0.07,79.0,44.0,6.2,85.0
2007.0,0.07,0.01,0.0,0.01,0.09,73.0,26.0,8.6,22.0
2014.0,0.15,0.09,0.0,0.02,0.27,69.0,16.0,7.6,32.0
2005.0,0.6,0.02,0.0,0.1,0.72,74.0,52.0,7.9,54.0
2005.0,0.26,0.11,0.0,0.02,0.39,77.0,53.0,7.4,20.0
2005.0,0.29,0.07,0.0,0.01,0.37,76.0,36.0,7.2,21.0
2005.0,0.22,0.08,0.0,0.01,0.3,62.0,4.0,7.3,12.0
2005.0,0.14,0.0,0.0,0.01,0.15,78.0,17.0,7.7,10.0
2015.0,0.0,0.08,0.0,0.01,0.1,71.0,28.0,5.9,94.0
2011.0,0.0,0.0,0.06,0.0,0.06,61.0,8.0,7.5,15.0
2011.0,0.0,0.0,0.04,0.0,0.04,65.0,8.0,7.8,16.0
2007.0,2.31,1.72,0.12,0.77,4.92,88.0,66.0,8.1,2306.0
2011.0,0.53,0.66,0.13,0.22,1.53,80.0,80.0,7.4,770.0
2015.0,2.07,1.71,0.08,0.76,4.62,86.0,78.0,8.1,1264.0
2009.0,3.27,2.2,0.21,0.98,6.66,96.0,105.0,8.8,5187.0
2011.0,2.77,2.75,0.19,1.03,6.74,92.0,97.0,8.3,3712.0
2016.0,1.85,2.5,0.19,0.85,5.38,93.0,113.0,7.9,7064.0
2009.0,0.05,0.0,0.06,0.01,0.12,63.0,27.0,8.0,13.0
2012.0,0.25,0.13,0.04,0.07,0.5,71.0,60.0,7.5,169.0
2001.0,0.08,0.02,0.0,0.0,0.1,39.0,11.0,2.9,11.0
2008.0,0.09,0.01,0.0,0.01,0.1,66.0,44.0,8.3,57.0
2002.0,0.1,0.08,0.56,0.03,0.77,45.0,26.0,3.0,29.0
2002.0,0.59,0.12,0.0,0.03,0.74,83.0,29.0,8.2,24.0
2004.0,0.17,0.04,0.0,0.01,0.21,64.0,27.0,5.3,20.0
2000.0,0.28,0.22,0.0,0.07,0.58,77.0,23.0,6.8,13.0
2002.0,0.0,0.01,0.0,0.0,0.01,86.0,27.0,8.2,98.0
2004.0,0.0,0.01,0.0,0.0,0.02,93.0,48.0,8.9,537.0
2007.0,0.33,0.23,0.0,0.1,0.67,86.0,42.0,7.7,127.0
2007.0,0.0,0.05,0.0,0.01,0.06,83.0,41.0,8.0,523.0
2008.0,0.25,0.17,0.01,0.05,0.47,82.0,47.0,7.6,95.0
2015.0,0.45,0.9,0.05,0.26,1.66,79.0,103.0,8.2,2161.0
2016.0,0.18,0.15,0.0,0.07,0.39,72.0,49.0,8.0,68.0
2005.0,0.54,0.33,0.01,0.22,1.09,68.0,51.0,7.6,58.0
2006.0,0.14,0.02,0.02,0.02,0.2,58.0,40.0,7.2,36.0
2006.0,0.14,0.12,0.0,0.08,0.33,65.0,46.0,8.3,28.0
2009.0,0.22,0.28,0.0,0.06,0.56,62.0,6.0,8.0,4.0
2009.0,0.2,0.07,0.0,0.03,0.29,61.0,18.0,6.8,6.0
2009.0,0.15,0.06,0.0,0.03,0.25,65.0,5.0,6.5,4.0
2006.0,0.03,0.02,0.0,0.01,0.06,73.0,35.0,7.8,24.0
2006.0,0.01,0.0,0.0,0.0,0.02,72.0,34.0,8.6,9.0
2005.0,0.04,0.03,0.0,0.01,0.08,60.0,44.0,8.2,26.0
2003.0,0.0,0.02,0.0,0.0,0.02,79.0,22.0,7.6,29.0
2000.0,0.3,0.2,0.3,0.06,0.87,92.0,19.0,8.3,129.0
2016.0,0.01,0.05,0.0,0.01,0.08,75.0,19.0,8.0,50.0
2016.0,0.01,0.02,0.0,0.0,0.03,74.0,5.0,8.1,7.0
2016.0,0.0,0.01,0.0,0.0,0.01,72.0,4.0,6.2,14.0
2006.0,0.15,0.0,0.07,0.01,0.24,53.0,29.0,6.3,15.0
2009.0,0.1,0.01,0.01,0.01,0.14,35.0,17.0,6.7,19.0
2008.0,0.09,0.0,0.12,0.01,0.23,50.0,13.0,5.4,13.0
2013.0,0.04,0.01,0.12,0.01,0.18,48.0,19.0,6.8,56.0
2008.0,0.71,0.19,0.24,0.13,1.27,86.0,60.0,8.6,433.0
2010.0,0.12,0.15,0.18,0.09,0.53,83.0,54.0,8.1,67.0
2015.0,0.0,0.03,0.07,0.01,0.11,72.0,7.0,8.5,11.0
1999.0,0.07,0.05,0.63,0.05,0.81,81.0,8.0,8.8,37.0
2008.0,0.22,0.02,0.16,0.02,0.42,74.0,35.0,6.8,12.0
2006.0,0.17,0.01,0.16,0.02,0.36,80.0,39.0,8.4,57.0
2006.0,0.04,0.03,0.39,0.01,0.47,84.0,45.0,9.0,59.0
2001.0,0.07,0.05,0.0,0.02,0.14,65.0,18.0,8.0,5.0
2007.0,0.18,0.0,0.01,0.01,0.21,38.0,45.0,2.9,44.0
2008.0,0.05,0.0,0.0,0.0,0.06,30.0,15.0,3.5,36.0
1998.0,0.04,0.03,0.0,0.0,0.07,62.0,5.0,7.4,15.0
2004.0,0.22,0.17,0.0,0.06,0.44,64.0,41.0,8.5,19.0
2004.0,0.07,0.03,0.0,0.0,0.1,33.0,11.0,6.3,6.0
2007.0,0.13,0.04,0.0,0.01,0.18,63.0,32.0,7.6,8.0
2010.0,0.21,0.21,0.11,0.08,0.61,84.0,61.0,8.1,304.0
2010.0,0.19,0.16,0.03,0.04,0.42,84.0,70.0,8.4,182.0
2009.0,0.14,0.02,0.01,0.01,0.18,56.0,46.0,7.1,55.0
2009.0,0.0,0.04,0.0,0.01,0.05,61.0,17.0,6.8,51.0
2010.0,0.09,0.03,0.0,0.01,0.13,42.0,14.0,7.3,18.0
2010.0,0.07,0.03,0.0,0.01,0.12,47.0,14.0,6.5,6.0
2003.0,0.12,0.09,0.0,0.03,0.24,63.0,20.0,7.6,11.0
2003.0,0.08,0.02,0.0,0.0,0.1,70.0,21.0,8.5,10.0
2003.0,0.05,0.01,0.0,0.0,0.06,71.0,22.0,7.3,6.0
2000.0,0.05,0.04,0.38,0.01,0.47,75.0,15.0,8.0,10.0
2007.0,0.07,0.0,0.06,0.01,0.14,59.0,26.0,5.4,8.0
2003.0,0.0,0.02,0.0,0.0,0.02,74.0,22.0,8.7,76.0
2004.0,0.09,0.07,0.0,0.02,0.18,48.0,11.0,4.3,6.0
2004.0,0.06,0.02,0.0,0.0,0.08,57.0,32.0,8.4,11.0
2003.0,0.38,0.1,0.12,0.02,0.62,93.0,52.0,8.3,115.0
2004.0,0.14,0.11,0.0,0.04,0.28,90.0,34.0,8.5,35.0
2005.0,0.04,0.01,0.0,0.0,0.06,62.0,27.0,6.9,8.0
2006.0,0.08,0.0,0.0,0.01,0.09,63.0,24.0,6.3,6.0
2004.0,0.17,0.04,0.0,0.01,0.22,86.0,39.0,8.3,19.0
2004.0,0.1,0.08,0.0,0.03,0.21,85.0,29.0,7.7,17.0
2008.0,0.16,0.23,0.0,0.05,0.44,68.0,67.0,8.0,88.0
2008.0,0.14,0.17,0.0,0.07,0.38,65.0,38.0,7.4,32.0
2002.0,0.78,0.44,0.56,0.04,1.81,94.0,36.0,8.0,84.0
2003.0,0.35,0.27,0.0,0.09,0.71,93.0,30.0,9.0,48.0
2007.0,0.29,0.51,0.08,0.2,1.08,85.0,47.0,7.4,67.0
2007.0,0.2,0.02,0.03,0.02,0.28,89.0,36.0,7.6,62.0
2002.0,0.01,0.0,0.03,0.0,0.05,58.0,20.0,6.0,5.0
2009.0,0.09,0.22,0.0,0.06,0.38,70.0,34.0,6.3,21.0
2009.0,0.12,0.21,0.0,0.04,0.37,73.0,33.0,7.7,21.0
2009.0,0.12,0.18,0.0,0.03,0.33,70.0,43.0,6.2,15.0
2007.0,0.23,0.58,0.03,0.21,1.05,80.0,35.0,7.9,32.0
2007.0,0.02,0.02,0.0,0.01,0.05,79.0,17.0,7.7,13.0
2007.0,0.03,0.01,0.0,0.0,0.04,80.0,34.0,6.8,26.0
2011.0,0.09,0.24,0.03,0.08,0.44,69.0,49.0,6.6,28.0
2011.0,0.11,0.09,0.01,0.02,0.23,70.0,37.0,6.2,12.0
2011.0,0.05,0.08,0.0,0.01,0.14,65.0,15.0,7.5,4.0
2011.0,0.0,0.03,0.0,0.01,0.04,66.0,5.0,7.3,43.0
2006.0,0.45,0.95,0.02,0.2,1.62,84.0,65.0,8.0,131.0
2007.0,0.0,0.02,0.0,0.0,0.02,78.0,20.0,7.8,20.0
2007.0,0.19,0.02,0.0,0.02,0.23,56.0,42.0,6.2,18.0
2008.0,0.26,0.23,0.0,0.06,0.55,82.0,34.0,7.1,15.0
2008.0,0.16,0.25,0.01,0.05,0.47,82.0,64.0,7.9,61.0
2003.0,0.09,0.03,0.0,0.0,0.12,73.0,38.0,8.4,22.0
2002.0,0.03,0.02,0.0,0.01,0.06,82.0,10.0,7.4,14.0
2004.0,0.01,0.0,0.0,0.0,0.01,78.0,13.0,9.5,4.0
2003.0,0.08,0.06,0.0,0.02,0.16,83.0,23.0,9.0,12.0
2003.0,0.04,0.01,0.0,0.0,0.05,80.0,23.0,8.8,9.0
2008.0,0.51,0.4,0.0,0.11,1.01,51.0,18.0,3.6,8.0
2008.0,0.21,0.0,0.0,0.54,0.75,67.0,8.0,8.4,9.0
2008.0,0.29,0.26,0.0,0.07,0.62,50.0,32.0,6.3,6.0
2008.0,0.12,0.21,0.0,0.08,0.4,51.0,24.0,5.0,7.0
2008.0,0.0,0.01,0.0,0.0,0.02,58.0,6.0,6.8,17.0
2009.0,0.17,0.15,0.0,0.04,0.37,62.0,61.0,7.5,26.0
2009.0,0.14,0.1,0.01,0.04,0.29,61.0,56.0,7.1,25.0
2002.0,0.03,0.09,0.0,0.02,0.13,92.0,40.0,9.1,1023.0
2003.0,0.58,0.87,0.0,0.09,1.54,88.0,23.0,9.0,713.0
2015.0,0.0,0.01,0.0,0.0,0.01,65.0,14.0,7.7,90.0
2006.0,0.06,0.0,0.0,0.01,0.07,55.0,8.0,7.4,8.0
2008.0,0.09,0.02,0.0,0.01,0.11,55.0,30.0,6.7,20.0
2006.0,0.0,0.02,0.0,0.0,0.03,73.0,32.0,7.4,57.0
2004.0,0.01,0.03,0.0,0.01,0.05,86.0,51.0,8.8,295.0
2009.0,0.0,0.45,0.0,0.02,0.47,85.0,67.0,8.1,1502.0
2011.0,0.0,0.06,0.0,0.02,0.08,80.0,52.0,7.8,235.0
2003.0,0.08,0.06,0.0,0.02,0.15,64.0,23.0,8.3,63.0
2011.0,0.25,0.26,0.0,0.06,0.56,76.0,57.0,7.8,232.0
2011.0,0.13,0.23,0.0,0.08,0.44,70.0,46.0,7.4,162.0
2011.0,0.09,0.09,0.0,0.03,0.2,74.0,34.0,7.4,596.0
2007.0,0.11,0.13,0.0,0.08,0.32,67.0,25.0,7.6,26.0
2007.0,0.05,0.01,0.0,0.01,0.06,57.0,21.0,7.9,16.0
2008.0,0.0,0.02,0.0,0.0,0.02,86.0,54.0,7.9,374.0
2007.0,0.49,0.39,0.0,0.17,1.06,84.0,50.0,8.4,183.0
2007.0,0.28,0.02,0.33,0.03,0.65,60.0,35.0,7.4,19.0
2001.0,0.9,0.73,0.54,0.09,2.26,88.0,17.0,8.9,42.0
2006.0,0.86,1.04,0.73,0.26,2.89,83.0,61.0,7.4,179.0
2009.0,0.17,0.18,0.2,0.04,0.59,82.0,53.0,8.7,39.0
2003.0,0.34,0.09,0.0,0.01,0.44,71.0,30.0,7.2,44.0
2001.0,0.02,0.02,0.0,0.01,0.04,59.0,9.0,5.5,4.0
2003.0,0.26,0.2,0.0,0.07,0.54,80.0,41.0,8.9,68.0
2011.0,0.06,0.04,0.07,0.02,0.19,44.0,22.0,7.0,24.0
2001.0,0.09,0.07,0.0,0.02,0.17,49.0,12.0,4.5,6.0
2007.0,0.05,0.0,0.0,0.0,0.06,52.0,6.0,7.4,12.0
2007.0,0.11,0.09,0.64,0.03,0.87,55.0,14.0,8.2,16.0
2007.0,0.17,0.01,0.0,0.02,0.2,53.0,27.0,7.4,13.0
2008.0,0.02,0.0,0.18,0.0,0.2,62.0,13.0,6.6,10.0
2008.0,0.06,0.0,0.22,0.01,0.29,56.0,14.0,7.5,4.0
2008.0,0.06,0.05,0.0,0.02,0.13,52.0,9.0,8.5,13.0
2008.0,0.04,0.0,0.01,0.0,0.06,44.0,28.0,8.1,15.0
2011.0,0.0,0.04,0.57,0.01,0.62,70.0,17.0,7.9,35.0
2011.0,0.09,0.03,0.03,0.01,0.16,71.0,9.0,8.1,19.0
2012.0,0.04,0.02,0.02,0.01,0.08,64.0,18.0,7.4,31.0
2006.0,0.01,0.01,0.0,0.0,0.03,62.0,13.0,8.5,11.0
2006.0,0.04,0.0,0.0,0.0,0.04,60.0,33.0,6.1,7.0
2015.0,0.03,0.06,0.0,0.01,0.1,81.0,65.0,7.3,1170.0
2015.0,0.04,0.01,0.0,0.01,0.05,77.0,13.0,7.1,56.0
2014.0,1.4,1.9,0.11,0.64,4.05,80.0,80.0,6.3,2996.0
2014.0,0.9,0.53,0.0,0.14,1.57,78.0,15.0,5.8,712.0
2014.0,0.15,0.26,0.0,0.03,0.45,77.0,18.0,4.7,3288.0
2014.0,0.07,0.05,0.0,0.01,0.13,62.0,15.0,6.4,162.0
2016.0,0.37,0.58,0.0,0.18,1.13,83.0,88.0,7.8,621.0
2016.0,0.17,0.16,0.0,0.03,0.36,83.0,9.0,7.7,131.0
2001.0,0.4,0.1,0.09,0.02,0.6,80.0,21.0,8.3,29.0
2002.0,0.13,0.1,0.25,0.03,0.51,74.0,22.0,8.2,19.0
2003.0,0.05,0.04,0.23,0.01,0.33,59.0,32.0,9.0,24.0
2008.0,0.18,0.08,0.22,0.04,0.52,58.0,18.0,7.9,22.0
2009.0,0.12,0.05,0.02,0.02,0.21,55.0,22.0,6.8,16.0
2011.0,0.0,0.03,0.16,0.01,0.19,58.0,25.0,6.5,15.0
2008.0,0.47,0.0,0.0,0.04,0.52,56.0,12.0,7.3,13.0
2005.0,0.26,0.2,0.0,0.07,0.52,86.0,61.0,8.9,51.0
2008.0,0.97,0.4,0.14,0.15,1.67,67.0,32.0,8.5,12.0
2009.0,0.22,0.27,0.01,0.11,0.61,70.0,61.0,6.4,55.0
2009.0,0.1,0.0,0.0,0.01,0.11,51.0,10.0,5.4,5.0
2009.0,0.09,0.01,0.0,0.01,0.11,53.0,8.0,4.8,4.0
2003.0,0.06,0.05,0.0,0.02,0.13,66.0,32.0,8.7,15.0
2002.0,0.11,0.09,0.0,0.03,0.22,58.0,9.0,7.0,5.0
2002.0,0.04,0.01,0.0,0.0,0.05,61.0,10.0,9.0,4.0
2008.0,0.33,0.16,0.36,0.08,0.93,64.0,77.0,7.5,213.0
2010.0,0.23,0.09,0.27,0.04,0.63,60.0,45.0,7.1,64.0
2007.0,8.92,8.03,3.6,2.15,22.7,80.0,63.0,7.7,146.0
2009.0,9.01,8.49,2.53,1.77,21.79,80.0,33.0,7.4,52.0
2013.0,0.35,0.23,0.21,0.05,0.85,72.0,19.0,7.7,72.0
2008.0,1.35,1.11,0.46,0.32,3.25,63.0,43.0,4.6,116.0
2010.0,1.75,3.47,2.49,0.67,8.38,68.0,42.0,7.4,54.0
2013.0,0.3,0.56,0.84,0.05,1.75,65.0,38.0,6.8,135.0
2006.0,13.96,9.18,2.93,2.84,28.92,58.0,41.0,6.6,129.0
2011.0,0.23,0.42,0.18,0.09,0.92,60.0,34.0,6.1,16.0
2006.0,41.36,28.96,3.77,8.45,82.53,76.0,51.0,8.0,322.0
2014.0,0.17,0.14,0.04,0.03,0.38,68.0,21.0,7.0,106.0
2009.0,15.61,10.93,3.28,2.95,32.77,80.0,73.0,8.0,192.0
2003.0,0.05,0.04,0.0,0.01,0.09,73.0,25.0,8.3,26.0
2002.0,0.16,0.13,0.29,0.04,0.62,78.0,30.0,8.4,38.0
2005.0,0.07,0.06,0.0,0.02,0.14,69.0,38.0,7.3,17.0
2006.0,0.14,0.11,0.0,0.04,0.28,71.0,26.0,7.5,22.0
2007.0,0.07,0.0,0.06,0.01,0.14,64.0,22.0,6.6,19.0
2014.0,0.08,0.07,0.0,0.01,0.16,82.0,52.0,7.4,965.0
2000.0,0.14,0.11,0.0,0.04,0.29,66.0,11.0,7.7,20.0
2003.0,0.04,0.01,0.0,0.0,0.05,70.0,8.0,8.3,7.0
2006.0,0.03,0.01,0.01,0.0,0.05,47.0,32.0,4.9,8.0
2004.0,0.05,0.01,0.0,0.0,0.06,62.0,29.0,5.0,5.0
2006.0,0.1,2.39,1.05,0.86,4.39,86.0,19.0,8.9,33.0
2006.0,0.01,0.72,0.12,0.01,0.86,81.0,10.0,8.3,14.0
2006.0,0.0,0.0,0.17,0.0,0.17,63.0,5.0,7.9,12.0
2006.0,0.09,0.0,0.0,0.01,0.1,79.0,22.0,6.5,33.0
2007.0,0.45,0.67,0.0,0.12,1.24,52.0,15.0,6.8,4.0
2011.0,0.05,0.03,0.0,0.01,0.09,46.0,9.0,6.5,4.0
2011.0,0.87,0.0,0.0,0.06,0.93,39.0,5.0,5.6,8.0
2012.0,0.13,0.17,0.0,0.05,0.35,79.0,63.0,8.2,191.0
1999.0,0.19,0.13,0.0,0.02,0.34,89.0,14.0,8.5,15.0
2002.0,0.12,0.1,0.0,0.03,0.25,83.0,21.0,8.5,43.0
2009.0,0.0,0.05,0.0,0.01,0.07,89.0,15.0,8.4,115.0
2007.0,0.13,0.12,0.0,0.06,0.31,82.0,40.0,8.6,31.0
2005.0,0.47,0.34,0.0,0.23,1.03,88.0,56.0,7.9,102.0
1996.0,0.14,0.1,0.0,0.02,0.25,93.0,8.0,8.7,20.0
2005.0,0.02,0.01,0.0,0.0,0.04,45.0,25.0,6.5,8.0
2001.0,0.04,0.03,0.0,0.01,0.09,70.0,14.0,7.5,6.0
2009.0,0.25,0.27,0.0,0.11,0.63,71.0,58.0,7.4,77.0
2009.0,0.28,0.22,0.0,0.06,0.56,72.0,66.0,7.5,128.0
2009.0,0.01,0.03,0.0,0.01,0.05,74.0,41.0,7.3,261.0
2014.0,0.47,0.8,0.03,0.24,1.55,79.0,73.0,8.1,1116.0
2014.0,0.34,0.28,0.0,0.06,0.68,79.0,18.0,7.8,397.0
2014.0,0.13,0.29,0.0,0.03,0.45,81.0,23.0,8.2,1647.0
2015.0,0.1,0.25,0.02,0.06,0.43,76.0,54.0,8.0,267.0
2015.0,0.07,0.07,0.0,0.01,0.15,75.0,23.0,8.0,101.0
2015.0,0.0,0.08,0.0,0.0,0.09,76.0,30.0,7.6,338.0
2002.0,0.12,0.04,0.0,0.0,0.17,57.0,9.0,6.0,7.0
2007.0,0.0,0.0,0.03,0.0,0.03,32.0,7.0,4.0,4.0
2008.0,0.04,0.0,0.0,0.0,0.05,37.0,9.0,4.5,4.0
2001.0,0.02,0.02,0.0,0.01,0.05,64.0,5.0,7.4,5.0
2007.0,0.13,0.01,0.0,0.01,0.15,77.0,9.0,7.7,9.0
2001.0,0.2,0.14,0.0,0.02,0.36,54.0,16.0,6.3,4.0
2004.0,0.8,0.03,0.0,0.13,0.95,60.0,8.0,7.7,11.0
2005.0,0.12,0.0,0.0,0.01,0.14,65.0,17.0,2.8,17.0
2004.0,0.02,0.02,0.0,0.01,0.05,60.0,4.0,6.7,6.0
2000.0,0.08,0.07,0.0,0.02,0.17,65.0,16.0,5.9,7.0
2000.0,0.09,0.06,0.0,0.01,0.17,35.0,4.0,1.2,6.0
2007.0,0.0,0.03,0.0,0.01,0.04,89.0,44.0,8.1,301.0
2016.0,0.08,0.14,0.08,0.04,0.33,77.0,74.0,8.3,222.0
2016.0,0.04,0.06,0.08,0.03,0.21,77.0,5.0,8.6,46.0
2008.0,0.0,0.03,0.0,0.01,0.04,90.0,26.0,8.5,607.0
2010.0,0.17,0.0,0.0,0.01,0.18,57.0,4.0,8.1,10.0
2002.0,0.23,0.18,0.0,0.06,0.48,80.0,10.0,9.1,10.0
2011.0,0.0,0.23,0.0,0.05,0.29,80.0,38.0,3.7,1466.0
2004.0,0.08,6.21,0.0,0.0,6.29,93.0,57.0,7.3,2182.0
2010.0,1.77,0.32,0.0,0.0,2.08,90.0,53.0,5.6,953.0
2016.0,0.13,0.16,0.0,0.03,0.32,88.0,62.0,7.5,535.0
2012.0,0.84,0.76,0.0,0.22,1.82,82.0,42.0,4.8,1265.0
2007.0,2.57,1.52,0.0,0.0,4.09,91.0,46.0,7.9,785.0
2014.0,0.08,0.36,0.0,0.03,0.47,87.0,49.0,5.9,1154.0
2008.0,0.01,0.13,0.0,1.18,1.32,91.0,47.0,7.5,930.0
2005.0,0.1,0.08,0.0,0.03,0.21,60.0,17.0,8.6,5.0
2005.0,0.05,0.01,0.0,0.0,0.06,63.0,17.0,7.8,4.0
2003.0,0.05,0.01,0.0,0.0,0.07,56.0,14.0,8.1,8.0
2002.0,0.17,0.05,0.0,0.01,0.23,85.0,20.0,8.8,6.0
2003.0,0.12,0.1,0.0,0.03,0.25,87.0,21.0,8.7,19.0
2003.0,0.11,0.03,0.0,0.01,0.15,89.0,22.0,8.6,14.0
2005.0,0.39,0.01,0.0,0.06,0.47,46.0,15.0,8.2,20.0
2005.0,0.19,0.0,0.0,0.02,0.21,37.0,6.0,6.4,20.0
2007.0,0.06,0.01,0.0,0.01,0.08,74.0,10.0,6.7,6.0
2009.0,0.02,0.0,0.0,0.0,0.02,63.0,9.0,8.1,8.0
2002.0,0.12,1.26,1.16,0.45,2.99,93.0,24.0,9.1,65.0
2003.0,0.08,1.24,1.13,0.45,2.9,93.0,28.0,9.0,45.0
2004.0,0.16,1.89,1.12,0.68,3.85,91.0,26.0,9.1,38.0
2004.0,0.07,0.02,0.0,0.0,0.09,90.0,25.0,8.4,11.0
2005.0,0.06,0.33,0.02,0.03,0.44,89.0,19.0,7.9,9.0
2005.0,0.1,0.63,0.0,0.34,1.07,70.0,31.0,5.6,5.0
2001.0,0.07,0.05,0.0,0.02,0.14,77.0,21.0,7.5,10.0
2002.0,0.07,0.05,0.0,0.02,0.14,78.0,21.0,8.3,7.0
2004.0,0.08,0.06,0.0,0.02,0.16,68.0,28.0,9.0,6.0
2004.0,0.08,0.06,0.0,0.02,0.17,56.0,20.0,6.0,7.0
2007.0,0.0,1.12,0.0,0.0,1.12,86.0,15.0,8.0,19.0
2008.0,0.0,1.14,0.0,0.01,1.15,83.0,29.0,8.1,30.0
2007.0,0.0,0.02,0.0,0.0,0.02,75.0,25.0,6.9,28.0
2009.0,0.0,0.02,0.0,0.01,0.02,76.0,9.0,6.9,18.0
2008.0,0.06,0.02,0.0,0.01,0.08,64.0,26.0,4.3,13.0
2006.0,0.11,0.43,0.0,0.23,0.77,70.0,22.0,6.6,18.0
2006.0,0.05,0.02,0.0,0.01,0.08,64.0,24.0,7.0,16.0
2007.0,0.04,0.26,0.0,0.14,0.44,80.0,26.0,8.1,25.0
2007.0,0.07,0.24,0.0,0.04,0.35,81.0,25.0,9.1,22.0
2011.0,0.0,0.03,0.0,0.0,0.04,66.0,4.0,7.8,48.0
2016.0,0.01,0.02,0.0,0.0,0.03,78.0,23.0,7.6,19.0
2016.0,0.01,0.0,0.0,0.0,0.01,75.0,24.0,8.1,7.0
2003.0,0.06,0.05,0.0,0.02,0.12,70.0,31.0,7.8,22.0
2003.0,0.05,0.01,0.0,0.0,0.07,69.0,23.0,7.6,19.0
2003.0,0.04,0.01,0.0,0.0,0.06,69.0,20.0,8.4,10.0
2005.0,0.03,0.01,0.0,0.0,0.04,69.0,27.0,9.2,6.0
2004.0,0.05,0.04,0.0,0.01,0.11,63.0,21.0,8.0,15.0
2004.0,0.05,0.01,0.0,0.0,0.07,67.0,15.0,8.0,6.0
2010.0,0.0,0.04,0.0,0.01,0.05,79.0,28.0,6.8,185.0
2001.0,0.0,0.01,0.0,0.0,0.02,75.0,8.0,7.6,68.0
2004.0,0.04,0.03,0.0,0.01,0.07,64.0,25.0,6.0,6.0
2004.0,0.03,0.01,0.0,0.0,0.05,69.0,32.0,7.0,4.0
2005.0,0.02,0.01,0.0,0.0,0.03,67.0,18.0,7.8,19.0
2002.0,0.42,0.11,0.02,0.02,0.57,74.0,36.0,5.2,13.0
2011.0,0.74,0.4,0.0,0.12,1.27,71.0,52.0,6.3,89.0
2011.0,0.53,0.45,0.02,0.17,1.17,72.0,28.0,6.9,80.0
2011.0,0.23,0.08,0.0,0.03,0.34,74.0,6.0,5.2,9.0
2012.0,0.51,0.6,0.0,0.25,1.35,76.0,24.0,8.1,99.0
2012.0,0.72,0.44,0.0,0.11,1.27,78.0,46.0,8.0,110.0
2012.0,0.11,0.02,0.0,0.01,0.15,74.0,4.0,6.0,9.0
2013.0,0.49,0.46,0.0,0.19,1.14,74.0,22.0,7.5,121.0
2013.0,0.64,0.37,0.0,0.1,1.11,75.0,43.0,7.7,100.0
2014.0,0.39,0.57,0.0,0.19,1.15,62.0,44.0,5.1,164.0
2014.0,0.36,0.29,0.0,0.13,0.78,55.0,5.0,3.1,57.0
2014.0,0.38,0.2,0.0,0.06,0.64,50.0,5.0,4.0,65.0
2014.0,0.29,0.23,0.0,0.05,0.57,56.0,25.0,5.7,63.0
2015.0,0.41,0.6,0.0,0.2,1.21,73.0,47.0,7.4,237.0
2015.0,0.32,0.22,0.0,0.05,0.59,72.0,18.0,5.7,75.0
2016.0,0.17,0.34,0.0,0.09,0.6,69.0,50.0,6.9,88.0
2016.0,0.12,0.12,0.0,0.02,0.26,68.0,12.0,5.5,27.0
2011.0,0.16,0.18,0.0,0.07,0.41,75.0,51.0,6.4,36.0
2011.0,0.18,0.14,0.0,0.03,0.34,75.0,64.0,7.2,45.0
2011.0,0.15,0.06,0.0,0.02,0.23,71.0,12.0,7.4,7.0
2011.0,0.1,0.07,0.0,0.02,0.19,68.0,11.0,7.0,8.0
2011.0,0.12,0.04,0.0,0.03,0.18,70.0,4.0,6.6,5.0
2003.0,0.17,0.13,0.0,0.04,0.35,56.0,13.0,5.3,8.0
2003.0,0.06,0.02,0.0,0.0,0.08,55.0,14.0,7.0,5.0
2004.0,0.35,0.09,0.0,0.01,0.45,79.0,47.0,9.1,81.0
2005.0,0.26,0.07,0.0,0.01,0.34,76.0,36.0,6.0,263.0
2003.0,0.43,0.11,0.0,0.02,0.56,68.0,26.0,7.3,25.0
2002.0,0.19,0.07,0.0,0.0,0.27,73.0,10.0,7.5,6.0
2005.0,0.36,0.0,0.0,0.03,0.4,81.0,30.0,8.5,37.0
2006.0,1.4,0.88,0.03,0.26,2.58,80.0,27.0,8.6,57.0
2006.0,0.33,0.2,0.0,0.14,0.66,78.0,13.0,8.1,21.0
2006.0,0.44,0.03,0.0,0.04,0.5,81.0,50.0,7.8,46.0
2008.0,0.69,0.0,0.0,0.55,1.24,78.0,9.0,6.9,34.0
2008.0,0.51,0.3,0.01,0.12,0.94,78.0,37.0,7.0,49.0
2008.0,0.58,0.26,0.0,0.08,0.92,79.0,47.0,7.1,34.0
2008.0,0.44,0.31,0.0,0.08,0.83,79.0,18.0,8.5,18.0
2008.0,0.41,0.2,0.0,0.14,0.75,72.0,9.0,6.0,9.0
2008.0,0.14,0.02,0.0,0.01,0.18,58.0,15.0,7.8,6.0
2009.0,0.48,0.48,0.01,0.2,1.17,81.0,38.0,8.1,55.0
2009.0,0.56,0.37,0.01,0.1,1.04,80.0,59.0,8.4,36.0
2009.0,0.49,0.17,0.0,0.06,0.73,78.0,11.0,7.7,9.0
2009.0,0.35,0.13,0.0,0.05,0.53,75.0,7.0,8.3,4.0
2010.0,0.44,0.46,0.01,0.18,1.09,74.0,42.0,6.9,41.0
2010.0,0.44,0.35,0.0,0.08,0.88,75.0,49.0,7.6,45.0
2007.0,0.92,0.0,0.01,1.41,2.34,71.0,11.0,7.2,31.0
2007.0,0.92,0.38,0.0,0.13,1.43,71.0,41.0,6.8,48.0
2007.0,0.62,0.49,0.01,0.2,1.33,74.0,27.0,7.3,41.0
2007.0,0.45,0.47,0.0,0.28,1.19,68.0,11.0,7.8,15.0
2007.0,0.38,0.5,0.0,0.11,0.98,59.0,13.0,5.9,18.0
2007.0,0.11,0.0,0.0,0.01,0.12,61.0,12.0,6.6,13.0
2004.0,0.09,0.04,0.0,0.0,0.13,55.0,12.0,8.2,5.0
2005.0,0.34,0.1,0.0,0.02,0.45,56.0,48.0,6.9,47.0
2002.0,0.38,0.1,0.0,0.01,0.49,64.0,25.0,6.9,20.0
2003.0,0.26,0.07,0.0,0.01,0.33,76.0,26.0,8.7,47.0
2002.0,0.4,0.13,0.0,0.02,0.55,68.0,33.0,6.6,15.0
2008.0,0.25,0.0,0.0,0.02,0.27,41.0,7.0,5.4,18.0
2003.0,0.31,0.24,0.0,0.08,0.64,58.0,24.0,7.2,13.0
2003.0,0.15,0.04,0.0,0.01,0.21,58.0,27.0,6.4,9.0
2003.0,0.14,0.05,0.0,0.0,0.2,72.0,8.0,7.2,5.0
2003.0,0.09,0.02,0.0,0.0,0.12,62.0,21.0,6.6,8.0
2008.0,0.0,0.02,0.0,0.0,0.03,73.0,16.0,7.9,222.0
2009.0,0.1,0.02,0.02,0.01,0.14,50.0,39.0,5.4,14.0
2009.0,0.07,0.03,0.02,0.01,0.13,50.0,31.0,5.9,15.0
2015.0,0.02,0.0,0.0,0.0,0.02,63.0,4.0,6.2,5.0
2013.0,0.01,0.0,0.01,0.0,0.03,43.0,5.0,7.4,24.0
2012.0,0.27,0.36,0.0,0.08,0.71,89.0,57.0,8.2,2235.0
2012.0,0.36,0.21,0.0,0.05,0.62,90.0,35.0,8.3,366.0
2012.0,0.24,0.23,0.0,0.1,0.57,89.0,20.0,8.2,296.0
2016.0,0.09,0.12,0.0,0.02,0.23,88.0,104.0,7.1,1221.0
2016.0,0.04,0.08,0.0,0.02,0.14,88.0,28.0,8.0,116.0
2016.0,0.02,0.02,0.0,0.0,0.05,87.0,17.0,8.1,40.0
2010.0,0.43,0.25,0.16,0.07,0.91,92.0,59.0,8.9,950.0
2015.0,0.36,0.28,0.14,0.06,0.84,84.0,87.0,8.9,1548.0
1998.0,0.29,0.19,0.89,0.1,1.46,84.0,15.0,8.4,204.0
2002.0,0.63,0.49,0.45,0.17,1.74,83.0,35.0,8.7,99.0
2006.0,0.09,0.07,0.18,0.02,0.37,81.0,34.0,9.0,59.0
2001.0,0.12,0.03,0.0,0.0,0.15,83.0,21.0,7.8,14.0
2003.0,0.03,0.02,0.0,0.01,0.06,68.0,23.0,8.6,8.0
2003.0,0.02,0.0,0.0,0.0,0.02,69.0,13.0,7.0,5.0
2003.0,0.02,0.0,0.0,0.0,0.02,66.0,15.0,6.8,5.0
2004.0,0.3,0.24,0.0,0.08,0.62,68.0,23.0,8.6,8.0
2003.0,0.28,0.22,0.0,0.07,0.57,73.0,37.0,8.6,35.0
2003.0,0.16,0.08,0.0,0.01,0.25,74.0,38.0,8.3,15.0
2003.0,0.07,0.02,0.0,0.0,0.09,73.0,27.0,7.7,20.0
2011.0,0.14,0.07,0.0,0.03,0.24,50.0,33.0,4.8,37.0
2011.0,0.18,0.04,0.0,0.02,0.24,47.0,51.0,5.0,72.0
2011.0,0.07,0.02,0.0,0.01,0.1,36.0,10.0,4.5,15.0
2011.0,0.05,0.01,0.0,0.0,0.06,33.0,6.0,5.6,7.0
2001.0,0.4,0.27,0.0,0.05,0.72,72.0,12.0,8.4,18.0
2002.0,0.23,0.18,0.0,0.06,0.47,61.0,19.0,8.7,13.0
2002.0,0.1,0.03,0.0,0.0,0.13,63.0,17.0,8.2,11.0
2006.0,0.2,0.16,0.0,0.05,0.41,52.0,44.0,7.5,20.0
2006.0,0.16,0.0,0.0,0.01,0.17,52.0,57.0,6.1,20.0
2006.0,0.12,0.03,0.0,0.0,0.15,50.0,31.0,6.3,8.0
2006.0,0.1,0.0,0.0,0.01,0.1,50.0,17.0,7.8,6.0
2006.0,0.08,0.02,0.0,0.0,0.1,53.0,38.0,8.1,7.0
2006.0,0.05,0.02,0.0,0.0,0.07,55.0,9.0,9.3,6.0
2004.0,1.0,0.72,0.0,0.21,1.93,79.0,48.0,8.5,69.0
2004.0,0.62,0.24,0.0,0.04,0.9,82.0,63.0,8.5,14.0
2004.0,0.41,0.11,0.0,0.01,0.53,81.0,36.0,8.5,11.0
2005.0,0.53,0.02,0.0,0.09,0.63,82.0,44.0,7.3,41.0
2005.0,0.3,0.12,0.0,0.02,0.44,84.0,50.0,8.7,199.0
2005.0,0.25,0.01,0.0,0.02,0.29,84.0,30.0,8.2,43.0
2005.0,0.19,0.05,0.0,0.01,0.25,82.0,34.0,6.2,26.0
2009.0,0.19,0.04,0.0,0.02,0.25,53.0,8.0,6.1,10.0
2009.0,0.15,0.03,0.0,0.02,0.2,55.0,8.0,8.1,8.0
2009.0,0.13,0.03,0.0,0.03,0.19,60.0,6.0,7.5,12.0
2013.0,0.0,0.08,0.0,0.0,0.08,33.0,24.0,3.3,1340.0
2002.0,0.08,0.03,0.0,0.0,0.11,50.0,13.0,5.0,4.0
2003.0,0.03,0.01,0.0,0.0,0.05,70.0,19.0,9.3,9.0
2014.0,0.05,0.03,0.0,0.02,0.09,43.0,46.0,4.5,84.0
2014.0,0.03,0.01,0.0,0.0,0.05,50.0,20.0,5.3,43.0
2005.0,0.03,0.02,0.74,0.01,0.8,75.0,58.0,8.2,73.0
2011.0,0.09,0.06,0.42,0.03,0.6,64.0,55.0,7.4,69.0
2006.0,0.05,0.04,0.84,0.16,1.09,77.0,34.0,8.1,52.0
2009.0,0.21,0.2,0.62,0.08,1.12,79.0,77.0,8.1,165.0
2012.0,0.0,0.0,0.59,0.0,0.59,83.0,34.0,8.5,180.0
2001.0,0.02,0.02,0.0,0.01,0.05,58.0,13.0,6.3,7.0
2008.0,0.05,0.0,0.04,0.01,0.1,73.0,17.0,7.9,18.0
2006.0,1.45,0.07,1.1,0.15,2.76,81.0,42.0,7.4,67.0
2014.0,0.48,0.53,0.28,0.09,1.38,64.0,71.0,6.1,155.0
2015.0,0.62,0.47,0.11,0.1,1.3,78.0,83.0,8.5,376.0
2004.0,0.25,0.09,0.3,0.01,0.65,60.0,23.0,6.6,5.0
2008.0,0.27,0.17,0.0,0.05,0.48,55.0,21.0,5.5,20.0
2011.0,0.19,0.0,0.0,0.01,0.21,81.0,5.0,7.7,6.0
2011.0,0.19,0.0,0.0,0.01,0.21,82.0,23.0,7.9,29.0
2011.0,0.16,0.0,0.0,0.01,0.18,82.0,11.0,7.3,18.0
2010.0,0.79,0.41,0.0,0.11,1.32,73.0,32.0,7.5,25.0
2011.0,0.7,0.36,0.0,0.1,1.16,77.0,13.0,7.6,21.0
2012.0,0.06,0.07,0.0,0.01,0.13,76.0,8.0,6.3,16.0
2009.0,1.49,0.46,0.0,0.18,2.12,62.0,5.0,5.2,54.0
2012.0,0.1,0.01,0.1,0.04,0.24,82.0,56.0,8.8,237.0
2005.0,0.07,0.05,0.0,0.02,0.13,72.0,35.0,8.8,14.0
2006.0,0.04,0.0,0.0,0.0,0.05,64.0,29.0,7.3,13.0
2010.0,0.09,0.0,0.04,0.01,0.15,80.0,25.0,8.3,57.0
2009.0,0.14,0.0,0.08,0.02,0.23,79.0,27.0,8.5,65.0
2013.0,0.0,0.0,0.03,0.0,0.03,74.0,13.0,7.7,23.0
2005.0,0.06,0.05,0.0,0.02,0.12,43.0,16.0,2.0,5.0
2005.0,0.02,0.0,0.0,0.0,0.02,48.0,15.0,5.5,4.0
2012.0,0.03,0.0,0.0,0.0,0.03,88.0,15.0,8.8,188.0
2016.0,0.05,0.0,0.02,0.01,0.08,81.0,18.0,8.5,72.0
2016.0,0.03,0.0,0.02,0.01,0.06,83.0,31.0,8.3,116.0
2007.0,0.08,0.0,0.0,0.01,0.09,46.0,17.0,7.3,7.0
2015.0,0.05,0.12,0.0,0.03,0.2,62.0,26.0,6.8,88.0
2015.0,0.05,0.05,0.0,0.01,0.11,62.0,10.0,7.2,40.0
2012.0,0.52,0.36,0.05,0.08,1.01,77.0,70.0,7.7,758.0
2001.0,0.3,0.24,0.13,0.08,0.75,78.0,21.0,7.4,49.0
2003.0,0.15,0.12,0.11,0.04,0.41,82.0,33.0,8.9,65.0
2001.0,0.04,0.02,0.0,0.0,0.06,71.0,12.0,9.0,9.0
2012.0,0.21,0.07,0.09,0.05,0.42,73.0,27.0,8.0,42.0
2012.0,0.14,0.03,0.01,0.02,0.2,75.0,21.0,8.8,20.0
2002.0,0.02,0.0,0.0,0.0,0.02,67.0,15.0,6.1,7.0
2004.0,0.1,0.01,0.05,0.01,0.16,74.0,40.0,7.5,13.0
2004.0,0.0,0.05,0.0,0.01,0.06,72.0,34.0,8.1,43.0
2008.0,0.24,0.03,0.0,0.02,0.29,60.0,17.0,5.4,7.0
2005.0,0.86,0.03,0.01,0.08,0.98,44.0,19.0,6.6,25.0
2008.0,0.08,0.02,0.0,0.01,0.11,75.0,19.0,7.6,75.0
2010.0,1.74,0.45,0.0,0.18,2.37,42.0,10.0,5.5,16.0
2013.0,0.17,0.05,0.0,0.02,0.24,73.0,5.0,6.2,40.0
2012.0,0.0,0.05,0.0,0.0,0.05,77.0,6.0,6.7,6.0
2012.0,0.0,0.16,0.0,0.02,0.18,73.0,7.0,6.2,5.0
2011.5216,0.022958346,-0.39583176,0.34850398,0.3571697,1.0046154,56.50025,11.178021,8.563756,717.6624
2011.6113,0.0068804403,-0.4297396,0.3500979,0.3662595,1.3077657,56.5875,10.375833,8.610721,739.93494
2011.6068,0.026250698,-0.4386772,0.3492719,0.36649147,1.4997758,56.465416,9.994317,8.617001,735.9903
2011.5664,0.8275545,-0.4424311,0.34908405,0.36628246,0.15828641,56.46563,12.720258,8.602762,742.44775
2011.6102,0.6407447,-0.44677186,0.35028017,0.36132032,1.9820141,56.466114,9.987363,8.622609,736.7021
2011.6182,-0.08930691,-0.45696288,0.3504701,0.3667127,0.42735013,56.45799,9.813706,8.6275,742.4473
2011.6017,-0.32862583,-0.37633836,0.35035065,0.36586502,2.0926883,56.513275,10.496621,8.616631,717.371
2011.5972,-0.054567777,-0.404652,0.34789038,0.36596414,1.272622,56.475945,10.317567,8.624529,733.4081
2011.6079,-0.29236808,-0.4169944,0.35003275,0.34427494,1.5382904,56.762234,9.999948,8.6247,659.516
2011.614,0.037014194,-0.44155222,0.34990302,0.36638722,1.2490227,56.47729,9.916255,8.627323,728.6102
2011.6163,0.5719183,-0.45662075,0.3505103,0.36657605,1.4780809,56.462444,9.885646,8.62747,738.1512
2011.449,-0.3523408,-0.39974636,0.34721276,0.3659024,1.9625522,56.580063,11.626821,8.553521,730.0238
2011.595,-0.2718146,-0.32784015,0.34738633,0.3632885,1.7599039,56.542614,10.573102,8.62629,726.8713
2011.4971,0.84674096,-0.3706959,0.34824872,0.35192534,0.95166945,56.626167,15.17448,8.577453,736.58417
2011.4703,0.16645387,-0.44856292,0.34781677,0.36600322,1.3698144,56.643864,12.499198,8.621328,733.0549
2011.607,0.27283713,-0.45565468,0.3492668,0.36639234,1.8497347,56.51781,10.149323,8.626942,732.8994
2011.6145,0.503714,-0.45829064,0.35052174,0.36681437,1.677122,56.460052,9.954602,8.627799,743.27844
2011.5698,0.776526,-0.41729695,0.34810558,0.36613092,1.1466428,56.482086,9.872882,8.624992,732.3696
2011.6189,-0.061400704,-0.44739515,0.35047796,0.36660403,0.5998798,56.467434,10.0582,8.627255,742.6866
2011.6072,0.1911643,-0.4377001,0.35008365,0.3661656,2.1617675,56.58835,12.737243,8.605844,737.28815
2011.5892,-0.32695016,-0.43940252,0.35006106,0.3642893,0.7288233,56.464584,10.069516,8.6135235,737.4846
2011.613,-0.31127104,-0.4583199,0.35051748,0.3667608,1.5272639,56.45736,9.791266,8.627591,742.9709
2011.6182,-0.23006548,-0.45886338,0.35051265,0.36682385,1.394892,56.470512,10.085181,8.62769,743.2294
2011.6163,-0.22158732,-0.45259446,0.35019287,0.36665535,1.2602276,56.45763,9.799737,8.6276,733.2206
2011.5879,-0.12593831,-0.41354632,0.35039467,0.36302084,1.1780782,56.46502,9.925584,8.625638,738.4743
2011.6118,-0.39785227,-0.38871294,0.350395,0.36626366,1.6115572,56.472572,9.892064,8.625528,741.63556
2011.6127,0.69531304,-0.3533042,0.34968296,0.36298674,0.43305397,56.557877,10.206347,8.622989,737.2507
2011.6079,-0.086053096,-0.39875937,0.34977192,0.36657643,1.7576774,56.538494,9.993535,8.624763,734.5425
2011.6107,0.64770955,-0.44754213,0.35022634,0.36670816,1.2999946,56.465168,9.870755,8.626399,735.4858
2011.6174,0.5287024,-0.46023244,0.35052806,0.3665876,1.5589744,56.45826,9.837047,8.627718,743.2603
2011.6172,-0.2900121,-0.4554065,0.3504603,0.36659524,2.0757296,56.45796,9.8350725,8.625954,741.0386
2011.5887,0.18222374,-0.40242666,0.34902868,0.36045757,1.7988235,56.73144,10.68509,8.61835,653.0409
2011.6157,0.12619387,-0.4105832,0.3502595,0.36356843,1.7627288,56.46525,9.854732,8.627504,728.4168
2011.6152,0.24046868,-0.45662075,0.35050583,0.36676422,0.49814525,56.46,10.098918,8.62637,742.8786
2011.6107,0.6111358,-0.44117832,0.34934676,0.3661545,1.1416066,56.555088,10.289111,8.620082,731.33746
2011.6106,0.17391875,-0.3999892,0.3487806,0.36655593,0.5249832,56.504883,10.649962,8.599934,735.7041
2011.6052,0.71379036,-0.43610328,0.35025182,0.36662292,0.8042298,56.458935,10.069005,8.626729,743.0724
2011.6075,-0.22226287,-0.4492485,0.35048336,0.36644846,1.3306555,56.461075,10.4397,8.626161,741.4203
2011.5264,0.24345891,-0.26020277,0.3451773,0.3179615,1.9847453,56.53564,11.547799,8.618817,722.9248
2011.6122,0.46170178,-0.3880865,0.35030368,0.3664308,1.1367962,56.46933,9.992103,8.625433,739.98
2011.6146,0.53620076,-0.45698136,0.35037708,0.3664457,2.1126242,56.459858,9.786267,8.627466,741.4239
2011.6113,-0.50357664,-0.45544314,0.35034847,0.36676782,2.1399136,56.69575,10.738917,8.62725,695.9875
2011.6033,-0.1787981,-0.45677435,0.35000446,0.35658133,2.1569276,56.45781,9.919539,8.627338,729.17914
2011.6132,0.16966967,-0.41950703,0.3504174,0.3662305,-0.08094988,56.461857,10.410148,8.626277,740.8269
2011.5748,0.37725547,-0.43928325,0.3491531,0.3621839,0.47457975,56.53416,10.117309,8.624176,718.08215
2011.5929,0.43155628,-0.44805515,0.34974408,0.36574376,1.1891861,56.51266,10.600926,8.622634,739.72455
2011.6149,-0.39584497,-0.4460079,0.3501969,0.3660996,1.4240699,56.45939,9.893117,8.627385,739.86755
2011.5624,0.44281596,-0.23482068,0.3488123,0.3633879,1.3625917,56.491367,11.34411,8.612379,738.5259
2011.6152,-0.2631016,-0.45207298,0.35051486,0.36673367,0.9418727,56.470055,9.861125,8.624369,742.6801
2011.5076,-0.20580752,-0.4242038,0.34176114,0.35114712,1.9632727,56.645603,10.763276,8.610876,692.4882
2011.6023,-0.14418007,-0.41041613,0.34964946,0.36359808,1.3934106,56.463074,10.236682,8.624709,718.2718
2011.5822,0.6162859,-0.41349334,0.34953806,0.36663982,1.7509309,56.475296,9.868657,8.624953,733.16925
2011.6141,0.35061038,-0.4352454,0.34960586,0.366756,0.7655239,56.472466,9.937854,8.624497,739.35144
2011.5603,0.7991624,-0.45147777,0.35032985,0.36613175,2.1619582,56.461647,9.834094,8.624471,739.1455
2011.6187,0.27812207,-0.45859146,0.35051623,0.36658496,1.3157248,56.461327,9.780667,8.627769,743.1845
2011.6078,0.09842981,-0.43860286,0.34998617,0.36662292,1.3295891,56.516968,10.444419,8.626505,729.0165
2011.4956,0.1626082,-0.4131632,0.34512982,0.35398492,1.1800611,56.658188,10.384551,8.615005,706.41327
2011.5797,-0.13512291,-0.43350607,0.34968466,0.36673042,1.7985213,56.62296,10.381652,8.625621,663.76605
2011.569,0.5846672,-0.42773986,0.34808594,0.36383227,1.3942822,56.573463,10.58022,8.580009,729.3345
2011.5879,0.7403543,-0.43569016,0.34956774,0.36294553,0.45958272,56.48164,10.917678,8.564489,736.3536
2011.6189,-0.21689208,-0.45864224,0.35049984,0.366636,2.1738858,56.46331,9.780728,8.62704,741.3069
2011.6141,-0.016535364,-0.42480177,0.34838668,0.3655931,1.6500866,56.686497,10.7180605,8.627016,737.6538
2011.6108,0.17435682,-0.43799525,0.35033113,0.36660573,0.97299397,56.52033,10.093564,8.613367,740.8997
2011.6173,0.30726936,-0.45600885,0.3504598,0.3664295,1.8087589,56.458,9.816714,8.625845,742.777
2011.6013,0.02053503,-0.42175072,0.35036334,0.36544192,1.5245382,56.46568,10.3763,8.6246395,719.43616
2011.5535,-0.04891645,-0.4066605,0.34909657,0.36501825,1.6143776,56.541553,11.30107,8.614212,698.2239
2011.543,-0.3613802,-0.41952437,0.35007215,0.3647416,1.8036174,56.554012,10.476693,8.607616,718.93164
2011.6184,-0.099636935,-0.43789542,0.3503252,0.36594534,1.5867637,56.53357,10.187243,8.626519,731.4828
2011.61,0.5487143,-0.44087827,0.35034856,0.36574793,0.5233148,56.461876,9.895976,8.626096,736.5635
2011.617,0.15101664,-0.45652002,0.35037532,0.3668257,1.8122164,56.46643,10.175714,8.626724,742.36523
2011.6073,0.35223565,-0.43630916,0.35035795,0.36504224,0.7032737,56.470253,10.185973,8.607273,741.88464
2011.6025,-0.15328534,-0.41792065,0.3495802,0.36447927,1.3793014,56.548035,10.262052,8.621765,725.30457
2011.6115,0.300967,-0.41677642,0.3497679,0.36219618,0.6969419,56.55521,9.876111,8.624507,739.2926
2011.6183,-0.34676138,-0.45376432,0.35048375,0.36597505,1.9300476,56.46486,10.034261,8.627786,741.98535
2011.6149,-0.37343535,-0.45607328,0.35040903,0.36645755,0.9499664,56.466843,10.586125,8.625422,740.3168
2011.6075,0.35227513,-0.43400043,0.35019994,0.3663269,1.3039083,56.479233,9.942246,8.596521,742.2477
2011.609,-0.23235609,-0.45178986,0.34992555,0.36473805,-0.10850457,56.460033,9.814937,8.626937,736.9044
2011.5675,-0.32397667,-0.38173485,0.3471089,0.36561117,1.5848812,56.531464,10.934978,8.602039,681.7038
2011.598,0.38201895,-0.43327606,0.34911877,0.36303058,0.4207726,56.488163,10.7065935,8.6225605,735.91345
2011.6188,-0.2735748,-0.45867538,0.35052136,0.36681876,1.464446,56.470303,9.98614,8.627521,742.779
2011.6151,-0.06529283,-0.45097995,0.35039607,0.36421493,1.3835531,56.467503,10.024787,8.603826,740.84607
2011.614,-0.25477716,-0.44554168,0.350403,0.36677316,1.8105383,56.535095,10.030635,8.627333,740.96375
2011.6154,0.03134585,-0.45701003,0.35046807,0.36677912,1.7988744,56.48486,9.96495,8.627663,741.53973
2011.609,-0.13047172,-0.43480116,0.35043594,0.36634815,1.5435383,56.46208,10.044724,8.625082,738.6223
2011.5028,0.32026243,-0.29508144,0.34332052,0.36435896,0.7248031,56.75161,13.406811,8.618267,723.62756
2011.55,0.5250817,-0.44756603,0.35025948,0.36408064,0.9622102,56.464542,11.141656,8.613247,742.1295
2011.6178,0.07331345,-0.43338788,0.35049087,0.36626676,1.9847481,56.62037,9.848197,8.627602,738.35095
2011.5793,0.22004664,-0.39305967,0.34947395,0.3634426,1.4235581,56.533447,12.067451,8.618676,737.46484
2011.5968,0.15946765,-0.35843104,0.3494539,0.36364013,1.6874232,56.557266,10.032054,8.617404,719.6674
2011.615,-0.45983782,-0.45828825,0.35050976,0.36679754,1.1967697,56.459602,9.873288,8.627825,742.19806
2011.6162,0.4656719,-0.45921397,0.35051668,0.36564875,1.0480738,56.45724,9.79588,8.627111,741.7278
2011.6177,0.10350645,-0.45399958,0.3504908,0.3648784,1.4292842,56.466003,9.957185,8.62703,741.9149
2011.6116,0.058212794,-0.41322118,0.35001388,0.3631584,0.29180095,56.627754,10.070956,8.625099,741.09033
2011.5142,0.52138597,-0.33893168,0.34908456,0.3510009,0.010600351,56.513138,10.075305,8.591217,739.76196
2011.6187,0.02577553,-0.45165128,0.3503987,0.3659132,0.9730146,56.466034,9.890483,8.626377,742.8687
2011.613,-0.047290258,-0.45061797,0.35044846,0.36556384,1.1603678,56.47,9.944715,8.623888,740.1835
2011.6028,0.30693945,-0.44123715,0.3492307,0.36359835,1.1828747,57.467854,11.534619,8.593571,634.34143
2011.6051,-0.44078025,-0.4560514,0.35021505,0.36656895,2.1388562,56.49356,10.000331,8.626155,740.1051
2011.6125,-0.030562304,-0.39523154,0.35003605,0.36471456,1.3638976,56.542286,10.1891165,8.620454,737.81116
2011.6183,-0.44760892,-0.42605364,0.3504314,0.36654127,1.537627,56.45849,9.872426,8.624489,742.5211
2011.5956,-0.23718865,-0.32726532,0.35009253,0.36487862,1.9542984,56.67117,12.10489,8.616312,726.2452
2011.6178,0.00021583617,-0.4548931,0.35040843,0.3658639,0.2926787,56.46538,9.936019,8.627384,741.4586
2011.6117,0.2725586,-0.44714135,0.35031992,0.36543232,0.6834074,56.46639,10.512471,8.619771,737.45264
2011.5992,0.24688436,-0.4089107,0.34899566,0.36560237,1.9472473,56.71389,11.41368,8.625672,721.2919
2011.58,0.4131551,-0.4472944,0.35002244,0.36569306,1.1020008,56.483856,11.403829,8.602906,740.86584
2011.6089,0.9143608,-0.43274945,0.35006112,0.36568373,0.31959233,56.477352,9.862571,8.622259,742.49097
2011.5938,-0.12244203,-0.40020746,0.34816656,0.36572224,1.8448737,56.57991,11.469277,8.618174,680.538
2011.6083,0.6709585,-0.45016605,0.3501283,0.3661383,1.2936023,56.46187,9.96535,8.621124,730.8067
2011.6136,-0.08651849,-0.4552616,0.3503257,0.3666151,2.0930908,56.611427,10.017848,8.62493,734.2064
2011.491,0.025177427,-0.3514129,0.3438036,0.36279675,1.0419681,56.579468,10.314738,8.586,709.18335
2011.5986,0.68933636,-0.42988068,0.34995362,0.3653952,1.392672,56.484413,10.8040285,8.621517,737.39685
2011.6182,-0.12088432,-0.45928073,0.35046384,0.36637685,1.5273604,56.480423,9.961526,8.626919,737.66473
2011.5588,0.06541494,-0.40660763,0.3488739,0.36567408,1.7555712,56.509205,11.878905,8.626461,728.6519
2011.6006,-0.14956011,-0.41777378,0.35024744,0.36569875,1.2097285,56.542088,10.121337,8.626841,722.9395
2011.6119,-0.4097601,-0.38388926,0.35041735,0.36561447,1.3800669,56.549904,10.100057,8.621176,731.3967
2011.5726,0.8748542,-0.45161897,0.34992447,0.36270994,0.82088786,56.507977,9.950498,8.624931,722.93536
2011.5957,0.042803027,-0.43181247,0.35035256,0.36525112,1.4515485,56.470333,10.098981,8.60825,738.40356
2011.6014,-0.0966545,-0.4184186,0.34895474,0.36591822,1.2500303,56.484554,9.915034,8.617201,733.00946
2011.6187,-0.3307142,-0.4560632,0.35052478,0.366824,1.3100567,56.457893,10.112914,8.627537,743.1733
2011.611,0.056544192,-0.42969334,0.34984255,0.36657965,1.5412942,56.46964,10.058715,8.616955,733.2914
2011.6179,0.41213053,-0.4581076,0.35051712,0.36680934,1.4685929,56.459545,9.799233,8.627745,742.5553
2011.6125,0.32799175,-0.41374964,0.35015097,0.36633128,1.2324071,56.468346,9.940518,8.626123,738.10645
2011.5863,0.84925467,-0.4243918,0.3503259,0.35903502,1.2728534,56.501972,10.126914,8.625615,738.61725
2011.6075,0.7110665,-0.4257406,0.3496461,0.36647815,1.1616967,56.461853,9.993255,8.625977,742.9897
2011.5851,-0.19921704,-0.44583166,0.3494755,0.36510837,0.44270414,56.467625,10.326182,8.620845,736.83405
2011.5908,0.24173613,-0.43345517,0.35046658,0.36494404,0.703598,56.4633,9.823422,8.623319,728.245
2011.6178,-0.15388937,-0.42702186,0.3504518,0.36665314,1.7456547,56.45985,9.79371,8.6270485,729.40015
2011.5961,0.61121935,-0.42533308,0.34943762,0.35757998,0.69460654,56.628006,11.251773,8.601512,730.54767
2011.604,0.14253192,-0.45774156,0.35047582,0.3661927,1.7341666,56.47989,9.876294,8.623791,742.59296
2011.6136,0.56106627,-0.4030589,0.35024893,0.36670503,1.622039,56.628292,11.693427,8.627184,742.1946
2011.6104,-0.09165981,-0.43884003,0.35014957,0.3649228,1.2340636,56.48708,9.987489,8.626192,736.5046
2011.5846,0.3966403,-0.45273757,0.35007063,0.3652655,1.0104939,56.468525,10.119699,8.622828,728.2459
2011.601,0.20002249,-0.43748248,0.34852016,0.36568156,1.9361713,56.492825,9.890521,8.620706,737.4256
2011.6147,-0.011527203,-0.44469804,0.35043597,0.3664654,1.2775207,56.46303,9.81166,8.622768,742.1342
2011.6073,0.57415223,-0.40364408,0.34982875,0.35582024,0.34468755,56.490997,9.856526,8.62642,728.74207
2011.6117,0.14082436,-0.44729024,0.35038984,0.3666035,1.4346199,56.461575,10.092086,8.619975,742.326
2011.5013,0.7565194,-0.27912557,0.33715552,0.19407722,0.7974373,56.786503,10.684745,8.605723,690.1934
2011.6073,0.18635719,-0.45206398,0.34948865,0.3651967,1.8275781,56.495167,10.2626295,8.622429,737.6013
2011.5697,-0.0732493,-0.4117204,0.34818462,0.3655831,1.5856912,56.5201,10.121629,8.561964,733.25134
2011.6163,-0.12501116,-0.44258088,0.3505019,0.36660823,2.1542244,56.46725,9.865457,8.627483,740.023
2011.615,-0.119392715,-0.4459306,0.35043165,0.365514,1.9992179,56.459335,9.862817,8.625587,741.3022
2011.5887,0.3060259,-0.45125216,0.3500675,0.36611912,1.8465526,56.51944,10.181716,8.62713,729.9411
2011.604,-0.29907367,-0.44023716,0.3497174,0.36572888,1.4140663,56.483486,10.072799,8.623051,734.15607
2011.6096,-0.17442353,-0.37323695,0.34938782,0.35642928,1.6170299,56.563755,10.075398,8.626775,674.6336
2011.5945,0.21183234,-0.43548578,0.34989393,0.36519095,0.7065517,56.46692,9.99056,8.614707,727.34735
2011.6144,0.24777311,-0.4412647,0.350296,0.3663042,1.4629719,56.525455,10.073039,8.624469,737.68005
2011.5658,-0.13881858,-0.37949395,0.34644124,0.36129186,1.4154319,56.47221,9.8901415,8.625588,696.14606
2011.5356,0.25151122,-0.37045908,0.3465048,0.36419764,1.2276665,56.734444,10.614999,8.615033,716.0137
2011.6128,-0.10866495,-0.4214388,0.35024405,0.36572993,0.36810037,56.49448,10.213241,8.6231365,724.0563
2011.5918,0.16179547,-0.44673818,0.35000753,0.3666015,0.63108367,56.494644,10.02494,8.626413,738.708
2011.6031,-0.24463762,-0.44162112,0.34962106,0.3664095,2.217482,56.505726,10.553681,8.572456,710.70624
2011.6107,-0.21715923,-0.44993687,0.35046217,0.36634517,1.7130497,56.474804,10.023877,8.626635,735.61334
2011.6157,-0.1285934,-0.43706143,0.35041276,0.36648375,1.5033748,56.512173,9.927493,8.624764,737.74384
2011.5675,0.23965524,-0.4428835,0.34961262,0.3663691,0.75049543,56.48381,11.447509,8.607592,728.264
2011.6078,0.27396497,-0.43840855,0.3504832,0.366327,1.3892294,56.490788,9.859471,8.620562,737.35944
2011.6124,-0.42308137,-0.42626727,0.3499468,0.36599925,0.71346784,56.483624,9.972096,8.627595,728.4899
2011.6161,0.89588404,-0.46008116,0.3505057,0.3662035,2.261523,56.46342,9.878812,8.627267,742.589
2011.5933,-0.09111231,-0.43526477,0.3503785,0.36588418,1.3812896,56.48887,10.009868,8.6163845,733.856
2011.6157,-0.39129964,-0.4529963,0.35033587,0.36585394,2.092334,56.46124,9.837529,8.624933,737.3177
2011.6167,0.026163943,-0.44786847,0.35031843,0.36668614,0.922317,56.4575,9.8014765,8.627693,740.2473
2011.6147,0.39602506,-0.44173855,0.3504187,0.36673298,1.9587088,56.46371,9.893847,8.626678,739.44446
2011.5643,-0.02202084,-0.36700046,0.34919992,0.36583823,0.3651317,56.598507,10.405904,8.59135,730.4714
2011.5911,0.6742013,-0.45120305,0.34974796,0.36098617,1.7938896,56.467865,11.421813,8.619362,736.68585
2011.573,0.3803707,-0.44919688,0.35018456,0.3651464,1.1793016,56.476067,10.728381,8.621166,739.6677
2011.612,0.18530703,-0.4253807,0.3502552,0.36623868,1.4938754,56.47002,10.00262,8.625329,739.36975
2011.4913,-0.18645038,-0.21771784,0.3145193,0.25844294,1.3581518,57.32109,13.296171,8.551388,613.85974
2011.566,0.24298853,-0.40970224,0.3492808,0.3579993,1.5172476,56.510265,10.295091,8.619927,725.9633
2011.6189,-0.1785887,-0.4592923,0.35050443,0.36682507,1.3505156,56.457916,9.804845,8.62766,742.05255
2011.5304,-0.12570377,-0.361762,0.3489518,0.35755047,1.5099577,56.581898,11.126178,8.538842,718.3062
2011.6111,0.3867303,-0.45662838,0.35019973,0.36672255,1.5147202,56.53745,10.382455,8.625928,741.62085
2011.5576,0.09307251,-0.4138778,0.34483153,0.36523333,0.7570071,56.696213,11.790158,8.608596,667.10846
2011.6122,-0.35925087,-0.43119234,0.35038814,0.36474207,2.0393434,56.462006,10.066457,8.627007,722.82214
2011.613,-0.29520717,-0.45013106,0.35037684,0.366723,1.9593272,56.46677,9.870433,8.626384,735.10284
2011.5807,0.8275784,-0.43589222,0.34919226,0.35954297,0.66645443,56.6626,13.110366,8.62049,713.1758
2011.6179,0.32882625,-0.45900124,0.3504982,0.36680734,1.2729877,56.45903,10.323123,8.627625,742.52563
2011.5898,0.37596247,-0.38582844,0.35000822,0.36515018,1.9600295,56.867496,11.761239,8.623416,734.60956
2011.5304,0.1831485,-0.3648767,0.3487044,0.3625585,0.5244152,56.7178,11.484992,8.612132,729.1265
2011.5471,0.3312898,-0.40568715,0.3498023,0.3594753,0.13295819,56.478886,10.651557,8.594261,732.43353
2011.513,0.04233507,-0.347771,0.34618175,0.34767914,1.0653678,56.63629,10.170609,8.502811,714.6799
2011.552,-0.13052298,-0.34589934,0.3477673,0.366415,1.9611814,56.68413,11.871123,8.607251,733.2359
2011.6035,0.06849141,-0.45471185,0.3500145,0.36671975,0.7715749,56.49282,10.134086,8.619652,739.6641
2011.6095,0.46238774,-0.34524667,0.3497185,0.36650813,1.8012147,56.57682,9.899674,8.626743,738.3033
2011.604,0.19448382,-0.43650246,0.3481395,0.36578703,-0.1204075,56.47608,10.22508,8.616803,737.1142
2011.6112,0.31531462,-0.40218997,0.35017577,0.3645662,1.5748608,56.748688,10.389028,8.623193,732.9547
2011.529,0.8495349,-0.4430703,0.34933925,0.36534095,0.917264,56.465717,10.525411,8.6200285,736.8261
2011.613,0.63424474,-0.45256263,0.3504824,0.36678493,2.0425358,56.462585,10.259704,8.626114,742.1998
2011.6041,0.020401068,-0.44563997,0.34992874,0.36630115,0.9316119,56.474197,10.211991,8.6259365,730.12494
2011.6002,0.15296273,-0.42641753,0.34961188,0.36482197,2.0263538,56.474865,9.812247,8.593506,740.7433
2011.5989,-0.035303615,-0.45160598,0.34951335,0.36446664,0.8750255,56.844456,12.072436,8.624446,737.1558
2011.5773,-0.29563484,-0.3190533,0.3489339,0.36020803,1.2647091,56.53603,9.878093,8.607392,611.2116
2011.6176,0.56792235,-0.44914085,0.35032305,0.36677045,1.9928197,56.49304,10.151792,8.626812,742.3496
2011.6157,-0.070961766,-0.45116693,0.3502158,0.36247662,1.4543238,56.46658,10.102372,8.624199,733.9338
2011.6163,0.488998,-0.4362116,0.3504064,0.36680013,1.4150409,56.457973,10.02683,8.627783,742.38104
2011.5157,-0.11191984,-0.3265425,0.3475183,0.34857124,1.4355519,56.66629,10.855929,8.570274,722.02026
2011.616,0.3317169,-0.45422477,0.35035226,0.36678308,1.817815,56.457928,9.865243,8.6243925,742.6173
2011.6001,0.08184946,-0.4559176,0.35014787,0.36475933,0.54633135,56.461506,10.354781,8.620628,738.11786
2011.6064,-0.3549008,-0.42774403,0.35046455,0.36563742,1.724177,56.460373,10.0592165,8.622326,738.635
2011.5024,0.954607,-0.4458472,0.347167,0.3617847,1.2751092,56.6215,10.414624,8.625972,736.8244
2011.6174,0.30152062,-0.44748443,0.35049334,0.3664365,0.94857335,56.46274,9.815667,8.621985,740.0152
2011.5881,-0.1452442,-0.4254198,0.35035565,0.35638544,0.595197,56.463066,10.204686,8.581951,737.4463
2011.6082,0.05064396,-0.4420569,0.35028592,0.36649206,1.0140065,56.50187,10.048276,8.625623,741.1609
2011.5426,-0.012812816,-0.2957139,0.3500365,0.36425474,1.7498344,56.479694,9.928906,8.614627,714.2628
2011.5779,0.5529531,-0.39551646,0.34766135,0.36060384,1.047941,56.677185,11.971986,8.624824,722.953
2011.5549,-0.033159994,-0.42218953,0.3496423,0.36564505,1.7229081,56.53849,11.552457,8.620971,726.648
2011.5879,0.53062546,-0.43311828,0.3497043,0.3653507,2.2183776,56.46527,10.513398,8.618922,740.7796
2011.6094,0.18438004,-0.4479674,0.3498138,0.36325434,1.1110241,56.544186,9.8719015,8.62398,738.65875
2011.6171,0.012572147,-0.42853618,0.35034683,0.36604333,0.35119092,56.468143,9.975972,8.624753,740.9356
2011.619,0.536068,-0.46041632,0.35052887,0.36682954,1.8055403,56.457558,9.845456,8.627779,743.4063
2011.4342,0.009393729,-0.32472736,0.33851442,0.3540852,0.8725582,56.828686,11.229152,8.561191,669.1015
2011.6185,-0.46841416,-0.45128387,0.35051546,0.3667952,1.7850802,56.45942,9.774121,8.6273,742.89594
2011.6154,0.7628279,-0.44430268,0.35037285,0.36675155,1.1320543,56.468742,9.805724,8.627671,742.3853
2011.592,0.07091392,-0.42821753,0.34997338,0.36607707,0.82238287,56.545753,10.914233,8.610789,720.92426
2011.5073,0.55832756,-0.44839942,0.34916055,0.36615995,0.32856348,56.4819,10.344235,8.593532,734.26605
2011.5864,0.51213056,-0.4226516,0.34974948,0.36580697,1.0003568,56.56251,10.399093,8.599314,737.49567
2011.6134,0.0015473444,-0.45004565,0.35047883,0.3657975,2.0493712,56.480015,9.963475,8.622062,739.8934
2011.6146,0.114823915,-0.44806534,0.3504483,0.36647034,1.9443681,56.46138,10.07241,8.621803,741.1323
2011.5651,0.276324,-0.45457327,0.3503828,0.36215502,1.3469393,56.48494,9.99421,8.61586,736.31885
2011.6171,0.059972145,-0.44216013,0.3504899,0.36625066,1.1208217,56.461864,11.019444,8.626708,740.92786
2011.5504,0.5372024,-0.33909774,0.34972757,0.365399,1.0640687,56.561203,10.544103,8.6184025,733.7318
2011.6057,0.06730718,-0.45251477,0.35011598,0.3664245,0.3626003,56.482346,10.444926,8.624952,735.3872
2011.6111,-0.017486952,-0.4383152,0.35027996,0.36552098,1.1878892,56.489433,10.918569,8.626529,719.66364
2011.5907,-0.21306308,-0.42361504,0.3499474,0.35613102,1.1036981,56.49045,10.152682,8.616477,694.53955
2011.6082,0.80669004,-0.4497003,0.34951335,0.36527976,0.63912505,56.481464,10.183877,8.624411,733.88275
2011.6061,-0.011007689,-0.45376343,0.35043043,0.36558646,1.5241085,56.47599,10.163541,8.627422,741.32385
2011.5028,1.0113316,-0.4383453,0.34540966,0.3634613,1.4120942,56.652287,11.113681,8.618775,700.83856
2011.6188,1.006594,-0.4584617,0.35049337,0.36682296,1.496251,56.461018,10.208846,8.627761,742.827
2011.6146,0.7404565,-0.45160764,0.3504915,0.36387753,1.6864557,56.45957,9.935922,8.626219,742.5209
2011.6067,0.4242851,-0.41740233,0.35013938,0.36450368,0.92862386,56.511383,9.956782,8.624425,717.46716
2011.4849,0.786533,-0.44175416,0.3481438,0.36451018,0.8443347,56.676373,12.123698,8.606128,728.1676
2011.6105,0.63119,-0.45012832,0.35042048,0.36296165,0.19838811,56.459484,9.906676,8.624894,739.50946
2011.6177,0.48985597,-0.45454806,0.35050297,0.36634237,1.0990789,56.45985,9.818494,8.627665,741.33954
2011.6068,0.71709883,-0.44267702,0.34983504,0.36421522,1.6019709,56.46857,9.9525,8.626609,672.6967
2011.6101,-0.08216926,-0.45454055,0.35049385,0.36675408,1.1663126,56.457767,9.842792,8.6268,743.0505
2011.5975,-0.4733049,-0.38855338,0.34809253,0.36467126,1.4660863,56.510147,10.225747,8.62691,704.2784
2011.6069,0.52490914,-0.45521998,0.35049376,0.3661159,2.1724408,56.46112,9.792167,8.611445,742.8261
2011.5038,0.522082,-0.3583479,0.34881082,0.36368874,1.0117968,56.7147,11.288857,8.612267,726.24896
2011.5676,0.47006688,-0.435593,0.34829703,0.3620702,1.1539719,56.716366,13.7929535,8.529026,725.52313
2011.6189,0.0965277,-0.4586085,0.3504991,0.3667239,-0.008862831,56.460567,10.03161,8.627743,743.2657
2011.6151,0.14669232,-0.45587152,0.35043874,0.36676782,2.263572,56.497036,10.946816,8.627429,739.6039
2011.6086,-0.40551075,-0.4457268,0.35038686,0.36623785,1.6065164,56.459984,9.95526,8.620234,734.41583
2011.6029,0.2303084,-0.4037496,0.34693834,0.36323014,1.0657015,56.689598,10.636516,8.617003,730.0341
2011.6025,0.3227313,-0.453162,0.34995326,0.36602443,0.85856014,56.504208,11.179601,8.623997,737.8555
2011.5941,0.31128004,-0.42474467,0.3499911,0.3659432,1.1233084,56.47784,10.268329,8.625265,735.78015
2011.6168,0.5164722,-0.44290835,0.35049477,0.36639705,0.8613719,56.459236,9.8651285,8.627568,742.7491
2011.4745,0.6264521,-0.38026,0.3491206,0.3412178,0.94683635,56.630684,10.753255,8.539577,729.206
2011.6185,0.004716285,-0.46053183,0.35052618,0.3667919,2.018313,56.457558,9.799487,8.627785,743.3279
2011.6104,0.45778763,-0.4489234,0.35032073,0.36406904,1.5022018,56.46055,9.854632,8.627223,718.24756
2011.5696,0.23429345,-0.39271742,0.34931272,0.36618996,1.4774436,56.487663,10.297446,8.625654,695.3675
2011.6106,0.057965733,-0.45635515,0.35034475,0.3657847,2.1649332,56.4696,9.888944,8.625466,732.4941
2011.6049,0.05100859,-0.42635268,0.35036007,0.3659673,1.1437743,56.473263,9.871749,8.6269045,736.3278
2011.6101,0.13683788,-0.45026743,0.34998813,0.36638966,2.2503817,56.55833,10.090112,8.626389,695.31024
2011.6055,0.5208075,-0.41708153,0.35042807,0.36628714,1.7434705,56.463566,10.012473,8.576297,742.3351
2011.618,0.10045744,-0.45029348,0.35048735,0.3666597,0.89679265,56.504723,10.103827,8.626834,741.6416
2011.5952,1.0129887,-0.44070745,0.34985557,0.366739,1.9317187,56.492706,10.749749,8.623601,739.10657
2011.613,-0.15877189,-0.44692838,0.34997585,0.36546594,0.83908176,56.462017,9.950538,8.623642,725.9657
2011.5917,-0.29394242,-0.3720395,0.34907517,0.3660946,2.3258586,56.4735,10.153455,8.600172,737.91534
2011.5242,-0.009992622,-0.43789613,0.3504387,0.3636998,1.0034274,56.611614,11.12996,8.621235,739.7433
2011.513,-0.42698118,-0.39865464,0.35009715,0.36384597,0.635763,56.508316,10.535489,8.6178055,723.97577
2011.6188,-0.33606657,-0.44687253,0.35048392,0.36660364,2.1059763,56.457264,9.796054,8.627108,731.8943
2011.6156,-0.16015394,-0.45712572,0.35035333,0.36677215,2.3621938,56.477448,10.405423,8.627356,737.05304
2011.6007,0.26938018,-0.4424029,0.34964558,0.36566606,1.0777068,56.483727,10.855256,8.626529,737.3884
2011.5939,0.42981148,-0.38761067,0.3498486,0.36569527,0.18523814,56.50998,9.97972,8.619264,735.5119
2011.5544,0.24909239,-0.39673054,0.3462429,0.363424,0.6000315,56.512665,10.944383,8.62504,713.2311
2011.5618,-0.25985733,-0.4481777,0.34983838,0.36591673,2.0041096,56.474545,10.431489,8.622375,647.85077
2011.6041,0.27804708,-0.44793284,0.34990254,0.35940436,0.68062496,56.63488,10.223998,8.621946,735.6127
2011.6104,0.5285544,-0.45903552,0.35001507,0.36680278,1.625247,56.487587,9.960324,8.627355,742.3152
2011.6095,-0.3575501,-0.42188036,0.34996465,0.3659757,1.4697798,56.512943,10.603116,8.60992,724.9461
2011.6171,-0.4608834,-0.39631623,0.35036644,0.36274585,1.7300435,56.459873,9.77299,8.626049,729.90204
2011.6156,0.0631792,-0.45301896,0.35050476,0.36645398,0.9727028,56.471184,9.902345,8.627123,739.20337
2011.6187,-0.43912575,-0.45613915,0.35052013,0.3668146,2.159208,56.46018,9.817521,8.62554,743.104
2011.5702,-0.15884836,-0.37872273,0.34968477,0.35254678,0.47070053,56.512264,11.057096,8.621805,736.9181
2011.596,-0.0675747,-0.3887121,0.34869507,0.36422068,1.1948819,56.46927,10.2911005,8.6262455,731.88226
2011.6165,-0.021061681,-0.4512533,0.35044894,0.36676735,1.2087153,56.462482,10.2227125,8.627471,742.18085
2011.6145,0.044710107,-0.4476943,0.35048032,0.3666899,1.5426693,56.48783,10.175174,8.623722,740.37354
2011.5964,0.56610125,-0.4395476,0.3497765,0.3617349,1.2198797,56.48483,10.622127,8.62578,733.19086
2011.6127,0.7823482,-0.4465351,0.3504255,0.3664791,1.2475922,56.54439,11.651231,8.625393,741.9677
2011.6095,0.17017819,-0.44288802,0.35038227,0.3643592,1.0855575,56.472275,11.629809,8.623109,737.17487
2011.5924,-0.15953673,-0.45593876,0.35037914,0.36674744,1.8445667,56.46562,10.402074,8.615643,736.3164
2011.6019,0.59834003,-0.42340308,0.35028532,0.36659318,0.44972405,56.47607,9.893771,8.622107,743.06177
2011.5535,0.24876323,-0.45074052,0.3500796,0.3660857,1.6878041,56.47693,10.222156,8.626037,739.3573
2011.4089,0.5716087,-0.40814215,0.3417647,0.30372202,1.5658852,56.542667,11.60761,8.615048,687.68695
2011.6072,0.49084833,-0.45945787,0.35052463,0.3667487,1.3985753,56.459576,9.868054,8.625691,743.34735
2011.6125,0.19437297,-0.44116473,0.3503032,0.36623332,1.4913962,56.465164,9.836316,8.623054,735.50446
2011.608,0.4524112,-0.40274197,0.3501008,0.36644772,0.6195254,56.47772,10.117221,8.604302,741.553
2011.6162,0.12947674,-0.45298862,0.35042572,0.36673975,1.5434378,56.48326,10.275729,8.627178,736.292
2011.6157,0.37876984,-0.45296943,0.3504482,0.36625823,1.2591841,56.463623,9.808925,8.623115,730.28516
2011.6127,0.3972059,-0.45286423,0.35009357,0.3661021,1.3580369,56.485104,9.85875,8.62619,735.731
2011.6172,0.28506538,-0.4510566,0.3504062,0.36676854,1.1811836,56.479893,9.924523,8.62664,742.0482
2011.6163,0.12239391,-0.42217427,0.35052088,0.3668173,0.52712774,56.459335,9.877261,8.627657,742.7913
2011.6027,-0.30914375,-0.40862095,0.3498577,0.3613706,1.832531,56.480694,10.819064,8.625939,721.16406
2011.5997,0.27314186,-0.4375593,0.34989613,0.36636248,1.3349068,56.467686,9.996612,8.626873,742.40405
2011.601,-0.11788478,-0.42658937,0.35010278,0.36610562,2.159048,56.523872,10.1172,8.621975,731.6307
2011.5908,-0.27605298,-0.40016478,0.3498434,0.36303112,0.5385565,56.543198,10.893231,8.623001,731.8284
2011.615,0.13392253,-0.44044256,0.35032654,0.3667106,2.0264046,56.458042,9.782733,8.625693,741.9147
2011.5331,0.7262853,-0.4278121,0.349458,0.36527762,0.9828991,56.480503,10.678384,8.603186,724.428
2011.6008,0.42072472,-0.42718893,0.34878835,0.3632091,-0.19736378,56.52187,10.6562605,8.626416,720.6587
2011.6129,0.13789816,-0.45701748,0.3504939,0.36626682,1.25721,56.46698,9.907477,8.626865,741.72034
2011.6178,0.25031224,-0.45549,0.3505183,0.36669713,1.4707384,56.458363,9.892146,8.627314,743.3703
2011.6191,0.55907106,-0.45316386,0.35051486,0.3664432,0.1419893,56.46,9.807044,8.627399,743.0768
2011.6176,-0.0042395215,-0.4413575,0.35049018,0.3665533,2.1030784,56.472473,9.936046,8.625331,738.95605
2011.5753,0.43706834,-0.44661772,0.34996447,0.3622539,0.47884056,56.50225,10.363849,8.61056,733.61926
2011.6099,-0.2621161,-0.44903064,0.35042393,0.36611238,1.4647563,56.473896,10.307595,8.624439,737.70746
2011.5704,0.8170594,-0.43468624,0.34959233,0.36617988,1.1606443,56.543564,11.185826,8.625652,740.93976
2011.616,0.0050347825,-0.4490325,0.35016674,0.3663228,0.93141675,56.643757,10.233644,8.624565,741.5519
2011.6105,-0.36241373,-0.42642576,0.3501086,0.36646745,1.7591153,56.47441,10.04057,8.6262665,724.0938
2011.6077,-0.34947446,-0.44664174,0.35047957,0.36666986,1.8323199,56.463898,9.884227,8.626816,738.5851
2011.6115,0.65028,-0.45419782,0.35044193,0.36579812,1.4287034,56.474583,9.944402,8.625259,742.19415
2011.5983,0.31302896,-0.3732227,0.34928855,0.3621328,0.80268514,56.54612,10.323352,8.609125,737.7173
2011.4733,0.5717161,-0.41521698,0.34946176,0.3602329,0.6130588,56.511826,11.678651,8.604798,723.17444
2011.5692,-0.38336614,-0.3885345,0.3501767,0.3636519,0.84008056,56.53372,10.1177435,8.622707,737.85724
2011.6152,-0.30141994,-0.37458462,0.3499428,0.3639868,1.3909345,56.48198,10.268407,8.624269,735.00275
2011.6179,-0.15941878,-0.4352317,0.3503576,0.36669114,1.5542495,56.486763,10.179458,8.626209,739.41376
2011.6049,0.118998446,-0.44641775,0.3494925,0.36504203,0.9610746,56.468254,10.103158,8.620069,729.7157
2011.597,-0.13764001,-0.44859797,0.3498023,0.35697058,0.54363185,56.49883,11.496123,8.610743,735.29114
2011.5786,0.49452975,-0.41225064,0.3494131,0.36223504,1.135592,56.56548,12.356828,8.4818735,710.41266
2011.6178,-0.064348035,-0.45261598,0.35048255,0.3657966,1.2669951,56.476097,9.878335,8.607083,737.28595
2011.6158,-0.43034163,-0.44008344,0.35037312,0.36664897,1.7281861,56.479088,10.285539,8.626491,714.96063
2011.6173,-0.26943102,-0.44878823,0.35043806,0.3667852,1.7451875,56.528816,9.942803,8.6207285,733.5996
2011.5802,0.41152775,-0.4485581,0.34927395,0.36568284,0.8011,56.52028,12.760369,8.618418,740.6495
2011.6112,-0.2319019,-0.45638525,0.35033336,0.36657086,2.3154721,56.46526,9.940948,8.627179,737.4258
2011.6156,0.11296133,-0.44024837,0.35042402,0.3667847,0.6921598,56.461006,10.100514,8.625709,742.0798
2011.6118,0.56242144,-0.44700074,0.35042396,0.36592782,0.07414695,56.52963,9.9733,8.626586,739.5099
2011.6133,0.4692194,-0.40616465,0.34532627,0.36549273,1.6090926,56.61441,9.979728,8.626353,735.66876
2011.4717,-0.17109407,-0.401097,0.3444177,0.36498028,1.5112723,56.484444,11.465152,8.618688,720.38416
2011.6101,0.41705525,-0.44181216,0.35004944,0.3636094,1.6882229,56.51146,10.155559,8.619346,723.9265
2011.5992,-0.2750459,-0.4478227,0.35025793,0.36647937,1.6251082,56.48773,10.497111,8.6219225,739.45984
2011.5665,0.15953963,-0.42038864,0.3469896,0.36538753,1.1962695,56.666725,11.079865,8.525615,715.36096
2011.6068,-0.4175636,-0.32095802,0.35002977,0.36495677,1.3964878,56.562103,10.228192,8.6175,728.9624
2011.6016,0.9192042,-0.45939243,0.35040024,0.3659821,1.7346051,56.476944,9.902253,8.62371,739.28375
2011.4736,0.11043484,-0.3781184,0.34806827,0.36391172,1.900813,56.505516,11.002671,8.615024,723.49945
2011.6075,-0.22710015,-0.44112897,0.35023558,0.3662142,1.7723691,56.475376,9.933249,8.619262,730.4308
2011.5997,-0.43717417,-0.44863874,0.3501844,0.36655816,2.0845983,56.480675,9.814094,8.617847,727.9657
2011.5919,0.13000636,-0.45324087,0.34995186,0.36329007,0.58334243,56.64712,10.765698,8.625195,734.0539
2011.61,0.050290026,-0.3837837,0.34997657,0.36277282,0.82621706,56.468204,9.847245,8.625436,725.89233
2011.6177,0.19041882,-0.4590115,0.35049504,0.3659264,1.6126021,56.561146,10.879153,8.627137,741.77203
2011.5917,0.12602775,-0.4221483,0.35027817,0.36659974,1.6093099,56.494755,10.16454,8.546797,731.90576
2011.609,0.030505575,-0.42023736,0.35007545,0.36420584,1.3129107,56.5243,10.498462,8.626794,727.15515
2011.5721,-0.400463,-0.4247821,0.34797734,0.3583024,1.0814254,56.539967,10.340425,8.622759,690.0438
2011.6124,0.44652954,-0.4450522,0.3503874,0.36640373,0.81557065,56.460102,10.086045,8.618984,741.0715
2011.5792,-0.212766,-0.40866548,0.3490085,0.36004347,0.42068094,56.62997,11.4356985,8.626402,701.79663
2011.6045,0.6008459,-0.43307918,0.34835207,0.36218348,1.4031882,56.504406,9.963372,8.619337,713.9546
2011.528,0.8735613,-0.37956673,0.34815875,0.36175635,1.1806453,56.585262,10.758691,8.613545,686.57056
2011.5281,0.61751425,-0.4396528,0.34906217,0.36167032,0.95155764,56.545383,10.520083,8.62092,676.725
2011.6174,-0.18743058,-0.4386074,0.35046014,0.36673734,1.7087798,56.461468,9.906608,8.623572,742.1293
2011.616,0.37175998,-0.4251753,0.35001758,0.36663243,1.6359801,56.48576,10.437861,8.62652,741.90497
2011.6189,0.46741083,-0.4523784,0.35052475,0.36680236,0.5447204,56.457943,10.116012,8.627457,743.39764
2011.6074,-0.10391363,-0.44402045,0.3504093,0.36425263,0.6500028,56.600746,10.192399,8.573949,738.2825
2011.613,0.49486455,-0.4577719,0.35042736,0.36671993,1.8277156,56.465134,9.9818735,8.627242,739.6587
2011.5988,0.089384414,-0.32693487,0.3482825,0.3588901,1.1405134,56.48165,10.297513,8.618432,713.02405
2011.5597,-0.1612642,-0.40377843,0.3500018,0.36563486,1.1714884,56.480083,10.093917,8.615805,740.3294
2011.5908,-0.22066768,-0.45505726,0.3500984,0.36635622,1.7026005,56.508762,10.389417,8.624122,727.8549
2011.6189,0.008145578,-0.45886976,0.35051534,0.3668187,2.2090368,56.459816,10.194411,8.627426,741.89746
2011.6161,0.38745713,-0.45185477,0.35045165,0.36628166,1.3221092,56.462185,10.42628,8.626893,742.0737
2011.5892,0.90241516,-0.3948992,0.34536803,0.35305157,1.6977637,56.569473,10.23928,8.624933,697.71704
2011.5817,0.076237924,-0.40465522,0.34038982,0.36391607,1.5821966,56.562614,10.345437,8.609208,709.57666
2011.6135,-0.20698221,-0.41810364,0.34997162,0.3664711,1.7622011,56.65564,11.702485,8.626632,740.184
2011.5963,-0.1182678,-0.42134422,0.35040563,0.366705,1.8031601,56.45994,10.071673,8.627053,730.57446
2011.1252,0.4506254,-0.1230905,0.31485638,0.36340436,1.3307627,57.107544,18.54745,8.579538,696.8992
2011.6127,0.03265006,-0.44415158,0.3497736,0.36530674,0.56557596,56.47245,10.136451,8.623279,738.4733
2011.5887,0.9157171,-0.45368034,0.35034522,0.36659276,1.013427,56.45988,10.575025,8.621105,742.098
2011.619,-0.08720731,-0.45866418,0.35052642,0.36533782,2.0423408,56.459377,10.705562,8.625834,742.50977
2011.57,-0.21396793,-0.4163624,0.34982014,0.3648562,1.9863017,56.58052,11.066712,8.6243,729.6813
2011.5635,0.28242284,-0.4444493,0.3496717,0.3636155,1.2161925,56.463913,10.302035,8.614281,740.5318
2011.6088,0.17914335,-0.43991405,0.3503499,0.36659727,1.2811824,56.51527,10.031747,8.62543,742.42584
2011.5916,-0.35568628,-0.38940907,0.34846315,0.36577153,1.6699389,56.488976,10.907451,8.618465,732.5112
2011.5044,0.28517413,-0.3444608,0.33534658,0.35589904,1.5339948,56.82375,13.59309,8.5080385,718.8327
2011.5984,0.47561538,-0.4535613,0.3504629,0.36673126,1.7887472,56.50012,10.483047,8.627542,741.7021
2011.6091,0.45878088,-0.41844535,0.35006773,0.36610526,1.6850506,56.480022,9.867185,8.618486,728.9438
2011.5984,0.85048646,-0.44083655,0.35027474,0.36512098,1.0365193,56.46726,11.414926,8.623883,741.5927
2011.5933,-0.009934358,-0.44975317,0.3502381,0.36665156,0.2449009,56.49347,10.557715,8.626322,735.586
2011.5869,0.12630649,-0.40178937,0.35003555,0.36517295,0.45488328,56.6227,10.950351,8.622708,741.30566
2011.5886,0.04579086,-0.43790525,0.35002556,0.36126736,1.6560881,56.471584,12.43868,8.580071,734.7543
2011.5989,0.6806231,-0.4250639,0.34939352,0.35959935,0.036877833,56.522472,10.661109,8.581429,733.7864
2011.6139,0.20801324,-0.4491837,0.35042325,0.3666147,1.186211,56.49378,9.907275,8.626295,742.5137
2011.6191,-0.39903244,-0.45906836,0.35052878,0.36682743,2.057092,56.457474,9.791837,8.627802,743.369
2011.6185,-0.06448343,-0.45493042,0.35049862,0.36676764,0.75174266,56.459442,9.781526,8.627626,742.6621
2011.6147,-0.5319697,-0.3866567,0.35014606,0.35962892,1.4095551,56.527424,10.317929,8.625375,727.64825
2011.4818,0.026867189,-0.3441705,0.34357494,0.32245097,1.2323277,56.731102,13.628418,8.586796,715.14923
2011.5795,0.652297,-0.41695905,0.34976646,0.36529478,0.61654466,56.557037,10.942035,8.604216,737.4957
2011.6174,0.12697573,-0.439237,0.35019436,0.36479518,0.3965107,56.46095,9.908353,8.626816,740.2118
2011.588,-0.41654417,-0.43664747,0.35035816,0.36450297,2.0999568,56.460728,9.819381,8.623303,737.7366
2011.5878,0.5634343,-0.31650537,0.33565438,0.36077148,0.8950213,56.513172,10.008374,8.612292,728.74243
2011.5533,0.039039142,-0.427943,0.3503506,0.36573023,1.746967,56.47706,10.534219,8.620259,735.11005
2011.6057,0.243227,-0.43540478,0.3501425,0.36448613,0.98962086,56.47473,9.866445,8.617643,727.8449
2011.5876,-0.11543145,-0.45210582,0.3503023,0.36654642,2.1576262,56.509792,10.39791,8.626138,736.92786
2011.6096,0.21644521,-0.45236748,0.35045347,0.3667087,0.91704553,56.462322,10.201814,8.6211195,742.42944
2011.3315,0.075403936,-0.35040653,0.34607714,0.35176495,1.8958458,56.838535,11.144076,8.556463,709.7648
2011.6134,-0.0019658727,-0.45191526,0.35043186,0.36326227,1.6790446,56.476925,10.549239,8.625694,740.86414
2011.6096,-0.39535657,-0.44658434,0.35039678,0.3658022,1.5657723,56.467117,10.049249,8.627326,741.7703
2011.6066,0.11948136,-0.44561404,0.35030004,0.36538413,2.2715366,56.484062,10.053582,8.6170845,739.45636
2011.5686,0.9105974,-0.2857554,0.34257206,0.36233455,0.98283345,56.577946,10.642953,8.622003,730.7677
2011.6093,-0.039408706,-0.42129582,0.35045084,0.3657812,1.6397734,56.479618,10.355971,8.621575,739.30414
2011.6072,-0.01855623,-0.31598222,0.34959114,0.35991883,1.2549753,56.468777,9.872312,8.627412,739.6594
2011.5406,0.07532338,-0.4329331,0.34976378,0.35236543,1.5665268,56.70683,10.287238,8.624249,711.29834
2011.615,-0.15810128,-0.43082565,0.3503242,0.36607298,1.2742158,56.459183,9.866498,8.621965,741.253
2011.5751,0.6662078,-0.35995966,0.3468721,0.36036202,1.2698355,56.697598,14.00132,8.590304,728.45667
2011.6172,-0.56304765,-0.4328326,0.3505217,0.36680847,0.8629132,56.45737,9.817815,8.627746,741.0555
2011.5194,0.037581034,-0.36347574,0.3476402,0.3646081,0.5171358,56.53293,10.378171,8.600165,712.0976
2011.5984,-0.053909235,-0.43346012,0.3504056,0.36613414,1.2544304,56.477272,10.18694,8.618259,725.789
2011.584,-0.19307353,-0.4378193,0.35011712,0.36624,1.2497725,56.464985,9.970834,8.616837,737.84924
2011.6096,-0.05446156,-0.4483902,0.35045567,0.36610729,0.80638623,56.4653,9.855054,8.62663,742.37445
2011.6034,0.20470549,-0.43244565,0.35025716,0.35829303,1.102386,56.519573,9.798808,8.6215,740.06506
2011.6162,-0.16703542,-0.45468205,0.35036364,0.3665866,1.9458158,56.470757,9.83978,8.627205,733.35583
2011.6168,-0.15639652,-0.41993308,0.35041383,0.36677486,1.7475173,56.471382,9.8139715,8.627601,735.57996
2011.6096,0.14292227,-0.4588703,0.3503744,0.36645988,1.8550035,56.485806,10.961835,8.626636,740.8489
2011.1405,-0.14393796,-0.12663125,0.3216794,0.29268932,1.0643326,56.9577,12.91788,8.58676,524.1611
2011.6163,0.23354903,-0.43240774,0.35044113,0.36651316,0.9224088,56.470364,10.128053,8.624991,741.3566
2011.6147,-0.2236286,-0.45098794,0.3503848,0.36651507,0.9982043,56.467014,9.882613,8.626489,741.03076
2011.5691,-0.18833937,-0.43233126,0.3502033,0.36650473,1.8300793,56.461624,9.907372,8.618987,740.4253
2011.5944,-0.44847247,-0.43069977,0.3502607,0.36424175,2.1610746,56.505295,10.818631,8.599954,704.3887
2011.6183,0.4828354,-0.45685655,0.35051998,0.366752,2.1124072,56.460907,9.970281,8.626754,741.9748
2011.6127,-0.06923344,-0.4564504,0.3504469,0.36614206,2.1256146,56.509876,10.138488,8.627295,728.1516
2011.5901,-0.48099187,-0.43581158,0.3483611,0.36670357,1.1814444,56.486362,10.820931,8.620324,739.89764
2011.6174,1.0528218,-0.45887744,0.35043722,0.36672455,1.76825,56.468952,10.460885,8.627412,740.67346
2011.5553,0.6813875,-0.40702432,0.34833944,0.3602088,0.6275502,56.47558,10.574943,8.622197,726.5889
2011.3763,0.5491491,-0.40800285,0.34677744,0.35722682,1.6511872,56.49206,16.60055,8.620844,733.858
2011.618,-0.2512351,-0.4429165,0.35036215,0.36653396,2.165985,56.461536,9.872012,8.625242,741.05835
2011.616,-0.21025617,-0.45828062,0.35041258,0.36681098,1.5952516,56.460968,10.065881,8.625385,742.483
2011.6188,-0.052103005,-0.43864888,0.35042128,0.3634699,1.5819554,56.46116,9.918384,8.626912,743.05133
2011.4658,0.20461518,-0.4480238,0.35012257,0.3628362,1.4188249,56.47614,10.017285,8.617262,727.3943
2011.5916,-0.10212191,-0.37010837,0.34916627,0.36600652,0.78623843,56.54869,10.713841,8.598055,723.9475
2011.6145,-0.060273908,-0.45818216,0.3504229,0.36671865,1.9069302,56.458538,9.788665,8.6219845,740.89307
2011.3312,0.24021415,-0.40191537,0.33863178,0.36360267,1.7187989,56.746212,11.414876,8.609507,726.8653
2011.6055,0.2634326,-0.44823134,0.35018593,0.3664139,1.4806249,56.498173,10.447921,8.62673,734.76715
2011.6045,0.27001828,-0.4456144,0.3504777,0.36672077,2.21048,56.52964,10.007524,8.627002,742.6308
2011.6116,-0.36079386,-0.33665842,0.35039976,0.36595386,1.188048,56.460167,9.806073,8.6259985,736.37195
2011.6145,-0.47133204,-0.40642077,0.35000455,0.3614263,0.7365337,56.50575,9.91965,8.616638,734.9588
2011.6138,0.24645692,-0.42470998,0.35038418,0.36663052,0.42724496,56.470257,10.234065,8.626358,743.0547
2011.6117,0.418096,-0.33563882,0.35010087,0.3651144,0.42351627,56.49528,10.515716,8.623522,741.62146
2011.6132,0.38926312,-0.4435646,0.3504828,0.36627465,1.2600224,56.46652,9.846055,8.607836,741.27136
2011.5858,-0.03501215,-0.44439375,0.34805226,0.36505404,0.32453254,56.544594,12.951474,8.620171,722.89996
2011.6154,-0.10710218,-0.44559664,0.350407,0.36661106,0.94019765,56.47067,10.288964,8.623953,740.81665
2011.6127,-0.01077687,-0.45942533,0.35051626,0.366761,1.715816,56.457508,10.031344,8.627058,740.12354
2011.6152,-0.01072567,-0.4480868,0.35008502,0.36513168,2.089502,56.51822,9.963225,8.625029,727.14954
2011.5569,-0.13500036,-0.44165182,0.34993744,0.36158025,1.4099745,56.626934,10.341901,8.6151905,718.6162
2011.2314,0.2610056,-0.4063434,0.34690943,0.36030263,1.0491585,56.537277,10.298493,8.615263,725.23785
2011.5499,-0.3156068,-0.44314837,0.3495651,0.3550342,1.9361147,56.544083,10.089223,8.603075,677.2437
2011.6118,-0.369157,-0.41203332,0.34898305,0.36435214,2.061846,56.530315,10.49726,8.620268,729.2168
2011.6047,0.026980795,-0.42826647,0.35031903,0.3602658,-0.102364816,56.46063,10.006774,8.626806,737.341
2011.6172,-0.2911044,-0.45704943,0.3505167,0.36682054,2.2437303,56.4611,9.94144,8.625391,742.4679
2011.6184,0.94004995,-0.4550885,0.35049552,0.366552,1.4737982,56.45912,9.924653,8.626917,743.15247
2011.5625,0.30787757,-0.4481855,0.34957463,0.36624303,0.63539857,56.57037,11.826533,8.624336,730.0618
2011.5958,0.74344975,-0.4293362,0.34884852,0.36624154,1.0531303,56.498043,10.756791,8.620082,725.5909
2011.5798,0.5973889,-0.42464614,0.34981427,0.36371428,2.0890024,56.61636,10.131852,8.620155,721.4133
2011.6166,0.61176854,-0.45408392,0.3504012,0.36571115,1.5874958,56.47479,10.278171,8.615591,737.1443
2011.6145,0.18902124,-0.45898157,0.35050592,0.36680073,0.9606985,56.47349,10.402907,8.626339,741.9613
2011.5563,0.061828054,-0.42326963,0.34976915,0.3648182,1.568828,56.56868,10.451335,8.616553,727.8199
2011.619,-0.21202822,-0.4560727,0.35051197,0.36666217,1.0518347,56.46718,9.790772,8.627514,733.33264
2011.6162,-0.025227569,-0.45212054,0.3505063,0.36656615,0.6836503,56.45773,9.819367,8.626918,741.2587
2011.6125,0.34695113,-0.44554764,0.35008526,0.36506164,1.1765819,56.491417,11.019282,8.625205,739.86084
2011.5148,0.45252153,-0.36003155,0.34764436,0.36035493,1.3868518,56.69151,10.779187,8.565926,718.11383
2011.5906,0.048008718,-0.38186806,0.3452595,0.36427945,1.7615063,56.75527,12.681943,8.528846,700.1428
2011.6173,-0.17711182,-0.45796067,0.35047132,0.36596388,1.8200446,56.46384,9.979379,8.6267605,739.9607
2011.5978,-0.028948002,-0.4464965,0.34929922,0.3642208,1.2064124,56.661068,10.353078,8.6241455,693.8536
2011.6116,-0.001016013,-0.4365424,0.3496797,0.36570364,2.1259816,56.816933,10.079968,8.62048,682.9225
2011.6047,0.12054644,-0.45643508,0.3504844,0.36674452,0.8672195,56.461338,10.255357,8.62776,739.0017
2011.5955,0.14049701,-0.3720742,0.3475156,0.3640839,0.33746564,56.634354,11.048596,8.618064,726.59204
2011.5538,0.24035725,-0.21760435,0.34508854,0.36391926,1.2491674,56.732487,10.365354,8.58715,713.211
2011.5978,-0.24310996,-0.43477947,0.350168,0.3661858,2.0757089,56.462532,10.009711,8.627063,733.97076
2011.6184,-0.09806719,-0.44884682,0.35052192,0.36482123,2.0611424,56.457516,9.979583,8.624831,743.2659
2011.5541,0.6282237,-0.41586417,0.3492418,0.3651724,0.85268563,56.557217,10.682406,8.6215315,726.48535
2011.6179,-0.2370844,-0.45223445,0.35052478,0.3667092,1.644803,56.46739,10.030183,8.620233,742.463
2011.6128,0.12528442,-0.45065153,0.35046232,0.36650258,1.9767191,56.461998,10.518214,8.612511,740.70013
2011.5647,-0.05962836,-0.32505918,0.349004,0.36203632,2.0252101,56.474644,10.377631,8.599056,727.17755
2011.6011,-0.19577713,-0.44864362,0.35046393,0.3653333,1.1280848,56.48106,9.862384,8.620491,738.8209
2011.6117,-0.09438779,-0.43846434,0.35024965,0.3662329,2.032619,56.457542,9.807488,8.626676,741.02814
2011.5664,-0.23663409,-0.39218843,0.3476515,0.3573105,0.81193244,56.556118,11.86074,8.623813,700.6248
2011.6173,0.02923105,-0.44102204,0.35038626,0.3633046,1.4210811,56.48149,9.903859,8.626973,742.31146
2011.5634,-0.21657802,-0.42113388,0.34975275,0.3470543,1.6640055,56.544243,10.35006,8.616332,653.1696
2011.445,-0.13409354,-0.3531499,0.34853497,0.3505061,1.0777621,56.65645,10.870267,8.599988,694.19867
2011.6123,-0.00052075804,-0.3682812,0.34990737,0.36197957,1.4825938,56.63995,10.361476,8.625435,718.5715
2011.6176,-0.064411126,-0.45739067,0.35048342,0.36680537,1.9607499,56.45972,10.230174,8.625001,739.26624
2011.6104,-0.4933546,-0.3087933,0.34957924,0.36329642,1.7716819,56.518528,10.3674,8.616502,727.0086
2011.6189,0.086058564,-0.4316826,0.35028467,0.36668086,1.0794344,56.465992,9.927924,8.626327,742.6824
2011.6152,0.18424293,-0.44905353,0.35042223,0.3667636,2.0903199,56.479443,9.848243,8.627679,742.6479
2011.6156,-0.06908461,-0.39341736,0.35034883,0.36328134,1.812563,56.688347,9.913968,8.610844,697.5412
2011.6185,-0.5057872,-0.45208663,0.3505169,0.36681628,0.75568146,56.45773,9.773646,8.627577,743.29
2011.6188,-0.043201588,-0.4506104,0.3505134,0.36662978,1.6223726,56.46808,10.01492,8.627777,742.8289
2011.6094,0.61384976,-0.44381338,0.35003117,0.3665041,0.74230003,56.470695,9.971116,8.626577,738.8485
2011.6179,0.6718382,-0.4526925,0.3504682,0.36672077,1.7650907,56.467155,10.405463,8.627705,742.9252
2011.6086,-0.15033491,-0.40640903,0.35030752,0.36626214,1.2717026,56.495125,10.016995,8.623137,734.74927
2011.4137,-0.14074488,-0.39215457,0.34281847,0.3577339,2.170941,56.848114,12.093905,8.617487,673.1275
2011.5725,0.27700424,-0.4145463,0.34830785,0.34489036,2.0776825,56.500896,10.079656,8.588254,702.8744
2011.5183,-0.33738557,-0.37566072,0.34696156,0.3581705,0.5997859,56.596077,10.884236,8.611644,709.95386
2011.6149,0.53389305,-0.45312965,0.35040236,0.36574352,1.5903342,56.467335,10.180034,8.621349,741.4508
2011.6176,-0.30087784,-0.42134506,0.3498646,0.36505857,1.554957,56.486847,9.928531,8.626474,727.8957
2011.618,0.3033171,-0.459302,0.35050982,0.3667718,1.7327287,56.45842,9.777196,8.627685,743.1438
2011.6136,0.47351542,-0.4505012,0.3502737,0.3667171,0.7832389,56.47835,10.505189,8.62674,742.5839
2011.6172,0.6193993,-0.454548,0.35049254,0.36653566,0.8083372,56.485626,9.982917,8.626383,743.0346
2011.5718,-0.1509986,-0.29269552,0.3422651,0.3645623,2.3949294,56.73064,10.539903,8.612318,731.4122
2011.6161,-0.22795935,-0.44507867,0.3495412,0.365634,1.7448602,56.540222,10.056691,8.627134,699.8117
2011.5822,-0.09016504,-0.43699712,0.35018575,0.3642527,1.6081487,56.49793,10.26934,8.614187,732.61804
2011.619,0.22785434,-0.45868862,0.35051054,0.3668259,1.0890231,56.465515,9.783925,8.627755,743.1339
2011.6096,0.3248176,-0.43799633,0.34966052,0.3609462,1.9318954,56.66796,11.033866,8.596076,737.6301
2011.6074,-0.23343064,-0.43270826,0.35046113,0.36425734,1.5427439,56.46984,10.307012,8.620646,736.70154
2011.5956,0.7438262,-0.45192814,0.3503585,0.36344934,0.7818311,56.782692,11.521852,8.626909,737.2067
2011.608,-0.15369721,-0.44816947,0.35031384,0.36552492,1.3975052,56.472683,10.380937,8.626365,741.33057
2011.6141,0.078320034,-0.40473938,0.35024998,0.3656453,1.7823136,56.470547,10.159863,8.626017,738.918
2011.6113,0.50574905,-0.43116444,0.35015032,0.36596265,1.6300408,56.477394,9.865674,8.621038,742.357
2011.592,0.40570754,-0.4251566,0.35008118,0.36172137,1.7190396,56.47526,9.906993,8.62458,726.83655
2011.5985,-0.24041791,-0.41789478,0.34959438,0.36515146,1.2808979,56.479115,10.221648,8.62215,702.89954
2011.6188,1.1820296,-0.45979017,0.35051435,0.36680502,0.7945513,56.45778,9.804845,8.626959,743.28796
2011.6044,0.39658663,-0.4387089,0.3504348,0.36585602,0.3040528,56.47034,9.926393,8.618684,739.542
2011.6178,-0.32866445,-0.43169355,0.35037592,0.3663746,1.6147696,56.49661,10.025788,8.6269865,735.4459
2011.5952,0.32574818,-0.40936106,0.3491379,0.35733277,1.4309367,56.516747,11.055919,8.618428,730.90466
2011.6055,0.7595296,-0.40124828,0.34990415,0.36119673,1.3372225,56.694603,9.853837,8.627216,737.3312
2011.5889,0.8465768,-0.42182785,0.35022098,0.36350557,1.4413631,56.457756,10.178212,8.625696,741.629
2011.6096,0.7812083,-0.4562419,0.35009435,0.36661243,0.6355134,56.48503,10.316352,8.624176,741.5823
2011.5826,0.46276546,-0.40928882,0.34931108,0.36577082,1.8888175,56.48719,10.398324,8.602749,734.3028
2011.6123,0.32044262,-0.4512756,0.35036242,0.36646956,1.279095,56.50041,10.211087,8.626538,741.9912
2011.6086,0.1720134,-0.37779212,0.34983733,0.36049727,1.5065379,56.478485,10.01681,8.6193,736.5592
2011.6016,0.1338122,-0.44151366,0.3497666,0.36244905,1.9044722,56.505123,10.032611,8.621069,738.624
2011.6144,0.93062836,-0.4591825,0.3504082,0.3667488,0.8508034,56.45895,10.477466,8.619813,742.0373
2011.5947,0.2425991,-0.4406659,0.3497983,0.36572573,1.5781903,56.504272,10.361993,8.581742,738.0835
2011.5874,0.3763864,-0.45203394,0.35040465,0.36366108,1.5437152,56.46078,10.343898,8.626222,740.9906
2011.6135,0.15495068,-0.45324373,0.35050172,0.36649814,1.9902688,56.466507,10.076869,8.625265,740.4012
2011.6064,-0.24194004,-0.43784815,0.35005713,0.36367047,1.8842726,56.492443,9.944385,8.617104,714.5746
2011.6118,0.5981897,-0.4513948,0.35039312,0.36667076,1.5890588,56.470127,10.212672,8.624115,740.7647
2011.6138,0.641369,-0.45206434,0.3505087,0.36676064,1.6971881,56.474842,10.289802,8.62764,743.16864
2011.5851,0.00046724855,-0.39635992,0.3502471,0.3622477,1.977242,56.46683,10.06055,8.593233,705.01587
2011.5975,-0.09512123,-0.43499023,0.34892243,0.36622947,0.4993343,56.48738,10.190152,8.624422,719.471
2011.6097,-0.33259585,-0.42195207,0.34944734,0.3665514,1.2182105,56.554615,10.388921,8.624322,741.72235
2011.5835,-0.07976853,-0.3904696,0.348029,0.36467516,1.8639371,56.556892,11.659366,8.623472,691.7548
2011.6123,-0.15533222,-0.43878835,0.35033584,0.36590147,0.96298116,56.52072,9.993152,8.626459,740.7532
2011.6057,0.16165024,-0.4417464,0.35001975,0.36612403,1.2262734,56.509933,10.350598,8.625766,732.61365
2011.5991,-0.042951845,-0.4553703,0.35048348,0.36154985,2.1064303,56.46809,9.889911,8.618806,721.4762
2011.6187,0.47523418,-0.46000296,0.35050252,0.36680588,2.3112617,56.46915,9.831422,8.627732,740.83044
2011.6055,-0.27092955,-0.45648837,0.35046062,0.36609963,1.3617035,56.460823,9.958337,8.627449,740.79956
2011.5557,-0.2985284,-0.4143399,0.34764603,0.36493012,1.7293594,56.56698,10.726232,8.624046,729.21
2011.6184,0.8811429,-0.45981127,0.35051277,0.3668111,1.5625124,56.45905,10.296008,8.627686,743.3936
2011.6152,-0.10828688,-0.45628238,0.3503034,0.36676475,1.8241124,56.475708,10.067037,8.626781,738.5002
2011.6025,0.17444451,-0.4172371,0.34849176,0.36518943,1.4037153,56.775043,12.682139,8.577154,716.0747
2011.612,-0.065517835,-0.42945606,0.35005242,0.36638442,0.90471137,56.493378,10.059819,8.620851,736.86383
2011.6045,0.19977821,-0.36622232,0.34993213,0.3663314,0.6733177,56.467564,9.793742,8.624745,721.22
2011.606,0.65221107,-0.45044845,0.34935027,0.36647075,1.181687,56.466343,11.888022,8.622295,742.2011
2011.6178,-0.29871884,-0.45244944,0.35043317,0.36674312,1.522272,56.46958,9.838912,8.627562,742.3972
2011.5826,0.223165,-0.41098338,0.34886304,0.36419174,1.601501,56.521263,10.96396,8.618153,730.31647
2011.6182,-0.27049038,-0.43824756,0.35033783,0.36659613,1.2698436,56.467865,9.788764,8.625669,730.8581
2011.5903,0.20030954,-0.3474033,0.3478763,0.36433524,1.1132784,56.485245,10.3392935,8.614853,714.5125
2011.5883,0.80039287,-0.4344498,0.3501656,0.36629117,0.6480336,56.522,10.817876,8.62631,741.1157
2011.6161,-0.16810621,-0.4529497,0.35031682,0.36675143,1.267104,56.46386,9.924899,8.62525,735.7403
2011.6049,-0.15973903,-0.45044607,0.350424,0.36660418,0.7659526,56.492306,11.413873,8.627326,739.1769
2011.5831,-0.012352817,-0.42368382,0.34622973,0.36589026,1.2420132,56.69816,10.629405,8.619248,652.4508
2011.6179,0.1971066,-0.44659495,0.35048956,0.36578697,0.72354,56.457867,9.789681,8.627226,743.1435
2011.608,-0.04896652,-0.43302804,0.35005426,0.36679012,1.9280275,56.505665,10.205796,8.621417,739.91016
2011.616,0.71544784,-0.44919866,0.35049918,0.3667904,0.8331604,56.4593,10.108136,8.624271,743.2238
2011.5543,0.11270357,-0.38889444,0.34939876,0.35198233,1.5467682,56.523373,10.225375,8.617976,606.86017
2011.5511,0.4807742,-0.44346523,0.34989104,0.3662036,1.5087892,56.485928,10.62441,8.625718,741.4237
2011.609,0.26638702,-0.45088053,0.35037896,0.36415574,1.423435,56.49595,10.086793,8.621148,738.5415
2011.5295,0.47939354,-0.43427557,0.34993958,0.3658479,1.5937642,56.483532,10.610658,8.606176,729.79645
2011.6157,0.12395156,-0.45359695,0.3504458,0.36659336,0.13668813,56.459133,9.841134,8.6266,743.2229
2011.6029,0.23239504,-0.39336574,0.34625542,0.36117014,1.3207542,56.480175,10.389041,8.621592,740.21423
2011.6115,0.62254274,-0.4567355,0.35044944,0.36583668,1.9329832,56.463093,9.869611,8.626967,739.19446
2011.6161,-0.07913133,-0.42903042,0.35037774,0.3660757,1.2788821,56.510975,10.46819,8.626328,735.02374
2011.6078,0.3045263,-0.45148563,0.35048455,0.36598244,1.3046718,56.48232,9.863118,8.622526,736.5287
2011.6165,-0.4739271,-0.44585228,0.35047254,0.36661094,2.2139065,56.47142,10.433738,8.626822,727.89886
2011.5961,0.32001597,-0.44502282,0.35004783,0.3666066,1.5190017,56.46222,10.115226,8.62332,741.636
2011.5995,-0.084111385,-0.43672824,0.35049143,0.36568198,1.6574883,56.463196,10.656758,8.6261015,739.28094
2011.6155,0.023319133,-0.45251876,0.35033166,0.36498457,1.1640981,56.47322,9.991044,8.624859,728.27246
2011.5582,-0.10132166,-0.3058285,0.34864092,0.35291925,1.7967522,56.75444,10.344291,8.591947,689.87115
2011.5935,-0.13351656,-0.44662672,0.34949014,0.36558425,1.6174079,56.468872,10.106267,8.622823,728.9151
2011.6146,0.53543276,-0.40833628,0.34975725,0.36378482,0.8720375,56.554485,10.195907,8.614956,727.0606
2011.6014,0.39216477,-0.44455618,0.3501295,0.35999414,1.0038352,56.54205,10.731536,8.611078,736.4001
2011.5903,-0.14233191,-0.41431814,0.34926617,0.36557183,2.1600804,56.615498,11.701055,8.610769,726.7084
2011.6161,-0.097978495,-0.44519013,0.3503997,0.36670265,0.42029446,56.489124,9.89494,8.62755,741.77344
2011.6013,-0.0074174325,-0.44014448,0.34989753,0.36627972,0.73478067,56.709763,13.285115,8.62069,740.821
2011.6079,0.40032002,-0.36624593,0.35043713,0.36679423,0.5600601,56.4604,10.338531,8.627147,742.58264
2011.5923,-0.118596636,-0.43453544,0.3498358,0.36618185,1.6609029,56.595882,10.260064,8.62352,737.06805
2011.6145,0.31643757,-0.43223715,0.35009062,0.36576042,1.80871,56.523914,10.466788,8.621462,735.7704
2011.6118,-0.28611258,-0.44499695,0.3502294,0.36676997,1.9276655,56.499596,9.963782,8.627526,739.9527
2011.6068,0.46657082,-0.4473725,0.35010114,0.36636737,0.963867,56.471455,10.047757,8.622326,738.6105
2011.613,0.9351255,-0.4552151,0.35012162,0.36594778,1.658998,56.51775,10.018174,8.6252165,735.44147
2011.6108,0.20556173,-0.44299424,0.3503741,0.3665601,0.9537245,56.46545,10.313983,8.62515,740.06836
2011.5854,-0.012340181,-0.3881104,0.34883305,0.36487705,1.7349595,56.48332,10.499099,8.623544,732.36926
2011.5741,0.5442704,-0.45364046,0.35035187,0.36620972,2.2801723,56.464966,10.725812,8.623291,740.162
2011.5833,0.87374365,-0.43288678,0.3500085,0.36323214,1.8604248,56.71,10.386752,8.602857,739.6032
2011.5343,-0.094109766,-0.41101843,0.34876692,0.36581573,0.5700836,56.547016,11.138419,8.62216,733.57544
2011.4872,-0.2681447,-0.3995582,0.34938863,0.36415398,1.2504237,56.57692,11.126529,8.605468,716.08
2011.5752,0.26526564,-0.35287166,0.34598058,0.35929978,1.5609112,56.59285,11.201266,8.605807,721.9541
2011.5795,0.21176413,-0.38934362,0.34646836,0.36601633,0.05764111,56.52727,10.904447,8.597565,736.11273
2011.5776,-0.037747674,-0.42461556,0.34969577,0.36276236,1.2109038,56.60523,9.937274,8.484286,682.83026
2011.6146,-0.002637915,-0.4523443,0.3503974,0.3665796,1.0695444,56.46737,10.09966,8.624232,742.0207
2011.6143,-0.102117084,-0.44320518,0.3503587,0.3659428,1.2998146,56.517605,10.615088,8.625407,736.3152
2011.6157,-0.32208315,-0.44867212,0.35037276,0.3667686,2.1778426,56.4644,9.883246,8.626629,737.6689
2011.6166,-0.4398487,-0.45650536,0.3505094,0.3666547,2.1485069,56.458363,9.951434,8.627102,735.76355
2011.5636,0.32955757,-0.37468195,0.34901652,0.3639715,1.2636967,56.47889,10.042096,8.62445,678.03876
2011.6154,0.4383491,-0.447877,0.3499563,0.36632967,0.75789994,56.656216,10.4914255,8.625569,739.62286
2011.5302,0.037910886,-0.41599947,0.3500658,0.35972232,1.2815603,56.664997,10.776917,8.605632,738.5009
2011.486,0.26476935,-0.40710133,0.34287843,0.3581535,2.1922936,57.03354,10.152911,8.608594,608.0058
2011.6029,-0.42496023,-0.43766254,0.34851515,0.36366233,2.1111405,56.576286,10.08915,8.601218,393.2507
2011.6057,0.33764103,-0.4519354,0.35035235,0.36673826,1.3778887,56.48069,11.644851,8.623837,737.79816
2011.6024,0.18626656,-0.4519974,0.3504367,0.3643955,0.8955844,56.470367,10.342036,8.626061,739.8981
2011.6056,0.7997306,-0.42833507,0.34992146,0.36322424,0.75455236,56.479794,9.934583,8.61822,739.9373
2011.595,0.89999014,-0.44605166,0.34980533,0.3660452,0.39032432,56.48224,10.457395,8.626151,742.04956
2011.6172,0.7171713,-0.4560516,0.35046875,0.36679807,0.05482181,56.461594,10.011939,8.62757,742.1292
2011.6128,0.06321234,-0.43513238,0.3503791,0.365597,1.1268971,56.558327,10.283896,8.623909,737.87665
2011.6116,0.90428156,-0.4337176,0.3503991,0.36346444,0.6752477,56.481255,10.195811,8.608621,740.4236
2011.6012,-0.12996824,-0.44090652,0.34994385,0.3639512,2.2058885,56.489117,10.410089,8.6143055,738.21014
2011.5774,0.849627,-0.3778414,0.34659934,0.36088377,1.0288607,56.724403,11.931975,8.621249,671.7233
2011.6101,-0.04659044,-0.45475125,0.35044143,0.36667112,1.4870616,56.46848,9.87884,8.616833,741.54016
2011.6156,-0.24918605,-0.45344013,0.35047022,0.36659423,0.88196784,56.463863,10.056661,8.621705,742.85223
2011.6134,-0.19433852,-0.44100845,0.350284,0.3652971,0.8612555,56.469624,10.457768,8.62746,737.07654
2011.5656,-0.11231043,-0.1766109,0.34545824,0.353153,1.7663822,56.622066,10.39117,8.59798,690.386
2011.6045,0.5751816,-0.44729406,0.3490695,0.3661014,1.4464692,56.628387,12.393964,8.626653,739.361
2011.6157,-0.42235264,-0.45646524,0.35047492,0.3664664,2.3772833,56.47234,9.922456,8.626236,718.0754
2011.6082,0.19390666,-0.41998458,0.35048276,0.36530507,2.069125,57.179054,10.858663,8.6255245,726.1412
2011.6136,0.20321488,-0.4528569,0.35042858,0.3667508,1.793441,56.548313,11.661311,8.625467,742.36206
2011.6158,-0.26385275,-0.45527965,0.35049433,0.36627406,0.8355809,56.46116,9.895537,8.627163,740.8277
2011.3141,-0.17851366,-0.32693928,0.33886722,0.35776812,1.3107778,56.660297,12.091107,8.573105,639.8354
2011.6173,-0.37576273,-0.4421237,0.35010338,0.36680079,1.2623992,56.46973,10.88309,8.627061,741.7043
2011.6034,0.42082492,-0.41372538,0.34998325,0.36528304,0.8629403,56.49734,10.508975,8.611207,739.858
2011.6135,0.3858683,-0.45121545,0.35017112,0.36664936,0.4919152,56.484528,11.662221,8.626849,742.28143
2011.4904,-0.1423287,-0.34681344,0.34844568,0.3615419,1.8683496,56.481915,11.883212,8.562609,713.8755
2011.4729,0.101648636,-0.40551746,0.3381279,0.3345046,0.47775295,56.559277,11.357989,8.605349,723.17804
2011.583,-0.19045962,-0.4253496,0.34991103,0.3575972,1.5890518,56.609272,11.036551,8.6001425,666.4444
2011.3475,1.0077286,-0.3539223,0.33928084,0.35317075,-0.32681802,56.62985,12.513978,8.606614,737.5508
2011.6163,0.25579596,-0.45194423,0.3505007,0.36497766,0.78276503,56.467674,10.29762,8.627353,742.5986
2011.5914,-0.16203679,-0.43856812,0.34825253,0.36400855,1.7178459,56.48361,10.173646,8.621044,724.784
2011.5988,-0.13025154,-0.4011644,0.3497373,0.3624707,0.77609915,56.498405,10.097993,8.619757,737.6808
2011.39,0.63941395,-0.30899942,0.34665373,0.35447845,1.7219418,56.539246,10.351497,8.612716,685.9257
2011.5981,-0.10937055,-0.45266712,0.35037935,0.3664499,0.87820923,56.47272,9.989865,8.625465,743.00085
2011.5356,0.27943945,-0.4329055,0.34967968,0.36403167,1.453632,56.509964,12.469064,8.608022,732.4726
2011.6177,0.46538967,-0.45384067,0.35043764,0.36624354,0.6800893,56.516644,9.7964525,8.627807,734.0301
2011.6075,0.3826047,-0.4093318,0.35024142,0.3667536,1.3078434,56.494606,10.379209,8.6216545,735.68115
2011.6035,0.30852702,-0.4451843,0.35030064,0.36467963,1.3266299,56.506416,10.069732,8.624538,736.62946
2011.617,-0.17439778,-0.44191778,0.35009518,0.36642843,2.1682167,56.47896,9.820731,8.626328,737.82574
2011.6176,0.08598844,-0.45098007,0.35050368,0.3668013,0.61625934,56.465584,9.95625,8.627563,742.552
2011.6177,0.1485218,-0.4579624,0.35052705,0.36667302,1.839354,56.458466,9.79893,8.627419,743.3693
2011.6156,-0.28674403,-0.45060986,0.35046086,0.36598003,2.137332,56.484444,11.789531,8.627449,739.5652
2011.6007,0.696022,-0.42116946,0.34834886,0.36589417,1.1533206,56.541134,11.109958,8.625938,730.655
2011.4852,0.5382192,-0.40713996,0.3387161,0.36537525,1.7864962,57.182037,15.338637,8.575002,690.4173
2011.6108,0.06598247,-0.4559465,0.35013327,0.36678407,0.45922413,56.46152,9.831162,8.625832,736.6455
2011.5781,0.29636726,-0.41785467,0.34947157,0.36407948,1.1496104,56.517616,11.086043,8.613688,736.01526
2011.6136,-0.26509336,-0.38948762,0.34987155,0.3629879,1.6722364,56.47586,10.315551,8.62482,732.95026
2011.5355,0.8831945,-0.43849277,0.3499518,0.36523432,1.4266131,56.52401,11.579219,8.616402,735.1454
2011.617,-0.14672,-0.44665426,0.35051742,0.3663836,1.53952,56.461117,9.825515,8.626825,742.93304
2011.5654,-0.08072802,-0.39948672,0.34993383,0.35745117,1.5445545,57.00106,11.808534,8.593961,734.36774
2011.5612,0.34367684,-0.4369666,0.34941024,0.3661449,1.3203262,56.536842,10.657075,8.613336,738.3642
2011.6145,-0.13463618,-0.456805,0.35051844,0.36680955,0.98017,56.458622,10.0400305,8.627316,743.3329
2011.6163,-0.26651344,-0.45128405,0.35026318,0.3667822,0.827915,56.462585,9.909755,8.626986,739.9094
2011.6179,-0.43757465,-0.4564469,0.3505093,0.36635736,1.6653203,56.457706,9.816077,8.627773,742.62946
2011.6182,0.34895894,-0.45103198,0.3504938,0.36681804,2.2931833,56.457314,9.791532,8.6275,743.09937
2011.6008,-0.44316927,-0.40272385,0.34837142,0.3657826,1.998716,56.48527,10.166318,8.622409,724.6608
2011.6123,-0.15795918,-0.41445124,0.3498678,0.36650413,1.4688333,56.698467,10.669749,8.626997,736.32214
2011.6155,-0.22091074,-0.45268488,0.35050833,0.36557722,1.5287106,56.46637,9.830613,8.62684,736.80597
2011.6078,-0.3368655,-0.427096,0.349374,0.36216065,1.8649646,56.468235,9.937768,8.616267,728.602
2011.6023,0.096117266,-0.43697518,0.3503614,0.36642691,0.76259834,56.472023,10.362565,8.62737,740.2675
2011.6162,0.8482481,-0.45901346,0.35047817,0.36660835,0.7236544,56.462196,11.376601,8.624623,742.2106
2011.576,-0.049840234,-0.433003,0.35035184,0.36416236,1.7508619,56.472515,9.955056,8.623319,730.3003
2011.6179,-0.18193938,-0.45275378,0.3504782,0.3664293,2.1679149,56.46986,10.162246,8.626476,740.0494
2011.6093,0.066061445,-0.44873905,0.3504664,0.36564365,1.2016921,56.53062,10.250592,8.623719,737.7227
2011.5513,0.035224326,-0.44013488,0.35002244,0.3659203,1.6798688,56.46119,10.087632,8.604033,739.7712
2011.6156,-0.21935536,-0.44421917,0.3504047,0.36619806,1.7617056,56.463245,9.805589,8.627138,738.60956
2011.6128,-0.22790517,-0.45063764,0.35046354,0.3666901,1.5603323,56.46725,9.858069,8.606399,738.742
2011.6079,1.1150945,-0.45227784,0.350268,0.36660108,1.8957726,56.478596,12.757358,8.627497,742.5245
2011.6051,0.47308156,-0.448007,0.3503334,0.36520156,1.4595448,56.46609,10.043538,8.626927,740.83453
2011.6147,0.19381216,-0.4513954,0.35042414,0.36654,1.5256124,56.46,9.958158,8.623949,742.28296
2011.6188,0.118642665,-0.44598562,0.35048926,0.36674377,0.96969277,56.457733,9.808352,8.626949,743.3075
2011.5878,-0.026238345,-0.3904429,0.34978655,0.36545053,1.5391407,56.54573,11.263835,8.619657,731.76294
2011.6023,-0.39651474,-0.43958902,0.35047007,0.3655143,1.9060775,56.46863,10.088225,8.608735,735.8207
2011.5709,0.087852366,-0.41056114,0.34910297,0.36503795,1.3796917,56.559315,10.505721,8.611238,705.95856
2011.6034,-0.1689523,-0.42655724,0.34987345,0.36497405,2.1201391,56.477013,10.167827,8.613604,688.26685
2011.6057,-0.23386581,-0.43872494,0.35024318,0.3666658,0.7146668,56.63295,10.290418,8.625314,723.1166
2011.594,0.2811753,-0.44985884,0.35029632,0.3666808,0.9519421,56.534077,10.4351,8.625914,741.32184
2011.5983,0.605654,-0.43768227,0.35034367,0.365397,0.5915572,56.480865,9.961396,8.617732,724.94867
2011.5961,0.21426257,-0.3120286,0.34822556,0.36662412,1.2437223,56.459465,9.98557,8.582239,742.5219
2011.5934,0.24324146,-0.44382977,0.35025617,0.36244145,0.7736685,56.46297,9.961244,8.617939,738.7849
2011.6139,-0.29748246,-0.4564078,0.35046965,0.36626843,1.6714755,56.465622,9.85389,8.626751,740.4621
2011.6127,0.3221803,-0.45449233,0.34976843,0.36349154,1.7166581,56.468777,10.76769,8.623849,730.01874
2011.598,0.4800704,-0.456374,0.35009572,0.36420357,1.8325651,56.473286,10.209802,8.624423,742.20917
2011.5842,0.80853677,-0.4460079,0.34946653,0.36651495,1.366423,56.46562,10.5292845,8.616868,742.1722
2011.5503,0.13115011,-0.34658003,0.35001534,0.36604193,1.3726795,56.492935,10.459325,8.591259,735.8999
2011.6089,-0.25729308,-0.45025337,0.35016274,0.3665493,2.0222476,56.517742,10.574628,8.624955,736.8105
2011.6172,0.112105764,-0.45843798,0.3505074,0.36678642,0.3519374,56.46459,10.1146,8.626285,743.1286
2011.5653,0.07934619,-0.3836369,0.3482489,0.3661045,1.0173435,56.482746,10.441865,8.615617,737.37823
2011.584,-0.10870703,-0.42023593,0.34902856,0.3667018,1.1024101,56.53737,10.826831,8.619078,731.6323
2011.5621,0.7216595,-0.40184915,0.34370556,0.3584462,1.2082251,56.780216,10.649392,8.62109,709.1352
2011.6023,0.03196279,-0.43921858,0.34974262,0.36617687,1.8233514,56.475006,10.083745,8.533725,737.865
2011.5419,-0.20144679,-0.4096495,0.3494594,0.36278516,2.188935,56.478554,10.365071,8.623288,723.881
2011.6024,-0.34852692,-0.17433767,0.34978104,0.36458558,1.7979621,56.549927,10.012895,8.624864,692.6562
2011.6136,1.0747309,-0.45814997,0.35011473,0.36661234,1.7124094,56.485264,10.6353655,8.627265,740.2874
2011.5972,0.033175893,-0.42491895,0.34973338,0.36613393,2.25889,56.47177,10.178472,8.622164,730.94147
2011.6049,-0.18216093,-0.40088636,0.35034654,0.36414844,0.14893837,56.500328,10.096,8.602311,732.50323
2011.5471,0.07348085,-0.41570592,0.3495347,0.357074,1.0697967,56.481136,11.952291,8.620146,739.32056
2011.6167,-0.2506908,-0.44989926,0.3505193,0.36634892,1.9095848,56.4879,9.8568735,8.627644,743.09863
2011.6172,-0.09419214,-0.43657023,0.35050413,0.366812,2.1222181,56.4591,9.924174,8.627616,742.32825
2011.6187,0.40906793,-0.44971615,0.35052407,0.36665535,1.0705887,56.46679,9.88712,8.627637,742.00323
2011.6028,0.50202125,-0.38548148,0.34996042,0.36462486,1.4117953,56.485847,10.36106,8.614789,740.25214
2011.5695,0.5691875,-0.38750196,0.34971786,0.36383018,0.49502844,56.626026,11.3023615,8.620194,710.3251
2011.6064,0.92030686,-0.44154358,0.34905183,0.36659074,0.8673083,56.527878,10.715966,8.625935,740.5885
2011.579,-0.15074219,-0.40219402,0.3498404,0.36473283,0.7071387,56.480362,10.444148,8.588295,718.0325
2011.5635,0.27780455,-0.4395411,0.34756866,0.36563343,1.53657,56.54061,10.765307,8.618083,724.871
2011.5675,-0.14698936,-0.42667252,0.34835276,0.35676324,2.0360322,56.529938,10.440274,8.623998,677.95764
2011.615,-0.10860761,-0.39119965,0.34971088,0.36390093,0.2912597,56.467617,9.903758,8.608177,727.00275
2011.6088,-0.34302762,-0.45469368,0.3504583,0.36675793,1.8356974,56.471283,10.091981,8.617025,742.22455
2011.5889,-0.10906204,-0.28078854,0.34543234,0.3161799,0.84488153,56.691486,10.635087,8.620772,682.0046
2011.6118,0.113866605,-0.43410355,0.3502234,0.3661896,0.6375239,56.467434,9.906886,8.625765,729.35693
2011.617,0.8661679,-0.45353633,0.35039178,0.36604005,1.225552,56.469635,9.941161,8.623673,739.77905
2011.6116,-0.4719753,-0.44365537,0.35039207,0.36575243,0.019246064,56.478123,10.213656,8.626139,738.2945
2011.6096,0.8951625,-0.4092852,0.34994388,0.3648009,1.1905965,56.45995,9.819177,8.623961,735.9169
2011.4578,0.6998587,-0.40977192,0.34518966,0.35537866,0.5825242,56.53369,10.472295,8.596016,727.8528
2011.6143,0.28705534,-0.42901593,0.35003656,0.3645464,0.42346546,56.483353,9.955298,8.624184,732.1067
2011.609,-0.4145724,-0.4261207,0.35015857,0.36313388,1.0318733,56.47768,9.930371,8.62665,729.1863
2011.5363,0.1845124,-0.41789037,0.34962457,0.35892776,1.1713159,56.503254,10.5094,8.614449,730.209
2011.5975,0.20562255,-0.42156363,0.34990433,0.36609116,1.3037173,56.46507,10.169803,8.619166,730.397
2011.597,0.14497562,-0.4223587,0.34977862,0.36188403,0.83013767,56.516365,10.786483,8.609503,723.45465
2011.555,0.09839059,-0.41812587,0.3487078,0.36325192,1.6964852,56.511795,13.567502,8.588291,726.7251
2011.6165,-0.31736383,-0.45220006,0.35050347,0.3665582,0.6576695,56.460323,9.836879,8.627683,740.0197
2011.5845,-0.3769395,-0.37377214,0.34968078,0.36635283,1.2710937,56.653973,10.471347,8.626319,720.7881
2011.6167,-0.45612636,-0.44445157,0.35048637,0.36596268,2.0860875,56.468094,9.872392,8.6214905,725.8027
2011.6094,0.3594473,-0.435018,0.3503864,0.36606145,0.8245523,56.480446,10.559117,8.614842,742.0017
2011.6062,0.4287717,-0.452529,0.3500888,0.36550358,1.4047121,56.705853,10.035039,8.626531,715.057
2011.6061,0.0962472,-0.42270696,0.3500421,0.36490515,1.2591966,56.46972,10.363051,8.627466,736.8746
2011.4008,-0.20740105,-0.4014504,0.34733096,0.36298966,1.0166035,56.56164,10.709086,8.5967865,709.92474
2011.4993,-0.10706391,-0.403327,0.3486606,0.35689667,1.5286599,56.714317,10.622027,8.597479,719.5893
2011.5823,0.286033,-0.43607587,0.3493334,0.3653823,2.0128171,56.533714,10.015075,8.6214695,694.4126
2011.6052,-0.52479595,-0.4436736,0.35044768,0.36582777,1.3292602,56.51169,10.198915,8.626062,738.9132
2011.5442,0.102203645,-0.38364,0.33950186,0.3431065,1.0252393,56.75565,13.549879,8.610126,732.383
2011.5824,-0.08612277,-0.41589797,0.34973684,0.36441174,1.1362375,56.55014,10.707437,8.56876,732.17236
2011.6187,-0.1334634,-0.44351977,0.3504244,0.36668807,0.66303176,56.468285,9.795472,8.625689,741.05334
2011.5883,-0.21432586,-0.39659142,0.35020062,0.36194757,0.7879674,56.664238,10.342202,8.620482,720.9528
2011.5996,0.2859511,-0.43857074,0.34994358,0.364239,1.0415902,56.957996,12.7216215,8.592301,724.36224
2011.612,0.055123545,-0.44696283,0.35041675,0.36598927,1.7600888,56.473843,10.076831,8.619942,740.7042
2011.6149,-0.073392145,-0.45158708,0.35034913,0.36219826,0.7693141,56.478825,9.937577,8.6187,729.79346
2011.5168,0.17155145,-0.44947886,0.349572,0.3647185,1.649196,56.72931,11.973184,8.611551,730.56946
2011.56,-0.37860963,-0.4210307,0.35009438,0.36368594,1.3290927,56.492657,10.173694,8.593337,724.0332
2011.611,0.3262525,-0.4305625,0.3502974,0.35709226,0.78161085,56.48619,10.290071,8.624412,740.1099
2011.6061,0.19232859,-0.42788905,0.35004857,0.3664548,1.6090583,56.50655,10.26245,8.621981,733.273
2011.613,-0.22282048,-0.4010837,0.35027066,0.36320353,1.8497308,56.46576,10.059497,8.625582,735.1077
2011.5824,-0.30885574,-0.41175628,0.34856787,0.35696715,0.78466487,56.48163,10.621772,8.619709,728.5644
2011.6099,0.39273223,-0.44928515,0.34979087,0.36535177,1.6030984,56.46719,10.135585,8.626145,733.88214
2011.5814,-0.15075769,-0.29321867,0.34420338,0.3478451,1.5245429,56.542038,10.102874,8.61102,690.46796
2011.6124,-0.18330027,-0.44212228,0.3504058,0.36559328,0.7675295,56.4812,10.01258,8.627452,741.9043
2011.6185,-0.4512017,-0.45556325,0.35050577,0.36652598,1.6078826,56.465065,9.913117,8.626011,738.77985
2011.6094,-0.11333319,-0.42698258,0.35034665,0.36632282,2.1646385,56.512756,10.031892,8.623248,740.611
2011.6138,0.67685246,-0.45428985,0.35047632,0.36653107,0.6954223,56.459946,10.24228,8.627062,743.30725
2011.602,-0.44665238,-0.44725162,0.35044238,0.36672905,2.647534,56.459396,10.0147505,8.626108,732.3749
2011.6183,0.18945906,-0.4594689,0.35046932,0.36681876,1.8930782,56.464264,10.523656,8.627815,740.4478
2011.5743,-0.04391768,-0.4555313,0.34978932,0.36667773,1.3746477,56.47348,10.55804,8.620165,741.10205
2011.617,-0.39808735,-0.446693,0.35051474,0.36673728,1.3946979,56.466484,10.038131,8.62734,742.13086
2011.6068,-0.35782728,-0.36593002,0.3490344,0.35845315,0.05263146,56.47443,10.054433,8.623469,704.5902
2011.5995,-0.26423928,-0.43144697,0.35003665,0.3629679,1.5515424,56.837425,10.927268,8.622558,693.2156
2011.6044,0.20657562,-0.434981,0.35021776,0.3593735,1.0203189,56.480484,9.930257,8.622539,714.6874
2011.6111,-0.097895585,-0.4463333,0.35050654,0.36633578,1.8357852,56.462128,10.049108,8.626764,741.33374
2011.618,0.5104287,-0.4498055,0.350487,0.361482,0.3562952,56.458897,9.77304,8.627609,742.87115
2011.6176,0.27259114,-0.44679707,0.35028902,0.36606535,0.27252814,56.46483,9.83233,8.6275425,736.21436
2011.5996,-0.22878404,-0.3828742,0.3501882,0.36549714,1.2096766,56.485596,10.305011,8.577942,736.89746
2011.613,0.2985037,-0.4478044,0.35026702,0.36610416,0.7140452,56.479607,9.995393,8.625509,735.3783
2011.6167,-0.34259298,-0.44414073,0.35038853,0.36638144,2.1078873,56.46406,9.961837,8.626269,740.19696
2011.4851,-0.18124194,-0.28401124,0.34693813,0.36417,1.2039416,57.038525,12.754252,8.570709,607.62054
2011.6171,0.32824177,-0.44637853,0.35051125,0.36654356,1.6658207,56.459126,9.864522,8.627552,742.4625
2011.5693,-0.054860972,-0.25894237,0.34100148,0.3528111,1.0587759,56.785774,16.38324,8.62151,622.9122
2011.6185,0.34903193,-0.4526288,0.35041642,0.36646092,1.7124962,56.458305,9.799096,8.627498,742.4956
2011.6182,-0.11861726,-0.42318517,0.35044974,0.366553,1.4409559,56.478527,10.327954,8.627394,739.4531
2011.6113,-0.1514057,-0.34930474,0.3500075,0.36357316,1.71629,56.483097,9.822345,8.624531,723.41315
2011.5972,0.21756352,-0.443362,0.34986436,0.3657686,1.9864306,56.4991,10.0374365,8.627072,718.82574
2011.6123,0.8592079,-0.45483524,0.3503823,0.36561325,1.6774687,56.469307,9.957799,8.627724,742.9616
2011.6115,-0.29668733,-0.4313987,0.34979317,0.36621714,2.3115296,56.477386,9.985303,8.62663,733.7823
2011.6097,-0.22751077,-0.44175833,0.35045046,0.3665452,1.2524673,56.48621,10.192731,8.627543,736.6295
2011.6101,-0.41609946,-0.42250085,0.35013226,0.36285138,1.216586,56.467754,10.117602,8.627493,718.7427
2011.6044,0.36802852,-0.3855191,0.35017732,0.36341253,0.23098405,56.48488,11.552123,8.619924,741.9674
2011.5232,-0.08359309,-0.41853327,0.35007668,0.36216804,0.9991167,56.489567,10.457217,8.6035185,735.5886
2011.4418,0.36609247,-0.41156113,0.3499716,0.36041668,1.29576,56.519745,10.147353,8.5717325,711.8081
2011.616,-0.50044537,-0.44308025,0.35046092,0.36657715,2.1273134,56.465828,9.857982,8.625372,742.27106
2011.6074,0.34387624,-0.4490893,0.35019073,0.334551,1.7669073,56.652805,10.186797,8.618805,718.1061
2011.1577,0.06016118,-0.23342438,0.33601972,0.34528264,0.55567324,56.670067,11.613021,8.562111,609.1289
2011.5712,0.18504709,-0.43554598,0.34950516,0.347246,1.3446662,56.675182,11.062171,8.614505,712.51135
2011.6179,-0.30937567,-0.4569226,0.35050848,0.36680105,2.2665932,56.457718,10.037925,8.6270485,742.8105
2011.5182,0.08810315,-0.29607683,0.3482075,0.36328802,1.2277135,57.184715,10.075429,8.609903,697.8073
2011.5947,0.7017919,-0.40129662,0.3492717,0.35587668,0.853717,56.913544,10.436769,8.579072,658.03766
2011.5833,0.70681345,-0.42289478,0.35011864,0.36216184,1.6688175,56.790417,11.551564,8.620454,742.1861
2011.5936,0.35214058,-0.43268764,0.34979564,0.36343724,0.94236165,56.489662,9.877181,8.619441,741.3033
2011.6176,-0.17322738,-0.42862117,0.3505094,0.36649022,1.7601798,56.464508,9.9264555,8.625888,742.5661
2011.6183,0.8735288,-0.45454788,0.3505018,0.36663902,0.8801678,56.494377,10.062362,8.6241865,742.9299
2011.6046,-0.035681657,-0.43581372,0.35029146,0.36625484,1.445065,56.4647,9.965678,8.612779,740.0852
2011.6069,0.7902633,-0.43012065,0.35016665,0.36576384,1.3585206,56.567745,11.704247,8.599469,736.5239
2011.4814,0.2780956,-0.22560476,0.33991417,0.34331053,1.1455263,56.77499,11.402221,8.584954,706.6613
2011.572,0.1496027,-0.43985546,0.3500319,0.36368373,1.5954616,56.469414,11.156779,8.621192,734.6369
2011.5168,0.008348115,-0.4456932,0.35032153,0.362153,1.8678317,56.509007,10.635171,8.611249,738.28864
2011.6167,-0.055809192,-0.4236316,0.35045153,0.36667106,1.193419,56.459152,9.829862,8.626862,742.2028
2011.5984,0.33876532,-0.44674027,0.35008833,0.36537215,0.50077224,56.4794,10.515794,8.614714,736.68976
2011.6174,0.10687701,-0.445454,0.3503944,0.36660582,0.9230999,56.459248,9.9882555,8.627432,739.25464
2011.6056,0.9606992,-0.43111533,0.3496737,0.36619192,1.7935616,56.49944,10.024337,8.625983,738.0978
2011.5972,0.36314657,-0.43079942,0.35007864,0.3662422,1.1202819,56.66383,10.246963,8.616039,729.85425
2011.6129,-0.4583492,-0.43323815,0.35021868,0.36634204,1.846356,56.462944,9.851102,8.624554,737.96387
2011.616,0.29035094,-0.44561356,0.3501667,0.36639714,0.851118,56.47261,10.268531,8.626636,738.1828
2011.5742,0.14272751,-0.44804,0.34985384,0.36650118,2.028071,56.474712,10.098611,8.6271105,739.19025
2011.6066,0.47924712,-0.45001572,0.35008883,0.3631798,2.3959053,56.481403,10.367478,8.6218195,720.3616
2011.5674,0.274119,-0.42523885,0.34946796,0.35722488,1.9607776,56.617844,10.350968,8.6120405,659.18054
2011.6119,0.030481197,-0.444125,0.34951308,0.34927374,1.7189386,56.50705,9.859376,8.617679,728.79065
2011.617,-0.43540773,-0.4529187,0.35048664,0.36654398,1.8253878,56.47251,9.865869,8.620773,738.3643
2011.5988,0.24291678,-0.40751922,0.348684,0.35823885,1.685545,56.547523,10.732348,8.538007,734.5925
2011.4888,0.4360424,-0.4197032,0.34886307,0.36445248,2.133753,56.486202,10.387599,8.62283,712.15656
2011.609,-0.35645273,-0.43392545,0.34987155,0.36328158,2.349169,56.513245,10.070621,8.5852375,731.66644
2011.6165,0.73311144,-0.4507789,0.35042325,0.36655435,0.6375392,56.48199,10.402579,8.627387,741.7784
2011.6185,-0.15539594,-0.45016104,0.3505138,0.36675623,0.6450495,56.457302,9.789935,8.626455,742.7598
2011.572,0.16490105,-0.42939597,0.349485,0.36259085,1.4911662,56.51233,12.528037,8.616719,738.14453
2011.6022,0.575627,-0.4312666,0.34926885,0.36626056,1.3078513,56.5329,10.086741,8.626399,739.47565
2011.5845,-0.1602862,-0.41512048,0.34900782,0.36598992,1.6196231,56.587368,11.1706915,8.619358,735.32794
2011.613,-0.06921338,-0.44940448,0.3503806,0.3617266,1.7014904,56.526333,9.973319,8.623999,694.1357
2011.538,0.20226222,-0.3752445,0.3487756,0.364211,1.3382736,56.544086,11.305802,8.606943,726.09644
2011.6177,0.56603396,-0.44583791,0.3503783,0.366803,0.8604933,56.471325,9.966506,8.626393,742.5353
2011.6141,0.6179867,-0.4514501,0.3504155,0.36571732,1.0607612,56.47543,10.687156,8.621655,739.98083
2011.6041,-0.24865754,-0.4503311,0.35022536,0.36470005,1.783776,56.45977,10.096385,8.622823,716.7076
2011.604,0.20463519,-0.42357683,0.34992746,0.3645987,1.0612946,56.54223,10.864785,8.621827,741.9616
2011.6167,0.7994391,-0.4530908,0.35046017,0.3668055,-0.018421687,56.458656,10.120124,8.626078,742.8995
2011.6091,0.6164189,-0.39598852,0.35026443,0.36022317,0.5152014,56.479218,9.889344,8.625549,737.8981
2011.6179,0.057461776,-0.4589947,0.35050562,0.36637652,1.8851153,56.45794,9.812114,8.627283,743.11273
2011.618,0.044247158,-0.45207202,0.3504736,0.36595562,1.5717101,56.461613,9.780402,8.627395,740.4871
2011.1027,-0.08182325,-0.40133953,0.33150473,0.35995805,2.1156712,57.11347,11.253699,8.584502,656.6627
2011.6149,-0.07023256,-0.44871795,0.35044512,0.36614582,1.4590762,56.485188,10.03766,8.627014,738.4032
2011.6117,-0.24995048,-0.45644432,0.35035783,0.36624905,1.9417813,56.465294,9.793508,8.62764,733.6158
2011.5924,-0.38922712,-0.28213525,0.35016626,0.350958,1.5599997,56.62761,10.621064,8.607845,638.00073
2011.5281,-0.04416301,-0.3862816,0.349446,0.36603546,0.66842884,56.46745,10.084691,8.574118,740.35547
2011.5845,0.46991587,-0.40612584,0.34901333,0.3645004,0.14885046,56.616955,10.155421,8.625819,726.0379
2011.5916,-0.18363775,-0.4457379,0.35014588,0.36658067,1.406832,56.46286,10.28806,8.624087,735.4798
2011.5725,-0.18446602,-0.33552337,0.34929597,0.3642802,0.14334454,56.480446,11.013827,8.5888815,724.2078
2011.4838,0.34103525,-0.35943407,0.3306421,0.3571997,0.71962047,57.06741,20.67769,8.615227,706.1468
2011.5653,-0.2943984,-0.43481004,0.35045215,0.36558124,2.082576,56.476234,10.45066,8.622658,724.4345
2011.6154,-0.0357384,-0.45563877,0.35038188,0.36615953,2.1971183,56.46042,9.9069395,8.626364,741.665
2011.4819,0.23192053,-0.41479707,0.3481663,0.35936898,1.2354996,56.88155,10.647092,8.608417,719.68585
2011.6184,0.7628584,-0.45989323,0.35052043,0.36681145,1.2195154,56.459885,10.107512,8.627145,743.1871
2011.6088,0.37896857,-0.44581884,0.3501828,0.36539915,0.5341184,56.536514,9.890637,8.627166,741.2457
2011.5732,0.46949488,-0.41671276,0.34802684,0.3623229,0.9804864,56.48776,10.372975,8.619829,712.436
2011.6068,-0.11416414,-0.40915966,0.34973922,0.36627686,1.9902347,56.467228,11.594562,8.626555,739.6182
2011.5967,0.53057337,-0.443021,0.3493978,0.36616564,1.1966227,56.486427,10.771291,8.623712,735.17114
2011.5886,0.048080422,-0.4541781,0.3503077,0.36014506,1.3153129,56.477425,10.214129,8.613447,706.2704
2011.5745,0.110442854,-0.39579505,0.35007268,0.36621547,0.74262667,56.558853,12.210124,8.617204,729.5348
2011.49,0.42351854,-0.31834108,0.3372992,0.345732,0.70072764,56.95075,13.081482,8.610152,696.7354
2011.588,-0.0985985,-0.45505,0.35027856,0.36472943,1.2611337,56.474545,10.284432,8.612512,735.63586
2011.6007,0.043718763,-0.4546759,0.35031044,0.3661462,1.2322448,56.496506,10.164897,8.620093,740.5437
2011.6113,0.59236306,-0.33468103,0.34901223,0.36434457,1.1823527,56.667793,10.142436,8.618295,721.1499
2011.6064,0.78872126,-0.4528321,0.35031357,0.36653298,1.0991536,56.459667,10.254357,8.6242075,741.43976
2011.6168,-0.15220715,-0.3867635,0.349907,0.36512306,1.1398706,56.472904,10.142592,8.627261,732.26373
2011.5725,-0.3184208,-0.41735566,0.35003915,0.36009446,1.99603,56.558117,10.523309,8.5953,690.0661
2011.5856,0.04833109,-0.42654878,0.34858653,0.36185429,1.4551797,56.707657,10.263108,8.623921,696.17883
2011.6084,0.22242525,-0.42243046,0.35013163,0.3650099,1.5049677,56.462925,9.997941,8.625705,733.8526
2011.5719,0.4885524,-0.41036522,0.35011953,0.36660713,0.7289749,56.7383,12.164086,8.623546,729.1931
2011.5192,0.7335497,-0.40932864,0.3467123,0.34712565,0.7734093,56.701275,11.350711,8.610879,726.7093
2011.6149,0.58247703,-0.45673513,0.35049516,0.36598092,1.031796,56.458595,9.880824,8.627032,742.74725
2011.6055,-0.22554787,-0.42698568,0.34993222,0.35886833,1.4370958,56.499893,10.31198,8.605989,709.61176
2011.5903,-0.10990115,-0.45321423,0.35031825,0.3666484,0.6460038,56.49199,10.779658,8.626738,740.5785
2011.6179,0.5643463,-0.45166302,0.35044408,0.36673352,1.4675666,56.48893,9.877374,8.626423,740.23157
2011.6157,0.9452782,-0.44772744,0.35022777,0.3513095,0.31911194,56.4814,9.775306,8.612731,740.2304
2011.6082,-0.20218422,-0.45377737,0.35048038,0.36387366,1.6798999,56.462555,9.934592,8.626328,741.03613
2011.5829,0.77810013,-0.43702614,0.3480943,0.36341012,0.6462997,56.61224,10.5494375,8.619648,740.3743
2011.6157,0.10131154,-0.41321105,0.35022217,0.36642468,0.99300206,56.505665,11.425437,8.62355,739.6847
2011.6167,0.541264,-0.4597432,0.35043773,0.36665964,1.9056433,56.458923,9.905084,8.62746,739.6033
2011.6049,0.43621877,-0.42081314,0.34830007,0.3661901,1.2591243,56.470394,9.843701,8.621906,732.55884
2011.5964,0.3226472,-0.43334693,0.35022855,0.36424416,1.0434741,56.506317,10.504075,8.619748,729.1325
2011.5518,0.4386483,-0.39164835,0.34904203,0.36490196,0.9118911,56.52915,10.140485,8.620823,700.9987
2011.5792,-0.26378265,-0.4529053,0.35028696,0.33667204,2.398009,56.479065,10.190047,8.6171255,740.6752
2011.5856,-0.07227846,-0.32113194,0.34911704,0.3653978,1.2444419,56.468327,10.0930395,8.6066,736.941
2011.5496,0.20417465,-0.31217796,0.3425223,0.32882392,1.1862226,56.636158,11.108106,8.585149,631.7266
2011.5709,0.23481745,-0.37319678,0.350047,0.35646838,0.6635044,56.493782,9.975963,8.610024,734.1371
2011.4955,0.51316655,-0.38619065,0.34958363,0.33817524,0.6768606,56.569893,10.292218,8.600323,725.06476
2011.6044,0.30909297,-0.43575585,0.3500419,0.36624587,1.8985567,56.4819,10.232181,8.615187,719.29297
2011.6176,-0.30675963,-0.40809357,0.35044417,0.3665627,1.0995624,56.467197,9.810369,8.627463,738.54144
2011.6138,0.57246006,-0.44744116,0.35004035,0.36672142,1.3496121,56.49334,10.120564,8.594844,741.0309
2011.6129,0.7961519,-0.44913977,0.35004565,0.36625898,1.8877872,56.47621,10.051621,8.620429,737.4664
2011.6113,0.13078432,-0.4466012,0.3503256,0.3644665,1.5519196,56.548885,10.103551,8.615133,734.09515
2011.6144,-0.010882817,-0.44453305,0.3498236,0.36416283,1.2996886,56.541763,10.024581,8.621087,735.22876
2011.6062,0.25975904,-0.4322235,0.35008076,0.36641005,1.4786208,56.513588,9.966746,8.610517,721.46704
2011.6066,0.04963947,-0.4068107,0.35023567,0.365129,-0.28109637,56.49957,11.027577,8.626404,735.9465
2011.6061,-0.2989947,-0.42959154,0.34934726,0.36490935,0.9850068,56.477467,10.312249,8.597002,731.9511
2011.596,0.1865167,-0.40728903,0.34947285,0.36624372,1.2009041,56.464417,10.351069,8.617902,737.1186
2011.5659,-0.13343246,-0.38083756,0.3462726,0.36624175,0.6434331,56.505035,10.588769,8.618985,739.7263
2011.6113,-0.2830473,-0.4528432,0.35008594,0.36680394,2.1971817,56.491135,10.294217,8.626985,735.19385
2011.6165,-0.0566672,-0.4530697,0.3503802,0.36632964,0.5082305,56.480774,10.197761,8.627201,740.6788
2011.6147,-0.28862557,-0.44597805,0.3504135,0.36643854,1.7869302,56.468807,9.828107,8.625887,727.44336
2011.6143,0.44054118,-0.43694812,0.35028923,0.36483058,1.9792631,56.48524,10.1447935,8.627248,740.58374
2011.6113,0.043618448,-0.44485724,0.35031658,0.36672428,0.67347986,56.483067,10.314282,8.626106,741.7278
2011.6138,0.31086928,-0.45840377,0.35041207,0.36669657,1.8666741,56.47541,10.074132,8.627085,738.09314
2011.6178,0.36376432,-0.45525277,0.3505112,0.36676246,0.70571095,56.459217,9.923451,8.626922,742.9116
2011.6162,0.6304032,-0.44807583,0.3504824,0.36596364,1.6825387,56.459576,9.774055,8.62623,742.8115
2011.5938,0.015551336,-0.4012851,0.3492658,0.36626637,1.8005801,56.509148,10.901362,8.62186,739.482
2011.6091,0.25311866,-0.43344557,0.35035518,0.36444393,0.75346655,56.474068,9.905564,8.626916,739.8312
2011.5763,0.48676434,-0.43721223,0.35025424,0.362727,1.450836,56.480064,10.226068,8.619513,738.68555
2011.553,-0.2877443,-0.40511298,0.3472685,0.36139008,1.1763158,56.482273,10.752156,8.573248,732.8725
2011.6147,-0.08014988,-0.45421678,0.3503701,0.36680552,2.2668748,56.464935,9.813012,8.626099,740.5188
2011.5739,-0.022646777,-0.3788116,0.34553066,0.3625106,1.5504171,56.79106,11.789924,8.593003,728.0909
2011.6025,0.42319006,-0.44536167,0.3503339,0.3656228,1.2773489,56.4695,9.984139,8.621443,742.0664
2011.6157,0.29328668,-0.44401926,0.34989315,0.36660838,0.6768876,56.491634,9.843726,8.624879,738.1049
2011.5758,0.23916568,-0.41786355,0.35003266,0.36513323,0.6324217,56.494133,11.350238,8.625797,741.33276
2011.6172,-0.12718107,-0.45950842,0.3505202,0.36661533,1.2892424,56.45828,9.904956,8.627255,742.13086
2011.5426,-0.013515733,-0.37626803,0.3489367,0.35849783,1.2575856,56.55594,10.833432,8.615992,725.05316
2011.6145,0.13525863,-0.44621003,0.35049903,0.36617798,2.2340972,56.46242,9.867492,8.624036,742.54224
2011.6158,0.09130917,-0.44781703,0.35044926,0.36640486,1.6095659,56.4701,9.921079,8.613603,687.0145
2011.6189,-0.32802954,-0.44869655,0.35048318,0.36678642,0.8119344,56.457848,9.817735,8.627803,741.94495
2011.6115,0.31621167,-0.45079178,0.3502888,0.36628494,0.6635869,56.47125,9.910481,8.613834,729.84985
2011.5583,-0.074494384,-0.25819388,0.3491184,0.33783627,1.7273996,56.649704,10.844975,8.59855,673.7251
2011.5588,0.47175005,-0.41772407,0.3458289,0.36283848,0.87677854,56.68368,17.714863,8.584195,726.9467
2011.6174,-0.33364716,-0.45135945,0.35050574,0.36681265,1.5310626,56.45775,9.833602,8.627665,733.35034
2011.584,-0.33717117,-0.4200052,0.3502199,0.36510918,1.9446099,56.47688,9.792373,8.626297,717.5655
2011.6115,0.6244255,-0.45715886,0.35045135,0.3666745,1.9807773,56.46519,10.003106,8.626265,742.5586
2011.6166,-0.13455369,-0.4422782,0.35033175,0.36676803,1.4839386,56.473053,10.637467,8.625172,742.5402
2011.6041,0.13018607,-0.44452423,0.35023865,0.36635512,1.3705201,56.474117,10.069165,8.623999,734.4739
2011.5531,0.44121113,-0.41850817,0.3487401,0.34944335,1.0450017,56.64459,11.088035,8.576343,666.6239
2011.5778,0.6515309,-0.40755457,0.3477133,0.361051,1.9916414,56.54252,10.623864,8.624163,716.1747
2011.6107,-0.016198419,-0.45432204,0.35041752,0.3655962,1.3495916,56.463882,9.998021,8.626622,740.443
2011.6173,0.06869192,-0.44434643,0.35050836,0.36680853,1.4788169,56.45827,9.810451,8.6269245,741.2643
2011.6144,0.5179976,-0.4470731,0.35035935,0.36139274,1.3043511,56.516388,10.567222,8.622791,740.99866
2011.4827,-0.40053007,-0.30638474,0.3455609,0.35689083,0.810493,56.48182,10.50719,8.584271,726.2785
2011.6156,-0.19520546,-0.44705325,0.35032287,0.36554918,0.28741542,56.464214,9.905208,8.627021,736.7748
2011.4591,0.067501195,-0.37419325,0.3474877,0.34726617,1.7407978,56.69669,10.982169,8.617084,729.8818
2011.6163,-0.28173843,-0.4172178,0.35021544,0.36552852,0.554143,56.459164,11.090013,8.621718,741.91797
2011.6085,0.03689895,-0.42600393,0.3501946,0.36434987,1.3295226,56.475758,10.307059,8.625933,740.1614
2011.6008,0.42039266,-0.4357896,0.34970212,0.36530772,1.4076298,56.47795,10.129863,8.626171,718.0933
2011.6151,0.7050193,-0.45033103,0.35035196,0.36445302,1.4063058,56.461887,9.824555,8.626173,740.9977
2011.6112,0.15974042,-0.40155166,0.3493013,0.36544383,1.775455,56.485523,9.871837,8.624931,734.8079
2011.5688,0.29233167,-0.4238941,0.3454937,0.36425707,1.6341813,56.57648,10.059464,8.62225,725.5463
2011.4827,0.25935206,-0.291398,0.3318746,0.35565186,1.047836,57.473553,13.812707,8.569075,701.8902
2011.5736,0.9353796,-0.43365955,0.34998748,0.36429676,0.9682261,56.477627,10.100972,8.619767,738.34814
2011.6111,0.3642036,-0.45764786,0.35050166,0.36676517,1.9756333,56.45777,9.884852,8.626993,742.67017
2011.6012,-0.25177923,-0.4411134,0.35051408,0.36562863,1.768897,56.461857,9.80997,8.625161,740.1296
2011.6051,-0.05381038,-0.44533384,0.3504282,0.36636466,1.5097791,56.62718,11.317494,8.624016,732.87537
2011.6011,-0.046119712,-0.44543147,0.3504088,0.36599922,1.9213383,56.498524,11.125546,8.625805,737.2453
2011.6168,0.18317752,-0.4590661,0.35051298,0.36600828,2.1298816,56.458168,10.017627,8.626711,741.965
2011.614,-0.14596064,-0.4383111,0.3490326,0.35995233,1.3598174,56.468822,10.917363,8.62516,703.6346
2011.6172,0.35341585,-0.45399636,0.35046184,0.36579782,0.79046714,56.47287,10.324813,8.626537,722.9159
2011.6135,-0.18191363,-0.40190387,0.350028,0.3663449,1.9469416,56.524956,9.920053,8.626686,731.13635
2011.6155,0.9885902,-0.45621282,0.35045794,0.36678562,0.7781844,56.46085,9.9173,8.627636,742.95386
2011.6166,-0.03888374,-0.44887662,0.35043377,0.3662258,1.7412384,56.45899,9.777249,8.626079,740.4144
2011.6017,0.45301464,-0.44316262,0.35013735,0.35730156,1.0333469,56.6298,10.831912,8.625348,738.0734
2011.6163,-0.32105532,-0.44911873,0.3504651,0.3665783,1.6029795,56.458218,9.85777,8.535963,741.2697
2011.6165,-0.32014325,-0.45501018,0.35030535,0.36658397,1.9232657,56.46786,10.115781,8.598101,741.6201
2011.6089,0.25749332,-0.4048252,0.34991774,0.3630619,0.0591959,56.493385,10.5466795,8.624237,734.7613
2011.6091,-0.50705403,-0.3645938,0.34966287,0.36170086,2.0302427,56.525703,10.578992,8.590448,728.2787
2011.613,-0.02830591,-0.44432312,0.3502379,0.36569044,1.920338,56.47049,9.914491,8.618707,733.4626
2011.6041,-0.14645256,-0.44255626,0.3497583,0.36630026,1.295014,56.46305,10.224935,8.627261,730.2291
2011.6072,0.7034072,-0.44370508,0.35013363,0.36589277,1.0250835,56.45939,10.212272,8.623414,741.7625
2011.5715,-0.12506647,-0.4537205,0.35031337,0.3666405,1.4721042,56.46297,10.129186,8.624104,740.2204
2011.4795,-0.2585123,-0.42208308,0.34926948,0.3641439,1.8664926,56.47953,10.491096,8.556483,714.7395
2011.6056,-0.40425816,-0.43720186,0.34957436,0.3647874,2.2866547,56.47328,9.867238,8.624212,722.6671
2011.5596,0.40010524,-0.42256767,0.34499732,0.36599052,1.7491595,56.944687,13.861153,8.622765,738.2858
2011.567,-0.14755346,-0.2944252,0.348197,0.36557692,1.7424686,56.50704,10.038281,8.624035,714.136
2011.6143,0.67219466,-0.45421243,0.35040012,0.36426646,-0.4133108,56.4589,9.8611555,8.627128,740.6731
2011.5907,0.0064252396,-0.43931073,0.35030296,0.3642957,1.3523656,56.461956,9.790826,8.626186,735.0511
2011.6125,0.17784339,-0.45657372,0.35047388,0.3661835,1.0201329,56.467422,10.023898,8.62004,739.451
2011.6108,0.6589262,-0.4556828,0.35032308,0.3662788,1.096886,56.468098,10.168614,8.627355,741.4169
2011.5878,-0.11516436,-0.38120705,0.3491771,0.36398524,1.3962724,56.506264,10.021552,8.454033,726.2063
2011.6053,0.5217336,-0.45385474,0.3502034,0.36646083,1.5263168,56.53656,10.367021,8.626848,742.39215
2011.5353,0.55230314,-0.4194349,0.34533888,0.3646962,1.2739382,58.10036,10.322265,8.626742,737.4118
2011.6146,-0.22465928,-0.42210603,0.35037476,0.36654335,1.5158488,56.46401,10.020658,8.624096,740.61945
2011.5979,-0.24543048,-0.42108983,0.3495074,0.36558363,1.1475506,56.811554,11.241807,8.62423,717.0668
2011.6118,-0.3462437,-0.38327128,0.3500964,0.36677292,0.843109,56.483765,10.16537,8.625422,740.78827
2011.5371,0.09049288,-0.45334607,0.35044038,0.36609426,1.6498095,56.472424,10.153804,8.622847,728.09784
2011.616,-0.25528243,-0.45038348,0.35051265,0.3659168,1.6215867,56.459026,9.896827,8.625226,742.5748
2011.5713,0.62632936,-0.42136353,0.34999052,0.36590505,0.96535593,56.48121,10.150691,8.595657,739.9257
2011.6082,-0.16724558,-0.45375752,0.35043982,0.366481,1.1799525,56.463024,9.82393,8.627,729.04376
2011.5964,-0.16663678,-0.3979568,0.34852523,0.3640575,1.0775824,56.49672,9.872895,8.624702,711.3872
2011.538,0.26965106,-0.4177997,0.34950706,0.35947844,0.5564682,56.54768,11.064862,8.603259,715.47797
2011.5995,-0.07649814,-0.45329785,0.3501696,0.36644083,0.89037526,56.463314,10.790385,8.626434,738.3243
2011.6189,-0.34916887,-0.4530006,0.3505229,0.36651313,1.850071,56.46019,9.7860365,8.627703,743.1228
2011.5923,0.30710474,-0.44248116,0.35047796,0.36591104,1.2800252,56.465122,9.838405,8.620724,725.50745
2011.6127,0.009053297,-0.4180823,0.34861436,0.36649194,2.0294898,56.52084,10.149095,8.625136,729.5513
2011.6152,0.66495645,-0.44032204,0.3499924,0.36624584,1.3563384,56.479965,9.815415,8.624977,735.75555
2011.6029,0.31828946,-0.44471598,0.3501918,0.36406413,1.0008644,56.529408,10.860078,8.625494,734.6306
2011.6188,-0.47249666,-0.44772965,0.350003,0.3639896,1.5833006,56.468826,9.846946,8.6258335,730.9223
2011.608,0.85508895,-0.42729038,0.35002002,0.3648564,1.5035325,56.461388,9.971482,8.62351,739.90125
2011.6183,0.36302814,-0.45437163,0.35046497,0.36673725,0.8010871,56.49546,9.906224,8.627002,742.7297
2011.5936,0.690671,-0.44922006,0.35002628,0.36657935,1.0416843,56.485775,10.438066,8.61633,732.2374
2011.6135,0.6007774,-0.44973546,0.35038424,0.3654384,1.2305305,56.479263,11.060889,8.620021,742.04675
2011.5856,0.62250847,-0.45298988,0.34956595,0.36631754,1.1590499,56.505318,11.432204,8.623726,733.14185
2011.613,0.56877786,-0.43229866,0.34990084,0.36520514,0.26836553,56.461723,10.002664,8.6256485,739.8711
2011.4249,0.30611938,-0.29058838,0.33898237,0.3638225,0.84970313,57.086582,16.787022,8.526046,725.9595
2011.6165,-0.07586812,-0.45572466,0.3504365,0.36673242,0.41447896,56.45874,10.3217745,8.627499,742.6415
2011.5754,0.31656244,-0.42600256,0.34964737,0.36492163,1.3191488,56.49612,10.052733,8.608744,720.58136
2011.61,0.24033299,-0.44390315,0.3504885,0.36644676,1.2613724,56.464478,10.801032,8.627422,742.51355
2011.6067,-0.30274257,-0.21592338,0.3497117,0.36553958,0.8549818,56.593853,9.876878,8.611425,723.3604
2011.6094,0.35104233,-0.44655645,0.35043162,0.36636853,2.2245204,56.461987,10.167129,8.627088,732.1405
2011.6133,0.4011548,-0.38931626,0.35037175,0.36455357,0.21013321,56.473305,10.629125,8.624301,741.97504
2011.5391,0.05415515,-0.36728787,0.344351,0.33968577,0.9989368,56.729874,13.182927,8.583104,702.6844
2011.5159,0.41621873,-0.3368072,0.3455208,0.36007205,1.7491351,56.57414,13.247094,8.591934,726.13617
2011.6156,-0.30844602,-0.4471128,0.35035172,0.36518815,0.8271852,56.46105,9.939706,8.626902,739.4983
2011.5085,0.7891148,-0.24250369,0.343154,0.3609326,0.8474562,56.656548,10.888709,8.602817,712.51666
2011.6156,-0.27276513,-0.41643995,0.3504674,0.3667341,1.4812056,56.45828,9.825866,8.625713,741.30255
2011.5664,0.70570624,-0.42824435,0.34874824,0.35250995,1.1381841,56.545498,10.477946,8.620133,732.29517
2011.6152,0.18105265,-0.40234488,0.34967905,0.36314872,1.1371865,56.501217,10.008275,8.624743,737.601
2011.6173,0.21046926,-0.4409516,0.35051495,0.36677817,1.8922323,56.458958,9.927642,8.627335,742.6216
2011.6038,0.03402511,-0.40985215,0.34951743,0.36432594,1.2662381,56.521767,10.655438,8.619599,737.0529
2011.596,0.34730408,-0.39005828,0.34985575,0.3642875,0.45351428,56.62236,10.678067,8.616276,736.52875
2011.617,-0.33867982,-0.43765634,0.35049903,0.36656237,1.006399,56.457527,9.81367,8.627808,740.98285
2011.6064,0.65734947,-0.42722845,0.3497756,0.36586955,0.9355229,56.499165,10.176227,8.626478,739.98157
2011.5934,0.061611064,-0.44628245,0.35023022,0.3658959,1.0438938,56.46651,10.500344,8.6180315,730.26373
2011.4512,0.52161133,-0.37776846,0.34200943,0.3636601,0.2338577,56.73367,11.327769,8.601276,738.7723
2011.5999,0.28115645,-0.39635837,0.34838116,0.36402798,1.6493835,56.627712,9.982276,8.61348,741.0521
2011.5559,-0.06834867,-0.4273361,0.34957796,0.36667335,0.6868532,56.493767,11.660819,8.623111,740.7971
2011.5981,0.16733539,-0.43266094,0.3486507,0.3639067,1.7073419,56.479404,10.458459,8.574454,741.17633
2011.605,0.34148356,-0.45469433,0.35011467,0.3662342,2.1401558,56.518196,10.113021,8.627226,738.727
2011.4891,0.19091193,-0.3175767,0.34786943,0.36424232,1.5652506,56.542076,13.860075,8.62257,735.46
2011.5995,0.25143564,-0.40677035,0.35006264,0.36628062,1.6822121,56.4928,9.820699,8.613247,738.36487
2011.6151,0.15756035,-0.42769814,0.35045668,0.36625826,1.5574303,56.462166,9.812123,8.625806,741.02246
2011.6165,0.63002276,-0.4592831,0.3505123,0.366786,1.5566654,56.458996,9.796241,8.627357,738.31226
2011.5992,0.3222703,-0.4202056,0.34979445,0.36570677,1.8362504,56.46841,10.750272,8.617634,735.2917
2011.6176,0.72886187,-0.4521081,0.35051966,0.36675492,1.1883103,56.470463,9.861882,8.626939,743.28467
2011.6174,0.25892058,-0.4490416,0.350454,0.36666834,0.67250514,56.45828,10.241038,8.62725,740.8972
2011.5979,-0.3790638,-0.44593018,0.35002428,0.36673874,1.3524383,56.51299,10.0059595,8.61694,738.16724
2011.5945,0.16629076,-0.41668266,0.34971523,0.35262352,0.753635,56.47774,10.344899,8.621813,739.21295
2011.6156,0.15053849,-0.4294811,0.35037953,0.366782,1.6134292,56.470604,9.891145,8.6275,742.8671
2011.6173,-0.03304171,-0.4156469,0.35042349,0.3666124,1.0713861,56.463688,9.82363,8.626812,742.4265
2011.5967,0.5384331,-0.43312246,0.3497967,0.36523739,1.4181612,56.470516,9.930543,8.624522,730.39795
2011.5784,0.12852462,-0.44574988,0.35037208,0.36588272,1.6954136,56.462013,9.942931,8.626422,741.84247
2011.5984,-0.33290222,-0.4490838,0.34951484,0.36664036,1.0115384,56.529755,11.139731,8.626389,731.15875
2011.567,0.67586505,-0.4294439,0.34784836,0.36455476,0.7209651,56.505512,10.132062,8.608113,732.7132
2011.4498,0.64045763,-0.41965324,0.3467402,0.355575,0.76416737,56.81787,10.554679,8.599513,724.10364
2011.5979,-0.043152295,-0.4016595,0.34900993,0.35935253,1.5133917,56.517647,10.428262,8.619596,687.43274
2011.612,-0.2220455,-0.44164228,0.35028404,0.3659781,1.5880097,56.527023,10.938125,8.626098,736.9228
2011.566,0.07475565,-0.3960181,0.3500978,0.36602437,0.9546342,56.480618,10.462422,8.626152,740.02405
2011.4989,0.531255,-0.33551532,0.34685338,0.36188895,1.5583129,56.528297,10.448329,8.621194,718.52045
2011.6057,0.793304,-0.44443017,0.35041,0.36642483,1.8246782,56.477448,10.368171,8.6257305,742.12396
2011.6067,0.16033407,-0.41590416,0.3503518,0.3647528,0.05980017,56.461006,10.350034,8.623623,737.90216
2011.6061,0.15608166,-0.4363746,0.35018572,0.3660577,0.6925151,56.497444,9.798921,8.625757,737.1004
2011.1255,1.0803436,-0.40725994,0.34585828,0.3574513,1.0943449,56.859146,13.808863,8.61253,731.5724
2011.6083,0.99509966,-0.45242077,0.34933704,0.36632878,1.6372168,56.471294,10.22029,8.626932,742.5707
2011.6044,0.07340113,-0.41172332,0.349632,0.36297998,1.68395,56.64065,10.012698,8.62424,727.83563
2011.4951,0.52111804,-0.37193704,0.34429052,0.35978585,1.6147859,57.323563,10.880946,8.613481,657.24756
2011.6107,0.53089875,-0.45057786,0.3503314,0.36419237,1.7165221,56.465187,9.886352,8.621736,740.19165
2011.531,1.2102443,-0.42417836,0.34905642,0.3623198,0.407875,56.53503,10.649512,8.608549,741.81067
2011.6161,-0.32290742,-0.42435652,0.34919643,0.36651096,1.8967949,56.464455,9.956399,8.627124,727.8126
2011.6011,0.40702543,-0.44789213,0.3504648,0.36677212,1.7945135,56.496967,10.364795,8.6254015,742.0711
2011.6174,0.30218127,-0.45701045,0.3504777,0.36680034,2.0305865,56.457306,9.852216,8.627212,741.65686
2011.6097,0.11364428,-0.4405284,0.35032785,0.36640432,1.429574,56.48766,10.781817,8.620582,733.9401
2011.6099,0.41951543,-0.4140938,0.34913686,0.35931233,0.5835974,56.49088,10.295415,8.627071,734.9263
2011.6185,-0.20242555,-0.45148546,0.35030034,0.36679217,1.5561602,56.458748,10.071834,8.626261,742.80035
2011.6189,-0.25289175,-0.45469016,0.35051164,0.36675277,0.6931768,56.46593,9.901776,8.626705,742.66895
2011.616,0.7824944,-0.45865947,0.3501498,0.3667283,-0.1637486,56.45797,10.094737,8.627029,743.1039
2011.5488,0.9702568,-0.4210255,0.34709555,0.36295208,0.45105922,56.76075,10.620851,8.621214,735.4932
2011.617,-0.19982947,-0.45569384,0.35038266,0.36670607,1.6823145,56.460068,9.904517,8.627684,741.043
2011.5165,0.7168791,-0.42813915,0.34335813,0.36268,1.6126318,56.831993,10.999587,8.594,721.8111
2011.5695,0.35543454,-0.45053858,0.35030308,0.365266,1.2217401,56.475746,10.877841,8.621847,737.10425
2011.5972,-0.47230402,-0.4318527,0.35028234,0.36655125,1.4656336,56.47248,10.114398,8.621611,739.6296
2011.4504,0.8123898,-0.42256236,0.34682047,0.3639979,0.06254508,56.632782,13.020092,8.604688,694.66187
2011.5393,0.14478834,-0.39146674,0.34928414,0.3622879,0.6137993,56.7005,11.130998,8.610961,728.7435
2011.5415,0.3231042,-0.3923784,0.3475282,0.35753763,1.0731542,56.563545,10.660161,8.5742855,653.2101
2011.4613,0.3769725,-0.34015036,0.34387448,0.31904337,1.0680226,56.96551,12.316058,8.584056,690.999
2011.6049,0.43022358,-0.40909833,0.34850192,0.3665038,1.2439351,56.49407,9.846868,8.627267,737.2474
2011.5953,0.11850039,-0.4183755,0.34949434,0.3552982,-0.17593162,56.696033,10.261792,8.51003,730.50024
2011.6039,0.23582514,-0.44187748,0.3503483,0.3630261,1.0079198,56.501503,9.877915,8.623871,735.0285
2011.6139,-0.44012865,-0.42775398,0.35006037,0.3637914,1.3722755,56.47279,10.809651,8.626262,736.3319
2011.6191,0.28194726,-0.45915395,0.35052714,0.36682796,1.8117381,56.45721,9.770146,8.627779,743.4147
2011.6185,0.38821003,-0.45754516,0.35051563,0.3667888,0.5650491,56.46518,10.094506,8.626899,742.1389
2011.603,0.3075953,-0.4306925,0.35045743,0.36355412,0.92383385,56.465706,9.869206,8.624265,741.6206
2011.6101,-0.2273757,-0.42812824,0.35037568,0.36581093,1.3593925,56.461548,10.019277,8.626699,736.91205
2011.6011,-0.0639758,-0.44154453,0.34977016,0.36444718,1.1951758,56.51316,10.456098,8.626332,736.04626
2011.6176,0.041692592,-0.45593494,0.35049906,0.36680153,1.8555266,56.461582,9.917033,8.626736,742.00604
2011.607,0.19963351,-0.21770494,0.34883514,0.35710773,0.7716185,56.723442,12.23112,8.619123,736.03906
2011.6116,-0.17757942,-0.45204234,0.35046625,0.36644453,1.614318,56.45875,10.221053,8.621459,739.8434
2011.6188,-0.016147248,-0.4546494,0.35033908,0.36679316,2.2201333,56.45855,9.839097,8.627007,741.89923
2011.6053,0.28780523,-0.44197994,0.35020044,0.36634886,0.80855477,56.523678,10.655171,8.625583,732.894
2011.5444,-0.39251313,-0.35611475,0.34766164,0.36013705,1.469983,56.484924,10.637853,8.611349,718.99994
2011.5734,0.8093391,-0.44789076,0.34876552,0.36472985,1.3842667,56.54174,10.11592,8.60978,737.07367
2011.6093,-0.37293616,-0.41860884,0.35035184,0.36015567,1.9452399,56.464886,10.309556,8.626154,727.50885
2011.6007,0.22907975,-0.4033085,0.35022032,0.3659005,1.5840603,56.461933,9.82849,8.623105,741.9859
2011.6127,-0.05933868,-0.44270003,0.34992796,0.36530793,1.1652572,56.4632,10.001822,8.62641,741.1961
2011.6073,0.8045694,-0.44861704,0.3502447,0.36534947,0.2280192,56.469833,9.922086,8.627329,734.1408
2011.6143,0.12645172,-0.44387764,0.35043555,0.36486265,1.4704281,56.578293,9.925128,8.626192,693.2748
2011.5885,-0.05616238,-0.4120859,0.34973156,0.36584684,0.92233485,56.691772,11.623923,8.618844,731.532
2011.6174,0.18169779,-0.45881718,0.35052395,0.36678782,1.9770198,56.4577,9.838414,8.627298,742.9297
2011.6168,-0.4820895,-0.44938296,0.35044414,0.36636952,1.9295673,56.47474,10.148484,8.626843,738.3136
2011.6007,0.49153745,-0.44009346,0.34961414,0.3657137,1.8776922,56.779083,9.946504,8.621104,733.83405
2011.618,0.5758883,-0.45638537,0.35047305,0.3665885,1.6233569,56.469757,9.888852,8.627137,734.78876
2011.5839,-0.2270794,-0.34665984,0.3477971,0.36540627,1.1627847,56.64381,10.4798975,8.607123,694.43835
2011.618,0.5658246,-0.4570514,0.35045967,0.36680046,1.9125705,56.462055,9.811971,8.627634,739.40173
2011.472,0.26898015,-0.40604544,0.34844217,0.36028478,1.3403054,56.588566,11.487948,8.618447,721.9374
2011.6178,-0.39811996,-0.4244671,0.3504473,0.3666884,1.6954331,56.493225,9.860038,8.627554,741.6347
2011.6038,-0.068469815,-0.44139618,0.34995466,0.36555186,2.0961568,56.462048,9.912841,8.623102,732.3291
2011.497,0.1760189,-0.35267597,0.34652126,0.36111093,1.649706,56.56127,10.883933,8.609437,705.7852
2011.6146,-0.50637394,-0.40468585,0.35043332,0.36666763,1.800044,56.47072,10.0255,8.627136,735.06116
2011.5869,0.33933243,-0.35151613,0.34833565,0.36663473,1.8176415,56.61517,12.625104,8.626649,740.9112
2011.6134,0.58799183,-0.42611516,0.35033497,0.36592636,1.7386212,56.461018,10.274365,8.624702,739.916
2011.6163,0.35893402,-0.45522714,0.35042688,0.36612958,1.5665258,56.46638,9.877631,8.6215105,738.804
2011.5428,0.07676075,-0.41131747,0.34708145,0.3603292,1.740533,56.6002,10.456378,8.62212,733.4639
2011.5698,-0.055636786,-0.44416815,0.34952018,0.36062604,1.7807026,56.486042,10.716941,8.621263,729.3239
2011.5936,-0.19879718,-0.427499,0.3502975,0.36560068,0.60587853,56.502365,10.288728,8.62714,739.4276
2011.6128,0.25287417,-0.41484642,0.3498933,0.36559802,1.7916975,56.904255,10.871947,8.623075,728.634
2011.5894,0.33415344,-0.40840244,0.35043687,0.36553532,0.78180164,56.462982,11.786071,8.625743,741.94867
2011.4862,0.19472297,-0.42829287,0.3494464,0.3602,1.4990624,56.552288,11.060752,8.560646,722.6327
2011.5287,0.64006084,-0.4162209,0.34738058,0.3640913,0.72297674,56.50364,10.218722,8.610609,731.7177
2011.5922,-0.037539355,-0.42388344,0.35025516,0.36603957,1.9246306,56.489586,11.463754,8.620765,729.86383
2011.5747,-0.2806519,-0.42932975,0.34836993,0.36617708,1.3233356,56.507366,11.626588,8.624353,717.57806
2011.6151,0.53822696,-0.4575945,0.3503095,0.36636484,0.8422888,56.45899,9.858037,8.627413,738.0083
2011.5968,-0.27645424,-0.39725864,0.3489877,0.3594531,0.94448215,56.54252,10.432008,8.611161,702.86865
2011.4885,0.2599129,-0.39905274,0.34567183,0.3635099,1.4200009,56.771732,11.055457,8.548338,726.5571
2011.5614,0.23568992,-0.3592645,0.3480485,0.36355016,1.3474933,56.954777,11.699552,8.615805,670.4582
2011.601,0.0019334037,-0.4052621,0.34803,0.36588255,1.2476286,56.48135,11.51834,8.546396,736.9903
2011.6154,-0.064661734,-0.3911023,0.3502162,0.35770497,1.6520567,56.692604,11.557614,8.626748,726.453
2011.618,-0.3421792,-0.4582863,0.3504869,0.36677712,1.6810724,56.46031,9.841907,8.627368,742.7229
2011.6084,-0.35867336,-0.41069126,0.35024133,0.3589245,1.6529335,56.47075,9.947202,8.623831,737.3368
2011.6111,0.23856577,-0.43411195,0.35025793,0.3645178,0.9073149,56.594967,10.944858,8.619266,738.8477
2011.612,0.22006357,-0.44678575,0.35004818,0.36476815,1.7231867,56.459778,10.191533,8.592068,735.0042
2011.6182,0.14171518,-0.44833356,0.35050255,0.36657274,0.46150753,56.45908,9.910293,8.627465,743.3027
2011.616,0.71845007,-0.44219607,0.35037765,0.36648235,1.304429,56.478485,9.906068,8.621742,739.20905
2011.5796,0.02280704,-0.38100612,0.3484961,0.36607927,1.2867498,56.491577,10.134448,8.614273,739.15405
2011.6073,-0.089181505,-0.4124471,0.3504106,0.3664689,1.3487959,56.52226,10.509242,8.624226,736.43646
2011.6187,0.8799792,-0.4572386,0.350501,0.36682314,1.2918351,56.45774,9.855235,8.627641,743.17725
2011.6095,0.7693434,-0.4155615,0.3482383,0.3660602,0.5533221,56.474987,9.9545355,8.626196,740.49634
2011.6067,0.42122602,-0.4545151,0.3499663,0.36648962,0.29925016,56.48797,10.020244,8.625662,742.3146
2011.5889,0.19375196,-0.42912453,0.3471219,0.3617613,1.7128109,56.528103,10.518821,8.626187,733.4133
2011.6068,0.23839481,-0.41330653,0.350091,0.36610723,0.5061634,56.50337,10.706338,8.604395,738.00385
2011.6068,0.6281915,-0.45595765,0.35039684,0.36680052,1.5084491,56.46883,10.63576,8.626489,742.0748
2011.6145,-0.22376277,-0.44900417,0.35042772,0.36627766,1.3432925,56.470448,10.071233,8.626765,740.96106
2011.5902,0.825823,-0.42025995,0.34953606,0.3618668,1.1076274,56.579025,10.370395,8.6060505,736.8494
2011.6166,-0.20085676,-0.44468254,0.35050502,0.3658105,0.7393953,56.458782,9.7827425,8.610358,742.1441
2011.5646,0.5785293,-0.38999683,0.34605783,0.3573074,0.78152984,56.54737,11.516564,8.415094,738.94116
2011.6177,0.064874984,-0.3929016,0.35025457,0.36530894,0.7590071,56.476734,9.790658,8.627665,722.9212
2011.619,-0.07371282,-0.45858347,0.35049066,0.36682284,1.2107086,56.483273,9.832934,8.627816,740.0215
2011.6179,0.00077638804,-0.45399916,0.3504766,0.36668566,1.3553786,56.46022,10.782367,8.626145,742.7108
2011.579,0.19824679,-0.41246128,0.34945115,0.3576284,2.1165378,56.53893,9.855248,8.625568,597.2003
2011.5878,0.071455516,-0.43660265,0.349585,0.3657961,0.7949736,56.498028,10.199269,8.5969515,739.41034
2011.5975,0.23520437,-0.40087134,0.34985855,0.36549217,0.98331827,56.464455,9.822827,8.621213,716.95166
2011.5923,0.59551775,-0.44551378,0.35026008,0.365176,1.1343424,56.52829,12.488219,8.620766,737.46625
2011.6084,0.052489884,-0.43733007,0.3502244,0.3659627,1.8444502,56.474564,10.14141,8.625832,734.7811
2011.6152,0.56652045,-0.44090736,0.35043424,0.36331347,0.8894441,56.489437,9.93558,8.625821,735.81366
2011.6176,0.119538255,-0.4571709,0.34997272,0.36644092,1.5245404,56.457577,9.777949,8.62687,742.6656
2011.597,0.23966904,-0.44482946,0.34959343,0.3659511,-0.5559347,56.473957,11.068854,8.626628,733.62067
2011.6173,-0.14364262,-0.40515512,0.3502568,0.36657995,1.6673964,56.493965,9.823934,8.627772,741.5215
2011.6152,-0.16996665,-0.45714843,0.35050705,0.36664042,1.3786117,56.460453,10.1263685,8.626451,743.227
2011.5679,0.76049644,-0.4465618,0.3503539,0.36579186,0.9402795,56.480465,10.092206,8.616246,739.1027
2011.6082,0.5346861,-0.4107474,0.35026824,0.36228356,1.5091214,56.469055,9.954724,8.626708,731.3118
2011.5792,-0.3008562,-0.32340276,0.34832063,0.36107457,1.8792886,56.70728,11.303063,8.621603,718.9365
2011.6113,1.0963835,-0.445853,0.34896868,0.36661372,1.4400709,56.47594,9.988065,8.621546,740.1396
2011.6184,-0.14727743,-0.4573338,0.350391,0.36449945,2.1700644,56.46297,10.303258,8.617268,739.5782
2011.5287,0.5018293,-0.38984746,0.3461135,0.32629812,0.82381594,56.839596,10.425796,8.624103,722.06226
2011.6167,0.050032772,-0.35523885,0.35036543,0.36644566,1.4204977,56.465824,10.10287,8.627326,740.97894
2011.6108,-0.25894353,-0.42303693,0.3503576,0.36658844,1.2097996,56.472546,9.796691,8.620834,737.39825
2011.6112,-0.18357225,-0.4328909,0.34997857,0.36538073,1.8606569,56.488026,9.902915,8.602649,736.1175
2011.605,-0.16309477,-0.36844432,0.34991938,0.36406657,0.9658278,56.514812,10.154706,8.6134815,739.3888
2011.6184,-0.22937949,-0.45719194,0.35052505,0.3666742,1.0530429,56.46453,9.806006,8.627237,742.90814
2011.61,-0.20770796,-0.40138566,0.35023412,0.36637878,0.20787765,56.471596,10.947354,8.6169,734.8531
2011.5497,-0.09989544,-0.29226595,0.3480168,0.3628149,1.5279627,56.4744,10.004565,8.624926,693.5083
2011.6108,0.74955016,-0.44169873,0.3503987,0.36648402,1.625398,56.463448,10.329955,8.624053,742.23987
2011.6084,0.49935648,-0.4472993,0.35011274,0.36668152,0.77383256,56.45868,10.361299,8.627273,742.91315
2011.6158,0.86704594,-0.4366579,0.35027874,0.3667588,1.1984917,56.477745,10.257081,8.626305,739.08344
2011.6151,-0.091323726,-0.44422054,0.3500637,0.3664491,2.3424313,56.474632,9.835391,8.626689,736.9526
2011.5862,0.79181,-0.4504364,0.34998667,0.36590004,0.75065815,56.484066,11.510356,8.626767,739.1648
2011.6108,0.05192644,-0.44855034,0.3502335,0.3612754,1.4470843,56.484642,10.194169,8.617503,736.9621
2011.6003,0.49659804,-0.45282513,0.35045272,0.3650013,1.1509783,56.46117,9.947656,8.621822,738.4664
2011.5144,0.26519766,-0.41976094,0.3476902,0.35184306,1.5191875,56.737812,11.33254,8.593065,702.2518
2011.6168,-0.34352234,-0.43394107,0.35044897,0.36671847,1.8442974,56.459328,10.209573,8.627642,741.6134
2011.4985,0.19792363,-0.35196775,0.34847128,0.36206767,0.98514366,56.54091,11.485513,8.612007,736.3081
2011.5782,0.67274684,-0.43226767,0.34807414,0.36566672,1.3297012,56.759598,10.356267,8.611979,716.4714
2011.5266,0.10481516,-0.39222044,0.34951627,0.3325857,0.97736466,56.549656,12.015035,8.612254,685.52045
2011.6042,0.8621095,-0.45264906,0.35027674,0.36650753,0.7553041,56.49067,10.510961,8.626295,740.2146
2011.5645,-0.15137304,-0.43027925,0.3498809,0.363944,2.4214015,56.82088,10.112115,8.622281,602.258
2011.6029,0.7388095,-0.4503169,0.35019404,0.36676067,1.4992694,56.467854,9.858439,8.627627,740.30725
2011.6184,0.29277503,-0.45130992,0.3504527,0.36608604,0.37224424,56.466553,10.103965,8.625897,741.2887
2011.5303,0.06585611,-0.3278936,0.34820217,0.36494395,1.3122467,56.933,12.324832,8.609255,691.27325
2011.6185,-0.19251372,-0.45062792,0.35045236,0.3667779,1.2386721,56.472244,9.867908,8.627437,741.79443
2011.5927,1.1543335,-0.44011402,0.34973115,0.35513708,0.43505517,56.683228,10.854564,8.620934,726.73505
2011.5938,0.5119412,-0.4297201,0.34966847,0.36607096,1.7296747,56.50444,10.221086,8.605038,740.42194
2011.6134,0.12908517,-0.44831973,0.3504646,0.3663496,1.7867798,56.472164,10.171779,8.626189,739.95685
2011.5663,0.77129906,-0.40044695,0.3437221,0.3659133,0.69867206,56.91501,12.141723,8.623005,729.12805
2011.6077,0.2614537,-0.45779216,0.35028908,0.36560634,2.1916356,56.493347,10.350089,8.621794,730.3091
2011.618,0.5887891,-0.4594584,0.35052416,0.36680436,2.1612737,56.458027,9.79366,8.627337,742.211
2011.3845,0.66330045,-0.4540534,0.3496555,0.36225665,0.86045736,56.526222,12.86078,8.626323,737.77783
2011.6047,0.68484336,-0.4303146,0.3495997,0.36525655,1.3128115,56.493027,11.790851,8.6205635,742.7794
2011.605,0.27215183,-0.45200968,0.35038853,0.36675417,7.273994e-05,56.479053,10.175401,8.625847,742.40247
2011.587,-0.28925446,-0.41522825,0.34949422,0.36663118,2.2638025,56.487125,10.302098,8.624518,728.11444
2011.6136,-0.36514083,-0.44030052,0.35037255,0.36301833,2.1947572,56.4599,10.096896,8.625637,727.9802
2011.597,0.07480029,-0.40833926,0.34942818,0.35923755,1.1105391,56.563015,10.059957,8.6269455,731.5836
2011.608,-0.29435167,-0.44562763,0.3504666,0.3661878,2.1577082,56.462936,10.090589,8.607259,737.5536
2011.6105,0.058717765,-0.42891735,0.34989077,0.36610773,1.3384659,56.49108,10.426562,8.623368,736.5393
2011.6093,0.64433193,-0.38283706,0.34873033,0.36480457,0.34987444,56.489796,10.168851,8.622302,738.56525
2011.6073,0.10349921,-0.4517545,0.35016918,0.3667521,1.7074738,56.490387,9.886466,8.626835,739.7104
2011.5884,-0.11528721,-0.42998672,0.34888574,0.36555323,2.0642612,57.00304,11.778867,8.609767,719.97833
2011.6183,-0.08284306,-0.38900965,0.3503941,0.36676067,1.0185698,56.48926,9.814628,8.627794,743.1264
2011.617,-0.35296372,-0.41999614,0.34945282,0.36637333,1.5245296,56.50159,10.834435,8.626163,730.79004
2011.6031,0.023781694,-0.41141486,0.34940127,0.36622617,1.6323919,56.489826,10.302217,8.62461,728.9535
2011.576,1.0005027,-0.44406462,0.3502566,0.36651707,0.0794762,56.478268,12.440829,8.62565,737.0258
2011.593,0.38526368,-0.37102532,0.3492781,0.3665722,1.4201502,56.589855,11.386334,8.615199,738.57587
2011.6063,-0.013620459,-0.39284784,0.3500004,0.3634815,1.2920471,56.563026,10.561875,8.602315,730.3553
2011.584,0.4857653,-0.33570665,0.34948018,0.36576572,0.08519056,56.81242,10.980874,8.623868,740.63983
2011.5447,0.5329822,-0.4044578,0.34832293,0.36193696,1.3065889,56.693295,11.579946,8.596562,728.8023
2011.6147,0.83430266,-0.42682737,0.35036892,0.36492652,0.14860709,56.505016,9.815497,8.613745,739.243
2011.6089,-0.3536075,-0.43901306,0.3501739,0.3663073,0.3894934,56.49053,9.876334,8.626987,738.70355
2011.6012,-0.29851183,-0.4380356,0.35019955,0.36654404,0.9151177,56.63883,11.333194,8.594965,738.9229
2011.588,0.5130266,-0.42495173,0.3494619,0.3660823,1.5791512,56.54979,10.4192,8.600927,734.6344
2011.5536,0.5275225,-0.43693727,0.3502929,0.36579397,1.6038154,56.461403,9.816026,8.623994,740.8618
2011.5928,0.38094535,-0.42508876,0.35019827,0.36486685,1.4914429,56.47058,10.441203,8.606659,742.8103
2011.6183,0.48376468,-0.44664568,0.3505024,0.36678523,1.0592654,56.489594,9.968507,8.626352,742.45685
2011.6161,0.77673,-0.45189577,0.35040906,0.36669263,1.0618712,56.459007,9.8369875,8.627644,742.61176
2011.6154,0.51580924,-0.44868416,0.35035986,0.36672676,1.0117428,56.462467,10.032422,8.625889,742.8537
2011.614,0.5802656,-0.4371338,0.3502331,0.3650759,2.0105894,56.476406,9.938788,8.625994,732.5483
2011.6049,-0.105768524,-0.40639263,0.35014188,0.36490953,1.9835767,56.517662,10.95144,8.622669,741.71674
2011.6063,0.21895462,-0.39607334,0.34970516,0.36669564,0.8665806,56.462406,12.065656,8.624825,741.5753
2011.5635,0.10519568,-0.41712838,0.34594506,0.34577033,1.4094187,56.743862,11.3007345,8.612514,654.2459
2011.5922,0.12648495,-0.4444387,0.34979868,0.3663761,1.1809311,56.502705,10.020951,8.623585,718.1859
2011.6035,0.34787115,-0.44621086,0.3500549,0.36602885,1.3329442,56.4669,9.962811,8.626824,742.37695
2011.6082,-0.044794105,-0.45554817,0.3504553,0.36339366,1.5021368,56.471413,10.412173,8.612854,721.53784
2011.5648,-0.10972085,-0.40923864,0.34982303,0.36629155,0.64354956,56.48164,10.379909,8.62116,725.05316
2011.6132,0.41131005,-0.44581604,0.35014763,0.36535603,1.2981807,56.509605,11.14681,8.624764,741.1481
2011.5923,0.016074128,-0.4256134,0.35023114,0.36614528,0.4834202,56.571568,10.708779,8.622929,734.4602
2011.6179,-0.28547052,-0.45914406,0.35050324,0.36679402,1.5645072,56.465706,9.834514,8.6276655,741.7358
2011.5466,-0.18933137,-0.3569981,0.34941632,0.3597361,1.1897895,56.575085,12.178962,8.612082,720.99426
2011.3801,0.26556927,-0.29300898,0.34508094,0.36175242,1.0753292,56.52224,11.240272,8.613659,696.7212
2011.6052,-0.15056892,-0.43951088,0.34982386,0.3647122,2.1710153,56.478634,10.02263,8.6161785,721.2443
2011.6167,-0.222223,-0.45821863,0.35039967,0.36666533,2.02659,56.469307,10.134326,8.627016,741.7106
2011.6172,0.17504337,-0.457785,0.35041973,0.3663034,1.726696,56.46538,9.845643,8.616583,737.15674
2011.607,0.022652127,-0.4210484,0.3503039,0.36591104,1.9637907,56.50401,10.082568,8.624846,721.43494
2011.6146,-0.21291585,-0.44873613,0.35049212,0.36642858,1.4414527,56.57948,10.03762,8.626919,724.1033
2011.6168,0.5955754,-0.44774383,0.3499907,0.36631566,1.7740746,56.512505,10.956853,8.624648,733.2736
2011.5948,0.51422775,-0.45649815,0.35038325,0.36623624,2.067664,56.458385,9.807567,8.614268,732.26764
2011.5955,-0.10911759,-0.45008016,0.34974656,0.36574414,1.6578437,56.476532,10.193007,8.624228,740.13293
2011.6128,0.21295062,-0.44061863,0.35045147,0.36616424,1.3875213,56.457947,9.793267,8.592635,740.4401
2011.6152,0.843407,-0.44807583,0.35011938,0.36623573,0.93780154,56.77481,10.7880335,8.625944,741.35956
2011.6018,0.66638756,-0.4452635,0.35007063,0.365662,0.12506612,56.478653,10.4815035,8.625775,737.317
2011.6055,-0.045150332,-0.44146633,0.3495816,0.365145,1.1068546,56.483673,9.899383,8.616203,729.3065
2011.5242,0.035418756,-0.42270136,0.34948337,0.3654204,1.2239752,56.573124,10.011374,8.625035,732.03375
2011.5588,-0.0010116618,-0.3756072,0.34688315,0.3633587,1.8949786,56.849815,11.666434,8.626392,715.74634
2011.5725,0.53064686,-0.4478702,0.3497951,0.36100078,0.4305619,56.62839,11.550931,8.621444,721.94666
2011.6019,0.20683037,-0.45500493,0.35017338,0.36615363,1.5047871,56.470985,10.147925,8.622104,739.9473
2011.617,-0.31656513,-0.45802587,0.35052657,0.366754,0.63118404,56.476456,9.993428,8.627475,743.22906
2011.6028,-0.25051042,-0.40160972,0.34897068,0.36232042,1.4775976,56.544582,10.123239,8.622969,705.47076
2011.3289,0.7246016,-0.3496427,0.33617407,0.35741374,0.97668004,56.56401,12.048894,8.509882,714.62994
2011.6042,-0.14022739,-0.4326036,0.3495059,0.36517155,1.395973,56.50923,10.47,8.615387,726.6304
2011.6189,0.7107497,-0.45674187,0.35051653,0.36677763,1.7860489,56.46275,9.811879,8.626914,741.2281
2011.6173,-0.43405387,-0.44866538,0.35051128,0.3667168,2.3082497,56.47986,10.014432,8.626585,741.4535
2011.6014,-0.2170548,-0.43830305,0.35027403,0.36628836,0.5016916,56.511185,10.2002,8.620705,738.4057
2011.6045,-0.18058051,-0.44078922,0.35025582,0.36618638,2.3221252,56.46145,9.827865,8.626689,726.2036
2011.6099,-0.23671038,-0.4483775,0.35016415,0.36613724,0.88646954,56.535866,10.226956,8.614991,695.3357
2011.526,0.19448805,-0.3741992,0.34960574,0.3648961,1.2246245,56.462784,10.787101,8.61981,737.3989
2011.4247,0.6109965,-0.31822222,0.34575903,0.3497341,1.0998672,56.609943,10.336244,8.596998,724.81714
2011.5875,-0.27515635,-0.3934328,0.35027382,0.3649174,0.9845259,56.552925,10.595593,8.627205,728.7504
2011.5944,-0.047203325,-0.43262786,0.3501899,0.36588466,-0.004302241,56.56658,10.346425,8.624749,733.96405
2011.592,-0.23654367,-0.4334367,0.3493876,0.3660997,1.3055233,56.479492,10.058921,8.626959,739.94324
2011.5967,0.53942454,-0.45411986,0.35047817,0.36458513,0.2852727,56.46842,10.463199,8.616652,738.54706
2011.5994,0.34476686,-0.4572435,0.3504943,0.36660504,0.80472803,56.473495,10.773667,8.622644,735.41943
2011.6184,1.0544474,-0.45392233,0.35040438,0.36673868,1.6547025,56.480064,9.818637,8.627593,736.69293
2011.6083,0.25073752,-0.42515004,0.34964335,0.36638954,1.6908896,56.480213,9.8793955,8.624751,736.79614
2011.6123,0.3697416,-0.45584404,0.3504283,0.3668145,0.47405866,56.45979,9.992114,8.627719,742.54517
2011.5869,0.14810239,-0.43100417,0.34975937,0.36106277,1.184484,56.558666,9.9605,8.625556,735.43335
2011.6168,0.65923405,-0.41924554,0.35036445,0.36621013,1.1286376,56.46855,9.806674,8.626054,741.044
2011.6095,-0.10790064,-0.43967396,0.35021412,0.36553693,1.4645776,56.46504,9.881677,8.624581,730.1553
2011.6119,0.8460795,-0.44748217,0.35036075,0.3665579,2.0116906,56.466846,10.182647,8.62282,739.89777
2011.5815,-0.01415845,-0.32200694,0.349169,0.3552046,2.0994375,56.471485,10.783448,8.5616865,732.17694
2011.6128,0.35439873,-0.45633703,0.3504799,0.3667695,1.3917296,56.464977,10.025018,8.626926,742.33
2011.6128,0.34231287,-0.3957358,0.35033154,0.36671308,0.9723132,56.467075,10.796563,8.620938,739.7217
2011.5791,-0.058745883,-0.4406839,0.35008752,0.363156,1.5286425,56.474865,10.127168,8.622872,732.5134
2011.4954,0.024372168,-0.4180535,0.3492174,0.3608443,1.2864206,56.91636,10.6091585,8.614681,718.53546
2011.5107,0.20746027,-0.3349533,0.31812617,0.35684824,1.8759503,57.440506,11.883065,8.591857,689.4626
2011.6172,-0.25272152,-0.44744366,0.35043797,0.36632186,0.17664875,56.460484,10.010852,8.627157,741.88306
2011.619,-0.5725021,-0.4576155,0.3505296,0.36677885,1.999468,56.4572,9.77106,8.6277275,743.3265
2011.5826,0.3831186,-0.4584657,0.35045436,0.36674407,1.213735,56.46902,9.93525,8.622168,739.93774
2011.6096,-0.12657161,-0.45388138,0.35029095,0.36625305,2.3019562,56.45957,9.877126,8.61902,738.1592
2011.6022,0.29589188,-0.4238569,0.3491143,0.36323863,1.5478504,56.57696,10.109645,8.563393,711.67
2011.6012,0.38002315,-0.4096738,0.3485877,0.3620374,0.31921566,56.50679,10.657025,8.621302,733.273
2011.5634,0.3366713,-0.43697447,0.34906766,0.36267373,0.98219943,56.741917,10.252957,8.613249,706.5343
2011.5294,0.31916416,-0.38995266,0.34943783,0.35169655,0.72728693,56.601948,11.242473,8.603563,732.08295
2011.6061,0.29460812,-0.40296167,0.34934005,0.36207634,0.8382648,56.510525,10.054593,8.621812,719.6939
2011.609,-0.061498158,-0.4307623,0.35037747,0.36642304,0.55040544,56.470676,10.505366,8.61549,739.99255
2011.6163,-0.0531606,-0.4595616,0.3505177,0.36656752,1.4064801,56.465984,10.659753,8.627499,741.1255
2011.5826,0.16624515,-0.43055832,0.34981436,0.36177152,1.6413492,56.47912,10.105176,8.617647,740.2809
2011.514,0.84176064,-0.36176074,0.3469613,0.36281782,1.7327951,56.575356,13.33261,8.625173,729.9462
2011.5868,-0.028038137,-0.4465766,0.3503002,0.36628547,1.0016145,56.458748,9.949851,8.626065,741.7703
2011.6154,-0.38435468,-0.44070917,0.35051665,0.36653134,1.8985075,56.515747,9.989268,8.62718,736.38806
2011.571,0.35762322,-0.43930727,0.35021484,0.3660766,-0.19922815,56.458366,9.89161,8.614102,741.2209
2011.5946,-0.27223513,-0.44082183,0.34984136,0.36556983,0.64277935,56.601654,10.4934435,8.625259,736.1529
2011.6187,0.50705147,-0.45748478,0.35051712,0.36680797,1.2263607,56.459076,9.843858,8.627158,742.27856
2011.5767,0.7975873,-0.44929194,0.34992647,0.36567077,0.8118629,56.666985,10.271922,8.621101,730.5335
2011.6111,0.37693948,-0.45102608,0.35043737,0.364336,1.1572161,56.489098,10.167542,8.621384,741.16516
2011.5505,0.22441919,-0.40854478,0.34525844,0.3647404,0.6305907,57.019478,13.238572,8.613717,730.9992
2011.6149,0.1647206,-0.45582312,0.35025615,0.3664762,1.8574061,56.56684,9.932799,8.627761,643.42773
2011.6187,-0.034866057,-0.45971298,0.35051998,0.36681977,1.867996,56.457287,9.796805,8.627713,743.2159
2011.4266,0.38917437,-0.26406258,0.341693,0.354716,0.1051304,58.15634,12.292157,8.597253,715.6296
2011.6149,0.034342803,-0.37136912,0.3504832,0.36640248,0.98187816,56.46941,9.962241,8.627557,741.73096
2011.5587,-0.38983008,-0.40017647,0.34916306,0.36607134,1.1079502,56.59708,10.78214,8.619757,730.5827
2011.6019,0.147482,-0.4439729,0.35046226,0.3658881,1.5801251,56.47258,10.577977,8.623213,742.1257
2011.6168,-0.17647292,-0.42709446,0.3501414,0.3654188,1.3305215,56.461098,10.046535,8.626732,739.1312
2011.599,-0.20982017,-0.43638068,0.3493974,0.3504314,1.280795,56.86687,10.412038,8.615626,656.15686
2011.462,0.5867123,-0.41473407,0.34685868,0.35630393,0.6366903,56.518406,11.682675,8.61924,714.3173
2011.6018,0.8938858,-0.44673908,0.3503985,0.3667272,1.4339788,56.470745,10.517158,8.625918,740.4187
2011.6089,0.22903548,-0.4121238,0.35012296,0.36332107,0.87840205,56.56625,10.071954,8.577504,725.13495
2011.5629,0.91409886,-0.41236138,0.34971088,0.3531659,0.9156391,56.607433,12.042838,8.618509,705.6843
2011.4178,0.5589397,-0.39741957,0.34645113,0.364495,1.7436886,56.551876,12.475938,8.617713,723.4172
2011.6143,-0.057985924,-0.4488693,0.3503062,0.3658737,0.8786748,56.468044,9.963578,8.619813,740.8779
2011.5543,0.45281237,-0.43711954,0.35007933,0.36590028,0.9545963,56.500267,10.594024,8.620279,739.76495
2011.616,0.7732334,-0.4238479,0.35024807,0.36679322,0.4476198,56.50799,11.585641,8.627281,741.5025
2011.6014,0.2319008,-0.4212306,0.3486117,0.36540106,0.63218105,56.49183,10.086524,8.615597,739.3341
2011.5897,-0.14243014,-0.1262017,0.34725106,0.35828766,0.49489805,56.51775,10.558618,8.622933,698.3455
2011.6068,-0.25475946,-0.40022027,0.34957862,0.36401245,0.92635316,56.552456,10.122691,8.619434,722.4659
2011.6179,0.10654522,-0.44420493,0.35044995,0.3664429,1.094847,56.45826,9.7838545,8.622514,742.6713
2011.5862,-0.27558812,-0.41203904,0.3497168,0.3659586,2.4243076,56.486286,10.011666,8.611322,720.3539
2011.6189,0.6499507,-0.4544223,0.3504688,0.36671862,0.85823417,56.48033,9.935966,8.627568,741.11847
2011.612,0.14642744,-0.45003152,0.34981254,0.36679703,1.1546926,56.467907,10.301635,8.619926,739.90643
2011.5197,0.006975331,-0.44310218,0.34735784,0.36470184,1.1632057,56.589592,11.702033,8.61195,724.0878
2011.6188,-0.16318454,-0.45519412,0.3505161,0.36667207,2.388921,56.499855,9.793542,8.626552,733.35046
2011.6041,0.22857289,-0.44840664,0.34923366,0.3621115,1.6200104,56.482258,9.808099,8.622033,709.06024
2011.6034,0.0011180717,-0.4498247,0.3503909,0.36624378,1.5755062,56.513714,10.500121,8.623628,741.2257
2011.6152,-0.34482077,-0.3726473,0.3496593,0.36656705,1.2131311,56.466396,10.02218,8.613352,740.3092
2011.6068,-0.118331574,-0.45387298,0.35026368,0.36628407,2.344648,56.48118,10.077359,8.62519,741.9266
2011.5891,0.40184018,-0.44334567,0.3498959,0.36371955,1.0477561,56.460518,10.552787,8.620036,741.01874
2011.5862,0.22222565,-0.45296955,0.3504775,0.36673248,0.93495035,56.49153,10.617656,8.626873,741.57056
2011.4993,0.5475882,-0.35922003,0.34383708,0.35563213,0.38727626,56.86869,12.361369,8.548776,684.461
2011.613,0.052789994,-0.45073622,0.350368,0.36526257,0.7776621,56.62174,10.022437,8.62486,738.39703
2011.6129,1.1353866,-0.4542442,0.35040644,0.3627286,0.5098264,56.510838,10.15899,8.621755,741.9384
2011.6134,-0.4918534,-0.42680657,0.35029048,0.3655019,1.415713,56.46409,9.945428,8.626134,735.93353
2011.6022,0.40509632,-0.43892252,0.3500516,0.3661894,0.09529426,56.466362,10.360288,8.625172,742.6991
2011.615,-0.07654046,-0.45704883,0.35033977,0.36678037,1.4629345,56.4621,9.929042,8.627055,741.8567
2011.5997,-0.01078441,-0.41801006,0.3493946,0.36538672,0.8922641,56.61646,12.348321,8.626143,736.62976
2011.6151,0.39959615,-0.3756125,0.34847578,0.36558464,1.4689555,56.531754,10.074752,8.62689,730.6778
2011.6058,-0.12513496,-0.44990128,0.350338,0.36610362,1.4243225,56.46602,9.937167,8.627396,728.58246
2011.6038,0.039445497,-0.4580208,0.3504616,0.3666439,1.3024938,56.465008,11.095363,8.626075,741.9656
2011.6099,-0.20420714,-0.44325984,0.34975547,0.36567253,2.244592,56.503387,10.104449,8.623897,737.4791
2011.5065,0.22704993,-0.3632505,0.34215778,0.35825425,0.88608974,56.926895,10.620048,8.60854,723.6645
2011.5984,-0.15198465,-0.45753992,0.35038182,0.3667394,1.8321598,56.4727,10.207183,8.623694,742.40125
2011.6155,0.29933602,-0.44143456,0.35036662,0.36665922,1.5081601,56.467205,9.849326,8.627367,740.81793
2011.615,-0.16265078,-0.4479233,0.3503375,0.36600775,2.0108232,56.46107,10.680333,8.615043,741.8423
2011.5564,0.41192782,-0.39891934,0.3429032,0.36088145,1.8315613,57.601017,10.200299,8.611836,678.1115
2011.6157,0.23801304,-0.42958343,0.3501451,0.36664978,1.9312067,56.477795,10.2626295,8.627036,742.85895
2011.6139,0.62454987,-0.4554159,0.350484,0.36627188,0.9178943,56.45786,9.874959,8.627509,743.10504
2011.5874,0.018096186,-0.43217677,0.34755325,0.3665209,1.6757061,56.473732,10.378486,8.607056,726.47864
2011.6154,-0.5054247,-0.41904014,0.35010514,0.36544994,1.1930907,56.466743,9.904229,8.627031,734.64496
2011.6058,0.19811471,-0.4575261,0.35050398,0.36621225,2.1617186,56.457962,10.208142,8.62116,742.97205
2011.6155,-0.4669138,-0.44374913,0.35043678,0.36552027,1.7703253,56.460842,9.819156,8.626057,741.5194
2011.5955,0.06564418,-0.42305124,0.34964675,0.36432582,1.7958827,56.484806,10.10992,8.611062,735.91125
2011.6157,-0.34723094,-0.4316811,0.35009316,0.3639204,1.9158111,56.47208,10.405431,8.624392,699.54877
2011.6003,0.4898289,-0.40148455,0.35010108,0.3665411,0.3128287,56.48091,10.345992,8.609115,740.7252
2011.6143,-0.11367156,-0.45241916,0.3503141,0.36643583,1.4032848,56.467667,10.095088,8.627497,741.2275
2011.5872,0.5018656,-0.44096863,0.34779567,0.34555033,1.9552802,56.741894,11.111009,8.620919,721.5961
2011.5151,0.5722087,-0.41393185,0.34892485,0.36206526,0.6764767,56.555046,10.877433,8.6197405,736.6398
2011.6119,0.12160543,-0.44771075,0.35020977,0.36648217,1.9677757,56.46775,9.839353,8.623375,740.00024
2011.6099,0.9256,-0.43687844,0.3502487,0.36631903,0.8890866,56.521988,9.952874,8.626672,740.3571
2011.6047,-0.26059583,-0.32457578,0.3469979,0.36549327,1.23132,56.495605,10.506642,8.625067,722.6077
2011.6105,-0.38913313,-0.4372748,0.34964487,0.36319366,2.3659415,56.499195,10.039279,8.626856,733.5574
2011.6152,0.52289236,-0.44085264,0.35022056,0.36630595,1.6394525,56.46373,10.2641,8.626569,741.7555
2011.5934,0.041485198,-0.44899064,0.3502078,0.36677265,1.7231865,56.470264,10.262551,8.625061,737.9178
2011.6145,-0.2514207,-0.41722494,0.34915054,0.3659606,1.7832335,56.46801,9.874343,8.619253,735.34094
2011.6155,-0.29627517,-0.460239,0.35052893,0.36677477,2.2396667,56.462265,9.775094,8.627531,743.18365
2011.6039,0.4059122,-0.43421608,0.35021764,0.3660633,0.83876467,56.481373,10.392901,8.626289,742.5485
2011.4999,-0.16140004,-0.4492681,0.35037136,0.36665094,1.8188131,56.472538,10.117591,8.589765,741.44543
2011.6154,0.16824682,-0.42963803,0.3501911,0.36666468,1.6000394,56.46982,9.881656,8.621299,737.2581
2011.6139,0.26801878,-0.43720442,0.35046154,0.36661243,0.5994405,56.457695,9.8297205,8.627293,742.74243
2011.51,-0.04125794,-0.4275645,0.3497999,0.3616236,1.5507662,56.826298,12.882577,8.603116,709.48016
2011.6144,-0.3814939,-0.42755455,0.35042724,0.3632446,1.3138921,56.45935,9.8821535,8.6063795,741.9524
2011.5859,-0.31933746,-0.4214874,0.34959927,0.36297992,1.4484746,56.49187,10.224803,8.615664,712.5268
2011.6146,0.049389668,-0.42826033,0.34944913,0.3667421,1.7355486,56.468826,10.280892,8.626311,737.26215
2011.569,0.06402392,-0.3968482,0.35024825,0.3635614,1.5167983,56.907795,11.905293,8.622383,729.35706
2011.5443,0.12074531,-0.4273879,0.34848508,0.365891,1.9696506,56.578606,11.278901,8.617677,706.3959
2011.6107,0.0663471,-0.4470594,0.34980214,0.35948777,-0.17948876,56.47278,9.999936,8.627685,719.9751
2011.6165,-0.3395534,-0.45773774,0.3501062,0.3664853,2.0960085,56.47008,9.801122,8.626847,736.88684
2011.6165,0.13988067,-0.42336953,0.35005385,0.3667296,0.999624,56.506702,10.439715,8.627258,739.59784
2011.6052,-0.09576454,-0.43891627,0.35018703,0.36616144,1.495752,56.502026,10.733785,8.624149,735.34924
2011.2723,-0.033631437,-0.33109462,0.341711,0.33995122,1.1325886,56.599407,10.752393,8.589875,530.9162
2011.6155,0.7260256,-0.45215678,0.35034886,0.3667785,2.2799234,56.463272,10.004266,8.627413,739.5417
2011.559,0.10581017,-0.41432762,0.3484379,0.36317012,1.471803,56.840183,10.9458475,8.6133995,670.7217
2011.5057,0.44988674,-0.41915888,0.34943867,0.36215386,0.84088725,56.5117,10.767346,8.617322,718.5477
2011.5872,0.018578626,-0.43592322,0.35024473,0.36405307,1.5957168,56.477806,10.792899,8.582244,739.3432
2011.416,0.45316318,-0.3865577,0.34823507,0.361761,0.70661294,56.852505,15.627869,8.597627,727.52606
2011.6031,-0.23701324,-0.41836804,0.3494614,0.35634235,1.327676,56.490833,9.989837,8.617733,581.5205
2011.6149,0.09325696,-0.44447744,0.3503653,0.3666243,1.7485765,56.477608,9.843688,8.627415,728.45465
2011.6156,-0.13712735,-0.4463688,0.35025698,0.3638025,1.2219844,56.58357,10.340022,8.615294,741.59326
2011.6107,0.45299405,-0.4576164,0.35045084,0.3665927,2.214874,56.461254,9.915322,8.625505,741.3771
2011.6112,-0.43058738,-0.3737567,0.34853792,0.36250338,2.1972208,56.51882,10.231397,8.618048,721.71326
2011.5731,-0.021775328,-0.39694285,0.3490599,0.36104065,1.2351565,56.512226,10.307702,8.604269,721.9115
2011.5891,0.34735867,-0.4348259,0.3498146,0.3640195,1.4151787,56.462723,9.880605,8.623025,741.5151
2011.3533,0.17956166,-0.31625807,0.34526142,0.3452154,1.6049829,56.94414,11.117749,8.482382,635.1707
2011.6134,0.8486387,-0.45441467,0.35050765,0.36646307,0.34481525,56.463505,9.881982,8.625876,743.363
2011.5784,0.12906604,-0.45098895,0.3495912,0.36522114,0.6471078,56.663715,11.575311,8.618285,738.0167
2011.618,-0.178872,-0.44963616,0.35047787,0.36643544,1.8123374,56.46216,9.967029,8.626012,742.6203
2011.5364,-0.13016285,-0.3936795,0.3484404,0.36355057,1.400758,56.673824,10.807092,8.593616,658.04254
2011.6141,0.31729335,-0.44636154,0.3503801,0.36553937,0.91622674,56.490475,9.921077,8.62747,738.22815
2011.575,0.122589596,-0.41826075,0.34967873,0.36640725,1.5532876,56.525955,11.296382,8.626833,741.86615
2011.6046,-0.067211114,-0.41847134,0.35028484,0.36374232,1.5455794,56.47395,9.930078,8.62701,705.91833
2011.6156,0.15873854,-0.45060652,0.3503931,0.36644414,1.2636148,56.46871,9.974605,8.6273985,739.6533
2011.59,-0.35436037,-0.43406862,0.35024378,0.3657293,1.0160815,56.552414,10.625817,8.624321,738.1197
2011.6166,0.36440074,-0.45934707,0.35048097,0.3667194,0.5541615,56.463875,9.934716,8.626799,738.3063
2011.613,0.09161539,-0.42123932,0.35015744,0.36472887,0.5383719,56.46005,10.253026,8.626019,735.0693
2011.6111,-0.3868015,-0.4167074,0.34990963,0.36658257,1.8823127,56.512127,10.438697,8.626046,722.4846
2011.6086,1.0242679,-0.45545644,0.34973717,0.3647954,1.1016161,56.46659,10.065434,8.618984,739.9589
2011.5675,0.7073776,-0.40098298,0.34509316,0.36255053,0.9866648,56.720135,11.180722,8.5775,675.6418
2011.6088,-0.09293681,-0.43734008,0.34988874,0.3655517,1.1598369,56.711613,12.577556,8.621081,736.49396
2011.6122,0.31508026,-0.41869587,0.35023656,0.36478207,0.7688389,56.47014,9.80482,8.62722,726.83936
2011.6141,-0.37556377,-0.445014,0.3504044,0.3667486,1.544002,56.47566,10.20264,8.627318,737.60815
2011.5762,0.29692027,-0.44376934,0.34957114,0.36497566,1.7286543,56.554035,11.686849,8.61853,720.9424
2011.554,0.2661369,-0.43720698,0.34819692,0.36584318,1.4288881,56.470222,10.451674,8.609988,713.8262
2011.6188,-0.21822341,-0.45268077,0.35050642,0.36621234,0.5598775,56.45759,9.776168,8.626836,741.80444
2011.6188,-0.030878149,-0.45471442,0.3505109,0.36670086,-0.12070582,56.47139,9.936482,8.626405,742.3962
2011.5858,0.19390975,-0.42462993,0.3494667,0.36607426,0.8341631,56.57951,14.924954,8.623512,739.1163
2011.6124,0.17042285,-0.42259747,0.35038212,0.3640187,0.48042625,56.459763,9.812058,8.620786,735.3723
2011.6045,0.46069798,-0.44981092,0.3504688,0.36659363,1.0282568,56.48675,10.295093,8.623246,742.56195
2011.6118,0.36805317,-0.4479344,0.3503483,0.3668055,1.3229479,56.49721,10.050483,8.625828,741.32684
2011.6006,-0.46451375,-0.4534676,0.3503302,0.36614326,2.428805,56.494858,10.081172,8.619816,725.37805
2011.6039,0.047912754,-0.45108747,0.34953645,0.36517045,1.5598952,56.464577,10.304318,8.622848,740.3014
2011.5947,0.05497185,-0.45793265,0.35040554,0.36647412,2.2282674,56.49581,10.572814,8.62556,738.82117
2011.6149,0.3820502,-0.4554147,0.35017267,0.36565688,0.29426447,56.459373,10.274911,8.627588,729.34674
2011.609,-0.09820416,-0.44072813,0.350472,0.36631155,0.97095776,56.46361,10.160407,8.62475,739.16394
2011.615,-0.4221398,-0.457303,0.35045478,0.36387354,1.4372833,56.473618,9.964995,8.6234045,738.31964
2011.619,0.65037847,-0.45958173,0.35052317,0.36682397,0.68081635,56.45749,9.844855,8.627325,743.4062
2011.616,0.74459696,-0.45195282,0.35050622,0.36669266,0.337139,56.464046,10.127355,8.626405,743.01044
2011.6017,0.35808724,-0.45174176,0.3503619,0.36376292,1.6590526,56.58649,10.862353,8.606153,730.263
2011.6053,0.213508,-0.43364,0.349542,0.36494902,1.090006,56.468845,9.872272,8.611019,736.6582
2011.5911,0.016052313,-0.44568086,0.34952608,0.36377618,1.9805641,56.554977,11.605882,8.626323,691.22797
2011.615,-0.40932086,-0.35081434,0.35030437,0.36620414,0.70977885,56.474716,10.178763,8.626661,739.799
2011.5869,0.093326606,-0.45103753,0.34955725,0.36656076,0.698803,56.46051,9.930713,8.621088,741.80426
2011.61,0.0118551925,-0.44847184,0.3503535,0.3667135,1.5303056,56.465942,10.002391,8.625713,738.7436
2011.5826,0.708783,-0.4389602,0.3498128,0.35881746,1.4531504,56.459335,9.927285,8.621825,730.36127
2011.5604,0.09518019,-0.41559732,0.34995365,0.36458567,1.0110223,56.527927,11.149194,8.609117,735.7698
2011.5707,-0.3100753,-0.39626825,0.34979504,0.35670206,1.2874671,56.482033,10.039214,8.624845,695.02893
2011.5912,0.16300176,-0.44472265,0.3500135,0.36646688,0.2953071,56.483673,11.344451,8.627069,737.3643
2011.6161,-0.07711985,-0.44987684,0.35048363,0.36664483,1.5536221,56.46131,9.954654,8.626461,741.91876
2011.5979,-0.23695923,-0.4357484,0.35033557,0.36513585,0.72474545,56.564358,11.773074,8.622779,736.4939
2011.5576,-0.4174362,-0.38834292,0.34711078,0.36518595,1.6761321,56.5474,10.641713,8.605965,690.3597
2011.602,-0.4062824,-0.3929286,0.34680974,0.3596016,1.7785115,56.48256,9.9891405,8.573911,647.2194
2011.6134,0.34437418,-0.4472291,0.35022673,0.3662825,1.096514,56.51622,9.837209,8.626548,741.3228
2011.5007,-0.036399566,-0.4390378,0.34580764,0.36603594,1.4359387,56.55828,11.734023,8.578558,734.09595
2011.4749,0.5221438,-0.42444324,0.34944636,0.3642035,1.1001848,56.496883,10.118979,8.576469,725.832
2011.6144,0.06674475,-0.44558644,0.35029632,0.36342695,1.5244241,56.4702,9.8271265,8.626134,711.6978
2011.585,0.18280777,-0.3795215,0.34921503,0.3455171,0.63588786,56.68471,10.743129,8.604037,729.29645
2011.5509,-0.33859977,-0.2791779,0.34946516,0.36570108,1.5860765,56.503635,10.382806,8.626245,732.99524
2011.5366,0.4574507,-0.42552006,0.34622785,0.36485738,1.1420575,56.597668,11.108005,8.604461,728.8384
2011.5392,-0.042870365,-0.39161593,0.34779063,0.36052704,1.5795205,56.621536,10.708888,8.600085,712.8049
2011.5345,0.3872886,-0.3639009,0.34759295,0.36470136,1.5243692,56.823578,11.609887,8.59396,729.2234
2011.6096,0.7073218,-0.44569784,0.34907252,0.3644689,1.1659151,56.485416,10.101155,8.614558,724.6591
2011.6133,-0.1389239,-0.37219626,0.35031998,0.36174953,0.5488678,56.468456,9.822618,8.622941,735.6197
2011.6183,-0.21412493,-0.45452082,0.3504881,0.3666275,1.9454066,56.459995,9.979159,8.627124,742.37164
2011.6075,-0.14138027,-0.42916918,0.3499138,0.35548586,0.53757143,56.701992,10.014224,8.570339,731.52234
2011.6191,0.2911762,-0.46004415,0.3505163,0.36671868,1.6781269,56.458076,9.7804,8.627533,738.9641
2011.6144,0.3027144,-0.42168432,0.34987164,0.36620575,1.945457,56.64918,10.191728,8.625253,741.17365
2011.576,0.19122718,-0.44041556,0.35036358,0.3622343,1.7860316,56.500137,10.085883,8.621073,738.5344
2011.6042,0.059210725,-0.4484362,0.35028628,0.36636397,1.2748291,56.493553,10.183217,8.625389,737.45435
2011.5089,-0.48987672,-0.41627455,0.34905106,0.35049605,1.1792852,56.614468,10.431565,8.62493,689.6173
2011.5809,-0.14135982,-0.4071619,0.34927118,0.36318675,2.250427,56.476067,10.032193,8.607153,695.622
2011.6162,0.22823593,-0.46055323,0.3505022,0.36674795,0.43769205,56.458622,9.903487,8.627142,741.38495
2011.6162,0.058301933,-0.44203442,0.3504115,0.36627817,1.7633176,56.46695,10.507743,8.623293,741.5789
2011.5977,0.58307713,-0.45187777,0.3503873,0.36584827,1.34283,56.46922,10.913035,8.625379,736.1142
2011.6135,-0.0070290784,-0.43625885,0.34958482,0.3667859,2.18773,56.457886,9.80383,8.62689,734.5301
2011.6152,0.46943128,-0.44807535,0.35049483,0.36673987,0.8723564,56.459003,10.175647,8.624956,742.6428
2011.5479,0.04910115,-0.38415164,0.3369299,0.3536076,0.66931784,56.85933,10.699428,8.62194,690.295
2011.617,-0.40748575,-0.43569112,0.35046238,0.36590922,1.773833,56.467537,9.858523,8.620046,736.6805
2011.6147,-0.25546268,-0.4363461,0.35046232,0.3663127,0.60321367,56.462505,9.947551,8.621835,740.799
2011.5966,0.16396224,-0.4458515,0.34990406,0.365881,2.021594,56.485172,10.074323,8.620947,735.46747
2011.5994,0.10626013,-0.37936175,0.3503319,0.36586472,1.5009497,56.49034,10.48903,8.615588,733.44885
2011.617,0.07458321,-0.44273126,0.35033482,0.3666041,0.8870546,56.483715,10.514281,8.620829,737.34875
2011.3877,0.4309186,-0.26638865,0.33828345,0.36497644,1.6273438,56.701416,11.278682,8.615476,715.74976
2011.6019,-0.10603335,-0.39033747,0.34989014,0.3658009,1.746288,56.560387,10.943866,8.620772,735.38885
2011.6024,1.0408813,-0.43480897,0.34963945,0.3660226,1.5681595,56.460617,9.797469,8.626513,724.82086
2011.5707,-0.08597814,-0.3670339,0.3473931,0.3651012,1.2727476,56.634686,11.983447,8.6234,699.29675
2011.6145,-0.23584767,-0.44549096,0.35041314,0.36672866,1.5713811,56.5122,10.640782,8.625968,742.53094
2011.5894,0.27409676,-0.113728605,0.3422961,0.33662266,1.0961858,56.577465,10.666272,8.617411,680.52344
2011.5955,-0.30049744,-0.4068988,0.34841275,0.3330145,2.1252933,56.55198,13.212057,8.617897,550.58246
2011.5236,0.2621634,-0.4391839,0.3494009,0.3596702,0.48340484,56.524742,14.362427,8.59685,714.4049
2011.6151,-0.024475954,-0.45530748,0.3504523,0.35963786,2.2123568,56.475468,9.846898,8.626392,741.5394
2011.5957,0.8037112,-0.42470765,0.35004234,0.35615543,0.276979,56.62568,10.90054,8.622554,733.0171
2011.5637,0.50864154,-0.40875572,0.34988022,0.36606118,1.1347119,56.60178,11.928342,8.619293,740.20715
2011.6165,0.18088295,-0.4455347,0.35050374,0.3667122,1.488517,56.461243,9.959527,8.6271515,730.93005
2011.6122,0.18430081,-0.4446569,0.35024476,0.36597937,0.30741626,56.467846,9.8962755,8.625956,740.3864
2011.6027,0.049022444,-0.42226076,0.3495357,0.3664248,1.6428931,56.473133,10.065875,8.614813,728.4122
2011.5464,-0.26626524,-0.39516824,0.34608662,0.3653513,0.4570856,56.588177,10.746947,8.6212015,696.5507
2011.607,0.24306412,-0.41941166,0.35007113,0.36500102,0.094666086,56.460392,10.140237,8.626207,741.32336
2011.5951,0.19623825,-0.4024527,0.35027674,0.364639,0.50390315,56.70153,12.205081,8.611074,736.5318
2011.6082,-0.41486278,-0.45536262,0.3504755,0.3660531,2.4601204,56.46388,9.931922,8.623472,734.9927
2011.6171,0.13870959,-0.44913846,0.35039932,0.3546702,2.0202866,56.5027,10.485717,8.626171,728.17883
2011.6172,-0.039333783,-0.45575213,0.35039192,0.36646682,1.9973303,56.46006,10.225366,8.622473,732.6497
2011.5986,0.56853586,-0.44853383,0.35021338,0.36320436,1.5761368,56.476604,10.115579,8.621555,736.68225
2011.6123,0.38478243,-0.44581485,0.35031003,0.3650698,1.7520747,56.529808,10.507283,8.62576,735.7602
2011.5558,0.17922322,-0.437545,0.34919482,0.36511964,0.9758835,56.51109,10.64689,8.627259,736.7468
2011.613,-0.3446307,-0.3353575,0.35013014,0.36260703,1.3370657,56.508953,10.222167,8.624431,737.17615
2011.6133,-0.4569985,-0.45440966,0.35041523,0.36131895,0.93434805,56.47664,9.976029,8.626675,726.5687
2011.5991,0.14651106,-0.4330929,0.34953144,0.3642959,0.81348383,56.528187,11.755227,8.598584,738.2071
2011.6055,0.35459393,-0.43460053,0.34855703,0.36347806,0.7633995,56.522835,10.497869,8.616937,728.3488
2011.6182,-0.2011834,-0.455189,0.35047865,0.36674684,1.4546664,56.45869,9.835788,8.627251,739.1744
2011.618,0.76702017,-0.45838207,0.35050076,0.36661258,0.47527048,56.461235,9.898881,8.626942,743.21686
2011.6174,0.716629,-0.45661604,0.3504863,0.3667888,1.7835056,56.457973,10.042615,8.62742,743.2745
2011.5767,0.106713034,-0.4154731,0.34800884,0.3470838,1.2430137,56.551357,10.686624,8.609299,724.2939
2011.6086,-0.5273027,-0.44652504,0.3504995,0.36649403,1.403129,56.489967,9.889176,8.623847,733.1637
2011.6132,0.08531476,-0.45945454,0.3505139,0.36653978,1.938161,56.459305,9.951186,8.626865,741.7588
2011.6176,1.0435977,-0.45857227,0.350484,0.3666099,0.8336099,56.458103,9.797065,8.627591,743.1887
2011.5795,0.5170519,-0.40580928,0.35024938,0.36650863,1.1999003,56.485718,11.963248,8.609657,738.7307
2011.5322,-0.17735387,-0.40970254,0.34862134,0.36211064,1.9782674,56.544765,10.612025,8.608754,731.13696
2011.5884,0.36704755,-0.43274993,0.34917042,0.36466682,0.5462367,56.509045,10.07727,8.6210575,734.23773
2011.5731,0.69251597,-0.39753187,0.3455722,0.3653085,1.7682545,56.577446,11.878299,8.601745,682.71686
2011.5883,0.13709475,-0.4556455,0.35006797,0.36664236,1.2835337,56.466957,10.054727,8.622295,722.79083
2011.6183,-0.028787754,-0.4586481,0.35050392,0.36682022,2.222283,56.462727,9.876737,8.627781,742.888
2011.6118,-0.23123826,-0.43196803,0.35016605,0.36477083,1.7683432,56.4587,9.848266,8.622878,728.3861
2011.5538,0.28032473,-0.27791834,0.34513918,0.36168778,1.0410104,56.567135,10.528398,8.6117325,716.3407
2011.6146,0.073822536,-0.42769152,0.3500009,0.36546394,1.9700644,56.462547,10.3754,8.623697,739.6997
2011.6053,0.80143553,-0.43566716,0.35002866,0.36648142,0.7881248,56.464256,10.153264,8.616525,742.5597
2011.6016,-0.17390378,-0.44530463,0.34989348,0.36580637,1.0792125,56.48123,10.656529,8.625722,729.4536
2011.5964,-0.013278894,-0.35032833,0.34823373,0.35855228,1.4288534,57.23488,10.569638,8.620305,702.9748
2011.6066,-0.048100553,-0.42770475,0.35002506,0.36568943,0.6215601,56.479877,11.20712,8.6108675,736.5082
2011.5884,-0.27836123,-0.39183104,0.3501866,0.36309162,1.5801055,56.89762,10.802861,8.620929,696.5143
2011.4725,-0.11711397,-0.44183427,0.34950638,0.3666522,2.2294173,56.66065,13.054442,8.62202,734.9837
2011.6155,-0.2300231,-0.44541508,0.3502727,0.36628488,1.6852196,56.476677,10.468997,8.624315,733.21875
2011.6082,0.66735166,-0.44405514,0.35026115,0.3660646,0.5752853,56.463127,10.272725,8.624579,740.6283
2011.6066,0.1674919,-0.42694342,0.3502924,0.36423787,1.9680309,56.645477,10.124015,8.617213,735.0467
2011.6038,-0.2736378,-0.17910989,0.3498906,0.3649505,0.49384582,56.460064,9.971133,8.621901,735.6485
2011.5865,-0.19991298,-0.40753412,0.3500031,0.35859177,0.7910769,56.4967,10.243865,8.606483,727.556
2011.6161,-0.5023558,-0.45389766,0.35049054,0.3668105,1.4751203,56.484966,9.864104,8.627106,737.4508
2011.6119,-0.38932005,-0.37670755,0.34897077,0.36611682,1.1827545,56.458076,9.8867655,8.627094,740.5124
2011.5972,0.44455522,-0.4506101,0.34979934,0.36489686,2.0324705,56.49041,11.021947,8.62485,736.0677
2011.6057,0.58716923,-0.4426931,0.3505179,0.36600187,0.47502035,56.462536,10.117963,8.627243,742.87946
2011.5803,-0.2941685,-0.4291991,0.34870434,0.35354435,0.9331809,56.689842,10.597699,8.620031,527.52844
2011.6133,0.55114967,-0.45062035,0.3503362,0.36366823,0.5959644,56.474636,9.823792,8.623523,740.32007
2011.6182,-0.21819694,-0.44432485,0.35036227,0.36671072,1.6991585,56.47034,9.984355,8.625565,733.85675
2011.5669,0.43204752,-0.44182628,0.3482786,0.36649892,0.5244341,56.833366,10.78679,8.599648,735.8551
2011.6034,0.16585766,-0.44130337,0.34896892,0.3664306,1.9305552,56.52141,10.032889,8.613751,718.23846
2011.6125,0.22091311,-0.4570129,0.35028607,0.36660364,1.1939589,56.48118,10.008334,8.624981,733.9429
2011.6023,-0.288626,-0.45418876,0.35048208,0.3667016,1.4357466,56.466507,9.9100485,8.62752,742.2485
2011.4894,0.62914556,-0.42021424,0.34434766,0.3469534,0.840972,57.212074,11.233159,8.608551,714.94434
2011.5897,0.29830703,-0.41459942,0.34427688,0.3615551,1.9089748,56.511852,9.9533415,8.595114,709.8793
2011.6115,0.7774295,-0.457197,0.35048282,0.36680073,1.0204023,56.464977,9.984538,8.6273775,742.65717
2011.6108,0.2944134,-0.4478736,0.35033566,0.36381808,1.020646,56.52123,10.109515,8.6258335,742.79724
2011.618,0.55991286,-0.43731976,0.3504768,0.36676967,1.5339382,56.501884,10.057242,8.626728,742.4952
2011.6132,0.61931014,-0.45522618,0.35018218,0.36416936,1.7766054,56.52132,11.007861,8.615571,732.68726
2011.4281,0.63857174,-0.3349815,0.3483075,0.35621423,0.29484844,56.57268,10.182334,8.599232,732.6302
2011.6146,0.035105325,-0.44851643,0.34995955,0.36669925,1.0390204,56.529015,9.874263,8.627628,741.3866
2011.6189,0.21664749,-0.4575792,0.35045713,0.36677888,0.38964465,56.46312,9.813165,8.626016,742.11816
2011.6078,0.482845,-0.4052223,0.3498315,0.3652831,-0.2095658,56.47345,9.86262,8.624968,736.9962
2011.5188,0.023864307,-0.43198782,0.3492657,0.36259356,1.8278576,56.65772,10.176688,8.565404,724.2169
2011.6035,-0.23582365,-0.45524776,0.35025695,0.36451682,2.0374188,56.463757,9.960017,8.626954,737.53546
2011.6165,-0.028267227,-0.4393772,0.34973317,0.36646336,0.6490943,56.461086,9.934344,8.626957,728.6904
2011.6155,-0.472742,-0.43946934,0.35049394,0.3667439,2.014748,56.46217,10.217402,8.626773,738.93726
2011.6178,0.021401621,-0.45611173,0.3505114,0.36680454,1.9854507,56.460194,10.321853,8.62736,742.5729
2011.6183,-0.52808845,-0.38599396,0.35001832,0.36638427,1.051581,56.461617,9.790782,8.627808,737.31067
2011.6134,0.37731028,-0.44294298,0.3502039,0.36676452,1.0220271,56.45823,10.060529,8.627095,742.42413
2011.5703,0.39699495,-0.3908028,0.3478163,0.3580337,1.5709558,56.477314,9.884986,8.617964,726.8826
2011.6168,0.25401083,-0.45645738,0.35049042,0.36679733,1.2561218,56.476063,9.970115,8.627708,742.55994
2011.6173,0.5016241,-0.45402575,0.35024107,0.36675146,0.7343937,56.4771,10.002692,8.627108,742.6782
2011.5944,0.49558634,-0.4229117,0.35014388,0.36416477,0.925112,56.472744,10.168181,8.614798,732.4657
2011.6162,-0.26317474,-0.44483304,0.3503765,0.36622474,-0.069970585,56.466534,9.899272,8.627005,740.4845
2011.5966,0.19534741,-0.43233484,0.349836,0.36442426,0.56839794,56.49938,11.392194,8.626455,725.0051
2011.618,0.74526894,-0.45265102,0.35045156,0.36630067,1.4695536,56.46542,9.801181,8.627275,740.53296
2011.6028,0.13410954,-0.42192864,0.3497652,0.36668345,1.1569427,56.52719,11.523435,8.624596,737.275
2011.5961,-0.48889956,-0.42359406,0.35011864,0.36111227,1.4821396,56.66429,10.223603,8.622251,730.10944
2011.576,0.11107952,-0.41139585,0.34856364,0.36241516,1.4265624,56.4973,10.276818,8.59034,734.6789
2011.6079,-0.13543142,-0.44322962,0.35028186,0.36428607,0.76186794,56.542973,10.043355,8.626442,733.6406
2011.6139,-0.33560768,-0.45184416,0.35022768,0.3664772,0.6339832,56.46321,10.508557,8.619282,738.8105
2011.6188,-0.3155819,-0.44914,0.350453,0.36674407,0.6792433,56.461388,10.029592,8.626762,741.986
2011.607,0.4936837,-0.4548651,0.3503215,0.36671218,-0.078546144,56.465305,11.114585,8.627172,742.6949
2011.6003,-0.040157758,-0.45564097,0.35038865,0.36650547,1.8138927,56.46341,10.06409,8.626873,739.0465
2011.6058,0.34379032,-0.45383525,0.35040292,0.36522654,1.9609423,56.46804,9.851077,8.624648,740.0094
2011.6166,-0.046810888,-0.4367277,0.35051054,0.3665801,0.6738318,56.45808,9.995091,8.6277685,742.9534
2011.5536,0.8438995,-0.43155634,0.34860998,0.36568755,0.48918793,56.46612,10.328124,8.618771,732.99426
2011.6002,0.26940227,-0.43620145,0.34990963,0.3648175,1.6584079,56.468124,10.186271,8.582614,739.4191
2011.6089,-0.24694009,-0.45430315,0.35039788,0.3643646,2.0730505,56.4641,9.9827585,8.619363,730.9859
2011.6144,0.17884627,-0.44600993,0.3504528,0.36592433,1.5602258,56.458622,9.830449,8.626942,743.0872
2011.5792,-0.21438529,-0.41936672,0.34944528,0.36187834,1.8543743,56.48143,10.284366,8.619847,735.4479
2011.6173,-0.1412865,-0.43598986,0.35005268,0.36677095,1.996226,56.462414,9.831197,8.621703,739.38776
2011.5874,-0.13702424,-0.3868938,0.34772658,0.36103293,1.4517583,56.508694,10.371802,8.623209,722.0554
2011.6042,0.64685965,-0.45275503,0.3488278,0.36639702,1.072601,56.81678,10.339438,8.624857,727.20734
2011.6138,-0.0426858,-0.4527074,0.35049862,0.36680344,1.1003594,56.46029,10.477048,8.627374,741.698
2011.6106,0.055197425,-0.4194311,0.34884468,0.36610988,2.0794485,56.46889,9.852815,8.619842,682.4734
2011.6064,-0.23616703,-0.4413303,0.35036168,0.36596146,2.216992,56.487152,9.969668,8.624782,738.7517
2011.5913,-0.04529529,-0.32241982,0.34907252,0.3623843,1.0360322,56.477154,10.024255,8.623829,724.9971
2011.4343,-0.33091316,-0.3455835,0.3456942,0.360435,0.37844038,57.093494,13.170546,8.585992,674.90717
2011.6146,-0.1970029,-0.4298511,0.35025233,0.3666372,1.2451059,56.483444,9.979049,8.625555,740.6705
2011.6096,-0.3304225,-0.42293066,0.3501654,0.3662543,1.9611431,56.475773,10.0303545,8.627072,691.45337
2011.5984,0.25494426,-0.4005224,0.35026145,0.36167422,0.21309717,56.46836,9.9073515,8.625559,739.62836
2011.5461,-0.10194298,-0.42969918,0.34915543,0.3633455,1.7385163,56.465504,11.184411,8.623097,736.96027
2011.6154,-0.1418912,-0.43891573,0.3499025,0.36589196,2.3659298,56.644447,10.070144,8.624724,729.9878
2011.5452,0.4248845,-0.41974467,0.34962848,0.3651878,1.6437443,56.479664,11.044265,8.62115,739.9233
2011.6063,0.34473947,-0.39146745,0.3501157,0.3658454,1.6151649,56.67746,10.162322,8.62463,732.76117
2011.5337,0.24719591,-0.3533473,0.34832066,0.34778228,0.5021634,56.655056,11.019492,8.58934,723.9551
2011.618,-0.06542694,-0.43540812,0.35029575,0.36681986,1.9103028,56.458633,9.773477,8.6275625,739.03107
2011.5983,0.4230268,-0.40238488,0.35029775,0.36276892,0.11472847,56.465828,9.971742,8.62131,740.96246
2011.584,-0.037899606,-0.42677408,0.3502779,0.36126953,1.0147296,56.480988,10.0206785,8.625788,738.3442
2011.5333,0.116124935,-0.39648134,0.35013852,0.36455563,1.528835,56.55507,10.322497,8.623261,736.5533
2011.6158,-0.07311108,-0.4352625,0.350488,0.3663615,1.8753431,56.581516,9.9672365,8.626935,742.27826
2011.6042,0.28677484,-0.45481473,0.35041973,0.3661578,1.103474,56.473904,10.337253,8.608467,735.4922
2011.604,-0.19873704,-0.43333668,0.35029104,0.36662263,1.8425895,56.4867,10.575286,8.613384,731.483
2011.6066,0.08840547,-0.4564047,0.35047618,0.36497,1.5137635,56.49869,9.961619,8.625117,697.13403
2011.617,-0.035242073,-0.45332283,0.35047504,0.36616057,0.7367142,56.47826,9.987126,8.621684,742.02344
2011.5973,0.63051915,-0.36606956,0.34950218,0.36337566,0.4181036,56.5157,10.415652,8.602592,734.60815
2011.5559,0.5186801,-0.23608382,0.34987372,0.3607148,0.1737339,56.507343,9.944884,8.608314,737.1267
2011.6183,0.2469458,-0.45918548,0.35049438,0.36669338,1.3762742,56.459675,10.011537,8.6275,742.7649
2011.6083,0.31046194,-0.4533375,0.3503991,0.3660319,0.8674928,56.495293,10.574199,8.615479,739.83673
2011.6006,-0.008463465,-0.41626936,0.3486479,0.36670297,1.8061037,56.467026,10.140191,8.620274,731.12744
2011.3705,0.6675496,-0.4141237,0.34602293,0.36013559,1.0881294,56.50364,11.264901,8.599825,722.40326
2011.6117,0.19606549,-0.43360782,0.3504242,0.36493063,-0.43114093,56.46136,10.107419,8.6271925,737.536
2011.6166,0.10558037,-0.45730203,0.3504942,0.36680615,1.0456033,56.46537,9.853349,8.626425,742.7235
2011.61,0.63449395,-0.43957287,0.349483,0.36572465,2.3468256,56.59474,10.647964,8.627121,737.40405
2011.5686,-0.33644107,-0.37631726,0.34416252,0.36242133,0.9118029,56.67401,10.641355,8.611229,697.1855
2011.6122,0.3113482,-0.4346323,0.35027787,0.3660451,1.8483179,56.47292,10.029162,8.626155,742.4243
2011.6099,0.15468675,-0.4245816,0.3498011,0.36637664,1.4564149,56.507206,10.358212,8.624089,734.74133
2011.6119,-0.16265102,-0.41978842,0.34934205,0.36623976,1.3462627,56.47109,10.165662,8.608364,733.93823
2011.6116,-0.3084419,-0.43673044,0.35034776,0.36635867,1.1932912,56.460556,9.916345,8.626103,740.388
2011.6144,0.09249399,-0.4473679,0.35035875,0.3663167,1.9214708,56.471497,9.847472,8.627453,736.1297
2011.6118,0.39496905,-0.45730776,0.350219,0.36677757,1.5232139,56.464348,10.292737,8.62736,741.6133
2011.6135,-0.084237956,-0.45268005,0.3504489,0.36648306,0.32716554,56.464798,9.881976,8.625784,738.60455
2011.6104,-0.30853137,-0.44917506,0.3504262,0.36137316,2.201141,56.482124,9.981526,8.596328,712.94037
2011.5814,-0.2664093,-0.44054317,0.35029456,0.36559543,-0.085856475,56.474174,10.115569,8.626925,718.4862
2011.6113,-0.08144482,-0.45322353,0.35035512,0.36305377,1.2692623,56.518127,10.155242,8.603179,739.8981
2011.5963,0.7362745,-0.42747623,0.348441,0.36524424,1.0289981,56.490913,10.51163,8.615913,736.561
2011.5763,-0.07343327,-0.39811623,0.34066042,0.36517873,1.8244804,56.856846,11.0544195,8.596956,646.9859
2011.6157,-0.04930415,-0.45651156,0.35020372,0.3665803,1.219809,56.465515,9.985545,8.625827,743.081
2011.5996,0.2947318,-0.40918398,0.35006022,0.36429447,1.053222,56.463818,10.131587,8.611136,739.30273
2011.6108,0.03452692,-0.45426816,0.3504032,0.36632556,0.8637617,56.46336,9.878936,8.62543,736.4451
2011.6127,-0.090814166,-0.4134851,0.3498642,0.3650953,1.0299417,56.873116,10.768752,8.626499,731.49005
2011.6036,0.12038193,-0.4322425,0.35008028,0.36499006,0.039078377,56.517815,10.605632,8.62607,731.6712
2011.618,0.41014668,-0.45963007,0.35048908,0.36681926,1.4276347,56.492928,10.07577,8.625748,741.6834
2011.5677,-0.00565087,-0.4310586,0.34996772,0.36556816,1.1844659,56.476604,9.891952,8.623788,742.0247
2011.5978,0.70867187,-0.39733738,0.3430435,0.3551955,1.1595175,56.711876,10.216872,8.617701,706.3182
2011.6063,0.13297777,-0.43383527,0.35042432,0.3659411,1.6017575,56.496597,10.452714,8.620309,740.48834
2011.5938,0.6973891,-0.44223273,0.3503174,0.36559454,1.0194945,56.48432,11.389979,8.60568,740.5225
2011.4886,0.3010709,-0.4055066,0.3477368,0.361741,1.4805143,56.723698,11.274262,8.594171,717.76965
2011.5363,0.36815467,-0.4110152,0.34910676,0.36266884,1.548387,56.63219,10.5639925,8.613322,699.2777
2011.6082,-0.12478592,-0.45341206,0.3503374,0.36482355,1.9026153,56.457783,9.861539,8.624833,733.6095
2011.5693,-0.15574451,-0.42560786,0.34947106,0.36510447,0.7970481,56.560184,10.835921,8.621372,736.8435
2011.5634,-0.24050577,-0.3584686,0.34924144,0.3657996,1.42728,56.54622,9.983174,8.610852,708.48615
2011.6022,0.0976953,-0.43052477,0.35006064,0.36627084,1.1606485,56.476475,9.996636,8.622218,727.93475
2011.612,-0.27872178,-0.43833464,0.35033432,0.36660218,0.67729574,56.473484,9.884278,8.626686,742.6336
2011.5209,0.2617385,-0.38067758,0.34706852,0.36271265,1.3039715,57.3528,10.768018,8.611654,736.9118
2011.598,0.30378515,-0.40747684,0.34948018,0.36478657,1.2430067,56.63646,13.628537,8.6213665,736.1589
2011.503,-0.17242195,-0.32277048,0.34941646,0.36297557,0.48657733,56.66207,10.986163,8.580882,732.3053
2011.6028,-0.115175806,-0.3755929,0.35025153,0.36344883,1.6980325,56.46984,9.847852,8.623517,737.60626
2011.602,-0.08795761,-0.4337446,0.3503425,0.3646371,0.7562825,56.502945,10.183129,8.623283,741.4854
2011.6149,-0.48684666,-0.40452254,0.35006276,0.3664334,1.1708012,56.492912,9.914685,8.627696,739.3984
2011.6177,-0.36106,-0.45274842,0.3504811,0.3657501,0.7704659,56.457836,9.821862,8.626475,740.66785
2011.6133,-0.34063414,-0.4528849,0.35038614,0.3660927,1.1905465,56.45846,9.858239,8.61057,739.5082
2011.586,0.45474243,-0.4555226,0.34987667,0.36673388,1.2235159,56.48613,10.008412,8.62746,741.96893
2011.6014,0.06076912,-0.45296776,0.35037807,0.36298478,1.1569958,56.461967,9.903771,8.626167,737.577
2011.6133,-0.34548917,-0.44759125,0.35025164,0.36677775,1.3186738,56.475918,11.597943,8.627134,741.3821
2011.6055,-0.3826888,-0.439416,0.3503468,0.36649498,2.153039,56.558434,10.563996,8.624601,738.1532
2011.6154,0.17403011,-0.44091445,0.35049492,0.36680204,0.702432,56.464985,10.653018,8.621801,743.0534
2011.5956,-0.2642229,-0.42856932,0.3502265,0.36024415,1.9347479,56.518097,10.578298,8.62238,726.85004
2011.5433,0.085428484,-0.43809563,0.34735245,0.3662482,1.1933622,56.572845,11.031249,8.610893,737.60815
2011.6168,0.29505137,-0.45443743,0.35033625,0.36678845,1.4263512,56.491646,10.278012,8.627007,738.54504
2011.6105,0.38973516,-0.42190808,0.35031432,0.360755,0.8599669,56.463154,9.92685,8.596922,734.32916
2011.6138,0.10222358,-0.44057757,0.34974608,0.36390722,1.453051,56.514782,10.126393,8.625539,726.00934
2011.6046,-0.038941078,-0.44161534,0.35020357,0.36525965,1.9913232,56.485188,10.256951,8.62493,736.9593
2011.6182,-0.34371445,-0.45478803,0.35052186,0.36658624,1.3566238,56.458347,9.875087,8.627395,742.455
2011.5475,-0.34351525,-0.36988616,0.3484149,0.35753733,1.1173462,56.54194,10.218545,8.58335,704.7293
2011.6178,-0.28703836,-0.458237,0.3505237,0.36673534,1.6647403,56.459908,9.941983,8.626869,742.25665
2011.6171,-0.026652984,-0.45825905,0.35052016,0.3667625,1.0066031,56.458893,10.10292,8.627555,742.42065
2011.5865,-0.16108145,-0.43817836,0.34984142,0.36239696,2.2922657,56.516533,10.958493,8.620974,725.57776
2011.5807,0.2543392,-0.40107316,0.3501438,0.36575693,1.132403,56.462963,9.886891,8.579959,741.6079
2011.5393,0.44998455,-0.41309828,0.34958163,0.3576657,1.223225,56.46899,10.592006,8.61802,736.6984
2011.6033,0.6908263,-0.42708486,0.35014307,0.36660624,1.7586625,56.480217,10.127049,8.620573,741.2315
2011.5588,-0.23204602,-0.29861432,0.34040776,0.36559343,0.26213154,57.660122,11.7267065,8.566007,697.7752
2011.6179,-0.4747149,-0.45756733,0.35037875,0.36679214,2.6613169,56.459034,9.926194,8.626381,738.8606
2011.6117,-0.03891977,-0.4516651,0.35039923,0.36604092,0.9600114,56.664074,10.090177,8.625159,738.1882
2011.57,0.14459543,-0.37083572,0.34854162,0.36444497,0.66444594,56.94481,12.858016,8.602464,703.93054
2011.5106,-0.15527274,-0.41384512,0.34961942,0.3654736,1.8390718,56.701206,12.387885,8.621558,730.35596
2011.5983,0.3768719,-0.4339561,0.3491492,0.3620905,0.34505025,56.95684,10.581157,8.625548,723.0263
2011.5741,0.16447431,-0.44683546,0.3487673,0.36523512,1.5190444,56.484295,10.761392,8.617158,741.04144
2011.589,-0.09987905,-0.44776762,0.3500274,0.36476177,1.340298,56.53607,11.128207,8.626003,734.6126
2011.6055,0.51839423,-0.44767666,0.35012352,0.36422592,0.89886326,56.474323,10.972545,8.620153,738.2485
2011.5874,0.22265807,-0.4217565,0.34796193,0.36608845,1.281358,56.551823,10.120616,8.621148,711.1035
2011.611,-0.037567012,-0.43471903,0.3493979,0.36670923,1.8388687,56.470325,9.958699,8.620532,728.61554
2011.6118,0.025465198,-0.42818606,0.3503436,0.36668774,1.2180089,56.4845,10.024644,8.626493,741.56635
2011.6156,0.37329507,-0.45796,0.35042647,0.36564338,1.458679,56.46001,10.222327,8.624004,736.1457
2011.6066,0.31043032,-0.4476518,0.3500922,0.36311588,0.95783246,56.46996,10.035106,8.596489,738.3622
2011.4762,0.06009624,-0.3507465,0.34557414,0.36523092,1.5860054,56.53422,10.718633,8.624828,733.1842
2011.6162,0.33738446,-0.4556787,0.35043883,0.3667939,2.1605601,56.457405,9.818589,8.626873,742.9687
2011.6178,-0.44602016,-0.456042,0.35051206,0.36647046,1.9893893,56.469707,9.831262,8.627014,741.48584
2011.6093,0.5400904,-0.41080368,0.35017818,0.36397108,0.97428304,56.464645,10.288375,8.620764,734.9474
2011.6165,0.6240464,-0.44968945,0.35036787,0.3667739,1.3025284,56.479828,10.466674,8.620614,743.09247
2011.3604,0.64724874,-0.30767852,0.33067983,0.33084363,1.1706748,57.38042,10.748626,8.568655,561.9486
2011.6007,0.70808595,-0.41283154,0.34862188,0.36588106,1.0610344,56.548576,10.049249,8.626863,732.36414
2011.566,0.4986663,-0.4126976,0.3481758,0.36425075,1.6325622,56.59285,10.31747,8.610731,705.4457
2011.6168,-0.24240686,-0.44302857,0.3503692,0.36621878,1.9937475,56.461216,9.851436,8.622319,741.5067
2011.5934,0.5293156,-0.4318171,0.34701288,0.35896814,1.6571664,56.5986,10.421063,8.577879,715.4459
2011.5946,0.096265115,-0.45777345,0.35048857,0.36597782,1.3962564,56.483917,10.166642,8.620074,737.98517
2011.6177,0.17975909,-0.4581393,0.35049158,0.36657283,1.9068158,56.46131,10.101462,8.626987,741.0078
2011.6162,-0.22306676,-0.4396103,0.350005,0.36630097,1.7605672,56.461853,10.044072,8.626859,741.7898
2011.6078,0.7802549,-0.4503634,0.35031348,0.3654987,0.84496194,56.475494,9.9857435,8.61927,739.1374
2011.5121,-0.05738827,-0.3707708,0.34792846,0.35674125,1.6363341,56.509953,11.758924,8.5153885,714.6461
2011.5469,-0.04478141,-0.41482675,0.34791,0.36406314,1.7150396,56.538494,9.933055,8.591149,594.83453
2011.6151,0.53912205,-0.42939806,0.34997702,0.36644998,1.9097203,56.594078,10.174169,8.625594,734.05005
2011.6138,-0.40266278,-0.4443869,0.35036486,0.3654221,2.5927248,56.543335,10.086684,8.626943,666.3105
2011.396,-0.067426614,-0.35524118,0.321445,0.26223895,0.3917029,57.238026,15.109822,8.568614,617.08026
2011.5951,0.19865952,-0.42482883,0.34893477,0.3654229,2.013588,56.482075,9.872064,8.626038,726.0599
2011.6067,-0.01220312,-0.4370429,0.35041296,0.36574832,0.3870818,56.734592,10.482987,8.615485,730.4241
2011.6156,0.14626636,-0.4479516,0.35014528,0.36485758,0.07472553,56.483173,9.931647,8.623157,724.6451
2011.6166,0.32307792,-0.4343537,0.35041565,0.36669007,0.75508374,56.494633,10.442943,8.62491,742.55096
2011.5061,0.1613546,-0.42672265,0.34308395,0.36392537,1.6680697,56.64636,10.49421,8.620514,690.36993
2011.5741,0.385126,-0.421682,0.3479842,0.36542532,0.19683613,56.50733,11.035352,8.623137,738.0052
2011.6145,-0.16778024,-0.45788366,0.35041636,0.36667112,1.3830391,56.46918,9.916141,8.625221,738.4516
2011.577,0.015800364,-0.32613283,0.34978974,0.362537,1.3269701,56.68772,12.722739,8.605445,737.67017
2011.6185,-0.34488645,-0.44855732,0.35049796,0.36682022,1.7062609,56.45778,9.823079,8.627554,743.0086
2011.5839,0.888405,-0.37710756,0.35016716,0.36517382,0.6910269,56.46261,10.995004,8.620099,742.1858
2011.5745,0.32672665,-0.4215389,0.34938022,0.3623673,0.90337545,56.478104,10.322875,8.623878,737.3162
2011.6134,0.060595937,-0.4235899,0.3503392,0.36646828,1.7340822,56.459656,10.012588,8.624868,738.95166
2011.6189,0.02557651,-0.42816973,0.35049304,0.3664102,1.5999278,56.459843,9.778794,8.627811,743.05615
2011.6188,0.03493131,-0.4467951,0.3505133,0.3667299,0.8828203,56.461014,10.228723,8.6276045,742.48804
2011.6052,0.821808,-0.43876666,0.3497835,0.36490756,0.6412097,56.51074,10.436847,8.621392,740.06976
2011.6038,0.4435669,-0.41967052,0.34972787,0.360977,0.22620173,56.502464,11.11937,8.574013,735.0627
2011.6143,0.871881,-0.4437256,0.35032097,0.36582893,0.77369654,56.466114,9.930078,8.627354,739.35376
2011.6168,-0.51338583,-0.4429571,0.35046446,0.36675623,1.6145084,56.458553,9.857404,8.623821,742.7786
2011.605,-0.004061214,-0.44496816,0.35035685,0.366683,1.7945225,56.555103,10.516589,8.59989,740.4844
2011.4878,0.15548326,-0.3373723,0.33801678,0.35818,1.2376251,56.620853,11.959495,8.522053,706.17816
2011.6183,-0.22366388,-0.45837182,0.35047987,0.36652493,1.8679633,56.45943,9.956183,8.627643,743.2782
2011.6161,-0.030363612,-0.45052266,0.35043535,0.3666814,0.75046873,56.462555,10.799109,8.627438,742.8858
2011.6146,0.47470024,-0.4398517,0.35007972,0.36585847,1.0181708,56.491554,10.087754,8.6226015,739.11676
2011.5999,0.08387766,-0.24468674,0.34124646,0.34979844,1.1372261,57.414806,10.278544,8.615472,592.1063
2011.6062,-0.18906839,-0.38353658,0.34873664,0.36316773,1.9219404,56.47003,9.805886,8.627377,662.64746
2011.4558,0.19569369,-0.35171086,0.33731544,0.3601912,1.4770443,56.67912,12.111789,8.580099,718.2596
2011.6157,0.517204,-0.4589821,0.35051593,0.36682346,0.682839,56.476337,9.911386,8.627725,742.7836
2011.6072,0.18294849,-0.44491553,0.35046455,0.36661485,0.70833725,56.49554,10.245275,8.619186,742.74194
2011.619,0.62780195,-0.4550087,0.35049662,0.36631498,0.9055485,56.498497,9.86831,8.627718,742.3833
2011.4891,0.38157558,-0.35892302,0.34952506,0.36586273,1.8163117,56.57316,13.966247,8.625522,737.3707
2011.6179,0.3218764,-0.43737948,0.35023972,0.36628315,1.0855613,56.512226,9.856269,8.620162,741.0129
2011.5797,0.48804158,-0.438868,0.34908074,0.35684854,1.8392035,56.50613,11.179782,8.619922,719.8932
2011.6166,-0.36628476,-0.4537288,0.35050353,0.36670297,1.6928997,56.469944,9.877116,8.626097,741.5865
2011.6133,0.18871821,-0.4493922,0.3504845,0.36638823,1.7826669,56.495087,11.395904,8.624237,741.19385
2011.5961,0.0964276,-0.4116912,0.34949642,0.36630845,1.560579,56.507523,10.119458,8.621428,732.4781
2011.615,-0.35424086,-0.45641553,0.35052654,0.366813,2.2822978,56.459694,9.96531,8.627673,742.58655
2011.49,0.2927317,-0.4289134,0.3493184,0.36643162,0.9233952,56.509136,12.095307,8.621889,740.3081
2011.59,0.6436742,-0.44888878,0.35021046,0.3650525,0.726391,56.554634,11.172811,8.622215,741.43243
2011.5939,0.44257724,-0.43588746,0.3451247,0.36335206,1.4358773,56.523518,10.335345,8.624706,728.1859
2011.613,0.189554,-0.45510668,0.35039753,0.36668888,0.73384595,56.486694,10.203088,8.6258335,734.2242
2011.6151,0.13883154,-0.42706645,0.3504486,0.366505,1.849592,56.469055,9.811435,8.622646,740.4709
2011.5353,1.1075754,-0.4102651,0.34991947,0.3651873,0.6371638,56.46446,9.875033,8.619115,740.0724
2011.6168,-0.4991162,-0.44807422,0.35046288,0.36637986,1.3237535,56.468014,9.825322,8.626667,648.4151
2011.5972,0.64679366,-0.4433148,0.34926474,0.3660261,0.5893148,56.500263,11.363151,8.618493,739.45135
2011.6174,-0.23661686,-0.45617133,0.35047773,0.36669716,1.6596808,56.458027,9.784083,8.627549,742.2973
2011.6086,0.6997044,-0.44523257,0.35032222,0.3661063,1.3442128,56.47094,11.377946,8.625325,742.256
2011.5875,0.3428464,-0.39010942,0.34783253,0.3611877,1.2653885,56.59087,10.364221,8.613361,705.3605
2011.6161,-0.019738398,-0.45535415,0.35044086,0.36647007,2.2836711,56.465706,9.965718,8.627538,725.4329
2011.253,0.79019696,-0.32517898,0.34709653,0.35489735,0.6371683,57.028137,12.438422,8.527775,731.8896
2011.5967,-0.060153447,-0.4503137,0.3497723,0.366516,2.0702393,56.46656,10.142585,8.621763,738.05786
2011.618,-0.21613862,-0.4590848,0.35044262,0.36677316,1.84763,56.458347,10.13005,8.627544,741.91895
2011.5078,0.28080183,-0.18676893,0.329451,0.3472807,1.8419976,57.31889,11.395242,8.602528,679.23804
2011.6162,0.60373193,-0.45081013,0.35046303,0.36598203,1.5691131,56.46242,10.13178,8.62505,743.2153
2011.5625,0.40283704,-0.4431826,0.3485381,0.36588624,1.9430281,56.67777,14.361915,8.6262045,732.548
2011.6025,-0.17477049,-0.44067633,0.35046482,0.36670452,1.1255075,56.468227,10.380725,8.625173,737.382
2011.61,0.35243937,-0.4515581,0.35045755,0.3668074,1.113411,56.485283,10.512855,8.620397,738.22076
2011.6115,0.29862735,-0.45311815,0.35014877,0.3627285,0.8667868,56.482506,9.996743,8.624144,739.3296
2011.6089,0.012724824,-0.44550323,0.3503904,0.36603478,0.82736427,56.481094,10.131293,8.626337,739.1885
2011.446,0.5334086,-0.42015523,0.3484613,0.35184208,0.27608427,56.59856,12.115342,8.580763,722.7628
2011.6063,0.14691488,-0.45534128,0.3502071,0.3643901,1.5946434,56.57767,9.936852,8.623477,698.70917
2011.613,0.048092045,-0.45084316,0.35043907,0.36650407,1.6146234,56.45874,9.889817,8.621998,741.6701
2011.5874,-0.10203316,-0.41378963,0.34837288,0.3613322,1.3099428,56.660656,10.384349,8.589659,726.3857
2011.598,0.022659726,-0.41990012,0.35043404,0.36372536,2.11519,56.485027,10.02963,8.6117115,734.0107
2011.6167,-0.03941553,-0.43136436,0.35014743,0.36329517,0.92317796,56.918655,10.523433,8.6270075,724.6665
2011.6051,0.5388345,-0.33005446,0.3500811,0.3663631,1.3370636,56.465088,10.033132,8.626986,738.50604
2011.5997,-0.03134059,-0.39689523,0.3476562,0.34377283,1.3068725,56.48585,9.977525,8.599893,705.01447
2011.6172,-0.29366824,-0.45312458,0.34941134,0.36646006,0.8330727,56.47297,10.022639,8.625893,734.0899
2011.6035,-0.24633195,-0.43707752,0.3501452,0.36013767,1.230336,56.503857,10.208379,8.617622,725.7642
2011.5055,0.4260724,-0.41451514,0.34782067,0.3647925,0.4317034,56.604256,10.446471,8.619831,731.37866
2011.6038,-0.11878767,-0.45152467,0.35046628,0.3652732,1.4022545,56.575367,10.233096,8.621538,739.7398
2011.604,0.46355405,-0.44902796,0.35041407,0.3660409,1.4171606,56.51413,11.631146,8.605425,740.2497
2011.6128,0.33440888,-0.44549143,0.35038325,0.36578652,1.2768285,56.468376,10.109027,8.626581,741.81726
2011.6034,-0.43330595,-0.36167705,0.34384513,0.35899526,2.017378,56.47576,9.8403845,8.624906,677.3643
2011.6058,0.14615165,-0.4393971,0.3503048,0.3654851,1.7220739,56.52064,10.165814,8.625709,738.75214
2011.5536,0.21677908,-0.43740082,0.34870657,0.36524382,1.9078938,56.474934,10.499816,8.614538,695.6455
2011.6018,-0.40823433,-0.3682043,0.34982702,0.34260777,1.7590054,56.5298,10.914872,8.607385,699.76715
2011.6055,-0.37735978,-0.35294557,0.3497861,0.35382533,1.6740797,56.53085,10.119548,8.622886,706.3506
2011.5603,-0.41752544,-0.4409939,0.35020506,0.36532837,1.7342737,56.630875,10.304111,8.624003,728.22015
2011.6151,0.02713675,-0.44541544,0.35039395,0.3660244,0.8296278,56.46023,10.171283,8.626712,741.8407
2011.6091,0.15943037,-0.43358392,0.3499675,0.3661564,0.6718786,56.531605,12.53682,8.618374,741.9402
2011.5707,0.09009711,-0.4455831,0.35038137,0.36608556,1.5416642,56.66107,10.666898,8.618188,735.3862
2011.5776,0.5359679,-0.40780914,0.3495901,0.35165408,0.6876389,56.715263,11.172601,8.618156,723.57574
2011.5851,0.38647795,-0.4026559,0.3483609,0.3637597,0.9996119,56.568344,10.117793,8.607367,647.05994
2011.6156,0.8683299,-0.45605338,0.35047874,0.366281,1.5885205,56.466335,9.860044,8.627565,742.6155
2011.6075,0.028153606,-0.44712085,0.3504265,0.3665161,1.8530126,56.461674,10.123622,8.623199,739.10986
2011.5964,0.047342725,-0.43572938,0.3501105,0.36579227,1.5735823,56.47724,10.582448,8.606616,726.30884
2011.6106,-0.12265738,-0.456348,0.3503992,0.3666811,2.2813249,56.46557,10.329415,8.625305,738.9645
2011.5956,0.0037971514,-0.40081865,0.3495523,0.3651911,1.7808565,56.466087,10.0073595,8.601553,740.18134
2011.6041,-0.07440569,-0.40112084,0.35044163,0.3658029,1.8381885,56.519974,10.044677,8.616774,689.21735
2011.5514,0.6235218,-0.18950395,0.34131533,0.3327121,0.7616417,56.700916,13.376293,8.621607,719.4084
2011.6132,0.21359682,-0.45571852,0.3502946,0.3664159,1.84136,56.46317,10.5028925,8.625259,741.80884
2011.6141,-0.09067371,-0.44845045,0.3503719,0.36679938,1.8901381,56.57899,10.091582,8.62707,738.566
2011.6,1.035008,-0.45209837,0.35030487,0.36543843,1.3482103,56.486927,9.9747095,8.626004,742.8529
2011.6167,0.9491773,-0.45945978,0.35050616,0.36672422,0.45987117,56.48987,10.328864,8.627741,742.8841
2011.616,0.03130565,-0.45521426,0.35043097,0.36540478,1.0369207,56.57358,10.077062,8.616608,728.1455
2011.234,0.75449735,-0.4231063,0.3459815,0.36093044,0.7263687,56.57333,10.670861,8.586896,719.25867
2011.6136,-0.20676036,-0.44274473,0.35042942,0.36363572,1.5767226,56.47877,9.844705,8.62084,730.48804
2011.6149,0.41673046,-0.4581316,0.35047108,0.3655577,2.1542594,56.458252,9.966462,8.626859,742.0861
2011.6146,0.6584307,-0.448049,0.3497546,0.36412355,-0.023106553,56.46915,10.703483,8.608754,737.5124
2011.6165,-0.24105717,-0.416376,0.3499653,0.3667261,1.1621251,56.502552,10.464475,8.6272955,739.9278
2011.6123,0.3796171,-0.4028384,0.35000232,0.3664986,0.4316794,56.459198,9.824496,8.626627,742.4836
2011.6062,-0.40309682,-0.41771954,0.3500223,0.3662038,1.4760242,56.553883,9.866715,8.618025,739.681
2011.6102,-0.0369158,-0.41558415,0.35030636,0.36294043,1.4689797,56.459763,9.838162,8.624248,742.7648
2011.5917,-0.014590047,-0.44840062,0.35035568,0.3634218,1.215614,57.141624,9.980397,8.616559,690.19135
2011.5922,0.10152034,-0.4129479,0.35019234,0.3651568,0.84257376,56.464058,9.8599825,8.607615,740.9633
2011.5905,0.56035,-0.42474127,0.35012534,0.36463913,1.5560992,56.51243,10.757745,8.622918,728.184
2011.6168,0.020173617,-0.45329762,0.3504947,0.36668313,2.0377936,56.457863,9.816438,8.6263075,743.2715
2011.6156,0.57189125,-0.45339614,0.34955773,0.366596,1.4249682,56.468334,9.949878,8.626824,715.71484
2011.6028,-0.2611433,-0.43468523,0.34954736,0.3169381,2.0755281,56.68396,10.545716,8.590523,713.3086
2011.6099,0.584256,-0.4494505,0.35048223,0.36585438,0.8914183,56.47075,9.935336,8.624555,740.1518
2011.5946,0.32652974,-0.42752355,0.3499498,0.36426622,-0.100981094,56.66641,11.72643,8.625731,741.559
2011.6125,0.048829593,-0.44187373,0.3502369,0.36582783,0.80820364,56.538757,14.134392,8.61237,741.0063
2011.6061,0.8759845,-0.38246173,0.34992594,0.3643392,0.31510758,56.582996,12.268313,8.62017,741.13306
2011.5852,-0.39777252,-0.4192692,0.34949258,0.3533564,1.3485997,56.481174,10.279317,8.619719,737.05585
2011.5748,-0.015194111,-0.36488545,0.34871238,0.3656905,1.142375,56.66331,13.619042,8.62337,728.5136
2011.5969,0.123141445,-0.38733405,0.3493921,0.3623775,1.5087062,56.664284,10.33257,8.616725,710.3189
2011.589,0.5864758,-0.44783622,0.349706,0.3658117,0.518625,56.594692,10.183143,8.624231,724.0382
2011.5282,0.38571006,-0.40429765,0.34847677,0.34423435,0.83586556,56.79597,10.945527,8.587714,735.10986
2011.6053,-0.116853915,-0.45464766,0.35044223,0.36669433,1.4464383,56.46843,10.32005,8.626444,736.7943
2011.6161,0.07197756,-0.45261347,0.35041913,0.36635056,1.548157,56.477497,9.887458,8.627526,741.5168
2011.5447,-0.43392834,-0.42530185,0.35012263,0.36450595,1.0066671,56.59976,10.353995,8.582869,726.4304
2011.6176,-0.39959106,-0.44530922,0.3504423,0.36658,1.7804898,56.459446,9.795978,8.621608,733.92755
2011.6163,-0.09606566,-0.44975138,0.3504225,0.3663692,0.5902308,56.466927,9.922221,8.619153,737.48517
2011.6189,0.14564769,-0.45967847,0.35051596,0.36681926,0.56913537,56.457466,9.8418,8.627816,742.88165
2011.6108,0.4676293,-0.43418926,0.3502897,0.36664888,1.8770056,56.477413,10.394441,8.627156,742.03326
2011.5571,0.315842,-0.42184085,0.34874082,0.3657728,2.1949127,56.513992,12.4088335,8.618689,737.0438
2011.6183,0.050035395,-0.4562785,0.3505173,0.3667745,1.7941464,56.46065,10.067664,8.625816,742.9036
2011.5846,-0.2966337,-0.44325107,0.3498461,0.36527434,1.5680698,56.50726,10.76818,8.619191,729.7964
2011.6062,0.42037338,-0.43731493,0.34839973,0.36218095,0.6583489,56.553783,10.44144,8.60782,736.0155
2011.5876,0.15079807,-0.37652272,0.34884578,0.35692725,0.15545322,56.6452,12.857461,8.614161,738.74243
2011.5994,0.9340172,-0.36782855,0.34930336,0.36508107,1.1499901,56.507557,10.116595,8.623158,739.6264
2011.5144,-0.20244373,-0.40115362,0.3481646,0.3647126,1.1567242,56.49893,10.869668,8.62061,708.16583
2011.6044,0.09998233,-0.44376564,0.34990737,0.36661637,1.489178,56.460033,10.597165,8.624601,737.8576
2011.6115,0.38098246,-0.4476747,0.34951946,0.3649067,1.3058237,56.540672,10.244554,8.619041,721.52344
2011.5399,-0.25912496,-0.33313036,0.34832412,0.3605181,0.9529316,56.52357,10.108617,8.607,702.92523
2011.6077,0.44161353,-0.38011408,0.34905893,0.35491285,0.31423193,56.78122,10.739072,8.6259165,739.1256
2011.6145,0.1643723,-0.43158466,0.35000488,0.364211,0.77519286,56.527515,10.57408,8.625574,694.1645
2011.4741,0.4128146,-0.37534624,0.32537153,0.35516348,1.4835589,56.712357,10.433963,8.576004,710.2964
2011.6176,0.5017606,-0.4579283,0.35051337,0.36663663,1.3092148,56.460163,9.849559,8.627619,742.5104
2011.618,0.056611307,-0.4589256,0.350503,0.36658874,1.056149,56.489227,10.2842,8.627411,737.2025
2011.6027,0.2567968,-0.4283777,0.34993297,0.3662715,0.45720807,56.46223,10.387816,8.621115,741.994
2011.6057,-0.15816809,-0.43533784,0.3502376,0.36559615,0.9249598,56.524918,10.670215,8.6240635,737.6388
2011.6162,-0.06189,-0.44670635,0.3504736,0.36436746,0.592678,56.46058,9.874652,8.624369,739.9782
2011.5868,0.12571256,-0.4503628,0.34686333,0.36003128,1.2516418,56.595028,12.03831,8.599647,686.4099
2011.5854,0.42757693,-0.45084083,0.34940028,0.36538187,0.94839156,56.486164,10.379781,8.622172,736.8851
2011.6179,-0.39131412,-0.44761455,0.35050842,0.36663786,1.1119478,56.463326,9.807349,8.627654,743.05707
2011.6133,0.66944593,-0.44914973,0.35032964,0.3667056,0.21973456,56.493233,11.0891695,8.6248045,742.8483
2011.5911,0.531223,-0.4401592,0.3497119,0.36408693,0.6725939,56.477596,9.985635,8.622852,739.9507
2011.6056,0.34802675,-0.45427293,0.3503666,0.3660189,1.8704617,56.476543,10.619391,8.621094,740.9317
2011.5134,-0.30064175,-0.3707145,0.3441262,0.36544785,1.5391084,56.642532,10.030919,8.57831,696.9153
2011.6074,0.11684794,-0.44804043,0.3503837,0.36652476,1.0853809,56.47564,10.125155,8.616256,740.09875
2011.6187,-0.46989468,-0.44596618,0.3505043,0.36676684,0.8687061,56.457287,9.832355,8.627775,742.8243
2011.5698,0.42405096,-0.40465957,0.3499484,0.36133638,0.7377757,56.488834,10.276734,8.61023,731.28186
2011.6187,-0.4767647,-0.45837414,0.3505232,0.36669573,1.753544,56.45776,9.857335,8.627403,742.93365
2011.6019,0.10235614,-0.44550174,0.34988406,0.3662307,2.1756897,56.476208,10.063571,8.622254,731.88336
2011.6111,0.2345585,-0.42050624,0.3501924,0.3624259,0.27254894,56.489494,9.841241,8.62734,697.25287
2011.6135,0.96072763,-0.4533223,0.35041526,0.36642867,0.5380644,56.46376,9.877265,8.627131,737.717
2011.6154,0.8200359,-0.4493696,0.35034558,0.36670348,1.8036389,56.474266,9.927815,8.62728,742.9493
2011.6055,0.56877613,-0.38765037,0.34964368,0.36310795,0.9770107,56.48126,9.997956,8.614916,736.55145
2011.3834,-0.01833295,-0.268659,0.34088728,0.36280152,1.365082,56.84915,15.51671,8.591254,725.4266
2011.6104,0.30372486,-0.4135251,0.3489061,0.3653302,0.95686877,56.492153,10.733054,8.624263,737.6578
2011.4813,0.21459413,-0.32191783,0.34754592,0.3420353,0.8497556,56.53136,12.824145,8.605755,715.17847
2011.5629,-0.15284415,-0.4072013,0.34841952,0.3508002,0.98313063,56.62514,10.595235,8.596386,698.9291
2011.601,-0.09035041,-0.4122185,0.35011062,0.35021576,1.1242585,56.474728,10.016488,8.617408,725.18726
2011.6046,0.08509556,-0.40717858,0.3494583,0.36667016,2.2035527,56.48031,10.614793,8.626071,740.34766
2011.5731,0.18951184,-0.4451195,0.34988347,0.36444414,0.9187461,56.52991,10.354001,8.619183,738.3779
2011.5372,0.37959352,-0.23894154,0.34568915,0.3624567,1.4429646,56.511883,10.721545,8.611307,730.3043
2011.5834,0.17650427,-0.439057,0.3502388,0.3656874,1.7498264,56.46415,10.012767,8.625825,740.1374
2011.5826,0.11039547,-0.4130391,0.34981182,0.35842106,1.3363898,56.484436,10.429954,8.621122,738.0701
2011.6183,-0.034726165,-0.45418942,0.3505056,0.36672986,1.5070889,56.457756,9.797418,8.625949,738.6592
2011.6155,-0.09744378,-0.43264282,0.3504006,0.36672854,1.5726984,56.459312,9.80749,8.627413,733.65356
2011.6066,0.61520755,-0.43737137,0.35028645,0.36588547,1.0493423,56.46275,10.102372,8.624587,742.56213
2011.618,-0.31191632,-0.4540025,0.35048378,0.36669,0.76916564,56.45984,9.934005,8.62702,740.4005
2011.6023,0.77232754,-0.45388,0.35030663,0.36600655,1.7417845,56.468143,9.880696,8.625928,741.4595
2011.5114,0.052965082,-0.35331535,0.3472002,0.35049963,0.698289,56.88211,10.816314,8.588232,681.52203
2011.5999,-0.123740576,-0.43196315,0.3500312,0.36244473,0.6079932,56.482002,9.929423,8.603907,714.7544
2011.6097,-0.1956385,-0.4514932,0.3504328,0.36636132,2.0447097,56.460808,9.846822,8.624936,734.46423
2011.5464,-0.31895044,-0.44368744,0.34965014,0.3656614,2.3535025,56.511696,9.971032,8.620655,722.8917
2011.5789,0.37531334,-0.42272407,0.35018253,0.3643722,1.0712314,56.493946,10.088733,8.615424,733.28375
2011.5703,0.5566074,-0.3688556,0.35020086,0.36563954,1.0471214,56.491726,10.51192,8.610739,738.8954
2011.5795,-0.04245668,-0.419549,0.34956637,0.36584413,1.9160683,56.478672,10.115041,8.623889,735.9684
2011.6157,0.0953481,-0.4571424,0.35047022,0.3659712,2.1157386,56.46099,10.045957,8.621343,742.068
2011.6158,-0.13043387,-0.44337773,0.3503684,0.36643192,1.4252069,56.55854,9.900262,8.626811,738.3247
2011.6082,0.7086494,-0.44154477,0.34989342,0.364056,0.9194577,56.488808,10.142884,8.626767,732.72406
2011.587,-0.15950473,-0.40816933,0.34957337,0.36091232,1.3206071,56.701202,10.664866,8.613834,701.17566
2011.6086,0.25397152,-0.4405201,0.35036924,0.3665438,1.1588818,56.49817,11.251388,8.625609,739.72296
2011.6125,-0.005247555,-0.4584118,0.3504827,0.36612964,1.9987484,56.459007,9.824094,8.62668,741.7421
2011.6113,0.22490825,-0.42736822,0.35018027,0.36632702,1.573198,56.47062,10.062364,8.624572,734.9596
2011.6058,-0.32144395,-0.447658,0.35024986,0.36422008,1.0847114,56.4741,10.242209,8.627197,739.4032
2011.598,0.4477005,-0.436033,0.35012498,0.3664276,1.6992515,56.485466,12.21066,8.626734,740.2055
2011.61,-0.3576335,-0.44560456,0.35043108,0.36620682,1.1317099,56.492214,10.181754,8.6269,739.04865
2011.6078,0.34667608,-0.44249368,0.3503784,0.36583772,0.2388648,56.73712,10.574901,8.615205,739.836
2011.5935,0.5318091,-0.44114226,0.3500743,0.36564067,1.8801178,56.460827,10.032147,8.623552,736.6014
2011.6168,-0.24709632,-0.45049685,0.35046804,0.36393255,1.434482,56.457867,9.782382,8.615824,740.7118
2011.5717,0.2517988,-0.40981376,0.34841967,0.36054793,0.6770527,56.4719,9.87889,8.620481,728.53906
2011.6139,-0.21261783,-0.4488734,0.35041064,0.36395547,1.8514239,56.51488,9.846261,8.622808,685.75934
2011.6042,0.13608058,-0.45382696,0.35047397,0.36643144,1.6271223,56.46533,10.39117,8.625717,737.3409
2011.6095,0.3189201,-0.43627918,0.35028917,0.36457902,0.6402926,56.468353,9.960124,8.625765,731.12256
2011.5919,0.34701627,-0.4424017,0.3496894,0.36627454,0.7036983,56.518635,10.273126,8.622674,728.57117
2011.3987,0.35911363,-0.42439348,0.34504446,0.3586601,1.8466115,56.61463,10.503648,8.606356,729.5991
2011.5361,0.8556552,-0.39843374,0.34639373,0.35454106,0.7864295,56.817142,12.647603,8.591649,720.7667
2011.576,0.018004395,-0.3703438,0.34612012,0.3639139,1.2193909,56.82693,11.824382,8.624449,728.8812
2011.5918,0.20893419,-0.30396384,0.34833857,0.36580524,1.8871542,56.58903,11.91653,8.607425,723.364
2011.6073,-0.3559505,-0.44826782,0.35000342,0.36553475,2.17378,56.495224,10.038518,8.624604,731.40765
2011.595,0.94267416,-0.4515916,0.348699,0.36656207,1.3283482,56.495346,10.033265,8.627027,741.6195
2011.5013,1.0889711,-0.44739568,0.34644732,0.36213377,1.0017753,56.47356,10.805747,8.616656,740.8438
2011.6149,0.9462686,-0.45506674,0.35045576,0.36641806,0.5060834,56.478683,10.93323,8.619682,742.18823
2011.6147,0.31894132,-0.4548735,0.350304,0.36600977,0.407466,56.462284,10.81643,8.627559,739.91516
2011.6183,-0.45538917,-0.4532584,0.35051498,0.3667706,2.2290683,56.497986,10.076276,8.6274605,742.3825
2011.5862,0.16819434,-0.44286805,0.34994122,0.35446158,1.0481973,56.480953,10.194249,8.622168,737.6005
2011.5886,0.2529182,-0.4430989,0.35030255,0.36620057,1.4873288,56.490364,11.627849,8.616385,732.4598
2011.6184,0.06797627,-0.45287633,0.3504653,0.36675635,1.2713091,56.4612,9.7760725,8.627554,742.5538
2011.6154,0.1906653,-0.44894838,0.35020632,0.36674917,0.8406227,56.503613,10.065331,8.627149,740.1421
2010.8555,0.40306905,-0.37624043,0.34267646,0.32909924,0.8519982,56.919125,13.252452,8.494008,678.3374
2011.6036,-0.17157616,-0.45228112,0.34922192,0.36674246,0.840302,56.471386,10.36206,8.621712,738.0019
2011.5686,-0.44615898,-0.41276205,0.35018215,0.36163902,1.0963832,56.464893,9.954768,8.62337,700.121
2011.6179,0.6121057,-0.45778877,0.35050422,0.3666188,0.323196,56.457485,9.786975,8.627615,739.7526
2011.605,0.80455554,-0.42948467,0.3504012,0.36663097,1.4192549,56.476875,10.798804,8.625594,741.60345
2011.6138,0.45833716,-0.4384036,0.35042208,0.36669478,-0.07800887,56.467983,10.441152,8.626571,738.1299
2011.523,-0.19965638,-0.42474234,0.34609282,0.35571274,1.6437213,56.573284,11.133315,8.624604,714.3433
2011.5576,0.11603484,-0.13707875,0.34650418,0.36259538,0.7658169,56.748936,10.43378,8.622233,721.3628
2011.5925,0.089461245,-0.377693,0.3473033,0.36087024,1.2488686,56.490753,10.307553,8.625516,732.4163
2011.6106,0.10817356,-0.44283092,0.3502121,0.36627913,2.2524872,56.470863,10.074758,8.620116,728.46484
2011.612,-0.38141605,-0.37901837,0.3498112,0.36600015,1.2283717,56.487278,10.805963,8.62348,729.07245
2011.5964,-0.19965006,-0.3886655,0.34996077,0.36589283,1.4379371,56.530376,10.941617,8.626606,725.44324
2011.6152,0.6167582,-0.4218338,0.35036784,0.36542135,1.2095731,56.473785,10.164098,8.619474,741.94403
2011.6044,0.27576074,-0.43618715,0.35020754,0.36622718,0.8933271,56.533684,10.495395,8.6267605,735.5982
2011.5981,-0.22081567,-0.4435085,0.3500297,0.3649342,2.0605094,56.50167,10.370566,8.614471,719.7267
2011.619,-0.42502055,-0.45876288,0.35051724,0.3666083,1.0758971,56.49869,9.995986,8.627707,740.03436
2011.615,0.16182984,-0.37066334,0.34959507,0.36495125,1.4312682,56.504074,10.664706,8.624352,739.797
2011.5825,0.21820004,-0.44098365,0.34959674,0.36650407,1.7623994,56.69288,10.552548,8.625953,717.86633
2011.6176,-0.18039913,-0.4542526,0.35040745,0.36538643,1.337097,56.475704,9.904937,8.626933,740.60187
2011.5475,-0.25148478,-0.40574038,0.3499945,0.36636233,1.5546901,56.46344,10.839633,8.62452,731.8136
2011.5972,-0.28151527,-0.3986357,0.35003617,0.36591727,1.3218709,56.463272,10.033244,8.619225,740.4595
2011.6111,0.09327144,-0.44236958,0.34934786,0.3638007,1.4662448,56.48991,9.945165,8.621917,723.46954
2011.6129,0.019418068,-0.44405055,0.34983507,0.36497948,1.3745325,56.467346,9.860753,8.623958,739.5934
2011.5934,-0.12312218,-0.4417835,0.34929484,0.36401832,1.5164866,56.47498,9.93838,8.627038,733.5904
2011.6,0.5637601,-0.4408254,0.34951404,0.36662203,1.0772427,56.52268,10.229701,8.624747,740.4413
2011.5704,-0.03684502,-0.31815052,0.34770668,0.357352,1.155222,56.595413,12.222014,8.592654,730.71155
2011.6062,0.45993608,-0.42732644,0.34945503,0.3630555,1.168711,56.535923,10.00974,8.618734,669.564
2011.5726,-0.000671379,-0.41299033,0.34876165,0.36430448,1.3844174,56.48614,10.076869,8.612631,722.283
2011.5646,0.34314466,-0.43054652,0.3486571,0.36204338,1.3938099,56.52253,10.52362,8.604304,716.81177
2011.606,-0.0740112,-0.35053295,0.35041675,0.36680943,1.9341522,56.468132,10.852555,8.623399,742.7982
2011.6061,-0.4875472,-0.41795737,0.3499416,0.36640573,1.028444,56.461826,10.101279,8.622335,729.69116
2011.6003,0.05406133,-0.4235586,0.35036844,0.36621422,1.5600158,56.556465,11.28835,8.620004,737.2604
2011.6147,-0.0111538395,-0.44649744,0.3500801,0.3667205,1.5626026,56.481705,10.223363,8.627289,739.1705
2011.597,0.105048575,-0.39209747,0.3493419,0.35067695,0.9576009,56.526608,9.936494,8.62321,693.24805
2011.616,0.5611628,-0.45310634,0.3504374,0.3664894,0.3489544,56.47441,9.906877,8.62741,731.34595
2011.6141,1.096381,-0.4528501,0.3503348,0.3632336,1.5079083,56.473015,9.894244,8.627302,741.41656
2011.6135,0.21308197,-0.43540007,0.34986597,0.36618173,1.4779032,56.515457,10.433097,8.626824,725.80255
2011.5724,-0.2652202,-0.36066252,0.34889287,0.36321807,1.6877811,56.49476,10.314258,8.592244,713.3256
2011.5658,0.15411624,-0.42348832,0.35035488,0.36568674,1.0293581,56.48292,10.84727,8.62087,741.0713
2011.6016,-0.17987986,-0.43913954,0.3502861,0.366279,1.220759,56.47459,10.152097,8.607428,676.1968
2011.5258,-0.2940481,-0.41557175,0.3464236,0.3508984,1.8906491,56.540802,10.383542,8.570697,710.2462
2011.615,-0.13022591,-0.44758266,0.34990034,0.3667544,1.3757275,56.465923,10.21454,8.627192,742.3271
2011.605,0.34030446,-0.44843996,0.3504722,0.36619005,1.7498773,56.459187,9.897271,8.624145,740.0732
2011.6039,0.06719629,-0.43675148,0.3498458,0.36611181,2.4089177,56.45949,9.802484,8.626503,728.58167
2011.6184,0.7155358,-0.45384413,0.35043946,0.36578965,1.8488594,56.464134,10.130828,8.627712,742.1249
2011.6091,0.13548504,-0.429241,0.35032356,0.36660314,2.1546435,56.461674,9.903983,8.621042,742.08356
2011.6151,-0.011713229,-0.44743127,0.35032237,0.3656967,1.2416577,56.467888,9.813907,8.62485,723.06476
2010.9674,0.19506924,-0.33802056,0.34360778,0.34988454,0.6610099,56.5306,11.843194,8.372348,703.0084
2011.4178,0.661267,-0.37355345,0.34957096,0.36079717,1.3553462,56.66126,11.503388,8.588355,737.44025
2011.6042,-0.09482329,-0.36404073,0.34986955,0.3639911,0.7982562,56.484997,10.399102,8.6225195,722.59784
2011.5839,0.116596736,-0.44875395,0.3503861,0.36641952,1.4439011,56.485752,15.80689,8.627156,740.58966
2011.5939,0.49927217,-0.43303484,0.3498572,0.36362514,0.7130286,56.52488,11.070386,8.620481,738.7021
2011.5767,0.77181846,-0.42759997,0.34483996,0.350753,0.357815,56.569622,11.523828,8.586321,710.8105
2011.5537,0.6151812,-0.40017223,0.34943137,0.35141617,1.4202073,56.737537,11.823874,8.602442,731.26044
2011.6024,-0.12807621,-0.41938162,0.35028046,0.36418334,1.7772968,56.610107,12.887128,8.626984,742.54694
2011.3401,0.7375732,-0.4374447,0.34816593,0.35883453,0.7488191,56.513416,10.928805,8.617669,672.9368
2011.544,0.2718371,-0.40910923,0.3474051,0.36514947,0.71342486,56.531704,16.25459,8.626408,728.5572
2011.618,0.21762235,-0.4573211,0.35051703,0.3667821,1.9578593,56.499332,9.81984,8.627506,743.20776
2011.3546,0.36553046,-0.27329123,0.34307536,0.35504273,1.2351257,56.519314,12.437612,8.60612,725.955
2011.4993,-0.30776015,-0.16341741,0.34439987,0.3291393,0.6718287,57.00588,12.261004,8.553755,589.3362
2011.5376,0.27163446,-0.30495453,0.3491524,0.34930924,1.664151,56.552727,11.518905,8.609834,704.86523
2011.6018,0.15799895,-0.4337322,0.3477744,0.3664728,1.2404417,56.492584,10.118606,8.6208935,740.1854
2011.5911,0.38981622,-0.38389736,0.34984028,0.3611785,0.9719684,56.494537,10.536393,8.625867,740.648
2011.6163,-0.5764128,-0.4393639,0.35049886,0.36663768,1.5089263,56.462902,9.846456,8.6137495,734.2943
2011.6163,-0.36402926,-0.4522245,0.35040417,0.36668602,2.2097487,56.465473,10.130067,8.6273,739.98987
2011.6149,-0.31422892,-0.4406863,0.3497578,0.36602673,1.6828781,56.492416,9.929847,8.620411,740.4931
2011.6094,0.08299313,-0.44545776,0.35022599,0.36411119,1.190753,56.4663,9.93846,8.624166,735.624
2011.6055,-0.033328436,-0.44619197,0.35021272,0.3660116,2.2872355,56.47096,10.087367,8.622005,738.69415
2011.5795,0.108479805,-0.4335075,0.3492851,0.36579633,1.8143772,56.470287,10.051097,8.609525,732.4238
2011.6158,-0.25697628,-0.44844037,0.3505081,0.3666584,1.3918536,56.528458,10.255006,8.62631,741.6421
2011.6061,-0.1988842,-0.42494977,0.35036257,0.3632804,1.2149401,56.46695,10.009934,8.625798,735.74365
2011.5983,0.68111575,-0.45918316,0.34953883,0.36635968,0.67025435,56.510036,9.888284,8.6271715,740.11115
2011.5787,0.6436761,-0.42044443,0.34977403,0.36274204,0.41184148,56.627007,13.617994,8.622033,724.83704
2011.5864,0.4483852,-0.41814578,0.3493913,0.3587387,1.8691113,56.69676,10.391768,8.614753,733.62976
2011.6166,0.10324139,-0.45938987,0.350517,0.36680728,2.3858125,56.464233,10.019359,8.627327,742.9837
2011.5518,0.8643428,-0.4113301,0.34909618,0.3538016,1.3734871,56.52749,10.109647,8.61662,702.2431
2011.5964,0.011437573,-0.43247175,0.3499038,0.36519268,-0.4193484,56.493687,10.170609,8.576099,736.55896
2011.5679,-0.028775774,-0.43361592,0.34960344,0.3657797,0.8703928,56.47365,9.9644,8.618931,704.5895
2011.569,0.76733726,-0.45210642,0.3504606,0.36618474,2.2696416,56.46302,9.907065,8.627097,740.8659
2011.572,0.07336561,-0.42853415,0.34891462,0.36318156,1.5069871,56.537296,11.690225,8.610576,726.6666
2011.3442,-0.27534184,-0.28787506,0.34589937,0.34482375,1.263655,56.83151,11.143138,8.530613,557.84717
2011.6049,-0.06918081,-0.45038867,0.35016835,0.36583632,1.9833815,56.48733,10.287309,8.616643,739.499
2011.6133,-0.075502686,-0.42787868,0.35038382,0.36559418,1.6362591,56.484432,10.089019,8.625064,733.1134
2011.6188,0.8173407,-0.45762104,0.35052174,0.36674273,0.69717544,56.46015,9.847295,8.627643,743.38745
2011.5996,0.01914639,-0.39332747,0.34995773,0.3657838,1.4168662,56.509968,10.359714,8.622557,736.35803
2011.4169,0.06340597,-0.23235689,0.32309154,0.31507313,1.397408,56.620422,11.186736,8.347756,692.8287
2011.5817,0.628948,-0.4052204,0.35000122,0.3614009,0.9192818,56.733852,10.012734,8.610385,680.2341
2011.6017,0.8004645,-0.4481125,0.35045496,0.36560237,1.8889805,56.461754,10.023923,8.6258745,742.727
2011.5177,-0.16278394,-0.41665852,0.3473336,0.3531139,1.7133447,56.572464,11.126912,8.620175,700.9762
2011.6115,0.25843313,-0.45070297,0.35042906,0.36569747,0.4455773,56.49996,10.650174,8.622286,740.5978
2011.457,0.29993796,-0.40329528,0.3489959,0.3637479,1.0688919,56.558254,12.334332,8.586186,737.88293
2011.6154,0.47653785,-0.4540094,0.35044494,0.36677262,1.5772825,56.460598,10.101487,8.623328,742.7205
2011.5077,0.14457439,-0.2967919,0.3465149,0.33649528,0.7977074,56.580627,12.727141,8.56728,656.3363
2011.5566,0.0028821605,-0.41122246,0.34997833,0.3538413,1.4452448,56.476887,9.955487,8.622699,729.6133
2011.5967,0.14758207,-0.421418,0.3481466,0.3343632,0.7494612,56.511707,10.313977,8.591609,721.11053
2011.6106,-0.40579894,-0.45094013,0.35004663,0.36357152,1.6908253,56.462143,9.876775,8.609931,731.8854
2011.6147,-0.26819995,-0.4270751,0.34983152,0.3656317,0.8859413,56.49612,10.639062,8.623253,740.19763
2011.5708,0.21687086,-0.4344951,0.34865287,0.3610295,1.4203569,56.521946,10.808291,8.623295,739.34656
2011.6154,0.47809374,-0.455355,0.35045758,0.36648706,1.4990261,56.47287,9.952844,8.621699,740.8964
2011.534,0.13521312,-0.317284,0.3459227,0.32199404,1.2298372,56.57796,10.626834,8.553591,714.1071
2011.6176,0.6054475,-0.4241048,0.35041055,0.36635748,0.2894972,56.470287,9.899005,8.627538,741.76575
2011.5311,-0.15614541,-0.42947906,0.3498931,0.3653647,1.1464689,56.616356,10.63729,8.621666,728.9935
2011.3934,-0.08175858,-0.34112698,0.34373197,0.33617288,0.7070923,56.567978,12.29329,8.597208,660.23126
2011.6157,-0.04783126,-0.44653726,0.3502237,0.36583185,0.7905047,56.469727,10.040864,8.627362,740.9971
2011.6005,0.5961087,-0.44748545,0.3500308,0.36436987,1.3464701,56.5194,9.988387,8.6259775,727.1858
2011.6166,-0.29058006,-0.44278508,0.35044503,0.36486846,1.5401981,56.466934,10.122865,8.621735,731.77795
2011.6188,-0.21121313,-0.45406377,0.35051334,0.36667383,2.4158888,56.548653,10.0132265,8.627646,741.63184
2011.605,0.76846987,-0.45449066,0.35018754,0.36671698,1.755607,56.505928,11.08755,8.627549,736.8966
2011.6179,-0.32726035,-0.45392573,0.3504838,0.36679727,1.8138207,56.52202,9.849097,8.627744,740.1642
2011.6184,0.6579941,-0.4586286,0.35050786,0.3667578,2.372369,56.457546,9.861987,8.626764,742.9796
2011.6112,0.071962364,-0.4594583,0.3504407,0.3665479,1.0221035,56.458225,10.1191225,8.626902,739.64514
2011.5839,-0.061062865,-0.4102624,0.3491932,0.3606157,1.5179788,56.5538,10.203229,8.615244,715.7548
2011.5922,0.41123572,-0.44094485,0.3504275,0.3665256,1.7367144,56.46037,10.097314,8.623298,742.1353
2011.5956,0.06451974,-0.37842643,0.35015342,0.36661908,1.2470429,56.511692,10.805484,8.627531,728.20935
2011.6031,-0.19111706,-0.45789123,0.35049692,0.3660017,2.17645,56.478462,9.923486,8.625976,741.91473
2011.6033,0.7614355,-0.4275471,0.34375775,0.35907108,1.1798749,56.495815,12.579413,8.623822,741.37213
2011.6177,-0.25233552,-0.45945978,0.35050514,0.3667208,0.9251138,56.462208,9.898746,8.627591,742.7046
2011.6085,0.46207827,-0.45910585,0.3504802,0.36646658,1.281476,56.467358,9.946033,8.627154,740.1688
2011.6157,0.0027241188,-0.4373119,0.35032612,0.3667775,1.6532662,56.463833,10.046664,8.626583,737.1865
2011.6028,0.20146826,-0.44424194,0.3497148,0.3666405,1.932533,56.48345,9.830577,8.627627,716.0799
2011.5753,0.16493896,-0.4441026,0.35000524,0.36599064,0.7568231,56.486725,10.262303,8.617407,737.5733
2011.5969,0.46965918,-0.42759043,0.34996724,0.3628247,0.5987936,56.488323,12.324901,8.591396,739.5355
2011.6166,-0.16958936,-0.43762797,0.35045236,0.3651072,1.6394665,56.463757,10.063186,8.625528,742.34485
2011.5999,-0.36975136,-0.42996216,0.34961808,0.35852873,1.6345781,56.7375,10.2706175,8.621481,639.1273
2011.6128,-0.29039833,-0.45814884,0.35045338,0.3664171,2.0563886,56.462994,9.867221,8.6265745,738.9006
2011.6185,0.6764093,-0.4398672,0.35029513,0.36368003,0.8022166,56.65935,9.778287,8.6260195,732.65
2011.6011,0.2925915,-0.45612139,0.3503948,0.366698,1.0560943,56.46244,10.711251,8.618366,742.0256
2011.5781,0.3639937,-0.34340888,0.3466989,0.3654184,1.0963932,56.495564,13.730301,8.625693,734.6969
2011.5994,0.6511038,-0.31890726,0.35029826,0.36638775,0.36687097,56.552113,10.045203,8.62259,741.6553
2011.6146,0.71507674,-0.43790495,0.350516,0.36661246,0.8098022,56.45951,9.911532,8.627655,743.2739
2011.607,0.5910349,-0.39010173,0.34729818,0.3609248,1.836174,57.35299,10.356959,8.618615,563.22296
2011.6119,0.16939494,-0.4553637,0.3504666,0.36662897,1.1346785,56.46496,9.804482,8.626453,742.13605
2010.8737,0.18359256,-0.40979332,0.34577408,0.3358846,1.618223,56.561077,10.8144655,8.561306,707.5929
2011.6157,0.50520474,-0.45443732,0.35050106,0.36662453,1.522613,56.459,9.8336,8.626614,742.98456
2011.3857,0.6654328,-0.17383389,0.3296328,0.36146903,1.1776383,56.567375,10.69093,8.519047,701.40106
2011.6045,0.085104235,-0.40506977,0.34970245,0.3556409,0.5188531,56.49942,11.984426,8.617904,711.3864
2011.6111,0.24145122,-0.44801724,0.350447,0.36682397,1.4313545,56.465374,10.70284,8.625325,741.05457
2011.6138,0.57726365,-0.41215605,0.35029304,0.36650467,0.6563576,56.5699,9.952411,8.624825,739.487
2011.5894,0.23347916,-0.4461621,0.34928244,0.36545923,1.654078,56.5047,13.082924,8.624827,735.7752
2011.6156,-0.34789786,-0.45556766,0.35046923,0.36666378,1.6979754,56.45874,9.844378,8.626988,740.9931
2011.6173,-0.00877323,-0.45489538,0.35050768,0.36673892,0.4829308,56.457813,10.123555,8.626698,742.96027
2011.6066,-0.09729638,-0.4289375,0.3487702,0.36536235,0.9983543,56.47759,9.97284,8.621159,730.85187
2011.6184,0.26408914,-0.46020997,0.35052833,0.36681527,1.3296067,56.45718,9.7902975,8.624692,743.3162
2011.619,-0.4010103,-0.45818806,0.3505258,0.3664959,2.2419436,56.465405,9.814961,8.627292,743.0678
2011.6174,0.0818303,-0.4576854,0.35051104,0.36677557,1.0195107,56.459675,10.049382,8.624627,742.9906
2011.5935,0.53030384,-0.45070428,0.35004687,0.36580545,1.52876,56.469852,10.664319,8.626857,742.1564
2011.6128,-0.123774074,-0.44863188,0.35042006,0.3639307,2.298538,56.48482,10.078761,8.62336,722.81775
2011.6187,-0.2056088,-0.45084763,0.35048267,0.3666932,2.386724,56.460873,9.819522,8.627417,742.53735
2011.618,0.0032069462,-0.45198262,0.35052094,0.36675227,1.5286475,56.458767,9.816525,8.626019,740.885
2011.6178,0.42029366,-0.45646435,0.35050306,0.3667573,2.3102555,56.461372,9.820291,8.627311,742.8366
2011.591,0.1746348,-0.4337057,0.34931692,0.36656547,0.9054116,56.51357,10.681245,8.624155,735.3267
2011.6022,0.22357108,-0.43237132,0.35023707,0.3637406,1.2362953,56.485348,9.823617,8.624951,718.6239
2011.5745,0.70975876,-0.39014965,0.3478798,0.36228666,1.3146816,56.577904,12.100299,8.61898,721.3445
2011.6016,0.5485658,-0.4471252,0.3504002,0.3667377,1.6953403,56.458435,10.018525,8.624183,741.22284
2011.617,-0.27844092,-0.44732034,0.350516,0.36659768,1.024616,56.465126,9.84735,8.627498,742.1762
2011.5106,0.08413697,-0.44859117,0.34963658,0.3638594,1.7760162,56.552177,11.238492,8.609736,709.7592
2011.5923,-0.16516395,-0.4581259,0.35044387,0.36674562,2.0272214,56.46483,10.189778,8.626943,740.7549
2011.6014,-0.14843614,-0.42395663,0.34979928,0.3643551,1.8133677,56.56191,10.436294,8.612543,726.564
2011.6158,0.16034758,-0.4388095,0.35031587,0.36667985,1.0668136,56.477043,10.041568,8.6182995,742.302
2011.6031,0.06239257,-0.45313567,0.35006988,0.36625984,1.4434613,56.472675,9.868924,8.623114,737.18896
2011.5791,0.28546318,-0.43347365,0.3478763,0.365479,1.1566204,56.481606,10.980958,8.616707,734.7157
2011.6079,0.77389705,-0.42324245,0.35016853,0.36599696,1.3028522,56.761173,10.240672,8.624463,741.73224
2011.5273,-0.17970933,-0.4262457,0.34974328,0.36159623,1.4139212,56.955143,12.205018,8.606714,719.3026
2011.5846,0.4460848,-0.4530939,0.3497962,0.36640662,1.970963,56.46896,9.862769,8.625874,741.33496
2011.6125,-0.51701635,-0.37813336,0.35040545,0.36358184,1.8374366,56.61906,10.005046,8.625449,689.6671
2011.6094,0.375404,-0.42722982,0.3504116,0.36491773,1.3249966,56.462097,9.953605,8.624251,741.79156
2011.6115,0.9584754,-0.45368618,0.35037887,0.36633512,2.0011144,56.482002,10.164557,8.624814,739.3887
2011.5525,0.16925953,-0.42578536,0.3472273,0.36595288,1.8288366,56.549446,10.54157,8.621296,731.1259
2011.5948,-0.22448845,-0.45299846,0.3499643,0.36462244,1.3490418,56.53386,10.202195,8.614984,715.8009
2011.619,-0.10048946,-0.45894378,0.35051623,0.36678368,1.8837903,56.4662,9.907617,8.627519,742.3828
2011.6013,-0.014581732,-0.43115252,0.34950477,0.34543502,1.7476765,56.495007,10.488275,8.616206,731.5524
2011.5828,0.35656402,-0.3972878,0.34963974,0.36229956,1.5716522,56.47339,10.04009,8.626262,736.555
2011.6166,-0.31718144,-0.45454592,0.35047352,0.36667505,0.32199255,56.462112,9.875493,8.626791,741.7073
2011.5897,-0.3816158,0.040316503,0.34453735,0.35288087,1.8632246,56.522915,10.017848,8.613504,646.26666
2011.6102,-0.4184018,-0.43699336,0.3504839,0.36675987,1.6237533,56.46301,9.938203,8.622922,739.7438
2011.5652,-0.31971267,-0.36747384,0.34990364,0.35542533,1.5525798,56.496334,10.173867,8.62213,702.5476
2011.6177,-0.13393302,-0.45896608,0.35052356,0.3668218,0.9437389,56.457417,10.444716,8.626961,743.2485
2011.5574,0.07101006,-0.43352485,0.35038188,0.3642326,0.6450213,56.470886,10.926982,8.583928,738.2526
2011.6046,0.6874241,-0.45443445,0.35039753,0.3664719,1.7624127,56.481007,9.991096,8.622591,738.8227
2011.5931,0.30838016,-0.43016577,0.3502677,0.36533728,1.5572464,56.474934,12.801066,8.6220665,738.53937
2011.605,0.5040269,-0.44962007,0.35027796,0.36421314,1.5939151,56.47854,9.860261,8.626945,735.79895
2011.5928,0.3391742,-0.43636835,0.34891206,0.36394727,1.6984099,56.470184,9.798371,8.624239,716.0967
2011.5851,0.9144073,-0.4459073,0.3500252,0.36273417,1.4142545,56.475414,9.897161,8.620219,738.50726
2011.6067,0.26125106,-0.44002223,0.3503393,0.36604893,1.8380916,56.471684,9.8821745,8.6232,741.64453
2011.603,0.2728416,-0.44257355,0.34916547,0.36637777,0.8676567,56.460068,9.925971,8.619805,735.7333
2011.6057,0.46711832,-0.4527654,0.3504449,0.361691,1.059771,56.503605,10.182324,8.623024,739.5807
2011.5808,-0.42436686,-0.43523997,0.3502513,0.36446345,1.8654127,56.465843,9.861745,8.602448,730.48254
2011.6005,0.46650404,-0.4353509,0.349965,0.36552495,0.746974,56.476646,10.318126,8.623,739.546
2011.6161,0.2198304,-0.45737278,0.35049868,0.36680448,0.91737294,56.46483,10.062505,8.627568,740.6354
2011.6117,-0.1661147,-0.45480675,0.35050976,0.36682415,2.1882918,56.46665,10.727759,8.627756,742.788
2011.5714,0.8789101,-0.4356249,0.3496379,0.36558554,1.1621737,56.464096,9.81487,8.619605,735.4125
2011.6168,0.34448606,-0.43364716,0.350193,0.36603877,0.7720714,56.49729,9.937852,8.627293,738.40344
2011.5972,0.06895668,-0.43324608,0.35037312,0.3663385,1.6228572,56.469555,10.2214365,8.578817,738.7044
2011.5492,0.5109201,-0.40231794,0.3489872,0.36634916,1.1982846,56.57768,11.006745,8.615945,740.2495
2011.6097,-0.1014662,-0.41451716,0.35011265,0.34901518,2.126188,56.481968,9.905974,8.607407,733.2144
2011.6171,0.42029718,-0.45570886,0.3504827,0.3667419,1.6045086,56.466488,9.956273,8.627179,742.97235
2011.618,0.47000775,-0.45996463,0.3505218,0.36681175,0.39301735,56.508648,10.569268,8.6276,741.34033
2011.6173,0.51346356,-0.42489547,0.34966487,0.36629006,1.109797,56.463383,9.811736,8.627569,742.3584
2011.6176,-0.41491446,-0.42054784,0.35048234,0.3650395,1.8900967,56.46029,9.843942,8.6271715,735.196
2011.6135,0.37503436,-0.43312532,0.3500614,0.36206225,1.4819344,56.53326,10.337464,8.62169,729.2758
2011.6122,0.4708577,-0.43610984,0.35045922,0.3652308,1.7264717,56.472,9.889291,8.623667,740.2308
2011.5596,-0.16852649,-0.36803877,0.34907097,0.35704887,0.9779696,56.732132,11.6692705,8.591358,693.6915
2011.5507,0.6586881,-0.4171751,0.34789097,0.35430133,0.99540067,56.747837,11.871135,8.511004,685.48914
2011.606,0.31215456,-0.3795706,0.35018313,0.3658453,0.6404642,56.510567,9.888783,8.6274185,732.30255
2011.5913,0.060998596,-0.4141699,0.3499003,0.3644714,1.2717512,56.820103,11.897561,8.590445,723.2161
2011.6099,0.023964562,-0.44485343,0.35041308,0.36599022,1.2826009,56.473923,10.002593,8.622199,732.549
2011.616,0.5095087,-0.44802052,0.350329,0.36667207,0.970922,56.460197,9.919147,8.624165,742.4947
2011.6118,-0.41382137,-0.37714785,0.34960103,0.36664936,1.1466314,56.551388,9.983834,8.623343,729.6056
2011.6182,-0.09034776,-0.44323194,0.35020083,0.36058396,0.9158305,56.459293,9.876958,8.627736,709.7482
2011.611,0.12776999,-0.4343707,0.34975955,0.3634726,-0.11493597,56.58134,9.886277,8.616552,732.3157
2011.6154,0.66715825,-0.40633303,0.35037044,0.36578867,0.19207616,56.47833,10.157445,8.623865,739.4395
2011.6116,0.07395429,-0.4378959,0.35033196,0.36588836,1.6509377,56.459362,9.90512,8.625027,741.3464
2011.6188,0.19775404,-0.43270463,0.3504999,0.36678827,-0.41464153,56.462296,10.10035,8.6277895,742.9249
2011.5999,0.08885137,-0.41311002,0.35025552,0.364296,1.442735,56.57412,10.750854,8.617173,732.7625
2011.563,-0.09105643,-0.41698718,0.3490176,0.36541384,1.330322,56.470264,10.830228,8.621657,729.4549
2011.6052,-0.33555153,-0.38901848,0.35011387,0.3611657,0.34081843,57.094532,11.328464,8.624109,729.5326
2011.6079,-0.02517768,-0.4343732,0.35021955,0.36625713,1.3299649,56.477272,11.302871,8.619562,736.82477
2011.5815,-0.43043712,-0.4200682,0.3497296,0.3663127,2.017177,56.578327,10.176585,8.6259575,723.6584
2011.5117,0.66465384,-0.45301276,0.3485654,0.35892195,1.3575675,56.59561,15.185515,8.624571,727.33
2011.5793,0.5841465,-0.40023512,0.3486863,0.3603968,1.3681622,56.592724,11.524863,8.583919,737.1838
2011.618,-0.38129434,-0.45055425,0.35052243,0.36681515,1.9393284,56.457767,9.823113,8.627808,741.69574
2011.614,0.5180081,-0.45443672,0.3504552,0.36659256,1.3373998,56.462677,10.123397,8.626851,742.3174
2011.6118,-0.009781681,-0.4001624,0.35040912,0.36665505,1.6361486,56.528687,10.925195,8.61778,737.8035
2011.5402,0.04734043,-0.40206105,0.34957793,0.36137223,1.6732779,56.47976,10.809686,8.616654,717.07825
2011.607,0.40519747,-0.4195137,0.34811863,0.36586222,1.7648464,56.815994,10.127257,8.625877,723.99243
2011.6111,0.12549306,-0.4040718,0.3469893,0.34981284,0.94737595,56.471905,10.042018,8.604959,716.23987
2011.2728,0.6311463,-0.41006792,0.34303597,0.3547649,1.238006,56.61699,14.624965,8.595061,718.41754
2011.5673,-0.21638365,-0.4332627,0.35025284,0.36338136,1.5115141,56.492077,10.3035345,8.612099,722.5812
2011.5985,-0.30320773,-0.41492033,0.35013023,0.36433643,1.3286821,56.818523,10.1204,8.6235485,708.9281
2011.6025,0.03021074,-0.4512455,0.34617093,0.3657283,2.0181787,56.46902,9.959779,8.622525,707.7876
2011.6147,-0.30087253,-0.41961837,0.35035637,0.36437592,-0.16882955,56.467827,9.854253,8.626527,737.766
2011.5603,-0.18576993,-0.39238733,0.34810713,0.36572224,1.7507005,56.76812,13.547811,8.574929,717.79
2011.587,0.39432022,-0.4340306,0.34938985,0.36348295,1.0792297,56.58282,10.382266,8.622808,677.2179
2011.5963,-0.20455624,-0.3701272,0.3494372,0.36635312,0.6104444,56.58379,10.332002,8.6214695,724.1056
2011.5264,0.20031942,-0.423392,0.35002193,0.36517707,1.2225245,56.548805,11.629321,8.618459,735.15955
2011.5972,0.0046633263,-0.40808982,0.34646448,0.36295742,1.0227685,56.61531,11.028348,8.604554,707.80176
2011.6066,0.0038361924,-0.4300549,0.35036972,0.36658478,1.4622388,56.4653,10.261958,8.625611,739.17285
2011.6155,-0.39911184,-0.4458447,0.35031104,0.36635348,1.1988205,56.458492,9.79453,8.623297,742.88824
2011.5933,0.2739546,-0.4526443,0.35043377,0.36622274,1.3803627,56.491035,10.669505,8.624087,727.7742
2011.6102,0.75661165,-0.4343611,0.34808308,0.3665057,1.5483975,56.55935,11.817561,8.62473,742.1686
2011.5527,0.865629,-0.44083083,0.3501058,0.36104745,0.8604199,56.57855,10.829152,8.603502,731.1751
2011.5835,0.16739488,-0.4364605,0.34946507,0.36661288,1.3131448,56.473515,10.341525,8.615257,738.19275
2011.5963,-0.100699686,-0.3960843,0.3484617,0.36632302,0.83288807,56.475616,10.259067,8.611645,725.2013
2011.6166,-0.07931974,-0.45633233,0.35046437,0.36668175,0.4656259,56.459206,9.838801,8.627613,740.4432
2011.6052,0.016587622,-0.4397359,0.3502144,0.3631726,1.7973664,56.61606,10.104125,8.624435,733.6672
2011.5966,0.2862963,-0.42592233,0.3497834,0.3626352,1.806573,56.501457,10.628997,8.622064,718.92896
2011.6117,0.12814982,-0.4587673,0.35049537,0.3663759,1.5170041,56.567547,9.984897,8.6260395,742.50824
2011.482,0.6631248,-0.3390681,0.34511885,0.35336086,1.2268547,56.574577,11.594916,8.586572,722.1313
2011.616,-0.16206099,-0.40015453,0.35030073,0.35690245,1.0433366,56.46079,9.874957,8.624586,736.30194
2011.617,0.17455293,-0.45458764,0.3504571,0.36619025,1.4170786,56.470013,9.911624,8.620566,742.026
2011.6028,-0.15225722,-0.43491656,0.34792107,0.3495739,0.4773544,56.538677,10.0080595,8.6198635,679.5297
2011.6143,0.18852164,-0.42897725,0.35011226,0.3562751,0.30338633,56.46105,9.842534,8.624145,741.3812
2011.6108,0.42639658,-0.45016545,0.35028216,0.35938412,0.6615323,56.48791,9.87473,8.620834,740.176
2011.5884,0.11945642,-0.4013732,0.3495988,0.36395875,0.29295418,56.498528,10.308986,8.624047,730.7884
2011.5758,-0.46806195,-0.4140008,0.3501282,0.36658174,2.1671138,56.531498,11.142678,8.604428,731.52905
2011.6002,0.36257333,-0.41214377,0.34950307,0.354173,0.15622933,56.49608,10.33916,8.621577,731.2284
2011.559,0.65104896,-0.4253856,0.34939745,0.3638824,0.6992391,56.55902,12.278209,8.601668,739.3833
2011.6166,-0.14140548,-0.45800018,0.3504704,0.36675343,2.162782,56.459396,9.811061,8.627605,743.2098
2011.6147,0.2925521,-0.45708764,0.35045543,0.36663997,1.0695657,56.4749,10.648738,8.625177,738.4822
2011.6146,0.3367673,-0.4383455,0.3503017,0.36581486,-0.14021407,56.46714,9.823346,8.627506,741.00275
2011.5756,0.40847746,-0.39522415,0.35000274,0.36488563,0.97677445,56.517933,10.633838,8.5870905,735.4322
2011.6042,0.5475946,-0.42021412,0.3498899,0.3643631,1.2695259,56.486702,9.955647,8.607911,740.5893
2011.614,0.45557952,-0.44944102,0.35034627,0.36671975,2.22653,56.45835,9.819955,8.62693,741.92957
2011.5703,0.8376425,-0.36403662,0.34248778,0.35372207,0.9176267,56.55277,12.24348,8.589488,734.3488
2011.6179,0.6595767,-0.4541362,0.35040912,0.3665955,1.3519905,56.59587,9.931531,8.627461,742.93036
2011.5974,0.078753956,-0.42035246,0.34955293,0.36467698,1.1882076,56.62759,10.959117,8.602805,720.6436
2011.593,0.59347,-0.40110916,0.3496133,0.36230966,1.4577053,56.56332,10.239898,8.614641,732.9878
2011.6113,-0.19062336,-0.45070732,0.35026345,0.36679167,0.48795256,56.47017,10.484267,8.625897,741.8326
2011.6014,0.28795037,-0.40504688,0.34923896,0.36497864,0.39024538,56.59618,10.118987,8.624867,740.7162
2011.6172,0.6192647,-0.42530155,0.35043493,0.36671114,0.13275494,56.4632,9.875773,8.627174,742.8251
2011.6182,-0.09933325,-0.4551738,0.35051912,0.36668384,1.2546312,56.462082,9.901505,8.625405,736.10187
2011.6075,0.54456645,-0.43530947,0.35027987,0.3653217,-0.414243,56.855774,11.685826,8.6214905,738.9053
2011.617,0.041374154,-0.45221627,0.3505112,0.36670977,1.2584636,56.469048,10.361142,8.627286,741.4854
2011.617,0.2905863,-0.45702082,0.3504315,0.36379713,-0.14523773,56.464527,9.803931,8.627527,741.0423
2011.5737,0.6668781,-0.40251118,0.34864837,0.36646205,1.043854,56.90279,15.015876,8.616881,739.7927
2011.618,-0.3465952,-0.45655155,0.35051447,0.36676243,1.7554337,56.457348,9.785947,8.627637,742.0829
2011.5804,0.7422487,-0.42864507,0.34964734,0.35318783,0.84141,56.506607,11.219253,8.623001,741.1736
2011.6183,-0.40676013,-0.459657,0.35048896,0.3668231,1.5782267,56.45833,9.773078,8.624929,742.09467
2011.6184,-0.2812291,-0.45849454,0.35049117,0.3666763,1.4403416,56.473362,9.993373,8.627316,733.60785
2011.5824,-0.36300167,-0.36070484,0.348222,0.36459902,1.5794067,56.51483,11.219913,8.625239,719.02954
2011.5724,0.3476569,-0.41829485,0.34923378,0.36646387,0.6093488,56.515175,10.196128,8.617774,728.3539
2011.6097,-0.076969765,-0.44112265,0.34987363,0.33280227,0.16478695,56.47052,10.001918,8.622425,731.6297
2011.6031,0.26108694,-0.3438328,0.34950992,0.36637813,1.5798956,56.54167,10.170142,8.624928,703.945
2011.6146,-0.15714087,-0.4535948,0.35022333,0.36606607,1.0894672,56.46262,9.948937,8.617067,732.5112
2011.6143,-0.26723424,-0.4127733,0.35005993,0.36362728,1.1444973,56.476845,10.252967,8.626427,718.551
2011.5924,0.21806848,-0.42557466,0.34991032,0.36559013,2.0095465,56.478043,10.641551,8.572193,739.43115
2011.6171,0.6010606,-0.4088745,0.35034698,0.36669686,1.3922005,56.495636,9.831807,8.626175,741.99786
2011.6156,-0.12704058,-0.43246412,0.35040712,0.366679,2.047709,56.569366,10.110307,8.6252,731.29956
2011.6145,-0.23891295,-0.44794738,0.35034013,0.36570078,1.5654231,56.463768,10.65232,8.623623,740.8845
2011.6183,-0.13711168,-0.45494837,0.35052046,0.36682162,1.3048208,56.45802,9.860621,8.627732,742.9735
2011.5706,-0.1038123,-0.42606264,0.35027438,0.36082265,0.85087997,56.546806,9.956397,8.6188545,719.058
2011.5795,-0.059839718,-0.44401264,0.34951836,0.36531022,0.12244441,56.495182,11.676898,8.625762,736.15375
2011.6082,-0.079899155,-0.45113415,0.35046995,0.36627918,1.7546492,56.46125,9.893668,8.6225605,736.8647
2011.5322,-0.033940755,-0.27942407,0.34409708,0.36137065,1.2597393,56.499626,10.408694,8.607978,719.6678
2011.6096,-0.46510652,-0.42142212,0.35045695,0.36661956,1.3477101,56.460976,9.86155,8.626802,723.05066
2011.5735,1.04897,-0.44061434,0.34992298,0.36629847,0.09247669,56.49305,12.514508,8.626818,742.34576
2011.6172,-0.042784594,-0.44164264,0.35028818,0.36645868,1.1176188,56.459488,9.805463,8.627471,739.86084
2011.5347,-0.14419283,-0.41321975,0.3493987,0.3640617,1.0014342,56.657433,10.310685,8.605636,697.45166
2011.613,0.29570132,-0.43344003,0.34979808,0.3647538,1.2820983,56.466663,10.006091,8.624752,733.77277
2011.6033,-0.20923324,-0.44302732,0.35028878,0.3644505,1.9740258,56.51104,9.915948,8.627361,705.9305
2011.6154,-0.2096562,-0.3235498,0.35044038,0.3650931,0.9417253,56.467136,11.465987,8.624378,737.24677
2011.5463,0.5775468,-0.4218223,0.3492077,0.36598217,1.0721219,56.508915,13.553338,8.621426,709.03314
2011.6095,-0.13571765,-0.45108086,0.35029602,0.3666899,1.0088071,56.466297,10.00731,8.62666,739.6218
2011.6084,-0.14453788,-0.4483977,0.35000786,0.36248645,1.7475698,56.47871,11.013362,8.62222,736.4551
2011.6167,0.34977657,-0.45092678,0.3504404,0.36653048,1.6823441,56.470867,10.056516,8.612955,737.8656
2011.617,-0.08750766,-0.45302624,0.35039878,0.3663025,1.5189909,56.45986,9.903781,8.626952,742.4471
2011.4401,-0.27466837,-0.3331812,0.34895563,0.35752288,1.6798698,56.534718,10.105128,8.603058,634.6919
2011.6139,-0.3892837,-0.45272326,0.35050866,0.36670464,0.81193507,56.460785,9.932067,8.626539,734.0735
2011.6069,0.4377457,-0.43756562,0.35027623,0.36452425,1.1671981,56.46645,10.052928,8.626249,742.07825
2011.5885,0.5252266,-0.45136887,0.3499064,0.36671567,1.5979587,56.465813,9.964259,8.622255,738.6664
2011.6146,-0.18438543,-0.44445437,0.34998688,0.36674026,1.5724088,56.464077,10.04107,8.625827,742.6632
2011.6172,-0.021376185,-0.44835567,0.35045987,0.36497614,1.8374342,56.463097,9.856582,8.616712,740.9339
2011.5947,-0.09101858,-0.41764104,0.3502439,0.36411166,1.1207726,56.49372,10.827073,8.624161,730.5505
2011.6177,0.19657163,-0.45106214,0.35049248,0.3666543,1.9126068,56.458206,9.83686,8.622151,742.8082
2011.6168,-0.3195484,-0.45567787,0.35049334,0.36679175,2.2499313,56.459194,9.87054,8.626795,742.71155
2011.5596,-0.2777498,-0.39441562,0.34918424,0.36241412,1.7849089,56.57849,10.595122,8.620434,700.2679
2011.6017,-0.12012216,-0.44622076,0.34964168,0.36515358,1.6073607,56.582317,10.445443,8.613857,728.05347
2011.5941,0.9585392,-0.45616502,0.3501354,0.3666251,1.3806572,56.46376,10.277177,8.62577,741.848
2011.6187,0.21536446,-0.4463988,0.35048375,0.36680773,0.057310246,56.460587,9.934653,8.62751,742.90875
2011.5975,-0.07449379,-0.4237411,0.35032657,0.34751308,1.1348758,56.530025,10.783172,8.600434,724.81134
2011.6023,-0.08603942,-0.42262346,0.35030532,0.35939294,0.91825217,56.50014,10.252557,8.623162,730.4378
2011.612,0.73865277,-0.44600558,0.35037178,0.36571753,1.4500207,56.46688,10.147319,8.624693,742.83356
2011.594,-0.27819762,-0.4300725,0.35018978,0.36520308,0.95158356,56.488018,10.466001,8.623429,728.8331
2011.6086,0.2509398,-0.4002279,0.34961015,0.35932857,0.9127859,56.561863,10.198623,8.626211,734.0968
2011.6161,0.15786566,-0.45382833,0.3499273,0.36674246,1.8841637,56.461514,9.802499,8.626873,738.9363
2011.5947,0.24402729,-0.4376772,0.34962457,0.3470442,0.66522074,56.554195,11.2322645,8.602662,734.0242
2011.601,0.24772151,-0.40334654,0.3491419,0.36641195,1.3242693,56.47814,10.094445,8.6192465,740.53186
2011.6155,0.24601735,-0.4500106,0.35046884,0.36654818,1.6057979,56.470608,9.806785,8.626669,743.0634
2011.6162,0.45576826,-0.45667285,0.35050052,0.3664626,1.0935942,56.51656,9.9917,8.627546,742.3187
2011.6122,-0.14086874,-0.4237587,0.35024095,0.3667153,1.0092572,56.485832,10.108657,8.621182,741.14996
2011.5,0.33285698,0.07642699,0.33639768,0.3404907,0.9645144,57.041473,10.612697,8.585147,605.38916
2011.612,0.12191335,-0.39469165,0.3502763,0.36642894,0.5571475,56.461697,9.846324,8.625057,741.8946
2011.5928,-0.5050855,-0.43753505,0.35000172,0.36387032,1.9611944,56.589115,10.4036665,8.604659,712.0113
2011.6133,0.7417092,-0.45286065,0.350459,0.36680883,1.5772407,56.46047,9.961486,8.626862,738.35394
2011.6145,-0.007742874,-0.45553666,0.35004553,0.36675027,1.0895007,56.48513,10.013444,8.627085,741.52686
2011.619,-0.47861305,-0.45439547,0.3505167,0.36680782,1.0850034,56.460472,9.814038,8.627834,743.0513
2011.5752,0.5643512,-0.41605628,0.3496418,0.36509886,0.15705563,56.508663,10.096654,8.567397,735.5568
2011.6128,0.12421403,-0.42561376,0.35043567,0.3659124,1.9012909,56.574783,11.478887,8.624999,726.25793
2011.617,0.36413687,-0.43514407,0.3499797,0.3643676,1.6630851,56.550594,9.950948,8.6259775,735.6012
2011.5903,0.11441205,-0.45447588,0.35014057,0.36629578,1.7569202,56.459724,9.914277,8.626369,738.126
2011.5818,0.11515001,-0.4331656,0.3502322,0.36562473,0.9921917,56.604527,10.93916,8.617635,739.939
2011.6171,-0.01458516,-0.4448939,0.35043988,0.36568555,1.3310927,56.461155,9.905374,8.627143,727.85596
2011.6031,-0.141836,-0.45020288,0.35017213,0.3665646,0.787086,56.470325,11.113355,8.625683,739.7825
2011.6168,0.3488846,-0.42935354,0.35010147,0.36596984,1.5752842,56.501785,9.856608,8.627491,738.5185
2011.5636,-0.16515191,-0.44192815,0.34991184,0.36511508,1.756576,56.466866,9.953013,8.620552,718.98895
2011.6172,0.7014903,-0.45787162,0.35049453,0.36672866,1.5909692,56.459877,9.799579,8.627585,743.07336
2011.5728,0.33591583,-0.4210589,0.34938556,0.35794446,0.65753865,56.467735,10.263263,8.624231,647.20074
2011.6182,0.029772617,-0.4596722,0.35052428,0.3664341,1.6164551,56.460606,9.844775,8.627205,742.6658
2011.5475,0.7698201,-0.42225415,0.34933895,0.36299926,0.5877672,56.635826,11.543759,8.618307,721.2672
2011.503,0.06237013,-0.42785174,0.34932455,0.36510548,1.5780044,57.13165,10.821044,8.61927,702.8491
2011.589,-0.16420223,-0.437694,0.34977537,0.3624423,2.1202273,56.476685,10.910045,8.624731,735.11053
2011.6176,0.2168587,-0.44875318,0.35047457,0.3665966,1.902845,56.459484,10.203631,8.626971,741.67737
2011.6174,0.26159808,-0.45993644,0.3505118,0.36675748,1.5166305,56.46861,10.346915,8.626901,742.4724
2011.5869,0.2437116,-0.43560308,0.3500774,0.36646196,1.4357522,56.498222,10.768933,8.592811,741.0635
2011.611,0.07551233,-0.4531498,0.35044515,0.36682108,1.0710219,56.476406,11.34464,8.627075,742.6844
2011.2616,-0.45894602,-0.0072872085,0.3477189,0.34560087,1.3425124,56.51784,10.575845,8.57392,711.4988
2011.6165,-0.22914518,-0.41338444,0.35038528,0.36665443,1.6635585,56.483074,10.116925,8.626604,742.5832
2011.5549,-0.32015,-0.4194135,0.35016406,0.35284615,1.738225,56.463566,9.915772,8.58948,722.23303
2011.5991,0.13603486,-0.44883353,0.35027754,0.36679256,1.3112475,56.483734,10.206216,8.625677,742.86426
2011.5969,0.061142303,-0.3930452,0.34955043,0.36597177,1.8015298,56.469597,9.813657,8.627391,730.68994
2011.6105,0.18841837,-0.41499144,0.34980193,0.36662158,1.9015608,56.475777,10.8662195,8.613726,741.3372
2011.5873,0.37263733,-0.44548327,0.34923145,0.36264855,1.2456932,56.52701,12.744327,8.619771,737.18085
2011.6162,0.78434396,-0.45568585,0.35041127,0.3663553,1.3813621,56.458176,9.994287,8.627116,742.7883
2011.6183,-0.13913597,-0.44520193,0.35038364,0.3667292,0.4696354,56.47446,9.815196,8.627654,725.80804
2011.5961,0.09954361,-0.4518689,0.3500762,0.36629528,2.0437768,56.471375,10.180985,8.614184,727.44904
2011.5995,0.4671482,-0.4389819,0.3490314,0.36637843,1.1025891,56.507206,12.514041,8.626085,740.7454
2011.6062,0.090368696,-0.3838725,0.35013926,0.36580598,1.441112,56.471794,10.3428335,8.626202,736.67944
2011.5905,0.5143877,-0.42526412,0.34861192,0.36633784,1.3960419,56.533913,10.455571,8.613477,733.36456
2011.5813,-0.010028742,-0.44980103,0.34982768,0.36162668,0.7121729,56.562862,10.504134,8.624673,697.70593
2011.5925,-0.0082123205,-0.45015615,0.34951094,0.36449456,0.7697274,56.48478,10.228099,8.622343,722.6749
2011.6044,0.5580183,-0.44026643,0.34938192,0.36413914,1.6550441,56.467922,10.400704,8.624095,738.3111
2011.6055,-0.27854273,-0.37651706,0.34921432,0.35882607,0.11237886,56.46819,10.030955,8.618959,732.1601
2011.619,-0.35473898,-0.4581108,0.35051307,0.36682063,1.4232306,56.458237,9.786809,8.627385,742.56726
2011.618,-0.3423126,-0.44614333,0.35048068,0.36666784,2.1693017,56.4604,9.801204,8.626037,739.04224
2011.6176,0.009852953,-0.43874627,0.35051388,0.3667231,0.3982327,56.457966,9.877545,8.626087,742.89923
2011.5878,-0.055127375,-0.45242763,0.35031494,0.36639708,1.962978,56.46462,10.016917,8.615369,741.5246
2011.5979,0.19583943,-0.41993445,0.34984672,0.36209,0.9053038,56.485924,11.017125,8.62026,731.06976
2011.6189,-0.01825174,-0.46002942,0.35052425,0.36681724,1.326055,56.459305,9.822825,8.627604,743.3069
2011.6077,0.5262942,-0.4508385,0.35022423,0.3667225,1.7673137,56.45872,9.875468,8.62484,742.0246
2011.5697,-0.27133045,-0.4059745,0.34724036,0.36285022,0.7167133,56.506344,10.578862,8.564866,726.2142
2011.6018,-0.14292349,-0.44684023,0.3500035,0.3663858,0.6534847,56.46019,9.875003,8.620136,740.1205
2011.6113,0.18530744,-0.45190644,0.3504128,0.36604664,0.81374633,56.474648,9.902528,8.622642,732.5927
2011.6176,0.67061156,-0.45477498,0.35049906,0.36567646,0.95763683,56.465935,9.915841,8.626522,743.08136
2011.5212,0.66220075,-0.4201038,0.34875134,0.3649069,1.1958399,56.59289,10.651069,8.620075,733.3192
2011.5938,0.22853225,-0.44112664,0.3501669,0.3632758,1.1889398,56.471115,9.910354,8.624394,732.50366
2011.543,0.07979361,-0.4377085,0.35005695,0.36664048,2.0017486,56.486526,10.814389,8.618463,734.09174
2011.5594,0.1522042,-0.38185847,0.34292927,0.3451737,1.1381096,56.549263,10.867164,8.510213,722.8095
2011.5938,0.8462442,-0.4264943,0.34792584,0.36623293,1.6765225,56.502674,11.113278,8.619472,737.04767
2011.5956,-0.48841497,-0.4316864,0.35036787,0.36676484,1.7579715,56.481636,10.055629,8.609663,737.601
2011.617,-0.14814211,-0.45447296,0.3503914,0.36634418,2.061258,56.465374,9.875188,8.627271,738.65594
2011.6158,-0.30053964,-0.45361716,0.35051516,0.36660936,1.708527,56.45736,9.96905,8.626579,742.5497
2011.6162,-0.43917385,-0.4513319,0.35042888,0.36677006,2.1062458,56.459583,9.83211,8.627486,741.4975
2011.4814,0.61880904,-0.42198378,0.34930977,0.36571202,1.2299575,56.513283,10.518128,8.61737,738.60236
2011.5972,0.7688023,-0.44850588,0.34896687,0.3663968,1.0427315,56.50334,10.6730795,8.618757,739.4944
2011.5962,-0.11110731,-0.44881344,0.35032102,0.36572006,1.8775,56.50681,10.090974,8.626828,736.2306
2011.5979,0.108984955,-0.36079097,0.34956372,0.36097184,0.4134062,56.461456,10.698379,8.618647,738.63007
2011.5746,0.45631987,-0.41281956,0.3492952,0.3572811,0.12235352,56.485416,10.449588,8.618677,731.05096
2011.6139,0.3746976,-0.4515015,0.35038754,0.36657694,1.654785,56.476967,9.925796,8.627072,740.2368
2011.6147,0.07877625,-0.44585365,0.3503418,0.3631861,0.2046851,56.45948,9.782584,8.627296,741.76874
2011.6135,0.25831205,-0.44128335,0.35017183,0.36648375,0.97817534,56.50232,10.167943,8.62722,735.7741
2011.5789,0.5297822,-0.42024928,0.35029572,0.36614692,1.2077235,56.852955,11.628448,8.626278,737.3208
2011.5948,0.23848622,-0.43679345,0.34955016,0.33373314,2.1801999,56.486282,10.1842375,8.621698,728.8686
2011.5913,-0.21980412,-0.38028538,0.3499607,0.36606747,1.550279,56.49205,10.06717,8.6235075,731.2664
2011.5962,0.45871013,-0.4413867,0.35035834,0.3662498,1.68953,56.47782,10.07882,8.609632,741.37994
2011.6011,0.63612604,-0.41199136,0.3495082,0.36214045,0.5572306,56.5057,9.9443655,8.5930805,738.6277
2011.6174,0.7070858,-0.45125163,0.3505061,0.3666276,0.7646791,56.462536,10.0624075,8.625566,741.9477
2011.6116,0.30993024,-0.4445693,0.3504879,0.36592358,1.9448106,56.47818,11.188987,8.624824,742.34717
2011.595,0.3625156,-0.44865477,0.3467546,0.365712,2.1622572,56.49435,10.364942,8.624288,730.22784
2011.611,-0.022172473,-0.39851242,0.34866393,0.36591575,1.5014822,56.474285,9.911244,8.623974,716.19855
2011.6147,-0.3118445,-0.43832105,0.35047096,0.36653504,2.1368706,56.484062,10.078206,8.626101,743.0586
2011.5609,-0.385394,-0.45505935,0.35023385,0.36674616,1.9130121,56.465096,10.510419,8.624413,737.78235
2011.6185,-0.005386583,-0.4557625,0.3505182,0.3668071,1.5476745,56.47543,9.911956,8.627565,743.2364
2011.5535,0.42531478,-0.43645722,0.34978005,0.36603838,1.6153605,56.473457,10.233165,8.613948,740.15155
2011.5704,0.39903653,-0.368048,0.34427115,0.36230022,1.2626257,56.68082,11.855199,8.613262,679.34467
2011.5967,0.18404932,-0.40095776,0.34952548,0.3664829,0.6811622,56.470253,10.118428,8.625014,739.65076
2011.5853,-0.0486848,-0.44334805,0.35009548,0.36492842,2.1174614,56.485146,10.622218,8.618299,739.1732
2011.606,0.14428149,-0.42039,0.3502158,0.36338466,1.1539235,56.461155,9.940553,8.622561,738.2101
2011.6152,0.57683223,-0.43971258,0.35019535,0.36447895,0.3425685,56.481335,9.9100065,8.626158,741.74756
2011.5599,0.23474339,-0.43103522,0.34953535,0.3640539,1.047987,56.502357,10.412623,8.573758,731.47156
2011.6174,0.022054859,-0.43775088,0.35047328,0.36679047,1.280644,56.459335,9.798228,8.626867,742.89465
2011.5591,-0.18707879,-0.24676012,0.3385464,0.33846968,1.304454,57.801025,10.322547,8.590726,646.27997
2011.6108,0.16224134,-0.43584263,0.35028583,0.36542338,0.8153324,56.505726,10.842092,8.620823,729.84467
2011.5677,-0.07221415,-0.44214946,0.35015583,0.36459202,1.4162577,56.481182,10.240308,8.607717,729.32263
2011.5676,0.20239364,-0.4205476,0.34823015,0.3641076,1.7195662,56.480606,9.988759,8.615316,737.5796
2011.6162,0.6163808,-0.44465512,0.35032725,0.3661578,1.6360718,56.571114,10.272189,8.624351,741.0738
2011.6145,-0.11381634,-0.45876747,0.35048178,0.36667818,1.9495016,56.48315,9.960284,8.627524,739.3948
2011.5963,-0.37857363,-0.38420945,0.34955376,0.35461426,2.270896,56.542976,10.05247,8.617817,685.20654
2011.6174,0.21025178,-0.45680255,0.35050693,0.3660427,1.4476285,56.466732,9.883393,8.627546,740.9264
2011.618,0.4872597,-0.44911355,0.3504629,0.36665267,1.0092517,56.510403,9.992759,8.627779,741.53784
2011.5933,0.14662765,-0.45285946,0.35045484,0.3667241,0.7290799,56.46854,10.170985,8.627444,742.0073
2011.5596,-0.116000496,-0.41446447,0.34904972,0.3614877,1.222251,56.461487,10.218261,8.626988,740.50635
2011.5,0.119530864,-0.35206825,0.34826636,0.36001584,1.5006384,56.62448,11.36303,8.555048,722.0195
2011.5968,0.010615177,-0.44078332,0.34949362,0.366547,1.9664032,56.58163,10.155377,8.62289,727.6239
2011.6189,-0.212784,-0.45669413,0.35052255,0.36675185,2.0039058,56.459164,9.791041,8.627738,740.82904
2011.6068,0.27653137,-0.45729172,0.3504466,0.36673033,1.0854161,56.542587,10.816363,8.627008,742.02856
2011.618,0.7662661,-0.4566369,0.3505166,0.3667674,1.2050701,56.45734,9.827254,8.620756,743.3004
2011.6168,-0.36207417,-0.44590187,0.35044158,0.36641178,1.8806956,56.46356,10.025847,8.627046,736.2971
2011.4916,0.3936551,-0.3109678,0.3390177,0.36237338,0.6447616,56.53617,11.572524,8.587698,716.75964
2011.6191,-0.2494864,-0.44799417,0.35052738,0.3667929,0.7763987,56.45734,9.77065,8.62751,743.3476
2011.6122,-0.38317522,-0.44294953,0.35045442,0.36491108,1.8508853,56.462173,10.495259,8.618478,736.9409
2011.608,0.007628896,-0.42835957,0.34867507,0.36570153,0.7528644,56.529823,9.940793,8.625917,684.5545
2011.617,-0.29863986,-0.4519446,0.35050365,0.3667714,1.9883872,56.457718,9.828433,8.625533,741.0818
2011.6132,0.6606478,-0.45750457,0.35020152,0.3664505,0.9894883,56.513344,10.465077,8.623429,741.06586
2011.5768,0.38283247,-0.44136423,0.35024726,0.36657277,1.0776225,56.49469,11.016015,8.616309,740.40546
2011.5405,0.15368563,-0.4344535,0.3430207,0.3658407,1.1011184,56.51788,10.19122,8.618954,709.7293
2011.6176,-0.49104604,-0.46000785,0.3505188,0.36682034,2.4223607,56.45738,9.80605,8.627474,741.9926
2011.6182,0.3045728,-0.45360243,0.3503615,0.36562878,1.5843915,56.470284,9.899053,8.626002,742.7143
2011.5996,0.30319458,-0.45291716,0.34984136,0.3666645,0.3518606,56.519836,10.456916,8.624006,736.85
2011.6128,-0.10245349,-0.45211482,0.3504274,0.36639538,1.6528924,56.495953,10.325421,8.62227,742.4426
2011.5964,0.21451236,-0.43462956,0.34875977,0.36592588,1.9479038,56.53643,10.498683,8.620563,726.48413
2011.6157,-0.110327326,-0.45571125,0.35034755,0.36424598,1.197612,56.58118,9.9982,8.627224,703.47516
2011.612,-0.040054493,-0.42464578,0.35028562,0.36635178,0.9147201,56.48251,10.049073,8.626951,740.017
2011.589,0.14106871,-0.29237324,0.348987,0.3642828,0.22486366,56.53022,10.923245,8.597348,741.35846
2011.5953,-0.35833922,-0.43306458,0.35021943,0.36613813,1.2422968,56.485695,10.009299,8.611675,718.22394
2011.6007,-0.16169108,-0.4458943,0.35021186,0.359003,1.070148,56.4991,10.158206,8.586874,736.1543
2011.6084,0.2189392,-0.4524154,0.34997955,0.36550173,1.0916302,56.52785,11.182605,8.625637,738.4205
2011.616,-0.37409797,-0.45768362,0.3504419,0.3667536,2.0608165,56.484768,10.149295,8.627645,738.6803
2011.6127,0.017702945,-0.4502527,0.35044292,0.36615965,1.053736,56.53524,10.363986,8.627196,737.78217
2011.5865,0.24202417,-0.39622325,0.34815678,0.35496294,1.0828904,56.662678,11.014115,8.620222,713.00183
2011.6172,-0.26170787,-0.45527017,0.35050452,0.3660316,1.7837336,56.48128,9.856881,8.626929,739.6026
2011.612,-0.089118145,-0.42540008,0.35009584,0.36632594,1.5377301,56.509552,9.846278,8.627018,733.8925
2011.5923,0.39376953,-0.43490958,0.3501398,0.3658635,1.3463655,56.50585,10.708312,8.622378,725.592
2011.6189,-0.21408875,-0.4573074,0.35052553,0.36681888,0.89227414,56.457325,9.858436,8.627704,743.4057
2011.5908,0.44945446,-0.36899894,0.3498513,0.36617377,0.8421053,56.516106,11.51308,8.594031,736.5257
2011.58,-0.12510987,-0.31524974,0.3381393,0.35805377,1.5976244,56.6664,10.696151,8.619106,526.66644
2011.5852,-0.37510464,-0.45407224,0.35034227,0.36665258,1.73371,56.472843,9.852269,8.62577,737.72766
2011.5923,-0.037193708,-0.41464627,0.3494857,0.35693005,1.3328322,56.53167,10.189769,8.608674,733.30066
2011.5784,-0.08833005,-0.39005327,0.347712,0.35842228,1.6105777,56.756634,10.808406,8.601692,723.22205
2011.5844,0.02903495,-0.39761204,0.3496865,0.36177304,1.180886,56.507504,11.242965,8.61803,735.7345
2011.5957,-0.06763943,-0.43188977,0.3503986,0.36655542,0.77129936,56.46876,9.988156,8.623944,739.6047
2011.5863,-0.09854516,-0.37477183,0.34922716,0.36561435,1.3861724,56.48656,10.923545,8.614201,737.83954
2011.4543,-0.33363792,-0.4125371,0.34870914,0.3619755,1.2904305,56.687897,11.60757,8.610447,728.6279
2011.5052,-0.2529051,-0.41083163,0.3497444,0.35390016,0.652923,56.48683,10.543263,8.579862,711.5441
2011.5933,0.42045966,-0.43235874,0.35025474,0.3662054,1.1524498,56.492607,12.338189,8.623904,738.61066
2011.6168,0.08539081,-0.45161915,0.35045227,0.36638117,1.8302233,56.46794,9.861243,8.612342,742.0144
2011.4224,-0.15749909,-0.42708015,0.34820622,0.36467913,1.2992712,56.547165,11.925431,8.556877,733.77966
2011.5865,-0.23209013,-0.459145,0.3503923,0.36664492,1.5290449,56.467575,9.884582,8.626179,742.3305
2011.5721,0.14680244,-0.41256654,0.34916005,0.36622158,1.3692561,56.577633,11.176745,8.60915,731.12854
2011.6138,0.5403242,-0.43789124,0.3504,0.36627904,0.9640741,56.484154,9.8651285,8.6195965,737.0812
2011.6165,-0.10543474,-0.4488933,0.3503017,0.36636534,1.4445288,56.463203,9.9446535,8.626085,737.5897
2011.618,0.035770245,-0.44540638,0.35042685,0.36628875,1.1487572,56.470215,9.881095,8.627574,739.49286
2011.569,0.2763559,-0.43497658,0.34951475,0.3637163,1.3513012,56.50684,10.251573,8.62294,726.98236
2011.6104,0.34703583,-0.45179886,0.35035446,0.36645693,1.1321048,56.481544,9.900216,8.62669,740.0437
2011.4229,0.75545985,-0.3148945,0.34627452,0.3525993,0.7523853,56.75947,13.831121,8.518403,710.1346
2011.6165,1.1131625,-0.45932162,0.3504174,0.36646417,0.9492646,56.45957,9.898488,8.624348,743.36066
2011.6161,-0.06432556,-0.44974303,0.3504677,0.36668053,0.6643093,56.462666,11.215695,8.626735,739.69244
2011.6125,0.11330176,-0.45429832,0.35050347,0.36644858,1.2277099,56.4765,9.830985,8.626057,739.5512
2011.6177,0.42043793,-0.45382476,0.35048828,0.36673015,0.7387672,56.461876,9.806535,8.626434,741.2681
2011.5833,-0.0044044177,-0.3660267,0.34867266,0.3496023,0.9671896,57.787205,11.432433,8.546533,662.05786
2011.6096,0.39446583,-0.43685937,0.34912178,0.36447102,1.8503217,56.48912,10.581168,8.619528,741.20825
2011.5751,0.35990915,-0.43520015,0.3491944,0.36398745,1.5420663,56.648113,10.470094,8.624123,739.3695
2011.5044,0.48278487,-0.30297363,0.33287808,0.35266516,1.2047412,57.637253,19.306158,8.558618,732.7919
2011.618,-0.020150594,-0.4585693,0.35050657,0.36664623,2.3764482,56.45777,9.8996,8.627369,741.0026
2011.6176,0.1656892,-0.45361352,0.35050404,0.36658671,1.5868186,56.459,10.00862,8.627035,740.83734
2011.6172,0.24715102,-0.44590557,0.35013694,0.36631897,1.4193916,56.66771,9.790055,8.626304,705.15326
2011.6129,0.45646763,-0.4579584,0.35046554,0.36650547,1.6065938,56.461388,10.176234,8.62316,739.8888
2011.6097,0.75371265,-0.4536823,0.3504884,0.3662903,1.6642141,56.461525,10.0493765,8.62571,742.1821
2011.6157,0.040333666,-0.4445368,0.35034654,0.3663359,0.62714267,56.467674,9.877963,8.6264715,742.4525
2011.6179,-0.15506567,-0.4474011,0.35002667,0.36682191,1.3565556,56.486523,10.478332,8.626955,742.9678
2011.5897,0.7032403,-0.44582164,0.35034114,0.36611336,1.683698,56.46834,10.060952,8.626883,740.9006
2011.6115,0.27362597,-0.418764,0.35026392,0.3626347,0.93287265,56.51759,10.406375,8.624109,734.4876
2011.6161,0.5252818,-0.45521343,0.350261,0.36681995,1.7881899,56.47901,10.054231,8.626721,742.3008
2011.6112,0.71168613,-0.42406648,0.3502271,0.3659952,0.31240207,56.570503,10.389981,8.602868,713.6571
2011.5736,-0.0022947115,-0.44523913,0.34970438,0.36573634,0.8788769,56.484375,10.90183,8.596304,738.14197
2011.6168,0.16008045,-0.4535607,0.35046235,0.36538595,1.0241052,56.468178,10.2675085,8.624503,742.062
2011.6171,-0.3443788,-0.44748294,0.35049123,0.36670503,1.2350687,56.457703,10.014493,8.627434,742.3149
2011.6105,0.08203981,-0.4288659,0.35036665,0.36613685,1.223624,56.469288,9.854814,8.625378,733.30145
2011.5928,0.6612991,-0.44649333,0.3487946,0.36439764,1.1377953,56.615936,11.341977,8.625344,732.8861
2011.5986,0.20076124,-0.452026,0.35032076,0.36588234,1.3403399,56.4691,9.926293,8.618332,741.2779
2011.61,0.18561855,-0.40575963,0.35011396,0.3655255,1.162394,56.46777,10.102828,8.62373,739.2823
2011.6174,0.7092386,-0.45891863,0.35044435,0.36675853,0.70939136,56.46437,10.104791,8.626121,742.89954
2011.5513,-0.09650939,-0.41019863,0.3403133,0.3632686,1.299732,56.639652,10.888734,8.621377,681.08484
2011.5273,0.35123056,-0.38634527,0.34670562,0.35090023,0.6600424,56.54069,11.229974,8.534173,724.1546
2011.6172,0.17125787,-0.44635636,0.3505034,0.36654943,0.64793974,56.45781,9.775638,8.627257,743.27026
2011.5845,-0.32882354,-0.36179,0.34657463,0.33688262,1.7609615,56.76436,10.690455,8.62142,641.9486
2011.6138,-0.07485887,-0.45238352,0.350465,0.3656433,1.7426329,56.52893,9.910905,8.627037,719.977
2011.5796,0.22210342,-0.38695574,0.34776518,0.36559424,1.1768048,56.582405,10.041545,8.622312,710.5658
2011.6017,0.42308298,-0.42875856,0.34955215,0.36655203,0.7701987,56.468433,10.023406,8.617359,740.8505
2011.5554,0.60403574,-0.41966885,0.34990734,0.36469367,1.8414739,56.491055,10.281905,8.575414,737.22363
2011.481,0.49610442,-0.3608786,0.34911755,0.35633463,0.3529356,56.553986,11.065904,8.585147,738.6799
2011.6166,0.5376203,-0.42816484,0.35049966,0.36658892,0.14180179,56.474453,10.427718,8.626151,742.0692
2011.6007,-0.31225935,-0.4332512,0.3501035,0.36597592,1.9990338,56.55516,10.357087,8.620442,718.7244
2011.6084,-0.2840499,-0.40641314,0.3498019,0.36540642,2.173015,56.483902,9.901135,8.625098,651.24677
2011.5889,0.42671752,-0.40815246,0.3480789,0.3657127,1.3677951,56.581894,10.691421,8.614849,737.302
2011.6062,-0.06358459,-0.44266027,0.35031503,0.3653617,1.1780349,56.480545,10.206861,8.625821,736.586
2011.3927,0.06099821,-0.3670159,0.34799507,0.36097115,1.4483536,56.63118,13.797087,8.505189,710.21136
2011.6174,0.6982925,-0.45654166,0.35050863,0.3667878,0.42684218,56.45817,9.891088,8.627264,743.33154
2011.6027,0.57109374,-0.44823217,0.3504097,0.36633378,1.6628144,56.459877,10.28818,8.553949,741.2637
2011.5956,0.29092798,-0.4483999,0.34977114,0.36667654,1.3298352,56.486465,10.182351,8.625738,741.03217
2011.6041,-0.18545116,-0.45410836,0.35035348,0.36507452,1.8754276,56.471386,10.015309,8.612427,736.16364
2011.591,0.2081323,-0.40483582,0.34843087,0.36495423,1.5042628,56.639145,10.186101,8.597432,730.4639
2011.6122,0.050604858,-0.4488929,0.34926462,0.36629087,0.005962275,56.48728,9.862035,8.612772,739.65186
2011.6173,-0.25534573,-0.45505923,0.3504947,0.3667843,1.6826695,56.646263,10.118424,8.626645,739.83264
2011.6119,-0.15519197,-0.45741194,0.35043675,0.3665809,1.3587244,56.471172,10.262486,8.625138,741.68134
2011.617,-0.15742613,-0.4585408,0.35045415,0.36579257,2.2723505,56.511654,9.97528,8.627561,730.85297
2011.5851,0.77510184,-0.413405,0.34792125,0.36619303,1.6820418,56.52027,10.091212,8.625233,735.52814
2011.5535,-0.10358634,-0.40634406,0.34889266,0.36422995,1.5069555,56.65249,11.284364,8.613695,659.08185
2011.6127,0.10747922,-0.4502474,0.35027248,0.36635217,1.2675914,56.606323,10.486135,8.617858,738.7926
2011.6052,0.5520132,-0.42780358,0.35016474,0.36356315,0.8247785,56.498528,10.041909,8.615139,739.9478
2011.587,0.9466372,-0.45033222,0.3498089,0.36467454,0.52144754,56.491066,11.6912775,8.624423,737.2694
2011.5614,0.40314934,-0.3851446,0.34754232,0.34544137,1.33596,57.178097,10.517543,8.581733,706.3515
2011.5989,-0.44960955,-0.43877006,0.34934407,0.36516014,1.6428753,56.50322,10.672196,8.622256,723.2883
2011.6107,-0.19926192,-0.4542864,0.35038856,0.36599448,1.8704106,56.466084,9.944564,8.627108,740.09155
2011.5763,0.9403449,-0.43673915,0.34995365,0.3663541,0.9128987,56.47093,10.349534,8.620967,741.66345
2011.5844,-0.46202454,-0.38120848,0.3486651,0.35898763,1.2536745,56.53729,11.555779,8.624715,685.51044
2011.6166,0.12900437,-0.44784534,0.35038912,0.3665208,1.4137955,56.46026,9.833846,8.625376,741.3659
2011.6072,0.32202047,-0.44374692,0.35034955,0.36558273,1.8994142,56.46604,9.791715,8.625633,740.57983
2011.6133,-0.32165518,-0.44180608,0.3505007,0.36621085,1.0088934,56.46053,9.845929,8.624884,740.518
2011.6133,0.10583774,-0.44287133,0.35049918,0.36674514,1.2448575,56.463333,10.012849,8.62756,739.8291
2011.6128,-0.45248887,-0.42432243,0.35018006,0.36498463,1.7424475,56.46456,9.853557,8.624502,732.7495
2011.6079,0.5398537,-0.45157284,0.3503364,0.36269337,0.8576797,56.515583,10.534625,8.621152,738.8326
2011.608,0.095971115,-0.45443326,0.3499996,0.36573845,1.2298614,56.46368,10.886123,8.626724,740.14575
2011.5823,0.1549381,-0.44179517,0.34988475,0.36302498,1.9711405,56.49595,10.915563,8.604228,732.17255
2011.6085,0.7108838,-0.44518793,0.3500658,0.36605847,0.8233365,56.66187,10.777568,8.624978,742.0209
2011.5996,0.15558764,-0.4275962,0.34967354,0.36550307,1.5235105,56.485664,11.102754,8.613905,739.1709
2011.5739,0.22065772,-0.4236229,0.34885535,0.36518332,0.7359776,56.487343,10.480723,8.580646,728.21454
2011.6145,0.45487136,-0.44744647,0.3504353,0.36665756,0.8415645,56.458214,9.808417,8.627242,742.0805
2011.6143,0.03499917,-0.45436418,0.35046163,0.3664491,0.9329616,56.47275,10.099542,8.627115,741.2415
2011.6044,0.73440427,-0.3981532,0.35017595,0.36600843,0.72509885,56.524254,9.882054,8.624511,737.454
2011.6122,-0.1525286,-0.43592513,0.35033107,0.3665476,1.2300559,56.47457,10.183541,8.57548,733.0106
2011.6178,0.38789132,-0.4529457,0.3504842,0.3667074,1.9993002,56.458004,9.850465,8.626847,742.9249
2011.5726,-0.19729675,-0.42620063,0.34983316,0.36582866,1.0365864,56.468605,9.911765,8.622046,740.09595
2011.4661,-0.18965621,-0.3823564,0.34851745,0.36510313,0.94190174,56.691,13.882937,8.618648,701.91486
2011.5107,0.2225782,-0.36326402,0.34947136,0.36228675,0.8317516,56.530643,11.154258,8.606752,699.6232
2011.5842,-0.021667205,-0.4172948,0.3501464,0.36447915,1.2931167,56.476967,10.027314,8.626503,739.8836
2011.596,0.7635541,-0.43397665,0.3499206,0.36569798,0.44834813,56.531044,10.260041,8.579825,733.77515
2011.6145,0.20367056,-0.44661218,0.35043544,0.3665448,1.8637426,56.50852,9.872317,8.618738,738.79987
2011.615,-0.07633471,-0.4501322,0.3503471,0.3665106,1.6612141,56.4685,10.2221155,8.624239,742.09784
2011.5956,0.051709153,-0.4288324,0.35003436,0.363966,1.0183716,56.499096,9.969138,8.625522,740.4716
2011.5841,0.6242239,-0.40172625,0.3478295,0.36524805,0.8612927,56.798515,10.363105,8.62291,721.00244
2011.5898,0.17431149,-0.4361471,0.34940472,0.3667254,1.4985026,56.57007,10.699855,8.624821,739.873
2011.6014,0.5881953,-0.43688667,0.3494896,0.36563715,-0.16814493,56.547398,11.576226,8.62379,736.5207
2011.5979,-0.15029897,-0.42140323,0.350313,0.36239776,0.7966238,56.506634,10.240325,8.62281,732.3802
2011.596,-0.5208501,-0.28439397,0.34758705,0.3617949,1.9833744,57.698753,11.598731,8.611426,647.73804
2011.4417,0.8522862,-0.3717196,0.34802058,0.35825652,0.14645375,56.55655,11.410079,8.578569,711.41455
2011.589,0.2152597,-0.42034358,0.3491071,0.3272214,1.1085446,56.535748,12.29807,8.614601,717.8073
2011.6122,0.2726765,-0.36723393,0.35011795,0.366233,0.8396994,56.49878,9.994533,8.62576,738.75745
2011.6116,0.3230768,-0.41888183,0.35042882,0.36568344,1.1286469,56.477654,10.088887,8.623326,742.77905
2011.5593,0.26957595,-0.4249761,0.34970778,0.36548305,1.7117196,56.481396,9.869931,8.616781,650.9679
2011.5568,0.26812467,-0.41239613,0.34920412,0.36474556,0.7659554,56.4669,10.409556,8.618099,741.9638
2011.6133,-0.32657406,-0.435292,0.35043335,0.36646593,1.4126356,56.47732,10.606692,8.626518,741.19165
2011.6161,0.1724688,-0.4592899,0.35050452,0.3667756,0.6885131,56.457573,10.004521,8.6259575,742.60815
2011.6116,-0.0369161,-0.4324779,0.35040578,0.3666353,0.9616566,56.461308,9.850736,8.624796,740.66437
2011.5867,-0.0032826883,-0.44229758,0.3499506,0.3608258,1.8273927,56.481174,10.795819,8.593455,728.8156
2011.6047,0.33649272,-0.4358523,0.35035607,0.36609042,0.9966405,56.4663,10.2551565,8.611495,739.1926
2011.6152,0.8314963,-0.43904626,0.35009617,0.36409003,0.13487919,56.513947,10.070224,8.625553,738.5669
2011.6162,-0.34306976,-0.42401993,0.35035,0.36643252,0.9264631,56.478565,9.900418,8.62479,727.3925
2011.6066,-0.13567306,-0.44637233,0.35002956,0.3652659,1.7144866,56.491264,10.299891,8.61958,738.5359
2011.6165,-0.22338171,-0.4338563,0.35019195,0.36676064,1.241275,56.482964,9.778626,8.627288,737.39056
2011.5789,0.3031335,-0.39229226,0.3481299,0.3651965,0.8240265,56.49228,10.117812,8.618912,741.1387
2011.4768,0.1862788,-0.37933582,0.3415186,0.3548453,1.7764363,56.771755,11.359992,8.591887,676.25055
2011.5642,0.053956248,-0.38344598,0.3484683,0.36373782,1.7589599,56.482807,12.433356,8.611076,725.2202
2011.5975,0.060317136,-0.32594138,0.3499518,0.36584613,1.0800772,56.588287,10.085517,8.622885,725.15076
2011.5574,0.49569923,-0.37986177,0.34835756,0.35227397,1.0211267,56.764576,11.439815,8.575893,722.9451
2011.616,0.8547866,-0.45296323,0.3501087,0.3663817,1.3035192,56.581654,9.909602,8.624096,740.52124
2011.5549,0.26589316,-0.40806478,0.34605902,0.3357699,-0.10344652,56.569008,10.025489,8.598689,704.0354
2011.6179,0.5325212,-0.4489481,0.3504921,0.36668023,1.2075078,56.458397,9.833573,8.627614,742.98016
2011.6028,0.17655058,-0.39163655,0.34847167,0.36300808,0.9031009,56.938065,10.210839,8.609108,721.06604
2011.582,-0.06745689,-0.37892127,0.3433874,0.35839537,0.78381056,56.661224,9.996665,8.554679,631.4795
2011.6105,0.0494181,-0.35807234,0.35038802,0.36614212,0.6551387,56.470634,10.006158,8.626652,740.48444
2011.5511,-0.38713226,-0.41350096,0.3488449,0.36480767,1.0053408,56.696728,10.543038,8.618226,730.9207
2011.5908,0.58954436,-0.43247604,0.35003355,0.3633589,1.325414,56.470665,10.442319,8.621199,740.8677
2011.6022,0.8023183,-0.4152574,0.34997994,0.35969338,0.33029598,56.74725,10.258298,8.609026,719.0097
2011.5898,0.3625508,-0.40786785,0.34876838,0.36367917,1.5930307,56.721558,14.44144,8.622997,733.1394
2011.6139,0.5910918,-0.44921774,0.3504575,0.36528304,1.2585455,56.45962,9.873445,8.619506,742.4706
2011.5171,-0.060514383,-0.36508006,0.34534976,0.36300302,1.5916711,56.95683,10.838105,8.608443,448.0453
2011.5984,0.25593466,-0.42652893,0.35035437,0.33921468,1.5788624,56.468193,9.907067,8.625906,739.66223
2011.611,0.3829667,-0.4586817,0.3504572,0.36649317,1.7179978,56.46007,9.796752,8.627324,739.96375
2011.521,0.4390296,-0.4099254,0.348458,0.36291417,1.2673753,56.675198,10.059136,8.608967,733.8995
2011.5531,0.13058354,-0.4133538,0.34927896,0.35866216,0.61322373,56.54381,12.236571,8.579471,726.53564
2011.3668,0.04185272,-0.3612054,0.34867737,0.36365053,1.8355521,56.606888,10.503161,8.609329,723.82324
2011.4666,-0.18102963,-0.35644913,0.34805393,0.36595443,1.4307042,56.55685,11.487788,8.609601,733.57153
2011.5834,0.6270403,-0.4204929,0.35008472,0.36632788,1.2899207,56.487175,10.383851,8.626075,738.04126
2011.6091,0.4154841,-0.45660502,0.3503523,0.3666207,0.4990647,56.524704,10.96861,8.626562,739.72076
2011.6152,-0.16153206,-0.39843947,0.35020712,0.36634266,2.134349,56.478123,11.035611,8.627284,740.3481
2011.6166,-0.1280206,-0.45557088,0.3504379,0.36648658,1.5156292,56.489277,10.239259,8.624486,717.5582
2011.5992,-0.39788887,-0.38382423,0.3497883,0.36621186,2.0212984,56.539772,9.921199,8.624712,731.3716
2011.5479,0.040236212,-0.40359217,0.34878385,0.36160654,1.1992493,57.011387,10.277022,8.61491,640.42
2011.6157,0.3841314,-0.44998902,0.35036612,0.36641642,1.3535231,56.462532,10.032565,8.626419,729.9362
2011.6012,0.16843374,-0.42356056,0.3504274,0.3659319,1.4720364,56.46138,9.89832,8.616139,722.1851
2011.6174,-0.19449581,-0.3423859,0.35043886,0.3664653,1.0476867,56.477646,10.055936,8.627419,742.00494
2011.596,0.121560134,-0.37589568,0.34873354,0.36452442,0.93814766,56.816624,11.29325,8.594873,725.0592
2011.6146,0.7870734,-0.43392545,0.3503099,0.36670628,0.7777039,56.464676,9.843047,8.623729,736.99744
2011.6099,0.92929024,-0.44235975,0.34999043,0.36584842,0.22106941,56.462006,9.808454,8.625091,730.89655
2011.599,0.10436291,-0.3875866,0.34999198,0.3662228,1.55278,56.483635,9.890992,8.601393,728.05316
2011.6138,-0.21767117,-0.44496584,0.35031113,0.36658615,2.0154228,56.45845,9.870397,8.61733,739.76904
2011.6044,0.69059956,-0.38507736,0.34959364,0.36429247,0.514469,56.477825,10.683276,8.59261,736.7295
2011.6085,0.19118802,-0.45320213,0.35028616,0.36582687,0.8586488,56.46954,10.025468,8.623795,741.1649
2011.6056,-0.42994097,-0.34850216,0.3483752,0.36297634,1.9343133,56.53907,10.386636,8.614901,716.9823
2011.6116,-0.019324385,-0.43992263,0.35041544,0.36439058,1.5492058,56.632942,10.055297,8.612711,740.4463
2011.5648,0.04803104,-0.36707383,0.3455915,0.34783033,1.698986,56.55577,12.854192,8.553281,707.1738
2011.6191,0.39578772,-0.46031058,0.35052833,0.36681503,1.3483762,56.457775,9.856614,8.627847,742.5077
2011.5763,-0.30063817,-0.3874935,0.34858057,0.32281518,1.3693497,56.50157,10.488368,8.608697,617.2917
2011.5514,0.22716728,-0.4233787,0.34851152,0.3572942,1.3192366,56.516186,10.795239,8.549172,697.59467
2011.6174,0.36587632,-0.4539405,0.35051617,0.36672688,1.3163431,56.46527,9.957597,8.618747,742.3923
2011.6132,0.48876914,-0.45083994,0.35001734,0.3627097,1.8849956,56.460686,10.057372,8.62633,738.8847
2011.6171,1.0030522,-0.45841706,0.34987107,0.36681122,0.64238155,56.47317,10.448688,8.626302,741.2531
2011.6128,-0.4375023,-0.40935624,0.3500195,0.36657324,1.6779525,56.47546,10.193053,8.625791,737.66425
2011.6156,-0.09207108,-0.4526381,0.35046253,0.36651492,1.3878425,56.482296,9.87597,8.62671,733.5628
2011.6099,0.51322746,-0.44939804,0.35049474,0.3656498,1.0760022,56.518955,9.915547,8.626353,738.6071
2011.6013,-0.2119719,-0.33849472,0.35018516,0.36558223,1.3304515,56.590904,10.539605,8.61588,733.57324
2011.5513,0.19313492,-0.42430633,0.346494,0.35332575,1.4930098,56.992058,10.391738,8.613113,686.15216
2011.6147,0.010230608,-0.4432016,0.35040396,0.366041,1.1295695,56.45983,10.033185,8.627645,742.74664
2011.6086,0.12540157,-0.438713,0.35029718,0.36535382,1.7577015,56.47546,10.194579,8.620189,728.98254
2011.6171,-0.2911162,-0.4565252,0.35050803,0.36681283,1.7145342,56.45963,10.012872,8.627073,741.4628
2011.5991,0.19010125,-0.41670454,0.349725,0.36213255,0.5217213,56.482365,9.8386755,8.623491,726.18164
2011.6116,-0.088454925,-0.4325831,0.35029998,0.36636338,0.83839303,56.640125,11.802588,8.622891,738.1099
2011.6143,-0.04961186,-0.45154124,0.35029218,0.36599743,0.83845943,56.502293,9.918471,8.621773,667.21735
2011.5836,0.31664225,-0.37057436,0.3489214,0.36413673,0.840112,56.483963,10.038522,8.620198,719.84863
2011.6138,-0.1239781,-0.45529145,0.35044527,0.36655042,1.131313,56.495953,10.11469,8.625306,737.8867
2011.611,0.8929139,-0.4230616,0.34874392,0.36404592,0.54756945,56.480137,10.096864,8.626913,733.3845
2011.606,0.26356104,-0.40514612,0.3476527,0.3628323,1.5980402,56.845833,10.185647,8.619107,699.36865
2011.6112,0.06974057,-0.43971616,0.35045454,0.36567828,0.9685095,56.5613,11.358911,8.626464,736.097
2011.5969,0.94990367,-0.44678992,0.34962717,0.36262986,1.094812,56.56414,10.184747,8.571254,728.57874
2011.6136,0.5045976,-0.45549518,0.35025758,0.3665434,1.2328881,56.52234,10.856494,8.626573,741.86536
2011.5796,0.2227914,-0.40655625,0.3492223,0.36038807,1.5709856,56.477615,10.318128,8.61455,737.66284
2011.475,0.20596474,-0.36250275,0.34028688,0.36248317,1.3836044,56.649307,12.429954,8.57931,718.9674
2011.6177,1.2569402,-0.4584477,0.3505069,0.36681607,0.46036425,56.45792,9.83715,8.627475,743.2982
2011.5665,0.12383843,-0.20104693,0.34764534,0.36251572,1.2155253,56.605267,10.531676,8.611845,716.9791
2011.5264,0.27662125,-0.4281286,0.34986153,0.36260566,1.2034115,56.475933,11.108867,8.61485,734.06134
2011.6,-0.08967557,-0.40557683,0.34949583,0.36631736,1.5651896,56.496494,9.91273,8.605687,717.5358
2011.6184,-0.4334642,-0.44706625,0.35050818,0.36678004,1.7745059,56.478817,9.83137,8.627717,734.63214
2011.6149,0.75639844,-0.44168776,0.3503178,0.36647895,1.5943983,56.460087,9.81404,8.627135,742.52466
2011.6182,-0.22568472,-0.45178312,0.35052016,0.3667509,1.3413372,56.471348,10.238151,8.626075,741.54645
2011.5797,-0.2503862,-0.3950708,0.34870428,0.36196753,2.116666,56.589634,11.829288,8.590769,698.65234
2011.5819,0.15357402,-0.45762247,0.35040817,0.36626148,0.7664754,56.476906,10.377582,8.627323,740.2353
2011.6123,0.49364278,-0.4142242,0.35027045,0.36603326,0.85252213,56.515842,10.026271,8.603235,741.94714
2011.6006,0.07289282,-0.43973386,0.35046324,0.36660513,1.6314896,56.505383,12.61048,8.626724,740.9736
2011.6166,-0.16275175,-0.45444512,0.35049963,0.3667096,1.2416325,56.465847,10.170554,8.626257,741.7778
2011.6166,0.5989789,-0.45270926,0.35043895,0.36664113,1.9103029,56.46078,10.017535,8.626976,741.0627
2011.6049,0.00870768,-0.4412132,0.350131,0.36587498,0.49739528,56.48887,10.911832,8.624696,733.06976
2011.6044,0.00023243607,-0.42929548,0.35021418,0.3638116,1.5366029,56.473026,10.0346,8.622973,727.986
2011.6139,-0.011453293,-0.45573127,0.35031256,0.36642954,0.87239295,56.487762,9.939322,8.624639,740.64307
2011.5957,0.16288471,-0.35566926,0.34816217,0.36604083,0.92241395,56.489353,9.86893,8.618506,738.52386
2011.6079,0.64548033,-0.4514609,0.35025316,0.36645666,1.4445049,56.48706,10.154265,8.626966,725.03986
2011.5159,0.45408162,-0.41548187,0.3498565,0.36285043,0.8483409,56.479935,10.378707,8.606388,729.6969
2011.6134,0.8340473,-0.45769042,0.3502044,0.3621556,0.50565434,56.510624,10.191106,8.627232,740.742
2011.6046,0.2712536,-0.4507447,0.3499192,0.36617085,1.6964155,56.47903,9.960078,8.620788,737.5838
2011.3881,0.41014862,-0.4350301,0.34710306,0.35773778,0.6854811,56.591034,10.083093,8.601706,721.80554
2011.6136,0.35808706,-0.44867063,0.35040063,0.3667622,1.0917976,56.48447,10.155044,8.627738,734.1583
2011.5912,0.28826478,-0.3327902,0.34807768,0.36551958,0.79133964,56.56113,10.033347,8.624081,726.1286
2011.5496,-0.40212402,-0.31092745,0.34898707,0.36108786,1.8481582,56.533627,10.228204,8.609442,703.5049
2011.6188,-0.13603826,-0.45943344,0.35048237,0.3668263,2.1034906,56.458126,9.927955,8.627721,742.9935
2011.6068,-0.30873212,-0.4360404,0.35044062,0.36623567,1.1777048,56.508263,11.016295,8.626568,740.24524
2011.6035,0.03838945,-0.45194805,0.35047597,0.36566448,2.0413594,56.45914,9.844974,8.6157055,724.2
2011.614,0.6203152,-0.45244414,0.3504778,0.36635152,0.7667748,56.457527,9.859946,8.624293,742.99677
2011.5981,1.2035718,-0.44240403,0.34971863,0.36294416,0.63259137,56.56653,10.115273,8.603152,740.4966
2011.4583,0.31457278,-0.4063627,0.34948185,0.36243135,-0.12272946,56.60807,10.334855,8.609053,738.652
2011.5265,0.43435016,-0.39875144,0.34981048,0.36208418,0.30268008,56.554237,10.813849,8.618459,735.4146
2011.6168,0.43022996,-0.4140582,0.35049433,0.36649242,-0.024300195,56.46983,9.904691,8.625515,742.87695
2011.5947,1.0185324,-0.3903432,0.34873977,0.36517212,1.2463795,56.540928,10.063903,8.62567,737.28705
2011.6073,-0.054979675,-0.37088352,0.34859392,0.36629024,2.2095723,56.945385,10.178557,8.625325,701.3245
2011.6062,0.9005669,-0.43736207,0.34908596,0.36336142,0.86979306,56.494247,10.062711,8.623926,705.9949
2011.6172,0.57037944,-0.45035404,0.3502585,0.36660603,1.8612325,56.467735,9.902867,8.627591,741.9409
2011.5839,-0.16834082,-0.27858824,0.34845713,0.3423121,-0.12852381,56.63304,10.747991,8.60783,692.8457
2011.6101,1.1590672,-0.45789897,0.35031846,0.36587262,0.34156638,56.471016,12.416343,8.622568,743.13336
2011.6135,0.30135596,-0.43336177,0.35032794,0.36666623,0.97810775,56.462868,9.861661,8.627419,742.3011
2011.5963,0.27543846,-0.44686657,0.3503011,0.36649925,1.5847087,56.472748,10.8265295,8.625591,740.705
2011.5737,-0.24485476,-0.4177677,0.35013,0.3643964,1.9116541,57.358234,10.47453,8.608185,726.4117
2011.5804,-0.1899397,-0.35095876,0.35000023,0.34828418,0.74218065,56.488094,10.088922,8.622922,722.90717
2011.6107,0.98177236,-0.44468033,0.35014707,0.36622226,2.0044491,56.46867,10.540404,8.626585,739.4724
2011.5834,-0.35490605,-0.4086436,0.3490411,0.3645658,1.4818909,56.56014,10.133412,8.618776,728.3073
2011.5964,0.6885921,-0.45160335,0.35038787,0.36562252,1.1062194,56.50445,11.771092,8.608496,738.2252
2011.5798,0.8994427,-0.4401257,0.34748286,0.36170802,1.7230927,56.530724,10.347077,8.615271,712.6736
2011.5891,-0.31048986,-0.4488744,0.35040784,0.36601803,1.8284312,56.46289,9.895164,8.615332,720.2263
2011.6016,0.03881011,-0.4401949,0.35028672,0.36320716,1.2447516,56.4692,9.964732,8.624834,738.1788
2011.6104,-0.31442317,-0.43416208,0.34989968,0.36126685,1.4657911,56.464058,9.831447,8.627149,706.7402
2011.5548,0.22210798,-0.4304735,0.3493611,0.3616528,1.2418313,56.550274,11.931825,8.604081,717.65564
2011.5969,0.1499485,-0.4383816,0.34971318,0.3659967,1.6461265,56.48,10.033622,8.606182,713.2495
2011.6129,0.9394657,-0.45476252,0.35050064,0.36656395,1.7532544,56.467987,9.9738245,8.626821,742.4624
2011.6127,-0.41724363,-0.4347955,0.3502508,0.36617106,1.9938608,56.475395,10.226575,8.622165,727.649
2011.582,0.8342055,-0.44799417,0.3497062,0.3664723,1.0816956,56.461697,10.02996,8.626399,742.5784
2011.6157,-0.52043915,-0.45473778,0.35030866,0.36661524,1.8587049,56.477543,9.942994,8.627762,728.72156
2011.6163,0.20907615,-0.454661,0.3503348,0.3658693,1.3579528,56.58124,10.130389,8.627088,741.16425
2011.6182,-0.3690999,-0.45593685,0.35047156,0.36678,1.9846009,56.467484,9.90289,8.627569,738.3158
2011.6019,-0.018744431,-0.4196545,0.34970284,0.36121696,1.4515116,56.49898,9.951657,8.624178,728.52734
2011.6124,-0.050622128,-0.44786036,0.35045603,0.36675596,1.082416,56.465984,9.9926,8.625346,741.99194
2011.6185,-0.329334,-0.4548658,0.35041535,0.3667768,2.2216792,56.510654,10.11465,8.627576,739.6636
2011.5787,0.6995582,-0.3830787,0.34933022,0.36343938,1.0329735,56.495518,11.320355,8.606429,737.85077
2011.6118,0.78231025,-0.4349861,0.34986937,0.36670187,0.5878925,56.46889,9.887536,8.627678,740.439
2011.5148,0.38561,-0.3758098,0.34027568,0.35965812,1.2057475,57.623882,13.4107065,8.605795,665.2581
2011.6117,-0.3300253,-0.45532042,0.3503065,0.36656785,1.5827539,56.46419,10.147506,8.625684,742.12555
2011.5962,0.5798815,-0.40647036,0.34880733,0.36554348,1.5405184,56.526844,9.945714,8.610987,724.66235
2011.5283,-0.34067735,-0.39411372,0.346512,0.3479879,1.3599832,56.50628,11.174481,8.516134,716.6283
2011.6152,0.44235525,-0.4483748,0.35023084,0.36676335,2.0840197,56.510506,9.8834715,8.626458,739.63763
2011.5931,-0.30132595,-0.42882848,0.34991404,0.36362332,1.2892344,56.504147,10.143313,8.605333,737.7502
2011.5892,-0.12750454,-0.45588142,0.35032037,0.3589723,0.8408722,56.48999,12.376975,8.626937,726.6179
2011.6127,0.27130157,-0.43736684,0.35048896,0.3659669,1.3382095,56.463676,9.797009,8.625774,741.5375
2011.6036,0.13183816,-0.44896024,0.3500978,0.3663732,1.6612489,56.462135,9.9334135,8.613747,739.6554
2011.6187,0.7901542,-0.45855457,0.3505118,0.36618236,0.3695386,56.458435,9.804284,8.627644,743.19226
2011.6168,0.26432818,-0.45639306,0.35050803,0.3668016,2.0771194,56.457825,9.8159,8.62773,740.9707
2011.5864,0.42408633,-0.41708243,0.35008845,0.36453468,2.2358515,56.466854,10.0073595,8.624284,738.4987
2011.5972,0.46504948,-0.44567585,0.34983623,0.3598651,0.8852673,56.68416,11.47446,8.601591,709.8405
2011.5734,0.47821644,-0.4473892,0.34981197,0.363971,0.85998124,56.485237,10.447299,8.623197,734.32324
2011.6085,0.8248599,-0.44280672,0.3500719,0.35214016,0.5484143,56.488956,10.119697,8.62508,735.82916
2011.61,0.043526776,-0.455072,0.3501229,0.36506277,1.7793988,56.465576,9.875062,8.627344,721.3885
2011.6168,-0.35186347,-0.44754648,0.3503526,0.3654698,2.417438,56.46091,10.052619,8.627589,741.0996
2011.6162,0.61302394,-0.45673835,0.35049582,0.36632437,1.3564414,56.469646,9.800101,8.627462,742.612
2011.5747,0.281042,-0.41003025,0.34942922,0.3375666,1.2895926,56.464157,10.015315,8.60823,736.3916
2011.6132,0.15102766,-0.4513042,0.35051242,0.36633337,0.80413,56.490814,10.136271,8.625751,739.1632
2011.6122,-0.2629232,-0.39858133,0.34996092,0.36660877,1.9358585,56.475517,10.924125,8.603437,733.1307
2011.6123,-0.12967737,-0.44632292,0.35034353,0.36661077,2.2758284,56.485737,10.755229,8.62564,737.17737
2011.6144,-0.05975332,-0.4013726,0.35007662,0.3656813,0.45187858,56.487274,10.47553,8.619371,740.39594
2011.548,0.09892652,-0.38995016,0.34375864,0.34411994,1.3846211,56.9509,11.698695,8.541772,699.71277
2011.6,0.3437173,-0.45116603,0.35045567,0.3661238,0.79122925,56.459995,9.903878,8.625066,741.6061
2011.598,-0.050124906,-0.39063156,0.34958923,0.3587695,1.9905361,56.507812,10.179236,8.626054,725.0892
2011.5995,0.72783446,-0.41032934,0.3500881,0.3653062,0.59749746,56.542595,10.369884,8.625342,738.78436
2011.61,0.0099840835,-0.40544635,0.35014516,0.3663284,1.5309135,56.54135,10.709502,8.594363,732.6619
2011.6011,0.4686491,-0.44336683,0.35033864,0.36632937,0.7173498,56.460182,10.007892,8.622333,742.5171
2011.6102,0.4059511,-0.39004844,0.35013813,0.3623831,0.4720124,56.488842,10.480369,8.617008,739.6412
2011.6123,-0.42436948,-0.43166673,0.34995997,0.36509836,2.125446,56.756367,9.959504,8.622146,704.38947
2011.6145,-0.21099843,-0.42439288,0.34997606,0.36672032,0.916655,56.47087,11.029971,8.623627,737.1841
2011.6116,-0.36497673,-0.45346588,0.35048833,0.36630827,2.0268812,56.463947,10.052146,8.620469,741.0045
2011.6074,0.9380273,-0.45403844,0.35042772,0.36649388,0.88476,56.46346,10.270761,8.625535,742.4699
2011.6119,-0.22992958,-0.45067966,0.35027337,0.36669284,0.6810038,56.472153,9.937043,8.623093,737.912
2010.9745,0.35146606,0.016013753,0.2857121,0.31949472,1.4167813,59.60343,12.442082,8.498393,462.74625
2011.6134,0.3642681,-0.43497485,0.35037813,0.36589304,1.286687,56.485836,10.670028,8.624886,741.8025
2011.5897,-0.018954866,-0.4150079,0.3481586,0.318767,1.6610702,56.508682,11.446555,8.54012,726.61334
2011.6128,-0.34793207,-0.4474753,0.35043374,0.36614758,2.0392752,56.46182,10.008967,8.627409,696.56067
2011.6167,0.27875102,-0.44833475,0.35047284,0.36669123,2.2089794,56.464672,10.174462,8.623827,742.3807
2011.5671,0.50935507,-0.42913067,0.34951636,0.36474532,1.6289244,56.531834,10.106318,8.597406,737.3936
2011.6074,0.26124915,-0.44835848,0.34983802,0.3656215,1.419898,56.561123,9.938924,8.620033,735.9054
2011.6095,0.7363095,-0.4415741,0.35037968,0.36672643,1.2125933,56.469803,10.454408,8.627234,742.64557
2011.6161,0.4383059,-0.4578182,0.3502977,0.366706,1.6066262,56.52258,9.9725485,8.626966,741.02716
2011.5675,0.21417911,-0.42804116,0.34969595,0.36429358,1.5807632,56.47213,10.50862,8.601712,730.797
2011.5037,-0.2164817,-0.42039955,0.3495709,0.36077878,1.2455363,56.656197,11.731633,8.612135,714.85297
2011.6008,-0.06673821,-0.4417433,0.35030204,0.366658,1.0181395,56.51095,10.5025015,8.621549,741.91046
2011.6141,-0.19468231,-0.4094835,0.35037634,0.36656773,1.0646948,56.471024,10.091647,8.626065,734.9253
2011.5308,-0.09929087,-0.42749655,0.34656534,0.36463663,1.1450104,56.50687,10.640988,8.621239,652.99677
2011.6058,0.25776827,-0.4572007,0.35022402,0.36453173,1.8321185,56.495235,10.645261,8.627015,740.0426
2011.5977,0.38432664,-0.38259435,0.34901887,0.36379296,0.58960074,56.4885,10.552594,8.608171,739.2552
2011.5607,0.2108186,-0.43570024,0.34949812,0.3613445,1.2149909,56.51891,10.233535,8.624681,718.6593
2011.6183,0.4082903,-0.4416784,0.35047027,0.36460802,1.1310936,56.465893,9.79713,8.626068,741.6707
2011.6182,-0.053120814,-0.44973916,0.35041127,0.36646706,1.86681,56.468426,9.784152,8.627066,741.8103
2011.613,0.017074414,-0.4544927,0.35035032,0.36589855,1.5269463,56.460274,9.836114,8.627176,740.81335
2011.5543,0.9074725,-0.29981363,0.34896585,0.36299476,0.55251557,56.493732,12.347369,8.615362,738.39844
2011.618,-0.28262106,-0.43951792,0.35006973,0.36668813,0.9575128,56.46836,9.811406,8.627701,740.40594
2011.6179,-0.30323812,-0.44674367,0.3504281,0.3665168,1.663087,56.458,10.014335,8.626722,740.09766
2011.5255,0.56914854,-0.39516234,0.3481082,0.36173943,0.9092523,56.487965,10.372424,8.6216345,733.45074
2011.6161,0.3199987,-0.43007368,0.3503309,0.36607653,0.61581165,56.461353,9.946925,8.626686,727.91003
2011.607,0.38329136,-0.4023226,0.3485405,0.3623156,0.58476865,56.529697,11.029237,8.6243,736.24146
2011.6189,0.26772556,-0.45625734,0.35052356,0.36676168,-0.08809701,56.460995,10.497693,8.627651,743.15985
2011.6127,-0.44826177,-0.41554415,0.35038105,0.36558452,1.5657874,56.472084,10.4158125,8.62471,733.34705
2011.5669,0.71523684,-0.43297946,0.34921157,0.3613808,1.5940963,56.572365,10.173003,8.620137,739.7375
2011.5625,0.12467132,-0.43513507,0.3496816,0.35898265,0.68922246,56.552204,14.652801,8.621774,730.09906
2011.5941,0.506285,-0.39150375,0.34974408,0.36652407,1.6059192,56.589703,10.353631,8.627323,742.9477
2011.5823,-0.24722011,-0.4072374,0.34742102,0.36159748,1.9741229,56.508305,10.538829,8.603014,729.6055
2011.6033,0.5835143,-0.44643217,0.35036725,0.35173512,0.13679434,56.47896,10.708032,8.625559,741.46295
2011.6091,0.24406993,-0.43466008,0.34994045,0.3651262,0.3081721,56.47914,10.028026,8.624144,740.2
2011.617,0.43777972,-0.4577896,0.35050753,0.36666018,2.1866224,56.464745,9.813176,8.627331,741.3554
2011.6038,0.60105145,-0.42715025,0.34943545,0.36359474,1.1675868,56.506058,10.369584,8.588874,727.0383
2011.599,0.044763274,-0.34324414,0.34940252,0.36523393,1.3228691,56.583725,13.840696,8.5785475,740.56494
2011.5487,-0.12031474,-0.3938489,0.34913483,0.35972098,1.1286558,56.52054,11.569482,8.625141,728.0397
2011.5708,0.49880353,-0.21199079,0.34282976,0.34890217,0.85378075,56.573956,10.337827,8.618468,709.8455
2011.612,0.8096767,-0.4358155,0.35013884,0.36575198,1.604021,56.528175,10.001239,8.626083,735.22473
2011.5903,0.4804165,-0.40102136,0.3496911,0.36284605,0.90676147,56.534714,10.705743,8.614488,737.51886
2011.5616,0.33681485,-0.32529706,0.34497812,0.3638027,1.1217006,56.610783,10.313081,8.602879,713.6487
2011.5482,0.4343149,-0.294524,0.34567806,0.35927483,0.93112314,56.647575,11.122308,8.622514,699.4805
2011.5476,-0.30263367,-0.29282933,0.34141624,0.3513625,1.2325212,56.670914,10.678943,8.597652,661.3364
2011.5631,-0.11504104,-0.25445956,0.33331275,0.3545937,1.4851601,56.89905,10.660817,8.620915,648.1826
2011.5941,0.23282826,-0.44484824,0.35018453,0.36084014,0.71409905,56.47065,10.267104,8.624767,741.3199
2011.4751,0.18591517,-0.3737933,0.34723535,0.36490208,1.4633247,57.098892,14.452503,8.534873,727.7775
2011.6107,0.67473346,-0.43591803,0.35009733,0.36362606,0.21198465,56.490025,10.329551,8.61179,737.87634
2011.6178,0.14670761,-0.45199233,0.35051924,0.36673972,0.53178906,56.458176,10.002395,8.627788,742.5372
2011.5815,0.15972126,-0.4273426,0.34918317,0.361273,1.3825498,56.487106,10.23091,8.621891,734.4742
2011.6012,0.012427457,-0.41921258,0.3504725,0.366177,0.9348197,56.468697,10.02731,8.590494,740.8233
2011.611,-0.15177895,-0.43638122,0.35038924,0.3665965,0.82425874,56.53594,10.355529,8.623573,740.30786
2011.5767,0.095119305,-0.41340417,0.34967855,0.36368802,1.2998699,56.484947,10.051953,8.590331,729.4052
2011.5999,0.48487166,-0.44384474,0.35040987,0.365123,0.19818498,56.47362,12.275456,8.621827,740.19037
2011.6149,0.36842698,-0.4473477,0.3503806,0.3662141,0.49636295,56.46302,10.367579,8.6273365,742.6489
2011.6049,0.19216305,-0.40530354,0.34937754,0.3665662,0.89152575,56.48509,11.074952,8.614109,734.15326
2011.4802,-0.34019133,-0.406299,0.3495608,0.3551743,1.7703716,57.006863,12.857448,8.53912,679.102
2011.535,1.0999398,-0.39265764,0.3497353,0.36233905,0.03302058,56.46881,10.28522,8.619208,720.5844
2011.4172,0.014318205,-0.4323132,0.349146,0.36213052,1.6633587,57.102924,12.453052,8.601278,666.73334
2011.6099,0.012098081,-0.45399582,0.3503513,0.36629555,1.4171461,56.47553,9.880958,8.624507,742.7741
2011.5972,-0.4461188,-0.42826027,0.35016936,0.3654864,1.1183136,56.481525,9.97318,8.619839,730.34705
2011.5905,-0.0411404,-0.40003663,0.34992352,0.36631593,0.7094191,56.489452,11.484492,8.626243,739.01746
2011.6165,-0.37223348,-0.450522,0.3504267,0.36649203,1.3780235,56.472202,10.150319,8.627198,740.6969
2011.579,0.37417987,-0.32109672,0.3485374,0.35787022,0.9976547,56.533127,10.441947,8.621302,735.01447
2011.6139,-0.10289427,-0.42350382,0.3504428,0.36587274,0.97106206,56.463768,9.789079,8.627006,733.9515
2011.5969,0.11619083,-0.4340766,0.3503446,0.36489302,1.3267096,56.632267,10.121659,8.624065,736.95013
2011.6162,-0.11707165,-0.45445937,0.35052064,0.36666948,1.5438167,56.45868,9.795684,8.624024,743.32947
2011.6088,0.21415438,-0.4545368,0.35037833,0.36629373,1.4850447,56.466057,9.827123,8.625229,714.9669
2011.6094,0.025781311,-0.4555102,0.35050437,0.3662481,1.9398192,56.46302,9.878619,8.627352,742.6423
2011.2148,0.62312907,-0.3448621,0.34618354,0.25206774,0.7115575,57.162914,14.540121,8.418052,688.93
2011.6166,0.19440234,-0.4391529,0.35045013,0.36620682,1.6791635,56.477787,9.792445,8.621638,741.4132
2011.6154,0.27596506,-0.4154817,0.3504423,0.36646196,1.5490968,56.498524,10.715287,8.625434,742.21576
2011.6047,0.5781569,-0.44183403,0.34950352,0.36625543,1.5523757,56.542057,10.63259,8.623014,732.08514
2011.6155,0.45167017,-0.45460886,0.3504983,0.3662225,1.9083644,56.48345,9.933471,8.627378,734.26874
2011.4507,0.5305919,-0.4099049,0.3473916,0.36343268,1.4023018,56.684845,11.121736,8.527193,716.7957
2011.5981,0.45360792,-0.377635,0.34827673,0.36189234,0.82821083,56.51174,10.551772,8.624691,724.18604
2011.6086,-0.12836213,-0.42309344,0.34905365,0.36287102,1.2115091,56.472458,10.108045,8.621407,734.20624
2011.5765,0.37103942,-0.44179773,0.350089,0.36546248,1.360068,56.50102,10.743094,8.587105,732.6523
2011.6049,0.21759893,-0.4442234,0.35025644,0.36633894,1.7268925,56.46008,10.587703,8.618151,740.6699
2011.6138,0.028224565,-0.45535207,0.3505058,0.36655644,1.0006217,56.464226,11.016517,8.626003,741.74744
2011.6101,-0.46250525,-0.4013521,0.34996846,0.3542707,0.62471634,56.493393,10.027074,8.621531,714.6859
2011.5789,0.0828074,-0.37206125,0.34979826,0.36644024,2.0143895,56.547768,10.917754,8.62613,741.2974
2011.6085,1.046705,-0.45395386,0.3496315,0.3658446,1.0893209,56.4657,10.763017,8.624877,743.02527
2011.6176,-0.012853585,-0.45750135,0.35051593,0.36681026,1.742638,56.46068,9.950709,8.62508,743.29663
2011.5581,0.51857656,-0.40869212,0.3443988,0.3643281,1.06849,56.510845,10.441867,8.564793,736.7912
2011.6145,-0.28656492,-0.4576007,0.3503255,0.36669168,2.5233464,56.46436,9.848668,8.627157,738.78735
2011.566,0.53311384,-0.4312777,0.34898958,0.36034065,0.39977705,56.5484,13.331352,8.62477,739.0301
2011.5105,0.39402965,-0.3973686,0.34862602,0.3573022,1.0509375,56.50044,11.389682,8.562728,732.0461
2011.612,-0.14794762,-0.4329533,0.3499481,0.3638234,1.8490889,56.46901,10.068719,8.624901,729.9523
2011.6096,0.34212205,-0.45237678,0.34981453,0.3649738,1.0571313,56.462524,9.907411,8.626535,737.46484
2011.6086,0.16409968,-0.41953564,0.34926248,0.36231595,1.1959908,56.974724,12.087985,8.6128235,732.48364
2011.6072,-0.062317364,-0.4444983,0.35011426,0.36312884,2.0324821,56.55606,10.222106,8.624722,736.917
2011.575,-0.18378486,-0.42384893,0.34759915,0.3664253,1.9173295,56.483913,12.060832,8.623139,724.69305
2011.6176,-0.087574296,-0.45930815,0.350514,0.36674416,2.1540117,56.46089,9.978734,8.626652,742.69836
2011.5966,0.61752295,-0.44026875,0.3499849,0.3650792,1.0002159,56.47891,10.396153,8.621529,738.98004
2011.5898,-0.07919177,-0.42740315,0.3504131,0.3662029,1.0688145,56.583717,11.153863,8.614418,733.9061
2011.6171,-0.49152246,-0.41233498,0.35021225,0.36447695,2.0298135,56.47373,9.841821,8.6245775,657.48206
2011.6096,0.11846573,-0.42821103,0.35039172,0.36645436,1.7244971,56.46265,9.900165,8.627218,721.5673
2011.4518,0.3916532,-0.33569533,0.33134958,0.36551937,1.0232831,56.57516,13.143452,8.557468,715.4709
2011.5834,-0.042163603,-0.41753787,0.3498423,0.36484432,0.91786397,56.502464,10.290132,8.603249,735.35486
2011.6111,0.10454024,-0.44443786,0.34943557,0.36546108,0.5437596,56.504562,10.137738,8.622751,740.0553
2011.5988,0.19187663,-0.42382216,0.34988067,0.36527503,0.4241846,56.476585,10.209624,8.600019,720.7303
2011.6172,-0.13037182,-0.4508981,0.35037562,0.36667967,1.9655002,56.54787,9.875335,8.627624,739.3603
2011.6102,0.6519183,-0.44499558,0.3502429,0.36595228,1.3344128,56.506107,9.903941,8.627355,735.9408
2011.5721,-0.3086106,-0.3984847,0.34805793,0.34431127,0.92149574,56.490425,10.311561,8.61926,674.1248
2011.5844,0.22765982,-0.3301037,0.34797582,0.3656698,0.11494567,56.693512,10.988336,8.60636,720.52875
2011.6063,0.2031598,-0.44858027,0.35032293,0.36546636,1.966557,56.46183,9.84216,8.61318,736.1442
2011.2905,0.30999166,-0.38307172,0.34627393,0.34900633,1.227856,59.010326,11.210618,8.607446,695.5086
2011.5531,0.23293144,-0.44234157,0.34584057,0.3658975,1.8049237,56.55195,10.223409,8.6246805,735.4719
2011.5824,-0.054465227,-0.4220767,0.34939662,0.36246112,1.4811996,56.506065,10.867789,8.624953,723.7311
2011.6165,-0.033441745,-0.44459605,0.350492,0.3667318,-0.054820813,56.479805,10.067014,8.624776,741.67676
2011.617,0.38448375,-0.45886326,0.3504987,0.36635074,1.2646517,56.47232,9.862754,8.627235,743.20715
2011.5992,-0.30043605,-0.4303164,0.3501618,0.35497606,1.1141864,56.490086,10.058799,8.6157,739.7282
2011.6158,0.013536461,-0.45011407,0.35008335,0.36505234,1.9093109,56.461987,9.952731,8.626307,736.97296
2011.6122,-0.02317413,-0.43749535,0.34984145,0.3651491,0.039724432,56.511425,10.056409,8.625534,621.5768
2011.6188,0.5878799,-0.45835745,0.3505205,0.366777,1.0846078,56.459473,9.856206,8.627119,743.38385
2011.6046,0.31766042,-0.39793503,0.34856588,0.3656057,0.38276538,56.49393,10.17801,8.586214,740.37067
2011.5925,0.38309723,-0.40250522,0.3499371,0.36414757,0.7917301,56.88668,12.239198,8.622906,723.87146
2011.5048,0.26568753,-0.37375557,0.34909025,0.36490613,1.7590564,56.483337,11.235578,8.595718,735.0851
2011.5859,0.32830778,-0.4040376,0.34897032,0.36557987,1.1744428,56.527367,10.104926,8.596394,719.09937
2011.5997,0.08089367,-0.2563954,0.3481087,0.35917777,1.9508142,56.511124,10.157325,8.605052,733.41644
2011.5939,0.06846038,-0.4386015,0.35014847,0.3658368,1.5060866,56.465633,9.818191,8.62242,741.26074
2011.6154,0.20226184,-0.45056343,0.35032654,0.3664598,1.9309723,56.543186,9.927352,8.627288,733.4325
2011.5836,0.3936708,-0.4302829,0.34954098,0.36603788,1.7404839,56.650574,11.164166,8.623884,735.7449
2011.6047,0.203953,-0.3987944,0.35001567,0.35750294,0.40861803,56.48876,10.550193,8.601811,722.3877
2011.2343,0.31162703,-0.29913956,0.3271768,0.33961365,1.1163632,56.773937,11.788203,8.514934,707.63715
2011.555,0.37771028,-0.4369914,0.3489064,0.36565349,1.3503205,56.573776,10.487508,8.613864,738.2395
2011.5859,-0.100295804,-0.39568037,0.34853664,0.34742627,1.0118908,56.79048,10.209386,8.57811,698.6712
2011.6183,-0.18934305,-0.45986593,0.3505252,0.36681962,1.7866135,56.45915,10.50059,8.627734,743.3071
2011.6136,-0.13110425,-0.4463563,0.3504898,0.36671874,1.6596079,56.47405,9.965579,8.625416,740.66907
2011.6139,0.14002977,-0.4418586,0.35015708,0.366303,1.8270137,56.81301,10.264905,8.627599,736.06744
2011.5477,0.5223388,-0.36387354,0.3447252,0.36234835,0.9916322,56.557568,10.245353,8.615782,713.73175
2011.6089,0.40827468,-0.45904946,0.35046124,0.36672676,1.697838,56.467087,9.836547,8.627645,742.76215
2011.5536,0.42646745,-0.4176032,0.34812364,0.3657126,1.2752717,56.92342,11.669372,8.611434,723.9307
2011.6083,-0.11683401,-0.43841338,0.3502219,0.3665715,1.6161493,56.469597,9.951894,8.625413,715.3815
2011.5925,-0.2212633,-0.44037604,0.35021764,0.36414862,0.56706196,56.73851,10.205916,8.6184635,737.71576
2011.6182,0.23895758,-0.45764017,0.35051543,0.366562,2.1345499,56.46352,9.82068,8.626454,742.2938
2011.5836,0.10886935,-0.42361104,0.34945574,0.36047938,0.51769257,56.49445,10.832816,8.607872,732.75476
2011.5913,0.068980254,-0.3334939,0.338092,0.36586887,0.24470212,57.174915,10.762692,8.58364,720.089
2011.5924,0.3177781,-0.44767112,0.35006133,0.36577082,1.8767195,56.490986,10.41989,8.626262,732.59607
2011.5889,0.3718113,-0.43100524,0.34956747,0.36655962,1.219151,56.484497,11.498527,8.622916,740.4128
2011.6013,0.6606371,-0.44189578,0.35025442,0.36655307,1.777221,56.51968,10.43105,8.623907,741.6464
2011.5848,-0.06841602,-0.41303384,0.35013834,0.36519143,1.4318384,56.49055,10.262097,8.614388,739.1431
2011.6128,0.1441062,-0.43270785,0.35031515,0.3647135,0.98250896,56.487926,10.384763,8.625444,736.9622
2011.6041,-0.04010331,-0.43963075,0.34999514,0.36663988,1.660107,56.465008,10.017571,8.625968,739.8474
2011.5212,0.28518027,-0.3373301,0.34240073,0.36269733,2.0258338,57.764908,10.398419,8.616414,644.2801
2011.5925,0.41193318,-0.40001112,0.35006714,0.35500938,0.566453,56.52659,9.86449,8.620165,723.60614
2011.6066,0.10405574,-0.4384613,0.3500055,0.36621574,1.0230056,56.508373,10.000318,8.624418,741.77496
2011.59,0.8690105,-0.40985912,0.3500678,0.3661459,0.31516436,56.569637,11.429238,8.626839,740.4158
2011.5598,0.85601604,-0.3253914,0.33841452,0.36288238,0.54461586,56.493675,9.993131,8.604908,735.88776
2011.4532,0.47845817,-0.3673411,0.34172517,0.3599301,1.9421813,57.411396,12.35069,8.604671,656.81366
2011.6167,0.91354024,-0.4581762,0.35048082,0.3666948,1.6997552,56.47156,9.864318,8.627082,742.36755
2011.5831,0.16499224,-0.4287653,0.34750566,0.36402485,0.7574214,56.469597,9.9096155,8.60353,704.3475
2011.6014,-0.2510043,-0.42957455,0.35035762,0.36176828,0.93869215,56.487076,9.897313,8.622871,669.4227
2011.6141,-0.0658574,-0.45151788,0.35042882,0.36673263,1.2960777,56.498695,9.945598,8.627117,742.7561
2011.6162,-0.110585116,-0.45340407,0.35051507,0.36678737,2.0641565,56.50933,10.185843,8.626658,742.0555
2011.5964,-0.1267577,-0.39062983,0.34986976,0.36050066,0.59839314,56.472336,9.846555,8.623816,725.8987
2011.5044,-0.045309894,-0.33061737,0.34699932,0.36511436,0.74019796,56.72028,13.910879,8.469614,723.1079
2011.6069,0.754174,-0.44610053,0.35023397,0.36654028,0.9988535,56.510212,10.311482,8.625897,739.78485
2011.6085,0.82343775,-0.45211083,0.34960067,0.36650723,1.0566938,56.47159,10.171903,8.624857,740.62177
2011.4668,0.36289555,-0.35114235,0.3493889,0.35072735,1.6876936,56.4883,10.284278,8.618886,733.4149
2011.6089,-0.16419424,-0.45023763,0.35041586,0.36614546,2.0406635,56.50109,9.97989,8.627394,735.5382
2011.6134,0.45954248,-0.43542284,0.35035145,0.36666715,0.887822,56.46678,9.8115015,8.626824,739.3206
2011.6138,0.49681765,-0.45604813,0.35050476,0.36663306,2.0258067,56.46289,10.169118,8.626428,743.1101
2011.6023,0.5610765,-0.42563242,0.35026738,0.36676577,0.3563781,56.536896,10.417205,8.620386,741.9163
2011.6107,0.64308006,-0.44580102,0.35021618,0.3631607,1.190377,56.479607,10.434794,8.623925,741.2393
2011.6003,0.20514947,-0.37495244,0.35006055,0.36470985,1.0786711,56.53743,10.408633,8.622805,741.0181
2011.6125,0.18317577,-0.44360292,0.35039762,0.36592147,0.4681275,56.460545,10.177812,8.6209,740.73267
2011.5812,-0.25116065,-0.4268874,0.3502033,0.36589065,1.6025053,56.468845,10.074901,8.615849,723.18945
2011.5663,0.2635725,-0.26351,0.34617102,0.34659714,0.53097486,56.52152,10.3031,8.611477,718.28455
2011.5765,0.23859204,-0.39502484,0.34885785,0.36013338,0.5855673,56.491295,10.16616,8.591318,706.6922
2011.5725,-0.18703641,-0.30446738,0.34337857,0.3516893,0.3730029,56.650764,10.590049,8.610814,718.96783
2011.6156,-0.13761576,-0.4314289,0.35034698,0.36642578,1.8154246,56.497665,9.847325,8.610704,734.0003
2011.5869,0.5424828,-0.42109996,0.34882963,0.36290616,0.36919957,56.472897,10.6421385,8.615578,737.4331
2011.5531,0.5174728,-0.4044565,0.35010475,0.36657363,1.2124448,56.4602,10.220311,8.627387,742.8448
2011.5742,0.1786239,-0.41831285,0.34672028,0.3657739,1.1187642,56.67555,10.485162,8.615572,701.92084
2011.6149,-0.05687838,-0.4554466,0.35044885,0.36382967,1.7270315,56.470863,10.048022,8.627026,741.01996
2011.4701,0.4229107,-0.4164157,0.35013813,0.36519182,0.8029471,56.48481,10.730758,8.610882,735.7207
2011.6019,1.2227288,-0.45155382,0.35047752,0.36662212,-0.3879476,56.458733,10.017362,8.627037,743.1327
2011.6158,0.66510564,-0.4228279,0.35047463,0.36569652,0.9547914,56.466316,9.881064,8.624823,742.40875
2011.6036,0.06350265,-0.4103948,0.34988648,0.35028857,1.1421909,56.65863,10.098189,8.618063,719.77637
2011.5645,0.48214197,-0.43871826,0.34911478,0.36585143,0.6516608,56.827568,11.492938,8.626216,731.66254
2011.6161,-0.27588126,-0.45153642,0.35047182,0.36679494,1.066769,56.464485,9.985177,8.627129,743.0356
2011.6168,0.1282131,-0.44512212,0.35051125,0.36659867,1.9313761,56.459118,9.921823,8.6256485,742.54504
2011.6091,-0.43090072,-0.45489883,0.35042498,0.36590493,1.3939685,56.46662,9.977309,8.626718,738.80414
2011.6133,0.25336105,-0.39881074,0.3500979,0.36553505,1.3540499,56.545723,10.059983,8.615986,677.7591
2011.6149,0.24525177,-0.450172,0.35022944,0.36675268,0.52511716,56.472366,10.124557,8.626487,737.0355
2011.6042,0.18840651,-0.40133083,0.34962344,0.36579666,1.4885945,56.5365,10.54116,8.627227,709.61975
2011.5862,0.025051482,-0.43832684,0.3488551,0.3616632,0.9632222,56.533024,10.733525,8.621134,737.83466
2011.6185,-0.17584218,-0.45603377,0.35046452,0.36644936,1.6616788,56.45854,10.107068,8.624526,741.81396
2011.5986,0.65841746,-0.41028643,0.3500548,0.36564696,2.0364418,56.573097,10.081294,8.619254,732.8968
2011.564,0.009976663,-0.42856258,0.3482888,0.3648395,1.4287596,56.47991,10.803727,8.613981,678.5718
2011.5994,0.48626423,-0.45691663,0.35045666,0.36668253,0.7075562,56.523945,10.562327,8.626685,740.5133
2011.5736,0.47607294,-0.38555455,0.34508035,0.35359043,0.9540457,57.10937,10.922704,8.613538,616.36755
2011.5901,-0.3209869,-0.42917085,0.34887117,0.35931888,1.2737441,56.486378,10.548207,8.625491,726.01666
2011.6174,-0.31468514,-0.3887456,0.35042202,0.35569468,0.41521066,56.457645,9.822539,8.626082,741.1268
2011.6128,1.0045649,-0.44563836,0.35000086,0.3664366,1.3438638,56.471992,10.447907,8.627348,740.9166
2011.5842,0.58967125,-0.42843586,0.34889042,0.35995656,1.185491,56.653015,10.955232,8.6204815,709.1931
2011.618,-0.4004589,-0.45384783,0.3504854,0.3667473,2.1819832,56.458946,9.86552,8.627633,740.399
2011.6146,0.5762356,-0.4579231,0.35046434,0.3661681,1.9180441,56.465084,9.873603,8.620802,739.82556
2011.6136,-0.37224826,-0.45868063,0.3505065,0.36679855,2.237631,56.469265,9.943103,8.62575,735.96893
2011.608,-0.1499467,-0.41871452,0.35020185,0.34981146,1.5914203,56.490265,10.07216,8.626544,738.7986
2011.6129,-0.12294503,-0.435534,0.3504328,0.36316028,0.9960807,56.504948,9.931451,8.626824,718.99146
2011.6163,-0.23003115,-0.44491744,0.34967834,0.3550754,1.5119231,56.49751,9.831515,8.627661,631.47736
2011.5631,0.508898,-0.44377577,0.35009003,0.36579946,2.0470402,56.468777,10.182538,8.626201,740.9626
2011.5991,0.03257204,-0.4556949,0.35041365,0.366185,1.3820152,56.481083,10.102103,8.626872,740.73364
2011.5747,0.06981943,-0.40597385,0.3492537,0.36216173,1.6613592,57.448868,11.248164,8.613043,703.5783
2011.5839,0.27858147,-0.4216519,0.34800133,0.3656454,1.6913143,56.911808,13.66105,8.60262,727.04254
2011.6124,-0.32563576,-0.432262,0.35018933,0.36638993,0.6203591,56.458546,10.007508,8.624795,738.8061
2011.572,0.2267231,-0.41676354,0.34934,0.35989222,0.6278505,56.509403,13.8134,8.614436,733.23364
2011.4551,0.10925288,-0.30699015,0.34354958,0.34280884,1.7901058,58.013477,13.593941,8.521158,609.99304
2011.6096,0.8116142,-0.41293383,0.34989414,0.36665684,0.7237773,56.465973,9.851094,8.627508,742.51556
2011.614,0.13639124,-0.4537592,0.3501621,0.36656266,1.258948,56.471558,10.390388,8.625061,737.84186
2011.5636,0.015022732,-0.44173294,0.34961864,0.36654943,1.0569255,56.48283,10.170117,8.625763,739.39294
2011.5754,0.33299604,-0.43319422,0.3489692,0.36248988,1.6972827,56.597878,10.431518,8.618049,726.8838
2011.6108,0.45416436,-0.45111966,0.34996384,0.36668864,0.82042354,56.53607,11.034205,8.624616,741.7926
2011.6187,0.31428817,-0.45669776,0.35047743,0.3662207,1.0496292,56.460075,9.841887,8.627071,736.26807
2011.6105,0.2408136,-0.4479043,0.3504176,0.36642975,0.38868922,56.479065,10.074565,8.627262,720.80835
2011.6143,-0.41729912,-0.3928541,0.35019872,0.36660975,1.731573,56.472775,10.063525,8.627398,740.93286
2011.6019,0.51995665,-0.42528433,0.34833688,0.3647138,0.03510978,56.59269,12.484132,8.625054,732.06506
2011.6066,0.09316633,-0.40280145,0.34910098,0.35942343,1.8850157,56.506893,10.256642,8.622686,735.6425
2011.6143,0.22822028,-0.45288932,0.35049376,0.3658618,1.1485897,56.478764,10.287532,8.625371,739.84033
2011.5614,0.4414969,-0.42255723,0.34928542,0.3621939,0.9393864,56.562546,12.093757,8.606264,728.3073
2011.6171,0.6117084,-0.45634103,0.3500854,0.36638397,1.036693,56.48383,10.030183,8.627423,742.60583
2011.6135,0.6903955,-0.44605285,0.35038322,0.3667849,1.0282613,56.649414,10.97792,8.627626,742.35565
2011.5106,0.051853217,-0.2917223,0.34286973,0.3465448,0.051543795,57.302124,13.407991,8.619718,649.02875
2011.6162,-0.047061346,-0.4480456,0.35016912,0.36668435,1.5447514,56.46343,9.877149,8.625599,735.5277
2011.5851,0.6767445,-0.44558465,0.34934223,0.36408138,1.1334552,56.47187,10.564738,8.622055,733.32684
2011.6068,0.32353675,-0.40174603,0.35006687,0.36590862,-0.1976944,56.502934,11.059733,8.599517,736.78
2011.616,0.081758805,-0.45470023,0.35042846,0.36679646,1.1717994,56.467373,10.018477,8.627608,742.74426
2011.6172,0.61205405,-0.45768052,0.35045135,0.3667968,1.333394,56.459244,9.939418,8.627253,737.9974
2011.5717,-0.024516456,-0.444017,0.35015672,0.36665133,1.6519803,56.473232,10.538209,8.62469,742.15533
2011.6097,0.20580678,-0.3711956,0.3501976,0.3655322,1.1740105,56.592823,10.172826,8.619036,720.421
2011.6145,0.16821036,-0.44752657,0.35045558,0.3661992,1.4420397,56.483925,10.204568,8.62445,740.51654
2011.4735,0.27886555,-0.2928657,0.32691288,0.3537218,0.9126751,57.4499,12.741691,8.580575,624.5418
2011.6129,-0.21965946,-0.43318588,0.35038707,0.36359155,1.7634523,56.461746,9.852126,8.621277,741.60126
2011.6122,0.7237281,-0.45166713,0.3502323,0.3660805,0.85470337,56.464718,10.257852,8.616425,723.95734
2011.593,0.019205786,-0.398677,0.35029313,0.36464557,1.1727548,56.46601,10.026357,8.622261,714.5559
2011.5378,0.3595271,-0.41111708,0.3478182,0.3606268,1.1564527,56.67188,10.62857,8.6224575,696.4852
2011.6184,0.69533575,-0.45019418,0.35038805,0.36653307,1.0176963,56.47016,10.056588,8.6273775,743.03406
2011.6173,0.26710278,-0.4552871,0.35050076,0.3663537,1.0040396,56.50486,10.044059,8.626319,742.7099
2011.5986,0.15180166,-0.44156545,0.35027483,0.36622953,1.0972896,56.488182,10.068389,8.61801,739.00165
2011.6149,0.82824844,-0.41842937,0.35035968,0.36653927,0.5603204,56.471634,10.039945,8.62654,741.8789
2011.606,0.23173298,-0.44099337,0.3502372,0.3663134,1.2779986,56.50287,9.980252,8.615887,669.16046
2011.6118,-0.30427423,-0.36623293,0.34980518,0.36074015,1.3379534,56.54374,10.028907,8.593268,703.23456
2011.5502,-0.10762938,-0.43177515,0.34963042,0.36503452,0.96793354,56.576225,12.840472,8.602923,737.63763
2011.5935,-0.20588906,-0.44353867,0.34835967,0.36674637,0.9547689,56.47766,10.038184,8.62362,736.7019
2011.6093,0.16124776,-0.44547266,0.35043427,0.36677405,0.4094891,56.464695,9.833886,8.624064,742.5415
2011.6171,-0.38100782,-0.45630884,0.35050666,0.36648294,2.1760209,56.47749,9.89615,8.627612,742.0195
2011.6056,-0.46080473,-0.40783125,0.3500778,0.36632723,1.0995847,56.466114,10.088904,8.618967,726.6178
2011.6183,-0.16961063,-0.45910072,0.3505189,0.36677492,1.4072216,56.45879,9.872367,8.627306,741.24927
2011.596,-0.23932411,-0.44209456,0.35012278,0.3616996,0.11815836,56.45949,9.885556,8.624633,738.1295
2011.6027,-0.39271054,-0.41916502,0.34613815,0.36638853,1.0671088,56.774853,10.634093,8.617631,691.1627
2011.5663,-0.003980003,-0.45482606,0.34986007,0.3647211,1.6379716,56.65296,10.48384,8.613661,708.87933
2011.6162,0.5861265,-0.45184904,0.35036883,0.36656874,1.8541447,56.552166,10.71915,8.627036,742.1979
2011.5371,0.43311355,-0.3837492,0.3460673,0.36377218,1.8822674,56.49914,11.404845,8.615361,736.60004
2011.5901,-0.09635281,-0.3743356,0.34911323,0.36389276,1.2215165,56.548195,10.21878,8.6189375,651.7485
2011.6018,0.036026724,-0.45156944,0.350375,0.36676285,2.1277502,56.47219,11.698098,8.624248,741.4203
2011.5677,0.4260119,-0.42917943,0.3481357,0.36359608,1.2834299,56.47182,9.971276,8.624689,710.8522
2011.617,0.062709995,-0.45280164,0.350487,0.36665,1.0864133,56.463326,10.098727,8.627306,743.1195
2011.6069,0.4470055,-0.43947363,0.34893352,0.36589092,2.015059,56.47438,9.928273,8.625987,730.39606
2011.4684,0.20973375,-0.36974162,0.34034625,0.32954404,1.0464603,57.24502,11.474694,8.605194,606.9061
2011.6147,0.005133458,-0.3959967,0.34932166,0.36092225,1.5424823,56.4864,10.438155,8.624093,734.55066
2011.6002,-0.06576618,-0.44219917,0.35043475,0.36467546,1.5090305,56.481052,10.05717,8.553018,735.8358
2011.617,-0.16391475,-0.4016338,0.3504635,0.36675075,1.9045235,56.466885,9.878848,8.626679,736.543
2011.6134,0.07674793,-0.44083512,0.3496858,0.3666597,1.0329485,56.4695,10.106162,8.625563,739.18677
2011.6097,-0.101975344,-0.4341005,0.35008717,0.36597282,1.1699461,56.47325,9.933074,8.617938,739.7878
2011.5696,-0.016355805,-0.40336603,0.34950274,0.35900542,1.449799,56.557877,13.223332,8.602806,720.77106
2011.5743,0.035564937,-0.4442771,0.34991938,0.365421,1.7417749,56.4684,10.335036,8.623965,731.7341
2011.6191,-0.24959661,-0.4516269,0.3505236,0.3667926,0.4895727,56.457375,9.785609,8.627144,743.2798
2011.6179,0.26608613,-0.45595574,0.35050622,0.36681274,1.9440658,56.457645,9.965344,8.627416,743.1328
2011.5587,-0.15549715,-0.2608642,0.34749648,0.36095527,1.2190328,56.532513,10.662335,8.608983,691.0406
2011.6132,0.2572353,-0.45449775,0.35045987,0.3668107,1.0796902,56.472946,10.516671,8.62753,743.0675
2011.5911,0.7132248,-0.39492005,0.34610522,0.36647305,1.2166448,56.561855,10.091849,8.62027,734.44324
2011.5615,-0.04298597,-0.41869706,0.34980804,0.3654614,1.8623099,56.59432,10.815265,8.602807,732.34894
2011.6096,0.056046374,-0.45437324,0.35031796,0.36571708,0.31316045,56.46239,10.049748,8.616532,737.37726
2011.6163,0.12063847,-0.4504044,0.35042238,0.3667981,2.1610386,56.466118,9.878566,8.627466,740.4791
2011.5831,-0.25447837,-0.38729024,0.34851593,0.36407495,1.4098493,56.59064,10.885959,8.5876045,727.77344
2011.6136,0.12699787,-0.4352172,0.35007605,0.3667558,1.8759929,56.46824,9.933232,8.626436,741.4511
2011.5952,0.056022383,-0.4147051,0.35033724,0.36619893,1.8129978,56.472733,10.329656,8.624569,740.45795
2011.6112,0.28250298,-0.44898528,0.3504145,0.36595917,1.8557678,56.458935,10.171632,8.615301,739.17334
2011.5873,0.27077284,-0.3309018,0.34845793,0.3489352,1.2665762,56.662952,10.445727,8.603855,693.7399
2011.4574,-0.14167441,-0.42836243,0.3435678,0.36499566,1.8073475,56.775787,11.413854,8.6220045,709.1458
2011.6128,0.50446653,-0.43953574,0.34970438,0.36522287,1.9697695,56.4659,10.588309,8.627616,739.58563
2011.604,-0.40769926,-0.4074965,0.3503567,0.36599216,1.0119743,56.523304,10.55729,8.624898,739.7834
2011.6177,1.0076755,-0.45594776,0.35050866,0.36639938,0.25531945,56.47003,9.990224,8.625281,742.525
2011.5897,0.13277669,-0.4350744,0.34861138,0.3639524,2.0995576,56.75037,12.417075,8.622176,738.3375
2011.5709,-0.049059324,-0.4405766,0.34952798,0.36566484,0.5179949,56.571102,11.474006,8.604181,732.40356
2011.613,0.1763164,-0.44717664,0.35048878,0.36656353,0.6952376,56.472054,11.063384,8.6210375,737.36017
2011.5199,0.29218087,-0.41775203,0.34895283,0.36566862,1.0576913,56.709095,12.232398,8.568141,723.12427
2011.6123,0.27767956,-0.45669764,0.35038558,0.36666068,1.9932144,56.46457,9.935796,8.6234255,740.69714
2011.5707,0.3934644,-0.43421626,0.34957954,0.3586497,1.2301319,56.603973,11.448499,8.593714,702.8976
2011.4991,0.03483305,-0.3804546,0.34736723,0.35707423,1.3669094,56.65073,10.444545,8.604183,666.34247
2011.4648,0.6942826,-0.35811454,0.34575632,0.35488483,0.50251913,56.939144,12.500749,8.563055,723.09546
2011.5853,0.0892543,-0.36892527,0.3501934,0.36422634,0.3431907,56.47171,9.953588,8.605435,733.24133
2011.5983,0.8864391,-0.39645785,0.3495219,0.361219,1.1641095,56.488407,10.651259,8.616092,730.0683
2011.6113,-0.41944924,-0.45733517,0.35047877,0.36587024,2.1066456,56.462994,9.892339,8.615495,723.7775
2011.5265,0.118933834,-0.44033802,0.3491948,0.36576504,1.167933,56.561523,11.897031,8.621424,731.4977
2011.5972,0.795958,-0.42092836,0.34969488,0.36231545,1.3780818,56.723976,10.813134,8.585298,690.40106
2011.6166,-0.14815624,-0.42977965,0.3502807,0.3665152,1.2677877,56.458237,9.839545,8.627006,738.02466
2011.2937,0.23006245,-0.42188543,0.34984967,0.36072862,1.3579776,56.71787,10.770589,8.597065,679.01465
2011.6096,-0.20710184,-0.44599158,0.35025087,0.36639184,1.104016,56.482475,10.283778,8.6264515,742.6299
2011.6011,0.153677,-0.39484048,0.3473211,0.35264325,1.2898767,56.621067,10.099555,8.615447,708.27594
2011.6152,0.27189723,-0.45971382,0.3505157,0.36677074,2.4233172,56.457603,9.82467,8.62688,741.4831
2011.6097,0.05169586,-0.4352315,0.35017073,0.36674425,1.6807734,56.503006,10.14676,8.624563,736.66125
2011.6025,0.19640057,-0.45316035,0.3503764,0.36655092,2.100953,56.473103,9.919637,8.626128,740.26855
2011.6075,-0.119938694,-0.43875784,0.35005164,0.36564028,1.7516761,56.484646,9.865859,8.606128,714.3405
2011.6024,1.0287704,-0.4459386,0.3503672,0.3646844,0.93149084,56.486523,10.992387,8.621586,741.70636
2011.5852,0.35051274,-0.43314236,0.34928873,0.36594865,1.2196791,56.58511,10.158757,8.60015,701.7401
2011.5944,-0.31966218,-0.42751867,0.34491694,0.3598744,1.7734518,56.51631,10.073739,8.569737,720.1597
2011.5647,0.4305784,-0.44423515,0.34992236,0.36667076,1.1049688,56.464474,11.847129,8.616507,742.56177
2011.614,-0.17839177,-0.38528174,0.35034072,0.3656869,1.1679997,56.464348,10.10699,8.624278,739.407
2011.5764,0.718437,-0.43464702,0.34994897,0.3659034,1.1657275,56.51965,11.102128,8.624376,740.9376
2011.6049,0.6799455,-0.44765347,0.35006663,0.36523828,1.4078124,56.48874,10.036628,8.625495,741.3909
2011.6105,0.59764826,-0.45713502,0.35035568,0.36635524,-0.07098416,56.460728,10.2832155,8.618202,742.6885
2011.6152,-0.2983658,-0.44399583,0.35049367,0.36456358,2.0762105,56.463478,10.000669,8.627388,724.7668
2011.6002,0.15574983,-0.43839365,0.34991825,0.36643887,0.9113761,56.489624,10.945294,8.6272335,740.4922
2011.6041,0.7294306,-0.4582656,0.3504693,0.3665484,0.9010543,56.46866,10.304454,8.626996,742.686
2011.6162,-0.17743899,-0.44068766,0.34970436,0.3664348,1.4453329,56.46639,9.826146,8.627581,725.534
2011.2173,0.5023084,-0.39026922,0.3415435,0.3577195,1.1662098,58.005775,15.014865,8.587589,687.1043
2011.5647,-0.093854986,-0.44182867,0.3500658,0.35219026,1.8838853,56.489193,10.21017,8.623624,711.79926
2011.5393,0.57294136,-0.437105,0.34882683,0.36157626,0.97870255,56.697765,13.392946,8.610221,716.5903
2011.5924,0.11964209,-0.41289687,0.3459751,0.36619487,1.0960584,56.468918,10.132052,8.625632,736.88574
2011.5808,0.82892865,-0.44338804,0.35037422,0.3661677,0.9766713,56.457882,9.925019,8.625922,741.4462
2011.6095,-0.011957906,-0.38418365,0.35040224,0.36629605,0.5414897,56.46141,9.927886,8.627176,737.1021
2011.5884,0.653449,-0.4350536,0.34868494,0.36609706,0.44262344,56.485706,10.475907,8.6164,731.3062
2011.6179,0.55177337,-0.45863605,0.35051885,0.36682627,-0.1805266,56.467068,9.991607,8.62716,743.1192
2011.618,0.59785914,-0.45171994,0.35049418,0.3667942,1.3201138,56.45827,9.801562,8.6276245,743.00055
2011.5085,-0.0017798465,-0.4127704,0.34785306,0.3573865,0.9010199,56.722717,11.87729,8.556067,670.8177
2011.6007,0.32452145,-0.41028965,0.3486862,0.36487758,0.41914243,56.51635,9.9207945,8.612532,735.58984
2011.6068,0.20770209,-0.43706292,0.35019633,0.36352736,0.6171121,56.468697,10.217357,8.61726,738.3827
2011.612,-0.24750306,-0.42236876,0.35049286,0.3655126,1.9018074,56.46114,9.954682,8.618244,742.8679
2011.5974,-0.07998135,-0.37324917,0.34884784,0.3578089,1.0828817,56.51414,10.079267,8.616577,712.2261
2011.6003,-0.2056848,-0.4532259,0.3502872,0.36671904,1.3482999,56.47343,10.768939,8.627621,739.54004
2011.6171,-0.18746759,-0.41896307,0.35045862,0.36663285,0.7086345,56.49165,10.10661,8.62641,741.77625
2011.6112,0.21165748,-0.44366264,0.35031155,0.36679605,1.3916076,56.51732,10.611037,8.620738,741.69226
2011.6184,0.7720978,-0.4571935,0.3504991,0.36671424,2.6007233,56.461212,9.970214,8.627691,740.7761
2011.616,-0.28743115,-0.41554707,0.35044345,0.3667931,1.5803652,56.462856,9.952416,8.62708,742.3053
2011.5667,0.33032236,-0.45133942,0.34981793,0.36528704,0.9315602,56.81071,14.274041,8.624851,736.9641
2011.6061,0.005139061,-0.4314263,0.35044795,0.3664813,0.7712345,56.559437,10.794272,8.624153,739.2329
2011.6177,-0.13648893,-0.4550473,0.35051802,0.3667673,0.6448641,56.462883,9.802054,8.621541,743.0317
2011.591,-0.027715765,-0.41334206,0.34781072,0.36387905,0.42805845,56.48488,10.308061,8.604006,705.60223
2011.6063,0.120314725,-0.43252814,0.35008475,0.36617306,1.0054559,56.45881,9.823478,8.62497,738.69385
2011.587,0.46355194,-0.4365694,0.34856454,0.36353764,2.1893036,56.882683,10.40548,8.618026,725.153
2011.6099,-0.32512036,-0.4089374,0.34907264,0.36177382,1.3344506,56.496464,9.918326,8.61518,738.68884
2010.9663,0.51154876,-0.20226,0.231725,0.31378633,0.36107516,61.09664,18.530605,8.491776,597.31036
2011.5979,0.033306994,-0.44576365,0.34967306,0.36644307,1.6626942,56.49044,11.228288,8.616076,735.5229
2011.6176,0.41253856,-0.44434643,0.35033542,0.36672586,1.3063012,56.486954,10.109677,8.626991,741.2082
2011.5353,0.73669606,-0.38329142,0.34461626,0.36561984,1.0108994,56.58045,11.124755,8.580448,740.4712
2011.5746,-0.11642977,-0.37197566,0.34888718,0.35974574,1.2749372,56.573044,11.965562,8.567758,725.6821
2011.5632,0.059957363,-0.4124354,0.34939823,0.36096385,2.006066,56.47116,10.154349,8.580409,733.3241
2011.5537,0.34812063,-0.3865751,0.34830427,0.36176622,1.6295773,56.526646,10.499524,8.487501,728.96594
2011.6115,-0.37523332,-0.38320696,0.34616947,0.36038533,1.6327351,56.77959,10.102891,8.624688,702.70483
2011.5536,0.36895493,-0.42862695,0.34846547,0.34131247,0.9288,56.90615,11.933557,8.574148,691.1471
2011.6102,-0.022836022,-0.38793063,0.35004225,0.36464435,1.3869463,56.516678,9.948752,8.627411,737.4149
2011.6174,-0.30783007,-0.44829762,0.350185,0.36098406,2.2011979,56.48649,10.131606,8.626713,735.74225
2011.6173,-0.16410626,-0.45835018,0.3505199,0.36677215,1.4798783,56.457626,9.8078375,8.624351,742.56714
2011.6128,-0.16095163,-0.45238966,0.35045284,0.36663565,1.789993,56.474937,10.008508,8.626295,738.9455
2011.6141,0.35139614,-0.45621777,0.35041124,0.36673158,1.2428763,56.461525,10.163896,8.626001,741.98804
2011.6149,0.1811289,-0.45027232,0.3503901,0.3665628,1.4630164,56.48264,10.153237,8.627618,742.12286
2011.6089,0.36440215,-0.3918211,0.3492826,0.36395338,1.7003293,56.488693,9.946319,8.624884,731.071
2011.6176,-0.25317708,-0.45680034,0.35050792,0.36676723,1.6108562,56.47242,9.814406,8.627769,742.66376
2011.6029,-0.36043528,-0.4379531,0.34805298,0.36659276,1.8678778,56.552406,10.417047,8.621178,737.4237
2011.5321,-0.2416646,-0.29354233,0.34886348,0.36327896,0.5674524,56.613743,10.841056,8.614804,719.6969
2011.6096,-0.3487083,-0.36892378,0.34926128,0.36618808,1.2536927,56.484703,9.8515005,8.626381,706.0258
2011.6118,0.49148297,-0.45889592,0.3504741,0.3629606,1.5313315,56.540092,11.050727,8.626411,734.68805
2011.608,0.32907444,-0.4565282,0.3502215,0.36564222,1.3738078,56.478447,10.048211,8.625183,738.779
2011.6158,0.6962148,-0.43147337,0.35044834,0.36671925,0.8261875,56.460567,9.8062525,8.627779,741.83575
2011.594,0.38096622,-0.32262915,0.34828702,0.36193097,1.3707331,56.752834,10.256135,8.616657,705.58545
2011.4656,0.49253118,-0.41740894,0.34873936,0.36640993,0.9793094,56.466637,9.975337,8.621503,740.6847
2011.6184,-0.013794713,-0.45919,0.3505157,0.3667771,1.8391479,56.457752,9.847928,8.627347,742.0031
2011.5953,-0.3112099,-0.40794355,0.34934318,0.3654585,1.4050713,56.466133,9.915378,8.619857,728.89526
2011.6016,0.3529875,-0.41412538,0.34990215,0.3644557,1.4274597,56.50166,9.90957,8.624588,710.7694
2011.6187,0.4443559,-0.45301026,0.35047704,0.3665137,1.0887935,56.463406,9.850518,8.626413,742.8513
2011.6011,0.28240302,-0.44582856,0.35039333,0.36664975,1.6299893,56.505035,10.557639,8.621144,741.4045
2011.6086,0.17036577,-0.45675594,0.35050324,0.366518,0.82112134,56.461647,10.288531,8.624502,742.06213
2011.6097,0.48172137,-0.43914384,0.35037786,0.3621386,0.34115008,56.514065,9.797975,8.619564,738.4372
2011.6183,0.8314254,-0.4568128,0.35046458,0.36628768,1.5488397,56.461594,9.841542,8.62588,742.00446
2011.6154,0.20784393,-0.4536572,0.3502749,0.36671507,2.207634,56.4615,9.789025,8.6256275,738.7847
2011.5789,0.85449785,-0.43840796,0.35035917,0.3659204,1.1058865,56.476032,10.466853,8.609659,741.7804
2011.6035,0.35400584,-0.42824477,0.3501088,0.36437744,0.48578107,56.530262,10.191667,8.626673,735.5693
2011.6075,0.10737551,-0.44740444,0.3504742,0.36433536,0.6334447,56.528927,11.346656,8.626776,740.25885
2011.6162,-0.3209184,-0.44757313,0.35034704,0.34876505,1.9973502,56.68464,10.938325,8.603532,688.9711
2011.6074,0.29504856,-0.44617063,0.35023478,0.3663106,1.4372399,56.507748,9.923894,8.627406,734.2115
2011.618,0.7405297,-0.45791036,0.35051182,0.36680165,1.7170311,56.457733,9.782992,8.627506,743.10144
2011.5565,0.35853443,-0.43451136,0.3494221,0.36323616,1.2570403,56.676083,11.120263,8.624282,735.2532
2011.6179,0.69681317,-0.45163184,0.35046917,0.36680982,1.0470797,56.467052,9.936431,8.627573,742.31006
2011.619,0.44979495,-0.45937157,0.35051972,0.3668299,1.9047028,56.461388,10.229764,8.627835,743.42786
2011.4872,0.0108571425,-0.37328768,0.34716967,0.34858567,1.2082008,56.59797,10.696158,8.584746,705.8585
2011.5673,0.2560806,-0.40057838,0.34921336,0.36612743,1.9409308,56.4835,10.32949,8.614366,740.02783
2011.4495,-0.037262313,-0.41244078,0.34859392,0.34514013,1.9018185,56.798325,10.528295,8.607308,670.4078
2011.6165,-0.16280384,-0.43932182,0.34984198,0.36660507,1.3301723,56.479137,9.878093,8.625568,735.48425
2011.552,0.34427854,-0.40826863,0.34685835,0.3417175,1.449845,56.673515,11.060267,8.583621,662.4393
2011.6123,0.25957933,-0.44029558,0.3503188,0.3645558,1.2867073,56.46936,9.796302,8.624169,735.7163
2011.5803,-0.33306667,-0.43010414,0.35046613,0.36608934,1.9886113,56.609028,13.781452,8.622397,731.8695
2011.616,0.48324165,-0.4450342,0.35049555,0.3655029,0.9120588,56.46003,9.78461,8.627501,741.8636
2011.6171,-0.40579656,-0.4516288,0.35045227,0.3660012,0.6837326,56.490913,9.843743,8.624124,672.71014
2011.6172,0.14602034,-0.4382884,0.35043377,0.3667405,1.8378325,56.579445,11.052695,8.626981,740.6852
2011.5464,0.023164518,-0.4357654,0.3497501,0.36658332,1.0925982,56.655468,14.086439,8.6247425,736.3195
2011.6147,-0.28672174,-0.443367,0.3504961,0.36470208,0.7260384,56.467,10.055722,8.6269655,739.9461
2011.6172,0.25261816,-0.45219982,0.3505138,0.36668894,2.0665333,56.46076,9.806104,8.627572,742.5376
2011.5688,0.060969807,-0.43499345,0.35012978,0.36475518,1.434771,56.53357,10.387191,8.625568,729.1059
2011.5579,0.0384062,-0.37739825,0.34905353,0.36176202,1.0938548,56.75994,10.302554,8.604697,728.5852
2011.4547,0.29888403,-0.31776845,0.3458017,0.36469465,0.73015505,56.84549,13.206121,8.612274,732.2685
2011.6115,-0.36631152,-0.4393161,0.35047308,0.36656263,1.714502,56.46406,10.027831,8.623819,742.5735
2011.6187,-0.09798934,-0.42038,0.35028538,0.36655667,1.0648736,56.46439,9.82355,8.627777,737.0631
2011.574,0.01302696,-0.45051235,0.34941283,0.35715395,1.8852761,56.49437,10.500163,8.557421,707.4498
2011.6128,0.42974722,-0.44566858,0.35051027,0.36675018,1.6442033,56.466793,9.934077,8.627519,740.7773
2011.6042,0.025262423,-0.4092319,0.35027847,0.36578622,1.6722016,56.56031,11.815696,8.620801,734.8984
2011.6124,-0.07307976,-0.45334148,0.35034236,0.36604613,2.1589568,56.581535,10.268691,8.618512,734.7685
2011.6182,-0.3129817,-0.45936483,0.35051978,0.36682197,1.948253,56.457287,9.941791,8.626407,742.69415
2011.6161,0.8514168,-0.45157367,0.3502944,0.36648074,1.3142828,56.46117,9.796826,8.627683,742.34406
2011.5925,-0.04967352,-0.32492083,0.34723318,0.35535088,1.1738182,56.531048,10.70423,8.615206,709.8004
2011.6077,-0.15827473,-0.4395092,0.3501709,0.3658914,0.19932397,56.47663,10.039203,8.6230755,740.4944
2011.6158,-0.26601234,-0.4387744,0.35021093,0.36308452,0.6836066,56.466187,10.127639,8.613157,736.0558
2011.5757,-0.32965365,-0.3876813,0.34960106,0.3635126,1.7216363,56.458256,10.122483,8.6247425,734.30853
2011.6095,0.32082757,-0.45381117,0.35041937,0.36651307,1.6210248,56.460938,9.826066,8.625038,740.2711
2011.5037,-0.057135455,-0.3984182,0.34924546,0.35742676,1.4531083,56.531975,10.373467,8.613628,690.96295
2011.5464,0.2661728,-0.41249496,0.34988937,0.36106372,1.8005911,56.546803,10.418996,8.597845,728.35205
2011.6136,-0.1320091,-0.45004863,0.35002777,0.36614674,1.5539554,56.50358,10.043202,8.6208315,715.94934
2011.366,0.10507736,-0.39411587,0.3435874,0.3526531,0.58236057,56.74734,11.1596365,8.618691,668.40717
2011.5608,0.67592883,-0.4436249,0.3472771,0.3649972,1.1469066,56.506817,10.590472,8.615014,726.53326
2011.6157,-0.12773885,-0.44409096,0.35033563,0.3649012,1.2729222,56.4755,10.300954,8.62517,738.5291
2011.6077,0.20986554,-0.4174494,0.35021546,0.36670238,1.5218312,56.494106,12.216397,8.627461,741.4358
2011.5874,0.23850857,-0.4266072,0.34985113,0.36391807,1.6942468,56.58633,11.588235,8.622353,719.13934
2011.5729,0.8025688,-0.43720955,0.34482685,0.36383715,0.63717157,56.482407,10.482663,8.6170025,738.05347
2011.6075,0.32016203,-0.45358282,0.35019195,0.36664203,1.4471382,56.511642,10.977647,8.624771,729.72296
2011.6161,0.14175136,-0.45663792,0.35050574,0.36677927,1.1967354,56.466877,10.271115,8.626894,741.8258
2011.6045,0.30308363,-0.41739434,0.34946027,0.3660564,1.4262626,56.53713,10.1272745,8.619409,729.27454
2011.5521,0.43313143,-0.4000287,0.34555805,0.36067322,0.5841188,56.685387,14.4593115,8.616171,722.23193
2011.6088,0.779534,-0.40540195,0.3501362,0.36588454,1.5508022,56.515217,10.333314,8.626065,735.5629
2011.597,-0.17689015,-0.32490802,0.3490503,0.36643115,1.5481312,56.515644,10.058084,8.624704,725.65076
2011.5658,-0.24918856,-0.40463465,0.35008493,0.36656728,2.0504322,56.52081,10.306022,8.621821,729.1944
2011.6143,0.21548954,-0.450229,0.3504598,0.36666137,0.69766504,56.468307,9.979062,8.624209,739.29816
2011.5978,-0.09543904,-0.38296574,0.3479763,0.36584458,1.9650738,56.562626,10.651332,8.613763,728.62335
2011.6006,-0.37111834,-0.42017698,0.35002792,0.3640978,2.41095,56.829094,11.740678,8.62354,705.34406
2011.6154,0.5051911,-0.4453038,0.3504716,0.36680943,0.8630254,56.458725,10.575269,8.627327,743.1975
2011.6013,-0.32355002,-0.40725,0.34870178,0.3619772,1.8184463,56.579807,10.409896,8.606962,670.29486
2011.6151,-0.4309772,-0.45114934,0.35009563,0.36542836,1.643898,56.461384,9.808732,8.626913,690.0172
2011.5967,0.3727256,-0.3667838,0.34860566,0.36580062,1.446503,56.467003,10.07112,8.6272,737.50854
2011.5317,0.18267874,-0.28495598,0.34784132,0.30828112,0.8693958,56.51673,12.357034,8.601492,698.1416
2011.5908,0.0098301545,-0.41813177,0.35014957,0.36054164,1.6864853,56.46874,10.78214,8.621113,730.1107
2011.5992,-0.27762982,-0.35501158,0.34991056,0.36210716,1.0851303,56.491203,10.532731,8.62278,733.1571
2011.6151,0.24718553,-0.44718748,0.3504872,0.36679703,0.8023488,56.45965,9.965711,8.626729,743.23956
2011.6118,-0.15185256,-0.37147123,0.3489171,0.366197,1.5883441,56.497887,9.866328,8.627599,666.80597
2011.6176,0.5901868,-0.45555913,0.35051206,0.36677578,0.94468486,56.479702,9.868571,8.627433,739.7372
2011.6141,0.010914423,-0.42672426,0.34981728,0.36583355,0.80241394,56.468002,9.938384,8.623113,735.83453
2011.5703,0.60930055,-0.44463015,0.3497598,0.3664663,1.4753149,56.53832,11.094913,8.623328,735.1503
2011.6107,0.04471556,-0.44435835,0.3500742,0.36663634,0.9622475,56.495255,10.566928,8.614244,739.36945
2011.6116,0.8905124,-0.44813722,0.34886014,0.36512932,-0.35001662,56.46907,9.8433275,8.620836,737.12537
2011.6144,-0.20983215,-0.45178843,0.35019347,0.36455992,1.5324981,56.48588,11.468778,8.622021,719.1035
2011.616,-0.11389192,-0.45187408,0.35040832,0.3662858,0.85302985,56.469322,9.90717,8.624585,740.2279
2011.5884,-0.0023897511,-0.43913466,0.3502749,0.3604613,2.0311575,56.464718,9.866994,8.624218,739.56775
2011.5112,0.04913924,-0.29135805,0.34838775,0.36132857,1.8900828,56.46095,11.280347,8.625223,740.74896
2011.6051,0.13024776,-0.4210273,0.35032955,0.36496273,0.9687124,56.537045,10.517074,8.627085,737.1367
2011.6075,0.45220146,-0.4511758,0.34867346,0.36562356,1.0160236,56.47623,10.265098,8.620591,740.2025
2011.6046,-0.47701618,-0.44571847,0.35045063,0.36646262,2.1646695,56.554424,10.12317,8.626348,741.1815
2011.6183,0.4157099,-0.4292118,0.35039762,0.36631322,1.3914484,56.46241,9.797002,8.627233,725.797
2011.6083,-0.022088341,-0.42054993,0.34995604,0.36639497,1.2411305,56.471523,9.955888,8.619942,729.24646
2011.6016,-0.14600213,-0.450732,0.35046774,0.36424646,1.3026258,56.4691,10.092114,8.625967,742.1114
2011.5939,0.35002798,-0.4399085,0.3482438,0.36658245,2.0735855,56.469555,10.36251,8.624089,738.8108
2011.6141,0.6382656,-0.44188434,0.35025924,0.366695,1.521217,56.58099,11.633063,8.624063,741.6279
2011.6154,-0.12513293,-0.44996947,0.35047278,0.3666634,2.02857,56.46227,9.949771,8.627713,740.5077
2011.6162,0.026270486,-0.4535749,0.3504243,0.36450934,1.2765403,56.463203,9.982553,8.624935,742.32886
2011.6067,0.15167765,-0.4474995,0.34979773,0.36659724,1.1237631,56.466396,10.890214,8.62529,741.76337
2011.5919,-0.026130937,-0.4267493,0.3496651,0.3622255,1.9350147,56.48757,10.395154,8.605157,734.78174
2011.5371,-0.1059558,-0.36048096,0.34798,0.35909215,1.2042282,56.69379,11.744031,8.574102,695.7289
2011.6122,-0.4806901,-0.44754565,0.35046226,0.36679628,1.8967493,56.46364,9.971679,8.627638,741.8289
2011.5594,0.2601754,-0.42345262,0.3458074,0.36438906,1.6948805,56.619343,11.042691,8.580052,719.19196
2011.5864,-0.047160976,-0.3996482,0.34718582,0.36537412,1.6429343,57.049625,10.880918,8.61636,689.45013
2011.6179,0.010142006,-0.4428693,0.35047066,0.3667022,1.7621435,56.46258,9.855334,8.62454,740.7265
2011.5636,0.20812568,-0.34788084,0.34460387,0.3365908,1.3410573,56.62321,10.038054,8.61051,704.72754
2011.6144,0.39523533,-0.44952005,0.35033205,0.36660698,1.3343347,56.47028,9.986625,8.626174,739.2961
2011.5054,0.3624624,-0.4089359,0.3437911,0.341991,2.01142,56.995655,11.7848425,8.569081,705.3201
2011.5682,0.33793092,-0.27580708,0.34812307,0.3297962,0.789786,56.66718,9.9254465,8.6241255,669.48224
2011.6163,0.19749789,-0.45776898,0.35044628,0.36599416,2.08041,56.474823,9.887523,8.626352,736.9957
2011.5962,-0.02401834,-0.44123948,0.35018623,0.366673,1.0859399,56.481182,10.254384,8.6265135,740.46936
2011.6018,-0.20714529,-0.4446867,0.35037234,0.3663158,2.0524611,56.477947,10.098914,8.627291,741.5629
2011.6069,0.7235628,-0.45739412,0.34995303,0.36636034,1.4074421,56.46917,9.927272,8.625325,736.5708
2011.5784,-0.22478314,-0.29003817,0.33861068,0.29393893,0.96473575,56.77919,11.451331,8.593291,593.295
2011.614,-0.2534136,-0.45347166,0.35041526,0.36563206,1.6945775,56.493748,9.953971,8.625861,729.1084
2011.6166,0.2550261,-0.45080626,0.35051712,0.366819,1.3427987,56.460033,10.154576,8.626913,743.32336
2011.5687,0.18529195,-0.43472755,0.34960324,0.35539755,1.2349201,56.843735,10.22787,8.615202,721.79816
2011.6178,-0.33257416,-0.4583025,0.35052398,0.36675936,1.8989669,56.45844,9.895383,8.627781,741.71155
2011.5995,0.87695444,-0.44004136,0.35028696,0.3600566,1.1199701,56.470535,9.82142,8.618854,741.4784
2011.616,-0.039480858,-0.4424373,0.35041806,0.3666378,1.6017034,56.487804,9.839103,8.626877,738.6475
2011.5645,0.2930064,-0.4103245,0.349848,0.36613294,0.70722723,56.48888,12.045011,8.625879,741.9734
2011.5409,0.20453718,-0.3408864,0.34619159,0.352499,1.5836263,56.985924,10.73886,8.600625,729.37994
2011.6176,0.7120648,-0.45197302,0.3504991,0.36680412,0.25157455,56.47505,10.61416,8.6272135,743.1816
2011.4413,0.0005861002,-0.32881087,0.34702858,0.33334124,0.7789726,56.87006,11.865098,8.603843,711.81287
2011.5988,0.24209857,-0.43056875,0.35000083,0.35838178,1.2674032,56.64931,12.908837,8.537188,732.8946
2011.6097,0.23392412,-0.45339763,0.35036683,0.36666077,1.9627035,56.52317,10.376306,8.627717,739.1939
2011.5967,0.28495356,-0.40944266,0.35033852,0.3652677,1.0718459,56.47732,10.122575,8.604355,734.2357
2011.6064,-0.1760614,-0.4471864,0.34977305,0.36664855,2.2261403,56.511738,10.41311,8.619657,730.1055
2011.4884,0.6949553,-0.34557962,0.34369838,0.34979728,1.6364225,56.722713,10.89368,8.590587,704.4116
2011.6095,-0.07109877,-0.4349267,0.35046262,0.36464673,1.157728,56.540733,10.2262945,8.627353,740.2291
2011.6145,0.2222093,-0.4541546,0.3504048,0.3668013,2.0678139,56.458427,10.005803,8.625035,740.8986
2011.6091,0.7409006,-0.4367016,0.35002396,0.36609766,0.7158949,56.460518,9.9279375,8.626581,742.11145
2011.5361,0.57689875,-0.43752444,0.35023126,0.3634911,1.6129764,56.529495,11.320264,8.597215,737.60974
2011.6028,0.5994432,-0.42556614,0.34923938,0.3658887,0.7504821,56.51286,10.231214,8.623928,739.08514
2011.5164,0.20930183,-0.28572756,0.3447811,0.36442456,0.25126287,56.51885,10.371261,8.555167,677.51385
2011.5865,-0.30659547,-0.28180498,0.3473824,0.35885915,1.0799308,56.70278,13.596919,8.6199255,731.54297
2011.585,-0.08800172,-0.4038672,0.34955034,0.3636691,1.7046435,56.48388,10.535693,8.623856,722.7808
2011.5376,0.33803988,-0.42901605,0.34856594,0.36111113,1.4757674,56.580566,10.424516,8.612573,735.0378
2011.6035,0.8021332,-0.447267,0.35033754,0.3661436,0.94223493,56.516575,10.249925,8.625079,740.8416
2011.5989,-0.03791561,-0.43426418,0.3503202,0.36523876,1.925535,56.47854,10.23454,8.623057,736.57367
2011.6108,0.24045137,-0.45852888,0.3503173,0.3666684,1.5490079,56.4745,10.126424,8.616346,738.8398
2011.5894,0.07405955,-0.42404896,0.3489649,0.36293763,1.0752478,56.495235,10.0127325,8.616825,727.09937
2011.6132,0.31150022,-0.4525168,0.35033506,0.36619532,1.2751198,56.514267,10.889731,8.624425,740.4357
2011.6145,-0.13283606,-0.43766308,0.3498494,0.36613876,0.9273054,56.519585,10.634255,8.625622,734.0762
2011.6157,-0.21035977,-0.43523395,0.35031396,0.3651207,1.8627939,56.51263,9.963355,8.623749,726.75916
2011.6067,-0.27815202,-0.39206725,0.34859484,0.36331615,1.3156908,56.566242,10.250123,8.6229315,706.6322
2011.6075,0.050116517,-0.43029052,0.35015297,0.36198616,0.9229683,56.477253,10.18344,8.627049,716.0947
2011.6108,-0.38743243,-0.44036716,0.35047808,0.3656817,1.6645947,56.48661,10.147365,8.622252,722.0513
2011.6093,-0.35623232,-0.32156724,0.3489115,0.36101767,1.643747,56.482098,9.878388,8.627199,670.551
2011.5872,0.9672846,-0.45538867,0.35036185,0.3662245,1.614506,56.470432,9.912925,8.626781,740.92676
2011.6187,0.24075922,-0.45673138,0.3505254,0.3667826,0.5718533,56.461025,9.870597,8.625916,743.28845
2011.6144,0.45813602,-0.43260378,0.35037214,0.36651903,2.0211735,56.546257,10.289708,8.627506,741.73914
2011.543,0.18235642,-0.37999445,0.34900275,0.36251524,0.30976513,56.53832,10.654777,8.619922,738.3191
2011.5239,0.8150286,-0.3525061,0.3441465,0.35035753,0.7560766,57.77102,11.33484,8.61842,729.0897
2011.6044,0.04236985,-0.42417598,0.35027295,0.36325467,1.3433,56.49967,10.337058,8.60558,739.3511
2011.6132,0.23747493,-0.4598254,0.35045904,0.3668146,2.2004874,56.459877,9.881499,8.627716,742.54724
2011.5178,-0.14598258,-0.39427948,0.35022196,0.3637785,2.3630764,56.470634,9.986234,8.601428,634.00037
2011.5973,0.31507903,-0.39292485,0.34730247,0.35872287,1.6819535,56.595352,10.535163,8.617872,722.7766
2011.6161,0.33740816,-0.44245118,0.35048404,0.36680785,1.3976767,56.458202,9.946744,8.627505,741.1794
2011.6156,0.2507053,-0.44073647,0.35028848,0.36659437,0.9626095,56.474003,10.002595,8.625165,739.5485
2011.6143,0.15167172,-0.4004907,0.34968516,0.36641365,0.7994219,56.508705,9.89322,8.616078,730.9369
2011.6104,-0.025214516,-0.3577137,0.3496163,0.36647728,0.78289294,56.52926,10.127711,8.6255245,741.032
2011.6173,-0.5358267,-0.45520318,0.35050923,0.36673352,0.43984714,56.45818,9.823119,8.626131,735.71027
2011.6084,0.32175776,-0.42746407,0.35037154,0.36609197,1.3537228,56.468334,9.838477,8.606725,736.38904
2011.5875,-0.32348272,-0.40483713,0.3497052,0.36355147,1.6981386,56.781483,10.127904,8.577752,731.47375
2011.3694,0.29834476,-0.35256565,0.3309904,0.35125986,1.3267714,56.616634,11.3227,8.55735,686.4
2011.5721,0.3325761,-0.31516796,0.33505452,0.354801,1.5985137,57.567425,10.74096,8.615119,687.7466
2011.5447,0.14322539,-0.3913219,0.34420574,0.36050594,1.5482779,56.617012,14.025556,8.6176605,728.75616
2011.5999,0.14346553,-0.434323,0.34958383,0.3643203,1.3919206,56.47556,9.873233,8.625966,723.9216
2011.6184,0.10551653,-0.45985335,0.3505237,0.36681548,2.4178598,56.459766,9.773597,8.627774,742.9708
2011.6182,0.41060334,-0.45468783,0.3504979,0.3666521,1.6893647,56.459362,9.821404,8.622033,742.37103
2011.616,0.5056093,-0.45375985,0.3504943,0.36677194,1.3961022,56.46989,10.092576,8.627687,740.93585
2011.615,-0.34536204,-0.4570697,0.35052294,0.36675277,1.416641,56.46968,9.87856,8.625621,737.347
2011.5922,0.11218024,-0.35968262,0.3418967,0.36523825,1.4981103,56.50973,10.111201,8.623478,680.7458
2011.6107,-0.09835263,-0.4375456,0.34987348,0.3540035,1.9553889,57.316063,10.658622,8.611026,649.3245
2011.6047,0.05949626,-0.39812952,0.34913826,0.36630547,0.12519039,56.47553,9.842097,8.624876,732.1913
2011.5638,-0.043044798,-0.38559222,0.3466055,0.36032552,1.2995859,56.721703,10.456029,8.582002,718.43823
2011.6068,0.14603023,-0.4076689,0.34968778,0.36623567,1.9757259,56.54271,10.065888,8.620407,732.9806
2011.602,1.0197785,-0.42822748,0.34958446,0.36029762,1.0034189,56.57331,10.553233,8.619059,740.54175
2011.615,-0.17935522,-0.45177674,0.35048214,0.36346588,1.6499379,56.48769,10.02736,8.617899,727.9476
2011.6129,0.69629097,-0.44578022,0.35042572,0.36483216,0.043251775,56.467438,9.948216,8.622851,741.73035
2011.6167,0.92700016,-0.452483,0.35046217,0.36672348,0.3212511,56.458538,9.944602,8.626412,742.5902
2011.6094,0.45259368,-0.3341152,0.34948874,0.36523277,-0.3415362,56.526306,10.713359,8.620342,736.78723
2011.6084,0.4126778,-0.40156734,0.34989113,0.36573043,1.6661851,56.53868,9.883048,8.627106,737.59845
2011.6133,0.74397075,-0.45646918,0.35047975,0.36575234,1.1409525,56.468075,10.259097,8.625518,740.7026
2011.6041,0.3646522,-0.415318,0.3502717,0.3658183,0.73100764,56.470913,10.11192,8.619809,736.8166
2011.5602,0.5125584,-0.40487385,0.3495825,0.35805377,1.2064669,56.652065,10.59266,8.6145735,732.2861
2011.6019,-0.23278822,-0.41382223,0.35028383,0.3662393,0.97930044,56.50004,9.871985,8.619146,726.39935
2011.611,0.5551481,-0.39446896,0.35006204,0.36645493,1.1357077,56.50624,10.2004595,8.623994,738.4446
2011.6052,0.07625229,-0.45645565,0.35036123,0.36675677,1.7533661,56.46412,9.861926,8.624772,738.8155
2011.592,0.015460618,-0.34071863,0.34034154,0.3656016,0.69678146,56.61471,9.992274,8.62543,710.25256
2011.52,0.07809246,-0.4356981,0.34738156,0.3662365,2.1378732,56.523766,11.991824,8.62217,736.2669
2011.6084,-0.061333977,-0.4483478,0.3503945,0.36519763,1.3364545,56.480953,10.0969095,8.626631,736.6494
2011.6002,0.03761608,-0.42386872,0.34600392,0.36488768,1.2293406,56.483017,10.41212,8.622384,726.57385
2011.6185,-0.26125076,-0.45708442,0.35051534,0.36673227,0.77791655,56.463955,9.814149,8.627437,743.34143
2011.5535,0.18911517,-0.28192055,0.34626836,0.3533467,1.2141289,57.03405,10.69102,8.607707,719.9939
2011.6158,0.28807613,-0.35930115,0.34998947,0.3665926,0.74586624,56.52991,10.121242,8.626871,739.3146
2011.6089,0.8824838,-0.45132685,0.35025752,0.36409914,1.3321322,56.496902,9.999009,8.626152,738.2691
2011.6123,-0.1430849,-0.4221778,0.35030255,0.36556792,1.5731856,56.474266,9.915763,8.626294,735.7771
2011.605,0.6776024,-0.45787686,0.35050005,0.3651168,1.5222683,56.471474,9.894883,8.624128,742.04584
2011.5833,-0.06620108,-0.4291029,0.35031575,0.36661932,1.5319197,56.465202,10.779065,8.627042,741.22327
2011.6005,-0.31806967,-0.43490273,0.3502102,0.3602646,1.5443764,56.481834,10.696286,8.626235,732.54156
2011.604,0.13057749,-0.3773859,0.3503785,0.36224458,1.1853665,56.4752,10.038043,8.620148,728.8774
2011.5891,-0.021550797,-0.27658343,0.33415538,0.3530894,0.66927403,56.684135,11.000117,8.605268,677.00195
2011.5728,0.74245197,-0.41497827,0.3493222,0.35454378,1.5073384,56.510952,10.578181,8.59783,737.2683
2011.6007,-0.24605985,-0.36320007,0.3501054,0.36638096,2.3364778,56.53792,11.220386,8.59147,732.20764
2011.6171,0.08933092,-0.44957858,0.3504839,0.3660899,1.1033874,56.459557,10.223165,8.624358,741.5449
2011.527,0.13298701,-0.3081386,0.33409223,0.35759795,1.7486548,56.82401,10.886636,8.616226,703.2043
2011.6179,0.31786892,-0.45871997,0.35051563,0.36644733,1.0199662,56.457302,9.798728,8.627315,743.1562
2011.6147,0.30501458,-0.45655936,0.35051885,0.36657158,1.0029936,56.50177,9.891442,8.626475,742.2732
2011.6177,-0.009507321,-0.44541097,0.35038266,0.3665797,1.5258216,56.46174,9.85402,8.627587,731.76874
2011.618,-0.29657105,-0.4597448,0.35051936,0.36682066,0.9070749,56.47151,10.530961,8.627569,743.0715
2011.5475,0.04633016,-0.41592747,0.34862003,0.36264735,1.4988543,56.700195,10.851724,8.587164,675.72217
2011.5885,0.22326727,-0.4412493,0.35018945,0.36455438,1.1089127,56.5284,11.478461,8.626666,740.1795
2011.5999,0.45596492,-0.4373179,0.34796596,0.36556914,1.4334294,56.468903,10.035224,8.626486,718.1929
2011.6049,0.02808825,-0.40028977,0.35023078,0.36570215,1.7416327,56.562157,11.226798,8.625609,737.6653
2011.5862,0.36954838,-0.43173218,0.34897554,0.3632894,0.38444418,56.54119,10.332334,8.6228285,735.8617
2011.5797,0.52853376,-0.4398842,0.35026324,0.36641833,1.7612557,56.462635,10.544976,8.624421,742.6619
2011.607,0.10144774,-0.44517618,0.3500807,0.36652547,2.0130446,56.629158,10.146125,8.62319,739.83984
2011.6091,0.036902048,-0.40984422,0.34981418,0.36608335,2.1403272,56.499187,10.006875,8.61017,737.527
2011.582,-0.14888747,-0.38325197,0.34968024,0.36629438,1.3461196,56.691765,11.426578,8.617519,739.90015
2011.6105,0.16133606,-0.43896258,0.35036275,0.36653313,1.7727722,56.466625,10.16067,8.624674,738.81866
2011.6144,0.6637587,-0.4173259,0.35019034,0.3663203,0.97392243,56.461346,9.781926,8.626171,742.24945
2011.5901,-0.2598091,-0.38494182,0.3489017,0.35795197,1.3447154,56.506847,9.869485,8.571826,702.95593
2011.6185,-0.5623045,-0.4470814,0.35045484,0.3668093,1.6537716,56.457417,9.832034,8.627712,742.88654
2011.5969,0.04125849,-0.42682683,0.35033637,0.36039644,1.207861,56.76997,11.312488,8.615412,716.619
2011.569,0.2555083,-0.39348716,0.34957114,0.36466306,1.3732594,56.67499,11.591582,8.622342,727.6841
2011.6184,0.15903981,-0.45936757,0.35051304,0.3668105,0.77464736,56.458805,10.057904,8.627621,742.9316
2011.5177,0.5141116,-0.3693449,0.34788096,0.3589696,0.64441866,56.67825,13.983433,8.570329,691.2085
2011.6112,0.2765503,-0.4196661,0.35021064,0.3659089,1.1552055,56.464375,9.964435,8.626449,732.75354
2011.6122,-0.03182804,-0.44346082,0.34996703,0.3662052,1.6323141,56.476753,9.916278,8.622961,735.20105
2011.5415,0.03369487,-0.41089207,0.34038997,0.36458826,1.5692494,56.53856,10.545075,8.60069,704.3039
2011.6001,-0.33494893,-0.44375217,0.35035253,0.36666116,2.0563293,56.461575,9.855861,8.605536,738.61597
2011.6077,-0.068953626,-0.41666162,0.3491192,0.36303547,1.5359098,56.473232,9.957789,8.622514,731.7193
2011.5851,0.12445358,-0.44186205,0.3502659,0.36269617,1.1718476,56.530746,10.692752,8.626918,738.24384
2011.5658,0.42420232,-0.4170373,0.35007495,0.3637209,0.6659802,56.506397,10.099681,8.603149,730.884
2011.605,0.8634797,-0.45155483,0.35008326,0.36140713,1.6264352,56.462246,9.79349,8.623366,738.2341
2011.434,0.50104153,-0.23208903,0.309326,0.29732016,-0.02119241,56.99266,14.509841,8.553552,653.37366
2011.6171,0.16105393,-0.4335552,0.35003072,0.3665279,0.69522756,56.52306,10.879111,8.624158,740.8329
2011.6058,0.50370234,-0.45075464,0.3496605,0.36629337,0.6840006,56.478558,10.213317,8.623319,742.4491
2011.6094,-0.10637643,-0.448179,0.35050502,0.36654964,0.9898128,56.466232,9.935763,8.620511,738.65204
2011.59,0.50157434,-0.37317234,0.34585384,0.36491495,1.1239076,56.76053,10.665553,8.60672,715.2314
2011.6124,0.034800865,-0.42502272,0.35042512,0.35116112,0.58462036,56.513866,9.820809,8.625289,738.143
2011.6162,0.26191223,-0.45477575,0.35044682,0.3662408,1.6047772,56.468815,10.200173,8.62545,739.8341
2011.5078,-0.3557963,-0.27319378,0.34929883,0.34457693,1.1057513,56.552303,10.421586,8.598961,718.6503
2011.612,0.39977548,-0.444664,0.35003373,0.36598122,1.036566,56.465485,10.553678,8.62457,721.1164
2011.5906,0.3825603,-0.365278,0.34904876,0.36374348,1.8037237,56.46705,10.143699,8.617275,735.9625
2011.6072,0.6497909,-0.4513448,0.3502729,0.365464,1.3101834,56.461845,10.282306,8.625445,742.3101
2011.5394,0.26869872,-0.4189877,0.34990114,0.36341944,1.6982194,56.49388,10.19461,8.616907,723.097
2011.6056,0.32608095,-0.4193501,0.3499394,0.36555222,0.4719577,56.466755,9.911082,8.627532,727.02216
2011.6188,-0.45491597,-0.45712733,0.35052386,0.36680686,1.9576393,56.458454,9.954417,8.627807,741.90436
2011.6096,0.41008654,-0.4452312,0.35039845,0.36643788,0.8751338,56.487297,9.989577,8.627765,739.4698
2011.5746,-0.0010051351,-0.44615698,0.35033214,0.36630848,1.7739089,56.500256,10.172477,8.6259985,732.77734
2011.5822,0.3598519,-0.4264207,0.3490425,0.36287755,1.2764741,56.52585,10.6013365,8.618952,740.70685
2011.5692,-0.2524685,-0.4229219,0.3494797,0.3631919,1.1126606,56.523067,10.309638,8.612958,725.83905
2011.509,0.46499246,-0.2781111,0.3446984,0.35072538,0.5424027,56.569416,11.13561,8.600506,718.114
2011.602,0.84687793,-0.4487188,0.34952247,0.3648857,1.2389928,56.46969,10.852704,8.602713,741.0487
2011.613,1.0482568,-0.45742267,0.35030353,0.36652178,1.6632795,56.49185,10.4677305,8.627629,742.07916
2011.5698,0.04488922,-0.42526174,0.34986615,0.36423454,1.483553,56.459747,9.970265,8.527486,736.40607
2011.533,-0.16204174,-0.3562255,0.3442006,0.35999992,1.1275197,57.024677,10.316699,8.4534645,704.21356
2011.6106,0.7827954,-0.4507919,0.35051385,0.36649078,1.344803,56.458416,9.770991,8.627273,743.0405
2011.6154,0.29265335,-0.40505183,0.35000315,0.3663199,1.8225993,56.954483,10.083961,8.612475,730.42694
2011.6187,0.67264813,-0.45978928,0.3505159,0.3668118,1.2617424,56.4574,9.860066,8.626015,743.3712
2011.6014,0.31897178,-0.44099778,0.34917867,0.36605135,1.7414628,56.485207,10.341884,8.612861,731.1047
2011.5862,0.23366027,-0.42503816,0.3501706,0.36414325,1.422856,56.514904,10.260638,8.614296,734.54236
2011.5477,0.09389735,-0.17422222,0.3471963,0.35081476,-0.007256128,56.63759,10.237424,8.56707,705.8794
2011.6106,-0.3381016,-0.44047463,0.350083,0.366579,2.1545453,56.47855,9.863923,8.626426,732.7534
2011.5773,0.18450497,-0.40229273,0.34639803,0.36525148,1.8099047,56.52765,11.564155,8.62278,734.54034
2011.6057,0.39078462,-0.44078964,0.34976065,0.3658052,0.9550244,56.46557,10.411485,8.626972,738.90564
2011.6167,-0.0471062,-0.4486552,0.35043713,0.3667338,2.3979015,56.47525,9.924817,8.62758,732.363
2011.6003,0.62990546,-0.45845324,0.3492365,0.36635092,1.4084046,56.464203,9.9635725,8.625791,739.7621
2011.6141,-0.19123788,-0.4580106,0.35050213,0.36626834,2.1553574,56.458675,9.821923,8.627005,742.88605
2011.2213,0.032539017,-0.27424306,0.34096125,0.31630176,1.6274658,56.66532,11.722405,8.56056,676.2758
2011.6113,0.2112729,-0.44967014,0.35038283,0.36679056,0.93161196,56.463272,10.041364,8.627244,739.3187
2011.5898,-0.05340939,-0.45547813,0.3492491,0.36552176,1.822092,56.527386,10.240634,8.626561,731.0615
2011.6146,0.20478155,-0.44700146,0.34954292,0.36671188,0.46827427,56.490105,10.465781,8.612659,738.9278
2011.617,0.7998695,-0.45674443,0.35046086,0.36676863,0.73768836,56.46142,9.894961,8.627408,742.72644
2011.6138,0.6085441,-0.45154995,0.34991017,0.36612886,0.898947,56.483025,9.984164,8.627222,742.4103
2011.6079,0.035325564,-0.4331835,0.35014674,0.3640638,0.9543459,56.56761,9.917121,8.625435,704.57166
2011.6035,0.22182433,-0.4495746,0.35047078,0.36633542,1.4644852,56.46001,10.488357,8.625018,742.59784
2011.6188,-0.020037733,-0.4515251,0.35009202,0.36681736,1.5444424,56.467392,9.833976,8.627574,741.0591
2011.5923,0.078560896,-0.4213348,0.34970674,0.35799512,2.0335863,57.84772,11.012063,8.622242,734.8701
2011.618,0.47557527,-0.43297786,0.35037544,0.3663252,0.12093487,56.461117,9.845035,8.626265,741.9384
2011.5935,0.32443517,-0.4390306,0.34956753,0.35951546,1.0182157,56.476597,9.880137,8.620899,729.86365
2011.6128,-0.3648217,-0.44299906,0.3504652,0.3666161,1.994122,56.459656,9.830567,8.625351,729.6417
2011.597,0.59589237,-0.42669445,0.350454,0.3663871,1.3309895,56.55669,13.549258,8.625294,739.7943
2011.614,0.24647084,-0.43553984,0.35020536,0.3660232,1.0789663,56.478806,9.948894,8.626412,738.4511
2011.5774,0.04189966,-0.40760338,0.34711224,0.36457154,1.3699926,56.69821,10.566014,8.615902,684.49
2011.6156,-0.2983699,-0.42014295,0.34999567,0.36441618,1.5561646,56.56592,10.381366,8.625111,684.9688
2011.5967,0.110005625,-0.36621678,0.3496877,0.36621246,1.7457914,56.510048,12.99137,8.624805,733.2341
2011.6107,0.93500626,-0.41308844,0.35029086,0.3653257,0.6050027,56.46981,11.513543,8.625922,741.67584
2011.5391,-0.2710667,-0.41795248,0.34927788,0.35807166,1.2999308,56.48397,9.972268,8.620252,707.25085
2011.5728,0.15385005,-0.44938165,0.35024258,0.36626285,2.019671,56.473915,10.154004,8.621847,736.5932
2011.6049,0.18829988,-0.43722343,0.34996814,0.36472338,1.3581164,56.468063,10.72824,8.619785,737.3334
2011.6156,0.1513303,-0.38414466,0.350437,0.36659145,1.2417659,56.49045,9.910472,8.618449,738.583
2011.598,0.527164,-0.44491172,0.35029805,0.36439306,0.77699816,56.461746,9.908803,8.62553,738.3682
2011.609,0.17950879,-0.45121038,0.35048872,0.36640188,1.1984475,56.465134,10.075021,8.623812,739.4617
2011.5775,0.5524275,-0.4114275,0.34960875,0.36557558,1.2239131,56.487583,11.174615,8.625574,737.7037
2011.5282,0.43659952,-0.3825934,0.34518597,0.36266467,0.32037687,56.782036,10.740703,8.592658,689.0884
2011.6155,0.13963507,-0.45565438,0.3505075,0.3664785,0.93402267,56.53756,10.046586,8.626106,741.38043
2011.5519,0.7262061,-0.4251327,0.34652457,0.3635718,1.4881521,56.613842,12.306905,8.614951,732.26294
2011.6182,-0.31278673,-0.4580987,0.35052347,0.36603886,1.8359627,56.457283,9.822413,8.627416,742.7147
2011.582,-0.2592205,-0.40860796,0.34937894,0.34251472,1.043051,56.47592,9.936978,8.623937,678.8778
2011.6056,-0.037043624,-0.4079643,0.35012236,0.3640965,1.6041408,56.468197,9.864278,8.62399,731.0891
2011.6069,0.49314314,-0.35346252,0.3503871,0.36022118,-0.12576489,56.480137,10.433532,8.620866,738.4422
2011.6154,0.062000908,-0.2587501,0.35028335,0.36545163,1.2321216,56.46575,10.042132,8.6255245,740.9476
2011.6178,0.703516,-0.45964563,0.35051495,0.36680052,1.0678991,56.465233,10.232263,8.627758,742.5434
2011.607,0.56929994,-0.42480534,0.34984505,0.36628425,1.266269,56.497204,9.983005,8.609356,737.3299
2011.5758,0.4282681,-0.4483214,0.3496256,0.36579064,0.84922755,56.46053,10.613273,8.626687,742.7699
2011.6047,0.1322497,-0.45770705,0.3504249,0.36667717,1.8548636,56.46334,10.471452,8.625893,740.2844
2011.548,0.1555402,-0.36681288,0.34112132,0.3577896,1.6073895,56.69479,10.432965,8.599103,721.45056
2011.476,0.4153181,-0.37947154,0.34137368,0.3597627,0.2412314,56.471893,11.559791,8.614624,716.3537
2011.5632,0.2992249,-0.4354216,0.3500571,0.36318022,0.8999421,56.547962,10.272838,8.622591,718.8182
2011.6162,0.35929927,-0.45723855,0.35039538,0.3664859,2.0023334,56.46655,10.159802,8.622808,742.00226
2011.6067,-0.34762248,-0.42914224,0.3501886,0.36475262,1.5340962,56.478554,10.132579,8.623151,710.9677
2011.617,-0.21075131,-0.45095062,0.35037833,0.3616121,0.9864353,56.479523,10.10171,8.626288,733.5796
2011.5878,0.25188336,-0.44341433,0.34971234,0.36562172,0.9622661,56.49156,11.36913,8.608313,739.0817
2011.6001,0.2964627,-0.4146992,0.3499639,0.36572284,0.8955459,56.46293,9.942573,8.61729,742.4563
2011.6184,0.8478768,-0.45882034,0.35043547,0.36679286,0.23625465,56.661926,10.415605,8.626955,742.51605
2011.588,0.26029107,-0.43138975,0.34934038,0.36224908,1.7355776,56.544876,10.146094,8.606117,740.24347
2011.5857,0.48073038,-0.37816757,0.31614628,0.36522216,1.403009,56.61254,10.054885,8.626467,701.5215
2011.6177,-0.24041279,-0.41885352,0.3503041,0.366566,1.4840598,56.467884,9.97845,8.627471,740.11444
2011.6014,0.1551439,-0.45657438,0.35017988,0.3665442,2.024724,56.460697,10.006131,8.624421,737.24786
2011.5806,0.55488217,-0.4242406,0.34946355,0.3569562,1.7910742,56.489395,11.313201,8.595595,728.0242
2011.6069,0.39689782,-0.43668842,0.34962282,0.365718,1.3421848,56.53963,10.106854,8.623579,734.032
2011.5748,0.1946563,-0.40660954,0.34945822,0.36519617,1.4885055,56.649586,12.730924,8.618829,731.265
2011.6105,-0.3249654,-0.42521977,0.35037604,0.36668396,0.5847242,56.466255,10.017144,8.626279,742.04913
2011.6107,-0.2993302,-0.45842785,0.3505002,0.36679894,2.2282717,56.485416,10.0556,8.626328,741.2268
2011.6132,-0.0887159,-0.4548452,0.35035014,0.36472782,2.204395,56.47522,10.294644,8.625703,739.54297
2011.5988,0.061269768,-0.35796613,0.34917322,0.35093907,1.4603027,56.74579,10.45,8.623327,710.6306
2011.6183,-0.18725516,-0.43986118,0.350481,0.36665636,1.650712,56.45748,9.794581,8.626725,742.1612
2011.6089,-0.18237384,-0.43113446,0.35043126,0.364568,1.6515996,56.462017,10.163535,8.6258335,742.3697
2011.5979,1.0450438,-0.44354302,0.35000005,0.36660197,1.4747628,56.474075,10.388356,8.60341,741.6066
2011.6115,0.5076147,-0.4244436,0.349886,0.36474362,0.58755696,56.47954,9.937316,8.6215315,732.33575
2011.6143,0.056551196,-0.42155826,0.34952974,0.36347976,1.0963218,56.55788,11.162707,8.620122,725.05475
2011.6105,-0.13791944,-0.40825683,0.34987146,0.35497928,-0.061076738,56.500175,9.970874,8.624816,714.0816
2011.5886,0.6078185,-0.4389028,0.34896702,0.3579681,0.83887184,56.497967,11.243386,8.625162,738.4934
2011.5575,0.32752997,-0.40401655,0.34251043,0.3646035,1.1750025,56.617252,10.075334,8.614819,729.112
2011.6005,-0.06600722,-0.32864404,0.35006997,0.35830933,1.1163998,56.518826,10.179372,8.621964,721.6983
2011.6154,0.43276697,-0.44484818,0.3491429,0.36285946,1.9228859,56.528778,9.826306,8.622414,732.9353
2011.565,0.051250942,-0.43541366,0.3494468,0.36589265,2.4247165,56.590137,10.2669115,8.624751,650.6875
2011.6191,-0.1496891,-0.4594528,0.350528,0.36682817,1.4535358,56.462536,9.809142,8.627761,743.191
2011.504,-0.0016018968,-0.27744555,0.33858988,0.32691976,0.9830584,56.619736,10.080499,8.6142845,516.7233
2011.5835,0.23186865,-0.38777405,0.35013825,0.3581475,0.4241134,56.494095,10.059421,8.590692,708.24347
2011.616,0.55872256,-0.4571256,0.3504738,0.36668164,1.0094612,56.466934,9.825812,8.627202,742.45325
2011.6168,-0.41415396,-0.44972867,0.35049254,0.36638355,1.8850924,56.45936,9.839408,8.625231,737.4094
2011.5903,-0.37237623,-0.4387101,0.34988645,0.36453938,0.05863466,56.459656,9.849298,8.623098,735.30725
2011.6189,-0.25709066,-0.45164043,0.3504853,0.36673012,1.5017912,56.458298,9.839168,8.627375,742.82733
2011.6056,0.6501368,-0.4385044,0.3481437,0.36274567,1.5969709,56.649364,9.887271,8.620705,674.368
2011.6188,0.23854688,-0.45638227,0.3505148,0.36673975,1.7124504,56.457546,9.807807,8.627603,742.7158
2011.6111,0.4235449,-0.42690784,0.34981075,0.36528662,1.2297372,56.47404,10.16612,8.623475,724.76465
2011.6095,-0.111051105,-0.43353438,0.35012767,0.351529,-0.1212487,56.51286,10.5585375,8.623579,736.161
2011.6128,0.64400905,-0.445226,0.35015592,0.36062804,0.98290676,56.762875,10.189391,8.619653,722.49005
2011.6097,-0.45944926,-0.4294808,0.3503334,0.3663001,1.884454,56.46308,10.534833,8.622736,724.5118
2011.5168,0.1459903,-0.33483422,0.3458387,0.36188334,0.733123,57.126915,12.4888735,8.608301,730.23114
2011.482,0.41976714,-0.27570677,0.32902825,0.35914394,1.3120251,56.583714,10.132997,8.604775,721.92004
2011.5873,0.6914972,-0.4304837,0.34810638,0.3624265,1.1524268,56.55677,11.004268,8.618234,723.26996
2011.6001,0.50442684,-0.38154358,0.35028613,0.35971987,0.8503466,56.4855,10.146262,8.621511,738.09076
2011.5997,0.5367357,-0.42740852,0.3503755,0.36523467,1.0677559,56.472782,10.334834,8.625635,740.4117
2011.5271,0.39046943,-0.36122423,0.3477893,0.36440068,0.8889825,56.531605,12.382768,8.581513,732.4503
2011.6182,0.48472905,-0.456232,0.35052142,0.36660746,1.4244785,56.463158,9.799905,8.626797,743.08484
2011.5958,0.20792554,-0.44343847,0.35011688,0.36535916,1.086136,56.467697,9.888152,8.625018,741.72345
2011.6051,0.2680287,-0.44070297,0.35039416,0.3654711,1.5066265,56.45926,9.867793,8.611927,718.81714
2011.5552,0.6406913,-0.41690034,0.34589025,0.35715654,0.846419,56.749954,10.415591,8.609417,713.6979
2011.6188,-0.034709387,-0.45717698,0.35049325,0.36665288,1.4017442,56.461903,9.838288,8.627694,742.7538
2011.598,-0.40477845,-0.42595327,0.35041335,0.36382577,2.1441782,56.462513,10.140975,8.622055,733.4998
2011.596,0.27099383,-0.45457786,0.35015765,0.36632726,2.0408063,56.490627,10.5820265,8.624742,740.8764
2011.6152,0.4605068,-0.4512192,0.350298,0.3666857,1.139113,56.462364,9.880519,8.626658,741.8529
2011.5717,0.034016974,-0.4386105,0.34921744,0.35704395,2.1293802,57.54754,10.545417,8.622991,708.2167
2011.5994,0.43222737,-0.4532348,0.35018668,0.3653797,1.2229277,56.52225,11.6997385,8.6210785,735.7644
2011.5997,-0.14486964,-0.4263096,0.3495629,0.35058218,1.7875038,56.481373,10.05136,8.616716,733.31195
2011.5651,0.3457267,-0.42254835,0.35010403,0.36184493,1.4868681,56.681797,10.577939,8.602212,705.39435
2011.6128,-0.39027336,-0.4561116,0.35049102,0.36620742,2.275349,56.48726,9.940276,8.627362,741.27277
2011.6161,0.2109637,-0.45812082,0.35051206,0.36673674,0.8742794,56.467827,9.814548,8.625121,742.3448
2011.5876,0.34318125,-0.44054383,0.34962684,0.36645293,1.2400947,56.529842,11.189706,8.624705,738.25336
2011.5852,0.681944,-0.2946301,0.34818602,0.36484382,0.9087522,56.48365,10.125091,8.585514,736.9673
2011.6157,0.13300548,-0.45415473,0.35049975,0.36681023,1.7775207,56.45727,9.810212,8.627146,742.98096
2011.5996,0.09550873,-0.41780615,0.35024384,0.3649143,0.9881008,56.61385,10.23809,8.622225,736.684
2011.616,0.101538666,-0.41200107,0.3504533,0.3664576,0.8580098,56.462574,9.903047,8.626674,743.2013
2011.6031,0.35655224,-0.38701952,0.34750563,0.36072594,0.99114996,56.994057,10.0496435,8.62094,721.7773
2011.5892,0.24928595,-0.4458995,0.35002333,0.36524054,1.376343,56.524353,10.446193,8.623925,739.5676
2011.5999,0.28076562,-0.43902296,0.34982383,0.3664232,0.9549359,56.472736,10.312602,8.625397,741.7615
2011.613,0.48802546,-0.4308443,0.34945044,0.3657501,0.5328885,56.724598,11.598578,8.622449,738.6552
2011.6132,-0.066104315,-0.4179533,0.35049856,0.36628315,1.8108567,56.465267,9.987,8.626601,741.4005
2011.4728,0.33485937,-0.29860228,0.34664473,0.34229755,1.3276001,56.552067,9.890576,8.615275,725.5815
2011.5682,0.36048225,-0.44711125,0.35005763,0.36528105,0.28314677,56.502377,10.993859,8.616759,740.1422
2011.6101,-0.37862256,-0.39868397,0.34987155,0.36608028,0.9910787,56.46656,9.879321,8.622878,733.9277
2011.5142,0.34453484,-0.33782023,0.34405583,0.35808855,0.6583609,57.13554,11.717435,8.451691,723.1801
2011.6145,-0.45350268,-0.43363214,0.3504149,0.366641,1.0426558,56.4573,10.132699,8.627278,741.63995
2011.559,-0.05234038,-0.4391721,0.34947813,0.3664657,0.61848354,56.554752,11.443149,8.622378,735.31226
2011.6094,0.71799046,-0.43920827,0.3494056,0.36577952,0.47861284,56.497997,10.207929,8.616344,738.07605
2011.6161,0.5337568,-0.45536703,0.35044453,0.36680278,1.7144324,56.469822,10.02587,8.627449,742.7614
2011.6107,0.81838596,-0.44170392,0.35021523,0.36447966,1.8328521,56.53039,10.500892,8.625496,743.15216
2011.605,0.6331681,-0.45645,0.34997225,0.36640412,2.0312355,56.5027,10.177348,8.6197405,736.5311
2011.6055,0.21772735,-0.40326107,0.34836242,0.36553663,1.0960777,56.69381,10.210536,8.621932,732.6486
2011.6089,-0.06586268,-0.4288137,0.35046718,0.36358783,1.910562,56.475716,9.884994,8.626564,741.6356
2011.6133,-0.13378473,-0.44096977,0.3502951,0.3653576,1.7384712,56.47656,9.802926,8.627471,731.4989
2011.5293,0.05333767,-0.40159738,0.3496771,0.36589396,1.4391459,57.151043,12.907252,8.620766,736.1514
2011.5743,-0.33917615,-0.44837368,0.3501252,0.36456198,2.0384932,56.493813,9.881322,8.613453,737.5017
2011.6158,0.6410546,-0.453493,0.35023355,0.36588588,1.3297195,56.46684,10.198915,8.62276,742.0056
2011.5824,0.5160767,-0.4400475,0.34994894,0.3659645,1.3186781,56.46736,9.984273,8.617389,739.62775
2011.593,0.41900873,-0.43954998,0.34972405,0.3629846,1.5484204,56.496098,10.344335,8.625165,728.8729
2011.5885,-0.011137359,-0.37893856,0.34881476,0.36315608,0.3111863,56.497658,10.67759,8.619522,718.7272
2011.5306,0.5412715,-0.38219738,0.34545216,0.36473972,0.98364663,56.487133,11.286195,8.597761,731.30865
2011.6014,-0.35441157,-0.4507507,0.3500575,0.36600634,1.7986321,56.463047,10.337171,8.620738,735.4165
2011.6185,-0.22753449,-0.45911103,0.35050145,0.3667925,1.7672185,56.478073,10.02035,8.627121,738.2183
2011.6112,-0.36447886,-0.43675733,0.35043013,0.3665357,1.1960355,56.457893,9.803788,8.624771,740.59814
2011.4592,0.49774662,-0.33207643,0.34746924,0.35725024,0.8273361,56.841225,13.535488,8.573673,723.9303
2011.5576,-0.1539026,-0.3766322,0.3498289,0.35978898,1.8245611,56.463745,10.414868,8.62407,737.9204
2011.6091,0.94260824,-0.31107157,0.35012707,0.36625332,1.2325299,56.478127,10.170579,8.625101,738.5188
2011.605,-0.17158999,-0.42155147,0.34940732,0.36270484,2.0441246,56.485687,9.871369,8.62641,560.8751
2011.6182,0.11326877,-0.45408005,0.3503782,0.36676234,0.9942738,56.459644,10.137277,8.626499,742.8586
2011.5447,-0.22522713,-0.41458815,0.34909663,0.36603022,1.2576085,56.485584,10.526801,8.620272,726.0972
2011.6074,0.07376737,-0.45073736,0.35011527,0.36611816,1.3432148,56.462,10.048249,8.617368,735.5643
2011.5994,-0.16833098,-0.42771566,0.35033235,0.36610052,1.7353609,56.49517,10.24237,8.610311,734.688
2011.6183,-0.0719484,-0.455854,0.35051632,0.36679596,1.4215381,56.46884,10.320111,8.627,742.42053
2011.6177,-0.096179955,-0.45034307,0.35051343,0.36624527,1.5642688,56.46124,10.355466,8.625007,740.7618
2011.5753,-0.34376225,-0.43038398,0.3499903,0.3653389,1.3726946,56.512794,11.483932,8.626466,734.0297
2011.6055,0.9456826,-0.41241926,0.35023448,0.36518338,0.20766933,56.536312,11.554868,8.593787,740.6112
2011.6108,0.30221516,-0.4472298,0.35049373,0.3661047,1.2503386,56.4939,12.35213,8.613741,740.96124
2011.6151,-0.034009717,-0.4389705,0.35040462,0.36577785,1.3278039,56.47845,9.842525,8.627517,740.73267
2011.5662,0.8125918,-0.41724265,0.34846234,0.3547673,1.2400469,56.56991,10.134803,8.577009,707.8523
2011.5403,-0.4435362,-0.40892106,0.35014778,0.36531156,2.2830422,56.528202,10.57817,8.618259,715.22156
2011.6123,0.8990963,-0.43584025,0.35016313,0.36652038,1.9807087,56.466274,9.814965,8.626005,742.3321
2011.5427,0.11678473,-0.43648422,0.35014734,0.36516473,1.8182296,56.55813,10.01267,8.617679,723.9846
2011.6006,0.32781363,-0.4189232,0.3495318,0.35699406,0.052211486,56.52949,10.044307,8.625938,731.8694
2011.4944,0.6584899,-0.4264359,0.35019827,0.36643544,1.6285396,56.480637,10.251567,8.624459,741.13885
2011.6176,0.40640962,-0.4541846,0.3504926,0.36674273,1.6861131,56.469936,10.311576,8.626443,742.1388
2011.5948,0.040235676,-0.42060983,0.34982917,0.36449414,0.9235406,56.52808,10.607209,8.595472,735.20404
2011.6132,0.18905748,-0.4305681,0.35000843,0.36594862,1.9182168,56.496643,10.077214,8.593288,733.53357
2011.6124,0.32527915,-0.45056307,0.3505026,0.36569953,1.5968658,56.46308,10.330462,8.6268,742.92523
2011.5789,0.7633906,-0.37609196,0.34854165,0.3594688,1.4872293,57.311897,10.965493,8.612537,698.16364
2011.6101,0.46431595,-0.4322378,0.34989867,0.3654858,0.5793332,56.462185,9.954114,8.621334,740.83264
2011.5857,0.26004845,-0.37547135,0.34874436,0.36291698,0.8913711,56.533474,10.551162,8.61572,725.25476
2011.5602,-0.16818608,-0.44387162,0.34977782,0.36618555,1.0604451,56.52892,10.681983,8.610772,736.169
2011.6108,-0.42321357,-0.4246027,0.3502329,0.36012328,2.0164177,56.606808,11.421693,8.624694,734.3035
2011.5945,-0.13392617,-0.4303916,0.3502585,0.3618382,1.7488686,56.504456,10.814061,8.618836,737.701
2011.6172,0.013206907,-0.4482358,0.35044694,0.36568388,1.5212034,56.52123,10.147809,8.622597,740.73517
2011.6144,-0.32562885,-0.4451381,0.35037297,0.3659243,0.91206634,56.48721,10.094928,8.62666,738.63416
2011.6069,0.5071592,-0.45857215,0.35036495,0.3662779,1.6153855,56.462494,10.20131,8.623972,742.0271
2011.5818,-0.19091417,-0.39945173,0.35021463,0.36579105,1.5928887,56.482033,10.515992,8.62162,734.66077
2011.6143,0.85549587,-0.43745488,0.35011345,0.36635205,0.5841481,56.498882,10.194093,8.618451,742.2997
2011.6039,0.20877405,-0.43313265,0.35032886,0.36276555,0.6059053,56.469288,10.054915,8.594159,740.2528
2011.5359,-0.36872873,-0.3996303,0.3493087,0.36402866,1.2598948,56.560028,13.404826,8.551084,716.8903
2011.6141,0.59736454,-0.43833232,0.35012886,0.36640555,0.7682563,56.469833,9.991399,8.609963,741.704
2011.5065,0.48435587,-0.38879305,0.34403315,0.33842367,1.0918936,56.559704,10.503308,8.576053,713.8149
2011.6011,0.94197303,-0.4095319,0.349848,0.35995752,0.885432,56.540535,10.444514,8.623539,729.9417
2011.6051,-0.19487627,-0.45332575,0.35039252,0.36606357,1.3482023,56.477722,10.300412,8.622378,741.4234
2011.6072,0.20699677,-0.37126487,0.3497133,0.3653462,0.37638038,56.46892,9.939242,8.62707,738.73145
2011.5214,0.3856432,-0.24757703,0.3477086,0.33136687,0.96082306,56.631245,10.765334,8.605414,723.14246
2011.6097,0.04429362,-0.42588526,0.34873125,0.36624235,1.4496313,56.476707,10.192124,8.620056,735.9456
2011.6033,-0.21305086,-0.41859484,0.35044992,0.36392665,1.3126212,56.4664,9.939332,8.6260605,738.7579
2011.5829,0.009284802,-0.3514703,0.34725183,0.36412278,1.5302948,56.49363,10.241254,8.62441,721.4863
2011.5682,0.5368508,-0.43262112,0.35029557,0.36392966,1.1838677,56.4863,11.608954,8.603656,735.541
2011.586,-0.048992537,-0.44130623,0.3498687,0.35280204,0.61995786,56.49427,10.58426,8.623968,731.8329
2011.5704,0.056195445,-0.4466278,0.3501002,0.36641008,1.3251534,56.48095,10.977977,8.61672,741.16077
2011.5636,-0.13904144,-0.44104117,0.34975636,0.3666531,0.8166864,56.573914,11.915454,8.620778,737.49915
2011.6118,0.14212386,-0.4481954,0.35034043,0.36583844,0.71558106,56.46065,9.786889,8.627009,736.46906
2011.5911,-0.24109699,-0.32489437,0.34873474,0.3618295,1.0997134,56.568287,10.472489,8.614212,736.34406
2011.59,0.30488408,-0.3916031,0.3498086,0.36417675,1.4180926,56.599155,11.095138,8.6036625,728.3045
2011.6166,0.30093217,-0.45054716,0.35042527,0.36658758,1.0740054,56.480515,10.180615,8.627311,742.3635
2011.6094,-0.43831602,-0.4549114,0.35040992,0.36628044,2.1000407,56.462482,9.855964,8.614307,728.74194
2011.6157,0.38289467,-0.45750016,0.35045904,0.36640635,1.7560135,56.471752,9.787457,8.627314,743.06635
2011.6182,-0.37580827,-0.42999023,0.35041335,0.3645506,1.829526,56.464733,9.953635,8.627276,741.33984
2011.5874,0.0038698094,-0.40117723,0.34938484,0.362927,1.7942101,56.489212,10.054082,8.625046,682.8218
2011.6089,-0.41335282,-0.43896914,0.35025203,0.36605605,2.0525723,56.472073,9.9773,8.626583,734.591
2011.5739,0.35550243,-0.38018698,0.34619164,0.36053324,1.1255074,56.69527,10.351678,8.611038,722.22955
2011.6158,-0.21185727,-0.4515177,0.35035923,0.36667088,1.6372975,56.46558,10.274911,8.623416,741.0079
2011.6161,0.43388152,-0.44013155,0.35023132,0.36565462,1.1504929,56.56086,10.666442,8.626664,739.21063
2011.6075,0.07994861,-0.40834463,0.34919015,0.3658832,1.0282061,56.564594,10.268514,8.622688,627.5058
2011.6108,0.73416597,-0.44825494,0.35044184,0.3659937,0.6238881,56.512714,10.791968,8.623202,741.97375
2011.5427,0.69453186,-0.37156475,0.34470692,0.36232406,1.5103801,56.77623,12.2592325,8.609428,696.8689
2011.5884,-0.27294078,-0.44025135,0.3501825,0.36548218,0.54725903,56.47578,9.911719,8.616117,726.8804
2011.5948,0.6350829,-0.33795816,0.34796822,0.36022586,0.432769,56.47382,9.924169,8.62193,729.7557
2011.6167,0.51471925,-0.45849222,0.35049513,0.3667012,1.8271701,56.46295,9.81788,8.624885,739.9876
2011.6075,0.117148675,-0.43324482,0.35046154,0.3614272,1.209763,56.4729,10.01201,8.6251,740.90155
2011.6162,0.5143799,-0.42648703,0.34976095,0.36664143,1.3546438,56.522038,10.07705,8.624719,736.99817
2011.6107,0.8510248,-0.45044732,0.3502382,0.36586925,0.57274103,56.476337,10.405564,8.620018,736.9029
2011.6044,0.037404694,-0.45550418,0.35012105,0.36293033,2.117913,56.461784,10.2683,8.626421,739.7767
2011.6063,0.11970783,-0.45574337,0.35037166,0.36047035,1.0177565,56.479355,9.900615,8.624956,738.2695
2011.5813,-0.05640819,-0.45468557,0.34875327,0.36547282,2.2837262,56.522312,10.258157,8.625141,736.6371
2011.6113,0.25730202,-0.4526226,0.35033077,0.36619723,0.61010003,56.488728,10.186133,8.627293,736.8986
2011.6008,0.70070446,-0.45503283,0.35041165,0.36616716,1.0454717,56.470646,10.943528,8.6244135,733.6223
2011.5966,0.51737225,-0.44619238,0.35041067,0.3634787,0.59454644,56.565815,10.28395,8.620612,739.7422
2011.6002,-0.0886217,-0.40024072,0.34892708,0.36649618,1.8586289,56.5438,10.488082,8.600441,725.3898
2011.6134,0.46905354,-0.44828433,0.35047266,0.36667553,1.0968844,56.49606,10.500665,8.625734,739.4727
2011.5574,0.8105615,-0.43671072,0.3492174,0.35742846,0.19502468,56.527477,11.857223,8.589865,736.4228
2011.6138,-0.105299436,-0.45544964,0.35050207,0.3667572,1.679662,56.46609,10.39745,8.626576,741.9644
2011.6047,0.40683025,-0.42916417,0.35034508,0.36652258,0.73016864,56.492863,9.991296,8.618516,739.7022
2011.6102,0.1525878,-0.44927484,0.35022888,0.3664085,1.1633215,56.47524,10.490058,8.622294,735.6189
2011.6165,0.08434916,-0.45212984,0.35045427,0.36667863,1.6102165,56.475018,9.818978,8.627388,739.5645
2011.6064,0.5702144,-0.45215726,0.34991303,0.36400726,0.67479134,56.671967,11.930964,8.612321,742.2964
2011.5927,-0.0714361,-0.4133383,0.35044646,0.3654524,1.9302177,56.469143,10.090322,8.625072,726.5971
2011.5624,0.7629145,-0.43631178,0.35024503,0.36543658,1.4387751,56.49369,9.91845,8.6192875,739.5159
2011.5629,-0.18099935,-0.3404985,0.34906846,0.36519107,1.6853359,56.756477,11.205434,8.616697,711.7361
2011.6129,0.053425647,-0.45066643,0.35036206,0.36526582,0.71132773,56.471527,11.283826,8.62588,738.37714
2011.5934,0.46924058,-0.43898124,0.35038283,0.36427367,1.8491479,56.463383,9.9893465,8.584699,736.67834
2011.5776,0.06977398,-0.448339,0.34998894,0.36582038,1.4047447,56.504787,11.148168,8.623357,735.6194
2011.6116,-0.36435834,-0.44572985,0.35038117,0.36380497,0.13795097,56.47005,10.209701,8.626219,734.65765
2011.591,-0.15639009,-0.4363014,0.3495924,0.3502725,2.1662648,56.701927,10.267882,8.621011,718.47906
2011.4731,-0.033492796,-0.40840262,0.3398842,0.36260453,0.9250746,56.73302,12.413571,8.58695,731.4055
2011.6155,-0.28485677,-0.4549843,0.35047808,0.36675662,1.5739287,56.458076,9.927783,8.625169,742.4437
2011.5953,0.39125937,-0.44174367,0.34989744,0.36551833,1.4664781,56.462807,10.235831,8.609875,739.13354
2011.6191,0.87203723,-0.45957887,0.35052446,0.36681846,1.1932038,56.457203,9.902434,8.627706,743.40625
2011.6038,0.066821285,-0.43696505,0.34928697,0.36270446,0.93528575,56.479473,10.455033,8.626753,737.48663
2011.4541,0.5203904,-0.27579963,0.34220642,0.33670333,0.589309,57.230885,12.147492,8.554913,684.96954
2011.6179,0.21310912,-0.4577484,0.35050708,0.36676264,1.0038275,56.464314,9.815,8.624687,742.94946
2011.4253,0.32291016,-0.43277997,0.34859303,0.3659632,0.7561652,56.473026,10.477086,8.618881,737.78687
2011.5883,0.8047518,-0.43661624,0.34996828,0.36569133,-0.18838124,56.466457,12.307799,8.616647,742.0444
2011.6141,-0.07925909,-0.45645845,0.35042584,0.3666552,1.6745825,56.466442,9.851943,8.627113,736.5414
2011.6157,0.24600281,-0.40811396,0.35024995,0.36559236,0.99510765,56.58826,9.95708,8.625434,733.4919
2011.5316,-0.019267462,-0.42492557,0.34984395,0.36238757,1.9446208,56.60772,10.350888,8.603506,664.26526
2011.6119,0.62831897,-0.44811922,0.35037622,0.36533004,0.19843926,56.512367,9.861228,8.61337,742.4834
2011.6135,0.26579708,-0.44158304,0.35048229,0.36655042,1.2058754,56.489033,9.983226,8.62172,742.48663
2011.5886,0.010853477,-0.42762977,0.34993306,0.35689914,1.3418312,56.498894,11.08957,8.616818,735.2883
2011.568,-0.10820737,-0.4054376,0.3501609,0.36637992,1.8464302,56.4635,9.883189,8.598495,728.32983
2011.5801,0.7442072,-0.42449635,0.34838918,0.3657473,0.7169621,56.528393,10.387099,8.616305,731.37085
2011.5941,-0.1585495,-0.35348386,0.34836265,0.3663819,1.7576673,56.572792,10.183778,8.625325,726.32135
2011.6156,0.2761525,-0.45887637,0.3503538,0.36637753,1.9662267,56.467007,9.852523,8.627276,732.2464
2011.6134,0.6457671,-0.44073302,0.35047653,0.36659536,1.4531704,56.461235,9.789569,8.627127,741.75397
2011.6145,-0.24230249,-0.42721617,0.35042763,0.36284128,1.2685581,56.479893,11.036632,8.626627,737.34985
2011.6018,0.11974067,-0.45619512,0.35046586,0.36673984,1.9357091,56.468143,10.236907,8.627334,742.54926
2011.6057,0.39309782,-0.42436093,0.35038313,0.3652632,1.4014232,56.463024,10.395556,8.6262,739.96436
2011.6146,-0.11360028,-0.43695188,0.34957236,0.36642873,1.381177,56.48504,10.433196,8.623708,736.167
2011.6178,0.19702126,-0.45718485,0.35026088,0.36478767,2.2970095,56.465256,10.12534,8.624093,739.77216
2011.4382,0.2140858,-0.4371357,0.343156,0.35651308,0.86704844,56.66911,10.654609,8.605038,706.9141
2011.619,-0.18833967,-0.45129085,0.35050285,0.36671123,1.8472056,56.460968,9.820287,8.627707,742.56995
2011.617,0.25231057,-0.45069528,0.35046387,0.366608,1.5729374,56.49243,10.466334,8.627135,742.5619
2011.6149,0.02197621,-0.42166257,0.35044923,0.36611724,0.9357434,56.485725,10.008426,8.627162,741.58655
2011.6029,0.541185,-0.4070924,0.3489522,0.3554082,1.3370471,56.52681,10.148564,8.620537,733.5434
2011.614,0.26952142,-0.44532436,0.35037634,0.36498272,1.7067564,56.491592,9.885137,8.627291,741.1489
2011.5936,0.27784726,-0.41569924,0.34923095,0.3662921,1.2352366,56.507477,12.053208,8.623891,727.94275
2011.5957,0.2599259,-0.45638412,0.3493125,0.36570358,1.087637,56.47509,11.076238,8.617386,707.8366
2011.6184,-0.53727555,-0.4591695,0.35051507,0.3666527,2.3424792,56.45917,9.819854,8.627788,742.0607
2011.5992,0.57094866,-0.4540699,0.3487635,0.36600253,0.7977185,56.474815,12.168002,8.624849,739.4075
2011.6089,0.2636639,-0.45310885,0.35039166,0.36667472,2.2621863,56.47678,10.293706,8.625913,742.4957
2011.6162,-0.1432447,-0.42304403,0.3503366,0.3649766,0.86031204,56.457947,9.901427,8.6275835,738.85724
2011.5657,0.7838791,-0.45103407,0.34974644,0.36196953,1.6621193,56.737083,11.073865,8.620011,738.49384
2011.6161,-0.025618695,-0.44908893,0.3503424,0.36676076,1.0863895,56.471416,9.834315,8.627309,722.08734
2011.584,-0.39375886,-0.4027202,0.35009363,0.36236158,1.5752466,56.52226,10.748565,8.604146,719.41327
2011.5896,0.13952847,-0.4345159,0.35032985,0.3610896,1.6877075,56.46708,9.867604,8.622699,736.0304
2011.6176,-0.21819402,-0.45830512,0.3504986,0.36681136,1.5722247,56.458687,10.20247,8.625844,743.3075
2011.6099,-0.19207753,-0.43291092,0.35027093,0.36638242,1.4607704,56.459396,9.822894,8.626135,736.7141
2011.6058,-0.039759986,-0.4083858,0.35020605,0.36568892,1.1367252,56.468937,10.696055,8.624163,742.40375
2011.6163,-0.21233232,-0.44949454,0.35043615,0.36585173,1.7636065,56.524326,10.357867,8.627444,739.42664
2011.5491,0.66047823,-0.40802616,0.34730175,0.35894397,0.09063532,56.515125,11.237119,8.514528,736.8609
2011.6167,0.04664562,-0.45193434,0.35025555,0.36542404,1.5371569,56.478157,9.852601,8.625106,734.7056
2011.6106,0.60620844,-0.43864286,0.34942758,0.3663964,1.2676477,56.4819,9.928309,8.622931,737.34283
2011.6127,0.9232068,-0.45798904,0.35047933,0.36670372,0.42051223,56.459442,9.85497,8.627353,742.6243
2011.5223,-0.18238027,-0.36719036,0.34341195,0.36438134,1.2988788,56.527596,10.1271105,8.623262,738.9523
2011.6187,0.23166709,-0.45624745,0.35052046,0.3667158,1.0407354,56.457886,9.790521,8.627563,742.401
2011.6099,-0.11209955,-0.44577652,0.3498431,0.36625585,1.3124588,56.67653,11.390801,8.616123,739.27606
2011.6062,1.0598428,-0.45791405,0.3501925,0.36610833,1.0629412,56.469788,9.97499,8.626593,738.5998
2011.5768,0.16963273,-0.41439766,0.34923777,0.3653691,2.2198493,56.486248,9.922286,8.610343,719.64606
2011.5958,0.15116395,-0.42248058,0.35028833,0.36048758,0.67296624,56.497543,10.814488,8.613,741.42694
2011.5662,-0.17279471,-0.45297962,0.34958977,0.3639831,2.0048728,56.513424,10.233783,8.623251,720.822
2011.6085,0.2604964,-0.44704443,0.3501598,0.36604482,1.265678,56.48122,10.281335,8.627051,739.75323
2011.6166,0.19494946,-0.44868928,0.3504199,0.36681786,1.6143037,56.46818,9.867232,8.627769,742.98596
2011.6167,0.20980191,-0.45849246,0.35047016,0.36676583,2.3241131,56.46295,10.2852125,8.622937,739.76074
2011.5981,0.6807341,-0.4252537,0.34976307,0.3632124,1.7085791,56.494366,10.970593,8.614711,735.53815
2011.6138,0.11385221,-0.4075203,0.3499501,0.36672115,2.098742,56.514145,9.884442,8.627356,734.89655
2011.5869,0.38787058,-0.44907826,0.34964406,0.36392704,1.1905472,56.477932,11.424087,8.624577,730.34265
2011.6082,-0.0093544945,-0.43583918,0.3502461,0.36662173,1.7596412,56.489075,12.188533,8.625661,741.9204
2011.4475,0.44649988,-0.38468987,0.34490478,0.3603315,1.1036004,57.17333,11.787684,8.580046,724.70197
2011.4979,-0.3645089,-0.43002975,0.34801587,0.3473115,0.14885075,56.558952,12.467284,8.612312,680.4872
2011.6162,-0.012940489,-0.45615518,0.3498872,0.36665297,1.8456633,56.463203,10.038014,8.627189,738.90796
2011.5996,0.15675616,-0.4467262,0.35037562,0.36463943,1.9706085,56.46493,10.001462,8.621583,742.03766
2011.607,0.21473035,-0.42833257,0.3504414,0.3668059,0.45139247,56.461052,10.1113,8.626902,743.16064
2011.5684,-0.47381684,-0.36884052,0.35015804,0.36094344,1.8512603,56.604748,10.291944,8.588764,709.1694
2011.56,0.06717164,-0.24675067,0.34745526,0.35808015,0.80538034,56.598873,12.683021,8.506891,699.3731
2011.608,-0.16259338,-0.4410711,0.35029712,0.3665122,1.5827576,56.53688,9.97096,8.627229,722.6537
2011.6184,0.27434227,-0.4482692,0.3504992,0.36676526,0.8867601,56.4852,9.827535,8.627802,743.3108
2011.503,0.64098155,-0.31084704,0.3456837,0.3622852,0.34115085,56.561897,11.468127,8.607492,725.7561
2011.6161,-0.024222396,-0.44675744,0.35048938,0.36665168,1.3774577,56.48211,10.240228,8.625651,741.9685
2011.5889,0.011092462,-0.36649036,0.34952697,0.3602821,1.5102142,56.48823,10.831763,8.625561,732.19653
2011.366,0.18132661,-0.28697187,0.33526778,0.35265774,0.5125622,57.170258,11.604419,8.572883,640.17487
2011.6177,0.29025006,-0.45547837,0.3500128,0.36680657,1.2339151,56.509098,10.181588,8.627826,740.3163
2011.5957,0.20083658,-0.35905522,0.3491553,0.36237726,1.8752999,56.531498,10.225265,8.610673,736.5664
2011.5544,0.45459542,-0.26777583,0.3466858,0.3607841,1.1865488,56.612133,10.85241,8.617869,730.85254
2011.6143,0.21256278,-0.4352281,0.35010648,0.36646882,1.1191583,56.475357,9.866275,8.627206,732.09503
2011.6079,0.27900282,-0.45075107,0.35044664,0.3650236,1.1268841,56.54853,10.152379,8.601507,730.4226
2011.6182,-0.08807232,-0.45808768,0.35051185,0.3666744,2.2707984,56.457848,9.78156,8.627418,742.9221
2011.588,-0.037542276,-0.41077405,0.3501189,0.35644364,1.2451164,56.49969,9.946851,8.590091,728.62537
2011.6174,0.47646135,-0.45714915,0.3505148,0.3667902,1.8093145,56.458416,9.81639,8.627623,743.37067
2011.618,0.8944147,-0.4575922,0.35050437,0.36669913,0.80095303,56.475113,9.832929,8.62697,743.06775
2011.6163,-0.048088066,-0.44682163,0.35043445,0.36667112,1.3377628,56.459637,9.995336,8.627303,735.50885
2011.5988,-0.20026334,-0.44645208,0.35044837,0.36570588,0.67066795,56.463078,9.85706,8.625642,742.10736
2011.6162,0.5798219,-0.41019046,0.35027188,0.36625686,0.82983786,56.461887,10.063224,8.606254,742.46893
2011.6168,-0.3913956,-0.45389616,0.35051733,0.3666941,2.2015307,56.467964,10.519401,8.627187,725.18823
2011.6178,0.4848905,-0.45259297,0.35047823,0.36581352,0.7711707,56.458282,9.863061,8.626951,743.24506
2011.5837,0.67746127,-0.44263148,0.35012764,0.36534116,2.1840003,56.473763,10.88478,8.625282,738.05054
2011.311,0.82666725,-0.3778537,0.34308088,0.35336465,1.4746267,56.8619,11.960755,8.592772,724.9507
2011.6023,0.14164512,-0.4520768,0.35018328,0.3644803,1.6479745,56.46058,9.8991785,8.612265,738.01953
2011.589,-0.10023626,-0.44001406,0.3500141,0.3642084,2.2002637,56.615868,11.411269,8.615777,727.6438
2011.4368,0.0019932764,-0.19747178,0.34499672,0.30065742,0.70511234,57.21604,10.984839,8.499856,678.6015
2011.5569,-0.012953244,-0.19458388,0.35004815,0.3626617,1.2357677,56.474293,10.091062,8.605817,736.3996
2011.6134,-0.37748572,-0.4561844,0.35016668,0.3666715,2.0434346,56.49258,10.035834,8.627615,740.524
2011.603,0.35932672,-0.42923307,0.3503995,0.3645061,0.830491,56.531765,11.336137,8.619912,740.37164
2011.586,-0.030472301,-0.438092,0.35023713,0.36594772,1.6947505,56.526928,10.898,8.62254,723.8984
2011.6161,-0.38784972,-0.43602496,0.35036495,0.36434415,1.1521187,56.45804,9.826591,8.6001215,737.1664
2011.6177,0.014652647,-0.45591474,0.35052595,0.36682495,1.575349,56.462627,9.805198,8.627746,743.1175
2011.6083,-0.41149393,-0.43481946,0.3497566,0.3586478,1.3106991,56.466423,10.160359,8.6274605,694.05896
2011.588,0.47242928,-0.43814725,0.34829807,0.36437827,1.6598696,56.471954,10.727334,8.620235,730.67413
2011.618,0.38739052,-0.43230444,0.3502945,0.36596355,-0.11662952,56.465336,9.845286,8.627171,742.6333
2011.581,-0.013012789,-0.40542668,0.3490544,0.36603057,1.3530567,56.48981,10.943311,8.624941,734.66254
2011.5289,0.51873827,-0.42879415,0.3491843,0.3619885,0.81920767,56.52237,10.456092,8.626469,728.7627
2011.6154,0.43177283,-0.45322227,0.35038185,0.36669248,1.4813427,56.458313,9.808661,8.626138,737.71375
2011.6144,-0.5037689,-0.44306183,0.35038918,0.36266345,1.0012943,56.464443,10.262336,8.626027,670.7954
2011.5775,0.22089884,-0.41136795,0.34964883,0.36120346,1.3514868,56.49437,10.256215,8.6223545,730.8046
2011.618,0.07176543,-0.43860418,0.35051,0.36670366,0.7883507,56.457863,9.903045,8.622683,742.66046
2011.616,-0.12772568,-0.43122494,0.35004574,0.3662907,1.2199105,56.464607,9.937346,8.626753,739.53546
2011.601,0.6560564,-0.45903182,0.35001805,0.36647177,1.2053039,56.483833,10.173024,8.624694,741.6038
2011.5339,0.6384825,-0.3665501,0.34553978,0.35514113,1.3317555,56.554333,11.559802,8.613591,713.9189
2011.6045,0.19517481,-0.4342798,0.34971753,0.3661857,1.7028445,56.72765,10.435685,8.619808,726.8296
2011.5846,0.61841834,-0.43381816,0.3497348,0.36554712,1.2499855,56.589287,10.415475,8.606563,738.93774
2011.6125,0.59549725,-0.40101856,0.3494075,0.36622953,0.7253757,56.48072,10.395457,8.625936,737.7512
2011.5717,-0.34753624,-0.39261812,0.35012946,0.36483285,0.61326325,56.487038,9.985593,8.606721,735.1007
2011.548,-0.05397304,-0.41681176,0.34645313,0.36072937,1.0819257,56.877106,12.309682,8.606304,718.8272
2011.6133,0.21740644,-0.41548616,0.3504655,0.36652184,1.2342035,56.470028,10.724755,8.624619,741.87744
2011.6125,-0.4070945,-0.4383827,0.350294,0.36669973,1.1904619,56.49292,10.197274,8.6257305,727.2874
2011.5836,0.5824793,-0.42832798,0.35006997,0.364211,1.4991561,56.52503,10.210845,8.621871,740.6483
2011.6173,1.2386347,-0.45399475,0.3503609,0.36666965,1.8288692,56.460003,10.166324,8.627788,743.2573
2011.5934,1.0032674,-0.44823176,0.34970546,0.3648278,0.21769722,56.465454,9.932918,8.622249,741.3703
2011.5941,-0.2597476,-0.40873975,0.35024562,0.36541134,0.9964612,56.46268,10.577092,8.624163,738.36615
2011.6099,0.19715482,-0.45398575,0.35020703,0.36052334,1.4534994,56.483536,10.213923,8.62545,739.7899
2011.6157,-0.20693721,-0.45474547,0.35046586,0.36643675,2.0552313,56.473324,9.855372,8.622688,741.1573
2011.4142,0.25601655,-0.4015996,0.3486344,0.3640821,0.91003233,56.589516,10.986699,8.616659,734.8616
2011.5919,0.30836776,-0.44540745,0.35022873,0.3656496,1.724995,56.65694,10.92484,8.624799,735.3225
2011.5851,0.34345555,-0.32142514,0.34929436,0.35598308,0.48981577,56.481644,10.161252,8.6114025,724.0202
2011.5796,-0.26749626,-0.44540465,0.34973297,0.36572775,0.9970294,56.485687,10.5621,8.625366,730.9216
2011.5175,0.1184854,-0.18817548,0.34189293,0.35777012,1.1706182,56.53007,12.336921,8.581948,692.28326
2011.6023,-0.32280454,-0.4290557,0.35011023,0.3630848,1.8392097,56.478558,10.186637,8.595277,736.5838
2011.559,0.61286676,-0.42888772,0.3496616,0.36328167,0.7162044,56.513912,11.856286,8.617563,740.65686
2011.5889,0.74515325,-0.43520397,0.34984523,0.35915864,0.7609498,56.47566,9.93913,8.621953,741.23096
2011.5707,-0.053709827,-0.37409616,0.34768462,0.3522948,0.91206205,56.55656,10.2543745,8.6240635,697.4735
2011.6041,-0.23170342,-0.4555871,0.3501254,0.36616147,1.5295128,56.469135,10.422757,8.625868,720.3737
2011.6176,0.09746436,-0.4586203,0.35040492,0.36682317,1.4437997,56.461895,9.87009,8.627649,742.97675
2011.5845,0.3699333,-0.44038647,0.34986567,0.36231694,1.0270658,56.47446,10.027778,8.615092,732.1123
2011.6171,0.059335,-0.44447994,0.35043445,0.36672273,1.7493237,56.466965,9.912316,8.627138,740.5837
2011.5767,-0.0353046,-0.36281604,0.34837925,0.35778525,1.6682909,56.471737,10.444238,8.618487,728.69086
2011.6162,0.21803643,-0.44898582,0.35050312,0.36647522,0.5893578,56.463737,10.263251,8.627669,742.74677
2011.5931,0.7033225,-0.40697676,0.34803274,0.3659672,0.6698707,56.589375,10.12284,8.596922,736.0174
2011.4983,0.5974116,-0.3013785,0.33625844,0.3512785,0.55626804,56.814743,12.310016,8.489584,728.6208
2011.5693,0.15158074,-0.4382009,0.34546205,0.36307666,0.32446507,56.497368,10.606601,8.624857,735.8733
2011.6108,-0.06156268,-0.44960368,0.3504762,0.36456656,1.5224695,56.465252,9.942193,8.623158,741.8191
2011.6117,0.08153478,-0.45709884,0.35052028,0.3668073,1.4191893,56.45827,10.020978,8.62723,743.0337
2011.6182,0.500471,-0.45416296,0.35046044,0.3657777,1.4965197,56.474712,9.815579,8.626668,739.647
2011.6117,0.2898694,-0.44276786,0.35036954,0.36207667,1.4663726,56.467934,10.032617,8.623855,737.8281
2011.6155,-0.42221484,-0.45500827,0.35047072,0.36676082,1.7257296,56.5115,10.012187,8.627243,740.2238
2011.6178,-0.20606615,-0.4296313,0.3504782,0.36437166,0.8980338,56.472534,9.812963,8.624666,739.82513
2011.6158,0.09608538,-0.45576704,0.35038024,0.36680552,1.7139429,56.46491,11.226171,8.626531,742.85297
2011.6089,-0.42388567,-0.43612272,0.3499346,0.36667877,2.1468265,56.468693,10.156007,8.627405,738.4116
2011.5731,0.14698084,-0.43069285,0.3490546,0.36609918,0.62521434,56.473873,10.560855,8.608148,739.2703
2011.6104,-0.2576507,-0.44698185,0.35044986,0.36042812,1.8386517,56.460377,9.860137,8.627028,735.8678
2011.6132,-0.16289027,-0.45463955,0.35048544,0.3665019,2.1274018,56.458714,9.945312,8.625993,736.9614
2011.589,0.2762859,-0.45220917,0.34991267,0.36519992,1.4387962,56.48277,11.932794,8.625131,738.5138
2011.5884,0.22858813,-0.44124526,0.34761843,0.36448002,1.7330967,56.52187,10.533849,8.622379,727.3893
2011.5422,1.2363518,-0.42216533,0.3475651,0.3619878,0.21921225,56.46922,10.909045,8.609518,741.3307
2011.6033,-0.31274375,-0.4101497,0.35027495,0.36353824,1.440861,56.4988,10.471425,8.60904,725.31213
2011.6106,-0.49947992,-0.43948412,0.35036755,0.36596525,1.6830231,56.465183,10.32952,8.622787,711.2316
2011.6068,-0.039071284,-0.4238587,0.35026753,0.36279562,0.7264001,56.52428,10.570817,8.612505,703.7716
2011.6075,0.093076445,-0.45275313,0.35046577,0.36475378,0.48346868,56.47126,9.919393,8.62282,741.7116
2011.5803,0.9092975,-0.4531054,0.34976348,0.36624897,2.2567408,56.492527,9.825639,8.627251,720.2549
2011.6066,0.18467426,-0.45003754,0.34762433,0.36639956,1.9411699,56.47806,9.806607,8.625211,717.70917
2011.6155,-0.43860558,-0.37092495,0.35019353,0.3631654,1.935649,56.46704,10.071204,8.608658,730.2092
2011.5502,0.028437532,-0.21158339,0.34501246,0.3171226,0.8475842,57.05638,10.659413,8.554719,665.7258
2011.5691,0.19484529,-0.443945,0.35030028,0.3645801,1.9170598,56.792805,10.743764,8.617558,728.4904
2011.6191,-0.37018248,-0.45954376,0.3505152,0.36682034,2.2843418,56.45908,9.7982855,8.627385,742.4998
2011.6111,0.7803163,-0.3850689,0.35018578,0.36645547,1.3368318,56.501705,10.609609,8.626264,741.5275
2011.6128,0.3651167,-0.4581374,0.35046524,0.36670697,0.969913,56.469128,11.074548,8.627439,742.9965
2011.6173,0.026714511,-0.42983824,0.35014522,0.36611184,1.6120738,56.472332,9.992576,8.621505,734.7211
2011.6167,0.27091175,-0.4408571,0.35004088,0.36448357,0.35678142,56.489525,10.262305,8.627343,729.3803
2011.5115,0.3579136,-0.38715714,0.34573606,0.36413544,1.6274611,56.729992,12.327838,8.606989,725.39185
2011.6165,-0.013305388,-0.45369798,0.35051107,0.3664824,1.5618621,56.47848,10.151589,8.625986,743.019
2011.6157,0.39459518,-0.41642576,0.35047284,0.36658528,1.4231455,56.45855,9.816697,8.62587,743.01874
2011.5636,0.5793667,-0.44216412,0.35022405,0.363567,0.6788243,56.46552,10.162166,8.625198,739.9974
2011.5392,0.38061947,-0.40735704,0.34762764,0.36562926,0.5912211,56.872097,11.82792,8.547595,712.9579
2011.6111,-0.09756895,-0.4303531,0.3499919,0.36602646,1.7553949,56.52055,10.716157,8.625849,738.6397
2011.6187,-0.1002424,-0.45621628,0.3505174,0.3668204,0.90241015,56.46718,10.497571,8.627833,742.6544
2011.6161,-0.41083547,-0.44186974,0.35037732,0.36666825,1.6603593,56.487373,9.9463,8.627252,739.84644
2011.6144,-0.18589576,-0.43371576,0.35041115,0.3659714,1.0710711,56.46211,9.945432,8.623209,741.436
2011.5526,-0.026023202,-0.38303488,0.34998244,0.3650965,1.6016994,56.533577,11.063064,8.622798,739.0918
2011.4004,-0.24618246,-0.32246727,0.34065446,0.34996328,0.88018346,56.68257,10.624278,8.511272,667.2671
2011.6144,0.037033476,-0.45084,0.35050875,0.36676496,1.034861,56.474575,10.126077,8.627641,743.0053
2011.6055,0.8945792,-0.44296205,0.3503093,0.36597902,1.47568,56.490303,10.252862,8.618644,733.9894
2011.5734,0.19717097,-0.42390704,0.349113,0.35983008,1.5906988,56.577747,10.880504,8.580467,712.649
2011.5801,0.3544589,-0.43380356,0.3501951,0.36537948,1.79967,56.83466,13.510582,8.626531,716.9375
2011.5455,0.4538827,-0.3721434,0.3490872,0.36589828,0.72585726,56.642616,12.593204,8.529399,731.5717
2011.5015,0.02245555,-0.3986233,0.3393911,0.34907776,2.186594,56.539753,10.742682,8.598624,704.1693
2011.6117,0.13672261,-0.40222007,0.34991127,0.3640887,1.6903622,56.474766,9.839578,8.625265,735.81964
2011.618,0.44748768,-0.44353896,0.35044566,0.36660588,1.226393,56.463333,10.025208,8.626336,728.664
2011.6154,0.6585502,-0.43763512,0.3502895,0.36651367,1.8324047,56.469982,10.219371,8.626408,742.72015
2011.6038,0.5447615,-0.39879018,0.34772214,0.36640242,1.7870457,56.552166,11.38276,8.623637,735.9208
2011.6118,-0.13294287,-0.40892774,0.3497208,0.36565748,1.0500947,56.529217,9.9239855,8.624044,737.21594
2011.6066,0.29527098,-0.40191412,0.34977514,0.3661528,0.9868859,56.538715,10.442451,8.621352,739.11273
2011.5656,-0.04880973,-0.433473,0.34893018,0.36022282,1.1489472,57.88026,12.801356,8.609214,719.06213
2011.6172,-0.27711508,-0.45702273,0.3504602,0.36680815,1.8458049,56.46026,9.977361,8.627678,733.0091
2011.5966,-0.100048624,-0.45498496,0.34986132,0.36664054,0.6979368,56.475143,10.275941,8.627407,741.52295
2011.6173,-0.06521904,-0.45865637,0.350505,0.36678723,1.4658978,56.464024,9.855342,8.627482,742.28467
2011.4833,0.33122933,-0.33064955,0.34024593,0.3440054,0.7005981,56.6015,11.945577,8.57348,724.52875
2011.613,-0.23362501,-0.31924272,0.35010988,0.36626247,0.8407616,56.465366,9.837625,8.626698,731.6363
2011.618,-0.11177286,-0.45171785,0.35047662,0.3666196,1.3034779,56.459126,9.848784,8.62718,742.9629
2011.543,-0.11301216,-0.42341137,0.34968776,0.36412692,1.3741899,56.501076,10.559615,8.621713,735.3707
2011.6029,0.086628474,-0.43466812,0.35003123,0.36501008,0.546029,56.488594,10.0778,8.624114,736.8691
2011.6177,-0.16001637,-0.45294487,0.35045546,0.36612126,0.9783585,56.472473,9.836272,8.626448,739.4624
2011.6134,0.9933942,-0.4401574,0.3503078,0.3661215,0.78661996,56.506836,10.299989,8.623946,743.0396
2011.5793,0.718539,-0.346712,0.34916025,0.36208028,0.430308,56.91986,13.726805,8.590053,730.4242
2011.6135,-0.14311017,-0.45198506,0.35026154,0.36625442,1.1136694,56.477722,10.063489,8.626799,739.2684
2011.5488,0.56314373,-0.4380116,0.34392673,0.36414057,0.6742354,56.69846,11.135148,8.596583,709.6601
2011.5994,-0.08258637,-0.41765428,0.34916714,0.36162153,1.5983367,56.525448,9.837316,8.622577,707.3138
2011.6045,0.7243434,-0.4332565,0.35027513,0.36622876,0.34778032,56.471317,10.532409,8.614269,740.0091
2011.6187,-0.3466861,-0.4564414,0.35052553,0.36657032,1.0298952,56.45938,9.888495,8.62565,739.30365
2011.6184,-0.40302762,-0.450333,0.3504721,0.3663685,1.873828,56.457817,9.846341,8.626939,741.1809
2011.6136,-0.16587718,-0.44732177,0.35033792,0.36589837,1.486376,56.472,10.487502,8.627607,736.1254
2011.6177,0.39593154,-0.4480607,0.3503779,0.36679965,1.033441,56.45847,9.773118,8.627238,741.8374
2011.4275,-0.019954376,-0.41956598,0.3483285,0.36193463,1.6706873,56.711163,10.659661,8.614824,677.65436
2011.6078,-0.02664768,-0.42575294,0.34941167,0.36441344,1.3661584,56.605324,10.418391,8.621931,719.12115
2011.5927,0.75563884,-0.44358402,0.35033378,0.36577356,0.75853807,56.719955,10.9741335,8.623884,739.50635
2011.5967,0.3563187,-0.43061483,0.34935915,0.36128247,1.7775841,56.482635,10.072907,8.625543,702.74786
2011.6107,0.50042,-0.44830817,0.35048088,0.36665827,1.4156382,56.46263,10.190038,8.615037,741.89453
2011.6108,-0.29793027,-0.45755106,0.3504638,0.36668524,1.7476614,56.469757,9.995843,8.6207905,741.9073
2011.5704,-0.23799916,-0.43927073,0.3495092,0.28647807,0.66715217,56.47807,9.967622,8.585488,708.55896
2011.598,0.079718806,-0.42731845,0.3500965,0.36640546,1.1116372,56.47501,10.166547,8.58286,738.0022
2011.6046,0.3013268,-0.38580972,0.34945038,0.3628612,0.39367896,56.501194,11.639691,8.614796,728.0806
2011.6078,0.006440558,-0.44482726,0.3503285,0.36529016,1.6914818,56.47373,10.152562,8.627426,734.1395
2011.5302,-0.11746355,-0.41023296,0.34503198,0.36506495,1.4027888,56.52176,11.347142,8.552612,732.1873
2011.5521,0.49766016,-0.37011868,0.34647208,0.36345214,0.6006135,56.711845,10.738645,8.621946,707.1942
2011.5719,0.6702028,-0.39973307,0.34927902,0.36565092,0.53494465,56.702023,10.718738,8.616213,706.6455
2011.5817,0.20570546,-0.39289612,0.34934282,0.3638373,1.1181091,56.557865,10.680316,8.625825,740.7764
2011.6036,0.21421537,-0.42673331,0.3497942,0.36658955,1.6939745,56.674873,12.229022,8.627022,739.1284
2011.6177,0.11796839,-0.45254254,0.35038796,0.36680743,0.7163471,56.469585,9.828082,8.62648,741.78937
2011.5391,0.052276023,-0.417758,0.34963337,0.36236468,1.4387285,56.49062,10.245481,8.581075,725.6221
2011.6133,-0.10138293,-0.45771122,0.35046887,0.36652082,1.3509766,56.46363,9.888373,8.625788,740.181
2011.6147,0.13951243,-0.45607948,0.35041103,0.3668251,2.2261884,56.45988,9.951354,8.627033,740.18555
2011.5541,0.35631892,-0.41465104,0.34542063,0.36210293,1.0486594,56.88793,11.610528,8.603446,665.30066
2011.6158,-0.06451794,-0.41860616,0.3503396,0.36657006,0.35882318,56.470837,10.007926,8.627111,739.3186
2011.6189,0.6466924,-0.45787954,0.35050777,0.36679956,0.64378357,56.459026,9.968129,8.627128,743.3248
2011.6158,0.36413512,-0.43178326,0.35013348,0.3644767,1.1943134,56.501343,9.8796015,8.61945,740.50415
2011.4694,0.6242821,-0.44235712,0.3497848,0.36540192,0.34637356,56.491234,12.203568,8.616739,738.19995
2011.6115,0.11274714,-0.44654804,0.35035735,0.36554107,2.3681617,56.476517,9.95696,8.624711,732.24384
2011.6005,-0.38486806,-0.4130764,0.34974042,0.36457625,1.3312963,56.53238,10.041862,8.621272,672.2163
2011.619,0.054824837,-0.4596675,0.35052103,0.36671934,2.231307,56.459015,9.966416,8.62757,742.83716
2011.6147,0.052417703,-0.45432377,0.34988913,0.36662635,1.3460932,56.583073,10.098678,8.626189,740.09314
2011.5868,0.25795215,-0.4282663,0.34901148,0.3652431,0.6653205,56.537914,10.119721,8.62374,721.0283
2011.5977,0.7480434,-0.4409858,0.3502545,0.36530992,-0.0061826482,56.482506,9.978358,8.6269655,735.51685
2011.5828,0.3221083,-0.3694467,0.3427397,0.3568768,1.2575747,56.60077,11.219403,8.621945,705.26025
2011.6134,-0.18632533,-0.45574993,0.35048494,0.36559474,1.8346493,56.476288,9.809056,8.626954,736.58777
2011.6136,0.133974,-0.44716924,0.35026315,0.36651167,1.861043,56.462807,9.890023,8.625039,734.7682
2011.5679,0.06549723,-0.3533442,0.34739956,0.3636863,1.2967995,56.66245,11.853307,8.554454,724.48883
2011.6184,-0.31453863,-0.45147264,0.35051978,0.36680686,0.97639847,56.45767,10.0694475,8.627781,742.5216
2011.5652,0.84655637,-0.4350593,0.34222904,0.36422372,1.302154,56.52755,10.087136,8.621213,716.5299
2011.603,-0.2683986,-0.44019783,0.35015494,0.3653991,1.6311846,56.47361,10.023694,8.61789,723.9301
2011.619,-0.530824,-0.44045925,0.35051176,0.36671376,1.4231465,56.457565,9.781205,8.6275425,743.2032
2011.503,-0.36129466,-0.41135997,0.34962633,0.3623896,1.8406165,56.55453,10.832286,8.622251,704.417
2011.6046,-0.16689642,-0.44202024,0.34984866,0.3666075,2.0049052,56.475624,10.2457075,8.626185,735.1314
2011.5973,0.037012346,-0.4528414,0.35045058,0.3656793,1.7502922,56.49812,12.646241,8.593776,702.9932
2011.6168,0.37505448,-0.45623112,0.3504721,0.3663349,1.6748904,56.478653,10.397326,8.625848,741.6371
2011.6134,0.08967734,-0.45455456,0.35031372,0.36621535,0.7312669,56.487213,10.901778,8.626683,736.38696
2011.5419,0.1279168,-0.4196918,0.34949598,0.3661216,0.7431194,56.477776,10.466901,8.481063,733.2953
2011.6122,-0.35508034,-0.44532895,0.35050663,0.36676094,1.881733,56.46392,9.872619,8.623797,738.8607
2011.5109,0.21049769,-0.35906333,0.34431744,0.3588573,1.2080109,57.332462,12.69078,8.6023655,728.8424
2011.6117,0.54653394,-0.451837,0.35038057,0.36459613,1.261491,56.696156,10.022319,8.626051,713.786
2011.6132,0.40539205,-0.44829154,0.3504209,0.36345947,0.8569753,56.45912,9.859523,8.6198225,742.0902
2011.6033,-0.05831685,-0.35721374,0.34949142,0.36063924,1.6405338,56.576416,10.299668,8.622659,708.62634
2011.6008,0.33513212,-0.42590255,0.3499765,0.36638793,1.9536916,56.472412,9.844836,8.623998,741.3952
2011.6085,-0.107889436,-0.37584722,0.3464364,0.364184,1.8800577,56.46615,10.228141,8.622629,732.79175
2011.6166,0.1061231,-0.45020586,0.35049278,0.3638743,0.9523987,56.470573,9.827058,8.626926,741.9735
2011.6027,-0.017707042,-0.411393,0.34942663,0.36335456,0.5849481,56.502327,10.188247,8.62226,739.5863
2011.5826,0.29208606,-0.44778156,0.34964788,0.3637462,1.3734056,56.532238,10.853263,8.611052,719.2973
2011.6133,0.5153268,-0.4099176,0.35007903,0.36656293,1.111288,56.514496,11.778483,8.627564,738.732
2011.6028,0.46123442,-0.44240004,0.3501061,0.36667845,0.66265047,56.47911,10.3481,8.626069,741.88165
2011.5826,0.5340491,-0.43909872,0.34991175,0.35519102,1.3434209,56.590904,9.907008,8.604543,732.63153
2011.5831,0.14245726,-0.4024015,0.34887365,0.36285573,1.345163,56.575203,10.254107,8.598065,730.11456
2011.554,0.36742318,-0.4454038,0.3496599,0.36532477,0.2711269,56.477974,10.381597,8.624077,737.8753
2011.3192,0.6360312,-0.39253867,0.3484752,0.3581652,1.0448786,56.516445,15.714651,8.60714,732.69855
2011.5842,0.67019254,-0.37335843,0.34957132,0.3607028,1.1478748,56.562733,10.667237,8.62246,727.9622
2011.6025,-0.22564454,-0.431391,0.35021812,0.36633798,1.8906229,56.46166,10.218047,8.619555,735.6397
2011.3673,0.34985766,-0.26006737,0.30375436,0.35877654,1.9718374,56.753597,10.519534,8.600112,683.028
2011.603,0.33262,-0.4446181,0.34990782,0.36616808,0.69289577,56.69933,12.1482115,8.612737,732.19037
2011.5757,0.040658332,-0.42533296,0.34861046,0.35043827,1.6134013,56.760193,10.804816,8.615595,718.33044
2011.5067,-0.30363628,-0.4232425,0.348971,0.35777858,1.3729572,56.790203,10.95427,8.621107,730.7764
2011.5835,0.029638179,-0.4465443,0.34884638,0.36541644,1.1673019,56.484142,10.126191,8.62017,715.3133
2011.6082,-0.35706702,-0.43464,0.35014856,0.36603802,1.0534278,56.47512,10.035327,8.627189,721.30585
2011.5822,0.43349633,-0.42091024,0.34957856,0.36330324,1.1037474,56.484676,10.175382,8.606928,730.4461
2011.6124,0.30617458,-0.45633888,0.35047406,0.3649395,0.6060272,56.4758,10.119388,8.626951,742.68756
2011.6154,0.55511856,-0.4326098,0.35018635,0.36502382,1.7946615,56.470833,9.879304,8.626476,719.4519
2011.3472,-0.10051402,-0.3324834,0.33577174,0.32547528,1.3879316,56.66679,10.878556,8.587842,591.0654
2011.4856,0.4117599,-0.3273046,0.24591799,0.33951253,1.5324059,56.88556,10.666049,8.587534,593.2088
2011.5648,0.76369786,-0.43936962,0.3500641,0.36429965,0.10988679,56.506996,10.042121,8.618974,741.11194
2011.6141,0.058441825,-0.38912576,0.3433946,0.36258376,0.68189055,56.573452,10.149255,8.60869,722.5396
2011.6138,-0.080042385,-0.4420359,0.35022035,0.36381903,1.834138,56.500298,9.9366865,8.625133,736.75214
2011.6122,0.726699,-0.4532752,0.35023087,0.36625284,0.96339667,56.481945,9.814687,8.617936,739.4711
2011.581,0.40202627,-0.4255486,0.3497822,0.34410828,1.5993816,56.78384,10.341157,8.366634,671.30994
2011.6094,0.2784565,-0.40353972,0.35003442,0.364289,1.8517739,56.75557,10.003537,8.626954,736.5614
2011.6172,0.29532453,-0.45947564,0.35034415,0.3666033,0.75092214,56.459213,9.875661,8.627232,741.9704
2011.6084,-0.12623753,-0.42947435,0.34998667,0.3649071,1.6583323,56.504986,10.118796,8.622717,722.3487
2011.6171,0.08611748,-0.45961833,0.35051775,0.36672977,2.1289265,56.45751,9.794723,8.626833,743.10645
2011.5927,0.31675965,-0.4345196,0.34996912,0.3648024,1.8093549,56.46834,10.216807,8.599682,737.481
2011.5803,-0.041838042,-0.33014566,0.3478972,0.36281514,1.0503094,56.511463,10.917363,8.571893,721.4767
2011.592,0.35291567,-0.4499516,0.35016084,0.3657781,1.6020914,56.47511,9.980044,8.625512,735.1745
2011.5874,0.4205562,-0.40713638,0.34913474,0.36627275,1.1083905,56.592213,10.161244,8.618555,728.7874
2011.6003,-0.051178508,-0.4336853,0.35037884,0.36413354,0.8692785,56.498222,11.309762,8.623452,734.0907
2011.5298,0.13746975,-0.3409114,0.3431515,0.33352065,1.3274351,56.711227,13.370461,8.568287,715.2492
2011.6097,0.72239345,-0.44655764,0.3499636,0.3608888,1.9084598,56.50224,10.0623045,8.625348,731.9527
2011.6122,-0.21339281,-0.40884626,0.34992054,0.36153665,1.876521,56.503834,9.87568,8.626417,699.4065
2011.6149,0.92237747,-0.43440616,0.3495609,0.36652055,0.9467131,56.49894,9.91825,8.616939,738.84247
2011.3118,0.117359586,-0.34004575,0.33786803,0.34077534,1.2862829,56.623352,11.600909,8.613887,651.2063
2011.402,0.19788213,-0.37251425,0.34627604,0.3357016,1.4155395,57.688038,12.667453,8.536704,469.30313
2011.6042,-0.25101265,-0.42482078,0.3503105,0.36658224,1.7306987,56.46172,9.903802,8.626298,741.25714
2011.6063,-0.07732638,-0.44775987,0.35020053,0.36243084,1.1420007,56.52717,10.263598,8.620998,729.32416
2011.6133,0.22948803,-0.2741362,0.35032788,0.3662824,0.9440996,56.467915,10.078803,8.622038,742.1674
2011.58,0.60125947,-0.44783098,0.34927446,0.36567444,1.3677362,56.499146,10.626304,8.60116,739.4007
2011.6141,1.1602639,-0.44747066,0.35042095,0.36671048,-0.0019663349,56.486595,10.640531,8.627217,743.29504
2011.5596,0.56009346,-0.445688,0.34522626,0.3648156,0.812687,56.596756,11.745835,8.592985,722.87286
2011.6172,0.2337557,-0.4523313,0.3505004,0.36671683,1.5631392,56.45936,10.076491,8.627413,740.574
2011.6171,0.059177257,-0.44600236,0.35042825,0.3665723,1.0136358,56.51855,10.139567,8.627216,741.0546
2011.5747,0.116278715,-0.4244684,0.35005203,0.35932115,1.4932193,56.58919,10.33105,8.566211,715.9544
2011.6056,0.18273108,-0.42196286,0.34995794,0.3612317,0.08194765,56.4815,9.895692,8.619683,737.16187
2011.5366,0.22919837,-0.40125835,0.34740004,0.363243,1.2285224,56.58474,10.755013,8.523914,700.4169
2011.5607,-0.13971443,-0.42694378,0.3498826,0.36607146,1.430589,56.476685,10.079204,8.625252,736.4283
2011.4681,-0.16194655,-0.26563066,0.34032744,0.3606458,1.4087043,56.673687,11.429614,8.537643,711.5439
2011.6066,0.21918161,-0.44988275,0.35000914,0.3660928,1.8123804,56.464493,10.006345,8.626757,738.6245
2011.6124,-0.3081095,-0.45117247,0.35047975,0.3667417,1.7663678,56.470924,10.308888,8.627165,741.64514
2011.6125,0.367957,-0.44730031,0.34995085,0.36514592,1.8325309,56.525208,10.495107,8.62591,734.7147
2011.42,0.25356358,-0.31065238,0.34707195,0.35688213,1.7165989,56.880207,10.889186,8.546254,683.853
2011.6157,0.93809843,-0.43660218,0.35043904,0.36634976,0.8026105,56.48426,9.942502,8.626681,740.99866
2011.6115,0.17306013,-0.44912273,0.35042214,0.3664885,1.601773,56.459774,10.168576,8.625478,740.31415
2011.6144,0.3207128,-0.42438072,0.3501201,0.36607188,1.6855277,56.484833,9.7826395,8.627675,655.9139
2011.5923,0.06997997,-0.42495292,0.35037613,0.36402625,1.477293,56.468346,10.178611,8.627262,723.67505
2011.6168,0.77866954,-0.45784628,0.3505107,0.36677083,0.90522355,56.457508,9.788287,8.627038,743.24146
2011.5808,0.42180604,-0.37473232,0.34783626,0.36531255,1.0062853,56.489056,10.51785,8.620871,730.5369
2011.5189,0.6850235,-0.2807275,0.34827766,0.36128023,0.3661925,56.631805,10.27534,8.62484,716.34607
2011.5175,0.7945726,-0.40691262,0.3485084,0.3629985,1.2028564,56.674652,10.717179,8.61311,696.849
2011.595,0.13600834,-0.44420153,0.350257,0.36548576,1.3206245,56.473312,10.162023,8.599794,740.1551
2011.6147,-0.4208162,-0.4500119,0.35045594,0.36681452,1.2578481,56.464176,9.890367,8.6271,741.5602
2011.6157,-0.3464531,-0.43395925,0.3504103,0.3660669,1.962908,56.49323,9.854371,8.624665,738.6896
2011.6168,-0.21139438,-0.40940052,0.35024855,0.36652493,1.1053401,56.462944,9.930287,8.627382,738.5504
2011.6044,-0.2782608,-0.425973,0.349469,0.3661467,2.1493492,56.61972,10.631267,8.624579,734.2439
2011.4148,0.2798101,-0.2999797,0.33777922,0.3596886,0.7682637,58.470932,11.91463,8.522784,710.3423
2011.6166,0.40122592,-0.44241875,0.3502637,0.36628437,0.87463164,56.48573,10.072099,8.622649,742.43695
2011.4799,0.5889272,-0.3431908,0.34740484,0.33243355,0.6316679,56.55241,10.802581,8.558372,731.8043
2011.6073,0.5994575,-0.41691762,0.34889448,0.3651635,1.0945148,56.566845,10.561784,8.623539,737.0111
2011.6086,0.18503302,-0.43948495,0.3502373,0.36648804,1.7707291,56.47794,10.206151,8.626284,735.80164
2011.6085,0.29364952,-0.43338168,0.3503926,0.3665526,1.3089446,56.472176,10.985095,8.624992,742.3877
2011.5984,0.002633639,-0.4231171,0.35015506,0.36593387,1.8362538,56.46181,10.19064,8.620659,740.8742
2011.5979,-0.06392809,-0.43128568,0.3502286,0.36450738,2.0403094,56.46277,10.086116,8.608416,738.0362
2011.6143,0.0610194,-0.43770748,0.3504085,0.3660714,1.36585,56.485558,10.1173525,8.626793,713.1263
2011.6136,-0.39750454,-0.42784864,0.35033366,0.36664265,1.3855456,56.459618,10.002057,8.620986,732.8246
2011.5902,-0.165051,-0.42085254,0.35026482,0.36599365,1.6349239,56.484177,9.989179,8.616998,727.0881
2011.6151,-0.085203074,-0.4474646,0.35046378,0.36643893,1.725889,56.463634,10.4278,8.610007,740.5991
2011.5962,0.1505637,-0.42081308,0.34991977,0.36599186,1.8673005,56.474514,10.281716,8.624882,740.65356
2011.5592,-0.02412092,-0.40233934,0.34878582,0.35774165,1.433046,56.91328,14.791168,8.611213,725.7908
2011.5905,0.7777285,-0.42697817,0.35001642,0.36397406,-0.06169031,56.49136,10.443244,8.615126,735.051
2011.5662,-0.011675082,-0.37123138,0.3499631,0.3632611,1.5791544,56.528877,10.043233,8.620612,687.2797
2011.5887,-0.25757644,-0.4422198,0.3500223,0.36414096,1.7377414,56.46056,10.04046,8.617879,732.92834
2011.6033,0.094208606,-0.4097377,0.35008657,0.36450848,1.3140814,56.488068,11.727992,8.621021,739.1836
2011.6069,0.470188,-0.43187165,0.35047048,0.36614156,1.5797766,56.466457,9.815927,8.627453,741.76624
2011.6173,-0.2609937,-0.45329648,0.3505055,0.36669394,1.4156152,56.460243,10.08063,8.627393,741.89294
2011.6067,-0.029601775,-0.43609375,0.3502243,0.36473155,0.65925795,56.543297,10.245086,8.613482,727.09845
2011.6166,0.08976925,-0.39657378,0.34923416,0.36597225,1.7204099,57.914528,10.376132,8.624777,735.8327
2011.5482,0.07077462,-0.35174233,0.34886834,0.35058174,1.3775291,56.49635,10.148356,8.608688,719.57605
2011.604,-0.17956503,-0.4454711,0.35025582,0.36646846,1.1597929,56.556652,10.09044,8.618686,724.4163
2011.6168,-0.18795241,-0.41581875,0.35003537,0.36439407,0.39320913,56.527634,9.899697,8.62759,736.3281
2011.5867,-0.040496998,-0.31598413,0.34937072,0.35811242,0.3387976,56.457882,10.06544,8.626503,733.8278
2011.602,-0.07502853,-0.39534986,0.35028678,0.36677364,1.0598457,56.47109,10.661315,8.62662,741.8142
2011.6138,0.41968408,-0.43991566,0.35034573,0.36449534,1.7965075,56.46232,9.97166,8.625679,742.8548
2011.5581,0.37669653,-0.3884251,0.3477621,0.36399186,0.6765946,56.47691,10.029197,8.609446,730.0647
2011.6141,0.3603005,-0.44973934,0.3503871,0.36675858,1.368536,56.462532,10.047307,8.626839,742.7238
2011.6027,0.29923663,-0.44298846,0.34995383,0.3658845,0.52322847,56.472122,10.859448,8.625593,740.1257
2011.6168,0.1392891,-0.4513685,0.3503987,0.3662824,1.460786,56.505253,10.042024,8.62743,742.20996
2011.5831,-0.13855405,-0.42621678,0.34719515,0.3648056,1.174129,57.222427,12.601184,8.623053,717.0352
2011.6141,-0.046386383,-0.41431314,0.35036203,0.36589423,1.0376673,56.469368,10.905269,8.621615,728.0871
2011.613,0.094241954,-0.4246822,0.34917513,0.3659207,1.1824601,56.49542,11.876922,8.625918,726.77637
2011.5985,0.2828794,-0.4415558,0.34882054,0.36392355,1.8092622,56.555073,10.233756,8.592833,715.42804
2011.6168,-0.17407812,-0.45213974,0.3503539,0.3668126,2.2262175,56.45858,9.85543,8.625093,741.8451
2011.611,0.28870922,-0.4574713,0.35038248,0.36638945,1.179432,56.4625,10.472367,8.626182,741.1224
2011.6069,-0.06691056,-0.4246269,0.350069,0.3652183,0.954844,56.567413,10.193473,8.62508,740.44604
2011.6117,0.37903094,-0.44260436,0.3501892,0.36669913,1.8241137,56.462013,10.225682,8.62617,741.32074
2011.5883,0.005822428,-0.39120644,0.35011542,0.36564076,1.3977511,57.060963,12.198203,8.625612,737.224
2011.6134,0.21502483,-0.44864464,0.3503228,0.36604378,1.4098798,56.458904,9.824622,8.612338,737.92395
2011.6042,-0.28726712,-0.4291587,0.35035652,0.36615786,1.2334907,56.54725,9.950284,8.625758,736.782
2011.5739,-0.28636947,-0.42916435,0.3488476,0.3648158,1.8574187,56.645657,10.798644,8.607417,717.07263
2011.5746,0.7088677,-0.4137866,0.34817073,0.36417428,0.8704193,56.580986,9.981311,8.625984,722.5385
2011.6168,-0.09706604,-0.40383518,0.34995532,0.36392346,0.7383454,56.46439,9.842086,8.625098,739.34155
2011.6128,0.2643905,-0.45297658,0.35042527,0.36649057,0.2849522,56.46129,10.736922,8.626878,741.52106
2011.5824,0.4830568,-0.43572038,0.34889543,0.36336592,1.4164621,56.757904,10.100389,8.623896,725.9731
2011.6034,-0.10616734,-0.43363,0.34986898,0.3663556,1.2349235,56.49035,10.177394,8.625623,735.1293
2011.5636,0.50163054,-0.4273938,0.35025397,0.36600602,0.7617572,56.553696,10.913512,8.619601,741.73346
2011.6141,0.15265958,-0.45559376,0.3504178,0.36644882,1.7788537,56.465866,9.905198,8.62199,742.1969
2011.5996,-0.087927334,-0.4242344,0.34975922,0.36444008,1.2654916,56.463886,10.190755,8.619937,733.57587
2011.5942,1.055158,-0.44442528,0.3484681,0.36528277,0.34968892,56.52062,10.5526285,8.624804,738.3605
2011.6082,-0.2889674,-0.34636134,0.3487693,0.3644795,1.889177,56.514145,10.0923815,8.60484,697.96936
2011.4291,0.33660296,-0.4026897,0.34838846,0.35928786,1.3321836,56.595234,11.572965,8.597385,671.94073
2011.5706,0.027299143,-0.40368617,0.3497955,0.36058986,1.2493147,56.497616,10.061736,8.624624,709.8458
2011.61,0.092162974,-0.38511217,0.35034794,0.36666965,1.6111836,56.505573,10.633826,8.617512,739.1822
2011.5687,0.10373328,-0.43210483,0.3500279,0.36631194,1.6328708,56.458275,10.005702,8.593144,742.25323
2011.5894,-0.13435455,-0.40212452,0.34966737,0.36538187,0.94090325,56.77071,10.604636,8.621708,734.9808
2011.6119,-0.29101315,-0.42525548,0.3504441,0.36678606,1.8909017,56.469925,11.322209,8.625404,741.3412
2011.6128,-0.20634969,-0.377993,0.35039654,0.36633146,1.3693044,56.506123,10.936408,8.625438,737.2986
2011.5294,0.6218055,-0.43100703,0.3447097,0.35955238,1.3401662,56.556473,10.930427,8.619202,727.8499
2011.607,-0.34636906,-0.4470622,0.3502413,0.3665596,1.5798392,56.48132,9.905986,8.627036,741.7275
2011.5737,-0.07506787,-0.41575342,0.34986386,0.3661207,2.3710163,56.686882,11.493703,8.624268,723.00916
2011.6176,-0.2540501,-0.45906413,0.35052073,0.36681926,1.3394237,56.457954,9.8129015,8.627582,742.3815
2011.5646,0.4780304,-0.27481008,0.3381818,0.33687025,0.1046985,56.857376,11.372712,8.582372,675.2905
2011.618,0.5914251,-0.45963305,0.3505027,0.3667628,0.7162867,56.465084,10.305873,8.627601,743.2308
2011.6001,0.27784508,-0.43863314,0.35014352,0.3662369,1.4144919,56.466434,10.033006,8.620594,730.9614
2011.5836,-0.20378907,-0.32831252,0.34889257,0.36601213,0.321395,56.65879,11.068334,8.62026,740.37823
2011.6177,0.23082389,-0.4563291,0.35049477,0.36674827,1.1787224,56.464245,10.074462,8.625537,741.3684
2011.5596,-0.2656689,-0.4158528,0.34909594,0.36613548,2.0266767,56.508026,10.778222,8.554757,736.52496
2011.6045,0.6295585,-0.44786412,0.35000843,0.3640055,0.3489447,56.47491,9.795196,8.611464,692.7467
2011.5767,-0.05852052,-0.4102133,0.3480731,0.3514434,0.6220991,56.46724,10.172908,8.623086,714.8373
2011.6089,0.08805639,-0.4328556,0.35009757,0.36538935,2.0033312,56.4934,9.913178,8.626106,738.7473
2011.6089,-0.11574521,-0.44637036,0.35036358,0.36608565,1.0921156,56.458714,9.81951,8.626689,740.1419
2011.6049,0.42439723,-0.4433365,0.34794974,0.3653802,1.6653194,56.77448,11.8937025,8.617699,726.11273
2011.6139,0.9910348,-0.42106938,0.35006487,0.365377,0.44506288,56.468925,9.840026,8.624308,734.0587
2011.5939,0.61731535,-0.4308926,0.3480146,0.36628395,1.556371,56.49937,10.226193,8.615972,723.5994
2011.6129,0.48581654,-0.43629366,0.34982643,0.3648626,1.792677,56.48801,9.968602,8.618801,730.4478
2011.6116,-0.03886672,-0.4405232,0.34820247,0.36519387,1.847219,56.596867,10.678533,8.623251,727.0494
2011.5986,0.61877376,-0.37736672,0.35020778,0.36581907,1.2353677,56.558174,11.5020075,8.626064,741.0064
2011.6093,0.02938611,-0.36372256,0.34978893,0.36621776,0.30403265,56.476864,9.922597,8.6191,739.94446
2011.6053,-0.14134528,-0.41490936,0.3497979,0.36627188,1.2861197,56.492493,10.310857,8.621859,736.748
2011.6115,-0.1816624,-0.44037277,0.34920555,0.366226,1.31321,56.46128,9.864638,8.624147,732.2033
2011.6047,0.5328572,-0.45475775,0.35039043,0.36562133,0.56591636,56.4614,9.860932,8.623964,741.27026
2011.549,0.66105926,-0.43287957,0.34786507,0.36224067,0.8572187,56.486244,10.170152,8.619503,729.98285
2011.6101,0.5295093,-0.45031053,0.3502579,0.36387357,1.3342144,56.70401,10.562747,8.624591,739.4031
2011.6143,-0.32290092,-0.45708245,0.35050213,0.36618719,2.0216937,56.45919,9.911042,8.627035,723.9945
2011.5754,0.65329266,-0.4381075,0.34937537,0.365825,0.5353571,57.008835,14.699417,8.624095,734.061
2011.5972,0.49065638,-0.44573444,0.35024425,0.36641508,1.9460832,56.495197,11.028697,8.626654,741.93396
2011.5977,0.3390217,-0.31168592,0.3475976,0.3590245,0.2993158,56.63384,10.485972,8.619717,733.85425
2011.6182,0.55289596,-0.45449728,0.35048735,0.36679748,1.0871394,56.458256,9.916926,8.627415,743.2534
2011.6179,0.6014375,-0.45372498,0.35045677,0.36677873,2.4262445,56.46252,9.921931,8.627347,741.74255
2011.6067,0.01880718,-0.44400287,0.3501831,0.36268982,0.8447181,56.58972,10.163854,8.627763,737.9419
2011.6001,-0.005752943,-0.44241577,0.3497054,0.36444688,1.5934721,56.473442,10.057157,8.6270275,660.4524
2011.5525,0.18752612,-0.44109625,0.35010484,0.36465472,1.7913191,56.54837,12.934587,8.620752,738.36273
2011.6056,-0.09336194,-0.38032925,0.34963268,0.35796693,0.32001635,56.497578,10.510222,8.6247225,735.31696
2011.5485,0.2337367,-0.40301263,0.3484051,0.3641135,1.6496596,56.690315,10.8420515,8.592672,700.2716
2011.6174,-0.15855457,-0.4554466,0.35050043,0.36633477,1.9583241,56.46613,9.828021,8.62232,731.183
2011.5514,0.11959035,-0.3447442,0.34703174,0.36043987,0.91329986,56.4924,10.088607,8.586526,735.01105
2011.6123,0.28833494,-0.43307066,0.35018903,0.36304522,0.44848135,56.47587,9.997193,8.625063,734.04913
2011.5947,-0.28386095,-0.44081366,0.35024852,0.36647457,2.0919287,56.50282,10.858701,8.613994,737.9361
2011.6096,0.6007178,-0.44623107,0.35002485,0.36490142,0.68174124,56.59508,9.900931,8.620888,730.7288
2011.6057,0.74919873,-0.45732242,0.35036302,0.3665531,1.9796504,56.480694,10.2243395,8.627483,739.06036
2011.6042,0.32359895,-0.42612427,0.35044906,0.36632073,1.2215301,56.46317,10.224908,8.6239805,737.3127
2011.6082,0.49356747,-0.4265499,0.35012853,0.36592233,1.1149498,56.513054,10.127772,8.623639,737.03644
2011.5757,0.30829102,-0.4330932,0.34931472,0.36586124,1.7842418,56.609165,10.078113,8.6255455,725.1809
2011.6145,0.49259642,-0.35562557,0.3494538,0.3662927,1.9670423,56.489384,9.934901,8.627262,736.2863
2011.6069,0.58554375,-0.42124695,0.34916267,0.3631878,1.2299161,56.599705,10.160798,8.589996,720.15936
2011.5974,-0.44364157,-0.31443524,0.34902078,0.35607058,1.1804172,56.4714,10.152066,8.611397,715.9402
2011.6152,0.23378538,-0.45806795,0.3505242,0.3665954,1.0161262,56.459633,9.870515,8.626712,742.8155
2011.6174,0.046006985,-0.43540132,0.3504789,0.3666214,1.4314709,56.484123,10.099122,8.627589,740.75836
2011.6132,0.03932009,-0.43794054,0.35048476,0.365565,0.70435154,56.469265,9.914575,8.617771,740.34485
2011.6027,0.151953,-0.4502489,0.35028967,0.36385787,1.8470918,56.489445,10.20235,8.625496,736.9057
2011.6046,0.14399727,-0.42709523,0.35011476,0.3662799,1.4778724,56.59879,12.671315,8.622422,741.047
2011.6157,0.4600391,-0.45897907,0.35043955,0.3655367,1.466608,56.45896,10.022084,8.623559,742.2512
2011.598,0.060327508,-0.39962906,0.35005662,0.36310208,1.5681375,56.50016,10.013291,8.618222,704.073
2011.6155,0.8476245,-0.45376474,0.35010624,0.3664152,1.4687586,56.46451,9.801242,8.627607,740.53015
2011.5813,-0.38375255,-0.41582054,0.34996018,0.3561748,1.8073714,56.50522,10.446143,8.604308,678.18787
2011.6099,0.3486497,-0.44658923,0.35037562,0.36658585,1.3025784,56.46606,10.067283,8.627421,740.09454
2011.5991,0.31866553,-0.43054086,0.3503976,0.36649528,1.7527496,56.47846,10.3723,8.626995,742.3518
2011.6107,0.55404896,-0.43356872,0.3497718,0.36652753,1.2722495,56.49594,10.191377,8.6273575,742.0749
2011.6136,-0.0059288363,-0.44959664,0.35042262,0.36678421,1.0050449,56.45821,9.961389,8.626021,742.7889
2011.6089,0.041211642,-0.4430285,0.35022107,0.36652684,1.931577,56.472996,10.446345,8.625513,741.1273
2011.6094,0.3214576,-0.40636867,0.35026416,0.36579922,1.2725537,56.46276,9.829749,8.626597,731.9192
2011.6118,0.51924586,-0.453111,0.3501404,0.3667219,1.302929,56.46198,10.248994,8.626845,743.1832
2011.5673,0.20780998,-0.4512313,0.349902,0.36486033,1.5951892,56.477592,9.854316,8.623022,741.90814
2011.6143,0.31543466,-0.438017,0.35043794,0.36678794,1.4391618,56.530773,11.430562,8.626964,740.5038
2011.2108,0.1612484,-0.40897357,0.3457419,0.3608272,1.1237454,56.501522,10.557565,8.533619,716.41516
2011.5514,0.024700679,-0.44421375,0.35033438,0.3664816,1.8573935,56.50028,10.928624,8.61925,737.3501
2011.5547,0.32229084,-0.37063986,0.33929113,0.3598318,1.3697304,56.85943,11.994153,8.603092,729.7152
2011.6038,-0.22518958,-0.45244908,0.35042322,0.3658855,0.5618657,56.464973,9.901086,8.62357,737.99304
2011.619,0.25321254,-0.45714432,0.35049078,0.36678523,1.4487671,56.45924,9.891088,8.627693,742.8625
2011.596,0.9011793,-0.42438924,0.35023722,0.36535886,1.3217552,56.461964,10.343684,8.586027,742.91815
2011.6101,-0.47881487,-0.40181446,0.3493738,0.3642622,1.2224853,56.467777,9.91734,8.623926,735.5458
2011.6144,-0.30806372,-0.3728751,0.34957862,0.36656955,1.8584341,56.521027,10.302402,8.625968,738.05457
2011.5577,0.4787606,-0.3848319,0.34917995,0.36213517,0.7435782,56.478508,10.6694975,8.618447,738.04895
2011.5941,0.09270442,-0.3628965,0.34931993,0.36410943,1.2795473,56.671722,12.879184,8.608118,733.6924
2011.5981,0.71071,-0.42882758,0.35032755,0.36564475,1.9592166,56.484108,10.741307,8.623286,738.6035
2011.5245,0.41242725,-0.3341726,0.34655502,0.3658633,0.90340906,56.566353,10.741609,8.6146965,733.3093
2011.5977,0.45664018,-0.39765787,0.34768832,0.36404878,0.30278847,56.470245,10.00834,8.6114855,740.0164
2011.6166,0.21941438,-0.45692527,0.35051385,0.36664596,1.0306059,56.46201,9.833493,8.626883,741.7638
2011.5681,0.47872207,-0.45281053,0.34787604,0.36633283,1.7251468,56.526,10.474559,8.626963,723.9931
2011.5709,-0.3999324,-0.43703878,0.34909955,0.3667448,1.8191687,56.53207,10.96185,8.626701,731.49805
2011.5881,0.11022908,-0.4367963,0.35031292,0.3651253,1.7971492,56.46205,10.37168,8.623911,738.3232
2011.594,0.37694958,-0.43454576,0.34928274,0.3663147,1.2751579,56.512142,10.195176,8.622267,728.86975
2011.6088,-0.26124373,-0.4518265,0.35045502,0.36653742,1.5000613,56.489178,10.597877,8.626569,731.4359
2011.5803,0.25867644,-0.43388367,0.3485245,0.33400738,1.0516118,56.496895,10.253415,8.609608,734.86127
2011.5986,-0.29613665,-0.35161608,0.34738818,0.36460593,1.6441666,56.53765,10.030543,8.624032,718.75916
2011.6111,-0.18591543,-0.42867523,0.34924537,0.36652526,0.19614865,56.501476,10.616723,8.627424,740.3665
2011.6162,0.03572256,-0.459881,0.35045332,0.36681682,1.3013594,56.495037,10.037442,8.627459,742.67365
2011.6173,-0.20148636,-0.439712,0.35038602,0.36506382,1.0937872,56.54466,11.976867,8.62568,722.3331
2011.619,-0.2645441,-0.45528042,0.35050786,0.36677387,1.8147274,56.457256,9.780284,8.627505,742.7076
2011.603,-0.36905017,-0.406214,0.35026443,0.36612323,1.4387189,56.48221,10.21049,8.62705,741.03705
2011.619,-0.5030146,-0.45960212,0.3505148,0.36680686,2.055101,56.461266,10.108352,8.626836,740.9109
2011.6013,0.38738605,-0.41563487,0.34890738,0.36598963,1.477742,56.571243,11.13523,8.607046,729.22296
2011.6178,0.44267046,-0.45481586,0.35048187,0.36677566,1.9229205,56.45904,9.795421,8.623785,743.143
2011.6135,0.06260989,-0.41805255,0.3503489,0.36582938,1.3808087,56.484173,10.852042,8.627276,729.6243
2011.6155,-0.3155187,-0.45682597,0.35044128,0.36626017,2.0612345,56.460037,10.040439,8.626313,741.9121
2011.5782,0.19028714,-0.37894815,0.34661853,0.35648635,1.3570449,56.556057,10.901372,8.608584,723.7514
2011.6035,0.3564961,-0.44001323,0.35035887,0.36626756,0.96786356,56.490746,9.9362,8.62367,739.7335
2011.6171,-0.2118897,-0.44038117,0.35028177,0.36619577,1.2435278,56.46686,9.929683,8.627652,722.6682
2011.6005,-0.22364171,-0.4511553,0.3494979,0.3661955,1.4115682,56.47792,10.445468,8.621081,709.3131
2011.6061,-0.15183641,-0.43931472,0.35036007,0.36676064,1.2035258,56.460236,10.018369,8.607528,741.7237
2011.6117,0.2704731,-0.45513046,0.35042194,0.36606988,1.5397196,56.465923,10.076903,8.622918,741.1087
2011.6096,-0.31117824,-0.42954153,0.35009322,0.36137515,2.0176198,56.586155,10.610049,8.619979,702.8576
