CRIM,ZN,INDUS,CHAS,NOX,RM,AGE,DIS,RAD,TAX,PTRATIO,B,LSTAT,MEDV
-4.3148355,27.056595,17.68811,-0.13040237,0.48555994,6.9704385,73.94224,2.0253842,18.197277,240.92981,16.476969,276.35187,20.517254,13.089418
7.845471,-11.906886,18.153948,0.041187607,0.46840566,5.568961,91.74857,1.6719078,1.0544355,419.20947,20.591423,448.5045,13.107372,31.048658
-5.629713,28.501467,7.601246,-0.00084775995,0.59354025,6.2124305,97.01813,1.7218386,1.1291854,536.014,18.529049,274.95905,18.98928,19.846952
-3.716039,23.808472,14.597725,0.32451516,0.4701645,5.56911,96.83793,1.7009279,1.0678833,569.86676,20.516903,448.64874,17.960526,31.01695
-3.3865612,-12.174567,14.607901,0.29482114,0.45970482,5.5672636,94.676865,1.6700188,1.0491178,554.1304,20.726091,448.84076,13.7572155,31.074404
-5.5611105,1.6763245,17.09077,-0.18710372,0.6707617,6.9744463,91.80923,1.6713535,1.0547302,497.88126,20.729387,262.54398,19.852205,14.26943
6.469199,19.869778,18.089306,0.01617394,0.45655903,6.938905,92.620056,3.857947,18.442749,245.76373,16.67072,336.46,20.180859,12.954354
-4.7127066,4.887414,17.987638,0.3309355,0.45102775,6.052036,92.66873,2.7923594,17.096968,246.15633,16.460077,394.79205,20.44008,15.017644
-4.091073,32.253532,13.766536,0.050366502,0.48970893,6.5092506,95.62728,1.9688501,9.135752,396.0656,16.55683,323.62524,19.371605,13.982684
-0.23885074,-11.864413,17.841686,0.21400236,0.44564092,5.56961,93.71292,1.670376,1.2010763,243.08186,19.719614,448.40833,11.651549,30.906107
-5.435836,8.561372,15.543845,-0.17170133,0.53291273,6.342824,95.72709,1.7316567,1.0558317,539.6028,20.505625,263.57877,18.461353,22.78753
-5.6476183,11.297288,4.749821,-0.18269745,0.53497696,6.771201,81.77114,1.6833974,1.0515878,585.0558,20.714098,262.74545,19.326574,28.566044
-3.0055578,28.133274,18.0859,0.17819151,0.4627233,5.72092,94.26068,5.6321735,18.578897,239.89908,16.451645,436.17407,20.403316,13.606901
-4.588418,33.60121,6.537636,0.30107042,0.4691024,6.592108,91.55915,5.324919,3.5220978,584.5059,16.870342,296.16666,19.069187,17.35771
-4.958912,0.200545,17.691168,-0.12060886,0.49860722,5.592286,93.46258,1.6715118,1.0516908,535.7958,20.533583,422.15237,7.0580707,30.929434
-5.4145555,33.448547,4.617037,-0.17272398,0.6057627,6.873723,94.37989,2.5566747,1.1701629,584.7093,17.472157,262.5979,17.334475,13.374443
-2.7494962,22.150133,17.222471,0.29678166,0.45281088,5.9397674,80.3097,2.4407237,13.453693,368.3707,16.544825,416.93268,10.596186,26.410286
-4.8923635,3.5675185,16.654682,0.15130597,0.44621634,5.9718533,96.78221,2.2371478,8.8876,240.31001,16.46881,413.64136,19.375656,25.34311
-4.970294,-1.0854753,7.3475356,-0.13296598,0.62213933,6.7143326,94.86374,1.6775271,1.7122352,540.316,20.245657,263.38092,16.576077,14.633312
-5.1009874,28.642704,6.151773,-0.15134408,0.5159728,6.8966584,93.13228,3.9268184,2.915496,546.7097,18.630276,264.42303,18.764715,13.022481
-5.446233,31.289663,16.422298,0.14297478,0.46405706,6.3060956,89.43277,2.296814,2.52231,577.1077,20.355276,268.2567,19.006603,28.640081
-5.283106,0.7752921,17.615501,0.029050063,0.4526343,6.6718326,89.225945,1.6869074,4.2271113,501.70724,18.007711,340.93234,9.551155,27.717926
-5.657854,23.229935,6.368277,0.1766677,0.5218819,6.468381,93.93669,1.6736158,1.0643213,579.7639,20.570953,262.95346,17.966398,24.760416
-4.0854664,29.53174,14.692052,-0.15808456,0.50087374,6.9046454,96.12121,5.4880695,17.898762,240.10193,16.469614,263.73596,20.368221,12.937027
-3.5939047,-4.526734,18.127129,-0.12264297,0.4761724,5.694911,95.43653,1.6736823,1.1030395,279.503,20.528473,375.02698,13.293133,29.655388
8.967987,31.892942,18.195496,-0.11715972,0.4515713,6.974072,96.986855,3.9505186,18.612345,239.80946,16.479372,263.4759,20.59097,12.915235
-4.9142714,7.5064235,17.493607,-0.18699321,0.669534,6.949716,94.624916,1.6773733,1.0560272,461.77676,20.37582,262.7802,20.049675,13.393745
-5.2942343,33.40228,13.731327,-0.112176694,0.5470998,6.5692425,97.59472,4.725571,3.1567004,563.9067,16.96981,281.6168,17.939453,13.9157095
-4.1348047,2.2385442,15.743088,0.14215252,0.45730153,6.9498096,72.526085,1.9332515,5.031444,578.5566,20.174044,279.09906,20.396198,24.374979
-5.674323,33.68758,11.495017,0.2946974,0.57032275,6.6859713,92.55348,5.6956806,11.682356,585.0377,16.568903,299.46442,19.576378,24.482573
-4.1590567,31.82625,13.644824,0.17404589,0.49699944,6.7772465,96.05533,5.5148234,14.648304,560.8447,16.587563,286.7542,19.28924,17.665737
-4.3879633,33.699234,5.068112,0.3097323,0.52085924,6.94223,87.5877,5.8002963,18.193888,585.1904,16.44906,270.40103,19.93427,12.93921
-5.339901,27.35585,9.946529,0.13487622,0.46384436,6.960488,75.53159,2.7342174,11.866051,478.64615,16.739376,264.95615,19.739346,17.11639
-5.327711,33.643486,14.786121,-0.17007524,0.626302,6.9746304,92.88387,2.942091,5.889359,577.85223,17.954966,262.5263,20.544388,12.94087
-4.8083115,18.950718,18.098621,-0.14473622,0.454519,6.856659,95.955215,3.2710369,5.706942,245.00684,17.30541,291.74002,19.584486,13.126303
-1.2850724,-9.008859,15.473949,-0.027191993,0.53058136,6.5763736,74.43149,1.7060794,3.0775392,467.32278,16.758776,295.6501,20.237757,27.384277
-5.2883472,9.893821,18.12277,0.3293085,0.44561067,5.5675535,96.470314,1.7039808,1.2615573,378.49948,19.787289,449.03693,7.7105694,30.977734
-4.1220007,-6.435827,15.406899,-0.16445962,0.5454906,6.6069946,89.22032,1.6803046,1.1882341,503.17227,20.306103,265.16782,14.522608,21.956623
-5.363654,33.541183,4.6890974,0.2511029,0.50513744,5.676223,96.039345,2.2694454,2.336219,585.5907,19.246317,315.37344,10.24357,30.596914
-4.4294186,-11.7377615,18.162725,-0.007247563,0.44489264,5.5883107,96.65339,1.6706351,1.4299543,240.09712,20.271349,418.94247,17.374216,30.376566
-3.0552351,-7.0844493,18.078978,0.003474605,0.4454317,5.8797274,94.454605,1.7361623,7.172047,239.975,16.601736,446.2987,18.346483,17.459862
-4.969079,-5.4715743,8.96747,0.33094022,0.44323635,5.5672364,97.68934,1.670957,1.0490453,578.5366,20.712582,449.04306,6.8363833,31.074675
-1.4806868,-7.1220927,18.191904,0.014611551,0.4436972,6.4389534,85.257645,1.7444543,16.048233,239.83316,16.46289,447.0032,20.469835,25.784128
-4.9608316,26.769335,17.9505,-0.15044223,0.5479305,6.9545946,94.874146,2.5023477,12.963132,261.03247,16.66219,268.41513,20.014019,12.993012
-5.1038427,-8.660781,17.916853,-0.17887688,0.47434106,5.98642,94.34659,1.6818134,1.7209156,322.59915,20.591457,396.7203,19.01859,28.705757
-5.5467005,24.025805,8.242263,-0.02113058,0.52727586,6.77825,94.3118,1.7490329,1.7217262,558.5006,18.832119,266.81003,17.981678,19.53143
-5.274287,10.818111,11.457804,0.14547831,0.4755252,5.6153936,87.00738,1.701217,1.055042,577.6928,20.411047,417.94223,9.278197,30.082964
-5.1389313,-11.349643,18.171518,0.21798533,0.44471586,5.5672593,93.92023,1.6699935,1.0737674,357.50226,20.721464,449.00183,13.490937,31.06925
-5.29815,-6.0252166,14.776849,-0.09925758,0.45751476,5.652401,93.375984,1.6751801,1.0950286,474.3492,19.38238,370.24457,17.209673,30.583624
-5.590583,-5.0448565,17.549393,-0.1574271,0.49185884,6.8285065,82.60964,1.9130968,1.7194793,244.28896,17.440968,268.15897,20.351923,17.223934
-3.3028963,-11.733287,17.945704,0.00022829759,0.45192224,5.582183,96.1062,1.6708881,1.0746734,446.2291,20.673891,441.36017,12.798001,30.056715
-4.0437784,-9.355666,16.008812,-0.18363485,0.56076723,6.9655776,91.41423,1.6955775,6.899066,242.58592,16.789787,262.66696,19.694618,13.069429
-3.6228726,32.98683,17.175783,-0.00707538,0.4517593,6.9630775,96.5257,4.6236167,16.40757,257.5656,16.454153,304.57718,20.42395,12.937453
3.7822955,-10.046323,18.19843,0.30252206,0.449412,6.428726,83.37518,1.7082192,18.413355,239.78914,16.581577,448.22546,20.493027,18.814268
-5.6626387,27.826624,6.442858,-0.09052109,0.5609716,6.7771215,96.40558,2.2891629,1.5253856,581.6958,17.828749,271.77618,18.906279,17.340862
-4.6501923,14.569902,16.003641,0.2320754,0.46388146,5.730385,87.02602,4.9638762,14.0277405,280.44046,16.5297,415.47064,20.012178,19.294725
-5.530567,4.0356994,13.08411,0.28443277,0.5151495,5.861812,80.15178,1.6761569,1.1748168,574.18036,19.176233,442.57794,10.810263,30.591402
-4.892273,8.664278,17.406742,0.1208198,0.53763473,5.6037908,93.71371,1.6714798,1.2837446,486.74982,19.46917,438.17026,18.307482,30.156397
-4.8353653,27.493006,14.015383,-0.17292881,0.47704136,5.6228504,96.12941,1.692737,1.6436403,331.9297,17.555067,378.6899,18.016783,26.967232
-2.4937632,30.081291,16.596394,0.19098152,0.5622947,6.955602,67.28627,4.641726,16.656672,497.02505,16.45027,287.04782,20.53423,14.25355
-3.8527167,-11.821914,17.945118,-0.16650002,0.46201882,6.8322134,88.60139,1.6831471,1.2845085,239.81918,18.270308,305.30493,19.778116,18.719471
-5.278637,33.474876,6.949782,0.2746314,0.5782178,6.1883545,91.67538,5.435873,3.2076104,584.8375,17.599485,271.01437,19.601902,21.439585
-5.206297,32.6479,9.13839,0.2497652,0.48787954,6.8046227,96.23807,5.030613,14.369223,424.2784,16.751379,264.58203,20.357925,13.495513
-5.029788,24.80807,12.2632065,0.31638628,0.47970396,6.252067,89.9521,2.033687,5.3647475,528.4129,16.803415,360.55508,17.126745,18.150476
-3.746084,-12.092408,17.735884,-0.131551,0.4500437,5.569706,95.62835,1.6712767,1.1744564,240.89563,20.657503,448.34906,19.299728,31.05243
-5.350875,-10.947671,9.359599,0.3137514,0.45587173,5.5673265,96.30795,1.6717275,1.059222,561.60364,20.711012,448.37576,7.6344175,31.071335
-2.96644,-1.7170852,17.663027,0.31097394,0.4445148,5.575298,93.7606,1.8963641,2.5775187,517.2999,18.33271,448.94476,7.1197915,31.049694
-5.17636,4.1463766,16.78344,-0.18612558,0.5171325,6.9627748,87.54834,1.6761743,1.5923355,242.6349,17.360191,263.94754,20.501228,12.978712
-5.455204,29.287409,16.071075,0.1670372,0.5141457,5.605559,91.354774,2.2297697,3.70352,582.2123,17.909323,355.10062,16.239595,29.250563
-5.098339,33.455006,6.7655525,0.29346034,0.5237672,6.8633122,95.784615,5.7774296,6.314742,563.5573,16.565191,264.05408,20.487104,13.582439
-5.2411366,19.983309,6.365357,0.053782128,0.51728505,6.907682,71.65914,1.7973586,1.6563919,532.0761,16.786272,288.7935,14.2204895,21.652452
-5.5701294,10.617662,17.526297,-0.14872022,0.5451273,6.604681,89.98045,1.7321595,2.7378838,396.49384,16.942213,283.43637,20.447138,18.615475
-5.386054,8.268581,7.090469,0.08718574,0.49124962,6.8913326,85.560005,1.6856347,1.120961,521.9485,18.20327,267.34958,19.608326,13.926681
-5.6756725,30.907112,11.163312,-0.1707612,0.5121594,6.962745,89.47183,1.7742535,2.120991,566.7005,20.035408,262.62393,18.861006,13.549429
-5.1594515,32.734554,13.67593,0.246112,0.49577335,5.7319727,97.27417,5.2178764,12.037044,407.33136,16.716291,294.59912,20.032578,14.80812
-0.03993287,30.404474,11.806305,0.28522125,0.5022354,6.7403502,82.724556,5.7402315,18.535177,329.43747,16.45764,322.3492,19.795025,13.2441435
-1.636727,5.2298517,16.872475,-0.13468143,0.48472822,6.7306466,91.816,3.1778734,13.876047,245.5112,16.513222,280.4895,19.968708,13.014014
-5.5743055,32.616096,11.689292,-0.14062525,0.5877035,6.962859,88.302666,2.4540641,1.1275365,446.6556,16.698093,263.40552,19.863258,14.7103615
-5.043849,14.10996,17.51238,0.2782097,0.4473975,5.607703,90.83124,2.810434,7.8997493,394.6988,16.571543,440.3909,18.264174,27.06199
-5.2382812,32.716526,6.1696124,0.30950803,0.5146008,6.8246408,77.777016,2.8589873,2.8927372,583.866,17.27005,299.00125,19.15703,23.608404
-4.2471037,19.277948,17.706537,-0.048270967,0.46332234,6.671338,83.683395,3.596083,17.129763,307.76294,16.477169,339.2314,18.457052,13.583965
-4.4111795,3.892996,17.822268,0.3009085,0.4441897,5.6502957,94.013824,1.9699917,8.043691,264.5639,17.565569,447.51175,16.276896,29.876738
-4.031419,29.922976,12.302463,0.045919903,0.484121,6.960043,89.279106,2.927326,7.2778845,408.8566,16.457626,264.88492,20.012537,13.173665
0.5926436,30.487629,17.907038,0.12757611,0.47465912,5.7010584,97.16597,1.8679922,14.28576,260.90085,16.525528,412.25867,18.941431,16.210697
-0.50668824,32.71783,14.818831,0.3230862,0.45305446,6.493074,86.14642,5.7901645,18.27451,539.84033,16.499851,365.17123,20.204025,13.323581
-5.6840773,14.757792,12.59946,-0.12420758,0.488094,6.885426,81.98481,1.7016586,1.0857646,553.102,20.415688,263.10342,20.024536,29.56891
-2.7355554,-12.1848345,18.106098,-0.046786,0.44911596,5.951705,89.13996,1.6702455,1.062556,241.13162,19.059427,434.20032,17.725376,30.75149
-0.19260803,-11.6704035,18.076754,0.0013133852,0.44348875,5.7541103,96.741356,1.6707045,1.4250171,240.411,20.708784,437.70825,17.15079,31.0321
-4.5378685,28.18776,12.319008,-0.1866866,0.6462122,6.9746666,89.30888,5.3704314,6.986649,427.54517,16.648504,262.51913,20.572735,12.913457
-5.3891582,5.94744,12.433026,0.06625293,0.47578508,5.583689,96.47181,1.7116073,1.2573392,508.73404,20.724037,274.83786,20.010052,30.670263
-5.497261,28.086996,5.056377,0.27514017,0.49081674,5.7143607,80.09621,2.460034,1.3644197,582.47595,16.88415,421.04794,16.172592,29.040895
1.9485086,-8.873082,12.793603,0.32627785,0.44632518,5.5717874,91.12811,1.7310036,1.0505245,585.4242,20.69391,449.0331,14.847595,31.074268
-4.5453796,29.626518,16.540522,-0.124069475,0.56949687,6.9741807,90.29972,2.3542285,9.515468,240.3775,16.460829,262.85922,20.522467,13.017889
-5.199664,31.130482,9.137291,0.28719097,0.48696247,6.4103937,87.22479,2.9881215,1.7712724,565.1255,16.770142,284.5694,18.643847,23.069706
-3.2261941,31.289465,11.815583,0.24295467,0.4713839,6.447501,96.48212,5.174392,11.600481,552.928,16.51549,304.1292,20.148594,16.409641
-5.373104,-8.994773,17.537523,-0.18657231,0.4721796,6.541374,92.42852,1.670302,1.0629098,449.71762,20.709557,263.4713,19.559229,29.210958
-4.315795,30.288397,17.17015,-0.16804433,0.448677,6.722002,96.872955,2.0945888,10.968967,300.81265,16.506737,285.73416,19.909826,13.910928
-5.180916,33.594524,6.019919,0.32560477,0.5827488,6.0403857,97.38231,5.6639247,6.385466,585.4162,17.007292,263.4988,19.934803,15.584202
2.3133998,33.37246,15.261689,-0.13063172,0.6576067,6.9739895,88.36546,5.5996723,18.34533,440.6538,16.461628,262.58273,19.841686,12.951927
-5.290987,33.1379,5.7508125,0.3084842,0.47464275,6.954982,88.679955,4.471537,12.401548,567.77527,16.475588,294.35025,19.923185,15.751084
-4.166256,-12.080512,18.14639,0.23811992,0.4559907,5.5672784,93.1101,1.6716186,1.1803253,244.98033,20.577152,448.9959,7.833081,31.071325
-4.983901,32.543137,15.638108,0.2783662,0.4680847,5.7699194,94.62549,2.6456075,11.619515,580.1282,17.625242,296.331,20.13906,27.309855
-4.9141464,-10.847669,17.958902,0.324889,0.4440407,5.5710273,93.782814,1.6737264,1.8105476,283.5039,18.428988,448.2943,16.081738,30.904709
-3.9346826,30.247786,16.969358,0.11758815,0.48661134,6.38719,93.98846,3.6342113,18.187304,299.42435,16.502914,365.12234,19.88583,13.396291
-5.5137625,30.94355,16.241703,0.33130893,0.44446722,5.736437,93.98491,4.5706463,13.62203,318.43268,16.47121,448.54727,17.468472,24.162935
8.330384,18.795444,18.082396,0.31487364,0.4467255,6.796549,83.24247,5.034179,18.565147,269.18134,16.461447,284.01047,19.544317,15.2162075
-5.6116123,32.80568,5.6530514,0.31367406,0.5373622,5.8278847,81.113396,1.7636392,1.1983469,585.59644,19.353966,288.9508,18.694244,29.615301
-5.033805,32.546867,10.248512,0.0817219,0.6585309,6.948421,90.0739,5.309358,2.4694593,578.8407,16.494606,264.30948,20.33545,13.247739
-5.2077904,-10.639207,13.122204,0.052913215,0.452551,5.669832,93.53205,1.6700729,1.0503356,561.99097,20.731886,433.27185,8.828861,31.07332
-4.54002,-10.66701,17.904644,0.27722076,0.44428867,5.5685925,96.741615,1.6737629,1.2844799,250.20511,20.620707,448.75824,13.519355,31.053246
-5.565671,31.277554,10.213172,0.007013817,0.51203644,5.60164,91.10331,3.2357805,3.008271,581.0185,20.249626,305.511,19.353144,25.054201
-2.6157506,22.659285,15.040082,0.24162513,0.507378,6.2547617,89.8194,2.5912597,1.4492776,353.072,16.498972,384.41837,18.073647,26.0107
-4.6085815,-1.2168058,17.734877,-0.13931526,0.45371538,6.6605673,97.060684,2.0390935,4.7018557,239.87102,16.465446,379.13693,20.547426,13.122824
-2.0926063,33.07693,12.296013,0.086848795,0.5469553,6.951022,91.61993,5.64039,17.507193,570.49866,16.475584,263.72308,20.567442,13.299374
-5.501561,33.26744,10.76388,0.12929098,0.5186478,6.1745114,90.250084,5.783244,17.014578,573.0214,17.370804,269.09955,18.991686,15.746757
-4.970666,20.370665,17.872162,0.26228902,0.44720525,6.6311903,96.19834,1.6978143,15.558732,241.07751,16.502651,305.2749,20.084938,24.3444
-4.847206,30.845333,15.806332,0.04611931,0.45516294,6.2351036,95.15598,5.6964655,17.908691,290.92145,16.484734,301.43857,20.11,14.737077
-5.1822176,29.896729,11.93761,0.20082946,0.58107513,6.9461966,77.27499,5.5293303,14.860986,565.11163,16.515697,264.97015,19.8857,13.211777
-5.6989098,28.47991,6.7811823,0.30983064,0.44726214,5.5849566,97.794106,2.0873482,2.5932257,371.8588,16.646025,362.49033,19.812561,28.794832
-3.7922456,33.71298,9.2492285,0.26920775,0.5859457,6.948614,97.293594,5.794023,18.49787,585.03754,16.552122,262.8959,20.425125,13.003891
-5.1205034,5.0075173,15.428135,0.18604676,0.45443523,6.533776,87.98227,2.4440517,7.567899,501.37326,17.681936,372.14188,18.482168,20.32907
-5.581892,24.81381,9.792049,-0.17473856,0.5237234,6.4705606,89.945435,2.370037,1.68097,517.01404,17.112524,266.19684,16.899439,15.907316
-5.0432835,28.545195,13.711606,-0.18373093,0.5763776,6.973653,93.55947,3.8467076,16.50247,273.1674,16.535763,262.60733,20.430202,12.938132
-5.158331,-11.409064,15.422763,0.2110659,0.5149829,5.674619,52.61172,1.6699935,1.0492818,582.99786,20.728825,403.3962,19.071405,31.067774
-5.5225735,20.918205,14.680166,-0.13377324,0.5583241,6.442165,91.876785,1.6760322,1.2453859,562.71564,19.234411,263.81232,18.663372,17.318373
-0.33500496,-3.2141297,17.681736,0.033853743,0.5080664,6.715253,87.946686,2.1477952,6.3535814,278.14313,16.718431,272.6234,20.438368,14.480575
-4.759017,33.694168,5.006549,0.09544401,0.64314884,6.754438,62.31028,4.9449024,15.410964,585.6014,16.535416,264.0278,19.342245,14.433109
-5.124831,-11.615415,16.253326,0.32284403,0.44613674,5.5673504,96.45318,1.7209517,1.0636594,246.8757,20.646048,449.04358,6.14495,31.07219
-5.3362007,33.264973,7.5374103,0.17607914,0.4509695,6.969787,82.72693,2.1292968,1.4372146,548.7338,16.515366,266.86743,19.183407,19.403395
-4.1953306,4.9563613,17.387482,-0.1633013,0.46287253,5.903557,92.24527,1.6948303,1.3643167,244.04616,18.184523,348.42862,19.06933,29.067816
-4.0605574,25.766708,6.6910515,0.3109417,0.48320106,5.744459,87.04367,4.5247083,16.849216,462.7428,16.497852,409.78165,18.462,25.811794
-5.4916983,32.004715,9.585809,-0.16659968,0.52323633,6.953732,97.512665,2.6190667,4.914965,252.94217,16.467493,264.49234,20.499636,12.937427
-5.314767,-9.520572,17.776669,-0.16157271,0.5617274,6.7028184,89.92884,1.6708871,1.0761716,257.98505,20.617817,265.08405,20.328375,18.895536
-5.4102554,33.18223,16.622522,-0.009200382,0.5815599,6.961921,96.66454,5.5629234,9.942417,554.2642,16.595001,263.21756,19.88077,12.921734
-1.4034368,-11.176414,17.144678,-0.1428198,0.44379327,5.713015,97.36744,1.6777567,2.9456527,239.79982,16.504107,439.01636,20.288391,28.34611
-2.0024893,33.2198,13.376203,0.2671089,0.49113077,6.2807064,91.36908,5.6734114,14.6380205,578.4434,18.013315,268.93927,14.397912,13.726557
-2.0479462,0.9277112,17.913057,-0.15341571,0.47918326,6.4774537,89.63478,2.0536764,2.35018,389.6283,17.124723,273.51172,19.938208,13.043478
-5.236599,33.42162,17.399632,0.0967992,0.48030886,6.9447336,89.593056,5.5923295,17.938677,261.67468,16.451668,323.24167,20.280592,12.999874
-5.259036,17.509432,13.817838,-0.10509669,0.4909331,5.769654,94.22916,1.6735317,1.0869415,562.3268,19.280178,332.5006,18.656351,30.292135
-5.5374947,20.930351,13.160928,-0.14756727,0.4739148,6.5256066,97.31776,2.1737938,5.463662,283.47195,17.294655,284.58853,20.257526,13.295553
-5.1266575,29.909018,17.91998,-0.0042082625,0.49038252,6.96428,88.26808,3.2367775,10.674403,263.53854,16.546335,266.15775,20.543325,13.587239
-4.991005,27.362158,15.759835,-0.1864661,0.5483935,6.974027,96.71814,2.3797693,1.8578975,249.35231,16.478485,262.8513,20.39985,12.937949
-5.2978735,33.636646,14.256098,0.33235052,0.45333776,5.573253,96.28735,5.8045774,18.6002,510.23322,16.470816,444.46405,17.889292,28.50361
-3.845775,32.31704,8.740008,-0.07729108,0.58987176,6.9710135,66.81612,2.459768,3.2517793,580.9812,16.597113,263.67603,18.544098,12.960563
-3.6949975,24.530949,17.959698,0.08647249,0.45757613,6.973026,90.77081,5.161332,18.558834,239.92458,16.449154,303.28503,20.590506,12.913795
-5.231909,16.178667,16.642067,-0.093995176,0.5809534,6.974394,89.72856,3.818133,11.208038,285.03766,16.511457,262.61523,20.500574,12.91589
-3.566748,9.020125,17.86003,-0.07488499,0.45378438,6.878657,85.49912,3.2036185,18.330067,275.22556,17.243036,264.57715,20.563913,14.594962
-3.1169784,-7.9791064,17.45955,0.17278372,0.4488368,5.635432,97.131096,1.7696193,1.4728534,315.6408,19.883736,441.5918,13.223271,29.295992
-5.3144407,-6.3993964,18.083832,0.28214347,0.5121019,5.912084,68.23727,1.7008609,14.294324,239.91467,16.468355,433.76358,18.84916,23.855667
-5.4312925,27.526619,10.179867,0.3324632,0.45801434,5.6430087,85.79323,2.9725976,2.7181962,583.5903,17.675688,446.8193,12.593287,30.824217
-5.2112255,22.364147,14.689588,0.3291974,0.44334054,5.5676603,97.56976,2.3948581,1.9420655,578.495,19.299166,448.6277,16.792927,31.067192
-5.4666166,10.2419195,7.130615,0.21077503,0.52872944,6.0038223,89.69167,1.9729152,1.2025487,560.32513,20.663246,294.6831,10.015405,27.960403
-3.1502144,11.176881,17.151815,-0.18585041,0.488539,6.959124,96.0292,1.710419,3.0374148,252.90083,18.056526,262.5775,20.352621,13.926665
-5.5424423,0.9186904,15.393531,-0.10920677,0.51875156,6.3338685,93.79533,1.6754946,1.1809309,569.5722,20.263727,283.50403,17.979172,29.230005
-4.792078,16.89692,17.911411,-0.17703465,0.47523096,6.9726562,93.41855,1.9138317,13.254983,240.0428,16.452635,264.81418,20.501225,12.924485
-5.06999,33.672134,9.936016,0.32450265,0.48980814,5.859033,97.22569,5.733595,13.578924,542.83276,16.466787,387.53625,18.953186,15.0138235
-4.877823,19.098148,12.003092,0.043574736,0.44968027,6.0538573,88.8899,2.036112,4.0949745,432.44888,16.959045,356.88568,19.158606,19.739712
-2.5909479,23.724632,17.849451,0.07955486,0.48745447,6.9740434,68.482765,1.8639982,18.440405,256.5807,16.522833,263.58026,20.54666,12.939587
-4.96377,20.889666,15.62649,-0.18138719,0.5510638,6.968276,89.8711,2.904778,11.720777,240.12726,16.452122,268.51083,20.195948,13.433344
-4.5320168,33.140633,13.549346,0.21452299,0.47463268,6.963515,89.42495,5.302874,17.78098,397.83044,16.45874,264.77917,20.03543,12.999999
-3.2410924,24.854923,17.841595,0.0990565,0.4523834,5.9009776,94.501656,3.2185555,11.410028,240.50041,16.501213,434.0414,20.299408,15.038748
-3.8093092,29.364153,8.375486,-0.09868064,0.5124914,6.955529,77.3014,3.072402,2.0450428,577.8982,16.804132,263.46292,16.91841,13.503308
-4.40726,17.098116,17.514685,-0.08959053,0.50381064,6.9736695,73.25089,3.131521,15.908673,249.21106,16.462742,263.25348,20.516273,12.938056
2.5205586,10.652877,18.115875,0.2634732,0.45758533,5.8923583,65.51339,1.7469742,2.8544443,302.9914,16.598778,441.87796,17.436148,23.16517
-5.1016073,32.264458,12.805784,0.33304524,0.44466665,5.567789,97.53048,3.8996599,5.2009583,583.33484,16.729736,448.88458,13.720885,31.016256
-5.0912447,23.655634,11.643438,0.3093913,0.577196,6.551775,79.54264,4.7403464,18.35346,380.46304,16.60415,377.10095,17.935043,14.452905
-4.1230135,30.036888,16.675245,0.26722622,0.4602529,5.767,96.715706,5.593158,18.069649,256.09314,16.503412,343.53693,20.275333,13.528481
-4.9357014,33.00578,14.50666,-0.14428014,0.50649524,6.974542,96.734955,5.72566,18.001318,361.0992,16.492773,262.52814,20.569511,12.912298
-4.7686415,32.763752,7.0157094,-0.14052272,0.58964723,6.9700165,96.05468,4.3609614,9.94967,584.76355,16.499697,262.5504,19.45699,12.969216
-1.7305719,18.809734,8.188631,0.051385667,0.5548843,6.971728,70.8055,3.1477685,4.383912,511.13934,18.298002,262.88092,19.058624,12.958989
-3.9146307,1.4319607,16.163424,0.21983717,0.46561968,5.5708814,97.275566,1.6970254,1.1128643,511.40057,19.636713,444.00583,13.964944,30.64711
-5.0746803,21.212744,9.491474,0.33128682,0.44789848,5.5673437,95.98454,1.8629881,1.125673,580.1348,20.70577,448.60944,7.7010927,31.074497
1.504006,29.433819,17.695967,0.29388463,0.4655404,6.1220913,90.686935,5.019379,18.462494,253.40529,16.514233,430.17468,18.868046,13.676597
-4.725849,-9.814635,16.470654,0.15234883,0.46320987,5.5705647,88.351875,1.6914269,1.2335546,516.6224,20.594774,441.68527,17.159645,31.002459
-5.222705,33.5943,10.450702,0.016005293,0.60790235,6.8944783,92.1942,5.743622,16.421888,585.58545,16.474932,263.52747,20.55758,13.076311
-4.9470196,30.92898,5.892962,-0.046101753,0.51081824,6.607641,67.94293,3.92223,1.715102,584.30695,17.03244,264.32956,19.863615,13.289991
-4.2571077,2.2447536,7.8295918,-0.15074086,0.5790959,6.4643974,97.23821,3.573312,1.1730897,280.81244,19.368725,265.76108,19.736685,16.77767
-4.829732,-10.5598345,18.175055,-0.0897261,0.44666016,6.5169935,70.80571,1.7010714,2.9389398,240.49081,16.81492,403.79144,19.02583,25.152676
-5.0533953,26.401737,17.635067,0.14416519,0.4457769,5.73475,97.569954,1.7402661,11.927539,260.95236,17.266953,400.4049,20.257967,27.771753
-5.341281,33.268166,14.236559,0.18834747,0.47950432,6.971751,97.2379,4.047584,7.671367,288.27078,16.451344,267.60077,20.397108,13.025225
-3.6693423,-5.4216895,17.362192,-0.1809479,0.48215067,6.6292896,94.37658,1.9041137,1.5354955,304.95798,17.586096,288.1047,20.368477,13.450357
-2.4669278,32.34653,8.520201,-0.16781318,0.5151453,6.9722037,92.75542,5.7431364,17.839096,543.0867,16.463705,262.5736,20.084637,12.971903
-5.5075617,-0.48633033,12.535127,-0.01921736,0.4696596,5.571182,95.28397,1.6710109,1.0635355,554.96094,20.273695,446.13855,14.975723,30.981195
-5.0485315,24.953072,16.734749,-0.17767307,0.46194947,6.9027214,92.7083,1.6805671,1.1385734,550.0758,20.647457,269.53033,18.130625,15.9826145
-3.5126112,-11.226016,17.955402,-0.18096331,0.47509703,5.6103997,97.14808,1.6707901,1.0530431,269.28503,20.62598,439.63397,17.8035,26.730917
-4.741132,17.255024,14.783582,-0.183932,0.6177822,6.961021,95.4075,1.7466031,1.2646091,435.84488,17.20817,263.3092,20.430029,13.094651
-5.5209885,32.137386,5.8953547,-0.11800293,0.64216983,6.9011836,93.61751,2.7985215,15.826659,584.46295,16.611944,262.64008,20.128109,12.967267
-3.6848161,32.86671,17.959358,0.28232527,0.5128983,5.9267173,86.024,5.76482,18.421732,573.3671,16.677298,363.09247,19.6215,14.325771
-3.2008803,7.8258343,9.930517,-0.18707159,0.47677183,6.965937,96.70532,1.7950975,1.1817205,241.2849,17.793621,263.18738,19.82775,14.681618
-4.732299,-11.428596,13.769419,0.3071263,0.4472107,5.567626,95.96898,1.7737224,1.7017963,335.01514,19.991539,448.39413,13.8493395,29.954826
-3.4880002,-9.278504,14.201257,-0.17562488,0.5018274,5.6859083,94.11373,1.7198447,1.075959,399.98428,19.226484,344.32935,20.076685,14.174164
-5.1800814,33.24211,12.93203,0.23746316,0.47511768,5.6165476,94.97744,2.0415564,4.9322996,581.75793,17.96792,370.63724,16.044424,27.334517
-3.9064052,-8.6981325,18.180891,0.2442266,0.4432593,5.5730786,97.6261,1.8618677,7.7077928,239.81674,16.600643,447.95227,19.667969,23.827831
-2.4752514,5.5506935,17.766617,-0.17976058,0.47867942,6.734552,96.30868,1.6864978,9.162947,243.81448,16.503342,288.062,19.93975,13.626086
-5.236926,17.606436,17.087748,-0.08907639,0.49610868,6.964834,96.93138,1.6942564,1.330591,244.68648,16.909143,265.49762,20.29622,13.3889885
-5.6079836,30.6107,16.06469,0.32582146,0.4430961,5.65388,92.87537,2.371425,6.649798,539.1563,16.508152,434.21313,15.0627775,30.500935
-4.345029,-5.8637633,18.035828,-0.06753955,0.45070183,6.8681726,95.30204,1.6760026,1.5430877,402.56937,20.422781,262.84924,20.495907,16.241646
-4.561737,22.191734,11.406372,0.32166946,0.45131013,6.243225,93.44848,2.9589646,3.7574346,251.40256,16.482525,442.95172,19.384714,14.789335
-4.828768,33.463226,9.252844,0.2439115,0.6175445,6.9606805,64.84913,5.6494565,18.3678,565.0929,16.47928,264.58115,19.658976,13.117934
-2.4804585,-8.172111,17.782568,0.095524736,0.44353294,5.6675525,96.66278,1.8674505,4.262707,253.68643,18.342117,364.04376,19.683586,17.275446
-4.205431,9.52645,9.988794,0.29536098,0.45400286,5.5918446,95.24047,1.6735915,1.0816495,494.6449,18.581423,409.3419,6.753843,31.028566
-3.885156,31.107534,17.0059,0.32610676,0.44804758,5.6961617,96.71953,5.083107,16.351036,528.0499,16.505583,444.0693,19.646997,18.66124
-2.290674,19.70612,15.926821,0.25605184,0.48391122,5.6192436,94.50756,2.777159,12.339045,320.86224,19.01846,404.56924,16.155788,28.372389
-4.8684874,-11.463363,17.373823,-0.1063498,0.5421342,5.5716205,92.28868,1.6699117,1.0543735,574.95996,20.733473,439.89087,19.334724,31.073444
-1.3618466,9.620783,17.905342,-0.10894974,0.45001626,6.408256,90.595894,2.6036673,12.075598,251.66026,16.519215,353.7556,19.69882,15.572317
-4.768341,-11.928548,16.608208,0.06646892,0.44536078,5.5874457,92.67238,1.6878461,1.4658897,254.67627,17.891533,429.44714,20.262863,30.756355
-4.059618,33.372402,7.4140134,-0.16450675,0.67091286,6.974721,72.96174,5.7957563,15.254097,583.3093,16.57817,262.5188,20.236622,12.912262
-5.3495083,-0.2691291,14.8123665,-0.11297362,0.46532816,6.342029,97.37641,1.7294537,1.0715177,240.9323,18.749727,275.77036,15.021472,17.989603
-5.3803062,13.353938,16.50199,-0.11447448,0.4580501,6.607393,92.500084,1.6770984,2.6673214,316.94104,19.367887,263.44003,18.627758,16.69538
-5.536956,28.253227,17.411364,-0.16614349,0.5263304,6.958801,93.37033,1.7958277,5.065505,335.87427,16.586664,264.93195,20.187054,14.041503
-4.6421785,33.28482,17.120792,-0.18012783,0.48974174,6.9723516,97.45464,5.670007,15.8293,309.22717,16.4678,263.49783,20.176598,12.918429
-4.964939,0.43142575,17.05493,-0.091920845,0.45193318,6.034465,87.48569,1.7055343,1.182553,269.2391,19.733719,291.8106,20.393091,29.071524
-4.813282,-11.939275,18.188778,-0.1867939,0.45171666,5.65125,97.05312,1.67025,1.0588024,239.81241,20.721228,370.75638,20.438942,22.852684
-4.997221,33.714077,4.742179,0.29158756,0.58943784,6.7559204,77.5643,5.7792325,16.219164,585.4127,16.66813,283.03845,17.456856,13.63486
-4.778493,28.545485,14.470757,-0.009594495,0.5336465,5.6130557,92.01334,1.6824957,1.0631015,585.36633,20.687351,441.61285,10.721742,31.004282
-4.4394197,9.708099,9.898503,-0.15853892,0.51227915,6.907398,67.94225,1.8620385,1.691778,361.2936,16.946388,272.5018,12.594166,27.638311
-2.5036108,32.64776,7.860927,-0.078761406,0.641107,6.9747367,51.566326,5.6684628,17.637127,582.70184,16.501957,262.52014,20.377373,12.9146
7.918125,-10.370381,16.271463,-0.18189958,0.4467746,6.9738975,64.980286,3.0761359,15.036684,239.86044,16.45415,265.97003,20.578947,12.919587
-5.413576,33.389942,16.087063,0.016912192,0.51490563,6.940594,78.59392,5.67316,17.812813,413.37766,16.456615,266.07498,20.058468,12.965679
-5.3445168,19.747337,11.5181,-0.17176287,0.5145152,6.9735675,82.199036,3.0622458,9.467734,323.2208,16.657465,262.68628,20.545433,13.03348
-5.382065,-2.4353697,16.814253,-0.050866332,0.45347986,5.6280847,95.00857,1.6882159,1.0855949,437.35376,19.811346,334.30682,14.901109,27.223345
-2.0850923,0.6525342,16.008785,-0.087939166,0.45073128,5.697085,93.30293,1.6774338,1.0597074,564.31793,20.581049,412.2541,10.112574,30.520643
-4.852724,1.5615212,17.839453,0.29683283,0.45103145,5.57271,91.56658,2.0897372,2.2695777,363.688,17.52098,448.51706,18.380327,20.296906
-4.9267187,-11.502442,16.219988,-0.17841569,0.48442942,5.7478247,95.63036,1.6879307,1.0673625,249.55194,17.842476,410.5822,19.3847,25.387798
-3.9959185,27.550346,8.152853,0.044627354,0.5438817,5.687221,91.91719,2.1589322,1.3758171,515.3931,16.793053,403.76785,11.103053,28.408682
-3.4671962,-2.636718,18.06071,-0.04818229,0.47809207,5.6708274,90.870514,1.705455,4.7354574,240.61873,16.62653,437.26923,20.167372,16.50538
0.69442093,-12.094752,18.15902,-0.09782117,0.44995067,5.571246,97.57938,1.670062,1.2359235,243.04306,20.726044,442.59174,8.651342,31.065933
-4.859868,18.441048,16.200497,0.25968593,0.4579737,6.354595,70.89284,1.6798781,1.7946231,486.61823,20.074934,422.048,17.248089,26.619184
-4.6574354,-0.41222697,18.041517,-0.18668166,0.44730476,6.9732337,97.31165,1.6845983,5.497676,239.81987,16.694742,264.84274,20.579332,13.835235
-4.128211,30.717329,17.093958,0.20678669,0.45645747,5.609998,97.75097,1.8965727,1.2306583,357.03537,16.57252,448.42276,8.25241,24.083574
-4.293849,32.69562,9.717252,-0.021377388,0.61853516,6.8489094,82.64222,5.58761,18.33979,584.24194,17.073584,264.15875,19.428286,13.491897
-5.1006765,29.51571,14.041269,0.078893274,0.5154301,6.658127,82.38129,2.425433,9.956729,557.86975,17.044115,266.8823,19.88273,16.364384
-5.386592,31.102547,6.9673514,-0.1065797,0.4758714,5.681693,91.79501,4.0809207,1.1719491,579.16156,20.00056,278.59216,19.315266,21.158796
-3.9892352,28.737986,14.955176,-0.16821198,0.4562157,5.672764,97.63819,1.6824044,1.089092,244.91765,19.920519,316.18192,19.96998,30.578949
-1.4283077,-4.923573,17.875063,0.2801865,0.45179862,5.567944,96.56498,5.4925013,10.328928,240.71031,20.625038,448.349,18.391018,29.192581
2.1003327,-12.1621275,17.705442,-0.1856196,0.4936334,6.7638955,96.945,1.6700367,1.0513942,246.97102,20.690668,272.62228,10.385446,29.617329
-2.258858,16.621235,15.581339,0.2067447,0.46262577,6.5105515,73.38936,4.9251547,18.263643,495.12094,16.517021,306.36942,19.350216,14.124769
-4.002631,-9.621339,9.472479,-0.13869208,0.5239129,6.9530735,89.09416,1.6708614,2.8391936,293.351,20.231936,268.24896,19.677355,30.094198
-5.562771,-9.905541,6.4390516,0.13563552,0.4448984,5.6629887,96.43157,1.6720828,1.0510547,559.4121,20.631008,388.5737,15.978427,30.975727
-4.5854597,26.480806,8.81868,0.009335649,0.4534949,6.740401,95.98932,1.9199164,2.5359852,504.0534,16.894205,268.262,19.2526,14.186241
-5.2978115,32.790848,16.96838,0.044844877,0.52736795,5.994546,97.56849,5.523245,9.518958,577.15924,16.867844,310.0749,20.428469,13.429143
-5.317891,33.601856,9.721613,0.31194678,0.46421203,6.7380276,93.980095,5.407053,15.544027,578.6723,16.504084,350.28915,19.872993,13.405274
-5.6134977,24.562077,7.5871277,0.3321247,0.45215464,5.567266,96.344894,1.6709565,1.0653379,585.1062,20.32985,448.99063,7.8847814,31.074392
-5.528242,33.223175,16.85718,-0.13819905,0.5149894,6.712323,71.48614,2.562259,4.5487294,518.94806,16.615005,284.0959,18.260094,13.299306
-4.932603,-1.9255527,15.744797,-0.18651754,0.47764927,6.974547,96.33807,1.9144267,4.8225374,349.97394,19.501314,262.5384,20.516348,13.191851
-5.106331,26.170547,11.537629,-0.03373504,0.5244026,6.2222967,97.50726,2.5328696,2.3767984,585.2754,20.08065,281.85168,19.989182,13.612178
-4.4115686,33.647835,12.54701,0.16886888,0.47670373,6.950296,95.24328,5.5601473,11.08611,528.77936,16.488213,270.23914,18.926605,13.522113
-4.8679914,33.63632,9.551278,0.2251395,0.5954938,6.9696083,65.16703,5.752351,18.469229,577.3867,16.447954,263.98715,20.37679,13.147247
-4.95802,-5.8365893,17.977524,0.19377838,0.49154893,5.925228,92.798706,2.337571,2.069545,376.98328,18.263659,393.43198,19.37812,25.284332
-5.255375,-8.829841,10.1966305,0.30958515,0.46889028,6.743823,65.39498,1.9504699,5.640462,502.9701,17.54725,314.29254,16.59399,21.858644
-1.0224329,27.913172,17.65508,0.33188638,0.44540164,5.639946,95.58531,4.8005524,18.10356,467.48862,16.530958,446.91266,14.969867,25.412271
-3.1381757,28.408937,13.72497,0.16633026,0.47887376,6.9730077,93.85007,4.9747787,4.229196,437.51526,16.711617,262.54807,20.084438,12.979485
-4.326565,23.3251,11.722042,-0.101543,0.46048132,6.964314,95.29483,2.3676836,11.827678,410.4169,16.548304,263.54425,20.378223,13.15364
-3.8250535,22.943361,11.952489,-0.18055856,0.54219353,6.9731607,93.48741,1.814485,2.2415369,248.92593,16.981281,262.91705,20.50604,13.00099
-4.5477514,15.71675,11.607687,0.16004041,0.45410883,5.610839,76.743454,1.6838204,1.1255128,582.7085,19.66253,342.017,16.5965,30.028702
-2.760205,15.568176,17.23636,0.12019582,0.443915,6.8038135,94.39576,3.1237948,16.763433,239.82951,16.560526,407.55118,20.502043,13.671526
-5.271282,6.7659135,4.9161286,0.18523034,0.53049725,6.149715,95.06409,1.7145673,1.2070625,584.3032,20.701519,271.07278,19.453936,26.11919
-4.2434273,33.69216,4.656811,-0.1374935,0.6401578,6.974481,89.8082,5.795683,12.254939,583.597,16.44987,262.52383,20.395819,12.912639
-1.2763268,0.85036343,17.692059,-0.10303243,0.4641156,6.528518,92.93038,5.05636,16.402382,486.54648,16.586184,278.26285,20.427162,13.016026
-4.5361032,23.949276,11.665601,-0.18075234,0.6426035,6.974228,65.76714,5.442385,1.2910516,568.09045,16.945885,263.99237,12.1027355,12.935701
-4.5579824,-11.397471,18.186632,-0.028625038,0.46537465,5.6478305,90.549416,1.6866432,1.1921232,263.25458,20.432735,330.89456,20.263592,29.533903
-5.214736,21.218042,13.375902,0.24327074,0.46851477,6.2097583,94.47167,3.011566,4.7753778,323.0758,16.620739,402.25964,17.822708,19.569654
-5.4067564,31.214838,4.5878716,-0.16974156,0.65961885,6.9745874,83.14539,3.9391875,1.5308311,583.24585,16.528547,262.52524,19.24546,12.920665
-1.8410536,21.26655,15.58707,-0.09442405,0.46792713,6.9648347,83.94988,1.8647307,13.456018,243.32512,16.49765,262.88763,20.019514,13.638999
-4.372944,-11.581389,18.077448,0.31896034,0.4458496,5.5672693,95.69047,1.6854922,1.9987781,242.92403,20.639536,449.03537,7.587042,31.070528
-4.7931824,10.873126,16.446255,-0.18276408,0.47956195,6.9730096,87.19158,5.241999,15.25159,289.0283,17.152,263.0208,20.314405,12.985875
-2.8940742,26.655436,18.07915,-0.13597022,0.52128005,6.9702277,83.75287,4.7398963,18.590517,245.52034,16.4581,264.28403,20.565134,12.962446
-4.9004498,15.00726,18.021416,-0.1268744,0.46635383,6.300666,93.247246,1.6859728,2.638768,283.64764,16.651419,365.554,17.800274,23.88924
-5.2590227,17.380936,9.856335,-0.11703009,0.5651488,5.645562,96.14268,1.9826821,1.3156965,488.83786,17.775734,412.01868,18.081839,17.49827
-5.4072676,-5.449249,16.083626,0.22394313,0.44510806,5.681586,94.95081,1.7341336,1.1332614,245.16788,20.323648,420.9171,20.242708,30.278044
-4.5665007,7.2139816,13.267539,0.19523247,0.44711766,6.0941744,97.83271,2.8829155,2.7660396,240.88263,16.706575,328.09885,19.655663,14.08799
-3.1698253,-12.013827,17.296509,-0.13273306,0.44758102,5.5690937,96.70782,1.6699566,1.0494297,296.73413,20.733408,433.4202,20.389809,31.073746
-5.047761,30.42668,14.918202,-0.048730563,0.45112044,6.885085,85.81257,2.7603846,5.617786,330.6096,17.228512,272.98163,20.402714,13.241379
-3.252828,-8.245969,17.84748,-0.07692269,0.4504606,6.7254124,93.242386,1.7186836,11.662753,246.56363,16.870161,359.2632,20.027605,14.791005
4.320549,-11.980851,18.189394,-0.16604017,0.44341645,6.459056,91.947914,1.6728414,5.095062,239.80339,17.307295,431.0458,16.472485,14.8674965
-5.6118097,1.8059593,7.8959584,-0.15113226,0.597487,6.9587827,89.34733,1.6832069,1.0994747,361.31454,18.59634,262.922,18.170235,16.887657
-4.235012,32.876446,13.159862,-0.17144592,0.53866553,6.9649863,94.10755,2.327734,3.4481065,328.22104,16.562035,262.83838,20.439854,13.227191
-4.0842094,11.145042,15.116236,-0.1479626,0.4532692,6.6612825,95.25724,1.7017766,3.340237,256.30194,17.847872,268.5493,20.254745,15.827871
-5.4009285,30.323141,12.989136,0.164589,0.45285514,6.2047133,92.40239,1.8706018,2.6512487,544.6247,16.677246,416.42096,18.127302,23.554367
-0.6889459,-11.85447,17.98024,-0.16499254,0.45290953,6.329498,89.42582,1.6709877,1.1123388,241.54445,18.443895,323.44754,18.486464,19.300026
-5.486973,32.5386,16.549131,0.2953944,0.44711867,5.744646,95.891785,2.5153449,6.8288207,542.7077,16.741848,391.71008,16.831785,27.531641
-5.549675,32.84257,9.725072,0.036813375,0.50588864,6.9072895,92.577995,3.8251967,7.4312835,480.1281,16.562763,266.5712,20.389366,15.789046
3.9322662,-11.728328,18.18765,0.27429888,0.44599608,5.56893,83.78339,1.6727158,2.5273502,240.21951,19.132086,449.01392,13.358148,31.003952
-5.522993,-1.1754965,13.88405,0.3313331,0.44672775,5.5679436,97.19984,1.7088705,1.6879928,286.83774,20.651684,446.7647,19.654957,31.071129
-4.5536127,33.68765,5.078289,-0.17417215,0.5964176,6.973386,97.222755,5.7636113,17.56673,554.948,16.450123,262.61078,20.266596,12.959273
-5.155138,33.28212,8.274936,0.25933674,0.48055926,6.886251,92.481415,5.7325416,13.208917,556.27734,16.649784,267.55643,20.10569,12.985466
-1.7965633,31.86027,13.721361,-0.08343915,0.5373138,6.916706,87.37442,3.4397774,12.840349,442.25604,16.748402,280.27542,20.38829,14.003287
-4.2727966,20.52584,16.510384,0.3254693,0.45047596,5.6000924,94.52774,2.6165113,2.4135783,556.1741,16.834318,447.95013,16.431332,26.03503
-5.0012226,0.7237336,14.970049,-0.18060511,0.5370903,6.973164,70.00653,1.7914273,1.4826667,534.33746,20.346958,262.52396,20.52331,14.143969
-4.619384,33.281635,4.945049,0.25327286,0.5401828,6.7481685,93.04004,3.883235,5.3410287,578.02185,16.463726,268.9965,13.466187,16.61944
-5.394844,-11.402305,15.996153,-0.03075805,0.5065468,6.370355,78.15297,1.6701053,1.0509489,545.26764,19.730642,389.7784,14.396413,31.046408
-5.5641804,22.376577,17.763905,0.07930147,0.58018726,6.6167207,96.57769,1.7143322,1.1052063,492.20773,17.981876,270.1889,17.31445,17.999386
-1.8898913,-10.895528,17.230808,-0.18093476,0.50984395,6.88364,82.99514,1.6728383,1.0577466,395.42413,20.618803,301.7484,16.292534,30.527256
-4.8303537,28.385008,11.564304,-0.15081248,0.6390683,6.9633145,68.23583,3.2408845,1.117379,585.2344,18.87897,262.71225,19.254528,13.90042
-5.3454857,30.416773,10.154355,0.07684345,0.49431372,6.966683,78.69167,4.96955,10.078219,531.01447,16.463964,264.5256,20.170387,12.983962
2.321175,-10.789018,17.66886,0.07566237,0.45609686,5.6126223,92.53649,1.6878959,1.4056432,299.76776,20.647865,447.85156,13.043182,28.495487
-3.0903227,3.4535081,17.450638,-0.18290046,0.4659922,6.959484,83.64213,1.7487286,6.081904,284.2925,20.45092,262.9533,20.069363,14.466441
-4.8831224,33.512623,4.80068,0.27976087,0.6595329,6.8028097,89.656334,4.0892844,2.4804976,584.3333,17.180016,276.6096,19.043541,16.193068
-5.526635,32.260338,9.897913,0.042934928,0.46042937,6.7903886,97.608444,3.209209,3.5752285,549.8278,18.073761,270.19092,18.052105,16.781948
1.0239218,31.122585,12.72254,-0.18050042,0.6094269,6.9747453,68.20484,5.676418,17.756666,342.16183,16.449652,262.52454,20.560322,12.912005
-5.460081,33.566116,6.916495,0.18285556,0.4618236,5.7770076,96.89122,5.5190177,5.334084,581.3033,17.032076,322.17426,18.62542,15.766417
-5.173086,30.814278,4.840321,0.112638995,0.494416,5.700632,97.029655,1.6914064,1.0492427,585.57776,20.728363,290.6434,8.546527,30.903557
-2.917652,28.444923,17.01925,0.33283252,0.44306296,5.5709596,96.01882,3.5746164,1.4360301,582.4136,19.684284,448.91513,9.016915,31.005377
0.22480807,17.558615,17.935251,-0.18394321,0.45913696,6.9745975,95.62055,2.8214877,17.15937,240.21844,16.453028,264.9355,20.590168,12.917924
2.2332785,-5.59432,18.169716,-0.1683373,0.4479852,5.7661023,97.647285,2.5036874,13.453331,240.74295,18.318743,385.18985,14.434731,17.719677
-4.7138405,33.631767,16.890236,0.09945228,0.5210399,6.9744153,90.77056,5.7953377,18.5213,560.8515,16.482143,262.7077,20.443478,12.912851
-5.2713366,0.7684714,17.973927,0.29787955,0.44658804,6.3255653,66.43417,1.838691,11.7804575,284.48145,17.443462,422.65997,20.286621,23.456234
-2.8917987,-9.44126,18.148932,-0.18433225,0.5532941,6.9603453,78.74322,1.6759511,2.411537,239.86438,17.157034,266.94452,20.555456,13.286849
-5.182585,1.0194308,11.1088505,0.30837068,0.4551244,5.7429223,86.907745,2.7914512,1.7938344,574.88794,20.38552,352.20468,15.350769,30.5452
6.0627494,-5.2940917,18.169506,0.26661953,0.44711998,6.940747,90.17953,2.2604668,18.582645,239.7938,16.45192,353.99445,20.577806,13.123345
-3.041179,7.9926963,14.155446,-0.17902324,0.5370931,6.9215994,90.32607,2.418446,1.8108613,261.95074,16.532593,264.94534,20.344519,12.947388
-4.516245,32.655346,13.081151,0.2352288,0.5076274,6.9464827,77.98557,2.5409524,11.876403,317.45297,16.451084,289.66617,19.548836,14.919105
0.08090506,29.469545,17.630356,0.3324546,0.45241487,5.7083993,85.508514,3.5563111,13.550814,388.69522,17.881487,448.26263,10.350219,30.546183
-5.575512,3.060829,12.538582,0.024436653,0.45587975,6.164021,97.24171,1.840781,1.146714,540.6479,20.161364,346.71112,17.121128,28.128212
-5.41199,31.33957,16.9754,-0.044219676,0.6232044,6.9703493,66.89274,3.575903,11.444563,513.58984,17.021486,262.7051,20.466084,13.203547
-1.1157609,31.624117,14.565553,-0.14045544,0.6149663,6.974615,91.19381,5.664055,18.36677,508.2182,16.472017,262.5867,20.43173,12.914587
-5.5005674,26.886843,8.226667,0.332929,0.46321303,5.587423,67.77568,2.4445791,12.912736,580.45734,16.607492,448.86758,12.271232,31.032717
-5.5395756,33.416393,7.6587863,0.08637206,0.5582873,5.7140746,73.75366,2.3493593,2.9559839,585.2778,20.603413,278.84155,16.848757,30.617178
-4.7964115,32.539,13.910748,0.10000649,0.5462618,6.7706847,93.48949,2.5082643,7.319198,577.38153,17.969584,271.00626,15.14276,16.578949
-2.5380595,14.29736,17.995983,0.32709992,0.4479565,5.582771,88.56265,2.3328931,16.74391,244.37048,17.238405,442.29156,15.0378,26.927893
-2.60655,-7.495811,16.824488,0.27271056,0.44657567,6.0749445,94.916725,1.6763364,2.4596922,244.33173,16.629995,430.53653,19.811483,13.900713
4.3168335,-7.896053,18.189716,-0.1699504,0.44914877,6.9713974,97.346085,1.6849388,6.0711374,239.7889,16.451733,346.8925,20.50157,12.936949
-5.0503387,-6.5891166,14.0321,-0.16740678,0.52508515,6.88419,72.905815,1.7238601,1.3339975,515.47876,18.766962,264.4308,18.632982,17.465649
-5.4612217,31.534668,6.3415627,0.3276863,0.46652183,5.6415696,88.444984,3.197276,3.714033,577.058,17.781738,428.47867,18.983809,24.224237
-5.508663,33.303608,9.573782,-0.16917273,0.6434114,6.9734507,95.484764,5.5717244,10.27454,271.88297,16.45479,262.59735,20.488321,12.915313
-5.6095114,-5.1473193,15.896587,-0.16088523,0.53775555,6.9614825,95.79823,1.7488394,1.1049068,322.23938,20.430408,268.41208,18.310425,13.482926
-4.4288054,-1.4695762,17.861643,0.042839456,0.46752346,5.881082,92.56338,1.687987,3.6380332,248.21004,17.385044,385.95224,17.197388,24.293417
-4.8283653,-0.1162103,17.233286,-0.007668737,0.44332492,6.797942,95.996666,1.6807281,1.2764089,242.12228,16.579905,343.90784,20.428362,15.490048
-3.3103263,0.1761605,15.847629,-0.15624915,0.46159172,6.7965817,89.814705,1.7156013,2.7659214,266.06918,16.992636,264.72702,19.104216,22.03414
-5.544922,31.889126,6.5980163,-0.16855313,0.6705893,6.970298,90.89851,2.0981686,1.0615194,585.01654,19.010117,262.547,20.150902,13.000953
-4.8098097,32.761284,10.936188,0.11537447,0.5955825,6.840743,75.52325,5.319225,16.307734,510.33313,16.464651,269.99347,19.38058,13.063531
0.21726927,-12.158135,18.188513,0.18937041,0.44324327,5.567588,78.18355,1.6701776,1.212959,239.86232,20.009008,449.03564,7.3001094,31.05713
-3.3899,21.7501,17.793896,0.24131261,0.4470129,6.9656563,94.99192,5.6989994,18.369722,241.38124,16.460049,267.72958,20.590925,12.928985
-5.1741657,4.303833,16.485262,0.027129807,0.47824302,6.1117263,93.80895,1.674038,1.0855634,535.2409,18.641247,271.23328,20.35304,25.406265
-5.1067038,32.62307,17.936686,0.32893038,0.44471636,5.583857,97.29465,5.330626,13.6324005,320.3092,16.513765,446.8113,19.0608,27.110384
-5.072853,-11.886912,11.0632715,0.31561223,0.4519678,5.5704374,95.859474,1.669969,1.1315753,283.7698,20.69005,448.70288,8.243598,31.072802
-2.2360313,28.629253,17.154892,0.24388972,0.44855443,6.606366,91.947105,5.672744,18.37804,525.55707,17.752178,301.37006,20.40554,15.785758
0.15098104,0.24746673,17.892467,-0.09812728,0.44927034,6.6791573,92.740074,1.6958076,17.82309,239.92369,16.61817,370.3711,19.52177,20.482502
-4.8885117,21.787678,12.566903,-0.13677631,0.44965088,5.572674,97.77426,1.7315887,1.0769517,326.708,20.689672,384.18637,14.812344,30.957523
0.5558971,18.9966,18.14619,-0.14876708,0.44638053,6.676772,96.767784,3.6825318,18.339434,240.36726,16.47845,311.91675,20.20991,13.004016
-5.5616503,28.572035,10.636852,0.04807535,0.47812027,6.166002,95.70373,1.6958295,1.0898263,558.37225,18.93739,318.65454,17.803345,24.864073
-5.0426493,33.60139,8.097766,-0.11180397,0.5827836,6.9727836,89.91559,5.1456084,18.330112,576.4386,16.477718,262.72055,19.890406,12.93082
-5.5445967,32.8647,13.436006,0.2904599,0.4518598,5.707472,96.51362,5.2794747,4.7389326,550.83356,16.60825,386.4193,19.095747,20.90126
-5.4337587,-4.4565864,14.981526,0.28632274,0.5033751,5.672842,82.25348,1.8914773,2.2808607,327.2374,17.62238,367.87094,18.498331,27.478128
-4.341999,33.27252,5.7742496,-0.10449348,0.6433095,6.9681764,92.253265,5.757864,6.6972394,580.8202,16.516289,263.8836,12.218193,13.810703
-5.2356253,33.30366,6.684187,0.31578577,0.45908692,5.5749393,97.83346,5.13046,2.1602547,417.00577,16.648838,445.96417,14.931931,27.889223
-5.209137,32.834003,16.35705,0.05332754,0.5325009,6.9507604,82.343056,5.186403,17.759327,492.31046,16.449995,266.36475,20.561188,12.926497
-4.961481,32.475636,17.872421,0.27247804,0.47670883,6.570657,93.617676,5.6259737,17.954067,259.4206,16.494438,307.3988,19.886175,13.563804
-2.7838337,-9.469037,18.112698,-0.16719843,0.45530558,6.8721766,87.6694,1.683751,1.7619092,245.46451,17.282467,355.6105,17.929192,21.500284
-5.392127,33.62405,6.210501,0.16591807,0.63357615,6.961254,93.06058,4.0868106,2.7906315,581.42285,16.482277,264.24423,19.250702,12.97207
-5.1117353,-11.566426,17.828562,0.25536555,0.4444939,5.567472,96.25056,1.670669,1.3056905,359.26404,20.704807,448.96283,10.811715,31.058064
-5.2662573,33.21413,5.113138,0.12993874,0.5836345,6.958859,82.020195,5.1117096,8.076079,583.7232,16.461409,263.38568,15.053493,13.188093
-3.8669937,28.060265,11.620337,-0.09243191,0.4953984,6.9716997,94.18144,3.3817227,13.416399,516.5146,16.532513,263.36145,19.02208,12.92846
-5.4188013,-10.02031,5.442963,-0.022175375,0.47839615,6.924248,92.5726,1.6740545,1.0821912,541.9198,19.928886,269.0505,20.272528,21.119614
-4.256463,-11.715631,16.8208,-0.1598232,0.48280498,5.58178,88.50622,1.670565,1.0570495,432.80792,20.717503,446.5506,17.349535,31.07045
-4.6980066,-9.556272,17.818329,0.14532974,0.46504968,5.581093,95.95708,1.6702484,1.0812242,514.24097,19.89339,443.7877,7.084856,31.04362
4.1962194,26.510695,11.4487295,-0.11402843,0.6316993,6.9439197,89.35421,4.629112,16.452972,255.86758,16.451857,264.2016,20.417192,12.961308
-5.4413805,33.178524,5.4429636,0.29862347,0.4492342,5.699472,95.59218,5.4387116,3.327266,585.00354,17.213133,425.17453,12.436752,26.97635
-4.251443,33.621838,5.399167,0.32834098,0.54187495,6.1550055,88.81453,5.782615,11.137035,585.4103,17.173363,287.4738,16.054619,16.563646
-3.2578194,32.44055,7.874329,-0.1541309,0.61749804,6.97216,77.43036,5.496767,14.867931,524.3487,16.57486,262.65863,18.257036,12.9470415
-4.683696,31.861683,6.1812716,0.0104531245,0.4794504,6.2404904,93.132935,2.1410487,5.7826023,579.23956,16.72432,271.7873,17.998377,24.342932
-5.6716948,33.613125,8.142838,0.27882618,0.6157131,6.916315,97.54307,5.2110314,2.5347083,585.5799,16.920912,262.79858,19.623404,14.006652
-4.2487535,27.137976,5.787944,-0.17739755,0.64762855,6.974454,97.17408,3.813752,1.220763,411.34726,16.479519,262.5309,20.35158,12.934207
-5.5404625,-3.6382582,11.63391,-0.096605696,0.49087524,6.01449,96.65293,1.707831,2.118563,420.8932,17.682875,269.74548,19.597702,22.173996
7.9493017,14.738915,18.190836,0.13472302,0.4702702,6.8752327,95.20563,3.6223204,18.267525,239.94801,17.621664,391.5089,20.50089,13.131607
-5.5098963,33.446228,12.595823,0.30239815,0.45384455,6.92335,89.11918,5.7235045,16.302965,583.3931,16.478294,272.2479,20.27047,13.980937
-3.4353502,-11.366567,18.178806,0.22194126,0.4516125,5.5676455,94.44122,1.670174,1.0827539,257.12958,20.732065,448.3312,14.646295,31.071644
-2.6153963,30.094435,12.829265,-0.1714524,0.49149883,6.9473367,94.82625,5.219973,15.740137,385.3463,16.481245,265.25754,20.313272,13.01415
-5.1066284,9.911816,12.812428,0.24814536,0.4440444,5.567715,95.54208,1.6873268,1.0576084,569.92065,20.70357,446.61615,7.0670958,31.062431
-4.7264957,33.407967,5.4489594,0.28419736,0.6506617,6.9692063,58.33258,5.3100843,5.621182,585.0908,16.594631,266.64432,13.116167,14.68917
-5.035716,25.13199,16.190605,-0.18150893,0.48333302,6.9706464,95.05218,2.5102942,9.438373,254.77312,16.800308,263.38226,20.492825,13.240278
-5.4936934,-0.56080276,7.503938,-0.083239265,0.48783904,5.817149,93.92189,1.6722895,1.1224744,575.2277,20.599274,269.21802,9.669487,30.284462
-5.616169,22.319336,12.603134,0.31752703,0.4660569,5.7275486,91.66653,1.7383028,1.0806539,550.37994,18.094494,427.0552,16.508493,29.88785
-5.458803,31.695572,13.157263,0.1293626,0.50280833,6.5875015,93.233376,4.5500264,3.389067,567.6897,17.457315,268.43613,19.693024,15.211871
-5.3204384,14.621962,15.061604,-0.17013617,0.4678506,6.946728,81.02106,2.3427153,2.2925894,268.77026,17.138653,265.63782,19.901535,13.058333
-4.8726883,31.400843,15.887324,-0.10894694,0.5072584,6.875362,96.00604,5.75664,18.352844,240.99898,16.532106,275.16815,20.142977,12.954295
-5.302166,30.914177,14.571766,-0.14902402,0.51919657,6.9675426,95.56976,4.151795,1.8615091,520.35126,17.068645,264.28473,20.2012,12.964267
-4.174944,33.66693,7.563551,0.31236508,0.4746893,6.595637,80.00464,5.242287,15.2878685,585.5193,16.636208,375.961,13.393979,22.546917
-5.5069046,33.373493,10.745054,0.2470401,0.45057347,6.447117,96.952065,5.2811356,11.56098,479.63577,16.498636,312.13977,20.175583,15.373381
-2.4974377,22.733885,17.748816,0.039129484,0.47901064,5.784608,93.90991,5.5538516,15.397096,299.68042,18.864035,313.86444,20.2684,13.978187
-4.8921747,-0.105560616,9.885721,0.33315012,0.444024,5.567264,95.69889,1.7847228,1.2623527,573.2088,19.413998,449.04462,5.615085,31.0745
-3.9237497,30.703947,5.7246885,-0.16824809,0.46173197,6.9705133,77.80837,2.7593784,1.8328426,582.91223,16.955914,262.79947,13.902297,13.288176
-5.203866,3.502022,17.8908,0.18045583,0.4492938,5.7168465,89.00655,1.7330443,3.834728,241.3218,16.668062,428.0896,19.968027,26.444527
-5.680731,22.099388,9.951354,-0.1827417,0.5197862,6.410572,78.617096,1.6765431,1.0503356,476.91568,20.01277,262.79395,20.101887,27.460865
-4.128583,-9.872832,17.615286,-0.18673772,0.49617442,6.971068,64.372406,1.7137941,3.2426097,242.48128,16.611242,263.8799,19.95918,13.288201
-5.3212566,18.522873,16.458439,0.33029372,0.44531646,5.5809884,68.97068,1.6783804,1.0707233,572.20264,17.880363,447.90305,16.297874,30.960133
-5.1585493,-7.017383,11.498093,0.123040326,0.47208682,5.6795197,94.60891,1.6742929,1.0704429,576.46094,20.03039,385.67404,10.194479,31.001245
-5.460409,26.290384,8.830751,-0.18672177,0.67057633,6.9626513,96.30599,1.6792234,1.2863634,293.3781,18.547369,262.58453,20.489658,15.162997
-4.8673944,11.706994,15.697772,0.019483197,0.49303082,6.879362,53.38467,2.7474167,14.011034,350.24692,16.668398,269.89096,19.852982,14.523081
-5.1046247,18.535692,11.467048,-0.11458988,0.5725319,5.6191406,90.34293,1.8346115,2.9741328,535.9778,20.41096,379.0817,13.852861,30.885359
-4.5229692,33.208286,9.762795,-0.08343951,0.66266006,6.9741497,80.90999,5.5446424,12.673133,459.13312,16.452364,262.5874,20.314404,12.916549
-5.313056,33.51417,13.058623,0.15395525,0.5664742,6.9737225,92.29553,5.6204886,14.729329,566.7579,16.474472,262.97623,20.561356,12.970115
-5.465536,-0.5190671,8.648761,0.31212455,0.47541705,5.614999,91.16332,1.8245581,1.1975591,575.78613,17.81384,438.5669,16.786003,27.874804
-5.3856297,33.27889,8.052838,-0.02060343,0.6437251,6.8489766,66.27108,3.9663315,9.548138,580.8788,17.3616,263.9397,19.173988,14.357613
-5.2740345,16.993195,17.232395,0.3112073,0.45025146,5.67534,78.98301,1.7178704,2.5197403,512.4554,16.574701,441.84076,16.268717,30.912281
-4.310075,-12.075702,18.045198,-0.1736171,0.44496393,5.6614594,93.889175,1.6700472,1.0508401,282.54755,20.689823,434.54272,17.508707,30.917784
-3.5839055,-9.621373,18.085173,0.23047304,0.47173682,5.6687837,76.29634,1.6797501,3.507676,240.07266,16.546223,447.0698,15.950762,29.146326
-5.564946,-5.745273,15.885256,0.33108464,0.4500077,5.8511105,75.030945,2.845601,16.086937,539.6167,18.390226,401.42795,13.963184,29.11072
-2.4607022,18.73817,15.350512,-0.18013775,0.650722,6.9746747,63.90889,1.8700461,8.983122,334.9196,16.99389,262.76978,19.983442,12.989932
-2.6115062,33.421463,7.383854,0.21299449,0.6280438,6.970129,77.38849,5.762492,17.488842,554.36,16.45121,262.95157,20.438137,12.949717
-4.9422846,28.497513,6.0576644,0.19630176,0.554601,6.7268515,91.57816,2.1578069,2.0501578,574.6497,16.930845,293.22128,18.013823,17.280727
-5.173729,18.580584,17.827505,0.044537634,0.44354698,5.801993,97.68029,1.6733681,3.7281435,320.04907,18.862103,347.272,19.458124,22.255926
-5.6460876,33.49218,17.284525,0.30837598,0.56474036,6.527608,58.28656,5.7311954,18.220638,578.5756,16.486015,327.21063,20.061228,13.25323
-4.518281,-8.044011,12.25668,0.31302115,0.44782725,5.5691605,94.05963,2.168558,2.7366784,562.287,17.305447,448.88464,14.548911,30.930513
-5.462473,33.159256,5.072566,0.18227345,0.5132088,5.978543,96.539604,1.8643347,1.179076,585.0894,20.199276,267.92563,16.719322,27.895737
-5.261491,23.88757,16.471998,-0.08234923,0.5484236,6.961761,96.29896,5.7874517,17.551563,368.64673,16.539562,262.69083,20.426704,12.933182
-3.7399037,33.49785,9.709415,0.3326147,0.44440246,5.7287235,93.172195,5.804677,18.199518,583.2079,16.452682,447.29565,19.267998,18.476473
-4.5694046,27.914204,17.803757,0.042199943,0.4535686,5.7568097,97.42457,1.8507907,5.0111423,242.12743,17.457115,426.02258,19.655691,19.287735
-0.75128996,-5.360458,17.631998,-0.120325126,0.45185477,6.646856,95.570526,2.4563658,6.797922,240.94347,17.061884,274.66653,19.846682,13.65158
-5.4303713,32.836994,16.741152,0.3273178,0.5502251,6.076758,73.084236,5.7371535,16.21061,454.6811,16.45374,407.4541,20.270493,13.754786
3.499063,28.729061,18.102453,-0.091516964,0.46108544,6.9326377,93.87352,5.641276,18.583841,240.83609,16.452778,276.2202,20.503489,12.942018
-5.101467,31.413668,17.701105,0.31855667,0.47614917,5.6977434,90.757195,4.962623,18.282999,386.043,17.070293,436.05548,19.697277,20.208504
-5.4114513,32.436455,10.226115,0.3226782,0.4673502,5.617389,93.286354,2.8849428,2.9017928,581.92957,20.471739,389.9463,13.775503,28.522326
-4.294862,16.538734,16.900003,0.20385951,0.49067995,5.671186,89.2122,2.9241817,5.1312375,435.68384,16.82722,407.30273,19.343924,16.916525
-5.5833883,0.7616975,14.5945215,0.25732407,0.5071953,5.5850596,97.22476,3.3083508,10.455632,396.00888,20.445734,345.4026,18.835821,28.4446
-4.058097,-11.600667,18.05594,-0.039292138,0.447596,5.758747,88.446,1.7010349,6.62253,240.03485,16.67922,435.15445,18.264515,28.736584
-5.416168,33.428658,17.367575,0.26159066,0.46772516,6.8552704,95.79663,5.7750697,18.551056,296.90268,16.448505,268.15134,20.579332,12.934195
-4.2845964,-2.4361413,11.812676,-0.14194165,0.49910495,5.588928,95.24922,1.6874374,1.0506837,582.4876,20.730122,373.37628,16.961687,30.732386
-5.6627235,25.395567,5.841165,-0.105371736,0.4964807,6.7011156,86.4847,2.0301745,1.1258504,583.5252,20.216265,263.22885,15.792142,19.830078
-5.604082,33.158676,11.166806,0.31983182,0.57430845,6.899138,75.65593,5.327237,4.04419,583.9258,16.465073,274.93527,20.462435,15.674655
-5.3200054,24.945648,5.0318313,-0.17142501,0.5697387,6.9732065,95.93649,4.2808475,5.3819413,412.7043,16.817501,262.57736,19.929457,13.181848
-5.424836,29.027792,14.4595995,0.19126612,0.5266643,6.9436774,91.12536,2.7762983,2.7894838,574.69806,16.610497,263.13855,20.246677,17.53522
-4.67397,-7.333307,11.045038,0.16416095,0.46523353,5.650342,96.11709,1.7273244,1.0981739,335.66678,20.379921,379.81808,17.437437,30.658548
-5.406864,23.122633,11.165627,-0.1051513,0.5072296,6.9551516,94.39785,1.8824155,1.111079,574.2617,17.797623,262.90643,20.053947,14.2625675
-3.3629892,-8.20115,16.411795,-0.15428549,0.4907196,6.924276,96.19513,2.2737534,1.4558923,242.24707,17.080988,265.05722,19.703403,13.934175
-3.7459075,-10.65972,17.788675,-0.055051457,0.44659552,6.5981345,96.21708,1.7143112,7.9736156,239.93297,17.456312,328.93527,20.244925,18.909765
-4.2127666,16.304144,15.525173,-0.1299422,0.6578878,6.9440618,88.84365,1.686313,1.3531177,486.66946,19.970032,262.66437,20.190245,13.064316
-4.5848894,8.769756,17.09837,0.30159473,0.45705426,5.841417,86.2965,2.8858738,4.72097,246.06038,16.646368,443.69925,18.118387,21.923903
1.0419484,-3.8693392,17.547754,0.11504584,0.452978,6.893174,89.47887,1.7877946,3.236323,263.48495,18.83187,334.79797,19.963896,15.384369
-5.219633,15.5416,15.459264,0.057097524,0.48453274,6.628304,88.76167,2.499175,2.8522823,563.023,17.272413,295.3618,17.099842,13.64165
-5.2284966,17.118622,18.082615,-0.13773899,0.5012445,5.7683353,96.68376,1.6803161,1.3147113,312.19418,20.401747,433.688,15.533208,26.00731
-4.710164,-10.667424,16.97067,0.16393918,0.4458805,5.5700884,92.82369,1.8566062,1.1689851,400.222,19.81433,427.22736,9.706311,30.94468
-5.4218044,12.306419,13.126301,0.02841578,0.47344854,6.8847327,85.47296,4.0239344,15.997138,308.59802,16.462515,279.32382,20.059563,13.019299
-0.63544,10.746192,11.727972,-0.18677944,0.47659376,6.974191,96.22847,2.9008656,2.2237508,264.8762,18.918879,262.62866,19.981226,13.013019
-5.0898933,-9.9572115,15.460067,0.058989726,0.4629938,6.71585,65.13703,1.7225178,2.2804692,355.2366,17.28712,315.2017,18.81487,27.04409
-4.0006475,33.325092,13.991274,-0.119226165,0.45310563,6.9685884,94.573395,5.554513,16.727694,287.0292,16.455135,262.6597,20.56159,12.928164
-5.1946297,2.8566043,13.690815,-0.15728198,0.5466577,6.7910204,92.10939,1.6731898,1.468499,251.29018,17.300808,277.7701,20.11916,15.353523
-4.69429,33.013477,11.749054,0.2981402,0.49225992,5.6929474,84.99172,3.3453267,4.9003506,585.3227,20.642736,339.63498,8.276245,29.466764
-5.0074396,-1.7423443,12.719837,0.3198971,0.45007923,5.5674744,93.102684,1.9169788,1.13397,560.7117,19.39974,448.8099,6.800357,31.066324
-5.021676,16.966679,18.043228,0.30504024,0.44729888,5.6843987,81.60853,3.4632263,18.50498,241.08015,16.549515,447.90076,20.276972,14.945342
-4.555192,7.4834585,8.473896,-0.0831264,0.5184143,6.9391246,77.82652,1.7217683,1.7444379,553.0593,19.89435,265.41666,19.989977,22.782845
-4.479781,-11.772065,18.154089,-0.1170375,0.4473309,5.7866225,91.54585,1.6737529,2.6640317,240.07733,19.272709,439.1992,19.465422,24.03932
-5.648388,32.995895,12.878387,0.28013393,0.5045197,5.642344,94.21506,3.857565,3.5263345,584.11163,17.309265,295.67346,19.78076,23.630337
-5.474616,-7.445102,18.054193,0.31755808,0.45287392,5.5674953,97.537315,1.6711274,1.4430616,279.15793,19.318132,448.96002,17.586391,31.00832
-4.208911,16.080448,16.001364,0.013811708,0.4796662,5.7060194,71.40982,3.4224837,10.471976,556.6561,20.160658,287.10394,16.571619,30.055975
-5.33994,33.09536,14.933918,0.22171783,0.6347252,6.922644,77.094765,4.8102083,13.461066,534.42957,16.457514,263.51266,20.28289,12.982119
-5.4698277,27.317966,8.291782,-0.06846804,0.5194351,6.8947415,84.2304,2.1710155,6.2999125,450.63892,17.162146,262.99084,20.400053,15.842677
-3.1096685,-11.396651,17.887798,0.24453019,0.44662938,5.5688834,93.602516,1.6705881,1.0766017,375.48157,20.305042,447.8034,9.607552,31.056213
-3.4154966,21.64923,17.827911,0.31983516,0.48673624,5.644108,95.86065,1.9802856,2.2875383,399.01065,18.83662,447.91312,17.544004,23.933542
-1.7056576,-12.186944,18.201029,0.07928103,0.44361314,5.7582273,58.14198,1.669922,1.2943819,239.81119,20.718882,445.03726,19.760748,30.909945
-3.6696208,28.044006,8.734575,0.33295017,0.4484515,5.570597,81.752106,5.755393,17.780777,560.9951,17.118595,448.0314,6.4860654,31.013906
-5.5777903,33.725494,5.0144467,0.3261825,0.63737726,6.930829,97.36537,5.805083,18.537056,584.8196,16.448082,263.38187,20.380453,12.915704
-2.6415222,27.398987,17.846783,0.13325933,0.45749992,5.7341332,93.96809,1.7324699,3.7853696,255.48453,16.542877,410.7148,19.239155,29.261847
-5.3890676,27.38926,16.276543,0.31399754,0.44579932,5.5686464,96.930855,2.6879272,2.91905,487.7466,17.221863,447.9246,12.572359,30.819918
-4.9061623,21.393133,12.5380535,0.08644872,0.45913756,6.0382385,89.16699,3.0750356,14.60857,302.84818,16.62573,304.26996,19.36946,17.26644
-5.3035755,33.705517,8.096836,0.3064621,0.48914263,5.8410745,96.45487,5.0530124,15.908522,584.5412,17.146145,380.17117,16.662514,20.056086
-5.6212034,31.90362,14.251176,-0.063928954,0.47872287,5.8175592,97.85817,3.4255838,1.651633,398.3411,18.933886,416.50525,14.552735,15.28759
-5.5087614,2.2123725,18.08158,-0.17842945,0.4911569,6.905349,97.32276,1.6734909,1.402808,424.5632,19.591276,262.84833,20.31625,15.170311
-5.4452686,32.75894,7.5421395,-0.11141268,0.5875603,6.9503527,97.04838,5.5617385,3.3674915,494.69214,16.468931,262.55972,20.355453,12.924199
-2.609039,31.638517,13.852656,-0.17812824,0.63758373,6.974046,92.06618,2.4089985,4.223442,254.25404,16.45694,262.8613,20.186888,12.91894
6.906366,33.656174,13.378148,0.048066117,0.6487864,6.974731,93.78103,5.742364,17.576885,550.4459,16.503376,262.5198,20.589012,12.915143
-5.681958,33.537785,12.737617,0.11305562,0.4813288,6.9382405,97.73482,5.768173,12.257846,523.50525,16.50323,267.7161,20.233427,12.940968
-5.3535233,26.672176,8.087665,0.08972574,0.45245412,6.3439465,97.07985,1.8992293,1.3236482,577.06866,16.967201,268.97278,19.876072,14.673009
-4.012515,-1.7780966,18.069286,0.14941633,0.45608002,6.9247756,71.47597,1.9951031,17.303381,242.38289,16.48249,293.49625,19.835777,16.991373
-4.9944153,17.653486,16.137856,0.29423293,0.4475324,6.302192,96.01524,3.1494627,12.2051935,259.45523,16.467812,421.91714,16.212973,14.255366
-4.285491,28.352425,13.444929,-0.04446887,0.48325118,5.5804415,97.45939,1.7881535,1.1329362,584.70874,20.731676,325.8949,19.19482,30.63163
-5.076478,14.627017,16.927986,0.20572503,0.4549994,5.604574,95.570984,1.7319459,1.8631728,331.84073,16.678299,415.91592,13.752355,29.663897
-5.66648,30.465302,13.694857,0.10450827,0.4709339,5.8359556,95.36958,1.9711379,1.3043954,338.3813,16.522644,335.75647,20.034864,26.926394
-4.0945845,-3.6157763,18.083574,0.043618653,0.44555724,6.869723,94.634514,2.412221,9.561033,239.8162,16.450212,404.4032,20.57745,13.060176
-5.56248,33.47539,7.305686,0.28987372,0.45381126,5.6925693,97.55344,5.682548,3.8815281,463.37094,18.110464,440.18777,17.206911,24.490536
-1.2935125,4.42609,17.98128,0.3234759,0.44379693,5.5680294,95.19017,1.6860133,1.3197725,489.95886,18.741785,448.99124,14.833404,30.981771
-5.511655,32.096977,5.4332676,0.28094944,0.4780793,5.9662747,95.75714,2.6089494,1.1678627,542.4853,16.610435,367.81018,12.812301,20.5156
-5.6142597,31.555132,13.436343,0.33204266,0.44847003,5.574401,96.15656,2.4332414,6.6294017,389.36667,16.617645,447.33,16.35509,30.507488
-5.579917,33.233433,7.660825,0.329438,0.44613382,6.2891717,84.33545,4.515448,6.302162,584.64185,17.183193,440.48956,14.348004,30.37805
-5.3428154,-5.4091563,11.526797,-0.04793785,0.47288823,5.607254,97.54803,1.6721004,1.0807712,451.6977,20.62495,344.64218,19.94401,30.944452
-5.6213408,22.17107,17.219585,0.051871706,0.48988542,6.8190236,90.34809,3.200722,3.0115364,306.20953,17.564295,271.56055,20.403162,20.213902
-4.054494,-1.8035511,18.091925,0.3198626,0.45410982,5.570666,95.60986,1.7336496,4.849728,246.26733,16.50822,448.90842,18.311033,29.741247
-4.68865,23.231962,12.97316,0.15311864,0.46907103,5.639403,96.36017,1.7485396,1.1724288,454.67538,19.009912,335.7801,15.917188,29.877691
-5.389515,2.6064699,15.692518,0.10037039,0.46620017,5.592068,69.42763,1.6760834,1.0560939,577.1216,20.037897,429.41333,16.838821,31.036644
-2.747174,14.47162,18.186432,-0.08413657,0.44617945,6.7674727,81.4966,1.9248708,16.565819,240.70506,16.49475,427.02924,20.063223,13.0865755
-3.9345615,33.326847,17.74718,0.25120807,0.5456733,6.9729486,96.30759,5.7449365,18.239767,315.11023,16.452642,273.0419,20.574432,12.91932
-0.28178087,20.125942,17.545702,-0.13982922,0.6139552,6.9734592,85.24398,2.400508,12.215875,295.82156,16.525183,263.34317,20.483088,12.962863
4.4003544,30.32509,15.267542,-0.18432081,0.57942486,6.9747243,64.03203,5.6468854,18.598665,301.99734,16.448023,262.543,20.548418,12.91274
-5.3491964,32.54257,16.177973,0.30466634,0.46340302,5.6131716,95.19131,3.2158842,6.7776394,569.7173,16.795229,389.47473,20.275309,21.430876
-2.6562068,33.625095,15.46012,0.025346458,0.64391875,6.9747224,95.13573,5.80306,18.61532,472.42355,16.447584,262.53214,20.594242,12.912247
9.478075,-8.751521,18.190798,0.25003898,0.4512547,6.007104,85.64701,1.965276,17.836828,239.83409,16.523264,431.20242,18.726583,19.25487
-4.9614525,31.368952,9.615372,0.2876422,0.49916026,6.568875,92.283394,2.340008,3.2108357,583.9808,18.080647,281.35126,19.252447,21.622526
-3.9953835,33.137985,5.2913585,0.10744071,0.48060662,6.7577057,95.415825,4.897627,14.326836,553.69684,16.595646,267.45697,11.860082,15.07816
-3.6124065,29.716997,12.570583,-0.05178171,0.50937665,6.966519,88.2033,1.9519591,5.121543,285.5245,16.509512,263.72522,20.250605,15.579302
-5.6454897,33.651558,6.8991065,0.33058134,0.4629518,5.585178,78.526855,5.070119,7.3229156,585.51465,17.181332,414.41577,8.67309,30.861067
-1.3744346,20.92038,17.889915,-0.044232015,0.48255035,6.704445,96.664474,1.7626377,4.4950953,278.47345,16.933384,272.0706,20.309855,13.633629
-5.573662,29.246546,13.8605175,-0.17140667,0.5054234,6.9652185,96.51173,3.239724,1.7322586,578.7275,19.474995,262.77063,20.26904,13.282946
1.373464,27.94982,17.457678,-0.04214215,0.6031425,6.9747105,68.51855,5.324903,18.545218,259.51218,16.44959,262.96802,20.531496,12.912273
-5.284585,30.818298,11.285381,0.33150405,0.45012757,5.5859766,88.86316,3.1349044,1.4031065,582.5788,16.657864,442.5305,7.847591,30.791391
-3.16873,22.086401,10.977173,-0.14868118,0.4969838,6.9727416,81.04453,2.0142748,6.7065873,368.88425,16.565506,263.1821,20.373703,12.947489
-4.8004475,10.440904,14.254165,-0.030247185,0.45868215,6.4431767,95.548035,1.782271,8.501895,274.0673,16.597496,291.4825,19.801159,14.392886
3.0923965,2.0797527,18.154495,0.020428788,0.52336824,5.650751,87.01018,1.6737417,1.0523822,294.31528,20.685999,448.0733,7.5223436,30.953054
-5.4328127,-8.649074,17.348927,-0.17700765,0.5596407,6.2213664,87.77516,1.6745585,1.4740312,253.81525,19.363493,264.4073,20.105333,16.370382
-5.508362,10.554704,16.66646,-0.18707937,0.5143682,6.974032,96.8516,3.1292737,1.9561718,248.31409,16.800663,262.53336,20.473822,12.931786
8.653692,33.678864,17.469727,0.273666,0.5713117,6.974186,78.17377,5.8047605,18.61835,499.93222,16.447256,275.32837,20.579191,12.914481
-5.5337887,33.317944,12.346468,0.305862,0.46698487,5.568759,95.839264,2.0970192,1.1912649,584.9925,20.696917,438.79474,11.794795,31.059921
-4.063922,24.352818,15.844739,0.3307529,0.4468238,5.7117076,78.95131,5.7068925,16.265715,531.5774,16.538794,421.25577,18.749765,26.327728
4.4292574,-5.8197055,18.072275,-0.18049452,0.50663275,6.8259788,95.600624,1.6765577,1.3713596,239.91496,18.494799,307.2243,19.758747,15.697072
-2.8965156,-5.228001,16.598972,0.05844898,0.52429914,5.6410804,97.81376,1.6709727,8.3027725,240.18163,16.491156,440.11557,19.820913,28.901337
-2.7676866,-10.171742,18.190649,-0.14716898,0.4498657,5.5739183,96.8945,1.6704766,1.0642469,240.27637,16.694843,447.95605,19.450829,30.887686
-5.249502,-8.530026,17.193716,-0.17947724,0.4787088,6.8023386,92.16895,1.6703662,1.1042755,303.98553,20.027473,265.02682,19.021744,24.124557
-5.2493973,-11.840819,16.982834,-0.1351151,0.51537895,5.6654563,96.15511,1.6700839,1.065295,243.0621,20.69938,304.0671,11.18866,30.447388
-5.6643686,18.904991,8.209008,-0.14201158,0.54159796,6.4734664,92.24991,1.9904025,1.852762,576.42444,20.35939,263.47397,19.973145,13.677439
-5.242298,33.595978,6.7153277,0.33081025,0.56021315,6.95476,50.683147,5.788326,18.570412,583.2858,16.44709,284.69864,18.632046,13.0183325
-3.8099062,31.592564,8.585665,-0.061440166,0.56981057,6.951328,82.08111,5.1810856,16.064564,357.7236,16.452713,268.21725,18.20404,12.924153
-4.8174477,-12.124923,18.097391,-0.17476569,0.448927,6.05172,91.06291,1.675702,1.080342,312.05017,20.444191,318.90213,19.886595,29.213476
-2.2192037,-6.2306514,17.54611,-0.17447482,0.54518294,6.9733458,77.823494,1.7528149,14.375532,243.87044,16.857561,264.34012,18.783344,14.469778
-5.5197887,8.905722,16.383148,-0.1507845,0.49494004,5.9651814,94.18576,1.685644,1.3626182,459.6252,19.254595,310.4254,18.017136,21.571056
-2.2953336,32.224884,6.645167,0.111065276,0.6476636,6.8925524,63.20402,5.2897053,12.928732,579.22974,16.66566,263.46924,19.374933,13.877158
-5.5544176,-0.87814933,7.8439755,0.033007473,0.5968265,6.9357057,91.08023,1.8650787,1.1447713,265.5029,16.875597,272.9558,19.557146,13.208027
-5.3269644,-5.5674853,14.269551,-0.17656085,0.5236407,6.737161,96.82656,1.6775895,1.0517433,347.20905,18.371815,263.37073,20.083204,18.484283
-4.156208,20.652882,16.631145,0.018422574,0.4623407,5.6806636,88.86086,1.6989363,1.632138,524.73694,20.471745,368.34286,15.69393,27.209143
-5.434759,33.161743,9.356603,0.30137455,0.5735478,6.208505,84.587944,5.6923003,17.766376,401.59268,16.456715,321.11612,19.401127,14.546091
-5.0611076,12.636415,17.39422,-0.1362946,0.46849725,5.6419096,96.88677,1.6824747,2.2813919,396.07928,19.361288,403.3963,19.522257,29.60711
-2.5631454,33.29799,6.1005554,-0.12156353,0.52367353,6.952055,96.89058,5.6264715,12.9784565,514.0364,16.652308,262.62198,19.421515,12.97694
-4.2648344,-5.6078563,17.812815,-0.17589685,0.45264995,6.850526,94.21829,1.7111775,10.224934,240.92471,16.542744,319.61456,19.861462,15.237335
-5.436433,17.034555,13.61632,-0.07050752,0.4553036,6.4412766,96.59458,5.140692,16.040329,244.42491,16.496416,275.5846,20.436516,13.1142235
-5.5004168,32.26479,12.043301,0.20250617,0.5134891,5.888249,93.07778,5.071291,3.9558823,484.2153,16.488453,351.08398,17.680168,14.963095
-5.4468603,-6.4164214,14.768102,-0.185543,0.47809517,6.8609257,89.0062,1.6813084,1.0738533,550.54144,20.68078,265.32373,17.113577,14.335629
-1.3622886,33.333218,8.779809,-0.1174886,0.5683592,6.973114,75.279274,4.115452,15.969143,564.6817,16.826166,262.8211,20.530317,13.14283
-5.5824986,-10.03328,15.997153,-0.17771223,0.49065614,6.710881,92.87199,1.6716512,1.0539548,440.89832,19.863619,277.73676,19.977196,16.467075
-5.528799,0.23609893,14.29795,0.022926461,0.46577495,5.9257903,95.28915,1.6967329,1.1955068,353.51727,17.86372,335.923,16.907995,27.252272
-5.2230377,33.314114,5.217571,-0.13252006,0.5441625,6.9679866,96.762405,5.69928,4.5214424,579.8754,16.475689,263.20493,19.366793,12.925501
-5.4818115,-9.306237,16.247868,-0.10187837,0.4698506,6.029025,72.90808,1.6700472,1.0513475,579.1088,20.363697,269.2508,18.046436,31.058737
-3.9104407,-10.011939,18.146282,0.32207,0.4431622,5.6341543,93.37634,1.6871711,15.65567,239.78757,16.462997,449.00018,20.361717,21.063625
-1.2230235,0.71620625,6.247371,-0.11293342,0.48501012,6.962082,89.49856,2.8246217,8.127945,244.33424,16.554575,268.2576,20.325321,14.223665
-5.522681,20.558151,8.591539,0.25984737,0.4995047,5.6610456,78.8003,1.7786806,1.6124046,440.23523,17.69242,363.96036,16.478914,30.602684
-5.5561466,33.217644,6.6966233,0.33016977,0.55956584,5.7518263,90.69629,4.982843,12.650444,581.3332,16.548763,336.14163,19.053394,15.8053465
-3.5916374,7.9519835,17.706306,-0.1200879,0.5605951,5.8047347,96.918236,1.6922985,1.1101949,455.3705,16.748793,349.73938,19.628662,26.702223
-1.574884,33.133736,8.5990305,-0.1833199,0.5982956,6.974297,89.2133,1.9382123,4.2650414,261.73264,16.497467,263.34985,20.412224,12.956655
-1.7189947,-11.745666,18.01236,0.23959027,0.46173027,5.5681987,84.86878,1.6707522,1.0586469,566.03094,20.419323,448.7875,15.716499,31.0582
-3.925913,11.888582,16.552202,0.038483314,0.4500905,6.8209953,94.584045,1.7618105,14.42606,240.23788,16.454243,292.1947,20.489477,13.281957
-5.4394436,27.500679,7.591497,-0.16330385,0.57394063,6.974607,96.18791,4.3100176,3.1989648,480.02377,16.546087,262.57724,18.901752,12.919194
-1.216982,24.85166,16.790806,-0.1827313,0.4791482,6.964418,93.6184,2.7024934,15.901734,240.51733,16.463198,270.40903,20.380373,12.950778
-4.318571,-10.2161665,17.978302,-0.09653654,0.4467161,5.6076193,95.76409,1.7266127,1.11256,315.81915,19.959072,441.72437,19.369146,29.20579
-5.4414616,-11.758336,17.46289,0.12763964,0.45582548,5.5853343,96.939995,1.6712204,1.0506799,427.47693,20.681135,431.51978,15.470202,31.060228
-4.9406195,-10.832673,8.28004,0.28885466,0.5089907,5.567662,87.0989,1.6720136,1.0498025,582.94073,20.73187,447.97116,12.121504,31.074427
-3.5273316,9.947189,17.886272,0.33298114,0.44732985,5.578173,95.57318,2.1964355,2.841829,460.93985,19.412113,448.92136,10.913706,30.956024
2.7369537,-11.570889,18.014671,0.30828756,0.446986,5.5674324,94.638725,1.6709591,1.062269,262.16364,20.69415,448.87845,8.962653,31.074482
-3.8982546,1.4234444,15.719689,-0.14246029,0.47904477,6.668688,88.08859,1.6812066,1.6740396,415.79025,18.351913,283.9178,19.709232,24.1042
-5.329356,30.052912,12.117877,0.33313453,0.49844465,5.569337,93.07212,5.6116962,17.24019,583.0684,20.110334,447.0104,6.7811556,30.993124
-4.7050753,32.4547,14.161186,0.08320531,0.5368968,6.854267,83.4657,5.736528,17.982134,286.37192,16.955502,267.3611,19.852955,13.572809
-3.2366836,6.11314,17.939222,0.020112935,0.4914562,6.889186,89.86286,4.628947,14.234053,247.47089,16.472752,274.7359,20.25457,13.320272
-5.5896387,16.108902,11.084007,0.043535735,0.4559765,5.70825,97.2419,1.7964357,1.1223733,503.3013,16.72519,367.93698,19.312647,15.648451
-5.381776,33.560955,5.049439,-0.1430271,0.6616206,6.9747033,93.60463,3.486252,3.2810214,547.76196,16.519522,262.5299,20.516127,12.939722
-5.6399918,24.018232,10.645022,-0.035641205,0.47720072,6.959284,94.95317,3.892512,3.5837905,528.54877,19.376379,262.57288,20.122335,13.121847
-5.31238,18.952211,8.814214,-0.18587035,0.6148151,6.9744387,93.34806,2.1981456,1.8597109,387.57684,19.11926,262.5212,20.430552,12.916972
-3.2766297,20.470066,6.7062545,0.0022001981,0.5064206,6.72806,81.33833,2.6911943,9.737839,433.08185,17.26178,277.14847,16.800936,15.262468
3.1621497,33.670856,14.907069,0.28601277,0.48412135,6.969145,97.84429,5.7932515,18.362247,241.66446,16.47264,262.7103,20.57323,12.912545
-4.644145,32.458656,13.607273,0.001691219,0.4837236,6.2063575,96.900444,4.783787,12.80634,280.08423,16.451822,334.99725,20.306906,12.943432
-3.5064795,27.850624,13.470231,-0.093469374,0.4635656,6.830057,96.19169,4.3430247,1.1996162,545.4095,16.73727,269.75143,17.222797,13.09295
-0.10863461,33.473515,13.467215,0.010877521,0.6437957,6.974147,88.19181,5.7628613,18.371832,581.65515,16.454746,262.6286,20.563477,12.942989
-5.40596,32.53165,8.017343,0.25559255,0.45703545,6.7880325,89.07233,3.0049815,1.4986875,582.6103,16.833712,285.94284,13.787935,23.517473
1.4432954,-7.018167,17.831537,0.29281294,0.46077794,5.570336,87.92979,1.6925613,1.0666835,356.52133,20.56222,446.89694,11.1190195,31.065134
-5.6130266,33.582203,5.0524445,-0.08342417,0.52777946,6.47177,95.41161,3.2096012,1.892226,585.2628,18.509958,263.79156,19.480171,18.838026
-4.348525,28.031487,17.776245,-0.12668513,0.51461905,6.8423147,96.52458,5.07782,2.6927373,562.01117,16.957273,265.8443,20.253717,13.242087
-3.5326183,33.602272,12.266089,0.2886389,0.4716983,6.952132,64.07932,5.7909517,18.52624,569.4264,16.460386,281.2096,17.687319,12.964967
-3.6292074,-9.803868,18.193144,-0.12737396,0.452281,5.5803585,97.00606,1.7282299,10.090314,240.01244,17.92928,447.96762,17.860188,26.54673
-2.889942,33.64593,16.553816,0.28623655,0.4826052,6.970084,96.39923,5.8040996,18.594358,240.97432,16.451744,278.33176,20.576857,12.91304
-4.682107,17.23741,9.831526,0.124032274,0.48557425,5.9088697,95.33387,1.9124002,2.10342,544.3509,18.092758,305.0109,16.371294,27.884174
-4.345707,-2.2085526,12.149936,-0.13035731,0.53833395,6.38748,91.628975,1.7302586,2.9549935,248.99146,17.60343,267.9569,20.10007,15.144537
-4.480893,32.471596,7.8439617,0.33266535,0.5884264,5.5730467,81.452736,5.2267184,4.0413694,561.04254,16.475824,448.98047,14.80633,29.864271
-5.408931,20.483511,10.742829,-0.026367877,0.6032171,6.4351163,74.28812,1.6767343,1.2218187,570.2899,19.94498,270.3824,17.647137,26.66993
-3.4134943,33.004665,17.978027,-0.028504554,0.5758307,6.935425,97.69753,5.796218,18.60946,303.00583,16.485035,263.01126,20.588236,12.920597
-5.076085,8.530171,14.198878,0.325747,0.4439403,5.5719934,96.83034,1.6818484,1.103173,579.58307,20.353117,446.31506,11.789938,31.033476
1.1408192,8.5841675,17.723438,-0.11721002,0.4499965,6.879053,91.57673,2.207037,9.794773,249.68156,16.569122,271.90295,19.841333,13.315145
-5.144079,-1.1144937,12.097997,0.3318117,0.45326567,5.567272,97.438934,1.7677383,1.0677745,499.9331,20.61576,449.0409,5.9314947,31.07293
-4.9771204,24.000143,17.138058,0.06377588,0.45565534,6.381799,88.505,2.851458,2.8172066,274.94452,16.589289,323.8899,20.228182,19.759346
-1.7763115,-7.1732345,18.10987,-0.16444397,0.44441962,6.865043,93.65417,2.812285,9.088626,239.79585,16.468012,313.4276,20.30687,13.860654
-2.4699519,23.018106,15.546859,-0.11860836,0.51220465,6.973978,91.13895,4.072152,17.70812,248.64888,16.553343,262.62146,20.455952,12.94426
-4.468342,0.16867034,16.359709,0.13046335,0.46598354,6.0273733,89.99144,1.7305373,3.3509948,487.6697,20.222612,327.12622,19.769312,26.154037
-5.0511684,20.935003,15.345024,-0.14621493,0.5545484,6.4596877,95.920425,1.7133151,1.2870338,542.07855,19.359852,267.76898,19.179176,18.898314
-3.044576,-10.900512,17.991985,-0.098137446,0.44698644,5.5974736,84.51845,1.6806017,1.1730888,265.83807,20.379509,441.48187,14.219835,30.723614
-1.3968674,8.973591,15.433023,-0.18016985,0.4654591,6.969334,95.3031,2.1773615,2.3559391,244.00287,16.721079,264.45126,20.375269,13.15323
-5.150797,21.990656,15.379594,-0.1821869,0.59815556,6.9693856,91.242035,1.9639586,4.3312593,458.74164,16.900732,262.63098,20.555124,13.166258
-4.852812,9.673806,17.57253,-0.1288717,0.45843259,6.6222057,96.57369,2.6035712,10.706433,284.44965,16.64435,273.26526,20.450756,14.179327
-5.4604206,25.449455,11.627346,-0.1575069,0.5741166,6.807399,89.118286,1.6753448,1.1080139,578.9647,20.72456,262.67987,20.150743,22.926285
-3.5835855,26.821306,13.960079,0.32065722,0.45493215,5.976068,84.63843,2.945393,15.488509,433.81177,16.520235,373.16132,19.17093,27.547153
-5.291047,33.328323,5.0020027,0.24173763,0.54993504,5.853305,96.09825,4.0010653,1.1768587,585.5448,19.58891,279.4002,16.246426,29.496595
-4.8757753,23.896105,15.2301035,0.30672425,0.45401654,5.568451,97.62484,2.3888164,1.3934839,251.19447,20.419067,447.28885,12.9724655,30.05541
-4.910619,3.0684793,17.84585,0.31502792,0.45380625,5.784303,73.96031,1.6931938,11.682238,350.70935,17.156506,443.12933,10.62,30.030594
-5.499587,32.666077,5.627862,0.1480426,0.54256994,6.727772,93.48489,1.6895865,1.069823,585.42957,20.674593,270.1096,7.937507,23.11344
-3.800791,10.363386,17.21263,0.014554665,0.46147078,6.9449544,97.40528,3.52164,7.2327895,257.201,16.879597,274.6281,20.185617,13.228581
-5.0661144,-11.336162,17.904629,-0.11556742,0.46226153,6.290191,95.74221,1.6704863,1.1095626,284.06747,20.162874,286.84238,19.812164,29.538378
-2.9013116,-11.547318,17.637238,-0.16972642,0.516054,6.528251,95.0138,1.6747042,1.1018083,312.4572,20.473457,278.72693,16.224718,28.746351
-3.2830727,17.048738,18.149933,0.103919074,0.44862732,6.9135437,87.21408,3.1993558,18.106213,240.65372,16.462143,317.89688,20.523098,13.001863
-3.8965952,27.990044,10.79701,0.061175957,0.48489606,6.8737354,80.96672,5.634594,17.615707,280.76007,16.520557,275.86838,20.2349,12.961303
-3.0547802,26.551088,9.501807,-0.18593451,0.63788986,6.9743752,89.27289,5.573449,10.739688,261.2651,16.469053,262.66202,20.55985,12.913514
-5.5582333,-3.186208,10.638276,-0.020337757,0.4919311,6.5719495,91.79702,1.6864454,1.1945322,392.75922,18.176512,288.3628,18.628862,22.967522
-5.154258,31.960081,16.68952,0.30075195,0.47418794,6.9016614,92.46651,1.874081,11.637904,290.82938,16.470308,319.68958,19.877697,15.65937
-3.6607673,24.523546,17.942568,-0.14580324,0.45596805,6.9450393,97.77926,3.1946337,7.0967784,241.46518,16.704605,290.5042,20.03925,12.935919
-2.9674637,33.132244,13.945954,-0.13029158,0.49198788,6.968011,81.92657,5.4640326,17.913538,247.51471,16.447723,264.24976,20.298544,12.923163
-4.5674877,-9.526586,15.893539,0.09993768,0.44361797,5.5673814,97.82161,1.6744415,1.0569894,244.6311,20.562931,448.3094,13.368021,31.022984
-4.7358007,18.319984,15.048937,0.033421848,0.54140246,6.968204,49.164116,2.3669474,13.320976,537.5083,17.843763,262.71918,20.097538,13.208417
-4.6073856,-12.041524,17.965324,-0.1726002,0.47581816,5.742109,92.99161,1.6700228,1.0876958,240.09387,17.579489,440.0871,15.469132,29.188055
-5.154049,31.278347,10.427627,-0.008606176,0.5248975,5.914577,96.976814,4.9947925,6.553214,558.03687,20.170792,299.60904,19.503794,15.786002
-3.96935,-11.088107,18.173738,0.17855537,0.44996515,5.5748944,94.59283,1.6729323,8.329455,239.79457,16.732918,448.89362,16.179407,29.988155
-4.7682085,9.189993,17.23852,0.31632835,0.45907936,5.5679083,93.16311,1.6769401,1.0770748,583.10547,20.727098,448.7468,5.6983876,31.074606
-2.9760416,22.45497,6.3320303,-0.16097894,0.5438724,5.6449695,97.10961,1.9828286,1.0599945,511.0198,19.758265,315.68332,11.005717,29.352276
-5.287039,30.555859,8.146125,0.025109563,0.5694159,6.1360173,96.80912,4.971524,2.8879335,568.5183,18.701237,263.85632,17.740953,14.69936
-3.7111971,25.420273,15.37475,-0.15028569,0.4779559,6.261299,94.12469,2.5859694,3.5569055,420.1191,18.032894,269.20013,20.007782,13.697308
-5.123307,24.965109,12.911356,0.25716105,0.53013885,5.725453,64.65849,1.7076069,1.2555358,548.77136,16.72787,427.20975,14.490622,30.468609
-3.8624156,33.515045,15.343088,0.052001372,0.5045141,6.967044,92.0049,5.2573776,18.336996,533.6821,16.548882,262.9947,20.346243,13.006071
-5.5987787,23.422672,13.906898,0.18664913,0.450599,5.575769,95.217026,2.7919512,2.8317802,340.4363,17.405663,433.3792,17.372253,26.658209
-5.61108,8.175916,17.515251,0.2872801,0.44469887,5.5854316,96.95086,1.6806151,1.7020309,282.56274,18.311104,435.2065,15.852094,28.625826
3.1425674,30.98554,17.635473,-0.106547244,0.45238352,6.905502,85.51121,2.9138358,16.169617,246.06546,16.46697,374.94336,19.975294,13.998944
-5.3333273,33.66557,11.723297,-0.15632705,0.60792035,6.8519845,91.0363,5.66083,7.740957,584.4048,16.77553,262.88464,19.242785,12.983432
-3.4717858,33.450497,5.7021246,-0.042744096,0.5334402,6.9581714,92.108116,5.4051824,1.2354953,582.2128,16.675097,263.02063,16.407581,13.089939
-5.021084,30.181292,17.764833,-0.09008195,0.49293303,6.30303,97.19644,1.8070495,5.813543,360.59653,16.777452,384.99707,18.932089,14.942892
-4.6644793,21.628714,17.331224,0.27425918,0.45056537,5.6333237,86.208145,1.7195014,1.1963708,580.9433,18.134495,421.0083,18.423197,31.033394
-4.709752,21.615927,18.109365,0.24408096,0.44797605,5.6040583,87.16111,3.435635,8.771992,305.821,17.24685,445.03674,19.607943,25.10321
-5.0451193,-11.607419,18.094131,-0.17762646,0.44474372,6.2659936,96.35886,1.6712362,1.4388921,241.80052,17.913748,408.8827,18.672993,26.115122
-4.338397,33.247334,5.7368116,0.12801261,0.4649631,6.963338,92.98286,4.718514,2.0686762,583.46704,16.49422,263.00293,19.656115,15.039452
-5.3388042,33.480156,7.0905604,0.31997448,0.56670547,5.618598,97.589554,4.0552554,1.1859443,585.51044,19.970705,298.677,13.901516,30.632078
-4.9166737,7.1652145,14.366912,0.04829849,0.4533898,5.9667444,83.96145,1.7865785,2.0991695,367.72742,18.072742,344.39697,18.733011,23.974157
-0.018901967,-11.877999,18.077286,0.26337886,0.44404975,5.5673766,97.49674,1.676557,1.1000087,249.88487,19.017538,449.03772,14.687352,30.811481
-4.6709404,32.7652,14.953552,0.32913435,0.4482077,5.724044,87.24699,4.0392375,15.112522,546.26135,16.460188,439.29025,15.697954,24.676487
-5.382782,33.09884,12.015848,-0.0972578,0.6084299,6.923753,74.461266,2.4017887,9.393865,585.1522,17.063566,262.99493,19.886,15.635475
-1.0995556,12.842223,7.3512416,0.04856912,0.5829697,6.918691,73.78412,4.6016126,1.96541,559.6528,16.836441,267.10483,11.310091,13.280785
-5.429925,33.70553,4.5300865,0.31358042,0.5999087,6.8600335,80.360344,5.3988647,1.8886425,585.5147,17.71187,391.08173,8.030886,15.743054
5.6636405,-12.188876,18.05929,-0.16973895,0.45239702,5.5688076,95.97307,1.669897,1.0492399,239.89314,20.733374,448.9579,11.031201,31.073036
-0.9841734,-11.616317,18.148937,0.32128263,0.44377038,5.567288,96.97537,1.6821455,1.207669,248.63625,20.068655,449.02673,8.541378,31.068188
-5.4590826,-9.209834,17.422325,-0.00508609,0.5381778,5.6673865,95.663795,1.6732796,1.1623437,574.8128,20.627722,292.8372,17.776632,26.175232
-2.0860465,30.596155,17.3425,-0.09804178,0.56564456,6.948187,94.31296,5.748382,16.050493,327.0075,16.498293,265.1794,20.477251,12.937913
-4.3764,-11.930408,17.566257,0.1804718,0.44810197,5.7307806,67.27157,1.6735793,1.713455,246.52675,18.335268,406.5048,15.953375,30.762274
-5.403159,33.669327,14.416852,0.32891008,0.44890738,5.700319,84.26432,5.6578536,16.27224,583.3335,16.964085,348.98105,19.772768,21.559868
-5.0041924,-3.5701382,16.000515,-0.1845758,0.4544549,6.9460897,93.54271,1.744534,1.207814,241.48209,16.72431,263.57327,20.230757,15.136856
-5.0317097,33.29322,6.9283476,0.3234055,0.5004021,5.582179,91.91729,2.6210992,1.2535198,581.4624,18.708586,392.18784,17.993656,27.047033
-4.5142555,-5.3637385,13.068061,0.32234582,0.45181683,5.571121,58.066452,2.622924,1.3338897,583.5084,19.824594,448.64484,6.139304,31.072498
-5.526973,-3.5003216,16.229979,-0.17790967,0.5117584,6.87998,97.21778,1.6771427,1.1829193,254.26277,16.754103,298.17526,19.560974,17.577805
-5.3957195,33.66919,6.4795256,0.20291021,0.52337897,6.683672,97.4098,5.589024,7.3352857,545.75934,16.450535,276.27585,19.271378,12.940855
-5.186943,28.886944,7.3415227,0.21580732,0.5029643,6.6380687,83.60353,1.9720227,1.208041,585.52045,17.57683,307.18735,14.048026,27.969898
-5.5324516,-6.710052,15.816299,-0.12699604,0.47762135,5.5921755,88.81417,1.6711434,1.0493276,584.08997,20.733185,422.43985,12.40923,31.071812
-4.8620625,-2.7785094,14.568107,-0.18227848,0.45847395,6.6673546,97.29998,2.2509263,4.2355585,245.44864,17.514513,282.42947,19.078068,13.13737
-4.6551495,22.302874,10.847436,-0.14085105,0.517644,6.9709215,92.06101,3.1141503,9.15775,372.4436,16.658234,262.8931,20.025642,12.947166
-5.5515013,9.271104,8.559467,-0.095912375,0.46724066,5.8009315,93.55786,1.9222119,1.067374,548.01953,20.451748,327.32666,16.168453,26.650654
-4.9833355,-8.268575,17.71514,-0.051575024,0.44943506,6.3150525,97.59634,1.7429794,6.8474636,240.08714,16.812185,337.78775,20.442596,13.097485
-3.6710417,24.683058,14.060248,-0.033766482,0.49834985,6.970199,92.20832,5.7491355,18.264177,240.14967,16.453636,263.45096,20.520672,12.939572
-4.326564,8.833412,18.151197,0.31730708,0.44346458,5.577782,94.44918,1.8654277,13.879758,239.80019,16.460026,448.9458,19.917723,28.395931
-5.2205334,33.558655,15.630214,0.31446898,0.46357244,5.852449,96.16845,5.8023777,17.319046,269.01074,16.44745,445.7854,20.382483,13.006186
-5.118019,28.13423,16.293777,0.18643376,0.50818694,6.8732696,84.50411,1.6956774,1.9394166,568.1532,18.004583,267.96045,18.43994,17.986868
-5.159651,8.825413,16.406689,-0.14560623,0.44779155,5.7546625,92.98864,1.6753718,1.5113113,551.57007,20.243425,349.16913,18.427265,24.155561
-5.368307,9.575044,17.666496,0.3322955,0.4504426,5.567335,97.5187,1.6990882,1.081578,514.881,18.69905,449.0026,17.8215,31.05086
-5.311223,25.0336,14.022882,0.3323473,0.4648508,5.574304,92.35404,4.3115296,9.232143,448.44562,17.298758,446.33713,9.660915,30.571535
-3.23505,33.1033,18.070658,0.33155677,0.4786641,5.608206,97.55715,2.0542803,1.1951635,555.4375,16.607546,448.68686,10.846037,28.123596
-5.33512,-3.270322,13.452614,0.1292318,0.46579275,5.5887527,86.41278,1.6886722,1.0850084,539.86865,19.246159,365.14114,15.491079,30.70017
-4.9846,12.300236,16.368101,0.3295064,0.44816276,5.5701265,97.101944,1.769775,2.3095691,445.76984,16.698378,448.76474,12.905218,30.900738
-4.1279707,33.69698,7.1094017,0.28455514,0.58562285,6.9307833,94.24696,5.797104,15.129821,583.744,16.456865,265.14932,17.668823,13.017061
-4.5923405,-5.933759,17.676067,0.33296457,0.4448529,5.568303,97.059326,1.6796454,1.4829347,356.29556,20.197853,448.96277,7.9233303,31.059803
-4.587435,9.946096,8.470543,0.29035547,0.4467297,5.7560277,95.94845,1.673375,1.0685003,328.18478,17.33406,440.76944,16.865486,30.076324
-5.513811,4.1912794,16.320475,-0.14752734,0.48351133,5.8782887,96.12501,1.6710294,1.0612915,518.0439,20.598263,317.24084,18.289742,29.037008
-4.79218,-1.0998663,18.026886,-0.15596797,0.49981165,5.705363,89.13708,1.6747772,1.070833,579.85803,20.723282,312.96252,20.051786,30.961645
-3.5470917,-6.049478,16.299486,-0.047271673,0.46761793,6.1414495,85.62277,1.7458239,1.1702716,250.45312,17.022114,413.33878,16.926777,15.232255
-5.4993753,32.086292,13.784108,0.20387642,0.46846208,6.1509485,97.13533,3.779881,11.754478,251.18405,16.829649,282.485,19.184622,21.664242
-2.288501,15.224781,17.053299,0.3252352,0.46395612,5.5685844,93.76227,2.7592912,3.0241535,553.0349,17.702393,448.78723,12.652951,30.689917
-3.3887827,-4.9622817,13.646603,0.31015748,0.44929132,5.567418,97.481766,1.6795677,1.1063945,575.1861,20.04371,448.97012,10.131564,30.995697
-4.554619,33.202774,8.242783,0.109585114,0.47941482,6.942835,76.18984,4.5551586,7.649934,583.2837,18.034243,266.09467,17.946964,13.425538
-5.0784407,29.32562,13.532667,0.29290408,0.4560495,5.9040813,96.86661,3.478246,9.449827,272.67654,17.388062,326.4217,17.40385,18.372704
2.316489,-11.491174,18.091673,-0.18306509,0.46135595,5.9444633,90.727776,1.6740686,1.0751998,263.11993,20.6077,358.10718,18.420345,30.635681
-3.7949407,32.95034,15.408487,-0.18258694,0.6644235,6.9695525,50.152225,2.6039155,1.7426965,580.3314,18.703106,262.65256,18.372284,13.019376
-5.372423,5.3045034,17.882946,0.29505667,0.44814125,5.5680795,80.68109,2.968513,2.4951007,431.92776,19.665812,447.65277,20.122173,30.958418
-5.6457977,17.617317,15.148514,-0.16254699,0.50532866,6.958733,95.96813,2.732275,2.0649445,301.06158,16.564724,263.62555,20.137291,13.02816
-5.2328615,20.745451,13.623193,-0.120021276,0.4542679,6.939312,94.52039,1.9133584,1.2684181,379.27814,18.01121,262.91583,19.643595,13.983484
0.62209,7.2499366,16.51,0.18639909,0.4532023,5.9914083,92.90596,1.7142972,1.1322839,249.02097,17.058123,434.77176,16.129572,29.658577
-5.46064,-1.9257416,12.799471,0.051418003,0.4616196,5.6331134,97.2943,1.6708335,1.0827959,563.6239,19.438421,432.51712,16.36964,30.285769
-5.048251,30.988956,17.21584,-0.13888584,0.46077946,6.869215,96.75085,2.3272047,1.4660394,510.0849,17.041616,268.1438,19.665709,13.783135
-5.1410227,-3.8599217,13.767411,0.12724884,0.45721933,5.5980954,96.35046,1.6877731,1.1533887,427.8199,19.55106,440.51523,14.773077,29.855146
-4.338443,30.829218,10.4716015,0.31997606,0.45048958,6.119765,89.32062,2.1198559,2.6765954,584.0099,17.031324,415.19046,18.145693,29.012072
5.8611455,-12.187713,18.200548,-0.18630001,0.44872218,5.5915413,97.13021,1.6700014,1.0791891,239.78902,20.578932,447.63092,13.3617735,30.578558
-5.623146,33.306534,13.939263,-0.16388096,0.46675086,6.772738,97.49778,5.7714024,11.532193,362.4957,16.499998,266.5861,20.159504,12.925763
-5.4622183,33.580517,7.529745,0.32477084,0.4975208,6.872655,97.216606,4.393628,4.333873,553.41785,16.488863,306.6218,20.089363,14.12013
-5.652713,33.49698,4.7064543,0.33069655,0.4466734,5.597724,96.222206,2.9913697,1.2025154,585.5781,19.698324,442.90164,11.658302,30.889336
-4.53053,8.330725,18.10749,-0.10409548,0.44923165,6.302367,97.36487,2.6414185,15.7496395,445.08514,18.995148,295.84784,17.671497,14.42402
-4.5148373,22.377014,17.604683,-0.11656139,0.48646817,5.8458385,95.80971,2.6058667,1.7653339,496.0605,19.007122,301.10767,14.516754,22.070192
-5.3200626,24.58763,5.631122,0.26773632,0.5012814,6.27111,93.73479,1.6857814,2.3063877,571.2597,16.994116,286.1612,19.818693,27.74713
-5.3279037,-10.493436,18.182806,0.25379592,0.4445669,5.5672626,95.86793,1.6717149,1.145622,366.30008,20.594034,448.88953,16.599892,31.071262
-4.9223785,-11.865493,18.148901,-0.16828741,0.47767556,5.75843,81.765724,1.6729592,1.0533121,247.66212,20.273775,413.90765,19.384665,30.884666
-5.0838575,-5.3601737,17.962976,-0.17976281,0.51277256,6.90504,91.42419,1.8042057,1.568589,240.86867,16.536926,265.0353,19.778334,14.235587
0.98697627,-11.801589,16.113539,-0.18711573,0.62788486,6.8532596,91.079735,1.6900765,1.0519884,255.16306,20.659077,265.3298,11.932696,15.003341
-5.409954,29.019093,12.704259,-0.03581887,0.44630817,6.9167857,90.24642,2.2155232,1.5138147,558.72876,17.403894,265.155,20.331789,15.395223
-0.82038224,-11.07871,17.372932,0.3137818,0.51213723,5.5681257,87.48621,1.6701869,1.0499008,430.24197,20.71491,448.1868,6.374589,31.074526
-4.269953,20.938581,18.17372,-0.02447972,0.44866002,6.7433534,96.91914,2.2416878,18.412382,240.49352,16.617592,348.14005,20.546045,13.3860655
-4.7992268,29.903727,17.564167,-0.110783465,0.52522033,6.8009596,96.2892,2.339245,16.673801,330.4145,16.579145,264.39172,20.368416,13.431474
-5.4958096,32.33669,5.6310115,0.3220871,0.5607044,5.804618,79.12115,2.4748814,1.1814029,583.1824,17.43159,396.18835,7.6239996,29.008955
-5.622076,22.025288,16.65902,0.2019785,0.48820272,6.3544984,72.66282,2.7314348,10.143877,331.6414,16.953684,329.80093,19.39382,25.686132
-5.4345236,3.7636387,12.885344,-0.07616063,0.5383521,5.5996118,95.43832,1.7050003,1.0787408,555.30023,20.726215,330.6809,18.961191,29.983795
-4.9352837,24.758091,7.5709157,-0.106883444,0.619504,6.906936,87.48608,2.414037,5.4934444,582.2785,18.35325,263.33765,19.953386,17.990929
-5.1067696,-6.379358,17.112625,-0.1761565,0.48717347,6.9082785,93.619064,2.1390128,2.041179,243.90858,16.568174,300.20554,20.118567,12.985922
-4.4588137,-11.952479,17.743805,-0.15672022,0.64103895,5.568927,94.774216,1.6699525,1.049545,247.37181,20.54979,437.66287,15.625152,30.911406
-5.4687166,29.851633,6.280154,0.2337874,0.4789541,5.604839,94.41155,1.7394154,1.0691316,585.3116,20.538668,432.86597,14.233279,30.946121
-5.0479584,-7.862825,13.638039,0.10563938,0.46118015,5.569615,97.3123,1.6804532,1.0919387,374.83997,20.212555,443.81473,18.423437,30.037342
-2.932676,-11.441207,17.86233,0.3081395,0.45750403,5.680052,76.06523,1.6705216,1.133148,245.98068,20.02625,446.10464,13.208013,31.050293
-1.3313991,33.33876,13.889852,0.32682112,0.47969338,6.6082897,70.6508,5.79036,18.558931,582.6665,16.516117,313.9231,20.37514,15.0896435
0.20350632,-11.9024,18.13942,0.32545578,0.4524383,5.567243,97.53527,1.6917793,1.1053655,240.6988,20.65083,449.04425,6.464691,31.073559
-5.1564827,31.461374,7.069682,0.30708972,0.46814767,5.7616534,91.578575,2.8035321,4.4918103,459.54517,16.516726,383.14215,18.35114,28.982103
-5.1517067,-8.912353,18.059069,0.010533878,0.59342057,5.5948277,92.12625,1.6699463,1.0558031,340.91583,20.46484,441.95172,14.209719,30.81704
-4.8728237,21.135384,7.908014,-0.11164481,0.4630937,6.9447722,88.31323,1.7224249,1.4024303,399.76825,17.242863,263.81052,20.008114,19.31727
-4.277878,13.887802,17.578203,-0.1480423,0.45924762,6.974607,88.18247,3.3919287,18.148949,248.2933,16.491297,263.2779,20.591919,12.947123
-3.7878244,28.453493,18.100655,0.3137907,0.44804204,6.5322914,89.24304,5.655817,18.559088,240.49849,16.452118,438.08533,20.430212,13.488855
4.962988,25.941149,17.88238,0.3072588,0.4489538,6.9101906,66.19924,4.9176087,18.602962,241.49844,16.447763,356.10785,20.46327,12.930692
-5.514037,32.72471,15.541496,-0.01296522,0.56392133,6.4374065,92.62096,3.588582,2.529445,487.8372,16.631563,270.07175,19.19768,14.232574
-4.9550943,-12.064076,18.098545,-0.17441297,0.4519986,5.68964,96.94986,1.6712004,1.0635078,321.19937,20.610863,403.59232,16.993504,30.903248
-5.681678,30.429144,13.569164,-0.09265625,0.5308223,6.9287987,96.44059,1.7271136,1.5397604,573.7443,19.53386,263.40546,20.288387,13.340374
-5.5051975,8.002795,7.672446,0.30150387,0.45244,5.5712843,86.10226,1.7018367,1.0624979,584.14343,19.601976,445.24484,6.6861,31.064081
-3.7043865,6.511856,18.145914,-0.14939906,0.44383892,6.720066,96.62232,1.7140383,17.625029,239.83266,16.45708,368.0788,20.575943,13.126932
-4.7640047,33.24187,17.674162,0.23654276,0.46290514,6.9493656,97.126595,5.7814403,18.559761,336.35535,16.447287,302.0813,20.525766,12.964875
-3.130617,4.382935,17.98324,0.045247663,0.45023367,6.546976,95.774765,1.6741413,2.3443534,240.19467,18.382978,288.7827,17.938288,14.370067
-5.250638,33.579678,13.368158,0.32645205,0.49745533,5.770709,93.71139,5.7860017,18.363298,379.52744,16.503532,362.5215,19.985352,14.135707
-5.0434704,30.034346,16.537045,0.12950511,0.47028735,6.897986,87.494865,5.727448,18.46255,253.60959,16.461477,267.7017,20.511639,13.033488
-5.0291185,20.745644,6.8436294,-0.16257115,0.48021945,6.9736047,96.71201,4.8849382,8.358901,383.0877,16.505295,262.56415,20.547165,12.916383
-4.1003942,7.9706745,17.978811,-0.09041103,0.45019448,6.230357,95.072235,2.729025,13.399778,240.34097,16.898203,346.73798,19.936611,16.056591
-2.79617,-2.253009,15.609379,0.018900733,0.44943115,6.824352,80.83964,2.800105,11.7520685,242.88028,16.632076,296.99396,20.493994,13.329438
-4.53438,6.035058,17.740469,0.13496055,0.45273274,6.6610136,52.015488,3.4394467,18.027563,245.51024,16.48195,434.56122,19.614716,18.157663
-4.2538776,-9.9463,17.67555,-0.12356124,0.4470393,5.611531,94.14076,1.6712562,1.1880739,256.00793,19.59377,419.30826,17.790646,30.455482
-5.2311897,33.343624,10.580028,-0.11655415,0.45538163,6.874431,96.8675,5.0755153,1.5808055,502.57684,16.938189,262.75317,19.797379,12.999891
-5.387499,16.366407,11.117569,-0.18687165,0.60793775,6.9669137,67.017914,1.6902496,1.0775859,575.76764,20.190588,262.55682,20.47875,13.425674
-5.5184,28.227293,9.027541,0.27579907,0.45328847,5.5947127,70.46029,1.7931991,1.0977933,585.35547,18.017015,400.4733,6.860416,31.039814
-5.4996433,33.685097,5.6613703,-0.17479545,0.5901061,6.9586835,96.19938,3.7595654,7.3086767,566.8978,16.656324,262.59976,20.383965,13.261726
-4.726288,19.9932,17.700195,-0.028437886,0.45067337,6.238138,95.85713,2.679841,7.6617517,259.05182,16.890156,349.54947,18.374414,18.518248
-5.1963606,33.117275,16.527002,0.23013353,0.44766393,5.7534704,97.19382,3.8746643,6.816621,246.71016,16.608772,425.9528,16.381582,21.147064
-5.4654922,30.341963,14.33088,0.028326157,0.46276194,6.6918592,97.47989,1.8852412,1.6435153,555.99194,16.738533,286.46805,19.034573,15.438249
-5.326294,28.656286,16.137142,-0.117086016,0.45483235,6.72717,94.75127,1.7339631,1.4431932,584.93884,19.17836,286.4972,20.259298,17.409756
-2.6328704,17.483723,17.515581,-0.14895792,0.4643799,6.816983,93.98079,3.6713731,13.362451,240.53957,16.451902,316.69073,20.019108,12.944212
-5.6094837,33.63101,8.793571,-0.15911922,0.6601964,6.9741306,94.61611,5.793506,3.7559144,585.0818,16.798712,262.51944,20.573606,12.913339
-5.6333323,33.71987,4.632146,0.33200866,0.5065256,5.9583406,96.11043,5.7898383,15.372506,585.5933,16.687338,344.81842,8.895941,25.888668
-4.2497244,22.694092,8.488032,0.322463,0.46589613,5.9502935,85.97896,2.006767,4.647991,563.77124,19.493746,309.59488,15.662837,30.873377
-5.081381,4.849939,16.674822,0.05616276,0.45352107,6.620589,61.785492,1.7817352,2.521723,553.83264,18.996834,295.50983,20.186842,20.987715
-5.1385546,-12.177917,17.99024,-0.02538139,0.4499699,5.569652,91.87126,1.6704859,1.0596254,240.67651,20.67907,448.5683,12.578474,31.048227
5.2618012,-12.122411,18.129045,-0.08569188,0.44413525,5.581786,96.980865,1.6888765,1.3672407,239.79625,20.686401,447.3182,19.677982,29.983322
-2.8431265,20.178396,14.723426,0.17990837,0.5416583,6.736605,67.851715,2.0922153,3.695864,574.2415,16.912592,274.64938,18.52319,17.453266
-5.48403,5.00806,10.951942,-0.1744363,0.634664,6.938038,97.63599,2.9975865,1.2034557,335.44565,16.812498,262.74704,20.43227,12.923712
-4.5307646,-11.779353,18.14314,-0.171356,0.5600994,5.5783124,97.83539,1.6700159,1.0491464,243.94998,20.72035,361.34146,19.693838,29.50426
-5.238414,-0.3676532,18.1577,-0.16443338,0.45000523,6.7179704,91.83221,1.674821,1.8467848,287.0118,18.754534,300.07596,19.402714,19.750322
-3.8777149,-4.896314,10.959219,-0.022104587,0.46432245,6.1896,94.576775,1.7566695,1.885618,358.6051,19.210934,300.93732,17.047688,28.48521
-4.5900917,26.353468,10.539452,0.33300424,0.45786032,5.567588,90.502525,3.9828515,3.9264333,584.69214,17.279783,448.83673,9.062294,30.82763
-4.1322775,-11.286651,16.206675,-0.1736715,0.44771484,6.725204,96.699554,1.6700302,1.1222761,242.49599,18.447977,290.91162,19.534779,27.555958
-4.659071,-11.321551,11.115275,0.20836113,0.47608685,5.5674496,97.49399,1.6746284,1.0651739,491.8685,20.728867,445.72546,13.615174,31.069197
-5.6102734,24.750284,8.9466715,-0.17647989,0.5861187,6.9746804,96.07198,1.9366345,1.1966283,493.99658,19.604588,262.52133,20.520273,13.545257
-4.962599,-11.022672,14.410956,-0.18664601,0.4761276,6.9543324,92.86281,1.7265402,1.1014287,273.79333,19.102625,262.98065,19.211079,13.445199
-5.5650845,32.6735,7.4800725,0.32113442,0.48546088,5.6091127,97.14849,2.430747,1.380163,531.0306,17.594492,439.19696,13.085017,28.562977
-5.0499334,30.874302,15.28111,-0.11071522,0.59805864,6.974212,88.40205,3.943787,5.744522,377.03876,16.451004,264.05634,20.515095,12.922698
-2.4248521,32.710205,18.037798,0.17963889,0.4495854,6.149943,97.20877,5.8045373,18.521175,269.38568,16.46294,358.54944,20.58556,14.680567
-3.0441573,33.720123,5.8710213,-0.08818496,0.6674595,6.974592,95.87251,5.578076,16.840221,571.94586,16.450232,262.5401,20.533863,12.927713
-4.7458515,7.756367,9.207924,-0.17195196,0.45459732,6.930292,95.95958,1.9201754,7.3485208,262.012,16.824608,266.5925,18.054428,13.051705
-4.2586117,30.377972,17.783932,0.04715323,0.50743765,6.8027725,90.628,4.3763976,16.76844,251.21616,16.472858,291.1408,20.518682,12.920019
-5.474684,-0.58382064,9.7312975,0.32229522,0.44938824,5.5672445,96.41345,1.6733505,1.0499341,562.3702,20.725563,448.82553,12.6081915,31.07463
-5.4691973,32.746857,4.942102,0.057502758,0.66578364,6.967812,92.88521,2.728532,3.0682456,480.92413,16.800995,262.8253,17.775724,13.07699
-5.5955153,7.3084216,16.006298,0.32957795,0.4475799,5.567247,96.188644,2.3761396,1.2737739,584.642,20.706167,448.75668,6.431394,31.074203
-5.568573,31.951195,16.722414,0.26897395,0.4801687,6.1928306,78.1872,4.8938737,14.126917,435.31842,16.48481,383.95676,17.655827,18.03051
-5.525794,32.164394,17.797235,-0.12153373,0.4609255,6.9282165,93.88825,2.832793,7.0809417,435.09784,17.480919,278.58664,16.152191,15.235037
-4.756673,4.1092796,16.168957,0.30714422,0.47330135,5.645391,83.86697,2.9054139,8.178907,360.97797,17.09453,446.27136,13.719743,23.796808
-5.6458893,20.435131,16.282629,-0.17709485,0.53729427,6.73468,85.73324,1.750803,1.5528162,446.0341,16.99295,266.15637,20.551266,15.256898
-3.4160945,30.197712,18.045288,0.16956796,0.45225033,6.440937,94.11546,5.4230685,9.653114,368.32312,18.655277,333.7078,17.338749,24.4329
-3.6220195,3.2357094,18.169683,0.027633078,0.4439004,5.78697,97.62264,1.8575238,3.092551,239.8968,16.834177,447.49048,19.869688,19.238342
-5.076789,7.5845,17.088352,-0.17547086,0.6467042,6.9257708,92.00845,2.0270448,2.063184,244.16254,16.836466,263.69305,19.875917,13.154138
-5.3807755,30.482859,8.026237,-0.17190571,0.65467715,6.9746337,94.32749,5.258511,7.6804934,569.1693,16.507463,262.527,20.4814,12.912956
-4.855013,-12.045268,11.35612,-0.16690004,0.45434693,5.636582,96.479164,1.6701401,1.0499742,241.80899,20.713926,343.36975,19.54737,29.849182
-4.8917265,33.109623,17.972223,0.30824688,0.45417035,5.662202,90.10245,3.7594,17.963951,510.03525,16.79301,428.86206,15.788968,22.576141
-4.9884977,-6.182958,18.101028,-0.16101119,0.4540211,5.7509904,84.027054,1.6705414,1.2361448,244.25096,18.249237,430.89462,18.175789,25.737446
-5.102578,32.307568,14.869979,-0.006156649,0.45816877,6.777271,93.85571,4.83924,4.7124157,499.96722,16.544674,270.38193,20.124926,13.053148
-5.3001423,1.2727848,16.940712,-0.16153365,0.4765179,6.1644163,92.56414,1.6967434,2.1443098,343.1508,20.469177,313.69302,17.652435,19.835793
-2.1293962,23.292522,16.18754,-0.18337941,0.63316715,6.9524336,96.547615,1.9131905,1.1878126,584.5467,19.495975,262.74976,20.395624,13.078458
-4.330407,31.51622,9.905248,-0.18407795,0.56380236,6.9720507,94.73277,5.411007,4.879548,468.37723,16.601954,262.5573,20.255833,12.920628
-5.4598894,0.9970519,12.284434,0.18133236,0.45213336,5.629434,93.69884,1.7503927,2.648925,544.6112,19.733269,382.38052,16.488873,30.121225
-5.2255383,32.483833,12.9393835,0.33127064,0.47173345,5.8481355,69.578766,5.6485624,17.752514,585.18005,16.610895,418.28558,16.697811,22.359793
-5.4410315,33.575394,17.450687,0.3023294,0.48974776,6.890369,75.47687,5.776704,15.658915,460.43228,16.453732,355.24542,20.44236,13.560809
-5.249833,-4.3334785,7.9334936,-0.028689485,0.4663615,5.7465425,96.3663,1.8593636,1.2111537,264.0659,18.755669,428.59833,12.518678,18.201338
-5.295164,31.314953,13.452794,0.08711945,0.6294918,6.8910275,64.349396,4.017745,4.794987,554.80646,16.455318,277.56235,18.126211,12.970838
-5.301589,32.723267,13.141937,0.2990958,0.44802463,6.039347,96.58437,3.7473001,8.284861,407.3935,16.478447,362.88632,20.270124,13.067532
-4.604498,-7.6663623,8.12323,0.31002662,0.47165686,5.6233573,88.21211,2.2775717,3.1859567,252.61267,16.519331,444.00677,18.817495,26.608692
-3.2688005,-11.490954,18.196157,-0.0579922,0.44456762,5.579264,97.52483,1.6699036,1.0987422,239.7915,17.902445,448.8943,14.813377,30.989191
4.7012568,-12.180997,18.192549,0.23706867,0.4450822,5.5675545,95.180336,1.6703078,1.0725944,239.79791,18.862232,449.0442,14.572391,31.060112
-4.74708,-8.4990015,18.07022,0.03467984,0.45090893,5.5964413,95.04871,1.6712252,1.1108329,557.38025,20.62396,425.48544,9.066177,30.840609
-4.0946207,27.019499,17.964014,0.0672416,0.44611213,6.049865,96.58812,2.9109879,18.104652,283.19467,16.691786,379.66238,20.154377,20.562727
-5.058861,-0.28215533,17.070515,-0.0491261,0.4479879,5.5733213,96.100334,1.729241,3.3739164,245.18059,20.215643,437.80762,19.391449,30.9829
-3.5455077,-4.590135,17.643059,0.2179306,0.45492318,6.28896,87.766685,2.0400198,3.058726,259.8346,16.948633,323.17975,20.359663,16.912205
-4.524847,33.30067,11.188706,0.18464154,0.6222169,6.9714637,73.14616,2.8939035,16.013187,527.3216,16.488428,264.2034,18.184692,13.417979
-5.499033,24.566643,14.4722,-0.105543174,0.46471477,6.792723,94.99163,2.795049,15.022693,250.13191,16.6012,267.62064,20.174501,13.090924
-5.691388,-0.004073455,5.6532545,-0.07315437,0.54347235,6.0024543,94.97638,1.7424526,1.0519865,574.7243,18.633184,264.13348,18.523108,29.357126
-4.7358427,30.879526,5.931815,0.330266,0.48819876,5.59145,91.74251,2.740074,1.1922643,582.59143,18.586113,405.67355,13.914363,29.419664
-5.471986,23.391565,17.405954,-0.18284747,0.5106597,6.9703665,87.99717,4.3078074,8.924581,283.46106,16.58999,263.53525,20.560196,12.919994
-4.9272375,-8.104671,12.550594,-0.15644905,0.45387557,5.794632,91.058975,1.6759032,1.1460826,280.5043,19.253006,326.48926,19.93879,26.174751
-5.207306,26.632605,13.666695,0.042077653,0.4629052,6.784478,93.17732,5.6341867,14.660365,457.2237,16.568151,275.2393,20.157797,13.130662
-5.179225,33.58277,5.9994884,0.29771692,0.5582148,6.643875,64.45161,5.7365246,17.544876,574.1543,16.475645,273.49002,18.01791,14.042571
-4.923808,-2.808016,16.33271,0.056842055,0.54841286,6.9260373,96.862885,1.6724573,1.0853565,543.86273,19.991653,275.0458,17.790215,24.587587
-2.3672106,18.379951,17.421577,-0.18588576,0.5599859,6.9737844,95.47937,3.3594885,8.645756,242.98497,16.458456,262.53265,20.579176,12.913118
-5.079728,33.724533,5.4966593,0.22117506,0.6017298,6.971177,96.53391,5.802559,18.153631,585.5955,16.453123,262.5656,19.152758,12.918244
-2.0084188,3.302337,18.14249,0.2836169,0.45074663,5.6142,96.84059,1.6803952,2.0934012,386.1829,18.055513,446.0057,17.639013,30.871107
-5.472621,20.340462,15.981336,0.32664734,0.44933626,5.569274,97.14581,4.8784823,6.935344,455.98282,19.070993,445.44138,16.945822,30.605968
-5.481722,14.602526,9.608933,-0.059677165,0.48055777,6.3256187,92.86139,1.7382553,3.63398,364.88223,16.794579,296.98315,18.203861,17.608355
-5.0416565,29.309011,7.7823243,-0.12051911,0.6179555,6.6495667,93.83776,1.8158813,1.1102121,582.7681,17.578505,268.99088,18.651997,17.16253
-5.406639,-6.2523932,16.074959,0.313748,0.45613515,5.599421,67.19306,1.8975174,5.1027923,519.1757,18.538635,446.47696,19.772491,30.993511
-2.40822,33.300827,5.6913395,0.31191832,0.5059962,6.919448,66.42891,4.4758477,1.5789306,584.8088,17.274273,288.394,13.204962,17.585585
-5.3670073,-0.55241996,17.805355,0.331983,0.45933986,5.5854855,90.44926,2.188768,16.02073,274.47998,16.614735,445.74213,20.294529,28.264252
-3.318092,-10.9671335,18.010351,-0.059525277,0.44822854,6.846788,90.48649,2.459031,4.676491,240.02477,17.312107,370.40225,19.155773,13.26986
-4.3512974,5.297323,8.365003,0.32705453,0.46956983,5.5922637,95.85096,1.6800979,1.1556203,577.7027,20.663517,373.05344,12.36608,29.847551
-4.40569,1.8102747,17.957275,0.059818536,0.44503313,6.425778,88.10327,1.903794,4.782475,248.55269,18.642014,403.82916,19.021275,16.615416
-4.4713907,-8.452849,6.1733227,-0.13971055,0.52668273,6.1284027,86.73306,1.6718231,1.0503929,572.931,20.732468,262.91565,17.879251,31.003384
-5.337985,29.091778,8.93254,-0.045989525,0.64221615,6.972117,87.0915,1.9547133,1.5093601,471.99924,17.322687,262.5238,18.49782,13.2280245
-5.4247465,-11.263999,17.42413,0.18896295,0.44513422,5.568021,96.38946,1.6745363,1.0645511,335.10522,19.60641,448.89804,11.195743,30.756544
-5.4953814,15.5308275,17.668264,-0.09488011,0.45262364,5.584481,97.055115,2.1357055,3.8778503,261.7668,20.431213,372.8527,19.411274,24.924644
-5.2366114,-6.3023963,18.170763,0.2675401,0.44657245,5.6882443,47.29796,2.6590827,3.0276692,243.19278,16.485811,447.28232,19.825304,27.98355
-5.531949,15.099061,16.95303,0.18419252,0.45907494,6.0851398,94.98821,1.8521478,3.20003,562.88306,19.1925,402.83823,18.673029,24.365887
-3.8333972,18.800045,17.940693,0.2695804,0.44532037,6.6573615,82.86981,5.3255706,16.56127,505.41272,16.79666,338.27963,18.618668,16.281813
-4.9505806,33.584797,17.232893,0.23613718,0.45495114,6.9038014,90.76211,5.3834476,18.171396,345.3198,16.452042,339.203,20.476187,13.348954
-5.068836,33.577126,7.421373,0.24130295,0.5130428,6.9311953,94.56925,4.9799905,15.953108,562.00885,16.614065,267.94614,20.41734,15.677434
-4.643628,33.344624,15.235734,0.11312823,0.46961796,6.888317,97.31304,5.5300856,11.344602,404.4133,16.457241,271.4339,20.5523,12.96427
-4.035245,33.444214,17.404448,0.011026052,0.47401243,6.973088,88.34166,5.773082,18.312948,411.2681,16.450409,262.7192,20.52482,12.914249
-5.4040966,18.384615,17.68896,0.29932562,0.4713748,5.576191,84.26346,1.8445007,4.5525923,417.1258,17.901588,442.17465,18.032763,29.159046
-2.2417834,2.256436,8.560102,0.3156702,0.45369154,5.5737743,95.639755,1.7018019,1.1004694,585.239,20.72527,440.5227,6.7607994,30.866995
-5.3422823,-3.6595843,17.477337,-0.096445866,0.44744545,5.678311,96.91317,1.6712152,1.0528162,580.9891,20.64614,395.44357,14.56086,29.962889
-1.27804,32.64279,17.89379,0.049334683,0.48742306,6.9645443,94.89296,5.7736163,18.573149,260.324,16.454155,270.876,20.534834,12.9287
-5.49922,7.7632966,15.378878,0.31301326,0.44595963,5.5709257,97.07766,1.6729156,1.1771295,471.75714,18.256426,447.51617,7.3626475,31.032862
-5.4991465,29.957518,13.227799,0.20307179,0.45164225,6.1835623,91.588745,4.3386183,13.218146,427.4521,16.565321,356.49817,19.987434,14.759346
-4.8764563,20.0408,14.021286,-0.0820402,0.4479429,6.845729,97.07653,3.121578,11.258492,258.59283,16.840368,267.5796,20.42658,14.780339
-4.4086704,-10.7422495,18.073664,0.3223605,0.44436386,5.568953,76.27433,1.6904548,12.240523,243.40193,16.49511,448.7472,15.119918,31.063555
-3.650658,23.908848,16.347025,-0.16740151,0.58917284,6.9698544,95.57705,2.617164,4.4635677,364.73563,16.602007,262.5984,20.415432,12.9199
-4.535578,9.716804,18.100107,-0.17871583,0.46164042,6.867895,89.56555,1.8101343,2.7766593,241.16699,16.671656,264.89154,19.990496,13.657476
-5.48857,29.60301,13.8316345,-0.18103859,0.65572643,6.9746933,96.93089,3.4315686,2.4339101,314.4901,16.456211,262.5331,20.55042,12.923671
-5.407958,26.735622,11.503694,-0.11104945,0.60084975,6.970506,54.062466,4.738549,10.279999,583.87006,16.694761,264.84573,20.301031,13.029273
-3.390178,13.360285,16.639761,0.2998611,0.4808082,6.5794635,61.131737,4.369415,17.675058,365.76544,16.493479,350.89926,20.270254,18.14947
-3.9301202,22.158236,15.591638,0.007804316,0.47965747,6.9106164,94.734406,2.6039467,5.9799156,423.39642,17.014843,266.2986,19.845505,13.084608
-4.8753853,32.852386,10.564117,-0.17319742,0.48526272,6.972279,95.838524,5.7267303,14.12098,376.52393,16.473343,262.61447,20.192886,12.930105
-1.3263174,-10.121404,17.27364,-0.033063952,0.46569303,5.5712748,94.52873,1.6927212,1.1239498,243.43985,20.440197,438.11273,19.37352,30.833944
-3.7736313,21.103622,17.957209,-0.06407405,0.4446573,6.8567305,91.55882,5.5418334,17.323563,248.87402,16.525517,313.14157,20.2933,12.948837
-3.6661942,19.472345,12.1363125,0.31287012,0.44567126,5.585999,96.56403,2.6926115,4.976495,254.54253,16.570694,444.26242,13.102664,26.63421
-4.9878054,1.886439,17.960207,-0.04551926,0.4771138,5.608445,97.61144,3.15574,10.651606,280.29633,19.19552,381.80124,20.219404,20.143114
-4.041608,3.1093504,10.552541,0.26016364,0.4774223,5.619863,92.62502,1.6834432,1.3407581,379.43463,17.8777,422.44846,7.894641,30.899052
-0.19451109,-11.531735,18.015121,-0.18675321,0.44706333,6.9020615,97.07956,1.6722828,2.6813738,239.94339,17.26477,265.24673,20.295256,13.538138
-5.439064,29.679512,12.163762,0.1822197,0.47036192,5.5968566,95.38729,2.3269753,2.2042181,582.92706,20.213156,379.1579,17.500933,30.855503
-5.6410522,26.787886,15.088182,0.06425741,0.49001244,6.937431,91.712845,1.8229927,6.5682297,544.39795,17.687143,266.34042,20.189053,17.757881
-0.7905141,33.54863,6.03659,0.32239386,0.47564986,6.9326277,88.59097,5.72896,16.697691,576.8194,16.558512,291.84,19.205679,13.05822
-4.318614,-11.916888,17.822264,-0.06344435,0.46751636,5.5703106,97.43077,1.6699685,1.0495832,391.11713,20.720806,446.17505,13.455542,31.070902
-4.929845,33.38037,16.139101,0.33195034,0.46970412,5.5810113,91.04442,4.560934,18.094198,476.3298,16.507212,433.499,19.657532,30.064104
-5.6007385,33.655254,13.771316,0.33109415,0.5164321,5.64976,96.267044,5.7207766,9.303589,575.5974,16.504858,409.7941,19.90026,16.322697
-5.02487,31.177593,13.958352,-0.17099573,0.6064541,6.972339,89.72142,2.081086,5.2581167,430.32355,17.012632,262.621,20.47611,13.2142935
-4.7239914,-12.134555,17.71858,-0.106384344,0.47102532,5.5979247,92.92103,1.6699296,1.0502326,476.71875,20.730421,435.34543,18.451143,31.059956
-2.6065972,29.33253,12.360906,0.2283612,0.4524951,6.3694754,96.40973,4.1661587,10.441786,477.51086,16.633762,350.19574,17.898804,17.275833
-4.91457,33.595154,13.157984,0.28599223,0.5519418,6.9713593,87.055214,5.794967,18.55228,267.739,16.447067,263.29834,20.383438,12.924796
-3.166468,6.5536804,17.973545,0.2076635,0.4630543,5.9500422,88.91431,2.7416284,13.030271,248.33339,17.230972,395.4351,17.455547,18.596874
-5.5931473,33.53955,5.431944,-0.18345904,0.6426106,6.964581,87.508766,5.709745,2.1266797,579.9689,16.503231,262.6228,19.657164,12.918633
-5.349351,-0.33098632,14.824041,0.30763412,0.4485579,5.573015,95.22933,1.7217234,5.9957633,280.18246,17.017403,447.66962,12.420833,30.88525
-4.166606,23.047865,12.252349,-0.17596845,0.5511398,6.9746766,64.19256,5.60003,11.131219,288.85248,16.479298,262.5455,20.168234,12.913749
-5.113223,-11.665364,15.055302,0.23986933,0.44627446,5.582221,94.97931,1.6700565,1.0510242,431.28952,20.679121,444.13373,11.05906,31.045078
-5.4285555,-2.2327988,15.557907,0.31901553,0.4783925,5.5688953,86.234406,1.6704127,1.077626,525.3559,20.711004,447.56912,14.8928795,31.070312
-5.4573574,33.182396,11.008291,-0.18007556,0.6141623,6.9718995,76.50123,2.5110443,1.7375791,576.2064,16.895721,262.5746,19.948626,14.149802
-4.696597,6.6378202,17.706831,-0.020562682,0.44577736,5.6721644,95.97011,1.7986327,1.3152263,254.4087,16.72168,433.28738,12.457346,29.578157
-4.436924,24.810627,14.236392,-0.04568727,0.5537549,5.7704782,95.83752,1.726364,1.0644653,574.5999,20.285988,398.28763,9.348383,30.471954
-3.782914,-11.856437,17.952496,0.2232961,0.4462078,5.567425,97.7771,1.6717917,1.0996454,242.92928,17.877415,448.45377,12.495014,31.031757
-4.7251406,-0.4754327,17.556847,0.22923692,0.4439564,5.5681777,97.20333,1.6795503,1.2383382,249.68886,19.24641,448.98172,15.269922,30.938772
-5.4355803,33.40696,9.723486,-0.10401683,0.488981,6.9741073,96.99859,5.8006415,11.675917,569.34015,16.4588,262.8309,20.309547,12.917889
-5.5625525,32.652794,6.2507825,0.32386437,0.51946235,5.8887405,93.37369,3.0808172,4.300488,518.62665,16.643856,394.47797,18.758615,26.555603
-2.7170804,31.792551,12.370192,0.1316258,0.47178686,6.9740777,85.13816,5.617243,18.139334,354.15332,16.447348,262.8167,20.384054,12.922079
-5.574773,6.924598,14.279657,-0.18617207,0.5776932,6.9739304,96.895294,1.992563,1.1001356,266.95288,16.742252,262.53436,20.514225,12.96144
-0.9175869,-1.3492788,18.090075,-0.024225693,0.44716212,5.9779983,97.12471,1.8909051,14.120063,240.69432,16.475176,434.49228,19.527498,14.537702
-3.9795487,33.001358,14.846848,-0.039177503,0.61248523,6.965502,58.53247,5.7416472,18.586212,585.2219,16.478815,262.731,20.333738,13.294131
-4.256877,-7.4273276,16.980726,0.3213384,0.4454483,5.567424,94.71055,1.7868623,12.585567,247.16704,18.38166,449.00882,10.186618,31.061708
-4.31316,-11.0055,17.95412,0.31365344,0.44383302,5.5681953,97.0192,1.7815932,1.2156694,242.62236,17.198757,449.03806,11.855456,31.045
-5.491743,27.130463,10.264372,-0.179315,0.53431153,6.6571226,97.58679,2.7464066,1.3985746,277.37332,16.575893,268.4998,19.135239,13.123831
-5.3699055,7.4615407,17.26589,-0.15260464,0.595647,6.113551,92.7881,2.3799965,2.3053524,267.91626,16.963617,308.06546,18.613434,14.9775915
-3.9990532,-8.664636,17.911112,-0.17290033,0.49389964,5.607506,96.84437,1.6800827,1.8362997,241.16493,17.249685,438.21558,18.044,26.122944
-4.08677,24.46932,16.179705,-0.17854872,0.49278814,6.957675,96.55145,2.242208,4.636965,344.14792,16.564053,263.03726,20.315964,13.168193
-3.9623325,25.889364,15.898525,-0.15809868,0.48339212,6.943432,87.785385,2.4424593,17.886688,287.83633,16.521732,265.18704,20.545767,12.981211
-5.4691,6.5367785,17.303574,-0.12936686,0.46132693,6.1719174,95.30829,1.6735183,1.0877483,366.84113,17.495455,426.5077,19.053394,29.623844
-4.2643013,30.00228,16.710548,-0.1772151,0.45741814,6.9723263,97.206154,2.1240256,15.278103,272.7893,16.46886,263.30737,20.417782,12.949264
-2.8281014,13.19493,15.9992,-0.11119025,0.49283296,5.772763,91.66432,1.9522016,1.6345823,406.70428,18.386456,439.03897,15.308493,24.236109
-3.7331946,23.021235,13.180378,0.2894472,0.4928627,5.5921807,89.27189,1.7119373,1.1024969,585.2282,20.634867,427.67804,14.456555,31.05247
-5.5583134,33.720364,5.06081,0.23551747,0.45833644,6.940387,88.33883,5.1143365,2.75866,585.59247,16.857538,262.87714,18.364494,13.711169
-3.8588016,26.550781,8.8674135,-0.18200383,0.51621026,6.9743786,96.289116,5.4504275,10.383088,258.12604,16.464493,262.56772,20.577682,12.912764
-5.447443,23.821873,6.126272,0.057614945,0.5372461,6.626931,95.32784,2.5914543,1.094588,546.524,20.46148,270.32928,16.763695,18.158846
-4.2637596,-5.937013,16.585968,0.12746769,0.4694208,5.7361884,96.50074,3.1038904,5.8774667,287.65524,17.504862,378.081,20.065094,26.394762
-3.7614524,33.181366,9.475401,0.31101713,0.59514016,5.6587796,80.3713,5.425106,1.2297132,585.12164,20.67632,386.62585,8.936942,28.660109
-5.5806313,17.708523,17.862442,0.29048842,0.4501594,5.569326,97.000755,1.6705776,1.0553434,246.89616,17.487038,418.31415,19.473806,31.020226
-1.4995676,28.943254,17.66632,0.023238093,0.55929524,6.9255037,81.06606,4.056728,18.151228,249.24945,16.53109,268.25766,20.457804,13.57133
-5.3073864,32.04754,13.435751,-0.16355826,0.60605633,6.7574553,96.7952,2.4301188,1.5579565,584.6445,20.325329,262.6403,20.076004,13.347387
-3.0553167,33.31572,15.710066,0.18076785,0.56041193,6.9688597,94.78312,5.793138,18.507057,290.87128,16.466003,262.9983,20.48781,12.926851
-5.5605173,25.553257,13.250987,0.31400672,0.47907317,6.0585384,74.60983,1.7796162,6.1961055,520.3788,16.70847,402.3463,16.407288,30.138033
-5.2674065,31.84282,17.31519,0.10152807,0.4502998,6.9612656,94.48105,3.0824,16.170982,273.4844,16.609207,265.3457,20.546099,12.972647
-4.5882187,33.52913,7.491456,0.26865587,0.5278794,6.931906,88.226105,5.7805443,18.23504,585.0381,16.448002,263.81876,20.212574,12.99806
-3.1815984,-6.2236457,13.481963,-0.08814476,0.45252866,6.966878,95.93381,2.573825,8.50385,239.81827,16.485806,275.27438,20.335608,13.205552
-5.389103,4.251527,12.885857,-0.049366374,0.4836188,6.941634,76.2857,3.3137941,2.004144,584.5531,18.716398,263.3451,17.721436,15.627811
-4.859544,32.95726,9.7601,-0.00032710592,0.47269714,6.867266,79.55675,3.972316,13.399754,457.18158,16.45864,318.82892,20.262486,14.340437
-5.5632896,14.045445,17.750011,-0.17798033,0.46665123,6.8685637,97.37798,1.9709853,1.178396,375.19495,17.917395,263.79654,20.395378,13.573431
-4.8086567,-3.3313887,17.88572,0.21649995,0.4502978,5.6961393,86.85631,3.0704656,7.919846,250.97258,16.467562,445.85846,19.672422,13.773106
-5.3660746,1.0920588,17.817842,-0.18682495,0.4708852,6.9526343,97.66859,1.6808263,1.4506252,249.29889,17.454926,270.0912,20.539742,13.813878
-0.5512301,10.64902,17.87024,-0.02726293,0.48863262,6.9518623,90.46296,4.581552,18.600527,241.78972,16.457611,269.46475,20.307531,12.945465
-4.9985037,-5.227493,14.836705,-0.1286345,0.4720875,6.6123967,84.02668,1.736096,10.293167,271.1927,16.857882,276.99667,20.257977,14.794372
-1.479673,-12.059461,17.155157,-0.17338942,0.4483575,6.513882,60.06322,1.6759881,1.7788017,242.84213,17.86793,406.02408,18.54655,23.590517
5.101062,-10.820682,18.166935,-0.18425873,0.44458982,6.9711494,92.01317,1.6938325,13.455132,239.78859,16.48397,276.1432,20.562172,12.948344
-3.5246027,28.169619,8.406772,-0.066148214,0.49179283,6.6746125,97.52494,4.2755985,9.181787,407.2239,16.648773,268.73007,19.749256,13.090295
-5.433159,14.460441,13.421336,-0.17758703,0.5618975,6.947604,85.583145,1.6715769,1.0676277,583.1577,20.723799,262.5302,18.578308,13.727808
-4.7824335,24.2932,15.909579,0.31952593,0.48290858,5.5758853,84.17462,1.9216983,3.2184494,429.23495,17.127398,445.90024,13.514492,27.34557
0.071050026,-8.431941,18.115238,-0.18434268,0.46200252,6.963181,95.93227,1.7035233,6.780675,239.99626,16.53446,280.05942,20.562155,13.324087
-4.451557,33.534462,14.991442,-0.17396906,0.64826614,6.972956,94.74329,5.667597,16.970667,403.17975,16.447975,262.64874,20.346157,12.923303
-2.79434,32.99767,5.686025,-0.1705467,0.4909655,6.765354,93.542206,1.9530953,1.1407001,585.587,20.723654,262.66547,17.714947,23.717793
-5.47365,26.414593,12.174368,0.2814339,0.49763453,5.7033176,94.82755,2.777512,6.7264256,521.9095,18.599346,334.64557,11.958388,29.232662
-5.2477207,33.489525,8.245248,0.20632401,0.5291946,6.9493713,96.99015,5.606677,11.262183,585.3888,16.846376,262.6107,20.31432,15.004768
-3.5518134,3.1418517,18.085018,0.25455067,0.44970292,6.727522,82.889435,4.9727526,18.536533,239.92725,16.472334,317.43463,20.554031,14.726999
-4.6454973,24.248915,17.970346,-0.13650216,0.49507132,6.9572806,86.17957,2.0255194,12.745763,245.33102,16.499666,276.37787,20.46232,13.061476
-4.598934,-11.390117,17.163834,0.31788146,0.4635411,5.5687504,95.99289,1.6702591,1.057514,268.21558,20.62694,448.8278,9.560499,31.042002
-5.566845,32.846085,18.116539,0.2543341,0.44577917,6.622784,96.83108,5.7769628,18.607792,241.56633,16.45786,277.25253,20.56029,13.028034
-3.3389938,33.089115,7.011083,0.33222327,0.4666997,5.606731,97.23178,5.6776814,5.173023,558.59753,16.583876,445.59265,9.319281,28.60942
-5.463786,2.102084,16.68693,0.33224502,0.44462016,5.575629,95.69277,1.9786775,2.727875,474.02582,17.099566,448.64645,15.965468,31.021317
-3.0592382,15.385934,17.884285,-0.17986616,0.53804743,6.9733033,96.35334,4.076853,11.7726145,239.99939,16.56092,262.6054,20.574312,12.919639
-5.5991344,-0.16995843,11.237606,0.12958568,0.5079575,5.6889906,88.85524,1.8357904,1.2909887,584.5972,20.42065,344.3888,15.447078,29.62748
-3.5141995,15.232554,16.52186,-0.17820367,0.47248742,6.80345,96.62845,1.711944,1.489847,253.55695,18.103971,269.773,19.440363,15.178345
-5.3912697,33.140568,17.991999,-0.17373043,0.4470057,6.679844,96.33445,2.030601,1.1981704,312.36337,17.876663,270.66718,20.365124,13.243313
-5.4472427,29.72411,7.53424,0.31713074,0.57345843,5.774531,94.01471,1.9055384,2.3514988,397.17358,16.511942,384.1712,17.104778,19.651382
-3.0853736,29.607292,18.116327,0.09429068,0.47908434,6.463549,97.458046,2.0726526,7.600172,248.02806,17.499641,296.65988,20.157835,24.87146
-5.1954365,-1.6430229,17.99807,0.112094946,0.4544293,6.108297,89.676506,1.7499295,6.145844,500.83054,19.233526,326.31595,20.12808,27.394325
-5.1009216,17.003775,11.897344,-0.16827232,0.4822712,6.882077,93.91064,1.7269038,4.2111106,310.54468,17.282906,263.04453,20.444374,13.141022
-5.442255,24.84542,13.079918,-0.07599383,0.54239047,6.9481053,50.62701,2.645462,8.955091,568.7664,17.27883,263.07632,20.550747,14.160167
-4.864485,24.739086,17.25978,0.26313627,0.44471303,5.6263185,97.19169,4.4387364,13.860908,243.38887,16.606848,446.2032,19.584543,13.212856
-5.5098505,33.5832,5.057623,-0.14038996,0.5099408,6.895678,97.1516,1.7083658,1.0605724,584.0814,19.698069,264.97992,18.052202,24.519684
-4.3144865,23.361397,5.7477584,0.05805106,0.65389436,6.0476394,74.66475,1.677837,1.050885,585.5902,20.733414,262.84073,9.552722,30.698006
-2.5775898,9.247333,16.290209,0.24150637,0.45063093,5.582894,91.66434,1.9487648,4.9312515,555.40497,20.66657,422.04675,18.21388,30.76994
2.8985968,21.652,16.861074,-0.1869536,0.49178374,6.97462,97.448105,2.3759844,10.041865,239.9622,16.455805,262.54782,20.591042,12.915115
-5.2368307,30.435812,13.878256,0.0927885,0.5729079,6.7849226,93.12658,2.2159278,3.5036628,573.2453,18.69906,264.31052,17.725357,13.490729
-5.531806,31.348166,17.377409,-0.049831722,0.4709335,6.8987074,97.63105,3.0016012,4.431959,334.99097,16.788141,271.0317,18.441278,13.428872
-4.8672466,9.454685,7.3200245,0.32910118,0.45385703,6.1160235,75.16328,1.9858658,1.2949064,581.7814,18.979923,389.85028,7.2699933,29.987627
-4.4743385,33.62844,7.1640134,0.31067324,0.64880043,6.960955,66.16959,5.768532,17.747595,583.64264,16.447025,263.7034,20.13485,13.043196
-4.982445,30.9978,15.110358,0.32431403,0.46820667,5.592347,81.7798,5.653599,13.250478,572.7953,16.820652,445.14844,15.277497,30.180895
-2.7829764,25.87545,5.373608,0.18313724,0.60733056,6.7446566,93.02901,3.7624826,7.2492504,541.10675,19.201567,318.96176,16.8714,21.869362
-4.7147684,22.5907,14.727409,0.32490262,0.4582843,6.3354425,48.710926,5.484068,5.985358,560.1204,16.622124,446.99863,14.320793,29.346647
-5.401333,-0.35723907,16.179289,0.042301465,0.47425428,5.6148214,88.97578,2.4696593,1.2105024,410.87866,20.643295,430.93948,9.412604,28.925812
-4.875802,33.31198,15.442016,0.26107118,0.51579815,6.5423074,78.25372,5.4807553,17.20025,538.66077,16.493395,318.43134,19.387602,14.087091
-3.8900163,33.10206,8.327822,-0.07321312,0.65544206,6.945333,62.121,5.696222,17.378334,558.825,16.462893,266.56607,19.568235,13.069795
-5.443121,33.549023,7.405584,0.15611982,0.46237826,6.811095,96.175125,5.202432,4.454009,583.76434,16.68607,267.4877,18.975113,13.375817
-3.939409,32.742485,11.65217,-0.18005663,0.56170857,6.9747095,79.907814,5.7630553,17.433683,462.84982,16.468351,262.52585,20.555367,12.918255
-0.016679429,-10.074534,18.051899,0.013622307,0.44457856,6.8787127,89.09533,2.1859555,11.529695,240.8682,17.935997,336.9562,20.273392,18.550669
-5.532259,33.484806,8.55204,0.32854652,0.45783943,5.575938,96.81739,2.067322,1.5897777,585.5118,17.90109,410.30197,19.714628,30.999481
-4.6294756,-10.603009,17.124079,0.07687797,0.46677858,5.597585,97.23882,1.6754757,5.796772,241.352,20.360548,428.17725,20.092245,25.570066
-2.771973,33.606777,12.438086,0.28717947,0.50631475,6.967421,89.423615,4.9023747,13.755773,571.1641,16.48081,264.14618,19.561539,13.282601
-5.288024,33.72367,4.750111,0.32027942,0.66970104,6.9165525,66.63478,5.7876625,11.933336,585.6078,16.804226,265.2568,12.978872,16.23539
-4.1712103,33.70477,6.061111,0.16322044,0.5246013,6.9699407,95.29665,5.776754,14.879106,579.94415,16.465414,266.2912,20.327564,12.927483
-5.064457,32.40519,16.557722,-0.14328445,0.59723496,6.8992043,92.73672,1.9559579,3.0774357,562.22815,16.86182,268.1931,20.419893,14.932846
-4.509042,28.729877,14.349232,0.2641381,0.5682251,6.966975,69.38556,5.308674,18.135963,319.21527,16.642431,264.8352,20.505033,16.957174
-3.1927235,30.03605,17.137814,-0.18288368,0.5045896,6.906611,95.16079,1.7625331,7.4738626,242.65134,16.527702,266.34528,20.289639,13.209047
-3.4720652,6.757967,14.172935,-0.11347949,0.4938739,6.0014076,90.314514,1.7473614,1.3036287,343.52713,16.582493,395.33255,19.943186,18.474878
0.6228825,32.86185,17.801723,0.06180927,0.49133554,6.8322325,94.99885,5.7584367,18.066769,269.3194,16.846886,318.96237,18.02124,13.149162
-5.680869,33.694042,10.9128065,0.21661337,0.47402695,6.8634467,97.631424,5.7075477,17.46579,555.7696,16.505102,274.75644,20.411766,13.125349
-2.132878,-12.155997,18.178045,-0.005818549,0.45299014,5.5726166,94.30754,1.6706806,1.0941036,240.41487,20.70978,448.04767,16.135607,30.33355
-5.1155005,31.945833,15.336841,-0.14624417,0.5271528,6.8305006,97.02365,3.6970434,12.177479,323.33615,16.93258,264.4,20.233255,14.292635
-5.419689,24.740398,10.897068,0.3188735,0.4546999,5.5677795,97.66739,2.3212764,1.3138177,575.915,20.19446,448.3642,10.551024,31.032187
-5.2244463,31.873358,14.072106,-0.14834088,0.50273716,6.9706707,91.18712,3.0461104,15.240767,251.67964,16.514235,262.8976,20.26397,13.027976
5.284138,33.66867,17.773243,0.32368255,0.47828045,6.8073187,90.4107,5.8031673,18.617231,360.0034,16.452816,396.519,20.472897,12.941672
-3.479965,-9.487807,17.91891,-0.12713355,0.45619416,6.9474945,87.26507,1.8133212,11.203996,239.92252,16.729225,269.03088,20.575966,13.317799
-2.4667966,33.633266,14.205574,0.30322886,0.45300937,6.889292,96.64137,5.7979183,18.551167,582.84485,16.459108,270.84125,20.095173,12.970222
-5.032813,25.253714,16.02216,-0.17154515,0.5398693,6.9531107,93.70991,2.9525087,11.526074,485.66147,17.158743,263.67548,18.65699,13.110828
-2.1645124,33.234253,8.581023,0.15372443,0.54937446,5.8448777,97.14935,5.583493,3.6423357,552.788,16.702803,336.3385,15.769802,15.1982155
-5.5505495,-2.377704,16.2906,-0.024715561,0.49795523,5.7456155,96.35374,1.6836036,2.8206074,467.27325,20.678368,375.33493,17.054218,28.97086
-5.2642803,29.500725,5.731495,0.17599116,0.5015342,6.0582576,91.69172,1.8909572,1.2191303,585.0929,19.330448,336.3879,18.468496,30.510172
-3.8561227,-0.79067165,17.79481,-0.17013364,0.456918,6.860066,96.599686,1.7925483,2.482878,240.00433,16.777185,267.97894,18.775187,13.096334
-5.4108143,17.9299,10.556274,0.27951565,0.49774233,6.049324,66.849846,4.6867304,2.3308332,584.99176,19.006767,329.43164,19.515913,28.517353
-2.5414593,-7.2973113,17.26083,0.22889343,0.4442107,5.584657,95.55547,2.1787553,12.17626,239.83672,19.168118,437.22827,19.219341,23.606106
-3.7007258,33.70304,5.2837667,0.22355211,0.64111495,6.875519,56.897373,5.783154,16.712393,585.60645,16.47536,265.53156,19.113338,13.078233
-3.7538126,33.065792,8.516756,-0.13379022,0.46999177,6.9227977,95.64251,5.213941,5.4931574,576.6191,18.367298,268.84726,19.805088,13.456128
-2.4430945,-7.1878448,14.956792,-0.12634566,0.4445895,6.174856,94.405205,1.7326876,2.699063,240.08923,17.157305,329.0146,20.20453,24.605621
1.5011495,33.36987,16.999132,0.09541476,0.6537143,6.9746156,58.73951,5.692944,18.61651,308.19742,16.447514,262.72702,20.44356,12.912371
-5.6288824,30.497313,5.263036,-0.16834055,0.6006659,6.6418676,93.4442,3.7269287,1.1280944,480.51517,16.844902,264.85233,17.63553,13.484374
-5.557929,29.944527,7.5605836,-0.13735633,0.6081112,6.926541,78.017654,2.8962412,1.7168624,571.1058,16.865625,263.8313,19.637135,13.527534
-5.4292746,32.310455,4.6757293,0.12604615,0.48112163,6.232887,97.43451,2.5788245,1.4098394,583.07056,19.122341,265.6796,18.757984,14.544874
-5.5247583,31.422201,14.961072,0.31405538,0.45079392,5.576681,97.4203,2.8002052,1.2484167,500.98965,19.017502,427.31516,19.58746,30.931467
-5.3363714,21.28726,11.900644,0.16932076,0.5436234,6.3505974,93.31556,1.7354819,6.682828,356.7124,17.402534,270.68204,20.15199,25.113443
-4.758011,-4.9406877,16.075747,-0.14310913,0.46639568,5.6101074,97.25003,1.686395,1.5828941,264.1139,19.538895,365.5402,18.916977,30.02799
-4.5443144,10.440562,13.097072,0.33218515,0.45526654,5.571448,80.40964,4.8836045,10.196448,475.8287,16.867285,448.94733,14.707645,30.276564
-3.7228644,29.146338,12.854879,0.17569666,0.6507478,6.95192,79.41733,3.6990101,12.862971,566.8359,16.551561,264.36697,19.982899,13.135637
-1.8475505,2.7231033,9.758052,-0.18572223,0.49911115,6.972293,97.01196,3.8127158,1.8645856,436.46194,19.980854,262.56085,20.269302,13.08246
-5.220931,-8.240592,17.511673,-0.18707833,0.55941606,6.816751,95.38841,1.7428688,1.0700252,415.15912,20.57072,265.10425,20.217886,13.246876
-5.3165913,9.955968,16.861847,-0.05180819,0.5047641,5.9691925,97.24253,1.6721789,1.6051424,378.8481,19.041237,293.88046,20.53268,20.222181
-5.0207825,33.456734,13.861295,0.33071318,0.47787437,6.0566325,93.72548,4.987385,9.437581,582.89355,16.475864,438.57214,12.759831,15.950991
-3.9085124,-1.6556705,9.197388,0.32255602,0.48773277,5.567243,97.70505,1.6867808,1.050082,585.00183,20.733454,447.60416,10.883831,31.074488
-5.455823,-1.4154772,7.875195,0.11921189,0.56554717,5.726837,81.63695,1.6852471,3.0007002,525.2976,18.652872,381.02463,14.955011,28.46971
-3.6852796,-12.004455,17.765661,0.21574846,0.44568923,5.5672975,97.63337,1.6705393,1.0563323,498.26025,20.720379,446.69348,17.48261,31.06952
1.5178639,-1.0335268,17.707354,0.30363262,0.44917333,5.586655,92.09924,4.585579,10.662378,240.7109,17.30001,448.0324,13.463396,29.94838
1.0605794,-11.775361,18.148531,-0.18473819,0.5007405,6.903368,93.78746,1.6751527,2.1477354,239.96506,16.928497,374.08948,16.57066,13.061377
-3.2625449,28.017733,5.095466,-0.17951149,0.51041704,6.9745064,96.15044,5.283984,14.162053,451.5984,16.76238,262.55212,20.467089,12.912852
-5.5859632,-1.693869,17.578548,0.24993935,0.44370994,5.5707583,92.96643,1.7444947,3.205242,326.06216,16.901031,446.79236,20.170317,30.270777
-3.940418,31.59479,17.207344,0.22514677,0.44868454,6.895044,95.41833,3.1070044,17.967411,242.91467,16.450804,302.6025,20.569408,12.947499
-4.473871,24.070545,17.4891,0.009650906,0.4543776,6.8395615,93.78402,2.0228534,17.53178,243.09052,16.521568,267.9173,20.054743,13.025945
-3.9888718,28.9068,14.406714,0.33181542,0.44462067,5.695217,86.05882,1.9630517,1.5657575,583.361,18.218004,385.55002,14.842038,30.25548
-5.1803637,31.920057,15.235907,0.32836592,0.5256902,5.692062,75.093216,5.4933376,18.3043,581.93787,16.829924,391.16797,18.867504,25.53051
-3.4817746,-5.4067473,17.89796,-0.10911929,0.4497839,5.9778576,87.80813,1.6827086,3.5730007,249.5521,20.086477,289.61533,18.176378,26.788462
-5.5620546,33.516594,4.9060063,0.088564105,0.5160441,6.842313,97.18604,1.8092808,1.3600385,559.4117,16.561691,262.80447,20.126934,13.900653
-4.4685183,8.784993,13.475596,-0.16182071,0.46420386,6.5422325,94.00297,2.1038313,9.72484,252.39178,16.572163,275.5299,20.504711,13.527724
-0.6312705,27.84356,17.364027,-0.02920809,0.47527722,6.9482274,93.90256,5.0878544,18.317604,245.15845,16.572737,266.8758,20.530851,13.083691
-5.15759,20.281706,10.733252,-0.18650287,0.4607781,6.6652513,97.14095,2.2798162,5.8270016,290.48846,16.887625,263.47632,20.186972,13.349898
-2.7839935,-6.659866,18.102064,0.121521235,0.4475585,5.6532373,94.55629,1.7143868,6.834205,239.88445,17.373613,442.79282,20.28239,18.012926
-0.60661805,29.864985,17.96544,-0.03228152,0.44647837,6.961299,91.897385,5.018235,18.095558,251.8998,16.687588,280.103,20.31642,12.936809
-4.574358,33.665188,11.421352,0.32142764,0.467393,6.734012,93.91652,5.7864037,15.49225,559.93964,16.465195,413.49435,19.828234,13.33376
-4.119154,32.334427,8.891345,0.22571202,0.5429664,6.973342,50.93783,5.47213,16.643993,585.1419,16.554714,263.1649,20.267738,12.964594
-5.347498,7.0863104,14.903242,0.18375953,0.47300944,5.5776386,96.69961,1.6729378,1.0499952,543.3034,20.732433,394.4532,12.214611,31.061367
-3.656988,-12.135034,16.669693,-0.09631752,0.4493218,6.1766925,94.393456,1.6705297,1.1705635,240.54062,19.801722,310.4939,20.173279,29.598373
-5.0605936,10.171548,17.333706,0.27668333,0.45281643,5.78758,83.23305,1.6826273,1.5303648,447.89578,16.76338,413.43597,19.264837,25.145205
1.9996072,28.89653,13.679986,0.0013981132,0.5186903,6.61395,94.40509,5.2735176,5.489911,369.4872,16.588865,363.79257,19.24174,13.765234
-5.1130857,31.103054,15.724855,-0.15536696,0.63886833,6.973487,84.506836,3.5618646,17.755085,255.59628,16.462534,262.77948,20.476976,13.001322
-4.578232,29.641361,10.409438,-0.1582844,0.5899742,6.972185,91.58791,5.5338035,7.386327,546.1283,16.502323,263.33102,20.460938,12.986961
-3.9702046,23.796198,18.0449,-0.17816067,0.45647317,6.974267,95.85246,3.8862042,15.00273,240.87679,16.455982,264.47537,20.576586,12.912942
-3.2349699,-12.028541,18.178503,-0.18685764,0.4483649,5.627276,96.42855,1.6706623,1.1262062,239.95006,20.553572,432.29712,19.806946,21.644278
-0.15851656,22.831709,16.566217,0.31924504,0.45949677,5.569489,87.251976,4.429259,12.923893,500.42807,20.4129,448.29852,7.1570764,31.033653
-5.430094,20.128147,17.94047,-0.11431513,0.45746452,6.953784,96.58339,1.8394309,2.710904,250.55212,17.73124,302.95822,19.682669,16.83268
1.1255621,-12.185847,18.112534,0.287606,0.45552093,5.567244,97.2,1.6699234,1.0529315,240.20949,20.728329,449.04276,5.7908864,31.074337
-3.1470263,13.048689,17.947153,-0.15743622,0.5568775,5.7393527,97.744446,1.6817275,1.052944,576.53625,20.731773,387.48068,15.072503,28.09557
-4.725312,12.144436,13.360386,0.28752825,0.5094472,6.4550242,72.75869,1.9572625,9.571222,544.5627,16.903563,279.47495,14.734246,29.95039
-4.448555,22.590734,18.030205,-0.15615955,0.48283303,6.3379164,91.55355,1.6798435,2.01701,348.65936,16.886328,344.8469,20.514963,23.21013
-1.5001503,-4.1012473,18.103632,-0.118623205,0.4448321,5.884891,91.06555,1.6733755,4.0471735,240.22586,16.606827,440.11447,18.511765,28.086105
-5.1993885,12.18116,14.500561,0.33217102,0.45218632,5.5737844,81.79035,1.9818231,9.891174,433.81717,16.494833,448.61017,13.842571,31.02364
-5.1810026,31.876926,16.937435,-0.023207556,0.50507295,6.9299836,88.464096,5.4173813,15.717072,472.6764,16.46903,265.4605,20.50991,12.939305
-5.506298,4.150353,10.857211,-0.14777672,0.56985044,6.6108174,96.60335,1.7565951,1.1257427,551.92346,20.000473,263.85162,20.489933,14.854573
-4.843794,-10.18724,12.998564,-0.16756664,0.44944054,6.829359,96.64974,1.6877924,2.100269,246.364,18.561457,273.65826,20.421299,15.733117
-5.4363203,25.101828,10.093332,0.28368965,0.4465795,5.571397,97.335365,3.205957,4.01615,578.85205,17.579786,446.61215,10.310271,30.176758
-4.865258,33.71355,4.7047234,-0.15302832,0.6313188,6.963147,96.44097,5.688902,13.505366,585.0677,16.502518,263.0887,17.732473,13.023902
-4.9292374,28.385355,14.215176,0.06181699,0.63377076,6.8419876,91.20437,5.634639,4.8869915,495.40082,16.462875,266.12668,20.455242,12.9347925
-4.6064453,32.191536,13.854701,-0.1462181,0.4895898,6.9605675,96.556786,1.8559988,3.5279524,543.25775,16.679564,265.02396,19.869154,13.176143
-3.1057436,-6.3981986,17.930199,0.17401767,0.4527794,5.595759,92.588745,1.7584668,4.436102,243.2146,17.04847,441.9766,20.392622,28.25385
-5.6319084,31.751968,11.633777,-0.18296805,0.6162219,6.9672427,96.153175,4.8991117,1.35167,457.4739,16.517904,263.01425,20.356836,12.914967
-4.9533396,17.025595,16.280493,0.14773819,0.45696136,5.834374,96.68845,1.7687213,2.4177697,258.0862,16.655167,364.93958,20.503958,13.664907
-5.1016665,33.53861,6.5997477,-0.14480285,0.65134925,6.968431,64.792336,5.7255635,11.896554,563.006,16.474525,262.64798,19.932457,13.160514
-5.274193,20.31689,14.164126,-0.083049394,0.4925048,6.045655,94.55201,1.7103924,1.5025957,416.3655,16.818773,366.43396,19.60649,28.988628
-2.6742113,7.9663286,18.098946,-0.17312963,0.4444318,6.79123,97.20624,1.9007716,15.536918,244.93845,18.21032,313.74814,20.485893,14.028803
-4.547657,24.66972,8.143986,0.30497196,0.47055656,5.603601,94.64895,2.2824416,1.5164936,582.1522,18.932123,431.21814,12.44865,26.615118
-5.1946726,32.356148,9.2171755,0.33134937,0.4509227,5.7150764,95.206955,5.6201982,18.503536,516.92035,16.482693,328.5929,19.186617,19.50557
-4.8628454,33.179695,15.375097,0.07305596,0.5781048,6.8990755,88.6402,5.7677274,11.714538,578.9352,16.601406,263.45242,19.365456,13.826717
-5.400729,20.666992,8.678705,-0.14742243,0.46013394,6.9236164,96.86431,5.040183,10.641148,580.8515,16.98792,263.415,20.561264,13.09058
-4.360121,31.61404,15.938873,0.31600252,0.45506403,5.8442616,94.911835,5.4982715,15.637599,537.80365,16.55149,342.99152,16.771217,24.74548
-5.137595,-9.767207,18.138016,-0.17501684,0.52418697,6.8215857,77.94512,1.6756839,1.2046373,434.16113,19.71852,366.21924,15.1877165,21.33686
-4.9191694,31.565048,5.3379664,0.20135686,0.49743748,5.611787,94.385796,1.7935528,1.4764087,583.35345,20.174854,350.2348,13.055573,30.772808
-5.6056376,32.413456,4.6335273,-0.03186212,0.62512535,6.8690686,95.59169,3.8751113,2.559849,583.2182,18.033924,262.6816,19.732357,13.984036
1.8245388,31.592152,10.832601,-0.079230465,0.46636403,6.963277,90.766716,5.7011123,18.593369,314.5112,16.456898,265.88153,20.315308,12.917667
-5.1086617,32.183384,11.641432,0.2663558,0.5294862,6.8558064,95.985794,4.1632285,9.732567,533.5476,16.575857,278.8359,18.674305,13.420978
-4.8517914,33.691837,6.002186,0.33274475,0.61173916,5.5755734,75.02579,5.667661,13.307303,585.2916,17.250868,446.7446,14.959316,30.783731
-4.6521254,-1.6633981,16.806059,0.30408326,0.46511704,5.572458,93.30786,1.7507987,8.617975,335.6592,16.82662,448.8124,13.656273,30.470201
-5.539613,-1.2045416,11.327079,-0.17529717,0.65011895,5.901978,67.78612,1.6773161,1.0867593,581.2025,20.701777,286.65085,19.402508,28.743097
-5.6026125,33.72123,4.5131445,-0.05252413,0.5808197,6.972807,97.41985,5.551936,1.6806886,585.6034,16.677288,262.6359,14.612315,12.951428
-4.478777,11.283745,15.551818,-0.045087103,0.47459656,6.906614,91.259155,2.2230213,6.680301,359.2834,16.783163,296.8248,20.24624,16.769255
-4.487337,33.699986,14.890825,0.3314089,0.5812102,6.95363,78.77873,5.8048806,18.610647,584.4345,16.448483,275.8665,20.526283,12.982367
-2.8951485,30.04576,15.791954,0.06842103,0.4714659,6.9476743,85.214935,3.4268467,10.438353,565.7555,16.68921,277.4753,17.650217,14.668729
-3.3415096,16.027822,17.009182,0.033240717,0.45172226,6.644433,96.19837,1.8513539,17.177946,241.17007,17.498478,302.63138,19.355318,19.01876
-5.164297,16.633137,17.61939,0.18284442,0.45591938,6.6800356,87.68974,5.5873218,18.333834,244.5673,16.51759,272.41455,20.389292,15.206746
-5.582638,2.470844,17.100956,0.031985916,0.45374796,5.567655,96.95741,1.6706532,1.0504739,505.10703,20.637802,444.3917,17.696838,31.062647
0.19792232,16.68472,14.600427,0.09313565,0.46190092,6.883523,86.308876,4.159613,17.30227,299.4336,16.658255,265.69342,19.2308,13.227663
-4.1321554,-7.350389,18.049011,-0.048290033,0.44991142,6.720266,84.75966,1.6815192,1.2215335,452.51675,19.908558,284.42133,15.557931,25.8239
-4.236847,33.69637,12.826619,0.32587373,0.5874643,5.8685575,82.20125,5.7726545,16.35585,584.2033,16.461695,340.9673,19.762653,20.472202
-4.1195316,-7.121944,16.345327,-0.10202282,0.4474861,6.3985643,95.74518,1.7461457,1.58693,248.69447,16.647902,411.91116,19.727003,19.947403
-4.9802284,18.488129,17.828287,-0.027601052,0.45375517,6.5427437,80.07726,1.7168797,2.594971,572.26184,20.459106,262.90836,20.157309,16.353458
-5.2424555,33.176197,6.823601,-0.12405639,0.61484945,6.967148,94.24233,5.2105417,10.783888,556.1713,17.436296,262.5579,20.046154,12.954081
-5.432666,28.88309,17.587814,0.32784283,0.4802628,5.568503,92.78587,4.2848015,16.457111,582.0003,17.803358,446.90088,10.529106,30.819988
-5.043009,2.6447914,17.183275,-0.13490948,0.45169201,6.138704,97.3348,1.6800519,2.072285,240.00352,16.549538,295.41452,19.5488,17.032473
-4.9613276,2.2664526,14.108729,-0.17951894,0.5483976,5.687412,95.26841,1.6997238,1.3513076,311.55853,17.812923,395.77972,19.198181,19.201569
-3.8909843,29.089657,18.045639,-0.04633156,0.4734872,6.827125,96.31629,1.8674921,10.096529,318.67157,16.716776,321.5119,20.312763,13.343405
4.2723722,-12.188584,16.861776,0.32460687,0.45205986,5.567236,95.445145,1.6699389,1.0491836,419.95264,20.733526,449.04303,5.631325,31.074675
-1.5627896,-1.8472933,16.326618,-0.14844605,0.50486904,6.0466714,94.32801,1.8622804,5.911798,244.2858,18.467424,333.2066,18.771996,15.224581
-5.3809023,-8.288224,13.458887,-0.049966227,0.4437012,5.5965924,96.6589,1.6907209,1.0806224,511.99863,20.518328,367.233,18.926819,30.18103
-4.034149,33.701385,7.6534805,0.3244226,0.54472286,6.8905597,89.94767,5.785468,17.331425,370.15924,16.447699,287.0602,20.234907,13.656002
-4.6029644,33.710648,4.681071,0.30134025,0.4831743,6.881744,97.08126,5.7971163,11.047065,585.5706,16.75495,264.74442,19.548193,13.206395
-4.969467,10.18456,8.699733,0.19149505,0.47602794,5.821962,58.32258,1.7850425,2.7443793,584.4372,19.258677,358.90344,20.313982,30.490421
-4.3547688,-3.5859416,18.13743,0.3328392,0.44333142,5.567247,97.244125,1.8035673,1.2138917,279.9353,20.406548,449.0445,10.834224,31.0743
-5.3162117,32.796013,13.984651,-0.07296749,0.5055141,6.9622726,97.02595,4.4948206,14.014095,431.76093,16.477274,262.93158,20.251772,13.049442
-5.1567345,17.826319,16.04224,0.29095277,0.44621527,5.574093,96.84752,1.6868087,1.4456146,582.8318,20.021345,442.8952,16.632298,30.96527
-2.6570346,16.837528,16.333479,-0.108115874,0.50362533,6.7329736,90.876144,1.7480537,11.139946,245.5535,17.588314,277.93115,19.27328,15.110345
-4.8215246,16.536678,17.315935,0.04553744,0.52156204,6.8726926,72.81019,2.0486953,16.820505,261.64502,16.474335,277.28964,20.462854,13.124658
-4.977357,33.357994,13.605259,0.05202505,0.65426135,6.9435306,87.913864,5.326413,17.18055,565.5559,16.44909,267.14618,20.524189,12.969218
-5.3729944,31.383705,13.954686,-0.06320066,0.46512488,6.916661,90.48116,1.6930932,3.255492,503.9708,17.352997,264.05255,20.133644,19.253487
-4.967374,32.608654,11.330155,-0.038194988,0.58463275,6.956898,89.91017,5.2744846,5.523114,553.3398,17.831818,262.87418,19.051882,14.858905
-5.385501,33.440567,6.038071,0.30693617,0.4835938,6.761752,83.38643,5.500927,17.600325,566.18414,16.453127,284.97397,19.615948,22.586218
-3.70066,30.719082,16.48985,0.3060168,0.5004577,6.787516,79.3571,5.720129,18.294428,403.03027,16.505243,274.41742,20.541668,13.216717
-4.70967,14.9464035,13.936318,-0.13922365,0.5262408,5.5808277,87.964096,1.9664813,1.2656515,585.26996,20.507082,372.8569,20.015316,26.860184
-5.406394,31.328348,5.97819,0.33008638,0.48337942,5.6393433,88.69198,3.4730992,16.308928,523.7928,16.457903,432.6436,17.566698,30.369364
-3.8739336,32.69359,16.2106,0.33017397,0.49283722,6.0843015,74.66424,5.65005,6.9856105,528.5493,16.699303,421.01443,18.532387,22.432974
-0.9176699,21.692692,17.083347,-0.026369695,0.49391827,6.955626,96.58998,5.356103,16.080112,260.5846,18.4975,263.43484,20.130527,12.986075
-4.639065,-12.105815,17.889095,0.12791677,0.47905192,5.568004,92.140114,1.6704327,1.0502203,533.25146,20.723713,448.95615,5.7656426,31.072042
3.592631,-12.1675825,18.19143,-0.09408779,0.44310975,5.569675,97.280396,1.6700071,1.0565326,240.34406,20.70543,448.76923,19.575108,31.012934
-4.6865463,-12.134196,18.188923,-0.18217531,0.45439088,5.584432,96.93555,1.6699129,1.0525377,245.3317,20.727585,428.58325,18.235266,30.883198
-4.4014797,21.00471,13.758399,0.30031142,0.47345427,5.6223326,97.25207,1.7249643,2.2883632,358.04135,16.92066,430.41974,16.362066,28.14081
-5.5379505,30.02262,5.058144,0.111855716,0.604955,5.8872933,93.07135,2.3912084,1.4154356,575.5668,19.525476,266.5779,16.820082,26.42072
-4.4341707,33.698658,8.192299,0.31732863,0.480876,6.84888,83.70935,5.8009133,15.488595,584.3885,16.492157,297.10907,17.414534,13.592147
-4.9659157,-11.446372,17.076859,0.25559402,0.4457224,5.567253,97.83732,1.6700577,1.0492132,534.31213,20.731438,449.02435,12.167746,31.07428
-2.2244918,31.96772,18.046381,0.30404246,0.4694669,6.9555717,89.65371,4.685835,17.534706,247.94156,16.47982,328.3369,20.14803,13.280326
-1.8952733,29.37006,18.136131,0.14081858,0.45779234,6.9699464,90.32568,5.5115976,18.2198,242.05806,16.449427,270.90726,20.50903,12.914247
1.3223578,-11.254878,18.002554,-0.09466147,0.44792736,5.9024043,94.25394,1.677976,2.8407886,239.86917,16.63604,444.79892,17.558905,16.319353
-3.449455,10.551016,15.919655,-0.036089163,0.48240647,6.910441,94.87323,2.5675557,3.2018573,252.37025,17.628891,263.3413,20.472635,13.817198
-5.306261,-12.160638,17.897621,0.13584843,0.44618136,5.6671553,90.478065,1.6699687,1.0675704,274.0086,20.24504,384.46246,18.688745,30.080015
-4.7128325,-11.353841,13.952928,-0.166869,0.44917792,6.8587675,97.07827,1.6940428,1.0596111,259.28702,20.285099,263.32584,20.012558,21.630938
-5.407919,20.589342,10.123816,0.24223554,0.4863056,6.0985436,90.54551,1.7420238,1.3361747,488.74042,18.89239,382.31927,17.70055,30.376036
-5.548457,-9.8754015,15.115655,0.15895917,0.44750106,5.5910125,88.48395,1.6702131,1.0500171,423.26425,20.573406,427.7214,14.265248,31.0272
-4.633868,-7.843818,16.625347,-0.084615566,0.4506746,5.9794016,93.627045,1.8289967,3.9849994,269.38995,20.424501,275.2473,19.686056,25.61528
-5.383544,17.561903,17.185505,0.12826242,0.45998725,6.254515,92.99713,2.5841494,11.632851,255.91966,16.952549,308.01028,19.499954,20.270353
-4.2853823,30.33346,9.598464,0.20590109,0.48849347,6.480085,93.19337,5.479885,4.4733195,308.71167,16.52483,381.2263,18.99349,13.870177
-4.431096,29.4533,16.175028,-0.1261423,0.52646804,6.9642696,88.94398,4.2625012,17.35132,248.42764,16.449146,263.64008,19.889446,12.931675
-4.883054,33.2116,16.118069,0.08967208,0.61251664,6.178175,94.05725,5.554265,10.180623,497.21408,16.505554,268.4527,20.392649,15.8296585
-0.41512933,-11.971448,18.112404,-0.16604517,0.4480732,5.59237,97.452484,1.6708869,1.0538671,241.40962,20.627419,441.51324,18.745485,29.383406
-4.7824135,13.682755,12.049752,-0.1703866,0.46271724,6.9746275,86.89654,2.3304455,14.701763,465.40244,16.599524,262.52228,20.5095,12.925326
-4.924428,-8.83001,17.96135,-0.18467066,0.45775804,6.875124,94.604126,1.9502684,2.6822212,239.82253,16.486937,307.3135,20.096516,13.204137
-4.9047785,33.64123,7.0714765,0.3183349,0.49829915,6.3559175,76.02754,5.2803187,13.651784,584.032,16.734203,385.03238,19.116838,13.612818
-2.1672547,7.6504045,17.946785,0.17273594,0.44866702,5.571893,97.649475,1.7617548,14.993505,239.88924,16.49324,446.93518,15.39455,30.01797
-5.314396,33.650654,16.929142,0.007990663,0.63637304,6.973784,59.770164,5.6151643,13.752079,575.90814,16.449015,263.55847,20.430145,12.923103
-5.2297688,-11.835752,14.278781,-0.16532138,0.50425965,5.9496837,91.04929,1.6915244,1.3357322,266.92557,18.57041,425.60422,19.060375,16.928679
-4.9417696,33.477226,15.0493145,0.10793077,0.5067802,6.8976183,93.17486,3.8186743,1.8720825,563.1287,17.030914,265.72504,19.995445,13.6450815
-4.346493,33.33996,17.773645,0.33016872,0.44883454,5.5877523,97.1043,5.5438333,18.270502,472.6084,16.570972,439.97476,19.761162,23.239513
-5.5153017,32.621693,10.932528,-0.16795343,0.5192109,6.9279413,65.489784,3.238142,1.1898868,585.27466,17.345325,262.92072,17.764137,14.824744
-3.4986951,25.215683,16.557196,-0.044358943,0.50808465,6.623005,94.36267,4.061397,11.959148,271.3178,16.690105,282.92072,18.80654,13.264137
-5.1435986,14.793016,18.14878,0.1024583,0.4666468,5.6827064,97.232834,1.877173,1.779249,244.5976,18.047241,345.94077,20.25789,26.125965
-4.227542,11.675027,7.54394,0.10461701,0.5010809,6.1151576,92.41047,3.4291403,8.764431,407.05884,17.143988,280.2727,18.846594,24.2051
-5.501178,31.633299,6.7442937,-0.014414164,0.5378121,6.845667,80.71241,2.1083488,1.1522529,584.1721,16.609133,267.8102,17.072783,16.674328
-5.5670614,32.898956,5.8704653,0.28433713,0.5383046,5.5672584,96.57851,2.8676512,1.0726573,579.7308,20.618938,448.51944,12.801846,31.04756
-4.0961905,33.68504,12.77198,0.23005626,0.5379092,6.246592,92.177345,3.1410697,14.200588,564.32025,18.973635,274.5441,12.532183,18.273249
-5.2820816,22.552284,18.119715,0.3001516,0.44708908,5.567411,96.628265,1.6798569,1.4137418,555.44714,20.49058,448.5286,18.684574,31.040077
-4.366419,8.434084,17.649101,-0.06565214,0.51270425,5.8271875,88.27566,1.844425,2.3277857,281.93903,17.09737,369.7104,19.454735,19.969667
-5.4179287,32.760586,13.57365,0.3219332,0.44899598,5.569642,97.149536,3.478552,7.1293864,584.9234,17.67173,441.71448,11.5203,30.831837
-3.7217934,23.857445,15.201226,-0.054335054,0.48466864,6.971292,89.1086,2.5929184,3.481466,287.3392,16.47727,263.9413,20.552195,12.984334
-4.5629826,30.085812,15.929632,-0.16024725,0.5908706,6.964464,88.938354,5.4983354,16.593456,298.7817,16.531982,263.73065,20.437298,12.917929
-5.6744184,32.28265,14.419625,0.28041446,0.4807989,6.8513227,96.2691,1.8975209,1.3199928,547.9082,16.701868,322.95398,20.189507,17.327404
-3.9582856,-2.5014431,18.081903,-0.1676159,0.46681544,6.7501087,95.79155,1.8608494,4.8438163,240.07918,16.503263,336.96072,19.166666,14.717263
-3.9714158,30.834291,15.271173,0.3149915,0.45251027,5.6523204,92.28974,2.749821,1.684922,562.5846,18.333805,448.16293,10.571238,27.505724
-5.0259285,5.0532117,16.631533,-0.1848608,0.50948733,6.951303,86.284485,1.8904023,1.9796011,505.26324,17.596607,262.73746,20.502748,13.196136
-5.1962996,17.100975,17.177134,0.33248806,0.44585246,5.567537,96.268616,2.2161758,2.683204,413.0209,16.59197,448.92294,16.593506,30.858778
-5.1111507,25.46203,7.0807858,0.31432256,0.4903373,6.210279,74.69967,5.561093,16.7131,583.621,19.596424,338.27405,19.105265,14.628151
-2.95454,7.3408046,16.865602,0.26495516,0.4499724,5.5789275,95.97323,1.8568379,1.2968471,551.7742,18.997368,400.9081,14.450821,30.469788
0.14443049,-9.378396,18.004274,-0.05441227,0.47215992,5.56832,95.83275,1.671542,1.0553834,519.33936,20.710958,448.1723,13.754489,30.84095
-5.291909,-5.8954806,15.496733,0.2734553,0.4471335,5.5737586,91.13649,1.8915719,3.5466888,250.06273,17.40152,444.07675,17.200445,30.358768
-4.619421,-10.153966,13.176245,0.2786916,0.4598696,5.7159266,90.63657,1.7130715,1.29477,431.50104,18.431242,421.60043,17.435055,29.21623
-0.2192432,-6.7008147,17.67477,-0.0386273,0.44865495,5.640815,86.587585,1.7323004,1.3017118,416.71512,18.690275,428.66504,13.966125,29.749643
-5.5416765,33.06163,7.0931954,-0.12975223,0.49923533,6.9634786,92.01545,2.6777306,5.714923,565.80804,16.63742,263.37454,19.744015,13.048738
-5.2135124,32.18165,16.600224,-0.16312382,0.55436593,6.4514813,96.35569,2.857054,2.5796301,321.37418,17.59759,317.04337,19.920649,13.199837
-4.2526197,16.247818,17.417301,-0.18383023,0.5446327,6.957517,88.703865,1.6851264,1.4826086,478.6277,20.02207,262.52267,20.566557,13.237972
-1.9197403,25.010798,12.277165,0.2976979,0.5162534,6.9405932,94.07911,5.489643,11.121589,370.71262,16.458603,268.58447,20.20634,18.009216
-5.6276836,32.919083,5.238916,-0.14328642,0.6381988,6.972977,97.081184,5.1736674,1.4208705,566.54364,16.474344,262.63196,20.216904,12.915986
-4.429435,6.601382,16.65817,-0.124136575,0.55560946,5.7628946,90.50749,1.7543379,1.7676971,259.69943,17.491264,347.27606,19.948593,15.560458
-5.240144,33.54859,18.056438,-0.06537288,0.5231445,6.9534106,97.22531,5.598045,10.344018,432.39206,16.465412,264.72827,20.538013,12.914253
-3.4909236,16.972656,17.860085,-0.15951255,0.45097873,6.9101114,96.24353,2.749683,18.322306,259.33954,16.503445,264.89868,20.539152,13.106427
-5.493408,-11.069764,16.154146,0.15070316,0.44637436,5.570719,96.82415,1.6699623,1.0500257,250.33446,20.037012,448.67078,11.663491,31.0575
-5.4242506,27.575796,17.580166,-0.10888737,0.47288185,6.967753,97.09113,4.8119583,15.779056,240.13068,16.466087,263.16327,20.580202,12.958929
-2.9724987,0.5239131,17.69345,-0.18644297,0.47809166,6.9244137,84.974846,1.7085124,1.2576845,260.14404,17.371782,265.3588,20.122845,21.510748
-5.3480396,32.753414,5.734207,0.13767235,0.5029606,5.9416113,86.90776,1.9840907,1.0701845,585.5393,20.449673,288.70602,14.25507,30.892328
-3.4409835,-11.30964,18.158764,0.25682786,0.44644624,5.5683494,97.51708,2.47283,9.736072,241.04643,16.83301,448.63974,15.271426,30.630718
-5.6517324,32.548527,11.227864,0.18683621,0.5230429,6.6901994,92.97813,1.7404623,1.1265781,566.961,19.364122,270.73206,12.62852,21.14886
-4.869705,32.76872,17.396793,0.31315812,0.4667941,6.346494,77.01585,5.770991,18.370792,494.722,16.481335,360.99225,20.28235,14.466705
-5.3085794,30.67962,6.111954,0.083379954,0.51010156,6.2012777,89.69055,4.662841,10.761533,585.29016,18.395935,299.35706,18.223883,23.631844
-5.1230383,14.3820715,14.656202,-0.10109062,0.45460138,6.316544,92.223015,1.777259,1.1944091,515.8596,20.05451,349.56528,18.513523,29.119677
-4.6334906,33.502544,8.064468,-0.18621838,0.61543894,6.9688387,89.66128,5.6084466,6.0356016,543.7769,16.792307,262.56754,19.70165,12.919334
-5.484578,11.86778,13.9821415,0.052092303,0.4477342,5.5801606,88.96544,1.6932691,1.0978229,493.01416,19.321795,423.33826,11.831213,30.905777
-4.9331036,11.570607,16.703697,-0.14979312,0.4680389,6.7896,90.13201,2.557392,10.170136,258.82858,16.678848,275.43146,19.719845,14.316391
-5.6812325,29.79289,9.163775,0.26716042,0.54113346,6.4868746,93.73018,2.6791182,15.16031,447.08496,16.910934,316.9697,20.24018,13.6487465
-5.244974,33.59502,6.59133,0.16122161,0.5634478,6.958731,91.91282,5.714063,15.369092,584.02155,16.526451,263.46576,19.473389,13.025665
-4.8339844,32.810513,10.42435,0.18187472,0.49166557,6.7078314,87.98169,5.718491,15.659453,579.9858,16.830212,272.85187,19.87087,13.861472
-2.2517931,33.524944,11.21976,-0.17965046,0.66476375,6.9747257,91.467865,5.7816396,1.6821506,583.72406,16.46789,262.5199,19.559229,12.912592
-4.946352,-10.3002405,16.277788,-0.1386375,0.452008,5.7254105,69.98158,1.6703244,1.1645954,278.44403,20.394754,433.78656,17.233532,31.008003
-5.660922,29.661785,9.05738,-0.16854842,0.58252496,6.9433737,61.829926,1.7987728,1.733216,456.02695,17.044641,263.17685,19.827633,17.711975
12.366962,33.56238,15.245957,0.33109978,0.5689929,6.9610543,46.329853,5.8006063,18.618816,585.55206,16.462843,264.59753,17.954275,14.445294
-4.172097,-9.35123,17.695137,-0.18495795,0.45135713,6.662807,96.92233,1.6746732,3.0147455,239.791,16.933298,278.32208,20.580801,13.254777
-3.661166,-12.174958,17.792234,-0.15502173,0.45797035,5.5714874,92.78659,1.6699961,1.0524957,252.36098,20.72733,447.78827,11.391076,31.057755
-5.1868486,33.62944,9.047398,0.26356652,0.48546055,6.438618,96.05339,5.3445053,4.0319014,584.64746,16.605371,278.32352,18.141184,16.13109
-5.5980186,-7.919317,17.712826,0.28708977,0.44384283,5.567785,97.00993,1.6707073,1.0494373,344.87067,20.731005,445.8894,12.095656,31.071253
-5.486595,0.74351186,17.492897,-0.18239763,0.49574888,6.3881726,97.193245,1.6714875,1.0678413,322.91983,20.138088,278.33444,19.798561,21.184675
-5.6594954,20.64512,15.021693,-0.16271174,0.4838962,6.789083,86.33044,2.6812327,2.29718,562.8767,18.076414,268.0512,19.956236,16.552013
-5.4284935,30.463902,13.24746,-0.07653352,0.50363773,6.9705215,91.60296,2.5749636,2.0441535,577.27716,16.562984,262.56088,20.544737,13.0921
-4.770525,-4.986605,15.929217,0.2938527,0.5054349,5.5696187,93.69119,1.6702615,1.2516916,461.06137,20.528978,448.18552,7.2400007,31.066885
-4.9954987,33.629364,10.249086,0.13396718,0.5747395,6.879103,94.0954,5.786336,12.258938,574.40326,16.463009,264.67352,20.263784,13.2885065
-4.7867537,25.64114,16.500664,-0.17106998,0.4604309,6.029368,96.19789,2.249681,4.0803323,261.02173,16.657948,306.02335,19.5891,14.514592
-5.3491774,32.309635,12.471161,-0.17608495,0.60243726,6.970823,86.92839,5.4612217,11.260563,472.46106,16.746826,262.7291,20.092993,12.924435
-2.9165118,33.236668,11.797318,0.05769278,0.509222,6.942208,96.02912,5.7084193,12.156609,293.77124,16.453112,274.32596,20.316912,12.979947
-4.900461,-11.465077,17.561693,0.0038495853,0.44614625,5.6095333,89.69832,2.1300495,8.229294,477.37,20.675758,421.702,19.556002,29.615515
-5.3211775,15.750298,14.7943945,0.13764371,0.45141184,5.5697436,96.32899,2.100914,1.1557872,580.15906,18.719551,447.83786,14.244821,31.023212
-4.420882,-11.950969,18.088606,0.033179387,0.45084226,5.592165,95.53217,1.672773,1.3819044,240.04016,20.571018,379.67368,18.920055,30.61922
-5.529278,18.606853,5.938891,-0.18154293,0.63944036,6.9527125,84.06013,1.6858848,1.066652,581.1655,19.216597,262.54288,20.207308,13.275249
9.439103,-5.573396,18.18633,0.32603472,0.44316074,5.756609,95.56233,3.3595064,18.4301,239.82959,16.644047,446.91202,20.293362,19.250288
-3.9048626,2.8028314,16.133984,-0.08814929,0.4769246,6.712544,78.12657,1.6891059,3.2514899,296.67505,16.476423,335.71686,18.62035,23.66374
-4.778966,32.042904,9.502231,0.16346358,0.48899105,6.8810554,59.09302,5.436317,14.7469015,505.28336,16.569534,265.5354,20.108192,16.484434
-1.8058163,29.425045,17.66536,-0.161571,0.45102155,6.8940396,96.824776,4.4652944,18.508121,246.26907,16.451466,268.4379,20.323355,12.954482
-5.4248476,32.731537,4.6446943,-0.14816394,0.6553098,6.973643,97.551414,5.4962535,1.27966,580.16016,16.572763,262.5298,19.942741,13.395622
-4.699127,29.10456,17.21023,0.33290952,0.46299028,5.5688868,84.06247,5.7717414,17.37031,473.7536,16.882648,446.41678,18.535507,29.669796
-4.444046,-6.507194,12.525787,-0.18145421,0.46506834,6.9587097,83.94412,1.868291,5.815956,245.63264,18.488796,267.88956,20.244608,14.192566
-3.7854755,21.548893,18.034801,-0.15851142,0.44909054,6.899396,95.22998,5.338403,18.108978,249.46196,16.784868,281.7413,20.498856,12.984314
-0.84651196,29.90344,17.658976,-0.1825209,0.55104595,6.9744005,91.01236,5.207661,6.001668,250.70378,17.081669,262.80673,20.364048,12.93678
-4.705079,27.42819,17.342644,0.29207405,0.44317314,5.5828633,95.20617,2.1427548,6.395684,257.14838,16.69369,446.54086,14.981651,24.13946
-3.3530853,-11.696782,17.509829,0.0072354493,0.46358445,5.569576,84.846,1.6734506,1.0560977,561.56213,20.72325,397.47644,15.56556,30.444223
-5.462695,4.587183,16.04795,-0.06812189,0.44745728,6.017973,94.8421,1.6943139,1.8343074,377.93808,17.5744,430.11008,17.07763,26.071005
-5.2804003,19.015493,17.247482,0.109841876,0.44650373,5.8797507,93.364105,1.7320188,2.6333182,383.3783,17.0867,383.58426,20.484085,20.139507
-3.859461,-9.884551,17.887188,0.30539086,0.44687724,5.5675592,96.70201,1.695531,2.1224759,267.59656,19.503952,448.20453,9.654168,31.03988
-5.2374516,32.287743,16.94714,0.06271195,0.54102963,6.95928,96.8437,5.762369,17.895666,297.3118,16.452778,270.06793,20.409002,12.93269
-4.428733,26.99673,18.194466,0.31970328,0.44575372,6.4759235,70.32621,2.8378673,18.407234,250.28793,16.467413,406.86606,20.561743,18.056614
-4.9577866,-2.9552357,17.607822,0.0011335207,0.4633643,5.5687194,97.46399,1.6921133,1.3144624,502.5565,20.725668,440.27765,16.759672,30.834036
-3.5952547,-9.082051,16.666378,0.32083458,0.48123297,5.583472,96.42087,1.8058093,1.543802,463.31326,20.468073,443.04718,16.706207,31.056921
-5.6397724,27.10227,17.43136,0.29547954,0.45688084,6.833434,95.61698,5.381807,11.805192,285.3428,16.458147,312.77005,20.564514,13.097528
-4.1240816,-11.978179,17.877954,0.26858193,0.4618106,5.585092,87.02758,1.6787463,2.2828195,241.93808,20.634659,398.68283,15.083409,30.867674
-4.4966707,33.547718,8.495213,-0.15165551,0.63353217,6.963396,94.51273,4.6238513,1.3094394,559.23175,16.728172,262.648,18.40809,13.24427
-4.5804014,25.41522,7.5528226,0.14707114,0.5846839,6.1947646,95.382286,1.6854666,1.0722892,573.59186,18.735472,296.18497,17.976154,30.691803
-5.2135735,30.1559,7.5789614,-0.12385761,0.6343973,6.965217,89.62142,1.7725691,2.4281437,508.96136,16.954908,262.73386,18.913715,15.165097
-0.6809975,3.9956949,16.982058,0.018068697,0.48279586,6.3152394,92.17989,1.8380928,2.9032667,536.759,19.944283,404.3709,18.57088,28.302906
-1.8096396,17.504885,17.975536,-0.013941946,0.46705022,5.7593493,96.774185,1.8235667,4.3265715,288.47787,17.693249,393.8439,20.463387,16.01702
-5.608062,33.50576,5.2267337,0.08231304,0.52111036,6.6704845,75.815346,5.669498,3.0765517,585.3775,16.76907,262.92468,19.83119,19.821074
-5.534127,30.58386,8.055501,0.32701138,0.53741515,5.5673013,96.73031,1.7250994,1.0696723,585.2973,20.73198,446.38882,10.73293,31.072906
-4.7710295,29.46331,12.756088,-0.14548719,0.51222736,6.966339,84.093506,3.1290512,1.375262,558.0607,17.836012,262.8378,20.108711,13.474477
-1.4097663,6.766651,6.891872,-0.008504736,0.45223925,6.3575664,97.20412,1.7217709,1.5234153,574.0986,18.398003,304.26846,11.120941,25.728441
-2.2227967,28.337366,17.919836,0.2558685,0.46272883,6.255709,96.96237,2.9092872,10.096836,246.16832,16.537138,423.43277,19.808092,15.692
-5.149869,15.661631,15.798892,0.15642753,0.44572258,6.3528113,93.95648,4.1766458,16.411964,240.44043,16.469088,348.88644,20.486032,12.969132
-5.457677,-1.4713749,13.944392,0.33140236,0.45250455,5.5681663,94.31239,1.715149,2.3351948,505.09686,20.117006,447.45123,8.010199,31.062992
-5.536996,33.56254,15.339306,0.3084957,0.5186631,6.7593827,88.24058,3.694257,4.2272644,582.76105,16.861267,282.11896,19.644217,25.210829
-1.3627259,-0.11518319,10.961595,0.23860916,0.48310873,5.5682507,96.41993,2.3416755,1.0848024,267.91626,19.394913,448.0701,15.134714,30.705944
3.4501317,32.909218,18.185028,0.32674238,0.45434403,6.9542637,71.44905,5.700065,18.616436,361.75873,16.447138,313.2712,20.254894,12.963285
-4.683667,33.20961,9.302217,-0.17345494,0.593226,6.8097095,91.16008,5.545923,5.8347907,584.6254,18.202112,262.64767,18.035511,13.74866
-4.925377,24.953354,17.154585,0.0533369,0.58968824,6.9214525,79.36687,3.2110894,12.5841465,247.07893,16.48341,274.23465,20.407124,14.681736
-3.6322806,-6.508817,17.829535,0.33143622,0.44428357,5.5825496,81.02464,1.8328763,10.021102,248.32462,16.574102,448.44937,13.377609,29.816103
-5.5616465,33.720253,5.1160192,0.32684657,0.628167,5.8339567,86.938644,2.4791358,1.1685216,585.6091,20.706953,307.0355,13.5975275,21.345526
-5.497203,16.474735,7.32306,-0.15937836,0.51705056,6.9010854,96.52241,1.9158819,1.1452787,466.9066,19.88407,262.91983,19.551664,14.950376
-5.442687,33.69559,5.781724,0.33270267,0.4698774,5.8515162,87.69119,5.3801217,6.7164683,584.97455,16.45314,438.32553,15.264664,29.884823
3.2950017,30.15994,18.056404,0.049937513,0.47288403,6.967709,94.09803,5.764082,18.615227,240.52597,16.452667,266.58978,20.55769,12.914513
-0.8554574,22.960743,15.708704,0.041608386,0.47766638,6.8226304,97.38331,4.373476,8.7198,307.88907,16.644611,285.101,17.596212,12.97365
-5.410778,31.31737,8.848226,-0.076965295,0.54167634,6.2423873,93.21909,1.7499429,1.2015989,564.0349,18.03617,275.69586,15.668085,20.52908
-0.11891761,-9.882209,18.138758,0.30129373,0.4434813,5.570814,95.56384,1.6861936,2.2854173,239.8119,17.101868,448.9687,17.430014,30.401659
-2.097638,32.575775,16.891743,-0.12177395,0.45657912,6.974156,93.48465,5.7756534,18.403963,300.9256,16.44732,263.12598,20.55096,12.914779
-5.2982492,29.083248,16.355995,0.32284722,0.44849813,6.32397,80.04843,2.6219714,1.6127403,574.9226,17.326958,400.20084,18.886066,16.580086
-4.854001,30.494871,12.787077,0.28885987,0.47598293,5.580037,91.005264,3.2579699,1.0637062,585.394,20.711887,380.8272,16.523077,30.9947
-4.05562,32.736385,10.02578,0.33248818,0.5107514,5.5781136,93.17795,5.787625,18.14145,585.2622,16.650562,441.99243,17.524036,30.698868
-5.333028,32.434196,4.5117936,-0.16770445,0.64828366,6.973831,97.31219,5.603663,1.2683742,584.8624,16.510962,262.53214,15.176923,12.927364
-5.638734,33.282204,10.429798,0.2979256,0.5470392,6.680649,50.607815,5.632394,17.702795,585.4318,16.487368,277.18454,19.821537,16.10771
-5.325412,33.52478,8.226805,0.3235228,0.44740885,6.294154,80.84587,5.2709255,14.527523,583.8022,16.475504,306.93094,15.902927,19.43656
-4.555608,-2.167494,18.123098,0.105559036,0.46935692,5.5843678,93.4339,1.7776393,1.6269157,389.1555,20.557346,446.80865,9.767401,29.84862
-2.149762,33.43207,16.34933,0.29746917,0.5101814,6.9700413,75.662224,5.798989,18.376259,463.73636,16.447323,268.24054,20.071987,12.941996
-1.6390444,33.42857,9.483211,-0.13407458,0.590583,6.97474,64.71447,5.7447505,18.347454,543.2311,16.473988,262.52673,20.50158,12.915437
-3.1368897,26.475477,17.90019,0.31396633,0.4960521,5.604255,72.309555,1.8572922,12.902323,581.90326,19.357983,445.88287,10.807234,28.871479
-5.5985947,-10.818566,8.910457,0.3134339,0.44613346,5.5672536,97.611305,1.6718975,1.0498664,574.35645,20.732433,448.6424,5.767477,31.07445
-4.595024,33.66275,10.705369,0.15134643,0.5750411,6.973413,64.10597,5.7276535,16.786013,584.88135,16.498873,262.56583,20.4254,13.175989
-3.9329221,33.641552,7.6491075,-0.0026633323,0.48809463,6.956877,94.62186,5.3587284,15.712441,504.15564,16.45731,264.08694,20.443151,13.143623
-0.41046777,-5.085981,18.12498,0.15466578,0.451309,6.9510508,91.705154,3.2966595,15.995272,240.67633,16.613808,298.27057,20.460766,13.389233
-5.273431,33.654068,5.7506075,0.31957677,0.49647805,6.026338,97.514206,5.697243,6.5895367,582.5804,16.456512,287.0316,17.877855,17.961939
-4.7049313,12.38991,15.836523,0.28862163,0.48960117,6.379389,93.231575,2.7147856,8.588905,311.6581,17.176622,322.67642,20.220568,15.851803
-5.452512,-9.78855,17.499662,0.2867691,0.45070863,5.567349,96.55829,1.6737183,1.0620801,330.82187,18.96652,448.9184,11.69662,31.062334
-3.7698357,24.169943,17.930977,-0.16398391,0.45714322,6.628253,94.60008,2.8329923,16.98557,240.43834,16.54544,315.8172,19.903889,13.659614
-2.8446229,29.323235,17.408089,-0.1099511,0.48949528,5.9785967,93.72829,5.459971,7.522153,439.1224,17.016794,325.83853,18.013914,14.43157
-5.656722,33.42085,4.8237185,0.14889705,0.59549475,5.874494,95.9928,1.6756192,1.050492,585.2273,20.562807,275.33765,16.965221,31.028036
-5.518879,24.76649,13.698527,-0.062299144,0.4743111,5.738737,97.30205,3.1622384,1.1251686,340.62665,18.072882,282.1064,18.235647,20.72198
-1.0358311,26.205412,16.027706,-0.097611316,0.4924102,6.9505596,87.246506,4.311541,15.765677,294.11063,16.507761,264.24454,19.723877,13.041174
-4.5495377,-2.0863125,17.603695,0.22007304,0.44861174,5.5723405,94.992325,1.6711475,1.1878297,258.56467,17.813988,448.48303,17.023195,30.24019
-5.263708,23.311098,17.800743,0.29337776,0.4480095,5.833811,89.483116,3.1630764,13.708515,366.93304,16.537327,432.156,19.793312,17.942509
-5.622054,29.009665,17.890995,0.28448275,0.4502752,6.3995786,97.57058,1.746903,1.518193,386.34772,16.516413,417.3249,20.009422,21.061909
-5.325654,33.712025,16.186611,0.3311118,0.47195312,5.6286683,74.47627,5.804966,18.587196,585.13696,16.453577,425.7162,19.237722,16.563274
-5.4045925,30.809902,9.829665,-0.04768652,0.5294507,6.6682477,94.80426,2.41112,1.4121835,427.1459,18.012716,267.3933,17.85135,17.586105
-5.3344393,6.0759397,13.970794,-0.17883947,0.58938354,6.895861,91.28729,1.7010742,1.2043197,516.8062,19.640997,267.26385,18.828615,14.302172
-2.0600474,-2.420873,17.493938,0.23353742,0.46569437,6.838009,77.99553,1.7215801,12.151412,239.9576,16.470186,326.3489,20.30883,15.774903
0.34366998,-9.89792,18.079483,-0.01611228,0.44565898,5.573932,90.75438,1.7323939,3.2134306,243.90251,19.019945,447.6126,19.680689,30.593645
-4.9409475,33.649544,15.77127,0.30327788,0.6111112,6.9669747,81.76286,5.802462,18.61165,506.4694,16.447115,263.69476,20.548468,12.920218
-1.8863384,-3.0302832,17.409088,-0.18028718,0.44661123,6.7496457,97.8186,1.6903168,2.6749713,239.79207,16.45274,334.77206,20.084097,13.32429
-5.181238,-11.468192,17.160099,-0.04706649,0.51385856,5.607172,93.76155,1.6703559,1.6436803,296.57104,19.341858,396.11462,16.583206,30.670658
-5.451688,33.65085,12.652678,0.32838377,0.6281402,6.7611833,92.24001,5.7517047,17.251024,585.1192,16.460733,270.78076,20.454517,16.635757
-5.470709,31.352915,6.858695,0.12803295,0.57356805,6.8731365,69.203354,2.1658773,5.146914,553.7956,17.016699,264.66156,20.064772,16.473526
-4.85534,-11.746802,17.564749,-0.11627024,0.45167232,5.7284675,96.805954,1.701626,1.4934909,248.22754,18.361805,398.65628,19.366718,28.723232
-5.1890955,4.803999,18.054289,-0.06823822,0.46418667,5.805044,96.615616,1.7503619,3.749993,239.81274,16.47281,434.68918,20.075281,13.532773
-5.5588055,31.63366,14.416581,-0.14637448,0.63457537,6.928142,95.87974,3.3748293,1.1830547,547.6334,16.7585,264.0094,19.683897,12.951216
-5.3881626,32.76038,12.369962,0.27142859,0.49752644,6.1674533,90.02337,3.7985523,1.6322381,561.2289,17.1076,319.41382,15.889632,20.039938
-5.212512,33.511208,16.224003,-0.05423191,0.4698108,6.8327856,97.12265,5.7668886,10.191439,572.72943,16.645435,263.11893,20.182007,12.96059
-4.608594,33.704494,4.6662006,0.01309738,0.66564053,6.971602,85.561424,5.220399,4.622839,585.58075,16.776443,262.54355,20.01775,13.205696
-4.8937416,24.44332,17.569965,0.051243946,0.4766534,6.3480206,95.495255,1.8641506,5.4383836,489.25717,17.492756,288.5328,20.306017,13.979573
-4.9094524,3.3310416,17.216698,-0.12561554,0.4641812,6.5487523,94.23271,1.9564917,2.9822228,520.91876,20.471088,313.78632,19.256496,16.095873
-5.6092644,-5.00098,6.3224525,0.11806776,0.45440423,5.572332,97.27618,1.674637,1.0558145,568.5046,20.718246,358.16818,17.044771,30.858847
-4.341296,-8.76233,17.265144,-0.11664704,0.46699125,6.232388,86.218216,1.7295367,2.5612872,300.6565,17.337109,325.7225,19.534405,18.146597
-4.1199884,32.94375,15.900526,0.3176464,0.5710505,6.9711256,84.46503,5.6028624,17.304087,463.1229,16.449146,270.4218,20.45028,12.97733
6.043156,-10.7302885,17.625088,-0.1758019,0.46935022,6.9455566,95.61302,2.0715346,17.856792,239.7883,16.449705,308.8679,20.571714,12.917755
-3.0003579,10.100476,16.56942,-0.16819605,0.45418045,6.9605794,97.06735,2.0793424,1.4393995,243.48628,16.95158,266.07553,20.503468,13.122575
-5.0505466,32.55272,17.592695,0.31539533,0.49069518,6.709369,59.560764,5.715224,18.582136,523.3878,16.450325,312.23322,20.511845,13.12316
-5.1441135,33.704475,8.381428,0.07877044,0.5163246,6.9701223,52.575073,5.581714,9.359194,585.5089,16.477873,264.31732,17.483534,19.027939
-4.133958,-10.132627,13.61735,-0.18609595,0.5540691,6.958453,93.614784,1.7017938,1.079788,329.22714,17.26621,262.69333,20.450409,13.835738
-4.3786173,32.856667,5.6301665,0.3294249,0.46515024,5.5706153,96.340645,2.2919314,9.016226,561.535,16.593685,444.68546,10.614985,29.30455
-3.4378016,0.24557178,17.899618,-0.18554974,0.51558036,6.5882044,89.43651,1.6808885,1.0581644,241.1609,20.133827,321.46344,15.531107,23.467905
-5.057354,-7.933683,16.447046,0.33099458,0.45428762,5.5690794,93.18642,1.6746553,1.104758,530.1494,20.713484,448.0271,12.287501,31.068855
-5.3458633,30.854847,17.756767,-0.044311482,0.51678264,6.7899933,95.61786,1.9157755,1.659766,280.10904,17.080069,307.54257,19.738712,15.648235
-1.9329301,-11.789109,18.191542,0.2038241,0.44618553,5.5673037,93.53996,1.6700674,1.0670679,241.21341,20.23616,449.0406,15.202357,31.069881
-5.5150595,-5.180367,12.803359,-0.18298209,0.50947416,6.9615283,94.820435,1.6713969,1.0731122,285.3571,20.273018,263.09967,16.633905,21.99373
-5.3284616,25.147182,17.00968,0.33304992,0.4433209,5.5673456,97.267265,4.270808,2.4919832,329.80557,17.41716,449.04477,9.699844,31.055073
-5.4027214,33.53495,5.475545,-0.11818064,0.6398168,6.7120304,97.29422,3.4300761,1.6245382,582.1944,17.070063,262.65692,16.9529,13.399981
-5.184181,33.174995,12.836419,0.3250523,0.54164493,6.7193522,93.676956,5.614997,16.49759,566.43994,16.574997,411.59833,18.077173,16.59701
-4.9250517,33.32496,5.8777466,0.31674743,0.49401924,6.7638564,91.04037,5.6338325,14.9972515,583.8955,16.45889,318.64166,19.741898,13.063217
-5.2948112,16.803661,12.893133,-0.07339955,0.5156443,6.03187,96.43515,2.2250457,4.142372,467.3006,18.826096,268.02438,17.052004,22.14476
-5.314372,-4.1007714,13.570309,-0.09609888,0.4855768,6.963084,72.1257,1.6895722,3.169873,349.6517,16.873745,265.05505,19.635859,14.079035
-5.4411545,32.887875,5.38764,0.29433987,0.5535497,6.2283306,77.13658,4.941821,12.042072,584.7208,16.954134,333.03387,13.92936,15.688081
-5.303735,22.02307,14.973007,-0.18481559,0.5050201,5.930814,94.26964,1.6815993,1.0497978,584.6038,20.68235,267.95932,15.146115,18.159931
-4.6327477,18.044165,15.852184,-0.021313775,0.46086603,6.5457177,82.12368,1.7353424,1.8116376,288.17853,17.011957,316.5789,17.75364,20.152079
-3.1590283,27.509695,7.561709,0.21967514,0.47104266,6.365277,93.13675,4.266622,11.924249,576.09094,17.750902,285.1237,16.888178,22.680212
-5.228196,8.527435,17.93826,0.23118946,0.53304183,5.816514,97.19748,4.7247343,12.623443,239.85187,16.583908,341.16885,20.466288,14.578156
-5.3217297,-3.2811844,14.216819,-0.07990185,0.48976812,5.5848427,86.68214,1.7128819,1.0973289,550.4775,20.23606,400.81104,19.541683,29.205854
-4.650589,1.0199,16.949104,-0.074171044,0.4767039,5.649067,96.180374,1.6723019,1.0544689,577.7728,20.674675,443.34213,14.284712,30.044134
-5.5082226,-10.073163,17.891937,0.30208898,0.4456024,5.5718613,97.10787,1.8936522,6.9503937,244.347,18.310242,448.44547,16.814972,28.389595
-5.639018,33.400074,12.262702,0.010415864,0.5015432,6.6854086,96.065475,2.302326,2.018276,585.3315,19.060453,265.16855,15.517267,27.685057
3.6700377,-7.060781,18.063263,0.17400597,0.4439066,5.6370335,95.04366,1.7910197,5.3540845,240.50175,16.610525,444.71805,19.759687,22.700869
-4.6733265,-0.77222854,8.920066,0.2176077,0.4981099,5.576488,92.72283,1.6729261,1.0495069,529.08966,17.646456,442.50793,9.294378,30.814688
-5.485981,30.723167,14.919161,0.32124835,0.44645876,5.6655884,97.276726,2.6313035,14.78105,282.08817,16.741116,431.7444,20.384901,22.764282
-4.8903713,33.554985,17.016869,0.33013988,0.48774976,6.035641,68.48208,5.2087584,18.077682,579.26794,16.4496,426.5065,18.27674,17.797762
-5.359337,17.138,17.816021,0.32853326,0.44688812,5.5687704,97.50586,3.270599,1.8573358,348.1636,20.694683,448.52112,10.30812,31.050695
-1.713741,-12.18061,18.199533,-0.1476637,0.44879448,5.567345,94.816956,1.670041,1.166992,253.618,20.720802,449.02643,16.735085,31.073605
-5.394307,14.378128,15.046245,0.123573326,0.51776147,6.0073814,96.89071,1.694142,1.2342165,532.6788,19.860477,296.52997,19.422516,30.078089
-5.5691395,33.465034,8.321328,0.23061432,0.45066074,5.9184175,97.5468,4.815157,8.628411,570.77277,16.652243,342.01416,19.802088,16.268322
-4.6320677,10.38598,10.842909,0.22263637,0.4767145,5.5901823,90.322624,1.882034,1.8581274,272.5937,16.485043,446.16425,16.378948,27.810553
-2.9488084,-5.331928,18.156471,-0.16481143,0.4649237,6.807197,91.59661,1.8682017,1.8253458,244.5785,18.409533,335.60483,17.460487,13.252545
-4.9535427,-7.4078135,17.779745,-0.17438303,0.5027848,6.066667,80.92916,1.6718396,1.0686061,419.08698,20.422663,316.39685,12.637305,30.13707
-4.9008455,14.401454,17.698458,0.29392228,0.44472268,5.746855,93.35418,2.4128966,14.847355,492.58664,17.16388,440.94217,20.233425,18.920929
-4.55138,30.658573,6.199873,0.3062354,0.50591844,6.877964,82.60136,3.117925,10.456591,575.64984,16.47865,303.11148,14.360928,15.882835
-3.6111238,28.210077,16.563372,-0.15020509,0.64627916,6.9395123,93.429436,1.775694,17.735554,310.87668,16.47787,265.51648,20.52836,13.25909
-4.6649494,12.734291,16.879688,0.32694867,0.4461135,5.5675316,84.677956,1.9777501,1.1801422,464.97562,17.110273,449.00586,7.755731,31.064495
-5.3342075,32.962433,13.278041,0.2486598,0.47259474,5.8405504,93.79563,3.0727792,16.628052,581.2215,17.160385,361.199,18.317617,17.486372
-5.3426685,-1.3133892,15.824283,0.009329972,0.4537341,5.7880697,91.70435,1.8583891,3.8239725,479.463,17.740414,319.11395,20.045656,16.513351
-4.6725683,33.048344,17.373129,-0.13049975,0.51321745,6.974725,58.88828,5.721433,16.482874,578.9669,16.472326,262.51978,20.540741,12.912877
-4.3756104,-9.363898,17.867899,0.26113796,0.4579234,5.6209474,89.18234,1.7056843,1.1347435,426.75995,20.623728,437.96973,6.5857077,30.800112
-5.214649,2.5522392,14.944549,-0.18454221,0.47257558,6.9514194,88.56141,1.6848365,1.476732,248.97064,19.522326,271.26224,20.293428,14.4993515
-4.569478,0.20799892,14.007771,0.3319233,0.44465473,5.5715604,97.16216,4.975119,1.188256,477.1592,16.724085,448.9374,13.540248,30.662506
-5.1996155,3.5112998,17.251635,0.02382407,0.46904662,6.956902,83.40313,1.7264408,1.4795921,505.46417,17.426426,263.64645,20.025518,14.857769
1.7982143,32.332226,5.9231834,0.29388013,0.5376255,6.614087,92.41716,5.010522,4.45135,585.55145,16.829792,328.4997,17.446987,13.481147
-3.0141466,0.133866,12.060522,-0.18169627,0.60897744,6.97406,92.5923,1.717141,2.0843818,277.217,16.837687,262.6815,20.280909,13.67843
-5.17402,-10.258645,16.755976,-0.06772786,0.45777008,5.8054976,95.02006,1.6709527,1.1123245,508.2019,20.468704,383.2333,18.382378,30.255787
-2.065861,19.136774,17.946327,-0.18701869,0.4878409,6.974468,97.444786,2.128992,9.804837,243.38632,16.500402,262.6046,20.577072,12.914425
-5.236293,31.566936,11.570651,0.32855824,0.45280755,5.5771475,94.80663,1.9704528,1.2776344,574.31415,17.408222,446.849,12.289501,30.955463
-5.454261,33.706814,4.6594973,-0.055870827,0.66563386,6.9723144,85.85227,5.6473517,11.985403,585.44604,16.45032,262.8638,18.319763,12.925168
-5.3482933,5.0983214,14.894704,0.3020402,0.44972107,5.5779233,94.28261,1.7089854,3.3881977,529.1144,17.868876,446.3223,18.643219,30.999523
-5.520403,33.178673,10.922552,0.14772461,0.5751718,6.314851,97.383965,5.284423,6.6758895,384.57288,16.474798,288.4076,19.794497,17.186758
-5.17152,9.720044,17.95685,-0.05763587,0.46943143,6.636171,97.4135,2.7873285,6.0836635,244.01913,17.845697,370.1612,20.213015,16.291903
-5.661463,-8.077571,4.711155,-0.053271722,0.53848004,5.5942187,95.72176,1.673318,1.0522764,481.64813,19.579142,368.01572,12.666084,30.619644
3.4900422,30.162045,18.05103,0.18718435,0.47861218,6.9680285,76.46706,3.1278527,17.22207,273.043,16.451212,327.89368,20.557465,14.233953
-5.018154,32.935616,12.446111,0.32489935,0.5488198,5.7272706,75.67107,5.79336,18.477034,573.2092,16.516714,388.7978,18.793428,16.721437
-4.935857,33.67044,6.3302355,0.31802252,0.53453994,5.8120127,90.37462,5.785627,17.233467,585.06274,16.472862,309.37506,16.500343,22.593506
-5.5470953,33.353024,8.72511,-0.1619737,0.51074237,6.974708,96.77335,5.722884,2.4601152,391.39105,16.452446,262.51968,20.580929,12.966569
1.9184548,26.620852,17.287971,-0.119556,0.45026472,6.770269,96.12478,2.1329832,12.217035,344.02295,17.057201,307.2796,20.499773,12.975356
-5.1462164,7.442758,13.839858,0.29530963,0.44476715,5.8396297,96.3797,1.7518163,1.5470827,266.27365,16.98065,314.92636,18.647272,23.24442
-5.3682766,-11.683118,18.069395,0.24445227,0.4596583,5.5672884,95.698975,1.6703371,1.0501335,510.16107,20.688303,448.91608,13.197615,31.074467
-5.47999,12.744761,12.34973,-0.14763801,0.6050163,6.9160123,89.92288,2.3257375,1.9235122,581.4311,17.354301,262.57452,20.061546,15.297011
-5.1356936,22.747053,16.87843,0.18056644,0.47985998,5.6052666,89.573555,1.6892358,1.0907333,548.97186,20.137304,423.419,8.860126,30.042257
-5.5512753,29.896729,5.794349,-0.18139103,0.5378831,6.9678483,91.13058,2.1748621,1.4739358,584.19867,19.358011,262.5244,20.155684,13.189345
-4.632249,18.864372,17.14181,-0.13227119,0.4846321,6.789075,90.04968,2.515657,4.097416,351.37732,17.219545,277.7416,18.924011,17.931108
-4.3883114,32.240902,15.536767,0.19358404,0.45666528,6.642108,90.72003,3.3686733,4.616735,339.92355,16.499311,270.4158,19.286657,14.884031
-5.6616306,31.563032,7.1912775,0.23104231,0.49267378,5.63118,97.245,1.7436954,1.0631311,574.65594,16.994314,413.37082,12.094664,28.618078
-4.2901163,-11.808204,17.794682,-0.18571967,0.44966432,5.7589226,94.656364,1.6721905,1.0575836,257.76974,20.55115,305.37704,20.455687,26.904766
-4.1951714,17.671246,17.949553,-0.11139702,0.4630285,6.8943186,92.36394,3.8863761,17.54765,240.04964,16.485851,357.76578,20.330208,13.088118
-2.1478975,2.5067928,18.124882,-0.16617958,0.44868425,6.8977785,95.80867,5.3406596,18.40614,239.81488,16.453451,284.3971,20.39892,12.964822
0.18159756,-3.8388999,18.149998,-0.16183096,0.48022678,6.439652,92.27864,1.6728052,1.3764656,244.47072,18.925343,326.10272,20.289055,27.355509
-4.552745,-1.2519802,16.074621,-0.064339675,0.48341483,5.609276,91.128204,1.6793319,1.127938,464.607,20.492092,422.8894,18.740517,30.801815
-5.6528893,33.23646,7.0593686,-0.18660349,0.6649886,6.968813,95.173134,1.9400268,1.1494758,585.26605,17.998684,262.51987,20.34799,13.003621
-4.3335114,-11.357045,18.16011,-0.17471182,0.4469556,6.7470303,88.17857,1.6711992,6.113462,241.07655,19.257107,338.17725,20.040998,19.150545
-4.786619,33.62853,10.449728,-0.17675951,0.6231629,6.972901,86.932205,5.0125837,8.289756,584.96106,16.517942,262.52988,20.058224,12.948719
-4.120636,18.224276,6.55358,0.3307847,0.4494689,5.5984244,95.37792,2.446154,1.2172048,572.6443,16.817804,448.54547,6.5263433,28.11828
-4.5282726,9.045267,17.68117,-0.0061239633,0.45149755,6.826155,85.684326,3.9255023,15.569058,252.27292,16.451265,332.36386,20.312946,13.022983
-5.308116,33.723885,6.7952614,0.3330903,0.48554677,5.5679364,76.89019,5.7247877,15.191097,585.6091,17.374067,448.82233,10.537901,31.071323
-5.0285606,1.9816538,17.935799,0.32802823,0.44424886,5.608108,87.8508,1.683381,3.4555476,320.64462,17.662401,443.72913,14.642339,30.765612
-1.6749579,32.343803,15.292618,0.33216944,0.44702318,5.574862,88.897736,5.7761416,16.464926,546.1333,16.467642,448.75327,19.582123,27.741478
-4.572261,27.772633,8.679895,0.15013306,0.45055282,5.7290745,97.636086,4.231675,3.8234766,566.8549,20.023685,323.76965,16.87126,26.898342
-4.291027,32.687283,17.376814,0.2851059,0.44517133,6.5505433,96.77878,5.632778,12.163129,276.2902,16.494051,420.87332,19.11431,13.570537
-3.9944365,-4.434851,16.357342,0.3203517,0.47954673,5.567608,96.62942,1.6757625,1.0599897,570.9425,20.709661,448.6687,6.4066453,31.073675
-3.9680655,-9.19542,16.97003,0.26083416,0.45706105,5.602732,91.901764,1.7333864,1.6778572,274.09384,17.104755,422.9996,19.22391,28.441399
-4.662594,-11.59706,17.13067,0.1344253,0.44616243,5.598749,92.14619,1.672258,1.1635053,342.3668,19.70632,448.55057,7.9865975,31.069698
-5.34978,33.56899,8.995185,0.20229764,0.48670295,5.9502134,96.52003,4.1313405,11.612088,532.87585,16.448586,300.83347,20.234177,13.931021
-4.550315,32.471764,6.5927744,0.2180501,0.47933242,6.8939877,81.29298,5.736558,18.115252,582.5279,16.990637,263.13187,20.043436,13.695187
4.157412,24.391922,18.00677,0.08114957,0.5105678,6.971603,94.386696,5.1532726,16.786577,264.21234,16.453575,268.17502,20.529432,12.912361
-5.092128,29.003725,15.951075,-0.17211916,0.48274517,6.9597635,91.96226,1.8487955,3.3072746,335.8589,17.438793,263.77512,17.909174,13.139345
-5.52386,29.766916,13.011922,-0.18244103,0.56420326,6.9684043,97.743164,5.1030087,3.9462974,436.15463,16.48306,262.6985,20.397388,12.928598
-3.9737895,-8.768226,14.12189,-0.17331706,0.46515805,6.967166,87.88991,1.6815461,1.8040903,243.63939,17.53906,262.7403,20.331667,14.548212
-5.3861265,19.793936,16.72093,-0.14432177,0.47688067,6.8919563,94.64702,2.739282,16.505756,388.02173,16.720106,267.17477,20.416157,12.975005
-0.44681087,-11.581002,18.012045,0.1947983,0.4439337,5.568097,96.015366,1.6744026,1.101445,242.0796,19.745678,447.34607,16.11241,31.051947
-2.5346,-8.608441,17.911163,-0.059025433,0.47694406,5.682246,95.49343,1.7125865,1.4426172,249.88951,20.144121,442.01608,18.425196,27.26264
-5.347926,-7.728271,5.801006,0.33157092,0.48483965,5.5672626,97.51663,1.6700076,1.0491874,582.37946,20.729507,449.0099,9.55387,31.074621
-5.2182837,5.4487324,13.004442,0.31969535,0.47039372,5.570618,94.55798,1.6701008,1.0691125,572.73816,20.372284,431.42505,13.824091,31.036806
-3.4990618,24.954386,9.568389,-0.103859715,0.5487169,6.9417505,54.95538,3.4361863,10.748016,550.7687,16.79917,268.52423,17.595095,15.767017
-5.4473295,16.127337,14.78011,0.12235735,0.45691317,6.6414366,97.45176,1.6989504,5.2400947,240.52074,16.504055,314.38736,20.449484,16.404163
-4.7327385,28.102257,10.612394,-0.00054246496,0.50867325,6.9370737,75.54901,3.8521893,7.053017,518.0463,16.476065,265.13913,20.06728,13.565057
4.6411805,28.865398,18.163595,0.30805334,0.48454234,5.7557507,86.00872,5.746671,18.619057,270.17554,16.607563,364.49524,20.235197,14.571593
-5.191804,-5.2934947,6.770844,-0.18418795,0.5698472,5.7724786,93.29886,1.6699842,1.0494325,582.4727,20.73163,268.31674,18.342978,30.520018
-5.3965454,28.742514,12.925038,0.12480022,0.47922188,5.6836867,97.63857,2.0020456,4.863569,565.7544,16.51651,308.05585,17.31345,16.935677
-5.121189,1.6241204,14.379968,0.02636825,0.5121242,5.971598,96.74016,1.6864246,1.1225593,253.06462,18.926847,370.65378,18.975471,29.677052
-5.5581865,21.632023,14.064977,-0.08032728,0.46165773,6.12207,97.75952,1.8276663,1.1029737,522.6863,18.540285,281.15637,18.703571,14.573786
-2.299672,-9.577495,18.09196,-0.120628916,0.5530983,5.6938496,92.93898,1.7769859,4.850618,241.36089,17.712755,438.9247,16.464067,20.470392
-1.2543799,-9.6382265,17.126831,0.33066308,0.45111462,5.570685,92.60528,1.7999384,10.950309,295.29904,17.146582,447.37543,16.40315,30.373512
-4.282837,-11.799542,18.112509,-0.16296285,0.4657959,6.3841352,80.31867,1.6703714,1.1073444,251.45312,20.626076,365.9319,16.791676,18.215387
-4.83799,33.203827,12.173524,0.12982747,0.46233642,6.336617,97.77197,5.758858,14.552143,377.12622,16.485212,286.67236,20.1888,13.290746
-4.645997,19.567001,14.36793,-0.15343006,0.5516021,6.9183545,95.13434,1.9508392,1.5192211,320.07272,18.58833,262.6902,19.884077,13.253194
-5.5015373,32.519485,5.7887864,-0.0054457146,0.48714063,6.9268756,86.15867,3.252506,4.4967303,585.1699,16.877138,264.55847,16.090117,13.680875
5.121213,19.563427,17.554325,-0.13406521,0.53366387,6.9674635,87.43949,3.2109003,15.045233,265.55148,16.46407,268.3002,20.14187,13.2633705
-4.4896154,-0.31037456,17.454773,0.2611271,0.4502252,5.5677605,95.054665,1.7325,1.4206674,284.38446,20.261024,446.55676,15.2719755,30.890121
-4.798085,8.162612,13.300947,0.33125535,0.4466004,5.5777836,91.58306,1.8466208,2.0661166,575.7628,19.789154,448.27634,9.450463,30.886366
-4.805833,30.77374,5.806041,0.32397747,0.5539917,6.7233405,44.9917,5.797597,13.761951,585.14056,16.65336,325.1789,14.70774,14.26273
-5.3577538,15.483965,16.793905,0.28015932,0.44623983,5.690406,97.44673,3.8955324,10.7125635,283.49152,16.589325,431.30234,10.173803,17.113808
-5.4689455,-4.7143292,11.968178,0.051584255,0.46506485,5.5701246,96.190605,1.6821767,1.1487539,515.5897,20.403976,340.35657,19.165226,30.999039
-4.858823,-9.88515,16.001669,-0.18353724,0.6048197,6.4140954,96.98693,1.6704003,1.0512655,279.3471,20.409988,275.87546,19.07265,20.272879
-5.2816296,25.742823,15.947632,-0.17474443,0.4952062,6.9745593,89.82196,3.8149595,4.051676,282.48135,16.467411,262.5489,20.573683,12.918142
-5.2917786,6.908348,10.487377,0.22165367,0.5800025,5.5779357,92.78309,1.6711608,1.0576141,585.46576,20.73282,440.9046,12.000337,31.072548
-4.9381094,7.7826586,9.114326,-0.17218156,0.47465268,6.795733,96.83094,5.5453653,8.212708,249.05368,16.459969,263.0509,20.516315,12.974534
-5.3474293,-11.174085,9.699953,0.30688664,0.49285194,5.5714884,97.0966,1.9047431,1.0604541,414.98248,18.53131,443.96393,14.254448,29.9751
-4.5470924,31.57401,15.224327,-0.18640316,0.60184264,6.970129,95.448425,3.3630204,7.6831355,259.90326,16.495226,262.8243,20.575487,13.060003
-4.654525,7.1465797,18.031519,0.32244617,0.4439979,6.319929,94.605354,2.0289521,18.455708,239.78864,16.450846,435.29962,20.57371,12.974146
-5.386463,26.688534,17.563396,0.29488572,0.4463847,5.7607946,92.68427,4.763458,16.391203,342.79272,16.498354,434.64175,18.456787,22.088322
-4.9949923,-5.4636264,13.491864,0.2890211,0.45472682,5.5779343,95.44709,1.6701962,1.0571725,503.1609,20.714525,432.8685,9.060502,31.041174
-5.4176683,33.551853,15.35686,0.3294058,0.51692975,5.899482,94.96913,5.4471946,3.807605,579.5659,16.503965,435.48596,15.904586,18.984188
-3.5039742,-1.889687,17.653677,-0.11625687,0.4471009,6.180763,94.84999,3.1896179,3.1821053,243.5876,16.49431,434.05466,20.350662,16.966145
-2.7947638,-7.816158,17.997988,0.3219281,0.44417036,5.5727434,87.54459,1.6819471,5.164817,250.26826,19.720545,448.78467,12.265907,31.00259
-2.9135945,32.823124,9.1208515,-0.18603167,0.6643419,6.9747415,97.212204,5.5948277,13.997341,251.61143,16.508072,262.51974,20.43326,12.912058
-4.9170723,31.072443,16.164028,0.027677096,0.4826186,6.972027,92.06075,2.820989,13.212098,488.3884,16.455866,270.7801,20.488781,12.970613
-4.430644,32.25063,15.673821,0.27819782,0.45358613,5.573065,96.23984,1.7890158,1.4894464,584.1392,20.338491,426.84634,9.311142,30.8483
-4.5748243,33.27217,17.041712,0.32768273,0.4461822,6.3752627,96.05156,5.7977858,18.452065,284.1662,16.591637,412.2925,20.421633,20.424837
5.962744,9.136016,17.634016,-0.17699969,0.44857174,6.9743624,94.554085,3.3552337,17.510534,240.45604,16.74303,264.4793,20.586603,12.935428
7.793961,13.100276,18.070053,-0.09325483,0.44647077,6.908635,95.06779,3.445987,18.602877,239.79065,16.449894,279.61783,20.5289,12.9264765
-5.4620867,32.5004,17.941393,0.3297941,0.44547263,5.626087,93.22777,3.7212718,15.026356,566.60834,16.874893,447.00818,20.16833,29.632038
-1.365183,-9.112878,8.597253,-0.08513286,0.44652984,6.629418,84.4913,1.6727918,1.0502689,554.1402,20.464554,375.38678,13.8434105,31.013062
-5.1147776,6.087268,14.405238,-0.15252084,0.5380872,6.757597,92.27519,1.6788048,1.1422822,347.7806,17.397036,268.2762,19.786228,17.432352
-4.900524,32.22042,11.893707,0.07814078,0.45303395,5.953126,89.28971,5.524956,15.536345,585.06274,16.99563,303.41257,19.716846,16.017315
-5.4093933,14.024685,17.195549,0.21751137,0.44637802,5.876242,96.16632,2.1507878,16.885092,256.83255,16.622536,397.48856,19.63323,14.846409
-5.3452997,6.1224217,16.284979,-0.06873234,0.47794384,5.9508047,96.65554,1.7337619,1.0830867,487.36615,17.451265,322.6288,16.261145,19.98336
-2.4587905,-12.015452,18.176113,-0.10136523,0.45343027,5.5672803,97.37277,1.6702389,1.0556839,241.84729,20.708223,448.99637,8.581646,31.024382
-4.5488605,27.199856,14.949362,0.1196203,0.52928114,6.739756,89.980064,5.7707143,18.15568,305.1825,16.625177,268.62088,20.392733,13.719999
-4.7947254,1.5848604,17.516438,-0.17839226,0.46553648,6.9423876,95.95713,1.7513046,1.8798969,259.043,19.950054,263.85135,20.071447,13.183743
-4.1767855,-11.329579,13.263484,-0.17092368,0.5031037,5.6272826,90.10536,1.6706399,1.0577219,415.99445,20.713242,334.0011,15.204741,30.797653
-4.6341047,-9.464005,14.444034,0.29380792,0.4697124,5.567724,96.76678,1.6739255,1.0781581,570.09625,20.679066,448.08276,8.035236,31.020765
-0.082929276,33.59812,9.920812,0.07993252,0.6649256,6.9747386,52.15995,5.802958,17.896687,585.59064,16.546906,262.51813,20.5376,12.914694
-5.127614,33.714344,11.836777,0.31569874,0.66322213,6.974422,96.79503,5.8003874,18.232931,585.28827,16.447021,262.70584,20.535181,12.915029
-4.696727,32.050404,5.5120306,0.24336773,0.49414924,6.3457055,95.64413,2.6402087,1.1101654,585.403,20.457506,265.33722,13.975616,27.845419
-4.3887367,23.90613,15.091607,-0.16172478,0.5115196,6.941423,94.11519,4.780009,17.326794,255.48067,16.506794,263.08475,20.416918,13.287563
-4.466798,7.974481,15.982121,0.33224922,0.44635466,5.567867,96.87313,3.3829489,7.939199,340.73425,17.399446,448.4438,7.6703477,30.863142
-3.2574904,29.685186,17.349827,-0.16727568,0.4658184,6.93637,96.99682,3.0809214,16.07922,251.29002,16.553423,262.70572,20.524597,13.304014
-5.6844645,13.153652,13.949912,-0.13922285,0.45557576,6.706391,97.33697,1.6745144,1.057245,267.57312,18.703457,264.44498,20.507536,18.098585
-5.5183344,-7.8172183,17.608854,0.27005985,0.4448894,5.582908,96.80247,1.7015277,1.8463457,259.91156,16.973455,446.6408,20.048004,30.395832
-4.8467073,1.4128739,17.050636,-0.14351656,0.46219277,5.780728,95.5095,1.6716384,1.1421735,273.5482,17.407629,311.69785,18.733156,28.795113
-2.4555995,33.670914,8.3885975,0.263505,0.53001976,6.961454,95.09316,5.728093,17.107355,577.5999,16.447725,264.67963,15.727971,12.987105
6.950752,32.300007,17.385479,-0.0035069913,0.5201368,6.899115,90.34286,2.9727325,11.458413,318.53958,16.600443,381.81192,15.039388,13.137823
-5.4926167,29.11873,17.61104,-0.10856915,0.46849617,6.5666575,88.38481,2.131631,9.843219,536.23816,17.099583,263.99835,20.439232,14.318282
-5.3115263,-12.137507,18.060177,-0.13876773,0.44545388,5.5691113,97.46424,1.6701823,1.0508401,246.36871,20.613226,444.6352,20.460543,31.064716
0.39043793,-11.0969515,18.00828,0.20258969,0.44488525,5.5851808,90.20794,1.713108,8.633603,241.7154,18.29776,448.27533,15.651728,27.322166
-4.396225,20.111979,17.527668,-0.15826486,0.4599165,6.961907,91.632805,2.7007434,18.348812,243.15308,16.451962,269.71933,20.589075,12.918331
-5.386051,31.11893,5.1558394,0.19895163,0.6090939,5.647777,94.59776,2.6833797,1.3085258,583.1968,17.806553,313.4737,17.279068,26.386597
-4.8155556,32.539093,8.26186,0.04581676,0.52024853,6.810373,93.88873,3.5105257,1.6612356,585.5831,18.534296,264.26923,20.306133,13.493752
-4.937236,28.67398,17.7026,0.29705572,0.4473982,6.8286343,84.97568,3.1888185,8.815382,316.6438,16.565655,370.02353,17.114103,15.742823
-5.590109,33.257175,7.888458,0.2526005,0.4493147,6.39041,97.6149,5.202537,2.7578523,581.27905,17.26983,277.53638,17.286627,15.459711
-4.106407,24.662495,12.8827,0.24150448,0.48506293,5.7826204,90.54283,1.7406558,1.8202579,539.08594,16.753386,378.14902,14.30582,29.366604
-2.424146,30.308226,15.482108,-0.036992345,0.47628498,6.6847124,94.53747,4.021896,8.903593,463.3931,17.136723,265.11005,19.206558,14.001747
-4.575382,33.638832,14.553442,0.33235645,0.52104354,6.1180243,72.39636,4.562846,17.229933,585.37805,16.504925,335.6321,16.983913,29.342205
-5.344715,5.1484528,12.864177,-0.1622977,0.4594608,6.934283,96.06047,1.7227255,1.5847003,307.66318,16.863167,263.59973,20.135164,15.85486
-5.3087435,30.155006,15.534701,0.17982909,0.4826065,6.841752,90.1393,5.6967096,18.106098,549.3764,16.747921,269.15274,18.56917,13.059594
-5.396534,-9.069995,12.136766,-0.017792214,0.4614342,6.042459,93.97426,1.6701504,1.0555065,583.5268,20.731756,266.46118,14.568859,31.014036
-4.4010105,-4.7094207,15.5783615,0.22651775,0.45108643,5.7703347,89.30294,3.4286687,16.048471,383.2257,16.835855,370.33643,19.487734,20.806871
-3.9710724,19.640757,15.9263735,-0.07745441,0.44744417,6.8149157,91.959,2.3460574,10.08815,263.05542,16.486225,282.71292,19.066408,13.537376
-4.968939,-12.043141,18.068285,-0.009638491,0.4495837,5.6920824,94.03841,1.6772059,1.1696632,240.675,19.493284,420.5621,14.781779,30.316626
-3.2240107,-12.179082,14.317998,0.32748497,0.44434792,5.567237,91.43654,1.6699115,1.0490463,495.01468,20.730465,449.0404,7.412668,31.074675
-4.092698,33.68847,8.275301,-0.18546978,0.67236227,6.974393,96.6556,4.7239146,1.5864112,582.9005,16.45529,262.54324,20.439596,12.912382
-4.136137,21.94326,12.876282,0.29505196,0.45404792,5.6015434,95.510155,3.6653457,1.2515619,337.9302,16.703978,448.19296,6.890453,30.009804
-3.400419,-10.52576,17.783669,0.010502872,0.47410235,6.1956606,83.57986,1.7306577,2.143369,491.16742,19.155186,371.61465,20.077538,27.958696
-4.528203,25.16948,18.04276,-0.04226098,0.46449396,5.8589306,96.941025,1.871636,15.941605,246.06308,16.585356,374.77,19.681402,14.51387
-3.481387,32.26854,15.887525,0.0864299,0.470524,6.9700813,65.20641,4.976421,18.50955,499.66806,16.450737,267.708,19.099396,12.963353
-5.1349363,23.299314,10.451549,-0.16283245,0.4595358,6.9729156,88.05338,3.0585837,11.233631,503.80106,16.523983,263.45236,20.3227,13.568794
-5.3783503,-0.19082864,17.821545,0.043087818,0.44486547,5.6382546,96.81581,1.9877229,6.1999173,240.91634,16.773584,432.92136,19.426327,19.014368
-4.9571276,28.162754,14.560513,0.0059512225,0.5667278,6.5554585,95.79443,4.875669,10.579305,552.79175,16.970293,271.95587,20.067215,14.687888
-5.110568,33.04931,14.795026,0.30035082,0.48402727,5.896544,94.88091,5.801235,18.531189,291.42194,16.45255,417.0227,20.206942,14.738834
-3.9991305,25.359802,17.868233,0.32241315,0.4686839,5.8319216,52.45128,5.7945056,18.555561,264.63547,16.517132,428.51904,19.435163,22.655497
-5.516141,29.20701,13.824504,-0.14430453,0.4591898,6.065062,95.989075,1.6912359,1.2794616,370.85617,19.742214,309.34952,12.662342,29.72571
-4.5869102,14.277051,15.219952,0.06647623,0.4460355,6.9176273,83.20406,1.9287539,11.573309,418.40814,16.492352,267.23016,18.104914,14.8513
-4.2557745,-2.9823906,17.930294,0.33100075,0.4511785,5.567249,85.74734,1.8650784,9.332975,252.71663,20.11444,449.03888,11.624212,31.07193
-5.105135,22.797867,12.111326,0.31867722,0.50159717,5.573847,92.940544,1.914248,1.4482105,528.3254,18.781042,384.57758,16.57459,30.911768
-5.2445564,-11.474109,17.892103,0.123766854,0.45193055,5.567449,97.62466,1.6723026,1.144593,294.94263,20.46173,448.94534,13.703865,30.992197
-4.3544645,3.1620142,9.437483,0.07830343,0.46244082,6.429962,77.88471,1.7206918,1.134505,518.6513,19.56247,272.70578,18.692465,23.019987
-4.1366215,31.674582,16.877432,-0.07377098,0.5582442,5.9501996,97.37817,2.9108179,2.6557443,370.83865,17.55337,311.9048,18.728022,18.684822
-1.2830673,27.206606,10.117807,0.30968708,0.4492147,6.8079643,94.57008,5.7578745,17.99426,272.76108,16.465616,341.4672,19.875647,14.710187
-5.5300436,16.236074,11.487268,0.2675658,0.44456688,6.08715,92.63265,2.132379,4.4632516,349.5017,16.525368,369.33408,18.590708,28.560057
-2.8750098,30.798506,9.03128,-0.17995575,0.57233596,6.969244,96.90295,2.170165,11.780569,252.72781,16.448837,262.65445,20.547646,12.916991
-5.43077,-10.944711,17.06694,0.011573617,0.45193514,5.5716352,93.221375,1.7030181,1.1972244,289.47995,20.300747,437.2103,17.737955,27.566252
-5.4453773,24.070007,16.620941,0.3247396,0.45728016,5.842641,93.58879,2.1244533,15.401821,248.9239,16.470234,369.99054,20.250793,14.857924
-4.6355743,8.935282,17.646784,0.16282493,0.5421059,5.588945,95.79586,1.70687,1.0979908,438.0648,19.821512,392.98282,19.298075,29.265802
-5.1317587,26.339054,9.042501,0.12998411,0.46551836,6.8331633,83.37966,3.2178009,9.650468,563.15875,16.537624,274.03513,19.28126,14.4260435
-5.30737,5.5602417,18.048916,-0.17619011,0.47061217,6.9425282,94.30982,1.8754331,3.8089721,245.34834,16.581726,267.62994,20.405592,12.932816
-4.8139677,28.73599,15.167554,-0.14041345,0.530336,6.947791,97.60137,5.061956,4.4158916,489.7276,16.756285,262.8502,19.408594,12.973097
-5.24899,31.320467,5.4644938,0.2698949,0.63421124,6.016051,90.59655,4.1833982,10.825693,583.0797,16.676378,378.94864,19.26713,28.992533
-1.819358,-10.246112,18.025438,-0.17805889,0.45720088,6.886801,94.83568,1.7054497,7.127422,239.84503,16.760983,320.01773,18.979782,13.132165
-5.0153465,3.5395968,14.426669,-0.017241333,0.4532976,6.472795,93.35533,1.7755613,2.989207,335.58994,16.73985,337.7636,19.826668,19.515097
-5.46686,-3.081051,17.243727,-0.18606192,0.49109277,6.0856843,97.4006,1.681991,1.3509786,241.41998,18.528042,284.03424,20.546656,13.695733
-4.4531784,28.782488,15.768454,-0.08711859,0.47594786,6.914752,96.12277,4.284181,10.425496,297.42697,17.537151,278.24026,19.472883,14.458503
-5.3002243,33.41584,12.01276,0.27396673,0.48742318,6.4127774,96.975204,2.69216,2.6842544,565.6984,16.476984,319.84525,17.756031,13.949154
-5.1839323,31.55951,10.0661,0.32424885,0.45239037,6.366471,96.92579,5.518827,7.318321,463.98407,16.482838,279.94556,19.074038,13.584754
-2.6992486,19.264997,13.080879,0.33105716,0.47033668,5.855533,59.88614,2.8698676,8.271176,326.85007,16.555702,432.13928,18.057549,16.656126
-4.300853,-5.3970504,16.02423,-0.14026646,0.571504,6.9490733,70.33467,1.7119333,1.1594121,314.7391,17.542868,286.21927,14.227931,13.232362
-5.0670347,23.615917,15.971837,-0.14236301,0.62988484,6.966252,61.051334,1.6876284,2.275872,547.594,19.719925,262.57574,20.11041,14.623696
-4.3649263,-12.04642,18.027472,0.32568726,0.44340986,5.567372,92.901596,1.6700464,1.0562875,302.38058,20.72777,449.03836,10.433703,31.074339
-4.936227,2.173621,17.358025,-0.06517371,0.4446051,6.475513,92.87162,1.7787219,5.554522,239.86264,16.447933,426.73083,20.451866,14.059931
-4.42743,31.466854,12.596368,-0.18239349,0.51073855,6.9696527,88.07505,1.928921,6.4803004,405.58762,18.554121,263.1303,20.235563,13.6255
-5.4682856,32.33898,12.212395,0.05637446,0.45588943,6.462006,97.19735,1.744475,1.7570245,527.4043,17.750404,268.94843,19.55215,23.967577
-0.3663136,-9.970248,17.966658,0.113557994,0.44345862,5.927231,96.52493,1.6839937,6.606039,239.80342,16.48922,437.4674,19.86647,16.58508
-4.4011745,29.317675,15.7851715,0.056727774,0.5264014,6.90448,90.1452,5.619877,6.3080726,322.41644,16.521862,272.2527,19.586988,13.224831
0.2773207,33.66853,16.529762,0.28705934,0.6479688,6.97399,79.535736,5.7962537,18.616169,547.6817,16.447348,263.94458,20.575443,12.936249
-5.1725397,33.572937,13.750454,0.3299378,0.50722426,6.438781,93.855934,5.5917573,17.34793,338.6933,16.453897,418.73697,20.419266,20.290808
-4.486373,30.508497,16.075739,0.1188644,0.5645043,6.949879,96.178696,2.8983457,4.210974,513.55273,16.531828,295.58273,19.66944,13.072525
0.31667957,29.092976,14.746341,-0.048292954,0.59023404,6.9696894,89.163086,5.6235404,18.562113,244.63542,16.448288,263.9233,20.567677,12.917394
-4.4771023,24.244907,17.646399,0.3245455,0.45009258,5.6852107,95.75205,4.3319297,18.440617,246.18001,16.476967,423.73596,20.313395,23.81588
-2.766661,20.817934,15.354636,0.32966816,0.4432706,5.5764546,90.86986,5.7034016,18.231268,476.82123,16.576668,448.87982,19.181482,23.243738
-1.8028647,-12.141629,18.130325,0.33239362,0.44369403,5.567238,97.55136,1.9980271,4.525969,241.53731,20.72546,449.04312,8.7283325,31.0716
-5.549491,33.59762,17.795115,0.3329957,0.44417974,5.6050434,96.407326,5.79083,17.180735,542.31793,17.510685,439.18683,20.222706,24.01117
-5.416255,-4.3648553,17.773767,-0.1489482,0.46639648,5.8660383,93.244606,1.6714984,1.0649793,252.56743,17.70426,439.30927,19.35675,29.383047
-5.442564,3.8435433,17.551273,-0.061126407,0.50402343,6.023614,92.015015,1.6802367,1.1838491,450.7806,20.414143,279.60468,20.317764,26.72315
-4.952961,-9.594419,18.154003,0.3325927,0.44295236,5.5675898,86.84066,2.7226305,10.805597,240.0724,16.675924,449.04318,11.852588,31.04242
-5.288809,33.45115,17.811827,-0.18236119,0.5036979,6.835565,97.481804,3.8688626,5.7310047,480.79385,17.027647,266.09244,19.887424,12.933481
-5.6441374,28.154324,7.8872147,-0.099734746,0.50658995,6.403724,94.37062,3.9948137,1.4180591,585.0143,20.121973,263.53018,19.713902,20.368103
-5.50492,13.098592,13.422906,0.33176595,0.4587041,5.591958,88.1762,1.7760619,4.586671,523.8333,17.681982,440.33286,17.91551,30.910738
-5.223686,8.844538,7.6810303,-0.11445928,0.48052526,5.6828413,96.91909,1.681482,1.3294218,481.94257,20.237455,317.48026,13.346972,29.64659
-5.5408344,24.011633,8.657934,-0.17084561,0.5149717,6.950487,88.90138,2.4139264,4.050336,582.7243,17.12437,265.2483,20.096691,13.061066
-4.7657223,27.717348,17.076986,-0.078830086,0.49767312,6.969939,85.06382,3.6048672,15.901702,574.1859,17.142267,262.99173,18.780746,13.66386
-1.2640845,-11.472117,18.195015,-0.12682709,0.44592446,6.7317486,96.31199,1.7254003,17.410196,239.79182,16.51348,362.38205,20.584269,13.133752
-5.3109407,28.956827,5.058261,-0.01794478,0.52854794,6.9628444,82.81001,3.3645961,1.5556915,566.3221,17.010937,263.85287,20.077734,13.348587
-5.310725,32.300068,10.872857,0.2672928,0.48922676,5.598983,97.00743,2.9462416,3.7930152,550.40576,17.46603,431.55667,11.209699,30.442083
-5.3499403,28.283804,14.559764,-0.09059564,0.60795754,6.8609853,74.18235,3.1444075,6.9878554,563.1979,16.451384,305.10318,20.31277,13.539608
-1.4399153,23.916866,10.302896,-0.055381294,0.46003428,6.1010137,96.86739,5.304605,17.637403,369.59872,16.679043,268.4206,20.12081,15.844516
-2.3399818,4.266478,16.68763,0.09427406,0.46046808,6.3436375,90.74696,4.0809455,4.9571056,250.61671,17.034595,313.094,19.044018,15.996868
-5.360923,-4.1840644,14.294715,0.17611538,0.5159724,5.6429253,96.26409,1.773279,2.8570564,351.09576,16.855724,415.68515,18.23905,23.142315
-4.273144,21.870138,10.456897,0.13814072,0.46604663,5.7668786,85.01587,4.911292,14.900169,531.05817,19.018892,273.29092,13.184533,21.154642
-5.030815,22.187998,8.587,-0.04292791,0.48538765,6.9242673,77.50974,1.7765716,1.2606494,579.31464,19.945658,263.52594,17.382229,15.890424
-0.48784986,33.579887,15.675931,0.31063256,0.482308,6.4391947,85.24057,5.782712,18.5708,499.66995,16.449001,330.362,19.706501,16.893047
6.1150136,33.718445,10.0309725,0.09078727,0.593211,6.974088,95.52642,5.8035297,18.54173,585.60657,16.463573,262.52908,20.442884,12.912893
4.7908716,31.507185,14.247286,0.19401382,0.5531553,6.973721,57.043983,5.600767,14.621374,519.60236,16.602606,265.67105,13.924444,13.493158
-4.5309944,-1.7537073,12.610202,0.311836,0.44700366,5.5701118,94.1722,1.6813387,1.0612018,400.90155,17.511282,448.82507,9.381711,31.045137
-5.5267315,33.62339,14.134684,0.30652437,0.5391954,6.725605,92.5715,5.7965226,18.439503,362.92932,16.453176,312.55173,19.575964,13.314934
0.09789882,-11.072473,18.166592,-0.17906061,0.44419387,6.9706345,97.52709,1.7983594,14.988905,239.78848,16.737003,280.9913,20.577116,13.038589
-5.527215,33.344433,14.454708,0.27177948,0.4783464,5.7516294,96.44634,4.283048,13.351295,545.8002,19.380209,341.445,18.155655,23.911732
-5.4005785,33.398277,16.555552,0.059518475,0.49855825,5.6622157,76.29662,2.8569968,6.247316,584.8319,18.724613,334.18198,17.166307,28.272467
-5.4621544,11.621556,6.8668675,0.17129806,0.465672,5.8954554,69.77961,2.0579104,1.4125078,436.5655,18.605476,376.31384,14.270476,26.772953
-3.6139958,3.012174,14.321632,-0.14872484,0.4446733,6.932618,93.171234,2.1646688,2.869263,242.25618,16.981329,293.34482,19.388517,14.8267975
-5.4238434,-6.808105,17.306122,0.28559205,0.47394922,5.567751,94.57883,1.6705023,1.2537572,292.75977,19.47826,448.93735,16.574245,31.05377
-0.8674704,-12.156384,17.925232,0.3331207,0.44352686,5.567235,97.87424,1.673643,1.0576208,240.0461,20.606506,449.04547,5.6816425,31.074644
-5.591094,5.9782457,15.101039,-0.06873923,0.46678653,6.9686985,91.424034,2.4838862,5.4965243,265.11478,17.508165,262.74792,20.528095,13.074793
-5.2657213,3.5313704,16.38903,-0.100442015,0.46742842,6.9069095,92.59668,2.5012865,7.991057,294.90356,16.54403,264.06708,19.854364,13.710536
-4.1606293,25.995321,6.519565,0.0020111247,0.6357759,6.1902075,87.583786,4.399813,3.3465521,584.54114,20.467001,279.60074,15.057573,17.034672
-4.50957,-0.45212203,17.916891,-0.17376679,0.5102459,6.9732823,86.21018,2.2487402,11.610124,370.32123,16.781382,262.5753,20.53045,12.970033
-5.558132,33.561893,16.897247,0.33099082,0.45801497,6.305337,88.04995,5.8034253,18.506674,365.8105,16.447474,403.98355,20.28402,12.945953
-5.663788,33.51571,10.55225,-0.11245916,0.6294834,6.950134,73.16136,2.093599,2.0208738,584.78955,18.112135,262.76813,20.052654,14.020707
-5.1056833,-2.8300507,7.332984,0.3320167,0.44763964,5.567819,94.17423,1.674311,1.1249845,581.45795,20.589323,448.97202,6.546851,31.061028
-4.2788944,-3.7989485,15.882136,0.30302712,0.4447113,5.5673,97.83422,2.7853785,2.878864,284.54544,20.10729,448.72705,17.131983,30.900843
-5.0012007,5.8663135,14.964201,0.25893286,0.561743,5.6761694,65.97055,2.039224,8.922522,513.0913,17.521141,385.26495,14.098609,28.657526
-5.3643227,27.25177,12.264829,-0.13906534,0.65377223,6.802208,97.64318,1.7839162,1.062928,584.2812,19.962105,264.57983,11.581295,13.444266
-5.509735,30.904903,13.972188,-0.16762781,0.47675228,6.897652,95.32838,3.0164363,2.4690912,396.54645,17.625444,264.46634,20.272879,13.788533
-4.8278933,33.302757,5.0933447,-0.17963159,0.6290254,6.961588,95.29619,5.7676663,13.3651495,451.3738,16.455387,262.6086,19.942165,12.931936
-4.5735426,-11.974507,17.920378,-0.16790152,0.49335894,6.0610843,94.63698,1.6711155,1.1121395,259.32336,19.744642,339.54126,19.657867,26.626892
-4.5690746,-8.975657,17.614056,0.25840792,0.47597894,5.5731764,79.46771,1.7207946,3.1052263,523.31213,19.568443,445.84396,16.290237,31.036757
-2.0409205,-10.397691,18.13935,-0.11912041,0.46258232,5.5744705,93.821396,1.6699859,1.0857818,247.89197,20.659304,439.75424,13.399673,31.04484
-0.6114732,33.490303,17.15036,0.25233045,0.48341557,6.974225,86.4328,5.4178243,18.464348,307.7038,16.456963,266.38184,20.575314,12.916146
-4.029702,33.623882,5.427662,0.26336002,0.6226589,6.972173,87.71764,5.7916694,17.106361,585.03723,16.45116,262.5665,19.912779,12.917706
-2.7739842,1.9434305,17.943514,-0.12191377,0.4845372,6.748066,91.10757,2.0774293,7.1586623,316.79126,17.851074,268.537,19.602167,14.798275
-4.9673386,18.771322,13.9282,0.32552314,0.44683832,5.820846,84.67172,1.8152531,1.1912963,582.5956,20.31494,345.49448,14.816569,30.729553
-3.5543916,16.94174,17.445793,0.32310367,0.47691795,5.5702305,94.23661,1.7006813,1.0913484,539.39813,20.609585,448.60886,6.8879185,31.066486
-5.694309,-10.246411,11.194077,0.31191233,0.44777116,5.567261,97.51535,1.6733686,1.049073,582.6732,20.732616,448.91226,10.770052,31.074512
-5.32045,30.782497,16.39425,-0.069118105,0.45693612,5.6812167,96.662895,3.845058,8.279689,450.25378,19.75244,275.6473,19.25848,15.316287
-2.9916217,-12.167138,18.150642,0.27194217,0.44709575,5.56725,97.31102,1.6698984,1.0491016,262.65738,20.580019,449.0445,6.219851,31.074389
-3.1693456,-11.231463,12.528426,-0.12799244,0.6651729,6.94135,88.41688,1.6863171,1.7643325,326.60297,19.717665,262.8787,20.226824,13.661524
-3.6157796,29.531351,11.648396,0.011069556,0.5544986,5.8493643,91.091446,2.1336877,1.3000658,537.7787,18.335157,302.7682,10.073923,24.527267
4.6770983,-5.4210753,17.786432,-0.18102413,0.45872855,6.9656124,96.86555,3.333649,5.092733,240.15344,16.479797,263.30988,20.58452,12.976244
-0.12831798,8.855466,18.0252,0.31270128,0.448729,6.8304543,75.86223,3.945119,18.52697,264.7738,18.722126,368.78992,19.508583,15.949494
1.4161085,6.7193756,18.185797,-0.009895223,0.44356835,6.204616,96.22813,1.9596981,14.792935,240.38266,16.534048,406.0585,19.972908,15.023975
-4.2155695,3.5839946,16.97979,0.15896788,0.45574772,6.159999,90.28181,1.8532345,4.0552373,250.30083,16.662525,420.46454,19.01436,21.595577
-4.197757,33.705994,14.358173,0.32948783,0.4861107,6.4971857,95.90428,5.201857,15.532381,584.87445,16.509008,411.01068,19.0556,13.49789
-5.342499,32.508575,12.136062,-0.18156713,0.58730197,6.9743676,81.93496,2.1712918,5.5828743,585.2914,17.155258,262.5318,20.554037,12.99642
-5.376009,32.38443,7.785794,0.04451515,0.5610886,6.9283733,83.994995,2.7921746,1.87903,584.5788,16.548174,265.3253,13.316531,13.445626
-0.31352058,33.549835,10.344311,-0.03065591,0.650125,6.9745336,95.959366,5.8035564,18.405237,518.05414,16.447021,262.58755,20.454762,12.913883
-5.3767433,-2.7878964,17.548105,-0.17757675,0.47174826,6.9213667,91.90897,1.683837,1.8412287,241.81891,16.791508,291.8361,20.508356,14.527311
-3.5181768,-12.167138,17.480703,-0.069339,0.44738883,5.5688906,96.61882,1.6699785,1.0512807,241.71922,20.732834,447.67078,17.812191,31.073065
-5.35997,-5.443065,14.989497,0.23094007,0.4559551,5.5725417,94.98427,1.6752726,1.0981033,584.75446,20.435583,439.91656,19.923267,31.042107
-5.44695,3.7432663,16.737852,-0.053516965,0.48557812,6.0725646,95.99826,2.5259054,2.2297003,333.57123,18.260115,291.5055,17.050436,14.748914
-5.5141716,22.122782,10.81153,-0.046138544,0.50996804,6.867664,63.327835,1.7108265,1.2320449,581.7093,19.457829,282.9365,16.02226,23.008419
-5.0122643,14.981793,14.5685005,0.2549618,0.47923005,5.574298,92.10671,1.6747421,1.2146814,367.94693,18.775362,406.12927,17.618547,30.475546
-1.9838592,22.778086,15.9607725,0.32063743,0.54894626,5.587727,94.30832,1.8458076,1.0946329,581.7907,19.865583,382.94513,17.132658,30.939604
-4.9493866,18.2452,15.82057,-0.1747099,0.5762768,6.0733056,91.17129,2.2487729,2.1588361,382.45193,20.645983,283.4376,20.39445,17.242098
-4.766897,25.090637,7.3148327,0.33049947,0.45271137,5.583316,95.11404,4.602891,12.306905,526.6998,16.949945,446.7196,15.720563,29.743736
-4.9428406,22.194073,15.867006,0.037492495,0.4855148,6.4219193,93.86788,2.4423504,15.688347,245.83852,16.4602,302.36374,20.23965,13.552009
-5.6067324,33.58643,8.401423,0.075423874,0.5292829,6.974402,97.81718,5.8016787,15.568776,557.10034,16.447536,262.61465,20.594896,12.912159
-5.3954077,5.1977143,18.083157,0.33249193,0.44500157,5.5675764,94.12267,1.8292214,2.018576,412.2282,20.080324,448.9713,11.582643,31.026478
-5.547925,30.267527,12.170528,0.0062471298,0.4692352,6.874486,84.62797,2.9720623,3.906975,558.9096,17.837158,270.5614,18.601614,13.879105
-3.8989499,-12.015424,17.595673,0.11062744,0.4631781,5.567459,95.19865,1.6699511,1.0494564,332.58084,20.730928,448.94284,14.5738735,31.070673
-4.574004,33.711693,11.542223,-0.09426249,0.49288982,6.96804,97.50203,5.8050537,18.439734,265.10626,16.45756,262.59988,20.512468,12.927985
-3.3118312,-9.06276,15.590891,0.07716455,0.49621296,6.360214,70.612595,1.8166585,3.0354483,287.7136,17.745424,378.59476,18.37154,26.639145
-4.453271,21.820992,11.687197,-0.1183008,0.50240856,6.917141,90.85189,1.7683116,1.7915065,368.37903,16.725185,266.89706,19.19865,13.80739
1.281658,32.48626,17.64324,-0.15602602,0.53418636,6.9746327,95.97797,4.82189,17.63531,240.05283,16.464554,263.96115,20.559853,12.914341
-5.6125717,32.519756,9.543264,0.31838688,0.44453108,6.8447866,91.0178,2.944355,1.6197927,578.6117,16.75864,304.66556,18.894428,19.366669
-5.341466,2.4272134,13.570235,0.2540034,0.45107505,5.576928,95.290504,1.7426727,1.7640674,449.2297,20.36389,440.15674,15.840478,30.800652
-5.303007,1.924483,15.008107,0.23297921,0.47509247,5.735893,95.946754,1.7853988,2.9517863,354.34528,17.076042,303.40527,19.664555,23.53586
-5.322893,29.821577,16.368614,0.12931623,0.44651458,5.629985,91.50396,5.0160637,6.4434533,427.30344,16.674486,409.65616,19.804062,26.170177
-4.744528,-11.9255705,17.371695,0.15387708,0.45146888,5.591971,96.46568,1.7022473,1.4074657,261.0211,20.699352,375.26535,17.14244,30.95933
-4.8069973,31.925476,14.474561,0.06491765,0.4718488,6.973233,94.97579,5.3789215,4.5826335,555.11884,16.754625,262.9709,20.57226,12.916631
-4.9145803,2.748594,18.172878,0.3312382,0.47366977,5.5691657,95.29757,1.7358028,1.5607536,242.02133,18.261745,447.9879,15.514818,30.932098
-3.1273448,19.735859,18.01391,-0.03290866,0.48041424,6.93245,92.409386,2.6211243,13.439561,286.52557,17.888538,266.90634,20.277304,13.215878
-0.20352331,-12.038667,17.947964,0.2749191,0.44576725,5.5688815,87.20159,1.7118965,1.4210336,240.81674,17.507214,449.03665,8.435173,31.057915
-0.49257675,3.7317007,18.121107,-0.041755293,0.45117232,6.9250917,93.817406,5.276853,17.776476,239.87927,16.470854,353.99313,20.542524,12.931894
-5.597554,33.360294,4.9255686,0.31835812,0.45010623,6.8626943,97.22816,5.115087,9.973011,579.906,16.469692,276.1525,19.634766,13.67426
-3.9697945,6.9540396,18.10438,-0.18094552,0.4726413,6.4181843,96.63005,1.7696105,3.8839386,241.71495,16.461498,331.3862,20.495432,13.006099
-5.3224764,-10.15783,14.221284,-0.12926121,0.48068777,6.791124,77.09239,1.6714455,1.0999553,424.57104,20.38066,265.15005,18.577868,24.43646
-4.2777414,3.8617914,15.1873665,-0.06895762,0.51131725,6.457996,81.81194,1.7463627,1.9888813,419.84366,17.445612,371.08392,17.269442,18.774439
-4.695058,29.917793,13.269815,-0.10513846,0.5221081,6.973391,83.82903,2.0163205,2.256663,428.97443,16.470886,263.6284,20.503704,12.922503
-3.9475963,-12.182239,18.165106,-0.13164578,0.46475065,5.6638236,92.72975,1.6698977,1.0492914,344.22842,20.733099,297.986,15.399871,31.066435
-2.9009035,32.839752,10.705914,0.026255406,0.5812285,6.7510586,95.05168,5.7973995,18.439175,582.93317,16.51221,262.91754,20.336294,13.14346
-3.263571,-10.216481,17.546278,-0.114959784,0.5012904,5.569994,94.99204,1.67107,1.0528038,399.48508,20.732658,444.7138,8.3929825,31.070055
-2.8663633,32.46361,5.860107,-0.12711558,0.6030421,6.9685,86.82075,2.7390609,4.6801233,520.0758,17.004278,262.75284,18.162964,13.583799
3.238014,-11.994399,18.194038,-0.17980346,0.48306507,6.5176153,92.3949,1.6719247,1.563873,239.90384,20.656748,351.52914,18.36356,20.520351
-5.652404,23.765892,6.22066,-0.1740753,0.5867499,6.935538,96.28726,1.7813087,1.0658548,584.3692,20.14073,262.62177,18.180048,13.529673
-4.0026407,-10.5604925,18.035389,-0.14016342,0.44819224,5.653378,91.78032,1.7167393,8.38385,241.42952,16.844309,446.93958,18.492413,22.321333
-5.368863,1.5196396,8.297521,0.16069223,0.48089123,5.6377754,94.16737,1.6724323,1.0614145,570.0779,20.56107,314.77484,13.36752,30.915958
-5.4232836,-6.260307,14.53569,0.3263356,0.44972697,5.574759,91.975105,1.6792492,1.3704345,503.0926,17.839014,446.155,12.414841,31.042965
-5.545164,24.76621,10.53749,-0.18568972,0.6036589,6.9588685,76.615425,1.69869,1.2828023,518.25775,17.147366,262.7328,20.262522,15.9106655
-4.1086597,32.500763,16.267488,0.22330709,0.4758036,6.9476223,87.860405,5.727244,18.008612,379.8289,16.45729,263.9698,20.557665,13.075752
-5.1796284,30.618967,6.0790815,0.16850919,0.5450159,6.020165,94.801254,2.19059,1.2763145,581.06006,20.19556,280.59818,17.86764,25.835878
-5.430601,-6.4740176,16.794447,0.06797856,0.467913,5.624435,92.631615,1.6706146,1.066344,514.4847,20.725155,330.36832,15.589235,30.780579
-4.0799685,-12.009183,17.450586,0.27684557,0.45330465,5.567264,97.6431,1.6730539,1.0656402,280.5812,20.72361,448.9429,10.199508,31.073824
-5.675227,21.473139,17.926609,-0.16631596,0.47596923,6.0392714,95.54772,1.9249375,3.1644285,377.9531,18.214813,369.61417,19.13565,17.358788
-5.112238,32.367344,10.819017,0.3315056,0.47911105,5.785103,95.585144,3.5207565,2.0049636,582.7559,17.757421,405.48782,15.698015,25.8215
-5.508217,29.483335,10.700735,0.002272655,0.56795067,6.426277,93.7536,1.9501929,1.1764925,569.43005,18.534138,266.2622,18.897728,21.783268
-0.35191122,-12.019288,18.105015,-0.18588692,0.56701106,5.6557193,96.47551,1.669922,1.0503023,255.68527,20.70343,414.12424,16.465033,30.014364
-3.9874089,33.34647,10.635386,-0.11970202,0.56683785,6.9744124,86.72384,5.759242,18.188906,559.1383,16.458836,262.5857,20.363806,12.916796
-4.5784073,9.384662,17.848515,-0.06794628,0.44662175,6.7846904,95.46614,2.295956,8.989593,240.35146,17.438019,298.5846,19.71878,13.109007
-1.4214102,25.711132,17.029202,-0.06695137,0.44405338,6.784824,96.161736,3.8418534,10.193949,241.96982,16.663967,332.74243,19.296349,15.682939
-3.4195707,21.494831,9.825839,-0.07226246,0.4605613,6.933032,95.64391,2.245362,1.9711955,559.2801,19.559998,264.0576,17.007263,14.734375
-1.059764,-12.071666,16.867254,-0.13214377,0.50268745,5.5752177,84.744675,1.6720759,1.0528495,340.1556,20.640463,447.62817,9.1710005,31.044344
-5.6402044,17.726145,14.171327,-0.12064745,0.5058409,6.8184686,81.63169,1.9461479,9.659147,529.51953,16.704767,266.73975,20.454922,16.39319
-4.826789,29.891115,9.446213,0.025523447,0.5123182,6.9653554,91.49644,2.9688797,1.7250001,476.73743,16.547434,268.33423,18.937263,13.424099
-4.6199007,20.109688,18.150715,0.10868641,0.44420743,5.5743275,93.76489,2.025207,10.176937,269.31714,16.460896,447.37302,19.587383,27.385002
-5.4335566,-10.299691,17.411776,0.33206868,0.44402042,5.567245,97.10187,1.6860374,1.4746196,339.87936,20.60398,449.03168,11.526662,31.074144
-5.5398016,33.56346,5.1465173,0.16295727,0.49290854,6.7940702,97.23168,3.003541,6.504615,570.37427,16.500746,263.47998,20.174225,13.3582735
-5.260355,7.7340207,17.501251,0.1024472,0.44552264,6.813911,90.43777,1.7619151,11.407317,311.32217,19.157204,299.94186,20.128286,14.814182
-5.354491,30.513376,15.663802,0.33281103,0.5062881,5.672671,88.05311,5.766579,18.395523,271.15155,16.50284,444.85434,20.523085,17.522533
-5.154812,31.891872,10.8715,0.00035333325,0.4818341,6.919595,97.07301,5.3857327,10.1938095,370.68723,16.527058,265.73712,19.95229,13.1245575
-4.0168657,31.679415,16.450027,0.033760585,0.47209144,5.799775,95.41364,2.916271,2.0855062,268.74548,18.633139,426.93805,12.526319,25.86171
-3.3168085,14.743744,14.421425,-0.1667071,0.50631607,6.235228,94.59129,1.8861743,2.106642,328.96945,20.263071,265.8454,18.053722,26.980164
-5.1895266,32.921005,16.113348,0.2555993,0.48234266,6.927426,92.47956,5.691913,18.092188,291.2283,16.453539,271.49918,20.126816,13.167643
-5.5944633,29.35395,9.9726715,0.098592035,0.45942438,6.849636,92.19998,3.0306845,3.9870365,539.88495,17.02296,272.90723,19.812357,13.710147
-5.2685976,14.877131,12.987734,0.29723254,0.4947595,5.7974987,94.524185,1.8257564,2.7772171,557.52057,18.103086,397.30768,18.144804,29.160818
-4.8931513,22.131992,12.632056,0.31793857,0.45780024,5.669387,73.864655,3.0326319,9.983475,441.97906,17.274576,440.64392,17.495655,28.398417
-5.461603,-7.610481,7.5721684,-0.14446044,0.4703779,5.879426,92.82568,1.6770056,1.054033,549.56213,20.631472,320.2959,9.846134,30.684196
5.3106594,-11.540189,17.656363,-0.18349025,0.4507264,6.9562354,85.814186,1.7735491,7.4314184,239.96175,17.618208,290.68268,20.486538,14.1186285
-4.9300804,-12.04437,17.7142,-0.09874403,0.44616807,6.517563,94.7243,1.6732484,1.0609548,242.26892,20.00934,282.31256,19.629742,21.61867
-5.5791054,33.177803,8.639041,-0.16864853,0.570267,6.8695083,96.253746,5.203075,2.8144567,298.24478,16.495712,262.71545,19.776016,12.932371
-4.3079166,9.749955,15.405831,-0.16801299,0.4876435,6.580252,93.62549,1.9727684,2.9577563,564.64685,20.468256,274.20435,16.494974,17.238367
-5.2850103,33.208923,8.2621,0.14318769,0.4595675,6.0327597,97.16336,4.4824967,5.4882936,526.8752,16.713154,317.62106,17.992924,18.389788
-4.4747877,-11.470214,17.319801,-0.16235396,0.51727337,6.361387,89.63662,1.6858374,1.211457,316.87274,20.684408,266.17603,17.926916,30.836317
-4.275462,28.583216,17.242847,0.18332268,0.48639578,5.898681,94.96333,5.122412,15.502619,319.30356,16.643888,426.5273,17.399017,15.644456
-3.5408638,33.4228,6.7712913,0.29716945,0.5350736,6.9599385,68.33879,5.7715197,13.920758,582.6122,16.48147,266.59283,18.358192,13.052607
1.2708789,2.7295702,17.619871,0.19213007,0.4816406,5.5875816,92.79281,3.4016318,4.6919603,355.20456,20.490536,431.35934,17.05621,24.183931
-3.836218,15.5886545,9.074492,-0.07928329,0.6458548,6.9543934,81.90761,1.7803392,1.6064842,535.3951,19.643997,268.5718,14.122851,14.689375
-5.5902624,32.365055,6.238921,-0.13898045,0.6645904,6.9741225,84.64894,1.8217257,5.0440197,364.60712,16.533264,262.60153,19.673641,13.287274
-4.6771603,29.571049,15.465942,-0.1659933,0.51285213,6.664526,97.26223,3.9844344,6.8143325,242.26436,16.623943,263.5668,20.163923,13.144056
-3.857237,-1.8426489,17.445852,-0.07063382,0.46457466,6.8583446,94.97674,1.7212559,2.0738194,399.8783,20.567621,268.68817,10.850455,13.388888
-3.6157534,5.5220637,15.694008,0.25070274,0.45356175,5.8342524,91.81681,3.2541585,11.382113,279.26364,16.638535,437.81595,16.846134,17.596745
-4.3960257,17.935688,14.617337,-0.11877086,0.49659777,5.8622193,86.31263,1.9653261,1.1980426,306.19675,16.813177,333.86935,20.28096,22.019157
-4.343341,20.87022,15.882135,0.1846414,0.48873836,5.7477703,81.652534,1.8471605,3.9975836,370.56387,16.558184,369.82877,17.064539,30.035131
2.644102,33.640648,11.78306,0.2581625,0.56972873,6.968828,70.52559,5.790007,17.81438,585.135,16.63048,262.74435,20.447197,12.959623
-5.4505157,30.737843,7.5302777,-0.10842729,0.51202977,6.9198203,89.21224,2.80942,15.37198,463.18796,16.807743,263.2996,19.698166,17.433659
-3.0293338,30.1235,17.357319,0.049800985,0.59658664,5.9653325,85.32526,2.5517092,1.3240802,288.52087,17.810146,294.01035,15.531229,16.425587
-3.421666,-10.55796,18.171862,-0.18625471,0.48208594,6.9288697,91.795815,1.671322,1.1972511,239.90846,16.942574,266.86307,20.455853,14.021109
-2.3563302,33.67874,7.9902306,0.33315223,0.45304078,5.6069927,83.45737,5.804254,18.240646,583.7461,16.448416,448.78802,7.879142,29.323862
-4.734314,4.4117093,17.92528,0.31932867,0.44557017,5.5720963,91.29367,1.6981219,3.4397614,291.55133,20.543402,439.8029,16.285955,30.972143
-4.765172,17.701855,15.065361,0.3326446,0.44403917,5.568671,89.90245,1.9678519,13.760432,570.601,18.510895,448.4253,14.538986,30.835285
-0.67790425,-3.0104,14.824779,-0.0060679424,0.4535186,5.592566,96.62413,1.9058311,5.208579,241.14508,18.23675,436.72134,19.511944,29.994574
-5.4039297,-2.3266194,15.965879,-0.1487703,0.4792047,5.943248,91.28454,1.6956898,1.052921,512.62146,20.563448,327.279,7.6719694,30.825487
-4.8404636,33.659245,12.137128,0.28952968,0.511806,6.556088,93.565025,5.801096,18.303396,565.5694,16.46988,268.3507,20.03571,13.226395
-5.672942,1.9760634,9.482163,-0.0022950277,0.45382476,5.636623,97.55396,1.7492335,1.1470993,550.85547,20.340414,345.56607,15.969391,29.634867
-4.700078,-6.617172,8.05773,0.28497562,0.46743506,5.571342,94.76391,1.670664,1.0506284,580.74567,20.729706,338.197,10.036472,31.025496
-4.10606,2.4340274,12.195538,-0.17263953,0.58817774,5.929883,96.54065,1.7646444,1.0906484,568.07635,20.72935,263.63193,16.133429,26.734764
-4.651308,17.62731,16.141693,-0.13478269,0.5389452,6.8612895,93.9465,2.717473,10.46956,361.99283,17.081652,264.89294,20.450184,13.835146
-4.5699825,31.749949,15.187734,0.1737063,0.47377187,6.858558,70.579605,2.56367,14.61197,487.39886,16.47193,301.554,18.416676,19.7244
-3.575279,32.1205,15.820125,-0.1857188,0.47188798,6.974455,93.04,5.6682987,18.460213,246.66014,16.458834,262.53198,20.579773,12.919997
-5.510853,33.479137,10.66461,0.30781937,0.47318316,6.6131606,93.708786,5.686364,12.18839,579.8854,16.462978,290.9964,20.48037,13.0699215
-4.403413,2.2265794,17.494366,-0.15079716,0.5054268,5.7846904,80.37078,1.7092654,2.2734878,317.24408,18.253988,392.17792,14.16478,27.221388
-4.256769,-11.528403,17.780073,0.23927514,0.45623785,5.5673347,97.16924,1.6702214,1.0496652,243.54921,20.69071,449.03647,7.7179303,31.070446
-5.533001,24.203548,6.1887746,0.18950558,0.49067813,6.5310054,65.05191,1.7949754,1.0948513,583.8831,20.473398,280.6957,14.829878,28.918055
-4.5559673,29.387566,13.483775,0.0037835657,0.52336013,5.8581367,94.051956,3.1729393,11.95634,573.541,17.062372,267.07025,20.008053,17.643763
-5.5468006,24.583197,7.8865666,0.0034065365,0.49661958,6.647767,83.87512,1.7496228,1.2422035,562.61395,18.325294,277.49902,11.312174,26.899094
-3.7076972,31.96463,7.0633616,-0.08970236,0.6268757,6.719171,55.877224,1.7923571,1.0755212,585.60596,20.67547,262.58536,17.848757,27.392752
-0.9058095,14.366243,17.98736,-0.023198668,0.45717633,6.2490387,97.437325,1.877603,4.534101,253.64964,16.86867,308.8345,19.30693,13.891364
-5.627343,33.548683,4.74259,-0.100436784,0.55377823,6.796668,86.83488,4.8390365,5.1596184,585.4969,16.455835,264.2167,17.282394,13.735051
-5.18552,33.359856,8.660191,-0.12524754,0.5538062,6.9652967,76.431435,4.615328,1.5596454,579.0144,16.515583,262.93048,18.940123,12.957506
-2.6992533,20.969759,18.138115,0.029984139,0.44443312,6.540951,97.17309,2.0869892,16.638393,242.39624,16.49608,384.9841,17.80758,15.153531
-3.9332564,32.204926,8.41591,-0.16384043,0.65660954,6.9673867,90.52513,2.9314194,5.623611,537.7242,16.624723,262.7034,20.09925,13.160131
-3.688409,21.253592,16.360687,0.17773454,0.53750056,6.9608574,95.1294,2.8844626,14.590001,259.29285,16.460775,268.537,20.505379,12.922444
-4.792695,10.163215,17.472052,-0.09627431,0.46238706,6.811175,94.368324,2.447058,6.3287177,262.18622,16.73685,276.80096,19.733812,13.395908
-0.90829957,-11.96716,17.735432,0.14501216,0.4475099,5.569638,96.19794,1.678799,1.3525321,240.29045,20.061861,448.9543,15.533812,30.979437
-4.279701,-6.9523864,17.617481,0.24366058,0.44361702,6.2354345,89.43534,1.7187291,4.4179745,252.05507,17.108337,406.7873,17.881893,20.771873
-5.475704,12.759316,16.831755,-0.18503317,0.63095975,6.746281,95.98871,1.7472327,1.0576894,530.0303,19.748419,277.41544,17.057318,20.506638
-4.218114,-10.220677,18.126518,-0.16837257,0.4500955,6.648073,91.27212,1.7415279,13.269268,239.83891,16.462831,368.87482,20.38602,13.508496
-5.317094,31.476503,14.253712,-0.098097764,0.5062598,6.4935284,91.86069,2.3877106,3.642564,576.099,17.868155,268.04602,18.882992,15.511436
-0.12265935,10.033043,17.904755,0.18769993,0.47061217,6.970114,63.69967,4.7975993,18.3429,260.13876,16.471594,278.7482,20.521551,13.228369
-5.286454,29.399086,15.870783,-0.13519192,0.45675558,6.4594407,96.786,1.8297241,12.279088,275.82,16.614235,273.1512,20.004595,13.80462
-5.250333,33.35279,17.078913,0.1936479,0.47779176,6.95699,83.104706,4.3659453,13.86935,293.1076,16.449305,278.7865,20.51608,12.927341
-5.502658,6.1315336,8.657111,0.21720415,0.47170228,5.6671076,70.60011,1.6802479,1.0946348,570.45667,17.061693,430.05667,9.219758,30.856955
-1.4552485,17.378798,16.047928,0.28462118,0.44368857,5.570769,96.38666,2.1131473,4.3466105,453.701,16.774332,446.89355,18.466583,30.893848
-5.2999516,9.507586,17.502264,-0.17336862,0.49733502,6.252287,87.32384,1.675969,1.0558708,407.05954,20.014217,278.5198,18.380398,30.036251
-5.6660004,32.93725,6.1331983,-0.11849024,0.58647984,6.9700956,89.21292,4.3707194,2.2169845,584.4744,16.493382,262.7041,19.710365,13.027765
-5.110512,16.591734,13.65031,0.2832663,0.47112587,5.624141,87.67636,1.769315,2.0630972,584.1555,20.725298,334.99103,18.092863,30.73677
-4.980562,1.1498772,16.438694,0.14692962,0.4559337,6.6093054,92.896866,3.830072,5.998483,261.76538,16.462934,297.70245,20.186026,13.048772
-2.954137,2.0034063,16.922966,0.27241254,0.4497514,6.06898,87.74931,5.5786953,17.230295,253.56909,16.518074,377.64267,17.205164,13.734062
-5.52584,22.20659,17.6784,-0.1501586,0.44990575,5.6625524,97.479805,1.6752859,1.2514579,427.01602,19.662184,290.79572,16.08177,29.751905
-5.234044,18.48679,14.138703,-0.14014831,0.4454404,6.8403687,97.357735,1.9968103,2.7621152,240.66882,16.861635,265.0621,19.868269,14.580408
-4.708417,1.7022597,15.544515,0.31855613,0.45907637,5.905921,71.63285,1.7592262,4.561904,377.49078,18.826527,398.16763,14.280448,30.578615
-5.52509,29.380604,13.352959,0.20945498,0.46736002,5.8783712,95.84187,1.7725329,1.2769916,359.99765,16.45754,436.70676,18.386856,25.989323
-4.776807,0.8665053,16.315552,-0.16705662,0.45191497,6.930604,92.719215,1.7627052,10.05405,240.43604,17.04876,292.8744,20.40374,14.379901
-5.4805355,33.295753,7.3952093,0.23233747,0.5674531,6.8212957,62.993706,4.672754,9.641626,584.4771,16.77749,269.52136,19.721378,13.349128
-4.336087,-2.6986792,14.299114,0.29635176,0.44446632,5.60722,96.976,1.6703824,1.0569093,242.56639,17.562788,442.64224,18.062414,30.923203
-5.442876,33.55795,5.6098413,-0.10146242,0.6388352,6.972751,55.65339,4.567262,10.032265,585.5397,16.48202,262.5556,20.313873,12.941868
-5.1428537,-9.2105055,13.869381,-0.17584732,0.6074002,6.3978353,79.3632,1.6709303,1.0539529,572.6759,20.732792,275.14005,18.638334,27.912397
-0.9080306,31.768738,9.516394,0.15466294,0.5076226,6.9223156,87.74127,3.7897322,1.6171768,457.66437,17.072302,275.6838,14.0671425,17.561106
-5.4662704,29.041636,4.748747,-0.14938973,0.52062875,6.8443403,90.23731,2.0609102,1.1463096,585.6024,20.684017,262.78867,19.339163,15.346251
-5.2759933,31.025375,8.446254,-0.14526898,0.4849424,6.9685745,88.8247,2.0390308,3.1646006,518.0027,16.533436,262.99924,20.094788,13.147284
-5.3873796,33.690678,5.1039705,0.21525952,0.53062195,6.945319,96.34416,5.6659484,12.858093,585.53754,16.93394,262.90735,20.35257,13.651785
-5.2374573,17.587278,17.20406,-0.1767204,0.44621357,6.970442,94.86024,2.2340312,15.653853,244.6385,16.575771,263.26743,20.524445,13.309014
-3.6368525,-7.6369014,16.495918,-0.18287161,0.4461771,6.6480055,93.81237,1.6736699,1.100313,280.8918,19.810719,263.11536,20.217323,16.071867
4.0085635,28.603119,12.648259,-0.18525004,0.59388155,6.9746842,93.93635,2.9745603,17.252424,241.09036,16.712276,262.53223,20.296413,12.970393
-4.9422407,-8.636701,17.851408,-0.13886769,0.556539,6.075858,94.99225,1.6865815,2.1647832,309.0818,20.681494,328.3993,19.532215,18.91621
-4.5899897,-10.669122,17.972666,-0.1842364,0.45182377,6.9687505,96.00015,1.8135746,3.6728175,239.9966,16.587152,266.91333,20.582325,12.920312
-4.8381443,25.014023,13.804092,-0.041811403,0.557225,6.9370923,96.495316,3.6282437,2.9878895,543.5633,17.02416,262.92206,20.076363,13.086602
-3.4890196,13.390631,15.240088,-0.14854899,0.5668112,6.96634,94.36592,4.852314,4.282631,410.2742,18.425423,263.18414,20.431683,13.69337
-4.2728395,24.439808,15.62456,-0.16678318,0.48611847,6.8097196,92.54185,2.156692,1.6778133,365.1321,17.249748,274.4057,20.025736,13.049829
-5.524666,10.063244,13.298353,0.18225528,0.4578133,5.697174,95.28941,1.7406691,1.8916285,329.37732,17.389856,308.92123,20.2874,29.165024
-5.4854517,30.14539,10.19523,-0.03978299,0.5746284,6.7801337,92.25789,2.0489335,3.8684947,526.7728,17.096268,268.27377,19.18957,14.608093
-2.226517,-12.00862,17.775106,0.20629004,0.44468135,5.573402,89.30801,1.6722859,1.0806158,270.20596,20.53733,447.86957,19.296648,31.063276
2.682064,-12.182153,18.122442,-0.048898954,0.45036265,5.5732207,97.70913,1.6730665,1.5642679,239.81477,20.707373,448.3462,8.086891,31.029457
-3.4739754,26.960451,14.475715,-0.08431501,0.4667065,6.9684515,70.97437,5.284657,16.738447,548.3368,16.49233,263.10593,20.242098,12.982669
-5.325183,30.304943,9.168336,0.3207566,0.4514552,5.6185846,95.25138,5.5035048,14.912566,435.51825,17.58766,433.81378,16.740402,29.907745
-0.5655204,-7.0220733,18.170975,0.115316205,0.44649425,6.9024777,90.13329,2.13402,18.258966,239.8345,16.46096,400.16794,20.354818,13.232857
-4.3295784,32.39218,5.517431,-0.07980203,0.49886286,6.9493675,97.20892,5.603615,15.94694,517.9617,16.598257,265.88562,20.512615,12.921658
-5.570462,7.745158,8.158393,-0.18471459,0.63691634,6.7859063,95.96496,1.6700529,1.0565708,560.08014,20.362953,264.6068,20.358496,22.979664
-5.5458736,23.142908,13.805734,-0.061544728,0.45660293,6.7341084,94.257286,3.3879538,12.663377,244.01796,16.484722,275.4359,20.021757,13.377886
-3.0007026,-12.0527525,16.134106,0.31879625,0.44661075,5.5673084,97.244415,1.6699744,1.0502365,242.68503,19.640022,448.90955,8.351875,31.073584
-4.3489056,11.293768,16.384953,0.31671768,0.4448661,5.5675635,96.77006,3.5907595,2.1537554,463.7419,16.843985,448.96027,18.165785,30.59746
-5.3962965,-10.766982,10.127628,0.32284284,0.4600014,5.572774,95.22938,1.6727918,1.4933469,400.41638,20.667805,444.41272,9.784853,31.053867
-3.5094192,7.456922,16.166325,0.28470615,0.45849863,5.6721926,93.214714,3.036405,8.74882,447.1711,16.58211,444.43466,19.152985,22.948984
-3.7720044,5.5752344,17.706692,0.30827516,0.46119395,6.533941,62.265633,1.7311717,2.214205,545.97253,17.949541,340.998,17.923147,27.677187
-2.7547581,4.284522,17.51115,-0.18659997,0.570242,6.9738665,88.74602,1.6810385,2.9170926,240.05878,16.481073,262.99332,20.51837,12.947368
-5.084674,14.812807,12.961714,-0.13885616,0.5042237,6.92571,93.10184,1.8802937,4.276848,572.354,19.593182,273.2077,20.078257,16.938446
-5.367379,33.080093,8.88399,0.33308274,0.5213943,5.596734,56.95846,5.781883,18.416136,563.83923,16.457659,447.38547,18.031836,21.89346
-5.480359,-5.6052737,17.110266,-0.13300292,0.4558289,5.785609,92.42503,1.6865925,1.0713146,497.104,20.146915,344.39526,19.6646,24.097267
1.7725953,27.159437,13.647017,-0.17623958,0.47242612,6.8723283,97.22911,3.9977803,4.907216,239.87802,16.450533,291.45963,19.668715,13.037278
-5.6426144,23.095673,17.280506,0.3328607,0.44894144,5.567848,95.43791,2.2391992,6.795711,541.0538,19.493618,440.03564,15.984017,30.85974
-5.522933,33.043335,10.932174,0.14059994,0.52465725,6.793448,74.943436,2.720344,8.17075,561.85315,16.568428,275.77988,18.780712,14.573512
-3.7211282,22.360046,16.965303,0.2961875,0.4746931,5.6097765,90.16776,4.5183043,14.911591,289.9023,17.299671,446.70706,12.390372,19.401066
-5.0047483,8.252528,6.051093,0.32959077,0.44596484,5.5783277,70.635704,1.7234248,1.5601909,582.86646,19.573189,448.21503,8.636225,31.010603
-4.1230717,33.48551,13.629609,0.30990365,0.5961647,6.951416,90.70455,5.783472,17.339756,573.7074,16.452276,265.9698,20.462322,12.933705
-4.50292,-11.794034,14.204783,0.23336701,0.531687,5.568319,96.11435,1.6701134,1.058008,360.73914,20.729424,447.82596,6.1102233,31.069557
-5.065419,16.378862,17.853365,-0.0034284845,0.4544207,5.572541,96.880875,1.9251418,1.7120368,240.38892,20.22161,421.691,19.320343,30.270023
-5.4650965,12.79238,6.708352,0.2548375,0.46182287,6.4440875,95.35727,1.724466,7.609111,438.67892,18.345964,292.01093,18.382044,21.66723
1.3096796,9.427645,16.557465,-0.060251024,0.46121997,5.594304,97.482025,1.7011234,1.1325824,246.81937,17.281996,446.54224,7.8742695,30.445295
-5.5489874,17.681992,10.475725,0.32319388,0.45277956,5.582328,97.83058,1.7638209,1.3208301,295.40857,17.582764,411.0414,16.297804,30.736286
-4.69423,33.080833,10.446252,0.16536625,0.46615982,6.9728193,91.93595,5.4146767,14.139889,501.12793,16.508478,264.20743,20.310156,12.948038
-5.3843174,-9.480746,13.01048,0.10675008,0.50824714,6.189728,84.09272,1.6703805,1.0995195,496.72717,20.727722,269.52054,17.528204,30.639236
-3.1962664,24.60204,16.47453,-0.18620926,0.5866477,6.9727855,97.06172,3.1112077,3.0919015,272.72122,17.210804,262.52045,20.590425,12.930659
-5.232377,3.8249447,17.756033,-0.18355915,0.45197275,6.761028,97.677895,1.7116255,1.1379116,240.07973,16.542257,280.72833,20.54674,12.935198
-5.530998,31.583,11.156839,-0.18642375,0.6406394,6.9459834,93.96482,1.7637975,1.2463405,580.8849,17.346977,262.9051,20.520119,13.502368
-5.509286,16.757456,17.396051,-0.12849107,0.47191203,6.2151346,94.3843,1.67493,1.0845144,409.40192,19.213934,290.67618,19.968876,20.385588
-4.6178617,15.47816,17.306818,0.08591391,0.4818637,6.192352,84.40598,2.311921,11.431108,253.68834,16.49623,395.709,19.29891,13.630889
-5.353715,-11.478747,18.028072,-0.18257436,0.4826818,6.295376,97.04072,1.6782962,1.0771978,266.89355,18.683344,361.6646,19.825556,19.133614
-3.9289935,21.086197,14.202509,0.15190277,0.44791445,6.4702654,89.90673,5.422629,5.5378556,533.417,17.803392,289.5578,20.186766,13.2471485
-5.4809303,30.390892,11.894036,0.33128896,0.4960731,5.6588273,60.820164,4.939155,11.701598,514.4724,16.462122,442.4254,14.813382,22.213411
-5.482546,33.71364,10.902449,0.33207387,0.4624174,5.9957986,95.47775,5.7649255,17.74181,585.04486,16.813852,431.33795,17.113216,22.805601
-4.573056,14.99709,17.825508,0.25845966,0.4462016,6.3328204,95.13482,3.1591969,10.241063,240.16957,16.447174,405.2163,20.49282,15.298683
1.873789,-0.025592161,18.182297,0.16716225,0.44816184,6.5865364,87.04383,1.8524346,10.038352,239.84366,16.45985,382.71198,20.26528,22.825666
-3.8712938,-10.402871,17.81277,-0.17345482,0.4913004,5.9502378,92.00945,1.6722232,1.2298305,266.00528,20.564045,372.96228,14.917108,30.389168
-4.6454906,-3.8357117,18.141045,-0.13757569,0.44853637,6.0094934,95.81555,1.6835271,1.1664712,245.87932,17.89466,406.02988,18.389847,22.949764
-4.050415,-7.0360465,17.422346,0.24548316,0.4525002,6.0341196,95.68855,1.6804224,1.3869131,258.4401,16.493416,414.73993,18.887997,24.450935
-5.12852,28.882849,17.602114,-0.15109384,0.47076103,6.964041,90.44766,1.8310608,4.956869,262.17493,16.66483,269.2446,20.55522,13.249636
-4.5634775,33.183014,7.7800355,-0.06793847,0.49149612,6.965871,92.3285,5.5059886,16.663424,321.43417,16.449242,294.425,20.341467,13.107805
-4.937583,-2.7197106,16.150578,-0.18108967,0.5176479,5.621793,96.54137,1.6880227,1.1123006,534.5637,20.724674,411.87878,18.873343,30.10239
-5.317461,25.742037,10.226552,0.33171147,0.4440497,5.567368,97.13035,2.5660298,1.5608404,579.7568,17.961958,448.94073,8.984862,31.06832
-4.1259108,11.637808,17.973427,0.32958493,0.44610488,5.5700526,89.81061,2.0013287,4.189382,323.3093,19.024382,448.7601,12.507963,31.003284
-5.6349993,33.625,9.133705,0.21289855,0.49384996,6.7948623,86.86918,5.3702397,8.755638,579.7465,16.606777,272.33682,19.821611,16.5237
-5.352845,26.739851,11.95012,0.21217397,0.47398132,6.623609,95.329155,2.074051,2.9886873,481.11945,16.667906,381.20462,14.946904,15.890576
-5.473958,5.2579,17.215166,0.16942134,0.4867417,6.024125,97.674126,1.708264,1.9210088,356.40665,18.712158,379.948,19.50285,17.008808
-4.96931,33.63505,16.477716,0.3271736,0.6168053,6.9574237,88.515274,5.804653,18.616156,402.51846,16.44737,277.0069,20.528791,13.053475
-2.5540612,-7.4957175,17.615654,0.18066905,0.44692096,6.782079,91.00122,1.9263701,12.556258,239.89749,16.486767,396.0257,20.101435,14.281383
-2.4160783,-5.913442,17.709694,-0.17670791,0.44689623,5.91495,96.821144,1.6751348,1.2958381,240.9337,19.69102,436.0042,12.774802,16.937113
-5.3907814,33.651096,4.6671724,0.051295795,0.64889777,6.953392,97.46934,5.6926737,5.686083,585.0794,16.637682,262.85373,20.000353,12.964574
-1.61054,23.752743,17.802776,-0.1618931,0.45568013,6.7450123,94.53283,2.6825314,12.778247,241.49803,16.525595,272.2968,20.46169,13.019434
4.2364388,-8.587766,18.189407,-0.03977258,0.44562232,5.6063414,97.80249,1.7365118,3.3293908,239.79419,18.892082,442.85132,17.743849,25.59454
-2.9945838,20.21387,17.369331,0.17494129,0.46796915,5.590892,60.12452,2.2430542,2.6851356,555.00055,19.939651,444.89133,10.913463,30.424236
-1.5488497,3.9819868,14.381883,0.057899874,0.46892413,6.58421,88.90487,2.6407528,11.778014,279.11594,16.562937,279.83908,19.380941,14.457781
-4.81555,18.749044,17.216152,0.22238398,0.4452502,6.8409753,96.88944,3.3889096,16.701443,246.55013,16.545988,275.03677,20.296984,13.10739
-3.8615334,33.370937,6.938258,0.32564893,0.6004936,5.595075,95.43293,1.8379878,1.0616472,585.5775,20.725365,341.32382,11.30271,31.043474
-5.550518,-8.24759,14.924279,-0.08520024,0.5324,5.605748,95.54261,1.6765443,1.0782516,553.8764,19.376213,414.85678,10.668015,30.887203
-4.866808,33.710526,4.6691866,0.32863095,0.59859246,6.665249,95.834885,5.800054,18.070393,585.417,16.463537,264.9099,19.046806,13.452607
-5.6062136,32.02624,17.180588,0.23211971,0.5893811,6.7986345,77.19804,5.705255,18.47725,267.9425,16.504875,361.6033,19.8339,13.06473
4.2876544,-4.0855165,16.57032,0.06632573,0.47628832,6.087215,86.82949,2.335309,14.033609,252.50414,16.576502,400.28848,16.350578,14.647101
-5.6552677,31.146355,10.2739935,0.2872756,0.5045211,6.813321,73.00051,5.1475177,3.640391,579.07104,16.495356,367.39185,17.736437,19.571135
0.1974028,31.904799,18.022955,0.2021499,0.45164976,6.5206585,94.43454,5.4086237,17.737238,240.34111,16.449614,395.27667,20.502722,12.969647
-5.2204685,28.160913,9.529465,0.28858632,0.45787507,5.7010417,96.957855,1.9042536,1.0605361,584.8864,17.82312,379.81067,18.310026,22.65381
4.85303,30.510277,18.174839,0.013782804,0.4704094,6.970568,97.51422,5.784928,18.613014,255.53307,16.458433,265.19522,20.579933,12.922198
-5.405177,22.735498,10.22565,-0.123966075,0.5085606,5.8894253,86.56813,1.8526424,1.5163591,575.24304,20.207478,268.29846,19.831713,28.837217
-4.0411816,26.192738,15.905034,-0.17622413,0.46651015,6.974454,95.7744,5.3371534,17.988653,240.93694,16.454792,262.70294,20.579226,12.916103
-3.701464,6.1640854,16.04847,0.31571975,0.4634501,5.748658,88.30089,4.3147235,5.5556617,377.0301,16.68413,427.60083,15.305996,18.654087
-5.6777105,33.222927,11.440994,-0.17683925,0.48967764,6.948729,97.66272,3.7510998,1.4957578,403.217,16.479782,262.86237,20.309296,12.990189
-4.1451406,-12.068263,18.15253,-0.18376026,0.44999665,6.199448,93.287476,1.6702756,1.0559671,241.29376,20.718231,385.5132,20.03751,29.339119
8.2718315,-10.217181,18.194193,-0.18480182,0.44466463,6.9747005,95.42596,4.240552,18.566902,239.78745,16.451256,263.26938,20.596703,12.913711
-5.361273,30.118956,12.276841,0.33259347,0.44469202,5.5811563,85.97909,2.777269,3.2493465,584.02185,17.194721,448.46484,14.645844,31.063135
-5.4771833,26.641989,12.229369,0.13293514,0.49249676,6.5832267,87.756775,2.0135462,2.4903986,268.483,16.576914,282.3754,19.929564,16.597883
-5.5165825,26.31397,11.523946,0.31805477,0.4530433,6.718247,89.568794,3.1508749,4.150379,578.2497,17.590168,321.99777,20.136087,22.513815
-3.9347312,9.819434,11.324972,-0.1757337,0.5322027,6.974126,88.53016,2.3274026,1.9701755,480.73453,18.451616,262.58755,20.439472,13.208716
-5.126216,33.669,11.111138,0.33287334,0.45089406,5.6112213,85.65093,5.803678,18.418163,583.07153,16.474825,448.06827,16.431211,29.839712
-5.07277,5.848879,13.449513,-0.030411173,0.501686,6.142735,94.53247,1.7183818,2.3016798,325.69275,17.075575,279.5219,16.448769,23.537043
-4.343295,24.920628,18.123062,0.19079098,0.44482815,5.785164,96.31958,2.8293447,15.613966,239.86444,16.618479,436.50616,18.557766,16.674961
-5.502454,32.88492,8.0944195,0.3247798,0.4594388,6.186387,83.75776,4.020132,7.3987255,583.426,16.662754,307.6282,15.5339,27.358828
-5.1518726,-2.8413098,16.523853,0.18893194,0.44472733,5.6203103,96.41878,1.6824783,1.2789228,352.34427,20.290369,439.87228,6.175354,30.981417
-5.4444494,33.723846,6.014971,0.27059534,0.47415733,6.9000854,92.064896,5.6324067,17.80619,585.58923,16.639738,278.06757,19.034897,16.64995
-5.5528593,31.270926,5.49071,0.3019048,0.45992905,5.6807337,93.49073,2.1761346,2.984598,579.59265,17.358658,329.2333,18.34522,26.718294
-5.4013395,32.74818,7.8233576,-0.08106048,0.52636534,6.883919,95.444565,5.7255473,8.740356,517.7022,16.47759,264.4342,20.286324,12.96322
-4.5723095,26.617022,7.9962964,-0.12789606,0.6496063,5.9222355,97.42163,1.8840224,1.0873954,574.77026,16.968412,266.40363,17.59461,18.576225
-5.0630627,-5.2240376,17.565313,0.2510919,0.4596513,5.569275,90.75232,1.6712617,1.084748,581.811,20.720177,441.9632,15.301853,31.039215
-4.8943853,31.797825,14.72526,-0.14243984,0.4607272,6.9580517,96.85939,4.5314784,3.425721,419.247,16.741413,263.27475,19.1705,13.115669
-5.4744244,-9.238778,15.887483,0.21910179,0.44873726,5.5687284,97.58269,1.6709689,1.0542257,508.73935,20.650656,441.24228,9.593091,30.870241
-2.5006497,27.935116,17.771858,0.17082651,0.44803473,6.448221,92.75088,1.8833534,13.10676,247.3542,16.519684,377.97903,20.520508,13.555621
-5.5124884,33.449413,5.4766865,0.3262059,0.44769683,5.7205544,97.04955,1.8531257,3.5823362,585.59625,20.206812,417.96893,16.033768,31.019981
-4.3399906,16.927364,15.064999,0.263998,0.50816983,5.60151,88.82528,1.7342657,1.1851766,529.2325,20.264294,446.4798,14.009541,30.752172
-4.560215,-9.205979,16.048956,-0.17966333,0.62759167,6.8210974,94.9392,1.6731762,1.0533025,325.9233,19.928192,263.33377,19.07701,16.755796
-3.5468552,7.8226304,16.346521,-0.17480125,0.5267092,6.9698935,65.28022,2.3218997,4.8123145,321.38824,16.689953,264.62704,20.382973,12.9473505
-3.7966588,21.83607,13.824588,-0.18241799,0.44768718,6.9353776,96.47556,2.3263295,5.027922,242.1647,16.59907,265.8886,20.357338,14.89136
-5.2749157,27.380215,14.516315,0.29970887,0.4517037,5.9821405,96.52521,4.9527035,9.04058,288.8714,16.787243,396.93463,19.17686,23.850273
-3.043659,-8.666093,16.590025,-0.18571684,0.48808515,6.973669,94.25115,1.9403431,2.8811266,255.09106,18.773636,263.06924,19.947365,13.012036
2.236954,-11.747502,18.19646,-0.15167144,0.44403526,6.0584,90.08893,1.6711866,3.541465,240.11418,18.262272,446.50845,15.449106,27.140852
-5.3444576,15.953806,17.403181,0.32682484,0.4586185,5.8944855,87.90186,2.1386223,12.324019,258.52112,16.766268,446.18442,20.363281,18.011415
-5.4499445,33.517685,9.008819,0.08563223,0.6220682,6.938864,87.30204,5.21119,7.1298203,579.29755,16.453712,263.49335,20.527386,13.344092
-4.9519567,12.872569,12.678592,-0.164767,0.5033427,6.3596344,84.94229,1.7564698,9.693714,467.8311,18.206146,267.6519,11.645179,15.497656
-4.775057,-2.4772198,17.170086,-0.1468519,0.59812266,5.6179147,89.2526,1.6728545,1.0603902,544.14667,20.68552,365.8529,20.189592,27.583145
0.26951298,-12.176269,18.14561,-0.17837784,0.46209332,5.5727267,97.794304,1.6719686,1.0837038,239.7915,20.729546,432.00888,20.357317,30.20774
-4.5497856,33.52137,10.8117285,0.1552883,0.54703784,6.7220054,89.272934,5.549894,15.10328,580.58496,17.86843,270.07294,18.916164,18.731134
-5.650543,33.313335,13.881493,0.00053164054,0.49190947,5.620599,93.99665,1.9568031,1.3913095,548.4899,17.747189,294.49612,16.027939,24.780418
-4.5910378,-12.029378,14.635264,0.16331801,0.4642392,5.5863743,83.84637,1.6699089,1.0490453,497.6867,20.722313,433.35034,19.072218,31.070883
-2.71724,0.19200961,14.599866,-0.03816593,0.45472068,6.9117455,84.81872,1.8561128,9.03504,298.73187,16.857275,270.02515,19.734339,13.547377
-0.15423837,33.034912,17.763546,0.19066788,0.5015592,6.9624243,67.95753,5.277945,17.812332,255.74327,16.45639,292.3286,20.42082,13.652922
-4.5765486,21.067816,14.808493,0.20739822,0.44676456,5.6342764,96.166725,2.767426,10.747383,440.7481,17.485159,353.12613,14.14571,25.018
5.428603,-10.61753,17.9081,0.31962296,0.45191544,5.5703926,91.7764,1.6817881,1.1408975,322.5765,20.697784,448.66376,8.331804,30.930904
-5.287883,-5.4545302,14.586941,-0.1859405,0.53738636,6.963619,96.15099,1.7283005,1.1155708,527.0309,20.576176,262.54272,20.310684,13.875861
10.236241,32.70648,17.497458,-0.08739998,0.52885604,6.188732,97.18299,4.2826033,7.4055624,259.3295,17.628263,426.32117,20.042194,17.039267
-5.507819,33.714996,4.5987387,-0.10178832,0.6730745,6.974712,91.636116,5.801039,4.779068,585.5249,16.455343,262.52145,20.121544,12.913747
-4.0312376,-5.2471175,18.088015,0.014102192,0.44378373,5.673857,97.095505,1.8892481,11.000688,240.57419,16.879988,417.40735,19.38918,25.949368
-1.9391114,21.375643,13.930858,0.3277477,0.46782005,5.61906,58.690083,2.1041842,13.776964,567.5352,16.910383,444.58856,7.494297,30.250212
-2.8428352,33.662567,9.238827,0.15736258,0.6679828,6.9740963,79.159584,5.7825437,14.27037,578.60376,16.470577,262.8608,20.408344,13.050704
6.7410526,32.524105,18.19245,0.30435172,0.4826261,5.597308,96.63188,5.513089,18.04823,240.34421,16.60392,448.64825,18.399487,15.8472185
-5.2763643,25.993126,17.132605,-0.15712431,0.538438,6.319924,84.42538,1.8017721,1.4200523,505.4911,20.435608,285.46255,13.534335,27.688162
-3.9430082,27.940681,8.674903,-0.15612498,0.6293054,6.968978,70.46035,3.528751,8.270925,536.1275,16.475172,262.60617,20.319906,12.926356
-4.985385,7.1807966,15.431172,-0.18087691,0.4743954,6.8387456,95.715645,2.5168324,4.106428,244.92639,16.90189,264.25287,20.382273,12.951539
-3.6589143,-3.2555315,18.183653,0.33150133,0.44297612,5.5685997,96.26468,1.9584659,5.4188285,265.8133,18.841902,449.0436,9.69167,31.051151
7.8249683,-10.976653,18.12971,0.11442858,0.45925808,5.7059236,84.8727,2.6685505,16.767183,239.87822,20.174515,448.16476,19.066006,13.408762
-3.6952436,27.761353,14.39274,-0.14777045,0.45331323,6.830111,97.05597,3.273503,17.387314,387.82602,16.781464,265.6148,19.083529,13.387138
-3.31577,32.600945,8.334135,-0.13455531,0.4806882,6.891132,97.73049,1.7164844,2.0812018,243.12892,16.892788,278.04578,20.307505,13.5472765
0.9803759,33.03265,13.702585,0.3322163,0.44444802,5.650405,97.642296,5.660435,16.394005,468.73685,16.49163,412.21152,18.678844,19.91419
-5.275584,32.609627,7.237435,0.042902865,0.49000707,6.5712748,96.27598,5.756262,17.785837,393.12863,16.459139,267.2786,20.386236,12.991455
-5.506526,17.42785,12.450911,-0.027030881,0.45604783,6.3972893,92.08854,1.677899,1.1107919,536.23285,19.751993,271.60513,18.582064,28.370653
-3.3724115,33.21049,16.086243,-0.18673915,0.58585477,6.97474,60.652073,4.703364,2.5278804,429.9263,16.707075,262.52222,20.481838,12.912182
-5.5511684,32.033386,15.523636,-0.15866761,0.49854207,6.4642835,97.661705,2.8328595,2.0786016,261.64017,16.640362,265.93405,20.078173,13.22844
-3.7248085,31.485134,9.880662,-0.16424638,0.5829115,6.9714937,95.52986,5.6326413,6.2038646,400.49973,16.447855,263.23865,19.745035,12.918005
-2.1186955,33.420383,18.04629,-0.04314753,0.4485736,6.957717,75.78355,5.5675983,18.569315,377.5118,16.452309,265.0631,20.547289,12.950293
-5.0378866,30.305626,14.235539,0.31662673,0.45700017,5.920844,93.39351,4.743503,6.547059,544.32623,16.451344,419.96466,16.130745,14.013127
-4.6949463,16.388615,16.673111,-0.109618016,0.45201886,6.0374207,97.75084,1.7257181,1.2159679,240.53223,16.621567,408.70374,18.99658,14.948451
-1.9585782,13.854911,18.139675,0.12741184,0.44754088,6.942113,76.30987,2.4489603,17.042168,253.3555,16.514877,330.69864,20.288662,13.4328575
2.011862,29.651817,17.046381,0.32008627,0.45728186,6.87939,69.96455,5.605539,18.547941,241.56474,16.454596,352.27713,20.236107,13.752075
2.45683,-11.867311,18.193148,0.2173846,0.44357848,5.588701,88.1269,1.8635086,12.442373,240.12537,16.602512,448.69824,16.758297,28.57768
6.5802555,-11.887319,18.182274,0.32924098,0.44296554,5.5673137,96.822525,1.8398564,13.261217,239.85313,16.478638,449.04376,18.727331,30.880999
-3.5715568,14.872722,12.471557,-0.13153674,0.5319463,6.966942,94.19665,1.7139894,1.2829587,299.2045,16.705173,265.0223,20.298883,17.51299
-5.4703064,33.310844,17.344145,0.31697124,0.52099735,5.6186695,97.33036,5.3606677,17.045288,457.74304,16.51026,292.73108,20.414692,13.933521
-4.470437,-6.5240912,16.40952,-0.17657964,0.47440845,5.739642,95.98463,1.6704546,1.0623405,414.44266,19.217434,367.28967,17.909117,29.84355
-5.260069,26.63185,14.206862,0.29515284,0.45467323,5.7200513,95.44627,2.6765192,5.877033,256.5455,16.475117,439.2947,19.019081,19.499592
-4.277589,33.673874,11.037032,0.33111307,0.45511353,5.6819706,95.38756,5.7840633,16.46464,584.03217,16.982565,413.3484,17.767529,26.32862
-5.426777,33.355526,17.507511,0.32840145,0.45041573,6.857964,94.82062,5.7999673,18.335127,389.35486,16.450687,414.94543,20.471535,12.946792
-4.9659157,15.997474,16.331371,-0.07871438,0.48147148,6.227355,79.34639,4.145483,4.583498,337.142,16.578444,293.23328,19.782524,14.924972
-5.4720116,31.517193,10.73252,-0.11308483,0.6010061,6.858718,79.26105,2.7015977,1.7029979,557.8268,18.431095,266.56216,18.74696,13.725936
-2.2022226,33.43616,5.4196243,-0.08307619,0.62743104,6.9452944,91.51323,5.752761,3.6696866,585.33453,17.754774,262.83664,18.567875,13.083736
-5.271181,-8.241107,17.292387,0.024151664,0.469682,5.5688624,90.46641,1.6962241,1.1684234,543.14386,20.518417,445.6195,11.34799,30.784128
-5.2448053,28.369656,6.113449,0.305016,0.5310077,5.5920463,93.03382,1.7496815,1.5778377,498.18658,19.130255,435.13538,12.088876,30.186338
-5.564394,-8.185203,16.840845,-0.08788938,0.4521334,5.650306,96.960335,1.6736892,1.106488,242.0636,17.435797,374.0556,18.917068,23.265827
-3.1897738,30.518707,10.25388,-0.17018533,0.6278847,6.974737,96.31995,5.616409,16.966246,254.6411,16.460224,262.58163,20.577662,12.916243
-4.379962,-11.78173,18.199411,-0.17866421,0.45064732,5.8443117,96.299805,1.6701256,1.520745,239.97195,20.547132,420.7454,19.667133,30.564926
-4.984043,32.534348,5.5032477,0.32962552,0.48357442,5.571347,95.68786,5.0328956,9.107247,584.84216,16.675005,442.28763,13.682549,29.897713
-4.9926004,33.56433,7.064731,-0.033786725,0.45314905,6.1676455,95.69121,5.733073,9.955194,583.16113,17.09027,265.06094,14.758859,23.630676
-4.424493,15.316288,17.551867,0.046022017,0.5944008,6.973081,85.16476,2.5968177,13.835303,369.12595,16.519293,262.9322,20.551092,12.959352
-5.5692253,30.33484,11.640249,-0.035861302,0.5524879,6.40446,71.08111,2.222006,1.1343248,561.842,17.446362,280.99963,17.747686,21.498245
-5.4093676,10.007655,16.702845,0.25554037,0.44572613,6.705073,96.01481,2.274752,4.25141,262.3695,17.089428,346.61865,20.353523,18.855057
-4.194581,-12.11925,18.191883,0.09102813,0.4493159,5.567287,78.950386,1.6701013,1.0503051,397.6368,20.718569,449.0394,8.420551,31.074545
-5.182397,10.542883,11.567244,0.3191617,0.4524075,5.5687675,92.76824,1.8021632,7.933111,368.84714,18.718359,441.58652,10.608699,30.960823
-5.177106,30.41206,8.720093,-0.16727939,0.51327795,6.9501433,83.6726,4.308176,7.4377637,580.2039,18.460844,263.1515,20.14468,14.103292
-5.2929964,33.707474,8.823879,0.30503872,0.47980896,6.229202,85.68238,5.764217,15.350846,585.53766,17.904417,273.79135,16.954401,17.464596
-5.4813643,-4.673228,15.46982,0.020725835,0.46899247,5.628287,94.799,1.6772183,1.052779,581.2236,20.715902,391.91058,16.840933,30.971085
-3.8319194,33.04618,18.06576,0.026081447,0.4528076,6.9670053,71.13912,5.2824554,18.371227,274.32626,16.459997,381.37527,20.454271,12.926744
-5.452976,23.49872,13.534154,0.19505547,0.54062325,5.834841,96.053055,1.8980883,1.2438686,516.68695,17.652899,346.2998,15.289853,23.365026
-3.4416745,9.816358,17.122213,-0.073830046,0.474849,6.9706154,82.45539,3.7514787,16.723764,283.25812,16.523424,264.3214,20.469042,12.9229355
-5.614361,-12.160035,11.388984,0.33231816,0.44329557,5.567354,96.321396,1.6700047,1.0492208,307.39044,20.715364,448.93112,12.068595,31.074617
-4.376581,13.457995,18.083532,0.32767022,0.44647372,5.569711,86.73879,1.7893975,1.4171913,528.90814,17.207954,449.0042,8.162385,31.027895
-3.6837866,-9.172275,18.175571,0.21596807,0.4443725,5.771483,91.761505,1.7562457,6.7239456,242.18372,18.157684,434.85004,19.774588,26.27772
-5.296833,11.184299,14.950268,-0.14485793,0.48289463,6.3098526,95.27645,1.8242315,1.2095392,476.8207,18.142649,308.8539,19.971903,19.395237
5.568495,-11.693355,18.061424,-0.17583884,0.4462862,6.56302,91.72029,1.6723853,1.6772993,239.97113,18.742157,350.158,19.698227,23.470121
-5.36965,30.642962,12.97037,-0.045236107,0.5462965,6.8736625,94.76537,4.9867277,5.3699036,570.90784,16.505146,266.07742,20.55439,13.72468
-4.732955,-6.167976,16.330301,0.2571754,0.45115477,5.567602,87.71187,1.7281379,1.2359626,578.5623,20.40064,448.83847,18.371687,31.059795
-0.95861256,-5.51469,16.878662,-0.17485416,0.4607354,6.369285,93.01762,1.6763843,1.0759695,242.38988,17.434757,409.0265,15.819116,26.984062
-5.0186186,31.128447,15.854401,0.31496835,0.46851477,5.7856193,91.101326,2.6470296,17.469774,452.00916,16.521883,362.91342,19.435123,18.948462
-5.501788,-2.9886487,6.8829894,-0.16773495,0.5189339,6.1012206,93.860435,2.1573508,1.0650995,374.18683,18.856419,296.38394,17.71843,23.370592
-3.7700956,8.44971,18.064085,0.3134188,0.45585597,5.6222887,95.77573,1.8139305,6.0535846,242.36478,16.512096,448.89435,17.386179,25.038214
-4.580365,-0.5833028,18.002394,0.107142635,0.45828503,5.6283245,83.80056,1.6970333,9.906072,297.3898,17.275545,443.0427,16.605354,28.392384
-3.3890502,27.391525,12.367648,0.20439719,0.49082977,6.0538626,96.71954,4.653428,7.0386634,338.98788,16.533327,299.90112,18.110996,15.194819
-3.423979,-5.1554265,17.954393,0.10079318,0.44729108,5.6411023,94.785835,1.7635764,7.585273,240.40932,16.869818,443.60873,18.339167,30.260834
-4.9987326,33.225414,17.682844,0.32844004,0.46069953,5.9294615,94.37335,5.4073324,18.375593,338.99896,16.67298,437.14236,19.48221,14.552938
-5.62941,32.965626,4.961682,-0.18700281,0.6657743,6.974738,89.82059,3.041154,1.2211263,566.38763,16.785172,262.51828,20.550041,12.913243
-3.6897123,32.81831,11.418174,-0.09600205,0.49589765,6.959548,95.53262,5.5608897,18.107388,471.56906,16.633537,263.09393,19.975298,13.008421
-5.2635612,33.17861,14.855328,0.32315958,0.52579135,6.173208,81.62223,5.791295,18.34486,555.22955,16.451914,353.713,18.313194,13.084055
-0.85100186,2.6043842,16.794744,0.289757,0.4528769,6.212426,80.82796,2.2518573,14.0427885,248.16669,16.833323,382.79602,18.737366,18.964443
-5.5024595,22.730064,14.427734,-0.13025911,0.47925138,5.718106,94.70215,1.7009941,1.1092737,432.0751,18.068268,398.02142,17.216444,30.095055
-5.2960157,-4.140058,17.905079,0.15607324,0.46467668,5.6197677,92.10371,1.6758536,1.482126,442.9781,19.227283,445.48874,13.153297,30.453114
-0.8894497,-12.001748,18.14245,0.25249574,0.44352016,5.935126,79.557655,1.6725951,1.3277271,240.00546,17.614147,448.14575,16.223507,29.566053
-5.0147476,-3.9140894,14.114689,-0.15732902,0.5043258,6.0744696,96.75298,1.6727983,1.1536882,260.2638,20.171274,300.80847,18.632576,28.679182
-3.557739,-5.477588,18.014496,-0.012998949,0.49933052,6.926538,73.35838,2.166929,4.8952904,288.76407,16.9392,264.96103,20.330715,16.384094
-5.366234,16.956642,17.569609,0.32858694,0.454108,5.5707917,87.560455,1.9790144,11.838379,372.3634,16.479237,447.50925,10.40824,29.950035
-5.0534897,33.56515,7.774992,0.108182125,0.48853806,6.491536,93.13345,2.8730023,2.5103128,583.44055,16.523252,276.55383,14.0154505,15.602498
-5.2073107,32.067028,15.704607,-0.16591008,0.48086873,6.973416,96.52959,3.9445662,2.275582,495.40125,16.469149,262.6622,20.1267,12.923129
-4.127535,30.470589,15.944475,0.0017339109,0.45055094,6.7668934,96.896095,4.0467906,17.463646,240.5076,16.454872,293.18237,20.573874,12.9211
-5.644472,29.815208,4.969844,-0.18272361,0.61530125,6.972527,96.96469,3.2278578,1.1112382,585.263,19.633152,262.51984,19.3775,13.0008955
-2.4640214,30.460546,10.717079,0.33293492,0.44634187,5.752603,80.14974,5.781159,18.465504,560.7966,16.487099,442.17044,18.604284,14.571819
-5.280548,15.607079,16.913464,-0.16551214,0.529002,6.7525578,97.285194,1.7114064,1.219857,250.72522,17.245987,268.6308,18.801567,17.385221
-4.5993423,-12.159541,17.019323,0.25092304,0.44390115,6.0346704,95.443184,1.6699125,1.0685403,246.05855,20.373795,406.00348,16.359842,31.029654
-3.012882,-11.953959,18.179567,-0.18630105,0.4485267,6.6556973,96.55724,1.6758138,3.3464181,239.78801,17.342094,310.89194,20.378376,14.803225
-5.291791,30.992197,10.71223,0.32723883,0.4486404,5.5871334,97.055504,2.1472826,1.2788503,557.05927,16.734352,445.90463,15.98365,30.88459
-5.463398,31.873423,4.843041,0.14384083,0.45459914,5.66567,92.07517,1.7984123,1.122195,559.99225,20.335953,427.84247,11.578853,30.692518
-4.822612,33.531322,15.929705,-0.11531914,0.61067086,6.974732,85.21746,5.757346,16.899973,249.9771,16.450426,262.52655,20.579494,12.912224
-5.37166,7.8868766,12.390761,0.048970398,0.44946033,5.9310856,97.64281,2.4818635,3.8204186,256.35565,16.53098,325.96503,18.12148,18.384449
-5.4736814,18.51065,17.395508,0.2855879,0.44411042,5.5789566,96.905045,1.6739703,1.0975416,508.5756,19.357475,428.85593,19.317017,30.726881
-2.5160525,22.544472,17.706253,0.14189851,0.45371875,6.863722,88.49967,2.080517,17.409164,249.91763,16.54161,276.99734,20.551142,13.698238
-4.0980854,32.495518,11.948509,0.31730622,0.46048874,6.053659,96.02658,5.6496015,12.504012,583.2474,16.775381,345.22797,19.993418,13.96858
-5.310809,15.26661,16.992052,-0.13326916,0.45263588,6.757478,94.874825,2.459493,5.9856806,244.97572,16.914076,320.57504,17.314558,18.070604
-4.5217285,27.800179,14.842711,0.30392823,0.4457789,5.575996,93.072075,5.0006785,5.560942,266.83273,17.529625,447.1905,13.892886,21.152916
-5.2721357,26.240025,7.0669494,-0.065354384,0.5526524,6.890695,97.1759,3.4127467,6.0025663,396.7169,16.528465,262.7903,20.249409,12.934748
-1.5678836,33.214348,17.924335,0.15127255,0.4477857,6.4461617,97.81614,2.0945752,17.51471,253.3187,16.472242,353.8597,20.517378,13.441509
-3.869264,33.087635,12.165442,0.20854683,0.5233966,6.8895087,97.07127,5.745185,17.147062,580.3084,16.779879,263.45508,20.4451,13.39366
-5.1265745,30.78845,17.339659,0.29390627,0.4586842,5.680289,91.655815,5.586582,15.223381,394.1128,16.54263,443.42398,16.993994,25.806356
-0.6102563,-3.3607867,16.475807,0.106968135,0.46314228,6.456479,90.994644,1.7751155,10.998492,241.19583,16.452372,353.3361,16.414202,20.330809
-4.820654,23.225601,12.691196,-0.18189943,0.541421,6.969524,96.837654,5.344468,9.1225395,240.85536,16.484161,262.6221,20.505636,12.935493
-4.2352524,7.735825,15.638397,-0.14739406,0.44730777,6.6589875,97.26607,3.5177577,17.606367,240.79417,16.562424,331.4245,19.349289,16.532701
5.6893473,33.192917,14.664133,-0.1385404,0.5883605,6.9747396,67.14778,5.7815185,18.5851,533.57947,16.447065,262.59467,20.470583,12.912247
-5.234129,26.580067,14.208913,0.14103064,0.47505078,5.9165235,95.08701,1.987918,1.3084724,567.7908,18.551395,366.20605,13.018771,18.486599
-5.448267,18.714474,15.039087,0.28598258,0.5438273,6.326108,87.082344,1.7561449,8.867368,417.5034,20.04891,269.28955,20.240448,29.162699
-3.7539432,33.389256,17.72468,0.08323207,0.45954296,6.9746995,60.683453,5.79729,18.60022,254.59946,16.448006,262.7146,20.575903,12.913918
-5.3212852,30.254223,12.564418,-0.1784277,0.5084033,6.9607067,96.856094,3.8233263,1.2600944,542.04205,17.336916,263.5834,17.474258,12.9801235
-4.082899,-10.836009,17.963749,-0.18444657,0.4667213,6.5643506,76.31022,1.6702939,1.0678833,281.30872,20.201935,269.92215,17.751377,28.914028
-1.0328852,33.63696,6.2525926,0.15966702,0.54513663,6.9301744,97.29988,5.7733617,14.301005,585.53033,17.229406,262.65598,16.220293,12.939371
-5.6053534,33.669514,12.655279,0.29967594,0.48513916,5.8540525,95.39878,5.7415905,3.7394054,579.74713,16.591782,338.97308,20.345335,13.395248
-5.670641,0.51414365,8.571024,0.2235541,0.49073008,6.442062,85.79393,1.6970006,1.0578,573.45844,18.025522,276.29974,17.282166,30.018253
-2.8372853,32.277424,17.69984,-0.15864937,0.4468366,6.9480863,96.96868,5.3684583,14.860002,243.85878,16.456182,273.58194,20.364273,13.23875
-5.038207,33.55164,7.961413,-0.18152905,0.6188139,6.974384,89.40678,5.709457,14.124123,580.8367,16.482126,262.54886,19.788282,12.921886
-4.4406986,2.3360174,17.024656,0.31791657,0.44805977,5.572652,95.66624,3.437178,7.418824,271.2818,18.651487,444.92462,13.558282,30.289204
-5.078617,33.598568,5.0756774,-0.056139316,0.65563935,6.9746013,89.195076,5.739984,6.886171,579.1191,16.463959,262.6226,19.992949,12.914502
-4.915738,32.254555,15.669013,-0.044829194,0.48731524,6.939139,93.55952,5.5895114,17.390682,404.92194,16.816761,263.1071,20.558697,13.093838
-5.3904247,1.2698504,16.779205,-0.10195326,0.48899236,6.0178843,82.60834,1.9471136,1.2858503,362.3186,16.825274,419.68494,19.287836,24.23272
-3.9282558,-10.07743,17.499691,0.3228538,0.45622718,5.7026625,83.343475,1.7225457,3.949568,269.56784,17.027115,448.12872,16.145466,24.921478
-5.585519,30.116917,11.957107,-0.09165893,0.5248019,6.9422393,94.53941,4.028399,1.946346,536.42773,17.378805,268.90222,20.21493,13.43804
-5.4951525,33.528145,15.511094,0.07445191,0.48141706,6.89418,96.68956,5.4142137,16.892467,421.74054,16.496017,305.20126,20.527035,13.047555
-0.7246419,-5.0607505,18.04759,0.2820941,0.45703074,6.736186,65.026886,2.1540651,18.362438,239.90022,16.459143,419.96686,19.533907,13.980803
-5.6363544,33.693592,4.5458827,-0.1556564,0.660964,6.9739375,97.70613,5.723106,1.0677307,585.38947,16.49386,262.5608,18.996845,12.913789
-3.5084221,-7.566999,15.730823,-0.06678056,0.46870083,5.7788367,94.3015,1.900931,2.1401994,247.86946,19.874475,321.89374,19.905397,20.375494
-1.2477795,29.79473,13.897698,-0.1341779,0.47592232,6.40689,97.099174,2.797845,6.8219247,251.18692,17.45533,274.32672,20.013601,16.050907
-4.818986,15.657488,17.800772,-0.0033930347,0.47487983,6.101165,96.42465,2.1750531,1.2484453,553.02856,19.01127,267.5877,19.828337,14.2556505
0.32881555,-0.87609893,17.50274,-0.18492135,0.45652157,6.9705634,90.69539,2.6529388,5.07729,242.3232,16.559017,263.56732,20.460382,12.938119
-5.439048,-10.344415,15.167417,0.18013309,0.44873348,5.587508,97.377014,1.670246,1.0509698,334.1479,17.520765,447.68356,14.24339,31.04818
2.4767344,-9.840367,16.992716,0.07000534,0.44552842,6.915755,68.87965,2.0460958,11.115321,275.2994,16.952042,322.33902,17.921658,13.326817
-4.6369114,29.90561,16.371838,-0.16132739,0.5533603,6.9222083,87.06749,1.7047569,1.3410556,584.35504,20.470001,269.26453,20.283974,21.952524
-4.998455,32.63155,13.685154,-0.07971939,0.49173358,6.942145,90.604126,4.920193,10.547348,320.96213,16.460314,281.50238,20.442366,13.043608
-3.4727614,4.038135,16.19756,-0.13618582,0.46892393,6.9314575,83.83948,1.9632436,7.340371,245.4355,16.546835,274.38324,20.492125,13.348969
-4.542536,-11.82517,17.699291,-0.10901257,0.4457765,5.9917126,86.40872,1.7295245,3.0204055,242.48917,16.666592,441.1648,19.809164,16.258715
-5.4997377,26.048386,17.601358,0.3117673,0.45565507,6.0076885,77.137405,3.5239124,12.435457,366.70386,16.53582,440.29816,19.086916,16.288422
-3.231167,-11.587729,16.90848,0.33072442,0.44476745,5.5672355,96.50412,1.669937,1.0490539,534.73553,20.73347,449.04453,8.622714,31.074675
-5.257208,27.903614,16.670704,0.12660985,0.50069344,6.864463,93.42682,4.4880576,8.762992,552.77686,16.872622,265.33118,17.752434,13.078305
-5.3180294,33.546783,12.37589,-0.13325205,0.5624739,6.9706845,92.444244,2.5485952,18.370962,351.867,16.455917,262.84198,20.35372,12.95514
-5.686775,29.345348,11.099125,-0.13014546,0.60946625,6.7712297,96.48794,1.8319275,1.1518095,581.8581,19.103962,272.3189,17.62733,13.974276
1.6946317,29.635801,17.828024,0.22075257,0.4447497,6.968319,92.495895,3.2682643,10.011487,267.89484,16.492662,280.61053,20.300524,13.011161
-5.136364,25.776094,11.856002,-0.17772007,0.5561817,6.93852,95.91636,2.1852298,1.4226863,533.3935,16.978954,263.15942,20.173134,12.9691515
-2.3984754,33.711433,14.391513,0.3317112,0.49076447,6.7510943,90.75455,5.7930923,18.262327,581.385,16.456062,336.8889,19.848772,13.637248
-5.116888,1.232145,16.94739,-0.16667709,0.5197978,5.7348213,97.569725,1.6699895,1.0824821,347.1809,20.729761,379.95438,19.222162,30.860147
-5.2118692,7.316506,9.222693,0.32426533,0.45654607,5.568847,97.08489,1.7537234,2.4717314,356.1916,17.96965,445.48685,13.36859,30.482801
-4.372305,-11.350539,14.188631,0.050053984,0.4575421,5.5714374,96.99126,1.6730582,1.0749481,360.80783,20.665298,447.91455,10.481741,30.999306
-5.2789364,5.899273,12.117535,-0.08403628,0.46552965,6.1277013,96.19194,1.6829447,1.0522764,534.79,19.88342,310.86755,19.197762,24.55373
-5.6368,32.690784,14.111447,-0.0891233,0.4677632,6.9485846,96.16201,4.995365,4.1060185,263.72424,16.512455,268.84976,20.488178,12.963938
-5.563181,33.61781,16.88062,0.05647574,0.46828884,6.5840664,96.62043,5.6604605,18.147999,425.35016,16.499287,268.9292,19.462784,13.137955
-5.4896936,31.8514,7.1664257,-0.13137278,0.6282124,6.9646215,83.07835,1.844403,1.574661,581.6502,17.230833,264.94232,12.924225,14.216785
-4.27565,25.046743,15.134817,-0.11109891,0.47962928,5.74132,94.60952,2.528381,1.3455112,583.0634,20.60199,287.64902,18.604393,28.873598
-3.7786705,27.773928,17.364553,-0.15872653,0.62930757,6.9687986,84.99906,1.7262598,1.0554855,581.53723,20.711782,262.5354,20.230955,13.609793
-5.38494,-10.453393,17.673449,0.19341859,0.49611902,5.577228,91.744194,1.6702121,1.0491712,565.2322,20.688656,447.15143,10.274245,31.064264
-5.4962587,29.497896,10.475235,0.08758999,0.5004916,6.614829,89.86746,3.4144793,11.832598,517.2852,16.889814,272.85706,19.668282,13.14667
-5.168419,-5.597772,17.953934,-0.18560374,0.470345,6.858154,96.57548,1.677121,1.0825689,492.2861,19.679007,265.37888,15.563087,21.160223
-3.9144194,12.704627,17.788641,0.20418891,0.48610497,6.2819815,94.26383,5.2887845,15.312757,325.7754,16.502117,345.61548,19.20784,14.991954
-5.4113064,33.54687,14.360831,-0.09760653,0.6190778,6.9719934,97.68642,5.8038645,18.59034,323.34653,16.4469,262.64594,20.59569,12.912032
4.333562,0.8436286,18.148619,-0.027263734,0.45075557,6.3825755,85.90286,3.475322,18.205782,240.31682,17.187689,358.0079,20.556406,13.669512
-5.5655327,30.79425,6.0926695,0.3213852,0.4710055,5.6149316,92.343735,2.5725942,3.5516784,585.12805,17.388924,360.67963,17.280998,30.37015
-4.5004644,33.225014,6.0832734,0.18299662,0.57787746,6.965885,97.14832,2.3157535,12.588946,475.08685,16.652302,262.75314,19.81907,13.108499
-5.5982428,29.23616,7.1385207,0.13124794,0.4910674,6.6660204,97.42708,1.6899465,1.0797737,323.71854,16.78844,263.94864,18.333958,16.087543
-2.2184136,32.8206,7.162613,0.29193023,0.5405415,6.807839,94.21689,5.146745,1.0970819,584.6727,17.555063,286.61334,10.2132,15.490738
-2.448455,-4.2785172,17.392597,-0.18465805,0.4538245,6.9693756,95.98127,1.6813949,1.8081424,249.04472,16.992262,264.4046,19.684748,16.848347
-1.073877,-8.136092,13.345496,0.08016765,0.44480777,5.8639574,96.965965,1.7589233,2.815233,241.30873,18.245844,306.0575,19.753021,28.999365
-5.198303,12.780435,11.133126,0.28342754,0.45359564,5.618423,88.04596,1.8228868,1.7730548,547.60333,20.310484,293.61307,16.068773,30.793133
-3.5336053,-7.99703,18.14019,0.32304126,0.44303846,5.580172,96.124596,1.7369629,15.249062,239.79951,16.504684,449.00015,18.749424,28.12784
-5.501647,33.678864,6.889543,0.14530894,0.5824693,6.9556355,95.99869,5.656308,9.551133,584.0107,16.514212,263.4265,19.621056,13.218465
-4.9019117,31.05502,17.652237,-0.17504407,0.4777235,6.957278,97.0356,3.7338147,7.396061,264.97836,16.592474,266.75644,20.552267,12.927504
-5.3667803,26.178947,17.265532,0.2970077,0.4465346,5.5892863,97.6925,1.788217,1.345741,276.62347,17.675262,446.09293,19.647707,25.025879
-5.4305916,-9.214532,16.127623,-0.1836977,0.5903535,6.9590106,91.08843,1.6707412,1.0525014,519.31836,20.700214,262.54266,20.19511,18.581064
-3.9634144,21.580547,12.226611,0.3028667,0.45763615,6.228294,90.411514,1.8144507,3.4379504,265.4456,16.607502,417.76895,18.581133,23.951767
-4.786478,24.311802,17.43654,0.054315317,0.4579565,6.5367537,97.11872,3.0482109,6.3472157,286.86752,16.805702,300.04327,19.059456,19.774107
-5.238929,31.951155,16.316088,0.14166096,0.5323399,6.188286,88.61688,4.9782495,9.144637,578.11664,16.659346,267.62573,18.198519,14.026629
-3.6399052,6.059242,17.969006,0.3086519,0.4474598,5.588659,96.36523,5.5256543,18.49866,239.79279,16.490915,448.34464,20.18944,13.689524
1.983112,33.57048,9.130954,0.33110422,0.45557484,5.861855,94.61515,5.7837496,16.913202,577.528,16.559412,398.93512,15.785741,19.281887
-5.055608,33.6435,12.648889,0.030345824,0.59129983,6.9736176,94.28069,5.707595,7.5352607,575.4587,16.45483,262.84897,20.510008,12.927914
-1.8105189,33.594826,17.123108,0.32876906,0.5654559,6.6074395,96.586716,5.694045,18.5693,267.3184,16.451086,385.2832,20.146221,13.421135
-5.4043827,33.431786,14.476101,-0.16988896,0.5966165,6.574895,92.10941,2.0386758,2.1313765,524.6673,16.84685,275.83786,20.406843,15.01853
-3.9666474,33.559887,15.384677,-0.14162718,0.54846036,6.9716578,78.58784,5.7140646,18.02442,583.6808,16.956453,263.0392,20.485935,13.123211
0.08458648,6.398528,17.907469,-0.113665126,0.5233913,5.668907,95.8939,1.910016,1.9888756,248.99245,17.873035,430.92798,16.306612,24.437265
-5.307495,30.269325,8.553633,0.33154306,0.44969037,5.576589,92.4165,3.9422877,2.0165904,551.8788,17.135502,447.19183,9.929023,31.030672
-5.2687206,33.7187,10.278751,0.28041533,0.49887142,6.970868,95.29201,5.8049626,18.6126,511.2107,16.47043,263.48694,20.57228,12.915414
-3.8529112,8.936565,18.057835,-0.17007299,0.45540333,6.508441,95.61495,1.7715201,8.462222,241.0858,16.526093,313.36044,20.555494,13.005431
-1.7083417,-9.461167,17.830359,0.32303745,0.44525427,5.5698957,96.34469,1.6709834,1.070257,279.96735,17.145575,448.73157,9.104327,30.8627
-5.3410473,-10.393041,17.356699,-0.11110083,0.46013835,6.5424647,92.45582,1.8078276,1.1552427,270.03717,18.772552,355.13953,19.411943,16.818932
-5.5057793,25.636843,7.0698347,0.31783518,0.5169732,5.656223,82.90381,2.9458716,9.363072,559.30585,16.557383,430.73703,14.476478,29.318909
-5.116701,-11.525519,15.636503,0.29309872,0.45288593,5.5673265,97.466835,1.6703352,1.0513599,498.9016,20.72321,448.64285,15.180625,31.074253
-4.8799725,33.260216,13.938077,-0.13862419,0.5333985,6.9727054,97.35027,4.1093683,11.3380165,572.23175,16.461185,262.88467,20.40299,12.9164715
-0.4275333,13.226787,10.483453,-0.18687376,0.64354813,6.9747252,96.9064,4.2720456,5.6712527,289.3444,16.93055,262.52457,20.5381,12.91213
-0.3083922,-11.990642,18.050652,-0.18112433,0.45071107,6.154164,92.873825,1.6703573,1.1658409,257.02002,20.655462,417.32288,18.63707,29.164394
-5.258506,16.73492,6.4319086,-0.14396891,0.49231523,6.962846,96.93825,2.4761934,1.2419832,514.18176,17.750793,262.7763,13.7226925,18.115046
-5.2680626,32.361584,13.441734,-0.18226388,0.55902284,6.9472866,87.60483,4.1835227,12.074959,579.8885,17.76327,262.81055,19.165522,13.090507
-5.603508,20.126348,6.8084087,0.29045457,0.5153232,5.5746493,79.243195,1.6723696,1.0509574,584.62506,20.652628,442.20703,8.542113,31.063797
-4.2834797,-10.397862,17.536983,0.32037076,0.4490008,5.568675,97.76007,1.677338,2.0664856,422.41815,20.698334,436.7336,16.362411,30.91523
-4.7098856,-8.289233,18.121489,0.29083538,0.4502412,5.633659,86.30922,1.6741053,1.0549219,499.67703,19.123363,442.6744,14.086244,30.979177
-5.4478426,-0.18878396,7.3069296,0.05153019,0.5278855,5.588951,96.773865,3.0933533,1.0614517,575.64624,20.715204,300.6126,17.277567,28.082762
-5.103112,26.20968,16.088034,0.15857424,0.48608,6.2506175,80.28708,5.6309385,16.477987,497.15482,16.618006,363.7263,19.946362,16.876932
-5.316617,33.69928,6.103951,0.28778556,0.5694388,6.7314954,91.599304,5.7679186,13.266382,585.4711,16.522682,268.719,18.086218,13.095233
-4.350046,28.075945,18.098177,-0.11910998,0.45152372,6.7723107,93.167915,1.7890995,6.563969,262.20538,16.816046,298.3531,20.17016,20.1206
-5.1139374,10.84146,17.998894,-0.12789458,0.44733506,6.9237123,96.08648,2.876364,15.4811325,285.13495,17.617338,285.98444,20.218111,13.052549
-5.3979883,5.9917254,17.889355,-0.14351314,0.44731542,5.8505044,96.31398,1.7216474,1.0611217,261.74533,17.88441,398.0578,17.666397,30.757872
-3.0416853,32.86068,4.888086,-0.180536,0.66535896,6.9746213,78.94336,5.0607805,1.6645105,558.3102,18.41655,262.52283,16.061563,12.999081
-5.1430035,24.277147,14.647532,-0.078933485,0.6080512,6.898735,80.03048,2.2605882,1.4867084,550.70825,17.17497,266.00043,19.841713,13.4260235
-4.2413025,30.666552,17.593437,-0.15948124,0.52830815,6.9746222,77.37872,5.5661855,18.057266,283.85327,16.460878,262.56766,20.5539,12.944275
-4.505351,-4.6988063,14.751557,0.14053379,0.45765087,5.635481,93.52341,1.7087368,1.1706378,284.3142,19.606617,438.35004,12.923664,30.482422
-2.5939062,33.320873,16.797457,0.09399943,0.55794084,6.9616537,95.004654,5.762206,18.444033,486.52396,16.47052,263.00424,20.385689,12.974545
-4.8156576,32.386738,6.4376154,0.32796916,0.53450364,6.384222,75.31489,3.965638,9.877436,578.57855,16.46015,371.29648,13.9855385,22.22157
-4.8926296,22.477562,16.214088,-0.060643908,0.46669626,6.79798,90.85815,2.1866336,11.257075,275.0464,17.144808,278.1889,20.585052,13.516858
-5.5787506,28.286139,4.9894724,-0.18250066,0.5735381,6.956173,83.176,1.7031525,1.0500124,585.454,20.697947,262.52106,11.890333,14.473707
-5.0441093,31.937122,13.97475,0.04483786,0.5679317,6.8125606,96.87832,2.5137074,2.0169318,442.19293,17.009642,266.73123,19.834068,14.436111
-4.8118105,33.69915,5.680874,0.15946075,0.66993535,6.9744477,81.18729,5.7917175,16.195766,585.27423,16.449165,262.61798,19.42756,12.918219
-5.600486,32.828102,10.533739,-0.18527293,0.65961087,6.973252,89.72363,1.7419236,1.4772556,545.34454,17.000628,262.59863,20.143778,19.092493
-5.2254667,-9.942792,14.509,-0.12569736,0.4936939,5.659843,96.7541,1.6745328,1.070009,376.94595,20.64377,304.84415,18.664312,24.584639
-5.4755087,33.38534,15.305157,0.29268122,0.45786092,5.711388,88.27164,3.7962706,16.482569,537.88745,16.49231,380.46933,19.391558,21.472254
-5.2539234,11.182172,11.360193,-0.1862109,0.4794368,6.974597,89.7186,1.8419613,1.8062837,440.70724,16.609594,262.53244,20.504587,12.942354
-5.50745,30.265608,16.14594,0.05106689,0.47245175,6.7657905,63.20833,2.275765,9.770774,568.9004,16.68241,269.97025,20.33903,13.800029
-5.553035,33.100468,7.4106464,0.33154255,0.4445288,5.595285,95.374725,4.901046,15.152796,546.36707,17.365698,443.40216,18.73163,28.954363
-4.772814,29.001402,15.36892,0.32778195,0.4625733,5.5672617,96.78575,4.843605,13.088106,392.40814,19.818592,448.95935,9.963473,31.060394
-5.405407,5.1088514,12.786827,-0.014083187,0.48746523,5.7631807,59.07573,1.6773506,1.0798175,584.18335,20.716421,417.66983,18.649862,30.569613
-4.5099964,22.03322,18.084038,0.16219713,0.5020973,6.9651356,86.65293,5.270986,18.578815,246.19832,16.456026,270.87753,20.575443,12.936149
-4.7847834,33.596676,15.705093,-0.009348455,0.47900382,6.778617,64.98662,5.7990646,17.275906,554.0694,16.450785,321.4511,19.18061,12.98072
-0.6981226,-11.666764,17.997723,0.12313954,0.4493926,5.575752,90.82286,1.6705614,1.0688121,245.22902,19.379034,448.10602,9.375309,31.035498
-5.1567507,-9.692773,18.062021,0.29248923,0.45228204,5.568164,93.06097,1.9324707,2.6745908,445.18982,19.977324,448.75177,19.085989,31.06254
-5.084779,29.333439,16.18084,-0.14206561,0.530287,6.7930727,96.887856,2.4630117,4.5342073,268.63556,16.718313,267.94708,20.037554,13.3515835
-4.4511166,-10.414544,17.859472,-0.12884516,0.44860533,5.6531086,95.6527,1.6897897,1.1545208,244.29356,18.070646,439.29742,18.954256,22.946337
-5.2019663,23.980665,13.69651,-0.18628687,0.5265129,6.9741015,97.78253,3.9995747,1.6133306,249.05759,16.587757,262.5539,20.374542,12.921089
-0.16216531,4.5289016,15.186905,-0.18198457,0.4787284,6.9722066,60.98087,3.2664006,14.57202,286.38165,19.238733,263.09848,19.698183,13.026749
-5.504738,1.3534228,17.111235,0.08322282,0.4939276,5.6034603,95.22989,1.6736621,1.1033142,537.6598,20.684933,348.87344,19.889996,29.739508
-5.3954906,33.639256,6.7077274,0.23295707,0.530155,6.7856646,88.902756,5.794058,17.671616,566.08795,16.449802,271.49173,19.57863,13.005202
-5.618597,31.713442,15.97546,0.26013416,0.45536235,5.623448,92.65422,3.8072033,9.683328,560.38696,16.529436,374.78006,17.673822,17.716757
-3.0012496,32.739384,12.254866,0.19495596,0.5923752,6.877938,66.143326,3.2397594,6.367953,562.6931,17.856434,287.8735,8.686801,17.2629
-5.5603695,32.3963,15.354602,-0.16566265,0.5738615,6.5068445,71.704315,2.6057987,2.4637344,584.3879,17.835007,287.5164,19.088543,19.30414
-5.3758116,3.4222257,10.85897,-0.18668258,0.55955386,6.96571,93.19593,2.4410286,1.2425182,360.59464,16.652586,262.73416,20.561459,12.9456835
-5.2556973,31.331903,16.955551,0.2912088,0.4517333,5.568142,96.941795,4.916047,6.8134313,584.5864,20.49471,439.6169,18.825016,30.94241
-4.8165474,4.7802625,15.486404,-0.18231153,0.47154912,6.5377464,89.996445,1.6961514,2.1309507,263.516,17.45266,310.05194,18.959743,20.76359
-5.608671,-11.9208555,8.787397,-0.16982238,0.58711386,5.68322,97.27512,1.6711344,1.0494573,428.57742,20.712914,308.8314,16.823795,30.968765
-4.9911222,33.603687,4.818477,0.31798443,0.5565734,6.7968936,90.02584,5.01105,13.204039,563.1695,16.45026,294.4396,14.584581,13.529892
-5.3833485,29.051912,15.14141,0.17038502,0.4706634,6.97043,95.15713,4.7962956,14.421183,526.19165,16.600142,262.98163,20.190676,12.926388
-4.246043,1.9963471,12.091685,0.31734154,0.5665198,5.5672975,95.71245,1.6736807,1.0517347,580.64056,20.320606,449.02866,11.413199,31.06912
-4.548911,-11.720613,17.719898,-0.16749272,0.47329533,6.0669518,95.35962,1.6705657,1.0664985,257.1927,20.336317,289.21863,19.522667,29.910267
-5.375187,25.313871,9.804304,0.13620552,0.48663297,6.559009,78.27771,1.7524626,1.8279226,582.3989,16.974968,296.22357,18.516478,29.12701
-4.805894,8.078094,14.589893,0.19240043,0.49495503,5.568087,94.38393,1.673191,1.0564172,554.4696,20.182388,439.08972,14.998378,31.037148
-5.1174154,-10.421027,16.52047,-0.07522052,0.4498388,6.0511293,94.33013,1.67706,1.0807779,519.92065,20.250198,346.9071,16.300562,26.398533
-4.9212475,24.525845,14.234694,0.15794966,0.48898658,5.8294826,94.654655,2.108587,2.3035872,479.70297,17.029089,355.1496,17.55777,25.669441
-3.3982537,-6.7188754,18.164125,0.09306879,0.4497435,5.573104,93.37572,1.6722587,1.6551425,240.77171,18.547365,446.84006,18.938364,29.497562
-5.155262,21.381252,16.66108,-0.045499835,0.4771861,6.912949,94.43306,4.289594,12.535492,451.84924,16.843494,263.50162,20.16999,13.635698
-4.5921507,25.76407,16.773907,0.15226041,0.51102453,6.9602365,85.406425,3.205047,12.5668335,566.2618,16.501291,265.49997,20.243805,13.276959
-4.3673077,18.844526,16.299435,0.095829695,0.5261957,5.6260185,95.313446,1.6745628,1.1642349,508.4393,20.514704,380.46832,19.82069,30.780863
-5.1517563,22.501959,15.748639,-0.15869111,0.4821351,6.402396,94.9651,5.103402,12.452386,317.15125,16.865248,274.51495,20.13984,13.033866
-4.9678574,-11.517863,18.077032,-0.18106523,0.4947621,5.584895,95.68126,1.6700367,1.0561445,438.1322,20.72784,364.08194,10.624934,30.922651
-2.2393339,-4.8635526,17.73566,-0.103835054,0.44825643,6.846615,97.23436,1.7945628,3.7288902,241.71591,16.49012,328.40573,20.391033,14.184989
-5.5957355,33.60564,8.28574,0.13975398,0.6606551,6.965768,76.338844,5.741908,11.011235,579.1675,16.453178,264.69162,19.639868,13.149545
-5.540456,5.875921,4.8802266,0.27059653,0.48248488,5.574806,97.0475,1.7141975,1.0493877,585.4802,20.469982,427.32397,11.542351,30.853283
-0.23134914,30.11339,16.919996,0.32337174,0.4467205,5.64112,87.3621,5.6473947,13.052807,502.41492,17.08927,439.8553,17.363205,23.033285
-4.573333,32.01222,15.958082,-0.1255201,0.45565227,6.585976,97.6851,1.9414815,1.3122804,490.71973,16.53608,278.82993,19.352608,14.148605
-4.639477,25.143461,14.141147,0.17854114,0.4553581,6.9233665,84.41469,2.7157335,12.409739,283.31104,16.89447,280.1793,20.411701,15.185512
-5.146283,19.99506,17.04433,-0.13558519,0.4786327,6.831456,96.94926,3.74874,2.5742695,257.57678,17.221243,272.99652,20.337942,15.794621
-4.0766172,-12.107699,10.99773,0.053214755,0.4501956,5.57329,89.185776,1.6716076,1.1518962,300.27643,20.732483,429.6476,12.131239,31.032501
-4.43398,33.343,8.01044,-0.17880845,0.6018909,6.974611,88.86436,5.491328,13.23585,521.4615,16.459332,262.6414,20.254915,12.915514
-5.254424,18.858765,10.03514,0.31574687,0.4586561,5.6520576,93.70877,3.8237586,9.4928255,580.85583,19.923597,326.3167,15.1565075,25.206747
-5.041378,4.299456,17.849943,-0.16773595,0.54122126,6.5418725,87.81071,1.6728576,1.3079393,248.51555,17.87705,322.6692,17.985296,27.865562
-5.507434,27.469517,15.707027,0.32255644,0.44407517,5.575099,96.88884,2.2832937,4.4243565,330.54358,16.635654,446.59152,16.629654,29.39347
-3.931082,16.394138,17.654707,0.1849613,0.44407508,6.179403,80.312416,5.60766,18.32113,248.21555,16.96725,358.94974,19.411537,15.239843
-0.27313247,-11.78687,18.08284,0.24282043,0.44682896,5.580878,66.49906,1.671111,1.0891664,280.08466,18.951857,447.17136,14.913695,31.00991
-4.4113703,33.044353,11.887258,0.24464287,0.5444438,6.6716247,84.37708,5.7653627,13.197148,585.43085,16.729963,279.15945,20.082125,13.768138
-5.413293,30.008808,12.418688,0.28314748,0.4900068,5.779094,96.90243,4.8377037,6.9299097,579.24927,20.188297,310.17963,14.724711,24.094702
-3.607766,-12.117112,16.833014,0.053800907,0.6267128,5.613612,82.486305,1.6703693,1.07499,317.2031,20.721552,438.76614,15.009112,30.902086
-0.7614018,16.481348,13.42585,0.048801623,0.5210808,6.7955413,88.50183,2.5533187,16.165285,383.30115,16.501062,273.3814,20.112843,13.159951
-3.5252435,4.780817,18.121332,0.33278766,0.4485135,5.5676727,97.11799,1.67288,1.0695579,282.4978,20.680239,448.8426,7.3331337,31.072374
2.499982,-1.8124985,17.45513,-0.13566422,0.48797357,6.7348275,96.99243,2.1707315,11.078771,240.20325,16.515106,306.5039,19.952257,13.853739
-3.0228288,13.601743,12.032596,-0.039301787,0.5877701,5.891619,94.124275,1.7445062,1.1170204,575.4993,20.370483,294.34555,20.238033,30.542599
-5.239891,33.400417,8.729649,0.24171469,0.63670015,6.9740424,71.15486,3.7166512,5.447211,584.61816,16.84015,262.63956,19.892334,13.0934925
4.5231614,-7.804319,16.851263,0.29735604,0.47348267,5.5679874,95.431725,1.6824187,1.0835435,457.21362,20.728542,448.3587,12.09136,31.070791
-5.234421,33.511475,9.24939,0.332742,0.5069781,5.6477265,75.98718,5.590638,9.587453,584.5966,16.60625,442.6148,15.00942,27.988579
-5.5936356,32.72717,5.108235,0.20302142,0.6353781,6.9691253,91.86791,5.337453,6.3608704,579.37317,16.768726,262.78055,20.081818,12.979444
-3.800341,3.3713367,11.847329,0.14057723,0.44461936,5.6175222,96.03375,1.6792687,1.1382959,299.0153,18.461393,423.01065,12.913057,30.255928
-5.3754053,-11.635459,14.111812,-0.14511304,0.47162595,6.29395,96.40848,1.6762472,1.1467474,257.08966,19.24838,285.1369,16.771416,20.453936
-5.467041,32.16041,8.199868,0.06344942,0.5764491,6.662448,92.03445,1.9996226,1.6451118,585.2222,19.435196,263.66013,19.117214,19.70307
-4.8581867,26.908714,17.473135,0.057081576,0.535516,6.914576,86.5769,5.3207326,16.435596,317.63574,16.473852,272.21924,20.328945,12.943068
-5.3139563,28.947487,18.082884,0.3063252,0.45761877,5.7480865,87.94485,1.7104031,2.749304,500.1055,18.500353,369.2299,20.282003,30.534563
-4.492239,32.40878,10.458024,0.2364836,0.45447522,6.3721895,96.446655,4.2927403,16.340582,584.7011,17.035387,305.65552,19.91698,16.60731
-5.2497997,20.24914,16.974154,-0.038781915,0.5081167,6.9703503,95.46922,3.5702527,6.654478,286.0601,16.491985,263.73892,20.493727,13.014121
-5.41269,-5.231071,15.180657,0.32727492,0.44402343,5.56783,96.70309,1.6797112,1.0592763,567.956,18.871925,448.9633,6.883983,31.070295
-5.144562,-3.737429,18.164497,0.24477562,0.46814066,5.5880857,95.620445,2.247649,3.9702876,242.98317,17.266115,442.84714,16.136639,26.64671
-5.657099,32.68042,7.537128,0.2770073,0.45929116,5.590908,94.589355,1.8581635,1.2687042,584.4838,18.868046,443.68576,17.59668,29.80819
-5.1803236,32.881294,7.558912,0.2977903,0.45162806,6.329444,90.99683,2.6426666,1.7798898,579.47217,16.474894,353.43494,15.688121,24.835169
-4.9602737,10.949559,16.309141,-0.17128843,0.47329414,6.441838,96.96116,1.7765169,1.7901952,240.00378,17.06997,341.5583,18.20959,15.553112
-5.2057333,10.575909,18.181688,-0.15739949,0.47040978,6.8036027,93.80965,1.6715637,1.4985416,264.38806,16.953869,349.8951,19.716354,24.475094
-1.4962002,31.586002,15.456754,-0.013722251,0.48488405,6.939982,92.874275,3.511194,8.372727,271.4727,16.452229,293.61874,19.414259,12.990652
-5.1021633,20.595034,18.020388,-0.06559504,0.44928062,6.914678,93.19654,2.4269934,12.502644,243.7932,16.925394,270.7827,20.515057,12.996355
-5.5478354,32.617413,16.119736,0.3311581,0.44688585,5.587008,94.826096,4.2942734,16.66362,441.14963,16.453012,444.807,14.730894,25.78273
-5.5343313,-6.8932033,16.355864,-0.18220168,0.56773895,6.879931,77.08788,1.6725403,1.0519273,579.2574,20.727022,263.2886,18.49936,24.145699
-4.5156727,-11.727469,12.121185,-0.15042232,0.6065881,5.5734215,94.91208,1.6699783,1.049504,575.8007,20.73254,412.8137,17.990753,31.016077
-4.243267,10.6844,18.117445,0.322381,0.44762713,5.6789,93.76747,1.7546234,1.844445,250.78291,18.707354,444.29654,19.52047,30.737186
11.277035,-11.701421,18.191427,-0.17592095,0.44682077,6.8004045,66.296005,1.680178,1.082936,240.00108,18.637316,359.20688,20.566813,19.280119
-0.13808647,-11.217574,18.089529,-0.16866226,0.44791764,6.870783,95.90542,1.7131497,10.344663,240.64485,16.655516,264.58554,20.36737,14.329542
-5.2867203,9.265172,8.252392,0.28834173,0.49027118,5.6022882,82.92135,1.8472453,3.0736716,532.87524,17.952711,354.3588,16.9435,30.416424
-4.803687,1.2011296,15.288894,-0.08318796,0.46582764,6.01299,95.833855,1.7108885,1.1530111,406.99927,19.455473,343.1023,16.964216,29.650566
-5.232398,32.670578,12.978386,0.17541146,0.4614483,6.5781007,95.41356,5.725747,16.9367,576.8712,16.484274,286.82056,19.950058,13.210067
-4.5248833,24.74779,17.506748,0.24388182,0.46208242,5.713705,94.90391,5.170641,15.640247,241.88672,16.474182,431.9489,18.749743,14.345212
-2.9601758,-8.330876,17.837055,0.2951257,0.4535125,5.841354,87.90246,2.0811794,11.02642,326.8199,16.614548,439.51508,17.940582,29.424055
-4.0594654,31.748447,5.082903,-0.17696975,0.60784405,6.9733634,95.00008,5.018587,4.8260303,580.61237,16.523865,262.53265,19.18173,12.948319
-5.1086903,30.280159,15.356362,0.04553753,0.57651675,6.930668,85.084,3.7791798,15.860869,531.142,16.451681,264.76505,20.559643,13.103475
-4.3114357,30.32284,15.974318,-0.048208404,0.45920527,6.955737,94.05877,5.0477314,16.228857,512.8828,16.478876,263.4799,20.542519,13.009717
-2.18565,28.74468,18.088383,0.105928674,0.4467768,6.727421,96.1851,3.0299962,15.378961,241.11732,16.460712,385.4871,20.18928,12.924068
-5.42772,32.136986,11.564598,0.12085266,0.46675035,6.373033,96.09144,1.7776917,6.359542,270.6667,16.603401,269.4102,20.02699,18.748032
-4.414486,33.701202,5.972563,0.32651025,0.45073202,5.852221,97.47931,5.8015857,16.819632,583.1024,16.46393,308.54782,20.144001,13.457507
-4.899811,31.847635,14.892295,-0.13006555,0.5068243,6.88917,95.174545,3.7935686,7.9396687,254.2085,16.45451,263.81808,20.43256,13.241086
-5.2876453,23.986092,10.8838005,0.32778627,0.45379812,6.1604834,66.138145,1.7859768,2.2847102,547.28705,16.65442,407.6974,18.452723,29.368635
-3.1028726,29.68192,13.681234,-0.17713079,0.52676755,6.9714026,96.04913,3.4227715,10.1566,249.16519,16.48964,263.1994,20.556232,12.924772
-4.853574,29.73395,14.482382,0.1073751,0.5923819,6.942465,94.49729,5.049151,3.7694442,548.8794,16.962225,263.5585,20.3265,13.074188
-4.617318,32.771156,12.320138,0.31541196,0.5379724,6.4378405,55.938015,5.7424126,17.814348,520.7791,16.50441,442.26974,17.87371,17.401934
-5.103548,-8.426812,18.086176,-0.14193131,0.5744615,6.9017572,75.72477,1.6734735,1.5437171,442.18866,19.994919,264.31802,20.431267,15.816231
-5.5608053,32.929874,14.874412,0.33140668,0.4615288,5.6284075,81.23808,5.7940845,18.337452,503.65448,16.465324,448.2695,16.773544,23.079546
-5.2570887,23.327824,16.862503,0.3190166,0.4687938,5.615093,95.87208,2.0498114,2.243819,240.92537,16.465326,439.43823,19.02101,26.445679
-4.8487835,-5.43173,15.448714,-0.17912784,0.48782516,6.900375,97.11571,1.6716126,1.3353622,379.43976,20.501438,262.63916,20.463612,27.538246
-5.6455345,25.680157,5.041103,0.23848683,0.46180955,5.578854,97.630486,1.7782102,1.0499256,570.13574,20.041252,433.6638,18.801435,30.131954
-4.976656,-7.918916,17.635439,-0.14993657,0.45754257,6.303719,95.40467,1.7073113,2.5901186,256.61316,17.978815,342.52237,20.029165,14.503115
-4.824012,-7.515558,17.656303,0.039177697,0.44879156,5.5790243,96.75395,1.677508,1.2694604,249.67926,19.914022,436.44775,19.656029,30.553352
-4.2936363,27.257496,16.474194,0.2909842,0.44724134,5.5724363,96.264626,2.01631,1.3332193,432.60196,17.554705,448.52203,9.906873,30.525204
-4.6404266,31.381544,12.282892,-0.15288027,0.50336236,6.953882,89.6635,2.9492273,14.916965,275.66214,16.481022,263.89795,19.190676,13.675734
-4.952323,18.909456,12.630327,-0.13808969,0.45551842,6.7721796,75.967125,2.08684,1.3250444,584.91797,20.316172,263.10486,19.794605,19.806532
-5.3103647,33.48912,12.119091,0.32488993,0.53164655,6.9314885,69.88033,5.4461927,17.026558,584.43225,16.475428,278.56097,20.26401,16.228046
-4.997302,-11.802524,8.88988,-0.18468487,0.45666742,6.854998,94.55009,1.6773328,1.0534227,253.284,20.657806,276.2784,18.976934,22.970543
-2.345278,19.127995,16.871107,-0.16110638,0.46354195,6.951169,93.19273,2.3761103,10.20525,250.78539,16.555563,273.69907,20.272894,13.0975
-3.7005465,-12.176639,18.119518,-0.18171877,0.45088995,5.830312,94.97704,1.6699609,1.0748298,243.73079,20.604284,358.53802,17.353662,30.434158
-4.7483883,0.9418523,15.688934,-0.10051476,0.45038423,6.1405253,96.43061,1.7739286,3.3326218,249.74506,16.535198,386.63837,19.138227,16.516357
-4.9534206,-9.870925,18.070122,-0.053911578,0.4478658,6.334387,94.957924,3.210184,9.962834,240.13142,16.804958,315.05374,20.24064,18.673355
2.2896163,25.501207,17.988144,-0.16232437,0.4488614,6.972699,95.01063,4.438405,18.533789,241.5135,16.45158,264.80634,20.493729,12.918308
-5.5442085,23.996021,8.263718,0.23295246,0.46923572,5.7901263,97.26852,1.6911491,1.3920696,578.2759,18.169222,304.33084,18.795982,22.035717
-1.6033751,-11.987079,18.192375,0.22429173,0.44320065,5.617952,83.28577,1.6704849,4.631414,240.21596,20.637077,448.52588,16.006136,30.890678
-5.4428673,10.355236,13.690408,-0.1772345,0.49006987,5.989876,92.66021,1.6719002,1.0500991,549.35565,20.722883,267.7746,18.968843,30.626951
-5.468278,5.6837626,12.533119,-0.18592834,0.6299681,6.792319,94.04697,1.6717845,1.1326787,314.8939,20.632753,262.731,20.026686,26.518255
-5.278721,24.203281,5.4360204,0.32135236,0.4575724,6.1672673,77.03905,3.858825,8.171829,584.84143,16.971918,281.3528,17.425978,22.222626
1.9930803,-11.044148,18.062893,0.16438606,0.44893152,5.5672865,97.23958,1.6701189,1.0674617,441.78732,20.731672,448.85352,9.723859,31.074032
-4.8539104,-10.941409,9.085982,-0.036209527,0.45292196,5.5855255,94.75112,1.7108287,1.0749862,502.37155,20.726063,407.1519,15.778503,30.828224
-5.575739,33.36934,7.078236,0.29339632,0.52317154,5.708892,91.55808,5.3997784,5.729617,584.9639,16.986328,338.78705,17.78281,24.368961
-5.1910963,-10.7741,16.870771,0.010646679,0.44793996,5.6193423,95.07792,1.670663,1.0625818,530.11456,19.841393,422.58813,18.420086,31.04158
-5.292879,1.0646073,18.119444,-0.18227482,0.4515202,6.4122252,86.806435,1.890945,2.4592183,258.91208,19.6848,266.97415,20.10831,25.680372
0.7713069,32.13896,18.066778,0.2271356,0.45539618,5.839449,96.84806,5.7969165,18.590952,262.7008,16.459036,381.61377,20.480259,13.097706
-4.806672,11.35606,18.08044,0.16926402,0.46644422,6.251577,79.2541,1.835705,11.916615,242.63397,16.653782,402.34708,19.253283,21.601452
-5.494375,6.3972282,17.40229,-0.1405308,0.49390557,6.7270136,94.47795,2.4584832,4.1670957,258.91046,17.009562,274.30048,20.347084,13.725917
-0.9974271,2.9656374,11.436929,0.22073495,0.4642262,5.569689,96.51584,1.696081,1.060334,534.6194,20.628576,448.26773,7.317091,31.064552
-4.547621,30.243475,10.057891,-0.18276367,0.53616035,6.9728565,95.550514,4.889697,5.7898726,454.37265,16.46193,262.68466,19.795132,12.919834
-4.9179325,30.712027,10.579665,0.25422156,0.45500723,5.653053,97.02025,1.7240115,1.3899171,568.0529,16.725216,376.67987,11.8412075,28.559763
-5.610482,17.313578,16.046877,0.32329148,0.44679856,5.5678434,90.80912,2.0530887,1.6228931,520.9908,17.945337,448.94748,7.330432,31.060867
-2.6697543,28.24718,14.759894,-0.13250273,0.61801666,6.784118,96.73096,1.7052377,1.0819061,487.623,20.367254,262.82318,18.911583,14.033528
-5.365304,18.331415,17.382063,-0.1472855,0.51134694,5.652269,77.59124,2.591038,2.6517346,266.33276,16.878311,340.9156,20.160494,13.885659
-4.702924,16.621918,12.841882,0.23189712,0.51157606,6.109168,89.60699,1.8760223,1.3569314,530.91516,16.705486,336.03903,16.962315,26.531223
-5.367689,30.228125,9.3016815,-0.09034561,0.48306683,6.769786,96.00311,5.1542745,2.210482,576.59735,16.6448,266.24286,20.249975,12.982298
-0.9574748,29.301422,14.610192,0.022461876,0.46465695,6.168206,88.91328,3.7811594,11.315737,291.88074,16.83813,269.95947,19.650688,15.573284
-3.0209944,33.641407,12.875937,0.29779828,0.58534855,6.9695444,85.56606,5.801138,18.584454,581.2768,16.449917,263.26135,19.720613,12.939975
-4.414893,-11.315753,17.584179,-0.08672608,0.46721634,6.440091,74.15108,1.6700574,1.056154,399.41617,20.546658,350.78342,15.500771,30.77954
-2.5849802,-9.805327,13.247447,-0.18294707,0.4571799,6.929423,96.06426,2.084636,2.4515965,250.63097,17.316322,268.04102,20.194555,13.47879
-4.9071245,-12.147449,18.127512,0.17682394,0.44387707,5.567475,94.2946,1.6730119,1.0687301,242.82684,20.704092,448.99594,15.732425,31.07237
-4.604537,13.502836,16.140314,0.27303517,0.45039004,5.7931156,90.21366,1.7201334,7.9151773,433.5773,16.874956,394.75348,15.673246,30.301243
-4.081828,-9.769696,17.628115,-0.17428781,0.47865266,6.1105843,97.02665,1.6715997,1.1224277,241.26837,19.26991,278.78293,19.9773,28.50946
-3.9591863,15.121525,17.142984,0.20073995,0.45268106,6.2858214,84.04873,1.822842,11.496984,262.60815,16.543722,331.67273,19.489319,13.760887
-4.253462,14.811589,7.0897408,0.32947966,0.45048013,5.5686154,90.6394,3.2419834,2.4294474,394.46603,20.206017,448.82373,11.83156,31.045856
-4.813735,9.531704,13.808831,-0.18083513,0.45203942,6.9313164,95.68932,2.3221982,2.1227043,263.90515,17.299732,264.145,20.124918,14.330705
-4.98009,28.412926,8.505283,-0.062841274,0.53237087,6.7999463,94.52507,4.19398,1.8151596,386.5558,17.821424,271.97656,19.858185,13.313895
-3.9862034,14.267286,11.104489,0.22094159,0.48129785,6.7371,81.86861,1.8024132,1.3440301,518.48376,17.865448,302.44327,17.424747,27.137503
-4.794159,14.126792,17.29456,-0.15763089,0.4840489,6.6545143,90.85612,1.6767846,3.3446877,243.51848,18.897377,271.52213,19.8071,25.56603
-2.6880715,33.25107,17.73721,0.27474645,0.4946088,6.9615088,81.18108,5.8037744,18.617594,247.59746,16.448587,284.8271,20.428495,12.928939
-5.0136356,-11.519378,12.841761,0.3320194,0.44653147,5.567295,88.44289,1.6701597,1.0498102,517.5812,20.732693,449.02942,6.2202425,31.074644
-5.1627607,-8.395066,16.91611,0.08974133,0.4998959,5.5987864,82.29639,1.6712247,1.0896757,480.61877,18.587162,401.95792,19.553589,29.363264
-3.585088,22.122288,13.077502,-0.18047506,0.50360835,6.974582,70.83172,1.8673383,8.660086,365.94022,16.580622,262.59534,20.544641,13.008722
-5.4557743,8.822987,12.96201,0.30211014,0.44799277,5.5730658,97.85109,2.5574005,1.7064178,397.4818,19.062311,442.14587,19.607199,29.451288
-2.3940713,33.71111,6.8268833,0.25506762,0.4919732,6.9736843,97.71104,5.79602,18.230593,584.86725,16.458193,263.9637,20.469961,12.912697
-0.98553383,21.575964,17.166264,-0.18660116,0.53228605,6.974695,94.248375,4.6224675,18.079962,240.45103,16.501701,262.56943,20.564768,12.913093
-5.6293173,33.679474,17.59676,0.17947118,0.47116902,6.6218953,97.52157,3.0865455,5.836031,553.49384,16.468807,269.96503,19.486496,14.354327
-5.4237833,33.692352,6.299306,0.10543961,0.64369076,6.972867,93.82389,5.683017,2.2896073,585.14264,16.48587,262.55392,20.36399,12.922054
-1.1254784,-9.196311,16.512861,-0.07783841,0.5686662,6.917181,75.67359,1.682649,1.3214424,290.44473,18.671192,262.83945,19.85879,15.10132
-5.6392536,33.70107,14.010599,-0.07840773,0.6283732,6.9122853,93.86685,5.771816,10.751369,584.624,16.514883,262.96152,20.060297,12.936943
-5.2122507,32.229362,16.063,-0.08685852,0.640582,6.9675426,92.34964,5.322863,15.541567,343.41028,16.53274,262.79712,20.552435,13.081033
-4.4331503,24.303541,12.977799,-0.18654206,0.48827377,6.9728746,92.64564,2.2555623,2.8073552,400.23648,19.631159,262.60083,19.298536,13.799925
-3.3734243,31.755249,13.830789,0.25058246,0.49633354,6.727754,94.25131,5.5576024,14.304696,490.16006,16.465876,299.42194,20.48416,13.659139
-5.349777,29.366936,16.00514,0.046590656,0.5038427,6.2299204,81.2281,4.8055363,16.780516,567.9655,16.569836,310.57388,19.314123,14.234955
-3.9618137,33.381477,10.458393,-0.045334857,0.65449804,6.9655676,75.526115,4.0072174,4.33695,387.60428,16.948826,262.91254,20.01788,12.972046
-5.3417473,2.5953786,16.724684,-0.16877595,0.46616402,6.7501006,86.63916,1.7560453,1.1315696,457.44305,19.841173,267.32095,19.673836,16.946157
-4.0960493,30.34627,16.531265,-0.17003877,0.4622606,6.959428,87.53592,2.503011,7.5789948,465.129,16.713833,264.54935,20.514727,13.194353
-5.417551,31.469193,5.0135508,0.3223321,0.44949037,5.570107,97.55409,2.7607808,1.1121995,585.49713,20.11028,447.40088,6.0101395,30.099463
-3.7434218,26.706093,10.748575,-0.044189777,0.60875624,6.968741,64.50544,2.339389,5.032347,544.0103,17.144024,262.83862,19.653437,13.543989
-3.428075,33.704845,10.714966,0.32832038,0.5290364,6.9644203,70.58755,5.8000436,18.571316,583.4584,16.447721,266.82224,20.179394,13.01469
-4.829921,22.613827,13.987094,-0.121869884,0.49458164,6.936912,96.91512,5.204659,13.804168,383.5799,18.574554,265.7726,18.343342,13.052502
-5.3219833,33.47503,4.8597884,-0.0780895,0.65006256,6.9710565,94.99251,2.4068093,1.6519659,584.308,19.873007,262.54852,17.881678,14.121097
-1.1649972,31.278355,8.076637,0.14156824,0.53970957,6.9132333,80.58237,5.5325227,18.091568,558.3018,16.465418,263.16043,19.322655,13.094168
5.4783874,-12.132079,18.156786,-0.18186787,0.44980294,5.6043015,97.49305,1.675208,1.2157304,239.86612,19.679464,432.28012,19.334288,20.05592
-4.977334,19.931776,15.527729,-0.15080269,0.51839525,6.8825626,90.48567,5.3037095,11.72997,361.1144,16.727522,268.9617,20.38719,13.080782
-5.109989,-8.965861,18.055634,-0.18679976,0.52636427,6.9743037,95.99888,1.6869665,2.6075695,242.07207,17.948038,262.58395,20.240608,12.993343
-5.037937,33.723778,5.6909747,0.332121,0.452636,5.590949,97.7527,5.8027325,18.525381,585.4026,16.620438,440.18863,9.821168,23.355145
1.5094937,-11.78893,18.102581,0.25492615,0.44393438,5.5932145,90.36539,1.6711634,8.283733,240.11032,20.60385,448.34116,12.514843,29.43767
-5.6649847,33.69269,4.6512485,-0.16050218,0.5860922,6.9729958,90.15541,5.8035474,12.916039,583.5892,16.45182,262.56213,20.298788,12.921936
-3.872872,12.32647,15.33505,-0.14528728,0.5900818,6.9577847,86.74385,1.6893631,1.3588102,430.29572,18.040956,264.93893,19.341036,16.19117
-2.5427916,29.221247,13.747031,-0.1498453,0.5281002,6.974543,79.563774,5.2675276,17.897812,365.02603,16.49276,262.57925,20.533072,12.916078
-5.095661,10.34105,16.885115,0.106834255,0.4494761,5.8890033,97.22476,1.8457446,1.5728519,257.91144,16.698246,433.94388,19.560581,23.349483
-5.5522995,22.475237,17.282782,0.00055347075,0.4689984,5.5897617,90.65001,2.9059243,2.3613818,523.7941,17.641954,433.68088,17.512177,23.605753
-4.490609,-10.410125,17.69352,-0.08254924,0.49460822,5.589552,91.874916,1.6711086,1.1016796,246.13123,16.553276,443.20084,17.17472,30.672523
-0.31893173,32.66448,17.665478,0.25867608,0.4772158,6.3801117,90.74788,5.747069,18.558203,321.55844,16.462734,342.0837,20.000486,13.157211
-5.3908634,14.478692,16.495153,-0.046630483,0.48560247,6.105873,92.44303,1.7828712,1.1045635,577.0213,20.159555,269.7734,19.58387,29.171892
-2.8374307,14.210075,17.845655,0.32146883,0.44423088,5.6389904,90.371605,2.0375526,3.635092,408.268,20.624178,435.25635,10.297726,30.720896
0.8130909,-1.9320263,18.12408,0.23271315,0.4447857,5.5711713,95.75878,2.7060363,8.957542,243.38728,17.314323,448.92502,17.931482,29.76761
-3.7664607,30.440245,7.2743697,0.039866988,0.5989747,5.6049166,96.95034,2.2863314,1.0559833,581.879,20.604227,284.22644,17.992258,30.633364
-4.853919,-10.540687,17.868214,0.2859745,0.44350424,5.567484,96.84844,1.681697,1.6680982,249.3061,20.624321,449.0077,18.99445,31.058119
-4.8013086,29.745071,11.873867,0.048406392,0.47229573,6.717827,95.32063,5.6504183,18.29321,440.06265,16.555313,268.36697,20.305258,13.989059
-5.1007147,33.649097,8.325701,-0.16555555,0.64973676,6.9737597,96.46945,5.3705325,12.021878,578.156,16.448032,262.5438,20.56871,12.921456
-5.391781,-7.826219,17.465971,0.21374123,0.453528,5.6449203,96.26862,1.6745678,1.1745842,324.5023,18.757252,441.07086,17.503225,30.06297
0.632413,-9.0910845,17.664349,0.31236556,0.4456324,5.583703,96.8891,1.9932647,1.7385433,240.44066,17.228254,448.95084,10.500024,18.582352
-5.3124313,33.55279,5.087216,-0.17868012,0.63666636,6.9746485,92.883194,5.7204924,16.326588,512.60034,16.457874,262.5409,20.498747,12.913001
-4.813095,26.419546,10.646543,0.008330581,0.46676087,6.7174916,83.888695,5.5169153,17.093966,391.44547,16.57242,280.62796,20.000906,13.258568
-5.5059223,-4.0628524,17.736029,-0.09632612,0.44961557,6.847466,94.45522,1.6819927,3.157264,254.98502,20.02478,291.2994,19.77525,23.373533
-5.415266,33.28447,5.6093493,0.13967626,0.54296863,6.552849,95.21086,4.9140873,2.708505,584.6005,16.924116,267.34354,12.325309,15.104111
-5.0667105,33.47174,12.666568,-0.1473037,0.6479499,6.9746127,92.76973,4.6491003,10.872022,585.1491,18.286217,262.73642,20.488379,12.9249935
-4.818619,27.89327,10.863782,-0.11159343,0.47389084,6.950438,96.943695,3.8049698,11.929324,289.7146,16.879467,266.73923,20.446636,12.960521
-1.8744789,-10.725471,17.279186,0.2875524,0.45246106,5.568163,97.049446,1.6716644,1.0588291,242.7441,20.498398,448.97226,16.776691,31.06901
-5.377445,2.7375944,14.098233,0.28674874,0.4556737,5.664328,91.84041,2.0664246,2.9921515,359.85635,17.111986,384.63562,19.505672,29.17804
-5.117916,24.552223,17.8643,-0.02326249,0.44682577,6.014492,96.36741,2.1296053,7.2492523,244.90709,17.161036,293.7453,19.998684,26.178736
-5.609749,31.06671,6.0209417,-0.17738155,0.55741745,6.972634,85.60187,1.7824221,1.5006063,585.4234,19.21666,262.96585,20.11305,13.563048
-1.9712363,33.66795,17.152147,0.3295636,0.44879362,6.753948,91.0918,5.805035,18.620096,244.81139,16.44729,364.03683,20.565264,12.938128
-4.9922304,16.037632,18.079939,0.3252148,0.46607476,6.173073,69.91535,3.3667693,17.943117,295.85388,16.464758,391.7249,20.396616,17.616817
-4.009364,33.69718,5.509549,0.0053336066,0.48221552,6.967968,87.88733,5.62174,18.021564,585.54504,16.49509,263.4566,20.406406,12.940494
0.6850325,-6.1103873,18.01524,-0.18566,0.4571437,6.9680996,91.01018,1.6947721,8.992157,240.41103,16.495182,263.72614,20.37122,13.225909
-5.6472483,30.439402,15.322535,-0.12374463,0.5187663,5.9660587,93.061935,1.7043692,1.4214332,551.5191,16.796316,269.04813,17.09373,16.131939
-4.4557123,29.055147,12.632412,0.1201885,0.48712546,5.655426,72.18484,3.6909544,3.4207194,499.0736,16.783718,440.33978,9.128038,28.499777
-5.3133545,29.815722,10.7216,0.32874417,0.48344815,5.70238,86.63652,3.1424403,12.127035,500.88098,16.514212,430.96378,15.89799,27.77336
-4.0759363,-11.841527,17.903313,-0.118357636,0.48127624,5.5701466,94.8329,1.6715361,1.3241003,250.11563,20.20728,447.40625,9.543793,30.93083
-4.7869463,20.521046,8.671764,0.015126006,0.56175756,6.9553676,90.36735,1.7006022,1.4265993,550.9784,18.2226,262.75745,18.14785,17.852238
-5.575984,13.498259,15.717737,0.2714693,0.5259002,5.5675445,97.729965,1.6773778,1.0631635,415.88943,20.655756,447.34033,18.151508,31.060303
3.0175364,-12.188106,18.198927,0.26906097,0.4454584,5.5672355,97.59944,1.6699027,1.0493124,240.86047,20.732256,449.04443,6.115743,31.074656
-5.1735506,-5.014586,18.071716,-0.12742718,0.45755655,5.7904496,94.14565,3.5876656,12.198571,250.63,17.794277,422.48022,17.645432,26.019094
-5.5120306,22.869282,12.338392,0.17681868,0.6320262,6.371336,91.30046,1.7996029,1.5923498,565.0229,16.605988,269.68115,19.706287,23.61691
-5.4627466,12.834301,15.210445,-0.17252432,0.4945539,5.97586,94.69597,1.6763076,1.0895526,320.47653,18.359049,278.47232,17.901728,21.972116
-4.4407167,32.157196,16.978973,0.040195297,0.4682405,5.6861267,94.27169,3.6192336,14.885105,461.86478,16.787622,389.51053,16.684595,22.493536
-4.7441387,31.51859,14.895582,0.3303787,0.4458214,5.6140127,80.08796,5.7906027,13.20291,567.8105,16.461826,444.55978,13.554485,27.940395
4.312275,-7.8392177,18.166311,-0.0004595549,0.45669025,5.568169,90.21838,1.6703078,1.0496805,240.6291,20.732271,444.99536,12.759626,31.072868
-0.20074049,-10.166045,18.065895,-0.05594152,0.44793636,6.059454,84.05528,1.7248722,2.8290536,240.63235,17.5234,442.9737,19.137772,19.749744
-4.312498,33.716995,10.240017,0.228756,0.53438157,6.9594393,97.75079,5.6177945,17.52398,582.22955,16.451323,263.17834,20.466877,12.924985
-4.8374586,32.811005,14.447028,-0.1822696,0.61147887,6.974262,87.339935,5.7010202,17.736189,252.39589,16.522263,262.56573,20.372194,12.916386
-4.9939213,-10.981845,16.456944,0.064070806,0.45287466,5.567249,97.40312,1.6699032,1.0490377,583.7768,20.733515,445.43826,16.040192,31.074644
-5.5842505,33.489758,4.650382,-0.043596942,0.5893673,6.9084225,96.56418,5.7373304,1.5481098,585.4275,16.69191,262.94342,18.390942,12.965427
2.0490637,32.647182,17.13853,0.19141929,0.4699452,6.9584293,96.04197,5.647957,18.554552,250.25655,16.449543,272.9774,20.576464,12.915622
0.022046901,33.27348,5.675946,-0.13789417,0.6257929,6.9747376,91.47414,5.5819516,15.157908,583.97864,16.46493,262.52103,20.489735,12.913681
-5.154851,27.771044,12.078042,0.18437873,0.45093957,6.2451587,95.28134,2.5462997,4.1412854,311.5655,16.678204,370.90143,18.504227,24.09336
-4.9487925,20.941555,17.167086,0.07531732,0.45208672,6.586456,89.89092,1.6802639,1.5699613,250.04105,18.798899,340.1726,16.366774,29.525925
-4.6324606,-11.775893,17.807281,0.1165253,0.44800675,5.5789456,85.15678,1.7884986,3.7822058,250.08997,18.548813,447.524,10.600183,30.509525
-4.711664,-12.002227,17.840475,-0.14137973,0.4505232,5.5694885,96.74585,1.6710817,1.0767877,240.51761,20.614937,447.9379,9.226688,30.97865
-1.3494941,-12.023665,17.036575,-0.122842304,0.47497818,5.666859,93.68527,1.6708342,1.0892313,291.33246,20.474392,407.62756,13.89127,31.056269
-5.463641,-1.1542982,16.367273,0.09900573,0.45260903,5.637964,97.13587,1.8661768,2.4412858,295.04367,17.276764,388.7296,20.078787,28.437912
-5.4708233,32.3049,14.998342,0.258128,0.47631538,6.3316283,67.14419,5.152841,10.353296,432.49106,16.504425,323.28998,19.54334,17.666676
-5.168581,3.3083208,6.719911,0.21902654,0.45817947,6.192591,88.88154,1.7328378,1.548846,521.9033,19.12926,317.92154,13.849095,21.177752
6.490278,22.079832,18.100916,0.3118224,0.4448485,5.658374,91.03613,2.6179802,16.212301,508.6136,16.652784,417.83844,19.819462,19.728985
-5.126379,13.621257,11.865452,-0.18291795,0.47290617,6.972071,97.78498,2.5992,2.2415702,430.68137,17.954815,262.54324,20.36799,12.936346
-4.906706,30.42034,16.883972,0.014350452,0.4726166,6.2857666,93.605835,2.297081,4.424185,249.08344,17.050255,272.10724,20.299797,15.846862
-5.2455626,-5.698341,16.738552,-0.18012184,0.48145694,6.792247,67.87238,1.725983,1.1715486,564.29443,20.43761,263.0959,20.164068,16.478666
-0.19946638,11.494465,18.063538,0.25648093,0.4469321,5.583775,94.83998,4.4618635,10.70364,250.17357,17.0392,443.59412,20.039045,15.23754
-5.259754,33.66125,5.160214,-0.15371126,0.6105062,6.9726496,95.63232,5.1854663,3.964926,584.6696,16.644014,262.554,20.175117,12.924025
-4.0923223,3.7528307,17.429216,-0.18451187,0.5213842,6.973956,88.725746,1.8164451,4.949751,284.94556,18.268517,262.56238,20.571888,13.021213
-1.8417002,31.702517,17.390089,0.12429875,0.46938366,6.896417,96.82081,5.705261,16.821413,241.18646,16.455072,285.9033,20.36402,12.926967
-5.632757,10.75299,12.05551,-0.15131518,0.4811995,6.0307064,94.40547,1.7172085,1.075588,541.1168,18.349083,275.72546,19.858088,28.89338
-5.1101103,-6.993757,17.319195,-0.1817514,0.4834365,5.829931,96.15865,1.6836394,1.0987041,257.2974,20.382168,277.78726,19.620825,19.174807
-0.14154354,33.5009,12.093128,0.2733196,0.48510084,6.376283,96.64494,5.802296,18.327177,574.51276,16.470396,270.59097,20.56212,13.037353
-2.7806022,-11.029838,16.423552,0.23830312,0.47378677,5.571764,94.90692,1.7698623,1.0767934,476.6731,20.30996,439.67328,13.332415,30.86373
-5.0524426,33.710377,12.953229,0.332502,0.5001303,6.8319883,74.47198,5.8048625,18.431791,573.90564,16.450283,390.40457,20.109465,13.049571
-4.6673307,18.834219,16.064398,-0.107473485,0.4752839,5.6028748,97.31384,1.6880594,1.9768136,348.3084,19.936003,408.1305,17.448902,30.106262
-5.4025116,33.52115,7.7461395,0.26470718,0.4931545,6.701751,92.25007,5.483022,12.551927,585.5994,18.030231,276.3657,19.94046,14.159611
-5.299136,33.646606,12.304767,0.2768441,0.46571276,6.318868,92.88037,5.691651,17.583822,585.0936,16.515385,344.09723,19.33022,13.652998
-4.334015,3.0166862,17.079914,0.20972082,0.44649413,5.7599306,96.53138,4.230814,7.2391534,239.81427,16.452745,438.6925,19.983496,14.218972
-4.382038,33.542706,4.9190607,0.23963185,0.66511136,6.9740376,91.33885,5.7690005,15.403861,560.8435,16.45007,262.54068,20.5082,12.920581
-2.9361026,-7.308435,10.373446,-0.15771823,0.46865392,6.1706886,95.51902,1.8783153,1.6034744,258.01483,17.800446,293.6079,11.291043,26.215893
-5.0324945,29.979824,8.039249,0.3327867,0.4447665,5.576015,91.50715,4.414451,2.126847,284.00305,16.777727,448.91147,8.19111,30.915022
-5.5825205,20.015194,6.0769596,0.26052064,0.5187929,5.596117,96.662254,1.7286683,1.0553501,581.76306,20.560387,332.97147,6.92733,29.25466
-1.3986388,30.103252,17.11359,0.20892185,0.46497798,5.8595815,95.31337,3.6429582,9.263131,279.68738,17.335602,335.56802,18.307194,13.982453
-4.4487753,-12.185161,17.590143,-0.0013592647,0.44418406,5.5782194,90.40177,1.6699165,1.0510252,252.7742,20.728529,448.12805,8.084053,31.067833
-3.8733504,28.768257,11.371436,0.28606457,0.44742477,5.600889,93.116325,2.3684258,3.6263092,549.8172,20.27569,364.28082,9.691874,30.470177
-1.2607414,-7.013267,17.098255,0.30540597,0.44680002,5.568294,96.683464,1.8209038,6.3278675,250.94273,19.090256,448.0161,13.448779,30.870129
-3.8198082,32.89104,6.19103,0.3293184,0.4680822,5.7810316,96.11026,5.569089,15.364557,576.3922,17.406788,384.40897,14.415091,28.43646
-2.1759222,-11.400361,17.936945,-0.18682113,0.48864505,6.768236,86.43505,1.6703283,1.0641296,245.37991,19.405622,291.9546,12.981641,27.735529
-4.801634,33.718655,4.6142354,0.33302432,0.49267706,5.5741944,96.9781,5.8049216,17.170996,582.73914,16.459991,445.1767,16.7058,24.300064
-3.5094383,32.578186,11.139216,0.014047899,0.5967484,6.561968,87.446526,1.7876314,3.14938,575.36444,17.203333,267.7515,19.173727,15.551479
-5.048724,-2.5080636,17.519453,0.038453225,0.45097065,5.9195967,94.931114,1.6731685,1.1152713,246.3925,19.12302,373.9962,20.339832,24.888607
-4.2552843,33.700314,5.7030773,0.055567537,0.6463039,6.970471,73.54891,5.053589,12.570088,584.7152,16.455677,262.72388,19.970205,12.962509
-1.4972421,24.723877,17.725191,0.32916492,0.45149904,5.941744,81.63378,2.1237307,5.084793,473.74045,16.871365,420.2091,13.178899,26.587984
-5.466201,25.591282,14.310361,0.106560454,0.5253793,6.9324336,65.489586,2.5940287,2.512294,457.6023,16.706455,266.0508,19.023193,20.143932
2.469448,-11.649426,18.197037,-0.1155516,0.4567401,5.5973086,95.24085,1.7179896,1.5255821,239.78958,19.51776,448.74622,20.028385,16.886919
-5.5329895,4.932249,9.603583,0.29877323,0.46350372,5.5698533,95.14106,1.7045349,1.1499736,456.17065,18.94472,436.15485,17.77937,30.985764
-5.454586,-7.6932464,17.343767,0.023552481,0.4493797,5.668179,96.707306,1.6798681,1.1049774,277.21277,18.331472,354.0458,19.17283,22.59361
-5.0507174,-10.8639345,14.618839,0.1998751,0.45956218,5.5765214,95.76069,1.6712729,1.0623729,397.35938,20.016405,430.3684,18.45978,31.051031
-5.2545357,33.444813,5.1660557,-0.10910205,0.5770325,6.9710298,90.032104,3.5712538,2.0457385,585.6018,20.119017,262.55466,15.933286,14.145448
-5.585864,33.295185,14.005646,0.15482382,0.44812617,5.643799,97.45031,2.2999222,4.135314,424.60947,16.688734,417.83075,15.813278,16.043032
-3.9832766,-3.5997975,9.303423,-0.18090329,0.6436655,6.9691324,82.42357,1.7103626,1.212096,352.25494,16.719309,268.2986,12.92575,13.832001
-5.109,33.044243,11.267579,0.27625528,0.4743048,5.6432085,96.78199,3.6140318,7.1262727,585.2422,19.6632,374.06775,19.026476,23.649422
-4.649972,31.641376,11.449152,-0.17848635,0.5615546,6.9717474,75.30314,1.8451507,1.7839735,466.2776,17.138012,263.6362,20.264137,12.929782
-5.2568073,30.1206,8.094298,-0.098636754,0.5125153,6.9398594,96.454475,3.4956598,4.2793803,256.6721,16.468601,264.9989,20.012222,12.964266
-5.282653,0.9588143,18.007011,0.30694243,0.4802744,5.579392,82.52496,2.3822572,5.5858765,309.38562,16.897327,438.40775,17.118414,30.056654
-5.601739,30.191994,7.2403836,0.32488468,0.4492177,5.5716143,86.324326,2.0076225,1.0860689,585.3764,20.155745,448.31555,10.153003,31.067501
-3.6609886,-12.088796,17.861986,0.018864878,0.47778443,5.567982,94.35925,1.6699551,1.0670736,248.24391,20.71403,448.66885,7.3816404,31.069555
-4.6285524,33.505997,13.97213,0.31755218,0.4816852,6.879294,81.15868,5.1018267,17.727468,573.28217,16.465883,281.6902,20.199324,14.273026
-5.4331055,4.810051,16.72058,-0.18400323,0.57910454,6.94316,95.84517,1.7047812,1.0640314,569.86865,20.201294,262.97235,20.432026,13.080591
-5.458622,32.938152,15.354317,-0.031084549,0.51159126,6.966834,88.14006,2.074354,7.802783,478.48233,16.529251,262.92343,20.139767,13.198709
-4.933072,-5.8996882,14.644409,0.26066884,0.5105763,5.5673285,97.65575,1.6765805,1.0515277,525.9626,20.732492,448.872,11.334391,31.073668
-5.286268,32.53918,7.7696443,-0.16176634,0.5403659,6.919938,85.14282,4.1469755,7.2247705,583.59375,17.067375,263.733,20.03539,13.0034275
-5.183033,20.700832,17.813927,0.19055133,0.45929,5.9316344,96.99919,1.8148762,3.9000847,428.04956,16.92332,416.8145,17.18899,20.816349
-5.3397636,26.89672,16.420288,-0.1814555,0.58065116,6.9741144,90.981964,5.3119445,2.4063509,503.37103,16.481554,262.52118,20.534262,12.919316
-5.498872,30.168928,13.328502,0.2839821,0.45481694,6.8180723,86.74297,5.762812,17.967712,477.94974,16.450953,279.5596,20.544878,12.956216
-5.255185,-8.6279745,17.624063,-0.18315905,0.46950912,6.6122932,91.925224,1.8546267,1.5259216,280.08786,20.679989,275.32455,19.16399,21.079742
-3.2041914,-3.6327412,17.862581,-0.10070246,0.44406438,6.0974298,96.73571,1.7518183,6.6123915,249.17018,17.815685,314.10074,20.169346,14.741862
-4.433916,-10.6090765,18.188627,-0.085189365,0.44410643,6.317289,97.35353,1.7258939,11.994703,239.81053,17.09174,388.55838,20.549006,14.09693
-5.094616,-7.1675086,8.817925,-0.11136428,0.46906838,6.567746,95.24671,1.8047954,2.6764605,305.79242,17.047005,276.71277,19.367697,19.74729
-3.165304,31.315826,16.890299,-0.15449446,0.50119704,6.9728575,76.997086,4.795624,16.632145,242.12794,16.462934,267.47968,20.573044,12.932509
-4.3087626,29.435848,18.07001,0.12944514,0.44331926,5.9402685,97.73665,2.1642897,17.913187,239.99458,16.523859,364.04758,19.679577,15.409356
-5.3434467,33.620758,4.839442,0.00039085437,0.6486943,6.953644,92.18128,5.7594514,8.366381,583.7461,16.469679,262.59457,20.438137,12.966507
0.59402335,-11.868991,16.82234,0.26880231,0.4515425,5.5680084,96.0277,1.6727997,1.055371,295.5009,20.62793,448.84286,15.9716215,31.068073
-5.609667,33.491776,5.587753,0.24212669,0.6202583,6.630667,95.56294,4.4502234,2.5458286,584.5659,17.571472,279.97058,20.052874,13.676457
-4.60093,24.478529,17.34734,-0.07765459,0.54714406,5.628756,97.49316,1.6806077,1.0973194,567.20807,20.651169,297.25912,16.987907,25.039675
-5.3108444,-7.9834228,11.658941,0.25846252,0.44664484,5.5801034,93.87827,1.6764752,1.0769756,515.7997,20.281672,439.3258,17.66856,30.922579
-5.6376877,24.5228,13.101806,-0.018063564,0.5585486,6.4463873,89.22569,1.7544752,1.1965759,511.97687,16.870481,274.18915,19.002106,15.379198
-5.5786076,26.264164,13.465137,0.0026370704,0.46449947,6.6686506,84.51891,1.89272,1.2257745,584.6665,19.772635,270.998,18.67743,24.589302
-2.9372566,-10.96038,18.188362,-0.13552198,0.4435374,5.582381,96.48287,1.7173561,10.553551,239.84435,16.724525,448.2554,19.906193,21.675503
-5.6039543,33.200188,7.1331673,-0.16307567,0.5052701,6.899823,91.02581,4.304289,9.460566,567.27997,16.727,263.4514,20.345686,13.396481
-2.6067207,31.173075,16.78672,-0.07533594,0.5033112,6.63825,95.92241,5.656272,6.5281396,263.47025,16.505022,312.19858,20.351301,13.058793
-5.4558754,31.42103,10.373798,0.32272822,0.486951,5.746538,95.21518,2.230962,6.7288303,536.598,16.588245,421.1704,18.997202,25.975855
-4.2421656,31.38562,16.17633,0.24827918,0.45755246,5.782424,97.30098,2.6950986,3.6277268,368.83582,16.90304,419.75864,17.688148,14.70953
-5.2117233,23.785662,17.85783,0.23489864,0.47242865,5.8099365,97.076836,3.0547867,15.334727,267.5084,16.581476,420.2567,19.724981,16.75687
-4.8943815,9.57482,16.621542,0.15657045,0.4667059,6.397964,89.529434,1.7235821,1.8906901,562.2128,20.140137,348.30676,16.521915,21.37883
-5.3431587,23.137627,18.150677,0.0008216842,0.44514698,5.6614695,97.77304,5.2118697,17.935314,240.50883,16.846931,424.52676,20.570911,13.750455
-4.8752956,33.644806,10.488966,0.32811743,0.47726393,6.7467723,72.12279,5.5647836,17.524162,559.5566,16.451113,279.50858,20.115406,13.361545
3.7026095,-11.68106,17.961761,0.06154955,0.44727018,5.7429967,96.40802,1.6790036,1.5396516,248.22778,17.598145,439.4831,14.943309,26.19805
-5.5638695,32.868427,6.151957,-0.17141663,0.6312757,6.5605597,92.52946,1.7219871,1.0554063,585.2448,20.694878,262.8783,19.796349,20.55544
-2.8731792,32.39866,17.160208,0.31582084,0.45309684,6.1462774,80.41484,5.644685,18.308119,360.32306,16.4856,338.1712,18.04883,16.042135
-5.544568,17.169523,6.289266,0.2936116,0.44884336,5.57372,93.96321,1.6969355,1.0513103,531.2074,19.579641,445.96405,8.356222,31.013027
-4.6113997,33.327164,17.715843,0.31794193,0.44454706,5.7459316,95.96892,4.6948447,18.037792,408.2633,16.468994,443.12457,17.201782,26.54304
-5.2912045,17.02932,12.169322,0.3295492,0.4561117,5.5705605,95.308075,2.1765864,1.9281957,451.43204,18.02777,446.55725,11.668746,30.198381
-4.1660557,33.66177,10.797993,0.30749947,0.49339828,6.943479,95.54448,5.7940106,18.21155,578.32434,16.45642,272.52817,20.318054,13.037023
-3.361036,-10.298249,16.852898,0.12806612,0.46169493,5.6294885,94.53364,1.7166971,3.1376565,240.4643,16.479607,443.98535,18.991795,26.002436
-0.8189188,-9.825194,18.18508,-0.16049011,0.44322956,6.048468,95.56459,1.6804792,3.6913579,239.79668,16.65975,446.77628,20.323696,14.783931
-4.218832,33.50571,13.7918215,0.20691215,0.6526442,6.9644437,93.70011,4.591975,2.483548,571.81177,16.471828,263.4378,20.429062,13.091434
-5.350954,-0.7984708,17.702303,0.09053611,0.4613588,5.5698647,97.35689,1.675203,1.2063034,449.8772,20.144205,436.04886,11.892284,30.587286
-5.483427,22.222311,14.171972,-0.101255275,0.49135765,6.771939,69.04076,2.2624068,12.070795,531.13354,16.655298,278.41885,19.044165,14.029155
-4.5545435,-9.51061,17.93889,-0.066433676,0.50728667,5.8206215,77.62402,1.6733662,1.1078937,341.60287,20.06295,446.58237,17.424942,29.754894
-4.6077185,3.8279216,16.355244,0.27603412,0.45249507,5.6168127,73.94985,1.677627,1.1940038,568.6245,19.124166,446.83157,14.651094,31.002186
-4.9889555,29.663076,18.06608,0.19378574,0.48664334,6.3819404,82.33493,1.9623169,3.211343,559.7041,18.366213,271.49496,20.5044,14.57018
-4.2048407,-7.8042483,18.180735,0.14182363,0.44581455,5.567803,97.43753,1.6837212,2.353164,241.99243,19.936182,447.53818,8.931963,30.899326
-3.8526723,-9.391072,18.16899,0.3321316,0.4441881,5.5672727,96.58945,1.6926838,1.5319841,246.73119,19.301271,449.04358,6.7236643,31.064768
-5.6816263,28.971737,14.8587885,0.23635879,0.5538352,5.594875,94.61798,3.6218522,1.7534215,573.4846,18.662464,439.26376,19.527044,29.900406
-4.1466036,10.26481,16.914658,0.021259014,0.48857623,6.9711266,91.61382,3.1297321,16.919807,271.35468,16.517117,263.14597,20.420815,13.134166
3.066858,1.7800013,18.191614,0.16300619,0.44632483,5.5995345,97.38122,3.5698137,18.460361,239.81738,16.750885,445.318,19.8169,14.026312
-5.4126263,24.893421,12.235722,0.013132763,0.4468689,6.741314,93.37848,2.456103,4.517524,429.98886,17.153181,269.30698,19.105982,14.110661
-5.2276535,-11.71543,15.387847,0.16177727,0.45430937,5.580141,93.087204,1.670288,1.0496385,417.40775,20.70467,414.79443,14.280958,31.053698
-5.1497316,23.659828,17.358562,0.3096771,0.45782802,5.6261916,86.177826,1.676767,1.8330743,329.86008,18.098562,428.0974,13.724253,31.001461
-3.8433883,-9.010119,17.691513,0.24710329,0.44948182,5.5673842,97.66022,1.6725003,1.084543,431.15485,20.698078,448.81683,11.377532,31.046965
-4.5412655,33.487663,16.614897,0.30210456,0.5712441,6.9514165,62.830463,5.692945,18.553303,500.78647,16.448206,267.9108,20.184208,12.932482
-4.9121656,30.476635,11.475269,0.0517155,0.5371639,6.958263,84.974495,2.552953,15.048413,473.90976,16.765232,262.77332,20.507298,13.099859
-4.26525,26.93281,8.510644,0.11082025,0.523701,5.77194,96.580795,2.00807,1.1040943,575.95996,19.003643,346.76852,11.4647,26.753456
-3.9993346,19.242258,15.488148,-0.1541031,0.4871728,6.9607997,91.17036,4.496053,15.689256,254.94485,16.4834,263.28677,20.429058,13.0033455
-4.7073917,33.718594,12.716917,0.30578044,0.6532239,6.9078655,90.816124,5.7921805,18.114573,582.70856,16.50229,267.13034,20.365257,16.890001
-5.328514,-1.1436809,17.781279,0.26196048,0.44448766,5.568907,93.9166,1.953238,1.6959493,291.01663,16.864521,448.77356,12.638444,30.873745
-4.9831104,-3.8538725,17.284353,-0.08061733,0.47587118,5.8519197,96.19078,1.6706358,1.2945316,494.96606,19.606369,337.06598,18.01737,28.749374
-5.3326483,13.366594,13.709701,-0.15897669,0.5553873,6.9702697,89.96182,2.515285,1.3332345,536.1505,17.040762,262.59406,18.999586,13.210103
-4.5428314,-7.9453425,17.764067,0.30879223,0.44583452,5.582869,89.05119,1.8180282,2.372121,258.2865,16.69531,448.8771,15.929289,29.365374
-4.9295187,4.579691,14.89383,0.09099119,0.46452555,6.6118026,93.73893,2.3375022,1.6406581,343.2184,16.650686,334.18967,16.335466,14.126878
-3.0852034,8.701171,18.066027,0.0048805294,0.45583138,6.4641786,95.779274,1.7794105,8.66327,241.7471,18.556335,385.39246,20.2888,15.618619
-4.1395903,-11.772519,9.03877,-0.16869316,0.44980744,6.6642513,91.25433,1.6706015,1.0700233,283.6844,20.230824,269.88123,20.321272,28.467405
2.6620991,-11.201005,17.9997,-0.0874287,0.45073277,5.828206,93.724785,1.7191714,2.5845087,241.80598,17.870693,418.3303,19.10757,17.663221
-3.4086936,-7.1963725,12.875025,-0.1716706,0.46607566,5.603262,97.65844,1.6884397,1.1045558,517.36084,20.386276,380.00153,15.250228,28.733912
-5.4893847,24.509398,18.071678,0.083809696,0.46524757,6.449291,93.8455,1.7053081,1.1627786,268.13815,18.29255,302.8893,20.07036,13.984438
-4.4112835,33.366215,11.971968,-0.031970862,0.51188594,6.4174037,97.140915,5.440151,12.298699,369.6203,16.465435,303.83282,19.517942,13.38022
-5.675606,-5.8040957,9.024353,0.10461664,0.44801688,5.716564,97.60514,1.7067791,1.099304,244.65883,17.543436,298.20578,20.479767,24.584532
0.38217863,-10.758267,18.14212,-0.18677413,0.51312596,6.373638,97.47508,1.6704668,1.07429,289.97028,19.774176,297.7361,16.227242,29.056723
-4.295602,32.81928,12.3468075,0.19837438,0.5037959,6.9408035,73.48569,5.7482524,17.376219,534.8542,16.456745,269.00192,20.079765,12.9250145
-5.258478,32.301804,5.922733,0.24134836,0.5125468,6.821333,88.710846,3.6871555,5.6692004,571.91724,17.100948,271.5692,18.332169,24.057573
-5.6335535,33.607372,11.473907,0.05849227,0.53530914,6.3489423,64.86517,2.5340855,4.9119434,585.4613,16.714794,284.1982,11.876808,26.00722
0.4748946,-10.015267,17.655815,-0.024088975,0.45142084,5.5700855,96.90154,1.6855353,1.8339031,267.7532,20.731695,433.9354,17.737127,30.836315
-5.3999424,32.841755,14.453374,-0.059799176,0.60687,6.8160377,88.55046,4.6449466,2.5195744,521.22595,16.451569,276.6857,20.463615,13.308889
-5.377861,33.621693,10.219704,0.23489583,0.60203636,6.901703,79.68829,5.7773337,18.24015,575.9554,16.456047,264.90137,20.4617,13.219001
3.1059356,32.119446,14.057516,-0.16427064,0.63610744,6.9707522,83.29486,5.544888,13.948243,446.74277,16.488718,264.57788,16.94968,12.9136715
-3.664478,31.703737,12.6785145,0.03451057,0.48206398,6.9406366,90.16347,5.0476413,7.3505573,500.46957,16.617079,263.31522,15.483904,13.051146
-2.8825276,13.624487,16.96236,0.29759777,0.5028753,6.8640957,84.64303,2.264268,13.987383,249.07112,16.481743,344.60724,19.051254,14.564919
-3.5638258,6.177851,17.500294,0.072380625,0.58135855,5.6087675,96.878105,2.2881372,4.7727466,244.15425,16.66281,434.67072,18.178398,15.976212
-4.5265713,26.278732,16.19325,-0.16620299,0.48682976,6.8872466,95.00264,3.8356218,9.203851,310.85162,16.563272,263.72858,20.187675,13.021336
-4.1627893,33.033,14.999458,0.24148771,0.55199355,6.9641027,70.0713,4.929922,14.636921,572.80707,16.467325,265.65494,20.480701,12.969344
-5.6043615,33.71567,9.4676,0.33208308,0.49696168,6.754831,92.26373,5.7969384,14.730622,583.71906,16.45262,408.6896,19.554035,14.4160185
-3.754841,-11.462218,18.072264,-0.1810258,0.4979642,6.9690466,58.865,1.7145017,1.7027442,239.82323,18.633652,263.93652,20.037771,14.571398
-5.247489,9.612303,17.538843,0.04964565,0.44785893,5.567831,94.353,1.6728224,1.0523565,570.2679,20.732517,443.76318,15.899123,31.071268
-3.540963,-10.5990305,18.038486,0.04162809,0.4444666,6.8918824,95.700836,1.990874,5.6762094,239.86392,18.694155,327.4886,20.297005,15.174486
-5.1472054,9.378044,12.193689,-0.18239173,0.56971866,6.9635696,82.25256,1.70357,1.328759,302.8888,16.968924,265.47293,19.286917,14.572929
-5.0262613,25.904604,11.13011,0.27663395,0.45396718,6.0959783,90.272545,3.1013649,4.788732,438.2652,16.671755,293.572,18.374825,20.02285
-5.564787,-8.694726,16.815855,-0.17657469,0.5027973,5.611863,95.46314,1.6710082,1.0496271,584.09216,20.732756,370.041,11.3232155,29.072578
-5.29572,31.164318,18.070965,0.33317286,0.4431159,5.567281,89.57994,5.7829566,13.283432,355.77383,16.483896,449.04535,17.714407,31.047037
-4.6058807,33.647026,5.761916,-0.13217025,0.6531407,6.9669647,97.00659,2.7868924,6.553465,575.5569,16.514116,262.95425,20.298353,13.106236
-5.489092,10.674425,14.056417,-0.028871376,0.5061681,6.6846747,92.043785,4.4122586,2.2273586,272.1051,16.580843,300.9549,19.77285,14.1231575
-4.6861315,2.1245515,14.71734,0.3099335,0.45664367,5.5687895,96.85764,1.6865689,1.060086,525.9222,19.265093,448.0177,14.970039,30.985159
-3.755113,26.904175,16.875324,-0.09409634,0.5199838,6.9520626,70.53546,3.8667421,15.752236,418.6441,16.469215,265.5692,20.164774,13.041637
-5.168069,27.669659,4.763376,-0.14868784,0.5109735,6.9721136,94.23373,4.6491003,3.3870833,579.47003,16.593683,262.5724,20.06281,13.053115
-4.070774,-1.7586111,13.549457,-0.18533868,0.45563003,6.9696045,89.01823,4.3850737,2.7867782,249.61528,16.496235,263.43607,20.234982,13.726852
-4.4598923,19.599072,17.528936,-0.00015805972,0.47450238,6.9301753,79.0588,3.0073123,17.072996,268.53018,16.494303,271.62622,20.13129,14.2632265
-2.7965596,-11.641381,18.020746,0.27932337,0.44433075,5.6111016,75.473366,1.6739248,2.3585875,241.6131,18.14703,446.19763,17.154146,30.956558
-3.25446,-11.728562,17.849884,-0.18618271,0.52994,5.9382515,83.1299,1.6705765,1.0501783,507.48276,20.733055,279.9325,13.879337,30.595432
1.2263938,31.738155,17.337793,0.330936,0.4526634,6.2277966,73.49248,5.788972,18.601358,415.2828,16.460106,411.35184,19.180325,16.723372
-4.5785694,-3.2826464,14.546975,-0.14423534,0.45926306,6.4078145,94.415825,1.7099773,2.3475459,264.77557,17.707012,271.36398,19.121674,17.496227
-4.56575,10.077181,17.695686,0.24362543,0.45495,5.7591147,82.61014,1.6835555,10.892225,283.34485,17.117914,427.96057,18.206749,29.798912
-5.421176,7.369792,17.625565,-0.18356368,0.4696443,6.972419,79.76414,1.6730345,2.3875105,276.281,17.437191,262.84842,20.529312,14.173789
-5.1840343,17.74599,17.755499,0.16868562,0.44640246,5.6276107,89.35889,1.9151326,1.3303573,324.67844,19.858536,437.205,13.956005,30.478415
-5.4870024,-2.2449877,12.159838,0.14353098,0.45343602,5.609878,93.984764,1.6728045,1.0806386,583.87964,20.631468,431.52344,18.35947,31.011154
-5.627533,-0.5767291,17.971582,-0.10717269,0.4581569,6.8968925,90.030685,1.6968912,1.4671218,301.67044,16.593966,281.68204,19.663443,19.926168
-4.813901,23.6821,13.372374,0.31488347,0.4924801,5.5876956,95.62818,3.5423,12.441843,512.2306,17.766943,445.8391,7.1721787,28.99956
-0.24894348,22.814117,16.002377,-0.10191695,0.46533683,6.946684,92.56467,4.1697025,18.31278,244.98425,16.461687,273.8248,20.30348,13.054987
-5.4765043,30.467909,13.097095,0.25772983,0.4868092,6.4028363,77.921295,2.2129202,8.652115,561.1899,16.88569,323.118,19.801136,20.17073
-2.3838665,33.398106,12.8384,0.14729182,0.5353354,6.971699,89.24499,5.7364607,18.605402,573.00464,16.45157,262.90067,20.49304,12.9225445
-3.2875988,-7.691896,17.679981,-0.15880053,0.51742226,6.9723945,83.87702,1.789004,1.4317539,354.80585,16.748602,262.68353,19.982788,13.222148
-4.1222143,2.0039527,18.168972,-0.14824209,0.45256415,6.593156,94.33237,2.4180093,16.282135,239.84671,16.457596,369.854,20.563864,13.310461
-5.1789246,26.089108,12.477798,-0.18521237,0.62668824,6.9655657,96.965256,1.8143934,1.0869768,582.4683,19.442678,262.74457,20.275978,14.123352
-3.121342,10.083684,18.069416,-0.15083785,0.47403267,5.867288,84.93524,1.6795205,1.1409223,501.13574,20.590874,335.98752,19.201511,18.146082
1.0039066,-3.6078036,16.957573,-0.18024153,0.6076928,6.9684834,94.08731,1.7147323,1.2617013,265.92105,17.45775,263.31332,19.21528,13.095639
-3.8671005,-10.2929945,15.753979,-0.070065804,0.47901338,5.6083927,93.55089,1.7021517,1.4348857,506.50177,20.731558,382.69125,14.200303,27.198616
-5.5144596,33.561703,12.474024,0.08467239,0.49647072,6.918095,97.63327,5.7218046,17.648596,465.1684,16.477127,263.05832,20.574642,12.913652
1.7966856,10.039487,17.901476,0.27121216,0.4477823,5.7406373,94.222694,5.79597,18.41296,239.81422,16.580395,422.79572,20.42617,14.739313
-5.3715553,8.496056,7.7154617,0.2630017,0.449021,5.6923075,96.67846,1.8159853,2.6243727,503.99057,17.145472,418.8988,13.800434,24.431139
-5.5716352,-6.3949428,16.699541,-0.16228813,0.4571841,6.031695,95.75237,1.671033,1.2139852,272.75836,18.785625,302.11578,17.18031,28.485224
-5.046756,31.362673,15.596435,-0.1847347,0.5158645,6.965457,97.61141,3.1993067,8.589244,243.17732,16.51257,263.1728,20.503698,12.924859
-5.1066017,26.926645,16.683622,-0.0645128,0.458911,5.876233,95.83859,1.7216531,2.0964072,299.07083,17.113056,287.3041,20.501966,24.665966
-5.584217,3.3322532,18.132555,0.2555719,0.44459033,5.6339064,89.49227,1.6710426,1.1698043,289.54843,19.204235,444.48465,18.282335,30.365633
-5.2755938,23.548677,17.066998,-0.021886077,0.5278835,6.9665465,95.991234,3.352364,2.7887914,339.3132,16.617517,262.803,20.361118,13.109864
-5.220414,22.133434,10.549008,-0.011995266,0.45587206,6.848318,93.30688,2.072847,6.0912294,379.7006,17.082504,286.01608,19.458061,13.688858
-5.6008883,31.343071,11.997073,-0.17529862,0.47972748,5.7251306,93.15715,1.7224907,1.0725543,529.9858,18.58042,267.22958,19.263895,24.585135
-4.713499,27.981638,17.478374,-0.18298668,0.45273376,6.9734817,95.69759,4.846432,18.2734,242.9328,16.53724,262.9854,20.455032,12.9622965
-5.219514,28.889782,11.1218815,-0.05115017,0.6212518,5.815473,96.04968,1.7501758,1.0968292,562.6241,16.89239,304.89713,19.46445,15.250438
7.861429,-10.735791,18.13204,-0.06533683,0.4751662,6.182607,96.09784,2.6254175,8.79357,240.14973,19.932455,416.44104,15.249356,26.78805
-5.518257,26.635849,11.0341,-0.09149266,0.4933798,6.3544383,96.177734,1.8458643,1.3428733,584.42944,20.337198,263.5589,18.574179,18.494188
-3.9742205,-10.044057,17.599033,-0.15045545,0.561374,5.625822,97.51389,1.671692,1.0969722,357.2725,20.60573,430.48898,11.724022,21.921455
-4.711488,19.762657,16.20492,-0.17465861,0.46001202,6.9569297,97.172714,2.1393442,4.829958,241.35625,16.809443,264.4359,20.408178,13.034157
-4.4437,-9.859643,13.494875,-0.079281144,0.46059942,5.675744,64.29474,1.6720289,1.0499866,556.60425,20.629242,368.70993,12.862105,30.948458
-5.427641,10.171881,9.148951,-0.09117725,0.44368607,6.876801,97.81465,3.1969032,1.2974632,300.73276,17.477308,264.5972,18.980978,13.4300375
4.1007237,-12.056558,17.50284,0.15581079,0.45519707,5.7722464,96.084335,1.6705714,1.1936357,240.05278,18.188292,432.13226,18.408535,30.781736
-4.723323,23.621876,18.097116,0.10720327,0.4529705,5.9691906,91.63606,3.079033,18.403221,245.32372,16.605938,418.06073,20.327812,14.956111
-5.52608,30.652756,13.108478,0.27910277,0.4748932,5.8130074,96.88653,1.8891062,1.1316345,566.8435,17.703,311.02618,13.607433,22.723623
-5.308443,-7.353042,18.09671,0.1936309,0.44495508,6.588953,89.25213,1.9325302,8.603592,240.82045,17.72183,395.44278,20.235048,14.341292
-2.180971,32.0811,17.434153,0.08409153,0.58594096,6.96531,81.97993,5.3216534,18.424849,243.61275,16.455729,267.9847,20.295794,12.919704
-5.1693,33.713013,6.2544775,0.19519387,0.5280977,6.863305,97.310295,5.7838507,18.466013,575.67676,16.450096,264.5706,20.073889,13.003764
-5.541212,14.015632,16.235268,0.3187023,0.452242,5.600503,96.20459,2.4916294,5.740504,322.06155,18.184195,438.01956,17.711668,27.343342
-3.5144846,-11.35393,17.951532,-0.15314284,0.44429183,5.656412,93.69273,1.6709038,2.3689363,239.8491,16.920181,446.74255,20.189745,20.449621
-2.9833758,-9.499583,15.911058,0.18120657,0.48624706,5.8469973,82.63717,1.7130173,1.0992944,577.47125,20.559849,384.1886,17.979345,25.983164
-2.595404,-6.3779025,17.564894,-0.044637207,0.46325263,6.758457,79.628944,3.8902311,17.712103,248.98105,16.472351,291.66766,19.685598,13.042792
-2.3413236,33.15207,15.839611,0.2547047,0.48209512,6.9651546,88.727715,4.8809266,13.848302,345.76492,16.488556,265.4424,19.996418,13.349418
-5.459838,9.852587,16.824873,0.1321685,0.45834526,6.61909,96.11535,1.7565103,1.844765,266.99277,16.946795,286.51706,20.052362,16.797628
-5.534357,26.416685,16.624363,0.054547567,0.50559217,5.629169,92.929276,2.5670269,3.8233902,451.28387,17.75962,303.2001,20.406313,18.40294
-4.450531,32.136368,15.58876,0.33072448,0.4450587,5.8877964,94.52671,5.351148,5.041882,572.65344,16.490335,442.16492,18.977886,15.148281
-5.4615345,28.941181,8.908944,-0.14914322,0.5925777,6.9654245,92.12855,2.5920897,1.2247903,508.4517,17.430283,263.1456,20.467285,13.04298
-1.1131688,32.43586,14.192563,-0.035622027,0.5423305,6.9641066,90.48941,5.138055,17.26434,471.32965,16.705938,263.93945,19.445488,13.001704
-4.869298,33.401615,14.119449,0.18734553,0.4874631,6.9248796,96.4428,5.772073,18.333357,572.38684,16.507414,262.93677,20.278812,12.927311
-3.5023143,32.054516,13.304177,0.04009748,0.4621188,6.9413486,80.03481,4.7929463,17.385513,327.77664,16.482481,264.41202,20.19019,13.207709
-3.3839386,31.427397,17.27698,0.33180758,0.4490629,5.5684066,97.229324,4.720668,9.558263,382.47336,20.124895,445.45053,13.768249,31.041185
-2.9254267,4.2098765,14.990944,-0.085955136,0.45822924,6.9743276,80.56936,4.252543,11.526797,241.58014,16.483576,263.96326,20.326702,12.940763
-5.483985,27.04148,17.134413,0.120492734,0.4528403,5.5822854,95.47373,1.9613551,1.0839326,581.4434,20.521648,392.43735,17.08076,31.03147
-5.440233,28.510065,14.855013,-0.17705277,0.50957733,6.9575424,95.418655,3.0297608,1.6206748,505.2684,17.028658,262.99286,20.345121,12.919751
-5.6339874,24.3162,4.9700904,-0.05327369,0.60480285,6.900327,76.597984,1.7169667,1.0701797,585.3456,19.889832,264.1812,9.961222,21.403547
-5.4356804,1.7092205,6.242366,0.32615677,0.464382,5.6054487,82.278366,1.6897889,1.0986755,584.7303,20.66326,433.54306,8.316286,31.04769
-4.852742,31.416483,7.848022,0.0717241,0.49248293,5.757543,97.15737,3.644219,12.188815,327.36646,16.593184,314.26678,18.12888,14.643271
3.894774,-12.000558,17.977247,-0.14076553,0.53311336,5.7376347,93.80659,1.6725065,1.4371822,262.24423,20.589554,401.0582,17.893517,15.664512
-5.583152,30.762047,15.698576,0.28006664,0.44999737,5.6564302,92.136696,4.7118087,8.700545,344.33487,16.463873,442.66534,17.630238,23.738134
-5.5676794,22.47588,16.457947,-0.09601278,0.44684747,6.653496,94.91205,3.0492349,3.669503,571.64026,18.316082,281.38968,20.277868,13.3490305
-4.675827,20.693075,6.6210923,0.15975253,0.47653016,6.932144,73.00251,4.5818486,11.416088,506.57892,16.690468,268.12598,18.854408,13.825237
-5.334756,24.442825,18.163246,-0.0060262713,0.44489378,6.0887647,97.396706,1.7203125,7.049354,272.71796,17.861847,331.06403,19.4749,17.027584
-3.9382446,-6.3780456,17.875038,-0.15471482,0.46534187,6.1168737,92.313965,1.6752256,1.4332235,279.47513,16.711672,371.28998,18.103758,17.497677
-1.1085101,30.78245,11.76645,-0.14447176,0.58958936,6.9744883,96.57957,4.4417367,12.642603,289.5475,16.450039,262.68814,20.538176,12.920705
-3.767104,25.022005,15.976164,0.26968962,0.48484895,5.586239,79.179344,4.7106776,13.449373,578.8184,17.326893,423.8556,18.41024,30.460949
-4.470793,-8.40935,18.117214,-0.040949825,0.46658224,5.567618,96.05063,1.7187687,1.1581905,325.73648,20.601206,447.11664,12.505426,30.97613
-4.7154036,32.7796,15.399787,-0.019872244,0.56868386,6.9746037,55.51228,5.733725,18.220325,580.2631,16.476276,262.53943,20.462744,12.919117
-1.4313508,-9.232154,17.313118,-0.13451108,0.44726914,5.909118,66.2281,1.6721705,1.1776845,251.69987,20.199556,332.14917,16.827707,30.493168
-5.507002,-11.044616,12.465395,0.30775082,0.47819862,5.5674644,95.4637,1.6701509,1.0494192,568.8598,20.731236,448.52798,9.566408,31.073631
-2.4005177,3.8848855,17.859488,0.1588896,0.47618982,5.585121,92.199135,1.6766711,1.1301086,280.20343,19.811522,445.32068,10.397895,30.593842
-4.4048214,31.449211,10.802773,0.26285207,0.5070704,6.953651,59.389088,4.821482,17.241009,574.48425,16.508871,264.53058,19.866617,13.641994
-5.2032356,-7.603849,17.768414,-0.17405272,0.52861017,6.1095963,96.56133,1.6892213,1.0923917,278.90292,20.482601,269.1175,18.102516,18.62822
-5.2039766,10.382049,17.34319,0.17725408,0.44412458,5.634735,91.67475,1.780725,6.2571692,277.53796,20.27147,414.75266,19.572824,23.71367
-4.3506947,0.36457223,17.592379,-0.16307637,0.54699403,6.964403,82.404175,1.6814352,1.0719326,556.9003,18.065065,263.87497,17.735558,16.434677
-4.907799,24.087957,10.104401,0.19308886,0.53326833,6.4704027,84.54865,1.9383298,4.7438507,512.6741,16.90248,311.18372,16.116364,17.84902
-5.0895147,10.519958,10.90959,0.33056659,0.49908477,5.758373,57.087517,2.7377343,3.1391957,553.889,17.267992,419.62875,13.831292,30.215939
-4.9895983,-5.757297,17.661407,0.20756644,0.44859362,6.1890492,97.098785,1.6797279,1.2478902,247.59842,16.505894,403.06598,16.707804,22.14844
-5.366968,33.269447,7.6731024,-0.17723587,0.6358618,6.974267,96.82649,4.0348363,3.239405,567.786,16.45231,262.524,20.550524,12.918194
-5.23853,29.962177,9.341248,0.23804276,0.4516218,5.752777,96.47238,2.0257428,2.0156305,579.41,17.255157,422.82278,19.71952,16.759722
-5.6039667,18.474688,5.70566,-0.17476992,0.46151495,6.693581,95.707146,1.677044,1.0661514,568.9416,18.422258,263.3615,20.385149,24.787569
-2.5953386,-4.698879,16.273056,0.11534608,0.4470609,5.612286,96.64771,1.6950153,2.9932115,244.7692,16.478476,444.2578,19.319586,30.347593
-5.334857,5.1486053,15.449554,-0.17763889,0.64036775,6.9638543,90.682396,1.8056204,1.127794,438.72717,16.51273,262.73535,20.058035,13.090685
-0.81885636,15.512877,18.052849,-0.1092452,0.4489668,6.8234196,90.93043,2.4722922,10.626989,242.436,16.564861,314.1248,20.324507,13.831193
-5.0612373,31.598742,8.86465,0.08376408,0.52626187,6.9094167,74.325294,2.4981143,10.125874,579.96454,16.51895,279.54648,19.374943,13.679074
-3.9402277,-10.9966955,16.828281,0.25277263,0.45371,5.8560696,86.096504,1.6721054,1.3246133,254.75749,19.941605,427.51266,16.608185,30.973997
-5.5592146,1.4715563,13.814951,-0.050712746,0.46112442,6.7561126,90.838875,1.7381463,1.1176708,262.94995,17.826181,271.74234,19.156837,15.840895
-0.74198306,9.919304,17.524666,-0.009137507,0.4544574,6.468857,84.12318,4.5985827,13.073329,282.7625,16.639828,400.75433,19.562204,15.045643
-5.142524,31.356646,12.399683,0.2769633,0.5055515,5.7518983,97.081696,4.219125,3.6536462,443.4564,16.690844,446.88202,16.065975,18.762157
-5.4254274,32.803623,17.591604,-0.01299199,0.4445903,5.7039676,97.29652,2.5613506,3.1551502,585.1497,19.026886,376.90128,16.679625,27.883364
3.697093,-3.9589484,18.109625,0.05671074,0.45302153,5.5985775,87.80808,3.2278428,17.712446,240.81456,16.472298,448.16425,19.023235,16.55969
-5.1397924,21.62517,6.7594843,0.099010654,0.46159893,5.924098,88.9178,1.7949914,1.1139209,345.3558,18.489748,345.25275,16.214808,28.84329
-4.885895,28.143644,15.457623,-0.015511709,0.46631947,6.971033,78.03492,4.7588553,18.27801,362.46176,16.474998,263.02792,20.47457,12.940831
0.7174417,-7.613832,17.885284,-0.098094024,0.46985385,6.754736,82.64628,1.6909515,2.2997735,262.40817,17.539082,285.75867,20.09356,22.799631
-4.2909374,6.4788785,17.951984,0.032102622,0.46364793,6.9089446,97.39349,5.3820624,17.758232,240.47993,16.755157,271.13605,20.114834,13.122741
-5.245389,31.024586,17.74708,-0.16076882,0.45854804,6.9699326,95.23978,2.251752,2.801533,359.60254,16.886213,262.7791,20.271467,12.96452
-3.9634078,18.323986,17.021898,-0.18666464,0.6282636,6.972709,82.766655,2.20103,10.586686,277.66953,17.510689,262.57846,20.065489,12.99006
-5.6198435,33.290123,5.0098243,0.009125014,0.64541113,6.171693,84.67295,5.782109,6.260776,583.7853,16.890427,264.2097,17.432505,14.268802
-5.074568,-11.643575,17.842112,-0.17328575,0.44698206,5.5719075,97.33791,1.678172,1.0841129,242.20055,20.148087,447.14157,14.583961,30.443176
-4.8507967,30.473425,18.084465,0.15237428,0.45241836,6.815803,96.082436,2.440529,8.315267,263.2521,16.472979,315.35254,20.459375,13.26892
-0.52442896,-8.589713,15.373847,0.0644815,0.4452335,6.19799,97.60062,1.6714469,1.0799577,240.43678,18.74505,439.68585,17.986696,28.926182
0.111367084,-12.178203,18.13975,0.2728661,0.4435872,5.567245,97.338234,1.6703497,1.2155597,240.20349,20.569248,449.0436,7.1926174,31.070864
-5.396612,25.556007,14.372888,0.06135006,0.50278294,6.1571894,89.21033,4.215453,8.827082,349.36404,16.516092,285.3181,19.954126,13.550365
-4.486843,-12.16788,18.162415,-0.16752423,0.44695982,5.8235145,93.290474,1.6701208,1.0815618,251.21902,20.694391,352.52203,19.800835,30.534231
-3.6571982,-10.4415655,14.419244,0.12794796,0.45388824,5.5697017,97.493935,1.6741475,1.0504711,261.47748,20.534206,448.18137,7.1303735,30.87802
2.6403837,-6.913221,15.24998,-0.18667614,0.46936664,6.723725,95.18334,1.6811522,1.0954235,240.60243,19.005163,298.78876,16.890978,20.494026
-4.4537096,3.54099,17.25325,-0.04474758,0.45279562,5.7258205,88.00278,1.6789032,2.2091534,409.95285,17.388464,425.70493,17.647974,30.508303
-5.564167,14.146806,17.967903,0.2750987,0.44477025,5.84381,85.66009,1.8445015,3.1863248,310.81476,16.95273,399.9165,20.013939,27.602106
-0.75224173,-8.865508,18.145432,-0.14374128,0.45019612,6.5548673,86.952805,1.6704632,1.1386335,239.80696,17.120735,386.20752,20.360415,20.758244
-5.5369816,24.233307,15.940038,-0.17444783,0.48302877,6.5720453,95.3453,2.1573927,2.8777826,519.7906,16.775234,263.72995,19.620756,14.206228
-3.701471,-11.196277,17.266636,0.063646495,0.44947052,5.592238,93.502594,1.6712564,1.4183023,244.49922,20.244228,444.8997,19.299356,30.74281
-5.567582,32.511242,10.116503,2.935964e-05,0.53678375,6.7448087,90.101685,3.348506,7.105859,564.0156,16.702578,274.8049,18.922977,13.199107
-4.9192886,33.476254,4.8226485,-0.027013581,0.58307207,6.92983,86.04918,4.092061,3.9778206,585.41296,20.020086,262.6202,18.995836,13.860568
-5.1420746,28.426466,10.959425,0.13017297,0.5332949,6.880166,86.69032,3.432622,2.529349,394.4183,16.564024,307.18402,16.577793,14.603098
-4.6058044,-9.695813,17.972702,0.020478021,0.45534697,5.6264553,96.89618,1.6710802,1.0917356,324.4341,19.068785,418.84515,17.60599,29.346245
-5.246829,33.131943,10.390091,-0.008219379,0.5316106,6.1387186,81.90465,2.7045789,5.14502,572.4983,18.00497,276.489,16.252174,18.283993
-5.1159763,21.770018,13.375472,-0.09081159,0.51340806,6.031046,95.24025,1.985158,8.4763365,311.97525,16.57136,330.53235,16.036581,22.592876
-5.2314453,33.189896,12.679552,0.3307372,0.478351,5.5693913,87.557755,3.5335171,11.628417,583.56335,19.239716,448.14377,9.933815,30.933014
-4.3202267,-11.433227,14.494866,0.32575938,0.44950297,5.567251,97.76039,1.6740102,1.0824707,446.99637,20.733295,448.9943,6.1537657,31.074533
-3.4282873,31.970045,14.331151,0.12910897,0.5502911,6.1499395,95.88926,2.2076373,1.3112743,559.65027,19.243834,421.0109,16.213367,23.869776
-4.993518,26.071497,15.6866255,-0.15475601,0.57265526,6.625495,89.331604,1.7197069,1.1090038,555.1964,19.847265,282.36346,17.949936,20.51894
-4.0504904,-9.875667,17.770351,0.03553939,0.45471048,5.623452,95.27458,1.6905867,3.6234348,307.6334,20.235756,423.59445,14.617556,30.873356
-5.5086126,33.485744,6.1778398,0.3276092,0.54251885,5.638828,93.36651,4.6014905,16.604727,557.99554,16.48275,402.13474,17.608147,25.069994
-5.630762,17.950844,15.347949,-0.16083542,0.4587429,6.543277,96.17508,1.7857078,1.4252775,455.721,16.538113,273.9285,18.925438,14.404895
-5.09237,27.785435,13.565105,-0.14721791,0.60845184,6.4029717,81.9395,1.7383918,1.4591119,549.9025,18.443586,271.26117,16.76689,18.448872
-4.803178,22.180569,5.7173457,0.33032438,0.45647353,5.5676603,97.032585,1.6784412,1.0611141,579.9353,19.714058,448.5315,6.975182,31.073463
-1.2770334,-11.916642,17.844273,0.26228446,0.44622773,5.567372,94.7366,1.6740993,1.0562141,288.24686,20.549051,448.98083,9.72839,31.043764
-5.538474,33.450375,15.153121,0.30866402,0.5599206,6.659941,85.50446,5.7096887,17.21292,582.1905,16.59061,274.18442,20.410248,14.093303
-5.6166,-0.57796794,11.304351,0.009008323,0.4766918,5.6190176,92.40115,1.6743244,1.0587595,579.4055,20.697897,338.48074,18.695723,30.912651
-2.728083,32.633656,11.489905,-0.17656668,0.6186731,6.9714046,95.12999,4.955267,4.5888815,244.83461,16.841663,262.53787,19.050514,13.383887
4.8869033,-3.712886,18.106575,-0.17226683,0.4522988,6.7538075,96.57802,1.7977538,17.717533,239.79231,16.608042,337.27582,19.752094,14.545371
-5.401245,9.585627,16.399097,-0.18440437,0.46257648,6.9660234,96.14254,2.1461418,9.889949,273.28577,16.673786,262.59857,20.347143,12.93525
-5.0567703,-9.906539,17.567736,0.33169702,0.44313172,5.567315,93.370155,1.6721848,1.0513065,551.29193,20.477266,449.04492,5.705746,31.074533
-5.0743885,13.01255,17.709791,-0.012812081,0.4890444,5.692887,94.32848,1.7432363,1.093868,563.42163,20.68254,409.22592,8.929573,30.451544
-4.8408537,22.904266,17.893082,0.29700857,0.5266086,6.7050767,73.561714,5.3212276,18.308746,449.3314,16.629305,280.41037,20.407694,23.739817
-5.2467833,31.824673,9.197231,0.21668491,0.50851053,6.774331,96.44462,4.980078,11.117772,552.1994,16.588087,269.4422,19.692532,13.7853775
-4.5779667,-11.083756,10.691994,0.3078327,0.44720262,5.568733,97.82265,1.6702465,1.0494678,242.07828,20.04383,448.08356,13.80084,31.070517
-5.4143,33.167053,13.95024,0.09067605,0.63798285,6.963771,97.5117,5.8035154,17.606333,343.75436,16.464705,263.18762,20.536486,12.923272
2.3535054,32.44779,17.698484,0.03559909,0.46211132,6.9415374,91.59278,5.259608,18.5809,338.46948,16.449844,270.9054,20.389227,12.92929
-5.2425203,-6.7073245,15.0914345,-0.10370029,0.47903913,6.1271257,93.35239,1.8865354,1.116823,338.00333,18.453362,346.68,16.999548,28.542965
-4.915429,10.740724,18.095856,0.115952164,0.4507254,5.653644,97.4045,1.6806723,1.2490585,314.1977,18.798193,439.11197,17.090372,29.674532
-5.3398314,17.360334,15.962849,-0.1562178,0.45305178,6.8912196,79.78857,1.9497468,1.9188297,300.11404,16.99358,289.4523,19.761652,16.095312
-5.208665,3.9734561,16.942606,-0.18636799,0.46037525,6.8954105,97.23384,1.6744572,1.4487388,240.2872,18.140121,264.89462,19.190731,13.038266
-5.0990143,-9.705668,12.395552,-0.1400501,0.5052148,6.339593,81.33112,1.6704637,1.0498722,551.32367,20.709122,269.29608,19.78288,30.844458
-4.7461033,33.308826,11.932663,0.19999903,0.45273936,6.853766,93.6925,5.4827247,18.10319,584.7362,17.566166,267.7839,20.519003,13.019606
-4.892768,23.143358,16.083086,-0.05594897,0.59739304,6.8716774,74.97778,1.6791724,1.2130077,557.8446,17.844791,263.4414,13.820799,19.136518
-3.2281425,-9.558354,17.850695,0.199455,0.45312455,5.8862233,80.39011,1.677797,1.4215238,264.30936,16.951832,445.997,7.9087,30.852467
-4.666089,7.8982472,9.836156,-0.18097824,0.56424445,6.7257037,94.02605,1.7353576,2.1727746,258.1083,17.350048,277.0473,18.399834,14.212278
-0.2600824,31.993164,17.73604,0.25002074,0.45089412,6.9412017,92.26851,3.6921666,17.050583,317.3485,16.453817,292.8671,20.496098,12.944445
-5.250512,30.86326,8.503271,-0.17864639,0.61304355,6.485892,97.392876,2.152183,1.0940244,579.68604,19.37766,262.89783,19.630556,16.814322
1.4319874,-11.453805,18.014973,0.3290623,0.44398218,5.567354,88.79964,4.284455,18.042904,242.94812,18.408926,449.02737,9.552637,30.920872
-4.2323112,32.744877,15.039984,0.097948626,0.49832946,6.958279,65.05102,5.105715,15.533635,499.14777,16.4547,291.6396,20.348429,13.091379
-4.1233416,31.689953,17.77247,0.30942336,0.47501588,6.300974,83.90811,5.6740837,17.622692,323.31787,16.463272,391.09406,20.148565,15.105781
-5.5631037,33.212585,6.7578254,-0.13258816,0.6510405,6.6602955,97.13907,1.7509224,1.1868179,585.21674,16.593433,267.1648,14.103884,14.268283
-4.085371,-2.239241,17.407032,-0.04050011,0.48200443,6.4811993,86.14957,1.687178,5.309322,248.00586,17.63243,278.05292,17.030773,26.044426
-3.2725651,33.67898,11.031458,0.32870936,0.46349764,6.4379883,97.67153,5.788728,13.536106,548.5888,16.449938,439.34637,20.218813,13.037337
-5.4238815,3.3599217,14.731175,0.32984066,0.44789973,5.576199,93.364624,1.7928065,1.483918,273.6422,17.205889,448.98438,11.119319,31.035963
-5.016733,12.884604,16.675375,-0.16035846,0.46049905,6.837977,93.76728,1.949546,2.233701,456.755,18.843046,287.48993,15.395247,14.71806
-5.0640297,26.352821,9.879108,-0.13645239,0.53198403,6.8594713,96.71813,2.545678,3.5067203,579.9884,18.21921,262.7531,20.575573,13.428662
-2.2799194,25.345196,17.880493,-0.09972108,0.5473789,6.974493,94.12658,5.402301,16.185574,253.42667,16.449604,267.02274,20.568893,12.912595
-5.3132286,32.642803,9.112867,0.2610373,0.6260784,6.284116,56.100002,5.5416665,10.771183,585.2529,18.697165,347.73508,11.290346,19.643087
0.90253365,33.045525,13.8457155,0.32042375,0.44619814,5.821332,91.864,5.5675373,17.180191,539.0984,16.473421,439.0498,16.648088,16.595694
-4.262686,-4.1147256,18.178583,0.24633476,0.4610108,5.5753436,89.868195,1.7121538,7.3580084,244.78026,17.150324,448.40088,20.063337,27.794718
-4.9668226,1.1647278,17.651796,0.3237275,0.44331735,5.5956726,94.90313,1.7850462,13.663074,240.18452,16.679445,446.72025,20.160723,30.195032
-5.6191854,32.799587,17.293114,0.05895381,0.55173945,6.237194,95.5369,2.130001,3.2146394,563.2106,19.371569,274.4257,16.236942,19.074879
-5.191291,4.0046854,17.889177,-0.18484503,0.5530556,6.965698,95.03392,1.6920971,1.1831167,247.9056,19.744947,262.5595,19.589888,13.1246195
-5.146017,33.286766,10.727193,0.32402503,0.45356598,6.9050155,71.82998,5.758637,15.933346,581.03076,16.460619,323.4655,20.512194,13.629322
-4.257681,-12.158364,18.192331,-0.18711591,0.4481461,6.97307,85.15826,1.6710805,1.106118,239.94246,19.870306,263.86362,16.27258,15.783296
-4.46539,-4.844753,17.482113,0.32419792,0.4466541,6.075182,58.966003,3.2437654,11.601667,402.20923,16.483877,440.044,20.25881,18.468664
-5.2262573,12.682312,14.443213,0.07168723,0.45099717,6.002736,96.99497,1.8738496,2.6348298,317.14435,16.60622,293.58444,19.533325,21.456053
-4.85299,31.889116,13.299513,-0.016296986,0.5166595,6.9573197,69.162796,5.058037,15.921696,560.77673,16.46372,280.89902,19.673939,12.959516
-4.2679987,32.47997,16.723734,0.16944322,0.47349757,5.877432,95.23253,4.8090796,17.021126,523.90796,16.58567,378.146,14.724869,16.393522
-2.1797616,-12.13469,17.72629,0.23597482,0.44386798,5.576215,95.53474,1.6828636,1.1647689,246.38287,18.28272,448.69104,13.710192,30.960526
-2.559611,13.883378,15.1680765,-0.15686163,0.55822194,6.9746957,74.881966,2.6265838,18.129091,280.01672,16.473993,262.57797,20.551353,12.928103
-4.5599384,30.956135,14.041689,-0.026295517,0.5093303,6.972092,86.512024,4.0955844,4.4628224,543.97754,16.502104,262.7067,20.246347,13.042349
-5.411207,-11.31799,10.545627,-0.08898697,0.49516973,6.4943924,70.07264,1.675084,1.3413703,346.33655,17.047619,294.64822,15.035875,28.991156
-1.1094242,29.208233,17.968777,-0.17035797,0.4671929,6.9722595,92.98365,5.669316,18.138409,326.08908,16.484432,263.1376,20.420244,12.912557
-5.393262,-9.388661,11.570464,0.18896165,0.44933572,5.646126,91.750565,1.691656,1.0684774,469.93066,19.50052,420.80792,13.687985,30.674711
2.5880153,10.38965,17.834755,-0.14900613,0.4618038,6.0815363,96.712555,2.8802729,16.396936,240.18898,16.833239,424.52902,18.519588,14.033906
7.9907174,33.088017,9.015861,0.0034181892,0.5883209,6.974111,72.86377,5.7321024,18.347643,422.42374,16.457914,262.5573,20.363556,12.936245
-5.58852,0.9820487,5.543781,-0.030832533,0.49271354,6.2937264,94.67327,1.6966301,1.3135536,579.5701,20.07445,273.73886,15.677773,21.323315
-4.650323,33.28489,13.532156,0.32344928,0.5033203,6.4715533,84.46866,4.897299,18.257439,567.37964,16.48768,282.75296,20.174728,13.76965
-5.1826878,32.14294,11.860886,0.26015168,0.4754922,6.188627,96.47611,4.0251193,1.5774438,578.09814,17.370916,345.1183,16.750372,18.94725
-2.0219853,-2.356477,18.10372,0.326894,0.44431978,5.5902624,97.6125,1.8019817,16.251032,240.14038,16.632975,448.39062,17.60744,30.672112
-5.579644,12.162714,12.374241,-0.17642711,0.54993737,6.9496574,82.7862,1.8553975,1.0611274,583.13245,18.180367,262.79242,20.180271,17.174595
5.629132,33.640953,9.63167,0.040006828,0.60252964,6.9673047,93.15498,5.7922087,17.55371,555.02997,16.481861,262.5598,20.396303,12.919002
-3.2110918,26.562943,16.746712,-0.15640958,0.46806833,6.898978,96.4714,4.6536403,6.329275,260.17963,16.730247,266.63608,20.543524,13.420109
-4.0443115,-11.036206,16.916893,0.21710241,0.46626043,5.5683546,97.44645,1.6719998,1.0617416,315.043,20.705402,447.14606,18.140944,31.03953
-5.248477,33.296406,6.204696,0.24358901,0.49232817,6.235568,93.42374,4.597221,1.4007156,585.1265,19.59238,269.04016,15.1168785,17.904572
-0.29996315,26.022585,17.842312,-0.12036521,0.53193295,6.9745784,88.71596,4.369089,18.32782,244.67723,16.544819,262.64594,20.388994,12.942348
-5.5837936,27.90924,5.02012,0.036229245,0.58887327,6.8802943,68.173935,1.7473258,1.0960681,584.01074,19.90128,264.97363,15.322381,22.588272
-4.2033787,2.6366918,16.725359,-0.18431616,0.5206115,6.6843457,96.56313,1.7421132,2.7695787,256.93484,17.592445,274.35745,16.016731,16.895618
-2.9990265,22.728128,16.065435,-0.110997744,0.48316652,6.9741135,92.369675,4.968323,17.242065,505.37723,16.474014,262.59848,20.462948,12.932716
-5.6373672,6.84894,15.421727,0.33315966,0.4431008,5.567417,97.25143,2.5161736,1.4950559,405.33542,17.414528,448.98312,15.224071,31.05468
-2.746031,-11.108136,17.614592,0.2806115,0.44558004,5.6025224,94.3022,1.7021593,2.5310895,242.50288,19.454473,414.67233,14.857752,30.483553
-5.3668156,32.034035,14.822751,0.15417084,0.5026986,6.757709,95.12414,4.5456934,14.420572,384.62512,17.85859,276.7885,20.495857,14.901909
-4.4216204,32.061913,14.711633,0.109673806,0.4924541,6.0828714,92.339615,3.8106856,15.044458,496.12784,16.487738,277.18622,18.161392,16.210993
-5.297971,29.61156,17.507587,0.2413078,0.4546408,5.6667714,96.06797,5.7934327,18.21427,243.97304,16.508188,388.5475,20.214851,14.32543
-3.1905377,27.171822,16.959368,-0.17417333,0.53691936,6.971413,96.94767,3.4111638,6.087562,243.45001,16.487823,262.87064,20.443815,12.940327
-5.266919,29.147036,10.900182,0.32060537,0.4597565,5.8963127,85.09142,5.278938,8.538936,539.53827,16.452618,438.11502,15.15815,22.434536
-1.9752618,29.477247,7.4350424,-0.16551042,0.6546853,6.9746604,89.18333,3.4433422,15.178831,296.7601,16.459146,262.5345,20.342087,12.912797
-4.6112995,-10.819472,17.727142,-0.16139586,0.4507735,6.722972,85.43248,1.8215096,2.3778746,240.37918,17.168056,392.72607,20.1186,17.566713
-4.2797594,5.819895,17.489979,-0.099701025,0.5231204,6.1540985,82.83078,1.676309,1.5881755,300.31345,16.945395,356.15768,16.62863,24.591743
-4.8742056,32.94692,15.585324,0.3178241,0.47368243,5.8013783,94.88063,5.718315,16.663412,503.49896,16.538855,352.90845,19.477945,25.412079
-0.9536015,-7.3841777,18.039639,0.20164353,0.450876,5.5938525,95.52708,1.6773373,1.0541923,300.2262,20.691961,446.3155,17.05832,31.025143
-5.0518656,21.790201,9.507328,-0.1266013,0.51875526,6.814242,91.26538,2.212445,3.339421,556.377,18.310894,263.70798,17.483212,13.982675
-3.442642,-12.171418,18.019844,-0.18415189,0.4690998,5.941427,89.26309,1.670175,1.0683563,239.92068,18.569052,341.27036,16.250105,30.791481
-3.2334154,-10.98389,18.03569,0.3070228,0.44433627,5.5676284,97.52328,1.7585644,2.1150672,249.25342,19.082987,448.8049,18.043308,30.61125
-5.2327013,17.490126,8.194877,-0.012615348,0.51665485,6.831603,87.13108,1.7997125,1.5842454,575.0433,17.00943,267.1974,17.845417,18.32781
-3.443134,-11.35831,18.054655,-0.17862585,0.46343496,6.8023663,95.9281,1.7027761,1.7774446,240.17068,18.894781,262.8757,20.48606,22.043526
-5.624218,-11.462922,12.935458,-0.18029836,0.59477216,5.87231,81.315994,1.6700364,1.0492189,579.8794,20.724295,265.89316,20.076818,30.850508
-4.24776,-4.6421742,18.096617,0.23038135,0.46333262,6.887763,85.95718,2.278537,17.99451,242.60977,16.53655,337.3161,20.39952,17.990791
-4.5563107,-11.929788,17.693127,-0.14873469,0.5127164,5.594955,93.02715,1.6699055,1.0504863,271.63577,20.672436,328.86185,19.047855,30.981234
-2.7270896,-11.573047,18.010618,-0.051862303,0.4503972,5.5677643,97.64837,1.6713222,1.0714366,248.14163,20.552547,448.98013,11.219223,31.054085
-5.164752,30.514963,6.568347,0.31006068,0.5247773,6.5511837,74.93663,3.498687,5.367406,580.5836,16.992926,361.49652,14.019423,22.763042
-5.0170345,12.049532,16.016592,-0.13723126,0.49684855,6.5778403,95.522896,2.682295,6.828616,252.1311,16.588339,283.26962,20.37572,14.896114
-5.4008656,-7.671287,16.708948,0.09334376,0.4790651,5.607473,94.14252,1.730718,1.7830312,264.47226,19.743715,439.09927,10.0915365,30.128706
-4.8092794,29.247286,15.2671995,-0.14363478,0.5036977,5.735466,97.474045,2.0679665,11.390512,252.70287,17.550032,336.73843,19.968618,14.419953
-4.040161,18.919697,17.509539,-0.18494824,0.4755169,6.9677196,94.308266,5.3438044,18.089346,240.06355,16.448015,263.20078,20.581545,12.917212
-5.614849,-9.960563,15.456459,0.059912365,0.51262784,6.040514,86.2992,1.6702577,1.086683,560.3903,20.68709,366.41678,16.833344,30.817923
-5.2177515,14.30619,11.1500635,-0.16538689,0.60951185,6.9664917,87.339165,1.7027339,1.1215417,561.33075,16.672413,262.78503,18.932695,13.272846
-4.087262,23.67937,13.043986,0.2784452,0.47141778,6.5013127,94.92485,3.5053217,13.765711,307.19943,16.48178,340.06708,20.239307,15.646799
-5.176998,-0.17275746,17.589739,0.24706067,0.4439935,5.576183,94.77186,2.4145021,6.3720684,372.3077,16.605654,448.17773,13.061576,29.835863
0.85365975,33.150608,6.901369,-0.05488835,0.60841554,6.9622755,97.565094,3.4118223,3.9203508,583.2383,16.603584,262.56146,19.966621,13.026891
-5.5135746,33.42023,14.249889,0.14267623,0.4841327,6.6391897,97.48623,5.7857585,17.136017,539.56757,16.463455,291.04602,20.224964,12.97047
-5.1842995,24.418503,18.011108,-0.12891653,0.46054706,6.9667463,94.996956,2.916496,6.5960307,448.34378,16.470886,263.45563,20.570446,13.27057
-5.365,26.977036,5.1609683,0.10305317,0.5280753,6.561865,79.50085,2.181438,1.0875509,579.42676,18.578379,268.67133,14.041738,20.207409
-1.6824185,-8.860076,17.74768,-0.15653001,0.4590034,6.135647,96.47352,1.6705889,1.103359,247.57684,20.637806,302.97253,17.576368,21.635181
-3.8913243,21.064957,16.600815,-0.13071597,0.4944984,6.8879633,92.22355,1.9473783,2.351094,391.97363,17.238743,263.7671,20.431326,14.406431
-5.618514,32.332012,8.637365,-0.1709286,0.6484432,6.9116325,91.89186,1.9929221,2.5771358,572.70465,17.824057,262.6441,20.326977,15.61007
-5.473489,27.702702,13.717494,0.18567917,0.46270794,5.9376273,93.344086,5.5955467,12.6552925,311.97293,16.540707,337.71576,20.011053,21.721111
-5.0796833,33.45145,6.111525,0.3106308,0.5486383,5.669787,94.38798,3.292983,2.2893045,585.3102,19.04184,321.8636,14.748079,30.47348
-4.109152,-11.828368,17.27438,0.2981007,0.4487269,5.5672593,91.74327,1.669958,1.0537717,490.61456,20.714912,449.0212,5.6166563,31.074577
-5.3564854,32.885147,6.7062006,0.052792948,0.44819456,6.236725,95.9646,5.321876,12.0147505,511.86197,16.530397,273.93497,20.175938,13.418723
-4.6351633,15.687879,10.106412,-0.15260279,0.5530488,6.97091,87.554,3.7597528,5.970284,276.29794,16.492311,263.34406,20.374544,13.240042
-3.7379997,-12.061378,17.986933,0.033114895,0.44521257,5.5733185,96.02349,1.6699387,1.0493724,247.18176,20.732603,443.4241,14.599383,31.04483
-5.424164,33.12699,9.735831,0.26187465,0.56494296,6.908639,86.90685,5.3692336,15.57544,563.7383,16.459398,263.37677,20.501646,16.499998
-5.6304665,33.507694,7.636994,-0.0642449,0.47307962,6.962073,94.7954,1.9394232,2.3177392,582.17804,16.798695,262.93787,19.457293,15.892168
-5.4386635,13.625117,7.4053698,0.23841691,0.49673352,5.5707145,93.29794,2.6361136,2.7514722,381.9495,17.295729,443.55167,18.363947,25.550837
-3.6973398,-11.7414465,18.17136,0.2989447,0.44332287,5.5673876,97.60878,1.8364671,2.272123,249.94691,18.324121,448.82248,17.246483,30.56392
-1.4157716,32.830723,15.979048,-0.15025619,0.5050216,6.9432807,93.09368,5.42689,18.45836,323.65482,16.46356,263.74228,20.502369,12.935741
-5.0877123,31.53271,10.622231,0.25134486,0.4933527,5.923749,95.66389,3.984461,14.513514,549.402,16.875628,308.9671,17.119806,20.583708
-5.611842,11.17675,17.987953,-0.15838902,0.5117097,6.970327,97.59243,3.9000304,1.85765,279.81033,16.455496,272.16428,20.552269,12.928228
-5.2845335,33.64658,6.5525355,0.33115128,0.44595358,5.610629,97.17104,5.7206755,14.54368,572.0232,16.83583,441.25168,10.806264,29.277988
-5.5167007,24.208313,6.367786,0.25621402,0.5333714,6.3063445,94.88161,3.197128,10.742472,556.9116,17.980867,263.57132,19.358557,20.923666
-3.892103,28.316422,8.470485,0.30582917,0.45848346,5.6673536,93.30402,3.1298962,15.47211,502.80087,16.649498,383.63727,19.720999,24.578718
-5.5973377,-5.76209,10.235041,0.20048298,0.6099271,5.722379,94.16936,1.67303,1.0589254,362.8525,20.70907,273.31497,20.523228,30.620865
-5.2255154,32.33289,9.206132,-0.036158036,0.5387432,6.970866,82.3345,2.9622586,1.6543357,582.45135,18.984404,264.6036,16.52797,13.1276865
-4.314295,30.621767,11.755883,-0.15953778,0.60613096,6.9734616,80.53308,5.0217524,14.104811,454.11673,16.97458,262.54364,20.444326,12.918142
-3.1979725,33.63422,10.713744,0.33164924,0.45012543,6.052622,96.16612,5.801653,18.24028,400.29782,16.447964,430.41464,18.015648,13.666931
-2.3245542,-12.059714,14.342903,0.25794494,0.44725582,5.5674934,95.69994,1.6736332,1.0498197,550.8637,20.72779,448.86288,7.3990936,31.072521
-4.5474234,28.09789,7.5294986,-0.15774164,0.5617054,6.838862,96.94294,2.0169811,2.3059762,253.13432,16.461594,268.4194,19.28225,13.100982
-5.5409956,33.66645,5.460664,0.15862763,0.5662959,6.820419,97.73178,5.335626,4.3941655,580.833,16.511478,264.10092,20.19545,13.395476
-4.141431,12.696603,15.554025,0.106332324,0.44733554,5.796932,96.75612,3.0328074,9.441056,503.502,18.6951,308.20908,19.725456,28.811703
-5.405319,33.014435,17.21772,-0.0082775755,0.50794697,6.966026,92.95415,4.6866107,8.297771,375.25134,16.6435,270.17996,19.260101,13.1243305
-5.27534,-4.793223,17.113182,-0.10165421,0.45078167,5.9809513,95.10826,1.6782254,1.4948289,297.33676,18.417725,336.62115,19.671238,20.22338
-5.209674,33.647655,5.999614,0.25911397,0.56577,6.849238,89.63405,5.7027116,13.440518,585.3969,16.475302,264.75833,20.189804,13.516033
-5.1533604,9.986287,12.894093,-0.068983085,0.54736644,6.2910314,84.76982,1.6958846,1.1703918,514.5301,17.163296,266.50378,17.550907,25.138025
-5.569792,32.12269,6.721773,0.08510712,0.5793242,6.276608,96.948975,5.053345,3.4559505,489.54263,16.478628,350.15277,20.3515,13.573048
-4.983426,2.7182539,16.186174,-0.17461035,0.538199,6.840563,88.14908,1.6752561,1.344526,380.63,17.270977,316.0552,17.978018,16.240854
-4.8518953,32.731346,12.275698,-0.07893627,0.55899286,6.910786,85.51392,5.1780343,14.59499,519.84503,16.476416,263.33853,20.386858,13.012962
-3.9403942,-8.377891,18.06803,-0.18608248,0.47532153,6.972841,79.705376,2.7355962,17.396147,242.28412,16.811008,262.66995,20.57308,12.933173
-5.347871,15.257007,13.21637,0.32350913,0.44469413,5.576052,91.72424,1.9627981,1.8111341,583.91846,19.82193,447.8408,10.520616,30.993513
-4.579959,-11.101304,16.152246,0.32984105,0.44443733,5.5672393,97.5355,1.6916691,1.1339586,448.948,20.532484,449.03552,7.8006134,31.070786
6.2753572,-12.178082,18.180136,0.24789585,0.4459331,5.567313,97.06024,1.6699263,1.2973344,239.80957,20.668598,449.01315,15.3197775,31.0444
-3.0860941,-11.598102,16.72022,0.05815065,0.46146622,5.7550964,96.22208,1.6715995,1.0614536,244.73639,20.393665,428.7673,17.860579,30.914755
-3.0941975,-10.837806,18.17857,-0.18328655,0.47939417,6.6212497,95.92311,1.6701285,1.4665525,241.14053,19.997982,406.77234,20.508526,27.629045
-4.3587303,24.422915,18.047754,-0.1838234,0.47345954,6.9722815,90.32231,2.7294505,9.547447,247.48601,18.330753,262.83783,20.550917,12.93011
-0.2115337,20.719831,18.12195,-0.08021503,0.50604093,6.875789,94.139145,2.358405,2.7487037,250.48486,16.498684,421.33063,19.949636,12.972338
-5.592272,-5.108084,16.850168,-0.1361094,0.49861345,6.6796217,85.2285,1.6719095,2.0704458,294.4334,20.653648,267.85907,18.567146,22.624853
-4.902835,26.120153,16.00191,-0.05236922,0.5516968,6.457682,86.01159,1.8639323,4.409666,514.7457,16.755552,269.06833,20.302319,17.925127
-5.371954,24.784922,18.065723,0.0888856,0.45236027,6.283162,92.44242,5.489628,17.413506,240.31136,16.476435,415.3103,18.449053,13.264501
-5.4452457,19.625622,9.754424,-0.021416288,0.46039256,6.0800962,96.98101,1.725936,1.7332914,269.7391,16.767069,275.67554,16.806341,23.385939
-4.7168818,25.519032,17.959494,-0.011747989,0.44864157,6.51471,97.36305,2.968736,7.4653764,240.87564,16.482763,359.627,20.531399,13.355478
-3.2721212,28.071976,16.13908,0.32957366,0.44853172,5.5685225,95.24771,5.7103343,18.133627,254.79788,16.68116,448.82352,12.170343,27.218344
-4.2894325,-3.6159146,8.9347515,0.3246862,0.44784454,5.567465,96.908714,1.7717416,1.1324956,515.4375,20.192345,448.91498,6.2466464,31.06721
-5.303897,32.31764,5.137209,0.33287752,0.5203063,5.567904,83.44457,5.19684,4.394315,585.1312,16.493612,449.01187,15.796143,30.880976
-5.3355284,28.118706,5.478804,0.20292826,0.47927245,5.865608,95.821205,4.9953513,2.406627,584.65204,19.035664,343.30643,17.504736,20.32444
-4.4521646,33.710205,11.4804,0.31460962,0.60322094,6.7719946,79.49803,5.801935,18.556963,520.5668,16.448511,288.13177,20.462343,12.947547
-4.904088,24.34651,10.241087,0.12605947,0.46233636,5.657408,96.979546,1.8783271,1.2980773,581.9854,20.5978,345.7819,9.775671,29.972633
-5.2273474,11.080275,10.531912,0.035138477,0.5086265,5.6531405,96.61479,1.7004827,1.0777824,457.5629,19.75517,408.47943,18.79807,27.865244
3.2759705,3.175192,17.888136,0.16741788,0.44927388,5.7788086,91.894485,1.717861,1.9916141,243.3174,16.608662,434.70483,19.92221,22.321396
1.3843795,-6.145864,18.157236,0.29223007,0.44836837,5.778568,86.215744,1.7249135,9.061904,276.78217,17.517006,448.4925,11.63406,25.676888
-4.687359,31.365393,15.017686,-0.17131752,0.55879194,6.972531,94.93801,4.9506726,13.629568,315.45798,16.477188,262.81693,20.402376,12.93696
-5.21085,30.55192,16.422493,0.24391264,0.46087152,6.6534452,91.91267,5.643305,18.452099,483.55563,16.47729,284.08017,20.49952,13.466052
-4.216275,21.594683,17.855536,0.22573434,0.44678292,5.603928,97.42465,1.7016705,2.1312258,240.5454,17.88157,446.855,10.594095,28.081873
-4.7138596,0.28595513,17.422697,-0.17390145,0.5762058,6.968779,85.33695,1.8432271,5.921473,250.32738,16.85669,263.23346,20.568684,13.832153
-0.5179602,-11.77279,16.518417,-0.178206,0.4455347,6.9705825,96.63387,1.7298964,1.4166505,242.88898,18.391426,265.29474,20.125956,13.57134
-5.650423,17.19105,8.514571,0.33255368,0.45391944,5.567301,95.95569,1.672378,1.2179382,584.8173,20.668411,448.83496,6.536268,31.073761
-5.357177,30.774342,12.731095,0.0032638505,0.56367785,6.928952,91.639656,4.3334937,14.006763,413.55853,16.576326,264.46973,20.134329,14.349942
-5.064602,28.661003,17.097942,-0.07494827,0.5296655,5.7035007,81.496346,2.4755895,3.5765483,570.52936,20.066378,281.03384,19.42065,25.128717
-1.6828414,-4.266169,17.445488,-0.060756262,0.48350254,6.3739705,83.67693,1.6752154,1.8805487,246.6068,17.319983,388.13342,14.373175,17.320028
-4.8277216,28.999311,17.81745,-0.17082706,0.48806348,6.9251614,97.76316,4.478329,1.9516795,244.30557,16.589424,398.08997,19.861341,12.9385805
-5.260683,-6.182615,17.671326,-0.12285902,0.44974276,6.305025,95.89682,1.6812724,1.1876371,241.78058,16.813478,424.96674,17.729101,19.312725
-2.5691264,33.556225,15.698354,0.019840345,0.5158256,6.863386,97.10999,5.801161,11.154705,441.66797,16.454746,269.71844,20.119802,12.924025
-4.7015724,25.444746,16.907137,0.29980657,0.4487674,5.6888504,96.20703,3.711282,7.5421877,361.76297,17.01889,444.7611,15.215356,25.182737
-4.2990847,30.444633,6.565322,-0.009788948,0.54908437,6.9666324,87.94628,4.4547133,8.373167,583.4868,16.8728,262.68082,20.302248,13.153208
-5.3190994,32.14338,14.952486,0.18082593,0.5232593,6.895748,94.99279,4.744264,16.140392,356.09842,16.46018,270.57306,20.31352,12.956448
-5.328541,33.717705,4.7475376,0.117801845,0.56771487,6.877732,91.47481,5.7963057,10.510948,577.45825,16.532093,264.23236,20.129213,13.035769
-5.6359205,24.97756,15.438651,0.33094212,0.46435124,5.5776954,86.17866,3.1454978,4.9221544,508.46674,16.47723,448.77512,11.138405,26.176598
-5.588126,33.719097,8.096708,0.218318,0.6194043,6.97396,96.61853,5.804173,15.643491,585.36206,16.448399,263.8378,20.305923,12.912816
-5.5384893,33.100975,11.0660925,-0.08158954,0.49278915,6.5366497,97.03096,5.5613775,2.601731,574.5873,16.555113,270.8998,12.562759,13.240138
-5.0704575,27.204042,17.130682,0.27369964,0.44637442,5.952481,95.23366,4.2065682,12.818819,427.54425,16.473434,391.9069,20.28066,15.484039
-5.4764175,10.395918,15.8663845,-0.15221617,0.4619524,5.938201,95.220634,1.6741244,1.1512086,553.46747,20.559341,267.28427,20.087074,28.70471
-5.449896,31.12133,15.273963,0.21883973,0.4699424,5.708607,91.901375,3.207391,5.971029,487.5734,16.760145,336.4068,15.895483,25.411877
-5.519308,23.132881,17.664469,-0.1668824,0.50951713,6.929273,97.391,2.6802409,12.467744,240.43976,16.44869,267.6978,20.47948,12.939448
-5.392535,33.471607,5.5923905,0.09152588,0.6541809,6.642335,91.774925,2.3658195,7.026937,583.26056,17.399282,266.05057,20.086164,13.924363
-3.5989525,20.377848,15.528652,-0.15539713,0.604035,6.97421,89.34313,1.8330551,9.644541,246.28033,16.469685,263.2534,20.246464,12.975785
-5.4030523,32.119064,17.296602,0.23596334,0.44734213,5.583272,97.88923,5.0894337,8.819433,483.54987,19.39228,347.82785,19.830643,17.509087
-5.5356426,9.552667,8.066359,-0.04467639,0.46149567,5.911299,95.73389,1.6726333,1.0777996,568.12665,20.621283,279.8236,17.622139,29.376059
-1.8514067,-8.23845,17.903067,0.07058797,0.44956312,6.5542345,95.86385,1.7610978,3.07398,239.88776,17.580616,337.87924,20.41423,15.3866825
-4.8667107,-11.937764,18.176746,0.2743299,0.44717634,5.6027923,86.9232,1.6699883,1.5663879,240.24498,20.056328,447.04816,14.957356,31.04386
-5.4764023,26.081251,16.505756,0.30198485,0.44928107,5.7968435,87.95631,2.0668528,3.9455016,382.21008,16.827879,415.36588,17.055191,25.653217
-5.6598206,33.695152,5.188348,0.21973993,0.60939485,6.9439793,95.012764,5.464784,2.9372842,585.5554,16.639017,262.75446,20.529558,13.042007
-5.450883,9.259917,14.157038,-0.15275134,0.46269786,6.870286,92.0805,2.1279995,14.520499,240.58284,16.537432,282.2141,20.283981,14.404905
-5.3528433,28.56405,14.343784,-0.007445793,0.52952164,6.9695005,74.096565,3.683061,2.6505067,518.16724,17.0765,262.65628,20.38642,13.014419
-4.874915,8.574326,17.017544,0.14758983,0.46631253,5.7717495,96.16026,1.7708995,1.1792305,347.74564,18.3509,401.28568,19.35194,19.052273
2.6073904,33.70356,17.57917,0.32611316,0.45845562,6.8713765,94.732704,5.805071,18.620066,263.3659,16.449556,272.52737,20.587778,12.929806
-2.848571,-10.87065,17.935953,0.28156683,0.46251917,5.5821123,96.138626,1.676186,1.1367004,352.58218,19.614376,446.35535,14.090229,29.228918
-4.750078,33.678337,7.826693,-0.111943714,0.67156506,6.974539,90.49978,5.7964053,16.19139,584.2323,16.450485,262.54626,20.586535,12.91478
-1.8785387,32.8286,15.470344,0.3329781,0.48642024,6.43262,65.18169,5.7987204,18.618505,497.38303,16.449854,431.52618,18.730162,13.819904
-4.187253,15.664632,16.426813,-0.18677247,0.6071318,6.97466,64.508224,2.212687,12.816103,239.85622,16.525272,262.6596,20.522268,13.261446
-5.600669,4.042396,6.150351,-0.18635601,0.6573363,6.687564,78.79952,1.6919407,1.0929925,570.6842,20.731258,264.00815,19.727098,21.607368
-5.6070337,-4.996159,14.067306,0.32897475,0.44842947,5.5920253,86.36923,1.6785511,1.0531881,569.7043,20.059723,446.53476,18.051397,31.057386
6.9815936,-9.255292,17.917683,-0.022549082,0.44442546,5.7053857,97.50646,1.8611358,8.859346,239.82532,16.464413,448.50436,19.189684,14.517307
-5.613634,33.54093,10.568758,0.3211286,0.50105304,5.749602,93.228386,4.789642,3.294142,582.41174,16.823534,287.47446,20.1075,23.09474
-5.3101435,20.521633,5.778378,0.28755042,0.4938388,6.1523185,94.163956,1.8708805,1.3226097,576.13873,18.944641,329.58926,18.127542,24.95619
1.1566459,-10.17019,18.197046,0.31214675,0.44360265,5.596315,88.9595,1.7416815,16.408052,239.8147,16.48847,448.9746,19.37978,24.88923
4.4196234,5.380778,18.162598,0.3291862,0.4449255,5.572153,87.868065,2.4209685,6.1978073,242.58818,17.422787,447.80292,10.236797,28.996563
-5.412121,22.131338,12.051853,-0.08227279,0.53187305,6.899625,75.52017,2.9049647,1.5599992,581.8316,17.680359,271.8594,16.931717,14.289041
-5.492338,12.448346,13.533715,-0.18614104,0.5068826,6.9034147,92.14443,1.6785392,1.3082626,507.35336,19.914404,263.1231,20.452963,15.206005
-5.1927633,8.271448,15.929757,0.058293078,0.45187947,6.633738,86.66306,1.6853498,2.3965933,392.34836,20.44644,264.62943,19.692635,17.80463
-4.3750315,8.022962,10.514902,-0.14857833,0.48529375,6.845972,96.28656,1.6848212,1.12907,440.66827,19.322992,265.54498,17.41466,22.629852
-5.507558,18.298313,4.787564,-0.002052854,0.54944414,5.6957717,94.47335,1.9039068,1.109947,579.1484,20.464937,398.5914,12.305743,28.747566
-5.4253807,-8.077586,12.801264,-0.16322064,0.45345992,6.618226,90.73227,1.6729726,1.0555313,421.902,20.72557,265.66724,19.762175,30.241983
-5.6182547,31.893747,5.2779627,0.32481432,0.48106045,5.5757804,97.50424,2.194474,1.7710416,576.5603,16.757732,443.79102,13.513561,24.98849
-5.452821,10.23665,16.132456,0.019389141,0.5027824,6.4150076,61.847347,1.6704198,1.0559585,578.7063,19.258776,272.8003,17.644777,29.8954
-4.052393,-12.062831,18.134638,0.3102887,0.44509947,5.567248,97.80043,1.6699151,1.0500076,457.23294,20.733507,448.97845,5.682913,31.07463
-2.6596105,12.863221,17.652752,0.33020586,0.44317806,5.5676675,97.22817,5.572378,18.199814,369.50266,17.47539,448.86655,18.423996,30.886646
-4.406726,33.723015,12.470687,0.32921302,0.4798284,6.6005325,96.02132,5.8048925,18.436066,585.39905,16.463552,264.18896,20.575909,12.94225
1.8157057,33.72243,15.433592,0.33230436,0.5478284,6.9435973,75.91403,5.8048053,18.619955,583.8228,16.447104,324.56946,20.562056,13.051869
-5.240636,33.388966,15.201894,0.2767311,0.523554,6.7935934,91.227394,5.3849545,12.364707,542.611,16.451448,267.15585,20.392654,12.976288
-3.8760483,25.511297,17.520433,-0.16966365,0.54731864,6.9746695,89.54218,5.5947423,17.880129,240.05916,16.452785,262.60904,20.524475,12.912106
-3.287351,21.15894,16.176119,0.32424447,0.45899928,5.6144447,83.24454,1.9865952,14.414072,453.36847,17.548042,447.4215,10.390354,30.199127
-5.214876,10.280881,15.936476,0.27498236,0.45358315,5.5888066,94.83885,1.7395265,1.6755388,329.87042,16.573282,447.05807,15.870607,26.887154
-1.3055688,31.658037,9.617019,-0.05808353,0.6359003,6.5046797,96.83028,4.268435,1.5219543,580.65015,17.461103,272.33047,11.468953,14.004747
-5.557705,-7.512031,16.240992,-0.17394885,0.5432378,5.856518,96.833206,1.669947,1.0496137,530.8048,20.665894,277.97415,18.410856,30.682652
-5.6465607,33.698708,5.7059584,0.327585,0.45970085,5.9617558,71.424095,5.5945826,13.626532,585.6083,17.074009,377.1229,9.136936,27.819132
-4.735488,-9.493997,17.868881,0.054886963,0.45077258,5.7786255,94.72634,3.174243,15.809511,240.21529,16.73346,420.2137,20.338852,17.469051
-4.9631004,-11.833035,17.480383,0.2675285,0.44574416,5.569746,88.79452,1.6699306,1.0505788,507.28638,20.516102,449.00632,6.989013,31.074106
-4.4607725,31.544533,15.423173,0.3288763,0.4686478,5.597576,94.59322,5.696808,17.678793,483.8283,16.465874,446.8889,16.16319,18.676271
-4.842825,33.29827,10.324823,0.16030057,0.46152204,6.9354978,94.14751,5.7594614,11.355312,561.364,16.501377,263.22696,20.187357,13.483563
-4.5323763,32.598167,17.973011,0.32419178,0.45089102,6.615188,95.96311,5.790545,18.565742,244.60056,16.447598,325.81085,19.994724,12.922055
-4.646307,14.466875,8.095175,-0.18371838,0.47507033,6.956374,97.82955,1.9129604,1.1946571,243.31146,16.564838,262.5312,20.518984,13.009889
-3.8881042,-12.167489,17.45343,0.33317176,0.44296864,5.567238,94.78179,1.6715072,1.1311967,241.52768,20.510172,449.0447,6.565625,31.073929
-4.8237877,26.88094,16.289976,0.31601906,0.45659864,5.621121,94.100876,2.609603,3.985757,336.8453,16.803434,443.39755,14.231545,28.70521
-5.567033,14.7638035,16.756498,-0.0067015174,0.45978644,5.735122,93.81018,1.6702408,1.289253,334.58286,18.170654,383.5593,16.094524,30.34141
-4.7008896,13.361721,18.155823,0.015325078,0.45448968,6.922842,83.4534,1.8214605,17.85618,295.04208,16.54723,335.5214,19.95765,14.260119
-4.966338,33.18848,6.3826494,-0.16548318,0.59505415,6.9736004,89.91273,5.754885,7.2157254,578.93933,16.503513,262.5234,20.324694,12.921222
-4.3662653,31.09878,16.151459,-0.10993523,0.47353604,6.9486337,96.24937,2.9174302,9.123121,362.6977,16.47875,270.83084,19.734787,13.724827
-4.9316177,-3.7926352,16.508436,-0.039646123,0.46897504,6.598033,89.808075,1.9644009,4.269738,283.31476,16.499077,333.4804,19.200134,19.04684
-4.714658,31.578852,11.883894,0.025162648,0.6259816,6.958738,83.80501,5.742724,14.477032,557.615,16.461422,265.3913,20.188951,12.926105
-3.9670365,32.899258,16.284927,0.15947805,0.45599908,6.95701,82.54826,4.85425,11.0920315,428.26813,16.72387,277.24545,19.562202,14.899587
-4.483284,31.07055,17.382029,0.28354982,0.4505938,6.7237372,90.83399,5.4091816,15.978534,257.4426,16.473291,359.19485,20.496876,13.1897955
-3.9155843,33.506184,9.938854,0.09982976,0.517234,6.972277,94.451645,2.887209,10.357411,570.8061,16.472256,262.94467,20.483912,13.131917
-5.470229,33.44785,16.831373,0.02788049,0.45635253,5.680703,96.00816,5.573989,14.707453,465.85245,17.062521,435.56122,15.48137,16.960415
-5.2440023,33.651337,6.0294785,0.2817488,0.5143316,6.4750466,83.98174,5.7807713,12.858203,585.2689,16.578094,282.6583,19.348904,13.891685
-4.877493,30.558708,13.261265,-0.05372877,0.4706815,6.6073184,92.73141,1.9437754,4.102764,457.87314,17.50943,263.8233,18.703012,18.64293
-5.554944,-10.494716,15.544264,0.08201834,0.5344861,5.6035194,97.22235,1.6709822,1.0497558,409.19403,20.689713,350.35703,19.010378,30.928968
-0.78678906,-10.844653,10.14763,-0.14302193,0.453953,5.646963,95.95431,2.0675926,5.1863084,344.41748,20.580267,425.8158,19.021698,30.467564
-4.5246954,33.6872,16.281557,0.28687915,0.44973722,6.947392,96.98269,5.6257153,18.357462,469.0778,16.448214,271.63385,20.43064,12.920003
-5.2470007,32.469772,4.883468,0.13599071,0.61042434,6.130089,96.35899,3.6948106,1.5959699,577.97577,17.931665,290.19608,11.108493,23.58976
-5.6278086,0.17917411,13.492695,-0.13139726,0.5024661,5.609405,95.50181,1.6907667,1.0621402,544.81,20.648165,273.85562,19.679146,25.087618
-5.5330305,-10.729945,16.91532,0.15619053,0.45303524,5.567356,97.07173,1.7083017,1.0667284,505.86374,20.724045,448.4351,17.436712,31.058825
-2.7622807,1.8550926,18.11204,0.14950484,0.49352652,5.6464305,88.06649,1.7618661,6.6632996,266.91495,17.220276,444.3689,18.179302,24.559193
-4.178673,-11.753713,15.800504,0.33146316,0.44405952,5.56724,97.18135,1.6718396,1.1775033,573.1974,20.662066,449.03165,9.595573,31.074451
-5.281539,-7.323749,14.916505,0.330899,0.46409073,5.568634,95.57057,3.9849854,2.4868433,399.7606,20.501324,444.7198,18.789112,31.063286
-3.8328483,17.724861,16.97229,0.33223748,0.44315585,5.575121,85.7397,5.8033457,18.586615,240.60281,16.465658,449.00665,18.57211,19.736662
-4.9306307,-6.1877112,17.961555,0.030089606,0.45934618,5.662074,90.43016,1.6744999,1.5123403,270.85333,18.313463,434.30478,17.28587,30.560616
-5.1916075,16.814636,17.72774,-0.058302518,0.5523955,6.831216,84.11692,3.7322133,10.0583105,288.26218,16.53355,281.63843,20.243078,13.263011
-4.083416,-9.191154,12.85105,-0.18404111,0.4776851,6.3163123,96.32544,1.6725222,1.1883419,250.60698,19.060198,308.1139,19.958918,28.712656
-5.3206797,33.617718,5.6368966,0.3303732,0.52108824,5.9395113,93.39617,4.2780533,3.8618314,523.07214,16.447361,434.62988,16.531836,25.550186
-2.949034,30.19136,13.811328,0.26411402,0.4994779,5.6159997,85.4481,1.9365282,1.7198122,576.3044,20.371931,355.65292,6.058562,31.003216
-4.483716,33.489403,10.482366,-0.17890456,0.62712526,6.9362106,96.42296,5.584413,2.2842014,570.3904,16.560688,262.81342,19.303833,13.018295
-5.25836,18.44419,13.330018,0.24695244,0.51587236,6.624112,93.35993,2.0559905,1.6501701,574.27484,18.397697,297.95248,12.913848,22.447372
-4.600914,7.19184,16.524479,-0.15379529,0.49209937,6.9730253,91.20044,2.4125028,9.154329,457.99365,16.632778,263.15146,20.525133,12.9988365
-5.525814,0.6806924,13.851276,-0.18078259,0.5067606,6.9642406,97.15765,1.707318,1.0752065,339.63614,16.82208,262.5978,20.403591,13.546475
-3.4879663,33.08682,17.05775,-0.15214904,0.48786595,6.942147,94.40784,5.5484805,14.179873,327.8345,16.469448,262.9114,20.515585,12.938966
7.392527,-12.184178,18.093075,0.065464474,0.44569784,5.571042,93.20299,1.6709915,1.0501173,261.36407,20.619467,448.95688,12.482993,31.045631
-5.2306623,-8.280694,11.084047,-0.18488172,0.48567325,6.9279623,93.055016,1.6722528,1.1530511,265.86652,19.684465,262.75192,20.37863,14.769922
-5.3034277,3.3322732,16.648218,0.31370252,0.44384018,5.5706725,93.5116,4.519031,16.04383,241.86597,16.629454,447.89276,18.3788,27.97803
-5.028059,18.560467,13.8820095,-0.11036388,0.4963342,6.331344,95.30603,1.6875011,1.0725486,532.23773,17.910519,368.9699,13.727589,24.982998
-2.8426087,-11.27628,18.144863,0.33257276,0.44416517,5.5673103,92.427,1.6710397,1.067002,246.98409,17.343882,449.04266,6.101033,31.068409
-5.666258,7.4074664,7.8709855,-0.07465767,0.46344697,6.711307,94.106636,2.1257844,1.1688192,511.27252,20.659302,264.1217,14.944459,13.0418415
-3.5268924,6.0469337,14.986885,0.15122189,0.5115389,5.959921,93.97965,2.3676858,2.1311786,474.30225,18.42724,338.34897,19.762182,16.489864
-4.4869823,-5.5508113,15.190233,-0.045201186,0.46657333,6.024648,92.099846,1.8308253,3.829038,264.93243,16.616636,385.47635,16.98329,16.21861
-5.56462,5.466463,15.150485,-0.16672148,0.46869588,6.0536823,96.73352,1.7507372,1.0862072,264.80975,18.012981,274.94705,20.277529,21.88727
-5.60386,33.620743,4.576583,-0.07830269,0.637996,6.9507246,97.266205,2.6855307,1.4498241,585.2215,16.512365,262.66626,20.507397,13.03048
-5.6075954,19.72107,12.698191,0.3316982,0.444532,5.5684276,91.71606,2.6549082,1.5192688,578.33527,19.712046,448.43677,12.860667,31.048046
-5.1401377,22.790777,17.965702,0.1131787,0.4493687,6.6903067,89.05461,3.2343936,7.6170325,315.65762,16.559841,350.83078,20.11527,13.124423
5.5416636,31.271383,18.177456,0.3273427,0.4504544,6.949171,70.13954,5.5484734,18.618526,270.45016,16.463734,325.09286,20.313868,12.980628
-5.039481,14.93686,15.763374,-0.007862533,0.53886104,6.8666496,93.87768,1.767975,1.3387268,519.96515,18.664497,286.2381,18.06097,14.102782
-4.954508,14.227862,16.116879,-0.16705276,0.46508077,6.8064346,94.86344,1.6885072,1.6253965,286.7792,19.518616,264.21063,20.242147,16.160091
-4.476227,-8.224513,17.783072,-0.10690864,0.4493297,5.643597,97.502846,1.721572,8.173106,284.77173,17.32267,444.4526,18.253572,13.747928
-5.587303,21.688442,10.075679,-0.14698176,0.50377417,6.8604574,93.88254,1.8609486,4.5232196,458.74258,16.874582,264.25455,20.446678,14.22374
-5.4941835,6.822399,15.2951145,-0.0041812467,0.47043097,5.954438,84.81545,1.6926919,1.0789669,579.0031,20.095734,391.13736,16.334646,30.536373
-5.3080034,-5.4446177,10.2709465,0.27556878,0.44493115,5.6604795,84.644516,1.7286955,1.0955856,556.2232,18.599298,447.01935,13.617266,30.876547
-5.5800285,33.208977,13.850495,-0.06210422,0.59894675,6.939124,95.07347,3.5815828,3.6235492,575.66113,16.937052,264.3944,20.191545,13.217941
-4.667179,25.458635,11.24029,-0.17544743,0.6516089,6.8963213,93.6074,2.797729,1.9523652,307.82388,17.73804,263.08698,19.279049,13.666208
-4.2928047,31.855314,9.197528,0.3202809,0.4577834,5.640776,86.24064,2.2714252,5.949067,572.46436,17.024948,441.29398,10.308192,30.466238
-2.165912,-11.393613,9.999939,-0.13408133,0.44611815,6.414557,91.46734,1.6713139,1.0604227,359.7451,19.829136,375.1535,18.681355,27.68206
-4.0157013,-7.619308,17.727634,-0.15825775,0.45147538,5.617441,97.02925,1.7235461,1.4677227,245.79407,18.742561,408.6601,19.026564,30.54972
-5.3592834,30.73143,17.51514,-0.17963317,0.48950306,6.961612,89.80881,1.7440509,4.812452,248.949,17.108635,263.8443,20.197443,13.641217
-4.3622866,23.617615,17.241415,-0.173532,0.51198846,6.964644,97.242645,1.8491662,5.90986,240.98755,16.491629,265.04486,20.436628,12.953797
-5.424801,33.594196,5.1403995,-0.18170246,0.6614181,6.974715,89.62351,5.6358347,16.971466,575.9961,16.474697,262.51852,20.519136,12.933574
-4.886937,33.024334,11.807898,0.19486214,0.545693,6.9499445,73.68528,5.731381,18.25718,578.5322,16.625881,263.54623,20.405605,13.087223
-5.5529966,-2.8175461,17.715881,0.23762318,0.48581287,5.570918,95.08331,1.6783661,1.053664,561.43256,20.72807,444.63394,15.915093,30.992903
-1.7343007,-2.9378598,8.02051,0.24487522,0.46826753,5.583859,97.49319,2.0325878,2.0763128,502.7742,20.708347,342.12686,15.955541,25.46975
-5.089555,-0.091012314,17.987051,-0.18662208,0.5006473,6.972254,96.38377,1.6862966,2.2387288,242.63962,18.831451,262.79315,20.296751,13.820149
-4.892784,29.085814,6.4822288,0.33153963,0.48215672,5.567458,95.15834,1.8658692,1.4574945,585.4528,19.36528,448.9779,5.5409675,31.064175
-5.3659115,-5.3778224,17.055775,-0.12843163,0.4530525,5.7438116,95.61595,1.6702675,1.1431091,326.257,19.702711,395.96582,20.166456,21.140635
-5.0777636,5.469254,15.352169,-0.16095093,0.45477417,6.797284,95.386215,1.917082,3.9478843,244.5016,16.744213,263.7109,19.75268,14.18189
-4.838498,32.41292,17.511133,0.28169632,0.46141997,5.984736,94.97484,3.9678645,17.07299,572.7233,16.771729,342.7512,19.60281,20.655373
-4.639805,23.187958,16.524601,0.05303031,0.45593327,6.9466476,95.22088,4.1807013,18.11795,244.3392,16.532393,266.72388,20.483824,12.9372225
-5.557907,-8.292764,14.917012,-0.05461901,0.5328926,5.72873,89.91392,1.683916,1.0711448,485.7843,19.036604,297.34686,20.363394,28.963099
-3.5958025,33.457153,9.690762,0.3128172,0.5108687,6.6215305,85.739426,5.543921,17.565882,584.0991,16.677149,311.97772,19.09378,15.254552
-5.4631243,33.293186,12.027917,0.29521504,0.45726192,6.513523,95.47716,5.798186,17.337841,579.81366,16.457642,366.74994,19.994848,12.987924
-5.5835724,30.907043,14.785115,0.2942594,0.45405385,5.654993,96.57999,5.1461716,5.2464952,555.6437,16.489817,424.23297,19.799913,28.472158
-5.1554985,-9.248696,11.422819,0.3287812,0.44447178,5.5798144,92.14215,2.0173774,4.797502,528.4127,19.502508,447.0194,9.320617,31.050827
-5.523121,33.383892,8.745122,0.2569997,0.5944017,6.7504625,80.2581,5.774847,13.013266,558.3573,16.449614,307.8804,19.927624,13.418316
-4.756893,-8.85687,17.21448,-0.18558145,0.45190603,6.652668,86.02072,1.8058771,8.16993,240.34264,17.187998,267.02487,20.398384,17.067286
-1.8108579,-10.52352,16.810862,-0.15321584,0.4456459,5.577133,96.594955,1.6793476,1.0572116,251.15176,20.708364,447.45627,15.289291,30.9685
-5.113345,2.9885604,14.609424,-0.08803927,0.5172028,5.5953007,90.19708,1.9523786,1.1960618,550.69934,18.847057,393.81866,20.33661,30.122776
-5.1572943,32.88769,15.77513,0.2871708,0.5132706,6.1139565,74.67681,3.05067,14.207284,582.78253,16.794298,362.13257,17.071138,25.757746
1.5149986,-11.716092,18.150827,0.3270725,0.4432169,5.567403,97.52943,1.6793936,1.8395302,239.82202,20.102352,449.04083,7.8234854,30.963772
-3.245198,-1.3654255,18.0628,-0.08778552,0.44997478,5.574951,97.28514,1.672216,1.0548675,528.9591,20.1439,439.31073,8.08128,31.028519
-4.61003,24.323307,14.700691,0.28083277,0.48371786,6.9690304,89.40327,5.717303,18.400501,439.35812,16.466562,267.30563,20.513186,12.917028
-4.26478,33.221043,5.022461,0.21258424,0.617349,6.972752,88.54176,5.4496675,11.20076,582.7979,16.487196,262.66187,19.312782,12.9633045
-5.3643312,32.760735,7.851741,0.33165702,0.5456674,6.0201654,75.86687,5.4890914,11.229275,584.3739,16.458303,445.04224,15.170091,24.557158
-3.2872036,24.217281,17.292038,0.02234577,0.47793588,5.6365724,95.70894,2.8758478,15.031379,255.36974,16.468948,427.09927,17.68477,23.504744
-1.4677316,8.614979,16.733236,-0.090898015,0.52192384,6.858912,95.93626,2.1492755,2.807356,256.51678,17.000177,305.24124,20.17846,13.463445
-4.3560743,31.93413,13.941846,0.14161046,0.46751407,6.8720803,89.861946,2.2565358,5.3651843,574.09485,16.669329,276.39993,20.032894,14.355007
-5.5569944,33.449673,4.6495705,0.22514156,0.51472765,6.8860383,95.98912,5.1937475,1.9287851,584.5696,19.231163,266.16068,18.876719,13.201703
-1.8838307,27.337505,16.111542,0.05523119,0.55178726,6.962704,96.902985,5.7772365,18.476967,244.09204,16.466198,264.54675,20.58509,12.912604
-5.4795427,33.12061,4.5518527,0.28823447,0.45643777,5.6461377,97.26344,1.933823,1.13469,585.5922,20.626307,287.36774,20.045328,31.064083
-5.444665,27.380976,9.4741955,0.2601717,0.45529652,5.622566,95.860634,1.7705595,1.202214,563.2103,20.535759,418.58783,11.949309,27.799553
-4.551791,-9.843915,15.569254,0.0020595684,0.44797015,5.7986565,95.415825,1.676108,1.0563066,425.729,20.290771,345.70078,16.095516,29.073782
-4.5620193,15.983793,9.130554,0.28006056,0.53521675,5.5704556,97.638985,1.6791724,1.0618141,569.62756,20.676687,425.06955,11.673646,31.003883
-5.6379166,16.439444,17.971724,-0.12795912,0.44753987,5.56815,97.82341,1.6704558,1.0491855,279.11633,20.717304,448.46088,15.468438,31.018276
-5.4101496,-8.3104315,15.32976,-0.18639481,0.47056544,6.9741206,87.933846,1.9626747,2.5114987,304.46017,18.081078,262.54776,20.543854,13.070585
-5.1697197,21.045027,14.085351,-0.13704182,0.5307678,6.971129,95.71692,4.60436,8.660441,532.0974,16.776964,262.8202,20.042671,12.947856
-4.604681,20.540497,16.56505,0.2681491,0.50506073,6.0227604,69.53188,3.3911223,16.961832,250.36821,16.487991,410.2309,20.521145,15.177494
-5.057084,-10.133037,13.821424,0.31769884,0.51422524,5.568471,65.03748,1.6831025,1.1672304,291.21475,20.610617,448.3247,12.288023,31.046785
2.4573793,-4.33717,17.962597,0.27229285,0.44662398,6.4936094,93.07017,4.9080806,18.588224,239.91435,16.529776,402.69412,20.36426,12.981294
-5.527687,25.954985,7.241474,0.24654512,0.45857093,5.600633,97.34008,2.0728314,1.1552312,583.2647,16.622013,430.709,17.879684,23.1877
-5.6448326,18.771309,16.841576,0.24533272,0.51070184,5.613137,90.11147,1.6724287,1.751642,458.73022,18.34267,406.75998,16.063719,31.022522
-2.8743865,-9.437989,17.746094,-0.17015879,0.5040541,6.9027944,93.18824,1.8521745,8.27713,242.91087,17.593098,272.10367,19.852055,14.819263
-2.192036,33.35143,14.20358,0.19054855,0.46322176,6.204141,94.85935,5.700612,16.378363,576.45605,17.180206,267.96008,20.507267,13.515652
-5.1903334,-8.785871,17.545769,0.04464117,0.48098773,5.6692276,77.06788,1.6704386,1.0652664,391.04865,20.444876,349.11362,20.05162,30.876835
-5.522277,20.203074,17.900936,0.33296537,0.44826648,5.5674763,93.28257,3.3952072,8.910476,342.50275,16.48315,449.0427,11.675436,30.972532
-5.5417175,29.245588,16.434233,0.06477824,0.5682808,6.9394364,75.06884,1.8863798,8.354944,473.1302,16.63829,269.53967,18.237488,14.77155
0.42954788,-12.125499,18.160511,-0.17793617,0.44411802,6.8336253,93.51856,1.6703056,1.7938831,239.82388,16.754011,389.49377,20.324596,16.445986
-4.464549,-6.483623,18.147596,-0.18655816,0.4573156,6.9408994,96.390594,1.8959701,10.586002,239.84,17.016838,264.1769,20.15942,16.16654
-3.1349103,33.13312,18.05708,0.31860733,0.46293637,6.9221306,73.49663,5.8045073,18.596876,405.9208,16.448023,319.61877,20.561878,12.933315
-4.12185,31.012058,14.973261,-0.14250812,0.51771337,6.963746,80.70792,4.866854,16.718496,531.66736,16.516302,263.50577,19.653063,13.133985
-1.3292757,32.348583,18.08679,0.32399115,0.44372353,6.704404,91.09248,5.4279246,18.25133,246.17819,16.481459,429.75604,19.81694,13.405898
-3.6841629,24.699335,17.818134,0.10994833,0.448814,5.8546576,90.02001,1.839621,2.9005678,364.80423,16.52905,427.914,13.807184,16.744238
-4.979391,33.714485,5.0450416,-0.10120956,0.58810574,6.972291,95.969406,5.7813616,11.914675,585.1944,16.458788,262.5351,17.228966,12.920938
-5.5497684,9.138181,15.22857,0.2940492,0.4469761,5.5804563,97.28545,1.7394938,3.0120933,245.14948,17.279501,430.58408,19.712542,26.75322
-5.524085,-10.866902,17.576288,-0.11160282,0.44731322,5.569411,97.16318,1.7032369,1.062185,337.33463,20.675585,444.4171,14.186777,30.89694
-5.330801,7.7571754,15.338627,0.33066544,0.45531994,5.567302,97.22192,1.9837304,5.5102487,471.55597,20.522652,448.72485,12.123196,31.07276
-2.5108383,-11.673305,18.042519,-0.16922134,0.44428468,6.8754225,87.89814,1.6726428,3.418337,240.00963,17.1066,268.90494,20.131956,24.48114
-5.561343,20.776852,17.683908,-0.11460807,0.4508956,5.7967443,96.7735,1.8870518,1.6196105,312.402,18.521643,398.94678,19.571306,14.116011
-1.4793831,24.5794,9.2778845,-0.03911901,0.6090196,6.9747305,90.968475,4.3158875,8.855019,567.69556,16.48305,262.5282,20.364635,12.914659
-5.453928,23.246117,12.941392,-0.073628046,0.53568983,6.9673615,96.362144,3.3062332,6.4283543,358.87317,16.636948,262.78372,20.397495,12.989366
-5.6304426,25.545813,5.2632484,0.2868656,0.46520975,5.6709075,88.24799,1.6728293,1.0516183,585.5874,20.687311,362.18857,12.837411,31.069265
-4.631016,33.6663,14.953869,0.31367606,0.50162244,6.498013,96.38348,5.7999973,17.538748,549.4681,16.46058,388.91656,20.503595,14.430309
-5.285364,16.91542,17.912977,-0.10325905,0.45212203,6.894325,84.78549,2.65485,18.32453,247.70813,16.459713,268.35458,20.416723,13.390661
-2.0413177,-12.10786,18.177612,-0.12663375,0.4456167,5.708806,97.609604,1.7071735,2.809635,239.90718,19.770178,355.45578,20.119091,23.75493
-5.3426895,27.209301,12.716816,-0.14114024,0.5046753,6.284124,95.79623,3.3250108,1.579191,582.4504,19.875963,267.8443,17.770565,14.904831
-4.6276093,20.807032,8.703087,0.30096906,0.48755184,5.583304,96.12264,1.8067195,1.8085268,573.65314,18.983103,413.7977,16.069117,29.921082
-5.520499,7.823763,12.059122,-0.07563544,0.47333613,6.974547,57.84897,3.0808256,11.07159,274.1075,16.46603,262.73102,20.566656,13.2992935
-4.54889,-4.235229,18.175838,0.32093602,0.4434475,5.575191,89.43155,1.8353924,10.682037,240.2023,16.781942,448.9501,18.810436,29.247484
-3.8830922,20.082655,9.881371,-0.18321994,0.48582387,6.9244895,91.42611,2.2519493,2.1087115,399.57394,18.625572,262.74777,17.106144,15.728087
-5.144577,25.251806,15.643094,0.32886988,0.46393785,5.6930776,88.475716,1.9970707,4.0912876,544.10077,16.701336,403.62402,18.518648,29.779472
-3.015127,-8.162681,17.983665,-0.16009451,0.45127213,6.498125,88.64632,1.7599492,4.8752675,240.96368,19.190666,346.62558,20.399378,15.602268
-3.4546697,33.31485,5.6681414,0.039938673,0.6078564,6.971741,67.046104,3.799735,10.148192,585.5434,17.14955,262.79395,13.670629,13.900445
-5.4774885,25.764616,9.798736,0.2131783,0.45888203,6.533,96.14851,4.342019,6.590508,553.2689,17.509155,374.56165,15.45437,13.225785
-5.5101643,6.1012077,16.190762,-0.16844033,0.46399477,5.651712,97.46556,1.7864258,1.1203439,467.57657,20.69171,303.7625,20.026503,29.737103
-5.4537907,31.102251,16.398857,-0.17437693,0.5735761,6.9535475,94.310844,1.930589,2.2949426,497.09372,16.891554,263.42264,20.055948,12.951705
-5.5870247,30.473892,7.3794813,-0.1518158,0.46754384,6.616311,92.814514,1.7770425,1.3548057,578.2769,18.620455,264.51016,19.338041,17.619244
-5.640911,29.298203,8.695984,0.12781641,0.55821425,6.0234294,96.736206,4.925554,1.1325223,572.30615,16.496687,269.98306,20.284262,14.457683
-5.1720047,-3.6252482,18.06791,-0.1867525,0.4755118,6.9569573,97.48853,2.085373,1.3322618,239.97716,16.886806,277.4575,20.555586,13.161725
-5.5259886,29.533672,7.193388,0.33090654,0.46667883,5.593629,94.92629,4.1202984,6.299582,538.48535,16.606806,446.36584,11.609113,29.026691
1.563902,33.513397,5.866745,0.27292407,0.47858384,6.970688,89.84644,5.385376,18.351723,472.69128,16.453957,269.079,20.09379,13.106924
-5.142421,25.565096,17.721262,-0.0550757,0.55238336,6.59545,88.060135,1.8040007,1.4897182,265.86163,16.574503,324.96362,19.413788,13.822348
-5.4129114,-10.292531,14.020092,-0.18695134,0.55815196,6.8344054,93.80427,1.6700951,1.0501821,250.74937,20.41152,264.08887,20.222015,27.198605
-5.133301,6.054799,15.992746,-0.016840044,0.47714385,6.4785194,89.35168,3.365844,4.892765,403.7988,16.528147,295.89496,19.361687,19.648567
-4.323452,33.133484,16.33642,0.02026024,0.4744201,6.343685,96.346405,5.142461,16.150652,571.6495,17.323217,271.26477,19.785076,13.656477
-2.5613005,33.71696,4.5839486,0.24188347,0.4965081,6.915844,97.00355,4.233419,1.9019644,585.6056,17.330498,263.38034,20.360962,25.267866
-5.4893456,26.334385,14.206452,-0.14569831,0.6087288,6.972558,92.22187,5.0998745,3.0117004,584.1931,16.461514,262.59134,20.506641,12.943727
5.8304057,29.42132,16.559286,-0.16232465,0.4765893,6.9697146,89.15236,5.3090568,18.410435,254.17068,16.462019,263.9337,20.57411,12.914745
-5.304961,32.104176,10.928172,0.33315954,0.4440596,5.5674467,83.419014,5.7864103,8.725879,584.24426,16.615892,449.04004,8.392827,31.073124
-4.982175,30.124022,10.659827,0.22552457,0.48007432,5.73564,95.73019,3.829664,9.612475,508.70688,16.663712,331.43738,18.219946,24.802382
-4.8353624,31.756989,13.405848,-0.11500733,0.4484073,6.9158354,95.77083,5.594125,18.15936,375.54242,16.546316,265.21564,19.705023,13.015272
-4.394908,30.891735,14.559504,0.33003524,0.44904396,6.903209,71.632355,5.6651177,16.866701,371.2867,16.457624,312.12277,20.33532,17.672768
-4.3977585,-2.370866,18.165316,0.3134591,0.4436517,5.5848136,86.74647,1.6793131,4.095302,330.44965,17.209408,449.0065,14.191899,30.994827
-5.63498,32.332462,12.743076,0.26163292,0.48546672,6.031379,95.96059,1.719329,8.070805,535.9994,16.49865,281.60974,19.955868,18.45527
-5.1517467,5.7809877,15.348492,-0.12480224,0.47472265,5.619141,89.74821,1.6746033,1.0916212,353.04288,17.391144,351.34158,13.218295,30.40102
-3.7382329,11.766023,17.653803,-0.17629078,0.48911342,6.95045,95.15647,1.7886373,2.4219797,251.44162,16.832638,267.61487,20.22657,13.052531
-2.2070434,13.569359,16.008018,-0.07880617,0.4594054,6.955204,95.39239,2.0545533,13.681122,242.30023,16.655424,267.27264,20.528067,12.982002
-5.018901,16.688532,17.296206,-0.011521253,0.4534188,6.4036574,94.97648,1.8269545,1.6824806,267.1047,17.417824,336.2685,17.41665,18.696741
-4.339982,21.55714,16.936012,0.32338294,0.4783037,5.8177075,55.95791,4.4447203,16.03378,454.40704,17.00105,443.88843,10.864162,27.430145
-5.1496906,2.2726953,14.998543,-0.12084203,0.49143872,6.84963,91.18004,1.8051397,1.298084,333.19794,20.366053,263.434,20.215763,14.996461
-2.4322846,-12.068353,18.159863,0.31726384,0.44342467,5.5674295,95.005135,1.6699771,1.0619762,331.69156,20.672876,449.03925,12.7421875,31.074509
-5.3478184,28.060886,15.282639,0.012977243,0.45708266,6.2518325,97.2901,5.6742783,17.638424,240.81854,16.46403,314.76944,20.052912,13.052008
-4.730303,11.522796,9.983071,-0.10409216,0.56721395,6.6844482,82.86206,1.7020272,1.095227,540.21924,20.36113,266.33777,18.491026,30.454062
-5.148432,2.1587188,14.798645,0.28536114,0.4575361,6.8015013,71.683395,1.9425062,1.278753,549.7868,18.41449,418.6247,17.623756,16.980888
-4.8536863,25.90859,10.441583,-0.17582846,0.605443,6.959651,89.272545,3.9412985,6.269884,348.78198,16.607847,272.23148,20.446968,13.224241
-4.49209,-11.3378,17.976694,-0.17961559,0.45709747,6.089315,92.916916,1.6711878,1.1207654,306.93686,20.727427,297.16476,19.770113,24.496023
-4.5851326,18.00436,16.525614,0.04878539,0.44738168,5.6420903,96.83547,1.6992441,1.856909,401.2216,17.181677,399.65277,8.993114,30.73239
-4.673423,-11.168248,16.765007,0.24126829,0.44971484,5.575104,64.33655,1.6734594,1.0503881,568.3981,20.55262,448.70358,8.55945,31.069107
-5.062874,11.924967,17.421051,-0.18480405,0.6076937,6.974742,96.88727,2.1563015,1.6119583,244.10281,16.449028,262.55002,20.577662,12.914823
-3.3722398,-11.704362,10.678506,0.17594683,0.54253316,5.577143,97.11652,1.6701833,1.0498121,569.74536,20.732176,428.07974,17.301485,31.062061
-3.930452,28.560059,15.694865,-0.14178509,0.48200917,6.9674315,91.6301,5.6258073,15.3835335,350.56326,16.518063,263.41977,20.320099,12.931342
-4.8673124,-12.078904,17.231218,0.115081124,0.4512505,5.571618,95.344765,1.6700901,1.0739839,274.13818,20.26203,448.92432,11.675319,31.02565
-5.6367245,33.524277,5.138275,0.25667694,0.6082861,6.9393396,82.96812,3.0957632,3.6434019,585.4949,19.477823,263.52737,19.389399,16.883198
-4.4941444,29.65315,16.741003,-0.17784825,0.61719024,6.9742823,69.50313,2.6789165,13.005868,460.75778,16.635641,262.5759,20.471762,12.923525
-1.2514712,-8.189229,18.178545,-0.12946302,0.44374752,6.889595,94.0133,1.7473125,18.26494,239.78984,16.477406,409.60983,20.49221,13.489666
-5.3530426,-10.92382,15.936922,0.24361663,0.4725227,5.5684395,95.5105,1.6921867,1.1398275,530.3445,19.811068,448.79913,11.63957,31.027298
-5.300295,27.267279,8.507724,0.08565868,0.50740826,6.716593,94.5798,1.7680408,2.0509603,568.9884,16.712463,283.17374,19.410517,28.6031
-5.2630663,33.51302,10.084765,0.11177172,0.59226465,6.930974,74.204834,3.5888996,6.153806,585.57043,18.856678,262.75223,19.79874,18.080645
-5.4819927,23.934172,16.21566,0.32671624,0.4912341,5.6470037,94.6311,1.755094,1.5345094,542.28735,17.225813,383.9274,19.834524,19.989376
-5.4228344,11.084497,15.1336355,0.29135498,0.45444912,5.8773046,65.63354,2.5526965,8.461652,299.2959,16.967579,371.50836,19.818811,25.24177
-4.676669,33.489807,9.971471,0.2581883,0.52814364,6.850797,71.35355,5.144334,7.715874,583.10016,16.477716,281.18088,15.464309,13.370512
-5.6114492,30.020899,4.673446,-0.16506319,0.60060984,6.9501047,97.216324,1.8809152,1.0627735,585.51587,16.812096,263.0141,19.57315,16.215052
-5.421837,22.57344,16.177147,0.19984215,0.4496632,6.4108295,92.156456,2.8235617,10.537868,346.32117,16.751562,318.8482,17.250988,22.294949
-5.333665,32.85425,18.007593,0.27374068,0.4705401,6.419599,83.79266,3.8843746,17.063076,480.93466,16.507149,398.0795,20.33114,14.462146
-2.7531679,22.689243,13.384098,-0.09533971,0.5264495,6.161522,83.36183,1.9236581,1.4914224,517.35065,20.322882,309.52505,19.455458,22.571598
-4.846757,3.1559532,16.377977,-0.021427464,0.50459135,5.611474,93.76652,1.6734267,1.1709487,277.2526,19.540545,420.2245,8.88107,30.434538
-4.946801,9.505728,15.991804,0.110857956,0.45775524,5.57164,95.572075,1.8674505,1.2279747,441.62106,18.514977,447.4248,6.2979727,30.706938
-3.7201345,31.978779,16.187616,-0.12375919,0.6017951,6.9741325,80.63909,5.585573,17.832462,280.44208,16.453945,262.8484,20.50655,12.917509
-4.795149,19.859674,16.127508,-0.15086126,0.526974,6.9446,84.36389,2.2226892,7.3720193,316.89105,16.843864,262.78537,19.052036,13.740211
-3.3110135,32.19029,15.75566,0.2886074,0.45437437,6.8195834,81.50054,5.022727,17.807726,585.4348,16.925856,265.2562,19.537504,22.730413
-5.482314,25.88028,9.453636,0.1362423,0.5112547,5.5722265,93.57991,1.6760005,1.1025827,584.4092,20.442106,420.10727,17.011555,31.04511
-5.5944176,30.206219,10.853104,-0.17671081,0.6191549,6.7828093,91.35551,1.8659917,1.269593,453.68024,19.785553,263.08844,18.05268,16.655664
0.9041015,-12.100886,18.091639,-0.18576875,0.47328064,6.6863294,87.07545,1.6732675,1.4894168,240.92197,20.165258,298.516,20.0123,14.994335
-5.107848,1.5190521,9.363374,0.31063515,0.450101,5.6572447,90.19485,1.78212,1.1940143,538.6959,20.511948,379.3348,15.442145,31.048819
-5.1301413,33.37428,8.585297,-0.16078499,0.61675256,6.9726863,66.92857,3.388922,2.2451675,585.5738,19.03023,262.70517,19.982695,13.561293
-5.4440737,25.915543,13.501627,-0.12370471,0.56987256,6.9704685,71.63368,2.2931697,2.804394,576.7624,17.669718,264.1707,20.357203,13.100297
-3.0465677,33.470097,14.409198,0.30163604,0.6709116,6.974732,50.103924,5.797176,18.520243,544.1377,16.45107,262.52054,20.584536,12.912139
-5.66617,32.744324,6.4645,0.30620274,0.48536044,5.6097646,80.59431,1.8647692,1.0619476,585.4684,19.448591,402.35968,11.171003,30.704006
-5.24516,27.935442,8.296616,-0.16809094,0.5703453,6.5009694,91.424675,1.7645707,1.1024501,555.19336,19.374756,264.80557,19.474318,23.654896
-2.8975189,-11.965457,17.895529,0.32361886,0.46325848,5.567236,95.01802,1.6699041,1.0492132,556.281,20.732998,449.04483,5.497034,31.074673
-3.4904873,-7.5963607,17.963533,-0.15618701,0.45576215,6.203071,97.39728,1.7235106,10.804676,241.69363,19.844164,305.5422,20.393288,19.819263
-5.3783855,33.419815,11.192206,0.3221322,0.50538015,5.791824,95.04529,3.4341278,13.2198925,562.0847,16.832174,372.4368,17.78874,23.76635
-4.93326,31.66484,8.1205225,-0.01890679,0.4492325,6.9690695,93.7876,2.0087864,2.5014055,562.96765,16.471945,264.04968,20.351845,12.927168
-4.019596,20.148258,13.950948,0.011571393,0.51861453,6.965593,89.5652,4.082662,16.382572,297.0681,16.52764,263.8416,20.573997,13.141958
-5.3423033,33.692898,16.470686,-0.077808,0.50191313,6.9565473,95.11701,5.7910595,18.402927,570.48676,16.447836,265.1721,20.558867,12.92982
-2.1562245,-11.900729,17.10922,0.31944373,0.44566995,5.5672584,96.84541,1.6714758,1.0507247,511.24158,20.725649,448.7378,11.332181,31.073603
-3.8395364,30.495941,14.718834,0.06132002,0.46598545,5.9547625,97.55996,5.275487,6.3249674,247.64873,16.76172,344.35254,18.829128,14.834524
-0.9788338,14.521087,15.830145,-0.069246836,0.5141602,6.9645705,93.07129,5.7410097,18.185738,453.10358,17.409271,262.87683,19.982466,14.551124
-5.403723,33.61913,7.250591,-0.12751257,0.5845309,6.9714184,96.12798,5.7771935,5.3513823,578.67633,16.503736,262.79327,18.088606,12.940866
-4.880286,-11.550893,18.023434,0.3330451,0.44579977,5.5672355,89.91606,1.6703302,1.2285316,377.23062,20.66239,449.04532,6.9345245,31.074663
-5.20588,15.241267,10.096845,0.30918276,0.44704345,5.5760374,96.54056,2.6754274,3.1196997,339.04498,16.59979,448.617,8.626186,30.618856
-2.2422202,2.0718143,15.789948,-0.16902971,0.46755362,5.765021,96.89874,2.5242002,13.49876,242.78012,16.46429,377.03778,18.588224,13.482814
-1.0850707,10.736797,17.57759,0.31723437,0.44443503,5.98149,96.723946,2.4670768,12.795114,239.79382,16.454279,445.13943,20.360624,15.070754
-5.36817,33.03609,16.61172,0.32373652,0.51065886,5.7020893,89.25133,5.7962418,18.484814,508.8419,16.567373,390.65442,19.100714,17.101763
-5.328944,30.5574,13.115664,0.323787,0.49337974,5.920961,88.90616,4.657071,7.1434464,585.1244,18.272766,360.7616,15.361767,28.342094
-5.1493244,-3.5775568,17.126017,-0.18133327,0.555973,5.6203246,97.65786,1.6738306,1.0791185,454.43304,20.119583,357.61075,17.834808,29.374502
-4.9331636,-8.618278,6.955154,-0.14323874,0.46629894,6.7173305,92.952835,1.6742705,1.0938509,440.74347,20.10757,271.9271,17.4293,29.194849
-5.3742046,32.029976,8.286696,0.31433043,0.4571428,5.58406,73.69507,1.8790247,1.0551908,569.95654,18.059711,447.43878,6.012601,30.39436
-3.9807484,33.51134,7.570985,0.23070668,0.5895679,6.9671917,74.94927,5.7965374,18.316856,575.4772,16.4665,263.35367,19.913307,13.071813
-5.4571524,30.299656,13.105548,0.03257888,0.48294762,6.7489905,93.64395,1.7060665,6.408796,553.1254,16.918222,266.78464,20.409212,14.43964
-4.9711466,0.49435586,17.769934,0.32305422,0.4462399,5.6254086,75.95855,1.6815752,7.9808016,366.87042,16.518793,448.45935,18.64032,30.232841
-5.532695,6.845261,5.791115,0.02008665,0.582759,6.5207148,86.81398,1.8447871,1.1893423,576.49744,18.08876,281.9219,12.425524,26.428112
-4.1729145,28.692383,12.654819,-0.11856424,0.5697178,6.957363,94.3311,1.6709179,1.1703193,270.97037,16.602041,276.00775,20.16887,21.234537
-5.5005627,11.813694,17.605715,0.017030012,0.46708977,5.5904636,96.94892,1.7363628,4.2269096,369.87677,20.27653,425.87762,19.21323,27.668642
-4.7870884,24.020931,14.584206,0.33178034,0.4472101,6.1517267,93.33472,5.27665,11.605447,266.243,16.47935,403.0753,20.414461,26.765224
-5.2439013,24.666428,8.851219,-0.03726181,0.52761763,6.9490724,90.18577,3.6174533,10.410811,542.61975,17.726664,265.95935,17.61563,22.048378
-4.394883,33.017334,8.905267,0.2526835,0.46796694,6.250598,95.10156,2.0025072,2.0226972,583.89276,16.784431,326.9846,16.487057,21.921816
-4.681266,12.609176,16.440182,-0.18503216,0.47612146,6.973846,90.52662,2.6751282,6.0197654,249.45934,18.226063,262.55,20.13626,13.185695
-3.8595946,33.67885,11.137335,0.2782331,0.51121324,6.9556456,75.02903,5.7906194,18.546728,582.0305,16.450804,265.44586,20.086472,12.946269
-5.2949057,33.370586,6.837642,0.30601108,0.4668706,6.1913786,80.68739,5.7373915,10.482482,570.0258,16.513552,323.9707,14.49643,23.30838
-3.7187717,-11.258323,17.13421,-0.18666002,0.5339224,6.964929,97.34871,1.7348844,1.130554,241.28116,18.007915,262.67325,20.47444,13.024848
4.423819,33.633327,17.31152,-0.0181485,0.601018,6.972174,97.15219,5.6947045,18.616938,275.80325,16.450094,262.57202,20.556995,12.912993
-2.4549558,7.807304,17.80826,-0.18609038,0.45867413,6.9708395,97.00838,2.5049965,16.459475,247.67207,16.962318,262.81516,20.53628,13.113485
-4.909375,-5.3720393,9.421262,0.09027365,0.48997208,5.74238,96.29778,1.6849505,1.0660369,556.23804,19.922873,303.64682,14.220906,30.671976
-4.8924894,33.31882,17.113071,0.31823528,0.44851556,6.318019,96.51462,5.786972,18.596832,244.04948,16.454428,394.74854,20.433535,13.03138
-3.0094788,33.49076,6.868217,0.2521523,0.56402314,6.9421854,71.675705,5.7700453,17.467457,585.257,16.519241,263.70676,20.453068,13.103853
-5.588175,25.360834,17.283312,0.3331719,0.44349468,5.5679398,94.20302,5.503318,17.436617,241.83453,16.456854,449.04132,16.674788,30.974669
-5.61742,-4.2921443,11.208818,0.31464657,0.446647,5.5682836,97.48431,2.0538003,1.3299749,486.2042,19.931782,390.15137,19.328571,30.99326
-5.1092443,14.669675,4.915026,-0.1716687,0.5334138,6.9686522,91.94131,1.9778708,1.2192714,570.2728,17.734224,262.60385,19.773026,13.838779
-5.0109205,-3.0642798,11.331605,0.15787767,0.48616496,6.353499,68.04855,1.6772832,1.1145504,575.379,20.400705,272.15778,18.945168,30.889772
-3.2937796,-11.765601,17.825676,0.2705093,0.4459493,5.5741425,90.50313,1.6763717,1.1880643,246.84619,19.932856,437.9135,14.342055,30.846434
-3.9096859,13.552091,16.179977,-0.15278547,0.48445034,6.972984,94.38544,1.7698913,3.288924,260.59717,18.553936,263.01324,20.55737,13.096579
-3.9596655,29.215847,18.17426,-0.16361511,0.44335496,6.631681,96.9095,2.3616848,18.333153,239.81258,16.606556,376.02356,20.569807,13.682181
-5.5632,-8.009885,15.225605,-0.18243262,0.49204776,5.778582,91.52752,1.6712712,1.0560215,519.61584,20.404531,291.9975,18.766716,30.624464
-4.340663,25.084105,7.527917,-0.16652204,0.57315505,6.9727097,97.57427,4.774475,9.426162,298.55536,16.582613,262.56436,20.333395,12.920789
-5.4132996,33.29517,8.970915,0.32387346,0.51582813,6.724222,80.42476,5.5701494,3.5613787,584.1441,16.725748,297.4321,20.003847,13.608098
5.6082487,24.1551,18.192192,0.21313673,0.44315284,5.7875576,97.462555,1.8992126,18.529087,239.82155,16.461946,445.26956,20.52991,12.964078
-2.1203334,6.2632303,17.185654,-0.15306836,0.4483958,6.9692264,94.54353,1.6970011,5.428892,242.88104,16.487547,281.3838,20.44655,12.997749
-3.9409802,-11.750619,18.06353,-0.18420205,0.46895033,6.26428,82.20613,1.6707205,1.0544384,247.5192,16.753311,385.91098,20.091251,27.155668
-5.3935623,31.912453,7.1471186,-0.16027357,0.5919777,6.1657057,96.92183,2.6461096,1.5796001,575.16626,17.556078,270.46295,18.248951,15.532205
-0.832904,-12.101714,18.189627,-0.18201903,0.44614846,5.6907907,95.40968,1.679196,1.1514003,239.99986,17.99464,441.73483,16.155643,27.048717
-5.3121586,30.274147,16.647223,0.009049532,0.49935037,6.415649,93.83125,2.8224072,3.6307123,270.10638,17.345999,344.15585,18.975897,15.333336
-4.417676,33.49384,15.966023,0.2772866,0.54048294,6.972312,74.57495,5.711807,17.497097,480.076,16.449104,263.98807,19.965607,12.96307
-5.627145,32.992096,13.368474,0.24102621,0.44425246,5.658486,97.3889,4.855508,3.5144656,583.55646,17.609007,355.70792,20.377445,23.907164
-4.693362,10.798263,12.877741,0.03573464,0.45935073,6.0223823,94.09872,1.6781987,1.1471393,521.9258,20.483767,299.1482,19.348635,29.24652
-5.6943474,32.984623,4.594011,0.21107258,0.5816964,5.6352057,97.54325,1.7160236,1.0567615,585.4688,20.13129,287.03265,20.073664,30.987778
-4.713191,31.937967,12.7421055,0.045210265,0.52888924,6.9673924,81.21031,2.8215694,8.866839,478.2451,16.561462,265.67758,17.614464,13.831929
-5.513376,29.542063,15.653029,-0.1708857,0.6269847,6.9675584,95.20943,5.2808433,3.6806538,245.96954,17.436893,264.69028,20.286148,13.048663
-5.4510574,32.096016,13.487544,0.25995156,0.47247878,5.63789,95.80017,4.7168727,5.6617665,556.8881,16.648779,442.71225,13.379403,23.166504
-0.5242816,25.092327,17.486965,-0.119209774,0.46841192,6.4469337,97.39062,3.9948967,18.11521,240.92076,16.473024,328.78632,19.981329,12.946017
-4.314637,30.158497,9.966519,0.30983484,0.50656164,6.6397004,68.274826,4.7990837,11.110999,537.5848,16.506142,293.9402,15.543041,14.110278
-0.662572,32.75818,18.02602,0.04901484,0.45535377,6.7396617,97.79302,5.2616,18.592016,241.68687,16.467098,386.44415,20.4426,12.933082
-5.4297886,-9.540231,9.649662,0.32677916,0.4836506,5.5894756,85.64023,1.6719834,1.0681808,584.26843,19.559717,444.4715,14.827117,30.960983
-5.4212704,8.557522,8.9892435,-0.17768252,0.5247434,6.8528795,97.57048,1.9517483,1.0897491,296.4015,20.359303,262.60413,19.628017,14.1614065
5.4511538,-12.009305,18.199562,0.07380983,0.4436513,5.586074,91.712845,1.6728743,1.2104051,239.98587,17.345278,448.9111,11.586278,30.999111
-3.1572907,31.961065,12.29056,-0.17953056,0.6606141,6.974735,87.083374,2.654153,4.808035,458.7995,16.518478,262.52142,20.265154,12.912701
-5.5663404,-7.4590487,16.596937,-0.16950211,0.62211394,6.9670615,54.97377,1.671162,1.0633981,578.0888,20.585512,262.81854,16.439482,25.47101
-4.831093,-1.6331066,17.902493,-0.048174698,0.4498302,5.634422,96.73456,1.693153,1.1164567,261.10895,19.020832,434.41046,20.051407,30.82419
-2.001487,5.280242,18.162563,0.2431538,0.44339278,5.648209,97.34501,3.0768733,18.284447,239.79268,16.458424,446.35675,20.346443,19.21112
-4.623125,18.130136,16.278362,0.27374232,0.46114013,6.426418,82.59964,1.8771069,1.9526775,358.35904,17.300842,322.71124,12.504323,23.86386
-4.771082,33.643234,9.217077,0.3051574,0.6027376,6.837626,90.90142,5.491116,8.301225,583.8328,17.776224,269.24368,20.271324,14.075273
1.0525717,-12.135541,18.130878,-0.024004046,0.44417512,5.765892,97.006905,1.6703206,1.7120559,239.78944,16.98585,448.0996,19.761694,26.662836
-4.177643,29.48161,17.126236,-0.16260824,0.47716162,6.6688495,96.05106,3.317655,1.1134889,523.6481,18.057417,267.09036,19.081247,17.852665
-2.5263212,8.370978,14.806762,-0.15710534,0.5140828,6.5493016,89.72451,1.9125619,3.623206,243.58054,16.51145,317.10776,19.013998,13.777431
-2.6949108,20.08455,14.866028,-0.0796989,0.44729,6.8706946,91.6385,3.6213443,16.043121,241.98047,16.489275,266.34106,19.856064,13.152155
-4.2380667,-10.330899,9.251995,-0.18573111,0.47948572,6.792868,84.64035,1.6707882,1.1040018,259.64297,19.14786,263.75183,15.745087,28.677086
-5.6191607,26.80645,6.7498894,0.31127605,0.48582223,5.569752,79.79867,3.4798691,1.7666013,569.1559,16.553272,444.76172,17.326958,30.659962
-5.067442,21.797417,18.108395,0.2992422,0.44587013,5.7608585,91.88373,1.8898162,12.456432,319.3337,16.47561,435.05576,20.418354,16.897785
-4.6749744,29.693966,17.906935,-0.18508014,0.5126052,6.966465,96.852455,4.3293815,2.962115,291.33,17.247564,264.43753,20.532711,12.966445
-3.830787,0.7451045,16.351519,0.04128541,0.5155351,5.721295,87.38792,1.6932684,3.0320055,520.25275,18.838863,412.05167,18.97824,23.004295
-2.3206365,29.728254,7.8309903,0.328798,0.533859,5.678526,93.193146,1.7251996,1.0722616,543.6433,18.254486,402.48428,16.861874,30.849756
-2.967818,33.261086,16.681536,-0.014707851,0.48390138,6.739436,88.96903,5.3111587,17.456417,314.50098,16.487762,272.1447,20.422762,14.183022
-4.534503,32.96082,6.4616313,0.18904302,0.5954877,6.8723297,90.95588,2.8726406,11.445414,582.4742,16.893559,263.9568,17.979015,15.306562
-5.574709,33.39698,11.098536,0.30739164,0.48505297,5.5968394,93.72992,5.804251,13.939396,537.0045,16.506653,411.2621,14.515403,18.864664
-5.510706,13.893,14.516943,0.17730233,0.44609216,5.6006703,95.77556,1.7622432,1.0750206,579.1023,20.15171,400.2815,12.767138,30.527225
-5.37053,33.115887,13.050809,0.20318186,0.6314276,6.932323,70.23864,1.7964948,5.7002172,585.151,16.519348,278.86758,19.679037,23.102346
3.7656887,23.260588,15.285061,0.12897052,0.4471642,6.156331,84.861694,1.7140146,1.1067951,384.17493,20.261703,335.45947,18.180698,27.040586
-5.2836733,-0.8936866,16.372221,0.25371924,0.44892898,5.614975,94.79025,1.6866418,2.3538754,465.75458,17.035423,435.3701,13.08074,28.04701
-2.4925544,33.681694,5.766226,0.10735045,0.5728104,6.9425373,95.83767,5.8006997,15.277674,583.16766,16.592949,262.62143,16.136175,12.974828
-2.9770992,10.533284,17.609026,0.14434345,0.616405,5.718986,95.56672,4.229286,1.9824913,330.75818,17.068657,383.54816,17.757816,13.578049
-1.8742152,-12.162866,18.193268,-0.11388943,0.44444048,5.5677857,95.6637,1.6698982,1.0491836,240.15137,20.729362,448.7568,10.816425,31.07425
-5.3572493,31.31827,17.354654,0.19352719,0.58975595,5.5872006,94.531685,1.7090739,1.0644968,539.5755,20.511946,408.5886,15.159299,30.713102
-5.509039,18.868946,13.972741,-0.1214368,0.59627205,6.943054,71.365,2.0721512,2.7786124,395.69815,18.366276,263.17743,20.308874,18.167082
-3.6079285,15.111418,16.06751,-0.082492866,0.45654413,6.8224716,94.359726,1.6855198,2.0691855,248.9204,16.505987,311.66022,19.866156,13.221885
-5.092223,20.738659,15.670196,0.21490471,0.44705877,6.409456,93.77006,3.1449163,1.7879865,351.90198,16.566597,364.69366,14.590149,13.359914
0.64635575,33.1003,5.4158034,0.144084,0.6168179,6.3948135,96.00346,5.7394023,4.945143,583.8288,17.675318,282.62872,12.595991,13.633048
-5.216629,33.598167,14.282931,0.15919286,0.6301711,6.973467,63.067772,5.7809067,17.514095,583.9311,16.476362,262.6526,20.216764,12.952191
11.143869,-9.979123,18.197758,0.0038158118,0.44370055,6.8792315,96.23427,1.8752936,18.601524,239.78748,16.637815,432.4648,20.578905,13.003551
6.712391,6.903928,18.156033,0.039804455,0.4579676,5.731891,93.12252,3.0747545,16.55484,239.83977,16.458025,446.14093,18.172308,13.243418
-5.065876,-11.034966,18.173367,-0.18637303,0.4502003,6.5318103,97.689545,1.6700102,1.0768526,243.02692,20.650742,367.2305,20.256481,26.920729
-4.4987726,-9.584855,17.54148,0.056335136,0.45288238,5.648716,93.43329,1.6888682,1.6612499,314.82623,20.516636,402.3985,16.954573,30.722578
-5.4930296,10.766134,16.112864,-0.13887921,0.4958765,5.9639416,86.70535,1.8608022,1.6888607,548.79285,16.963469,381.7905,20.468035,20.873226
-5.248949,22.511044,16.06813,-0.0887283,0.5623167,6.6912556,92.589386,2.1603475,1.9321778,282.53412,17.479507,262.92798,20.35944,13.313633
-5.6509323,-8.716208,18.129253,-0.09288678,0.46304622,6.22956,76.28498,1.7080685,1.2762802,265.50543,19.995,391.14337,20.473032,22.763271
-5.479083,30.072199,15.549763,0.3272771,0.44622457,5.6161666,89.30532,4.03452,5.192386,533.8576,17.051352,448.6655,11.468469,30.890238
-4.725765,33.363697,10.319393,-0.006395984,0.62949896,6.9745307,76.04138,5.2386184,16.758188,574.5827,16.44851,262.5967,20.468023,12.914196
-4.27201,-9.426431,13.123288,0.20493281,0.46647638,5.6927853,76.703995,1.6953565,1.1425483,296.49496,19.568518,332.83954,16.031017,30.860542
-5.246662,33.37633,13.787091,0.23831925,0.45082605,6.6230316,90.45984,5.175334,16.056107,572.81995,16.827995,325.75314,15.551517,16.046377
-5.209442,32.778595,13.124329,0.25096816,0.5372019,6.455033,88.0641,5.112241,7.901763,574.2774,16.98469,289.51242,19.238962,16.573772
-5.48563,3.8475773,16.154442,0.31101727,0.46583378,5.58856,92.20145,2.0608294,1.1536415,513.6762,19.154413,445.06778,8.683512,30.59079
-4.755025,-0.9982627,17.82632,-0.08359253,0.4637279,6.954882,86.779106,1.7666576,10.888727,257.96353,16.612646,303.92413,20.230135,14.164585
-4.97194,0.68791837,6.3892083,0.3259937,0.4981574,5.567359,96.46784,1.6701413,1.0515077,559.4333,19.963158,448.79407,10.42645,31.073988
0.502344,-10.859187,18.13212,0.29425254,0.44974965,5.5681825,76.49051,1.6762136,1.0507143,292.70325,20.488407,448.99167,6.1169925,31.068958
-4.711587,33.51777,13.913611,0.30009824,0.45064056,6.3004026,97.19375,5.121097,8.752159,580.8461,16.545914,298.82675,20.16871,13.229212
1.5271837,33.122303,17.046364,0.03403245,0.58353394,6.967136,89.48113,5.5396137,17.102388,537.3804,16.465416,263.69833,20.460558,12.919687
-5.5983143,32.97088,17.899094,0.27685356,0.48180404,5.827924,95.336716,1.8801157,1.5098112,540.6961,17.405165,438.9037,19.669434,30.188162
-4.2040653,14.012277,18.024435,0.28711262,0.4446509,5.770798,89.94272,1.6890088,17.033594,265.37085,16.580332,402.18494,19.06609,25.157862
-4.372324,24.507675,17.295103,0.011448641,0.4600975,6.7734776,93.61359,1.9309894,12.01354,244.46062,16.464952,291.1517,20.519186,13.532316
-1.5386449,0.08323066,16.455761,0.21110821,0.45281756,6.091236,86.48578,2.355324,3.2072065,284.47443,17.089926,407.55554,19.229652,16.320715
-5.520026,7.866853,16.726002,0.1602401,0.44841278,5.9225793,95.18584,1.6714829,1.0522525,575.2633,20.446438,306.61807,17.988897,30.158604
-5.045722,-4.3501344,17.259779,0.22319245,0.46988884,5.6075006,95.05201,2.3618197,3.846598,240.12982,17.20086,431.65424,20.365114,23.776087
-5.655164,26.586603,6.9777064,-0.04066981,0.52052975,5.9369392,97.58824,1.7331029,1.0539653,584.81036,20.65132,263.13898,20.441431,20.620806
-5.4601564,-10.842238,17.269556,-0.012434262,0.4472429,5.662122,93.715904,1.6701998,1.0665519,280.9389,20.700583,354.16644,13.313282,30.69601
-3.0075595,2.3757322,17.116997,0.016718667,0.46894267,5.9877977,96.681,2.7533302,5.420268,375.00894,17.32834,372.94736,19.458723,13.484313
-4.996147,0.5296809,13.516375,-0.1698602,0.6223727,6.5882273,79.743355,1.6748384,1.1634138,333.4475,19.866285,272.02933,19.213871,27.770056
-5.003416,29.89,14.391794,-0.103107385,0.484322,6.401594,97.710754,5.030529,1.3292253,266.19604,17.034063,271.22736,20.126617,13.372738
-4.9126825,32.16253,11.421355,0.33144927,0.4623203,5.679802,91.533165,5.770721,17.91523,515.89197,16.731213,446.00494,16.163406,22.278048
1.9608372,33.310455,8.779453,-0.038649227,0.6515039,6.95087,94.61387,5.60539,17.516266,576.9362,16.752506,262.54895,20.435204,12.916204
-5.3398647,-2.8561032,9.830863,0.2907036,0.45930603,5.5866055,96.43382,1.6836902,1.1425893,526.82416,20.420542,423.92764,8.331039,31.051579
-4.8845854,17.951391,17.603943,-0.18473732,0.49824253,6.754014,97.22316,1.7386696,1.3153026,245.23367,17.478813,284.60138,20.254683,13.548527
-4.6502256,23.113426,16.429094,-0.18706393,0.5772264,6.9704356,94.770775,2.0176156,1.2696693,275.56525,17.472185,262.7431,19.936354,12.9388485
-4.971277,25.915426,15.956026,0.31197163,0.5180535,6.2921243,93.164406,2.0203876,3.1156118,583.2425,18.492744,265.83478,20.246841,21.767942
-2.7309177,-11.164735,16.497583,-0.011570695,0.46536943,5.7309785,94.71364,1.7993171,1.1589954,580.5246,20.61836,415.73636,17.02843,27.37004
-5.5129366,27.910648,7.97788,0.33091423,0.44532788,5.614229,75.66799,2.1280074,1.6578214,585.08905,19.0318,430.07135,8.886862,30.919254
-5.629979,32.07149,7.3202767,-0.15430853,0.5877064,6.8852024,96.60127,2.9014301,1.8507874,577.0536,16.5019,263.26767,20.408484,13.059583
-1.9639431,33.53607,14.526678,0.18010984,0.4627113,6.7830186,96.24412,5.802638,18.54933,259.95776,16.46093,278.77942,20.38544,12.988826
-3.777559,-9.577701,17.576746,0.07697537,0.45494616,5.6079082,89.98339,1.6770538,1.1851518,369.37915,18.042185,422.57675,17.22462,30.330496
-5.290453,27.535444,17.501352,0.17708513,0.52650756,6.4547358,89.03646,1.8248165,2.3427346,490.17715,19.748262,413.68967,18.010178,28.621708
-5.4849005,17.063585,12.801431,0.32693818,0.44451496,5.5672827,97.79597,4.9183707,2.1107147,397.03253,16.942276,449.01907,16.58322,30.978842
-4.9147434,32.463165,12.783145,0.32514095,0.45661482,6.31313,93.984314,4.2430983,1.6157329,562.72406,16.962482,442.06873,8.7960205,22.894524
-5.4830647,29.520622,14.973864,0.3108073,0.53108394,5.8526196,61.982517,4.0658493,7.524545,559.6793,16.496105,444.0973,20.380972,30.380577
-1.2514149,33.658188,13.133566,0.31027156,0.639562,6.8745627,95.83555,5.7853274,18.259867,583.15454,16.457079,266.74588,20.536314,13.047426
-4.6246977,32.279728,6.789235,0.3135574,0.4547293,5.594178,97.82852,5.5675106,9.623652,575.1366,17.691364,335.19437,20.404257,14.456031
-5.6683435,33.11662,11.905588,-0.18416166,0.572176,6.9609165,97.17357,2.1242595,1.1228073,571.18353,19.495031,262.7845,18.872448,12.937917
-5.556218,31.307203,7.180216,0.26138765,0.635036,6.814907,82.003555,2.1487944,1.9733975,570.467,16.623487,264.9781,19.811,13.629606
-5.296072,21.705456,13.112323,0.13916636,0.4597827,6.104154,89.05174,1.6862394,1.0812671,580.9513,19.180185,375.35834,16.67846,30.049435
-5.1083393,31.947845,17.475323,0.33317217,0.4503127,5.5672355,96.06935,5.1063232,7.29984,512.8384,17.31969,449.04523,7.0279846,31.071836
-5.2107935,-3.8029282,14.792406,-0.16398992,0.49381703,6.3014584,86.31184,1.6848923,1.0889623,547.0953,20.209782,312.36508,18.031328,22.65993
-5.652007,30.899206,16.842335,0.33280364,0.44803068,5.5686274,84.21331,3.1811483,5.5086393,579.5864,16.96848,448.78375,13.368099,31.052008
-4.4565954,31.016869,16.425423,0.12684985,0.48535115,6.7132087,83.8595,3.5031896,17.262083,564.93317,16.462917,353.36526,19.780775,13.200552
-5.669175,1.6685625,11.021706,0.18644167,0.46934783,6.0035586,85.34576,1.7256655,2.2467601,519.1603,20.134344,288.13828,19.529953,24.297297
-5.124607,32.659267,17.547346,-0.17012765,0.55756336,6.5164294,95.69834,1.8073906,2.302614,336.68262,16.917356,281.45605,19.497599,22.47348
-5.501895,-9.170388,18.065746,-0.18603915,0.5416506,6.3079343,81.875595,1.6703352,1.0502336,576.49884,20.731588,268.49762,17.797192,29.194187
-4.3680935,32.744793,5.2018414,0.3058325,0.55100554,6.8075333,68.07383,2.7961924,7.132956,580.9345,17.147705,269.81088,12.159153,18.21436
-5.4313116,14.522323,17.280205,0.3314459,0.44656882,5.5699773,91.56199,2.8850417,12.712819,276.62888,18.863647,446.3592,17.241661,30.06696
-4.632476,-12.155337,14.798533,-0.008474286,0.45802522,5.7272663,83.93132,1.6704811,1.0507619,480.6865,20.703434,429.75146,12.980387,31.057407
-5.5374002,33.701694,13.367644,0.31922808,0.4809412,6.899652,85.410835,5.805009,17.909695,582.26495,16.44752,344.80392,20.432575,12.928518
-5.197053,25.668522,17.413483,-0.18163186,0.52325153,6.969359,79.75543,1.907478,7.3413424,509.83014,16.578096,264.2098,20.517324,13.308287
-2.7984188,-11.793233,16.681116,-0.18286842,0.44678605,6.720359,97.11219,1.6715423,1.0666969,239.88747,17.59067,303.2264,20.085054,28.762411
-5.5524454,27.689518,15.046796,0.23228344,0.47999567,5.989692,92.891525,3.822705,5.258854,362.13632,16.559185,404.3354,18.063261,20.592096
-5.4320927,-3.497121,17.714233,0.33203024,0.44311357,5.5864496,96.91927,1.8220105,9.0107565,280.8651,18.75233,436.5369,18.959774,31.059938
-4.843153,24.91204,16.886208,-0.092275925,0.45490023,6.9644384,82.57969,3.3447807,13.747038,563.0909,16.626408,263.76413,20.291245,13.196353
-5.6546707,33.66083,17.778107,-0.040750522,0.5435188,6.794751,97.41612,5.3320203,17.517614,541.213,16.763187,265.8202,20.508467,13.0165615
-3.4743555,32.47983,9.668358,-0.004443291,0.6230499,6.9743595,76.99329,5.241464,16.066093,526.1296,16.515724,262.78275,20.509003,12.97976
1.063713,-11.527553,18.178658,-0.100793876,0.44399908,5.6231146,97.460434,1.7293471,5.174754,239.78938,16.93318,447.26324,20.506615,16.569954
-4.3575706,32.938404,17.307573,0.2854781,0.46799153,5.6615844,97.591354,2.967481,2.083114,242.54875,16.515858,417.14206,15.639161,18.254658
-5.174412,-8.325065,18.106441,0.14756347,0.48984706,5.8721356,89.83209,1.7044209,11.635738,245.48979,17.630936,337.2042,20.486586,17.609404
-5.663247,28.798756,4.812313,-0.17713836,0.65044457,6.9720597,90.499405,2.9021225,1.1164291,578.61194,16.775944,262.52225,20.294024,13.09128
-5.205144,32.44443,16.237436,0.32769603,0.44560674,6.8848433,91.3364,5.669659,17.922594,266.42377,16.45721,431.93985,20.128027,13.489686
-5.204194,-9.845111,15.862962,0.17836192,0.5646937,6.138664,89.386925,1.671945,2.2073095,258.51373,20.583357,285.2207,19.43667,27.915733
-0.5816995,12.489568,18.155457,-0.12052531,0.50758374,6.9745693,87.15929,5.6607385,18.57826,242.059,16.461262,262.5511,20.568926,12.9141655
0.5127317,15.13502,15.601938,-0.17579836,0.4805211,6.9676867,84.49395,2.047511,9.099527,328.11908,16.718405,263.45154,20.157043,13.03457
-5.5190315,32.761,10.889431,0.23063615,0.45759776,5.916759,95.912415,3.0306554,6.271019,578.4519,16.543653,345.74454,18.120205,15.829078
-5.152892,33.0395,9.110407,-0.11601549,0.5441746,6.963521,95.44301,3.356367,2.6181858,555.6187,16.790646,264.41177,20.128263,13.129205
-5.240114,-0.88776714,18.06309,-0.11462303,0.4806784,5.7708573,91.395325,1.7702518,5.942155,244.36868,17.055592,373.80917,12.486097,17.137255
-5.182501,3.2489674,7.7351336,0.008466956,0.51359063,5.6503158,97.20166,1.6923982,1.2468297,567.15314,20.706282,277.50845,7.871688,30.485579
-4.0555897,-9.828107,17.833015,-0.18085468,0.48339963,6.3039775,93.95964,1.6862715,1.5391433,239.98099,17.068977,397.43106,20.293488,13.308267
-2.539686,-6.1386867,18.054934,-0.13057804,0.46230683,5.7781076,94.316246,2.2259922,1.7439506,304.21606,18.46959,380.56238,17.76887,17.843647
-3.9768164,-4.2523665,12.682703,0.16544388,0.49863598,5.784155,94.41365,1.6931461,1.0980575,255.51566,18.866865,335.6627,11.2699,30.551388
-3.643071,10.23102,18.136417,-0.16357832,0.44600272,6.9204125,94.27653,3.3030303,16.83471,239.84868,16.477556,296.35284,20.505512,12.985481
-5.5111504,9.314569,6.104845,0.2961714,0.5459801,5.57125,95.409454,1.6700939,1.0497768,585.3964,20.72786,443.45685,6.6819243,31.064104
-4.8422394,25.237177,17.820452,0.14704739,0.45628878,6.625269,86.57964,5.31906,18.552092,470.46295,16.49519,340.71426,20.187342,13.099577
-3.571428,4.733463,15.404168,-0.18592662,0.5520729,6.935747,80.96409,1.7369643,3.1807277,272.27014,19.213795,262.8629,20.332222,14.613887
-3.9016411,25.194874,17.778063,-0.12646899,0.47531235,6.9585075,94.42425,4.9010463,17.075956,245.4728,16.471687,268.68005,19.847477,13.193272
-3.410855,29.250078,14.8265085,-0.113871284,0.5273549,6.863316,96.06184,5.0738106,14.858334,531.98816,16.788422,263.7966,20.44515,12.937543
-5.0549498,-7.9494586,17.438637,0.0813012,0.46306533,5.5748677,95.143906,1.6752256,1.491555,415.4791,18.013094,445.58636,8.690925,31.020649
-4.36926,-8.491416,18.114607,-0.029442716,0.452949,5.9235544,92.955086,1.6931659,1.2439268,354.334,20.614977,332.22488,20.019688,29.925032
-5.481929,24.704071,11.444611,-0.055153783,0.45791575,6.052966,96.04722,1.7238346,1.1535671,296.95837,19.011171,267.1541,19.459167,14.98016
-0.82577145,11.796462,14.215225,-0.18668258,0.6679946,6.974745,95.0212,5.530021,9.543823,244.65137,16.449371,262.5182,20.564783,12.911993
-4.2262917,33.682163,9.901837,0.14920726,0.53680885,6.9661627,88.309555,5.730067,17.996891,571.01227,16.449871,265.27725,20.270142,12.940786
-3.4990952,7.427002,17.611727,0.2637211,0.4530579,5.7677193,93.544136,3.7857924,17.716595,262.0261,16.689022,403.54807,19.690962,20.07321
-5.0025377,9.853105,16.698637,-0.10473492,0.5407841,6.963401,95.259796,5.5007467,17.12322,254.96706,16.513035,266.99603,20.520967,12.9438715
-5.575199,33.39846,5.1119666,-0.04111981,0.57057256,6.9610777,97.69162,5.4135885,2.3254917,560.0855,16.449081,263.78583,19.879295,12.92868
-0.44818798,10.631521,17.698889,0.037534226,0.451884,5.6155353,96.98908,3.9632077,4.635571,314.891,20.520435,370.18533,19.849081,27.783169
-5.500434,22.423656,14.504492,-0.14121367,0.45655167,6.453933,93.74652,1.697986,1.1119125,577.9218,19.991043,268.8697,17.297176,26.519861
-5.056588,14.312282,6.9679227,0.0022456094,0.4673305,6.764872,93.54474,2.4664001,4.014945,377.92618,16.521563,267.43985,19.742453,13.980139
-5.2547464,18.512835,10.894608,-0.18332648,0.52424306,6.675974,96.29058,1.7699686,1.1989868,528.03815,19.948748,263.08255,20.279305,14.817382
-1.8108312,-10.4840765,15.320035,0.2658637,0.48756263,5.56898,96.78644,1.6769472,1.0967395,263.7253,20.546432,447.92505,19.396881,31.002773
-5.345171,-8.338065,18.053896,0.12978646,0.5604455,5.574568,97.686356,1.6714836,1.051791,261.6238,20.730227,441.9416,11.4867525,30.10482
-2.956298,-11.531184,17.262575,0.30517462,0.4550756,5.567323,94.96996,1.6706811,1.0511224,296.84525,20.717726,448.9321,6.3209224,31.071396
-2.880545,18.186436,18.020374,0.024675325,0.4976853,6.9644585,82.29689,4.266461,17.8963,252.11548,16.494244,290.19583,20.427303,13.068305
-4.2693863,33.618267,8.534331,0.2367941,0.45365494,5.848233,96.07322,4.161601,1.937504,585.43164,17.092327,290.44107,16.22343,20.67139
-3.4042203,-11.92471,18.1169,0.16283615,0.44584805,5.5722756,97.77946,1.671852,1.067519,239.88647,17.766685,447.97702,17.876719,30.839813
-4.9195747,29.979046,13.447098,0.24039844,0.4724861,6.7388926,89.525566,3.4835076,8.096691,448.58524,16.620523,271.3045,19.801226,14.93109
-1.2425658,33.617905,12.002933,0.27897912,0.6536191,6.968402,75.733925,5.800758,18.503126,580.4967,16.458296,264.08276,19.49228,12.937574
-4.087246,-11.931008,12.857233,-0.18448141,0.6078813,5.776602,95.310196,1.6706573,1.0494554,292.3899,20.726349,263.10876,17.967075,30.027567
-3.3760097,33.622227,9.610039,0.33310366,0.4590363,6.339699,61.73782,5.803928,18.614424,583.9476,16.44903,428.27914,16.864437,14.917257
-5.399128,-8.627795,15.968703,-0.047664586,0.45493346,5.5835853,96.194275,1.6700898,1.0606668,387.51782,20.715273,399.92343,19.521124,31.01923
-3.8154724,16.447872,17.801483,0.13398504,0.524889,6.972157,82.30252,3.852451,16.163406,452.1751,18.056696,262.83606,20.265745,13.187902
-5.551036,33.456207,14.447544,-0.1847758,0.6603593,6.9747243,93.9895,5.6894403,17.062784,334.26315,16.450819,262.5233,20.555868,12.913931
-3.132046,29.039902,17.905062,-0.18230167,0.5370148,6.9745665,94.39457,2.4806354,16.446142,245.63689,16.456724,262.85388,20.511856,12.922659
-1.6635786,-12.179753,18.053503,-0.15093191,0.46680793,5.5702844,97.84593,1.669922,1.057308,244.76299,20.720932,443.59134,15.987546,31.008509
-5.2046757,30.791897,12.553666,0.32886237,0.44637603,5.669797,83.84278,5.418126,17.868635,306.88068,16.450758,443.63037,15.932553,21.076628
-4.943239,-4.8815923,18.077845,0.32924217,0.4535677,5.5754466,66.32344,1.7560472,1.2168682,445.68524,16.697248,449.01086,13.23645,31.039562
-5.3102007,30.396194,16.735641,0.3107921,0.45898804,5.838801,85.86921,5.624445,18.212852,325.39407,16.482996,367.8806,19.867134,16.038673
-4.9861603,-6.8211684,18.058762,-0.18707252,0.4555872,6.964929,94.59689,1.6892046,1.3974807,239.79428,17.002588,268.46826,20.387554,12.982415
-5.392005,29.66033,16.064062,-0.15235063,0.47237143,6.0691295,94.610985,1.7736908,1.8397839,568.1421,17.401785,274.96402,19.080074,27.87871
-5.6575127,33.199337,7.1095343,-0.18212786,0.6295607,6.914401,96.27529,2.4667203,1.6163938,566.9558,16.592953,262.96744,20.509623,13.533175
-5.562973,33.243664,5.9156995,0.33261502,0.5483532,6.067119,73.2117,2.3369687,8.540611,585.5542,16.722569,398.30112,10.499598,30.621008
-5.2051315,30.318806,6.737398,0.0077968803,0.55162764,6.936916,96.678345,1.7587342,1.2378738,583.84216,18.5122,263.7785,19.78503,15.612221
1.1988765,33.572968,16.30315,-0.09184847,0.66092044,6.92007,94.01351,5.773294,18.377588,330.14444,16.46449,263.29498,19.9909,12.936006
-5.391782,33.465874,6.0810304,-0.07598304,0.63683534,6.971382,97.34157,5.510275,3.0851476,584.3128,16.749027,262.76276,20.131954,12.926895
-4.3395004,32.6176,15.042108,-0.0528828,0.5283628,6.9725037,93.09015,5.7130513,17.705456,439.26114,16.463694,262.74808,20.327019,12.981133
-5.3349466,33.71099,12.447441,0.3319939,0.44595465,5.988691,96.972664,5.8016586,18.577406,297.47702,16.453794,407.8229,20.456522,13.160033
-4.172369,2.2936704,17.707254,-0.18375468,0.46396825,6.9714904,87.13677,1.7157844,7.037322,241.1683,16.75638,265.8943,20.398798,13.023397
1.0521044,-4.7859454,18.134342,0.29907426,0.45741212,5.993021,83.884125,1.7050823,8.285018,331.2405,16.807972,444.6903,17.220236,17.63967
-5.017338,27.692564,17.616564,0.31756392,0.4495955,5.6776457,96.699776,2.1785405,1.5562866,294.10855,16.489204,442.57703,19.709454,23.377085
-4.854473,29.818724,16.846426,0.058977157,0.50343484,6.7591567,89.146194,2.8384252,15.910723,362.00092,16.615364,288.16125,20.249283,14.30823
-4.784959,30.242826,11.948806,-0.055209126,0.53096336,6.9532027,86.516426,4.011373,6.4625664,566.6981,16.841282,262.71515,18.942415,12.980701
-4.486438,3.4858134,16.709183,0.13552468,0.44908515,5.5682263,97.440926,1.6766673,1.2179754,243.42035,19.213772,448.75916,13.314517,30.62194
-2.5048888,33.53805,10.65258,0.10643023,0.5734866,6.6231356,90.99987,5.77043,17.689161,570.692,16.496431,264.114,20.070091,13.308007
-4.838291,31.970064,17.06114,0.29855326,0.47196132,5.9867854,92.93512,5.5563917,16.548468,573.6457,16.883694,333.9511,19.388683,14.230649
-5.490999,-7.0003676,15.384408,0.06363742,0.45818827,5.5757804,95.31266,1.6785995,1.9043419,295.5575,20.575579,405.9509,18.453213,30.272095
-1.2481128,13.536194,13.227306,-0.05568358,0.5838548,6.9602,55.74623,2.0779645,13.506375,286.22028,16.500229,270.55994,20.147066,13.249371
-5.666831,33.54121,4.8082166,-0.11187615,0.590868,6.9637175,95.25765,4.9710507,1.1682546,579.4784,17.223701,264.66522,19.029043,14.220724
-5.345851,18.95151,13.128561,-0.045166384,0.5056096,6.2335124,96.65566,3.764738,8.145792,319.7818,17.285872,274.04822,20.170404,15.001322
-2.4155595,29.980331,11.835824,0.024669845,0.4631239,6.856757,76.74945,2.5113912,6.3462343,582.6359,16.801632,272.84177,17.902903,14.011087
-3.624523,32.581024,15.720949,0.32832092,0.45363033,5.707086,88.857864,5.716195,18.1909,559.82935,16.538023,439.75708,16.18098,23.699318
-2.3561604,30.173193,11.215271,0.045333542,0.5020609,6.97448,75.73266,4.829962,16.954348,551.7021,16.453228,262.7059,20.42374,12.931717
-3.4757764,33.699,14.867301,0.08409171,0.55391604,6.973013,93.6575,5.758332,17.70503,583.68915,16.451096,262.91873,19.840075,12.913012
-3.6137397,32.27549,16.460752,-0.12736812,0.6456472,6.974558,83.706604,5.779726,17.191444,510.5374,16.453579,262.5375,20.585888,12.914236
-5.4159317,-10.154553,18.064842,0.3312576,0.45727307,5.567363,58.906128,1.670354,1.0519569,567.6792,20.57751,448.9612,11.457855,31.074121
-4.260356,-10.979051,17.613588,-0.16800779,0.48080307,5.7880387,80.726006,1.6772507,1.2108133,309.78073,19.070415,431.4491,18.386871,28.228138
-5.226309,7.741934,17.780745,-0.1824246,0.49175826,5.6391416,94.564865,1.6712531,1.0770853,501.9814,20.677643,315.29584,18.32297,30.570604
-5.606719,16.525188,12.652218,-0.18270811,0.5339963,6.463499,91.17372,1.6973366,1.060786,565.4295,20.535595,285.70444,19.78819,20.709517
-5.460232,32.31984,8.367452,0.3239172,0.45240194,5.578788,94.849464,5.7256646,17.442312,576.79926,16.482166,442.53513,15.508615,25.161663
-4.434972,33.519062,4.9380608,0.29765755,0.5344538,6.945487,75.124954,5.616389,14.482931,561.2196,16.450102,285.20056,18.015781,13.708925
-5.1060104,12.326981,17.969866,0.3318978,0.44714668,5.573549,91.46287,2.5891323,16.854708,243.53941,16.464962,448.92865,18.109283,30.072922
-2.8519695,31.131264,13.960402,0.28966302,0.47327098,6.811937,95.056404,4.455103,15.7085,483.74524,16.471584,337.9014,20.208643,13.281657
-4.31221,-6.5234485,17.89939,0.31415734,0.44771248,5.5684824,93.42039,1.9192882,7.92086,286.1471,17.633669,448.91525,17.612469,30.809502
-4.486246,33.69829,5.1996455,0.24004188,0.6203576,6.973452,92.48557,5.797401,6.816984,585.41095,16.449701,263.03006,18.145092,12.916667
-4.3804646,-2.4461644,16.51591,0.07837517,0.49409723,5.575399,83.27558,1.6757733,1.0606267,584.3494,20.731087,436.512,8.166562,31.056356
-4.5126696,27.273987,15.74678,0.23740022,0.48070088,6.213439,93.4603,2.0609598,1.9547565,576.4822,17.50164,303.77527,20.213846,19.673948
-0.32168213,16.34298,18.159716,0.016097676,0.44690347,6.9249563,97.3533,1.6920627,16.72074,239.79051,18.039831,279.37482,20.465439,13.105511
-4.8494596,33.117817,15.234758,0.11341513,0.4642595,6.808054,96.83433,5.5364976,13.23473,549.88165,16.452963,284.729,16.12696,12.967405
-5.438855,27.267761,4.591115,-0.009027886,0.6420321,6.7917,93.30421,1.8495028,1.0611179,576.43945,16.925491,316.9722,17.201872,27.451662
-3.1148303,-5.155338,18.098825,-0.1812636,0.4566118,5.6112714,97.40424,2.2159107,6.6393704,240.3076,20.611246,292.9958,19.313116,24.497414
-4.913455,33.567364,17.741873,0.13665101,0.52758235,6.937165,93.32903,5.587255,17.748453,398.7629,17.03594,262.83817,20.408361,12.969668
-5.382573,18.460205,8.964285,-0.14415939,0.5361725,6.393493,93.983955,5.462061,3.189654,352.5813,17.475399,264.71985,19.527346,13.144383
-4.5597973,-3.9817908,17.326448,-0.11408854,0.4627255,6.806678,97.18363,1.7775992,2.7291334,243.53079,16.992138,272.8387,19.958086,14.839864
-5.051592,29.299944,9.815641,0.31527245,0.4952968,5.5687056,90.835686,2.0445092,1.211045,583.26556,20.622318,443.5437,11.542476,31.061245
-3.9890292,33.603615,9.179329,-0.15458539,0.5832276,6.969566,92.99395,5.078456,10.276604,365.18732,16.465858,263.27444,19.657732,13.37415
-5.548888,-10.488755,17.840384,0.20317763,0.44395635,5.56731,97.628296,1.6716481,1.0599735,451.47372,20.693634,448.61554,14.657118,31.072218
-3.7203262,7.44599,18.014938,0.27286062,0.45372498,5.8515496,92.450264,1.6892842,5.3388414,246.77904,16.634155,391.33728,17.888288,25.438484
-4.7365885,33.442406,15.993878,0.14791733,0.45312336,6.945936,85.40302,5.6625934,17.671705,448.22952,16.449112,272.24725,20.180407,13.102407
-5.261609,12.926375,7.139076,0.017509632,0.4514807,5.6432657,97.70932,1.936256,1.06377,578.9279,19.050661,397.67105,14.379983,19.617933
2.8723047,20.370872,17.745825,0.10592664,0.44764927,6.4089184,95.19845,2.842969,15.895378,240.58481,16.495737,375.822,14.700789,13.104628
-5.264633,-11.562354,17.842278,0.11708932,0.4466806,5.572182,95.35921,1.6786636,1.1973884,537.7577,20.573624,447.14432,11.393826,31.034061
-5.550809,28.92227,12.360215,-0.08269388,0.47665787,6.0379972,97.3364,2.4162166,1.6932104,415.42392,19.451689,264.8217,19.650911,13.959646
-5.2969103,33.604645,4.58757,-0.11455152,0.6667785,6.968139,94.922066,5.44468,5.520425,582.701,16.478912,263.7076,15.67383,13.669469
-5.532071,23.122383,17.565481,-0.14818057,0.5529466,6.958192,92.80639,3.9035156,14.736571,246.44354,16.852669,262.5949,20.581253,12.944888
-5.5934477,15.838458,10.674463,-0.082713164,0.5640033,6.919428,97.55857,1.6835705,1.053911,377.3405,18.351088,263.36133,18.689507,14.494224
-5.218296,-3.1432507,18.01821,0.1545781,0.44651982,5.7098074,90.17355,1.6715859,1.8028085,258.2213,19.083199,415.13016,18.664232,27.112831
-5.3400917,20.115486,17.248451,-0.13498296,0.59937036,6.9715395,86.077225,2.9128258,6.752829,423.53586,16.782667,262.65033,20.45925,12.930026
-4.0612354,29.293978,15.008593,0.24587573,0.44995955,6.77451,95.69395,4.04887,18.451744,244.81708,16.470564,342.4706,19.755894,13.04053
-5.600582,18.865858,6.722175,0.22372808,0.51110154,5.568554,95.03068,1.6928643,1.066078,570.68805,20.541094,401.52032,19.210669,30.941418
-4.205576,31.805796,7.8184276,0.3294565,0.4791292,6.276794,95.97841,4.9081864,8.952943,579.1091,17.425283,382.53802,18.975418,13.502286
-1.6389648,-9.459151,18.178297,-0.15594988,0.4450275,5.933518,97.2262,1.8446016,16.158606,239.88176,16.693829,435.21555,20.35071,13.014761
1.7686359,23.664005,18.136032,0.3182898,0.44502637,6.394981,92.85924,5.3057833,18.584463,239.99147,16.45759,446.0816,20.34714,13.003686
-5.442648,33.53556,16.881214,0.10465017,0.5404661,6.572764,68.48171,5.7467456,18.477627,483.57886,16.448551,376.2844,20.42583,12.934641
-5.4601326,30.345526,17.651503,-0.17678992,0.4979041,6.7424593,97.8458,5.049401,5.772267,240.52003,16.577415,274.46225,20.34428,12.983598
-4.5337524,17.604723,15.577101,0.08232378,0.46643472,6.666374,84.66117,1.798052,8.064044,422.46884,16.742245,268.91962,20.080034,16.051033
-1.7971298,12.650582,16.452608,-0.14289103,0.47183335,6.808921,79.320755,1.6924216,2.3634665,566.8073,18.162199,280.3179,18.74909,13.797719
-3.0118902,32.826603,15.709387,-0.17666396,0.5169342,6.974354,97.290276,5.362861,15.184117,332.10452,16.49714,262.6093,20.589334,12.914693
-5.013755,20.418411,10.488685,-0.073338054,0.56377214,6.2403746,69.38138,2.410967,1.1467903,577.5368,18.84119,267.68317,20.466625,22.816685
8.176257,33.69517,17.08062,0.18291374,0.58060807,6.974288,86.18791,5.7892413,18.615564,528.52985,16.447887,263.1851,20.551062,12.918297
-3.6484907,28.641386,11.956532,0.18617333,0.54375464,6.9602265,76.80584,4.8331847,17.991686,247.18385,16.451714,270.57498,19.89467,13.49849
-4.150791,31.18739,16.871778,0.3329795,0.44507867,5.59005,81.05929,5.7291317,18.554073,394.56348,16.452557,445.97897,18.837355,20.326372
-3.3003395,33.54346,16.372084,0.23816064,0.46579963,6.3261623,94.649345,5.639763,18.042742,517.0702,16.49631,305.3505,20.075195,13.930664
-2.2152684,33.358627,7.8804903,-0.18345913,0.66719633,6.9747276,82.014755,5.1168222,17.935774,267.89008,16.460531,262.52246,20.423143,12.917132
-5.439682,27.374289,16.938816,0.3171418,0.45468953,5.5790286,95.50591,4.980286,17.578934,560.8022,16.791088,433.3821,19.674501,30.120089
0.5226189,6.5181546,17.325863,0.14561757,0.5605566,6.444627,84.13836,1.752515,1.3336494,508.21442,17.143568,270.84448,20.435772,17.7067
-2.2501843,-10.117621,17.394316,-0.049177837,0.45195714,5.7932277,95.00357,1.6970719,5.5779514,239.88931,17.110838,429.7317,20.122442,20.232065
-4.760518,29.821959,11.887385,0.11663998,0.51910424,6.4472475,95.95988,3.5994086,2.6496713,581.34406,19.470882,268.3484,17.188103,17.203829
-4.87648,30.903759,13.2494755,-0.16269627,0.6196217,6.913762,86.80925,1.7345546,1.1494377,516.0455,16.826244,263.843,20.385828,13.1011095
-1.9379064,30.582785,18.051474,0.073034555,0.5004788,6.974357,97.45614,5.591286,16.933767,241.1386,16.477411,262.90247,20.58286,12.912928
-3.2030094,28.839626,16.9261,0.01219985,0.529399,6.706257,93.97626,5.1032777,15.706487,290.7036,16.623379,287.37766,19.737288,14.214695
-5.5634356,28.836475,7.613979,0.12831947,0.60208267,6.7520666,90.70952,1.6837901,1.3420837,585.3705,19.935617,265.93317,17.081047,29.067095
-4.914336,13.994538,18.027985,0.30059054,0.45048866,5.6644483,91.8572,5.3865566,18.386398,242.15964,17.09899,439.27396,20.344187,16.49622
-5.681342,33.394005,5.6998634,0.32910976,0.4449783,5.569155,97.363434,2.8540902,1.3060358,585.4686,20.716604,448.38467,7.383586,31.031975
-5.130479,33.45259,7.6216106,0.032019474,0.54487604,6.936113,78.237015,4.60056,14.329908,584.0918,16.512354,266.9332,20.301628,13.651136
-0.82471955,-11.534352,17.218609,-0.031302508,0.46165696,5.6854005,76.82547,1.7024366,1.3171575,458.52545,20.409386,416.65057,14.929872,30.275162
-4.6614075,31.256836,17.566845,0.1497641,0.445197,6.667342,95.50097,2.6217408,16.114822,461.43195,17.28323,307.06516,20.464039,17.717388
-5.6961784,33.63637,7.8258686,0.07325353,0.48028898,6.9343023,96.42256,5.656699,3.4251497,564.55066,16.485422,264.99155,20.43058,12.938231
-4.8508463,33.721436,8.397847,0.23176348,0.49967256,6.8703313,96.87182,5.8026414,18.456932,585.52625,16.518017,263.19485,20.202124,13.043509
-1.4421211,-6.914762,15.087891,-0.18674505,0.48007154,6.9744463,80.02944,1.8395805,12.611336,240.31075,16.515049,263.85504,20.448513,12.922299
-5.3180084,32.216267,7.1223235,0.21742249,0.5893012,6.4990306,95.553665,2.3912902,1.447459,572.9455,20.523703,265.3971,20.039726,17.261229
-5.671257,33.62561,8.482379,0.061687585,0.5006879,6.967616,93.86134,5.685327,3.8197544,583.7032,19.864225,263.7423,16.481176,13.111535
-4.942498,33.67514,4.7056637,-0.1309359,0.65634525,6.9738355,86.91642,5.2898517,4.0420156,585.46484,16.758118,262.5873,19.478992,13.184665
-4.323826,12.869767,5.8737664,-0.14689168,0.4569168,6.933853,89.68282,2.6318972,2.0884597,251.74718,19.693419,268.2279,20.21344,25.124529
-5.6135473,29.154776,17.551798,-0.17604539,0.45217812,6.95119,96.4552,1.6876601,1.9699728,282.1069,16.64215,292.88422,20.245348,13.483606
-4.8150253,-7.8090415,12.256448,0.3038522,0.45092827,5.569311,96.578804,1.6855413,1.0869977,582.1424,20.732624,440.79944,7.153353,31.06791
-2.088165,27.610296,17.675812,-0.13347842,0.4624033,6.9739766,92.696846,5.1270366,18.462816,283.1372,16.47974,263.74295,20.560986,12.9197
-5.6145964,32.919098,9.494677,0.115437835,0.5056063,6.865105,93.529236,4.0149083,2.2293203,580.60187,16.492088,267.10364,18.855501,13.73709
-3.487851,-0.20179208,17.82922,-0.14726356,0.46702912,6.3753934,83.34957,1.6795925,3.0687582,264.41232,16.510326,361.4081,19.501915,16.983364
3.6867614,-2.3109457,18.149708,0.10313522,0.443667,6.721831,94.12194,2.02592,16.188263,239.84933,16.501,387.12036,19.980621,13.305415
-5.5572824,31.387909,13.323309,0.13701527,0.4809085,6.938784,97.26467,2.694103,6.4196267,341.11856,16.6629,264.65494,20.527319,13.155608
-2.9258459,22.004154,14.842653,0.017115112,0.5779652,6.179143,93.782745,2.6974626,4.4686847,409.18866,16.646637,344.54483,19.158693,15.494053
-0.4174458,-12.1856165,17.978647,0.3308941,0.44385594,5.567236,97.111046,1.6699558,1.0495918,319.6718,20.733408,449.04495,5.8151717,31.074667
-2.413163,-6.153827,18.048569,0.24868909,0.44557664,5.7422204,96.397285,2.0047894,15.591153,240.69511,16.584824,425.0291,17.043674,22.64974
-4.126072,2.61151,14.59542,-0.15124422,0.4872157,6.8257074,95.54341,1.823278,7.9221215,258.7911,17.591702,272.76965,20.00227,22.192987
-4.728284,-7.2000785,13.141346,-0.16435546,0.4719614,5.7674494,86.213005,1.6700319,1.0496271,580.35114,20.729448,269.7261,16.41884,31.031311
-5.3400354,-1.6558365,18.01956,-0.16329046,0.45857292,6.530696,94.98496,1.6775488,1.3126667,246.3534,19.915598,276.3202,18.708937,18.900984
-2.0083325,33.518085,11.937645,-0.15337883,0.5408042,6.97085,95.717155,5.7874775,18.188187,340.81024,16.455019,264.55356,20.029282,12.959524
-5.3990736,33.07917,13.779117,0.31329632,0.50891,5.838521,97.63442,5.4048643,7.8772655,424.42633,16.607422,341.3164,19.777836,18.155497
-4.2490396,11.225618,16.549248,-0.061932128,0.46012136,6.6200414,90.932755,2.1081567,13.027289,332.41122,17.336224,286.93747,18.976067,18.59737
-0.67542183,30.85218,13.565857,0.22213832,0.51356053,6.9744706,68.663055,4.16116,15.325033,580.9393,16.483685,262.80392,20.526854,12.929496
-5.4176674,-7.089103,9.08622,-0.15496458,0.47390136,6.9515014,92.63684,1.6868197,1.0518873,546.71094,16.979141,264.85883,18.144232,21.405067
-4.426526,33.707066,6.646988,0.23772512,0.48598254,6.9725184,88.720024,5.8031774,18.007582,585.3425,16.447336,263.70413,20.542906,12.946173
-5.1958256,31.502314,13.087695,-0.07630878,0.50212014,6.279701,96.6728,4.6574044,15.434585,382.23755,16.490572,309.84637,20.05336,13.865444
-2.2630727,-5.667705,18.113361,-0.18651348,0.46330255,6.971463,90.80212,1.7290035,1.6647403,239.95056,16.478651,283.53445,20.453732,12.960842
-5.4966955,14.712455,16.831766,-0.1776343,0.5441802,6.8597007,96.98771,1.733564,1.2476547,256.89584,18.848696,269.28888,19.898302,13.301169
-2.6619265,-11.118878,17.914526,-0.12584469,0.46084124,5.81244,65.338745,1.6838125,1.2640703,241.05319,17.994085,415.07712,14.033698,28.367725
-5.5858984,-12.085223,17.256502,-0.15740235,0.45300046,5.6579056,96.30311,1.6706778,1.0643032,302.31305,20.611786,364.48764,16.479027,30.486912
-5.633279,33.6972,4.7422657,0.32449073,0.5401832,6.8220396,97.09457,5.7820897,6.558087,583.70593,16.466177,265.28946,19.62245,13.856363
-4.757902,32.269707,8.299616,0.21497463,0.5005763,6.788064,84.325,3.8959785,6.664228,419.79938,16.6304,288.3347,17.26985,16.871647
-5.5897703,22.42898,17.435495,-0.16701853,0.4742962,5.6888237,96.65454,1.6961082,1.7320755,287.97784,18.87536,290.95828,19.965944,15.866586
3.2902098,16.71715,18.169828,0.31707475,0.4495958,6.43937,97.349785,1.7749056,18.463816,246.12115,16.490295,434.9708,20.120533,15.380358
-5.0592966,31.836458,17.146412,-0.09675651,0.59176433,6.8650913,77.91957,4.33608,18.04245,291.58813,16.462055,310.14807,19.999283,13.44537
2.6769776,-5.4139266,12.701129,-0.0883866,0.5227409,5.583926,97.691795,1.6702975,1.0514858,333.92804,20.089378,443.61084,13.529009,29.950346
-2.7625663,32.96257,6.4121346,-0.11768482,0.58930045,6.973899,88.384964,5.6642494,16.14943,582.73425,16.573908,262.54193,20.369621,12.925336
-5.279871,19.62437,10.804713,-0.061734717,0.52087706,6.8310137,59.061302,1.6818362,1.8310993,576.9202,19.78989,263.24142,19.31304,17.213985
-5.0847616,33.150124,14.404121,0.21970068,0.47568277,6.573372,96.99509,5.7513485,15.97722,463.37375,16.481064,271.40646,18.337515,13.260541
-5.6057053,7.5749674,12.771745,-0.18571743,0.5168314,6.8812423,92.76991,1.6751226,1.0501602,574.067,20.572294,262.52698,20.557938,19.459423
-3.353562,33.2522,17.295525,-0.027817499,0.46505705,6.969944,95.24298,5.7854376,18.589567,301.01816,16.44824,269.42093,20.504272,12.9135
-5.1713247,-2.6252406,17.384336,-0.17170705,0.45003638,6.9665194,91.7539,1.6745647,1.4758251,270.9339,19.07056,267.18338,18.860798,23.362965
-5.492382,24.481726,17.540714,0.26928672,0.4531429,5.6570854,93.8074,2.1423855,3.1895258,360.28925,16.724138,416.325,19.322376,24.027403
-5.0428247,33.27074,10.016679,0.118980944,0.5851582,6.7135887,79.690575,5.350199,7.669735,584.59686,19.647411,264.39798,19.42034,15.668444
-5.3233223,22.182978,10.278636,0.32843247,0.44808698,5.5716615,93.08095,1.7888716,1.416043,553.3473,20.706078,444.33374,13.240274,31.0481
-5.5520773,24.149323,12.215149,-0.015864436,0.52742076,6.955065,91.31422,2.8342192,4.8322506,431.13864,16.469929,263.76437,20.446331,12.972933
-0.031659268,31.286049,16.2163,0.013046143,0.46298513,6.962396,79.62845,3.8964276,17.733404,242.88487,16.447208,280.28787,20.27358,12.922311
-5.347085,2.6994054,15.428926,0.027658034,0.44924247,5.8022733,95.307976,1.7597747,1.3587072,302.33984,16.644354,368.00793,16.839685,28.42
-0.09741893,-11.752772,17.689554,0.30786467,0.4458639,5.570562,92.97528,1.6797782,1.5456827,240.24483,20.230751,448.48184,13.373109,30.573483
-4.7992535,13.743447,16.845577,-0.08519439,0.44916832,5.731214,93.01425,1.7014562,2.1303604,260.9597,16.650047,400.84912,20.201647,29.004004
-5.475175,32.547256,7.681432,-0.15731317,0.5177689,6.9424186,83.38491,1.9935472,1.1162727,583.72754,20.595228,262.6216,18.798235,13.467245
-1.0396925,3.5788572,17.547197,0.2654538,0.4434755,5.5939293,97.137955,1.8016309,11.268408,279.31448,17.276098,429.03375,14.907965,29.526947
-5.603217,32.647373,17.5981,0.22828817,0.48298228,5.675996,75.75271,2.6674209,16.443527,447.8896,16.62802,417.92612,20.443672,14.446463
-4.3330326,15.175843,17.673912,-0.15880138,0.4459775,5.847671,97.122696,1.7147974,8.700075,242.9556,16.706963,343.31586,19.574959,26.54061
-4.0279408,21.819218,17.811968,-0.1615186,0.44695392,6.7731624,96.029854,3.462198,9.846932,240.62845,16.720661,281.65097,20.387606,13.066535
-2.2459614,26.749792,17.888826,0.2652337,0.4518476,5.692257,89.49256,3.8521879,13.380964,397.6364,18.270483,447.20828,19.6854,24.034283
-5.274028,-4.6596284,16.109259,-0.08212239,0.46421754,6.589719,90.02847,1.7129449,2.1834385,239.947,16.602577,308.641,19.950918,25.546547
-5.0627127,-0.16812356,14.242992,-0.05966055,0.5100581,5.803807,94.4828,2.25246,1.3720577,563.7277,20.542362,298.28598,17.629353,22.669945
-2.7742617,33.61605,16.90797,0.1339166,0.4770381,6.8547797,97.4274,5.778999,18.549944,246.32538,16.447691,271.15836,20.37928,12.935569
-5.18678,-11.122586,17.38162,-0.13607892,0.478602,5.6913247,86.32886,1.6750332,1.0508077,469.91953,20.434027,325.69354,19.330383,30.524254
-5.5015326,25.418228,16.030655,-0.18141857,0.5638643,6.9371166,92.7917,1.7128202,1.2596214,324.314,16.611504,286.31592,20.456219,13.812165
-0.41893736,32.610207,5.7898703,-0.160575,0.66689736,6.974654,82.53009,5.1375303,11.2174,555.789,16.463877,262.5481,19.220211,12.912836
-5.0554714,28.112293,17.312819,0.15031725,0.48169625,6.8325405,84.59705,4.570039,17.558838,314.1181,16.48165,265.42245,20.455708,13.259725
-5.446473,9.749157,17.324068,-0.1789979,0.47011665,6.9677453,97.57975,2.0409846,4.9294763,254.2674,17.22753,263.55267,20.312534,13.38909
-0.7585288,-12.170953,18.160488,-0.18105751,0.44448406,5.782629,93.38972,1.6700281,1.1347597,239.84515,20.572573,441.79944,20.16752,28.549028
-5.2568884,30.599657,8.75171,-0.18051639,0.5558411,6.9701424,92.641785,4.9371886,7.23627,314.28506,16.744379,262.75958,20.133314,12.926118
-5.017642,32.20338,14.261688,0.028633613,0.4852464,6.6381397,95.14356,2.6111653,1.3154676,492.10995,19.582253,268.69257,19.502342,17.378378
-4.1414576,-9.937198,16.27417,0.0943984,0.4613249,5.6007195,97.42808,1.6713518,1.5048807,240.66124,16.845264,415.88425,19.733107,30.636122
-0.82492316,33.65363,14.745074,0.0975325,0.45029083,6.726847,93.76906,5.56621,18.133465,575.30084,16.605606,268.56183,18.828642,13.952602
-5.5178385,26.260447,8.943663,0.18899459,0.5565439,6.6866665,77.93805,3.4015927,1.4948452,584.64307,17.13149,289.90594,13.598426,23.106468
-3.5596144,33.678646,9.102122,0.28308532,0.5148332,6.9608173,81.01847,5.8005776,18.042631,580.23694,16.468506,263.2688,20.452545,12.95081
-5.345248,29.216553,10.70113,0.32063276,0.4629582,6.781881,86.788445,1.7236518,6.8256993,514.9854,16.772444,282.5331,19.606415,18.722946
-4.7469425,12.490537,18.11169,0.059229586,0.45216814,5.844577,95.58052,2.0621562,17.744707,240.10855,16.458363,427.34784,18.401247,13.739618
-5.372505,-0.7321685,15.168362,0.23193061,0.44807443,5.5957904,92.79089,1.673921,1.0804565,516.39197,19.925373,427.55252,17.721487,31.033022
-2.2875211,-12.184367,18.181284,0.05282666,0.4469924,5.5680003,93.44527,1.6699063,1.0504797,251.22156,20.708977,448.9263,16.58387,31.074137
-5.6251564,33.71137,10.401927,0.118307024,0.5739802,6.960882,97.25564,5.7627063,11.644741,553.65125,16.448729,262.6727,20.555584,12.946662
-2.5816877,-10.078376,16.656609,0.29413038,0.44916847,5.577081,80.104485,1.7028357,1.2592046,275.40436,18.281973,448.52957,5.749663,31.06184
-0.07782712,21.26082,12.949179,-0.049305443,0.5138194,6.7245374,87.17356,2.1027062,6.3873906,256.9221,16.610718,279.3644,17.437216,13.284962
-5.586487,33.064342,16.674429,-0.12791656,0.47509363,6.4576993,97.74442,1.709663,1.1868875,557.67786,18.318493,264.1619,19.123064,15.526211
-5.4024925,33.550922,17.342428,0.3222531,0.4488615,6.3784447,90.64079,5.8009725,18.570919,505.18375,16.468382,424.46518,19.832897,13.723949
-5.2162066,33.481926,15.432521,0.33057538,0.4476763,5.567775,97.451065,2.1735158,3.0148256,405.55255,16.576317,449.01746,16.9495,31.024057
-5.504261,27.533411,12.73003,0.07854674,0.5802353,6.2349896,85.72086,2.695871,3.3575652,278.17642,16.733555,279.04156,18.944735,16.475359
-5.1174374,-9.7751875,17.761812,0.01793455,0.44720626,5.5677285,97.72015,1.6701678,1.058357,368.971,20.732359,440.07095,16.91886,31.060665
-5.319621,-11.8580885,16.325872,0.14610027,0.45407832,5.5676346,96.589806,1.6699389,1.0492456,472.85065,20.730892,444.22827,14.0469055,31.071009
-0.3201715,6.2607164,16.43013,0.32182962,0.44818947,5.56725,97.85912,1.7126056,1.06933,412.47357,20.702105,448.9815,18.681734,31.068832
-2.039632,26.217472,18.17583,0.30670103,0.4484607,5.6120343,95.52429,2.0761268,4.5342717,246.231,16.480133,443.91556,19.750713,27.157883
-2.208689,10.401044,16.143923,0.32166603,0.44739577,6.1728196,87.37376,2.8482013,8.399263,277.77008,16.484177,382.86566,19.802973,22.695158
-5.1019964,20.79603,13.207195,-0.18109769,0.6013367,6.9725904,86.99294,3.0346563,1.9327118,570.6414,16.899786,262.5918,20.529732,13.141603
-3.8576314,33.601604,6.284395,0.33057564,0.4761331,6.7341266,90.93162,1.995555,2.2669656,584.56146,18.019787,287.78058,16.303507,24.202518
-0.6622187,-12.180911,18.007965,-0.033659805,0.45455557,5.567301,97.68002,1.6700903,1.062743,239.79478,19.844406,449.01474,7.4861712,31.071278
-2.388612,-11.840859,16.41363,0.06786861,0.48857558,5.57124,96.06247,1.6727349,1.2763326,318.6013,20.702827,442.81616,13.626662,31.007172
-5.0640345,5.093402,16.050991,-0.17089102,0.50480586,6.398485,88.02838,1.6834904,1.1303527,579.9669,20.575903,264.2724,20.354218,25.468988
-4.8089647,-6.0992103,16.453894,0.3087419,0.44447634,5.6982775,97.17245,1.7892553,1.8412011,371.33453,18.887224,442.62668,12.488509,30.451063
-5.3251915,33.199806,16.706326,0.22307467,0.4972023,6.0567756,85.43579,3.9260952,5.0343156,580.2058,18.055637,355.71994,14.400581,16.644897
3.1083465,5.6028914,17.742617,-0.18706927,0.4738403,6.971965,97.59344,1.9655885,1.4848125,241.01025,18.661453,262.57498,20.501837,12.914748
-5.2137976,30.404387,10.7207365,-0.1652248,0.5178497,6.9634337,96.33045,1.8195654,1.2843931,245.16296,16.556263,263.79596,20.50519,13.054337
-5.311898,32.688885,16.954079,-0.18418145,0.59874016,6.97454,97.791,5.672564,11.41132,242.90903,16.452312,262.52872,20.589884,12.913479
-5.165148,1.270867,13.323456,0.3303429,0.44457397,5.5678315,96.457565,1.6940893,1.1000516,566.66815,20.29294,448.6528,11.098812,31.034245
-3.6404645,16.059069,9.689623,0.26718688,0.45271847,6.0345964,85.54352,5.686536,16.80239,262.93826,16.544582,339.49445,19.28182,17.216763
-4.987566,30.619188,9.459519,-0.13101679,0.5651773,6.9266887,82.39583,2.5345724,1.8491962,581.21606,17.267113,262.60373,19.606464,14.065636
-5.0887184,22.16563,17.747715,0.30346918,0.44892246,5.8050494,95.492516,2.454344,1.7792919,262.3433,17.161919,366.46793,20.238195,18.647139
-5.2118626,0.8938748,13.825232,-0.14942248,0.50619525,6.2225127,97.30094,1.9400792,1.8638175,499.02576,20.364317,269.54382,17.950844,21.791689
-4.1201773,-11.321029,13.834908,0.25605094,0.46525353,5.5939054,94.325775,1.6749393,1.6465576,239.84587,18.796305,433.574,17.751207,30.903236
-5.4714823,-0.32077056,14.934825,0.27759966,0.45129442,5.6906586,94.093765,1.8972138,2.8730252,442.89517,16.833736,343.56458,17.48713,30.414598
-3.6808622,33.163475,14.227474,0.33128208,0.44451854,5.636716,94.37925,5.7854395,18.362144,572.1828,16.648285,434.81583,19.711937,21.045532
-5.5705767,26.21075,5.1159716,0.18090217,0.5641165,6.115367,94.89181,1.7118114,1.0846088,584.9542,20.626743,268.70624,13.255981,19.40019
-5.1668158,33.31285,11.2734165,-0.13865528,0.5449509,6.9633613,97.29093,5.2342625,15.419813,279.08725,16.448885,264.014,20.555801,12.919366
-5.4639025,-1.6251358,16.664852,0.08575385,0.4749061,5.5706706,97.594864,2.217969,1.2764995,335.59244,18.167953,440.90915,15.932538,30.690088
-5.4283485,23.11591,6.783001,-0.1534542,0.49110538,6.3159585,94.01507,4.1488214,1.1242759,481.8118,20.531801,264.85468,18.669847,13.795367
-4.4781437,-12.188149,17.874575,0.08283851,0.44441822,5.569034,92.33747,1.6699263,1.0490501,320.5749,20.731564,447.76907,9.584392,31.073957
-5.3496885,-7.716085,16.303087,0.28623033,0.4474283,5.87845,83.749535,2.865142,14.431263,250.60289,18.76797,423.51102,18.958717,29.306372
-5.134596,30.213085,10.916829,0.22259139,0.4530618,5.663361,91.49822,4.6750283,9.05559,583.2019,16.71451,385.63068,13.350621,22.91587
-4.063637,-10.777089,17.686998,0.05822876,0.44828415,5.71407,94.77344,1.6703385,1.1861713,256.88156,20.641108,307.6502,15.396975,31.062618
-5.2669964,33.658756,14.244622,0.17737344,0.6630838,6.974621,76.98477,5.8033476,16.527054,540.43994,16.44733,262.54724,20.503662,12.912322
5.600445,5.4519377,17.756567,0.22748455,0.44473544,6.115122,79.91984,5.7905035,18.528278,244.2029,16.695969,412.8269,18.545927,16.639378
-5.564067,33.69083,11.225281,-0.13063315,0.60636455,6.9733105,93.51645,5.3761263,6.2839603,585.42847,16.473192,262.5341,20.412603,12.92058
-4.657525,22.92875,9.80109,0.05522921,0.47833726,6.8127275,93.58059,3.765973,11.531158,321.39792,16.461214,279.3212,19.558681,13.365391
-5.0623283,3.682204,10.817726,0.3331559,0.44652945,5.567243,93.89196,1.6770085,1.0513856,581.0059,20.624187,449.04465,5.581817,31.074675
-5.1536446,-11.894731,8.937724,0.3326767,0.44422927,5.5672464,96.93852,1.67006,1.0495832,267.82535,20.506523,449.04437,5.496103,31.074556
-5.0164576,31.947363,9.6448145,0.15907072,0.45687893,5.6307454,97.24243,2.2025323,2.162318,554.4663,18.807148,415.61234,11.359121,30.137367
-3.519797,10.330043,17.70941,-0.0788194,0.5304104,6.843213,68.28367,2.274069,12.441088,249.53288,16.467289,281.2417,18.575663,13.605748
-5.430958,3.6240494,15.534064,0.14566869,0.4571711,5.599848,95.81166,1.6882366,1.22591,295.50354,16.91698,425.701,16.065514,30.674873
-4.722,-11.344491,18.187494,-0.16152927,0.4458382,5.602533,95.643906,1.6713363,1.113487,239.81369,17.771162,436.26218,20.14224,26.088837
-5.0977373,15.848723,15.570866,-0.18617606,0.59423673,6.962184,92.72858,2.4190612,1.957782,379.7548,16.80717,263.88153,20.231249,13.083451
-4.520343,33.70465,8.19546,0.29226172,0.5172332,6.9673185,50.887497,5.7995644,18.131966,585.3673,16.465744,263.05795,20.211115,15.420232
2.151527,-6.7335105,16.857622,0.26249945,0.47839233,5.568388,94.79547,1.8138897,1.8527815,552.9255,20.393856,427.1856,18.214157,31.040821
5.053182,32.854424,16.565994,0.2636028,0.47049782,6.9703617,73.36912,5.795953,18.585257,356.18823,16.534071,264.0087,20.388977,12.92275
-5.339571,-12.00756,11.625858,0.20585454,0.4474025,5.5682626,97.034454,1.6699106,1.0490882,537.8471,20.73051,429.71606,13.3830185,31.073658
-4.6202497,-6.147741,13.397053,0.28876215,0.44805023,5.760766,88.68801,1.7323548,1.1064861,583.336,20.673054,384.7999,16.44216,30.630339
-4.9475317,-11.695453,11.016376,0.17693065,0.49556074,5.6434073,85.26132,1.675238,1.2199638,545.8642,20.25353,281.8133,15.6359825,30.909353
2.5543542,32.97312,12.989563,0.07147674,0.64712757,6.973712,89.83217,5.8045955,18.59462,537.241,16.512558,262.872,17.549751,13.000118
-5.3958836,11.657849,15.877217,-0.10765455,0.45293182,6.7861705,83.56005,2.3219244,5.4539843,263.306,16.643784,306.2061,16.74004,13.322453
-5.5607967,26.128695,7.2001553,0.055850532,0.5091506,6.689425,90.33682,3.972498,2.6604478,583.4175,17.513945,266.30396,19.31392,14.694836
-4.6348143,29.678198,15.534599,-0.09885714,0.5068376,6.8440557,94.96238,3.9898736,1.480972,296.17886,18.287737,264.3536,19.960768,13.823964
-5.325966,-11.518439,16.665148,0.02895496,0.44810143,5.6321745,92.35988,1.6814901,2.787011,240.74661,17.115608,425.37378,20.376104,29.41375
-4.2318134,-2.5457327,15.765107,-0.09924952,0.5591265,5.5754795,92.9774,1.6700269,1.0498435,581.49786,20.730444,422.27036,11.643086,30.968405
-5.2678757,-9.316041,17.763453,-0.15005755,0.50559616,5.6050253,93.94703,1.673318,1.114351,264.9967,19.583803,428.33386,16.157259,30.370499
-4.867243,33.709743,4.715091,-0.09475497,0.63428223,6.9724784,85.93045,5.576873,7.2337303,585.59424,16.54779,262.57205,19.2871,13.061804
-4.6200905,7.770067,16.856688,-0.17108914,0.47791845,6.969895,96.15402,1.8927982,12.082241,343.01306,16.866354,263.1815,20.54169,13.427088
-4.882988,33.490604,15.989491,-0.16130853,0.47999614,6.9728484,97.308235,2.1705358,4.343078,282.2131,16.586102,262.94907,20.570944,12.955683
-2.2217872,13.353539,18.15613,-0.073067196,0.44456694,5.7367444,95.509995,2.0176394,16.913322,240.91954,16.559996,427.9298,19.255997,20.812284
-5.6139975,33.714634,4.789141,-0.13460347,0.45824236,6.2772317,79.16177,4.176045,2.1184976,585.60516,19.758617,265.40442,11.827521,25.343115
-3.8988507,-10.142873,18.031878,0.22013499,0.44358346,6.0772686,93.83414,2.313493,9.039934,240.4436,17.165901,384.82077,20.327034,13.187446
-3.6141617,-9.187991,17.983725,0.07263313,0.44855398,5.711963,94.6448,1.7056504,5.134412,241.44566,16.643623,440.57343,19.294163,22.268087
2.230685,29.29709,8.705203,0.30705804,0.4689843,5.569567,97.70759,4.890198,5.543034,566.067,17.467566,447.47766,17.664984,29.750463
0.19926366,-11.303229,16.740314,0.18348312,0.48119074,5.577431,97.12044,1.6714162,1.0527256,300.24652,20.729774,409.17798,17.534098,30.645918
-4.6052256,6.9184084,18.174093,-0.1368725,0.44324955,6.3601017,97.5616,2.6126788,7.1675677,239.90277,19.181444,335.5134,20.507051,16.459038
-3.4532197,-3.8898852,15.574875,-0.1609777,0.5396276,6.3281765,95.381035,1.6784416,1.4921873,306.18008,16.782293,321.418,19.456606,20.846052
-0.957801,-11.62814,11.4242525,-0.15501145,0.49326608,5.9482937,89.93338,2.2374563,1.2917488,389.86884,20.730715,280.76172,7.6045203,30.088945
-5.512602,32.67098,4.535335,0.2501322,0.6419952,6.063164,94.2892,1.8796009,1.0819309,585.33905,19.736343,285.33478,6.2896266,30.930864
-3.5356157,32.980507,14.539535,-0.10280008,0.6323733,6.965357,88.61867,4.514847,2.043587,450.2816,17.141752,264.21637,20.109991,14.173411
-5.199214,32.909035,15.746423,0.16040972,0.48774827,6.625557,93.449776,5.7916865,18.352877,334.72134,16.46271,272.48376,20.114876,12.981946
2.5073926,-5.854303,18.171446,-0.17512344,0.4728195,6.8795834,79.92608,2.172357,10.60182,240.0822,17.005726,310.77448,20.307117,13.709365
-0.052920006,17.953405,18.045033,0.29853114,0.4446494,6.7540603,81.25394,5.635825,18.521374,246.49731,16.484385,399.37714,20.138147,12.955509
-5.081851,-0.6630643,14.081908,0.2983227,0.45543247,5.5707345,90.28754,1.6768979,1.0970714,552.0339,20.509558,443.7732,10.04586,31.057646
-4.881815,-10.395303,11.117807,-0.18575457,0.530864,6.9527245,88.86552,1.7072006,1.3107793,260.58588,18.725477,263.748,18.420927,22.02337
-4.5856476,1.5468689,17.833158,-0.11283436,0.47233456,6.9555497,96.43524,1.7430998,3.3531682,270.16678,17.304176,265.1928,20.045307,16.064114
-5.3322306,33.17262,15.298958,0.2550318,0.5351126,6.929924,94.93817,5.7820516,18.438616,510.6156,16.49475,268.23877,20.391245,12.974262
-4.8831873,-2.2472394,18.03396,0.32332698,0.44366333,5.600796,91.894585,1.9970728,15.814116,244.65349,16.885305,448.08643,18.349552,29.05133
-3.8038514,-11.014714,17.733221,0.26838213,0.45122758,5.6775866,96.13743,1.7413179,1.3290508,296.9414,18.57371,444.9978,11.5318165,30.591831
-3.3578517,4.192679,17.994806,-0.18085498,0.5473017,5.6150784,94.0098,1.6942672,1.5637462,280.41983,19.594713,378.43362,14.411438,24.564714
-5.146163,24.294563,14.561955,-0.16260172,0.50735474,6.874705,96.27011,5.231445,14.192283,241.47635,16.473925,273.6063,20.565536,12.944258
-5.0191164,3.3812277,12.082058,-0.11884736,0.5712297,6.8283806,80.70947,1.7244271,1.9949119,376.58163,16.966782,266.40576,18.28086,15.124194
-5.03568,18.556898,15.008877,0.26155934,0.47660992,5.951399,88.71616,4.3222384,15.377181,477.7252,17.77651,347.1492,19.891794,19.39269
-5.4771166,33.524033,5.372456,-0.030414347,0.50335956,6.711708,96.624596,4.1070876,1.3443105,583.6088,16.623869,263.81546,11.867274,15.648761
-4.261261,-11.121661,18.19671,-0.14758357,0.4465381,5.609283,96.72681,1.6710502,1.1518352,240.37892,20.703943,445.58368,11.792586,30.587627
-5.587097,32.76442,16.07914,0.330537,0.46656108,5.847321,89.60912,1.6873158,1.5612018,560.7139,16.992643,403.55182,20.118605,26.934652
-4.524662,33.535717,12.961144,0.3309024,0.4467635,6.0868716,93.24451,5.7949142,18.45383,394.75482,16.472301,373.17844,20.456217,15.105158
-5.3081436,33.715317,5.096141,0.3020045,0.5653176,5.9807625,93.41236,5.7617154,17.6541,584.79175,16.546555,363.58322,16.698448,15.937117
-2.263797,22.36485,12.74701,-0.16406715,0.611262,6.974474,72.74047,3.630291,8.264424,276.63214,16.477577,262.55865,20.014406,12.928828
-5.4307547,33.102245,7.156961,0.33180308,0.46820498,5.626177,81.111084,5.6985784,17.709803,580.0745,16.865498,433.61002,14.718216,29.382618
-5.054263,32.763985,13.915209,0.32924718,0.48855826,6.5356216,85.75322,5.6702776,17.450436,291.21237,16.448442,401.09235,19.979675,13.590271
-5.57878,-9.653106,15.543954,0.14736712,0.45019275,6.1437044,81.55195,1.7310067,1.7861288,508.3039,19.884064,325.77606,17.792501,30.375418
-4.1954536,33.693085,7.738503,0.267516,0.4975033,6.960839,85.51661,5.804153,17.43804,565.24164,16.481827,272.3107,20.423925,12.936984
-0.63258946,28.0666,7.3301406,-0.07884868,0.6381729,6.9722853,79.483574,5.341334,15.483554,478.47464,16.540962,263.26984,20.185625,12.980637
-2.4116852,-11.510037,18.185583,-0.1741054,0.49291906,5.711776,72.26106,1.6752344,1.0548799,254.75186,19.768469,430.1981,17.994324,25.877497
-4.883048,22.913609,10.830575,0.12823825,0.49493113,5.5924277,97.15335,1.7431746,2.21183,557.523,20.685604,334.7371,17.255203,30.979235
-3.3277729,-11.606435,16.28035,-0.17299046,0.45021546,6.0042543,96.377785,1.6780189,1.0677993,277.7033,20.672644,341.5786,17.656752,29.215881
-4.7686386,-4.846823,18.10178,0.0050105643,0.51170295,5.60973,91.55722,1.6716462,1.0537755,438.6835,20.500727,445.70273,15.408642,30.856243
-4.3465996,15.367988,17.661871,0.07825314,0.49569178,6.00536,93.30009,1.7622422,1.148217,256.2596,16.960638,446.09363,10.357739,28.047436
-5.201647,0.9819333,18.029657,-0.15016878,0.44812226,6.942014,77.48577,1.7352709,16.48216,303.32312,16.86446,263.33945,20.52919,14.105924
-5.657325,33.649345,8.09214,0.22291376,0.5791501,6.8446827,93.46209,4.8098817,14.535623,542.0325,16.485275,267.93985,20.044296,17.025293
-5.0790224,33.549007,13.156995,-0.049130734,0.558029,6.9713964,96.35443,5.7691565,18.403734,435.2141,16.459494,262.5726,20.202402,12.91598
-5.508463,32.36437,9.181345,-0.121300824,0.47503865,6.957427,96.680145,3.7531521,11.317365,454.9019,16.496313,265.23093,20.111877,13.3906765
-5.146,33.405975,5.2447834,0.080845,0.5067256,6.8279653,97.06176,5.169719,10.036102,573.2379,16.686928,264.51685,18.675161,12.968513
-4.822674,33.271698,8.097321,0.29643685,0.45643318,6.3373656,96.196655,5.79728,17.95704,268.697,16.448017,282.63324,20.266487,12.933741
-5.025052,-11.40853,16.959549,0.33291858,0.446777,5.567343,93.98368,1.7538973,1.299073,315.47934,18.88833,449.02362,8.702725,31.071936
-5.37584,33.13316,7.239311,0.026049983,0.5347404,6.376852,89.235725,5.4964137,7.1492624,562.87256,16.512571,314.02194,19.924206,13.196698
-1.6862279,28.42561,17.44177,0.19591464,0.46960732,6.2537317,62.632355,4.996526,18.409485,262.2404,16.457373,351.4342,20.27611,14.377561
-5.1413536,31.798502,16.027496,0.25100854,0.4438099,5.857288,95.10428,3.562911,8.615715,569.24384,16.607037,414.57098,13.565701,29.740908
-4.4373283,22.358078,15.832262,-0.17265792,0.5428901,6.9163404,97.46285,2.4765205,1.3144424,331.53226,17.62962,262.9911,20.400702,13.026016
-3.1472108,33.42533,12.904195,0.11688411,0.5550668,6.971811,95.925316,5.702809,14.052172,549.69794,16.494349,267.34216,19.308605,12.919835
-4.8899918,12.487597,16.848469,0.33305013,0.45559162,5.591298,65.85709,3.3899236,16.257706,536.5284,16.533726,448.33566,16.392256,29.82571
-4.0700817,33.043415,5.2095904,0.0996374,0.5829921,6.933687,50.328312,2.460626,2.0052416,578.2531,16.87701,284.21722,17.028217,17.021088
-5.487273,32.615795,13.4476185,-0.14934239,0.5341244,6.8913918,95.980995,1.817212,1.392267,580.706,18.879171,264.84613,20.04974,14.027856
-4.888384,9.023402,10.016688,0.3331566,0.4453158,5.567238,97.740265,1.6743206,1.0498474,585.35785,20.68626,449.041,7.2728133,31.07467
2.4139104,-3.4508011,17.4473,-0.18278927,0.4476634,6.9717875,96.91413,3.4476364,6.82749,240.00114,16.504347,267.35666,20.3221,12.960512
-3.2031562,-11.570029,18.016382,0.19573309,0.4436623,5.5709815,97.15148,1.6911179,1.1376626,240.98647,20.275864,448.58304,14.279153,30.927803
-2.6028554,-4.1184516,17.585175,0.2186473,0.46727914,5.5993023,75.97411,1.7059861,5.143673,356.3766,17.060925,445.51538,13.960168,21.011127
-5.365795,24.045588,18.034264,-0.14973572,0.49094725,6.147073,96.42637,1.6792539,1.4417484,529.8973,20.639387,267.82724,19.141232,27.989029
-5.2180433,-11.972228,15.514522,0.17370392,0.45432934,5.5726137,91.90146,1.6943723,1.0883558,296.6378,20.513811,446.82776,18.50034,31.04903
-4.9885607,32.15336,8.229215,0.33013758,0.44952708,5.5827255,94.03494,5.5625324,9.221166,584.7734,16.60644,444.49072,18.573502,25.222322
-5.2891874,32.424183,12.692255,0.2853838,0.5150299,6.041525,95.06069,5.3445277,4.9933715,442.5035,18.491955,335.85947,19.086687,25.966776
-5.4634542,31.9779,7.104423,-0.01761711,0.5259868,6.131739,82.61197,1.9345661,1.1291759,582.69794,20.596209,264.76764,19.708826,24.498003
-5.6015415,23.132599,10.59005,0.31951246,0.46471822,5.8502426,91.5917,1.855017,1.8297155,578.51263,18.10362,391.61188,14.171288,29.416937
5.463769,32.854122,14.279152,-0.18306774,0.60375607,6.9747386,95.204,5.7585278,18.478474,251.32735,16.447813,262.5202,20.575647,12.912083
-2.6675093,25.938156,11.109961,0.07913511,0.49014753,6.753861,95.53025,3.8184798,6.8229914,459.2244,16.491629,267.06265,18.99145,16.577475
-5.014942,29.150404,13.820884,0.3146187,0.45097113,6.070304,91.37805,5.5672703,16.388378,533.5246,16.48841,382.23758,18.674305,17.371937
-4.7425203,30.34831,9.789992,0.2867111,0.5070288,6.6984477,83.79372,4.8805857,1.4392307,556.7526,17.075573,393.9045,12.62678,20.26515
-3.957229,33.623425,16.935736,0.0750609,0.61601216,6.949304,91.74121,5.7832494,18.610834,581.6054,16.455582,263.1646,20.504164,12.942958
-5.0838175,31.562798,11.331625,0.32501248,0.451322,6.069967,95.15339,2.4550207,1.6869934,553.3876,18.052464,363.4619,15.792684,20.196001
-2.044028,21.620739,17.973679,0.02844321,0.4567539,6.8987784,94.62082,2.600441,17.625364,247.79129,16.744486,302.99973,20.402761,13.0828
-4.4525948,25.490156,5.2953115,-0.18370569,0.5406302,6.919968,96.24807,1.9396503,1.7900922,346.48093,20.208712,262.5742,16.99202,22.314774
-4.1556435,30.093014,17.99789,0.28069794,0.46487835,6.752833,81.40645,5.130454,17.85619,358.67783,16.455221,273.51215,20.48139,13.532914
-2.3241808,-7.8627048,15.68196,0.1562579,0.44673476,5.845364,94.581406,1.7919365,3.8424585,312.04196,20.466913,334.75766,18.316702,25.137405
-4.3347263,-0.25624973,17.60905,-0.17023432,0.51318043,6.421509,89.403244,1.6782447,1.6725585,301.18433,19.631313,321.35046,19.327806,20.852352
-4.3803854,33.697205,15.703037,0.3298002,0.45782337,6.54905,85.87189,5.8046546,18.605398,579.616,16.463848,319.8608,17.14264,13.926008
-4.261058,33.607822,17.84121,0.30311823,0.44915822,5.6500034,96.78005,5.803905,18.618252,250.24466,16.458971,429.68762,20.245543,13.272881
-2.87163,32.764748,11.794489,0.33197156,0.45142552,5.5814943,96.41647,4.433054,2.1320322,582.94385,18.821241,447.9477,6.3719554,29.304317
-3.847839,-1.3649706,16.565453,-0.14991097,0.47910807,6.960692,87.11665,1.7884262,14.217511,242.77562,16.46295,310.40036,20.514988,13.001557
-4.020383,11.3222,17.828405,0.13365991,0.472684,5.623885,82.61241,1.6722976,1.1205442,529.596,19.711872,448.12997,10.429508,30.816431
-5.334116,5.1752644,14.83668,-0.05430087,0.5144114,6.8861375,87.62024,1.8871498,3.3654954,452.46045,16.642094,266.23825,20.194622,22.179913
0.49995574,-5.847301,18.02474,0.29464707,0.44636688,5.570232,92.70198,1.7245811,6.760755,243.07693,20.488586,447.61047,9.164105,31.04702
5.437922,-7.6600337,18.004812,-0.013925168,0.459178,5.634668,95.83378,1.7597909,14.701346,241.53195,20.408625,435.8841,19.599232,27.38649
-5.611149,18.996979,4.6070185,-0.05247597,0.58128196,6.7620597,92.28579,1.8730363,1.2911184,584.69946,19.723864,263.24417,20.022907,18.10627
-5.095133,31.571907,15.308931,-0.16306333,0.52343094,6.973168,86.90811,4.881752,14.892326,291.6267,16.469893,262.93942,20.5177,12.917794
-4.707906,33.19576,5.429857,0.3323318,0.44447228,5.60174,90.98264,5.6779966,14.250469,583.8239,17.022308,443.35526,6.7508082,30.364534
-5.3480215,-11.104007,17.422764,0.32863644,0.44315013,5.567265,97.19116,1.7114288,1.5289304,271.3002,20.67532,449.03305,12.812694,31.07118
-3.7119853,7.685581,18.086126,-0.12668447,0.4447885,6.5133324,97.47242,1.6794158,1.0652654,240.11676,19.36334,381.8641,18.234594,23.40651
-4.806013,8.353226,15.692478,-0.17243622,0.534566,6.8507643,96.59782,1.6742221,1.0891569,477.61288,20.464146,264.029,18.510891,16.160172
-5.35445,26.342001,16.966269,-0.14150111,0.54435,6.9395247,92.60033,3.526545,14.1011915,335.50946,16.461082,265.55484,20.3031,12.930371
-5.4699993,17.978989,17.179874,0.28096217,0.5089386,5.6133194,91.90449,1.6881665,1.2140958,574.9179,20.394024,412.11072,20.034134,30.882278
-4.913533,-11.144319,16.945312,-0.18088198,0.49014145,6.9066734,96.06275,1.6718351,1.1456859,259.97836,19.491835,270.59708,19.497458,13.651883
-3.6512516,28.54493,13.410085,0.10134504,0.46191588,6.7463923,95.826935,2.1834545,1.6355608,240.11043,16.477852,329.07516,17.518883,19.876926
-5.4884567,-0.5011962,16.070068,0.32362235,0.44873676,5.5676155,93.166,1.7021528,1.0823486,561.54944,20.650253,448.93753,16.731258,31.073702
-5.535596,0.93796605,7.6560683,0.13764116,0.5120175,5.830516,95.97762,1.6816272,1.2493474,544.18085,20.56866,302.1853,19.149923,30.163538
-5.6691685,30.896448,15.9935875,0.29430956,0.48622036,5.688238,82.909035,3.5522926,9.656238,562.68243,16.948414,402.09338,18.549074,28.183191
-4.7315493,-7.0127807,18.155317,-0.15812646,0.4526541,6.194681,96.36605,1.7037715,1.302491,241.9876,17.342558,333.35342,20.064732,22.174725
-4.2182226,-3.6109126,17.72215,0.27177942,0.44717157,5.5673943,95.479744,1.8747466,2.7417667,269.89056,18.418442,448.94632,11.53545,30.600441
-4.9307356,22.762367,15.16364,-0.15185769,0.4830989,6.7501807,88.59252,1.7271336,1.143317,483.04803,18.744734,277.2346,15.902242,20.8732
-5.024227,19.345638,13.157187,0.33090693,0.56472045,5.567902,94.925446,1.9149951,1.3449886,521.20685,18.232853,447.95312,10.4162035,30.976448
-5.3676853,26.88587,14.010778,-0.14337504,0.48256376,6.7409806,95.01312,2.003055,5.1951528,295.55768,17.468115,265.82254,20.153679,13.358315
-3.3877213,20.253494,18.111765,-0.0954017,0.45164758,6.800962,89.39562,1.753651,4.1904793,241.14467,16.588821,374.5416,20.145498,13.200367
-2.5615737,33.672653,6.5907893,0.29336432,0.48888388,6.8695607,91.41637,5.7376833,9.235433,585.4521,16.728848,263.84082,12.886494,13.433344
-5.05554,33.449932,7.810586,-0.09710259,0.50654876,6.9495697,96.195885,4.8552184,14.893519,428.6883,16.449688,263.78244,20.5704,12.946104
-4.480155,17.504782,12.473765,-0.1347841,0.469531,6.666805,97.41389,2.4945214,2.6009104,240.61465,17.625395,267.63416,19.625223,15.254575
-1.019158,20.565197,17.523766,-0.16545264,0.5843439,6.561091,97.2954,1.6923279,1.2383697,244.62485,16.69154,292.10812,20.429642,13.162552
-5.461048,-10.322888,18.005346,-0.13325761,0.46758944,5.578347,96.4318,1.6706015,1.0494726,257.53293,20.699629,426.25916,15.250239,30.100277
-5.483407,8.449004,4.9151864,0.32626557,0.4599444,5.9560165,49.070724,1.8523493,1.7440574,585.5234,20.1266,299.63928,13.775428,26.980242
-2.828169,29.26739,17.754936,0.32961193,0.4523773,5.5835867,87.70723,5.722167,18.593258,261.54156,16.649302,435.43124,20.298624,27.19393
-5.670171,6.974499,8.472478,-0.13177355,0.6323486,6.8559523,93.984505,1.6720463,1.1627748,580.8898,20.452217,262.83084,20.242579,26.824617
-5.3017187,24.564632,12.147639,-0.18468449,0.5512169,6.9597025,95.021286,4.266838,10.089239,242.05402,16.486273,262.9582,20.302368,13.262811
-5.277688,19.764168,17.493921,-0.1746176,0.4493041,6.7885647,97.39101,1.9647863,14.070235,240.15791,16.472319,304.31918,20.50025,12.95083
-5.042577,33.0772,14.186679,0.21121812,0.54947966,6.8154097,69.149826,5.545279,17.399008,493.8476,16.471863,274.06973,20.180838,13.695609
-5.5872784,15.535061,12.048489,0.050415024,0.5098715,6.50702,95.385315,1.6717838,1.0533159,584.9406,20.464462,273.16626,12.838393,27.377447
-3.6351764,-11.686685,10.787361,-0.15347038,0.45646793,6.59459,78.60325,1.6716388,1.1433666,251.00893,18.82317,382.26535,15.953443,30.242224
-5.177387,30.560385,5.051051,0.31844327,0.47873142,5.688401,64.99098,5.5130076,2.1411793,585.5379,19.55061,435.98895,10.812114,30.636322
-5.279542,15.379834,17.962042,0.32668322,0.44561943,5.666038,96.23155,1.7125114,9.0974245,245.6293,17.47472,436.27115,19.616617,27.104929
-5.4111586,-8.104516,13.326482,-0.17044911,0.63740796,6.8640995,93.50457,1.8767401,1.3434722,361.3721,19.308985,268.6395,19.643135,13.282346
-5.4587975,19.281803,12.972641,0.2665623,0.4660035,5.949058,85.14902,5.4324007,5.078655,503.88446,18.226803,361.29617,19.951017,15.350701
-2.8608797,25.192255,10.148512,-0.040345628,0.4920887,5.805786,92.16771,2.6132548,1.7319934,579.0941,17.837692,383.90277,16.299952,29.810928
-4.936636,23.783207,8.48078,0.33208358,0.49768996,5.5672383,97.66824,2.162825,1.0631998,584.598,20.699863,449.0206,6.0833454,31.074081
-5.4695807,31.502903,7.5693674,0.29562435,0.52779603,5.7024283,93.53643,5.670137,3.958935,582.9647,16.514437,293.06277,20.050976,25.443502
-4.7313232,-8.679158,18.027803,0.33092436,0.44833684,5.5753813,87.758514,1.9971479,13.188567,242.48735,16.654028,449.01196,8.221535,30.871347
-4.9863787,10.868755,15.274485,-0.016542252,0.57709783,6.934132,54.495255,1.9908783,5.656232,513.1631,16.663511,273.89676,19.773268,15.552541
-1.8706752,18.438814,17.411043,0.31771666,0.45654956,6.373009,91.324745,3.2592437,16.522358,249.30849,16.545462,409.13107,18.924778,14.87698
-4.521595,-9.091636,16.299904,-0.095456846,0.54906166,5.583474,92.19852,1.6709334,1.0521,532.39636,20.72673,320.82956,20.08332,30.958696
-4.185961,-12.065557,18.011658,0.33084872,0.44321886,5.567811,95.016716,1.688666,1.150768,239.88412,19.10845,449.0431,8.887263,30.639292
0.8353144,18.933147,10.166459,-0.18474057,0.6074375,6.9746146,94.32116,4.6591644,5.9208484,242.79984,16.47229,262.64072,20.536802,12.914898
-4.657695,-12.068833,18.190384,-0.0974518,0.44831142,5.570601,96.65471,1.67005,1.0615633,240.64197,20.163591,448.1103,17.925463,31.012962
-4.2721834,31.311234,8.369066,0.107124016,0.570616,6.8674655,96.0679,5.1916456,12.914211,559.2828,16.70994,264.85706,20.48491,16.188358
-5.2119293,4.9731774,11.003458,0.21904969,0.45890722,5.6513767,90.737854,1.7998834,1.1216686,581.3721,18.303236,381.48904,14.941248,28.924162
-1.8297983,6.5284905,17.402182,-0.09938008,0.47913513,6.201148,89.27442,2.2708795,13.19995,385.82495,17.434376,283.1308,19.862152,25.6425
-5.54035,33.461708,11.320695,0.32850173,0.4552522,5.9840484,88.56998,2.9264686,3.9922345,585.2513,18.048962,388.36554,13.587885,29.007957
-4.8988533,-9.45305,18.180058,0.06500563,0.44353217,5.5796456,96.67549,1.8396022,5.2151313,239.86653,18.413078,448.41,13.199846,26.1197
-3.4788034,-12.162013,18.129692,-0.18510345,0.44492033,6.463052,97.70999,1.6760615,1.096359,239.78769,16.92855,363.2173,20.516953,13.780643
-5.1905804,30.80616,7.193624,0.24291547,0.5267563,6.9708614,85.775665,5.594435,17.427158,575.3017,16.458319,262.88818,20.407156,12.995208
-4.7813435,29.765627,11.389342,-0.1208827,0.46364695,6.3621683,96.41049,2.2240417,1.9683378,435.80246,16.72977,284.3688,17.763851,16.361048
-3.7869656,32.508934,17.553492,0.1446902,0.4474397,6.5788736,90.678925,4.9379516,18.43451,269.9733,16.524166,308.55933,20.14469,13.492421
-4.5627794,-11.366876,16.32769,-0.15781659,0.44510636,6.7041216,92.63407,1.813137,4.550834,240.40314,16.50637,272.66663,19.712547,21.749651
-5.595503,3.5096548,11.367196,0.010614206,0.4688135,5.570047,97.84422,1.6703562,1.0548418,537.58954,19.724113,444.93573,18.199282,30.856298
-5.3082876,19.290897,11.177864,0.29019126,0.52489656,5.8909817,81.385254,1.7949847,9.470205,414.20462,16.518353,408.2976,19.546799,23.965118
-1.6348921,-10.059491,17.44023,-0.18005577,0.44462776,6.9575443,95.55304,2.10678,16.526144,241.15744,17.19916,264.3498,20.522087,13.113614
-4.6446753,16.273806,17.826956,-0.18362388,0.45629588,6.955569,97.370415,1.6960198,6.2050653,240.84258,16.48383,267.8996,19.982187,14.287959
-3.906144,23.893045,17.587217,0.18895963,0.4604846,5.935096,95.65408,2.1159017,10.472711,376.63898,17.032982,414.4728,17.943892,20.596561
-5.033864,30.1001,17.855848,-0.11252787,0.45087728,6.9672837,94.64439,5.1676035,18.339123,239.89812,16.48378,266.48233,20.582783,13.118948
-5.636627,33.155197,10.952355,0.32945424,0.49962115,5.6725307,94.29791,1.9149057,1.2466915,576.08936,17.391258,425.2563,16.24699,30.446253
-3.035895,33.539482,10.616326,-0.13823515,0.5547857,6.9742966,94.166504,5.348541,5.3856983,511.55652,16.87221,262.66226,20.221031,12.957497
-5.5263166,32.70837,4.9886293,0.31590593,0.4580644,5.86248,93.368996,4.193742,1.933758,583.8213,17.11716,415.41553,13.151562,26.746742
-5.0716,2.8992932,12.710041,0.058153033,0.45892122,5.650394,91.3025,1.709093,1.0604084,549.3249,20.424593,440.08835,9.564017,30.955656
-5.48825,22.001265,17.246927,0.33261195,0.44599703,5.582629,86.574646,4.686111,3.5745347,444.34702,16.622139,448.1993,19.912443,29.38701
-5.4528913,29.45592,8.404821,-0.099972375,0.48176757,6.8367934,86.02063,2.0802772,1.5347764,573.4803,17.092632,267.57742,20.401674,14.513738
-4.2437162,31.284853,4.6801925,0.14983256,0.5523224,5.9250755,95.52185,4.0593147,1.2514074,583.4472,19.215054,265.85394,16.295649,22.697126
-5.665783,21.749569,17.389172,0.08173595,0.45852655,6.951802,89.43203,1.7500381,1.9367573,545.139,17.578325,267.3012,19.990913,13.812557
-5.469824,19.98969,15.814973,-0.10064087,0.4638269,6.88061,92.962685,2.322298,9.9375305,295.78677,18.842258,270.75385,20.214138,14.587746
-2.1091282,-11.687884,17.59935,0.329431,0.44450292,5.645917,90.168686,1.6738511,1.236284,245.0684,18.23201,447.17773,17.24748,30.936213
-4.482689,27.737768,16.630548,-0.09729964,0.4703188,6.94823,87.76396,5.047931,13.409206,418.48334,16.533365,265.2443,20.05771,12.98976
-5.5210667,33.672043,8.943261,0.12083285,0.5616928,6.6952596,94.71506,5.3095875,3.0244353,584.76636,16.61717,278.6034,18.07968,16.866259
-5.3786497,32.903587,9.247362,0.23218477,0.46020612,6.5953298,95.830826,2.299937,9.958161,421.60162,16.612467,290.39474,19.916895,16.276804
4.012924,-9.74767,16.606655,-0.10153168,0.46378818,5.572058,97.28705,1.6704108,1.0494821,415.22568,20.722588,440.71204,9.823408,31.041094
-5.5275564,15.063823,12.283867,0.0625428,0.44955283,5.5773335,97.738785,2.224155,1.9922912,269.76993,16.689354,436.74673,20.246918,21.215317
0.07626066,6.374358,11.63623,-0.18622977,0.6413093,6.9651127,85.87394,1.7263981,1.1472318,428.46786,19.745054,263.15268,19.74757,13.196953
-4.8949747,-10.205504,18.124166,-0.17461167,0.45893964,5.614758,94.46275,1.6728982,1.091192,250.83112,20.623562,410.26166,19.63587,28.462337
-4.065135,0.26622838,17.078863,0.28297636,0.44671935,5.8639226,94.47252,1.7639036,1.625406,288.31512,16.611542,392.48004,19.001942,28.560303
-4.624174,27.510603,12.57572,0.098315075,0.45181194,6.12575,97.24579,4.5726233,15.028333,303.47424,16.460787,296.85773,17.16467,14.373635
-5.409218,24.247417,17.959839,0.1660068,0.44853002,5.644432,89.984314,1.7190319,3.4753473,366.64102,16.65323,444.0225,16.141718,29.298676
-5.3372383,-11.927026,18.180092,0.31623095,0.44299564,5.567592,96.74587,1.6699566,1.1457832,245.65657,19.838388,449.04013,14.974471,31.066114
-4.7572594,-7.119659,15.928045,-0.089851014,0.48614883,5.8801017,90.9827,1.7236859,2.00237,355.38492,16.83222,284.85632,20.153578,20.448025
-4.5825834,10.36771,17.92746,0.30996937,0.45075196,5.6928334,95.53412,4.9796424,17.967125,243.00877,16.559702,429.6927,20.301943,17.908571
-5.5406504,21.736044,17.710913,0.27839044,0.46524113,5.650545,96.1708,2.7482932,7.123104,316.04047,16.852001,430.4853,19.139011,25.739744
-5.038615,30.739206,8.30375,0.3080843,0.46871054,6.6738534,73.64664,5.492509,13.838312,584.1424,17.260715,345.46942,19.914526,19.050943
-3.9172752,32.115456,17.484669,-0.12026573,0.46264043,6.929147,97.2126,4.4164047,18.297459,240.31184,16.574638,273.72836,19.954803,13.044024
-5.2340508,33.592396,12.211721,0.21904296,0.4597511,5.8514605,96.50052,5.2710667,5.065756,576.4085,16.68251,339.9166,11.655084,16.28129
-5.206815,12.795176,16.420292,0.004492928,0.4779254,5.5884852,79.60718,1.8314259,2.984389,577.7899,20.457598,393.59113,18.389572,29.545567
10.076652,29.189034,18.16432,0.08668086,0.47403246,6.9738617,84.875725,2.008397,18.618711,239.83885,16.454618,268.92255,20.573,12.914843
-5.508789,10.792998,8.882621,0.32470214,0.48630267,5.6736236,68.52818,1.7063028,2.0815413,558.6398,17.634415,436.03195,18.889082,30.835993
-1.5299803,-4.1157107,17.915163,0.12769173,0.44839215,6.5978384,96.40786,3.034247,12.539965,239.90503,16.487717,378.28644,19.732098,12.931933
-3.2974617,30.816212,13.953574,0.024532307,0.606255,6.9545035,65.03028,2.7883887,14.089832,450.42395,16.514477,265.21863,20.222115,13.969486
-5.6346397,25.028746,17.020885,0.0011336325,0.47951987,6.033801,89.77137,4.796468,16.202091,242.8445,16.462568,279.87152,19.851694,13.569018
-5.665125,24.815609,13.543778,0.23284198,0.44775966,5.8338614,94.0702,1.7068859,5.457434,469.61832,17.257822,327.8768,20.057106,30.213007
-4.9159317,-10.55861,17.857977,-0.13694376,0.49217227,6.042025,90.083626,1.6720444,1.4024951,290.97644,20.52618,341.2603,17.925478,30.41936
-5.3835144,33.59227,8.525869,-0.18663365,0.63266057,6.9747353,93.42803,5.3505116,13.92759,566.8056,16.458513,262.5185,20.411636,12.91405
-4.699744,-7.167398,15.126981,0.049211945,0.45715868,5.603899,88.89827,1.6793247,1.1859272,334.17236,20.278173,429.48596,10.462521,30.85253
-5.500923,9.370995,9.097361,0.28528705,0.44627038,5.573252,96.70425,1.9816505,1.9828966,561.54175,18.711329,403.02258,13.599251,30.935505
-5.305872,14.456884,14.214308,-0.08213694,0.4766164,6.3103657,88.79012,1.670683,1.1501138,274.5654,18.962736,288.89926,19.336016,24.712412
-3.5339935,33.198547,12.639783,-0.13869797,0.6406347,6.9746666,75.18124,5.7951045,18.399624,472.7984,16.791765,262.5273,20.32814,12.92585
-3.9601133,30.41496,5.671941,0.28878748,0.4670348,6.5313935,76.100586,3.382839,1.1475999,584.5382,20.547876,272.0765,10.102431,27.654028
-5.1794586,1.4280573,17.60259,-0.12365108,0.45867428,5.6466327,96.6926,1.9166011,2.0894077,292.6454,17.859194,400.93805,20.258596,15.529577
-5.228898,29.888435,17.513073,-0.12816086,0.56806093,6.9745436,92.469345,4.5624175,6.72331,546.11646,16.537119,262.54453,20.543293,12.915566
-4.3772135,-5.7668605,17.999655,0.20294848,0.44639167,5.5961137,97.12877,1.7013918,5.17953,242.19371,16.762333,446.73593,19.419199,29.25323
-2.1321905,33.693615,7.8298454,0.18024433,0.56465924,6.946976,86.688736,5.7740483,18.58429,585.2777,16.45458,264.551,18.628963,13.057199
-5.1355667,29.294802,7.8505397,-0.016642798,0.5382876,6.7451835,78.44995,2.9663296,1.2372396,585.5731,20.464771,266.90176,19.726974,28.601938
-5.37436,14.295101,11.851639,-0.17013532,0.47253546,6.966787,91.26745,1.7398232,1.096895,250.6417,16.518301,267.16028,19.49051,13.686972
-4.5466585,17.956137,15.701711,-0.18464261,0.5256066,6.9738326,96.01,3.008147,4.963423,243.5361,16.838812,262.54446,20.509193,12.913693
-5.4340124,-8.174373,15.82187,0.31719553,0.46566248,5.5672975,97.181114,1.672099,1.0507228,580.596,20.60412,448.5427,13.808318,31.068752
-2.3182476,19.774199,16.245358,-0.046433706,0.45884374,6.8835998,95.62418,3.2574234,10.082585,318.22754,16.507504,265.10196,20.498386,13.152079
-5.6422863,28.885042,14.375666,0.30879343,0.47309583,6.472064,91.41095,1.7816643,2.7529504,459.63254,16.565357,375.48337,20.344227,22.38524
-5.659795,33.709057,6.5109487,-0.028802302,0.5994747,6.6451755,72.10193,5.7615237,13.094356,584.6173,17.02568,262.9969,19.642246,16.300516
-4.7246294,23.298052,11.861485,-0.15446103,0.4630881,6.054226,96.17872,2.0626109,2.4135597,361.99368,19.93576,299.37317,17.670229,24.3432
-5.4570436,31.896524,4.911845,0.23745373,0.59258157,6.850662,96.88504,4.054591,3.720719,565.2512,16.864979,265.45514,12.455238,13.232371
-5.353244,30.81034,16.385067,0.25542033,0.49176735,6.5593786,96.35795,1.7338752,3.3649056,506.05945,16.743317,269.94965,20.466808,17.984898
-5.1809435,17.758951,10.391805,-0.038264792,0.48691893,6.421692,95.07167,1.9113196,5.9955764,358.17102,17.93221,275.15143,19.189192,15.865358
-5.68664,33.724762,7.1949825,0.31867948,0.6140299,6.972895,90.11664,5.80507,18.6134,584.2258,16.446812,262.5609,20.59204,12.915091
-5.4345636,12.596441,8.146766,0.035526313,0.5203607,5.612271,91.47748,1.6749874,1.1092784,584.9628,20.073736,355.91135,9.312869,31.02097
-3.72463,17.418459,13.781391,-0.13844946,0.59658253,6.9464903,51.166706,1.7136663,4.8076262,413.31665,16.919779,263.51294,20.050545,13.858809
-5.623518,33.677475,6.887546,0.2280415,0.5073587,5.8037124,93.518135,1.8575217,1.3511779,585.4949,20.51814,281.53223,19.388268,24.732796
-5.103551,32.38122,17.170483,0.32933888,0.45606977,5.5797324,88.44585,4.820306,14.518193,566.4346,17.098013,430.45007,16.95692,29.625952
-0.28958383,-0.36853153,18.052658,-0.18234316,0.46174565,6.9633656,93.73595,1.7212869,1.8826196,239.83392,16.536463,286.23,19.955547,12.993867
-4.774105,-2.312731,5.124451,0.30502212,0.48209038,5.574026,96.61131,1.6710693,1.1361473,564.8209,18.95399,411.57608,6.891888,31.003439
0.31337366,-12.17592,18.108223,-0.15928958,0.45059082,5.567594,96.35575,1.6701046,1.117459,242.29259,20.724857,448.21906,17.185865,31.068665
-5.0349445,33.272884,15.41185,0.3100806,0.5004808,6.850446,96.75629,5.3665814,2.9499218,582.0413,17.700994,348.2099,19.751167,13.086563
-1.7866222,27.055584,16.862007,0.22398677,0.45299557,5.6231766,97.109375,5.275639,15.250366,273.79684,16.496267,447.3407,17.454967,20.014565
-4.9182463,31.515615,5.8797293,-0.15154782,0.5746397,6.757214,93.16426,2.4999542,5.7745132,576.19763,17.587904,263.7858,19.907389,13.394297
-5.167304,-10.398601,17.237143,0.22618775,0.44311744,5.5685487,96.590065,1.6844631,1.0515325,262.31265,20.668962,448.93274,14.238784,31.041931
3.0613427,-12.175612,18.080103,-0.18629363,0.52441067,5.58169,97.05527,1.6706055,1.0497873,245.0155,20.71894,398.2954,14.854736,30.077843
-4.238592,31.576256,16.660063,0.05086163,0.5653949,6.9594674,83.59205,2.2670164,3.8074524,448.06015,16.524305,266.55872,20.169044,15.618412
-5.497594,-10.6317,8.83565,0.24285981,0.45567295,5.5837355,97.048515,1.6729139,1.068155,466.71304,20.730932,418.38763,19.69682,31.007824
-5.237604,19.709877,5.926533,0.03079418,0.46390593,6.806565,85.3169,3.0076501,4.048108,561.5148,16.64983,273.0494,16.785036,25.966738
-5.049185,28.999296,16.852478,0.0017489238,0.47379678,6.8371353,95.36884,2.256708,5.915561,547.67535,16.634764,266.06448,19.92826,13.356255
-4.46992,16.380882,17.799383,0.12995194,0.51632917,6.0774426,94.60826,1.7253155,4.276487,277.01462,17.682522,355.6929,19.941065,22.17137
-0.8741089,13.0865755,17.708502,-0.16251561,0.4486185,6.970832,92.56103,2.3209178,10.484231,249.82741,16.53291,265.0377,20.11165,13.029068
-5.4147186,12.681873,13.837431,0.32229558,0.453348,5.5721903,71.92555,1.7460458,1.3502233,584.90015,19.543032,448.89145,8.343626,31.062761
-5.231389,-7.2394767,16.39262,-0.1060598,0.4528687,6.1240816,90.6754,1.6726404,1.0538118,575.33997,20.698767,308.5039,9.3881445,29.803099
-2.8900554,25.501684,14.666644,0.17430241,0.49197027,6.0859337,97.55915,1.9384854,3.2224152,304.62756,17.427591,354.33664,17.410316,21.687248
-5.6094637,33.43384,13.941673,0.26418144,0.5043981,6.9064393,86.5706,3.0476403,3.9160383,585.3468,16.86923,269.43405,20.27368,16.989834
-0.5175611,17.305433,18.142632,0.18841396,0.46607935,6.966528,84.75045,5.1603465,18.56765,240.50667,16.45367,266.92953,20.482002,13.562303
-3.3625448,26.912313,9.280979,0.11559221,0.52939445,6.869212,72.82022,3.5561728,7.379953,490.37613,16.642157,266.23538,18.611612,14.162262
-4.7643747,32.83969,4.8607435,0.22220615,0.5994746,6.808852,95.75855,4.5501294,2.2281363,577.51074,17.879837,263.02765,15.730607,13.355429
-5.6038284,13.893182,15.280721,-0.14597927,0.49556717,5.9082327,96.74017,1.6844064,1.1285131,513.8504,19.263432,405.23575,17.966522,24.092978
-5.1335745,-6.147281,18.12881,0.11107034,0.44544435,5.627192,88.696884,1.6708871,1.1017892,248.1477,20.545881,397.15485,20.121668,29.494305
-5.465728,32.85122,16.37115,0.21088932,0.47119823,5.9380507,97.77179,3.777332,8.903573,519.13245,16.991238,304.9278,18.984592,19.587954
-5.5239477,23.260944,8.452593,0.30195236,0.65539575,6.580498,78.07353,1.7084082,3.157626,585.402,17.12101,267.91727,20.365849,30.154469
-5.394191,17.033344,12.107257,-0.014420825,0.5142282,5.6259117,69.81567,1.7475141,1.1484926,582.3707,20.334377,410.9444,16.645754,30.911407
-4.6664324,29.525753,8.615525,-0.0374931,0.52227354,5.650061,94.88939,5.7352037,12.8119,564.6767,16.788946,321.90887,19.855783,21.172668
-4.284191,-9.05903,17.847782,-0.06708545,0.44877526,5.617446,95.86589,1.7030946,1.2211101,245.59357,19.719366,391.4392,13.46969,30.088848
-5.1018105,33.716217,5.8298135,0.30792287,0.62174976,6.6870112,96.56042,5.8049126,18.354172,585.48737,16.488337,290.78833,20.312881,13.172865
-5.0758867,-8.871003,17.187298,-0.020714875,0.44881546,5.587095,91.90095,1.6781963,1.0510108,474.3461,20.397871,378.224,8.015344,30.99213
-4.726877,-8.572671,18.086416,-0.10923044,0.44451568,5.921915,96.61773,1.6787411,2.8358343,251.21915,19.044945,356.0586,20.057966,24.294687
-2.3745844,33.653946,16.682135,0.3316518,0.49483734,6.811697,89.42096,5.0708036,5.74519,585.5062,16.754335,369.4964,20.188389,15.893376
-4.773261,-0.8551839,17.096657,0.3164887,0.44537643,5.615138,95.632904,1.6843992,1.5026929,292.94888,19.495392,420.35443,14.700939,30.928991
-3.9994767,-3.7804396,17.70748,0.26458558,0.44406924,5.5806246,95.65605,1.8921545,7.1545715,300.52264,17.562168,437.1443,15.747978,30.460953
-5.330985,28.117617,17.51634,0.26621142,0.45727557,5.572761,97.16102,2.8597462,3.0188572,303.95883,19.532843,425.91785,16.444126,29.789194
-1.6642963,16.274578,9.830565,0.21983133,0.44733825,6.6410484,93.9443,4.5064325,10.360932,418.33377,16.537678,400.79465,18.22564,13.05666
-5.424488,28.137024,14.502712,-0.16248101,0.58708835,6.956292,72.09656,1.6720628,1.099076,580.1313,19.700129,263.0321,20.41557,15.506725
-5.398473,31.133791,16.240568,-0.08274429,0.46411943,6.9697366,93.81131,5.5131726,17.147366,458.53662,16.656782,262.70303,20.548317,12.93375
-4.7338285,30.144373,17.535826,0.1384216,0.46282133,6.960047,96.88895,5.5479527,18.557472,239.9087,16.447542,278.08762,20.592264,12.9295025
-2.2133524,-11.87106,18.189495,0.28070813,0.44578683,5.6375628,81.320724,1.6855897,1.6625049,239.87187,20.476408,447.71838,16.457516,29.899366
-3.000734,2.3315313,5.201793,0.33293235,0.44785243,5.567813,96.2353,1.6822392,1.1798875,545.56085,19.905087,445.41113,7.7796783,31.052755
-5.5433664,23.84865,5.30809,0.28216872,0.5155632,6.012154,93.72105,1.9480053,1.1051843,565.50903,20.00995,333.61185,10.079276,29.604288
-4.9937935,29.21634,8.26587,-0.08133977,0.49721423,6.6543584,97.253105,3.5165768,6.077924,440.3258,16.518314,269.25745,19.757439,14.917727
-5.218342,4.2087517,18.103838,0.27388868,0.44695482,5.7498884,68.75441,2.4135087,13.959929,265.6592,16.542439,435.00555,19.100441,27.006458
-1.8492461,25.498966,17.080923,-0.13739832,0.45443487,6.6145396,95.17616,2.060816,8.848987,261.59155,16.64324,324.69916,19.29369,14.829281
-3.639808,6.391076,17.099913,0.2580768,0.4512332,5.568855,96.56663,1.687442,1.1232145,526.7681,20.575514,435.79813,7.876069,30.86226
-5.3256865,8.062011,12.903756,-0.095577426,0.47700664,6.6080055,96.26117,1.6719383,1.0663764,512.7186,20.650343,263.29688,12.051647,30.242674
-5.355221,33.71881,5.646203,0.2611807,0.4974105,6.476366,97.63515,5.4663067,9.531353,577.9789,16.455671,273.72305,20.375141,13.451988
-4.758601,33.665054,17.27346,0.22070019,0.5321324,6.9693737,91.381035,5.7970524,18.53617,456.9307,16.44788,262.8773,20.587187,12.916701
-5.3884735,32.711456,13.531,0.29696622,0.4693686,5.6329894,79.35139,3.218361,13.085,475.3056,16.526735,430.52704,19.018795,27.76268
-5.326106,-6.8819995,15.541555,-0.09350964,0.53873515,5.7112255,91.20865,1.6706859,1.0562322,293.07877,20.722395,299.60614,14.609229,30.217567
-5.489313,-6.268787,17.291327,-0.0713164,0.46105614,5.972014,96.13107,1.8325975,3.144317,477.25827,19.935545,372.7233,17.430635,23.061848
-3.924536,17.204165,16.039755,0.31354627,0.45156676,6.405035,51.434196,2.3176455,17.663868,252.91199,16.755013,412.293,16.64935,20.064314
-4.5440216,33.634026,13.970666,-0.073926575,0.64376265,6.9746647,90.293106,5.7573547,18.483288,479.89536,16.449306,262.55524,20.585333,12.912744
-4.506794,-10.305541,16.227554,0.28019527,0.4517359,5.5817304,96.92421,1.6701192,1.0628107,569.3452,20.726675,424.62094,17.3224,31.072363
-4.4958744,-1.7935756,18.136194,-0.13686804,0.44372532,5.6449375,96.77035,1.7293128,4.3498235,243.8943,17.088106,428.83792,16.0994,29.177858
-4.9974747,-10.466876,17.989117,-0.10549479,0.45651194,5.6718636,92.97871,1.7022113,1.2890918,313.29333,17.414621,440.55377,19.669525,30.830988
-4.815773,27.613081,12.625526,0.14926596,0.46704087,5.794181,96.78926,2.1032321,5.7171946,291.20425,16.564417,405.06055,20.017569,17.90667
-4.822407,33.668575,9.083543,0.30486292,0.4966833,6.7859435,71.73743,5.7834682,18.42136,581.70624,17.087538,265.01538,17.176737,13.485972
-1.5309607,23.995974,18.055998,0.30549094,0.47417176,6.283588,57.395275,5.2402744,18.457453,576.2121,16.606234,362.8394,19.186182,14.299272
-0.6063038,-9.606235,18.109798,-0.022820342,0.44324282,6.323292,96.54167,1.8092397,10.996883,239.79518,16.46697,444.0982,18.847366,17.040302
-5.2937555,-4.832703,17.535086,-0.17780396,0.4888869,6.549268,96.78333,1.7124292,2.3152463,270.68842,18.221975,283.45905,20.08117,17.687996
1.3197621,32.694653,18.105001,-0.010160605,0.6068049,6.974728,89.88563,5.66714,18.538752,459.8115,16.4468,262.64062,20.594734,12.911996
-3.9980805,31.556143,15.207404,0.094657846,0.4542205,6.804047,95.93464,3.2828367,13.206965,501.45746,17.061792,266.68732,19.813309,12.987711
-4.950819,18.910192,8.645359,0.19775157,0.5272978,5.729159,92.10637,1.6833295,1.0988901,560.3772,19.972982,406.85388,16.008202,28.416683
-3.038923,-12.119906,18.166933,0.09259599,0.4473002,5.5701694,97.24316,1.6699349,1.0596426,261.87564,20.731955,448.83582,9.326906,31.064064
-5.1028376,30.374453,8.443234,-0.119321175,0.5582232,6.9646797,79.924194,2.84383,3.988239,561.2228,16.845375,262.80652,19.982107,14.857347
-5.26035,-7.880607,15.83423,0.09275979,0.5089073,5.5680814,86.22335,1.670257,1.0514505,582.6246,20.729538,447.66855,9.34192,31.074402
-5.220003,-4.052606,14.691377,-0.18052307,0.5036348,6.945658,97.2604,1.9263793,1.389858,243.0221,16.525375,265.43417,20.439753,13.017909
-3.3222964,19.570698,11.644935,-0.18452018,0.51267755,6.9680414,94.84841,1.8323252,1.1624076,580.41455,19.21802,262.53937,20.340942,13.535332
-5.616602,32.85126,5.741447,0.1390598,0.6016379,6.8487897,82.40608,5.382547,4.8463345,581.208,16.468315,266.81003,17.608551,13.243779
-4.837537,32.895145,6.61818,-0.037099425,0.6179609,6.9713235,91.66476,2.3124127,7.517882,573.30206,16.861664,262.5413,20.514362,13.64184
-5.594596,-1.6989168,10.086619,-0.17753711,0.50947165,6.8948956,94.49749,1.750655,1.084748,557.74744,18.907196,264.4869,17.758764,15.511713
-4.667489,2.9915688,17.603188,0.30052832,0.44392517,5.6783223,96.87273,5.4401927,18.098743,250.90367,17.192598,430.17645,18.40264,14.309214
5.2961087,-12.157514,18.03963,0.2659261,0.44406104,5.5677404,91.97325,1.6699888,1.064265,239.86142,20.63251,448.9906,8.471942,31.07194
-5.5119715,33.71047,5.4910626,-0.17649302,0.6213642,6.974434,86.50728,5.803805,14.563046,585.6058,16.454243,262.51917,20.509861,12.934854
-4.9195175,33.45084,8.532953,0.095617265,0.63788503,6.9729652,91.72158,5.778678,17.494175,575.9319,16.448406,262.5583,20.567793,12.915347
-5.62274,18.733633,15.3044,0.21434923,0.44990474,5.636772,95.29381,1.8167247,1.1767261,487.1716,19.824324,406.20782,17.587769,29.446545
-5.092126,31.98232,9.612654,-0.11707721,0.4878027,5.606944,93.77695,1.6957997,1.0604379,585.5326,20.716787,305.84866,17.047022,31.023829
-4.5491343,29.671398,18.047739,0.14906858,0.4807949,5.8450365,95.220566,2.4570568,18.005018,251.58383,16.504663,330.4076,19.709997,15.279468
-4.5878267,33.20738,8.505717,0.05375179,0.50108325,6.9506607,65.52903,4.3323574,11.103024,584.91656,17.415926,263.3257,19.896494,14.057795
-2.951378,-0.35420352,17.975992,0.1223201,0.4917563,6.6595774,89.74392,1.8689774,17.32046,242.06912,16.994854,365.89883,20.078594,13.805122
-5.344677,30.783512,17.174366,0.3153525,0.44687364,5.6598415,95.11924,2.1456997,7.3750334,566.6553,16.936205,444.35907,17.788578,26.866156
-5.283267,-7.256513,16.89697,-0.16563225,0.45578903,5.8431644,97.60742,1.6961709,1.7507646,327.73364,20.425901,308.2149,20.123068,23.430134
-2.9673388,29.35243,18.051498,0.18808946,0.45805338,6.9735193,91.89499,5.5998197,18.345364,242.03166,16.447807,266.01047,20.53481,13.004771
-4.8678513,2.0317428,18.161455,0.3106218,0.44348094,5.581249,95.00545,1.7283117,1.993532,243.46213,17.562508,448.96884,12.096958,28.447765
-4.7592697,13.618284,14.084621,0.29423526,0.4461771,5.655049,93.15953,1.8778411,2.7282856,570.45074,17.31965,413.7415,9.003237,30.608696
-5.6278963,32.17659,9.237803,-0.17613618,0.5243977,6.9610424,95.45428,4.7912254,10.299106,492.30978,16.556345,262.66733,20.57274,12.925667
-1.32858,-3.2497466,17.9699,-0.18699107,0.47031528,6.974426,97.26463,4.352595,15.98924,239.86188,16.561766,262.60275,20.537231,12.922599
-5.36131,33.12,11.550213,0.18072873,0.5390371,6.247951,88.92387,5.5587077,9.829922,557.23114,16.454908,336.36618,16.924646,14.74028
-5.168625,25.498194,6.7456765,-0.08806849,0.61157525,6.973827,87.7521,2.3594458,3.805961,581.4354,16.91684,262.5665,20.244162,13.116699
-5.213068,-1.3148836,17.055607,-0.13350612,0.5469677,5.7042108,97.183235,1.6739808,1.0587394,354.10394,18.948439,336.68463,19.95753,18.079765
-4.6221704,33.202583,5.299014,-0.1065946,0.6605589,6.662304,82.04548,3.3537333,7.855083,582.04614,18.208347,265.1696,16.880919,24.591143
-5.144867,33.621017,16.790426,0.29007813,0.4477845,5.902407,97.48878,5.7676644,16.422203,570.79987,16.581614,289.5697,19.907087,14.387848
-5.5524797,-6.0255065,6.0731235,-0.17208032,0.55792576,6.9584594,78.26518,1.7773643,1.2763002,533.1294,17.134676,262.76196,18.474848,13.266015
-3.4200656,-12.090743,18.141489,-0.0057484764,0.45567644,5.5783095,93.362366,1.6748923,1.0678642,341.20108,20.673294,445.0895,13.803273,30.983555
-0.7202722,-12.013642,17.836432,0.3282625,0.4433233,5.5672674,92.64863,1.6699351,1.049052,434.27417,20.706812,449.04532,7.2270017,31.074615
-5.4171915,25.44246,11.395884,0.30860564,0.45125014,5.655002,92.043434,2.0376325,3.210869,480.94183,16.873413,436.26505,17.174618,30.51408
-5.1106186,33.72485,4.592484,0.00026815076,0.6333154,6.974496,93.95666,5.803891,12.658818,585.6062,16.821253,262.52487,19.203241,12.943098
-4.9687395,-9.185399,18.115553,0.04475093,0.46167466,5.5743093,97.20892,1.6749715,2.4445035,244.45227,16.764982,447.647,14.435709,30.74199
0.00092158426,31.974205,17.813564,0.328055,0.45060307,5.8777795,89.1671,3.7726564,16.38102,329.05292,16.448359,440.0267,20.03543,14.054796
-5.130863,-11.182521,18.184778,0.30049124,0.4430624,5.5975795,97.4962,2.0721579,14.622851,239.78752,17.415443,448.86124,20.569565,26.429235
-5.422637,32.468018,7.8996696,-0.17942366,0.55103236,6.954637,96.433495,2.6117158,1.2772529,552.25653,16.836664,263.10065,15.714252,13.804075
-2.9116662,-7.7999682,14.540288,0.32720867,0.45747513,5.5739765,87.070854,1.6776234,1.4882028,568.0289,17.93005,448.44223,17.231567,31.047377
-4.810094,-11.755862,17.836786,0.32961577,0.44292903,5.5676737,96.44409,1.6717383,1.0511158,249.86636,19.695408,449.0431,13.611836,31.074226
-5.566126,-8.81091,5.008301,0.22457512,0.50092447,6.550473,67.96011,1.6792346,1.0968368,584.41956,18.026123,286.7006,17.193052,30.936405
-1.6800767,-12.058997,18.179691,-0.18642303,0.47699758,5.6371837,97.62908,1.6699601,1.0536735,239.83202,20.629173,423.57336,19.669182,30.264292
-5.38564,33.558006,16.40915,0.29144326,0.45250368,5.921141,89.99431,5.7728605,18.479218,291.0242,16.453838,385.2676,20.150532,13.036431
-5.5435305,28.214754,13.178812,-0.15732974,0.50375515,6.953228,96.22111,2.0730734,6.584742,517.42633,16.504786,263.8302,20.550423,13.0494
-4.139021,-11.856822,18.179413,-0.114168204,0.46112132,5.57038,95.39044,1.6699017,1.0535915,240.77324,20.70623,444.89108,10.708949,31.05922
-5.2876654,7.5683393,17.787144,0.26989526,0.45784038,5.577055,91.02012,1.6983477,1.330898,447.60046,19.529053,446.22763,15.22633,30.86191
-5.610111,33.35373,7.524029,0.3280152,0.44523916,5.6175904,92.95701,5.4304633,16.291622,584.79407,16.644598,438.75955,19.019852,29.066032
-5.460881,-2.720689,13.718632,-0.15355003,0.46516907,6.89103,97.09083,1.7288636,1.1220968,248.48459,16.710518,265.77625,20.152678,13.437105
-5.291354,30.763384,11.634131,0.25674668,0.45773476,6.931775,96.50506,5.640891,15.656143,318.38342,16.461843,275.90594,20.434147,12.973363
-5.313854,32.052544,6.155337,-0.020559814,0.5253305,6.919264,85.77535,4.2801576,2.2478435,317.72784,16.772892,263.5114,20.223158,13.288112
2.7168188,33.387295,10.704484,-0.15934919,0.5624286,6.840557,96.93599,5.7555904,18.55782,319.65363,16.483198,263.60672,19.454035,13.17492
-5.5256577,-11.973229,17.582563,0.2558724,0.46517184,5.5816126,92.34293,1.6725718,1.0587566,304.6587,20.730356,420.68307,6.820716,31.042233
-5.556198,33.61128,4.757829,0.3316496,0.518542,5.5733957,92.75298,5.593635,2.720278,585.4529,19.5361,447.83133,5.8641624,31.036324
-4.7005777,25.969826,17.899488,0.27477425,0.44693163,5.9023647,96.97271,1.9043818,13.143704,338.8301,19.63588,289.76724,19.91184,24.963764
-4.503722,29.98253,9.995883,-0.15417774,0.4947595,6.2221756,93.42825,1.9367968,8.319782,351.8923,18.5704,270.41245,19.50634,13.263433
-5.468212,19.233427,17.3884,0.0034100532,0.502374,6.108407,89.96865,1.7134997,1.7326086,267.13754,16.711584,346.48087,17.708258,18.43156
-2.3887136,33.59589,7.4888473,0.28942904,0.48010153,6.955377,80.368706,5.8004155,18.511827,565.93665,16.453976,276.54202,20.084738,12.981269
-3.1020386,33.302105,16.844938,0.21975876,0.5214172,6.9572935,94.32361,5.312386,14.827184,429.0445,16.452608,263.0702,20.392902,12.986361
-4.87691,29.044464,14.640708,0.13422601,0.4705121,5.586125,97.236115,2.4565477,1.6559522,550.07544,20.62385,435.1526,19.784824,29.784647
-5.197069,11.97118,14.624823,0.22606206,0.46035352,5.605934,97.05462,2.1198266,9.009935,534.3435,20.420996,368.347,17.671875,17.069542
-5.6099415,33.143925,5.0314846,0.305915,0.5145129,6.5373635,91.46897,2.7129366,7.3640323,564.8219,16.510088,321.6874,18.245756,15.1217785
-3.4986336,-11.75579,17.673765,0.320859,0.44449326,5.567406,93.80814,1.6700834,1.0491302,482.53555,20.716856,449.0305,16.271637,31.071758
-5.0861683,19.605362,15.562222,-0.16657092,0.48539403,6.8603497,78.05484,2.1101112,3.313422,578.8836,20.454224,266.21298,20.172506,15.912721
-5.499151,-4.477677,15.755279,-0.17232604,0.49487975,6.311147,91.97688,1.6705095,1.0613515,450.05316,20.706005,271.19583,20.186531,28.000212
-4.630519,32.054676,8.485184,0.2951198,0.4646683,6.2348475,93.57085,4.1409945,7.156536,511.80774,16.549612,396.5452,18.923813,22.361769
-4.233988,-11.041371,15.301288,-0.1850374,0.46212623,6.490721,96.487686,1.6754428,1.6801441,239.79706,16.473083,417.674,18.128424,20.908352
3.0524104,33.579937,11.52356,0.32973188,0.4649071,6.562073,69.95451,5.803781,18.582582,437.63373,16.468163,430.97305,20.24961,15.31333
-5.3144283,31.967667,5.9760623,0.32457536,0.53477806,5.6155934,93.14081,1.8231674,1.3693254,585.5156,18.982971,391.58545,15.7798395,30.629759
-5.367098,33.610027,12.155589,0.003140305,0.45967555,6.935418,96.68977,5.779868,18.346937,391.12918,16.45436,263.68524,20.311104,12.923367
-2.3839295,32.66016,17.811281,0.114657186,0.5412711,6.9613547,86.80744,5.410401,18.286585,398.46408,16.480494,287.72113,20.499962,12.947838
-5.286867,33.02066,16.009192,0.24540521,0.46206343,6.782662,93.45637,4.0633535,14.436534,362.6099,16.481049,318.00015,18.969616,13.586442
-5.4082327,29.284964,5.5910716,0.26168114,0.45257416,5.5753756,96.277115,1.6861526,1.18173,583.9392,19.877798,401.5612,11.546831,31.038712
-2.5000994,6.9200964,14.890843,0.27153704,0.51024914,5.5679474,70.32302,1.6706153,1.0501335,585.5054,20.733212,438.3887,16.460247,31.074293
-5.0748234,9.674845,16.349457,0.21108063,0.5447452,6.0788054,48.830086,1.9471352,4.710768,578.75165,18.941326,334.01367,14.75478,29.012989
4.5186887,11.634301,15.387527,0.3291462,0.4538706,5.751308,88.398994,1.7582978,1.6681182,397.71683,18.794495,438.07596,9.768595,30.998789
-3.6175048,33.476067,14.938094,0.32739678,0.61295396,6.9471054,45.73156,5.7978716,18.543192,582.03986,16.454498,278.05643,20.293985,13.132406
-3.5099642,31.17475,10.351636,0.21246707,0.51044434,6.9710736,73.92578,5.7732224,18.491074,492.91562,16.454035,265.37228,20.515589,12.932673
-4.0696726,24.557142,17.98301,-0.12055183,0.4802627,6.9284897,77.10577,1.6959676,12.34643,394.33707,16.557941,278.69562,20.069296,15.254975
-0.11675849,33.595036,14.173848,0.20809124,0.5943836,6.9743996,53.979042,5.8022943,18.612558,561.9063,16.447094,262.7182,20.52976,12.91422
-1.7150818,-11.88367,18.06824,0.32819965,0.44413427,5.5672474,97.76323,1.6815001,2.5496752,268.54868,20.725882,449.03473,8.06518,31.074085
-4.5621014,30.601652,8.346187,0.303783,0.5532225,5.6313586,87.22532,1.7593614,1.0867631,572.261,17.250406,419.61365,17.247265,30.871647
-5.37644,30.209692,8.866288,-0.18190834,0.62015027,6.953719,91.729294,2.4288037,1.1647203,510.20065,17.908325,263.54288,17.596638,13.237799
-3.4910862,33.372482,16.93693,0.010622264,0.5176145,6.701643,92.81292,5.338319,17.53178,570.49866,18.402771,265.47086,14.753158,15.6739435
-2.433008,-11.813439,18.092318,0.31811038,0.44361964,5.56744,96.71944,1.6712242,1.2764852,249.94308,20.62908,448.5828,6.6295896,31.06265
-1.4769589,-9.69311,13.338988,0.123062685,0.56235355,5.568419,97.42516,1.6871849,1.1071689,386.61505,20.70708,439.99826,13.48156,31.010586
-5.628312,33.632767,4.6953754,0.32693917,0.59436744,5.897935,95.60325,5.431115,1.2000778,585.3755,16.707205,342.55365,15.33369,25.764315
-5.462261,33.156837,14.041561,0.1788036,0.5334717,6.942401,91.30161,2.9463682,2.9046519,580.2598,16.524338,263.77264,20.148046,13.099164
-5.3632927,21.31902,13.634645,0.2758937,0.4700878,5.6293936,97.080986,3.0383704,8.6603365,427.3037,18.75646,404.69553,20.188438,20.585833
-4.6762266,16.705236,17.480663,0.1430934,0.4476157,6.6650386,92.97752,2.056904,6.06918,422.94138,16.583326,368.56454,19.856564,14.593698
-5.5379753,29.909748,15.247746,0.1870538,0.4658623,5.6912365,97.60136,3.4115787,1.6607921,470.05173,16.59134,364.93066,14.155936,16.894867
-3.1062434,17.61945,18.095581,-0.0945471,0.45146194,6.45902,95.548584,2.3186946,14.089769,240.47252,16.730288,344.18585,20.375288,19.997103
-1.0614482,-11.433106,18.118786,0.13503374,0.45123225,5.568223,95.834496,1.6730605,1.5549982,247.50961,20.669235,448.8229,8.386275,31.005993
-5.3970385,-6.238273,15.590456,0.28363308,0.44797638,5.5709867,97.826935,1.673319,1.0817497,245.32222,20.10798,448.62445,10.404156,30.598896
-5.4169855,31.455511,6.5930023,-0.11737146,0.6074781,6.9668145,80.994774,2.656049,13.1023,571.0705,16.553158,264.3833,19.696184,13.265238
-5.575245,-10.802201,13.160667,-0.090228,0.4909296,5.697339,74.18517,1.6708213,1.0495193,561.29944,20.63922,400.56146,12.745715,31.004087
1.2046252,-8.582534,13.104043,0.27547294,0.44404623,5.6028976,87.57187,2.9931085,1.7097356,298.24973,19.65749,440.47412,15.429397,30.77777
-5.233466,-3.5312932,18.03715,0.07372354,0.44661573,5.8456635,93.21803,1.9373354,13.069857,240.5546,17.7532,427.98395,20.041628,16.733074
-5.411518,29.56488,10.933484,-0.14341715,0.5447764,6.957162,89.0415,2.2426164,3.6887414,362.4012,16.48061,263.2163,19.322325,13.041638
-3.2859495,30.898027,8.707176,0.20835748,0.50520456,5.6632433,96.902466,2.2431428,3.0738833,279.35373,17.999718,404.60196,12.525746,22.071918
-4.990447,33.433556,5.646407,0.20882627,0.5857467,6.8973327,95.58258,2.1024382,1.4290483,584.2988,16.807709,269.2555,19.852406,15.682408
-5.6546354,18.875122,15.803547,0.026774831,0.50134057,6.3398466,94.17445,1.8351569,1.2182596,549.1977,16.865482,290.57028,17.01287,27.39557
-5.5248346,33.357605,7.449704,0.30080876,0.45198238,6.138143,90.2352,2.5408847,6.629571,507.17422,17.633354,349.40875,15.970365,29.237532
-5.5215178,20.756454,6.382382,-0.18573108,0.6526368,6.9746957,96.955605,4.1532073,1.7849052,571.1889,16.467062,262.5212,20.544586,12.913079
-3.8371155,-0.0713485,17.310076,-0.097528465,0.48608255,5.621392,85.46544,1.6928939,1.094629,511.41104,20.44041,389.11542,16.124336,30.008583
-5.298291,-4.5923066,7.3887095,0.32988855,0.45450273,5.5715227,95.917435,1.6892766,1.0724638,574.3614,18.533203,439.01456,10.7603855,31.027287
-5.6247406,19.363194,16.360083,0.16176808,0.4448791,5.745742,97.21025,3.1037319,4.5611634,242.3407,16.686714,420.4751,19.955563,13.856237
2.783703,-7.1927295,18.073002,-0.18434823,0.4835969,6.8897824,93.741005,2.4934258,16.943213,240.2003,16.512823,282.05444,20.530958,13.054685
-5.4043837,12.559153,17.185148,0.10597033,0.45084015,5.580656,97.56225,1.6898574,1.8497388,350.32504,19.848888,429.47775,17.211485,30.0696
-2.59015,-7.9232993,18.04264,-0.18358612,0.45169052,6.054465,96.57045,1.7358202,1.705384,249.17485,18.334204,433.21997,19.310823,19.812756
2.5661128,23.5628,18.045673,0.0986054,0.45004526,5.641502,96.07492,2.5636623,7.8181233,240.48747,17.782892,442.93408,19.38865,14.420983
-5.2507086,18.255266,9.964366,0.33289889,0.44934192,5.57874,96.02523,1.7318391,1.0596664,582.6179,20.591417,365.2649,18.610432,31.019299
-5.608982,14.983271,16.032045,0.26432303,0.47109714,5.5790467,94.96597,1.7614293,8.293849,263.62485,18.708866,407.63812,16.367315,17.233206
-4.060478,11.694583,17.638313,0.33113655,0.44401866,5.573286,91.044586,2.5260656,1.9992459,245.55655,16.482132,448.90732,16.026255,28.764484
-5.160372,7.8935957,16.669579,-0.032767218,0.44922915,5.611921,95.90695,1.7946912,3.9761217,475.37695,17.6625,391.12863,17.323341,28.2646
-0.9795972,-10.946635,18.00961,-0.087559246,0.45774642,5.651647,92.0171,1.6819309,1.0939548,242.9308,18.355238,448.0005,16.541252,29.875387
-5.030905,-4.9061093,13.170678,-0.12843436,0.54455894,6.4164066,76.570076,1.7146355,1.2077434,499.83682,20.010386,308.102,16.896944,25.62412
-5.2546825,33.445976,9.400852,-0.18424672,0.6691637,6.974348,97.056984,4.0498576,1.2451198,584.9803,17.666523,262.51807,20.509905,12.916422
-5.123089,-8.244664,13.970645,0.1799217,0.48123154,5.569128,97.08978,1.6724957,1.0720403,432.7045,20.641842,445.77393,18.842203,31.032217
-5.0830126,24.833609,12.595779,0.3330506,0.44633585,5.5673366,96.21179,1.740096,1.050309,579.68774,20.681475,449.04382,6.0098934,31.07405
-5.2681036,30.008245,11.086665,-0.08694687,0.53447336,6.9340434,82.252716,1.7494403,2.4794552,525.2568,18.212172,263.86487,20.372627,19.5883
-5.2786417,-5.6689677,15.305651,0.21011323,0.45624772,6.612718,78.17908,1.7066928,1.5831516,327.02075,16.737326,361.6028,19.815165,20.200207
-5.5426083,23.08712,8.489663,-0.071052276,0.4723869,6.221993,96.28096,1.8088188,1.1082914,348.63617,18.155827,267.64462,19.97301,16.016998
0.26829562,-5.3365264,11.755797,0.0803206,0.5096272,5.7952075,95.54627,1.7723522,1.1593139,244.15764,18.097813,427.35446,9.971082,19.238895
-5.312784,14.306385,15.212204,-0.1782198,0.5126247,6.973006,93.496025,1.7236809,9.299056,482.74533,16.72796,262.63968,20.57152,12.985837
-5.5568275,33.067955,6.376169,0.1676112,0.5508845,6.7778306,75.27599,3.2514327,4.9105477,583.2946,16.588524,297.27234,16.87445,27.25311
-5.310874,33.655067,15.748262,0.1966682,0.5944546,6.9677725,95.13698,5.5710773,16.832954,374.75272,16.447702,272.32364,20.5328,12.933817
-4.435422,3.216169,9.17065,0.31594014,0.5047763,5.6006403,93.92483,1.6859936,3.0344007,433.0314,16.708412,447.21194,14.997126,30.978016
-3.7431476,29.63605,16.484144,0.14026517,0.46803156,6.4697933,90.53356,5.0839334,18.257967,333.00876,16.498808,274.96838,20.418259,13.395338
-5.450655,21.24963,17.926567,-0.15629125,0.44862357,6.919064,96.16327,2.3512506,11.394631,241.68808,16.481258,305.24612,19.841248,12.975539
-2.280279,32.57302,17.002157,0.041479595,0.50678414,6.968079,91.131226,5.7554007,18.52235,241.79918,16.449116,272.13358,20.526806,12.959426
-5.0107155,31.609348,16.085215,0.22266859,0.5232406,6.8771405,97.603355,5.536562,4.542049,307.36563,16.48289,268.05905,20.344238,13.030701
-4.662081,8.541992,17.788385,-0.06934781,0.4516127,5.594185,95.82683,1.6756996,1.0598752,447.6406,20.414919,444.91077,12.892321,30.978329
-5.5191946,16.450302,18.15703,0.14119993,0.4515516,5.8395476,95.82202,2.3844333,16.47945,243.14485,17.174734,415.2499,20.220263,14.8918495
-5.2050314,30.333601,13.507062,-0.011234256,0.496593,6.892625,90.16265,4.284101,16.389736,478.51663,16.476591,268.3627,19.825832,13.232608
-5.384555,-8.699105,18.006058,-0.1843982,0.4519513,6.9660854,97.41303,2.9752593,4.589502,239.7902,16.585964,268.47925,20.567642,12.923473
-3.5373862,22.364042,17.666897,0.09497893,0.45791137,6.7519937,89.2027,2.2292662,17.146296,240.8594,16.734877,301.7435,19.65445,13.239973
-4.7203465,5.8631053,17.249577,-0.10627984,0.4569427,6.859473,71.4373,1.6809627,1.5171793,423.47287,19.028904,286.88177,18.199305,24.998095
-5.6601534,-8.46799,16.211227,-0.17744073,0.50714594,5.7234845,94.49525,1.670637,1.0514934,579.2479,20.53214,272.8557,20.197506,27.918455
-4.2418737,3.8446472,17.137827,0.327046,0.4554116,5.569802,94.64376,1.9059157,5.339872,395.45236,18.94099,447.9366,18.094322,29.959497
-5.332981,33.68894,16.517086,-0.14783086,0.62925917,6.974687,97.55926,5.719346,15.793822,444.229,16.473785,262.5191,20.59474,12.912104
-4.2947245,-10.732274,17.819298,0.28957674,0.4444133,5.625073,91.853134,1.6700617,1.3420198,240.24025,17.186073,447.20975,19.043562,27.585629
-5.6452208,14.852369,8.5730915,-0.08998684,0.50309366,5.5977597,90.59119,1.6883353,1.0610473,469.54855,20.284763,309.12582,13.733997,30.443874
-5.047061,11.805252,6.1907926,-0.18700868,0.61595076,6.9745784,85.78668,2.5372207,1.8817427,255.93686,17.11518,262.5381,20.437645,12.917333
-5.314275,-11.95914,15.836708,0.13729379,0.45994586,5.567499,93.01854,1.671934,1.0843284,354.15244,20.73246,448.21042,8.862484,31.071985
-2.7872107,-11.300643,17.790604,0.3311532,0.4442383,5.567807,90.62815,1.8212755,10.018233,248.61902,19.715979,448.82083,18.62143,31.070896
-4.8733177,-11.591205,17.501839,-0.17440926,0.5113713,6.583849,90.530785,1.6731647,1.5025737,375.00238,18.816977,263.938,20.376568,24.445593
-5.0497293,-10.157487,16.849289,0.16747521,0.46738875,5.8457236,90.873024,1.691038,1.0546529,274.9662,20.444237,381.06155,18.677944,30.979334
-3.8599412,16.891575,12.75434,0.24818066,0.46153423,5.5852757,97.75557,1.9866285,1.8948243,250.03142,18.890144,411.43573,14.840484,23.679804
-4.911088,31.9241,11.059882,0.29715425,0.46117237,6.1034675,96.86141,1.8832563,1.8401139,306.89655,16.560974,385.7962,16.662752,27.621433
-5.050481,24.74577,8.448532,0.23400615,0.46021864,6.085812,90.81547,2.0700004,1.1918266,581.6736,20.240795,324.26962,16.091187,25.303764
-3.9747279,-12.172725,10.0642,0.30927512,0.45499462,5.5684266,59.01642,1.6797572,1.0800979,559.66394,20.731693,448.76013,6.7622576,31.073309
-4.630707,-10.827283,18.111296,0.32363182,0.44380328,5.5675654,94.95131,1.6797081,1.3886487,242.64671,17.010563,448.98358,18.425446,31.063274
-4.8995295,32.398037,17.587439,0.09704686,0.5080094,6.969425,96.11132,4.343639,17.46165,291.91937,17.238297,263.74188,20.340948,13.086035
-5.4947977,33.05574,16.52739,0.33135045,0.45388123,5.9069543,92.62605,5.3273416,16.206043,535.23883,16.858091,387.25906,16.647263,16.294203
-5.672447,32.6897,15.016958,0.23805518,0.47451076,6.61629,89.74293,3.2332928,11.612664,585.2192,17.589891,265.67883,19.084534,13.707492
9.685115,-6.6072726,18.143288,0.0648727,0.4598911,5.5737185,96.36234,1.8288033,1.8273838,240.97498,19.57021,444.22714,15.129025,30.646557
4.2874336,27.053244,4.7182927,0.3107301,0.47370866,5.6717,94.8176,5.677644,9.167434,581.2625,18.14387,287.1143,19.107523,21.50998
-3.7775357,32.471737,16.340132,-0.034317967,0.5119393,5.6536646,96.79345,1.813259,6.849432,546.7446,16.8422,423.6046,15.186552,15.400254
-2.435798,4.497867,18.027266,0.20567939,0.44885293,5.879385,70.02054,2.581857,14.782657,257.4786,17.06107,417.46527,19.319403,22.808407
-4.9647226,32.263416,6.9003944,-0.029943105,0.52484435,6.89063,90.71068,4.4637566,1.8346994,582.10126,16.721844,263.0213,20.345253,13.056411
-5.3962097,14.3473,17.488907,0.22392738,0.44499397,6.42361,95.92214,1.9045212,8.461552,245.86197,18.071579,345.15958,20.36185,14.88863
-5.111823,12.074225,15.582499,-0.046513062,0.51999456,6.4431424,96.68471,1.8038337,5.2748413,535.76245,18.577574,267.59207,16.245054,16.117067
-5.063649,33.62475,15.031059,-0.16216698,0.5253379,6.9740505,97.81277,5.798485,12.185646,541.77045,16.449797,262.95514,20.484146,12.912157
-5.349737,-1.898558,10.3506775,-0.06740191,0.5472953,5.687272,93.74877,1.7676971,1.1759498,552.7964,19.717289,313.7258,19.090595,24.917244
-5.420038,-7.6637473,16.779034,-0.1467688,0.44565248,5.7261596,96.5532,1.710282,1.0949886,270.5297,18.498755,351.8113,20.523151,24.76095
-3.9684489,26.672915,15.518029,0.034716494,0.46420112,6.960768,80.65396,4.0029063,18.057484,428.4973,16.451149,269.58286,20.2883,13.628573
-4.622452,9.187363,10.774942,0.05410746,0.4632641,5.5692525,97.0318,1.671292,1.0527418,585.324,20.729641,446.6864,18.36341,31.073181
-5.6888857,22.475166,6.626499,-0.184028,0.5655104,6.973751,91.787506,2.6656604,1.4838941,567.8912,17.848614,262.5319,20.458435,13.008087
-5.3311024,2.1247766,11.313778,0.33222315,0.4519184,5.567575,96.70747,1.6854962,1.0535247,585.13025,20.726511,445.1438,13.660921,31.074663
-5.501073,5.296797,18.144796,0.3327446,0.44424215,5.5673094,96.859,1.6846017,1.2755935,262.78864,19.15071,449.0361,8.1130705,31.0501
-5.015687,-9.004785,18.006613,0.25095513,0.44970587,5.6062727,87.951035,1.6824001,5.053797,240.86972,16.580767,447.74854,19.340403,26.618214
-2.0909307,-12.116366,18.140583,-0.18547377,0.46791783,5.7052627,94.250984,1.6702348,1.059614,240.22003,19.920301,337.96564,16.88952,30.201647
-5.399723,13.753122,15.907145,-0.1386248,0.44448328,6.3011312,97.59999,1.7200986,1.07042,539.5081,20.62448,276.5744,18.985216,23.990284
6.286297,-0.8603166,18.180986,-0.015118244,0.4448609,6.752189,93.28959,2.1015067,16.333775,239.87975,16.821436,442.82153,19.937744,14.380826
-3.8425758,33.291656,12.690326,0.33237627,0.44965753,5.570457,92.89096,2.4910052,1.4847419,585.20013,20.393993,441.86285,8.499446,31.051252
-3.5299127,25.743027,17.104275,0.31011233,0.47572625,6.7451916,87.12036,3.4276292,12.870206,453.10947,16.586874,317.21274,19.744894,13.288336
-5.644952,19.593376,5.4627757,0.15616189,0.45210764,5.5741367,95.62972,1.835101,1.057205,585.4377,20.726583,320.99985,8.377194,30.687658
-5.4067936,22.681913,16.731617,0.33300987,0.48271263,5.6489143,79.73813,1.7215654,5.328287,577.6873,17.304138,440.23312,13.91716,30.947166
-5.5513735,17.242159,17.619734,0.30042273,0.4452597,5.5679445,97.264305,1.758297,1.1440446,260.38867,18.714397,448.9923,7.270408,30.957895
-5.2653036,16.311214,16.817614,0.30633447,0.45013097,5.625495,97.20567,2.399321,2.5228217,402.34998,17.806839,439.9873,18.5953,28.940655
6.5142736,3.0694325,18.179125,-0.14739071,0.47442263,6.9698477,84.89718,4.8742995,18.61188,239.85222,16.449165,304.2986,20.515703,12.939157
-3.7252972,22.001472,9.492534,0.32686552,0.46347174,6.0659842,49.488636,2.8230116,13.466137,571.3992,16.67272,392.31125,17.988838,30.385298
-3.4329288,-6.912477,16.86513,-0.18006998,0.44714725,6.926612,94.92383,1.6817075,1.8468215,240.74641,16.503344,275.14218,20.404161,13.390989
-5.5427074,8.867198,12.817594,0.33019745,0.46950403,5.5767035,96.55636,2.8809276,3.2787635,331.22,16.773829,446.6539,16.603426,28.018911
-2.1508868,-8.155622,18.063484,-0.13525182,0.4458463,6.7649436,96.974686,1.7380338,12.869651,241.24573,16.84548,278.67148,17.373173,17.452703
-4.3799477,-9.848517,18.087355,0.030272864,0.4582617,5.5760727,96.04134,1.6747135,1.8732555,243.50294,20.436655,442.3275,16.689098,30.342115
-2.3424184,-12.0517645,18.16699,0.27624378,0.44460154,5.596761,91.84364,1.6712128,3.119686,241.67458,20.00171,448.43066,20.315948,30.788654
-5.002406,16.013876,16.203863,-0.16255136,0.64593107,6.825203,71.229065,1.9214957,1.4457309,432.75378,17.340279,273.59058,18.091217,16.757004
-5.626684,13.804338,17.480734,0.33041853,0.4429688,5.5724015,96.83378,1.8411909,6.842365,267.36914,16.813946,448.9878,19.770973,30.974585
-5.1893063,6.6785836,12.793397,0.12386218,0.4692543,6.782563,96.93746,2.1453695,1.5824564,288.74167,16.699785,271.1148,19.479996,13.498734
-4.1102505,21.524506,18.051416,-0.17524193,0.4534117,6.730377,96.72063,2.4852076,7.2730875,279.85635,16.67011,270.2641,20.35017,14.4096775
-2.035671,5.016112,17.433634,-0.18236196,0.57840186,6.9743814,76.22898,1.7312366,6.154463,239.88553,16.449158,266.82812,20.523949,13.048074
-2.1360466,-0.4533475,13.101279,-0.1710434,0.59368664,6.971093,90.01845,1.8354532,2.5265253,264.1351,16.60392,265.25006,19.955635,12.927622
-4.6595945,10.591044,17.568644,-0.007501337,0.45284414,6.947613,90.7614,5.3732953,16.047707,353.48074,16.68735,263.16742,20.384672,12.98014
-5.100644,33.50107,7.916395,0.21968824,0.50975645,5.8487983,96.52474,1.9015996,1.4739273,581.5226,16.885542,325.6717,17.720509,28.247812
-4.1715956,29.006763,9.741786,0.011399847,0.45589054,6.7998757,87.25224,5.5441947,11.500836,582.9975,16.812853,288.18222,19.649723,18.596249
-4.5384474,-11.056325,15.729717,0.3286172,0.44607577,5.5677776,95.74147,1.738789,1.229758,362.1877,20.263332,448.6472,15.746734,31.067778
-3.8946674,-4.799978,17.41128,-0.0002232523,0.471971,5.5756454,96.44103,1.6741074,1.0621765,271.1204,19.863005,438.75003,15.143713,31.041122
-4.339381,-10.336997,13.23652,0.10368205,0.5025517,5.568335,84.359535,1.6768571,1.0644538,568.3288,20.7137,448.91147,17.16432,31.067137
-5.0109625,31.544638,12.685623,0.00287984,0.4542693,6.415153,95.54181,1.7515773,13.567585,324.70746,16.646147,290.3151,20.120598,18.592623
-4.1867085,33.619183,5.702223,0.31201845,0.5975116,6.9154716,93.298645,5.341295,2.190686,585.54285,16.889889,288.8292,15.300698,14.528841
-5.248513,18.649822,16.37846,-0.16917548,0.47948837,6.9660916,90.27124,3.3972766,2.1550324,289.66492,16.73079,262.81122,20.09142,13.123972
-4.1583805,12.647211,17.325346,0.31381446,0.44547188,6.0308743,93.59181,1.9602888,2.4528573,327.0187,16.56592,444.8503,18.230406,25.00423
-4.7864885,-4.3066125,13.512636,-0.17386173,0.45345786,6.0178986,83.16386,1.6707054,1.0496032,555.90515,20.70055,264.25793,19.47477,30.972925
-5.3109827,18.901594,10.226671,0.33177075,0.55033344,5.7894697,50.716343,1.8468815,1.2145584,582.1499,17.056398,427.9573,14.072268,30.555117
-5.3221846,5.1564755,12.502232,-0.11778665,0.45550275,6.9466496,65.26076,3.0302522,16.694752,435.68588,16.56471,263.61514,20.358305,17.857021
-5.1428022,23.032045,14.199054,-0.09808353,0.56037134,6.9745216,49.40683,3.9650826,14.093822,561.28375,16.448399,262.62238,20.473932,12.91733
-5.1119375,-1.716698,17.17061,0.20711532,0.5359001,5.77663,94.652374,1.7738053,1.2295578,422.54572,16.577599,346.9462,19.560986,24.182726
-5.0584726,29.407177,17.239101,0.271238,0.48523146,5.8182287,90.67468,2.0959551,11.222159,434.18875,16.771523,339.22687,18.532991,23.139383
-4.913183,33.64452,4.754088,-0.14705208,0.64788574,6.9738107,91.30142,5.790275,8.338413,544.7145,16.449295,262.55112,19.73164,12.912282
-4.6620684,13.80979,17.783337,-0.1025425,0.4767052,6.603548,89.52382,1.7003425,3.4959495,300.0672,19.833017,273.2159,16.209673,26.119127
-5.3550158,17.703249,10.418615,-0.16807503,0.5800633,6.973961,51.48821,1.9640738,3.2777355,537.4952,16.990032,262.6809,20.202864,12.962739
-4.329956,-4.8383994,14.92152,-0.18145221,0.49435943,6.9396973,93.19637,1.7288114,2.004423,240.02618,18.58043,266.50232,20.411991,15.250111
-4.404516,33.37672,9.974677,0.30882305,0.45492303,6.010535,88.66595,5.4439316,6.8024073,584.55786,16.869787,383.27975,12.581749,23.989346
-5.5510483,32.966682,5.316004,-0.06412036,0.62440205,6.9704967,87.52332,5.543473,3.796625,577.4201,16.452572,262.63925,19.787506,12.941652
-5.37434,33.491547,11.99763,0.3165515,0.4478315,6.5582585,96.47878,5.620837,17.340345,505.06308,16.465601,387.7285,20.035408,18.022305
-5.380947,-5.8389087,17.968554,0.10859774,0.45587415,5.592354,92.87412,1.765212,1.6716716,240.29066,16.553736,448.00745,18.963871,24.381197
-4.815852,29.024391,17.816004,0.33231917,0.4503641,6.911961,69.11685,4.307226,18.310242,491.14835,16.501366,269.81668,20.118385,17.12529
-5.621269,14.8082285,16.459974,0.14281416,0.46317995,6.8315864,85.24127,1.9750215,2.6237395,358.23242,16.619562,295.25394,18.94136,25.772793
-1.7258879,27.515636,16.425209,-0.024061661,0.4682599,6.9485354,78.43068,3.8129203,5.855357,284.7852,16.94237,273.56766,18.369085,14.692653
-5.1176996,31.9016,7.774392,0.2993403,0.4847353,6.1735277,77.09205,2.0198674,3.6780689,582.95886,16.684885,365.1588,16.777233,25.187101
-1.26574,1.2396456,17.760708,-0.13054632,0.48587644,6.1155057,94.02001,1.7373246,1.6575973,248.7709,18.059597,379.34854,19.481077,14.474651
-4.238124,32.48319,14.752269,-0.17704636,0.4893423,6.9399686,97.245476,5.032068,6.2681723,272.32462,16.477665,263.48508,20.228115,12.916904
-4.993228,17.688751,15.800224,-0.0051535103,0.44784805,6.946431,84.75865,1.8480946,2.520023,246.76724,16.484455,280.48096,19.717453,16.879616
5.6613336,18.08267,18.090946,-0.1485263,0.44572568,6.97381,97.425865,5.467082,18.42046,239.79521,16.461931,263.47083,20.59355,12.91265
-4.6801376,7.410316,16.72318,-0.17713347,0.4514978,6.24422,95.92078,1.7061883,1.4106271,354.442,20.473854,270.55103,19.608156,24.527237
-5.5108414,-3.1789286,14.457757,-0.079900794,0.4575141,6.7525797,74.89847,1.673623,1.4348857,484.63818,20.671156,265.4396,19.851545,27.647816
-2.0286834,32.465534,18.075085,0.27298862,0.48282325,6.941396,91.801704,5.766455,18.614054,239.84059,16.44951,299.58157,20.547934,12.920021
-5.110818,1.2231432,15.072107,0.10997253,0.5018916,5.9658036,53.609947,1.7703334,1.3860157,545.5458,19.297552,377.88596,11.605551,30.21351
1.8495394,33.5409,9.516159,0.33113736,0.6111225,6.3861313,77.72862,5.7981086,16.950754,580.1506,16.457636,444.37518,19.462162,17.193579
-3.6458104,-10.764565,17.87769,0.053887248,0.46928993,6.7634416,61.033207,1.6702415,1.0877416,338.0388,19.835625,321.35126,19.71421,29.806744
-4.4751596,-11.828816,17.34911,0.33238867,0.46205398,5.567244,73.75891,1.6709288,1.0695951,469.32153,20.700882,449.04495,5.4931564,31.074476
-5.2037096,12.318441,11.902193,-0.16993618,0.47698426,6.965902,88.01613,1.7972392,6.455323,427.8038,18.969065,262.6795,20.340664,13.751712
-3.357116,30.43748,5.631837,0.32221964,0.45841554,5.6338286,94.90976,4.471046,1.0534341,585.337,18.170471,445.53485,6.3809233,30.725979
-5.1812553,27.898727,18.049732,0.26326796,0.45547363,5.671424,93.83914,3.0456896,12.127009,301.22623,18.836185,425.74692,18.760393,29.019833
-4.14876,33.04772,13.579438,0.2658605,0.47086728,5.795215,97.72649,5.7746654,13.701314,243.83548,16.44914,302.55554,20.169258,13.223823
-4.7081604,26.897356,16.082224,0.14270858,0.4897607,6.046243,95.23484,1.739396,9.205591,372.87244,16.628454,314.5264,20.105183,22.867876
-5.386585,33.720222,6.573265,0.09176276,0.6624733,6.974689,92.54899,5.797602,18.607117,584.8746,16.448687,262.53357,20.566916,13.06123
-4.8335037,29.277796,15.507179,-0.11952262,0.5013279,6.8917227,94.005745,2.1897805,6.4935393,309.18698,16.608871,272.03384,20.040762,14.297777
-5.6163597,33.720646,16.78066,0.23344228,0.5903428,6.9426622,95.91074,5.7664475,17.984398,584.72546,16.447735,262.89087,20.55684,12.938122
-3.6629932,33.69379,7.322768,0.22896326,0.5682158,6.7678814,96.57002,5.755687,12.674148,585.37836,16.629726,271.0489,19.286688,14.431932
-2.0536344,30.23418,17.71275,-0.18010509,0.49696404,6.9700184,90.049835,2.8930712,8.098844,279.95456,16.720913,263.851,20.262707,12.925828
-4.498148,-11.208293,17.732697,-0.12804341,0.49271128,5.6341667,94.39619,1.6713246,1.057203,408.1348,20.672195,363.1947,18.49201,30.951857
-2.2762682,-1.8619894,17.974737,0.12625924,0.46017325,5.9095907,76.73808,1.8702755,1.3905866,319.63275,19.124083,298.84216,11.732923,24.230427
-3.973264,33.51612,14.043358,0.076486796,0.4719317,6.674236,97.45739,5.428024,14.81796,467.45355,16.465559,281.41562,18.779964,13.063664
-5.438586,12.943755,9.048732,0.044988304,0.50541437,5.7332315,90.673546,1.7043074,1.1607988,581.0185,18.417574,338.33133,15.2407675,22.050676
1.3838593,-11.12707,18.137388,0.2728908,0.4433604,5.568411,87.329575,1.6769286,5.3256516,242.37666,20.436996,448.12598,12.726254,31.057495
-4.711375,33.529873,9.941332,0.16098323,0.57176256,6.9687276,61.45529,5.5934024,16.360216,584.2923,17.61717,262.63663,19.524017,12.973346
-3.023939,27.658266,17.679491,0.25933835,0.46254355,6.7651796,93.80278,5.145145,18.08557,242.4866,16.450308,362.4184,20.315435,12.996531
-0.5453011,-12.006326,18.03395,0.3280296,0.44424742,5.567279,97.779495,1.6708344,1.2501171,240.5173,20.72046,449.0366,10.428125,31.072433
-4.9373426,32.441757,9.01671,0.30911374,0.5139339,5.7792273,94.51847,3.0200157,1.2865751,585.19305,19.899866,362.35983,17.309296,29.057549
-4.46739,33.52075,16.0391,0.2872593,0.52950996,6.969382,96.441765,5.80225,18.490986,538.82623,16.448885,264.12137,20.532743,12.957638
-4.9840307,-9.577754,15.449906,-0.15232378,0.47112963,6.4888635,80.445404,1.676787,1.4219186,286.75003,19.195553,280.58582,19.933378,16.645393
-5.3582907,33.23896,5.9719048,0.23867178,0.47828084,5.6579776,83.42132,3.3709056,3.3383934,583.7054,16.871624,316.7048,13.836248,29.559511
-3.6916997,7.2685347,18.098278,0.2713047,0.4622275,5.765107,87.45657,1.7827439,13.8916445,242.27008,17.196068,386.23163,20.460608,16.395395
-5.311364,31.29104,12.0073595,0.30962846,0.4634629,6.753599,91.08197,2.825149,9.535102,258.97125,16.45956,397.79645,19.30433,13.224819
-4.698471,32.857185,10.678368,0.29596555,0.44764084,5.67127,96.43826,4.1239834,3.055331,581.8775,17.303331,370.3493,16.848911,25.490377
-3.9418209,23.661331,6.2852316,-0.18640739,0.58406526,6.974602,93.291695,3.2634096,1.4478328,547.666,18.882978,262.5186,20.148752,12.917057
-5.5022726,-7.687719,10.971462,-0.14149384,0.5088531,5.6138244,97.18544,1.6750077,1.0499628,584.9762,20.733208,295.4014,18.442633,29.439278
-5.1566505,2.8262227,17.101757,-0.14520086,0.49228022,6.964348,80.12395,1.9083393,4.1631603,242.81036,16.674147,263.25092,20.120136,13.593721
-5.602051,31.076588,12.432941,-0.026220184,0.44889197,6.296832,96.40491,1.6939572,1.0701072,583.35486,19.105345,285.6532,18.584951,28.003649
-3.952367,5.5727105,17.452011,0.037612252,0.44769645,5.711109,97.32805,2.2912707,3.5940335,246.25198,16.903067,372.24545,17.566368,16.091833
-5.444008,27.91156,16.349133,-0.18410197,0.5093535,6.9198766,90.10397,2.5040336,1.4945686,415.15723,17.412096,266.23053,20.128107,13.942143
-4.628913,21.93926,14.885262,0.13901728,0.52798086,5.7633758,94.696236,3.8922465,14.166003,545.0637,16.956413,341.36462,16.752117,19.905638
-5.0329,33.38733,14.598627,-0.1651171,0.48544517,6.912811,83.4698,4.8832655,16.618912,566.72375,16.768087,263.20627,20.408108,13.042731
-4.6871862,25.315435,13.569449,-0.17629987,0.5729897,6.7700415,96.9458,2.9746916,3.3351734,536.83325,17.799166,264.6766,20.250877,14.618338
-3.0365832,9.266924,16.806787,-0.069479264,0.50224286,6.515675,93.57789,4.8197217,11.948454,241.75235,16.841715,344.02344,20.354424,13.071203
-5.4188614,33.307697,14.334954,0.29505897,0.47206283,5.81509,95.64124,2.4768634,1.221708,576.2539,18.586412,426.18237,15.210314,29.126724
-4.436919,31.43783,13.258322,0.31353968,0.46183717,6.04698,72.61045,1.7995604,2.536105,569.1658,16.961628,379.3947,19.190073,29.267176
-5.6663494,32.690495,5.803153,0.20784737,0.48022625,5.706515,96.041824,4.447857,2.190224,584.9181,17.28992,404.50302,15.626753,28.011263
-5.3545303,24.804022,16.399717,-0.081245966,0.4671343,6.556131,97.76003,2.2086177,1.8992264,249.6733,16.809639,291.6798,20.028976,20.298494
-3.5310252,9.490486,18.083029,-0.08877317,0.44689655,6.4414315,81.586975,3.2583184,10.612617,240.90654,16.545359,405.0264,20.395874,13.102492
3.401188,-12.179175,16.791815,0.14215212,0.44388023,5.8092318,94.43663,1.6701776,1.2389877,240.2612,18.14545,447.62756,11.206158,30.724358
-2.555897,-11.3511,18.14227,-0.18668398,0.44920105,6.124136,95.198395,1.6710817,1.2335613,240.01596,19.901693,422.13318,20.0555,19.344986
-5.4522505,33.630882,4.781522,0.2879548,0.47139257,6.396605,89.21118,5.7752132,10.6277685,585.5902,16.571167,292.99884,14.851143,16.072893
-4.798195,22.59572,13.663489,0.17011316,0.4518275,6.2768846,92.60979,4.077326,2.7918928,420.2811,16.62525,293.8232,19.782139,13.837005
-0.35082975,-8.3197565,12.501988,0.3316377,0.44423088,5.5708303,94.39329,1.7783313,1.640909,251.31836,18.138985,448.79605,13.980526,31.003386
-4.4293127,-6.2784247,17.80888,0.29450047,0.4502805,5.599617,94.884254,1.6772112,1.5763967,385.2477,20.667442,447.08508,7.73203,30.960924
-5.0569496,29.023806,13.611555,0.2664185,0.45086232,6.139868,92.335464,4.5884,6.8585706,491.70267,16.527487,406.1811,18.365469,25.69565
-4.8030863,-2.0735896,18.141848,0.010459264,0.48594695,6.9324346,95.617294,1.8965968,13.751209,239.99213,16.485985,287.1043,19.909983,13.639667
-3.2244241,33.535316,5.1943617,0.33307552,0.46670225,5.600425,62.57446,5.792479,16.71536,584.2162,16.471703,447.2408,14.582643,29.482725
-5.4815645,28.799189,17.493708,0.12539712,0.45599866,6.0726914,96.0413,5.5284534,16.155548,241.77579,16.46193,373.7688,20.547895,14.196183
-4.816574,32.552,12.503146,-0.029891502,0.528289,6.8511825,84.88563,4.9547925,16.20703,509.30246,16.473154,267.80307,20.21521,13.09164
-4.6754065,25.633232,17.775991,-0.088428505,0.4777337,6.7974224,91.662766,2.1719644,13.4710245,253.06343,16.475956,296.63153,20.508305,13.77979
0.09597502,30.584494,16.137114,-0.037472468,0.507225,6.9441037,89.688576,2.9701674,2.6821978,446.15488,16.716011,270.5588,19.113535,16.592705
-5.322852,32.62193,11.863682,-0.18071717,0.54168636,6.974311,97.04695,5.196219,14.803572,254.87991,16.459238,262.68073,20.585426,12.916957
-2.2413661,31.671843,17.855803,0.33206904,0.46451208,5.5702186,93.56912,5.690127,18.58379,546.3447,16.956636,448.79962,18.866615,29.747402
-4.9831476,32.607887,11.361835,0.2670063,0.6099322,6.9481025,69.89767,5.6131,18.111475,582.1408,16.45108,272.07727,20.301258,13.038468
-4.524354,-11.361861,17.90293,-0.18558413,0.5173118,6.6964283,92.54641,1.6788079,1.1434476,242.14874,18.310106,337.34744,14.251193,21.514757
-5.2643404,28.490454,15.950274,0.3191514,0.48389918,5.567968,88.147064,3.8301187,2.5106032,577.3978,19.906954,448.83658,13.428766,30.809954
-5.3276997,8.073799,7.5007906,-0.06253419,0.47334725,5.8590903,96.278885,1.7546993,1.4424217,341.71524,19.27471,288.6613,11.978822,27.668898
-5.534896,22.774305,6.5144176,-0.029931795,0.48561394,6.124238,93.594604,1.8661832,1.2596796,517.02216,17.18264,304.69473,19.954666,25.873817
-5.620879,29.76988,12.010355,0.09679099,0.48657975,5.906927,87.030876,3.8049774,2.15964,533.6428,16.545263,318.39136,18.941395,15.257853
-3.7110445,-11.976739,18.11035,-0.16252233,0.45963413,6.28535,95.82313,1.7220088,5.1083183,242.395,19.073553,331.50272,20.11512,18.008795
-3.661886,-11.736669,18.065481,0.0906206,0.45414206,5.579641,94.0015,1.683451,1.6485527,243.20798,20.233438,437.02905,18.718287,30.7803
-2.483456,-9.103787,13.646347,0.06651825,0.48147297,5.585853,97.031876,1.6709522,1.0551012,269.74982,20.420012,428.26862,13.094361,30.741978
-5.1384106,1.4299723,15.378835,0.02421293,0.47336915,6.431426,86.63633,1.6768092,1.0790727,557.2889,20.428125,338.99585,13.544103,27.489584
-5.3841953,32.037167,12.41599,0.31253305,0.5645869,6.8845296,51.466225,5.2350974,17.210573,562.31647,16.462112,272.46057,20.153835,14.964157
-2.8280394,30.906052,18.0083,-0.10848936,0.46066892,6.9539185,94.70948,3.6754644,18.254389,241.52452,16.448498,287.2318,20.524275,12.9161625
-5.57594,23.69639,10.791047,0.2063636,0.6189087,6.887286,94.237366,4.374577,1.7354553,494.7607,16.754786,263.39252,20.516237,14.28481
-5.391712,31.636784,11.284859,0.2189543,0.44594863,5.9078517,91.82221,2.979559,2.4500525,583.5023,16.803879,402.3808,13.588911,25.010368
-3.9158227,5.820738,16.845879,-0.1392524,0.46003512,6.941267,96.96215,2.2213902,15.778862,265.6872,16.689747,263.4613,20.568945,13.254648
-4.7900944,20.221354,17.469048,-0.1642936,0.4798339,6.860781,92.94539,2.1508365,7.2804227,363.63843,17.311262,266.39987,19.646633,14.274418
-4.3073425,33.69501,14.001124,0.21977961,0.505384,6.971604,97.79964,5.092232,9.797616,366.0832,16.451677,301.18982,20.588133,12.914274
-1.8067833,-11.218799,18.05174,-0.04148772,0.44915473,6.1214323,85.42806,1.698109,14.586078,240.40692,16.525976,429.21054,20.032972,19.577488
-5.4056225,4.425356,15.601561,-0.06313632,0.47686538,6.0361443,94.74952,1.6792287,2.3315923,253.00276,16.726955,320.65106,19.777971,26.736464
-4.684289,33.01665,13.945243,0.09849129,0.47046515,6.919363,97.712204,5.6802106,17.901245,260.0134,16.454027,262.94904,20.384115,12.924926
3.010158,11.35962,17.34247,0.078093335,0.4449248,6.7493544,84.91383,2.5995502,17.599607,253.82336,16.449638,381.12494,18.736513,13.044813
-4.7162266,10.372487,12.02206,0.30746213,0.45071605,5.6260934,95.27435,2.0022986,9.280454,266.29922,16.784554,399.31253,16.758533,30.322512
-4.1110754,33.516056,9.644272,-0.16688648,0.6213786,6.974395,97.44158,5.7556243,7.397506,566.5097,16.449589,262.5553,20.497776,12.912518
-5.630109,32.835583,6.201526,0.3158777,0.4516181,5.918289,95.93997,5.5645905,16.308897,560.8869,16.76793,340.60376,16.68704,17.194141
-5.0159645,21.529184,14.125622,0.25786355,0.55188346,5.650884,64.57574,1.788562,4.9484215,385.46213,17.333643,436.32275,17.601587,29.911753
