Year_of_Release,NA_Sales,EU_Sales,JP_Sales,Other_Sales,Global_Sales,Critic_Score,Critic_Count,User_Score,User_Count
2007.4276,0.31132793,0.16978312,0.037557326,0.0519078,0.5169934,69.202095,27.086565,7.144289,80.37818
2007.4075,0.31829584,0.20843731,0.038749874,0.063158564,0.6365737,69.28482,27.175709,7.122904,101.02828
2007.4131,0.33174226,0.19126108,0.042225964,0.060291525,0.5899627,69.63405,27.59587,7.148543,98.18002
2007.4308,0.23947394,0.13534294,0.023477731,0.042179316,0.43811095,68.4634,26.340086,7.097213,83.74934
2007.437,0.32270765,0.17538048,0.04051714,0.053517614,0.53616244,69.37864,27.28823,7.1563606,79.4423
2007.4485,0.17149697,0.10832692,0.011807339,0.035123352,0.39462036,67.93435,25.874647,7.0574603,90.13658
2007.4427,0.31245357,0.1703548,0.047133017,0.06626178,0.63709044,70.980446,29.500668,7.1696024,147.18335
2007.4573,0.5533604,0.3000247,0.025169266,0.119878165,0.9984666,72.30365,32.850197,7.1894135,452.61084
2007.4323,0.31700814,0.17257705,0.039034724,0.05271134,0.5265617,69.290215,27.187227,7.150315,79.911026
2007.4182,0.30001894,0.16422054,0.03461591,0.050307997,0.4979435,69.02664,26.886152,7.1322927,81.30824
2007.416,0.27921703,0.15382193,0.03026775,0.047323458,0.47147104,68.78808,26.63521,7.1173472,82.14048
2007.4465,0.17924798,0.1114074,0.0131380465,0.035927903,0.39957932,67.994675,25.927717,7.061993,89.40828
2007.3492,0.6013729,0.60512704,0.33105543,0.15998447,1.8952861,76.73987,38.317043,7.4983096,284.6749
2007.454,0.33926448,0.18510121,0.047138687,0.059526097,0.5944579,70.04864,28.151915,7.1785245,91.76723
2007.4382,0.21089621,0.12398533,0.018571464,0.03921297,0.41982737,68.24099,26.144413,7.080501,86.43455
2007.4309,0.33083323,0.17675042,0.04249633,0.055475563,0.5455982,69.607445,27.565641,7.162185,86.24462
2007.4353,0.22198902,0.12839393,0.020475892,0.040364396,0.42692438,68.327324,26.220366,7.086988,85.39224
2007.4225,0.26436275,0.14630628,0.027737448,0.045169614,0.45720237,68.66324,26.519686,7.110527,82.25952
2007.5078,0.27084145,0.19615333,0.0338788,0.05628068,0.66319937,68.91495,26.823923,7.1291313,99.21074
2007.4138,0.28408897,0.15628693,0.031097645,0.048029877,0.47615093,68.82902,26.6731,7.119584,82.10143
2007.4528,0.33194548,0.18059178,0.047935404,0.06250125,0.61601144,70.459335,28.729712,7.178778,113.446335
2007.4204,0.26920778,0.14875765,0.028562756,0.045872133,0.4618564,68.70396,26.557365,7.1127515,82.22072
2007.4462,0.18052633,0.11191546,0.013357518,0.036060598,0.4003972,68.00462,25.93647,7.062741,89.288155
2007.4135,0.28509146,0.15679415,0.03126841,0.048175238,0.4771139,68.83745,26.680897,7.120044,82.09338
2007.474,0.33342728,0.21823846,0.110210195,0.07861641,0.80810714,71.667175,30.380352,7.2609267,150.92862
2007.4276,0.25190556,0.14028363,0.025612013,0.043469716,0.44606444,68.56016,26.425205,7.104483,82.581245
2007.4111,0.29142806,0.15999493,0.032381468,0.049092703,0.48347226,68.893364,26.733908,7.1231794,82.01476
2007.4253,0.47541726,0.30292273,0.2563713,0.08232237,1.0131692,72.73639,32.518764,7.442661,119.096725
2007.4457,0.18230006,0.11262039,0.013662031,0.036244705,0.401532,68.01843,25.948616,7.063778,89.12148
2007.4415,0.30533233,0.20797119,0.03765827,0.06106073,0.64648086,69.12222,27.013021,7.12481,92.56887
2007.4467,0.17859606,0.11114832,0.013026124,0.035860237,0.39916223,67.9896,25.923254,7.0616117,89.46954
2007.4221,0.26522702,0.14674355,0.027884675,0.04529494,0.4580326,68.6705,26.526407,7.110924,82.25262
2007.416,0.3253246,0.19275819,0.04059053,0.05945257,0.5900267,69.44614,27.367065,7.1417637,94.13232
2007.4777,0.3262221,0.18531945,0.075273104,0.076324694,0.7190243,71.256226,29.52448,7.212359,148.33264
2007.6147,0.8100046,0.34546956,0.020062732,0.16405058,1.172555,75.95023,39.65167,7.319696,942.9986
2005.7549,1.4699026,0.7434088,0.73886347,0.26028207,2.4772391,76.82092,38.17418,7.633714,119.55513
2007.4238,0.2613533,0.14478362,0.027224818,0.044733256,0.45431158,68.63795,26.49628,7.109145,82.28366
2007.3512,0.23045596,0.19832653,0.03545785,0.08401161,0.87765664,70.89014,28.9649,7.0721083,388.02423
2007.4263,0.25597984,0.14206485,0.026309488,0.04395412,0.44914994,68.59279,26.45449,7.106678,82.32673
2007.416,0.2973969,0.16293083,0.03393393,0.049937073,0.4935267,68.98597,26.839685,7.1295114,81.52388
2007.4401,0.20380093,0.12116546,0.017353335,0.038476482,0.4152879,68.18577,26.095833,7.0763516,87.10122
2007.4338,0.22787249,0.1307322,0.021485975,0.040975098,0.4306885,68.37311,26.26065,7.0904284,84.83944
2007.4575,0.34146732,0.18559256,0.04832737,0.060664225,0.6057143,70.20477,28.353098,7.18326,96.965706
2007.4382,0.34044468,0.22943446,0.046578217,0.06802048,0.6897475,69.68122,27.72442,7.144778,76.149124
2007.4547,0.3358233,0.18262836,0.048095033,0.061753113,0.6118179,70.35566,28.576334,7.1806035,106.73452
2007.9156,0.78383076,0.31320113,0.04503447,0.14708209,1.039832,76.8687,40.663,7.308292,1275.2235
2007.4182,0.2742763,0.1513221,0.029426133,0.04660706,0.46672508,68.74655,26.596785,7.1150784,82.18009
2007.6991,0.9939658,0.5271455,0.023359118,0.21095854,1.6465386,76.62374,41.034702,7.256476,900.74976
2007.444,0.34093338,0.18319651,0.046838112,0.059421606,0.5854963,70.04956,28.139265,7.1769037,94.33466
2007.4341,0.22676519,0.13029212,0.021295873,0.040860157,0.42998007,68.364494,26.253069,7.089781,84.943474
2007.7745,3.146722,2.3694992,0.7140753,0.84985274,7.4695296,81.207054,48.138016,7.3604984,990.94977
2007.4149,0.2816714,0.15506373,0.030685833,0.047679335,0.47382864,68.8087,26.654299,7.118474,82.12082
2007.4366,0.34052143,0.18595597,0.046060745,0.059562214,0.58447766,69.941986,27.99939,7.17086,91.601166
2007.5085,0.3455391,0.22882411,0.03115291,0.09242195,0.9105936,71.417595,30.75172,7.1453037,455.40298
2007.4543,0.33507702,0.18223643,0.048064314,0.06189709,0.6126249,70.37561,28.60585,7.180252,108.026184
2007.3738,0.40546045,0.30866906,0.05731224,0.10048629,0.94975793,71.12681,29.667152,7.1353164,153.22551
2007.4165,0.29803514,0.16324477,0.03409994,0.050027363,0.49460182,68.995865,26.850996,7.1301885,81.47138
2007.4275,0.2520678,0.1403481,0.025639867,0.043486554,0.4461683,68.56142,26.426315,7.104578,82.56602
2007.4098,0.3231072,0.24910025,0.03378087,0.08747541,0.8896515,70.30326,28.769213,7.1020584,253.69136
2007.4569,0.34005776,0.18485227,0.048269346,0.060936168,0.60723865,70.242455,28.40885,7.1825967,99.40542
2007.4094,0.539435,0.30629143,0.029308321,0.11927188,0.98895764,72.110115,32.32378,7.1701865,415.0522
2007.4199,0.27027702,0.14929865,0.028744897,0.046027172,0.46288347,68.712944,26.565681,7.1132426,82.21214
2007.4697,0.2916478,0.22137536,0.036922336,0.063886225,0.70972216,69.066284,26.994131,7.117934,97.954384
2007.4496,0.16751842,0.10674574,0.0111243,0.03471039,0.39207497,67.90339,25.847404,7.055134,90.51041
2007.7543,0.856503,0.5129328,0.10998924,0.20832103,1.7017343,76.05948,37.290493,7.4092746,482.07864
2007.5596,0.23669352,0.12834708,0.027393645,0.036526237,0.49174398,68.56342,26.394087,7.155534,89.968
2007.4543,0.19821894,0.11436581,0.016778668,0.037009165,0.413954,68.21356,26.124336,7.0822453,95.44542
2007.4318,0.3299115,0.17662145,0.042273164,0.055245318,0.5445706,69.58045,27.53283,7.1615524,85.397804
2007.3767,0.3179568,0.23431061,0.039173823,0.07517695,0.75283337,69.677505,27.664629,7.102043,150.65572
2007.437,0.32267267,0.17536327,0.040508047,0.053512666,0.53610355,69.3781,27.287611,7.156324,79.445175
2007.4321,0.3354695,0.18023546,0.043910526,0.056795537,0.55656713,69.71618,27.706034,7.165582,85.76633
2007.4143,0.3287823,0.19201842,0.04146938,0.059925906,0.5901936,69.54738,27.490328,7.14535,96.36471
2007.4547,0.3407519,0.18518934,0.047742706,0.06010188,0.59928024,70.12945,28.25382,7.1809125,94.675514
2007.4336,0.327761,0.17632057,0.04175251,0.054708153,0.5421732,69.51749,27.456278,7.1600766,83.422104
2007.6565,0.33900774,0.17382154,0.0442275,0.08257738,0.75304794,72.70663,32.75296,7.212407,734.4756
2007.4207,0.2684991,0.1483991,0.028442042,0.045769382,0.46117568,68.698006,26.551855,7.1124263,82.22639
2007.4254,0.30869746,0.16848926,0.036873154,0.05153569,0.5125624,69.161285,27.039948,7.141499,80.59452
2008.0603,1.169244,0.67200553,0.06489198,0.25435436,2.099647,78.12301,42.767025,7.2888446,993.5606
2007.4352,0.22265042,0.12865677,0.020589443,0.040433053,0.42734748,68.332466,26.224895,7.0873747,85.330124
2007.4382,0.21091983,0.1239947,0.018575514,0.039215416,0.41984245,68.24117,26.144575,7.080515,86.432335
2007.4518,0.34119684,0.22477216,0.048003323,0.06783753,0.69253004,69.87552,27.977629,7.155595,81.00919
2007.4435,0.313795,0.1710593,0.047188234,0.06600299,0.6356398,70.94458,29.44761,7.170234,144.86159
2007.436,0.3250811,0.17594561,0.041103683,0.05403874,0.5391856,69.43902,27.360882,7.1582375,80.96003
2007.4363,0.3247351,0.1758972,0.041019917,0.053952318,0.5387999,69.42889,27.348566,7.158,80.64215
2007.4193,0.3014003,0.16489999,0.034975197,0.050503407,0.5002704,69.04807,26.910631,7.133758,81.19464
2007.4778,0.32674545,0.1899809,0.080550835,0.07649879,0.73088956,71.29472,29.620161,7.2194667,147.78462
2007.4492,0.16887611,0.10728534,0.011357395,0.034851313,0.3929436,67.913956,25.8567,7.0559278,90.38282
2007.4363,0.25116885,0.1414536,0.02582766,0.043389034,0.45316976,68.55222,26.416466,7.106834,81.77244
2007.4126,0.28684315,0.15768044,0.031566795,0.04842923,0.47879654,68.852165,26.69452,7.1208487,82.07937
2007.4147,0.28219983,0.1553311,0.03077585,0.047755957,0.4743363,68.81314,26.658407,7.1187167,82.11656
2007.4285,0.24867484,0.13899964,0.025057355,0.043134365,0.4439975,68.53501,26.403084,7.102594,82.88481
2007.414,0.28393424,0.15620865,0.031071289,0.048007444,0.47600228,68.82772,26.671898,7.119513,82.10268
2007.4418,0.19725388,0.118563466,0.016229322,0.037796903,0.4110992,68.13481,26.051004,7.072523,87.7164
2007.4062,0.29209915,0.23460916,0.03633283,0.07725785,0.81557995,69.756676,27.805498,7.095627,185.29892
2007.3312,0.34082595,0.24308155,0.039926086,0.08237863,0.78043413,70.0778,28.184004,7.0974646,186.70053
2007.4353,0.3258307,0.17605048,0.041285165,0.054225978,0.54002124,69.46097,27.387564,7.158752,81.648674
2007.3787,0.28378752,0.2273044,0.030424127,0.09078961,0.93576473,70.8075,29.251602,7.086006,346.7636
2007.6938,0.6548672,0.4315435,0.13239914,0.17311041,1.4984015,74.486984,33.36408,7.37391,254.24928
2007.4125,0.33523178,0.20968641,0.04351476,0.06486662,0.6404457,69.6628,27.6516,7.1413784,96.40516
2007.4327,0.31756338,0.17285016,0.039179143,0.05278989,0.52749693,69.29883,27.197065,7.1509037,79.86538
2007.4873,0.2207297,0.109373055,0.021810697,0.036644127,0.4351636,68.60551,26.481487,7.1232743,117.12317
2007.418,0.2748542,0.15161452,0.029524582,0.04669086,0.4672802,68.75141,26.60128,7.115344,82.17544
2007.4337,0.3276882,0.17631038,0.04173488,0.054689962,0.542092,69.51536,27.453686,7.1600266,83.355194
2007.4165,0.29803598,0.16324517,0.03410015,0.05002748,0.49460322,68.99588,26.85101,7.130189,81.47133
2007.6875,0.13199674,0.06124056,0.013526188,0.02630935,0.5366813,68.76889,26.728493,7.1684375,216.84976
2007.4498,0.34115425,0.20912911,0.047677413,0.06472602,0.6533272,69.95364,28.055445,7.164222,86.26636
2007.4115,0.28947005,0.15900955,0.032014266,0.048810124,0.4813199,68.874245,26.71495,7.1220546,82.0583
2007.4275,0.33458337,0.1772751,0.043404266,0.0564123,0.5497789,69.71725,27.699133,7.1647587,89.68993
2007.0809,0.5799294,0.41410613,0.35918385,0.10478749,1.2774742,74.97936,35.439842,7.5015535,173.60432
2007.4269,0.31051823,0.16938485,0.03734673,0.05179326,0.5156295,69.18953,27.072214,7.14343,80.44476
2007.4583,0.3174195,0.1716376,0.054106046,0.07080533,0.662158,71.0835,29.434893,7.180904,149.59511
2007.3953,0.3293898,0.2077457,0.041083105,0.06506817,0.638016,69.56516,27.509638,7.130253,108.99458
2007.4084,0.33131063,0.19549385,0.041975074,0.061553393,0.60242087,69.62141,27.579868,7.143989,101.09666
2007.4314,0.31595182,0.17205748,0.038759984,0.052561916,0.52478236,69.27383,27.168507,7.1491942,79.997894
2007.4313,0.31580505,0.17198528,0.038721804,0.05254115,0.524535,69.27155,27.165905,7.1490383,80.009995
2007.4178,0.2750312,0.15170409,0.029554734,0.046716526,0.46745026,68.7529,26.602657,7.115425,82.17403
2007.4332,0.32814533,0.17637435,0.04184556,0.05480415,0.54260164,69.52874,27.46996,7.1603403,83.775185
2007.4675,0.09858228,0.07934856,-0.0007107616,0.027554864,0.34797072,67.36687,25.375399,7.01482,96.98773
2007.4374,0.32352737,0.17572823,0.04072751,0.053650636,0.5374535,69.393524,27.305573,7.1571712,79.53257
2007.481,0.28287357,0.21610099,0.035765495,0.06290632,0.7123312,69.06621,27.003277,7.118768,106.44875
2007.429,0.24667476,0.13820475,0.02471398,0.04292676,0.44271788,68.51945,26.389389,7.101424,83.072754
2007.4337,0.22818126,0.1308549,0.021538986,0.041007146,0.43088606,68.37551,26.262764,7.090609,84.81043
2007.4369,0.32405335,0.17580181,0.040854856,0.053782023,0.53803986,69.40893,27.324297,7.157532,80.015816
2007.4149,0.29601544,0.16225134,0.033574626,0.04974165,0.49119967,68.96453,26.815203,7.1280456,81.637505
2007.432,0.3295665,0.17657317,0.04218964,0.055159144,0.544186,69.57035,27.520548,7.161316,85.08085
2007.5555,0.24324472,0.15000562,0.029279066,0.04310567,0.5632628,68.71102,26.576303,7.1496444,100.896286
2007.433,0.23095013,0.13195533,0.022014348,0.041294552,0.43265754,68.397064,26.281723,7.0922284,84.55027
2007.3867,0.30691606,0.24542233,0.035413064,0.08541392,0.8747182,70.17446,28.423903,7.091708,235.75978
2007.4626,0.34092253,0.1959314,0.07830249,0.08081033,0.7664009,71.87927,30.435934,7.222273,171.97719
2007.4784,0.33560377,0.2688794,0.16988061,0.07944545,0.9317196,71.94631,31.23961,7.339773,138.50865
2006.7976,0.9585602,0.9077593,0.567351,0.23010509,2.9054291,78.206,42.516537,7.5366626,280.44626
2007.4231,0.3059788,0.16715203,0.036166046,0.051151097,0.50798285,69.1191,26.99177,7.1386147,80.8181
2007.4355,0.3255641,0.17601319,0.04122062,0.054159388,0.53972405,69.45316,27.378075,7.158569,81.40376
2007.432,0.32958397,0.17657563,0.042193867,0.055163506,0.5442055,69.57086,27.52117,7.161328,85.096886
2007.4341,0.22669208,0.13026306,0.021283327,0.040852573,0.42993328,68.36392,26.252567,7.0897384,84.950356
2007.4492,0.32508758,0.17699006,0.047653094,0.06382433,0.62342775,70.64268,29.00096,7.1755495,125.316154
2007.4008,0.3304916,0.2024241,0.04153657,0.0635964,0.6227406,69.59743,27.54967,7.13644,105.78097
2007.3563,0.32666656,0.23196197,0.0398451,0.075474575,0.7351024,69.75469,27.733286,7.102702,152.33287
2007.5361,0.24476463,0.17906542,0.030286236,0.053787753,0.6717223,68.96592,26.907906,7.1310034,131.04517
2007.458,0.1349249,0.09379215,0.0055285892,0.0313272,0.37122217,67.64972,25.624237,7.036073,93.57292
2007.467,0.32084608,0.17271946,0.057912808,0.07312378,0.6749368,71.119606,29.370113,7.1873717,149.62534
2007.4601,0.5000857,0.28581616,0.028004775,0.10820345,0.9381653,71.59564,31.585619,7.174209,372.66553
2007.4177,0.299399,0.1639156,0.034454662,0.050220296,0.4968992,69.01703,26.875164,7.131635,81.35923
2007.4138,0.2841993,0.15634276,0.031116439,0.048045874,0.4762569,68.82995,26.673958,7.1196346,82.10056
2007.4858,0.18859154,0.10012952,0.015997624,0.0339922,0.41287857,68.30051,26.210037,7.0974255,114.1191
2007.1705,0.54839146,0.49666396,0.36036554,0.11921373,1.5595604,76.329056,38.420334,7.5625367,225.77072
2007.4293,0.24537466,0.13768806,0.02449078,0.042791814,0.44188607,68.50932,26.380487,7.1006637,83.194916
2007.4529,0.33223698,0.18074487,0.047947403,0.062445015,0.61569625,70.45154,28.718182,7.178915,112.94178
2007.4231,0.2632128,0.14572445,0.027541561,0.04500288,0.45609778,68.65358,26.510742,7.109999,82.26876
2007.4421,0.31114924,0.16966976,0.04707932,0.06651343,0.6385009,71.01532,29.552258,7.1689887,149.4409
2007.4261,0.25609103,0.14212112,0.026328431,0.04397024,0.44925678,68.59373,26.455355,7.106729,82.325806
2007.4332,0.3281825,0.17637953,0.041854557,0.05481343,0.5426431,69.52983,27.471281,7.160366,83.80933
2007.4532,0.15308973,0.10101136,0.008647157,0.03321269,0.38284367,67.79109,25.748611,7.0466957,91.86614
2007.4233,0.3393004,0.17793508,0.044546302,0.05759056,0.5550375,69.85537,27.867046,7.1679955,94.02355
2007.4257,0.3366505,0.17756432,0.04390474,0.056928642,0.5520834,69.77778,27.772718,7.1661773,91.589035
2007.4779,0.32832637,0.20406157,0.096493125,0.07702467,0.76673084,71.41101,29.909176,7.240937,146.12918
2007.4464,0.17949489,0.11150554,0.01318044,0.035953533,0.3997373,67.9966,25.929409,7.0621376,89.38506
2007.5615,0.23078115,0.12145586,0.026303051,0.03528457,0.48176086,68.565506,26.399801,7.1555614,96.3931
2007.435,0.32616407,0.17609712,0.04136588,0.054309256,0.54039294,69.470726,27.399431,7.158981,81.95496
2007.4528,0.31528258,0.17096289,0.05173205,0.06935949,0.6541888,71.06099,29.47529,7.176871,149.57625
2007.4669,0.33726633,0.1974282,0.082540914,0.07970859,0.76444584,71.74007,30.270296,7.2263293,164.75449
2007.4159,0.29720777,0.1628378,0.033884738,0.049910318,0.4932081,68.98303,26.836332,7.1293106,81.539444
2007.4438,0.31180057,0.1698635,0.047863696,0.067003526,0.64120334,71.0243,29.541119,7.1702986,149.54555
2007.4297,0.3321064,0.17692854,0.042804573,0.055793583,0.5470175,69.64472,27.610962,7.1630588,87.4143
2007.5465,0.42318746,0.27506715,0.025784215,0.09786991,0.95834357,70.88194,30.551895,7.163948,328.53308
2007.4323,0.3293624,0.17654462,0.042140223,0.055108164,0.5439584,69.56438,27.513283,7.1611757,84.893326
2007.4205,0.30282313,0.16559984,0.035345268,0.050704684,0.5026671,69.07015,26.935846,7.1352673,81.07762
2007.4666,0.2962677,0.2045157,0.036793273,0.058524642,0.64195484,68.98692,26.869955,7.128039,83.998474
2007.5417,0.25715712,0.15673321,0.031123662,0.04357342,0.5496689,68.66422,26.505548,7.1501675,81.4875
2007.4359,0.37490305,0.2793683,0.15639946,0.091376975,1.0158865,73.54383,33.412308,7.33808,207.51985
2008.308,1.3262857,0.8078847,0.13920395,0.3078312,2.569099,79.02154,42.390827,7.3478928,988.62744
2007.4681,0.15905876,0.09751942,0.010163037,0.032695696,0.38952655,67.928734,25.874893,7.061909,101.31495
2007.1411,1.8693025,1.534686,0.67893344,0.46931937,4.8679976,80.01277,44.062668,7.4421654,501.79623
2007.4369,0.32411525,0.17581047,0.04086984,0.05379748,0.5381088,69.410736,27.3265,7.1575747,80.07265
2007.4272,0.31100214,0.16962287,0.037472587,0.051861715,0.5164446,69.19704,27.080791,7.143944,80.40499
2007.4381,0.21162823,0.12427624,0.018697137,0.03928895,0.4202957,68.24668,26.149426,7.080929,86.36577
2007.3242,0.43952075,0.3974656,0.26922387,0.10353907,1.2948449,75.04554,36.27468,7.4765453,232.54605
2007.4324,0.23355125,0.1329891,0.022460913,0.041564547,0.4343217,68.417305,26.299534,7.0937495,84.30584
2007.4215,0.26673657,0.14750732,0.02814181,0.04551382,0.45948264,68.68319,26.538147,7.111617,82.2405
2007.3976,0.46355152,0.3285872,0.054497212,0.11191517,1.0183389,71.758835,30.9262,7.156754,221.94006
2007.4581,0.1994649,0.113366604,0.017117726,0.03684886,0.41548097,68.24649,26.154633,7.0859613,97.879105
2007.4144,0.295454,0.16197518,0.033428594,0.049662225,0.4902539,68.955826,26.805254,7.12745,81.68367
2007.3896,0.29593092,0.24004968,0.036747195,0.08035937,0.83646864,69.886604,27.95525,7.0907664,198.08179
2007.425,0.3082483,0.16826834,0.03675634,0.051472154,0.51180583,69.15431,27.031988,7.141022,80.63147
2007.4172,0.26207384,0.21045013,0.03161643,0.0764629,0.83273524,70.02817,28.140284,7.09465,249.29648
2007.4148,0.28197005,0.15521485,0.030736705,0.047722638,0.47411555,68.81121,26.656622,7.1186113,82.118416
2007.5997,0.9431429,0.48348293,0.018183326,0.20018344,1.5196594,76.111275,40.177418,7.2612586,857.1171
2007.4519,0.35495475,0.2322801,0.112837836,0.08518018,0.87392503,72.57386,31.692974,7.2730813,186.04015
2007.433,0.23116304,0.13203995,0.022050904,0.04131665,0.43279374,68.39872,26.28318,7.092353,84.53024
2007.441,0.34077513,0.18265674,0.046514872,0.05916167,0.5811786,70.017204,28.094807,7.175512,93.8411
2007.4365,0.21772446,0.12669908,0.01974375,0.03992174,0.42419595,68.29413,26.191168,7.084494,85.79296
2007.4119,0.2886825,0.15861106,0.03188011,0.048695926,0.48056337,68.86762,26.708824,7.121693,82.06463
2007.4552,0.3368198,0.18315172,0.048136055,0.06156086,0.61074024,70.32902,28.53692,7.181072,105.00975
2007.5427,0.25277466,0.16015327,0.030701475,0.045494206,0.5753804,68.72908,26.593351,7.1463637,93.817955
2007.468,0.17209633,0.10152408,0.012499901,0.033820894,0.39844248,68.0485,25.981302,7.071886,102.09868
2007.4337,0.3276531,0.17630547,0.041726388,0.0546812,0.5420529,69.51433,27.452436,7.1600027,83.32297
2007.435,0.32037258,0.17423192,0.039909802,0.05318729,0.532229,69.342415,27.24685,7.153884,79.63435
2007.4108,0.33515117,0.19109796,0.04307312,0.060938828,0.5918339,69.733864,27.71731,7.1515174,100.817894
2007.4326,0.2325017,0.13257198,0.022280728,0.041455604,0.4336502,68.40914,26.292347,7.093136,84.40447
2007.219,0.5188205,0.36360928,0.30805397,0.09476262,1.1526772,73.87013,33.908386,7.461527,148.87747
2007.4299,0.31413186,0.17116228,0.03828661,0.052304454,0.52171654,69.24559,27.136253,7.1472635,80.1476
2007.4398,0.2047114,0.12152731,0.017509649,0.03857099,0.41587043,68.192856,26.102066,7.0768843,87.01569
2007.432,0.23473258,0.13345858,0.022663726,0.04168717,0.43507746,68.4265,26.307621,7.0944405,84.19485
2007.4781,0.33193675,0.23621824,0.13290127,0.078225635,0.84858316,71.676575,30.569216,7.289971,142.34857
2007.4147,0.28208455,0.15527278,0.03075621,0.04773924,0.47422552,68.81217,26.65751,7.118664,82.11751
2008.6652,1.209824,0.6101763,0.014352793,0.26905572,1.7464578,79.755554,47.059753,7.269682,2076.2458
2007.4178,0.29965365,0.16404086,0.034520905,0.050256323,0.4973282,69.02098,26.879679,7.131905,81.33828
2007.4302,0.33160502,0.1768584,0.042683188,0.055668347,0.5464586,69.63004,27.593115,7.1627145,86.95368
2007.4285,0.33354294,0.17712954,0.043152377,0.05615242,0.54861903,69.68678,27.662098,7.1640444,88.7341
2007.4423,0.31115252,0.16965888,0.04714375,0.06656505,0.6387866,71.01747,29.55337,7.1690755,149.53983
2007.433,0.31779963,0.17296635,0.039240584,0.05282331,0.52789485,69.3025,27.201252,7.1511545,79.84596
2007.4777,0.32594365,0.18283935,0.0724651,0.076232076,0.71271133,71.23575,29.473576,7.208577,148.62424
2007.4622,0.38708857,0.28947473,0.21025756,0.08073555,0.98225313,72.29841,31.882349,7.3903813,130.7127
2007.4161,0.2789624,0.1536931,0.030224377,0.047286537,0.47122645,68.785934,26.63323,7.1172304,82.14253
2007.4432,0.19156656,0.11630317,0.015252916,0.037206568,0.40746057,68.090546,26.012064,7.069197,88.2508
2007.4523,0.33116397,0.18018132,0.04790323,0.06265203,0.61685663,70.48023,28.760624,7.17841,114.79901
2007.8618,0.95628667,0.56603086,0.10001073,0.2241699,1.8404256,76.72011,38.910305,7.378147,633.0542
2007.4193,0.30139232,0.16489607,0.034973122,0.050502278,0.50025696,69.04795,26.91049,7.1337495,81.19529
2007.4966,0.38494307,0.26388428,0.028024709,0.0948128,0.9412959,70.74555,30.007742,7.1411104,313.9612
2007.6221,0.54911333,0.30581576,0.020499082,0.11197248,1.0080197,71.68959,32.541885,7.2218976,406.94363
2007.4357,0.2206112,0.12784635,0.020239348,0.04022138,0.42604285,68.3166,26.210932,7.086182,85.521706
2007.4316,0.32432142,0.18007997,0.04077516,0.055201914,0.5511198,69.41677,27.333212,7.1535106,83.53474
2007.5035,0.45106265,0.31437406,0.1295029,0.12919655,1.1859941,73.580086,31.807281,7.2954197,203.25542
2007.5139,0.86337703,0.42014268,0.013567427,0.18322475,1.359874,75.50969,39.117466,7.27842,793.0115
2007.4354,0.32572818,0.17603615,0.04126035,0.054200377,0.539907,69.45796,27.383915,7.158682,81.554504
2007.4352,0.3260213,0.17607716,0.041331317,0.054273598,0.54023373,69.466545,27.39435,7.1588826,81.82381
2007.5623,0.22969785,0.12029737,0.026120646,0.035097193,0.48068818,68.56827,26.403532,7.1556735,97.83708
2007.4357,0.45462748,0.2994626,0.24535267,0.08189204,1.0055842,72.63257,32.371304,7.4306507,121.76798
2007.4489,0.3244759,0.17666881,0.047627915,0.06394234,0.62408924,70.659035,29.025154,7.175262,126.374855
2007.4188,0.27281025,0.15058038,0.029176412,0.046394486,0.46531686,68.73424,26.585384,7.1144056,82.191826
2007.4363,0.3218898,0.1749782,0.04030442,0.053401917,0.53478473,69.36595,27.273737,7.1554933,79.50956
2007.4316,0.32995868,0.17662805,0.042284593,0.055257108,0.54462326,69.58184,27.53451,7.161585,85.44115
2007.8287,0.49987575,0.23408218,0.03262429,0.09675912,0.8519476,72.90639,34.443493,7.291554,719.1923
2007.449,0.3606149,0.25834438,0.1405297,0.086981155,0.94439083,72.89747,32.368332,7.3115563,188.01317
2007.4427,0.34069964,0.22703089,0.04704858,0.06779689,0.6886699,69.75169,27.815018,7.1489224,78.08282
2007.4261,0.30958667,0.16892664,0.037104435,0.05166148,0.51406026,69.17508,27.055706,7.142442,80.521385
2007.6289,0.17507315,0.07088856,0.016769337,0.02251645,0.46227425,68.60394,26.497702,7.1790075,151.7509
2007.3842,0.41293317,0.35757846,0.22641017,0.10114953,1.2267239,74.8995,35.864407,7.4349523,238.36133
2007.4739,0.2002888,0.10800595,0.017735528,0.035831936,0.41878596,68.341354,26.24312,7.0978136,107.51077
2007.4213,0.32885253,0.18614052,0.04168715,0.058065034,0.57252663,69.54944,27.493702,7.1512375,91.88545
2007.4779,0.32880148,0.20829351,0.10128458,0.077182725,0.77750295,71.44596,29.99604,7.2473903,145.63164
2007.4604,0.17253499,0.09178152,0.006632389,0.023520166,0.4423743,68.32748,26.359737,7.117804,121.125374
2007.4192,0.27184206,0.15009049,0.029011486,0.046254102,0.46438685,68.7261,26.577854,7.113961,82.19958
2007.4303,0.31462508,0.17140488,0.038414903,0.05237423,0.5225474,69.25324,27.144995,7.1477866,80.10704
2007.3712,0.34902155,0.24996361,0.037915155,0.08427604,0.812438,70.125435,28.444195,7.1063466,200.84674
2007.419,0.2725167,0.15043183,0.029126404,0.046351925,0.46503487,68.731766,26.583101,7.1142707,82.19419
2007.3561,0.48327392,0.29906452,0.03552205,0.10986048,0.9310999,71.421616,30.864788,7.1381273,322.43234
2007.4148,0.2959793,0.16223356,0.03356522,0.049736533,0.49113876,68.963974,26.814564,7.1280074,81.64048
2007.4436,0.31169435,0.16982996,0.047745723,0.06693168,0.64080733,71.02318,29.543125,7.170098,149.5446
2007.4667,0.29875937,0.18834226,0.036468428,0.053387146,0.58053094,68.90655,26.74972,7.1374426,71.91843
2007.4229,0.2636136,0.14592724,0.027609838,0.045060996,0.4564828,68.656944,26.513859,7.1101832,82.26555
2007.4133,0.28528017,0.15688963,0.031300552,0.048202597,0.4772952,68.839035,26.682364,7.120131,82.09189
2007.4656,0.1145315,0.08488893,0.0020942776,0.029055657,0.35856465,67.50341,25.496231,7.025743,96.85174
2007.4144,0.2828414,0.15565571,0.030885136,0.047848985,0.47495255,68.818535,26.663397,7.1190114,82.11144
2007.4471,0.32097247,0.17482884,0.047483698,0.06461825,0.6278779,70.75269,29.163723,7.1736126,132.43864
2007.4526,0.41146135,0.29307905,0.22292235,0.08115288,0.9906726,72.419,32.0588,7.4049134,127.48484
2007.4369,0.3405495,0.18188696,0.046053905,0.05879097,0.575021,69.97106,28.031406,7.1735263,93.13724
2007.4255,0.31214857,0.20355387,0.038080726,0.060570907,0.6242082,69.17553,27.0549,7.1266313,93.06113
2007.366,0.3206267,0.23642308,0.039411247,0.07673771,0.76106846,69.75463,27.751163,7.0997167,157.90611
2007.438,0.30751464,0.20270239,0.03766826,0.059587028,0.6252432,69.11268,26.990332,7.1277275,89.45614
2006.5834,1.2874845,1.1792755,0.67964166,0.32845286,3.8035514,79.022354,42.870632,7.4542136,329.19052
2007.4197,0.30182412,0.16510846,0.03508543,0.05056336,0.5009843,69.05465,26.918142,7.1342077,81.15978
2007.4777,0.32666755,0.18928714,0.079765365,0.076472886,0.7291237,71.288994,29.60592,7.218409,147.86618
2008.2345,0.63055515,0.25719208,0.06797921,0.11077262,0.8758106,76.29855,39.178936,7.263037,1440.5997
2007.4305,0.33115923,0.17679602,0.04257526,0.05555699,0.5459616,69.61699,27.577246,7.162409,86.54413
2007.4349,0.22371073,0.12907818,0.02077148,0.04054311,0.42802584,68.34072,26.232155,7.0879946,85.2305
2007.4172,0.27632168,0.152357,0.029774552,0.04690364,0.46868986,68.76375,26.612692,7.116018,82.1637
2006.7751,0.71420187,0.50355095,0.43359444,0.14022817,1.6156586,76.27196,37.85645,7.570904,185.66895
2007.4404,0.20233269,0.12058194,0.017101264,0.038324077,0.41434857,68.17434,26.08578,7.075493,87.23919
2007.4348,0.3264621,0.17613883,0.04143803,0.054383695,0.5407252,69.479454,27.41004,7.1591854,82.22876
2007.4292,0.24568565,0.13781165,0.024544166,0.04282409,0.44208506,68.51175,26.382618,7.100846,83.16569
2007.412,0.29250124,0.16052282,0.0326606,0.049244523,0.48528004,68.91001,26.752926,7.124318,81.9265
2007.4252,0.25841898,0.14329897,0.026724977,0.044307783,0.45149294,68.61329,26.47346,7.107798,82.307175
2007.4148,0.29588446,0.16218692,0.033540558,0.049723122,0.49097905,68.9625,26.812883,7.127907,81.648254
2007.4266,0.25493446,0.14153592,0.026131416,0.043802537,0.4481458,68.58401,26.44636,7.106198,82.33509
2007.4357,0.32115108,0.17461485,0.04011228,0.053297415,0.53354037,69.35449,27.260645,7.15471,79.57032
2007.4231,0.30598745,0.1671563,0.0361683,0.051152322,0.50799745,69.11924,26.991922,7.138624,80.81738
2007.4437,0.19003354,0.115693904,0.014989728,0.03704744,0.40647975,68.07862,26.001566,7.0683002,88.39484
2005.9115,1.3554634,0.642462,0.6962943,0.21890558,2.1495721,76.704956,38.660534,7.6881475,92.0179
2008.0084,1.1725242,0.6607538,0.04011077,0.24843569,2.0391536,78.13236,43.52743,7.247361,1066.2712
2007.4352,0.37651238,0.28738853,0.16500854,0.091891095,1.03737,73.63816,33.613327,7.349981,207.8831
2007.7107,0.5472454,0.30865163,0.016866053,0.109876625,1.0333233,71.51409,32.612553,7.2391543,406.32437
2007.4254,0.30870897,0.16849491,0.036876146,0.051537313,0.51258177,69.16146,27.040152,7.141511,80.5936
2007.4288,0.46976936,0.34401202,0.06135639,0.11538701,1.0725222,72.0873,31.331057,7.173028,201.16339
2007.4272,0.33490592,0.17732024,0.043482363,0.05649287,0.5501385,69.72669,27.710615,7.16498,89.98627
2007.4371,0.21502207,0.12562507,0.019279802,0.03964123,0.42246702,68.2731,26.172663,7.082914,86.04687
2007.4373,0.3388934,0.18203208,0.04550015,0.058241002,0.57139665,69.89199,27.933363,7.1713896,89.983604
2007.4368,0.21659118,0.12624867,0.019549185,0.039804105,0.4234709,68.28531,26.183407,7.0838313,85.89944
2007.41,0.33463335,0.20896238,0.04322325,0.06483509,0.6390406,69.657,27.640896,7.140289,98.365135
2007.4386,0.20949422,0.12342813,0.018330766,0.039067447,0.41893038,68.23008,26.134813,7.079681,86.5663
2007.4491,0.32025433,0.18110098,0.04887569,0.06822398,0.663636,70.99681,29.506195,7.1730013,142.63884
2007.6465,0.5646142,0.31113157,0.018906398,0.11437679,1.028576,71.813416,32.883118,7.231417,424.6851
2007.4475,0.3217703,0.17524785,0.04751654,0.06446433,0.6270151,70.73137,29.132168,7.1739883,131.05775
2007.4454,0.18345806,0.11308062,0.0138608385,0.036364906,0.40227285,68.02744,25.956545,7.064455,89.01269
2007.423,0.26340276,0.14582057,0.027573923,0.045030426,0.45628026,68.655174,26.51222,7.1100864,82.26722
2007.4221,0.26522255,0.14674129,0.027883908,0.04529429,0.45802832,68.67047,26.526373,7.110922,82.25263
2007.4568,0.40081826,0.29150513,0.21739188,0.08097064,0.986996,72.36634,31.981747,7.3985677,128.89436
2007.3676,0.32462555,0.22836566,0.039641466,0.07325346,0.71924394,69.65833,27.62132,7.10625,142.07797
2007.587,0.2255061,0.11699674,0.026203616,0.03357779,0.48733222,68.562515,26.392317,7.16472,99.865326
2007.4346,0.34031287,0.21210875,0.04604877,0.064491875,0.64472663,69.74882,27.78515,7.1534204,81.6073
2007.4559,0.22769141,0.12273673,0.022118451,0.039420597,0.43444228,68.49491,26.374815,7.106162,98.38112
2007.4482,0.32312346,0.17595851,0.04757224,0.06420327,0.62555176,70.69519,29.078646,7.1746254,128.7157
2007.4501,0.32687512,0.17792885,0.04772668,0.06347947,0.62149465,70.59489,28.930258,7.176391,122.22226
2007.5148,0.269298,0.18666005,0.033423297,0.052963063,0.6308691,68.84101,26.72832,7.13482,91.5476
2007.4501,0.16555573,0.1059657,0.010787344,0.034506653,0.39081925,67.88811,25.833967,7.053986,90.694824
2007.456,0.33838573,0.18397413,0.048200514,0.061258752,0.6090468,70.287155,28.474983,7.1818094,102.299416
2007.4316,0.23606499,0.13398811,0.022892477,0.041825473,0.43592992,68.436874,26.316744,7.0952196,84.06966
2007.4285,0.29009503,0.16652,0.03295947,0.049844127,0.5082898,68.86613,26.708866,7.1255903,79.11359
2007.4249,0.30815566,0.16822276,0.036732234,0.05145904,0.5116497,69.15288,27.030346,7.140924,80.639084
2007.4248,0.2590836,0.14363524,0.026838189,0.044404153,0.45213136,68.61887,26.478628,7.1081033,82.30182
2007.4276,0.3345182,0.17726599,0.04338849,0.05639602,0.5497062,69.71534,27.696814,7.164714,89.63005
2007.4371,0.34056535,0.18194108,0.046086315,0.058817033,0.57545394,69.97431,28.035864,7.1736655,93.18672
2007.4323,0.3169191,0.17253324,0.039011557,0.052698743,0.5264116,69.28883,27.185648,7.1502204,79.91838
2007.4554,0.66014355,0.3855905,0.039366346,0.148833,1.2137688,73.693596,34.97569,7.2183633,476.50137
2007.3671,0.36353293,0.2494742,0.037756685,0.0850626,0.8017236,70.224434,28.630733,7.1122375,207.44365
2007.4355,0.32100698,0.17454396,0.0400748,0.05327703,0.53329766,69.35226,27.258091,7.1545568,79.58217
2007.4508,0.32821208,0.17863102,0.047781717,0.06322153,0.6200488,70.55914,28.877378,7.1770205,119.908195
2007.437,0.21575151,0.12591496,0.019405028,0.039716948,0.4229337,68.27878,26.177658,7.08334,85.978355
2007.4777,0.32527623,0.17689492,0.065734744,0.07601006,0.6975803,71.18665,29.35156,7.199513,149.3231
2006.4895,1.2973825,1.1384188,0.7282917,0.3142681,3.7120497,78.99738,43.157406,7.545524,279.4795
2007.4302,0.33164707,0.17686428,0.042693365,0.05567885,0.54650545,69.63127,27.59461,7.1627436,86.9923
2007.4152,0.2810903,0.15476973,0.030586848,0.047595076,0.47327048,68.80382,26.649778,7.1182075,82.12545
2007.437,0.32271656,0.17538485,0.040519454,0.053518873,0.5361774,69.37878,27.288387,7.15637,79.44157
2007.4249,0.2590689,0.14362781,0.02683569,0.044402026,0.45211726,68.61875,26.478514,7.108096,82.301956
2007.4568,0.3400176,0.18483117,0.048267692,0.06094392,0.6072821,70.24353,28.410439,7.1825776,99.47496
2007.4608,0.12064694,0.10152719,0.037041456,0.05459995,0.6672156,70.642685,28.367464,7.0986285,460.5051
2007.4127,0.29334852,0.16093954,0.03288097,0.04936438,0.4867072,68.92316,26.767942,7.1252165,81.856834
2007.4259,0.2567434,0.1424512,0.02643956,0.044064835,0.44988346,68.59921,26.460428,7.1070285,82.320595
2008.4323,2.9204738,2.0074975,0.4167988,0.813282,6.541744,82.056564,49.714058,7.3631706,1459.2102
2007.4346,0.22478493,0.1295051,0.020955896,0.040654607,0.4287131,68.34908,26.23951,7.088623,85.12953
2007.4183,0.3152192,0.20164916,0.038273804,0.060379352,0.6144866,69.200134,27.074564,7.1274,93.355156
2007.4148,0.2820304,0.15524536,0.030746983,0.04773139,0.47417352,68.81172,26.65709,7.118639,82.11793
2007.4387,0.20916013,0.12329537,0.018273415,0.03903277,0.41871664,68.22748,26.132526,7.0794854,86.59765
2007.4257,0.33662212,0.17756036,0.04389787,0.05692156,0.5520517,69.77695,27.771708,7.1661577,91.56297
2007.4778,0.3274733,0.19646372,0.08789077,0.07674091,0.74739116,71.34826,29.753225,7.229352,147.02245
2007.4537,0.34145772,0.18498524,0.047909264,0.060282998,0.5998046,70.15678,28.28659,7.1815176,95.97023
2007.417,0.28495058,0.22759025,0.035310715,0.07545615,0.80726075,69.73286,27.781755,7.0980735,189.27582
2007.4348,0.70618737,0.38305193,0.027263394,0.15479177,1.203548,73.83496,35.60127,7.216083,569.7486
2007.4214,0.3038709,0.16611521,0.035617787,0.050852906,0.5044321,69.0864,26.954414,7.136379,80.991455
2007.4346,0.3266401,0.17616373,0.04148113,0.054428164,0.5409236,69.484665,27.416378,7.1593075,82.392296
2007.4353,0.34046867,0.18161128,0.04588882,0.058658212,0.5728159,69.95454,28.008701,7.172815,92.88516
2007.4308,0.31750908,0.18505079,0.038923834,0.055390246,0.5613798,69.2173,27.089834,7.14296,81.84784
2007.4788,0.34170115,0.21404357,0.0508477,0.0675238,0.6975511,70.301956,28.537111,7.177518,92.91199
2008.2848,1.95047,1.2927544,0.2934441,0.52186185,4.284636,80.80926,44.679363,7.3598166,1155.5044
2007.42,0.3359374,0.1828321,0.043549076,0.058462992,0.56746596,69.7569,27.74654,7.160364,95.07629
2007.4164,0.27830923,0.15336262,0.03011311,0.047191825,0.47059903,68.78045,26.628149,7.1169305,82.147766
2007.3932,0.32807073,0.21040182,0.040666882,0.065644965,0.64510715,69.526535,27.462263,7.12653,109.97495
2007.4425,0.23507081,0.12982036,0.023037741,0.040991075,0.43713632,68.4878,26.364885,7.1021795,90.60264
2007.4639,0.29866272,0.19606613,0.036717564,0.055996068,0.60888565,68.95804,26.820076,7.1328554,78.31939
2007.4209,0.30331585,0.1658422,0.035473425,0.050774388,0.5034971,69.0778,26.944578,7.13579,81.0371
2007.4775,0.32496306,0.17410542,0.06257646,0.07590589,0.6904799,71.16361,29.294304,7.1952596,149.65108
2007.4393,0.3406833,0.18234341,0.046327244,0.059010785,0.57867223,69.99842,28.069002,7.1747036,93.55462
2007.424,0.33856824,0.17783263,0.044369042,0.057407673,0.5542213,69.83393,27.840984,7.1674933,93.35092
2007.4738,0.59602034,0.47793058,0.23110324,0.15845184,1.5994561,76.02945,36.48515,7.4661193,283.2331
2007.4017,0.31916335,0.21615261,0.039067563,0.06596629,0.66431034,69.35159,27.261827,7.118055,108.47759
2007.4254,0.25790492,0.14303887,0.02663741,0.044233248,0.45099914,68.60897,26.469461,7.107562,82.3113
2007.4142,0.2832879,0.15588164,0.030961195,0.04791373,0.47538146,68.82229,26.66687,7.1192164,82.107864
2007.4358,0.32538253,0.1759878,0.041176666,0.05411404,0.53952163,69.447845,27.371613,7.1584444,81.23696
2007.8203,1.3795255,1.1047565,0.38610694,0.34974563,3.423535,78.35947,41.009537,7.457354,519.82294
2007.4377,0.21277654,0.12473263,0.018894283,0.039408147,0.42103037,68.25562,26.157288,7.0816007,86.257866
2007.443,0.13011084,0.11130064,0.037850782,0.058036238,0.6882435,70.72592,28.469707,7.0940313,461.92526
2007.4537,0.33402807,0.18168552,0.04802113,0.062099464,0.61375934,70.403656,28.64734,7.179758,109.84177
2007.4412,0.1997004,0.11953579,0.016649349,0.038050853,0.4126644,68.153854,26.067755,7.0739536,87.48653
2007.4337,0.2284655,0.13096787,0.021587787,0.04103665,0.43106788,68.37772,26.264711,7.0907755,84.783714
2007.4172,0.27642706,0.15241031,0.0297925,0.046918914,0.46879107,68.76463,26.613512,7.116066,82.16284
2007.4531,0.33273467,0.18100625,0.04796789,0.062348995,0.615158,70.43823,28.698498,7.1791496,112.08038
2007.4155,0.2968413,0.16265754,0.03378942,0.049858473,0.49259076,68.97735,26.829838,7.128922,81.56958
2007.5271,0.50287586,0.28853124,0.025978824,0.105421685,0.9414256,71.38156,31.530842,7.189258,357.22272
2007.4545,0.30296028,0.19166088,0.03693126,0.055133715,0.58891356,68.98046,26.831306,7.134984,77.255135
2007.4777,0.32665783,0.18920052,0.07966727,0.076469645,0.7289032,71.28828,29.604143,7.218277,147.87637
2007.4545,0.73087066,0.39595926,0.028461138,0.1603997,1.2483487,74.19071,36.226543,7.2298656,589.5411
2007.4148,0.29591697,0.16220291,0.033549014,0.04972772,0.4910338,68.963005,26.81346,7.127941,81.64559
2007.4778,0.32693273,0.191649,0.08243948,0.07656109,0.7351357,71.3085,29.6544,7.2220106,147.5885
2007.4095,0.31800577,0.20548289,0.038629778,0.06210583,0.6260209,69.26086,27.144499,7.124729,98.341225
2007.45,0.33229145,0.18367474,0.045012232,0.05797564,0.5801094,69.830894,27.888668,7.1694794,85.57537
2007.6263,0.49403012,0.2952113,0.022873761,0.102314115,0.9719111,71.05679,31.39273,7.204122,339.75348
2007.4299,0.33183622,0.17689075,0.04273916,0.055726096,0.54671633,69.63681,27.601345,7.1628733,87.16609
2007.4369,0.21588542,0.12596819,0.019428017,0.039730847,0.42301938,68.279816,26.178576,7.0834184,85.96575
2007.5668,0.2288675,0.14792858,0.027512668,0.044442512,0.5961715,68.80349,26.707085,7.145901,126.42492
2007.4309,0.23915066,0.13521446,0.023422228,0.04214576,0.43790406,68.460884,26.337872,7.097024,83.77974
2007.4281,0.3120421,0.17013438,0.037743073,0.05200883,0.51819634,69.21317,27.09922,7.1450467,80.319466
2007.4142,0.2833905,0.15593353,0.030978667,0.0479286,0.47548,68.82315,26.667667,7.119263,82.10703
2007.6316,0.13630806,0.042442627,0.0053001433,0.009954256,0.4673578,68.599625,26.609911,7.1959267,180.30803
2007.638,0.40823552,0.23119663,0.031693906,0.09422555,0.88746065,72.016556,32.24212,7.2043986,561.3093
2007.4467,0.32016176,0.17440307,0.047450323,0.06477466,0.6287546,70.77437,29.19579,7.173231,133.84186
2007.431,0.33069953,0.1767317,0.04246396,0.055442166,0.54544914,69.60353,27.56088,7.162093,86.121796
2007.3468,0.49738562,0.30898705,0.03619248,0.113312826,0.9499466,71.52964,31.048664,7.1375685,328.0271
2007.4305,0.33121723,0.17680414,0.0425893,0.055571478,0.5460263,69.61869,27.57931,7.1624484,86.597404
2007.4592,0.23273826,0.12311107,0.023121526,0.039628264,0.43846792,68.559555,26.433132,7.112375,100.69161
2007.6846,0.68289346,0.3206866,0.019530287,0.13516298,1.0771539,73.8295,36.330933,7.2904634,697.1225
2007.4312,0.33054405,0.17670995,0.042426318,0.05540333,0.5452758,69.598976,27.555347,7.1619864,85.978966
2007.6233,0.15888877,0.1013364,0.017483441,0.0405294,0.6362888,69.13982,27.16068,7.146461,237.37695
2007.432,0.31667846,0.1724149,0.038948976,0.052664705,0.52600634,69.2851,27.181383,7.1499653,79.93815
2007.4594,0.5770779,0.30642918,0.02381642,0.12489524,1.0251906,72.605865,33.406372,7.1969004,487.14868
2007.431,0.6575664,0.37387937,0.033658776,0.14649446,1.1725714,73.45311,34.699833,7.2060256,496.36697
2007.4353,0.40816116,0.26166567,0.033592947,0.09026203,0.84158504,70.51308,29.500673,7.1409836,247.66968
2007.416,0.27918866,0.15380758,0.03026292,0.047319345,0.4714438,68.78784,26.634989,7.1173344,82.140686
2007.4382,0.21075934,0.12393094,0.018547969,0.039198764,0.4197398,68.23992,26.143476,7.080421,86.44741
2007.4318,0.31646198,0.17230842,0.038892668,0.05263408,0.5256416,69.281746,27.177547,7.1497355,79.95594
2007.4448,0.33567905,0.1835431,0.045025606,0.057634052,0.57318044,69.79357,27.820982,7.1698804,84.28944
2007.4336,0.22863552,0.13103543,0.021616979,0.041054297,0.4311767,68.37905,26.265875,7.0908747,84.76775
2007.4521,0.31501588,0.17087868,0.051435757,0.069179036,0.6531942,71.058174,29.480333,7.1763673,149.5739
2007.4429,0.3127528,0.17051196,0.047145333,0.06620405,0.63676685,70.97244,29.488832,7.1697435,146.6654
2007.4152,0.2810949,0.15477206,0.03058763,0.047595747,0.4732749,68.803856,26.649815,7.1182094,82.125435
2007.4269,0.33534274,0.17738135,0.043588117,0.05660198,0.55062544,69.73949,27.726166,7.1652794,90.38758
2007.5177,0.27311143,0.1722797,0.043430652,0.08084957,0.7801419,72.053604,31.14901,7.1490226,618.12134
2007.455,0.33622512,0.18283941,0.048111573,0.06167559,0.6113834,70.34492,28.56044,7.1807923,106.03903
2007.4729,0.66529304,0.34245163,0.020879434,0.14304128,1.1292291,73.49304,35.143402,7.2208176,579.079
2007.4779,0.3287929,0.20821686,0.1011978,0.077179864,0.7773078,71.44533,29.994467,7.2472734,145.64066
2007.4357,0.5673346,0.36217174,0.048390448,0.13199517,1.1338136,72.84873,33.134922,7.1929507,348.93588
2007.4922,0.21190658,0.10495623,0.020372165,0.035551872,0.42996323,68.55099,26.434334,7.1199346,119.50596
2007.4778,0.32765824,0.19811085,0.08975566,0.076802425,0.7515838,71.36186,29.787033,7.2318635,146.8288
2007.4434,0.19136527,0.116223164,0.01521836,0.03718567,0.4073318,68.08898,26.010685,7.0690794,88.26969
2007.4282,0.31213847,0.1701818,0.037768148,0.052022465,0.51835877,69.21467,27.10093,7.145149,80.31154
2007.4292,0.31330758,0.17075685,0.038072225,0.05218785,0.52032804,69.2328,27.121647,7.146389,80.21538
2007.4535,0.34141162,0.19273452,0.04793695,0.061758973,0.6179537,70.10305,28.227829,7.1765194,93.07653
2006.2758,1.6794403,1.4769056,0.8418826,0.43108726,4.8023167,79.953224,43.896965,7.4134984,361.78094
2007.4266,0.3356011,0.1774175,0.043650668,0.056666516,0.55091345,69.74705,27.735363,7.165457,90.62493
2007.4194,0.33681214,0.21349648,0.044333745,0.06533756,0.649071,69.67021,27.672478,7.14326,90.66294
2007.4153,0.29651082,0.16249499,0.03370347,0.049811725,0.49203408,68.97222,26.823982,7.128571,81.59677
2007.4453,0.4299631,0.29581514,0.23253639,0.08146971,0.99706393,72.51054,32.192745,7.4159446,125.03451
2007.4255,0.33979186,0.17939185,0.044808045,0.057792544,0.5584239,69.85654,27.872482,7.1684384,92.15663
2007.3776,0.3117623,0.24470194,0.038793847,0.079489864,0.80753446,69.787224,27.817436,7.093789,170.20358
2007.4529,0.33220616,0.18072867,0.047946133,0.062450964,0.6157296,70.45237,28.719402,7.1789007,112.99518
2007.4302,0.31445786,0.17132264,0.038371406,0.052350573,0.52226573,69.25065,27.14203,7.147609,80.12079
2007.4528,0.15509968,0.10181018,0.008992227,0.033421323,0.38412964,67.80673,25.762373,7.047871,91.67728
2007.443,0.31286174,0.17056914,0.047149815,0.06618304,0.6366491,70.969536,29.484526,7.1697946,146.47691
2007.4326,0.32891616,0.17648219,0.042032186,0.0549967,0.543461,69.55131,27.497398,7.1608696,84.48336
2007.4746,0.19201086,0.10521833,0.016272297,0.03507004,0.4132446,68.26912,26.179125,7.091969,107.43125
2007.4315,0.34026408,0.1809133,0.045470838,0.058322083,0.56723255,69.912704,27.951212,7.171015,92.24693
2007.4149,0.29612586,0.16230565,0.03360334,0.04975727,0.49138564,68.96625,26.81716,7.128163,81.628426
2007.453,0.3324925,0.18087906,0.04795792,0.062395718,0.6154199,70.44471,28.708076,7.1790357,112.49954
2007.4536,0.1840978,0.11030985,0.014224002,0.03584501,0.4041595,68.07946,26.004984,7.0708766,94.11598
2007.4496,0.33945876,0.18429501,0.046818316,0.059294995,0.5892221,70.02257,28.1134,7.1770816,91.863174
2007.465,0.38002297,0.2884299,0.20658605,0.08061455,0.97981226,72.26345,31.831198,7.3861685,131.64847
2007.4125,0.29307327,0.16080417,0.03280938,0.04932544,0.48624358,68.91889,26.763063,7.1249247,81.879456
2007.4369,0.32261914,0.17533693,0.040494114,0.05350509,0.5360133,69.377266,27.286661,7.1562667,79.449585
2007.4364,0.2178118,0.12673378,0.01975874,0.039930798,0.42425182,68.29481,26.191765,7.084545,85.78475
2007.415,0.3174851,0.19839522,0.0384629,0.059642732,0.6015827,69.21659,27.087004,7.129705,92.12679
2007.4314,0.23707603,0.13438994,0.023066057,0.04193042,0.43657678,68.44474,26.323668,7.095811,83.97465
2007.4221,0.5485722,0.45557666,0.23421595,0.14805518,1.5373938,75.90215,36.32666,7.4518747,273.87262
2007.4528,0.31525323,0.17095362,0.051699437,0.069339626,0.6540794,71.06068,29.475845,7.1768155,149.576
2007.4363,0.21855369,0.12702863,0.019886112,0.04000781,0.4247265,68.30058,26.196844,7.084979,85.71505
2007.4541,0.31579497,0.17112467,0.05230128,0.069706164,0.6560996,71.06638,29.465605,7.177838,149.58078
2007.4463,0.42750096,0.29545102,0.23125696,0.08142755,0.99621344,72.49835,32.17492,7.414477,125.36057
2007.4417,0.34072775,0.20361806,0.046743598,0.063229315,0.63173276,69.88915,27.959106,7.162825,86.34665
2007.4277,0.31150025,0.16986789,0.037602153,0.05193218,0.5172837,69.204765,27.089619,7.144472,80.364
2007.4485,0.17179553,0.10844559,0.011858599,0.035154343,0.39481136,67.936676,25.876692,7.057635,90.1085
2007.4387,0.34065214,0.18223713,0.046263594,0.0589596,0.577822,69.99205,28.060247,7.1744294,93.45741
2007.435,0.22296883,0.12878333,0.020644104,0.040466096,0.42755124,68.334946,26.227076,7.087561,85.30019
2007.4796,0.17294744,0.097624846,0.013000889,0.033087946,0.40105653,68.12102,26.048847,7.080855,109.2517
2007.4633,0.18236907,0.10633571,0.014202489,0.035028484,0.40465882,68.11712,26.041021,7.0764365,99.88919
2007.2999,0.49418864,0.5069764,0.3308043,0.11832027,1.5939,76.45666,38.84633,7.5579333,246.03998
2007.5051,0.23351146,0.123264186,0.024849625,0.03785431,0.4593082,68.571434,26.425642,7.132698,98.134476
2007.4353,0.32066506,0.17437579,0.039985873,0.05322866,0.5327217,69.34695,27.252033,7.154194,79.61028
2007.6383,0.5215352,0.30020252,0.021370241,0.10602269,0.98565066,71.30418,31.916395,7.2163844,366.7622
2007.4208,0.30310684,0.16573939,0.03541906,0.05074482,0.50314504,69.07455,26.940874,7.135568,81.0543
2007.4178,0.2996306,0.16402952,0.034514908,0.050253063,0.49728936,69.02062,26.87927,7.1318808,81.34018
2007.4443,0.35155863,0.25011796,0.05129662,0.07621377,0.77389985,70.16178,28.35469,7.150391,90.76316
2007.3544,0.42773664,0.27376914,0.03667042,0.09811892,0.86423874,70.88623,29.831081,7.125709,270.41785
2008.4275,2.0780506,1.3587571,0.25588465,0.5627863,4.4925346,81.09341,46.074345,7.3550076,1303.0865
2007.3242,0.4399174,0.40775603,0.27087757,0.10573271,1.3264073,75.32095,36.7677,7.485275,245.79655
2007.4742,0.29170987,0.2148105,0.03674935,0.061360188,0.6837147,69.00196,26.9107,7.122376,89.8977
2007.4332,0.32815415,0.17637557,0.041847695,0.05480635,0.5426115,69.529,27.470272,7.1603465,83.783295
2007.4454,0.31763723,0.17307721,0.047346402,0.06526171,0.6314847,70.84186,29.29564,7.172043,138.21132
2006.8868,2.838038,2.2396839,0.94774455,0.72806436,7.1417546,81.6231,46.721943,7.3891883,639.4777
2007.4445,0.30750647,0.18738519,0.03716982,0.0543528,0.5691927,69.006836,26.846786,7.137004,76.455444
2007.5967,0.20956554,0.12123416,0.02445559,0.037311852,0.5478701,68.711365,26.59992,7.1565814,133.86919
2007.4386,0.20961477,0.12347603,0.01835146,0.039079957,0.4190075,68.23102,26.13564,7.0797515,86.55497
2007.4297,0.31382012,0.17100896,0.038205538,0.052260358,0.5211915,69.24075,27.13073,7.146933,80.17323
2007.462,0.11956994,0.087689646,0.0028924323,0.029733365,0.36139828,67.53021,25.519102,7.027094,95.0157
2007.4146,0.29560643,0.16205016,0.033468243,0.04968379,0.49051067,68.95819,26.807955,7.1276116,81.67114
2007.4104,0.32174304,0.19967553,0.03947045,0.060924727,0.6083927,69.34126,27.238474,7.131948,96.56698
2007.4366,0.2171211,0.12645927,0.01964016,0.03985911,0.42380992,68.28944,26.187035,7.0841413,85.849655
2007.4366,0.32437196,0.17584638,0.04093199,0.053861603,0.53839505,69.41825,27.335638,7.157751,80.3085
2007.3289,0.33334625,0.23768625,0.040444005,0.07960719,0.7578249,69.95594,27.95994,7.0964894,171.51657
2007.4833,0.2415346,0.13150106,0.025609976,0.039889544,0.4594869,68.554955,26.408895,7.124896,89.101074
2007.4567,0.14026667,0.09591512,0.0064456775,0.031881668,0.37463972,67.69129,25.660812,7.039197,93.07101
2007.4415,0.19840965,0.1190228,0.01642775,0.03791687,0.41183862,68.14381,26.058918,7.073199,87.60782
2007.721,0.36950812,0.17445403,0.044615794,0.0833628,0.7402704,73.01088,33.498554,7.2418537,788.7609
2007.4647,0.34201,0.19661863,0.04918775,0.06310365,0.6388055,70.21508,28.38528,7.180714,94.30209
2007.4432,0.19156256,0.116301574,0.015252234,0.03720615,0.407458,68.090515,26.012035,7.069195,88.25117
2007.4778,0.3278289,0.19963121,0.09147703,0.076859206,0.7554537,71.37442,29.818241,7.234182,146.65005
2007.4548,0.33601275,0.18272786,0.048102833,0.061716568,0.61161304,70.3506,28.568842,7.1806927,106.40664
2007.4663,0.33752164,0.18444693,0.0666924,0.07984329,0.7340596,71.6819,30.0538,7.2056236,168.5108
2006.4463,0.8949718,0.55074483,0.51448345,0.16694185,1.7931114,76.39526,37.873386,7.581468,159.99083
2007.4337,0.3277189,0.17631468,0.041742325,0.054697637,0.5421263,69.51626,27.45478,7.160048,83.38343
2007.4141,0.28348297,0.15598033,0.03099442,0.04794201,0.47556883,68.82393,26.668386,7.1193056,82.1063
2007.4531,0.33280206,0.18104163,0.047970664,0.062335998,0.6150851,70.43643,28.695833,7.179181,111.963776
2007.4255,0.25742885,0.142798,0.026556315,0.044164218,0.45054185,68.60497,26.46576,7.107343,82.3151
2007.4176,0.2756393,0.15201174,0.029658312,0.046804693,0.46803436,68.75801,26.607386,7.1157045,82.16917
2007.6388,0.1697665,0.09773607,0.019056814,0.03438601,0.5703062,68.80677,26.752031,7.1578794,184.6189
2007.4878,0.27793962,0.21135476,0.035052218,0.061787795,0.70755094,69.056625,26.994911,7.120249,110.0666
2007.4333,0.32804164,0.17635983,0.041820455,0.054778248,0.5424861,69.5257,27.466267,7.1602693,83.6799
2007.2775,0.49187502,0.47593892,0.32487246,0.11312314,1.5025442,76.149345,38.235153,7.543685,241.04262
2007.4225,0.3293469,0.18481894,0.041854262,0.057744816,0.5688861,69.56392,27.511505,7.1529565,91.26635
2007.4655,0.11960061,0.086488746,0.0029992848,0.029501436,0.36201033,67.54932,25.53698,7.0295367,97.08344
2007.3995,0.32961705,0.20398788,0.04126734,0.06391589,0.62684757,69.571815,27.51829,7.134167,106.27875
2007.4288,0.24724233,0.13843033,0.024811419,0.042985674,0.44308102,68.523865,26.393276,7.101756,83.0194
2007.4534,0.3331987,0.18124995,0.04798699,0.062259477,0.6146562,70.425835,28.680145,7.179368,111.27726
2007.429,0.33304727,0.17706019,0.043032363,0.056028597,0.54806644,69.67227,27.644453,7.1637044,88.27869
2007.4569,0.13924916,0.09551073,0.006270991,0.031776056,0.37398875,67.68337,25.653845,7.038602,93.16661
2007.415,0.36171526,0.25754648,0.03562627,0.08659032,0.8456527,70.20278,28.78065,7.1177163,218.2788
2007.4589,0.13166784,0.0924977,0.0049694194,0.03098912,0.36913836,67.62437,25.601936,7.0341682,93.87896
2007.572,0.22575234,0.14293659,0.026999673,0.043036405,0.5857309,68.78244,26.681702,7.148074,126.85899
2007.4294,0.24463513,0.13739415,0.024363814,0.042715047,0.441413,68.50357,26.375425,7.100231,83.264404
2007.432,0.32951492,0.17656596,0.042177152,0.055146262,0.5441285,69.56884,27.518713,7.16128,85.03346
2007.453,0.38349053,0.27494776,0.06376305,0.0927544,0.9252035,71.677,30.284512,7.183403,143.96544
2007.4492,0.16882494,0.10726497,0.011348596,0.034845997,0.3929108,67.91355,25.85635,7.0558977,90.38765
2007.4292,0.3373756,0.17985518,0.04430547,0.05723473,0.557369,69.77815,27.779507,7.166841,88.59815
2007.4727,0.34237424,0.21287233,0.050163172,0.06664804,0.6855904,70.205444,28.400646,7.1751995,90.21735
2008.0936,1.0699568,0.659795,0.14526297,0.25794077,2.1494985,77.44846,38.967968,7.4214835,653.85016
2007.4767,0.34681442,0.22430266,0.05502564,0.07569664,0.76957995,70.987564,29.450783,7.1827188,121.95517
2007.4532,0.15324388,0.10107263,0.008673625,0.0332287,0.38294232,67.79229,25.749666,7.046786,91.85164
2007.4519,0.18977526,0.112666205,0.01519035,0.036453705,0.40774307,68.12209,26.0424,7.0739965,93.41187
2007.3867,0.33641234,0.22591084,0.042710766,0.07000076,0.68415844,69.63343,27.604652,7.123204,108.41381
2007.4357,0.32553187,0.17600869,0.04121282,0.054151338,0.5396881,69.45222,27.376926,7.158547,81.374146
2007.4294,0.3325003,0.17698365,0.04289994,0.055891976,0.5474566,69.65626,27.624983,7.163329,87.7762
2007.5332,0.5514047,0.42231312,0.19609645,0.1486655,1.4749807,75.32525,35.226093,7.424141,259.28735
2007.4558,0.33804116,0.18379317,0.048186332,0.06132523,0.60941947,70.29637,28.488611,7.1816473,102.89581
2007.4471,0.32100037,0.17484349,0.047484845,0.064612865,0.62784773,70.751945,29.16262,7.173626,132.39037
2007.4506,0.32781208,0.17842095,0.047765248,0.0632987,0.62048143,70.56984,28.8932,7.176832,120.600525
2007.4141,0.3175848,0.19918539,0.038460575,0.05991529,0.6040333,69.219505,27.090439,7.1290035,92.81745
2007.411,0.2904774,0.15951923,0.03218586,0.048956186,0.4822875,68.882706,26.722784,7.122517,82.05025
2007.4338,0.22773685,0.13067828,0.021462688,0.040961016,0.4306017,68.372055,26.259722,7.090349,84.852196
2007.4878,0.2171695,0.10812334,0.021185646,0.036306597,0.43280515,68.575226,26.454706,7.120862,117.17571
2007.4315,0.31606674,0.17211401,0.038789876,0.052578174,0.5249759,69.27561,27.170544,7.1493163,79.988464
2007.475,0.3281326,0.18094401,0.06872162,0.07688833,0.7115076,71.315285,29.557995,7.2045727,153.27267
2007.4315,0.23672965,0.13425228,0.023006586,0.041894462,0.43635517,68.44205,26.321295,7.095608,84.007225
2007.4259,0.3092691,0.16877045,0.03702184,0.051616557,0.51352537,69.17015,27.05008,7.142105,80.54751
2007.8286,0.76466775,0.3038589,0.038509972,0.14533743,1.0234771,76.41837,40.076283,7.324232,1160.4396
2007.5732,0.22735079,0.11798193,0.026060289,0.034324124,0.48276702,68.57199,26.405445,7.1598687,100.02388
2007.4231,0.3059039,0.1671152,0.03614657,0.051140506,0.5078567,69.11794,26.990442,7.1385355,80.82425
2007.4315,0.33014917,0.17665471,0.042330712,0.05530469,0.54483557,69.58742,27.54129,7.1617155,85.61616
2007.4255,0.2576423,0.14290601,0.026592677,0.04419517,0.4507469,68.606766,26.467419,7.1074414,82.31339
2007.4543,0.3267369,0.17964524,0.05562901,0.07389399,0.6938154,71.38599,29.853813,7.1858854,159.70924
2007.4817,0.18648657,0.1010069,0.015492702,0.0341059,0.4106948,68.25747,26.170662,7.092768,111.3913
2007.4386,0.20945176,0.12341125,0.018323475,0.039063036,0.4189032,68.229744,26.134523,7.079656,86.57029
2007.4779,0.32950923,0.21459699,0.10842145,0.07741814,0.793548,71.49802,30.125423,7.257002,144.89055
2007.4495,0.32567853,0.17730042,0.047677424,0.063710324,0.62278867,70.62688,28.977587,7.175828,124.29331
2007.4375,0.32339072,0.1757091,0.040694427,0.053616505,0.5373011,69.38953,27.300709,7.157078,79.40703
2007.415,0.29618567,0.16233507,0.0336189,0.049765732,0.4914864,68.96718,26.81822,7.1282263,81.62349
2007.4138,0.28425422,0.15637054,0.031125793,0.048053842,0.47630966,68.83041,26.674385,7.11966,82.10013
2007.4777,0.3256832,0.18051992,0.06983901,0.07614545,0.70680743,71.21659,29.425966,7.2050405,148.89693
2007.4337,0.3276965,0.17631155,0.0417369,0.054692045,0.5421013,69.5156,27.453983,7.1600323,83.36286
2007.417,0.2769914,0.15269585,0.029888632,0.047000747,0.46933317,68.76937,26.6179,7.1163254,82.15831
2007.4321,0.3339387,0.17927039,0.043462675,0.0563703,0.553325,69.67851,27.658066,7.1644745,85.614204
2008.1542,1.1624416,0.69211555,0.11021836,0.26503137,2.2089646,78.10056,41.365486,7.364837,859.5764
2007.4211,0.2676604,0.14797474,0.028299177,0.045647774,0.46037003,68.690956,26.545332,7.112041,82.233116
2007.5846,0.5750219,0.4168464,0.17386988,0.1549704,1.4657992,74.991425,34.453068,7.403841,253.93575
2007.3429,0.32890826,0.23657133,0.040076133,0.07825621,0.7557027,69.87298,27.871508,7.0982175,165.16432
2007.4595,0.12928696,0.091551475,0.0045606694,0.030741984,0.3676151,67.605835,25.585634,7.0327764,94.10267
2007.4359,0.21990757,0.12756671,0.020118548,0.04014834,0.4255927,68.31112,26.206114,7.0857706,85.587814
2007.4344,0.31968585,0.17389414,0.039731186,0.05309014,0.53107226,69.33176,27.23468,7.1531553,79.69081
2007.4167,0.29830313,0.16337658,0.034169637,0.05006527,0.4950532,69.00002,26.855745,7.1304727,81.449356
2007.4779,0.32957387,0.21517277,0.10907335,0.07743964,0.79501355,71.50277,30.137241,7.25788,144.82286
2007.4541,0.33472037,0.18204911,0.04804963,0.061965905,0.61301064,70.38515,28.619959,7.180084,108.64353
2007.4337,0.32767776,0.17630892,0.041732356,0.05468736,0.5420804,69.51505,27.453314,7.1600194,83.34563
2007.4313,0.31583428,0.17199965,0.038729407,0.052545283,0.5245843,69.272,27.166424,7.1490693,80.00758
2007.4174,0.2990095,0.16372404,0.034353364,0.0501652,0.49624312,69.01099,26.868263,7.131222,81.39128
2007.4417,0.3388081,0.18283503,0.045860033,0.05851065,0.5769161,69.923546,27.97873,7.1729865,90.09737
2007.4191,0.30102944,0.1647176,0.034878746,0.050450947,0.49964574,69.04232,26.90406,7.1333647,81.22513
2007.4269,0.33528423,0.17737317,0.043573953,0.05658737,0.55056024,69.73777,27.724083,7.1652393,90.333824
2007.4235,0.29484782,0.23399141,0.03698967,0.07372986,0.7863107,69.534294,27.543835,7.1016994,154.2954
2007.4252,0.25851297,0.14334652,0.026740992,0.044321414,0.45158327,68.61408,26.474192,7.107841,82.30642
2007.4275,0.31119725,0.16971883,0.037523337,0.051889315,0.5167733,69.200066,27.084248,7.1441507,80.38894
2007.4348,0.3264693,0.17613985,0.041439783,0.054385506,0.5407332,69.47967,27.410297,7.15919,82.2354
2007.4144,0.29547644,0.1619862,0.033434425,0.0496654,0.49029168,68.95617,26.80565,7.127474,81.68182
2007.8041,0.26808208,0.13453649,0.06508787,0.069082595,0.6554102,73.44753,33.117447,7.173577,996.0461
2007.474,0.07360409,0.06942149,-0.004999055,0.02496214,0.33199012,67.17247,25.204372,7.000213,99.33471
2007.4564,0.22893196,0.12294377,0.022355376,0.03949394,0.43537563,68.50901,26.387474,7.107459,98.75273
2007.4131,0.2857211,0.15711273,0.031375665,0.048266534,0.47771874,68.842735,26.685793,7.1203337,82.08835
2007.5475,0.23106502,0.12147732,0.025865296,0.035866007,0.47565734,68.568054,26.40777,7.1498013,97.38038
2007.4176,0.27548602,0.15193419,0.029632205,0.04678247,0.46788713,68.75672,26.606194,7.115634,82.17039
2007.4448,0.2739124,0.21502502,0.03386987,0.07047591,0.7775053,69.57549,27.604063,7.105504,180.06595
2007.4832,0.22799747,0.11685309,0.023035778,0.03787127,0.4422062,68.59146,26.46094,7.1228194,107.974525
2007.4419,0.19670059,0.118343584,0.016134338,0.03773947,0.41074523,68.13051,26.047216,7.0721993,87.76838
2007.4232,0.26287276,0.1455524,0.027483637,0.04495357,0.45577112,68.65072,26.508097,7.109843,82.27148
2007.4167,0.27735415,0.1528794,0.02995043,0.04705335,0.46968162,68.77242,26.620722,7.116492,82.15543
2007.4441,0.31506974,0.17172879,0.04724071,0.06575705,0.63426125,70.9105,29.397192,7.170834,142.65521
2007.4618,0.29846835,0.20213592,0.036898673,0.0580407,0.631274,68.99755,26.874544,7.129204,83.34829
2007.3948,0.33048087,0.20754229,0.0413594,0.0652271,0.6381591,69.59711,27.548529,7.1313543,109.72215
2007.4277,0.25106198,0.13994835,0.025467185,0.04338215,0.44552475,68.55359,26.41943,7.1039896,82.66053
2007.4708,0.34217933,0.19516662,0.06336556,0.08085306,0.7552349,71.62799,30.015263,7.1998734,162.12398
2007.4321,0.23435418,0.13330819,0.022598764,0.041647892,0.43483537,68.42355,26.30503,7.094219,84.23042
2007.4379,0.21219806,0.12450271,0.01879496,0.0393481,0.42066023,68.25112,26.153328,7.081262,86.312225
2007.4956,0.28162092,0.20382519,0.03537854,0.057561286,0.6621807,68.90093,26.798187,7.127921,86.93268
2007.4438,0.27054068,0.2126432,0.0333139,0.07080805,0.7826735,69.6291,27.668695,7.104694,190.1954
2007.4523,0.18539219,0.1111876,0.014415802,0.03604979,0.4048102,68.083885,26.008554,7.070907,93.37421
2007.4279,0.3341872,0.17721967,0.043308355,0.056313347,0.54933727,69.70565,27.685032,7.164487,89.326
2007.8074,0.5890782,0.24579361,0.034189947,0.11282504,0.8811832,74.27212,36.661045,7.3222585,883.01886
2007.437,0.32266128,0.17535767,0.040505078,0.053511053,0.5360843,69.37792,27.287409,7.1563115,79.44612
2007.4441,0.18852054,0.11509259,0.014729975,0.036890388,0.40551177,68.06684,25.991207,7.0674157,88.53699
2007.478,0.33053938,0.22377247,0.11881001,0.077760816,0.81690335,71.57379,30.313757,7.270993,143.8118
2007.3328,0.3716966,0.2552992,0.039771285,0.087217435,0.8005217,70.28945,28.629005,7.105683,202.54884
2007.4196,0.3016986,0.16504672,0.035052788,0.050545607,0.5007729,69.052704,26.915918,7.134074,81.17012
2007.4291,0.3132221,0.1707148,0.038049992,0.052175757,0.5201841,69.231476,27.120132,7.1462984,80.222404
2007.1147,2.2715044,1.8081417,0.7720394,0.57117766,5.7513,80.850716,45.14089,7.4083276,584.24536
2007.4512,0.22408523,0.12336237,0.021326913,0.03944532,0.4311296,68.43483,26.320135,7.0999374,95.205696
2007.3596,0.32359907,0.23525655,0.039636258,0.0766499,0.7532557,69.774086,27.766155,7.1002674,157.61034
2007.4469,0.17782547,0.11084206,0.012893828,0.035780247,0.3986692,67.983604,25.917978,7.061161,89.54193
2007.4374,0.3232085,0.17562684,0.040647414,0.05358847,0.53700614,69.386406,27.297106,7.1568923,79.4011
2007.4689,0.26880592,0.20746537,0.03334227,0.06594898,0.7466396,69.38075,27.379238,7.1126356,160.28175
2007.4652,0.10737713,0.08284388,0.0007991582,0.028467761,0.35359755,67.43532,25.435617,7.0199633,96.16138
2007.4318,0.23594052,0.13393866,0.022871105,0.04181255,0.4358503,68.435905,26.315891,7.0951467,84.08135
2007.478,0.3315453,0.23273163,0.1289537,0.07809543,0.83970827,71.64778,30.49765,7.284654,142.75848
2007.4225,0.30085173,0.17049079,0.034780532,0.051207885,0.51458865,68.97169,26.812168,7.1309314,79.488434
2007.4353,0.32586038,0.17605466,0.04129236,0.054233402,0.5400544,69.46184,27.388622,7.1587725,81.67597
2007.4977,0.27474803,0.17793119,0.033165276,0.04963598,0.5729846,68.71669,26.570444,7.1344004,72.11071
2007.4878,0.27684146,0.21054588,0.034873772,0.0618538,0.7089097,69.07177,27.013256,7.120055,113.071205
2007.4446,0.34096345,0.18329911,0.04689955,0.059471015,0.586317,70.05571,28.147717,7.1771684,94.428474
2007.4766,0.13459902,0.0829382,0.004159996,0.026465176,0.38891798,67.85355,25.8536,7.0657544,112.60788
2007.4348,0.22387278,0.1291426,0.0207993,0.04055993,0.42812955,68.34198,26.233265,7.0880895,85.21526
2007.4266,0.31016093,0.16920911,0.037253797,0.051742714,0.5150276,69.18399,27.065884,7.143051,80.47417
2007.4459,0.31857947,0.17357205,0.04738519,0.06507993,0.63046575,70.81667,29.258373,7.1724863,136.58052
2007.7163,0.15868199,0.10574087,0.0745179,0.059830252,0.61781514,73.19196,31.701887,7.096087,1007.75586
2007.4293,0.313387,0.17079593,0.038092885,0.052199088,0.5204619,69.23404,27.123055,7.1464734,80.20884
2007.7043,0.8736309,0.50601226,0.07810815,0.2030967,1.6452839,76.157616,38.440964,7.354016,591.57477
2007.4115,0.28948212,0.15901566,0.032016322,0.048811875,0.4813315,68.874344,26.715044,7.1220603,82.05821
2007.4541,0.21023795,0.118112475,0.01892837,0.03805709,0.42214662,68.32312,26.221632,7.091333,96.074265
2007.4498,0.2294552,0.12547635,0.022250528,0.039998803,0.43457508,68.47694,26.357199,7.103118,94.73563
2007.4332,0.32815903,0.17637625,0.04184888,0.054807574,0.54261696,69.529144,27.470448,7.16035,83.78777
2007.4364,0.3245918,0.17587715,0.04098521,0.053916514,0.5386401,69.42469,27.343464,7.157902,80.510475
2007.4308,0.33098748,0.176772,0.042533677,0.05551409,0.54577017,69.61196,27.57113,7.162291,86.38634
2007.4594,0.12970538,0.09171776,0.004632504,0.030785425,0.3678828,67.60909,25.5885,7.033021,94.06336
2007.4321,0.23427486,0.13327667,0.022585148,0.041639656,0.43478462,68.42294,26.304487,7.0941725,84.23786
2007.4204,0.30269268,0.16553569,0.035311345,0.050686233,0.5024474,69.06812,26.933535,7.135129,81.08834
2007.3959,0.32788888,0.20821941,0.0406964,0.06491138,0.63840336,69.52121,27.456108,7.1285443,108.14328
2007.4462,0.31267008,0.17013805,0.0488297,0.06759186,0.6444461,71.03346,29.524681,7.17194,149.5532
2007.7793,0.42258754,0.19382021,0.04091126,0.08795093,0.7713919,73.08956,34.076725,7.2686605,786.45825
2007.4113,0.29001173,0.15928362,0.03210654,0.04888867,0.4818402,68.87879,26.719162,7.1223035,82.053955
2007.9318,1.1516732,0.62432003,0.025787896,0.23903014,1.9079968,77.87084,43.433395,7.2272067,1122.3087
2007.4493,0.16821592,0.10702295,0.011244042,0.034782782,0.3925212,67.90881,25.85218,7.0555415,90.444855
2007.4164,0.2783268,0.15337151,0.03011611,0.04719438,0.47061592,68.780594,26.628286,7.1169386,82.147606
2007.411,0.29135078,0.15995693,0.03236137,0.049081773,0.4833421,68.892166,26.732538,7.1230974,82.02112
2007.4371,0.32386604,0.17577562,0.04080951,0.053735234,0.53783107,69.40344,27.317629,7.157404,79.84372
2007.8379,0.9290326,0.5528042,0.10513693,0.22047332,1.8089314,76.54088,38.398457,7.3906217,585.1667
2007.4252,0.2582646,0.14322084,0.026698677,0.0442854,0.45134464,68.61199,26.47226,7.107727,82.30841
2007.4688,0.1784285,0.10317979,0.01365911,0.034311317,0.40291417,68.11117,26.037197,7.07731,102.97314
2007.4777,0.32590505,0.18249562,0.072075926,0.07621923,0.7118364,71.23291,29.46652,7.208053,148.66464
2007.4435,0.31389648,0.1711126,0.047192413,0.06598341,0.63553005,70.94187,29.443598,7.170282,144.68594
2007.452,0.33057103,0.17986992,0.04787882,0.062766425,0.6174978,70.49608,28.784075,7.178131,115.82527
2007.4524,0.36445653,0.31637976,0.20802177,0.0883284,1.0879111,73.26836,33.418736,7.4012437,176.1882
2007.424,0.3385928,0.17783608,0.044374987,0.05741381,0.55424863,69.83465,27.841858,7.16751,93.373474
2007.4518,0.33008167,0.17961292,0.047858678,0.06286083,0.61802703,70.50916,28.80343,7.177901,116.67224
2007.4304,0.33129075,0.17681442,0.0426071,0.055589844,0.54610825,69.62084,27.581926,7.162499,86.66495
2007.4332,0.32820088,0.17638211,0.04185901,0.054818023,0.5426636,69.530365,27.471935,7.1603785,83.82622
2007.437,0.32276064,0.17540653,0.04053092,0.05352511,0.53625166,69.37946,27.28917,7.156417,79.437965
2007.4282,0.24948366,0.13932109,0.025196215,0.043218322,0.444515,68.541306,26.408623,7.1030664,82.8088
2007.4326,0.31748307,0.17281064,0.039158247,0.052778527,0.5273617,69.297585,27.195642,7.1508183,79.87197
2007.4175,0.27574605,0.15206575,0.029676495,0.04682017,0.46813688,68.7589,26.608215,7.1157537,82.16831
2007.4167,0.3921373,0.33585456,0.21345681,0.09602247,1.1637945,74.271126,34.881954,7.415807,215.68015
2007.4203,0.30260676,0.16549341,0.03528899,0.050674077,0.50230265,69.066795,26.932013,7.135038,81.09542
2007.4478,0.32227767,0.17551431,0.047537424,0.064366445,0.62646645,70.717804,29.112099,7.174227,130.17961
2007.5369,0.24734008,0.1755889,0.030498987,0.05205567,0.6505717,68.910774,26.834635,7.134292,121.67196
2007.4147,0.28223714,0.15534998,0.030782202,0.047761366,0.47437212,68.81346,26.658697,7.118734,82.11627
2007.4543,0.33513364,0.18226616,0.048066642,0.061886165,0.61256367,70.3741,28.603611,7.180279,107.92819
2007.4202,0.30244532,0.165414,0.035247,0.050651237,0.50203073,69.064285,26.929152,7.1348667,81.108696
2008.4038,0.6267178,0.2587636,0.08049152,0.10631157,0.866428,76.766014,39.65164,7.234455,1616.8983
2007.4473,0.3314301,0.23917176,0.02842165,0.09393513,0.9475873,71.014244,29.987762,7.1174464,373.91742
2007.4332,0.3281808,0.1763793,0.041854143,0.05481301,0.54264116,69.52978,27.47122,7.1603646,83.80775
2007.6519,0.9408883,0.504479,0.028230773,0.2024139,1.5866674,76.360985,40.356834,7.2692413,819.1302
2007.5797,0.21212855,0.14568199,0.025461024,0.046063047,0.6351501,68.912704,26.86138,7.141431,156.33978
2007.4355,0.3256057,0.17601901,0.04123069,0.054169774,0.5397704,69.45438,27.379555,7.1585975,81.44196
2007.4323,0.33861285,0.1811093,0.044943765,0.05779295,0.56398684,69.83616,27.856709,7.1689944,89.120384
2007.4396,0.20591131,0.12200418,0.017715646,0.038695537,0.41663808,68.202194,26.110281,7.0775857,86.90294
2007.429,0.3329433,0.17704564,0.043007195,0.05600263,0.5479505,69.66923,27.640753,7.163633,88.18319
2007.4445,0.31587717,0.17215283,0.04727395,0.065601274,0.6333881,70.888916,29.365255,7.171214,141.25772
2007.4111,0.29018188,0.15936969,0.03213552,0.048913334,0.48200363,68.880226,26.720486,7.1223817,82.0526
2007.4238,0.30674732,0.16753004,0.03636593,0.051259812,0.5092774,69.13103,27.005388,7.13943,80.7549
2007.4375,0.2139764,0.12520948,0.019100273,0.03953269,0.421798,68.26496,26.165504,7.082302,86.14515
2007.4443,0.18747498,0.11467705,0.014550468,0.03678186,0.40484282,68.05871,25.984049,7.0668044,88.635254
2007.464,0.33846617,0.20917776,0.053867847,0.07499507,0.74590546,71.20475,29.75219,7.18119,139.41272
2007.4691,0.33654964,0.20770992,0.09542653,0.0795262,0.78779656,71.750824,30.385263,7.242875,160.098
2007.4323,0.3368743,0.1811788,0.04432745,0.057189066,0.5596604,69.7502,27.749552,7.166603,85.80957
2007.4493,0.32292226,0.1775679,0.047715962,0.0646601,0.6313446,70.70683,29.098305,7.174176,128.843
2007.4242,0.33468205,0.18006238,0.043333594,0.057321798,0.558248,69.72014,27.702236,7.1620755,91.92099
2007.4187,0.3006721,0.16454183,0.0347858,0.0504004,0.49904376,69.03678,26.897726,7.1329856,81.25453
2007.4254,0.25774702,0.14295898,0.026610514,0.044210352,0.45084748,68.60764,26.468233,7.1074896,82.31255
2007.466,0.33894542,0.20413145,0.08951416,0.0802394,0.78290516,71.832146,30.455458,7.2361207,165.67358
2007.4224,0.31438187,0.1971463,0.038057946,0.05871578,0.59875715,69.15875,27.02217,7.1302314,89.01394
2007.4708,0.22343685,0.11610052,0.02180217,0.03802049,0.43413547,68.5387,26.417711,7.1135597,107.2221
2007.4332,0.31815475,0.17314102,0.03933295,0.052873544,0.5284931,69.30801,27.207546,7.151531,79.81675
2007.4265,0.25526708,0.14170423,0.026188077,0.043850765,0.44846532,68.5868,26.448946,7.106351,82.33243
2008.021,0.7131927,0.28662166,0.052528504,0.13126512,0.96560305,76.48164,39.847507,7.2945185,1307.0183
2007.433,0.34024513,0.20664969,0.04582986,0.0633546,0.63004625,69.76427,27.796413,7.1558614,83.214386
2007.5,0.6800959,0.40928966,0.047480397,0.15561002,1.2967298,74.24145,35.750656,7.243455,464.4261
2007.7004,0.73281765,0.47212663,0.11569909,0.18429862,1.5629182,74.860115,34.880672,7.3698616,331.33984
2007.437,0.21569362,0.12589195,0.019395093,0.039710935,0.42289665,68.27833,26.177261,7.0833063,85.98377
2007.4371,0.21538392,0.12576887,0.019341918,0.03967879,0.4226985,68.27592,26.17514,7.083125,86.01288
2007.4537,0.19738428,0.09754483,0.008983055,0.022491707,0.47322917,68.62531,26.66685,7.1491776,126.52441
2007.4166,0.2778801,0.1531455,0.03004002,0.047129612,0.47018686,68.77684,26.624813,7.1167336,82.151215
2007.4949,0.18309362,0.09523783,0.015280405,0.032896925,0.41068295,68.299805,26.211815,7.099621,119.255714
2007.4268,0.31031293,0.16928387,0.03729333,0.051764216,0.51528364,69.18635,27.068577,7.1432123,80.46167
2007.7693,1.0413058,0.8731552,0.33279136,0.26445228,2.696104,77.51033,39.40912,7.496002,414.27292
2007.4294,0.33249953,0.17698355,0.042899758,0.055891786,0.5474558,69.656235,27.624956,7.1633286,87.77549
2007.4431,0.3686729,0.2814669,0.1630763,0.08949811,1.0114813,73.3049,33.12339,7.3442802,195.35905
2007.6432,0.16812977,0.0923666,0.01870851,0.032621752,0.5541949,68.77086,26.706211,7.1608257,181.76451
2007.428,0.25010756,0.13956904,0.025303328,0.043283083,0.44491413,68.546165,26.412893,7.1034317,82.75019
2007.4332,0.2299913,0.13157427,0.021849735,0.041195028,0.43204406,68.3896,26.275158,7.0916677,84.64036
2007.4363,0.21851175,0.12701197,0.01987891,0.04000346,0.42469963,68.300255,26.196558,7.0849543,85.71899
2007.3248,0.3379688,0.23189498,0.040744316,0.07745027,0.726763,69.914024,27.894638,7.1008267,161.9696
2007.4125,0.28727025,0.15789652,0.031639546,0.048491154,0.47920677,68.85576,26.697842,7.1210446,82.07595
2007.7007,0.41455972,0.21457072,0.035792947,0.09143312,0.83585924,72.493225,33.056683,7.2329245,661.34753
2007.4357,0.32110655,0.17459294,0.040100705,0.05329112,0.5334654,69.3538,27.259857,7.1546626,79.57398
2007.4342,0.32710606,0.17622893,0.041593947,0.054544557,0.54144305,69.498314,27.432964,7.1596274,82.8204
2007.3243,0.4877084,0.5001126,0.31166124,0.12328107,1.5888529,76.34853,38.44522,7.538664,254.94768
2007.478,0.33036467,0.22221616,0.11704795,0.0777027,0.8129419,71.560936,30.281813,7.26862,143.99478
2007.5854,0.20976837,0.13899206,0.024988966,0.043912083,0.61599076,68.870445,26.807756,7.144987,153.40533
2007.4403,0.20301077,0.12085142,0.017217683,0.038394466,0.41478238,68.17962,26.090422,7.0758896,87.17548
2007.5133,0.7352206,0.42393962,0.042519167,0.1657362,1.3468283,74.75778,36.859035,7.2593274,538.6282
2007.5867,0.3724224,0.2221476,0.03322996,0.09183842,0.8781987,71.86431,31.693798,7.180937,541.5776
2007.4546,0.33553243,0.1824756,0.04808306,0.06180923,0.6121325,70.36344,28.58784,7.1804667,107.23798
2007.4133,0.2940963,0.16130736,0.03307546,0.04947016,0.48796684,68.93476,26.781193,7.12601,81.79534
2007.3308,0.33602503,0.23162477,0.040589698,0.07693796,0.7266639,69.879524,27.858328,7.1014433,159.4146
2007.4346,0.31975222,0.17392677,0.039748438,0.053099524,0.53118396,69.33279,27.235855,7.153226,79.68537
2007.4498,0.16621791,0.10622888,0.010901025,0.03457539,0.3912429,67.893265,25.838501,7.0543733,90.6326
2007.4495,0.16799362,0.1069346,0.011205884,0.034759708,0.392379,67.90708,25.850658,7.055412,90.46573
2007.8353,0.9914223,0.56959057,0.06801776,0.22225064,1.8134978,76.93832,40.304256,7.320065,765.11755
2007.4689,0.29388618,0.21404652,0.036905237,0.061424635,0.67896914,69.023445,26.930124,7.1225657,90.6033
2007.4104,0.43136382,0.32520664,0.06281155,0.10793383,1.0239972,71.790344,30.653341,7.1616235,169.45546
2007.4358,0.22040972,0.12776627,0.020204758,0.04020047,0.42591396,68.31503,26.209553,7.0860643,85.54065
2007.3724,0.32664883,0.22166918,0.039728675,0.07013141,0.68543863,69.560165,27.495054,7.111894,127.83928
2007.4174,0.27610692,0.15224834,0.02973797,0.046872497,0.46848354,68.76194,26.611023,7.115919,82.1654
2007.4128,0.28646234,0.15748776,0.03150193,0.048374016,0.47843072,68.84897,26.691559,7.1206737,82.08242
2007.5729,0.22243652,0.14525017,0.02667238,0.044387363,0.6041242,68.829025,26.744894,7.145376,135.88074
2007.4435,0.19074215,0.11597552,0.015111389,0.03712099,0.4069331,68.08413,26.006418,7.068715,88.32824
2007.4108,0.29094893,0.15975781,0.03226618,0.04902456,0.48274043,68.88667,26.726452,7.1227336,82.04646
2007.4739,0.36297846,0.24534895,0.06061329,0.08516757,0.8576556,71.59829,30.230307,7.1901712,143.31683
2007.4196,0.28341085,0.15820086,0.031245267,0.04822752,0.4837724,68.81913,26.664392,7.1202917,81.1846
2007.3866,0.14985763,0.08713069,-0.010662122,0.005798404,0.5004255,68.31672,26.58551,7.1455493,119.930954
2007.4779,0.32870865,0.2074663,0.10034801,0.077151835,0.77539736,71.439125,29.979061,7.246129,145.7289
2007.417,0.29850635,0.16347653,0.03422249,0.050094016,0.4953955,69.00318,26.859346,7.130688,81.43264
2008.2413,0.43318492,0.18164703,0.07152378,0.07520615,0.6941651,74.61724,36.143353,7.2500834,1277.1333
2007.4264,0.30991128,0.1690863,0.03718887,0.051707402,0.5146071,69.180115,27.061459,7.1427865,80.49468
2007.4448,0.3165292,0.17249528,0.04730079,0.06547548,0.632683,70.87148,29.339466,7.171521,140.12915
2007.4282,0.30124414,0.17408298,0.0350827,0.051712755,0.52604413,68.95625,26.79265,7.131577,78.23886
2007.4652,0.32013425,0.17249471,0.057121977,0.07264214,0.67228204,71.11211,29.383572,7.186028,149.61906
2007.4238,0.30687776,0.1675942,0.036399856,0.051278267,0.5094971,69.13305,27.0077,7.1395683,80.74416
2007.4327,0.32873467,0.1764568,0.041988242,0.05495136,0.54325867,69.546,27.490936,7.1607447,84.31661
2007.4146,0.29562986,0.16206168,0.033474337,0.049687106,0.49055013,68.95855,26.80837,7.127637,81.669205
2007.4518,0.15894754,0.103339426,0.00965284,0.033820733,0.38659143,67.83668,25.788721,7.0501213,91.315704
2007.1805,0.67625093,0.36128253,0.37675413,0.09128385,1.1125009,73.801056,33.746113,7.5337834,98.597015
2007.4543,0.33515278,0.18227622,0.048067432,0.061882477,0.612543,70.37359,28.602856,7.180288,107.89508
2007.4132,0.29403004,0.16127478,0.03305823,0.049460787,0.48785526,68.93373,26.78002,7.12594,81.80078
2007.4208,0.317555,0.193489,0.038647454,0.0580918,0.586844,69.218636,27.090221,7.134629,88.39717
2007.4336,0.31854156,0.17333129,0.039433558,0.052928265,0.52914464,69.314,27.214401,7.1519413,79.78493
2007.4287,0.24758704,0.13856733,0.024870606,0.04302145,0.4433016,68.52654,26.395636,7.1019573,82.987015
2007.4514,0.32938966,0.17924947,0.04783019,0.062994346,0.6187754,70.527664,28.830803,7.1775746,117.87003
2007.4371,0.30613625,0.21356289,0.037906736,0.06309131,0.66622514,69.17071,27.075205,7.1213236,97.81312
2007.4673,0.34264678,0.24461113,0.13590673,0.08149587,0.8846714,72.13302,31.243023,7.2982364,159.36021
2007.4512,0.16116542,0.104220875,0.010033606,0.03405094,0.3880104,67.85394,25.803905,7.0514183,91.10732
2007.4146,0.29563823,0.16206579,0.033476513,0.04968829,0.49056426,68.95868,26.80852,7.1276455,81.668526
2008.2656,1.5505952,0.9607063,0.19304733,0.38047335,3.138806,80.09289,43.595985,7.3359346,1098.4187
2007.4955,0.38509485,0.2646534,0.028484812,0.09429859,0.9360703,70.69734,29.931051,7.1407337,305.9499
2007.4117,0.2887534,0.15864696,0.031892195,0.04870621,0.4806315,68.86822,26.709377,7.1217256,82.06405
2007.6951,0.8199087,0.4901369,0.096364416,0.197418,1.6153259,75.731,37.07417,7.378335,478.28375
2007.4564,0.3393251,0.18448457,0.04822188,0.06105125,0.60782164,70.25839,28.432955,7.182196,100.51286
2007.4347,0.2245209,0.12940016,0.02091057,0.040627204,0.4285442,68.34702,26.237701,7.0884686,85.154366
2007.4783,0.26321954,0.20184073,0.032554615,0.06436339,0.7387721,69.352394,27.349289,7.1148424,162.14925
2007.4364,0.32464403,0.17588446,0.04099787,0.05392957,0.5386984,69.42622,27.345324,7.1579375,80.558495
2007.4426,0.2027612,0.11994317,0.01724259,0.03821175,0.41501787,68.190254,26.100496,7.077361,88.57993
2007.5869,0.21303263,0.10277218,0.023825256,0.031654734,0.4709019,68.60732,26.451508,7.1634283,118.61459
2007.4141,0.2836162,0.15604773,0.031017115,0.047961324,0.4756968,68.82505,26.669424,7.119367,82.10522
2007.4312,0.33059806,0.1767175,0.042439394,0.05541682,0.545336,69.600555,27.55727,7.1620235,86.028564
2007.4536,0.27114794,0.21159491,0.03353155,0.0688682,0.7672806,69.51631,27.536436,7.107964,175.24237
2007.4772,0.19481622,0.1051502,0.016853,0.03513194,0.4156172,68.30935,26.215565,7.0959744,109.187035
2007.453,0.33438858,0.1827802,0.047119357,0.06063852,0.60228294,70.2008,28.374903,7.1769757,100.7075
2007.4543,0.3394166,0.18515657,0.047223087,0.05960234,0.5952835,70.058975,28.165274,7.1788683,92.08073
2007.415,0.28143337,0.1549433,0.030645287,0.047644824,0.4736,68.8067,26.652447,7.118365,82.122734
2007.4738,0.32344192,0.17353906,0.060796656,0.074880145,0.6846174,71.14696,29.32104,7.192271,149.64824
2007.4813,0.29085827,0.20305286,0.03629655,0.057215936,0.64144707,68.910324,26.79019,7.1296024,79.3924
2007.5286,0.26039305,0.15966682,0.031275578,0.044547323,0.547649,68.664185,26.507334,7.14548,78.954094
2007.4758,0.28509903,0.21856543,0.03606147,0.06382272,0.7176558,69.093124,27.033478,7.1174154,107.69326
2007.4509,0.16228457,0.10466566,0.010225741,0.034167115,0.38872638,67.862656,25.81157,7.052073,91.00219
2007.4302,0.24165364,0.13620922,0.023851948,0.04240557,0.43950546,68.48037,26.355011,7.098488,83.544525
2007.8259,1.0398,0.5128994,0.024064021,0.21045218,1.5823978,77.339554,42.34905,7.253521,1153.2618
2007.4286,0.24781169,0.1386566,0.02490917,0.043044772,0.4434453,68.52829,26.397175,7.102089,82.96593
2007.416,0.2791448,0.15378538,0.03025545,0.047312982,0.47140166,68.78747,26.63465,7.117314,82.14107
2007.4462,0.33802763,0.18370853,0.045992173,0.05855305,0.5809833,69.92234,27.983551,7.1737075,88.890686
2007.4447,0.18598038,0.114083044,0.014293874,0.036626723,0.4038866,68.04707,25.973814,7.0659304,88.77568
2007.4293,0.24498393,0.13753277,0.024423698,0.042751253,0.44163615,68.50629,26.377813,7.1004353,83.23162
2007.4539,0.39317194,0.29614773,0.21637934,0.08222551,1.0053316,72.51573,32.21235,7.3986425,136.42139
2007.6794,0.4515515,0.24903707,0.028182426,0.0983289,0.91880697,72.0305,32.63374,7.2235503,548.6406
2007.4252,0.2582712,0.1432242,0.026699802,0.04428636,0.451351,68.612045,26.472311,7.10773,82.30834
2007.4509,0.32855523,0.17881124,0.047795843,0.06315533,0.6196778,70.54997,28.863806,7.177182,119.31427
2007.4222,0.26506674,0.14666247,0.027857369,0.0452717,0.45787865,68.66916,26.52516,7.1108503,82.253876
2007.446,0.18112364,0.112152845,0.013460064,0.036122598,0.40077934,68.00928,25.940561,7.06309,89.232056
2007.4109,0.29085144,0.15970847,0.032249574,0.049010422,0.48264676,68.88585,26.725693,7.122689,82.04725
2007.4252,0.56340456,0.35670125,0.046359945,0.13052456,1.1146448,72.725075,32.96597,7.1871643,353.01263
2006.6218,0.8420527,0.46671227,0.4705951,0.14033732,1.4962711,75.20663,35.961823,7.5724807,117.972305
2007.4244,0.30753905,0.16791947,0.03657186,0.051371813,0.51061106,69.14331,27.019419,7.1402698,80.68979
2007.4344,0.316825,0.18233675,0.038847495,0.054384023,0.5527257,69.19727,27.06587,7.1450872,79.19871
2007.4526,0.1557922,0.102085374,0.009111119,0.03349321,0.38457268,67.812126,25.767117,7.0482764,91.61223
2007.4164,0.27840492,0.15341105,0.030129416,0.0472057,0.47069097,68.78125,26.628895,7.1169744,82.14698
2007.4521,0.30154243,0.20628312,0.03728871,0.059917267,0.643698,69.06398,26.950926,7.1263075,88.77917
2007.4269,0.31056225,0.1694065,0.03735818,0.051799487,0.5157036,69.190216,27.072996,7.143477,80.441154
2007.4618,0.34461135,0.21989104,0.10476555,0.0820075,0.82889396,72.11673,30.979006,7.2583437,171.00064
2007.43,0.24226028,0.1364503,0.023956088,0.042468537,0.43989357,68.485085,26.359163,7.0988426,83.48755
2007.4249,0.25885877,0.14352147,0.02679989,0.044371553,0.4519154,68.61699,26.47688,7.108,82.303635
2007.447,0.34109563,0.18375003,0.04716958,0.059688166,0.58992404,70.08274,28.184855,7.178332,94.84078
2007.4119,0.28867114,0.15860534,0.03187818,0.048694283,0.48055246,68.86753,26.708736,7.121688,82.06471
2007.4287,0.33331794,0.17709805,0.0430979,0.05609621,0.54836816,69.6802,27.654089,7.16389,88.52737
2007.4169,0.27708766,0.15274455,0.02990503,0.047014706,0.46942562,68.77018,26.61865,7.1163697,82.157555
2007.4287,0.33326042,0.17709,0.043083973,0.056081846,0.548304,69.67851,27.652042,7.163851,88.47454
2007.4652,0.2248243,0.11857053,0.021879697,0.038536366,0.4340861,68.51966,26.399267,7.110536,103.81687
2007.528,0.42648652,0.2775794,0.028955469,0.094611295,0.91593885,70.618996,30.093828,7.1612515,280.0655
2007.457,0.4000335,0.2913891,0.21698411,0.0809572,0.986725,72.36246,31.976067,7.3980994,128.9983
2007.5303,0.2537491,0.1789258,0.031355552,0.0523599,0.645229,68.891365,26.804852,7.134377,112.997696
2007.4965,0.6784723,0.340204,0.018335594,0.1447208,1.1407105,73.68622,35.574673,7.2325315,609.4136
2007.4521,0.33089536,0.18004027,0.047892176,0.06270385,0.6171471,70.48741,28.771246,7.1782837,115.26388
2007.4448,0.18567708,0.11396251,0.014241802,0.03659524,0.40369254,68.04471,25.971737,7.065753,88.804184
2007.3323,0.33320278,0.2357155,0.040410496,0.07855975,0.7484186,69.91674,27.912348,7.0982723,166.70998
2007.4391,0.20750955,0.12263936,0.017990036,0.03886144,0.41766062,68.21463,26.121225,7.0785203,86.75279
2007.4562,0.33884093,0.1842132,0.048219256,0.06117093,0.60855454,70.27499,28.456978,7.182024,101.51153
2007.4207,0.2686547,0.14847782,0.028468547,0.045791943,0.46132514,68.69931,26.553064,7.112498,82.22513
2007.4166,0.27763444,0.15302122,0.02999817,0.047093987,0.46995088,68.77478,26.622902,7.1166205,82.15317
2007.3939,0.43766576,0.3229313,0.05748598,0.10736702,0.99912477,71.540375,30.430582,7.1505876,184.5065
2007.592,0.2173777,0.12001444,0.025348047,0.035708673,0.5209036,68.63988,26.501083,7.160158,117.36208
2007.5929,0.47517726,0.289274,0.024843948,0.099957876,0.95088774,70.93577,31.008205,7.1913676,321.61453
2007.6895,0.72399706,0.3128995,0.023786223,0.14184603,1.0571556,74.88017,37.928738,7.3166175,850.1084
2007.4438,0.2894507,0.172433,0.03357709,0.050568823,0.53053916,68.84912,26.694363,7.128112,76.56937
2007.4292,0.24545264,0.13771905,0.024504164,0.042799905,0.441936,68.50993,26.381021,7.1007094,83.18759
2007.4784,0.33527765,0.26597485,0.16659202,0.07933697,0.92432624,71.922325,31.179993,7.3353443,138.85014
2007.478,0.32996842,0.21868706,0.11305227,0.07757089,0.80395883,71.53179,30.209375,7.263239,144.4097
2007.4202,0.30246383,0.16542311,0.035251815,0.05065386,0.5020619,69.064575,26.92948,7.1348863,81.107185
2008.1466,1.4507676,0.9728089,0.25517732,0.37343794,3.1740756,79.25056,41.183052,7.394173,842.08905
2007.44,0.20432717,0.12137459,0.017443677,0.03853111,0.41562456,68.189865,26.099436,7.076659,87.0518
2007.4263,0.3098293,0.16904598,0.03716754,0.0516958,0.51446897,69.17884,27.060007,7.1426992,80.50144
2007.4631,0.29866734,0.19787158,0.036776617,0.05661358,0.6154891,68.97056,26.83704,7.1317616,79.85409
2007.503,0.27916792,0.19465567,0.034824345,0.054498177,0.63369304,68.83697,26.71624,7.1330733,81.39523
2007.4524,0.16661401,0.105473004,0.011045514,0.034439493,0.39194235,67.910545,25.854515,7.0564303,92.15428
2007.4086,0.33492848,0.19310981,0.042949542,0.061535005,0.59774315,69.72735,27.709082,7.1493382,102.189964
2007.4777,0.3255653,0.17946976,0.06865003,0.07610623,0.70413435,71.20792,29.404411,7.203439,149.02039
2007.4294,0.24453565,0.13735461,0.02434673,0.04270472,0.4413493,68.5028,26.374743,7.100173,83.27375
2007.4225,0.30526415,0.16680051,0.035980165,0.05105,0.506779,69.10802,26.979105,7.137857,80.87689
2007.874,1.5014572,1.1595405,0.3848187,0.38277796,3.6345766,78.86153,41.718437,7.4325185,620.0755
2007.478,0.33052495,0.22364369,0.11866423,0.07775602,0.8165757,71.57273,30.311113,7.270797,143.82695
2007.4432,0.1917814,0.11638854,0.015289804,0.037228864,0.407598,68.092224,26.013535,7.0693226,88.23062
2007.5283,0.25452584,0.1813129,0.031516224,0.05313702,0.6522517,68.90695,26.824692,7.133085,114.171524
2007.4093,0.32695073,0.19742057,0.040833008,0.06127366,0.60520595,69.49375,27.424294,7.138481,99.04882
2007.4454,0.34100997,0.18345776,0.04699456,0.05954742,0.5875861,70.065216,28.160784,7.177578,94.573555
2007.4255,0.33677688,0.17758201,0.043935344,0.056960218,0.5522243,69.78148,27.777218,7.166264,91.70518
2007.6959,0.12860768,0.051409297,0.012841886,0.0231367,0.50829935,68.70618,26.648834,7.173692,212.3835
2007.4556,0.34155622,0.18532124,0.048110478,0.06044481,0.60249233,70.17692,28.314266,7.1823845,96.27746
2007.4463,0.22967945,0.12682827,0.022183279,0.040266827,0.43410188,68.459045,26.340342,7.1007247,92.559074
2007.4546,0.33571923,0.1825737,0.04809075,0.061773196,0.61193043,70.358444,28.58045,7.1805544,106.91469
2007.4778,0.3281162,0.20219,0.094374105,0.076954775,0.7619669,71.39555,29.870762,7.238084,146.34923
2007.4374,0.32357222,0.1757345,0.04073837,0.053661842,0.5375035,69.39484,27.307169,7.1572022,79.57379
2007.4424,0.25881195,0.15074407,0.027636724,0.045314968,0.47843066,68.603134,26.465492,7.1112504,79.34304
2007.431,0.33067754,0.17672862,0.042458635,0.05543667,0.54542464,69.60288,27.560099,7.1620784,86.10159
2007.4517,0.32992917,0.17953281,0.0478524,0.06289026,0.61819196,70.513245,28.809464,7.177829,116.93623
2007.4467,0.320094,0.17436747,0.047447532,0.06478773,0.6288279,70.776184,29.19847,7.173199,133.95915
2007.4476,0.32208586,0.1754136,0.04752953,0.064403445,0.6266739,70.72293,29.119686,7.1741366,130.51158
2007.436,0.21936734,0.127352,0.020025799,0.040092267,0.42524704,68.306915,26.202415,7.085455,85.63859
2007.5474,0.25158858,0.1538502,0.030379893,0.043315172,0.55437404,68.68124,26.531618,7.150083,89.04253
2007.4323,0.23389769,0.13312678,0.022520388,0.041600503,0.4345433,68.420006,26.301905,7.093952,84.2733
2007.5616,0.24241409,0.14119807,0.028927857,0.03993934,0.5315553,68.63777,26.481108,7.1551356,92.62133
2007.4236,0.33906692,0.17790242,0.04448978,0.05753224,0.5547772,69.84853,27.858736,7.167835,93.80907
2007.453,0.31534618,0.17098296,0.0518027,0.069402516,0.65442604,71.06165,29.474089,7.1769905,149.57681
2007.4324,0.31713706,0.17264046,0.03906825,0.052729577,0.52677876,69.29221,27.18951,7.1504517,79.90043
2007.5603,0.23130536,0.15551929,0.028019788,0.046918392,0.61859447,68.853294,26.770521,7.141781,130.21988
2007.4298,0.2431605,0.1368081,0.02411065,0.04256198,0.4404695,68.492096,26.365328,7.099369,83.40295
2007.494,0.19920297,0.09765633,0.016878104,0.031929336,0.4315386,68.51403,26.43135,7.1227336,125.01664
2007.4814,0.15522853,0.0915801,0.00987537,0.03144202,0.3892332,67.967606,25.913,7.0684996,109.21437
2007.449,0.32453766,0.17670125,0.04763046,0.06393043,0.6240224,70.65738,29.02271,7.175291,126.26796
2007.4346,0.22524737,0.12968889,0.021035293,0.04070261,0.42900902,68.35268,26.242676,7.0888934,85.0861
2007.4231,0.30599454,0.16715978,0.036170144,0.051153325,0.5080094,69.119354,26.992048,7.1386313,80.81681
2007.4456,0.34101513,0.18347543,0.047005143,0.05955593,0.5877275,70.06628,28.16224,7.1776233,94.58971
2007.417,0.2770166,0.15270859,0.029892923,0.047004398,0.46935737,68.769585,26.618097,7.116337,82.158134
2007.4586,0.21663551,0.118418984,0.020213978,0.038287766,0.42733172,68.40768,26.298004,7.0995445,99.28992
2007.4286,0.3831429,0.32909438,0.21115041,0.0935622,1.1387767,73.95291,34.41362,7.410575,203.27359
2007.4329,0.24448115,0.19487663,0.02896577,0.07419246,0.8289048,70.08824,28.220663,7.097076,274.1922
2007.4446,0.31596366,0.17219825,0.047277506,0.06558459,0.6332946,70.886604,29.361835,7.1712546,141.10806
2007.4143,0.28313062,0.15580204,0.030934395,0.047890916,0.47523037,68.82097,26.665648,7.119144,82.10912
2007.4246,0.30766055,0.16797924,0.036603466,0.051389005,0.5108158,69.145195,27.021572,7.140399,80.6798
2007.437,0.32390592,0.17578119,0.04081916,0.053745195,0.5378755,69.40461,27.319048,7.157431,79.880356
2007.4344,0.32685018,0.17619313,0.041531987,0.05448063,0.5411578,69.490814,27.423855,7.1594515,82.58529
2006.9615,0.65686643,0.54059255,0.41449797,0.13886173,1.7227464,76.561554,38.76775,7.5752473,211.1263
2007.4298,0.33199704,0.17691325,0.0427781,0.05576627,0.5468956,69.64152,27.607069,7.162984,87.313835
2007.3595,0.47926062,0.2959793,0.035258908,0.10884333,0.9256,71.393005,30.818428,7.138566,321.41534
2007.4521,0.33085874,0.18002103,0.047890667,0.06271092,0.61718667,70.48839,28.772696,7.1782665,115.32728
2007.4556,0.34155306,0.18531047,0.048104025,0.06043962,0.60240614,70.17627,28.313377,7.1823564,96.26761
2007.5272,0.24257654,0.13470067,0.027428387,0.038980648,0.48846418,68.57127,26.411158,7.142997,86.88748
2007.4758,0.32424808,0.17379358,0.061692234,0.07542558,0.6876237,71.15545,29.3058,7.193793,149.65535
2007.3657,0.44993758,0.28006345,0.035160407,0.10230046,0.88893735,71.130844,30.33035,7.13473,299.53522
2007.4438,0.31466967,0.17151867,0.047224242,0.06583424,0.6346939,70.921196,29.413015,7.1706457,143.34767
2007.348,0.1680136,0.09159873,-0.015343612,-0.002835053,0.5593837,68.6446,27.02365,7.1922855,125.45242
2007.4457,0.3376358,0.1836422,0.045812,0.058385216,0.57940364,69.899124,27.953974,7.1729856,88.10957
2007.4332,0.31814337,0.17313544,0.03932999,0.05287194,0.5284739,69.30783,27.207344,7.151519,79.81768
2007.4196,0.30163288,0.16501439,0.035035692,0.05053631,0.50066215,69.05168,26.914753,7.1340046,81.17552
2007.3992,0.32409656,0.20775537,0.039775975,0.06398534,0.6343762,69.41017,27.321102,7.125876,104.71055
2007.4497,0.1669075,0.10650294,0.011019414,0.034646973,0.3916841,67.898636,25.843222,7.0547767,90.56782
2007.5933,0.83718854,0.46976513,0.050040886,0.18895733,1.51027,75.90031,38.76645,7.3129144,624.2934
2007.4823,0.28870556,0.21405831,0.03647544,0.060653944,0.68365324,68.95983,26.866964,7.1232076,87.390686
2007.4333,0.22981982,0.13150612,0.021820294,0.041177228,0.4319344,68.38827,26.273983,7.0915675,84.65646
2007.445,0.3409868,0.18337876,0.04694725,0.05950937,0.5869542,70.060486,28.154276,7.177374,94.50131
2007.4384,0.21061726,0.12387446,0.018523576,0.03918402,0.41964892,68.238815,26.142504,7.0803375,86.46076
2007.4778,0.32699764,0.19222708,0.08309399,0.07658268,0.7366071,71.31327,29.666265,7.222892,147.52055
2007.7891,0.9453287,0.429109,0.027640665,0.18887568,1.3739624,77.227165,41.8115,7.2834625,1172.5309
2007.4775,0.32503584,0.17475386,0.06331062,0.0759301,0.6921304,71.16897,29.307613,7.1962485,149.57483
2007.4281,0.33389992,0.17717949,0.043238804,0.056241583,0.54901695,69.697235,27.674805,7.1642895,89.06205
2007.4257,0.3089584,0.16861762,0.03694103,0.051572602,0.513002,69.16533,27.044573,7.1417756,80.57306
2007.4447,0.25796962,0.20311578,0.03129249,0.071222916,0.79560775,69.78378,27.856834,7.1030426,222.21135
2007.4287,0.24735664,0.13847575,0.024831044,0.04299754,0.44315413,68.52475,26.394058,7.101823,83.0087
2007.4192,0.3012366,0.16481948,0.03493262,0.05048025,0.4999946,69.04553,26.90773,7.1335845,81.2081
2007.4131,0.29385433,0.16118835,0.03301253,0.049435932,0.4875593,68.93101,26.776905,7.1257534,81.81523
2007.4314,0.2373945,0.1345165,0.02312073,0.041963477,0.4367805,68.44722,26.325848,7.095997,83.944756
2007.518,0.66684574,0.3318712,0.017318858,0.1411389,1.1244849,73.55217,35.407887,7.236168,601.84375
2007.4949,0.2827749,0.20381624,0.035515282,0.0573884,0.65885967,68.89192,26.785612,7.128337,84.68648
2007.4352,0.3403693,0.20575808,0.046063233,0.06330045,0.6302062,69.79703,27.838919,7.1577177,84.05911
2007.415,0.29627326,0.16237815,0.033641677,0.04977812,0.49163392,68.96854,26.819773,7.1283193,81.616295
2007.4841,0.28765568,0.21566871,0.036434643,0.06109652,0.69081277,68.96138,26.873058,7.122284,88.53049
2007.4713,0.3636049,0.28600192,0.19805475,0.08033341,0.9741407,72.18221,31.712336,7.3763795,133.82285
2007.4154,0.28045318,0.15444738,0.030478323,0.047502697,0.47265846,68.79846,26.644825,7.1179147,82.13058
2007.4485,0.286065,0.22353071,0.035880044,0.06917814,0.7581036,69.37677,27.364655,7.1085906,142.85376
2008.217,1.3114663,0.74578667,0.022423046,0.277201,2.230164,78.84855,45.65661,7.2220373,1297.1418
2007.5715,0.2235205,0.14611232,0.026825795,0.04454999,0.6043725,68.82844,26.743378,7.145195,134.74779
2007.4454,0.33792397,0.1835652,0.0458831,0.05846154,0.5796632,69.91057,27.967756,7.1732464,88.64038
2007.5844,0.62142295,0.4195086,0.090956755,0.15479173,1.3584247,73.764595,33.574196,7.2848773,278.38693
2007.434,0.3190559,0.1735843,0.03956734,0.053001028,0.5300111,69.32198,27.223516,7.1524873,79.74263
2007.4525,0.15605266,0.10218892,0.009155838,0.033520248,0.38473934,67.81415,25.7689,7.0484285,91.58772
2008.1023,0.24043608,0.13109821,0.08918748,0.058506686,0.62701434,74.206764,33.69448,7.1115036,1312.932
2007.4193,0.27162805,0.14998223,0.028975034,0.04622307,0.4641813,68.7243,26.576189,7.113863,82.20131
2007.3461,0.3306983,0.24544281,0.03949458,0.08223968,0.7986486,70.00637,28.097504,7.09492,185.03647
2007.4507,0.32786435,0.1784484,0.0477674,0.06328862,0.6204249,70.56844,28.891132,7.176857,120.51007
2007.3119,0.35746828,0.26365888,0.044960413,0.0849681,0.7902176,70.01373,28.035921,7.094237,145.69426
2007.4232,0.30614716,0.16723482,0.03620983,0.051174913,0.5082664,69.12172,26.994753,7.1387935,80.804245
2007.4235,0.3391439,0.17791319,0.044508416,0.05755147,0.55486304,69.850784,27.861475,7.167888,93.87978
2007.1902,0.6848263,0.36031353,0.37995934,0.09099962,1.1131251,73.837944,33.825886,7.5411305,96.985344
2007.4163,0.27851036,0.15346438,0.030147376,0.04722099,0.47079223,68.782135,26.629715,7.1170225,82.14616
2007.4634,0.34052014,0.21146356,0.054872517,0.07669713,0.76066744,71.35028,29.941723,7.1829824,145.29068
2007.4307,0.3151406,0.17165846,0.038548987,0.052447155,0.5234158,69.261246,27.15413,7.1483335,80.06461
2007.4174,0.33700198,0.19636504,0.043976348,0.061801642,0.6045628,69.74453,27.743418,7.1527004,95.22182
2007.4312,0.23809263,0.13479397,0.023240587,0.04203594,0.43722716,68.45265,26.330627,7.096405,83.87915
2007.437,0.32277253,0.17541239,0.040534016,0.053526793,0.5362717,69.37965,27.289381,7.15643,79.43699
2007.4412,0.1997113,0.11954012,0.016651219,0.03805198,0.41267145,68.15394,26.067831,7.07396,87.48548
2007.4783,0.33362478,0.25125304,0.1499238,0.07878715,0.8868531,71.80074,30.877815,7.3128963,140.58096
2007.3842,0.38279995,0.2528823,0.03647286,0.08705949,0.809665,70.359764,28.973907,7.122885,223.04381
2007.4294,0.2444934,0.1373378,0.02433948,0.04270033,0.44132227,68.502464,26.374454,7.100148,83.27772
2007.4362,0.32488152,0.17591769,0.041055366,0.05398889,0.53896314,69.433174,27.353777,7.1581006,80.77667
2007.4244,0.26005515,0.1441268,0.027003685,0.044545025,0.4530646,68.62704,26.486185,7.108549,82.29407
2007.4468,0.32018983,0.17441781,0.047451477,0.06476924,0.6287243,70.77362,29.194677,7.1732445,133.79324
2007.4347,0.45714143,0.29983434,0.246659,0.081935085,1.0064527,72.64501,32.389507,7.4321494,121.435074
2007.4667,0.34522665,0.261489,0.1545605,0.08233355,0.92866516,72.29955,31.624619,7.3236547,158.63791
2007.4283,0.3336236,0.17714082,0.043171898,0.05617256,0.5487089,69.68915,27.664968,7.1640997,88.808174
2007.4324,0.3171096,0.17262696,0.039061114,0.0527257,0.52673256,69.291794,27.189024,7.1504226,79.902695
2007.4354,0.22153479,0.12821339,0.02039791,0.040317245,0.42663372,68.323784,26.217257,7.0867224,85.43496
2007.4353,0.32590288,0.17606059,0.041302647,0.05424402,0.54010177,69.46308,27.390135,7.1588016,81.71501
2007.3844,0.3269093,0.21547426,0.039977767,0.06713999,0.65880144,69.48357,27.404942,7.119039,114.30916
2007.6837,0.49247694,0.2778006,0.022009147,0.104305826,0.9832087,71.74978,32.534767,7.225713,473.58182
2007.426,0.47938177,0.3031233,0.2582157,0.08231593,1.0141356,72.75505,32.550514,7.44541,118.489624
2007.6066,0.19956346,0.11631695,0.02312714,0.036945496,0.55733156,68.744286,26.649836,7.1562586,147.73235
2007.4783,0.33475864,0.261352,0.16135801,0.07916432,0.9125592,71.88415,31.085106,7.328295,139.39365
2007.4211,0.30350378,0.16593464,0.0355223,0.05080097,0.5038137,69.08071,26.947908,7.135989,81.02166
2007.6644,0.15096667,0.077283345,0.01623836,0.029511953,0.5447214,68.76723,26.713264,7.164637,198.09499
2008.2006,0.6670194,0.27128857,0.06561953,0.118488595,0.91346174,76.55924,39.664345,7.2666783,1445.9462
2007.4276,0.3113623,0.16980001,0.037566263,0.05191266,0.5170513,69.20263,27.087173,7.1443257,80.37536
2007.4491,0.16909268,0.1073714,0.011394577,0.03487379,0.39308214,67.91564,25.858185,7.0560546,90.362465
2007.4285,0.24834491,0.13886851,0.025000712,0.043100122,0.44378638,68.53244,26.400826,7.102401,82.91584
2007.8225,0.8141777,0.32559386,0.038103092,0.15538874,1.0805116,76.88189,40.840324,7.319639,1209.1565
2007.4443,0.31561887,0.17201717,0.047263317,0.06565111,0.6336674,70.89582,29.375473,7.1710925,141.70479
2007.4255,0.33685482,0.17759292,0.04395421,0.056979682,0.5523112,69.78376,27.779991,7.1663175,91.776764
2007.4332,0.27898002,0.22059958,0.03454681,0.072515234,0.7892653,69.634186,27.669788,7.1025033,182.56863
2007.4557,0.33777586,0.18365383,0.04817541,0.06137641,0.60970634,70.30346,28.499105,7.1815224,103.35498
2007.4418,0.19737703,0.1186124,0.01625047,0.037809685,0.411178,68.13577,26.051847,7.072595,87.70485
2007.7878,0.5535783,0.26309034,0.027733741,0.107861295,0.9260182,73.04063,34.827385,7.289233,689.8495
2007.4163,0.27854812,0.1534835,0.03015381,0.047226463,0.4708285,68.782455,26.630009,7.11704,82.14584
2007.4492,0.33985883,0.18420203,0.0469238,0.059406154,0.5896821,70.03908,28.133411,7.1774735,92.6049
2007.449,0.21078312,0.120113924,0.018872498,0.0384596,0.42162377,68.29961,26.199371,7.0880837,92.97656
2007.4258,0.25687718,0.14251888,0.026462344,0.04408423,0.4500119,68.600334,26.46147,7.10709,82.31955
2007.4534,0.3406881,0.18494718,0.047600415,0.059987903,0.5973635,70.1153,28.234343,7.1802983,94.468056
2007.4489,0.3243228,0.1765884,0.04762161,0.063971885,0.6242548,70.663124,29.03121,7.1751895,126.63988
2007.4197,0.2707102,0.14951782,0.028818684,0.046089984,0.4632996,68.71658,26.569052,7.1134415,82.208664
2007.4304,0.3313753,0.17682625,0.04262756,0.05561096,0.5462025,69.623314,27.584936,7.162557,86.74263
2007.4165,0.27813706,0.15327552,0.030083789,0.04716686,0.47043368,68.779,26.62681,7.1168513,82.149124
2007.4521,0.65220654,0.38285488,0.03974331,0.14726907,1.2043484,73.606964,34.803375,7.2154193,467.14294
2007.415,0.2962367,0.16236016,0.03363217,0.049772948,0.49157235,68.967964,26.819124,7.1282806,81.61931
2007.4407,0.2014153,0.12021733,0.01694377,0.03822886,0.41376162,68.1672,26.079498,7.0749564,87.32541
2007.4778,0.32791853,0.20042934,0.09238068,0.07688901,0.75748533,71.38101,29.834621,7.235399,146.55621
2007.4438,0.3117815,0.16985749,0.047842517,0.06699063,0.64113224,71.02409,29.54148,7.1702623,149.54536
2007.4128,0.28641257,0.15746258,0.03149345,0.048366796,0.47838292,68.84855,26.691172,7.120651,82.082825
2007.4364,0.32463712,0.1758835,0.040996194,0.053927843,0.5386906,69.42602,27.345078,7.1579328,80.55213
2007.5728,0.9051902,0.4401259,0.0154202115,0.19005346,1.4086707,75.96149,39.926205,7.2775874,872.45325
2008.5282,1.5838999,0.9468576,0.06567965,0.36107925,2.923958,79.96537,47.210243,7.2980213,1361.3309
2007.4285,0.24849397,0.13892776,0.025026305,0.043115593,0.44388178,68.53361,26.401846,7.102488,82.901825
2007.3737,0.31038153,0.2496522,0.03873858,0.08181778,0.8324401,69.861404,27.9124,7.0895977,180.82516
2007.4304,0.24072303,0.13583937,0.023692181,0.04230897,0.4389101,68.47312,26.348639,7.0979433,83.63197
2007.5297,0.41114166,0.27216792,0.026893059,0.09645457,0.948424,70.79708,30.312723,7.156353,317.00705
2007.5782,0.8845764,0.4708855,0.029121527,0.19222121,1.492913,75.96881,39.547142,7.27955,747.5431
2007.4213,0.30365396,0.1660085,0.03556136,0.050822217,0.50406665,69.08304,26.95057,7.1361485,81.009285
2007.4319,0.3122565,0.18769248,0.03757424,0.055168122,0.56606215,69.06736,26.907677,7.1362224,79.67092
2007.4225,0.26449072,0.14637102,0.027759248,0.045188174,0.45732534,68.664314,26.520681,7.1105857,82.25849
2007.4183,0.30022886,0.16432379,0.03467051,0.05033769,0.49829707,69.0299,26.889872,7.1325154,81.29099
2007.4479,0.3223614,0.1755583,0.047540873,0.064350285,0.6263759,70.71556,29.108788,7.1742663,130.03467
2007.4241,0.26082724,0.14451744,0.027135199,0.044656973,0.45380625,68.63353,26.49219,7.108904,82.28786
2007.4309,0.31532368,0.1717485,0.0385966,0.052473053,0.5237242,69.264084,27.157375,7.148528,80.049576
2007.3516,0.35850546,0.24677022,0.038582888,0.08420676,0.7901596,70.19346,28.503952,7.107967,200.97516
2007.6168,0.4056322,0.23641506,0.030396389,0.095088355,0.9039534,71.86046,31.97083,7.1948314,528.7417
2007.4296,0.31370983,0.1709547,0.03817685,0.052244753,0.5210057,69.239044,27.128775,7.146816,80.18231
2007.3792,0.3387843,0.2511426,0.03780317,0.0838904,0.8244287,70.054634,28.330633,7.1028376,197.4065
2007.4568,0.14376147,0.09691512,0.0070782467,0.032169048,0.3770656,67.72454,25.690407,7.0420184,93.4065
2007.4293,0.24525887,0.13764204,0.024470897,0.04277979,0.44181204,68.50842,26.379696,7.100596,83.20579
2007.456,0.33859995,0.18408665,0.048209336,0.06121742,0.60881513,70.28143,28.466509,7.1819105,101.92861
2007.4078,0.32863644,0.19759318,0.04124329,0.061674554,0.6068946,69.543106,27.484308,7.1397004,100.5487
2007.4401,0.20376287,0.12115032,0.017346798,0.038472537,0.41526353,68.18547,26.095572,7.076329,87.10483
2007.7356,0.8836534,0.51612467,0.086097315,0.2070565,1.6831346,76.228516,38.34364,7.3657665,581.82837
2007.4551,0.33652574,0.18299729,0.04812395,0.061617594,0.61105824,70.33688,28.548552,7.180934,105.51873
2007.4327,0.23211434,0.13241804,0.022214225,0.0414154,0.4334024,68.40612,26.289694,7.0929093,84.440865
2007.3948,0.50104564,0.33305353,0.048161052,0.11787267,1.0330396,72.00215,31.568375,7.1617684,284.04572
2007.4705,0.08724134,0.07484131,-0.002657792,0.026377676,0.340715,67.2786,25.297747,7.0081882,98.05333
2007.4193,0.3013256,0.16486326,0.03495577,0.050492838,0.5001446,69.04691,26.909307,7.133679,81.200775
2007.4109,0.2912273,0.15989618,0.03232925,0.049064305,0.48313406,68.89025,26.73035,7.1229663,82.0313
2007.4296,0.3137501,0.17097451,0.038187318,0.05225045,0.5210735,69.23967,27.129488,7.1468587,80.178986
2007.3912,0.16013168,0.12332448,-0.027995383,-0.01797569,0.69498926,68.38713,26.787102,7.162056,147.92558
2007.4545,0.33527854,0.18234226,0.048072606,0.06185822,0.612407,70.370224,28.597881,7.180347,107.67742
2007.4363,0.3248454,0.17591263,0.041046616,0.053979866,0.53892285,69.43211,27.352491,7.158076,80.743484
2007.4287,0.2694505,0.15238385,0.029012548,0.04636673,0.47493076,68.69949,26.553925,7.1144447,80.78722
2007.4232,0.26280445,0.14551783,0.027472002,0.044943668,0.45570552,68.65015,26.507566,7.1098113,82.27203
2007.4119,0.28866225,0.15860084,0.031876665,0.048692994,0.48054397,68.867455,26.708668,7.121684,82.064766
2007.432,0.3295214,0.17656687,0.042178717,0.055147875,0.5441357,69.56903,27.518942,7.161285,85.039406
2007.4365,0.32444802,0.17585704,0.04095041,0.05388061,0.53847986,69.42048,27.338346,7.157803,80.37841
2007.3253,0.47548312,0.32901907,0.27049428,0.08785792,1.0682149,73.12257,32.928974,7.435967,134.45787
2007.5548,0.1918991,0.13663666,0.021973493,0.052525554,0.70298505,69.45147,27.506184,7.129054,244.68556
2007.4911,0.23139009,0.12068603,0.023959627,0.03807151,0.45020193,68.58044,26.442762,7.1266294,102.46063
2007.245,1.2810912,1.1174803,0.5171599,0.3233828,3.5192406,78.68388,42.17099,7.4732795,409.07272
2007.4237,0.30669338,0.1675035,0.0363519,0.051252183,0.5091865,69.130196,27.004433,7.139373,80.759346
2007.4613,0.24430336,0.13404937,0.02536595,0.041147105,0.45288965,68.55268,26.412445,7.1162267,87.407974
2007.428,0.25016952,0.13959366,0.02531396,0.04328951,0.44495374,68.546646,26.413319,7.103468,82.744385
2007.4147,0.29581043,0.1621505,0.033521302,0.04971265,0.4908543,68.96136,26.811571,7.127828,81.65436
2007.4293,0.24512644,0.13758941,0.024448162,0.042766046,0.4417273,68.50739,26.378788,7.1005187,83.21823
2007.5719,0.2309028,0.13732524,0.02745019,0.04018465,0.5493551,68.69182,26.559683,7.15359,110.58114
2007.4236,0.2620907,0.14515673,0.027350428,0.044840183,0.45501995,68.64415,26.502016,7.1094837,82.27773
2007.4419,0.19695294,0.11844386,0.01617766,0.037765667,0.41090667,68.13247,26.048944,7.0723467,87.74469
2007.4371,0.21514726,0.12567481,0.019301286,0.039654225,0.4225471,68.27407,26.173521,7.082987,86.03514
2007.4299,0.31417608,0.17118403,0.03829812,0.052310713,0.52179104,69.24628,27.137037,7.1473107,80.14395
2007.4156,0.3370441,0.18578862,0.04372148,0.059633266,0.5771438,69.7893,27.785519,7.1583447,98.25514
2007.5636,0.22903787,0.15291196,0.027675813,0.046278067,0.61496514,68.84726,26.764185,7.1426883,131.68758
2007.4196,0.27100456,0.14966676,0.028868826,0.046132665,0.46358234,68.71906,26.57134,7.1135764,82.20631
2007.4307,0.2401005,0.13559195,0.023585303,0.042244356,0.4385118,68.46828,26.344376,7.0975795,83.69048
2008.1409,0.7116959,0.2882271,0.061392896,0.12833971,0.9601826,76.824745,40.202038,7.2742095,1433.2369
2007.3802,0.27992332,0.22954497,0.034043744,0.08295856,0.8688692,70.197174,28.327686,7.0852222,253.31157
2007.4539,0.21700546,0.17117691,0.025542675,0.07077396,0.820979,70.19806,28.349249,7.1000648,314.95505
2007.6173,0.17470329,0.1140769,0.01996634,0.040968228,0.6274077,68.99793,26.98564,7.146942,203.80965
2007.4484,0.32340047,0.17610401,0.047583647,0.06414982,0.6252522,70.68778,29.06769,7.1747556,128.2362
2007.642,0.7373351,0.4590743,0.0913051,0.17896196,1.5006437,74.91399,35.703255,7.335244,402.78976
2007.4445,0.31582657,0.17212625,0.047271866,0.06561104,0.6334428,70.89027,29.367258,7.1711903,141.34534
2007.4126,0.41664773,0.31349465,0.06622902,0.106438726,1.0230492,72.05344,30.843193,7.1699944,170.44293
2007.4557,0.35233003,0.23910183,0.12281675,0.084408574,0.88617784,72.49582,31.6589,7.285056,178.99043
2007.425,0.33855057,0.20559338,0.044921257,0.06338541,0.6272428,69.72885,27.742498,7.1516657,87.955284
2007.4366,0.21723591,0.1265049,0.019659871,0.039871026,0.42388338,68.29033,26.187822,7.0842085,85.83887
2007.4122,0.28760904,0.15806794,0.03169726,0.04854028,0.4795322,68.858604,26.700476,7.1212,82.07322
2007.4366,0.21701173,0.1264158,0.019621389,0.039847758,0.42373997,68.28858,26.186287,7.0840774,85.85994
2007.4781,0.33174053,0.23447071,0.13092269,0.07816037,0.844135,71.66215,30.533346,7.287306,142.55403
2007.3939,0.33061823,0.2081551,0.04137242,0.065450795,0.6401013,69.60113,27.553331,7.13086,110.30645
2007.4144,0.28283417,0.15565206,0.030883903,0.04784793,0.4749456,68.818474,26.663342,7.119008,82.11147
2007.5371,0.2535449,0.16829093,0.031026298,0.048419293,0.6046683,68.79674,26.681276,7.141291,101.45815
2007.412,0.28831413,0.15842469,0.031817365,0.048642516,0.4802095,68.86453,26.70596,7.121524,82.06757
2007.4258,0.3092072,0.16873999,0.037005737,0.0516078,0.51342106,69.16919,27.048983,7.14204,80.5526
2007.4473,0.17626034,0.11022003,0.012625122,0.035617784,0.39766786,67.97142,25.90726,7.060246,89.688995
2007.34,0.33125255,0.23426601,0.040238116,0.07746825,0.742855,69.86217,27.851301,7.0998883,161.63652
2007.4208,0.26834324,0.14832024,0.028415496,0.045746785,0.46102598,68.69669,26.550644,7.1123548,82.22764
2007.4506,0.3277806,0.1784044,0.047763955,0.063304774,0.62051547,70.57068,28.894444,7.1768174,120.655
2007.4777,0.3525529,0.20267801,0.0784838,0.086297765,0.8013985,72.00326,30.401646,7.225266,173.40182
2007.56,0.23599137,0.12739593,0.027263416,0.0362962,0.48980662,68.56016,26.39055,7.1556673,90.28861
2007.5676,0.75503397,0.4450972,0.057879545,0.17404039,1.4293379,75.10194,37.04283,7.292759,513.13947
2007.4214,0.266965,0.1476229,0.02818072,0.045546945,0.45970207,68.68511,26.539925,7.111722,82.23867
2007.4283,0.24867813,0.13900095,0.025057921,0.043134708,0.44399962,68.535034,26.403107,7.102596,82.88448
2007.4778,0.327472,0.19645216,0.08787767,0.07674047,0.7473617,71.34817,29.752989,7.2293344,147.0238
2007.4452,0.31230223,0.17002189,0.048421018,0.06734295,0.64307415,71.02959,29.531635,7.171245,149.54996
2007.4288,0.3108283,0.172224,0.037403546,0.052195646,0.5231392,69.16322,27.03703,7.14273,79.616425
2007.5138,0.26898658,0.18863067,0.033442844,0.053744562,0.63937944,68.861244,26.754992,7.1334147,94.36256
2007.425,0.48192593,0.30349952,0.2595377,0.082359485,1.0150144,72.76764,32.568935,7.446927,118.15264
2007.4287,0.24744692,0.13851164,0.024846548,0.043006912,0.4432119,68.52545,26.394676,7.101876,83.00019
2007.4336,0.3278616,0.17633463,0.041776873,0.054733284,0.5422854,69.52043,27.45986,7.1601458,83.514534
2007.4358,0.22045414,0.12778394,0.020212384,0.04020508,0.4259424,68.31538,26.209856,7.08609,85.53647
2007.4349,0.32025126,0.17417224,0.03987824,0.053170122,0.5320246,69.34053,27.2447,7.153755,79.644325
2007.4287,0.33326682,0.1770909,0.043085523,0.056083445,0.5483112,69.6787,27.65227,7.163855,88.480415
2007.4122,0.29276782,0.16065393,0.03272994,0.049282234,0.4857291,68.914154,26.75765,7.124601,81.90459
2007.4338,0.31884655,0.17348132,0.039512888,0.05297141,0.52965844,69.31874,27.219807,7.152265,79.75985
2007.4445,0.31566283,0.17204025,0.047265124,0.06564263,0.6336199,70.894646,29.373734,7.171113,141.62872
2007.4196,0.27115703,0.14974388,0.028894791,0.04615477,0.4637288,68.72034,26.572527,7.1136465,82.205086
2007.5496,0.24634352,0.15619281,0.029824397,0.044960406,0.57837373,68.74302,26.615997,7.146681,101.83524
2007.4805,0.21396393,0.10978385,0.020389551,0.03654262,0.4293211,68.50465,26.390017,7.1131215,112.46799
2007.478,0.33132833,0.23079932,0.1267659,0.07802326,0.83478975,71.63182,30.457989,7.281708,142.98567
2007.4303,0.24155267,0.13616909,0.023834614,0.04239509,0.43944085,68.47958,26.354319,7.0984287,83.55402
2007.4598,0.1280577,0.091062926,0.004349628,0.030614385,0.36682862,67.596275,25.577217,7.0320573,94.21817
2007.4376,0.21340437,0.124982126,0.019002063,0.039473314,0.421432,68.260506,26.161587,7.081968,86.19892
2007.4473,0.32136956,0.1750374,0.047500044,0.06454164,0.62744844,70.74208,29.148018,7.1737995,131.75134
2007.4243,0.26034287,0.14427237,0.027052695,0.044586744,0.45334098,68.629456,26.488422,7.108681,82.29175
2007.4521,0.15766962,0.102831535,0.009433439,0.033688083,0.38577384,67.82674,25.77997,7.049374,91.435814
2007.4215,0.3006291,0.1690994,0.034734,0.05100533,0.51087976,68.98308,26.827633,7.131186,79.8898
2007.4198,0.2705642,0.14944394,0.02879381,0.046068817,0.46315932,68.715355,26.567915,7.113374,82.20983
2007.4441,0.31512484,0.17175771,0.047242977,0.06574643,0.6342017,70.90903,29.395014,7.17086,142.55989
2007.4961,0.28638655,0.19562773,0.035683934,0.054010488,0.61827856,68.804085,26.666042,7.134659,70.311066
2007.4562,0.33879542,0.1841893,0.048217382,0.06117971,0.6086038,70.27621,28.458778,7.1820025,101.59028
2007.4458,0.3183211,0.17343636,0.04737455,0.06512977,0.6307452,70.82358,29.268593,7.1723647,137.02771
2007.4441,0.3150058,0.1716952,0.047238078,0.06576938,0.6343304,70.91221,29.39972,7.170804,142.76587
2007.4261,0.3095806,0.16892365,0.037102852,0.051660616,0.51405,69.17499,27.0556,7.1424356,80.52189
2008.1411,0.7479471,0.30286717,0.061560087,0.13526283,0.9965029,77.185326,40.791943,7.272051,1474.7937
2007.4182,0.27423754,0.15130252,0.02941954,0.04660145,0.46668792,68.74623,26.596483,7.115061,82.180405
2007.6803,0.76722014,0.3125917,0.026234208,0.15038736,1.0627366,75.818504,39.367565,7.3356476,976.637
2007.4432,0.31342188,0.17086333,0.047172874,0.066074975,0.6360433,70.95456,29.46237,7.1700583,145.50743
2007.3789,0.32527333,0.21992625,0.039599046,0.06898771,0.6780367,69.50807,27.435337,7.113677,122.547165
2007.4441,0.31503877,0.17171252,0.047239434,0.06576303,0.63429475,70.91133,29.398417,7.1708193,142.70883
2007.4303,0.33155113,0.17685086,0.04267014,0.055654883,0.5463985,69.62846,27.591196,7.162678,86.90416
2007.4177,0.27522644,0.15180285,0.029587986,0.04674483,0.46763778,68.75454,26.604176,7.1155148,82.17246
2007.443,0.30242997,0.18107177,0.036029536,0.05272246,0.5506006,68.95435,26.792152,7.1350064,75.61875
2007.4276,0.25184163,0.14025824,0.025601039,0.04346308,0.44602358,68.559654,26.424767,7.1044455,82.58724
2007.4114,0.33524004,0.19051872,0.04311481,0.06077225,0.59014964,69.736465,27.720562,7.152165,100.4429
2007.4323,0.32923216,0.1765264,0.042108692,0.05507563,0.5438133,69.56056,27.508648,7.161086,84.7737
2007.4775,0.32502773,0.17468156,0.063228756,0.07592741,0.6919464,71.16837,29.30613,7.196138,149.58333
2007.433,0.2311191,0.13202249,0.02204336,0.041312087,0.4327656,68.39838,26.28288,7.092327,84.53437
2007.4297,0.33218813,0.17693998,0.042824358,0.055813998,0.54710865,69.64712,27.61387,7.163115,87.48939
2007.8079,0.59979784,0.2443439,0.035147026,0.11461238,0.8774831,74.52831,37.052803,7.3285055,919.5612
2007.3645,0.50622314,0.31588396,0.27707848,0.08446954,1.0325961,72.90963,32.675327,7.452634,116.80542
2007.4631,0.38469505,0.2891208,0.20901379,0.080694556,0.98142624,72.28656,31.86502,7.388954,131.0297
2007.4468,0.32029414,0.17447259,0.047455773,0.06474912,0.6286115,70.77083,29.190554,7.173293,133.61275
2007.4321,0.31684417,0.1724964,0.038992077,0.052688148,0.5262854,69.287674,27.18432,7.150141,79.924515
2007.434,0.31905195,0.17358235,0.039566312,0.05300047,0.53000444,69.32192,27.223446,7.152483,79.74296
2007.4138,0.29476345,0.16163552,0.033248987,0.04956454,0.48909068,68.945114,26.793016,7.1267176,81.74048
2007.4781,0.33279687,0.24387933,0.14157522,0.07851176,0.8680839,71.739845,30.726465,7.3016524,141.44788
2007.4252,0.33720258,0.17764156,0.044038404,0.05706655,0.55269885,69.793945,27.79237,7.166556,92.09626
2007.4489,0.3244783,0.17667007,0.047628015,0.06394188,0.6240866,70.658966,29.025059,7.175263,126.3707
2007.4567,0.3396323,0.18462881,0.04825183,0.06101825,0.60769874,70.25383,28.425678,7.1823964,100.14181
2007.411,0.2905334,0.15954755,0.0321954,0.048964307,0.4823413,68.88318,26.723219,7.122543,82.04979
2007.4178,0.2749243,0.15165,0.029536525,0.046701025,0.4673476,68.752,26.601826,7.115376,82.17488
2007.3854,0.48938105,0.29147914,0.032541744,0.10976087,0.9329421,71.56358,31.212135,7.150509,350.75916
2007.4224,0.26484412,0.14654984,0.02781945,0.04523942,0.4576648,68.66729,26.52343,7.110748,82.25567
2007.4368,0.32422954,0.17582648,0.04089751,0.05382603,0.53823626,69.414085,27.330568,7.1576533,80.17768
2007.4563,0.33901873,0.18430658,0.048226573,0.061136626,0.6083623,70.27023,28.449947,7.1821074,101.20381
2007.4374,0.32324192,0.17564327,0.0406561,0.053593192,0.5370624,69.386925,27.297699,7.1569276,79.39836
2007.4281,0.25001526,0.13953236,0.025287481,0.0432735,0.44485506,68.54544,26.412262,7.1033773,82.75889
2007.5175,0.2695821,0.18210427,0.033326365,0.05122039,0.6124355,68.7976,26.671368,7.1379137,85.884186
2007.4456,0.31798217,0.17325835,0.0473606,0.065195166,0.63111174,70.83264,29.281998,7.172205,137.61436
2007.4135,0.29434037,0.16142742,0.033138946,0.04950469,0.48837802,68.938545,26.785519,7.126269,81.77526
2007.4143,0.28298923,0.15573052,0.030910315,0.047870416,0.47509453,68.81978,26.664547,7.119079,82.11025
2007.4275,0.25225684,0.14042324,0.025672318,0.043506175,0.44628918,68.56289,26.42761,7.104688,82.548256
2007.4221,0.30476162,0.16655332,0.03584946,0.05097891,0.5059325,69.10022,26.9702,7.137324,80.9182
2007.641,0.69497305,0.3324769,0.017277868,0.13952534,1.1114542,73.769516,36.206787,7.2784095,662.779
2007.4233,0.3393004,0.17793508,0.044546302,0.05759056,0.5550375,69.85537,27.867046,7.1679955,94.02355
2007.426,0.33627555,0.17751187,0.043813962,0.05683499,0.55166537,69.7668,27.75937,7.16592,91.24459
2007.4119,0.29240152,0.16047376,0.032634664,0.049230415,0.4851121,68.90847,26.75116,7.1242123,81.93471
2007.4297,0.32961342,0.17855904,0.042133514,0.05580234,0.5502038,69.571724,27.521925,7.1593847,86.65146
2007.44,0.20430996,0.121367745,0.017440727,0.038529318,0.41561356,68.18973,26.099318,7.076649,87.05339
2007.414,0.28379422,0.1561378,0.03104744,0.04798714,0.47586778,68.826546,26.670809,7.1194487,82.103806
2007.4167,0.27735198,0.15287828,0.029950054,0.047053028,0.4696795,68.7724,26.620705,7.116491,82.15545
2007.4156,0.27994853,0.15419205,0.030392362,0.047429524,0.47217375,68.79423,26.6409,7.117683,82.134605
2007.4281,0.2498015,0.1394474,0.025250783,0.04325131,0.44471833,68.54378,26.410799,7.1032524,82.77896
2007.4683,0.3716303,0.28718874,0.20222498,0.08047083,0.9769131,72.221924,31.77044,7.3811646,132.75996
2007.452,0.33064774,0.1799102,0.04788198,0.06275163,0.6174149,70.49403,28.781042,7.178167,115.69252
2007.4534,0.26360497,0.15860634,0.029087069,0.04672293,0.5029641,68.63331,26.494495,7.1159062,77.0829
2007.4287,0.2476794,0.13860402,0.024886454,0.04303104,0.44336063,68.52727,26.396269,7.1020117,82.978355
2007.4198,0.27057514,0.14944948,0.028795676,0.0460704,0.46316984,68.715454,26.568,7.1133795,82.209724
2007.5308,0.25538403,0.17634895,0.03147574,0.051157612,0.6306042,68.8554,26.756708,7.1366506,106.93768
2007.4813,0.22283517,0.112192005,0.02200617,0.037246853,0.43554255,68.591064,26.467035,7.1205435,113.54196
2007.443,0.23461601,0.12947795,0.022973193,0.04091254,0.4369243,68.48677,26.364126,7.1022367,90.921295
2007.4412,0.34077993,0.18267307,0.046524648,0.05916953,0.58130914,70.01818,28.096151,7.175554,93.856026
2007.5782,0.20952867,0.14618015,0.025112005,0.047085136,0.64747137,68.96801,26.930622,7.1394434,165.85786
2007.4359,0.3404996,0.1817168,0.045952,0.058709025,0.57365984,69.96086,28.017391,7.173087,92.98163
2007.4554,0.3372357,0.18337013,0.048153173,0.061480626,0.6102905,70.3179,28.520472,7.181268,104.289955
2007.4536,0.33380568,0.18156873,0.048011977,0.06214237,0.6139998,70.40961,28.656136,7.1796536,110.22668
2007.4779,0.329341,0.21309862,0.10672497,0.07736218,0.78973395,71.48564,30.094667,7.2547174,145.06671
2007.4446,0.18679816,0.11440805,0.014434272,0.036711607,0.40440977,68.05344,25.979414,7.0664086,88.69884
2007.4364,0.21795388,0.12679024,0.019783134,0.03994555,0.42434272,68.29591,26.192738,7.084628,85.7714
2007.428,0.25037304,0.13967456,0.025348911,0.043310642,0.445084,68.548225,26.414711,7.1035867,82.72523
2007.436,0.21925947,0.12730913,0.02000728,0.040081073,0.42517802,68.306076,26.201677,7.0853915,85.64875
2007.436,0.2195726,0.12743358,0.02006104,0.040113576,0.42537838,68.30852,26.203821,7.0855746,85.61929
2007.4384,0.17314969,0.092091076,0.0025352365,0.018376393,0.46678388,68.40645,26.506136,7.1340437,122.28277
2007.3948,0.16120824,0.08967807,-0.0074690045,0.007939209,0.5024587,68.416245,26.654997,7.1519933,121.87487
2007.6008,0.20813501,0.11618131,0.024140844,0.035635505,0.5323964,68.67673,26.555614,7.1593924,130.97046
2007.4363,0.21844219,0.12698433,0.019866968,0.03999624,0.42465514,68.29971,26.196081,7.0849137,85.72551
2007.4282,0.335206,0.17802185,0.043622855,0.056605477,0.55182195,69.7292,27.715567,7.165236,89.16017
2007.5532,0.23274869,0.16535412,0.028473193,0.050378237,0.6525312,68.9311,26.871246,7.1358323,138.4604
2007.4187,0.17833954,0.09343343,-0.00042509142,0.013910447,0.49286798,68.52812,26.685562,7.15344,124.26076
2007.5454,0.8609775,0.40359482,0.01530336,0.18028475,1.3190157,75.77998,39.54177,7.294238,852.22534
2007.4281,0.33399895,0.17719334,0.043262776,0.05626632,0.54912734,69.700134,27.678331,7.1643577,89.15303
2007.4575,0.34137723,0.18554524,0.04832366,0.060681608,0.6058118,70.207184,28.356663,7.1832175,97.12168
2007.4113,0.28994364,0.15924916,0.032094933,0.04887879,0.48177475,68.87822,26.718634,7.122272,82.054535
2007.4775,0.32503828,0.17477576,0.06333541,0.07593092,0.6921861,71.16915,29.308064,7.196282,149.57225
2008.4307,1.1501946,0.56802016,0.015888372,0.2526129,1.6701941,79.2222,45.87835,7.269718,1861.4454
2007.7983,0.5759955,0.25342554,0.031479873,0.11109193,0.90098524,73.779724,35.931316,7.308846,804.5688
2007.4375,0.21398728,0.12521382,0.019102143,0.03953382,0.421805,68.265045,26.165579,7.0823083,86.14413
2007.394,0.32806286,0.20968261,0.040689465,0.06541389,0.64293396,69.526306,27.46209,7.127237,109.413536
2007.3937,0.35707116,0.2538687,0.0367062,0.085560195,0.8286975,70.17553,28.63801,7.1128554,210.58582
2007.4504,0.3274514,0.17823154,0.047750402,0.06336828,0.6208714,70.57948,28.907463,7.1766624,121.224754
2007.4376,0.21341342,0.12498573,0.01900362,0.039474256,0.4214378,68.26058,26.16165,7.081973,86.19801
2007.4288,0.24715152,0.13839422,0.024795828,0.042976245,0.4430229,68.523155,26.392654,7.1017027,83.02796
2007.4323,0.2339612,0.13315202,0.022531299,0.0416071,0.43458396,68.420494,26.30234,7.0939894,84.26732
2007.4426,0.19429189,0.11738629,0.015720809,0.03748945,0.40920416,68.11176,26.030724,7.070791,87.99473
2007.4402,0.20350462,0.12104769,0.01730246,0.03844573,0.41509834,68.183464,26.093803,7.076178,87.12909
2007.623,0.49017626,0.29458025,0.023120107,0.10195074,0.970711,71.03138,31.32673,7.2019672,336.8937
2008.5522,2.0618536,1.3142146,0.15936056,0.5384307,4.2180223,81.239586,48.805893,7.331696,1498.6266
2007.5271,0.3922642,0.23779224,0.09173057,0.10468092,0.94764584,72.49164,30.520458,7.2518196,175.62054
2007.5706,0.22260438,0.148838,0.026795207,0.045702234,0.61752594,68.86018,26.785513,7.143079,139.58195
2007.4218,0.304367,0.16635923,0.03574682,0.050923087,0.50526774,69.0941,26.963205,7.136905,80.95067
2007.4254,0.2579118,0.14304236,0.026638584,0.04423425,0.45100576,68.60903,26.469515,7.107565,82.31125
2007.4142,0.28318837,0.15583128,0.030944237,0.047899295,0.47528583,68.82145,26.666096,7.1191707,82.10865
2007.45,0.20103909,0.11679975,0.017152866,0.037556402,0.41511697,68.21509,26.124521,7.0812693,92.93905
2006.8628,1.4883085,1.297289,0.65718174,0.37767854,4.143962,79.337036,43.18207,7.448497,400.99884
2007.4196,0.30161324,0.16500473,0.03503058,0.05053353,0.50062907,69.05138,26.914406,7.133984,81.177124
2007.4114,0.2896077,0.15907918,0.032037713,0.04883008,0.48145208,68.8754,26.71602,7.122118,82.0572
2007.7245,0.837125,0.50104296,0.10482733,0.2031717,1.6598202,75.89859,37.135517,7.3984222,473.80936
2007.4279,0.2509326,0.13989694,0.025444971,0.043368723,0.445442,68.55258,26.418543,7.103914,82.67268
2007.4457,0.21739875,0.12329544,0.01996203,0.03925334,0.42558658,68.34251,26.236624,7.090849,91.412285
2007.4287,0.24739715,0.13849185,0.024838002,0.04300174,0.44318008,68.52507,26.394337,7.1018467,83.004845
2007.4363,0.21841978,0.12697542,0.019863123,0.039993912,0.4246408,68.299545,26.195927,7.084901,85.727615
2007.1073,0.6124361,0.38368887,0.3605628,0.09718132,1.1704398,74.10466,34.06873,7.4964366,130.34447
2007.8141,0.82828915,0.55234367,0.17815502,0.21078385,1.8346555,76.12549,36.268528,7.5006914,325.1325
2007.4235,0.2624013,0.14531386,0.027403334,0.04488522,0.45531827,68.64676,26.50443,7.1096263,82.27526
2007.6597,0.25204444,0.12873973,0.057557065,0.07110733,0.6576542,73.071945,32.526276,7.179657,868.91675
2007.5114,0.2748893,0.18592569,0.03406602,0.051867403,0.6121051,68.7911,26.65922,7.1372886,79.88881
2007.4335,0.22931173,0.13130419,0.021733066,0.04112449,0.43160933,68.384315,26.270504,7.09127,84.704185
2007.3932,0.33039823,0.20892085,0.041291993,0.065649964,0.64225686,69.59469,27.545382,7.129919,110.71905
2007.4232,0.3168219,0.19187357,0.03852154,0.057426006,0.581467,69.197174,27.064348,7.1356263,86.5561
2007.4482,0.30386442,0.20104197,0.0373112,0.058473896,0.62243634,69.05634,26.930202,7.1291904,85.776764
2007.4316,0.33000854,0.17663503,0.04229666,0.055269558,0.54467875,69.5833,27.536283,7.161619,85.48695
2007.4264,0.33592388,0.17746265,0.04372882,0.056747146,0.55127335,69.7565,27.746853,7.1656785,90.92151
2007.4415,0.19833957,0.11899496,0.01641572,0.0379096,0.41179383,68.143265,26.05844,7.073158,87.61439
2007.5387,0.2556763,0.16327837,0.03113558,0.046234667,0.5792067,68.73489,26.59896,7.1453414,91.70248
2007.4371,0.32385653,0.17577428,0.040807202,0.053732857,0.53782046,69.40316,27.317291,7.1573973,79.835
2007.3623,0.43759832,0.3082456,0.049590938,0.10487354,0.94737583,71.251945,30.131199,7.135143,215.45709
2007.4331,0.32838285,0.17640758,0.041903064,0.05486348,0.54286647,69.5357,27.478415,7.1605034,83.9934
2007.4672,0.3738726,0.26652852,0.032972552,0.08915588,0.8866052,70.27487,29.14008,7.12994,237.47737
2007.4291,0.31316584,0.17068714,0.038035363,0.0521678,0.5200893,69.230606,27.119135,7.146239,80.227036
2007.4358,0.22040878,0.1277659,0.020204594,0.040200364,0.42591333,68.315025,26.209547,7.086064,85.54074
2007.4294,0.24479719,0.13745855,0.024391634,0.04273187,0.44151667,68.50483,26.376534,7.100326,83.24915
2007.4398,0.3402004,0.18246186,0.04620295,0.058878936,0.5781616,69.978775,28.045238,7.174244,92.661476
2007.3972,0.55270875,0.31396702,0.2963185,0.08357154,1.0394661,73.11785,33.081375,7.4891305,108.778366
2007.6187,0.19927067,0.097398214,0.022549791,0.029925058,0.48497605,68.5754,26.429241,7.168583,127.06757
2007.4955,0.17449585,0.091965385,0.013560573,0.03174439,0.4064389,68.23479,26.158741,7.0951877,119.890015
2007.4493,0.22542605,0.124425046,0.021512737,0.03968717,0.43172872,68.43703,26.3216,7.0996623,94.175415
2007.4309,0.23907721,0.13518527,0.023409618,0.04213814,0.43785712,68.46031,26.33737,7.096981,83.78664
2007.4904,0.28354552,0.2102314,0.035790756,0.05967032,0.68148285,68.94399,26.85316,7.124396,90.39275
2007.4246,0.25972554,0.14396003,0.026947541,0.044497237,0.452748,68.62427,26.483622,7.108398,82.29668
2007.5153,0.4319336,0.28533354,0.10386631,0.12141293,1.0894603,72.95139,30.894567,7.2594004,185.94185
2007.4172,0.2762682,0.15232995,0.029765448,0.046895884,0.4686385,68.7633,26.612276,7.115993,82.16413
2007.7434,0.8380433,0.3466373,0.03122739,0.16484375,1.1570114,76.81449,40.83001,7.3127832,1143.539
2007.4049,0.3248512,0.20240253,0.04014481,0.062432393,0.6187661,69.432274,27.348776,7.131808,101.191414
2007.4696,0.1448457,0.09266069,0.007656762,0.031373493,0.38004747,67.80583,25.766071,7.0520186,101.302055
2007.4673,0.22837272,0.11890696,0.022578822,0.03869656,0.4368808,68.56397,26.439203,7.1147575,105.316376
2007.4226,0.3053446,0.16684009,0.036001094,0.05106138,0.50691456,69.10927,26.98053,7.1379423,80.87025
2007.4551,0.14636998,0.09834076,0.0074935085,0.03251519,0.37854454,67.73879,25.702602,7.042766,92.497536
2007.4651,0.107796505,0.08301053,0.0008711457,0.028511291,0.35386586,67.43858,25.438488,7.0202084,96.121956
2007.4053,0.3690426,0.2759851,0.05436243,0.086189404,0.8474569,70.50177,28.76252,7.138564,109.82068
2007.4551,0.336592,0.18303208,0.048126675,0.061604813,0.6109866,70.33511,28.54593,7.1809654,105.40406
2007.568,0.22766635,0.14731544,0.027352484,0.044390075,0.59722024,68.80724,26.712812,7.1458774,128.0644
2007.4426,0.31214926,0.17019497,0.047120485,0.066320494,0.6374196,70.98858,29.512705,7.1694593,147.7101
2007.4231,0.30586913,0.16709809,0.03613752,0.051135585,0.50779814,69.1174,26.989826,7.1384983,80.827126
2007.4778,0.32827085,0.20356725,0.09593344,0.077006206,0.7654726,71.40693,29.899029,7.240184,146.1873
2007.4343,0.30730668,0.1807891,0.036539625,0.053068954,0.54520494,69.00044,26.834265,7.136004,76.70343
2007.4314,0.33029526,0.17667514,0.04236608,0.05534118,0.54499847,69.59169,27.54649,7.1618156,85.75036
2007.4487,0.17081633,0.10805642,0.011690488,0.03505271,0.3941849,67.929054,25.869986,7.057062,90.20055
2007.4689,0.32156172,0.17294541,0.058707837,0.07360798,0.6776055,71.127144,29.356585,7.1887226,149.63165
2007.4359,0.32145533,0.1747645,0.040191416,0.053340454,0.53405285,69.35921,27.266037,7.155032,79.545296
2007.4237,0.30670708,0.16751026,0.03635547,0.051254123,0.50920963,69.1304,27.004677,7.1393876,80.75822
2008.4647,1.8694768,1.1767771,0.1607179,0.4756846,3.7833123,80.811775,47.175713,7.3284035,1372.4233
2007.43,0.24240725,0.13650872,0.023981323,0.042483795,0.43998763,68.48623,26.36017,7.0989285,83.47373
2007.6439,0.6184388,0.4273295,0.1582857,0.1653045,1.4974631,74.85463,34.046246,7.3987074,256.14203
2007.4402,0.30799115,0.19463186,0.037445564,0.056901053,0.5952798,69.06283,26.92057,7.1325545,82.90526
2007.4349,0.3262453,0.17610851,0.04138555,0.054329548,0.5404835,69.47311,27.402325,7.1590366,82.02961
2007.4406,0.20199205,0.120446555,0.017042784,0.038288724,0.41413063,68.17169,26.083447,7.0752935,87.2712
2007.4249,0.38983408,0.3221876,0.19814627,0.09604065,1.1401409,74.29868,34.81101,7.398675,221.13956
2007.4557,0.33767456,0.18360063,0.04817124,0.061395954,0.6098159,70.30617,28.503113,7.1814747,103.53033
2007.4109,0.29079163,0.1596782,0.032239385,0.049001746,0.48258933,68.88535,26.725227,7.1226616,82.04772
2007.4417,0.19791216,0.11882509,0.016342344,0.037865236,0.41152036,68.13994,26.055511,7.072908,87.654564
2007.4344,0.22569302,0.129866,0.021111803,0.040748872,0.4292941,68.35615,26.245728,7.089154,85.04421
2007.4464,0.17979562,0.11162506,0.013232069,0.03598475,0.3999297,67.99894,25.931467,7.0623136,89.35681
2007.4282,0.24936767,0.139275,0.0251763,0.04320628,0.44444078,68.540405,26.407827,7.1029987,82.81972
2007.4364,0.21780957,0.1267329,0.019758357,0.039930575,0.42425042,68.29479,26.19175,7.0845437,85.78496
2007.4486,0.34117803,0.1840311,0.04733789,0.059823517,0.59217227,70.09959,28.208004,7.1790566,95.09777
2007.4308,0.2393901,0.13530962,0.02346334,0.042170614,0.4380573,68.46275,26.339512,7.097164,83.75723
2007.4172,0.32619566,0.19119379,0.040858917,0.059132174,0.58591545,69.47164,27.398321,7.144034,93.63122
2007.7466,0.64442515,0.28195328,0.02765187,0.12539001,0.9758761,74.256966,36.810658,7.311423,819.6799
2007.6586,0.9206021,0.43431342,0.019211357,0.18915194,1.3923378,76.41717,40.65916,7.2854834,981.2252
2007.5381,0.23315579,0.123549566,0.025935663,0.03653646,0.47402385,68.56461,26.405758,7.14626,95.38569
2007.4293,0.3325724,0.17699374,0.0429174,0.055909988,0.547537,69.65837,27.62755,7.1633787,87.84243
2007.4181,0.2744966,0.15143359,0.029463666,0.046639007,0.4669367,68.748405,26.5985,7.11518,82.178314
2007.4362,0.21901092,0.12721035,0.019964611,0.040055268,0.42501903,68.304146,26.199976,7.085246,85.672104
2007.4144,0.28271344,0.15559098,0.03086334,0.047830433,0.47482967,68.81746,26.662403,7.1189528,82.112465
2007.4271,0.253498,0.1409165,0.025885405,0.04363501,0.4470833,68.57255,26.43611,7.1054144,82.43163
2007.2952,0.4562855,0.3995115,0.27997318,0.103700764,1.2929529,75.03922,36.177853,7.479581,225.5857
2007.5686,0.19902007,0.093724556,0.01652267,0.023556625,0.48962277,68.64126,26.578203,7.1787157,127.79511
2007.448,0.32279292,0.17578493,0.047558635,0.06426704,0.62590927,70.704025,29.09172,7.1744695,129.2878
2007.4211,0.26751482,0.14790109,0.028274378,0.045626663,0.4602302,68.689735,26.5442,7.1119742,82.23427
2007.4568,0.13958396,0.095643796,0.0063284687,0.03181081,0.37420297,67.68598,25.656137,7.038798,93.13515
2007.4387,0.20908579,0.12326581,0.018260648,0.039025053,0.41866907,68.2269,26.132017,7.079442,86.60469
2007.4257,0.33668733,0.17756948,0.04391366,0.056937844,0.55212444,69.778854,27.774029,7.1662025,91.62288
2007.4261,0.3074265,0.17076606,0.036516845,0.05174315,0.5179689,69.107956,26.973484,7.139039,79.83185
2007.3944,0.4074027,0.34975812,0.22041039,0.0999742,1.2082832,74.76839,35.63678,7.427498,234.3423
2007.4296,0.24417515,0.13721134,0.024284841,0.0426673,0.4411187,68.49999,26.372274,7.099962,83.307594
2007.457,0.34028766,0.18497302,0.048278812,0.06089181,0.60699,70.236305,28.399757,7.182705,99.00749
2007.452,0.3413642,0.18466622,0.04771822,0.060129367,0.59725267,70.13766,28.260315,7.1806946,95.67852
2007.4626,0.11711158,0.08671262,0.0024703755,0.02947819,0.3598255,67.51108,25.50227,7.025656,95.24669
2007.4498,0.16622075,0.10623001,0.010901513,0.034575686,0.39124474,67.89329,25.83852,7.0543747,90.632324
2007.4292,0.33266848,0.17700718,0.04294066,0.05593399,0.54764414,69.66118,27.63097,7.1634445,87.93073
2007.4452,0.1840775,0.113326795,0.013967188,0.036429208,0.40266916,68.032265,25.960785,7.0648174,88.95449
2007.4282,0.33377036,0.17716137,0.043207437,0.056209225,0.54887253,69.69344,27.670195,7.164201,88.94302
2007.4768,0.32464683,0.17391948,0.06213523,0.07569539,0.68911076,71.15965,29.29826,7.1945457,149.65884
2007.6078,0.85658413,0.47859633,0.045298364,0.19129983,1.5297717,76.0273,39.16236,7.302226,661.40485
2007.4147,0.28224978,0.15535638,0.030784352,0.0477632,0.47438422,68.81356,26.658796,7.1187396,82.11618
2007.4769,0.34255674,0.22677727,0.050740782,0.06955463,0.7231735,70.16835,28.37498,7.1690903,86.167145
2007.4232,0.2628392,0.14553542,0.027477926,0.044948705,0.4557389,68.65044,26.507837,7.1098275,82.271736
2007.4232,0.26275685,0.14549375,0.0274639,0.04493677,0.45565978,68.64975,26.507196,7.10979,82.272415
2009.9045,1.9948025,1.1901973,-0.033362538,0.5071499,3.2272773,83.76108,57.710934,7.225052,3340.563
2007.4525,0.37276232,0.25589135,0.12934446,0.09190037,0.9577963,73.13633,32.4857,7.3006053,199.73402
2007.411,0.2913227,0.15994312,0.032354068,0.0490778,0.48329479,68.89173,26.732042,7.123068,82.02344
2007.452,0.3307,0.17993768,0.047884133,0.06274153,0.6173583,70.49263,28.778973,7.1781917,115.602
2007.4342,0.32709432,0.17622729,0.0415911,0.054541618,0.54142994,69.49796,27.432547,7.1596193,82.809586
2007.4701,0.2433062,0.13314918,0.02548406,0.04066106,0.4556631,68.55329,26.41061,7.1197057,87.93273
2007.4219,0.26573342,0.14699978,0.02797093,0.045368362,0.458519,68.67476,26.530346,7.1111565,82.24856
2007.5803,0.47068375,0.28708795,0.025520468,0.09923978,0.94177866,70.907814,30.899881,7.18773,316.16898
2007.4114,0.2895661,0.15905814,0.032030627,0.04882405,0.48141214,68.87505,26.715696,7.122099,82.05755
2007.4288,0.24692522,0.1383043,0.024756977,0.042952757,0.44287813,68.52139,26.391104,7.1015706,83.049225
2007.4163,0.27860594,0.15351273,0.030163655,0.047234852,0.47088403,68.78294,26.630457,7.1170664,82.14539
2007.4565,0.6366201,0.38246834,0.04316921,0.14504121,1.2034181,73.53466,34.566296,7.214881,438.21417
2007.4325,0.23304357,0.13278732,0.022373756,0.04151185,0.4339969,68.41335,26.296057,7.0934525,84.353546
2007.4517,0.17920202,0.09338146,0.0059285737,0.021600446,0.4582468,68.43038,26.486712,7.131188,122.90274
2007.4755,0.327165,0.17640908,0.06389206,0.07658019,0.6992732,71.25966,29.441372,7.1978707,152.96109
2007.4279,0.31166413,0.16994849,0.03764477,0.05195536,0.5175597,69.207306,27.092522,7.1446457,80.350525
2007.4904,0.38651255,0.26887825,0.030867418,0.09164481,0.9088739,70.44612,29.536688,7.139122,264.06778
2007.5048,0.2706872,0.20116203,0.034004133,0.058173385,0.68301547,68.96146,26.88483,7.1257863,105.13089
2007.4282,0.33577013,0.17835784,0.043785874,0.05676106,0.55297655,69.74327,27.733416,7.1656427,89.24905
2007.4335,0.32789305,0.17633905,0.04178448,0.054741133,0.54232043,69.521355,27.460978,7.160167,83.54341
2007.4337,0.22840595,0.13094419,0.021577561,0.041030467,0.43102977,68.377266,26.264303,7.0907407,84.78931
2007.4502,0.24502082,0.13459884,0.025111867,0.041682214,0.44867063,68.553375,26.416882,7.1117277,87.50601
2007.4226,0.30225176,0.23276311,0.037898794,0.07164026,0.75689703,69.429184,27.407131,7.106017,133.87958
2007.4442,0.18780404,0.11480784,0.014606962,0.036816016,0.40505335,68.061264,25.986301,7.0669966,88.60432
2007.3839,0.32906923,0.21460712,0.04054264,0.06730541,0.6576921,69.5469,27.482138,7.1216946,115.37886
2007.4214,0.26693958,0.14761005,0.028176391,0.045543253,0.45967764,68.6849,26.539726,7.11171,82.238884
2007.8002,0.6163197,0.24792896,0.035091482,0.11781207,0.88695353,74.74478,37.406857,7.3323884,942.2804
2007.4498,0.1664958,0.10633931,0.010948731,0.034604233,0.39142066,67.895424,25.840403,7.054536,90.60649
2007.4539,0.33416906,0.18175958,0.048026934,0.062072262,0.6136068,70.39989,28.641764,7.179825,109.597725
2007.4122,0.28783834,0.15818396,0.031736318,0.04857353,0.47975248,68.86053,26.70226,7.1213055,82.07139
2007.4146,0.28233838,0.15540121,0.03079945,0.047776047,0.47446936,68.81431,26.659485,7.11878,82.11546
2007.4243,0.26045984,0.14433156,0.027072622,0.04460371,0.45345336,68.63044,26.489332,7.108735,82.290825
2007.4161,0.27889627,0.15365963,0.030213108,0.047276948,0.47116295,68.78538,26.632715,7.1172,82.143074
2007.4778,0.3267156,0.18971501,0.080249794,0.07648886,0.7302128,71.29253,29.614702,7.2190614,147.81587
2007.4763,0.21534084,0.11171037,0.020510437,0.036952868,0.42952842,68.49392,26.379354,7.1111693,109.98428
2007.4349,0.320252,0.17417261,0.039878435,0.053170227,0.5320259,69.34054,27.244713,7.1537557,79.64426
2007.4537,0.26315996,0.20559156,0.032243073,0.069196224,0.7759947,69.61813,27.660116,7.1068077,196.03583
2007.4249,0.33748785,0.17768148,0.044107474,0.057137806,0.55301684,69.80229,27.802525,7.166752,92.358345
2007.17,2.527639,1.986542,0.80165154,0.6451756,6.3031626,81.08861,45.84681,7.3868012,653.09485
2007.4373,0.2146332,0.12547052,0.019213034,0.039600864,0.42221823,68.27007,26.17,7.0826864,86.08342
2007.361,0.046185687,0.072953574,0.06624323,0.057133228,0.59479284,72.24741,29.472706,7.0515676,760.00684
2007.4371,0.322943,0.17549625,0.040578358,0.05355091,0.5365589,69.382286,27.292402,7.1566105,79.422935
2007.4277,0.25146702,0.14010933,0.025536718,0.043424193,0.4457839,68.55674,26.422203,7.1042266,82.62247
2007.4308,0.33093974,0.17676531,0.04252211,0.05550216,0.5457169,69.610565,27.569431,7.162258,86.34247
2007.4575,0.39381152,0.28911337,0.1552384,0.100114785,1.0697458,73.774216,33.40599,7.341225,211.87779
2007.4188,0.27282557,0.15058811,0.02917902,0.046396714,0.46533158,68.73436,26.585503,7.114413,82.19172
2007.6738,0.15273759,0.050689988,0.015575821,0.02023759,0.44282106,68.574745,26.450617,7.1812544,172.7158
2007.4326,0.32883093,0.17647026,0.042011548,0.054975405,0.54336596,69.54881,27.494364,7.160811,84.405045
2007.4564,0.33931652,0.18446298,0.048238833,0.061079174,0.6080403,70.262276,28.438168,7.1822476,100.68839
2007.4777,0.32607305,0.18399216,0.07377033,0.076275125,0.7156458,71.24526,29.497238,7.2103353,148.48871
2007.4458,0.18191141,0.11246593,0.013595307,0.036204368,0.40128335,68.0154,25.945953,7.0635505,89.158
2007.8263,0.71879536,0.28529403,0.038141232,0.13662362,0.9775865,75.95575,39.323105,7.3273253,1105.587
2007.4276,0.33455035,0.17727049,0.043396275,0.056404054,0.5497421,69.716286,27.697958,7.164736,89.65961
2007.4291,0.3327885,0.17702398,0.04296971,0.05596396,0.5477779,69.664696,27.635242,7.163527,88.040955
2007.4525,1.1631912,1.0039033,0.4387475,0.29454005,3.1403139,78.15715,40.95759,7.48302,406.56894
2007.4308,0.33094722,0.17676637,0.042523924,0.05550403,0.5457252,69.61078,27.569698,7.1622634,86.349335
2007.4268,0.25472257,0.14142874,0.026095329,0.04377182,0.4479423,68.58223,26.444712,7.1061006,82.3368
2007.4607,0.51699865,0.41738427,0.21072182,0.14112996,1.4515351,75.42352,35.47309,7.4231315,257.43747
2007.5647,0.4676642,0.2843927,0.02630422,0.0985083,0.92913866,70.89045,30.800564,7.1843333,310.72464
2007.4812,0.26003748,0.15643553,0.029412357,0.04532723,0.51347065,68.629326,26.484184,7.126119,78.44613
2007.4526,0.3317932,0.18051179,0.047929134,0.06253064,0.6161761,70.46341,28.735735,7.178706,113.709915
2007.4451,0.184555,0.11351657,0.014049163,0.03647877,0.4029747,68.03598,25.964056,7.065097,88.90961
2007.512,0.41908583,0.28438324,0.12784263,0.11470205,1.0923561,73.36811,31.892515,7.302946,196.51091
2007.421,0.3033913,0.16587932,0.035493053,0.050785065,0.50362426,69.078964,26.945915,7.13587,81.03089
2007.4536,0.33375484,0.18154204,0.048009884,0.062152177,0.6140548,70.410965,28.658148,7.17963,110.31465
2007.438,0.21209306,0.12446099,0.01877694,0.039337203,0.42059308,68.250305,26.152609,7.0812006,86.3221
2007.4185,0.27352878,0.1509439,0.029298807,0.04649867,0.46600705,68.74027,26.590971,7.1147356,82.18609
2007.5385,0.25299266,0.16664049,0.030913407,0.047884226,0.59985614,68.78608,26.667723,7.142179,100.67598
2007.4326,0.23267017,0.13263892,0.022309648,0.04147309,0.433758,68.41045,26.2935,7.093234,84.388626
2007.486,0.431502,0.27055717,0.030740159,0.09349197,0.8758042,70.66113,30.010065,7.15797,272.3696
2007.4465,0.365022,0.2767371,0.1597963,0.08837705,0.99473876,73.14219,32.866116,7.3385153,190.16637
2007.1626,0.5970638,0.5815651,0.3946457,0.13758902,1.8405886,76.86347,39.724834,7.578055,238.97708
2007.4459,0.3185511,0.17355716,0.04738402,0.0650854,0.63049644,70.81743,29.259495,7.172473,136.62962
2007.4199,0.30217034,0.16527876,0.035175484,0.05061234,0.5015675,69.06002,26.924278,7.134575,81.131325
2007.2449,0.6138397,0.34516445,0.34047198,0.08888779,1.0837414,73.4752,33.348747,7.503451,105.39695
2007.9323,0.9512271,0.42034867,0.032003704,0.19238153,1.339082,77.908226,42.725468,7.2802567,1392.2771
2007.4865,0.15041879,0.08829818,0.009164387,0.030677168,0.3868253,67.951485,25.900028,7.068426,112.005424
2007.4304,0.34020355,0.18070689,0.04534723,0.05822268,0.5655814,69.90033,27.93421,7.170482,92.05821
2007.4137,0.29459426,0.1615523,0.03320498,0.049540605,0.48880565,68.94249,26.790018,7.1265383,81.75439
2007.5629,0.24091446,0.14074439,0.028736813,0.039990276,0.53407085,68.64527,26.491945,7.154901,95.018105
2007.4692,0.23428111,0.123369016,0.023743005,0.039342742,0.44381538,68.577805,26.445765,7.1180277,100.585434
2007.419,0.27254033,0.15044379,0.02913043,0.046355348,0.46505758,68.731964,26.583284,7.1142817,82.193985
2007.4343,0.31955746,0.17383099,0.039697785,0.053071976,0.53085595,69.329765,27.232405,7.153019,79.701385
2007.45,0.36046922,0.26437283,0.14790225,0.08695732,0.9584958,72.91466,32.44984,7.3211303,185.78888
2007.4192,0.2718608,0.15009998,0.029014679,0.046256818,0.46440485,68.72626,26.578,7.11397,82.19944
2007.139,0.6245856,0.6097135,0.41040933,0.14469211,1.9336209,77.00396,40.044277,7.5797462,241.58199
2009.2836,1.1247023,0.5809033,0.047490988,0.2425147,1.5954962,80.30017,47.438625,7.224155,2575.8003
2007.3779,0.22081915,0.18106814,0.04039732,0.08124418,0.8308902,71.2883,29.481873,7.085328,472.7424
2007.4208,0.26828095,0.14828871,0.028404882,0.045737747,0.4609661,68.69617,26.550158,7.112326,82.22815
2007.462,0.2989628,0.1986767,0.03682732,0.056932833,0.61817104,68.97975,26.848188,7.1312366,80.720985
2007.443,0.33797708,0.18313268,0.045691937,0.058318898,0.57671016,69.893936,27.94378,7.1723967,88.59294
2007.43,0.33176136,0.17688027,0.042721037,0.0557074,0.5466329,69.63462,27.598679,7.162822,87.09731
2007.4718,0.47579822,0.27958757,0.029012164,0.102312334,0.9102908,71.23194,30.98766,7.169542,332.8992
2007.4171,0.27679354,0.15259573,0.029854925,0.04697206,0.4691431,68.76771,26.616362,7.1162343,82.15991
2007.4287,0.31271398,0.17046487,0.03791783,0.052103877,0.5193282,69.223595,27.111128,7.1457596,80.2642
2007.4309,0.33078355,0.17674346,0.042484295,0.055463146,0.5455428,69.60599,27.563871,7.162151,86.19896
2007.4347,0.3254314,0.17684215,0.0411596,0.054396644,0.5421306,69.44927,27.373226,7.1576376,81.93591
2007.452,0.33049518,0.17983009,0.047875702,0.06278106,0.6175798,70.49811,28.787075,7.1780953,115.95655
2007.4313,0.23771852,0.13464528,0.023176355,0.04199711,0.43698782,68.44974,26.328066,7.0961866,83.91429
2007.4149,0.28156307,0.15500894,0.030667385,0.04766363,0.47372466,68.80779,26.653456,7.1184244,82.12165
2007.4211,0.30363357,0.16599847,0.035556063,0.050819334,0.5040324,69.082726,26.950209,7.136127,81.010994
2007.4456,0.18270126,0.11277985,0.013730915,0.036286354,0.40178868,68.02155,25.951363,7.0640125,89.08378
2007.4482,0.3232122,0.17600511,0.047575895,0.06418615,0.62545586,70.69282,29.075136,7.174667,128.56212
2007.4203,0.30254835,0.16546468,0.035273798,0.050665814,0.5022043,69.06589,26.930977,7.134976,81.10023
2007.4276,0.2516914,0.14019851,0.025575245,0.043447487,0.44592744,68.55849,26.423738,7.1043577,82.60138
2007.4297,0.31390098,0.17104873,0.03822657,0.052271795,0.52132773,69.24201,27.132162,7.147019,80.16656
2007.4323,0.3111591,0.17756839,0.037443623,0.05293392,0.5371729,69.108345,26.96443,7.141096,78.04078
2007.4777,0.32666638,0.18927696,0.07975383,0.0764725,0.7290978,71.28891,29.605711,7.2183933,147.86739
2007.4711,0.33210617,0.1850324,0.07101282,0.078104906,0.7272124,71.48834,29.82237,7.2091765,159.26804
2007.4125,0.29317752,0.16085543,0.032836486,0.049340185,0.48641917,68.92051,26.764912,7.1250353,81.870895
2007.4254,0.25782788,0.14299989,0.026624283,0.044222075,0.4509251,68.60832,26.468863,7.107527,82.31191
2007.4149,0.3336613,0.18850301,0.04279378,0.059805285,0.58298016,69.69025,27.664629,7.1528616,97.607346
2007.539,0.25229204,0.16672385,0.03083262,0.048018284,0.60217386,68.79225,26.676277,7.1418757,102.12716
2007.4441,0.31506512,0.17172635,0.047240518,0.065757945,0.63426626,70.91063,29.397375,7.1708317,142.66325
2007.4177,0.2993909,0.16391163,0.034452565,0.050219152,0.49688557,69.0169,26.875023,7.1316266,81.359886
2007.5773,0.7500479,0.44631603,0.0627492,0.17425723,1.4367923,75.050674,36.803234,7.297913,494.45932
2007.5665,0.47851557,0.28519022,0.02592274,0.09946268,0.92764235,70.97165,30.970604,7.189194,318.10483
2007.4238,0.33869818,0.17785083,0.044400502,0.057440132,0.5543662,69.83774,27.84561,7.1675825,93.4703
2007.4313,0.23784065,0.13469383,0.023197325,0.04200979,0.437066,68.45069,26.328903,7.0962577,83.902824
2007.4319,0.23530282,0.13368522,0.022761634,0.041746363,0.4354423,68.43094,26.311525,7.094774,84.14129
2007.4277,0.25143227,0.14009552,0.025530757,0.043420583,0.44576165,68.55647,26.421965,7.104206,82.62574
2007.4222,0.304939,0.16664056,0.035895593,0.051004004,0.5062313,69.102974,26.973343,7.1375117,80.90361
2007.4613,0.12225096,0.08875515,0.003352718,0.030011652,0.36311355,67.55108,25.537458,7.0286617,94.763794
2007.428,0.2504363,0.13969971,0.025359767,0.043317206,0.44512448,68.54872,26.415144,7.103624,82.71931
2007.4502,0.327088,0.17804065,0.04773544,0.0634384,0.62126446,70.589195,28.921839,7.1764913,121.853775
2007.4375,0.34058857,0.18202026,0.046133727,0.05885516,0.5760873,69.97906,28.042385,7.17387,93.259125
2007.4272,0.3110109,0.16962717,0.03747487,0.051862955,0.51645935,69.197174,27.080946,7.143953,80.40426
2007.4309,0.23926309,0.13525915,0.023441533,0.04215743,0.43797603,68.46176,26.338642,7.09709,83.76916
2007.4249,0.25902686,0.14360653,0.026828522,0.044395924,0.45207682,68.6184,26.478188,7.108077,82.30229
2007.453,0.3414164,0.18484424,0.047824834,0.0602151,0.59867674,70.14832,28.274979,7.181154,95.84131
2007.437,0.21587269,0.12596312,0.019425834,0.039729524,0.4230112,68.27972,26.178488,7.083411,85.96697
2007.4541,0.22432342,0.12240576,0.021455849,0.039266285,0.43179545,68.453026,26.337078,7.102178,96.97777
2007.4412,0.34078336,0.1826848,0.046531677,0.059175182,0.581403,70.01889,28.097118,7.175584,93.86676
2007.4108,0.29097033,0.15976863,0.032269828,0.04902766,0.482761,68.88685,26.726618,7.1227436,82.04629
2007.4491,0.16916813,0.10740138,0.0114075225,0.03488162,0.39313042,67.91623,25.858702,7.0560985,90.355385
2007.4501,0.18283181,0.11119488,0.013890406,0.035982657,0.4026716,68.04802,25.976097,7.067361,91.86548
2007.4362,0.32492176,0.17592332,0.0410651,0.053998936,0.53900796,69.43435,27.35521,7.1581283,80.81362
2007.4608,0.2949757,0.22114964,0.03718633,0.064348415,0.706189,69.10845,27.035894,7.117586,100.192566
2007.4274,0.2524507,0.14050028,0.025705604,0.043526296,0.44641325,68.5644,26.428938,7.1048017,82.53004
2007.4286,0.2480452,0.1387494,0.024949258,0.043069005,0.44359466,68.53011,26.398773,7.1022253,82.94397
2007.6597,0.511205,0.3010794,0.020955639,0.10455388,0.99350476,71.16652,31.752966,7.216098,356.94656
2007.4459,0.3410371,0.18355028,0.047049966,0.059591975,0.5883262,70.07076,28.168404,7.1778164,94.65816
2007.4464,0.18838578,0.114235386,0.014774142,0.03672064,0.40581805,68.07829,26.00199,7.0689435,89.92143
2007.4489,0.43505457,0.31959832,0.07794837,0.11357747,1.0761043,72.40736,31.040985,7.2002506,175.51668
2007.4355,0.22127809,0.12811138,0.020353837,0.0402906,0.4264695,68.321785,26.215498,7.086572,85.459045
2007.9036,1.3900573,1.0843632,0.35730416,0.3546286,3.3776515,78.440834,40.960976,7.4444084,574.7269
2007.43,0.31427124,0.17123084,0.038322866,0.052324172,0.5219514,69.24776,27.138723,7.1474113,80.13612
2007.5074,0.27873218,0.18809298,0.0345844,0.052111976,0.6095455,68.78097,26.64333,7.13723,74.87452
2007.5385,0.25337622,0.16630861,0.030949427,0.04770396,0.5974798,68.780106,26.659653,7.1425333,99.56023
2007.5288,0.26287663,0.17124757,0.032218937,0.04815214,0.5895312,68.751274,26.615416,7.142664,86.69362
2007.4242,0.30037242,0.23505935,0.037773944,0.07250445,0.7693596,69.446304,27.433691,7.1042776,137.77354
2007.4133,0.28532684,0.15691324,0.031308502,0.04820936,0.47733998,68.839424,26.682728,7.1201525,82.09152
2007.4971,0.27570885,0.20801851,0.03479694,0.05999551,0.69523966,68.98462,26.911663,7.123066,103.094925
2007.4307,0.315087,0.17163208,0.03853504,0.05243957,0.5233255,69.260414,27.153181,7.148277,80.06902
2007.4379,0.25709194,0.14766015,0.027085653,0.044775292,0.46866462,68.59279,26.455482,7.1094613,80.261375
2007.4058,0.27829742,0.22436127,0.034096647,0.07798343,0.8318582,69.94132,28.029385,7.0933647,222.33534
2007.4193,0.27157217,0.14995396,0.028965516,0.046214968,0.46412763,68.72383,26.575754,7.1138372,82.201744
2007.4337,0.32763934,0.17630355,0.041723058,0.054677762,0.54203755,69.51392,27.451946,7.159993,83.31033
2007.3971,0.29620823,0.23908618,0.036885154,0.078856565,0.82469344,69.801254,27.85527,7.0932846,186.94505
2007.4524,0.33136722,0.18028808,0.0479116,0.06261282,0.6166368,70.47479,28.752584,7.178506,114.447205
2007.4227,0.26403332,0.14613959,0.02768133,0.045121856,0.45688596,68.66048,26.517124,7.110376,82.262184
2007.4867,0.36215115,0.24845362,0.026739636,0.09625083,0.9599711,71.10734,30.398281,7.1355395,382.79333
2007.4778,0.3282399,0.20329143,0.09562118,0.07699591,0.76477057,71.40465,29.893368,7.2397633,146.21973
2008.2528,1.4362825,0.8963721,0.18868001,0.3528118,2.9188876,79.44724,42.16483,7.3581963,979.9398
2007.7301,0.15025762,0.103769474,0.076636255,0.058589663,0.6137087,73.2251,31.652805,7.087396,1028.7826
2007.4238,0.26154,0.14487806,0.027256614,0.044760324,0.4544909,68.63952,26.497732,7.109231,82.28216
2007.4032,0.3006209,0.2414395,0.037673533,0.0774498,0.810452,69.67777,27.708319,7.09596,166.90007
2007.4669,0.25707677,0.15147565,0.0282429,0.04466659,0.49384326,68.60409,26.4619,7.1199756,79.566765
2007.4318,0.236008,0.13396548,0.022882694,0.041819558,0.43589348,68.436424,26.316355,7.095186,84.07502
2007.4291,0.24600293,0.13793774,0.024598638,0.042857025,0.44228804,68.51421,26.38479,7.1010313,83.13588
2007.5232,0.57244426,0.30670145,0.02233488,0.120434806,1.0176213,72.29639,33.166454,7.2092934,460.08453
2006.2875,1.6186485,1.431983,0.8262944,0.4145195,4.6563606,79.8185,43.797195,7.4218946,351.26593
2006.4329,0.9030006,0.53268784,0.5119349,0.16428068,1.7346352,76.27527,37.64549,7.5869246,154.20728
2007.436,0.32154655,0.17480937,0.040215142,0.05335336,0.53420657,69.36063,27.267654,7.155129,79.537796
2007.7063,0.6733234,0.44259354,0.13304168,0.17698038,1.5255849,74.59565,33.607105,7.380521,262.82187
2007.452,0.31916437,0.17309438,0.052963756,0.070873424,0.6664147,71.19599,29.639418,7.18008,154.49696
2007.4243,0.30747628,0.1678886,0.036555536,0.05136294,0.5105053,69.14234,27.018307,7.1402035,80.69495
2007.4779,0.32926637,0.21243392,0.10597241,0.077337354,0.78804207,71.480156,30.081026,7.2537036,145.14487
2007.5009,0.82337016,0.43165386,0.026121838,0.17927112,1.3715714,75.275154,38.312187,7.2681856,690.5367
2008.1237,1.0977026,0.6761705,0.14430188,0.26298916,2.1929803,77.62233,39.335384,7.4128017,691.95984
2007.3904,0.25227252,0.20730153,0.029699946,0.08223281,0.8847165,70.44754,28.636402,7.084312,312.29214
2007.445,0.31663007,0.17254825,0.04730494,0.065456025,0.63257396,70.86879,29.335478,7.1715684,139.9546
2007.4194,0.3015329,0.16496523,0.03500969,0.050522167,0.50049376,69.05013,26.912981,7.1338987,81.18373
2007.4282,0.3338427,0.17717148,0.04322495,0.056227293,0.5489532,69.695564,27.67277,7.1642504,89.00948
2007.4354,0.32078853,0.17443652,0.04001799,0.05324613,0.5329297,69.34886,27.254221,7.154325,79.60013
2007.4557,0.35608366,0.27015176,0.1577939,0.085649185,0.9656162,72.76285,32.309956,7.332278,175.83281
2007.4375,0.32333812,0.17569059,0.04068112,0.0536068,0.5372245,69.38842,27.299404,7.1570296,79.39045
2007.4443,0.34089303,0.19817853,0.046988748,0.062322658,0.62150764,69.9566,28.040333,7.1677666,88.95026
2008.2786,3.1304073,2.2117321,0.5159634,0.8681627,7.1268783,81.93247,49.75575,7.3591304,1371.8273
2007.4758,0.21637361,0.112187974,0.02068212,0.037073087,0.43015635,68.50091,26.385448,7.111639,109.772606
2007.4507,0.16303097,0.1049623,0.01035388,0.03424459,0.38920394,67.86846,25.816679,7.0525093,90.93204
2007.4261,0.30771047,0.1706442,0.03659302,0.051748414,0.51776695,69.115395,26.982475,7.1394405,79.886665
2007.4365,0.3245466,0.17587082,0.040974274,0.05390523,0.5385897,69.42337,27.341854,7.157871,80.468956
2007.4142,0.283237,0.15585588,0.030952523,0.047906343,0.47533256,68.82186,26.666475,7.119193,82.10827
2007.4661,0.3883141,0.2712791,0.070170164,0.096883096,0.9462145,71.97862,30.52012,7.198349,155.52556
2007.4247,0.30788335,0.16808882,0.036661413,0.05142052,0.51119107,69.14865,27.025522,7.140635,80.66146
2007.8993,1.1323041,0.6024838,0.024867898,0.23350774,1.8327609,77.720894,43.154663,7.225887,1138.6343
2007.4274,0.33472478,0.17729488,0.04343851,0.056447625,0.54993653,69.72139,27.704168,7.1648555,89.81987
2007.5652,0.23280104,0.14607793,0.027926566,0.043173637,0.57781,68.75631,26.642694,7.1485147,116.72577
2007.4279,0.31174973,0.16999058,0.037667036,0.051967476,0.51770395,69.20863,27.09404,7.144737,80.3435
2007.4365,0.21748804,0.12660511,0.019703152,0.039897196,0.42404467,68.29229,26.189548,7.084356,85.81518
2007.4469,0.17752956,0.11072445,0.012843026,0.035749532,0.39847988,67.9813,25.915953,7.060988,89.56975
2007.4348,0.22394131,0.12916984,0.020811064,0.040567044,0.4281734,68.342514,26.233734,7.0881295,85.20882
2007.4216,0.26649052,0.14738284,0.028099896,0.045478143,0.4592463,68.68112,26.536234,7.111504,82.24248
2007.4224,0.30502805,0.16668437,0.035918757,0.051016603,0.5063813,69.104355,26.97492,7.137606,80.896286
2007.4436,0.31401327,0.17117393,0.04719722,0.06596088,0.63540375,70.93875,29.438978,7.1703367,144.4838
2007.4332,0.34035498,0.18122344,0.045656558,0.058471438,0.56971335,69.93129,27.976755,7.1718144,92.530525
2007.4512,0.16152243,0.10436275,0.010094898,0.034088004,0.3882388,67.85672,25.80635,7.051627,91.07381
2007.4377,0.21271126,0.12470668,0.01888307,0.03940137,0.4209886,68.25511,26.156841,7.0815625,86.26402
2007.457,0.4127154,0.2653933,0.03250144,0.09129678,0.8588553,70.539665,29.64317,7.1458445,255.38986
2007.4531,0.3153899,0.17099677,0.051851273,0.069432095,0.65458906,71.06212,29.473263,7.1770735,149.57721
2007.4341,0.22679332,0.13030328,0.021300701,0.040863074,0.42999807,68.36471,26.253262,7.0897975,84.94084
2007.4347,0.29194534,0.23007356,0.036659636,0.07163907,0.77247685,69.45006,27.446987,7.1049514,146.41806
2007.4333,0.22982056,0.13150641,0.02182042,0.041177306,0.43193483,68.388275,26.273989,7.091568,84.656395
2007.4302,0.24190724,0.13631,0.023895478,0.042431895,0.4396677,68.48234,26.356747,7.098636,83.52072
2007.4248,0.259204,0.14369616,0.026858704,0.044421613,0.45224705,68.61989,26.479565,7.1081586,82.30088
2007.4462,0.31911394,0.17385276,0.04740719,0.06497681,0.62988776,70.80238,29.237232,7.1727376,135.65543
2007.4767,0.39354667,0.2705305,0.07558155,0.100214556,0.9629588,72.126434,30.563644,7.209385,160.23045
2007.446,0.20919773,0.12067417,0.018500628,0.038525745,0.4200281,68.26876,26.171179,7.0847774,91.09376
2007.4167,0.29827404,0.16336226,0.03416207,0.050061155,0.4950042,68.99957,26.855228,7.1304417,81.45176
2007.4354,0.31986615,0.17534576,0.039765984,0.053297523,0.53492063,69.31877,27.217237,7.1528244,79.26871
2008.5798,0.39690042,0.17650004,0.09956478,0.06268698,0.6600189,75.47756,36.746212,7.175637,1641.1558
2007.4667,0.32070932,0.17267628,0.057760846,0.07303123,0.6744266,71.118164,29.3727,7.1871133,149.62413
2007.4496,0.27427164,0.16437265,0.030947113,0.048318014,0.51456434,68.72227,26.57689,7.1209707,76.846436
2007.449,0.32457522,0.17672096,0.047632005,0.06392319,0.62398183,70.65638,29.021225,7.1753087,126.202965
2007.429,0.3329674,0.17704901,0.04301303,0.056008648,0.5479774,69.66994,27.641611,7.1636496,88.20531
2007.4454,0.31776035,0.17314187,0.04735147,0.06523796,0.6313516,70.83857,29.290771,7.1721005,137.99828
2007.4362,0.2606676,0.14943656,0.027690923,0.045289464,0.47197938,68.6229,26.483341,7.1110883,80.246086
2007.643,0.6299889,0.4451964,0.17356277,0.16673721,1.5444338,75.20897,34.793686,7.425722,266.52673
2007.4338,0.32753113,0.1762884,0.041696854,0.054650728,0.5419169,69.51076,27.448095,7.159919,83.2109
2007.4279,0.334202,0.17722175,0.04331193,0.056317035,0.5493537,69.706085,27.685558,7.164497,89.33958
2007.427,0.25414324,0.14117295,0.02599618,0.043701984,0.44749612,68.57757,26.440527,7.1057916,82.370995
2007.4406,0.26126465,0.15168308,0.028019318,0.04563101,0.47967997,68.624306,26.485027,7.1122403,79.446785
2007.4218,0.30428648,0.16631962,0.035725877,0.050911695,0.50513214,69.09285,26.961779,7.13682,80.957275
2007.4326,0.23273484,0.13266462,0.022320753,0.041479807,0.43379933,68.41095,26.293943,7.093272,84.38256
2007.4115,0.28937635,0.15896213,0.031998303,0.048796535,0.48122987,68.87346,26.714222,7.1220117,82.05907
2007.5165,0.26889673,0.18430571,0.033308137,0.052143015,0.6229039,68.822815,26.70481,7.136224,89.68293
2007.4424,0.19511262,0.11771248,0.015861714,0.03757464,0.40972927,68.11815,26.036343,7.0712705,87.9176
2007.4373,0.3230245,0.17553633,0.040599555,0.053562436,0.5366962,69.38355,27.293846,7.156697,79.416245
2007.4124,0.28756773,0.15804705,0.03169022,0.048534293,0.47949257,68.85825,26.700155,7.1211815,82.07355
2007.7385,2.6557782,2.0058873,0.6351503,0.70337296,6.339917,80.922165,46.738186,7.3712983,894.7469
2007.5831,0.22472821,0.12611525,0.026395654,0.0369065,0.5235722,68.63818,26.493816,7.1587615,109.96534
2007.418,0.27478197,0.15157796,0.029512277,0.046680383,0.46721083,68.7508,26.600718,7.1153107,82.17603
2007.422,0.26550785,0.14688563,0.027932504,0.045335654,0.45830235,68.67287,26.528591,7.1110525,82.25037
2007.4438,0.31457365,0.17146823,0.04722029,0.06585276,0.63479775,70.92377,29.416815,7.1706004,143.51389
2007.3934,0.379779,0.28848746,0.057281274,0.09206191,0.8951857,70.84548,29.191763,7.139542,124.299286
2007.4294,0.24483302,0.1374728,0.024397789,0.042735584,0.4415396,68.50511,26.37678,7.100347,83.24579
2007.4222,0.30490422,0.16662347,0.035886556,0.050999086,0.5061727,69.10243,26.972727,7.137475,80.90646
2007.4347,0.34043223,0.18148696,0.04581437,0.058598343,0.5718214,69.94709,27.99846,7.1724944,92.77151
2007.4375,0.32347244,0.17572054,0.04071421,0.053636916,0.53739226,69.391914,27.303617,7.1571336,79.48211
2007.4825,0.22175649,0.11142216,0.021849548,0.037068762,0.43501908,68.587975,26.464617,7.1205945,114.22559
2007.4303,0.3145602,0.17137298,0.038398027,0.05236505,0.5224381,69.252235,27.143845,7.147718,80.11235
2006.7616,2.7510128,2.1827016,0.9705825,0.69842607,6.988385,81.729385,46.493874,7.394877,597.3023
2007.4543,0.33503336,0.1822135,0.048062515,0.06190552,0.61267215,70.376785,28.607578,7.1802316,108.101776
2007.435,0.32620683,0.17610312,0.041376237,0.05431994,0.5404406,69.47198,27.400955,7.15901,81.99426
2007.439,0.20831853,0.12296087,0.018128918,0.038945407,0.4181782,68.220924,26.126764,7.0789933,86.67674
2007.4154,0.29663217,0.1625547,0.033735033,0.049828894,0.49223852,68.974106,26.826134,7.1287,81.586784
2007.451,0.34130928,0.18447885,0.04760602,0.06003914,0.59575397,70.12643,28.244883,7.1802115,95.50719
2007.4482,0.17246658,0.10871229,0.011973808,0.035223998,0.3952407,67.941895,25.881285,7.0580273,90.04544
2007.4337,0.16407171,0.090039335,0.0003394797,0.017105235,0.46312034,68.32068,26.438602,7.1275578,120.63982
2007.4115,0.28941962,0.15898405,0.03200568,0.048802815,0.48127145,68.87382,26.714558,7.1220317,82.058716
2007.4264,0.30986387,0.16906299,0.037176535,0.051700693,0.5145272,69.17938,27.06062,7.142736,80.498604
2007.4353,0.32591224,0.1760619,0.041304905,0.054246347,0.54011214,69.463356,27.390467,7.1588078,81.72359
2007.4497,0.30549183,0.18594962,0.03693917,0.053602915,0.56574255,68.9739,26.810902,7.1379156,74.23407
2007.4113,0.29159912,0.16007908,0.03242596,0.049116902,0.48376042,68.89602,26.73694,7.123361,82.000694
2007.428,0.33410084,0.17720759,0.043287445,0.056291774,0.54924095,69.703125,27.681957,7.1644273,89.24662
2007.4318,0.23952268,0.13500212,0.023516266,0.042114563,0.438318,68.46938,26.345665,7.0979614,84.35957
2006.363,0.9601318,0.6123716,0.5533707,0.1837239,1.9998329,76.69434,38.47376,7.580984,162.6241
2007.3158,0.385646,0.26785606,0.04119063,0.090998776,0.8206124,70.37421,28.748817,7.1022096,202.08586
2007.457,0.34042788,0.18504664,0.048284583,0.06086477,0.6068384,70.23256,28.39421,7.1827707,98.76486
2007.4291,0.31321198,0.17070982,0.03804736,0.052174326,0.52016705,69.23132,27.119953,7.146288,80.223236
2007.4274,0.2527266,0.14060995,0.025752971,0.04355494,0.44658977,68.56654,26.430828,7.1049633,82.504105
2007.4229,0.30567032,0.1670003,0.03608581,0.05110746,0.5074632,69.11432,26.986303,7.1382875,80.843475
2007.4388,0.20853283,0.12304603,0.018165713,0.03896765,0.41831526,68.222595,26.128231,7.0791187,86.65663
2007.4553,0.5255557,0.36485395,0.059576344,0.12665237,1.1444222,72.72788,32.574974,7.195418,263.52414
2007.4183,0.2738419,0.15110233,0.029352142,0.046544075,0.46630785,68.742905,26.593407,7.114879,82.18356
2007.4364,0.21787655,0.12675951,0.019769857,0.039937522,0.42429325,68.29531,26.192207,7.084583,85.77869
2007.4436,0.19012512,0.115730286,0.015005449,0.037056945,0.40653834,68.07933,26.002193,7.068354,88.386246
2007.4137,0.28445074,0.15646997,0.031159269,0.048082333,0.47649845,68.83206,26.675913,7.11975,82.098526
2006.9731,0.6942098,0.60848016,0.4400738,0.15261684,1.9420096,76.928696,39.681244,7.579427,224.40347
2007.4574,0.34165382,0.18565422,0.048309885,0.060605165,0.605156,70.19688,28.341692,7.1832433,96.58193
2007.4888,0.75781685,0.37998113,0.01769661,0.16198374,1.2381668,74.42195,36.969486,7.246406,675.79114
2007.44,0.3055081,0.21056946,0.0377573,0.06197469,0.6558325,69.14233,27.0395,7.1232147,94.882645
2007.4402,0.3374819,0.18262596,0.04525775,0.057948377,0.5716803,69.84565,27.879597,7.1705775,87.458916
2007.992,0.73426145,0.29459336,0.050469942,0.1359302,0.9876649,76.60422,40.098286,7.2982206,1300.0823
2007.449,0.35965067,0.24954326,0.13054907,0.08665971,0.9220243,72.82573,32.18891,7.298125,189.092
2007.4734,0.28172892,0.17940237,0.033529755,0.050875388,0.56298727,68.76402,26.617762,7.1294775,72.18698
2007.428,0.25023013,0.13961776,0.025324373,0.043295804,0.44499257,68.54712,26.413734,7.103503,82.73867
2007.4258,0.30915013,0.16871192,0.03699089,0.051599722,0.5133249,69.168304,27.04797,7.141979,80.55729
2007.4534,0.34143665,0.1849133,0.04786619,0.06024836,0.5992292,70.152466,28.280666,7.181332,95.90445
2007.4404,0.20235425,0.1205905,0.017104963,0.03832632,0.41436234,68.17451,26.085926,7.0755057,87.23718
2007.4332,0.32817543,0.17637855,0.041852847,0.05481167,0.5426352,69.529625,27.471031,7.1603613,83.80285
2007.4316,0.33002466,0.17663728,0.04230056,0.055273585,0.54469675,69.58377,27.536858,7.16163,85.50173
2007.4275,0.25225475,0.1404224,0.025671965,0.043505963,0.44628787,68.562874,26.427597,7.104687,82.54842
2007.5178,0.7200148,0.42368913,0.04592957,0.16358414,1.3463666,74.68973,36.630318,7.2589355,510.13803
2007.2379,0.48831648,0.37448585,0.29655764,0.097823285,1.2000451,74.248665,34.59356,7.4609222,174.38812
2007.4009,0.36472774,0.27353856,0.05239947,0.08402236,0.82632387,70.260765,28.453709,7.1318893,101.88578
2007.448,0.313399,0.17036818,0.049639475,0.06808504,0.64716434,71.04114,29.5109,7.1733155,149.55963
2007.8668,0.8531172,0.3478062,0.041056912,0.16324253,1.1401231,77.37107,41.548237,7.3014636,1297.2269
2007.4496,0.19113968,0.113895886,0.0153670255,0.03672856,0.40828025,68.12202,26.04173,7.0734205,92.11032
2007.5227,0.43451145,0.27681255,0.029001022,0.09494555,0.9073759,70.67432,30.18625,7.1641245,282.9913
2007.4778,0.328056,0.20165376,0.09376699,0.07693474,0.76060194,71.39112,29.859755,7.237266,146.41226
2007.374,0.38848436,0.3013644,0.0588085,0.097028635,0.931812,71.01486,29.394953,7.1336594,133.79008
2007.4252,0.25843725,0.1433082,0.026728084,0.044310432,0.4515105,68.61344,26.473602,7.107806,82.30703
2007.5114,0.73985296,0.42373753,0.041330222,0.16634472,1.3459879,74.77305,36.923058,7.2591543,547.8968
2007.4336,0.32784426,0.17633222,0.04177267,0.05472895,0.542266,69.51993,27.459242,7.160134,83.49859
2007.4456,0.18304417,0.11291611,0.013789779,0.03632195,0.40200806,68.02422,25.95371,7.0642133,89.05159
2007.4777,0.32539994,0.17799681,0.06698233,0.07605122,0.7003851,71.195755,29.374178,7.2011933,149.19356
2007.4109,0.29124007,0.15990245,0.032332562,0.049066108,0.48315552,68.89045,26.730576,7.12298,82.030235
2007.4252,0.30842152,0.16835353,0.036801387,0.051496655,0.5120976,69.157005,27.035059,7.1412063,80.617226
2007.4298,0.33844826,0.18066856,0.044666484,0.05756779,0.5603616,69.80791,27.818115,7.167805,88.64889
2007.4347,0.22471927,0.129479,0.020944627,0.040647794,0.42867112,68.34857,26.23906,7.0885844,85.13572
2007.4415,0.19847994,0.119050756,0.01643982,0.037924167,0.41188362,68.144356,26.059399,7.07324,87.60117
2007.5673,0.23096395,0.14477086,0.027670989,0.042955544,0.5779852,68.758705,26.647085,7.1487207,118.81871
2007.4426,0.36938035,0.28411293,0.16579917,0.08972114,1.0188351,73.34302,33.198772,7.3481245,195.80408
2007.4574,0.3411366,0.18541886,0.048313756,0.060728032,0.60607195,70.213615,28.366179,7.1831045,97.538155
2007.47,0.18170838,0.10375591,0.014283126,0.034510788,0.4053678,68.14801,26.070248,7.0806823,103.90655
2007.427,0.33711126,0.17855941,0.044112008,0.057096858,0.5545001,69.7824,27.781034,7.166564,90.457924
2007.4463,0.21252036,0.12157795,0.019105965,0.03878986,0.42235738,68.3011,26.199999,7.0875535,91.49291
2007.4163,0.27846578,0.15344183,0.030139783,0.047214527,0.47074944,68.78176,26.629368,7.1170025,82.14651
2007.4325,0.32906073,0.17650242,0.04206719,0.05503281,0.54362214,69.55554,27.502544,7.160969,84.61619
2007.4484,0.323333,0.17606857,0.047580868,0.064162835,0.6253252,70.68959,29.070358,7.1747236,128.35298
2007.4448,0.31641683,0.17243625,0.047296163,0.06549717,0.6328045,70.87449,29.343912,7.1714683,140.3237
2007.511,0.39427072,0.2518457,0.10946431,0.10436493,0.985008,72.8602,31.286467,7.2773423,185.99138
2007.448,0.30513138,0.19366513,0.03717668,0.05614312,0.5943037,69.02099,26.87659,7.1334987,80.30613
2007.4569,0.34025195,0.18495426,0.04827734,0.060898703,0.6070286,70.23727,28.401169,7.182688,99.0693
2007.4336,0.32781735,0.17632845,0.041766156,0.054722227,0.54223603,69.519135,27.458284,7.1601152,83.47387
2007.4442,0.43299878,0.29626405,0.2341138,0.08152169,0.9981126,72.52556,32.21472,7.4177547,124.632484
2007.4918,0.43743324,0.31609416,0.14794806,0.12148515,1.1827554,73.873566,32.698406,7.3273077,210.0879
2007.4434,0.22586715,0.12669091,0.021413399,0.040138144,0.43098998,68.40795,26.294172,7.0957413,90.56558
2007.4492,0.32507822,0.17698514,0.04765271,0.06382614,0.6234379,70.64293,29.001331,7.175545,125.33234
2007.4135,0.2942638,0.16138975,0.033119034,0.04949386,0.48824906,68.93736,26.784163,7.126188,81.781555
2007.4163,0.29762876,0.16304487,0.033994235,0.049969874,0.49391723,68.98956,26.843794,7.129757,81.504814
2007.4233,0.26265335,0.14544138,0.027446264,0.04492176,0.4555604,68.64887,26.506392,7.109742,82.27324
2007.4392,0.20713602,0.12249091,0.017925913,0.038822662,0.41742164,68.21172,26.118668,7.078302,86.78786
2007.4453,0.36577243,0.2738486,0.15581106,0.088594496,0.9890064,73.16093,32.862007,7.3336124,192.48628
2007.4266,0.2551998,0.14167018,0.026176615,0.043841008,0.44840065,68.586235,26.448423,7.10632,82.332985
2007.4388,0.25948584,0.20516518,0.031464674,0.072318666,0.8028616,69.82798,27.907654,7.101338,226.35115
2007.4486,0.32399666,0.17641713,0.04760819,0.064034805,0.6246075,70.671844,29.04411,7.1750364,127.20432
2007.4388,0.20850416,0.123034656,0.018160792,0.038964674,0.41829693,68.222374,26.128035,7.079102,86.65932
2007.4414,0.19862436,0.11910813,0.016464619,0.03793916,0.411976,68.14548,26.060389,7.073324,87.58763
2007.4359,0.32522097,0.17596519,0.04113755,0.054073684,0.53934157,69.443115,27.36586,7.158334,81.08853
2007.3667,0.38490635,0.2987427,0.057033543,0.09546715,0.91446286,70.83469,29.158916,7.127314,130.6182
2007.4779,0.3298177,0.21734466,0.11153238,0.07752076,0.80054194,71.520706,30.181822,7.261192,144.56752
2007.565,0.2405406,0.13784735,0.028609341,0.038963582,0.5239281,68.621956,26.461721,7.1566715,92.491325
2007.4453,0.18378551,0.113210745,0.013917053,0.036398895,0.40248233,68.02999,25.958786,7.0646467,88.981926
2007.401,0.3236163,0.20653404,0.039699055,0.063497156,0.63036233,69.39611,27.304178,7.1266913,103.37865
2007.4321,0.23446107,0.13335067,0.022617111,0.041658986,0.43490374,68.424385,26.305763,7.0942817,84.22037
2007.4333,0.3280801,0.17636521,0.041829765,0.054787852,0.5425289,69.52683,27.467636,7.1602955,83.71523
2007.4537,0.33395892,0.18164922,0.048018288,0.062112805,0.6138341,70.4055,28.650074,7.1797256,109.96142
2007.4553,0.3371488,0.18332452,0.048149597,0.061497387,0.61038446,70.32023,28.523907,7.181227,104.440315
2007.4177,0.2993841,0.16390827,0.034450788,0.050218187,0.49687406,69.01679,26.8749,7.131619,81.36045
2007.4235,0.26236245,0.14529419,0.02739671,0.04487958,0.4552809,68.64643,26.50413,7.1096087,82.27557
2007.4407,0.20167902,0.120322146,0.016989043,0.03825623,0.41393036,68.16925,26.081303,7.075111,87.30063
2007.4344,0.32679012,0.17618473,0.041517455,0.05446564,0.54109085,69.48906,27.421719,7.1594105,82.53014
2007.4398,0.20506205,0.12166666,0.01756985,0.03860739,0.41609475,68.19558,26.104467,7.0770893,86.982735
2007.4642,0.22712919,0.11960355,0.022265604,0.038798284,0.43550363,68.535774,26.413343,7.11165,103.400604
2007.4286,0.24794456,0.13870941,0.024931984,0.043058563,0.4435303,68.52933,26.398085,7.1021667,82.953445
2007.4286,0.3334247,0.17711298,0.04312374,0.056122873,0.5484872,69.68333,27.657888,7.1639633,88.62543
2007.4324,0.32920507,0.17652261,0.042102132,0.05506886,0.54378307,69.55977,27.507683,7.1610675,84.74879
2007.4181,0.27443045,0.15140013,0.0294524,0.046629418,0.4668732,68.74785,26.597984,7.1151495,82.178825
2007.4235,0.26219276,0.14520834,0.02736781,0.044854976,0.45511794,68.645004,26.50281,7.1095304,82.27692
2007.8832,0.9181778,0.710834,0.25425592,0.22641334,2.1872532,76.99472,37.81972,7.497489,391.30283
2007.4354,0.22184949,0.12833847,0.020451939,0.040349912,0.42683506,68.32623,26.21941,7.0869064,85.40538
2007.4276,0.33443826,0.17725481,0.04336914,0.056376055,0.5496171,69.713005,27.69397,7.164659,89.55664
2007.6355,0.49167717,0.2953262,0.021922128,0.10317607,0.9871774,71.11058,31.501123,7.2046967,352.04355
2007.4772,0.39771152,0.28198802,0.14383765,0.10305981,1.0600128,73.56803,32.828575,7.3261104,204.98624
2007.4601,0.3180974,0.17185163,0.054859176,0.07126401,0.66468614,71.090645,29.422077,7.1821837,149.60107
2007.4517,0.32989278,0.17951371,0.0478509,0.06289727,0.6182313,70.51421,28.810902,7.1778116,116.99919
2007.4489,0.32430813,0.1765807,0.047621008,0.063974716,0.6242707,70.66352,29.03179,7.175183,126.66525
2007.4148,0.28199857,0.15522929,0.030741567,0.047726776,0.47414297,68.811455,26.656843,7.118624,82.11819
2007.4565,0.34160873,0.18550034,0.04821773,0.060531057,0.603925,70.18765,28.329018,7.1828465,96.44122
2007.4296,0.24400514,0.13714378,0.024255654,0.042649653,0.4410099,68.498665,26.37111,7.099863,83.32358
2007.4276,0.25150543,0.1401246,0.025543312,0.04342818,0.4458085,68.557045,26.422466,7.104249,82.61886
2007.5526,0.24704355,0.15045755,0.029743018,0.04271626,0.55419266,68.685715,26.540602,7.150697,94.04222
2006.7224,0.94585073,0.8279844,0.5753254,0.21421754,2.6761265,77.94402,41.772705,7.5889277,237.49017
2007.4315,0.23656319,0.13418612,0.02297801,0.041877188,0.43624866,68.44075,26.320156,7.095511,84.02284
2007.4187,0.3006935,0.16455235,0.034791365,0.050403424,0.49907982,69.03711,26.898106,7.133008,81.25277
2007.438,0.21209262,0.1244608,0.018776862,0.039337154,0.42059278,68.2503,26.152605,7.0812006,86.32214
2007.4634,0.114234075,0.08556903,0.001976361,0.029179512,0.3579845,67.488686,25.482567,7.0239735,95.51705
2007.4312,0.330477,0.17670058,0.04241008,0.055386577,0.54520106,69.597015,27.55296,7.1619406,85.917336
2007.4213,0.26727167,0.14777805,0.028232956,0.045591403,0.45999658,68.68769,26.542309,7.1118627,82.23624
2007.5271,0.26556948,0.17094465,0.032529935,0.047643412,0.58069056,68.72769,26.582735,7.1438193,81.135574
2007.4305,0.31485754,0.17151923,0.03847536,0.052407112,0.52293897,69.25685,27.149115,7.1480336,80.0879
2007.5052,0.26978406,0.20142518,0.033904467,0.058404323,0.6866054,68.970825,26.8977,7.1252923,107.17625
2007.4216,0.304157,0.16625594,0.0356922,0.05089338,0.50491405,69.09084,26.959484,7.1366825,80.967926
2007.4286,0.31256962,0.17039387,0.037880283,0.05208345,0.519085,69.22136,27.108568,7.1456065,80.27607
2007.5079,0.86947274,0.44136134,0.020167457,0.1870646,1.4027923,75.61992,39.135468,7.2753644,760.591
2007.4546,0.3355005,0.18245885,0.048081744,0.06181539,0.61216694,70.364296,28.589102,7.1804514,107.293205
2007.4243,0.26034436,0.14427312,0.027052948,0.044586964,0.4533424,68.62947,26.488434,7.108682,82.29175
2007.4457,0.3181854,0.17336509,0.047368966,0.06515596,0.630892,70.82721,29.27396,7.172301,137.26263
2007.4409,0.20049515,0.11985164,0.016785791,0.038133346,0.4131729,68.16004,26.073198,7.0744185,87.41188
2007.4381,0.21146284,0.12421052,0.018668747,0.039271787,0.42018986,68.2454,26.148293,7.080832,86.38132
2007.4318,0.32984275,0.17661183,0.04225652,0.055228144,0.5444939,69.578445,27.530382,7.161505,85.33464
2007.4458,0.1820257,0.11251136,0.013614932,0.036216233,0.4013565,68.0163,25.946737,7.0636177,89.14726
2007.4266,0.2551586,0.14164935,0.0261696,0.04383504,0.44836113,68.58589,26.448103,7.106301,82.3333
2007.4187,0.3006968,0.16455397,0.034792222,0.05040389,0.49908534,69.03716,26.898165,7.133012,81.25251
2007.4335,0.32798597,0.17635204,0.04180698,0.054764345,0.542424,69.52408,27.464287,7.160231,83.628784
2007.4662,0.344496,0.23793319,0.050590012,0.07205415,0.7455002,70.093704,28.281717,7.159398,84.48962
2007.4648,0.34162635,0.21823087,0.10474739,0.081098326,0.8204492,71.9921,30.801231,7.2571106,166.03899
2007.4331,0.23063077,0.1318284,0.021959526,0.041261405,0.43245322,68.39458,26.279537,7.0920415,84.58026
2007.4336,0.2289566,0.13116305,0.021672098,0.041087624,0.4313821,68.381546,26.268074,7.0910625,84.737564
2007.9979,0.56346107,0.22574222,0.05019167,0.10315972,0.8163134,74.92588,37.340656,7.307221,1111.6313
2007.4343,0.22618233,0.13006048,0.021195808,0.04079966,0.42960718,68.359955,26.249077,7.0894403,84.99825
2007.4386,0.20953357,0.123443775,0.018337524,0.03907153,0.41895556,68.230385,26.135084,7.079704,86.562584
2007.3262,0.40926504,0.28713855,0.044827286,0.097372204,0.8737813,70.72015,29.28564,7.1127067,206.05153
2007.436,0.2192957,0.12732352,0.020013498,0.04008483,0.42520118,68.30636,26.201925,7.085413,85.64535
2007.4777,0.3255443,0.17928264,0.06843816,0.07609924,0.70365804,71.206375,29.40057,7.203154,149.04237
2007.4777,0.32570896,0.1807492,0.0700986,0.07615401,0.707391,71.21848,29.430674,7.20539,148.86998
2007.5409,0.23935403,0.17427418,0.029471157,0.053087413,0.6705283,68.98428,26.932493,7.131753,138.68738
2007.4132,0.29401892,0.1612693,0.033055335,0.049459215,0.48783654,68.93356,26.779821,7.125928,81.80169
2007.4331,0.23057345,0.13180563,0.021949684,0.04125545,0.43241653,68.394135,26.279144,7.092008,84.58565
2007.4182,0.27428338,0.1513257,0.029427344,0.04660809,0.4667319,68.74661,26.59684,7.115082,82.18002
2007.4331,0.3073655,0.21532217,0.038065985,0.063876174,0.6715625,69.19797,27.106693,7.1201043,100.070404
2007.447,0.32072568,0.17469923,0.04747354,0.06466586,0.6281448,70.75929,29.173485,7.1734962,132.86581
2007.4138,0.28418323,0.15633462,0.031113701,0.04804355,0.4762415,68.82981,26.673834,7.1196275,82.100685
2007.7676,0.5983446,0.2723071,0.027714001,0.11649289,0.9503823,73.642395,35.808037,7.300245,754.2778
2007.4124,0.292897,0.16071746,0.032763526,0.049300503,0.48594663,68.91615,26.75994,7.1247377,81.893974
2007.4338,0.25245383,0.14278138,0.026000394,0.04377075,0.45492837,68.55852,26.423264,7.1061883,81.333206
2007.4259,0.33638585,0.1775273,0.04384067,0.05686254,0.55178833,69.77003,27.763298,7.1659956,91.34593
2007.455,0.33630943,0.18288368,0.048115045,0.06165933,0.6112922,70.34267,28.557106,7.1808324,105.89313
2007.4314,0.23714232,0.13441628,0.023077434,0.041937295,0.4366192,68.44526,26.324121,7.0958495,83.96843
2007.457,0.3403257,0.184993,0.048280377,0.060884476,0.60694885,70.23529,28.398252,7.1827226,98.94164
2007.4354,0.32574704,0.17603879,0.041264918,0.05420509,0.539928,69.45852,27.384588,7.1586947,81.571846
2007.2365,1.6049323,1.3459327,0.5948545,0.4027786,4.24844,79.433846,43.343204,7.4591904,467.49338
2007.4121,0.28811088,0.15832187,0.031782746,0.04861305,0.48001426,68.86282,26.70438,7.121431,82.06921
2007.4436,0.3141245,0.17123234,0.0472018,0.06593942,0.6352835,70.935776,29.43458,7.170389,144.2913
2007.4233,0.3393004,0.17793508,0.044546302,0.05759056,0.5550375,69.85537,27.867046,7.1679955,94.02355
2007.4657,0.35038945,0.29785645,0.195018,0.084018596,1.0228633,72.642685,32.42652,7.3786077,156.35162
2007.4348,0.32648608,0.17614219,0.041443847,0.054389693,0.54075193,69.480156,27.410894,7.1592016,82.2508
2007.4923,0.62085533,0.3966389,0.054478176,0.14525098,1.2537904,73.747246,34.622368,7.22965,378.13794
2007.437,0.21573895,0.12590997,0.019402867,0.039715644,0.42292568,68.27868,26.177572,7.083333,85.97951
2007.4167,0.27757534,0.1529913,0.0299881,0.047085416,0.46989408,68.77428,26.622442,7.1165934,82.15363
2007.4392,0.20712464,0.12248639,0.017923953,0.03882148,0.41741437,68.21163,26.11859,7.078295,86.78894
2007.5139,0.3828178,0.2298001,0.090533935,0.10032077,0.91498774,72.416176,30.562191,7.248474,176.65163
2007.4346,0.32666233,0.17616685,0.041486513,0.054433715,0.5409484,69.48532,27.417168,7.1593227,82.41272
2007.4302,0.24174953,0.13624732,0.02386841,0.042415526,0.4395668,68.48111,26.355667,7.0985436,83.53555
2007.3925,0.29619843,0.2398084,0.036825534,0.07978545,0.8318465,69.85231,27.914991,7.0917406,193.45438
2007.4258,0.2570172,0.14258972,0.026486197,0.04410453,0.4501464,68.60151,26.462559,7.1071544,82.31841
2007.508,0.24538493,0.18388729,0.030039797,0.05930546,0.71368635,69.26209,27.253939,7.121882,168.13963
2007.4093,0.33514762,0.19238958,0.043028206,0.061350178,0.5957243,69.733765,27.716993,7.1502333,101.81181
2007.4214,0.33446667,0.18255405,0.04319546,0.058072552,0.5656085,69.71383,27.694195,7.1594267,93.669266
2007.42,0.30223197,0.16530906,0.035191506,0.050621055,0.5016713,69.060974,26.92537,7.13464,81.12625
2007.4843,0.3921587,0.26723865,0.12970656,0.10153416,1.0167462,73.25357,32.24873,7.305191,197.6628
2007.4227,0.3332626,0.18220574,0.04291007,0.057714406,0.5637241,69.67857,27.651361,7.1587787,92.42428
2007.51,0.39704576,0.2687375,0.028166188,0.09482576,0.93709177,70.70031,30.036953,7.1474895,303.93958
2007.4307,0.2399992,0.13555169,0.023567913,0.042233843,0.43844697,68.46749,26.343681,7.0975204,83.7
2005.8148,1.9042096,1.4822747,1.0090836,0.453613,4.9362755,80.037674,43.38381,7.557548,254.36104
2007.4514,0.31472477,0.17078677,0.05111233,0.068982065,0.65210855,71.05511,29.485836,7.175818,149.57133
2007.4274,0.3110866,0.16966441,0.037494563,0.051873665,0.5165869,69.19835,27.082287,7.1440334,80.39804
2007.4355,0.32103,0.17455529,0.040080786,0.053280286,0.5333364,69.35261,27.2585,7.154581,79.58027
2007.4457,0.18226375,0.11260597,0.013655802,0.03624094,0.40150878,68.01815,25.948366,7.063757,89.1249
2007.5691,0.2388391,0.13320833,0.0282743,0.037481554,0.510827,68.593155,26.425238,7.1591144,90.58207
2007.4313,0.23778853,0.1346731,0.023188377,0.042004377,0.4370326,68.45029,26.328547,7.096227,83.90774
2007.5416,0.24244559,0.17331424,0.029852686,0.05192551,0.6557106,68.92807,26.860617,7.134048,128.60345
2007.4832,0.2051728,0.10614074,0.018892782,0.035601173,0.42376962,68.43855,26.331997,7.1082788,113.54879
2007.4207,0.3030153,0.16569437,0.035395253,0.05073187,0.50299084,69.07313,26.93925,7.1354713,81.06181
2007.444,0.1888244,0.11521335,0.01478214,0.03692193,0.40570617,68.06921,25.993288,7.0675936,88.50844
2007.414,0.5100284,0.3076554,0.27414054,0.08284071,1.0247223,72.90668,32.772385,7.4636827,114.43082
2007.5033,0.2592002,0.15653874,0.03006593,0.044649478,0.5261008,68.64037,26.48958,7.1350217,79.13014
2007.4182,0.27568033,0.15228947,0.029695263,0.04684434,0.4690156,68.75787,26.607313,7.1158395,82.06382
2007.452,0.1580287,0.10297426,0.009495093,0.033725355,0.3860036,67.82953,25.782429,7.0495844,91.402054
2007.4456,0.3704674,0.3149771,0.20232585,0.09015393,1.0938123,73.50365,33.710167,7.3962903,187.79317
2007.4529,0.19529775,0.09707192,0.008511445,0.022240283,0.4721989,68.60503,26.650223,7.147564,126.138626
2007.4303,0.33155462,0.17685135,0.042670984,0.05565576,0.5464024,69.62857,27.59132,7.16268,86.90739
2007.4425,0.31195608,0.17009352,0.047112536,0.06635776,0.63762844,70.993744,29.520346,7.1693683,148.04442
2007.4271,0.33502617,0.17733707,0.043511473,0.056522906,0.5502725,69.73022,27.714897,7.1650624,90.09673
2007.416,0.27925122,0.15383923,0.030273577,0.047328413,0.47150388,68.78836,26.635475,7.117363,82.14021
2007.465,0.2989683,0.19148633,0.036594108,0.054477114,0.5918508,68.930176,26.780918,7.13559,74.62384
2007.4513,0.32913688,0.17911673,0.047819786,0.06304311,0.6190487,70.534424,28.8408,7.177456,118.30751
2007.4215,0.26671594,0.1474969,0.0281383,0.04551083,0.45946282,68.68302,26.537987,7.1116076,82.24068
2007.5023,0.23270893,0.1223394,0.02459996,0.037841067,0.45700753,68.57425,26.430515,7.1314297,99.52636
2007.4167,0.27739143,0.15289824,0.029956771,0.047058746,0.4697174,68.772736,26.621012,7.116509,82.15512
2007.4135,0.2942248,0.16137056,0.033108883,0.049488336,0.4881833,68.93675,26.78347,7.1261463,81.78476
2007.4119,0.29240522,0.16047557,0.03263562,0.049230937,0.48511827,68.90852,26.751225,7.124216,81.93441
2007.4268,0.31040993,0.16933158,0.03731856,0.05177794,0.515447,69.18785,27.070295,7.1433153,80.45369
2007.4235,0.3392127,0.17792282,0.04452507,0.05756865,0.55493975,69.8528,27.863924,7.1679354,93.94298
2007.4369,0.21628477,0.12612689,0.01949658,0.0397723,0.42327487,68.28293,26.181309,7.083652,85.92823
2007.4517,0.32982826,0.17947982,0.047848247,0.06290973,0.6183011,70.51594,28.813454,7.177781,117.110886
2007.4183,0.2740001,0.15118237,0.02937909,0.046567008,0.46645978,68.74423,26.594637,7.114952,82.182304
2007.4172,0.27633274,0.1523626,0.029776437,0.046905242,0.46870047,68.76384,26.612778,7.116023,82.163605
2007.4116,0.289028,0.15878588,0.03193897,0.048746027,0.48089525,68.87053,26.711512,7.121852,82.06185
2007.5172,0.25354937,0.18855971,0.031473164,0.057107624,0.69045186,69.05585,27.008028,7.126159,133.8801
2007.3419,0.33321083,0.22953404,0.040342074,0.07535411,0.71857876,69.80017,27.769539,7.1037893,152.01566
2007.4965,0.25279316,0.14719371,0.028442616,0.042767245,0.50038755,68.60253,26.452145,7.1315365,81.89365
2008.7994,3.2951133,2.1869862,0.34554514,0.94064933,7.198539,82.768234,51.9016,7.3537674,1790.942
2007.4319,0.32969135,0.17659065,0.04221987,0.055190332,0.5443252,69.57401,27.524992,7.1614013,85.19555
2007.4777,0.3265673,0.18839417,0.07875433,0.07643953,0.72685075,71.28162,29.587591,7.217047,147.97115
2007.4258,0.25698984,0.14257589,0.026481537,0.044100568,0.45012015,68.60128,26.462345,7.107142,82.31862
2007.5323,0.74893594,0.43486,0.045203816,0.16948631,1.3849307,75.029,37.28263,7.2709274,541.69336
2007.6785,0.73340565,0.31902224,0.022692291,0.14420353,1.074676,74.89674,37.978954,7.3146296,842.2166
2007.4279,0.25078726,0.13983917,0.02542002,0.043353636,0.445349,68.55145,26.417547,7.103829,82.68635
2007.4323,0.32767898,0.1775356,0.041690834,0.055078965,0.5457784,69.51508,27.453176,7.158804,84.293274
2007.4442,0.34076527,0.23034097,0.047230233,0.0685104,0.6980362,69.747826,27.815578,7.1477075,77.21418
2007.4127,0.28674728,0.15763193,0.031550467,0.048415326,0.47870442,68.851364,26.693775,7.120805,82.08014
2007.4124,0.28751615,0.15802096,0.031681437,0.048526812,0.479443,68.85783,26.699755,7.1211576,82.07395
2007.3118,0.4832155,0.49696144,0.32365474,0.11634107,1.568897,76.368225,38.736977,7.553431,247.5592
2007.431,0.33062315,0.17672102,0.042445466,0.05542309,0.545364,69.601295,27.558163,7.1620407,86.051605
2007.4623,0.29586086,0.2172933,0.037174724,0.062829174,0.6890827,69.07014,26.984648,7.1203523,94.58633
2007.4178,0.2750744,0.15172592,0.029562088,0.04672278,0.46749175,68.753265,26.602991,7.115445,82.17368
2007.426,0.3094693,0.16886891,0.037073914,0.05164488,0.5138626,69.173256,27.053627,7.142318,80.53104
2007.4136,0.33379143,0.18955794,0.042789936,0.060168542,0.5862498,69.69405,27.669107,7.1519227,98.526985
2007.4266,0.33563522,0.17742227,0.04365893,0.05667504,0.5509515,69.74805,27.736576,7.16548,90.65629
2007.4496,0.32570225,0.17731288,0.047678396,0.06370575,0.62276304,70.62624,28.976648,7.175839,124.252266
2007.4109,0.29120353,0.1598845,0.03232307,0.04906094,0.48309404,68.889885,26.729929,7.1229415,82.03323
2007.4429,0.31264597,0.17045584,0.047140934,0.066224664,0.63688236,70.9753,29.49306,7.169693,146.85037
2007.5133,2.0913754,1.6391585,0.6137401,0.52846,5.1571136,80.3369,44.61788,7.391459,653.35785
2007.4137,0.2946504,0.1615799,0.033219583,0.049548548,0.48890027,68.94336,26.791014,7.126598,81.74976
2007.4702,0.23350503,0.12254848,0.023628524,0.039190754,0.4432598,68.57967,26.44814,7.1182995,101.57435
2007.454,0.3343369,0.18184772,0.048033845,0.062039882,0.6134253,70.3954,28.635124,7.1799035,109.30721
2007.424,0.26104823,0.14462925,0.02717285,0.044689026,0.45401853,68.63538,26.493908,7.109005,82.28612
2007.4503,0.16473208,0.10563836,0.010645935,0.034421165,0.3902923,67.8817,25.828327,7.0535045,90.772224
2007.4285,0.33352718,0.17712733,0.04314856,0.056148477,0.54860145,69.686325,27.661537,7.164034,88.7196
2007.4778,0.4136335,0.26892522,0.03153508,0.09206982,0.87711805,70.54181,29.732037,7.148982,260.9937
2007.6282,0.19030102,0.09190328,0.021327341,0.029191328,0.48926243,68.5951,26.461168,7.1690063,138.28188
2007.4142,0.28339174,0.15593417,0.030978883,0.04792878,0.4754812,68.82316,26.667677,7.119264,82.10701
2007.5521,0.58690536,0.44533065,0.20066641,0.15644614,1.5334405,75.52679,35.546555,7.439997,269.04514
2007.436,0.32509723,0.17594787,0.04110759,0.05404277,0.5392036,69.43949,27.361456,7.158249,80.97484
2009.4766,1.561394,0.8733009,-0.016171178,0.37596473,2.349829,81.940735,52.40577,7.2482824,2837.8567
2007.4418,0.19752494,0.1186712,0.016275866,0.03782504,0.41127264,68.136925,26.05286,7.0726814,87.69092
2008.014,0.9892673,0.61999786,0.15817434,0.24654327,2.0503094,76.90729,37.49134,7.452017,519.3591
2007.4363,0.21851645,0.12701383,0.019879716,0.040003944,0.42470264,68.30029,26.19659,7.084957,85.71857
2007.4303,0.33891472,0.18074359,0.044879045,0.05776611,0.5622139,69.83537,27.853077,7.168656,89.57739
2007.4364,0.3246369,0.17588347,0.04099614,0.05392779,0.5386904,69.42601,27.34507,7.1579328,80.55194
2007.4738,0.32347608,0.17354985,0.060834583,0.07490324,0.6847447,71.147316,29.320393,7.1923356,149.64853
2007.4254,0.257791,0.14298123,0.02661801,0.04421673,0.4508897,68.60801,26.468576,7.1075096,82.31221
2007.4225,0.30517113,0.16675477,0.035955977,0.051036842,0.5066223,69.106575,26.977457,7.1377583,80.884544
2007.435,0.32040688,0.1742488,0.039918724,0.053192142,0.5322868,69.34294,27.247458,7.15392,79.631516
2007.4528,0.15526783,0.101877,0.009021098,0.03343878,0.3842372,67.808044,25.763525,7.04797,91.66148
2007.4152,0.28112215,0.15478584,0.030592276,0.047599696,0.47330108,68.804085,26.650026,7.1182218,82.12523
2007.417,0.27685252,0.15262558,0.029864972,0.04698061,0.46919978,68.7682,26.616821,7.1162615,82.15944
2007.4714,0.7468221,0.38102502,0.019589955,0.1604711,1.2281467,74.267456,36.628437,7.237517,652.29724
2007.4117,0.2887404,0.15864037,0.031889975,0.048704322,0.48061898,68.86811,26.709276,7.12172,82.06414
2007.451,0.16158623,0.104388125,0.01010585,0.034094624,0.38827965,67.857216,25.806787,7.051665,91.06776
2007.427,0.31063542,0.16944249,0.037377212,0.051809836,0.5158269,69.19135,27.074291,7.1435547,80.43514
2007.4109,0.2907188,0.15964136,0.032226983,0.04899119,0.4825194,68.884735,26.72466,7.122628,82.048294
2007.3851,0.37457922,0.2526805,0.03667544,0.08638785,0.8125931,70.29566,28.85014,7.119499,217.67493
2007.4177,0.2751791,0.15177889,0.02957992,0.04673796,0.46759227,68.75414,26.603806,7.1154933,82.17286
2007.4286,0.31254825,0.17038336,0.03787473,0.052080434,0.51904905,69.22102,27.10819,7.1455836,80.277824
2007.4464,0.31970185,0.17416152,0.04743139,0.06486339,0.629252,70.78667,29.21398,7.1730146,134.6379
2007.3972,0.31096405,0.23360145,0.038605884,0.07359178,0.7545457,69.56656,27.549511,7.103831,143.13823
2007.4373,0.4505366,0.29885757,0.24322693,0.081822,1.004171,72.61233,32.34169,7.428211,122.30979
2007.4583,0.35124445,0.24895355,0.1354288,0.08411307,0.90795064,72.49031,31.748577,7.3010955,173.79366
2007.4626,0.19970612,0.11184384,0.017294688,0.036560178,0.41642576,68.27354,26.17986,7.089338,100.61934
2007.424,0.30699354,0.16765115,0.03642997,0.051294647,0.50969213,69.13485,27.009752,7.1396914,80.734665
2007.4768,0.4312573,0.26900575,0.031161463,0.0931621,0.8676936,70.66126,29.973183,7.15666,269.988
2007.4784,0.3358148,0.27075896,0.17200865,0.07951564,0.93650395,71.96183,31.278189,7.3426394,138.28769
2007.4275,0.25214154,0.1403774,0.025652522,0.043494206,0.44621545,68.56199,26.42682,7.104621,82.559074
2007.4562,0.31657416,0.17137069,0.053166904,0.07023336,0.65900546,71.07459,29.450874,7.1793084,149.58765
2007.4115,0.2920012,0.16027685,0.032530535,0.04917378,0.4844377,68.90226,26.744064,7.1237874,81.96763
2007.4229,0.30569345,0.16701168,0.036091827,0.051110733,0.5075022,69.11468,26.986713,7.1383123,80.841576
2007.3652,0.31441873,0.24842314,0.039019767,0.08185083,0.8235935,69.892494,27.940826,7.090198,181.17494
2007.4346,0.3267386,0.17617753,0.041504983,0.054452773,0.54103345,69.48755,27.419884,7.159375,82.4828
2007.4484,0.3233213,0.17606243,0.047580387,0.0641651,0.62533784,70.6899,29.070822,7.1747184,128.37326
2007.4563,0.339081,0.18433927,0.048229136,0.06112462,0.60829496,70.26857,28.447485,7.182137,101.09608
2007.4497,0.32455528,0.17781048,0.047728673,0.06419514,0.6275792,70.66093,29.029518,7.1750717,126.09579
2007.4371,0.21521196,0.12570053,0.019312399,0.039660938,0.4225885,68.274574,26.173964,7.0830245,86.02902
2007.585,0.22015451,0.1283158,0.025915785,0.038400073,0.5451105,68.69349,26.569262,7.1556907,121.29774
2007.7286,0.7846751,0.31297085,0.030947758,0.15206602,1.0579718,76.303375,40.052517,7.335835,1074.7246
2007.5814,0.2148942,0.1397815,0.025620135,0.04345373,0.6044473,68.83792,26.76171,7.1462893,144.35863
2007.473,0.29149288,0.18599832,0.035386004,0.05250826,0.57843536,68.843,26.69118,7.1347084,71.43214
2007.6256,0.17993611,0.107540704,0.02054532,0.03655251,0.5792752,68.81677,26.758112,7.155051,175.91618
2007.4061,0.32151577,0.20345768,0.039285373,0.062084753,0.61963445,69.3346,27.229816,7.1280093,99.30153
2007.4436,0.19030885,0.115803316,0.015036995,0.037076015,0.40665588,68.08076,26.003452,7.0684614,88.36899
2007.4053,0.31581944,0.2198393,0.038840957,0.06729694,0.68455917,69.374535,27.299862,7.1153154,114.45713
2007.4285,0.25396377,0.14160502,0.02603138,0.04373525,0.44926676,68.57481,26.437958,7.106005,82.11397
2007.5012,0.37512735,0.23967712,0.0750389,0.09384418,0.8963115,72.02807,30.386948,7.2200046,158.91005
2007.4803,0.33776549,0.28172094,0.18431789,0.07989497,0.9641614,72.05227,31.51265,7.3600597,137.16133
2007.4785,0.3365603,0.2773989,0.17952648,0.07976363,0.9534053,72.01667,31.41448,7.352764,137.50703
2007.7087,0.6970987,0.4848428,0.17967188,0.18066397,1.6533089,75.60501,35.4952,7.4619107,285.17014
2007.4277,0.31159228,0.16991314,0.037626088,0.0519452,0.5174387,69.20619,27.09125,7.14457,80.35645
2007.4496,0.3257904,0.17735916,0.04768203,0.06368874,0.62266773,70.623886,28.973162,7.1758804,124.0997
2007.4783,0.33375758,0.25243592,0.1512631,0.07883132,0.88986397,71.81051,30.902096,7.3147,140.4419
2007.4552,0.16814455,0.10492008,0.011405529,0.034373302,0.39348868,67.94051,25.881907,7.059647,93.99256
2007.4752,0.32403237,0.17372549,0.0614526,0.07527964,0.6868193,71.153175,29.309877,7.1933856,149.65344
2007.4506,0.3412855,0.18439777,0.047557462,0.06000009,0.5951053,70.12157,28.238205,7.180002,95.433044
2007.4292,0.3326711,0.17700756,0.042941295,0.05593464,0.5476471,69.661255,27.631063,7.1634464,87.9331
2008.5682,1.0646907,0.50040764,0.035469633,0.22197813,1.4524242,79.227165,45.471195,7.280124,1969.0942
2007.4276,0.3345195,0.17726618,0.043388806,0.05639635,0.5497077,69.71538,27.696861,7.164715,89.63127
2007.4443,0.18754986,0.114706814,0.014563328,0.036789633,0.40489075,68.05929,25.98456,7.066848,88.6282
2007.4269,0.3353282,0.17737931,0.043584596,0.056598347,0.55060923,69.73906,27.725647,7.16527,90.37423
2007.4158,0.29703182,0.16275126,0.033838972,0.049885426,0.49291167,68.9803,26.833216,7.1291237,81.55393
2007.4183,0.27384812,0.15110548,0.0293532,0.046544973,0.4663138,68.74296,26.593454,7.114882,82.183495
2007.4215,0.3203532,0.19112852,0.03941876,0.057912763,0.58166915,69.300575,27.190235,7.1392784,88.84413
2007.4214,0.26690254,0.1475913,0.02817008,0.04553788,0.45964205,68.684586,26.539438,7.111693,82.2392
2007.4362,0.21885453,0.12714818,0.01993776,0.040039036,0.42491895,68.302925,26.198904,7.085155,85.6868
2007.503,0.2816459,0.19187692,0.03503883,0.05309665,0.6158864,68.79265,26.6566,7.1357794,73.47504
2007.4117,0.2889431,0.15874293,0.031924505,0.04873372,0.4808137,68.86981,26.710852,7.121813,82.06253
2007.4385,0.3406382,0.1821896,0.046235137,0.05893671,0.5774419,69.989204,28.056332,7.174307,93.41396
2007.446,0.31265828,0.1701343,0.048816565,0.06758386,0.64440197,71.03333,29.524904,7.1719174,149.5531
2007.4777,0.32601777,0.18349963,0.07321268,0.07625674,0.71439207,71.241196,29.487127,7.209584,148.54662
2007.4315,0.3300797,0.17664498,0.042313896,0.05528734,0.54475814,69.58538,27.538816,7.161668,85.552345
2007.4537,0.33387685,0.18160611,0.04801491,0.06212864,0.61392283,70.4077,28.65332,7.179687,110.103485
2007.438,0.13709442,0.08380579,-0.00279229,0.017507574,0.43292272,68.00733,26.12456,7.0956554,114.92126
2007.4724,0.29420844,0.2033413,0.036584113,0.057815477,0.6395016,68.9535,26.833807,7.129008,81.72113
2007.4556,0.33751902,0.18351895,0.048164837,0.06142597,0.6099841,70.310326,28.509264,7.1814017,103.79957
2007.4509,0.32843482,0.17874801,0.047790885,0.063178554,0.61980796,70.55319,28.868567,7.1771255,119.52263
2007.4203,0.26952836,0.14891985,0.028617365,0.04591862,0.4621643,68.70665,26.55986,7.112899,82.218124
2007.4286,0.34010667,0.1803763,0.045149263,0.058063485,0.562937,69.880516,27.906982,7.1696296,91.755936
2007.3359,0.37793186,0.28687048,0.051988453,0.092979625,0.8737043,70.58479,28.81938,7.1121597,146.81929
2007.4412,0.34078395,0.18268684,0.046532895,0.059176162,0.58141935,70.01901,28.097286,7.175589,93.86862
2007.4014,0.31278503,0.22767165,0.03868546,0.070832275,0.72458905,69.480034,27.438114,7.108824,130.55408
2007.4525,0.21824822,0.12110088,0.020319926,0.038850736,0.42736673,68.3885,26.27932,7.0964074,95.65464
2007.478,0.3307484,0.22563417,0.12091784,0.077830344,0.82164216,71.589165,30.35197,7.273832,143.59293
2007.4305,0.31490526,0.1715427,0.038487773,0.052413862,0.5230193,69.25759,27.14996,7.148084,80.08398
2007.4374,0.3235755,0.17573497,0.040739164,0.05366266,0.5375072,69.394936,27.307287,7.1572046,79.576805
2007.3771,0.31250745,0.24371246,0.038842466,0.07910622,0.80221164,69.778946,27.805079,7.094549,168.47173
2007.4113,0.290008,0.15928173,0.032105904,0.04888813,0.48183665,68.87876,26.719133,7.1223016,82.05399
2007.5398,0.24293569,0.1757469,0.029980635,0.052761767,0.663726,68.94629,26.884094,7.1326237,130.38396
2007.4469,0.33928216,0.18378629,0.04650331,0.059039984,0.5850754,69.990654,28.06972,7.175729,91.34485
2007.4567,0.339716,0.18467277,0.048255276,0.061002105,0.60760826,70.251595,28.422367,7.1824355,99.99697
2007.4393,0.20671985,0.12232551,0.017854458,0.038779464,0.41715539,68.20848,26.115818,7.0780587,86.826965
2007.9675,0.98690057,0.5993714,0.12902747,0.2374801,1.9683139,76.93901,38.479603,7.4216733,590.5012
2007.4137,0.28453022,0.15651019,0.03117281,0.04809386,0.4765748,68.832726,26.676533,7.1197867,82.0979
2007.5383,0.24363665,0.17729364,0.030108215,0.05323626,0.6677134,68.95486,26.894814,7.131857,130.76152
2007.4768,0.32463044,0.17391431,0.062117018,0.075684294,0.68904966,71.15948,29.29857,7.1945148,149.65872
2007.4309,0.23960082,0.13532789,0.023504997,0.042179797,0.43822408,68.46541,26.341908,7.0974183,83.84919
2007.4341,0.227029,0.13039696,0.021341162,0.04088754,0.4301488,68.36655,26.254875,7.0899353,84.91871
2007.4321,0.23444436,0.13334404,0.022614246,0.04165725,0.4348931,68.424255,26.305649,7.0942717,84.22193
2007.4146,0.29565305,0.16207308,0.033480365,0.04969038,0.49058917,68.95891,26.80878,7.127661,81.667305
2007.4784,0.33640516,0.27601698,0.17796183,0.07971202,0.9498878,72.00526,31.386114,7.350657,137.66951
2007.4312,0.28750208,0.16584986,0.032592606,0.049552314,0.5081515,68.84315,26.687723,7.1246896,78.8721
2007.9647,1.5576553,1.1493447,0.35572338,0.40020114,3.662416,79.29424,42.12622,7.411712,737.5032
2007.45,0.32661536,0.17779244,0.047715988,0.06352958,0.62177557,70.60184,28.940533,7.176269,122.67181
2007.4745,0.19124694,0.10504226,0.016130464,0.035015464,0.4126936,68.261185,26.172037,7.091267,107.28535
2007.4409,0.20054093,0.11986983,0.016793652,0.0381381,0.41320223,68.16039,26.073511,7.0744452,87.407555
2007.4293,0.3134397,0.17082183,0.03810659,0.052206542,0.52055067,69.234856,27.123987,7.146529,80.20452
2007.4502,0.32697472,0.17798117,0.04773078,0.06346025,0.621387,70.592224,28.92632,7.176438,122.049866
2007.4293,0.24524167,0.1376352,0.024467943,0.042778004,0.441801,68.50829,26.379578,7.100586,83.20741
2007.4515,0.3297237,0.17942491,0.04784394,0.0629299,0.61841416,70.51874,28.81759,7.177732,117.29187
2007.4204,0.2692795,0.14879397,0.028574979,0.04588254,0.46192533,68.70456,26.557924,7.1127844,82.22013
2007.4534,0.3331231,0.18121023,0.047983877,0.06227406,0.614738,70.42785,28.683134,7.1793323,111.40813
2007.3802,0.33186898,0.25122246,0.037919857,0.083484426,0.82871926,70.00763,28.238422,7.099911,194.03947
2007.4282,0.33382833,0.17716946,0.043221466,0.056223698,0.54893714,69.695145,27.672256,7.1642404,88.99627
2007.4285,0.24845217,0.13891114,0.02501913,0.043111254,0.44385505,68.53328,26.40156,7.1024632,82.90573
2007.4264,0.30991253,0.16908692,0.037189186,0.051707573,0.51460916,69.18014,27.061481,7.142788,80.4946
2007.4209,0.26821434,0.14825502,0.028393535,0.04572809,0.46090212,68.69561,26.54964,7.1122956,82.22865
2007.4381,0.21157297,0.12425429,0.018687649,0.03928322,0.4202603,68.246254,26.149048,7.080897,86.37098
2007.4476,0.36168402,0.25674435,0.13788748,0.087299414,0.9422006,72.93375,32.399612,7.308537,190.50237
2007.4808,0.3195771,0.21905196,0.03303676,0.09012493,0.89449555,71.38651,30.480736,7.132593,458.11786
2007.4542,0.33480376,0.18209292,0.048053063,0.06194981,0.61292046,70.38292,28.61666,7.1801233,108.49915
2007.4152,0.33689573,0.186305,0.043667246,0.05976758,0.5785973,69.78495,27.780157,7.15771,98.53338
2007.4679,0.29074416,0.22401059,0.036876377,0.06512133,0.7232702,69.10512,27.04426,7.1156898,103.685684
2007.4291,0.31771278,0.1863048,0.038931366,0.055832118,0.5653005,69.22326,27.096905,7.1418843,82.98076
2007.4513,0.31471097,0.1707824,0.051097013,0.06897273,0.6520571,71.05496,29.486097,7.1757917,149.57121
2007.3395,0.4319271,0.39610413,0.2616062,0.10411146,1.2997956,75.144196,36.45403,7.4740505,240.67017
2007.6992,0.32678735,0.1503124,0.049648907,0.078161314,0.6902312,73.1587,33.37014,7.231724,835.93933
2007.4777,0.32631928,0.18618508,0.07625317,0.07635703,0.7212276,71.263374,29.542248,7.213679,148.23088
2007.8134,0.48376992,0.22741054,0.033939093,0.09522667,0.8401807,72.902145,34.29939,7.2844844,724.1053
2007.4777,0.32578176,0.18139762,0.07083276,0.07617822,0.7090416,71.22384,29.443983,7.206379,148.79375
2007.4233,0.3393004,0.17793508,0.044546302,0.05759056,0.5550375,69.85537,27.867046,7.1679955,94.02355
2007.4303,0.33170038,0.17697556,0.04271695,0.05569809,0.5467772,69.63184,27.595606,7.162788,86.86786
2007.4304,0.24116123,0.13601352,0.02376741,0.042354457,0.43919042,68.47653,26.351639,7.0982,83.590805
2007.4122,0.28766966,0.15809862,0.031707585,0.04854907,0.47959045,68.859116,26.700949,7.121228,82.07273
2007.429,0.24644586,0.13811378,0.024674682,0.042903,0.44257143,68.51766,26.387823,7.10129,83.09426
2007.4496,0.1674095,0.106702454,0.011105595,0.034699075,0.39200526,67.90254,25.846659,7.05507,90.52064
2007.9635,1.5490932,1.1451553,0.35502762,0.39793122,3.646029,79.25462,42.067154,7.413115,730.8959
2007.5548,0.21437447,0.10357178,0.022957606,0.033085782,0.4578509,68.611275,26.467031,7.150382,119.90176
2007.4313,0.31576866,0.17196739,0.03871234,0.052536003,0.5244738,69.27099,27.16526,7.149,80.01299
2007.4288,0.24718414,0.1384072,0.024801427,0.04297963,0.4430438,68.52341,26.392878,7.101722,83.02487
2007.4276,0.59550583,0.36274648,0.042131685,0.13600089,1.1350586,72.976974,33.56091,7.1937933,401.48453
2007.4738,0.73533684,0.405574,0.032599024,0.16264573,1.2821065,74.39791,36.487587,7.2400146,577.7171
2007.4214,0.2669091,0.1475946,0.028171195,0.045538835,0.4596483,68.68464,26.53949,7.1116962,82.23913
2007.4308,0.2396301,0.135405,0.023504542,0.042195525,0.43821084,68.464615,26.341154,7.0973043,83.734665
2007.4487,0.23182635,0.12658389,0.022643784,0.040276937,0.4360115,68.49282,26.371029,7.1041746,94.23087
2007.4562,0.16546704,0.09018914,0.0047969795,0.022375474,0.44023803,68.26286,26.31136,7.1132226,119.87718
2007.4291,0.31310263,0.17065604,0.03801892,0.05215886,0.5199829,69.22962,27.118015,7.146172,80.23223
2007.4841,0.35202453,0.23725161,0.054869354,0.07521467,0.7795095,70.64113,28.98536,7.179287,101.423996
2007.4822,0.17857666,0.09300464,0.011637425,0.028731143,0.42464662,68.323494,26.28631,7.1089334,121.34564
2007.455,0.34151825,0.18519172,0.048032913,0.060382437,0.6014563,70.16915,28.303598,7.18205,96.15903
2007.4304,0.24079154,0.1358666,0.023703938,0.042316083,0.43895388,68.473656,26.349108,7.0979834,83.62554
2007.4346,0.2331334,0.1320569,0.022453336,0.04137269,0.43442848,68.42597,26.30783,7.0950365,85.65285
2007.4723,0.3228904,0.17336492,0.06018393,0.074506976,0.68256056,71.14114,29.331465,7.1912303,149.64337
2007.4576,0.34166253,0.1856839,0.04832765,0.06061945,0.60539335,70.198654,28.344135,7.1833196,96.60907
2007.4777,0.3262451,0.18552424,0.075504966,0.07633235,0.71954554,71.25792,29.528685,7.2126713,148.30858
2007.4424,0.19480954,0.117592014,0.01580968,0.03754318,0.40953535,68.11579,26.034267,7.0710936,87.94608
2007.5171,0.26724923,0.18517604,0.03313751,0.05271,0.63096255,68.84344,26.732904,7.135067,93.85205
2007.4264,0.2817343,0.159891,0.031255618,0.04831728,0.49146616,68.80032,26.647491,7.1206684,80.160774
2007.457,0.32715017,0.19263572,0.05031283,0.06982504,0.689161,70.9503,29.433348,7.17521,135.01334
2007.4775,0.32504684,0.17485185,0.06342156,0.07593376,0.69237983,71.16978,29.309626,7.196398,149.56331
2007.4296,0.24422857,0.13723257,0.024294013,0.042672846,0.44115284,68.500404,26.37264,7.0999937,83.30259
2007.4171,0.27666205,0.15252922,0.029832533,0.04695299,0.46901682,68.7666,26.61534,7.116174,82.16094
2007.4193,0.27162445,0.1499804,0.02897442,0.04622255,0.4641778,68.724266,26.576162,7.113861,82.201324
2007.4447,0.3163107,0.17238052,0.047291793,0.065517634,0.63291925,70.87733,29.348108,7.171418,140.50734
2007.4885,0.14011495,0.08443006,0.0073764115,0.029651614,0.38012224,67.86776,25.826172,7.061947,112.58626
2007.7213,0.62581086,0.3013447,0.02155167,0.123576425,1.0262982,73.29482,35.406197,7.2839155,658.79126
2007.5016,0.21010341,0.1001041,0.019909693,0.03394226,0.43368965,68.61021,26.499247,7.129051,126.89211
2007.4467,0.30330148,0.20821682,0.037497614,0.060840946,0.6491991,69.09895,26.990519,7.124916,91.513985
2007.428,0.33404773,0.17720017,0.04327459,0.056278504,0.54918176,69.70157,27.680067,7.164391,89.19784
2007.4783,0.33343735,0.24958384,0.14803395,0.0787248,0.8826043,71.78696,30.843555,7.310351,140.7772
2007.6642,0.31218848,0.1514092,0.049127433,0.07803221,0.70043546,72.97852,32.958145,7.215757,802.54095
2007.3964,0.35480046,0.26365423,0.048638668,0.079184726,0.78046733,69.86944,27.949356,7.1231413,91.99477
2007.4286,0.3125267,0.17037275,0.037869122,0.052077383,0.5190127,69.22069,27.10781,7.1455607,80.2796
2007.4689,0.34219766,0.20077366,0.049668927,0.06413006,0.6530285,70.23927,28.425163,7.1805468,93.79555
2007.4326,0.23240924,0.13253522,0.022264855,0.04144601,0.43359104,68.40842,26.291714,7.0930815,84.413155
2007.4263,0.25578484,0.14196618,0.026276274,0.043925837,0.44896266,68.591156,26.452974,7.1065884,82.32828
2007.4324,0.31206247,0.18766621,0.037557274,0.05513013,0.5661398,69.06479,26.905062,7.1362624,79.52793
2006.9984,0.74880505,0.7135199,0.47711855,0.17370142,2.2796822,77.49029,41.086075,7.5832524,246.63745
2007.4459,0.22078541,0.15801096,0.045926083,0.07717708,0.76355004,71.85702,30.38911,7.1161437,594.8403
2007.4067,0.32277307,0.2021448,0.039640542,0.06192383,0.61654896,69.37142,27.274796,7.1303487,99.30768
2007.4272,0.31099698,0.16962032,0.037471246,0.051860984,0.51643586,69.19696,27.0807,7.143938,80.40541
2007.4254,0.25783637,0.1430042,0.026625736,0.044223312,0.45093334,68.60839,26.46893,7.1075306,82.311844
2007.4266,0.25517884,0.14165959,0.02617305,0.043837976,0.44838053,68.58606,26.448261,7.1063104,82.33316
2007.4778,0.32828948,0.20373327,0.096121415,0.077012405,0.7658952,71.408295,29.902437,7.240437,146.16779
2007.4778,0.3272085,0.19410522,0.08522044,0.076652825,0.7413878,71.32878,29.704815,7.2257557,147.29973
2007.4619,0.34162793,0.1964997,0.07851917,0.08102577,0.7688146,71.9094,30.480543,7.2228417,173.09259
2007.467,0.33890328,0.19881484,0.04951305,0.06470991,0.65584785,70.326515,28.553905,7.1790433,99.52697
2008.0349,1.0418252,0.6304864,0.12708686,0.24713933,2.054104,77.30444,39.268486,7.4104166,663.76324
2007.4216,0.26649317,0.14738418,0.028100347,0.045478527,0.4592488,68.681145,26.536255,7.111505,82.242455
2007.4159,0.2794829,0.15395646,0.030313043,0.04736201,0.47172645,68.79031,26.637278,7.1174693,82.13835
2007.4426,0.31228507,0.17026629,0.047126077,0.06629429,0.6372727,70.98495,29.507334,7.1695232,147.47502
2007.4244,0.260088,0.14414343,0.027009284,0.044549793,0.4530962,68.62732,26.48644,7.1085644,82.2938
2007.4464,0.31957266,0.17409368,0.047426075,0.06488831,0.62939173,70.790115,29.21909,7.1729536,134.8615
2007.4838,0.16763818,0.09047819,0.010340853,0.028861353,0.4125545,68.1969,26.159868,7.0960975,119.03352
2008.7175,1.7052178,1.0216683,0.015195174,0.393384,3.005838,80.2161,49.87831,7.269547,1697.0083
2007.447,0.2854695,0.17101985,0.03296901,0.050070386,0.5289184,68.81455,26.662485,7.126555,76.35561
2007.4633,0.33266258,0.20179424,0.051492862,0.0711712,0.7099528,70.921745,29.386547,7.1770372,129.35858
2007.7166,0.6848088,0.29840472,0.025493836,0.13379863,1.019071,74.550385,37.346085,7.3133225,830.81604
2007.3163,0.4003195,0.27452147,0.040882297,0.094098605,0.8382683,70.5158,29.022335,7.1055098,215.86758
2007.4218,0.26996985,0.14983371,0.028773071,0.04607318,0.46511927,68.70908,26.562243,7.1134133,81.93246
2007.4279,0.31172594,0.16997889,0.037660852,0.051964108,0.51766384,69.20827,27.093618,7.1447115,80.34545
2007.5664,0.23467302,0.14209446,0.028034562,0.04141135,0.55706847,68.70579,26.575354,7.151797,108.62776
2007.4308,0.3152602,0.1717173,0.038580097,0.052464075,0.5236173,69.2631,27.15625,7.1484604,80.05479
2007.4249,0.3229734,0.18662049,0.040219344,0.057012055,0.56989825,69.3773,27.28423,7.145911,87.48942
2007.4943,0.54454565,0.3808177,0.06990532,0.13340524,1.2062497,73.01002,32.793034,7.220268,252.69151
2007.6862,0.5076484,0.28817806,0.019789105,0.10647118,1.0062492,71.65276,32.509323,7.226897,447.26926
2007.3949,0.37190658,0.2542911,0.03629652,0.086551644,0.8226492,70.27567,28.848673,7.119594,218.67323
2007.4287,0.24762204,0.13858123,0.024876608,0.043025084,0.4433239,68.52682,26.395876,7.101978,82.98373
2007.4393,0.20688914,0.12239279,0.017883519,0.038797036,0.4172637,68.2098,26.116978,7.0781574,86.81106
2007.4619,0.31882063,0.17207997,0.055662606,0.07175333,0.66738313,71.09827,29.408405,7.1835485,149.60747
2007.4333,0.22979194,0.13149503,0.021815514,0.04117433,0.43191656,68.38805,26.273792,7.091551,84.65906
2007.4502,0.3316487,0.18282089,0.045508493,0.058893103,0.58712673,69.95826,28.061321,7.1708603,91.54096
2007.4148,0.28198418,0.155222,0.030739112,0.047724687,0.4741291,68.81133,26.65673,7.1186175,82.11831
2007.4127,0.29335988,0.16094512,0.03288392,0.049365982,0.48672634,68.92333,26.768143,7.125229,81.85591
2007.4778,0.34713036,0.28356567,0.18949413,0.08005131,0.9684496,72.1007,31.59307,7.3665566,136.00467
2007.4563,0.141736,0.09649906,0.006697932,0.032034185,0.37557977,67.70273,25.670874,7.040056,92.93294
2007.4388,0.20879318,0.12314952,0.018210413,0.038994674,0.4184819,68.22462,26.130014,7.079271,86.632164
2007.3887,0.48409617,0.28786469,0.032318637,0.108481586,0.92593795,71.522316,31.140984,7.1506104,348.44238
2007.436,0.3250225,0.17593741,0.041089494,0.054024104,0.53912026,69.4373,27.358795,7.1581974,80.90619
2007.4253,0.25806987,0.14312233,0.026665507,0.044257168,0.45115757,68.61036,26.470745,7.107638,82.309975
2007.466,0.15208328,0.0870382,0.004696598,0.024365237,0.4169862,68.08237,26.107012,7.091987,116.68203
2007.4417,0.19795932,0.11884382,0.016350435,0.037870128,0.41155052,68.140305,26.055836,7.0729356,87.650154
2007.741,0.51100624,0.27205285,0.023715558,0.10370153,0.957533,72.08596,33.229225,7.2518063,539.049
2007.4745,0.1397231,0.11274196,0.03306362,0.056180313,0.69245553,70.44328,28.272558,7.103071,417.89838
2007.4552,0.14572856,0.09808583,0.007383385,0.032448612,0.37813416,67.7338,25.69821,7.0423913,92.5578
2007.4125,0.28706482,0.1577926,0.031604555,0.04846137,0.47900948,68.85403,26.696243,7.12095,82.077576
2007.4307,0.24018624,0.13562602,0.023600018,0.042253252,0.43856663,68.46895,26.344963,7.0976295,83.68243
2007.5671,0.22193357,0.15499112,0.026892038,0.048098117,0.64324045,68.92104,26.865538,7.138798,147.7874
2007.4216,0.266478,0.1473765,0.028097762,0.04547633,0.45923424,68.681015,26.536137,7.1114984,82.2426
2007.4508,0.328216,0.17863306,0.047781877,0.06322078,0.62004465,70.559044,28.877224,7.1770225,119.90145
2007.4706,0.2963227,0.19453476,0.03647349,0.05512296,0.60537744,68.9187,26.777157,7.1340756,75.56453
2007.444,0.31480628,0.17159042,0.047229864,0.06580788,0.63454616,70.91755,29.407612,7.17071,143.11125
2007.4165,0.27816805,0.15329118,0.030089067,0.047171358,0.47046345,68.77926,26.627052,7.1168656,82.148895
2007.5607,0.35649055,0.21919914,0.033654965,0.09096645,0.8772251,71.770004,31.40745,7.1690583,527.09296
2007.4355,0.32559028,0.17601685,0.041226957,0.054165926,0.53975326,69.453926,27.379007,7.158587,81.42781
2006.1257,1.2305157,0.8349894,0.68700725,0.2543706,2.7549644,77.56732,39.790104,7.5770226,176.61018
2007.4271,0.33502817,0.17733733,0.04351196,0.056523405,0.5502748,69.73027,27.714968,7.165064,90.09859
2007.4227,0.26404274,0.14614436,0.02768294,0.04512322,0.45689502,68.66055,26.517197,7.11038,82.262085
2007.4596,0.35355318,0.27838138,0.16940933,0.08491084,0.98135656,72.6939,32.301502,7.3464293,168.49997
2007.45,0.3141612,0.17060883,0.05048626,0.06860076,0.6500069,71.04917,29.49649,7.174754,149.56638
2007.4263,0.37875915,0.27838233,0.0597363,0.09083627,0.8974009,71.16865,29.622465,7.161178,130.24348
2007.4777,0.326441,0.1872692,0.07748062,0.076397516,0.7239872,71.27233,29.5645,7.215332,148.10342
2007.6177,0.19456947,0.10402363,0.022181692,0.033089407,0.5239954,68.671715,26.558397,7.1625605,143.61292
2007.4556,0.14447056,0.09758585,0.0071674003,0.03231803,0.3773293,67.72401,25.689596,7.0416555,92.67601
2007.6388,0.7113702,0.3343407,0.017658783,0.14293066,1.119919,74.07535,36.695736,7.284655,702.4225
2007.4119,0.28862762,0.15858331,0.031870767,0.048687972,0.48051065,68.867165,26.708399,7.121668,82.06508
2005.7114,2.320245,1.86867,1.1521554,0.5419351,6.097337,80.50761,43.99075,7.511922,248.35861
2007.4838,0.42913708,0.3180929,0.16043232,0.11669066,1.1831903,74.07739,33.29692,7.3486,214.88379
2007.4476,0.1748053,0.1096289,0.012376396,0.035464264,0.39674324,67.9603,25.897486,7.0594206,89.84766
2007.6398,0.6482645,0.43767062,0.10817494,0.16483405,1.438151,74.04541,33.570084,7.322874,263.16293
2007.4369,0.21598741,0.12600872,0.019445525,0.039741434,0.42308462,68.28061,26.179274,7.083478,85.956184
2007.4202,0.26963186,0.14897223,0.028634997,0.04593363,0.4622638,68.70752,26.560665,7.112946,82.21731
2007.4546,0.33552286,0.18247059,0.048082665,0.061811075,0.6121428,70.36369,28.588217,7.180462,107.254524
2007.58,1.7000246,1.3727595,0.52254,0.42665315,4.2915483,79.4696,43.379635,7.4445,554.2163
2007.4691,0.32165518,0.17297493,0.058811676,0.07367123,0.67795414,71.12813,29.354816,7.188899,149.63248
2007.478,0.33074325,0.22558817,0.120865785,0.07782863,0.82152516,71.58879,30.351025,7.2737617,143.59833
2007.4241,0.26083118,0.14451943,0.027135873,0.04465755,0.45381007,68.63356,26.49222,7.1089053,82.28784
2007.4745,0.09040411,0.074376054,-0.0019705729,0.02637217,0.34357962,67.33,25.344486,7.0134807,100.69587
2007.1571,0.6179508,0.36063692,0.35091913,0.09182242,1.1006974,73.532364,33.26098,7.4910574,108.01532
2007.7104,0.7938906,0.48806977,0.10768176,0.19492409,1.6150658,75.46877,36.25096,7.3841085,419.2646
2007.4746,0.3237758,0.17364448,0.061167568,0.07510605,0.6858625,71.150475,29.314728,7.1929016,149.65118
2007.4304,0.33139998,0.17682971,0.04263354,0.055617124,0.54623,69.62404,27.585815,7.162574,86.76529
2007.7517,0.45838064,0.22957766,0.032969914,0.09504791,0.858686,72.5824,33.57265,7.2563686,664.6457
2007.4165,0.27800167,0.15320702,0.030060729,0.047147233,0.47030362,68.77786,26.625757,7.1167893,82.1502
2007.4725,0.3420933,0.21691361,0.053786986,0.07405922,0.7489418,70.94899,29.407335,7.180705,123.57549
2007.4485,0.3236844,0.17625313,0.047595333,0.06409504,0.62494516,70.68019,29.05646,7.174889,127.74477
2007.4393,0.33741426,0.18246321,0.045152772,0.05786273,0.5703223,69.83486,27.864902,7.1701283,87.27155
2007.4122,0.29284972,0.16069421,0.032751236,0.049293816,0.48586705,68.91542,26.759102,7.1246877,81.89783
2007.4775,0.32499608,0.17439982,0.062909774,0.07591688,0.6912292,71.166046,29.300346,7.1957083,149.61647
2007.4801,0.2872978,0.18606168,0.034926247,0.052186623,0.5824179,68.80369,26.655228,7.133769,70.57254
2007.4232,0.3061152,0.16721912,0.03620152,0.051170394,0.50821257,69.12122,26.994186,7.1387596,80.80689
2007.3422,0.3960749,0.29255018,0.050817754,0.09645756,0.8932166,70.77157,29.201609,7.1182857,169.42546
2007.4249,0.30820614,0.1682476,0.036745366,0.051466186,0.5117348,69.15366,27.03124,7.1409774,80.63492
2007.6937,0.68040544,0.31463006,0.020989677,0.13425937,1.0613438,73.96602,36.514374,7.2953253,725.5556
2007.4369,0.32407552,0.17580493,0.040860225,0.053787563,0.5380646,69.40958,27.325087,7.1575475,80.03617
2007.4326,0.3174759,0.17280713,0.039156385,0.05277751,0.5273496,69.29747,27.195517,7.150811,79.87256
2007.4686,0.3626451,0.2527517,0.057459213,0.08150819,0.83096206,70.926735,29.341238,7.1764407,114.14859
2007.4365,0.21754618,0.12662822,0.01971314,0.03990323,0.4240819,68.29274,26.189945,7.0843897,85.80972
2007.4138,0.28412673,0.15630604,0.031104079,0.04803535,0.47618717,68.82934,26.673393,7.1196012,82.10112
2007.8656,0.41428047,0.17235085,0.048711043,0.08287908,0.70893556,73.645874,34.846664,7.2845173,925.8291
2007.4352,0.24584343,0.13570899,0.024752596,0.042420786,0.4432435,68.546646,26.415236,7.1052666,86.84694
2007.4364,0.21794428,0.12678643,0.019781483,0.039944552,0.42433655,68.295845,26.192673,7.0846224,85.77232
2007.5562,0.20809953,0.09781542,0.021157907,0.030987745,0.4578548,68.62745,26.501186,7.1541705,126.62605
2007.4778,0.32740012,0.19581187,0.08715273,0.076716565,0.7457319,71.34288,29.739845,7.2283583,147.09909
2007.453,0.15422861,0.10146401,0.00884269,0.033330914,0.38357237,67.79996,25.75641,7.047362,91.759125
2007.4222,0.30495828,0.16665007,0.035900615,0.051006734,0.5062638,69.10327,26.973684,7.137532,80.90202
2007.3303,0.34467766,0.24324387,0.04218629,0.07804267,0.7340534,69.785095,27.749918,7.1000648,138.74596
2007.4779,0.32973805,0.21663518,0.1107291,0.077494256,0.798736,71.51485,30.16726,7.26011,144.65092
2007.4108,0.290931,0.15974872,0.032263122,0.049021956,0.4827232,68.88652,26.726313,7.1227255,82.046585
2007.4144,0.29549086,0.16199331,0.03343818,0.04966744,0.49031597,68.9564,26.805906,7.127489,81.68064
2007.444,0.31489754,0.17163835,0.047233623,0.06579027,0.63444746,70.91511,29.404003,7.170753,142.95326
2007.4624,0.3864315,0.2893776,0.20991611,0.08072429,0.98202604,72.29516,31.877592,7.3899894,130.79973
2007.4559,0.33816403,0.1838577,0.048191387,0.061301522,0.6092866,70.29308,28.483753,7.181705,102.68316
2007.4362,0.21894056,0.1271824,0.01995253,0.040047966,0.424974,68.3036,26.199493,7.085205,85.678696
2007.4146,0.3320614,0.18983579,0.042353358,0.059902277,0.58588815,69.643394,27.607449,7.15022,97.33881
2007.4242,0.30724975,0.16777718,0.03649662,0.051330894,0.5101238,69.138824,27.014294,7.139963,80.71356
2007.4564,0.31666997,0.17140093,0.053273372,0.07029821,0.6593628,71.07561,29.449062,7.1794896,149.5885
2007.5372,0.24184477,0.1766972,0.029829083,0.053686462,0.67320603,68.991005,26.938925,7.130948,137.10121
2007.5929,0.45772734,0.28446543,0.023306863,0.101140276,0.9788627,71.0523,31.119648,7.1850257,349.50272
2007.4525,0.33146888,0.18034147,0.047915783,0.0625932,0.61652684,70.47208,28.748564,7.1785536,114.27124
2007.4777,0.32579923,0.18155318,0.0710089,0.07618404,0.70943755,71.22512,29.447176,7.206616,148.77545
2007.4115,0.28938723,0.15896763,0.032000158,0.048798114,0.48124033,68.87355,26.714306,7.122017,82.058975
2007.9392,0.54014087,0.21524225,0.045739945,0.09999868,0.7948688,74.51862,36.77564,7.3185987,1022.2501
2007.4149,0.28174722,0.1551021,0.030698748,0.04769033,0.47390148,68.80934,26.654888,7.118509,82.12021
2007.4344,0.3268994,0.17620002,0.041543916,0.05449294,0.54121274,69.492256,27.425608,7.1594853,82.63054
2007.4199,0.27041245,0.14936717,0.028767964,0.046046812,0.46301356,68.71408,26.566734,7.1133046,82.21105
2007.4252,0.25839704,0.14328787,0.026721245,0.04430461,0.4514719,68.613106,26.47329,7.107788,82.30734
2007.455,0.24437776,0.13400076,0.0251579,0.041401803,0.45006293,68.55398,26.416252,7.1136155,87.9292
2007.4048,0.35101926,0.25565425,0.036347818,0.08555319,0.8415729,70.132416,28.594421,7.1116257,210.13664
2007.4526,0.33184537,0.18053919,0.04793128,0.06252056,0.61611974,70.46201,28.733671,7.178731,113.6196
2007.4341,0.31923577,0.17367275,0.03961412,0.053026468,0.530314,69.324776,27.226704,7.152678,79.72783
2007.4362,0.2190971,0.12724459,0.019979404,0.04006422,0.42507416,68.30482,26.200565,7.0852966,85.66398
2007.5278,0.26569918,0.16971268,0.032510005,0.047164377,0.575555,68.715546,26.566763,7.144675,79.501564
2007.4432,0.19194204,0.11645239,0.015317386,0.037245538,0.40770078,68.09347,26.014635,7.0694165,88.21552
2007.4359,0.32517037,0.1759581,0.041125298,0.054061044,0.5392851,69.441635,27.36406,7.158299,81.04203
2007.4327,0.32879025,0.17646457,0.042001702,0.054965243,0.5433206,69.54762,27.492916,7.160783,84.367676
2009.0054,2.505036,1.6055149,0.079184756,0.6667307,4.9323354,82.347404,55.326206,7.3157253,2145.7124
2007.4379,0.21231113,0.12454764,0.018814372,0.039359834,0.4207326,68.252,26.154102,7.0813284,86.301636
2007.4384,0.25748345,0.14815317,0.02718673,0.044870738,0.47012174,68.59553,26.458078,7.109774,80.13771
2007.4331,0.3224371,0.18000896,0.040312387,0.054792695,0.5495997,69.361595,27.266108,7.152026,81.952255
2007.4296,0.24407078,0.13716985,0.024266923,0.042656466,0.44105193,68.499176,26.371561,7.099901,83.31743
2007.6565,0.15502846,0.08557493,0.016958365,0.032010894,0.5652309,68.81081,26.767443,7.160633,199.52956
2007.4252,0.25846738,0.14332345,0.026733221,0.0443148,0.45153946,68.6137,26.473837,7.10782,82.306786
2007.4377,0.21282525,0.12475197,0.018902643,0.039413203,0.42106152,68.256004,26.157621,7.081629,86.25332
2007.4233,0.3393004,0.17793508,0.044546302,0.05759056,0.5550375,69.85537,27.867046,7.1679955,94.02355
2007.4391,0.2074921,0.12263242,0.017987037,0.03885962,0.41764945,68.21449,26.121105,7.0785103,86.75441
2007.4194,0.2714061,0.14986992,0.028937226,0.04619089,0.46396807,68.722435,26.574463,7.113761,82.20309
2007.4269,0.3353288,0.1773794,0.043584745,0.056598503,0.55060995,69.739075,27.72567,7.16527,90.37479
2007.4108,0.2909724,0.15976967,0.03227018,0.049027957,0.482763,68.88687,26.726633,7.1227446,82.04626
2007.4443,0.31548747,0.17194816,0.047257904,0.06567646,0.6338095,70.89934,29.380669,7.1710305,141.93222
2007.4575,0.34131446,0.18551227,0.048321076,0.060693715,0.6058796,70.208855,28.359144,7.183188,97.2303
2007.4569,0.13919799,0.09549039,0.006262207,0.03177074,0.373956,67.682976,25.653494,7.038572,93.17142
2007.4845,0.17875159,0.09302781,0.012087023,0.029257318,0.42239952,68.31812,26.274008,7.1075425,121.27694
2007.4591,0.3559071,0.2939298,0.18660882,0.08567566,1.0218507,72.84641,32.651875,7.369856,167.79276
2007.5728,0.5760338,0.39815226,0.09678772,0.14713997,1.3130821,73.47122,32.727283,7.279005,234.04305
2007.436,0.32499498,0.17593355,0.041082826,0.054017223,0.53908956,69.43649,27.357815,7.1581783,80.8809
2007.4319,0.316518,0.17233595,0.03890724,0.052642006,0.52573603,69.282616,27.178541,7.149795,79.95136
2007.4396,0.2268861,0.12835385,0.021482976,0.040487725,0.4310275,68.39632,26.282827,7.0938225,88.32259
2007.4574,0.34122202,0.18546373,0.048317272,0.06071155,0.6059796,70.21133,28.3628,7.1831446,97.3903
2007.4467,0.32000217,0.17431925,0.047443755,0.06480545,0.62892723,70.77863,29.2021,7.173156,134.11807
2007.4325,0.23302053,0.13277817,0.022369804,0.04150946,0.43398213,68.41318,26.295898,7.093439,84.35572
2007.4493,0.16849536,0.10713399,0.011292016,0.03481179,0.39269996,67.91099,25.854094,7.055705,90.41862
2007.4313,0.23778991,0.13467366,0.023188615,0.04200452,0.4370335,68.450294,26.328554,7.096228,83.90758
2007.4197,0.3017794,0.16508646,0.0350738,0.050557036,0.500909,69.053955,26.917349,7.13416,81.16346
2007.4216,0.30419624,0.16627523,0.035702407,0.05089893,0.50498015,69.09145,26.96018,7.136724,80.9647
2007.3513,0.37242353,0.24903026,0.037937112,0.086482055,0.7978858,70.34912,28.791208,7.112874,217.60545
2007.4309,0.33079287,0.17674477,0.04248656,0.055465482,0.5455532,69.60626,27.564205,7.1621575,86.207535
2007.4133,0.28523284,0.1568657,0.031292494,0.04819574,0.4772497,68.83863,26.681995,7.120109,82.09225
2007.4502,0.32705763,0.17802471,0.047734194,0.06344426,0.6212973,70.59001,28.92304,7.176477,121.90634
2007.4784,0.29346544,0.19361034,0.03620619,0.054379854,0.6045539,68.87719,26.733603,7.1349936,73.00286
2007.4586,0.34153348,0.23459244,0.04882471,0.070092484,0.72300214,69.89577,28.021976,7.1535196,79.04322
2007.4338,0.31889975,0.17350747,0.039526723,0.052978933,0.529748,69.319565,27.220749,7.1523213,79.75547
2007.455,0.14669032,0.09846807,0.0075485012,0.03254844,0.3787495,67.74129,25.704796,7.0429535,92.467415
2007.3424,0.3311852,0.2328055,0.040216405,0.07669879,0.7358554,69.833664,27.816582,7.1012034,158.10689
2007.4221,0.3047259,0.16653576,0.03584017,0.05097386,0.5058723,69.09967,26.969566,7.1372857,80.92114
2007.3655,0.3259193,0.22736876,0.03973394,0.07296146,0.7134825,69.65757,27.616535,7.1069264,140.7859
2007.476,0.41646805,0.31565803,0.17187117,0.109943785,1.1691,74.235756,33.87764,7.3692384,218.60641
2007.4335,0.32798868,0.17635243,0.04180764,0.054765027,0.542427,69.524155,27.464384,7.160233,83.631294
2007.5796,0.22707102,0.12933335,0.026766082,0.037763797,0.52934986,68.64917,26.506563,7.1574793,109.037155
2007.4213,0.3036578,0.1660104,0.035562363,0.05082276,0.50407314,69.0831,26.950638,7.1361527,81.00897
2007.4374,0.32356027,0.17573282,0.040735472,0.053658854,0.5374901,69.394485,27.306744,7.157194,79.56279
2007.4762,0.13818754,0.08376647,0.0045990325,0.026439311,0.39280713,67.894844,25.894625,7.0699143,113.363045
2007.4615,0.34331205,0.2074047,0.09056013,0.08157223,0.79726565,72.01768,30.727982,7.2392564,172.65767
2007.4381,0.2475226,0.1370621,0.025167948,0.042515293,0.44634622,68.54945,26.414993,7.1071587,85.19829
2007.4291,0.24596606,0.1379231,0.024592312,0.0428532,0.44226447,68.51393,26.384537,7.1010094,83.139336
2008.0724,1.1457918,0.66828203,0.08371173,0.2549679,2.1108773,77.97608,41.909897,7.3234186,912.4343
2007.4552,0.341533,0.18524201,0.048063032,0.060406655,0.60185856,70.17217,28.30774,7.18218,96.205025
2007.4453,0.31754786,0.17303026,0.04734272,0.065278955,0.63158137,70.84425,29.299177,7.1720004,138.36607
2007.4388,0.2231313,0.12750909,0.020784123,0.040223483,0.42830896,68.357025,26.247686,7.090332,87.57015
2007.4318,0.23594454,0.13394026,0.022871798,0.04181297,0.43585286,68.435936,26.31592,7.095149,84.08096
2007.5016,0.22077829,0.10942019,0.02231484,0.036080293,0.44156182,68.60654,26.476685,7.1294055,116.20621
2007.5441,0.2540186,0.15649734,0.030744301,0.043946464,0.5576944,68.68638,26.536669,7.149207,87.30446
2007.4283,0.33370537,0.17715226,0.043191697,0.056192987,0.5488001,69.69154,27.667881,7.164156,88.88331
2007.45,0.32655615,0.17776135,0.047713548,0.063541,0.6218396,70.60342,28.942873,7.176241,122.77428
2007.4313,0.33040932,0.1766911,0.042393696,0.055369675,0.5451256,69.59503,27.55055,7.1618943,85.85518
2007.4277,0.3115038,0.16986962,0.03760307,0.05193268,0.51728964,69.20482,27.089682,7.144476,80.363716
2007.4567,0.09264706,0.073446,-0.005724697,0.020914169,0.3704939,67.452675,25.532738,7.0348043,104.95063
2007.3442,0.08153297,0.093709014,0.055230174,0.06092152,0.64612985,71.70828,29.10042,7.064998,629.1925
2007.428,0.35739002,0.25966674,0.05203685,0.07960993,0.79773587,70.23842,28.442,7.1442013,96.36312
2007.4364,0.21812443,0.12685803,0.01981241,0.039963257,0.42445183,68.29724,26.193905,7.084728,85.7554
2007.4626,0.20823893,0.11445214,0.018825179,0.037294146,0.4222673,68.35212,26.249685,7.095893,101.15389
2007.4672,0.10841201,0.08245062,0.0010442003,0.028419247,0.35465255,67.45588,25.45442,7.0221767,97.43739
2007.5306,0.19739321,0.14450216,0.022562472,0.057054985,0.73356956,69.64229,27.726189,7.1219482,263.58932
2007.4447,0.18593402,0.114064634,0.014285916,0.036621913,0.40385693,68.046715,25.973497,7.065903,88.780045
2007.4244,0.33711806,0.1782896,0.04399544,0.057255957,0.5545934,69.791466,27.789263,7.1658435,92.52784
2007.466,0.3442764,0.21702638,0.056016553,0.07833674,0.779056,71.42478,30.034363,7.184897,146.24191
2007.401,0.5637822,0.34557733,0.040279742,0.1286953,1.0754348,72.50838,32.745502,7.1754694,377.2749
2007.4587,0.27635673,0.16961491,0.031790465,0.049169425,0.5319151,68.73201,26.586737,7.123819,75.11872
2007.4233,0.3393004,0.17793508,0.044546302,0.05759056,0.5550375,69.85537,27.867046,7.1679955,94.02355
2007.6561,0.41358146,0.22894984,0.03232736,0.09394743,0.87833375,72.128075,32.46566,7.212714,583.3156
2007.4237,0.26171157,0.14496489,0.027285846,0.044785205,0.45465574,68.64096,26.499067,7.1093097,82.280785
2007.4668,0.10127379,0.08041821,-0.00024868402,0.027834235,0.34969267,67.38782,25.393827,7.016394,96.734856
2007.4001,0.32117778,0.20873949,0.039021835,0.06370053,0.6353193,69.32471,27.216997,7.122492,103.10367
2007.5698,0.23869932,0.13206396,0.028224884,0.037074834,0.506798,68.583885,26.413214,7.1598167,89.56872
2007.436,0.21952203,0.12741348,0.020052357,0.040108323,0.42534602,68.30812,26.203474,7.085545,85.624054
2007.4344,0.3268634,0.17619498,0.041535195,0.054483943,0.54117256,69.4912,27.424326,7.1594605,82.59746
2007.4144,0.28271696,0.15559275,0.030863939,0.04783094,0.47483304,68.81749,26.66243,7.118954,82.11242
2007.4331,0.23046653,0.13176313,0.021931326,0.041244358,0.43234813,68.3933,26.278412,7.0919456,84.5957
2007.4246,0.3379422,0.17774506,0.044217482,0.057251304,0.5535234,69.8156,27.818699,7.1670637,92.775795
2007.436,0.32504356,0.17594036,0.041094597,0.054029368,0.5391438,69.43792,27.359545,7.1582117,80.92554
2007.4429,0.19336861,0.117019355,0.0155623015,0.037393615,0.40861347,68.104576,26.024403,7.070251,88.081474
2007.4137,0.29458946,0.16154993,0.03320373,0.049539924,0.48879758,68.94241,26.789932,7.126533,81.75478
2007.4341,0.22672589,0.13027649,0.021289127,0.04085608,0.4299549,68.36419,26.2528,7.089758,84.94718
2007.4115,0.28926948,0.15890807,0.0319801,0.04878104,0.48112723,68.87256,26.71339,7.1219625,82.0599
2007.454,0.33449546,0.181931,0.04804037,0.06200929,0.61325383,70.39116,28.628853,7.1799784,109.03277
2007.4438,0.1920158,0.116257556,0.015348816,0.037209753,0.40785745,68.09753,26.018404,7.0699077,88.591194
2007.433,0.23097214,0.13196409,0.022018129,0.04129684,0.43267164,68.39723,26.281874,7.0922413,84.54818
2007.5085,0.25176057,0.14645137,0.028680215,0.042214908,0.50546455,68.60566,26.452044,7.136371,82.52523
2007.4166,0.33183292,0.18819606,0.042352855,0.05933226,0.5807877,69.63671,27.599552,7.1516576,95.88812
2007.5011,0.3698141,0.22037254,0.07830063,0.09372539,0.8628845,72.0873,30.298038,7.227097,168.33228
2007.429,0.24675931,0.13823836,0.024728497,0.042935535,0.44277197,68.5201,26.389969,7.1014733,83.06479
2007.4268,0.3354188,0.17739199,0.04360653,0.056620978,0.55071026,69.741714,27.728872,7.165332,90.45745
2007.4778,0.32703018,0.19251692,0.08342216,0.07659351,0.73734486,71.31567,29.672215,7.223334,147.48645
2007.4265,0.25526774,0.14170456,0.02618819,0.04385086,0.4484659,68.58681,26.448952,7.106351,82.33243
2007.4109,0.3176301,0.20437536,0.038562592,0.061671272,0.62230414,69.2486,27.129538,7.125447,97.16787
2007.4346,0.3197407,0.17392112,0.039745454,0.0530979,0.53116465,69.33261,27.235651,7.1532135,79.68631
2007.3627,0.5186892,0.31325027,0.034254372,0.11708699,0.97270256,71.77861,31.5678,7.1481123,359.8419
2007.4724,0.07987134,0.07191228,-0.003923087,0.02561268,0.3359998,67.221245,25.247284,7.003878,98.74583
2007.4464,0.31965616,0.17413753,0.047429513,0.064872205,0.6293014,70.78789,29.215788,7.172993,134.71696
2006.9261,0.6485795,0.4843392,0.4007774,0.12864219,1.5350673,76.116135,37.634136,7.555818,199.17644
2007.4188,0.272917,0.15063436,0.029194592,0.046409965,0.46541935,68.73513,26.586214,7.1144547,82.19099
2007.428,0.311754,0.16999269,0.037668146,0.051968075,0.5177111,69.2087,27.094114,7.144741,80.343155
2007.4183,0.27380463,0.1510835,0.029345801,0.046538673,0.46627206,68.74259,26.593117,7.114862,82.18384
2007.4572,0.35910088,0.3063497,0.199474,0.08668419,1.0561771,73.020294,32.99919,7.387959,169.64804
2007.4464,0.33599606,0.1838252,0.045282904,0.0578554,0.576097,69.822586,27.859388,7.1709547,85.00068
2007.4624,0.11826895,0.08717259,0.0026690713,0.029598324,0.36056596,67.52009,25.510193,7.026333,95.13792
2007.4463,0.31928858,0.17394447,0.047414377,0.06494312,0.62969893,70.797714,29.230326,7.17282,135.3532
2007.4236,0.2620698,0.14514613,0.027346862,0.044837147,0.4549998,68.643974,26.501852,7.109474,82.27791
2007.4125,0.29313526,0.16083466,0.0328255,0.04933421,0.486348,68.91985,26.764162,7.1249905,81.87437
2007.4214,0.26706013,0.14767103,0.028196925,0.045560736,0.45979342,68.68591,26.540665,7.1117654,82.23791
2007.41,0.15991528,0.08926465,-0.00476577,0.011473124,0.48477405,68.35206,26.544634,7.139846,120.89776
2007.4438,0.18931247,0.11540732,0.014865933,0.036972594,0.4060184,68.073006,25.99663,7.0678787,88.462616
2007.449,0.2634031,0.15661557,0.028832493,0.046446,0.49584767,68.635124,26.4958,7.1149607,77.85622
2007.6976,0.8337891,0.49383882,0.094673395,0.19986664,1.6275423,75.869286,37.38163,7.3817697,497.90906
2007.4777,0.32522854,0.17647023,0.06525391,0.07599421,0.6964993,71.18314,29.342844,7.1988654,149.37303
2007.4678,0.09736617,0.07886521,-0.0009195492,0.027428633,0.34719265,67.35741,25.367071,7.014109,97.102036
2007.4209,0.30332407,0.16584623,0.03547556,0.05077555,0.50351095,69.07792,26.944723,7.135799,81.03642
2007.4178,0.27513134,0.15175474,0.029571788,0.04673104,0.46754643,68.75374,26.603436,7.1154714,82.173225
2007.4443,0.18771839,0.114773795,0.014592262,0.03680713,0.4049986,68.0606,25.985714,7.0669465,88.61237
2007.4094,0.30270463,0.24034318,0.038019758,0.075651765,0.7931487,69.578575,27.588785,7.0991755,152.28452
2007.4847,0.19357707,0.09643314,0.014314344,0.02965978,0.43611392,68.481606,26.429682,7.123191,124.294846
2007.4338,0.22797976,0.13077481,0.021504397,0.040986232,0.4307571,68.37395,26.261385,7.0904913,84.829384
2007.4432,0.31333587,0.17081816,0.047169335,0.06609157,0.6361363,70.956856,29.46577,7.1700177,145.65627
2007.4156,0.27312294,0.20689796,0.03512902,0.086955115,0.88126576,71.19931,29.785887,7.102717,434.72858
2007.4352,0.22286266,0.12874115,0.02062588,0.040455077,0.4274833,68.33412,26.226349,7.0874987,85.310165
2007.4368,0.21668734,0.12628688,0.019565692,0.039814085,0.4235324,68.28606,26.184065,7.0838876,85.8904
2007.4312,0.31562158,0.17189506,0.03867409,0.0525152,0.524226,69.26871,27.162655,7.148844,80.02507
2007.4371,0.21510352,0.12565744,0.01929378,0.039649684,0.42251912,68.273735,26.173222,7.082961,86.039215
2007.3076,0.36377993,0.27109033,0.046827577,0.08827646,0.8183609,70.214676,28.290005,7.0958214,152.57288
2007.4329,0.23143107,0.13214648,0.022096923,0.041344475,0.43296522,68.40081,26.285015,7.0925097,84.50507
2007.4669,0.22984304,0.17864844,0.027020408,0.068141624,0.79370373,69.90993,28.020538,7.10601,265.84482
2008.0524,1.0177178,0.64392066,0.16640742,0.25471252,2.1197395,77.053185,37.49619,7.4479303,536.87476
2007.4382,0.21086352,0.123972334,0.01856585,0.03920958,0.41980645,68.24073,26.14419,7.0804815,86.43763
2007.4362,0.32486463,0.17591533,0.041051276,0.053984676,0.5389443,69.43268,27.353176,7.158089,80.76116
2007.4363,0.31927133,0.17710371,0.039593082,0.053487014,0.5392517,69.28579,27.175646,7.151408,78.70487
2007.4426,0.299078,0.17858657,0.035366543,0.052132938,0.5444879,68.92765,26.767284,7.133111,75.968124
2007.6194,0.19462512,0.10120452,0.022107447,0.032028694,0.5129309,68.64578,26.524454,7.164432,140.34123
2007.4213,0.3037127,0.1660374,0.03557664,0.05083053,0.50416565,69.08395,26.95161,7.136211,81.004456
2007.453,0.3324669,0.18086562,0.047956865,0.062400654,0.6154475,70.4454,28.709087,7.1790233,112.54384
2007.448,0.19902581,0.11687737,0.016733712,0.03751755,0.4134002,68.18577,26.097952,7.0783377,91.62996
2007.4347,0.22471973,0.1294792,0.020944705,0.04064784,0.42867145,68.34857,26.239063,7.088585,85.135666
2007.4398,0.34070754,0.18242612,0.046376776,0.059050616,0.5793339,70.00338,28.075813,7.1749167,93.63024
2007.4445,0.31569052,0.1720548,0.047266264,0.06563729,0.63359,70.893906,29.372639,7.1711264,141.58081
2007.4552,0.36756212,0.26072678,0.0581068,0.0843661,0.85111845,70.9944,29.4189,7.1714077,118.93321
2007.4349,0.32015234,0.1741236,0.03985252,0.053156134,0.5318581,69.339,27.242947,7.1536503,79.652466
2007.433,0.31780958,0.17297125,0.03924317,0.052824713,0.52791166,69.30265,27.20143,7.151165,79.84513
2007.3986,0.44320044,0.26911613,0.032784123,0.09922942,0.87613344,71.09092,30.367035,7.1440725,307.68665
2007.4425,0.24245046,0.13207246,0.024361705,0.041625135,0.4421902,68.55582,26.42533,7.1078563,91.07126
2007.5768,0.45739827,0.28627682,0.026003553,0.09826405,0.94489384,70.818634,30.701864,7.181359,308.29636
2007.5436,0.42970777,0.28026074,0.028171415,0.09535228,0.92839235,70.63775,30.195583,7.1647243,285.59122
2007.429,0.33301267,0.17705534,0.043023992,0.056019958,0.5480279,69.67126,27.643223,7.1636806,88.24692
2007.5762,0.22160767,0.14084138,0.026447533,0.04286309,0.5894287,68.795555,26.701704,7.1479783,132.539
2007.4343,0.32695445,0.17620772,0.04155724,0.05450669,0.5412741,69.49387,27.427568,7.159523,82.681114
2007.4777,0.32512397,0.175539,0.06419957,0.07595942,0.6941289,71.17545,29.32373,7.1974454,149.48251
2007.4451,0.24004528,0.13039754,0.024008991,0.041236114,0.44100255,68.54828,26.419333,7.1078873,92.52458
2007.4197,0.37147114,0.2740151,0.05649275,0.08715844,0.8618842,70.77096,29.113287,7.1504765,117.03389
2007.4778,0.32678008,0.1902892,0.080899894,0.0765103,0.7316744,71.29727,29.626488,7.219937,147.74837
2007.4816,0.19510706,0.09680978,0.013916599,0.028928256,0.44110072,68.50929,26.466711,7.127141,124.76097
2007.4325,0.28541228,0.1649707,0.032257397,0.049272664,0.5067972,68.82526,26.6712,7.1238103,78.81605
2007.436,0.32511625,0.17595053,0.041112196,0.05404752,0.5392248,69.44005,27.362133,7.158262,80.99231
2007.4567,0.40103102,0.2915366,0.21750244,0.08097429,0.9870694,72.36739,31.983288,7.3986945,128.86618
2007.4371,0.32287887,0.17546469,0.040561672,0.053541835,0.53645086,69.381294,27.291265,7.1565423,79.42822
2007.4346,0.22495262,0.12957175,0.020984689,0.040672015,0.42882043,68.35039,26.240658,7.088721,85.11379
2007.5111,0.26512435,0.19730715,0.033233173,0.057551436,0.6839444,68.96963,26.899343,7.1263423,111.58408
2007.4355,0.32097328,0.17452739,0.04006604,0.053272266,0.5332409,69.35173,27.257494,7.154521,79.584946
2007.4341,0.2268107,0.1303102,0.021303685,0.04086488,0.43000916,68.364845,26.25338,7.0898075,84.93922
2007.4515,0.3296701,0.17939676,0.047841735,0.06294024,0.6184721,70.520164,28.81971,7.1777067,117.38462
2007.4326,0.32893026,0.17648415,0.042035602,0.05500022,0.5434767,69.55173,27.4979,7.160879,84.49632
2007.2881,0.5962871,0.33630943,0.32785162,0.08738113,1.071136,73.37285,33.271164,7.4992366,106.38969
2007.4249,0.25886604,0.14352515,0.02680113,0.044372607,0.4519224,68.61705,26.476936,7.108003,82.30358
2007.4694,0.22335818,0.11662712,0.02174195,0.03812045,0.4338127,68.5294,26.409046,7.1123986,106.27729
2007.4348,0.22388037,0.1291456,0.0208006,0.040560715,0.4281344,68.34204,26.233316,7.0880938,85.214554
2007.5553,0.1909197,0.08902729,0.012389367,0.019339813,0.49790713,68.64857,26.637138,7.1846576,132.26665
2007.4504,0.3274186,0.1782143,0.047749054,0.063374616,0.6209069,70.58036,28.908762,7.176647,121.281555
2007.4543,0.34136945,0.21547683,0.048203558,0.06618125,0.6729785,69.966194,28.083387,7.1628547,84.98523
2007.4155,0.2968509,0.16266227,0.03379192,0.049859837,0.49260697,68.97749,26.83001,7.128932,81.56878
2007.4426,0.31215683,0.17019893,0.0471208,0.06631904,0.63741136,70.98838,29.512405,7.1694627,147.697
2007.4259,0.256725,0.1424419,0.026436428,0.044062167,0.44986576,68.59905,26.460285,7.1070204,82.32075
2007.419,0.32165235,0.19250308,0.039692625,0.058617823,0.5867124,69.338615,27.236305,7.138987,90.9582
2007.4164,0.34813008,0.25372005,0.04762845,0.07475289,0.74882776,69.70539,27.756235,7.1292143,79.304596
2007.4456,0.30389845,0.20723386,0.037515245,0.060594402,0.6450669,69.0995,26.988604,7.1254363,91.05138
2007.4302,0.24206534,0.13637283,0.023922624,0.042448305,0.43976885,68.483574,26.357828,7.0987287,83.50585
2007.5309,0.2587618,0.15751825,0.031013073,0.043992892,0.5438877,68.65734,26.499596,7.1462226,79.713936
2007.4424,0.19504331,0.11768493,0.015849812,0.037567444,0.40968496,68.11761,26.035868,7.0712304,87.92409
2007.4285,0.24851385,0.13893566,0.025029713,0.043117657,0.44389448,68.53376,26.401981,7.1024995,82.89994
2007.0236,0.73243207,0.7053187,0.46413654,0.17137262,2.2468743,77.41791,40.93382,7.571816,251.71136
2007.5361,0.2528191,0.17060429,0.031006487,0.049389634,0.61568475,68.82328,26.716478,7.1395135,105.460724
2007.5824,0.22572054,0.12628327,0.02651828,0.036823437,0.5213962,68.63203,26.48508,7.1590033,108.23097
2007.4777,0.32623383,0.185424,0.075391464,0.0763286,0.7192904,71.25709,29.526627,7.212518,148.32037
2007.434,0.22753267,0.13059714,0.021427637,0.040939823,0.43047112,68.37047,26.258324,7.09023,84.87135
2007.4777,0.3265446,0.1881923,0.07852575,0.07643199,0.72633684,71.27995,29.583448,7.2167397,147.99489
2007.4869,0.48829475,0.37696218,0.1805975,0.13598154,1.3541191,74.77377,34.190678,7.3784394,237.21889
2007.4445,0.30259264,0.21803899,0.037757944,0.06409062,0.6857812,69.15804,27.073845,7.119057,99.40649
2007.436,0.32160616,0.17483868,0.040230647,0.05336179,0.53430694,69.36155,27.26871,7.1551924,79.53288
2007.4108,0.29099426,0.15978073,0.0322739,0.049031127,0.48278397,68.887054,26.726805,7.1227546,82.04608
2007.4352,0.22288215,0.1287489,0.020629225,0.040457103,0.42749578,68.334274,26.22648,7.08751,85.308334
2007.4556,0.33747944,0.18349816,0.04816321,0.0614336,0.61002696,70.311386,28.51083,7.181383,103.868034
2007.4312,0.33054286,0.17670979,0.042426024,0.055403028,0.54527444,69.59894,27.555304,7.161986,85.97783
2007.4421,0.1957955,0.11798387,0.015978953,0.037645526,0.41016617,68.12346,26.04102,7.07167,87.85343
2007.4602,0.31817672,0.17187667,0.05494727,0.071317665,0.66498184,71.09148,29.420578,7.1823335,149.60179
2007.4781,0.3320255,0.23700872,0.13379624,0.078255154,0.85059524,71.683105,30.585442,7.2911763,142.25566
2007.4708,0.33430994,0.2015476,0.08947901,0.07882751,0.7697775,71.63859,30.179302,7.234197,157.97043
2007.485,0.22465178,0.11327311,0.022468878,0.037296463,0.4388467,68.60002,26.472525,7.123124,112.44415
2007.4144,0.2828642,0.15566726,0.030889018,0.04785229,0.47497445,68.818726,26.663576,7.119022,82.11127
2007.4463,0.3193133,0.17395745,0.047415394,0.06493835,0.6296722,70.79705,29.22935,7.1728315,135.31041
2007.4353,0.33516842,0.18173897,0.04399659,0.056808546,0.5593923,69.69264,27.681887,7.165493,82.90794
2007.4369,0.32259607,0.17532559,0.040488116,0.053501826,0.53597444,69.37691,27.286253,7.1562424,79.45147
2007.4272,0.15815005,0.08872739,-0.0017505423,0.015465912,0.4644733,68.27607,26.41652,7.125775,119.73014
2007.4778,0.32809123,0.20196739,0.09412207,0.07694645,0.7614003,71.393715,29.866192,7.2377443,146.3754
2007.4781,0.33185208,0.235464,0.13204733,0.07819747,0.84666336,71.67035,30.553734,7.2888207,142.43726
2007.446,0.18099548,0.11210191,0.013438059,0.036109295,0.40069735,68.00828,25.939682,7.063015,89.244064
2007.4539,0.33411244,0.18172984,0.048024606,0.06208319,0.6136681,70.401405,28.644003,7.179798,109.69572
2007.4484,0.34116966,0.18400258,0.047320817,0.059809785,0.59194416,70.09788,28.205656,7.178983,95.07172
2007.785,0.55583364,0.26483205,0.027396766,0.10839382,0.93057626,73.031784,34.821968,7.288527,685.71936
2007.4558,0.3540137,0.25403544,0.13972011,0.08496843,0.92420083,72.61942,31.965782,7.307824,177.2476
2007.7441,0.7972384,0.49691212,0.120568566,0.1989346,1.6549518,75.49718,35.922256,7.404862,387.72037
2007.432,0.31587684,0.18497935,0.038523305,0.0550326,0.56003314,69.1695,27.031708,7.141684,80.469376
2007.458,0.20808181,0.116033636,0.018660536,0.037596453,0.42136392,68.32534,26.224667,7.092515,98.36261
2007.4244,0.33805576,0.17776093,0.044244967,0.057279665,0.55364996,69.818924,27.82274,7.1671414,92.880104
2007.4182,0.27412632,0.15124623,0.029400593,0.046585318,0.46658105,68.74529,26.59562,7.11501,82.18128
2008.2411,1.2886631,0.70187557,0.0071233786,0.27426937,2.031477,78.409096,45.380783,7.233913,1461.1743
2007.424,0.50698435,0.28680834,0.028609043,0.11165178,0.9472806,71.826675,31.822409,7.168468,394.3227
2007.4283,0.24909396,0.1391662,0.025129309,0.043177873,0.44426566,68.53828,26.405954,7.102839,82.84542
2007.448,0.30322638,0.20560679,0.03740656,0.059938017,0.63971424,69.08001,26.965158,7.126506,89.25281
2007.4778,0.3272025,0.19405179,0.08515994,0.07665083,0.7412517,71.32835,29.703718,7.225674,147.30602
2007.4197,0.2708685,0.14959793,0.028845651,0.04611294,0.46345168,68.71792,26.570282,7.113514,82.20739
2007.4124,0.2873188,0.1579211,0.031647816,0.048498195,0.47925344,68.85616,26.69822,7.121067,82.07554
2007.6499,0.15632987,0.09462545,0.017372431,0.035198774,0.59653777,68.882614,26.860426,7.1551495,207.165
2007.4648,0.17688043,0.10410922,0.013263976,0.03445001,0.40116936,68.0751,26.004099,7.073317,100.481995
2007.4926,0.26121905,0.15873927,0.030091053,0.04548516,0.5252191,68.64331,26.495596,7.130862,78.07796
2007.4727,0.6589844,0.39338255,0.04383399,0.14999023,1.2412595,73.84167,35.116962,7.226548,457.7987
2007.4187,0.30058473,0.16449885,0.03476308,0.05038804,0.4988966,69.03542,26.89618,7.132893,81.26171
2007.437,0.32398036,0.1757916,0.040837184,0.053763792,0.5379585,69.40679,27.3217,7.157482,79.94876
2007.6577,0.31366244,0.15471949,0.048359685,0.07864858,0.70939904,72.912285,32.86501,7.212792,787.7878
2007.4369,0.32415867,0.17581657,0.040880356,0.05380833,0.5381573,69.41201,27.328047,7.1576047,80.112564
2007.4303,0.33143425,0.17683451,0.04264184,0.05562569,0.5462682,69.625046,27.587034,7.1625977,86.79678
2007.5837,0.21353586,0.13770558,0.025399337,0.042878233,0.6002847,68.82965,26.751833,7.1471705,144.661
2007.4541,0.21846959,0.120597474,0.020407455,0.038759097,0.42779714,68.399414,26.28945,7.097719,96.64328
2007.4575,0.3531979,0.2596536,0.14704324,0.084740356,0.9363206,72.60849,32.006824,7.317062,173.9216
2007.4384,0.21060991,0.12387154,0.018522313,0.03918325,0.41964418,68.23876,26.142454,7.080333,86.46146
2007.4375,0.32342246,0.17571355,0.040702112,0.053624436,0.5373365,69.39045,27.30184,7.1570992,79.43622
2007.4193,0.30132538,0.16486314,0.03495571,0.05049281,0.5001442,69.04691,26.909304,7.1336784,81.20081
2007.4362,0.324958,0.17592838,0.041073877,0.054007992,0.5390484,69.43542,27.356499,7.158153,80.84693
2007.4316,0.23618639,0.13403638,0.02291332,0.041838076,0.4360076,68.43781,26.317575,7.0952907,84.05824
2007.549,0.23877202,0.16557983,0.029194744,0.049577553,0.63625103,68.88653,26.808834,7.137824,127.04196
2007.4194,0.33654293,0.21973568,0.04437272,0.06666423,0.6654377,69.6402,27.642122,7.1393304,89.58564
2007.4468,0.3202707,0.17446028,0.047454808,0.064753644,0.62863684,70.771454,29.19148,7.173282,133.65332
2007.4531,0.33278584,0.18103312,0.047969993,0.062339127,0.6151027,70.43687,28.696474,7.1791735,111.99185
2007.4338,0.22778755,0.13069844,0.021471394,0.040966284,0.43063417,68.37245,26.260069,7.0903788,84.847404
2007.4464,0.31957817,0.17409655,0.0474263,0.064887255,0.62938577,70.78997,29.218872,7.1729565,134.85197
2007.43,0.31430352,0.1712467,0.038331263,0.05232874,0.52200574,69.24825,27.139296,7.1474457,80.13348
2007.4222,0.3048349,0.16658938,0.03586852,0.050989278,0.50605595,69.10136,26.971498,7.1374016,80.91216
2007.5718,0.5038404,0.29164302,0.024460072,0.10436166,0.95298004,71.26982,31.538776,7.1981144,352.09338
2007.5687,0.22089778,0.15360284,0.026729258,0.047731966,0.6408195,68.9165,26.86031,7.1393423,148.23645
2007.4148,0.28204665,0.1552536,0.030749751,0.047733746,0.4741891,68.81186,26.657217,7.118646,82.11778
2007.4255,0.25755894,0.14286382,0.026578477,0.044183083,0.45066682,68.606064,26.46677,7.1074033,82.31406
2007.4235,0.30631968,0.16731969,0.036254704,0.051199317,0.508557,69.1244,26.99781,7.1389766,80.79008
2007.43,0.3143861,0.17128733,0.03835274,0.052340418,0.5221448,69.249535,27.14076,7.1475334,80.12668
2007.4537,0.33387092,0.18160298,0.048014663,0.062129784,0.6139293,70.40786,28.653557,7.179684,110.11378
2007.4333,0.22958279,0.13141191,0.021779602,0.041152623,0.43178275,68.38642,26.27236,7.0914288,84.67872
2007.4642,0.17028554,0.09123599,0.007012786,0.024343928,0.43620566,68.29029,26.312122,7.1127567,120.49044
2007.4088,0.27071196,0.21821657,0.0329084,0.0777301,0.83578837,70.00703,28.110596,7.093205,238.13676
2007.4166,0.27780607,0.15310805,0.030027403,0.04711887,0.47011572,68.77622,26.624237,7.116699,82.15179
2007.4065,0.33362138,0.19569173,0.042538814,0.062090587,0.60461897,69.68907,27.662144,7.145699,103.12282
2007.358,0.43735293,0.27694365,0.03613975,0.09999026,0.87517506,70.988594,30.037237,7.1291404,282.0526
2007.4279,0.31175098,0.16999121,0.037667364,0.05196765,0.51770604,69.20866,27.09406,7.144738,80.343376
2007.4117,0.2922123,0.16038069,0.032585446,0.049203645,0.48479334,68.90553,26.747807,7.1240115,81.95027
2007.4266,0.25498244,0.14156021,0.026139589,0.043809492,0.44819188,68.58441,26.446733,7.1062202,82.334724
2007.422,0.2656108,0.14693774,0.027950047,0.04535058,0.45840126,68.67373,26.529392,7.1111,82.249535
2007.4366,0.46745607,0.38449785,0.20368697,0.13016494,1.3681893,75.131386,35.011456,7.400815,243.57693
2007.4135,0.2849436,0.15671934,0.03124323,0.0481538,0.47697186,68.836205,26.679747,7.1199765,82.09459
2007.4337,0.32765028,0.17630507,0.04172571,0.054680496,0.54204977,69.514244,27.452337,7.160001,83.32039
2007.4559,0.33835286,0.18395688,0.048199162,0.061265092,0.60908234,70.28803,28.476284,7.181794,102.3563
2007.4152,0.32694384,0.25006184,0.03345243,0.087898456,0.8925319,70.32772,28.841232,7.1044526,256.93704
2007.7415,0.5916862,0.29111373,0.022409754,0.11675164,0.99936867,72.93435,34.796215,7.278686,628.1858
2007.4194,0.27136716,0.14985022,0.028930591,0.04618524,0.46393067,68.72211,26.57416,7.113743,82.2034
2007.427,0.33516407,0.17735635,0.043544866,0.056557354,0.55042624,69.73425,27.719807,7.165157,90.223465
2007.4138,0.29477617,0.16164179,0.0332523,0.04956634,0.48911214,68.945305,26.793242,7.126731,81.73941
2007.3768,0.45819005,0.31814072,0.05012004,0.10940425,0.98167497,71.5316,30.635094,7.145723,233.81546
2007.432,0.23500623,0.13356733,0.022710701,0.04171557,0.43525255,68.428635,26.309496,7.0946,84.16914
2007.417,0.2769721,0.15268609,0.029885346,0.046997946,0.4693146,68.76921,26.61775,7.1163163,82.15846
2007.4321,0.31686053,0.17250443,0.038996328,0.052690458,0.52631295,69.287926,27.18461,7.150158,79.92318
2007.5625,0.62368125,0.4147714,0.081751935,0.15289304,1.3356011,73.79041,33.894814,7.272053,305.94678
2007.4637,0.31952706,0.17230302,0.05644745,0.07223133,0.6700177,71.105705,29.395048,7.184882,149.6137
2007.4221,0.30475402,0.1665496,0.03584749,0.050977837,0.5059197,69.100105,26.970064,7.1373158,80.91884
2007.4141,0.28352818,0.15600319,0.031002117,0.04794856,0.47561222,68.82431,26.66874,7.1193266,82.105934
2007.3915,0.39852017,0.33071092,0.2344983,0.089940906,1.1089053,73.39954,33.525146,7.41692,168.68552
2007.4337,0.32764018,0.17630365,0.041723255,0.054677967,0.5420385,69.51395,27.451977,7.1599936,83.31108
2007.3824,0.57811284,0.55571514,0.29779282,0.15518971,1.7626421,76.586426,37.896927,7.5037074,283.29703
2007.4034,0.3324691,0.19897774,0.042142287,0.062902555,0.6137241,69.65533,27.620615,7.1414895,104.72452
2007.425,0.33732894,0.17765924,0.044069003,0.057098117,0.5528397,69.797646,27.79687,7.1666427,92.21237
2007.4474,0.3411159,0.18381914,0.047210965,0.059721448,0.5904769,70.08688,28.190548,7.1785097,94.90398
2007.455,0.19657385,0.11362473,0.016503545,0.036821492,0.4129441,68.20211,26.114344,7.0814576,95.748985
2007.454,0.33644062,0.18391818,0.04714282,0.06015002,0.59932595,70.13308,28.276556,7.177745,96.589355
2007.4265,0.25527984,0.14171068,0.02619025,0.043852616,0.44847754,68.58691,26.449045,7.1063566,82.33234
2008.0492,1.0737875,0.6427733,0.115007885,0.24987674,2.0748985,77.51156,40.044216,7.385749,736.7325
2007.4783,0.33319858,0.24745697,0.14562587,0.07864538,0.8771905,71.769394,30.7999,7.307108,141.02727
2007.478,0.33115074,0.22921765,0.124975115,0.07796419,0.83076364,71.61876,30.425524,7.279296,143.17163
2007.4473,0.32124963,0.1749744,0.047495108,0.06456478,0.6275782,70.745285,29.152761,7.1737432,131.95894
2007.4131,0.29390493,0.16121323,0.03302569,0.04944309,0.48764452,68.93179,26.777802,7.125807,81.81105
2007.4369,0.21619447,0.12609102,0.019481072,0.039762925,0.4232171,68.28223,26.18069,7.083599,85.936714
2007.433,0.32850146,0.17642416,0.041931786,0.05489311,0.5429987,69.53917,27.482635,7.160585,84.10237
2007.4288,0.33309886,0.1770674,0.043044858,0.05604149,0.54812396,69.67378,27.64629,7.1637397,88.326096
2007.544,0.25335926,0.15736997,0.030691052,0.04436915,0.56294805,68.69937,26.554115,7.1484,89.5615
2007.4492,0.3251399,0.17701755,0.04765525,0.06381424,0.6233711,70.64128,28.99889,7.1755743,125.225555
2007.4437,0.2716648,0.16012488,0.030161606,0.04755597,0.5013251,68.7058,26.561073,7.118451,78.0641
2007.4269,0.2544538,0.14129637,0.0260495,0.043734223,0.4476948,68.57999,26.442654,7.1059732,82.34182
2007.5835,0.6328091,0.3243065,0.017396709,0.13022394,1.0836271,72.85113,34.469616,7.240214,530.5919
2007.5234,0.42262912,0.27285758,0.10200911,0.117694385,1.0571941,72.86505,30.809269,7.2608294,183.56554
2007.449,0.32462716,0.17674825,0.047634143,0.06391317,0.6239256,70.65499,29.01917,7.175333,126.11306
2007.3704,0.3925841,0.30509293,0.058388125,0.098094895,0.93751276,71.003174,29.40512,7.131447,136.21895
2007.4229,0.29631537,0.23518318,0.03721933,0.07378257,0.7855788,69.52178,27.52836,7.101724,151.26411
2007.1257,0.66099906,0.3692783,0.37408704,0.09338173,1.120462,73.74897,33.5626,7.5142984,102.89591
2007.4403,0.20278175,0.12076041,0.017178362,0.038370695,0.41463584,68.17783,26.088854,7.0757556,87.19699
2007.4244,0.260009,0.14410345,0.02699582,0.044538338,0.4530203,68.626656,26.485825,7.108528,82.29443
2007.4287,0.33320504,0.17708226,0.043070562,0.056068007,0.5482423,69.676895,27.65007,7.1638126,88.42363
2007.4584,0.2121564,0.117136806,0.019403296,0.03791935,0.42422286,68.365074,26.260084,7.0959296,98.86081
2007.4281,0.3339577,0.17718756,0.043252792,0.05625602,0.5490814,69.69893,27.676863,7.164329,89.11512
2007.5385,0.24316697,0.13616934,0.027975062,0.038956054,0.4981683,68.5821,26.419327,7.1476107,86.7809
2007.4244,0.26008782,0.14414333,0.02700925,0.044549763,0.453096,68.62732,26.486439,7.1085644,82.2938
2007.6241,0.37832806,0.21380258,0.035335727,0.09049717,0.8509889,72.13221,32.17165,7.1979675,596.951
2007.4672,0.22175173,0.116933785,0.021387001,0.03813688,0.43232334,68.502205,26.384281,7.10957,104.81499
2007.4423,0.24040517,0.13152426,0.023988398,0.041464124,0.44075242,68.53578,26.40747,7.106131,90.81171
2007.4202,0.30233884,0.16536163,0.035219304,0.050636172,0.5018513,69.06264,26.927263,7.1347537,81.11746
2007.4413,0.37173513,0.2933301,0.17535703,0.090464935,1.0442865,73.47145,33.455734,7.3615665,197.15257
2007.6167,0.4338579,0.2572991,0.025887867,0.099395074,0.95142674,71.64103,31.861368,7.194923,471.4315
2007.4454,0.31757507,0.17304455,0.047343843,0.06527371,0.631552,70.84352,29.2981,7.1720133,138.319
2007.4724,0.32292983,0.17337738,0.06022775,0.07453366,0.6827076,71.14156,29.330719,7.1913047,149.6437
2007.43,0.3317042,0.17687227,0.042707197,0.05569312,0.54656917,69.63295,27.596645,7.1627827,87.0448
2007.3966,0.3747905,0.25462654,0.03614887,0.08679581,0.82282037,70.294846,28.895103,7.1211004,220.61423
2007.4856,0.29108495,0.19122937,0.035931144,0.05321043,0.5979726,68.83148,26.682232,7.1367335,69.50198
2007.4778,0.3281817,0.20277326,0.09503448,0.07697655,0.7634516,71.40037,29.882732,7.238973,146.28064
2007.4369,0.32404882,0.17580119,0.040853757,0.05378089,0.5380348,69.40879,27.324135,7.1575294,80.01163
2007.445,0.1853564,0.11383506,0.014186749,0.036561955,0.40348738,68.04221,25.969542,7.065565,88.83431
2007.43,0.33535895,0.17908716,0.043767244,0.056703262,0.5541272,69.72373,27.71194,7.16542,87.55696
2007.6313,0.87327224,0.39335653,0.019216174,0.17846234,1.2918947,76.256325,40.302265,7.3055186,965.7456
2007.4222,0.30484498,0.16659434,0.035871144,0.050990704,0.50607294,69.10152,26.971676,7.137412,80.91135
2007.4374,0.32315934,0.17560264,0.04063462,0.05358151,0.5369233,69.38564,27.296234,7.15684,79.40514
2006.8423,1.6403817,1.4030008,0.6973215,0.4156027,4.486381,79.65693,43.582996,7.4402094,424.98004
2007.4801,0.2912479,0.19838233,0.037492033,0.08585374,0.84769815,71.59957,30.57914,7.132112,514.0964
2007.4437,0.31435007,0.1713508,0.047211085,0.0658959,0.63503957,70.92974,29.425657,7.1704955,143.90088
2007.4244,0.26011273,0.14415595,0.027013494,0.044553377,0.45311993,68.627525,26.486631,7.108576,82.29358
2006.5746,0.87131226,0.4717614,0.48242828,0.1439977,1.5176104,75.21369,35.99948,7.5805464,111.3211
2007.4292,0.24564767,0.13779657,0.02453765,0.04282015,0.4420608,68.51145,26.382357,7.1008234,83.16924
2007.4509,0.3145265,0.17072418,0.05089208,0.06884792,0.65136915,71.05302,29.489584,7.1754436,149.56958
2008.8861,1.512425,0.8627239,-0.011815628,0.34575912,2.383505,80.17451,49.372612,7.226707,2108.038
2007.4272,0.29343933,0.1683292,0.033542793,0.050344396,0.51193154,68.89402,26.734697,7.1271787,79.03892
2007.585,0.22148381,0.12692119,0.026033605,0.037684076,0.53592956,68.670586,26.538404,7.157079,117.156685
2007.5242,0.17685468,0.13061564,0.022705821,0.056764163,0.7335917,69.88397,27.947502,7.1181107,313.76715
2007.4148,0.46720326,0.33711752,0.058240835,0.11386476,1.0482979,71.94137,31.15323,7.1657557,210.85672
2007.4421,0.31129408,0.16974582,0.04708528,0.06648549,0.63834435,71.011444,29.54653,7.169057,149.19029
2007.4469,0.3410916,0.18373631,0.04716136,0.059681553,0.5898142,70.08192,28.183725,7.178296,94.82823
2007.4475,0.34111974,0.18383224,0.047218814,0.05972776,0.59058166,70.08767,28.191628,7.1785436,94.91597
2007.4573,0.2565941,0.20013249,0.031225706,0.06879835,0.7780228,69.665215,27.718954,7.106966,208.46617
2007.4493,0.34122032,0.1841754,0.0474243,0.05989301,0.59332657,70.10824,28.21989,7.1794286,95.22973
2007.4417,0.19761333,0.11870632,0.016291035,0.037834212,0.41132918,68.13761,26.053465,7.072733,87.682625
2007.4468,0.36688864,0.2936761,0.17899823,0.088999026,1.0378027,73.280685,33.211994,7.364361,188.11008
2007.4364,0.32461944,0.17588103,0.04099191,0.05392342,0.5386709,69.4255,27.344448,7.157921,80.535866
2007.4385,0.20994264,0.123606354,0.018407749,0.039113987,0.4192173,68.23357,26.137884,7.079943,86.524155
2007.4231,0.31981573,0.19011976,0.039320465,0.057480663,0.57825625,69.284836,27.171242,7.1398354,87.62987
2007.4182,0.27410594,0.15123592,0.029397117,0.046582364,0.46656144,68.745125,26.59546,7.1150002,82.18146
2007.4359,0.21964468,0.12746222,0.020073412,0.040121052,0.4254245,68.309074,26.204315,7.085617,85.61251
2007.8256,0.55786663,0.23655927,0.03494238,0.10659231,0.85687387,73.938644,36.09785,7.3173537,854.31464
2007.4218,0.26620817,0.14723997,0.0280518,0.045437206,0.45897505,68.67875,26.534039,7.1113744,82.244736
2007.4327,0.32876772,0.17646143,0.041996244,0.054959614,0.5432955,69.54697,27.492113,7.1607676,84.34697
2007.451,0.32874006,0.17890832,0.04780345,0.063119665,0.61947787,70.54503,28.856495,7.177269,118.99432
2007.4781,0.3326823,0.24285881,0.1404198,0.07847365,0.86548626,71.731415,30.705519,7.3000965,141.56786
2007.4272,0.2529895,0.14071444,0.025798107,0.043582227,0.44675797,68.56859,26.432627,7.105117,82.47939
2007.4385,0.20980993,0.12355361,0.018384969,0.039100215,0.41913238,68.23254,26.136976,7.0798655,86.5366
2007.4504,0.16391297,0.10531282,0.010505306,0.034336142,0.3897682,67.87533,25.82272,7.0530252,90.849174
2007.4541,0.3157895,0.17112294,0.052295204,0.06970247,0.65607923,71.06633,29.465708,7.1778274,149.58073
2007.4316,0.23621011,0.1340458,0.022917392,0.04184053,0.4360228,68.438,26.317738,7.0953045,84.05601
2007.4332,0.31823164,0.17317885,0.039352957,0.052884426,0.5286226,69.3092,27.208908,7.1516128,79.81041
2007.3734,0.52095085,0.32622418,0.039841205,0.11947915,1.0084224,71.9508,31.722357,7.1547546,336.48788
2007.4453,0.31745675,0.17298242,0.047338974,0.06529653,0.6316799,70.84669,29.302778,7.1719575,138.52374
2007.4263,0.30979666,0.16902994,0.037159055,0.051691186,0.514414,69.17834,27.059427,7.142665,80.50411
2007.4363,0.32477307,0.17590252,0.041029107,0.053961802,0.5388422,69.43,27.349916,7.158026,80.677025
2007.437,0.32400268,0.17579474,0.040842585,0.053769365,0.53798336,69.40744,27.322493,7.1574974,79.96924
2007.4565,0.34023044,0.18535282,0.04786149,0.060272954,0.60203296,70.15037,28.285141,7.181341,95.25385
2007.5614,0.2510474,0.14115773,0.050503425,0.07487343,0.69980615,72.59034,31.817345,7.1687484,741.3179
2007.4335,0.22923158,0.13127233,0.021719305,0.041116167,0.431558,68.38369,26.269957,7.0912232,84.71173
2007.6848,0.653758,0.32358938,0.017201873,0.13022578,1.0845059,73.16498,35.310673,7.2745085,603.79236
2007.4327,0.31750998,0.17282388,0.039165244,0.05278233,0.527407,69.298004,27.19612,7.150847,79.869774
2007.5533,0.8050792,0.45276907,0.04229151,0.1804273,1.4470114,75.604034,38.43897,7.2909174,609.79645
2007.4249,0.3081919,0.16824059,0.036741663,0.05146417,0.51171076,69.15344,27.030989,7.1409626,80.6361
2007.4304,0.24090676,0.13591239,0.023723723,0.04232805,0.4390276,68.474556,26.349895,7.098051,83.61473
2007.4316,0.3162469,0.17220262,0.038836725,0.052603655,0.52527934,69.278404,27.173737,7.149507,79.97363
2007.4412,0.19974385,0.11955306,0.01665681,0.03805536,0.41269228,68.15419,26.068052,7.073979,87.482445
2007.4161,0.29749963,0.16298136,0.03396065,0.049951605,0.49369973,68.98756,26.841505,7.12962,81.51545
2007.4261,0.33617562,0.1774979,0.04378977,0.05681003,0.55155396,69.76387,27.755814,7.165851,91.15278
2007.4636,0.29973787,0.18993443,0.03660758,0.054062005,0.5854818,68.928925,26.775784,7.1364336,73.78587
2007.4867,0.28841367,0.20540036,0.036169846,0.057652377,0.6522284,68.89647,26.78232,7.128487,79.863464
2007.413,0.28604847,0.15727837,0.031431433,0.048314,0.4780332,68.84549,26.68834,7.120484,82.08572
2007.5715,0.39944735,0.24722457,0.027694644,0.096858084,0.93849677,71.5288,31.388865,7.174226,459.78314
2007.434,0.32743552,0.17627503,0.04167371,0.05462685,0.54181033,69.50796,27.444693,7.1598535,83.12307
2007.462,0.30011576,0.19146699,0.036688764,0.0546421,0.5907521,68.94415,26.79475,7.135458,75.3212
2007.4276,0.3114145,0.16982569,0.037579846,0.05192005,0.51713926,69.20344,27.088099,7.144381,80.371056
2007.4519,0.35723808,0.25151107,0.13452876,0.085936,0.9230632,72.7376,32.094078,7.3023477,184.008
2007.4111,0.29033226,0.15944579,0.032161135,0.048935138,0.4821481,68.88149,26.721655,7.122451,82.0514
2007.4434,0.31355962,0.17093568,0.047178548,0.0660484,0.63589436,70.950874,29.45692,7.170123,145.26898
2007.5004,0.1973349,0.09717878,0.017803377,0.03336403,0.422948,68.47265,26.371452,7.116274,124.33924
2007.4537,0.15135524,0.10032203,0.0083493795,0.033032656,0.381734,67.77759,25.736736,7.0456815,92.029106
2007.8219,0.9657391,0.55930173,0.07694163,0.21984503,1.7947078,76.77149,39.70354,7.338593,708.6501
2007.4489,0.21831281,0.12242655,0.02022214,0.039109405,0.42677316,68.36878,26.260828,7.0938463,93.42962
2007.518,0.544761,0.29915932,0.02399044,0.11473132,0.9865317,71.954605,32.523033,7.1999474,420.6618
2007.4178,0.27500582,0.15169123,0.029550409,0.046712838,0.46742588,68.752686,26.602459,7.1154137,82.17422
2007.4509,0.16216926,0.10461984,0.010205949,0.034155145,0.38865265,67.861755,25.81078,7.052006,91.01301
2007.4395,0.2062303,0.122130945,0.017770408,0.03872865,0.41684213,68.20467,26.112467,7.077772,86.87296
2007.4203,0.26942113,0.1488656,0.028599096,0.04590307,0.4620613,68.70575,26.559025,7.112849,82.218994
2007.4623,0.3189712,0.1721275,0.055829894,0.07185522,0.66794467,71.09985,29.405558,7.1838326,149.6088
2007.414,0.28394377,0.15621348,0.031072913,0.048008826,0.47601146,68.8278,26.67197,7.1195173,82.1026
2007.4164,0.33129105,0.18870664,0.042201675,0.059383992,0.58195096,69.62084,27.580175,7.1507044,95.84286
2007.4354,0.2217961,0.12831725,0.02044277,0.04034437,0.4268009,68.32582,26.219046,7.086875,85.410385
2007.4374,0.3085459,0.1829404,0.036928423,0.05344852,0.55198246,69.008026,26.841583,7.137261,76.07064
2007.1144,0.5721357,0.49878314,0.3711156,0.12244771,1.5716065,76.33314,38.3702,7.564544,220.19054
2007.4324,0.43047538,0.2980899,0.23403205,0.08190221,0.99953926,72.51852,32.179066,7.414054,125.43456
2007.4286,0.3333717,0.17710558,0.04311091,0.056109637,0.5484281,69.68177,27.656002,7.163927,88.57677
2007.4178,0.27498165,0.151679,0.029546285,0.046709336,0.46740264,68.75248,26.60227,7.1154027,82.17443
2007.4609,0.34458995,0.21382825,0.097462654,0.08198064,0.81445545,72.09279,30.888414,7.248793,172.92825
2007.4774,0.20082253,0.098155044,0.013967728,0.02808871,0.45098326,68.58623,26.553701,7.136179,126.12339
2007.9277,2.079519,1.509381,0.45342797,0.54229915,4.8627076,80.8321,45.532574,7.3791623,948.8499
2007.4355,0.32565692,0.17602618,0.0412431,0.054182578,0.5398276,69.45588,27.38138,7.1586328,81.489044
2007.6047,0.20810494,0.099324636,0.02353164,0.03036159,0.47395468,68.59306,26.435394,7.1688104,120.87686
2007.4661,0.33742642,0.19198385,0.07586367,0.07973876,0.7517505,71.72568,30.198154,7.21767,166.81595
2006.5905,0.9742993,0.78725564,0.5826921,0.21138477,2.5529788,77.68555,41.03031,7.5871663,216.83476
2007.4348,0.3201238,0.17410955,0.039845094,0.05315209,0.53181,69.338554,27.242441,7.15362,79.6548
2007.422,0.26552096,0.14689228,0.02793474,0.045337558,0.45831493,68.67297,26.528694,7.1110587,82.250244
2007.4355,0.32090983,0.17449619,0.040049538,0.053263288,0.53313404,69.350746,27.25637,7.1544538,79.59016
2007.472,0.36177674,0.28573158,0.19710478,0.080302104,0.9735091,72.17317,31.699102,7.3752894,134.06496
2007.4779,0.32871062,0.20748387,0.10036792,0.07715248,0.77544206,71.43927,29.979422,7.2461557,145.72684
2007.6838,0.5425413,0.3082145,0.018799333,0.10892941,1.0164942,71.43727,32.374958,7.2316866,388.9934
2007.4167,0.27759877,0.15300316,0.029992094,0.047088813,0.46991658,68.774475,26.622625,7.1166043,82.153465
2007.4808,0.339726,0.21723099,0.051148847,0.06895238,0.7135496,70.372116,28.646645,7.175726,95.88096
2007.4357,0.2206716,0.12787035,0.020249715,0.040227648,0.42608148,68.31707,26.211346,7.0862174,85.51602
2007.4362,0.32486054,0.17591475,0.041050285,0.05398365,0.5389397,69.43256,27.353031,7.1580863,80.75739
2007.3667,0.42092535,0.3720653,0.23906411,0.102554604,1.256032,75.03284,36.140896,7.44941,241.03113
2007.4321,0.3294745,0.1765603,0.042167366,0.055136163,0.5440834,69.56766,27.517273,7.1612525,84.996315
2007.4318,0.31636974,0.17226304,0.03886868,0.05262103,0.5254863,69.28031,27.175913,7.1496377,79.963524
2007.4332,0.3282458,0.1763884,0.04186988,0.05482924,0.54271364,69.531685,27.473534,7.1604095,83.867455
2007.3981,0.37641928,0.2843152,0.05644752,0.09020477,0.88044673,70.7483,29.071182,7.139869,119.981834
2007.4249,0.25893962,0.14356239,0.026813665,0.044383276,0.45199308,68.61767,26.477509,7.108037,82.302986
2007.8994,0.9791435,0.44706532,0.030268876,0.19687745,1.4105657,77.75964,42.649357,7.2733035,1318.274
2007.4235,0.5752361,0.35773954,0.044160627,0.13234171,1.1179761,72.79457,33.16107,7.1883564,373.39587
2007.4175,0.27594838,0.15216812,0.029710962,0.04684951,0.46833128,68.760605,26.609789,7.1158466,82.16667
2007.4215,0.3224643,0.18983491,0.039984047,0.057933137,0.57923347,69.36239,27.26562,7.142303,89.557335
2007.4783,0.3342317,0.25665897,0.15604447,0.07898905,0.9006135,71.84538,30.988777,7.3211393,139.9454
2007.4211,0.26757059,0.1479293,0.028283874,0.04563475,0.4602838,68.6902,26.544634,7.112,82.23381
2007.4779,0.329922,0.21827337,0.112583876,0.07755544,0.80290586,71.52838,30.200884,7.262608,144.45831
2007.4143,0.2829945,0.15573318,0.030911213,0.047871187,0.47509962,68.819824,26.664589,7.1190815,82.11021
2007.4778,0.32770723,0.19854729,0.0902498,0.07681872,0.75269467,71.36547,29.795992,7.232529,146.77748
2007.4229,0.2636492,0.14594524,0.0276159,0.045066155,0.45651695,68.65724,26.514135,7.1101995,82.26525
2007.4473,0.3411082,0.18379298,0.047195297,0.059708845,0.59026754,70.08531,28.188393,7.1784425,94.88005
2007.4216,0.3041956,0.16627494,0.035702247,0.050898843,0.5049791,69.09144,26.960169,7.136723,80.96475
2007.429,0.24667802,0.13820605,0.024714539,0.042927094,0.44272,68.51947,26.389412,7.101426,83.07244
2007.4324,0.32922527,0.17652544,0.042107023,0.055073906,0.5438056,69.56036,27.508402,7.1610813,84.767334
2007.444,0.3148002,0.17158723,0.047229614,0.06580905,0.6345528,70.91771,29.407852,7.170707,143.12173
2007.3318,0.45866728,0.46036494,0.29772842,0.11186338,1.4775184,76.06124,38.178745,7.527522,253.12831
2007.4373,0.32308394,0.17556556,0.040615007,0.053570844,0.5367963,69.384476,27.294899,7.1567597,79.41136
2007.4296,0.24400832,0.13714503,0.024256201,0.042649984,0.44101197,68.498695,26.371132,7.0998645,83.323296
2007.4156,0.28002697,0.15423174,0.03040572,0.047440898,0.4722491,68.79488,26.641508,7.117719,82.13398
2008.038,0.7620133,0.30664623,0.05399095,0.1402206,1.01397,77.01717,40.694794,7.288766,1380.827
2008.041,1.1989701,0.6757554,0.039213922,0.25309643,2.080561,78.308334,43.906193,7.242003,1101.4425
2007.4357,0.32545307,0.17599766,0.041193742,0.054131657,0.5396003,69.44991,27.374123,7.158493,81.30174
2007.5742,0.5311018,0.29838315,0.022990765,0.109724924,0.9794938,71.59965,32.151386,7.2071047,389.14307
2007.4777,0.3260503,0.18378954,0.07354092,0.076267555,0.71513,71.24359,29.493078,7.2100263,148.51254
2007.3647,0.3182091,0.24153894,0.039274797,0.07897106,0.7875347,69.81747,27.835318,7.0955486,168.05693
2007.4786,0.34508693,0.28326344,0.1884323,0.08001632,0.9677437,72.09059,31.578274,7.3653383,136.2753
2007.4354,0.3258035,0.17604668,0.041278582,0.05421919,0.53999096,69.46017,27.386597,7.1587334,81.6237
2007.4762,0.25762653,0.19797988,0.0316252,0.06502903,0.7482273,69.44761,27.46386,7.1133084,179.75285
2007.4465,0.17922553,0.11139849,0.013134195,0.035925575,0.39956498,67.9945,25.927565,7.06198,89.41037
2007.4541,0.15385468,0.087536015,0.0026996857,0.021625796,0.43150306,68.1409,26.201206,7.1022787,117.60024
2007.7216,0.804409,0.32629827,0.030023905,0.15733972,1.0993198,76.448944,40.287476,7.327818,1086.0261
2007.5946,0.18584627,0.12593779,0.021486385,0.044947512,0.6493823,69.09928,27.097767,7.141183,205.78687
2007.4167,0.277608,0.15300782,0.029993666,0.04709015,0.4699255,68.77455,26.622696,7.1166086,82.15336
2007.6216,0.4634999,0.27747375,0.021574533,0.103607975,0.9961487,71.45396,31.815622,7.1973705,420.55615
2007.4348,0.2242846,0.12930626,0.020870002,0.040602677,0.428393,68.345184,26.236084,7.0883303,85.17655
2007.4698,0.32193676,0.17306383,0.059124485,0.07386173,0.6790041,71.131096,29.349495,7.18943,149.63495
2007.4565,0.34147084,0.22103547,0.04849103,0.06737085,0.68854034,69.95772,28.081675,7.160719,83.48851
2007.5946,0.20827511,0.12603953,0.024440208,0.03929555,0.570135,68.764824,26.670698,7.152966,141.76254
2007.4783,0.33396614,0.2542932,0.15336594,0.078900695,0.89459157,71.82585,30.940218,7.317532,140.22354
2007.308,0.50952977,0.3259103,0.2841291,0.086363904,1.0437064,72.949615,32.623856,7.4450808,118.396835
2007.4216,0.26629493,0.14728387,0.028066574,0.04544978,0.45905837,68.67948,26.534712,7.111414,82.24406
2007.434,0.3273861,0.17626812,0.04166175,0.05461451,0.5417553,69.50651,27.442934,7.1598196,83.07768
2007.4354,0.22183426,0.12833242,0.020449327,0.040348332,0.4268253,68.32612,26.219307,7.0868974,85.40679
2007.4359,0.21995376,0.12758505,0.020126475,0.040153135,0.42562222,68.31148,26.20643,7.085798,85.58351
2007.4066,0.33088008,0.19731012,0.041806854,0.062044535,0.60759664,69.6088,27.564264,7.1418324,102.14929
2007.424,0.26123992,0.14472623,0.027205499,0.044716816,0.45420265,68.637,26.4954,7.109093,82.284584
2007.461,0.67623365,0.3906388,0.03833421,0.1519193,1.231113,73.85946,35.3149,7.2238083,496.52567
2007.4504,0.32753167,0.17827366,0.047753707,0.0633528,0.62078464,70.57734,28.90429,7.1767,121.08587
2007.4448,0.18561979,0.113939755,0.014231967,0.03658929,0.40365592,68.044266,25.971346,7.065719,88.80955
2007.4514,0.38966858,0.2799533,0.06658348,0.09632898,0.9521491,71.90353,30.536463,7.1876836,152.8963
2007.4325,0.32896549,0.17648908,0.042044133,0.055009022,0.543516,69.55276,27.499155,7.1609035,84.52869
2007.4261,0.33613163,0.17749172,0.04377912,0.05679904,0.5515049,69.76258,27.754248,7.165821,91.11236
2007.4283,0.31228018,0.17025149,0.037805,0.052042507,0.5185974,69.216866,27.10344,7.1452994,80.29987
2007.4458,0.31841654,0.17348647,0.04737848,0.06511136,0.63064194,70.82103,29.264818,7.1724095,136.86256
2007.4137,0.2843186,0.15640312,0.03113676,0.048063174,0.4763715,68.83095,26.674887,7.1196895,82.09959
2007.4222,0.2649228,0.14658964,0.027832849,0.045250826,0.45774034,68.667946,26.52404,7.110784,82.25504
2007.3566,0.42571262,0.38040394,0.24621995,0.10342745,1.2733043,75.118675,36.31209,7.4576783,242.96413
2007.4272,0.2533117,0.14084247,0.025853423,0.04361567,0.44696411,68.5711,26.434834,7.105305,82.449135
2007.434,0.32739475,0.17626932,0.04166384,0.054616667,0.5417649,69.50676,27.443241,7.1598253,83.08562
2007.4126,0.29328895,0.16091023,0.03286547,0.049355946,0.48660687,68.92223,26.766886,7.1251535,81.86173
2007.4777,0.32667404,0.18934487,0.07983071,0.07647504,0.72927064,71.289474,29.607105,7.2184973,147.85939
2007.4633,0.3193773,0.17225572,0.056281067,0.072129995,0.6694592,71.10413,29.39788,7.1845994,149.61238
2007.4431,0.31307566,0.1706815,0.04715862,0.06614177,0.63641775,70.96381,29.476063,7.169895,146.10666
2007.4779,0.32956424,0.21508695,0.108976185,0.07743644,0.7947951,71.50206,30.13548,7.257749,144.83295
2007.4465,0.1791059,0.11135093,0.013113653,0.035913154,0.39948842,67.99357,25.926744,7.06191,89.421616
2007.4113,0.29007784,0.15931705,0.032117795,0.048898246,0.48190367,68.87935,26.719677,7.122334,82.05345
2007.437,0.21586479,0.12595999,0.019424478,0.03972871,0.42300618,68.279655,26.178434,7.0834064,85.96769
2007.4225,0.264391,0.14632057,0.027742261,0.045173716,0.45722952,68.66348,26.519905,7.11054,82.25933
2007.4353,0.31921008,0.17556295,0.039590556,0.053276762,0.53521967,69.30234,27.197435,7.1519217,79.16134
2007.8055,0.5578649,0.25037155,0.031309307,0.107647985,0.8928877,73.51519,35.505013,7.303716,774.5552
2007.4287,0.24739161,0.13848965,0.024837049,0.043001164,0.4431765,68.525024,26.394299,7.1018434,83.00541
2007.4285,0.24837543,0.13888066,0.025005953,0.043103293,0.44380596,68.532684,26.401033,7.1024184,82.91294
2007.465,0.3381708,0.19602963,0.049270142,0.06426612,0.6488364,70.33733,28.5665,7.1791945,101.10399
2007.5505,0.23255816,0.16769399,0.028492132,0.051492155,0.6635238,68.96809,26.917463,7.1338835,143.28882
2007.4346,0.32670987,0.1761735,0.041498024,0.05444559,0.5410014,69.48671,27.418861,7.159355,82.4564
2007.4127,0.29342607,0.16097769,0.032901134,0.049375344,0.48683783,68.92436,26.769316,7.125299,81.85046
2007.4197,0.27087614,0.14960177,0.028846947,0.046114042,0.46345899,68.71798,26.570341,7.1135173,82.20735
2007.4175,0.2759318,0.15215975,0.029708145,0.04684711,0.46831536,68.76047,26.609661,7.115839,82.16683
2007.4777,0.32507533,0.17510581,0.063709095,0.07594325,0.69302624,71.171875,29.314838,7.196785,149.53346
2007.5784,0.21736157,0.14201899,0.025977222,0.043926593,0.60607654,68.839066,26.761513,7.145696,142.0885
2007.4128,0.28635663,0.15743427,0.031483922,0.048358686,0.47832918,68.848076,26.690737,7.1206255,82.08326
2007.4133,0.28537223,0.1569362,0.031316236,0.04821594,0.47738358,68.839806,26.68308,7.1201735,82.091156
2007.4431,0.21744278,0.124226786,0.019893056,0.039435033,0.42516842,68.32864,26.223616,7.0890474,89.84828
2007.4137,0.28448808,0.15648888,0.031165635,0.04808775,0.4765343,68.832375,26.676205,7.119767,82.09824
2007.5128,0.27254337,0.18618622,0.03379499,0.052309345,0.6197938,68.81161,26.687649,7.136284,84.727036
2007.4777,0.325422,0.17819329,0.06720477,0.07605855,0.7008851,71.19737,29.378212,7.201493,149.17047
2007.4545,0.35377863,0.24154614,0.12480323,0.0848553,0.8941698,72.56254,31.76936,7.2882385,180.86662
2007.4523,0.3311253,0.18016101,0.047901638,0.062659495,0.6168984,70.48126,28.762154,7.178392,114.86595
2007.4128,0.29362318,0.16107465,0.032952406,0.04940323,0.48716992,68.92742,26.77281,7.125508,81.83424
2007.4287,0.33331513,0.17709766,0.04309722,0.05609551,0.54836506,69.680115,27.65399,7.163888,88.52479
2007.4194,0.30155036,0.16497381,0.03501423,0.050524637,0.5005232,69.0504,26.91329,7.1339173,81.182304
2007.414,0.31687573,0.20188205,0.038418926,0.06070664,0.61385494,69.22211,27.096975,7.1270514,94.58319
2007.4326,0.31746212,0.17280035,0.0391528,0.052775566,0.5273264,69.29726,27.195272,7.1507964,79.873695
2007.4305,0.33125955,0.17681006,0.042599544,0.05558205,0.54607344,69.61993,27.580816,7.1624775,86.63629
2007.4236,0.3064502,0.16738388,0.036288645,0.05121778,0.50877684,69.12642,27.000124,7.139115,80.77936
2007.4348,0.32005298,0.17407471,0.03982667,0.053142074,0.53169066,69.337456,27.241186,7.153545,79.66064
2007.4288,0.24720146,0.13841407,0.024804404,0.04298143,0.44305485,68.523544,26.392996,7.1017323,83.02327
2007.4115,0.29199627,0.16027442,0.032529254,0.049173083,0.48442936,68.90218,26.743979,7.123782,81.96805
2007.478,0.33150625,0.23238392,0.12855999,0.078082435,0.8388232,71.64491,30.490513,7.284124,142.79938
2007.4308,0.33097124,0.17676972,0.04252974,0.05551003,0.54575205,69.61149,27.570553,7.1622796,86.37138
2007.466,0.16625735,0.10047933,0.01139061,0.03346209,0.3940837,67.983215,25.922739,7.0659213,100.46962
2007.4587,0.17693098,0.10631179,0.013089882,0.03487826,0.40013584,68.04156,25.972658,7.0689836,96.75195
2007.4258,0.3091702,0.16872178,0.036996115,0.05160256,0.5133587,69.16862,27.048326,7.142,80.55563
2007.3942,0.32849112,0.2092513,0.040809903,0.06536415,0.64193094,69.53884,27.477407,7.128018,109.42791
2007.4196,0.30165246,0.16502403,0.035040785,0.05053908,0.50069517,69.05199,26.9151,7.1340256,81.173904
2007.8529,0.38042122,0.16361272,0.052614883,0.079641744,0.69644266,73.60415,34.45096,7.2586064,943.69586
2007.4247,0.2593814,0.14378592,0.02688892,0.044447333,0.45241743,68.621376,26.480946,7.1082397,82.29943
2007.5104,0.494477,0.28550646,0.02694405,0.10426474,0.92998856,71.32612,31.35029,7.1833963,348.4312
2007.4354,0.22165193,0.12825996,0.020418024,0.040329404,0.4267087,68.3247,26.218058,7.0867906,85.42393
2007.453,0.33250096,0.1808835,0.047958266,0.062394086,0.61541075,70.44448,28.707743,7.1790395,112.48491
2007.416,0.2792246,0.15382576,0.03026904,0.047324553,0.4714783,68.78814,26.63527,7.1173506,82.14043
2007.4377,0.21291289,0.12478681,0.018917693,0.039422296,0.4211176,68.25668,26.158222,7.0816803,86.245056
2007.4572,0.3407391,0.18521011,0.048297394,0.060804717,0.6065018,70.22424,28.3819,7.1829176,98.22612
2007.4188,0.2727488,0.15054928,0.029165944,0.04638558,0.46525782,68.73372,26.584906,7.1143775,82.192314
2007.4286,0.2480592,0.13875496,0.024951661,0.04307046,0.44360363,68.53022,26.398869,7.1022334,82.94268
2007.441,0.2000467,0.119673416,0.016708804,0.038086794,0.41288602,68.15655,26.070127,7.0741563,87.45399
2007.4781,0.33281043,0.24399994,0.1417118,0.07851626,0.86839086,71.740845,30.728941,7.3018365,141.4337
2007.4263,0.25577196,0.14195967,0.026274076,0.04392397,0.44895026,68.59104,26.452873,7.1065826,82.3284
2007.4232,0.30606243,0.16719317,0.036187798,0.05116293,0.50812376,69.12041,26.993252,7.1387033,80.81122
2007.4346,0.32670498,0.17617282,0.04149684,0.05444437,0.54099596,69.486565,27.418686,7.159352,82.451904
2007.7704,0.63225365,0.26681203,0.03098063,0.12207719,0.9363069,74.48068,37.086296,7.320904,875.121
2007.531,0.2471657,0.14133179,0.028550314,0.04034918,0.50612813,68.597626,26.437489,7.1450524,84.89286
2007.4783,0.3345908,0.25985715,0.15966547,0.079108484,0.9087541,71.871796,31.05442,7.326016,139.56941
2007.4481,0.3411558,0.18395525,0.047292475,0.059786994,0.59156567,70.09504,28.201757,7.178861,95.02844
2007.453,0.33248883,0.18087713,0.04795777,0.062396426,0.61542386,70.44481,28.708221,7.1790338,112.50589
2007.429,0.2467829,0.13824774,0.024732543,0.042937983,0.4427871,68.52029,26.39013,7.101487,83.06258
2007.4263,0.30970097,0.16898286,0.037134163,0.051677644,0.5142528,69.17685,27.057732,7.1425633,80.51199
2007.3739,0.41572425,0.36777535,0.23725416,0.10116701,1.2412473,74.85553,35.87635,7.4459443,234.23212
2007.4348,0.31210858,0.18494976,0.037594005,0.0542501,0.55733204,69.059166,26.897495,7.1386046,77.39145
2007.4207,0.42741564,0.26540798,0.033049345,0.09462425,0.8574935,70.798676,29.94913,7.1441307,277.3093
2007.4144,0.28270048,0.15558442,0.03086113,0.04782855,0.4748172,68.81735,26.662302,7.1189466,82.11254
2007.4326,0.32891014,0.17648135,0.042030733,0.054995198,0.5434543,69.55113,27.497185,7.1608653,84.47785
2007.4186,0.27342904,0.15089343,0.029281816,0.04648421,0.4659112,68.73943,26.590197,7.11469,82.186874
2007.4504,0.31437016,0.1706748,0.05071838,0.068742126,0.6507861,71.05137,29.49254,7.1751485,149.5682
2007.4333,0.22947031,0.1313672,0.02176029,0.04114095,0.43171075,68.385544,26.271591,7.091363,84.6893
2007.3547,0.32164416,0.24676429,0.03932072,0.08195519,0.8107354,69.94342,28.003096,7.092033,182.3996
2007.427,0.33514416,0.17735358,0.04354005,0.056552384,0.5504041,69.73367,27.719097,7.1651435,90.20516
2007.4498,0.1697204,0.10729962,0.011529239,0.034876682,0.3936406,67.92552,25.86716,7.0570636,90.851845
2007.4384,0.3373829,0.18228984,0.04505631,0.057786357,0.5689904,69.82548,27.851885,7.1697097,87.15075
2007.4845,0.25986674,0.19836265,0.03209004,0.063281484,0.733048,69.32823,27.322956,7.1163836,162.36024
2007.4755,0.22340971,0.114432506,0.021936303,0.037696477,0.43492746,68.564255,26.441662,7.116857,110.05339
2007.4276,0.32708642,0.18177542,0.041399974,0.056310076,0.5581463,69.497734,27.431442,7.15411,87.08491
2007.4271,0.25354436,0.14093493,0.025893362,0.043639816,0.44711295,68.57291,26.436426,7.1054416,82.42726
2007.0938,1.6832498,1.4113837,0.64714015,0.4236621,4.478472,79.64902,43.599365,7.449134,463.51086
2007.4233,0.3393004,0.17793508,0.044546302,0.05759056,0.5550375,69.85537,27.867046,7.1679955,94.02355
2007.4323,0.23373914,0.13306376,0.022493174,0.04158405,0.4344419,68.41877,26.30082,7.093859,84.2882
2007.43,0.33179948,0.1768856,0.042730264,0.055716917,0.5466754,69.635735,27.600037,7.162848,87.13235
2007.4373,0.3229739,0.17551143,0.04058639,0.05355528,0.53661096,69.38277,27.29295,7.1566434,79.420395
2007.4099,0.335331,0.19175139,0.04309523,0.061184183,0.5939279,69.73913,27.72362,7.1510177,101.46796
2007.4109,0.29071411,0.15963899,0.03222618,0.048990507,0.4825149,68.8847,26.724625,7.122626,82.04833
2007.4478,0.36160663,0.26306817,0.034146342,0.0877046,0.87506723,70.19566,28.89861,7.121954,226.26187
2006.636,2.6238077,2.092808,0.97467244,0.6616113,6.7309237,81.75397,46.203648,7.3833623,570.87787
2007.4271,0.25372306,0.14100595,0.02592404,0.04365837,0.44722727,68.5743,26.437649,7.105546,82.41049
2007.4156,0.2969828,0.16272715,0.033826225,0.049878493,0.4928291,68.97954,26.832346,7.1290717,81.55794
2007.6166,0.47897053,0.29288003,0.023487909,0.10123855,0.9722429,70.97989,31.182236,7.19629,333.06998
2007.4354,0.32075,0.17441757,0.040007968,0.05324068,0.5328648,69.34827,27.253538,7.154284,79.603294
2008.2113,1.2052934,0.7174744,0.110742405,0.27310413,2.2813187,78.386696,41.92203,7.359427,911.08813
2007.4268,0.31030005,0.16927753,0.03728999,0.0517624,0.51526195,69.18615,27.06835,7.143199,80.462715
2007.4113,0.29167333,0.16011557,0.03244526,0.0491274,0.4838854,68.89717,26.738255,7.12344,81.99459
2007.2913,0.4803173,0.46653944,0.31460288,0.112218715,1.4804727,76.056656,38.092308,7.535312,244.65196
2007.4109,0.290846,0.15970571,0.032248646,0.04900963,0.48264158,68.8858,26.72565,7.1226864,82.047264
2007.6298,0.18671416,0.07956167,0.020388005,0.026436241,0.46046147,68.60079,26.45689,7.1736913,142.82884
2007.4167,0.29833364,0.1633916,0.03417758,0.050069593,0.49510464,69.000496,26.856285,7.130505,81.446846
2007.4146,0.28241178,0.15543835,0.030811952,0.04778669,0.47453988,68.814926,26.660057,7.118814,82.114876
2007.4191,0.3010378,0.16472168,0.034880914,0.050452124,0.49965972,69.04245,26.904207,7.1333733,81.224464
2007.4777,0.32525122,0.17667224,0.06548263,0.07600175,0.6970135,71.184814,29.34699,7.1991735,149.3493
2007.4429,0.34087348,0.18299219,0.046715755,0.059323214,0.58386195,70.037315,28.122437,7.176377,94.14783
2007.4222,0.26503322,0.14664549,0.027851658,0.045266837,0.45784643,68.66888,26.5249,7.1108346,82.25415
2007.4346,0.22501351,0.12959595,0.020995138,0.040678333,0.42885938,68.35086,26.241076,7.0887566,85.10808
2007.4292,0.24575505,0.13783924,0.024556084,0.04283129,0.4421295,68.51228,26.383093,7.1008863,83.15915
2008.0079,1.0847666,0.8090115,0.25249928,0.27064124,2.4911382,77.40398,38.458843,7.461074,489.54095
2007.413,0.28605172,0.15728001,0.031431984,0.04831447,0.4780363,68.84551,26.688364,7.1204853,82.0857
2007.4307,0.24002928,0.13556364,0.023573069,0.042236958,0.4384662,68.46773,26.343887,7.097538,83.697174
2007.4325,0.32903183,0.17649838,0.042060193,0.055025592,0.54358995,69.554695,27.501516,7.1609488,84.58964
2007.4777,0.24245727,0.13238488,0.02558825,0.040243275,0.4580721,68.553795,26.408981,7.1227107,88.36923
2007.456,0.30127785,0.18568495,0.03643907,0.05323677,0.5685395,68.93501,26.775288,7.1368237,73.504776
2007.4738,0.29147726,0.21731018,0.036811266,0.062179398,0.69307137,69.01636,26.931269,7.120891,91.873825
2007.4318,0.31633705,0.17224696,0.03886018,0.052616406,0.5254312,69.27981,27.175333,7.149603,79.966225
2007.4928,0.27711532,0.18095692,0.033485908,0.050470658,0.5773289,68.72552,26.580957,7.1326704,70.98556
2007.4183,0.2978261,0.16622034,0.034018263,0.05040859,0.5022559,68.95697,26.800678,7.1287875,80.56867
2007.423,0.3057422,0.16703565,0.036104504,0.051117625,0.5075843,69.11543,26.987577,7.138364,80.83757
2007.4355,0.32556266,0.176013,0.041220266,0.054159027,0.53972244,69.45312,27.378023,7.158568,81.40242
2007.4677,0.3455164,0.21920715,0.056221522,0.07851105,0.7829822,71.40164,30.001682,7.185189,144.1152
2007.4146,0.2955572,0.16202594,0.03345544,0.049676828,0.49042776,68.95743,26.807083,7.1275597,81.6752
2007.4316,0.23627378,0.13407111,0.022928325,0.041847143,0.4360635,68.4385,26.318174,7.0953417,84.05005
2007.4318,0.34027869,0.18096314,0.04550069,0.058346093,0.5676313,69.91569,27.955318,7.1711435,92.292534
2007.475,0.2930689,0.20432332,0.0365214,0.057980563,0.6441164,68.94627,26.829086,7.128556,81.845436
2007.4777,0.32653895,0.18814178,0.07846856,0.076430105,0.72620827,71.27953,29.58241,7.2166624,148.00084
2007.4182,0.30010253,0.16426165,0.034637652,0.05031982,0.49808428,69.02794,26.887632,7.1323814,81.30138
2007.431,0.23882598,0.13508542,0.023366487,0.04211206,0.4376964,68.45836,26.33565,7.096834,83.81022
2007.4286,0.24805422,0.138753,0.024950804,0.043069948,0.44360045,68.53018,26.398834,7.1022305,82.94313
2007.4409,0.2004862,0.11984807,0.016784253,0.038132414,0.41316718,68.159966,26.073135,7.0744133,87.4127
2007.8069,0.94583744,0.55022174,0.08177345,0.2174323,1.7746055,76.641174,39.298298,7.349503,670.66547
2007.4358,0.3212861,0.17468126,0.040147405,0.05331652,0.5337679,69.35658,27.263039,7.154853,79.559204
2007.5892,0.20620409,0.13692237,0.024506459,0.04366301,0.61813444,68.8793,26.82179,7.1450806,157.98924
2007.4366,0.32443935,0.17585582,0.040948305,0.053878438,0.53847015,69.42023,27.338036,7.1577973,80.37043
2007.586,0.84989786,0.3810698,0.017645834,0.1750003,1.2626244,76.00966,39.87027,7.309434,915.0872
2007.424,0.33866486,0.17784616,0.04439244,0.057431813,0.55432904,69.83676,27.844423,7.1675596,93.43969
2007.478,0.3311345,0.22907262,0.124810904,0.07795877,0.8303945,71.61756,30.422546,7.2790747,143.18867
2007.4697,0.32189977,0.17305216,0.059083402,0.073836714,0.67886627,71.13071,29.350193,7.1893606,149.63463
2007.4355,0.2341309,0.13203223,0.022659859,0.04139461,0.43527234,68.44028,26.320793,7.096462,86.27789
2007.4479,0.3225655,0.17566548,0.047549274,0.064310916,0.6261552,70.710106,29.100716,7.1743627,129.68143
2007.4323,0.34453872,0.25841337,0.034496702,0.086976185,0.8769552,70.1748,28.742714,7.1128907,227.93945
2007.4777,0.32610175,0.18424754,0.074059464,0.07628467,0.71629584,71.247375,29.50248,7.2107244,148.45868
2007.4375,0.2139506,0.12519921,0.01909584,0.03953001,0.42178148,68.26476,26.165327,7.082287,86.14759
2007.6523,0.7629676,0.33013755,0.02144151,0.15199244,1.1152177,75.2804,38.591885,7.315643,876.5994
2007.4308,0.3149022,0.18667778,0.03822477,0.05537452,0.5644766,69.14097,26.996742,7.1391954,80.98994
2007.4646,0.38098186,0.2885717,0.20708434,0.080630966,0.9801435,72.26819,31.83814,7.38674,131.52145
2007.431,0.33067283,0.17672797,0.042457495,0.055435494,0.5454194,69.602745,27.55993,7.162075,86.097275
2007.4484,0.33556074,0.18420942,0.04530633,0.057840474,0.5776268,69.81731,27.85555,7.1711354,84.29188
2007.4188,0.3008036,0.16460651,0.034820005,0.050419,0.49926528,69.03882,26.900057,7.133125,81.243706
2007.5043,0.25227982,0.18962575,0.03110768,0.059730694,0.7116138,69.213066,27.192629,7.121703,155.13824
2007.4113,0.28983364,0.15919352,0.032076202,0.048862845,0.48166916,68.8773,26.717777,7.1222215,82.05539
2007.622,0.19388084,0.09807741,0.0219294,0.03097053,0.502953,68.62325,26.495512,7.166222,138.27406
2007.4862,0.67857194,0.34389797,0.019338006,0.14523134,1.1427696,73.657936,35.494286,7.2286763,601.5504
2007.4763,0.33582667,0.25512955,0.15313774,0.0794667,0.89938354,71.90277,31.048094,7.3179874,143.3805
2007.436,0.32509923,0.17594814,0.041108068,0.054043267,0.5392058,69.43955,27.361526,7.15825,80.97667
2007.4305,0.2404995,0.13575053,0.0236538,0.04228577,0.43876708,68.47138,26.347107,7.0978127,83.65299
2007.1422,0.725808,0.37037167,0.40061274,0.09480432,1.1467535,74.03836,34.139347,7.5606403,93.002144
2007.4404,0.20263295,0.12070126,0.01715281,0.03835525,0.41454065,68.176674,26.087835,7.0756683,87.21099
2007.4143,0.29535905,0.16192847,0.0334039,0.049648795,0.49009398,68.95435,26.803572,7.1273494,81.69147
2007.4115,0.291896,0.1602251,0.03250317,0.049158897,0.48426047,68.90063,26.7422,7.123676,81.976295
2007.4281,0.24974802,0.13942616,0.025241604,0.043245763,0.44468412,68.543365,26.410433,7.1032214,82.783966
2007.429,0.24667749,0.13820583,0.024714446,0.04292704,0.44271964,68.51946,26.389408,7.1014256,83.07251
2007.3936,0.32282186,0.21360694,0.039293703,0.065601565,0.65143895,69.37615,27.279398,7.119206,108.229805
2006.9001,0.76758045,0.6764668,0.48110333,0.17057487,2.1679227,77.26127,40.418797,7.583488,229.03339
2007.4119,0.28859374,0.15856616,0.031864993,0.04868306,0.48047814,68.86688,26.708134,7.1216526,82.06532
2007.4344,0.3196355,0.17386937,0.039718088,0.053083017,0.53098744,69.33098,27.233788,7.153102,79.694954
2007.4581,0.17164713,0.10491776,0.012123628,0.03446662,0.39641052,67.989456,25.926197,7.0644827,96.04347
2007.4443,0.3154366,0.17192143,0.04725581,0.06568628,0.6338645,70.900696,29.382683,7.1710067,142.02031
2007.4379,0.21215767,0.124486655,0.01878803,0.03934391,0.4206344,68.25081,26.153051,7.0812387,86.31605
2007.4778,0.32682756,0.1907124,0.08137906,0.076526105,0.7327516,71.300766,29.635176,7.2205825,147.69861
2007.4307,0.24013922,0.13560733,0.023591945,0.042248376,0.43853652,68.46858,26.34464,7.097602,83.68686
2007.4784,0.33547908,0.26776862,0.16862293,0.07940397,0.9288921,71.93713,31.21681,7.3380795,138.63927
2007.4697,0.3218732,0.17304376,0.059053876,0.073818736,0.6787671,71.130424,29.350697,7.1893106,149.6344
2007.3612,0.48719183,0.2990957,0.03495836,0.110453576,0.9348847,71.47344,30.97723,7.1408663,329.92508
2007.3629,0.20775059,0.18018234,0.037022233,0.07910904,0.83792436,70.919945,28.907743,7.0745687,413.0382
2007.4224,0.3050214,0.16668111,0.03591703,0.05101566,0.5063701,69.104256,26.974804,7.1375995,80.89684
2007.413,0.2936929,0.16110893,0.032970533,0.049413092,0.4872873,68.928505,26.774044,7.1255817,81.828514
2007.4779,0.32952386,0.21472745,0.10856914,0.07742301,0.79388,71.49909,30.128101,7.257201,144.87521
2007.4194,0.30146822,0.1649334,0.034992862,0.050513014,0.5003848,69.049126,26.911835,7.13383,81.18905
2007.7507,0.61313975,0.28240466,0.02585275,0.11988469,0.97682047,73.625114,35.82951,7.296922,734.85425
2007.4778,0.32807463,0.20181967,0.09395483,0.07694094,0.7610243,71.392494,29.86316,7.237519,146.39275
2010.1145,1.814137,1.0530599,-0.027159503,0.45232946,2.7648218,83.72124,56.629032,7.2425594,3481.4045
2007.4258,0.2570269,0.14259465,0.026487852,0.04410594,0.45015576,68.60159,26.462633,7.1071587,82.31833
2007.4282,0.2494182,0.13929507,0.025184976,0.043211527,0.44447312,68.540794,26.408175,7.1030283,82.81497
2007.4673,0.21891706,0.14936964,0.0479653,0.07561181,0.73920226,72.050705,30.682245,7.1258497,637.0933
2007.4673,0.676693,0.39363417,0.03984062,0.1524897,1.2416557,73.920135,35.382515,7.2269626,491.0633
2007.436,0.32161212,0.17484163,0.0402322,0.053362638,0.534317,69.36164,27.268816,7.1551986,79.532394
2007.4297,0.2435852,0.13697687,0.024183555,0.042606067,0.44074124,68.4954,26.368237,7.0996175,83.36305
2007.4353,0.33770245,0.18170607,0.044891775,0.057684276,0.5657029,69.81584,27.835577,7.1689296,87.566216
2007.4352,0.222712,0.12868126,0.020600015,0.04043944,0.4273869,68.33295,26.225317,7.087411,85.32432
2007.4265,0.33577004,0.17744114,0.043691576,0.05670872,0.5511018,69.752,27.741377,7.1655726,90.780174
2007.4312,0.3354387,0.17971313,0.04384979,0.056758273,0.55547345,69.720215,27.709438,7.1655216,86.60328
2007.4171,0.27670643,0.15255167,0.029840091,0.046959426,0.46905944,68.766975,26.615685,7.1161942,82.16061
2007.4197,0.30178228,0.16508788,0.035074547,0.050557442,0.5009138,69.054,26.9174,7.1341634,81.16324
2007.4335,0.31847608,0.17329909,0.03941653,0.052919,0.5290344,69.31299,27.21324,7.151872,79.79031
2007.4587,0.13200457,0.09263154,0.005027236,0.031024074,0.3693538,67.62699,25.604242,7.034365,93.84729
2007.428,0.31185147,0.17004064,0.037693504,0.051981866,0.5178753,69.21021,27.095842,7.1448445,80.33514
2007.4207,0.3029221,0.16564852,0.035371013,0.050718687,0.50283384,69.071686,26.937601,7.135372,81.06948
2007.4243,0.2602439,0.1442223,0.027035838,0.044572394,0.4532459,68.628624,26.487652,7.108636,82.29255
2007.4347,0.22452624,0.1294023,0.020911487,0.040627755,0.42854762,68.34707,26.237738,7.088472,85.15385
2007.4316,0.23637676,0.13411203,0.022946006,0.04185783,0.4361294,68.4393,26.318878,7.095402,84.040375
2007.7039,2.440784,1.8521178,0.60791874,0.6383573,5.8566804,80.769844,46.062767,7.3760924,838.214
2007.4117,0.2888692,0.15870553,0.031911917,0.048722997,0.4807427,68.869194,26.710278,7.121779,82.063126
2007.4259,0.33647195,0.17753933,0.043861516,0.056884047,0.5518843,69.77255,27.766363,7.1660547,91.425026
2007.4559,0.33820087,0.18387705,0.048192907,0.061294414,0.60924673,70.2921,28.482296,7.1817226,102.619385
2007.4366,0.3243247,0.17583978,0.040920552,0.0538498,0.53834236,69.41687,27.333956,7.1577187,80.26511
2007.4187,0.30060056,0.16450663,0.034767196,0.050390277,0.49892327,69.03567,26.89646,7.13291,81.26041
2007.3827,0.1825012,0.09444288,-0.008032879,0.003127453,0.54903746,68.72625,27.016006,7.193651,127.218704
2007.4237,0.33891237,0.1778808,0.04445236,0.057493635,0.55460495,69.84401,27.853233,7.1677294,93.66709
2008.4043,3.072765,2.1315556,0.45639774,0.8569278,6.915744,82.08811,50.019592,7.359954,1459.3534
2007.4333,0.31837097,0.17324738,0.039389186,0.05290413,0.5288573,69.311356,27.211378,7.1517606,79.79896
2007.4186,0.2732231,0.15078925,0.029246738,0.046454348,0.46571344,68.7377,26.588594,7.114595,82.188515
2007.5095,0.2622983,0.19630203,0.03279156,0.058233526,0.6923322,69.025795,26.96785,7.124958,121.4769
2007.4648,0.3419497,0.2137631,0.049332015,0.066409685,0.67974746,70.10554,28.26782,7.1701055,88.0797
2007.4415,0.18375434,0.09450438,0.004688976,0.019354714,0.473404,68.513725,26.598766,7.143151,124.30333
2007.4144,0.28283408,0.155652,0.030883884,0.047847923,0.4749455,68.818474,26.663342,7.119008,82.11151
2007.4703,0.33678722,0.21894573,0.10882891,0.07963588,0.8148529,71.80303,30.563314,7.260483,156.89034
2007.1686,0.6406304,0.36048403,0.36074337,0.09153505,1.1048667,73.63589,33.4529,7.508082,104.265526
2007.4423,0.31118184,0.16966815,0.04717635,0.06658491,0.638896,71.01778,29.552814,7.169131,149.54008
2007.421,0.3033852,0.16587631,0.035491463,0.0507842,0.50361395,69.07887,26.945807,7.135864,81.0314
2007.4211,0.30364907,0.1660061,0.03556009,0.050821528,0.5040584,69.08296,26.950483,7.1361437,81.0097
2007.4192,0.27184367,0.1500913,0.029011762,0.046254337,0.46438837,68.72611,26.577866,7.1139617,82.19958
2007.4343,0.3269928,0.17621309,0.04156653,0.054516267,0.5413168,69.494995,27.428932,7.1595497,82.71634
2007.4133,0.29419646,0.16135663,0.033101514,0.04948433,0.48813558,68.93632,26.782969,7.1261163,81.78708
2007.4701,0.73762894,0.3772092,0.019882282,0.15857731,1.2172767,74.17586,36.448956,7.235067,642.8774
2007.4117,0.2889355,0.1587391,0.031923216,0.048732616,0.4808064,68.86975,26.710793,7.1218095,82.062584
2007.5319,0.40864852,0.2684297,0.02509184,0.098440625,0.96929026,70.990585,30.604633,7.1568055,349.56036
2007.4269,0.31045046,0.16935152,0.03732911,0.051783677,0.5155153,69.18848,27.071014,7.143358,80.45034
2007.4429,0.3126386,0.17045197,0.04714063,0.06622609,0.63689035,70.9755,29.49335,7.1696897,146.86311
2007.4183,0.3001379,0.16427906,0.034646854,0.050324824,0.49814388,69.02849,26.88826,7.1324186,81.298454
2007.4348,0.3264302,0.17613436,0.041430317,0.054375738,0.5406896,69.47852,27.408905,7.1591635,82.19948
2007.4276,0.32166076,0.18512057,0.039946426,0.05626423,0.5644677,69.33886,27.237698,7.146316,85.26764
2007.4464,0.31955606,0.17408493,0.04742539,0.06489152,0.6294097,70.790565,29.219748,7.172946,134.89024
2007.4331,0.32837725,0.17640679,0.041901715,0.054862086,0.5428602,69.53553,27.478214,7.1604996,83.98826
2007.4297,0.31395224,0.17107394,0.038239896,0.052279044,0.52141404,69.242805,27.133072,7.1470733,80.16236
2007.429,0.31294534,0.17057866,0.037978005,0.052136604,0.51971793,69.22719,27.115227,7.146005,80.24516
2007.4424,0.19525087,0.11776742,0.015885448,0.037588995,0.40981773,68.119225,26.03729,7.0713515,87.90462
2007.4354,0.32574984,0.17603919,0.041265596,0.05420579,0.5399312,69.4586,27.384687,7.1586967,81.57441
2007.4248,0.30792275,0.1681082,0.036671657,0.051426094,0.5112574,69.14926,27.026218,7.140677,80.65824
2007.4507,0.32784572,0.17843862,0.047766637,0.06329221,0.620445,70.56894,28.891869,7.176848,120.542274
2007.4137,0.29461524,0.1615626,0.033210438,0.049543574,0.48884103,68.94281,26.79039,7.12656,81.752655
2007.4402,0.34072852,0.1824977,0.04641963,0.05908508,0.5799064,70.007675,28.081709,7.1751013,93.69567
2007.4304,0.31483907,0.17151015,0.038470555,0.052404497,0.52290785,69.25656,27.148787,7.1480136,80.08942
2007.4386,0.20973216,0.12352269,0.018371614,0.039092142,0.4190826,68.231926,26.136444,7.07982,86.54394
2007.4264,0.33592135,0.17746231,0.04372821,0.056746516,0.5512705,69.756424,27.746763,7.1656766,90.919174
2007.4401,0.30956018,0.18490845,0.037259873,0.05381377,0.55828863,69.01499,26.848675,7.138246,75.63163
2007.4543,0.21712658,0.120129675,0.020171365,0.038632475,0.42690575,68.38793,26.279295,7.0968018,96.65691
2007.4258,0.33661157,0.17755888,0.04389532,0.056918927,0.55204,69.776634,27.771332,7.1661506,91.5533
2007.4221,0.30481815,0.16658114,0.035864163,0.05098691,0.5060277,69.1011,26.9712,7.1373835,80.91356
2007.4159,0.29730192,0.16288412,0.033909228,0.04992364,0.4933667,68.98449,26.838001,7.1294103,81.53171
2007.4271,0.25343812,0.14089271,0.025875123,0.04362879,0.44704497,68.57208,26.4357,7.105379,82.43725
2007.4371,0.22198871,0.12775832,0.02052906,0.040241197,0.42723453,68.3372,26.22962,7.0882583,86.47699
2007.6832,0.52658975,0.30434898,0.019109434,0.10682807,1.011401,71.31485,32.12689,7.22631,378.54916
2007.4125,0.2870619,0.15779112,0.03160406,0.048460945,0.47900668,68.854004,26.696222,7.1209493,82.07759
2007.478,0.3308722,0.22673656,0.122166,0.077871524,0.8244483,71.598274,30.374598,7.2755127,143.46333
2007.4498,0.32639813,0.17767835,0.047707044,0.06357149,0.6220105,70.60764,28.949125,7.1761665,123.04782
2007.4376,0.21341336,0.12498572,0.019003613,0.03947425,0.4214378,68.260574,26.161648,7.081973,86.19803
2007.4293,0.30774337,0.17560607,0.036557708,0.052413058,0.5306851,69.058624,26.90817,7.137581,78.406044
2007.8729,0.551032,0.2184196,0.040888634,0.10353703,0.80794674,74.42916,36.743526,7.3292203,964.0492
2007.4115,0.28947923,0.1590142,0.032015834,0.048811454,0.48132873,68.87432,26.715021,7.122059,82.05823
2007.433,0.31792936,0.17303018,0.039274335,0.052841663,0.5281135,69.304504,27.203552,7.151292,79.83528
2007.4592,0.20972201,0.11611869,0.018989595,0.03765685,0.42269006,68.34692,26.244152,7.094607,99.175964
2007.4115,0.2895256,0.15903763,0.032023724,0.048818175,0.4813732,68.87471,26.715382,7.1220803,82.05788
2007.4137,0.2844212,0.15645503,0.03115424,0.04807805,0.47647005,68.83181,26.675684,7.1197367,82.09877
2007.4346,0.2252145,0.12967582,0.021029642,0.0406992,0.42898795,68.352425,26.24245,7.0888743,85.08922
2007.447,0.320723,0.17469782,0.047473427,0.06466638,0.6281477,70.75936,29.173592,7.1734953,132.87045
2007.9403,1.0077225,0.5987911,0.105007485,0.23501003,1.9388934,77.065765,39.452023,7.37888,682.7839
2007.4166,0.27767774,0.1530431,0.030005546,0.047100265,0.46999246,68.77514,26.62324,7.1166406,82.15282
2007.5004,0.27856463,0.19955954,0.034893364,0.05641772,0.6543824,68.885994,26.78076,7.1296372,88.06785
2007.4625,0.3665258,0.29395312,0.20342857,0.08218832,1.0024704,72.44051,32.105915,7.3841567,141.92033
2007.4109,0.29124665,0.1599057,0.032334283,0.049067043,0.48316666,68.89055,26.730694,7.122987,82.02968
2007.4193,0.2718142,0.1500764,0.029006744,0.046250064,0.4643601,68.72586,26.577637,7.1139483,82.19981
2007.4473,0.32122517,0.17496155,0.0474941,0.0645695,0.62760466,70.74594,29.153728,7.173732,132.00131
2007.4974,0.44611508,0.31678185,0.13855374,0.1262087,1.1893278,73.73382,32.235878,7.310522,206.92935
2007.4225,0.30520198,0.16676994,0.035963994,0.051041204,0.5066743,69.107056,26.978003,7.1377907,80.88198
2007.4574,0.3412337,0.18546987,0.048317753,0.0607093,0.605967,70.21101,28.362339,7.1831503,97.3701
2007.4287,0.3127712,0.17049302,0.03793272,0.052111976,0.5194246,69.22449,27.11214,7.14582,80.25949
2007.4214,0.2668775,0.14757864,0.02816582,0.045534253,0.459618,68.68437,26.539244,7.1116815,82.23939
2007.4298,0.33206066,0.17692214,0.042793505,0.05578216,0.54696655,69.64339,27.609333,7.1630273,87.3723
2007.475,0.34416947,0.2318846,0.051193167,0.071057,0.73791194,70.19807,28.415506,7.167155,87.166145
2007.8475,0.35722166,0.15766406,0.05550726,0.077341065,0.6876934,73.58381,34.189194,7.2404275,959.0824
2007.4406,0.20187306,0.12039927,0.017022355,0.03827637,0.41405448,68.17076,26.082632,7.0752244,87.28238
2007.423,0.26330626,0.14577173,0.027557487,0.045016434,0.45618755,68.654366,26.511469,7.110042,82.268005
2007.4359,0.3405024,0.18172635,0.04595772,0.058713622,0.5737363,69.96143,28.018177,7.173112,92.99038
2007.4464,0.3195235,0.17406785,0.04742405,0.0648978,0.62944484,70.791435,29.221033,7.1729307,134.94656
2006.1466,1.1136446,0.59857494,0.5994445,0.19399604,1.9665023,76.433716,38.025055,7.613914,131.52287
2007.3796,0.31637114,0.23520637,0.03905685,0.07536566,0.758321,69.672295,27.662954,7.1015053,151.46385
2007.43,0.509703,0.3507081,0.055652563,0.12206013,1.0950127,72.3845,32.054413,7.1804075,263.206
2007.4144,0.50900507,0.30750403,0.2736088,0.08282319,1.0243689,72.90162,32.764977,7.4630723,114.566345
2007.6733,0.7661371,0.4730155,0.0982649,0.18673591,1.5550802,75.19704,36.024014,7.3580604,414.9465
2007.4127,0.28669044,0.15760319,0.031540785,0.04840708,0.47864988,68.85088,26.693333,7.1207786,82.080574
2007.454,0.337521,0.18507032,0.046595264,0.059042912,0.59099704,69.9794,28.067074,7.1763463,89.2228
2007.5442,0.23581852,0.12655321,0.026652688,0.036702465,0.48019323,68.556015,26.391642,7.149155,91.08076
2007.4469,0.3205131,0.17458758,0.047464784,0.064706884,0.62837476,70.76498,29.181894,7.1733966,133.23378
2007.4462,0.039935872,0.061409317,-0.015405944,0.01731274,0.3317606,66.901794,25.038107,6.985726,94.654724
2007.2543,0.48059148,0.4216978,0.29818368,0.108044535,1.349524,75.547195,36.966972,7.50023,240.66933
2007.5356,0.49764362,0.3467752,0.13544849,0.14103943,1.2779922,73.903564,32.261894,7.316266,216.6115
2007.443,0.31290218,0.17059039,0.04715148,0.06617524,0.6366053,70.96845,29.482925,7.1698136,146.40692
2007.4901,0.27617967,0.20967966,0.034796372,0.06141154,0.7060206,69.05446,26.993383,7.1207395,111.51572
2007.4117,0.2888423,0.15869191,0.031907335,0.048719097,0.48071685,68.868965,26.710068,7.1217666,82.06334
2007.4415,0.19807495,0.118889794,0.016370287,0.037882134,0.4116245,68.141205,26.056625,7.073003,87.639244
2007.4778,0.32787296,0.20002322,0.09192086,0.07687385,0.7564516,71.377655,29.826286,7.23478,146.60396
2007.413,0.29363486,0.1610804,0.03295545,0.049404882,0.48718962,68.927605,26.773016,7.12552,81.83327
2007.4359,0.37969905,0.27982602,0.15371713,0.09321591,1.0244886,73.66373,33.520325,7.3361306,212.67491
2007.4132,0.2939317,0.16122639,0.03303265,0.049446877,0.48768958,68.932205,26.778276,7.1258354,81.80888
2007.4196,0.27098808,0.14965843,0.028866017,0.046130277,0.4635665,68.71892,26.571213,7.113569,82.20643
2007.416,0.29743338,0.16294879,0.033943422,0.049942236,0.49358815,68.986534,26.840332,7.12955,81.52088
2007.4147,0.29578003,0.16213554,0.033513397,0.049708348,0.4908031,68.960884,26.811031,7.127796,81.65687
2007.4283,0.24884711,0.13906811,0.02508693,0.04315225,0.4441077,68.536354,26.404264,7.1026945,82.86864
2007.4132,0.29397643,0.1612484,0.033044282,0.049453203,0.48776495,68.9329,26.77907,7.1258826,81.80519
2008.0232,1.069632,0.63548875,0.10587828,0.24670304,2.0437298,77.47922,40.252796,7.3712516,756.89026
2007.4283,0.33368343,0.17714919,0.04318639,0.056187507,0.5487756,69.6909,27.667099,7.164141,88.86316
2007.4344,0.33997908,0.18147811,0.04563914,0.058429666,0.5704813,69.92328,27.968555,7.1718054,91.89171
2007.4215,0.3040128,0.166185,0.035654698,0.05087298,0.5046711,69.08861,26.956928,7.1365294,80.97979
2007.4231,0.30589166,0.16710918,0.036143385,0.051138774,0.5078361,69.11775,26.990225,7.1385226,80.82528
2007.4779,0.32984138,0.21755545,0.11177105,0.07752863,0.8010785,71.522446,30.186148,7.261513,144.54274
2007.4276,0.2516352,0.14017618,0.0255656,0.04344165,0.4458915,68.55805,26.423353,7.104325,82.60664
2007.4503,0.327143,0.17806955,0.047737706,0.06342778,0.621205,70.58773,28.919662,7.1765175,121.75857
2007.4424,0.19483598,0.11760253,0.015814224,0.037545927,0.4095523,68.116,26.034449,7.071109,87.943596
2007.4509,0.16242428,0.104721196,0.010249725,0.034181613,0.38881582,67.86374,25.812525,7.0521545,90.989044
2007.4525,0.15594935,0.102147855,0.009138105,0.033509523,0.38467324,67.81335,25.768192,7.048368,91.59745
2007.4574,0.34119868,0.18545148,0.04831631,0.06071605,0.60600483,70.21195,28.363724,7.1831336,97.430664
2007.485,0.2195969,0.10988017,0.021536043,0.036712088,0.43397126,68.5818,26.45979,7.1206985,115.59556
2007.427,0.2542218,0.14120416,0.026009666,0.043710135,0.44754633,68.57818,26.441065,7.1058373,82.363625
2007.4279,0.25055385,0.13974641,0.02537995,0.043329407,0.44519967,68.54964,26.415949,7.1036925,82.70825
2007.4281,0.31196672,0.17009732,0.037723478,0.05199817,0.51806945,69.212006,27.097885,7.144967,80.32565
2007.4417,0.19767305,0.11873006,0.016301287,0.03784041,0.4113674,68.13808,26.053875,7.072768,87.67703
2007.431,0.33071762,0.17673424,0.042468335,0.05544668,0.5454693,69.60406,27.561525,7.1621056,86.138405
2007.4244,0.33156177,0.18180797,0.042503737,0.057238583,0.56134635,69.62878,27.590841,7.1577697,90.738396
2007.4319,0.32975298,0.17659926,0.04223479,0.055205725,0.5443939,69.57581,27.527187,7.1614437,85.25218
2007.4344,0.32688335,0.17619777,0.04154002,0.05448892,0.5411948,69.49179,27.425035,7.1594744,82.61575
2007.454,0.33447483,0.18192016,0.048039522,0.062013272,0.6132762,70.391716,28.62967,7.1799684,109.0685
2007.5608,0.2418365,0.13459851,0.051913336,0.07351314,0.6850615,72.65563,31.842989,7.168376,758.6643
2007.5808,0.21991956,0.13527443,0.026087468,0.04103264,0.5726998,68.758255,26.654102,7.151036,129.56244
2007.5181,0.2529695,0.14869204,0.029298557,0.042414423,0.5160801,68.61856,26.462816,7.1404023,82.12017
2007.4233,0.2626683,0.14544895,0.027448816,0.044923928,0.45557478,68.649,26.506508,7.109749,82.273094
2007.4302,0.31442657,0.17130727,0.038363274,0.052346148,0.52221304,69.25017,27.141478,7.1475763,80.12335
2007.4614,0.77742934,0.40631905,0.02318615,0.16861175,1.2835662,74.5873,37.121773,7.241154,656.47424
2008.5018,1.3849381,0.7720631,-0.0009325579,0.30437538,2.1870084,79.11423,47.013542,7.229919,1716.655
2007.453,0.36164945,0.30942854,0.20819364,0.0859446,1.0593371,72.940315,32.895016,7.395153,161.71977
2007.4313,0.3304459,0.17669621,0.042402543,0.0553788,0.5451663,69.5961,27.551851,7.161919,85.88873
2007.3817,0.28210488,0.23093732,0.034415305,0.08255436,0.86406916,70.15211,28.273724,7.086061,245.43573
2007.4783,0.33339894,0.24924168,0.14764655,0.078712024,0.8817333,71.784134,30.83653,7.309829,140.81744
2007.4109,0.29070172,0.15963273,0.032224074,0.04898871,0.482503,68.88459,26.72453,7.12262,82.04843
2007.4608,0.318425,0.17195506,0.055223126,0.071485676,0.66590786,71.09409,29.415884,7.182802,149.60397
2007.4501,0.32267612,0.18443538,0.04973975,0.06954979,0.677062,71.079796,29.612247,7.1744843,145.03928
2007.4369,0.32257262,0.17531405,0.040482014,0.05349851,0.5359349,69.37654,27.285837,7.1562176,79.45342
2007.4291,0.31321612,0.17071187,0.038048442,0.052174915,0.5201741,69.231384,27.120026,7.146292,80.22289
2007.4717,0.20245801,0.10945404,0.018058872,0.03617067,0.4198877,68.34912,26.249437,7.097911,106.30675
2007.4531,0.15389091,0.10132978,0.0087847095,0.03329586,0.3833563,67.797325,25.754097,7.0471644,91.79086
2007.8031,0.6139791,0.24609192,0.035448957,0.117257155,0.8821463,74.75486,37.413742,7.3331504,946.7367
2007.4287,0.24761406,0.13857804,0.024875237,0.04302426,0.44331878,68.52676,26.39582,7.1019735,82.984505
2007.4313,0.2378477,0.13469662,0.023198536,0.042010516,0.43707046,68.450745,26.32895,7.096262,83.90216
2007.4618,0.3188072,0.17207573,0.05564775,0.07174428,0.66733325,71.09812,29.408657,7.183523,149.60735
2007.4366,0.21691139,0.12637594,0.019604156,0.03983734,0.42367578,68.2878,26.1856,7.0840187,85.869354
2007.4297,0.3401671,0.18058248,0.045272727,0.05816277,0.5645862,69.89287,27.923964,7.1701612,91.94445
2007.4374,0.32361248,0.17574014,0.04074812,0.053671896,0.53754836,69.39602,27.308603,7.15723,79.61077
2007.4272,0.31087297,0.16955934,0.037439,0.051843446,0.51622707,69.19504,27.078503,7.1438065,80.4156
2007.4309,0.34021816,0.18453963,0.045435347,0.058989085,0.5752651,69.88212,27.916393,7.168413,90.788
2007.4517,0.34010404,0.1846337,0.047227062,0.05965734,0.59346944,70.07108,28.176651,7.1787624,93.229195
2007.4371,0.2153917,0.12577195,0.019343255,0.039679598,0.42270347,68.27598,26.175194,7.08313,86.01217
2007.4296,0.24444681,0.1373193,0.024331482,0.042695496,0.44129246,68.502106,26.374134,7.100121,83.2821
2007.4338,0.32750627,0.17628492,0.041690838,0.05464452,0.5418892,69.510025,27.44721,7.159902,83.188065
2007.4312,0.23827118,0.13486494,0.023271242,0.04205447,0.43734142,68.45404,26.33185,7.0965095,83.86235
2007.4513,0.30239773,0.20280145,0.037246585,0.058855675,0.6301896,69.05045,26.928766,7.128309,86.35719
2007.4532,0.33287773,0.18108138,0.047973778,0.0623214,0.6150033,70.43441,28.692839,7.179217,111.832794
2007.611,0.7107333,0.33519924,0.017619712,0.14447714,1.1271303,74.119064,36.6714,7.277203,700.31177
2007.4382,0.21111295,0.124071464,0.018608676,0.03923547,0.41996604,68.242676,26.145897,7.0806274,86.41419
2007.444,0.20366448,0.11973743,0.017444959,0.038196053,0.41587153,68.20607,26.114906,7.079018,89.459
2007.4644,0.29687935,0.20591009,0.036889374,0.05909249,0.6465101,69.004074,26.890484,7.1271176,85.561966
2007.4778,0.3274737,0.19646725,0.08789476,0.07674105,0.7474001,71.34829,29.753298,7.2293572,147.02203
2007.4412,0.34024042,0.18269834,0.04633351,0.058982123,0.57997066,69.99144,28.062819,7.1748104,92.82102
2007.4778,0.32812074,0.20223011,0.09441952,0.076956265,0.762069,71.39588,29.871584,7.238145,146.34451
2007.4097,0.28365344,0.22775178,0.03501108,0.07695564,0.8198009,69.82873,27.894627,7.0954823,202.75175
2007.4299,0.3181462,0.18534777,0.039071,0.0556157,0.5627165,69.235954,27.112482,7.143191,82.59357
2007.4338,0.22785884,0.13072677,0.021483632,0.04097368,0.4306798,68.373,26.260557,7.0904207,84.840706
2007.4297,0.3322209,0.17694457,0.0428323,0.055822186,0.5471452,69.64808,27.615038,7.1631374,87.5195
2007.4318,0.32979187,0.17660472,0.042244207,0.055215444,0.5444373,69.57695,27.528572,7.1614704,85.28791
2007.4226,0.30533266,0.16683422,0.035997987,0.051059693,0.5068944,69.109085,26.980318,7.1379294,80.87124
2007.434,0.31868365,0.18167204,0.039329022,0.054553255,0.55201054,69.25169,27.13217,7.14728,80.19262
2007.4259,0.25677174,0.14246552,0.026444381,0.044068936,0.4499106,68.59945,26.46065,7.107042,82.32038
2007.415,0.2814545,0.154954,0.030648885,0.047647886,0.47362033,68.80688,26.65261,7.1183743,82.12254
2007.4359,0.21978018,0.12751606,0.020096676,0.040135115,0.42551118,68.31013,26.205242,7.085696,85.59979
2007.4333,0.32813114,0.17637235,0.041842125,0.054800607,0.54258585,69.52833,27.469454,7.160331,83.76215
2007.4287,0.3332671,0.17709094,0.043085586,0.05608351,0.5483115,69.67871,27.652279,7.163855,88.48066
2007.4326,0.32886314,0.17647478,0.04201935,0.054983452,0.5434019,69.54976,27.495512,7.160833,84.43466
2007.4231,0.26304722,0.14564067,0.02751336,0.044978872,0.45593873,68.65218,26.509455,7.109923,82.27008
2007.437,0.32391515,0.17578249,0.0408214,0.0537475,0.5378858,69.40488,27.319378,7.1574373,79.88884
2007.6733,0.15402952,0.059578933,0.01609421,0.022451872,0.46750736,68.58336,26.470774,7.1773562,172.29062
2007.413,0.29368755,0.1611063,0.032969143,0.049412336,0.48727828,68.92842,26.773949,7.1255765,81.82895
2007.4552,0.34153253,0.1852404,0.048062067,0.060405876,0.6018457,70.17207,28.307608,7.1821756,96.20354
2007.427,0.31057596,0.16941325,0.03736175,0.05180143,0.51572675,69.19043,27.073238,7.1434917,80.44004
2007.4237,0.26168802,0.14495298,0.027281834,0.04478179,0.45463312,68.64076,26.498884,7.1092987,82.280975
2007.3536,0.4984587,0.31713423,0.27438492,0.084798746,1.0324208,72.87715,32.60015,7.4456096,118.34405
2007.4558,0.33041915,0.18965995,0.054795537,0.07452451,0.71401966,71.379265,29.907394,7.183838,155.64934
2007.4229,0.26373088,0.14598657,0.027629813,0.045078,0.45659542,68.65793,26.51477,7.1102366,82.26461
2007.4341,0.31915405,0.17363256,0.039592862,0.053014908,0.5301764,69.32351,27.225256,7.152591,79.73456
2007.8207,0.9058651,0.54229796,0.11088179,0.21769631,1.7858498,76.38923,37.923233,7.4035206,540.61597
2008.3699,0.7092551,0.29146224,0.07832592,0.12283192,0.9502485,77.48424,40.885998,7.2353945,1674.7957
2007.4812,0.29097176,0.20252801,0.036288917,0.057053603,0.6394247,68.9081,26.786661,7.129906,79.01772
2007.4698,0.15677685,0.08808785,0.006109891,0.025364915,0.41729826,68.12192,26.13264,7.094306,117.462975
2007.4375,0.21371415,0.12510525,0.019055253,0.03950547,0.42163023,68.26292,26.163708,7.0821486,86.16978
2007.526,0.20882659,0.098873205,0.019661034,0.031278707,0.45136997,68.63225,26.527508,7.1454763,126.92485
2007.4371,0.21785977,0.12648174,0.019789679,0.039883237,0.4244149,68.2994,26.196041,7.085115,86.243
2007.478,0.33011132,0.21995994,0.11449344,0.077618435,0.8071989,71.542305,30.235502,7.2651796,144.26004
2007.4169,0.27717382,0.15278816,0.029919712,0.047027197,0.46950844,68.770905,26.61932,7.1164093,82.156845
2007.4813,0.35181502,0.23223488,0.0562846,0.07731831,0.79078144,71.01376,29.477377,7.184747,119.48945
2007.4183,0.31299403,0.21553752,0.038540363,0.064791456,0.66730845,69.268654,27.177452,7.1192684,103.75437
2007.4196,0.34897932,0.25483558,0.048229665,0.07538118,0.75658995,69.77113,27.843346,7.1313424,80.947266
2007.4279,0.32604653,0.18229364,0.041125573,0.05626207,0.5589874,69.467285,27.394327,7.152738,86.64171
2007.4778,0.3271938,0.19397418,0.085072085,0.07664794,0.74105424,71.327705,29.702126,7.225556,147.31512
2007.4504,0.32753345,0.1782746,0.04775378,0.06335246,0.62078273,70.57729,28.90422,7.176701,121.0828
2007.4559,0.33831996,0.1839396,0.04819781,0.061271437,0.6091179,70.28892,28.477585,7.1817784,102.41324
2007.429,0.31299162,0.17060144,0.03799005,0.052143157,0.5197959,69.227905,27.116047,7.1460543,80.24136
2007.4825,0.2889422,0.21208665,0.03643101,0.06001572,0.67622536,68.94913,26.851389,7.124372,85.86504
2007.7655,0.5850187,0.2751701,0.02624519,0.114352085,0.9577482,73.29139,35.275497,7.291432,702.7251
2007.4716,0.08290641,0.0731185,-0.0034020157,0.025927717,0.3379416,67.244865,25.268066,7.005653,98.46067
2007.4188,0.27272072,0.15053506,0.02916116,0.046381503,0.46523088,68.73348,26.584686,7.1143646,82.192535
2007.4387,0.2092079,0.12331434,0.018281614,0.039037723,0.41874722,68.227844,26.132853,7.0795135,86.59317
2007.3157,0.3489814,0.2477281,0.0412602,0.08327432,0.7753171,70.07985,28.158716,7.095722,177.64507
2007.4163,0.27846196,0.1534399,0.030139131,0.047213975,0.47074577,68.78173,26.629337,7.1170006,82.14652
2007.4711,0.33328947,0.19490801,0.08214453,0.07849629,0.7524623,71.57285,30.0289,7.2242002,158.2443
2008.7054,2.1468558,1.3608917,0.109142385,0.55528814,4.281654,81.365364,50.910126,7.319775,1678.8995
2007.4856,0.14624348,0.08733743,0.008389058,0.030379182,0.3838128,67.90813,25.861263,7.0645876,111.20528
2007.4906,0.47728512,0.34218007,0.08585127,0.124280185,1.1518494,72.76396,31.518532,7.228425,191.92017
2007.4425,0.31188798,0.17005774,0.04710973,0.066370904,0.6377021,70.99557,29.523039,7.1693363,148.16232
2007.4226,0.5472266,0.35303473,0.04815692,0.1276598,1.1021725,72.58596,32.653545,7.1831717,329.8963
2007.4835,0.18758638,0.100684054,0.015745161,0.03407277,0.41176957,68.27785,26.18926,7.0949306,112.58513
2007.4338,0.22797757,0.13077395,0.021504017,0.040985998,0.43075573,68.37393,26.26137,7.09049,84.829575
2007.4219,0.30445835,0.16640416,0.035770584,0.05093601,0.50542164,69.09552,26.964825,7.137002,80.94315
2007.6035,0.13004546,0.08376012,0.01968426,0.040703353,0.63258564,69.5365,27.494463,7.1384506,314.6984
2007.4427,0.19378279,0.11718396,0.015633406,0.037436604,0.40887848,68.107796,26.027237,7.070493,88.04254
2007.4117,0.28880632,0.15867372,0.031901203,0.048713885,0.4806823,68.86867,26.709787,7.12175,82.06363
2007.4481,0.3361718,0.18414222,0.045503985,0.058038287,0.57886624,69.84587,27.890862,7.1718946,85.45079
2007.4384,0.21040489,0.123790056,0.018487109,0.03916197,0.419513,68.23717,26.14105,7.0802135,86.480736
2007.4114,0.28978974,0.15917131,0.032068726,0.04885648,0.481627,68.87693,26.717436,7.1222014,82.05573
2007.1248,0.5549992,0.42133796,0.3446028,0.106743746,1.3119942,75.26518,36.080696,7.505724,197.41212
2007.4148,0.2819909,0.15522538,0.030740252,0.047725655,0.47413555,68.811386,26.656782,7.118621,82.118256
2007.451,0.3287067,0.17889081,0.04780208,0.0631261,0.6195139,70.54592,28.857813,7.1772532,119.05205
2007.4518,0.3300385,0.17959024,0.0478569,0.06286917,0.6180737,70.510315,28.80514,7.1778803,116.747
2007.4324,0.23354252,0.13298562,0.022459416,0.04156364,0.4343161,68.41724,26.299473,7.0937443,84.306656
2007.4136,0.28464353,0.15656753,0.03119211,0.048110288,0.47668365,68.83368,26.677414,7.1198387,82.09699
2007.5391,0.25485766,0.16356142,0.031046508,0.046460617,0.58263314,68.74379,26.611153,7.1448646,93.60647
2007.6624,0.68792933,0.4530251,0.10924367,0.17331254,1.4902806,74.41735,34.2477,7.3408837,300.4105
2007.4011,0.37440622,0.2817414,0.055970598,0.08908649,0.87167144,70.693016,29.00284,7.1402454,117.45561
2007.7751,0.5064231,0.2570646,0.027228767,0.100956954,0.91594595,72.40782,33.703747,7.2673073,609.7992
2007.4777,0.32589638,0.18241853,0.071988635,0.076216355,0.7116402,71.23227,29.464937,7.207936,148.6737
2007.421,0.26786625,0.1480789,0.02833424,0.04567762,0.46056777,68.69269,26.546932,7.1121354,82.23146
2007.4176,0.2756247,0.15200436,0.029655827,0.046802577,0.46802035,68.75789,26.607271,7.115698,82.16925
2007.4467,0.32011804,0.1743801,0.047448523,0.064783104,0.62880194,70.775536,29.19752,7.1732106,133.91757
2007.8257,1.0836056,0.58447206,0.023666909,0.22763854,1.8079782,77.29376,42.36011,7.2413707,1008.6513
2007.4371,0.32283685,0.17544402,0.040550742,0.05353589,0.53638005,69.380646,27.29052,7.156498,79.43167
2007.4064,0.3334766,0.19591165,0.042495567,0.06213104,0.6051814,69.68483,27.656954,7.1453614,103.17515
2007.5658,0.23679934,0.14077277,0.02824909,0.040605478,0.54589987,68.677376,26.536745,7.1534204,103.024086
2007.2618,0.63647306,0.6414393,0.3612155,0.168036,2.0183952,76.92203,38.786243,7.496807,282.3324
2007.4332,0.3282182,0.17638454,0.041863207,0.054822356,0.5426829,69.530876,27.472553,7.1603904,83.84215
2007.4122,0.28773615,0.15813227,0.031718913,0.048558712,0.47965437,68.85967,26.701466,7.1212587,82.07219
2007.4249,0.25885144,0.14351776,0.026798645,0.044370495,0.45190835,68.61693,26.476824,7.1079965,82.30372
2007.4355,0.32561296,0.17602003,0.041232456,0.0541716,0.53977853,69.45459,27.379814,7.1586027,81.448654
2007.435,0.32609364,0.17608729,0.04134883,0.054291666,0.54031444,69.468666,27.396925,7.1589327,81.89027
2007.4307,0.24018827,0.13562684,0.023600368,0.042253464,0.43856794,68.46896,26.344976,7.097631,83.68222
2007.437,0.32267085,0.17536238,0.040507566,0.053512406,0.53610045,69.37807,27.287579,7.1563215,79.44532
2007.5505,0.24008694,0.16162768,0.029237503,0.047908787,0.6172168,68.8406,26.74788,7.1408877,120.05846
2007.4473,0.36706945,0.2993248,0.18569534,0.08907274,1.0514973,73.309364,33.304657,7.373184,186.61047
2007.4132,0.2855602,0.15703131,0.03134825,0.0482432,0.47756413,68.841385,26.684542,7.12026,82.08964
2007.435,0.32615063,0.17609526,0.04136262,0.054305896,0.5403779,69.47034,27.398952,7.158972,81.942604
2007.4347,0.32654008,0.17614974,0.041456915,0.05440318,0.5408121,69.481735,27.412817,7.159239,82.30041
2007.4193,0.30139488,0.16489732,0.03497378,0.05050264,0.50026125,69.04799,26.910536,7.1337523,81.195076
2007.6604,0.3497138,0.18040034,0.042839374,0.08397416,0.76713276,72.65653,32.764317,7.214238,719.8509
2007.9601,1.6103483,1.180666,0.3649531,0.41379985,3.77498,79.51265,42.486767,7.4047837,767.2806
2007.4316,0.23644519,0.13413922,0.022957752,0.041864935,0.43617317,68.43983,26.319347,7.095442,84.03393
2007.5708,3.5755255,2.7483573,0.87179273,0.9674358,8.59213,81.19446,48.68656,7.3526955,912.1186
2007.3943,0.24696705,0.20273083,0.028890567,0.08170832,0.8847937,70.47445,28.670921,7.0847774,320.91885
2007.4124,0.28758147,0.158054,0.03169256,0.048536282,0.47950572,68.85837,26.700262,7.1211877,82.07345
2007.6277,0.1881116,0.08062012,0.02057665,0.026689334,0.46099278,68.60383,26.459219,7.17339,141.85474
2007.4514,0.32946432,0.17928869,0.047833264,0.06297994,0.61869466,70.525665,28.827848,7.17761,117.74078
2007.4495,0.19503507,0.115129344,0.016062146,0.037071913,0.41092616,68.157234,26.072987,7.0763273,92.28145
2007.4169,0.2984078,0.16342805,0.034196857,0.050080076,0.4952295,69.00165,26.8576,7.130584,81.44074
2007.4778,0.3270587,0.19277112,0.083709955,0.076603,0.7379919,71.317764,29.677431,7.2237215,147.45657
2007.4458,0.3184054,0.17348064,0.047378022,0.06511351,0.63065404,70.82133,29.265257,7.1724043,136.88179
2007.463,0.1157874,0.08618634,0.002243036,0.029340742,0.35897827,67.50077,25.493202,7.024882,95.37112
2007.4569,0.34027427,0.18496598,0.048278257,0.060894396,0.6070045,70.236664,28.400286,7.1826987,99.03069
2007.445,0.3166008,0.17253289,0.047303736,0.065461665,0.6326055,70.86957,29.336634,7.1715546,140.0052
2007.4341,0.31923807,0.1736739,0.03961472,0.053026795,0.53031796,69.324814,27.226744,7.1526804,79.72764
2007.466,0.377447,0.28804895,0.20524754,0.08057044,0.97892255,72.2507,31.812548,7.3846326,131.98961
2007.616,0.9532171,0.49071592,0.018572072,0.20215137,1.540306,76.19596,40.333866,7.259829,868.0014
2007.424,0.3136996,0.19763896,0.0380173,0.05878206,0.60117143,69.15376,27.01845,7.1300187,89.007545
2007.4443,0.2788564,0.16535568,0.031572253,0.048807513,0.5140689,68.76328,26.61458,7.1224723,77.355896
2007.4434,0.19137084,0.11622538,0.015219318,0.037186246,0.4073353,68.08903,26.010723,7.0690827,88.26919
2007.4274,0.25278762,0.14063418,0.025763446,0.04356127,0.44662878,68.56702,26.431244,7.1049986,82.49837
2007.4379,0.21227303,0.12453252,0.018807838,0.03935588,0.42070824,68.2517,26.153841,7.081306,86.30517
2007.4515,0.32961574,0.17936821,0.047839496,0.06295072,0.61853087,70.52162,28.82186,7.1776814,117.478714
2007.4119,0.2885427,0.15854034,0.0318563,0.048675656,0.48042905,68.86645,26.707737,7.1216288,82.06574
2007.4539,0.15103312,0.100194015,0.008294078,0.03299922,0.38152793,67.775085,25.73453,7.045493,92.059395
2007.1663,2.1349628,1.7124263,0.7313708,0.535844,5.4360714,80.54959,44.75396,7.423954,558.80804
2008.072,1.1918907,0.68106705,0.057002913,0.25647023,2.1161616,78.2701,43.297306,7.272474,1043.4081
2007.4783,0.36136955,0.24419558,0.05979893,0.08340307,0.8454943,71.43716,30.020712,7.189491,135.39679
2007.4272,0.334961,0.17732795,0.0434957,0.056506634,0.5501999,69.72831,27.712578,7.1650176,90.03689
2007.4286,0.24808751,0.13876623,0.024956526,0.0430734,0.44362175,68.53044,26.399063,7.10225,82.939995
2007.4153,0.280692,0.15456823,0.030519,0.047537327,0.47288793,68.800476,26.64668,7.1180243,82.12866
2007.4147,0.28230038,0.15538198,0.030792976,0.047770537,0.47443286,68.81399,26.65919,7.118763,82.11576
2007.436,0.32506227,0.17594297,0.041099124,0.05403404,0.5391646,69.43847,27.36021,7.1582246,80.9427
2007.4338,0.318847,0.17348154,0.039513003,0.052971475,0.5296592,69.31874,27.219814,7.1522655,79.75981
2007.5653,0.44114032,0.2828674,0.026383081,0.09745258,0.9477169,70.77441,30.529829,7.173023,306.97452
2007.4535,0.30379942,0.18892545,0.036912054,0.054324664,0.5781507,68.97189,26.815937,7.1365356,75.45629
2007.4607,0.25717714,0.1512554,0.028028654,0.044815615,0.4898191,68.60025,26.459639,7.1174393,79.43406
2007.4238,0.30687067,0.16759072,0.03639802,0.051277265,0.5094852,69.13294,27.007576,7.139561,80.74476
2007.478,0.33072326,0.22541022,0.1206643,0.077821985,0.82107216,71.58732,30.347374,7.2734904,143.61926
2007.3739,0.28347155,0.2288744,0.030514354,0.090578854,0.9350576,70.74277,29.144823,7.083961,334.74088
2007.4163,0.278551,0.15348497,0.030154305,0.047226887,0.4708313,68.78248,26.630032,7.1170416,82.14583
2007.4246,0.31960556,0.18897587,0.039307576,0.0570726,0.5746629,69.27868,27.163925,7.1407967,86.57667
2007.4595,0.31786588,0.17177853,0.05460197,0.071107365,0.6638227,71.0882,29.426455,7.1817465,149.59904
2007.4539,0.15102626,0.10019129,0.0082929,0.03299851,0.38152352,67.77503,25.734484,7.0454893,92.06004
2007.431,0.33063954,0.1767233,0.042449433,0.05542718,0.54538226,69.601776,27.558746,7.162052,86.066666
2007.4514,0.32941425,0.17926238,0.047831204,0.0629896,0.6187488,70.52701,28.82983,7.1775866,117.82746
2007.4386,0.2818663,0.16506326,0.031873327,0.049005903,0.51030636,68.79195,26.64075,7.1230345,78.07353
2007.4368,0.3242371,0.17582753,0.04089934,0.05382792,0.5382447,69.41431,27.330837,7.1576586,80.18463
2007.4343,0.22577202,0.1298974,0.021125363,0.040757068,0.42934462,68.356766,26.24627,7.0892,85.03683
2007.4296,0.6539732,0.35260898,0.025329238,0.14270237,1.1237401,73.261185,34.58754,7.202014,535.08386
2007.4457,0.18226185,0.1126052,0.013655474,0.03624074,0.40150753,68.018135,25.948355,7.0637555,89.12509
2007.4432,0.20792386,0.12130897,0.01818637,0.038614675,0.41865584,68.241104,26.145838,7.0817513,89.26576
2007.4988,0.1912827,0.09631001,0.016869081,0.03332397,0.41698802,68.39747,26.299671,7.1087728,122.21138
2008.6172,4.9637165,3.5106394,0.7316376,1.4245276,11.221753,83.2935,55.656048,7.3181033,1886.3854
2007.6581,0.6335635,0.43681693,0.16037378,0.168395,1.5234121,74.95819,34.235683,7.4079027,260.70258
2007.4341,0.32729933,0.17625597,0.041640732,0.05459283,0.5416585,69.50397,27.439844,7.15976,82.99795
2007.4272,0.33484164,0.17731124,0.0434668,0.05647681,0.5500668,69.724815,27.708328,7.1649356,89.9272
2007.4326,0.32883066,0.17647023,0.04201149,0.054975342,0.54336566,69.548805,27.494354,7.160811,84.40482
2007.4382,0.2110585,0.12404982,0.018599322,0.039229814,0.41993117,68.24225,26.145525,7.080596,86.41931
2007.5109,0.27117166,0.19091862,0.03376787,0.054277755,0.64200795,68.865036,26.758442,7.1326876,92.69614
2007.4298,0.24338838,0.13689864,0.024149766,0.042585637,0.44061533,68.493866,26.366888,7.099502,83.38153
2007.4551,0.33649477,0.18298101,0.048122674,0.06162357,0.61109173,70.33771,28.549776,7.1809196,105.57233
2007.4554,0.30082977,0.18510725,0.036321823,0.053125776,0.5668225,68.9319,26.772337,7.13646,73.65177
2007.4465,0.20307735,0.11862102,0.01741811,0.03796396,0.41592717,68.215225,26.123749,7.08044,91.02146
2007.4221,0.30481604,0.1665801,0.035863616,0.05098661,0.5060242,69.10107,26.971163,7.1373816,80.91372
2007.4811,0.40928966,0.29945347,0.15709473,0.10766477,1.1197358,73.899155,33.289257,7.347075,211.10953
2007.4293,0.24510579,0.1375812,0.024444615,0.0427639,0.44171408,68.50723,26.378647,7.1005063,83.22017
2007.4281,0.24987093,0.139475,0.0252627,0.04325852,0.44476274,68.54432,26.411274,7.103293,82.77243
2007.4429,0.31139317,0.16973488,0.047411125,0.0667279,0.63968414,71.020004,29.54882,7.1695294,149.54195
2007.5402,0.24454667,0.13819991,0.02833656,0.039355416,0.5039257,68.59047,26.42753,7.14849,86.19031
2007.4248,0.32486266,0.18562165,0.040719822,0.05708097,0.5681973,69.43262,27.351667,7.1484604,88.250275
2007.4507,0.163271,0.10504908,0.010395819,0.034267835,0.38936174,67.87046,25.818449,7.052667,90.924194
2007.472,0.2143937,0.11295193,0.020212328,0.03716815,0.42813227,68.46139,26.349304,7.107381,107.31154
2007.4292,0.34013772,0.18048227,0.04521272,0.058114514,0.56378466,69.88686,27.91571,7.169903,91.85282
2007.4279,0.31800658,0.18722443,0.038972545,0.05618579,0.56827587,69.231865,27.107233,7.1412144,83.92869
2007.418,0.299685,0.16405629,0.03452906,0.050260756,0.497381,69.02146,26.880234,7.1319385,81.33572
2007.441,0.20020872,0.119737804,0.016736617,0.038103614,0.41298965,68.15781,26.071236,7.0742507,87.43875
2007.4506,0.3278308,0.17843077,0.04776602,0.06329509,0.62046117,70.56934,28.892458,7.1768413,120.56814
2007.4326,0.3288422,0.17647184,0.04201428,0.05497822,0.54337853,69.54915,27.494766,7.1608186,84.4154
2007.4767,0.18343742,0.10184557,0.014797499,0.03418682,0.40774256,68.20185,26.119919,7.086886,108.17779
2007.5203,0.38551494,0.23019037,0.0886963,0.10177272,0.9200817,72.39421,30.447943,7.2464037,175.1659
2007.4338,0.32750955,0.17628539,0.04169163,0.05464534,0.5418929,69.510124,27.447327,7.159904,83.19106
2007.4326,0.31741285,0.1727761,0.039139986,0.05276859,0.5272434,69.29649,27.194399,7.150744,79.877754
2007.434,0.22737055,0.1305327,0.021399802,0.040922992,0.43036738,68.3692,26.257214,7.090135,84.88658
2007.321,0.3371594,0.23594189,0.04072989,0.079365954,0.74660593,69.97621,27.97344,7.0974174,170.54768
2007.446,0.18083918,0.11203978,0.0134112295,0.03609307,0.40059733,68.00706,25.938612,7.0629234,89.25877
2007.4158,0.27980164,0.15411773,0.030367339,0.04740823,0.47203267,68.79299,26.639757,7.1176157,82.13579
2007.5355,0.25492334,0.1693087,0.031219138,0.048596762,0.60468006,68.79527,26.67842,7.1411123,99.92924
2007.4812,0.744886,0.37662765,0.018662168,0.15959014,1.2239474,74.27697,36.671642,7.24082,658.15015
2007.4279,0.311672,0.16995235,0.03764682,0.051956475,0.517573,69.20743,27.09266,7.1446543,80.3499
2007.4406,0.20217751,0.120520264,0.017074624,0.038307972,0.41424927,68.173134,26.084717,7.0754023,87.25378
2007.4319,0.32966048,0.17658633,0.042212393,0.05518262,0.5442908,69.573105,27.523893,7.1613803,85.167175
2007.4275,0.2523384,0.14045565,0.025686322,0.04351464,0.44634143,68.56352,26.42817,7.1047363,82.540565
2007.4326,0.23250888,0.13257481,0.022281958,0.041456353,0.43365476,68.409195,26.292397,7.0931396,84.40381
2007.4407,0.2017755,0.120360486,0.017005606,0.038266245,0.41399208,68.170006,26.081964,7.075167,87.291565
2007.4459,0.3186256,0.17359628,0.04738709,0.06507103,0.63041586,70.81544,29.256548,7.172508,136.50069
2007.4315,0.3393405,0.18095507,0.045142896,0.058000706,0.5649304,69.866844,27.894053,7.1697392,90.4746
2008.7172,1.6717776,0.99750644,-0.004082984,0.38180688,2.875673,80.03542,50.01131,7.2453017,1754.3217
2007.4335,0.32786497,0.17633511,0.041777685,0.054734122,0.5422891,69.52053,27.45998,7.160148,83.51762
2007.4565,0.33948964,0.1845539,0.04824596,0.061045773,0.607853,70.257645,28.43132,7.182329,100.388725
2007.5212,0.26995078,0.17546704,0.03317978,0.048688162,0.5857086,68.734695,26.588882,7.142405,77.72097
2007.438,0.21169722,0.124303676,0.018708983,0.039296113,0.42033985,68.24722,26.149899,7.0809693,86.35927
2007.4619,0.1201926,0.087937094,0.0029993257,0.029797992,0.36179665,67.53506,25.523365,7.0274577,94.95722
2007.4218,0.3042789,0.1663159,0.03572391,0.050910626,0.5051194,69.092735,26.961645,7.1368117,80.9579
2007.478,0.3311022,0.22878504,0.12448532,0.07794803,0.82966256,71.61519,30.416643,7.2786365,143.22247
2007.4346,0.22506605,0.12961683,0.02100416,0.04068379,0.428893,68.351265,26.241434,7.0887876,85.10313
2007.4539,0.15844047,0.10242214,0.009625716,0.033629376,0.38661656,67.843864,25.795673,7.0512557,92.58508
2007.4337,0.31227666,0.1789419,0.03772698,0.053201947,0.541198,69.11614,26.97176,7.141966,77.70268
2007.4279,0.25095603,0.13990626,0.025448991,0.043371152,0.44545698,68.552765,26.418703,7.1039276,82.67046
2007.4167,0.27760014,0.15300386,0.029992333,0.047089014,0.46991792,68.77449,26.622635,7.116605,82.15344
2007.412,0.28821895,0.15837654,0.031801153,0.048628718,0.4801181,68.86373,26.70522,7.1214805,82.06832
2007.4441,0.31190196,0.16989551,0.047976356,0.067072146,0.64158154,71.02537,29.539202,7.17049,149.54645
2008.0691,1.1579174,0.6708994,0.07528381,0.25499368,2.1085362,78.05271,42.315395,7.307698,950.7708
2007.446,0.18085852,0.112047486,0.013414545,0.03609508,0.40060973,68.00721,25.938745,7.062935,89.25694
2006.7634,0.7181813,0.496921,0.43377104,0.13938504,1.592938,76.197044,37.659294,7.5662518,183.7323
2007.4607,0.31833848,0.17192774,0.05512699,0.07142713,0.66558516,71.093185,29.417519,7.1826386,149.60321
2007.4865,0.25188878,0.1453538,0.027873041,0.042671356,0.49046987,68.5909,26.442814,7.127364,82.15675
2007.9055,0.8244819,0.32942653,0.04445253,0.15507445,1.0809008,77.242,41.29164,7.30764,1310.7283
2007.5416,0.23071286,0.12097833,0.025595317,0.036036074,0.47253844,68.570366,26.412863,7.147351,98.4423
2007.4287,0.33327994,0.17709275,0.043088697,0.05608672,0.5483258,69.679085,27.652737,7.163864,88.492455
2007.4117,0.28897616,0.15875964,0.031930134,0.048738506,0.48084542,68.870094,26.71111,7.121828,82.06227
2007.4711,0.21349534,0.11298977,0.020025028,0.037151434,0.42736468,68.44826,26.337402,7.106066,106.72192
2007.4181,0.29989487,0.16415952,0.034583643,0.050290447,0.49773452,69.02472,26.883953,7.132161,81.31846
2007.4778,0.3279846,0.20101762,0.09304674,0.07691098,0.7589828,71.38587,29.846697,7.236296,146.48705
2007.4375,0.21360426,0.12506157,0.019036384,0.03949406,0.4215599,68.26206,26.162956,7.0820847,86.1801
2007.4283,0.24882847,0.1390607,0.02508373,0.043150313,0.4440958,68.53621,26.404137,7.1026835,82.870384
2007.4194,0.39526293,0.3263115,0.19951232,0.09769788,1.1581239,74.52956,35.15063,7.4026594,229.80495
2007.5841,0.20934519,0.1416298,0.025014373,0.04495908,0.62740034,68.89758,26.843527,7.143104,157.18562
2007.4325,0.32898322,0.17649157,0.042048417,0.055013444,0.54353577,69.553276,27.499784,7.1609154,84.54495
2007.4371,0.21494912,0.12559606,0.019267274,0.039633658,0.42242032,68.27253,26.172163,7.082871,86.053734
2007.4209,0.33309653,0.18376714,0.042815834,0.058178492,0.568315,69.67371,27.645214,7.157093,93.494644
2007.4542,0.34148368,0.18507376,0.047962278,0.06032563,0.60051274,70.16209,28.293882,7.181746,96.05117
2007.4357,0.3211093,0.17459428,0.040101413,0.053291503,0.53347,69.35384,27.259905,7.1546655,79.57377
2007.4648,0.29315856,0.22182618,0.037048362,0.06438311,0.71078867,69.09587,27.025883,7.1172824,100.28637
2007.4559,0.3381467,0.18384859,0.048190676,0.06130487,0.6093053,70.29355,28.484438,7.181697,102.713165
2007.4244,0.32556838,0.1854514,0.040899854,0.057171434,0.56817335,69.45328,27.37683,7.149212,88.69105
2007.4318,0.32986045,0.1766143,0.042260803,0.055232566,0.5445137,69.57896,27.531012,7.1615176,85.3509
2007.5033,0.38951752,0.2534234,0.08136008,0.10047386,0.9468744,72.23866,30.520008,7.227851,164.27919
2007.4586,0.34170002,0.1904624,0.048475888,0.061593734,0.61783123,70.18026,28.32772,7.1809483,95.108475
2007.4364,0.21791913,0.12677644,0.01977717,0.039941944,0.42432052,68.29565,26.1925,7.084608,85.77466
2007.5635,0.6886368,0.42940292,0.06933637,0.16319366,1.380259,74.43921,35.470043,7.2813773,410.07172
2007.4777,0.32620728,0.18518764,0.07512385,0.07631978,0.7186887,71.25514,29.521774,7.212158,148.34816
2007.598,0.17502834,0.117320806,0.019780153,0.04477229,0.65641856,69.20319,27.225521,7.140646,229.62125
2007.4305,0.31496552,0.17157234,0.038503446,0.052422386,0.5231208,69.25853,27.151028,7.148148,80.079025
2008.0907,0.447131,0.18337892,0.059352342,0.08054662,0.70850176,74.2337,35.85165,7.2814245,1117.0724
2007.4801,0.3413676,0.2827134,0.18649963,0.07995263,0.96645886,72.07219,31.551348,7.3631206,136.76788
2007.4515,0.3297005,0.17941272,0.047842987,0.06293438,0.61843926,70.519356,28.818508,7.177721,117.33202
2007.4438,0.31458107,0.17147213,0.04722059,0.06585134,0.6347897,70.92357,29.416521,7.170604,143.50105
2007.4163,0.2977193,0.16308941,0.03401779,0.049982682,0.49406978,68.99097,26.845398,7.1298532,81.497375
2007.4113,0.28982776,0.15919054,0.0320752,0.04886199,0.4816635,68.87725,26.717731,7.122219,82.05544
2007.4371,0.32293037,0.17549002,0.04057506,0.05354912,0.5365376,69.382095,27.292177,7.156597,79.42398
2007.4918,0.28759417,0.19828857,0.035870682,0.055100136,0.6269349,68.8373,26.70571,7.1328964,73.31982
2007.4513,0.33147752,0.18150397,0.046743743,0.060811892,0.6023374,70.22471,28.418001,7.1747813,103.37129
2007.872,0.10920079,0.095056094,0.09201825,0.050624907,0.58929515,73.57844,31.63132,7.0351424,1204.375
2007.4435,0.3139215,0.17112572,0.04719344,0.06597858,0.635503,70.9412,29.442608,7.1702933,144.64264
2007.4604,0.28583765,0.17688313,0.033693574,0.0508682,0.55008036,68.8071,26.656712,7.1292877,74.03293
2007.435,0.32609314,0.17608722,0.041348703,0.054291535,0.54031384,69.46865,27.396906,7.158932,81.88978
2007.4846,0.20382188,0.098789446,0.015775604,0.029841961,0.4460341,68.59592,26.539858,7.134294,126.399506
2007.4789,0.17710347,0.099157564,0.013724374,0.033496268,0.4037736,68.15521,26.079037,7.0835233,109.06433
2007.4191,0.272092,0.15021695,0.029054062,0.046290345,0.46462694,68.728195,26.579798,7.1140757,82.19761
2007.4445,0.31585303,0.17214015,0.047272954,0.06560593,0.6334142,70.889565,29.36621,7.1712027,141.29948
2007.4323,0.37946755,0.2900522,0.1662577,0.0927946,1.0481542,73.76543,33.80438,7.35281,212.46413
2007.4194,0.30156597,0.1649815,0.035018295,0.050526846,0.5005495,69.050644,26.913568,7.1339335,81.181015
2007.4214,0.26698604,0.14763355,0.028184304,0.04554999,0.45972225,68.68529,26.540087,7.1117315,82.2385
2007.4546,0.1480649,0.099014364,0.0077844947,0.03269112,0.37962893,67.75198,25.714207,7.0437574,92.33828
2007.4783,0.33384228,0.2531902,0.1521171,0.0788595,0.891784,71.81674,30.917578,7.3158503,140.35321
2007.4242,0.26050812,0.14435598,0.027080843,0.044610705,0.4534997,68.630844,26.489708,7.108757,82.29042
2007.4324,0.2332918,0.13288598,0.022416374,0.041537616,0.4341557,68.41529,26.297756,7.093598,84.33024
2007.4777,0.32571477,0.18080093,0.07015717,0.07615594,0.7075227,71.21891,29.431734,7.205469,148.86389
2007.4214,0.3039145,0.16613665,0.035629123,0.05085907,0.5045055,69.08708,26.955187,7.136425,80.98788
2007.4545,0.4067374,0.29238045,0.22046766,0.081072,0.98904073,72.39562,32.0246,7.4020967,128.11047
2007.4395,0.2063581,0.12218174,0.017792357,0.038741916,0.4169239,68.205666,26.11334,7.077847,86.86097
2007.4325,0.23289731,0.1327292,0.022348644,0.041496664,0.4339033,68.41222,26.295055,7.093367,84.367294
2007.4131,0.28587535,0.15719076,0.031401936,0.048288893,0.47786686,68.84403,26.686993,7.1204042,82.08711
2007.4254,0.25796023,0.14306685,0.026646836,0.04424127,0.45105228,68.609436,26.469893,7.1075873,82.31085
2007.4902,0.56923735,0.38531062,0.06339798,0.13686095,1.2182583,73.25731,33.446003,7.221133,297.15118
2007.4186,0.3004583,0.16443665,0.034730192,0.050370153,0.4986836,69.03346,26.893938,7.1327586,81.272095
2007.4114,0.28958562,0.159068,0.032033954,0.048826877,0.48143086,68.87521,26.715849,7.122108,82.05737
2007.4186,0.27330354,0.15082996,0.029260444,0.046466015,0.46579072,68.73838,26.58922,7.114632,82.18788
2007.4261,0.30956382,0.16891539,0.03709849,0.051658243,0.51402175,69.17472,27.055302,7.142418,80.52327
2007.4125,0.29311976,0.16082704,0.032821473,0.04933202,0.48632193,68.91961,26.763887,7.1249743,81.87564
2007.4307,0.3150325,0.17160529,0.038520873,0.052431867,0.5232337,69.25957,27.152216,7.148219,80.073524
2007.4366,0.21715221,0.12647164,0.019645503,0.03986234,0.42382982,68.28968,26.187248,7.0841594,85.84675
2007.4576,0.34155104,0.18563654,0.048330817,0.060648076,0.6056238,70.20253,28.349787,7.1832995,96.82083
2007.4274,0.25247195,0.14050871,0.025709247,0.043528505,0.4464268,68.56456,26.429083,7.104814,82.52805
2007.4388,0.20852785,0.123044066,0.01816486,0.038967136,0.4183121,68.22256,26.128197,7.079116,86.65708
2007.4781,0.33181354,0.23512103,0.131659,0.078184664,0.84579027,71.66752,30.546696,7.2882977,142.47758
2007.4523,0.33105364,0.18012339,0.04789869,0.062673315,0.6169759,70.48318,28.764986,7.178358,114.98995
2008.3196,1.2460517,0.6594235,0.0096135605,0.26851892,1.915434,78.72863,45.6413,7.2460485,1613.0283
2007.441,0.20037235,0.11980284,0.016764713,0.0381206,0.41309437,68.15908,26.072357,7.0743465,87.42338
2007.4331,0.2306033,0.13181749,0.021954807,0.04125855,0.43243563,68.39436,26.279348,7.0920253,84.58284
2007.4313,0.33041766,0.17669226,0.042395715,0.055371754,0.5451349,69.595276,27.550848,7.1618996,85.862816
2007.4777,0.3266647,0.18926157,0.0797364,0.076471925,0.7290586,71.28878,29.605396,7.21837,147.86919
2007.4266,0.25513875,0.1416393,0.026166221,0.04383216,0.44834206,68.585724,26.447948,7.106292,82.33346
2007.8896,0.42203352,0.17460625,0.0492577,0.08307391,0.7105426,73.710075,34.99928,7.2876315,942.5621
2007.4368,0.3224801,0.17526855,0.04045795,0.053485423,0.53577906,69.37511,27.284197,7.1561193,79.46102
2007.4924,0.27652326,0.20957093,0.03488098,0.060930453,0.7020535,69.02446,26.958105,7.1215653,107.36034
2007.4811,0.15021802,0.09019057,0.0089647565,0.03103857,0.38573363,67.91925,25.869928,7.0643663,108.65798
2007.4348,0.32013828,0.17411667,0.039848853,0.05315414,0.5318343,69.338776,27.242697,7.153635,79.65362
2007.4567,0.20306218,0.11499525,0.017718641,0.03726082,0.41768524,68.27139,26.176365,7.087667,97.20147
2007.9059,0.9585611,0.57699776,0.11813961,0.22936526,1.8924203,76.744446,38.416378,7.4078097,585.6392
2007.4465,0.34107187,0.18366899,0.047121044,0.059649136,0.5892757,70.07788,28.17818,7.1781225,94.76667
2007.4541,0.1500577,0.09980636,0.008126615,0.03289797,0.3809039,67.767494,25.727852,7.044923,92.151024
2007.4274,0.31112677,0.16968419,0.037505012,0.051879346,0.51665455,69.198975,27.083,7.144076,80.39472
2007.43,0.24229673,0.13646479,0.02396235,0.04247232,0.4399169,68.485374,26.359413,7.0988636,83.4841
2007.4443,0.33536214,0.18347895,0.044874758,0.057494376,0.5718275,69.77432,27.796392,7.1692743,83.654
2007.4678,0.2957996,0.20451728,0.036754455,0.05845518,0.64238,68.98118,26.864252,7.1280966,83.70861
2007.4355,0.30656263,0.21455017,0.037974227,0.063492365,0.6694564,69.18277,27.089659,7.120672,98.91601
2007.4429,0.34087256,0.18298902,0.046713855,0.059321683,0.58383656,70.037125,28.122175,7.1763687,94.144936
2007.4287,0.2475011,0.13853316,0.024855847,0.043012533,0.44324657,68.52588,26.395048,7.1019073,82.9951
2007.4618,0.48132443,0.351012,0.07072547,0.12074219,1.1256517,72.531525,31.75811,7.1989045,201.41893
2007.4287,0.24748898,0.13852835,0.02485376,0.043011274,0.44323882,68.52578,26.394964,7.1019,82.99624
2007.3088,0.4742289,0.4737933,0.313802,0.11282887,1.5043839,76.14,38.313156,7.540431,247.10469
2007.5208,0.24789318,0.18378386,0.030602572,0.056671817,0.6914832,69.0913,27.052742,7.12645,143.9384
2007.4597,0.50315547,0.36331567,0.06413853,0.12332302,1.1397883,72.60169,32.203762,7.193826,223.66602
2007.4425,0.31197426,0.17010306,0.047113284,0.06635426,0.6376088,70.99326,29.519627,7.169377,148.01297
2007.4491,0.32478842,0.17683294,0.04764078,0.063882045,0.6237512,70.65068,29.012793,7.175409,125.83392
2007.435,0.22314775,0.12885444,0.02067483,0.04048467,0.4276657,68.33634,26.2283,7.0876656,85.28336
2007.1661,0.5872391,0.5682241,0.38855422,0.13459685,1.7970628,76.793755,39.557568,7.577242,236.96684
2007.4468,0.32028595,0.17446828,0.047455437,0.0647507,0.6286204,70.77105,29.190878,7.1732893,133.62692
2007.4421,0.360903,0.26211113,0.034417275,0.087467365,0.8703729,70.19199,28.868351,7.1209073,224.51436
2007.3932,0.32643205,0.21140635,0.040228073,0.06562927,0.6469989,69.47855,27.403748,7.1241817,109.421646
2007.4131,0.2857976,0.15715143,0.031388696,0.048277628,0.47779223,68.843376,26.686388,7.1203685,82.08774
2007.4296,0.24400438,0.13714348,0.024255527,0.042649575,0.44100946,68.498665,26.371105,7.0998626,83.32365
2007.4985,0.229301,0.11857567,0.02382086,0.037476648,0.45093396,68.58433,26.446032,7.1293597,104.646286
2007.447,0.17741781,0.11068005,0.012823841,0.035737935,0.3984084,67.98043,25.915186,7.0609226,89.58024
2007.4706,0.20482503,0.11054569,0.018452602,0.036445614,0.4213283,68.3652,26.263447,7.0989933,105.82671
2007.4146,0.2825473,0.15550691,0.030835034,0.047806337,0.47467002,68.81606,26.66111,7.1188765,82.11379
2007.4248,0.25919026,0.14368919,0.026856361,0.04441962,0.4522338,68.619774,26.479458,7.108152,82.30099
2007.4113,0.29165417,0.16010615,0.032440275,0.049124688,0.48385313,68.89687,26.737915,7.1234193,81.99616
2007.4271,0.25348264,0.1409104,0.025882768,0.043633413,0.44707346,68.572426,26.436003,7.1054053,82.43308
2007.4327,0.23188941,0.13232863,0.022175604,0.04139205,0.43325847,68.40437,26.288155,7.0927777,84.46199
2007.4304,0.24107729,0.13598014,0.023752993,0.042345747,0.43913668,68.47588,26.351065,7.0981507,83.5987
2007.3457,0.15197009,0.14349596,0.046080165,0.07203496,0.75625354,71.33453,29.047152,7.0678678,516.7617
2007.4781,0.33273193,0.24330075,0.14092018,0.078490146,0.8666111,71.73507,30.71459,7.3007703,141.51591
2007.4177,0.27540314,0.15189226,0.029618086,0.04677045,0.46780753,68.75603,26.605549,7.1155963,82.17103
2007.6995,0.13530742,0.038267843,0.013260366,0.01724591,0.43838045,68.535446,26.421015,7.1847057,184.6527
2007.4276,0.33455354,0.17727093,0.043397047,0.05640485,0.5497456,69.71638,27.698072,7.164738,89.66254
2007.4337,0.32771096,0.17631356,0.041740395,0.054695647,0.5421174,69.51602,27.454496,7.1600423,83.37611
2007.4508,0.16259484,0.10478897,0.010279009,0.034199316,0.3889249,67.86507,25.813694,7.052254,90.97303
2007.3372,0.3297594,0.23871256,0.04016822,0.079515286,0.76541215,69.92527,27.933031,7.096165,170.96646
2007.4543,0.33515963,0.18227981,0.04806771,0.06188116,0.6125356,70.373405,28.602585,7.1802907,107.88325
2007.4258,0.3091568,0.16871521,0.036992636,0.051600672,0.5133362,69.16841,27.04809,7.141986,80.55675
2007.7616,0.5421222,0.28248733,0.022016535,0.107315645,0.97650796,72.21971,33.64274,7.2649364,547.7402
2007.823,0.42944393,0.18404977,0.043375704,0.086379305,0.73956215,73.40261,34.634735,7.2885423,851.18036
2007.4783,0.33471364,0.26095116,0.16090417,0.07914935,0.9115389,71.88084,31.076878,7.327684,139.44078
2007.4279,0.31170997,0.16997103,0.0376567,0.051961847,0.51763695,69.20802,27.093334,7.1446943,80.34676
2007.4374,0.32358733,0.1757366,0.04074202,0.053665612,0.5375203,69.39528,27.307707,7.1572123,79.58766
2007.4543,0.14932847,0.09951652,0.008001419,0.032822277,0.3804373,67.76182,25.722858,7.0444965,92.219536
2007.4519,0.33035865,0.17975838,0.04787008,0.062807396,0.61772746,70.501755,28.792475,7.178031,116.19284
2007.4454,0.34100986,0.18345745,0.046994366,0.059547264,0.58758354,70.0652,28.160757,7.177577,94.57326
2007.8419,0.8923608,0.54351914,0.12804973,0.21971689,1.8091592,76.30783,37.246593,7.4339046,476.3613
2007.4363,0.32474527,0.17589863,0.04102238,0.05395486,0.53881127,69.429184,27.348927,7.158007,80.65151
2007.4177,0.29941076,0.1639214,0.034457736,0.050221965,0.49691904,69.01721,26.875374,7.1316476,81.35827
2007.4338,0.31893846,0.17352653,0.039536797,0.052984413,0.5298133,69.32016,27.221436,7.1523623,79.75228
2006.7197,1.048264,0.9748039,0.6067869,0.2535525,3.133194,78.42077,42.725834,7.5293784,285.55145
2008.1359,1.6731374,1.1353279,0.30212888,0.43553978,3.7342906,80.15165,42.960476,7.371092,965.1791
2007.4236,0.26197454,0.14509794,0.027330639,0.04482334,0.45490837,68.64317,26.501112,7.1094303,82.278656
2007.4338,0.22779953,0.13070318,0.02147345,0.040967524,0.4306418,68.37254,26.26015,7.090386,84.84628
2007.4132,0.28553554,0.15701884,0.031344056,0.04823963,0.4775405,68.84118,26.684351,7.1202483,82.08984
2007.4312,0.33049822,0.17670354,0.04241522,0.055391878,0.5452247,69.59763,27.553715,7.161955,85.93684
2007.4564,0.34159938,0.18546842,0.048198618,0.060515687,0.6036697,70.18574,28.326387,7.182764,96.41205
2007.4326,0.32893816,0.17648527,0.042037513,0.05500219,0.5434855,69.551956,27.49818,7.1608844,84.50358
2007.4219,0.30449432,0.16642185,0.035779938,0.0509411,0.5054822,69.09608,26.965462,7.13704,80.94019
2007.4337,0.34038323,0.18131985,0.045714293,0.058517862,0.5704846,69.93707,27.984695,7.1720634,92.61868
2007.6395,0.46480072,0.2723879,0.022817215,0.10273978,0.98066777,71.593124,32.048786,7.205467,449.96024
2007.4958,0.18963422,0.09689187,0.016482482,0.033392604,0.41532925,68.3654,26.270369,7.1053357,120.254814
2007.4783,0.33394673,0.2541208,0.15317073,0.07889424,0.8941527,71.824425,30.93668,7.317269,140.2438
2006.922,0.7412195,0.4030583,0.4130883,0.11108948,1.2504828,74.13656,34.221256,7.535399,100.017395
2007.5482,0.23743145,0.16816874,0.029109845,0.050741095,0.65008414,68.92033,26.853937,7.135647,132.54507
2007.4338,0.32749143,0.17628285,0.04168725,0.05464082,0.5418727,69.5096,27.446682,7.1598916,83.17445
2007.4307,0.24010159,0.13559239,0.023585485,0.042244468,0.43851244,68.468285,26.344383,7.09758,83.69039
2007.4302,0.31445822,0.17132282,0.038371503,0.05235062,0.5222663,69.250656,27.142038,7.1476097,80.12076
2007.419,0.27259886,0.15047342,0.029140403,0.046363838,0.4651138,68.73246,26.58374,7.1143084,82.193535
2007.4288,0.31944305,0.18552595,0.039385095,0.055938598,0.5641524,69.273926,27.158648,7.1440845,83.78249
2008.4473,2.5147579,1.6886764,0.33516437,0.69472665,5.560085,81.7164,48.107113,7.364552,1397.257
2007.4246,0.25980294,0.14399919,0.026960721,0.044508457,0.45282233,68.62492,26.484222,7.1084332,82.29609
2007.457,0.29130995,0.17921947,0.03457532,0.051604964,0.55375195,68.85389,26.699928,7.131605,74.165764
2007.43,0.24213706,0.13640136,0.023934944,0.04245575,0.43981475,68.48413,26.35832,7.0987706,83.49911
2007.4291,0.24621496,0.13802202,0.024635037,0.042879034,0.4424237,68.51587,26.386242,7.1011553,83.11596
2007.415,0.296263,0.1623731,0.03363901,0.04977667,0.49161664,68.968376,26.819592,7.1283083,81.61715
2007.7327,2.0846457,1.5725083,0.52941036,0.5346186,5.0040684,80.64308,45.228256,7.3837385,810.1862
2007.4542,0.32741114,0.18261419,0.054994836,0.07382444,0.69851434,71.37317,29.866337,7.1845427,158.13237
2007.4467,0.3066126,0.18745054,0.037097722,0.05424146,0.5702326,68.9963,26.836483,7.137076,75.95486
2007.3623,0.3379677,0.22841845,0.04183184,0.07213287,0.6918958,69.66555,27.620195,7.113919,122.160645
2007.4258,0.30912083,0.16869752,0.036983274,0.05159558,0.51327556,69.167854,27.047451,7.1419477,80.55971
2007.416,0.279141,0.15378346,0.030254802,0.047312435,0.47139803,68.78744,26.634619,7.1173124,82.141106
2007.5343,0.23964603,0.1310168,0.027071884,0.03792721,0.48383263,68.5611,26.398623,7.145575,88.29551
2007.4569,0.34012884,0.1848896,0.04827227,0.060922455,0.60716176,70.240555,28.406038,7.18263,99.28239
2007.5304,0.25897545,0.17304221,0.03180727,0.049395345,0.6075838,68.79769,26.678793,7.140099,96.26721
2007.4723,0.34007192,0.26038405,0.15665565,0.08076944,0.9182689,72.09104,31.343634,7.3243036,149.49814
2007.4777,0.3259018,0.18246676,0.072043255,0.07621816,0.71176296,71.232666,29.465927,7.2080092,148.66805
2007.4247,0.30782303,0.16805917,0.036645725,0.05141199,0.51108944,69.14772,27.024452,7.140571,80.66643
2007.4127,0.2934646,0.16099665,0.03291116,0.049380798,0.48690277,68.92496,26.769999,7.12534,81.84728
2007.4917,0.2882815,0.19419809,0.035794828,0.053805437,0.6113488,68.81751,26.675797,7.1352873,70.276855
2007.4319,0.23540525,0.13372593,0.022779213,0.04175699,0.43550783,68.43174,26.312227,7.094834,84.13165
2007.4546,0.3357337,0.18258132,0.048091345,0.0617704,0.61191475,70.358055,28.579878,7.180561,106.88957
2007.4146,0.28248113,0.15547344,0.030823762,0.047796745,0.47460648,68.815506,26.660595,7.118846,82.11432
2007.4346,0.32663277,0.17616272,0.041479357,0.05442633,0.5409154,69.48445,27.416117,7.159302,82.38557
2007.4429,0.31270212,0.17048532,0.047143243,0.06621384,0.6368217,70.9738,29.490839,7.1697197,146.7532
2007.4458,0.18189338,0.112458766,0.013592215,0.036202494,0.4012718,68.01527,25.945831,7.06354,89.159706
2007.4691,0.34216353,0.21905926,0.049839187,0.06765719,0.69679135,70.12367,28.301437,7.1693344,87.15832
2007.4187,0.27316576,0.15076025,0.02923697,0.04644604,0.46565834,68.73722,26.588148,7.1145687,82.189
2007.3949,0.32712257,0.20954838,0.0404619,0.06517818,0.6418778,69.49877,27.428617,7.126594,108.54766
2007.4388,0.37658888,0.31604332,0.1995409,0.09201054,1.1055739,73.75033,34.040222,7.3951316,198.72699
2007.4169,0.27721506,0.15280902,0.02992673,0.047033176,0.469548,68.771255,26.61964,7.116428,82.15651
2007.4177,0.32347438,0.19240616,0.040145747,0.05896069,0.58768326,69.39196,27.301216,7.1405864,92.36059
2007.4327,0.30290946,0.17712583,0.035622895,0.05224274,0.5357086,68.96616,26.802254,7.133335,77.32648
2007.4779,0.32849488,0.20556259,0.0981926,0.07708073,0.7705516,71.42341,29.939985,7.243226,145.95271
2007.4468,0.32030606,0.17447884,0.047456264,0.06474682,0.6285986,70.77051,29.19008,7.173299,133.59209
2007.1765,0.539325,0.46187577,0.34715134,0.11214869,1.4398496,75.9597,37.54426,7.5369496,223.84583
2007.4762,0.34037754,0.2109437,0.050580088,0.06719304,0.69116515,70.32856,28.573057,7.1773915,95.51266
2007.4194,0.27143985,0.14988698,0.02894297,0.046195783,0.46400046,68.72272,26.574726,7.113776,82.20282
2007.4521,0.33079815,0.1799892,0.04788817,0.0627226,0.6172522,70.490005,28.775091,7.178238,115.432144
2007.4739,0.34243545,0.21395235,0.05030168,0.066919595,0.6893995,70.21309,28.412802,7.1752324,90.10531
2007.4342,0.3271006,0.17622817,0.041592624,0.054543193,0.541437,69.49815,27.43277,7.1596236,82.81538
2007.4272,0.31087565,0.16956066,0.037439693,0.051843822,0.51623154,69.195076,27.078548,7.1438093,80.4154
2007.4781,0.33216372,0.23823994,0.13519025,0.07830114,0.85372925,71.693275,30.610712,7.2930536,142.1109
2007.4326,0.23248595,0.1325657,0.022278016,0.041453965,0.4336401,68.40902,26.292238,7.0931263,84.40595
2007.4397,0.20534638,0.12177965,0.017618654,0.0386369,0.41627663,68.19779,26.106413,7.0772552,86.95603
2007.44,0.20450799,0.12144646,0.017474728,0.03854988,0.41574028,68.19127,26.100674,7.076765,87.0348
2007.4352,0.22269952,0.1286763,0.020597873,0.04043814,0.4273789,68.33285,26.225231,7.0874033,85.32551
2007.3505,0.4946692,0.3063906,0.035874464,0.11255618,0.94595385,71.51435,31.02874,7.1384053,328.44693
2007.4607,0.55937046,0.30171788,0.024745954,0.12098905,1.0051303,72.36868,32.98508,7.1919494,460.42612
2007.4417,0.19772948,0.118752494,0.016310984,0.03784627,0.4114035,68.13851,26.05426,7.072801,87.6717
2007.6283,0.3813207,0.21458253,0.03520167,0.09070084,0.8518323,72.14435,32.21653,7.199896,598.47375
2007.5437,0.83380944,0.39170462,0.015707357,0.17462347,1.2880228,75.5059,39.019283,7.287653,824.36597
2007.4304,0.24102935,0.1359611,0.023744764,0.042340767,0.43910605,68.47551,26.350735,7.0981226,83.60321
2007.4271,0.3350432,0.17733943,0.043515593,0.056527156,0.5502915,69.73071,27.715502,7.165074,90.11239
2007.4464,0.39131257,0.26328143,0.03349578,0.089561425,0.85959363,70.39692,29.30675,7.1349564,241.53511
2007.4359,0.21999216,0.12760031,0.020133069,0.040157124,0.42564678,68.31178,26.206694,7.08582,85.5799
2007.4263,0.3097543,0.1690091,0.037148036,0.05168519,0.5143426,69.17768,27.058678,7.14262,80.5076
2007.4487,0.32418558,0.17651635,0.047615964,0.06399835,0.6244032,70.666794,29.036636,7.175125,126.87731
2007.4403,0.30902615,0.18763387,0.037304092,0.05466502,0.5687415,69.02724,26.867676,7.1366625,77.61177
2007.1954,0.6041741,0.35293493,0.34059322,0.090495,1.0900178,73.450165,33.206028,7.4885,108.634575
2007.4424,0.3408461,0.1828988,0.046659827,0.05927824,0.58311486,70.031715,28.114744,7.176136,94.06244
2007.417,0.27702925,0.152715,0.029895077,0.04700623,0.4693695,68.76969,26.618195,7.1163425,82.15803
2007.4355,0.22121419,0.12808599,0.020342866,0.040283967,0.42642862,68.32129,26.215061,7.086535,85.46504
2007.4475,0.34112096,0.18383643,0.047221318,0.05972977,0.59061515,70.08792,28.19197,7.1785545,94.919785
2007.4227,0.26379535,0.14601919,0.027640795,0.04508735,0.45665738,68.65847,26.515272,7.1102667,82.26407
2007.4199,0.28625,0.16030309,0.031806502,0.04872648,0.48893973,68.84175,26.685461,7.1218963,80.8898
2007.4119,0.2923244,0.16043581,0.032614596,0.0492195,0.48498207,68.90727,26.749792,7.1241302,81.941055
2007.4373,0.32299966,0.17552412,0.040593088,0.053558923,0.5366543,69.38317,27.293406,7.1566706,79.41828
2007.4136,0.2846767,0.1565843,0.031197762,0.048115097,0.47671548,68.83396,26.677671,7.119854,82.09673
2007.4459,0.31257188,0.17010704,0.048720602,0.06752541,0.64407986,71.032425,29.526537,7.1717544,149.55235
2007.4257,0.25727752,0.14272144,0.02653054,0.04414228,0.4503965,68.6037,26.464582,7.107274,82.31631
2007.5197,0.52341175,0.37021273,0.08646702,0.13366778,1.2177023,73.01893,32.13801,7.242938,213.8395
2007.4784,0.33556104,0.26849878,0.16944963,0.079431236,0.9307507,71.94317,31.231798,7.339193,138.55342
2007.4634,0.11452083,0.085682966,0.0020255945,0.029209273,0.35816795,67.49091,25.48453,7.024141,95.49013
2007.2527,0.5947592,0.34228897,0.3305272,0.088550694,1.077094,73.38066,33.211037,7.492128,107.91247
2007.4512,0.35914692,0.2616822,0.14553455,0.086548,0.95010906,72.852,32.342228,7.317501,184.22528
2007.8372,0.65740997,0.26071087,0.038690895,0.12465266,0.91571593,75.37878,38.359764,7.3290663,1047.2269
2007.4144,0.2827927,0.15563108,0.030876836,0.04784192,0.47490576,68.81812,26.66302,7.118989,82.111824
2007.4504,0.32736993,0.17818873,0.04774705,0.06338401,0.6209596,70.581665,28.910688,7.1766243,121.36584
2007.4783,0.3336008,0.25103945,0.14968199,0.07877917,0.8863093,71.79898,30.873432,7.3125706,140.60606
2007.4471,0.34110352,0.18377699,0.047185723,0.05970115,0.5901397,70.08436,28.187077,7.178401,94.865425
2007.4437,0.18986535,0.11562705,0.014960853,0.037029978,0.40637213,68.07731,26.000416,7.068202,88.410645
2007.43,0.31429642,0.17124322,0.038329415,0.052327733,0.52199376,69.248146,27.13917,7.147438,80.13407
2007.4336,0.31866962,0.17339428,0.03946687,0.05294638,0.5293604,69.315994,27.216671,7.152077,79.7744
2007.3732,0.6142341,0.32306555,0.3282888,0.08462508,1.06072,73.422264,33.526794,7.525814,100.63006
2007.4307,0.33104426,0.17677994,0.042547416,0.05552827,0.5458334,69.613625,27.573153,7.1623297,86.438484
2007.4279,0.33416507,0.17721657,0.043302994,0.056307815,0.5493126,69.705,27.684244,7.1644716,89.30564
2007.464,0.32986093,0.19614238,0.04932486,0.06696056,0.6723768,70.57584,28.92572,7.174358,114.91022
2007.4208,0.26847923,0.14838904,0.028438656,0.045766503,0.46115658,68.69784,26.5517,7.112417,82.22654
2007.4708,0.066374734,0.06729951,-0.006887561,0.02363042,0.3303467,67.115,25.163866,6.996713,98.91653
2007.4176,0.2993358,0.16388452,0.03443823,0.050211355,0.49679276,69.016045,26.874044,7.131568,81.36444
2007.4121,0.29264426,0.16059315,0.032697797,0.04926475,0.48552093,68.91223,26.75546,7.1244698,81.91475
2007.4429,0.31262767,0.17044622,0.04714018,0.066228196,0.63690215,70.97579,29.493782,7.1696844,146.88205
2007.443,0.1927163,0.1167601,0.015450308,0.037325904,0.40819615,68.099495,26.019936,7.0698695,88.14278
2007.4111,0.29152712,0.16004366,0.03240723,0.049106717,0.48363912,68.894905,26.735664,7.1232843,82.00662
2008.6414,2.4980338,1.6410389,0.2405026,0.6904477,5.3684406,81.86129,49.676422,7.3526025,1582.4203
2007.4778,0.3279712,0.20089832,0.092911676,0.07690653,0.7586791,71.38489,29.844248,7.236114,146.50107
2007.4004,0.3325178,0.20154329,0.04206683,0.06373106,0.6214903,69.65675,27.62197,7.138985,106.74393
2007.451,0.24151766,0.13082837,0.024480427,0.04112186,0.4446552,68.56259,26.429708,7.1116,92.29248
2007.456,0.3384585,0.18401235,0.048203513,0.06124471,0.60896814,70.28521,28.472105,7.1818438,102.17348
2007.435,0.22329438,0.12891272,0.020700002,0.040499892,0.4277595,68.33748,26.229303,7.0877514,85.26959
2007.4097,0.538315,0.3456699,0.04626748,0.12517758,1.0764661,72.40445,32.372837,7.175351,328.4746
2007.4482,0.19030344,0.114161655,0.015173366,0.036757693,0.40745312,68.10621,26.027294,7.071736,91.16798
2007.4421,0.19602522,0.11807516,0.016018389,0.03766937,0.41031313,68.12525,26.042591,7.0718045,87.831856
2007.4276,0.25186506,0.14026754,0.025605058,0.043465506,0.44603857,68.55984,26.424929,7.1044593,82.58506
2007.4498,0.20824948,0.11901062,0.018445587,0.038177937,0.42004982,68.28139,26.183426,7.086795,93.37913
2007.4421,0.31125763,0.1697267,0.047083784,0.06649251,0.6383838,71.01242,29.54797,7.1690397,149.25331
2007.4723,0.33254626,0.19815816,0.08656147,0.07828224,0.75906485,71.55578,30.038713,7.2296705,155.8203
2007.4436,0.33947623,0.18317485,0.046277955,0.05888176,0.581236,69.97329,28.043533,7.1747036,91.50799
2007.4271,0.25370565,0.14099903,0.025921056,0.04365656,0.44721618,68.574165,26.43753,7.1055355,82.412094
2007.442,0.34082606,0.18283048,0.046618916,0.059245337,0.58256835,70.02762,28.109118,7.1759596,93.99997
2007.4458,0.31839868,0.17347711,0.047377747,0.0651148,0.63066125,70.8215,29.265524,7.172401,136.89343
2007.4354,0.33541915,0.18181597,0.04408426,0.056892224,0.5600589,69.702774,27.694683,7.16579,83.18683
2007.4664,0.29634228,0.20440249,0.036795788,0.05849712,0.6414737,68.98706,26.869804,7.128098,83.948814
2007.4111,0.29029268,0.15942578,0.0321544,0.048929404,0.48211008,68.88116,26.721348,7.122432,82.05171
2007.4391,0.34067133,0.18230264,0.04630282,0.05899114,0.578346,69.99598,28.065641,7.174598,93.5173
2007.4543,0.33676827,0.18400617,0.04724145,0.06021605,0.6000014,70.142265,28.287579,7.1781735,96.812744
2007.4438,0.30747506,0.18488958,0.03703643,0.053619895,0.5600842,68.9944,26.829466,7.137894,75.06133
2007.4437,0.34076732,0.22275075,0.04711729,0.067022756,0.679444,69.7908,27.860165,7.152138,79.8628
2007.4254,0.25782642,0.14299916,0.02662404,0.044221867,0.45092374,68.60831,26.468851,7.107526,82.31193
2007.423,0.2633851,0.1458116,0.027570913,0.045027856,0.45626324,68.65503,26.512081,7.110078,82.267365
2007.4244,0.33805376,0.17776066,0.044244483,0.057279166,0.55364776,69.81886,27.82267,7.16714,92.87826
2007.4154,0.2966198,0.16254862,0.03373182,0.049827147,0.49221772,68.97391,26.825914,7.128687,81.58779
2007.4244,0.33808047,0.17776439,0.044250946,0.057285834,0.5536775,69.81965,27.82362,7.1671586,92.90278
2007.4392,0.20737234,0.12258484,0.017966477,0.03884719,0.41757283,68.21356,26.120285,7.07844,86.765656
2007.4153,0.2809004,0.15467365,0.030554501,0.047567543,0.47308806,68.80222,26.648302,7.11812,82.12701
2007.4292,0.3385487,0.18055604,0.04464943,0.057562295,0.55983746,69.80806,27.817488,7.167712,88.80416
2007.5283,0.16217661,0.1194656,0.024100142,0.053959884,0.709077,69.928314,27.931105,7.118765,333.0423
2007.4315,0.31609058,0.17212573,0.03879607,0.05258154,0.52501607,69.27598,27.170965,7.1493416,79.986496
2007.4161,0.2788441,0.15363324,0.030204223,0.047269385,0.47111285,68.78494,26.63231,7.117176,82.14348
2007.425,0.30830574,0.16829659,0.036771275,0.051480275,0.5119025,69.155205,27.033007,7.1410832,80.626724
2007.4287,0.34008625,0.18872663,0.045237374,0.059682436,0.5830476,69.82916,27.85247,7.1645594,88.763885
2007.4778,0.32797498,0.20093192,0.09294971,0.076907784,0.7587646,71.38516,29.844938,7.2361655,146.49712
2007.4518,0.33023188,0.17969179,0.04786486,0.06283186,0.6178646,70.50515,28.79749,7.1779714,116.41229
2007.4271,0.253666,0.14098328,0.025914254,0.04365245,0.4471908,68.57386,26.43726,7.1055126,82.415825
2007.4299,0.24297574,0.13673465,0.024078922,0.042542804,0.4403513,68.490654,26.364063,7.099261,83.42033
2007.4415,0.19809347,0.11889715,0.016373472,0.037884057,0.41163638,68.14135,26.056753,7.073014,87.63752
2007.4421,0.3112197,0.16970678,0.047082223,0.06649984,0.6384248,71.013435,29.54947,7.1690216,149.31898
2007.3949,0.33308268,0.21869296,0.042206146,0.067778245,0.6662923,69.60018,27.56466,7.127374,106.45635
2007.4253,0.25810122,0.14313819,0.026670849,0.04426171,0.4511877,68.61062,26.47099,7.107652,82.30973
2007.531,0.22049886,0.109713376,0.023286795,0.034914777,0.45468405,68.60039,26.458876,7.1414614,113.71272
2007.4778,0.3273851,0.19567814,0.08700132,0.076711565,0.74539155,71.341774,29.7371,7.228154,147.1148
2007.3632,0.38293546,0.29623386,0.056182303,0.094697334,0.90554595,70.775505,29.078325,7.125044,131.51955
2007.4353,0.32584947,0.17605312,0.041289717,0.054230675,0.5400422,69.46152,27.388233,7.158765,81.66595
2007.4719,0.36220962,0.28579563,0.19732973,0.080309525,0.97365886,72.17531,31.702236,7.3755474,134.0076
2006.7091,0.76404464,0.4673701,0.44429713,0.13554487,1.4925631,75.52524,36.38383,7.55492,148.68282
2007.4485,0.32372484,0.17627436,0.047597,0.06408724,0.6249015,70.679115,29.05486,7.174908,127.6748
2007.4297,0.24358395,0.13697638,0.024183342,0.042605933,0.4407404,68.49539,26.368227,7.0996165,83.363174
2007.6179,0.18344718,0.11605694,0.021206392,0.039216258,0.6022222,68.866646,26.8209,7.150704,178.6701
2007.4275,0.33468562,0.17728941,0.04342903,0.056437843,0.5498929,69.720245,27.702774,7.164829,89.78388
2007.4308,0.23965503,0.13541491,0.023508823,0.042198114,0.4382268,68.46481,26.341326,7.097319,83.73233
2007.4308,0.3152153,0.17169519,0.038568415,0.052457724,0.5235416,69.262405,27.155455,7.1484127,80.058495
2007.5074,0.27316687,0.19418915,0.034098536,0.055205684,0.64897835,68.87918,26.775566,7.131248,92.500305
2007.6206,0.62461954,0.42416224,0.105808675,0.15943286,1.400076,73.880295,33.27757,7.311275,252.95068
2007.4473,0.32116184,0.1749283,0.04749149,0.06458172,0.62767315,70.747635,29.156233,7.173702,132.1109
2007.4779,0.32858112,0.20633063,0.09906218,0.07710941,0.7725066,71.42975,29.955751,7.244397,145.86241
2007.4309,0.32411632,0.18085614,0.040698063,0.055407472,0.553317,69.41077,27.32579,7.152571,83.96748
2007.4359,0.32522416,0.17596562,0.04113832,0.054074477,0.5393451,69.44321,27.365974,7.1583357,81.09146
2007.4307,0.23997262,0.13554113,0.023563346,0.042231083,0.43842995,68.467285,26.3435,7.0975046,83.70249
2007.4374,0.3235912,0.17573716,0.040742967,0.053666584,0.53752464,69.39539,27.307846,7.157215,79.59123
2007.478,0.33003965,0.21932146,0.11377053,0.077594586,0.8055737,71.53703,30.222397,7.264206,144.3351
2007.4576,0.13647597,0.09440858,0.0057948804,0.0314882,0.3722145,67.66179,25.634857,7.03698,93.42719
2007.4456,0.3178775,0.1732034,0.047356293,0.06521536,0.6312249,70.83544,29.286137,7.172156,137.7955
2007.427,0.3105878,0.16941908,0.037364826,0.0518031,0.51574665,69.19061,27.073448,7.143504,80.43905
2007.5785,0.21532956,0.14411989,0.025796244,0.04500953,0.61999094,68.8738,26.808317,7.1435943,148.38385
2007.4337,0.31870404,0.1734112,0.039475817,0.05295125,0.52941835,69.31653,27.21728,7.152114,79.771576
2007.4172,0.2988057,0.16362378,0.034300357,0.05013637,0.49589983,69.00782,26.86465,7.131006,81.40801
2008.7797,1.5262539,0.88124937,-0.01217532,0.34446666,2.44085,79.80741,48.87806,7.2184453,1948.276
2006.2834,1.0116848,0.5744324,0.55908906,0.18125378,1.8794734,76.43645,37.96932,7.5986238,146.91458
2007.4297,0.33222437,0.17694505,0.04283313,0.055823047,0.547149,69.64818,27.61516,7.16314,87.522675
2007.432,0.32951382,0.17656581,0.04217688,0.055145983,0.5441272,69.56881,27.518673,7.1612797,85.03243
2007.3981,0.3318226,0.20396298,0.0418127,0.064360425,0.6283013,69.6364,27.59685,7.1360116,108.0477
2007.4513,0.3290838,0.17908883,0.047817603,0.063053355,0.6191061,70.53584,28.8429,7.177431,118.39938
2007.4971,0.19741684,0.098784946,0.017919099,0.033967864,0.42089444,68.44463,26.341133,7.1122856,121.57178
2007.4536,0.34144908,0.18495578,0.04789162,0.06026881,0.5995689,70.155014,28.284164,7.181442,95.94328
2007.4314,0.31595528,0.17205918,0.03876088,0.0525624,0.5247881,69.27388,27.168568,7.149198,79.99762
2007.4119,0.28859097,0.15856476,0.031864524,0.04868266,0.48047546,68.86685,26.708113,7.121651,82.06536
2007.4218,0.3042903,0.1663215,0.035726868,0.050912235,0.5051386,69.09291,26.961847,7.1368237,80.95696
2007.4303,0.31455833,0.17137206,0.038397536,0.052364785,0.52243495,69.25221,27.143812,7.147716,80.11251
2007.431,0.23869908,0.135035,0.023344701,0.04209889,0.43761516,68.457375,26.33478,7.09676,83.82216
2007.4437,0.3409218,0.18315695,0.046814423,0.05940256,0.58517987,70.04719,28.136007,7.1768017,94.298485
2007.4541,0.3465242,0.24848248,0.02757836,0.09476853,0.95461035,70.88886,29.914545,7.1208572,345.72626
2007.4529,0.3322709,0.18076268,0.0479488,0.062438473,0.61565953,70.45064,28.71684,7.178931,112.883095
2007.4459,0.31854334,0.17355308,0.047383703,0.065086894,0.6305048,70.817635,29.259802,7.172469,136.64304
2007.4819,0.1489866,0.086204894,0.0072683557,0.028022023,0.39683926,67.99589,25.97305,7.077417,115.30334
2007.4244,0.57045615,0.35746047,0.045124795,0.13163131,1.117125,72.76925,33.085102,7.1880226,364.8638
2007.4663,0.32054648,0.17262487,0.05757995,0.07292106,0.67381936,71.11645,29.375778,7.186806,149.62268
2007.4327,0.32881537,0.17646809,0.042007785,0.054971524,0.5433486,69.54836,27.49381,7.1608005,84.390755
2007.4224,0.30940744,0.22020249,0.03833151,0.0663692,0.69102037,69.29192,27.217735,7.11605,109.97413
2007.4205,0.26886684,0.14858516,0.028504686,0.045822706,0.46152893,68.701096,26.554714,7.112595,82.22343
2007.4492,0.3250491,0.17696984,0.04765151,0.06383176,0.6234694,70.64371,29.002483,7.1755314,125.38277
2007.5487,0.30631787,0.18625538,0.040666997,0.08404798,0.8050458,72.056915,31.437452,7.1633043,606.82513
2007.319,0.44515646,0.40971583,0.26958635,0.10739223,1.3396548,75.54761,37.08245,7.4859896,255.30394
2007.5109,0.8001565,0.43275696,0.032128505,0.17623699,1.3761015,75.20042,37.9932,7.2691493,643.8986
2007.5135,0.27427107,0.18312833,0.033912398,0.050913822,0.6030438,68.77058,26.632814,7.138907,77.947395
2007.4545,0.14886515,0.0993324,0.00792188,0.032774188,0.38014087,67.75821,25.719687,7.044225,92.26311
2007.4888,0.22217686,0.1106717,0.0221301,0.036782924,0.43742102,68.605804,26.47961,7.1243005,115.52386
2007.4232,0.2627518,0.14549118,0.027463036,0.04493603,0.45565492,68.649704,26.507156,7.1097875,82.27244
2007.4373,0.32304245,0.17554517,0.040604223,0.053564977,0.5367264,69.383835,27.294165,7.156716,79.414764
2007.389,0.57871675,0.33191586,0.030624943,0.12861411,1.0403588,72.42682,32.88062,7.1707525,434.9792
2007.4298,0.24328063,0.13685584,0.024131274,0.04257445,0.44054636,68.49303,26.36615,7.099439,83.391655
2007.4779,0.3294942,0.21446332,0.10827011,0.07741315,0.79320776,71.49691,30.12268,7.2567983,144.90627
2007.4152,0.29642224,0.16245143,0.03368043,0.049799196,0.4918849,68.97085,26.822412,7.128477,81.60404
2007.436,0.32148778,0.17478047,0.04019986,0.053345047,0.53410757,69.35971,27.266613,7.155067,79.54261
2007.4369,0.32414412,0.17581452,0.040876836,0.0538047,0.5381411,69.41158,27.327528,7.1575947,80.09921
2007.425,0.2586284,0.14340492,0.026760647,0.04433815,0.45169413,68.61505,26.475088,7.107894,82.3055
2007.447,0.21341652,0.12159152,0.019288508,0.038816486,0.4230981,68.3134,26.211124,7.0887623,91.99345
2007.4218,0.3042605,0.16630684,0.035719123,0.05090802,0.5050884,69.092445,26.961319,7.136792,80.95942
2007.4303,0.24152468,0.13615796,0.023829808,0.042392183,0.43942294,68.47936,26.354128,7.0984125,83.556656
2007.4248,0.33758402,0.17769493,0.044130757,0.05716183,0.55312407,69.805115,27.805948,7.1668177,92.44671
2007.4272,0.31090155,0.1695734,0.037446428,0.051847484,0.51627517,69.19548,27.079008,7.143837,80.41325
2007.4122,0.28759477,0.15806073,0.03169483,0.04853821,0.4795185,68.85848,26.700365,7.121194,82.073326
2007.4784,0.33508012,0.26421514,0.16459967,0.07927125,0.91984713,71.90779,31.143873,7.332661,139.05702
2007.691,0.14195298,0.044495545,0.014227921,0.018594695,0.44354758,68.54036,26.422867,7.1829753,178.76442
2007.4261,0.33620578,0.1775021,0.043797076,0.056817565,0.5515876,69.764755,27.756887,7.165872,91.180504
2007.5485,0.23863608,0.16660742,0.029208073,0.049981184,0.64061344,68.89688,26.822456,7.1371007,128.45865
2007.4615,0.24723579,0.13742033,0.025944533,0.041678287,0.45795026,68.54956,26.406717,7.1167297,83.88412
2007.4574,0.34122735,0.18546654,0.048317492,0.06071052,0.60597384,70.21119,28.362589,7.183147,97.38104
2007.4138,0.28409794,0.15629147,0.031099172,0.04803118,0.47615954,68.829094,26.67317,7.1195884,82.10135
2007.4447,0.1861743,0.11416012,0.014327167,0.036646847,0.40401065,68.048584,25.975142,7.0660434,88.757484
2007.457,0.3403732,0.18501793,0.04828233,0.060875315,0.60689753,70.234024,28.396374,7.182745,98.85948
2007.4148,0.28200284,0.15523145,0.030742293,0.047727395,0.47414705,68.811485,26.656876,7.118626,82.11817
2008.4432,2.075027,1.3564854,0.24608228,0.5610293,4.471926,81.110916,46.37004,7.353732,1323.981
2006.7742,0.8137609,0.42835152,0.44735694,0.12451875,1.3522658,74.482285,34.82581,7.5603547,95.89678
2008.01,0.6184865,0.248181,0.051314928,0.11340959,0.8710597,75.50829,38.273205,7.3019447,1187.2491
2007.437,0.3395109,0.181957,0.045696385,0.05843821,0.5725977,69.92053,27.96859,7.172141,91.15218
2007.4487,0.3241254,0.17648473,0.047613487,0.064009964,0.62446827,70.6684,29.039017,7.175097,126.981514
2007.449,0.3468219,0.2515551,0.029492872,0.09262419,0.93293834,70.68912,29.593973,7.119109,312.60004
2007.4146,0.2825868,0.1555269,0.030841766,0.047812067,0.47470796,68.8164,26.661417,7.1188946,82.11348
2007.4574,0.13724418,0.09471389,0.0059267706,0.03156794,0.372706,67.66777,25.640118,7.0374293,93.35502
2007.4183,0.2738782,0.15112068,0.029358318,0.046549335,0.4663427,68.74321,26.593689,7.114896,82.183266
2007.505,0.68512696,0.34024352,0.01737444,0.1457264,1.147132,73.77435,35.765965,7.237198,622.1697
2007.4286,0.31252623,0.17037253,0.037869,0.052077316,0.5190119,69.22068,27.1078,7.1455603,80.27964
2007.4784,0.3350721,0.2641439,0.16451901,0.07926859,0.9196658,71.9072,31.142412,7.3325524,139.06541
2007.4406,0.20227641,0.12055957,0.017091604,0.038318243,0.41431254,68.173904,26.085394,7.07546,87.24447
2007.445,0.31671098,0.17259073,0.04730827,0.06544042,0.6324864,70.86662,29.332277,7.1716065,139.81458
2007.4282,0.24916534,0.13919458,0.025141569,0.043185282,0.44431135,68.538826,26.406443,7.1028805,82.83873
2007.608,0.19252184,0.085458465,0.019471994,0.025916291,0.47021514,68.61751,26.49746,7.174801,136.77827
2007.4374,0.32310924,0.17557801,0.040621594,0.053574424,0.5368389,69.38487,27.295347,7.156787,79.40927
2007.426,0.25633034,0.1422422,0.02636919,0.044004936,0.44948664,68.59574,26.457216,7.106839,82.32392
2007.4575,0.3412495,0.18547817,0.048318405,0.060706247,0.6059499,70.210594,28.361713,7.1831574,97.342735
2007.4462,0.3191199,0.17385589,0.047407437,0.064975664,0.6298813,70.80222,29.236998,7.1727405,135.64511
2007.4146,0.29562697,0.16206026,0.03347358,0.049686693,0.49054527,68.9585,26.80832,7.1276336,81.66943
2007.4297,0.3138416,0.17101952,0.038211126,0.052263398,0.5212277,69.24109,27.131111,7.1469555,80.17147
2007.3695,0.4607365,0.31515363,0.047917247,0.10925228,0.9710782,71.48356,30.61185,7.1426034,244.997
2007.4354,0.32580265,0.17604658,0.04127838,0.05421898,0.53999,69.460144,27.386566,7.158733,81.62293
2007.55,0.2455257,0.15624265,0.029728735,0.04509918,0.5808956,68.749794,26.625425,7.1463575,103.47596
2007.4333,0.22955692,0.13140161,0.021775162,0.04114994,0.43176615,68.38622,26.272184,7.0914135,84.68118
2007.455,0.1468892,0.09854709,0.00758264,0.032569084,0.3788767,67.742836,25.706158,7.04307,92.44877
2007.4325,0.2331014,0.13281031,0.022383684,0.041517854,0.43403387,68.4138,26.296453,7.0934863,84.34812
2007.4514,0.31473246,0.1707892,0.051120892,0.06898727,0.6521373,71.05519,29.485691,7.1758323,149.57141
2007.6959,0.59426546,0.32009047,0.015303982,0.11933392,1.0719761,72.095795,33.61513,7.250653,466.66214
2007.4507,0.34129396,0.18442664,0.047574755,0.060013995,0.59533626,70.1233,28.240583,7.180077,95.45945
2007.3827,0.68457127,0.6618074,0.34257165,0.1798624,2.0703175,76.93154,38.655727,7.496564,304.55823
2007.4391,0.33462903,0.18251897,0.044129513,0.05686724,0.5628759,69.693436,27.688074,7.1661305,81.90229
2007.4446,0.18670526,0.11437115,0.014418328,0.036701966,0.4043504,68.05271,25.978779,7.0663543,88.70757
2007.2255,0.60954064,0.3481665,0.34027204,0.08951514,1.0860584,73.46294,33.28886,7.497255,106.74033
2007.4779,0.32830498,0.20387103,0.09627739,0.07701755,0.76624584,71.40944,29.905266,7.240647,146.15158
2007.4583,0.29957664,0.20382163,0.037045483,0.058782343,0.6364504,69.02281,26.903866,7.128044,85.4679
2007.4193,0.27178994,0.15006413,0.029002609,0.04624654,0.46433678,68.72566,26.577448,7.113937,82.2
2007.431,0.315503,0.1718367,0.03864324,0.05249842,0.5240262,69.26687,27.160553,7.148718,80.03483
2007.5941,0.21950223,0.111435555,0.025320252,0.032475833,0.4835236,68.5649,26.398579,7.166091,106.05482
2007.3978,0.32149616,0.21174732,0.039123185,0.06476799,0.6458207,69.347015,27.245792,7.120498,105.82736
2008.0978,1.198341,0.6300805,0.014119575,0.2499808,1.8609082,78.077446,44.362473,7.243075,1359.8577
2007.5271,0.25737944,0.18013771,0.031821292,0.05227899,0.6395787,68.87424,26.779959,7.1348705,107.323006
2007.4652,0.23490861,0.123964965,0.023719335,0.03959308,0.44273612,68.57707,26.445986,7.1164365,100.11272
2007.4297,0.24373667,0.13703707,0.024209565,0.042621788,0.44083813,68.49658,26.369272,7.0997057,83.348816
2007.4358,0.22046164,0.1277869,0.02021367,0.040205855,0.42594716,68.31543,26.209908,7.086095,85.535774
2007.4982,0.28590018,0.19365579,0.03557946,0.053264055,0.6114974,68.78449,26.641634,7.135914,68.33546
2007.4132,0.2940159,0.16126782,0.033054553,0.049458787,0.48783144,68.93351,26.779768,7.1259246,81.80193
2007.6351,0.6030438,0.40533653,0.11912045,0.15894808,1.3979107,73.98928,32.82177,7.3320727,235.90747
2007.4247,0.30783027,0.16806272,0.036647607,0.051413015,0.5111016,69.14783,27.02458,7.1405787,80.66584
2007.5765,0.21685603,0.14544407,0.026015436,0.045279652,0.6207666,68.87396,26.807484,7.1432667,146.91202
2007.5481,0.25206527,0.15227216,0.03039123,0.042655956,0.54691166,68.66327,26.507803,7.151289,86.34777
2007.432,0.30981827,0.17831884,0.03708236,0.052932393,0.5385813,69.07121,26.919317,7.1391335,77.72972
2007.4326,0.31745747,0.17279805,0.03915159,0.052774906,0.52731854,69.29719,27.195189,7.150791,79.87408
2007.382,-0.026101038,0.055809893,-0.042492628,-0.005838896,0.38919786,66.370575,24.773968,6.962566,91.14677
2007.4364,0.21808885,0.12684388,0.019806309,0.03995956,0.4244291,68.29697,26.193663,7.0847073,85.75873
2007.4528,0.33205524,0.18064941,0.04793992,0.062480077,0.61589277,70.4564,28.72537,7.1788297,113.256355
2006.1052,1.6075114,1.2851194,0.8752917,0.38039193,4.2536535,79.41832,42.956055,7.5673375,251.03947
2007.435,0.3261436,0.17609428,0.041360922,0.05430414,0.5403701,69.47013,27.398703,7.1589665,81.93616
2007.412,0.2882555,0.15839505,0.03180738,0.04863402,0.48015323,68.86404,26.705503,7.121497,82.06804
2007.4385,0.21426001,0.12494343,0.019180687,0.03948872,0.42216447,68.273056,26.172962,7.0832253,86.76501
2007.4579,0.34650022,0.20691654,0.08785035,0.08253567,0.8009117,72.14217,30.884478,7.2370076,178.69067
2007.4447,0.30358884,0.21127787,0.03762095,0.06192971,0.6601445,69.12362,27.022696,7.1230264,94.28984
2007.4558,0.33791682,0.18372786,0.048181213,0.061349217,0.60955393,70.29969,28.49353,7.1815886,103.11102
2007.4457,0.31818578,0.1733653,0.04736898,0.06515588,0.6308915,70.827194,29.273945,7.172301,137.26192
2007.4277,0.25119087,0.13999958,0.02548931,0.043395527,0.44560722,68.554596,26.420311,7.104065,82.6484
2007.4785,0.33659837,0.2777379,0.17991024,0.07977628,0.9542681,72.01947,31.421438,7.353281,137.46721
2007.4647,0.20376107,0.11231852,0.018086059,0.036760733,0.4195753,68.32278,26.224182,7.093982,102.17883
2007.4777,0.3259299,0.18271717,0.072326764,0.07622751,0.7124004,71.23473,29.471067,7.208391,148.6386
2007.433,0.3284263,0.17641366,0.04191359,0.05487434,0.5429149,69.536964,27.479961,7.1605334,84.03333
2007.5786,0.22628517,0.13163647,0.026738843,0.038739137,0.5404977,68.67609,26.542294,7.1556873,113.14463
2007.4224,0.26479104,0.14652297,0.027810404,0.045231722,0.45761383,68.66684,26.523016,7.1107235,82.2561
2007.4171,0.27652115,0.15245792,0.02980853,0.04693256,0.4688815,68.76542,26.614244,7.1161094,82.16207
2007.4358,0.22053216,0.12781492,0.02022578,0.04021317,0.42599225,68.31598,26.210392,7.086136,85.52915
2007.4169,0.2772478,0.15282556,0.029932303,0.047037914,0.46957943,68.77153,26.619894,7.116443,82.15625
2007.4216,0.2664626,0.1473687,0.028095135,0.04547409,0.45921943,68.680885,26.536016,7.111491,82.242714
2007.4232,0.3061394,0.16723102,0.036207817,0.051173817,0.5082534,69.1216,26.994616,7.1387854,80.80491
2007.4125,0.2871212,0.15782112,0.03161416,0.048469547,0.47906363,68.8545,26.696682,7.1209764,82.07714
2007.4431,0.21671614,0.12400609,0.0197626,0.0393728,0.4246703,68.32193,26.21765,7.0884867,89.800354
2007.453,0.24956287,0.14017515,0.026116205,0.04257038,0.45957,68.55559,26.415348,7.1134777,82.72452
2007.4777,0.3266565,0.18918861,0.07965379,0.0764692,0.7288729,71.28818,29.603899,7.218259,147.87778
2007.43,0.33169383,0.17687082,0.042704687,0.055690527,0.5465576,69.632645,27.596275,7.1627755,87.03526
2007.4545,0.34149212,0.1851026,0.04797954,0.060339514,0.60074335,70.16381,28.296257,7.1818204,96.07752
2007.4293,0.31343952,0.17082174,0.03810654,0.052206513,0.5205503,69.234856,27.123985,7.146529,80.20454
2006.6143,0.8901964,0.6785538,0.5339463,0.18512173,2.1960392,77.15404,39.84831,7.583196,200.17743
2007.496,0.28541005,0.19912323,0.035693526,0.055249073,0.6331998,68.82908,26.701633,7.132356,74.31333
2007.4783,0.33329287,0.24829704,0.14657703,0.078676745,0.8793288,71.77633,30.817142,7.3083887,140.9285
2007.447,0.32088032,0.17478044,0.0474799,0.06463603,0.62797755,70.75516,29.167368,7.173569,132.59816
2007.6049,0.7656663,0.6877224,0.30625567,0.19788581,2.1294918,76.9242,38.387016,7.499544,342.01846
2007.4783,0.33337843,0.24905907,0.1474398,0.07870521,0.88126844,71.78262,30.832783,7.309551,140.83891
2007.4279,0.25096795,0.13991098,0.02545104,0.043372393,0.44546458,68.55286,26.418785,7.103935,82.66937
2007.413,0.2937011,0.16111298,0.032972675,0.049414255,0.48730117,68.92863,26.77419,7.125591,81.82783
2007.426,0.256399,0.14227696,0.026380895,0.044014893,0.44955263,68.59631,26.45775,7.1068707,82.32335
2007.4404,0.20255059,0.12066854,0.017138677,0.0383467,0.41448796,68.17603,26.08727,7.07562,87.21871
2007.457,0.13884054,0.09534835,0.0062008365,0.031733643,0.37372732,67.68019,25.651047,7.038363,93.20499
2007.4628,0.2313988,0.18045737,0.02722047,0.06889179,0.7982687,69.93475,28.048677,7.1048822,267.47968
2006.1741,1.1342804,0.7441296,0.64101475,0.22612755,2.4482982,77.22334,39.303104,7.5800967,166.18057
2007.5724,0.22934224,0.13832834,0.027293691,0.040788446,0.55767995,68.71297,26.58841,7.152377,114.73088
2007.4247,0.33772486,0.17771465,0.04416486,0.057197012,0.55328107,69.809235,27.810963,7.1669145,92.5761
2007.4777,0.3262115,0.18522541,0.07516663,0.076321185,0.7187849,71.25545,29.52255,7.2122154,148.34372
2008.0095,1.0713077,0.63277423,0.098925926,0.24518244,2.0280094,77.48688,40.476204,7.3595033,778.2227
2007.7487,0.71511537,0.46474132,0.14133732,0.18770832,1.6015431,74.95652,34.0739,7.4093657,278.81793
2007.4777,0.32637236,0.18665777,0.076788366,0.07637469,0.7224309,71.26728,29.55195,7.2144,148.17531
2007.4368,0.32425395,0.17582989,0.040903423,0.05383213,0.5382635,69.4148,27.331438,7.15767,80.200096
2007.452,0.22068746,0.122034274,0.020741714,0.039096948,0.42894492,68.408035,26.296547,7.097906,95.48695
2007.4479,0.34114403,0.18391511,0.047268435,0.059767663,0.5912445,70.092636,28.198452,7.1787577,94.99174
2006.4146,1.0242319,0.7477386,0.5985501,0.21169533,2.437941,77.40228,40.147255,7.584516,191.8249
2008.0248,1.1949922,0.88282,0.26788187,0.30253428,2.7566028,77.89311,39.37002,7.4472456,569.38104
2007.7428,0.94993883,0.5363164,0.051095173,0.2101127,1.699784,76.653015,40.240196,7.298142,760.729
2007.4459,0.31865436,0.17361137,0.04738827,0.06506548,0.6303848,70.81467,29.255411,7.1725216,136.45094
2007.4719,0.23479393,0.15953857,0.045807753,0.07775599,0.7612953,71.966225,30.682833,7.128013,613.2185
2007.4062,0.3338392,0.19573015,0.042591274,0.062147528,0.6048857,69.69545,27.669895,7.1458406,103.329056
2007.4213,0.26717904,0.1477312,0.028217176,0.04557797,0.45990768,68.68691,26.541588,7.11182,82.23693
2007.421,0.30336478,0.16586627,0.035486147,0.05078131,0.50357956,69.07855,26.945444,7.135842,81.03309
2007.632,0.17549002,0.10223658,0.019865373,0.035225395,0.5714172,68.80319,26.743418,7.156956,178.57887
2007.4242,0.31415257,0.19422387,0.037943933,0.05768306,0.58826715,69.13576,26.991999,7.1320295,86.39183
2007.4165,0.27811134,0.1532625,0.030079404,0.047163136,0.47040898,68.778786,26.626612,7.1168394,82.149345
2007.4247,0.3275869,0.18396202,0.04144897,0.057110354,0.5650835,69.51238,27.448944,7.1523542,89.17812
2007.4568,0.33999348,0.1848185,0.048266698,0.06094857,0.6073082,70.24417,28.411392,7.182566,99.51669
2007.4369,0.32256424,0.17530994,0.040479835,0.053497326,0.53592086,69.37641,27.285688,7.1562085,79.45412
2007.4406,0.20187546,0.120400205,0.017022764,0.038276624,0.414056,68.170784,26.08265,7.0752254,87.28219
2007.4562,0.33879802,0.18419066,0.048217487,0.06117921,0.608601,70.27614,28.458677,7.1820035,101.58584
2008.7423,0.90150684,0.4190806,0.065482296,0.17621809,1.2371767,78.84459,43.917904,7.230095,2066.1558
2007.4406,0.20211788,0.120496556,0.01706439,0.038301785,0.41421112,68.17267,26.084309,7.0753675,87.25939
2007.4296,0.3137239,0.17096162,0.038180508,0.052246746,0.5210294,69.239265,27.129025,7.146831,80.181145
2007.4819,0.21609214,0.10989208,0.020816697,0.03662057,0.43104294,68.532684,26.41533,7.1158404,113.527016
2007.4535,0.2556551,0.14871365,0.027432697,0.044473387,0.47982576,68.58737,26.448246,7.1143374,80.0121
2007.4392,0.20744164,0.12261239,0.01797838,0.038854387,0.4176172,68.2141,26.12076,7.0784807,86.75913
2007.4469,0.32061088,0.17463893,0.04746881,0.06468802,0.62826896,70.76236,29.178026,7.1734424,133.06456
2007.483,0.29198986,0.19196415,0.036030166,0.05359679,0.599851,68.84768,26.700165,7.136175,70.688324
2007.4384,0.34045577,0.22847432,0.046585456,0.06784282,0.68760026,69.68908,27.733313,7.145455,76.53074
2007.4381,0.21156031,0.12424925,0.018685477,0.039281905,0.42025223,68.246155,26.14896,7.080889,86.372154
2007.421,0.2161631,0.17621392,0.029375395,0.074189715,0.831043,70.446266,28.549683,7.0909305,346.48163
2007.4152,0.28119448,0.15482245,0.030604595,0.047610186,0.47337058,68.804695,26.650589,7.118255,82.12465
2007.4688,0.342139,0.21922582,0.049792945,0.06766601,0.69673634,70.117256,28.293097,7.168973,86.994774
2007.4407,0.6537176,0.34852335,0.024241792,0.14211585,1.1213228,73.29053,34.67225,7.206175,543.50006
2007.4272,0.25314698,0.14077699,0.025825141,0.04359857,0.4468587,68.56982,26.433704,7.105209,82.46461
2007.4609,0.072207525,0.06871485,-0.0078922715,0.021471819,0.34644637,67.21172,25.287943,7.0098696,100.56733
2007.4198,0.27043605,0.1493791,0.028771983,0.046050232,0.4630362,68.71428,26.56692,7.1133156,82.21085
2007.417,0.2985877,0.16351657,0.034243662,0.05010553,0.49553263,69.00444,26.860788,7.1307745,81.425964
2007.6523,0.8540042,0.48834148,0.06647403,0.19639869,1.5818331,76.0208,38.515564,7.3376412,599.549
2007.445,0.316609,0.17253718,0.047304075,0.065460086,0.6325967,70.869354,29.33631,7.171559,139.99106
2007.4502,0.3412641,0.18432473,0.047513727,0.059964918,0.59452105,70.11719,28.23219,7.179814,95.36627
2007.4264,0.2556426,0.14189422,0.026252048,0.04390522,0.44882601,68.58996,26.451868,7.106523,82.32943
2007.4191,0.30105898,0.1647321,0.03488642,0.05045512,0.4996954,69.04278,26.904583,7.1333957,81.2227
2007.431,0.33065116,0.17672494,0.042452246,0.05543008,0.5453952,69.60211,27.559158,7.1620603,86.077354
2007.4742,0.3236566,0.17360684,0.06103514,0.075025395,0.68541795,71.149216,29.31698,7.1926765,149.65012
2007.4331,0.32835817,0.17640412,0.041897092,0.05485732,0.54283893,69.53497,27.477535,7.1604867,83.97074
2007.4434,0.19113241,0.11613062,0.015178384,0.0371615,0.40718278,68.087166,26.00909,7.068943,88.291565
2007.41,0.31362915,0.22068517,0.038675003,0.06735451,0.69024986,69.35994,27.288496,7.1149216,114.64237
2007.4564,0.33914882,0.1843749,0.04823193,0.06111153,0.6082216,70.266754,28.444801,7.182169,100.97864
2007.4606,0.34536892,0.21698786,0.10075781,0.082227066,0.8231375,72.1357,30.975052,7.253414,173.3385
2007.4458,0.31830394,0.17342734,0.047373846,0.06513309,0.63076377,70.824036,29.26927,7.1723566,137.05742
2007.4374,0.32311466,0.17558067,0.040622998,0.053575188,0.536848,69.38496,27.295443,7.1567926,79.40882
2007.425,0.25861567,0.1433985,0.026758479,0.044336304,0.45168188,68.614944,26.474989,7.107888,82.30559
2007.4141,0.29497612,0.16174012,0.0333043,0.049594622,0.4894489,68.94841,26.796785,7.126943,81.72296
2007.4424,0.34084707,0.18290213,0.046661824,0.059279844,0.5831415,70.03191,28.115019,7.1761446,94.06549
2007.4292,0.3327231,0.17701483,0.042953882,0.055947624,0.54770505,69.66278,27.632914,7.1634817,87.98087
2007.4531,0.33275148,0.18101507,0.04796858,0.062345754,0.61513984,70.43779,28.697832,7.1791573,112.051285
2007.4196,0.27114835,0.1497395,0.02889332,0.046153516,0.46372044,68.72027,26.572458,7.1136427,82.20514
2007.4193,0.30135697,0.16487868,0.03496393,0.05049728,0.5001974,69.0474,26.909864,7.133712,81.1982
2007.395,0.322376,0.21280453,0.0392306,0.065260746,0.64890164,69.365135,27.26644,7.1197476,107.27165
2007.4271,0.2536878,0.14099194,0.025917994,0.04365471,0.44720474,68.57403,26.437408,7.105525,82.41379
2007.4268,0.25478432,0.14145997,0.026105842,0.043780763,0.44800156,68.58275,26.445192,7.106129,82.336296
2007.413,0.2859497,0.1572284,0.031414606,0.04829968,0.47793832,68.84466,26.687572,7.1204386,82.08653
2007.6613,0.518204,0.30145752,0.020714352,0.105057925,0.9916021,71.213554,31.856218,7.2194157,361.02234
2007.3892,0.44638422,0.27006564,0.032927036,0.10042511,0.8802058,71.16376,30.453089,7.1428394,314.48013
2007.4777,0.32505804,0.17495175,0.06353467,0.075937495,0.69263405,71.17061,29.311676,7.19655,149.55157
2007.4778,0.32758504,0.19745895,0.08901757,0.07677808,0.7499244,71.35648,29.773653,7.23087,146.90543
2007.4307,0.24016377,0.13561709,0.023596162,0.042250924,0.43855226,68.46877,26.344809,7.097616,83.68454
2007.4491,0.16917792,0.10740527,0.011409199,0.03488264,0.39313668,67.916306,25.858768,7.056104,90.35446
2007.4694,0.1566641,0.09633682,0.009771248,0.03240238,0.3881072,67.91369,25.861858,7.0609703,101.93406
2007.5004,0.27493447,0.20360282,0.034578368,0.05846065,0.6803623,68.95067,26.867805,7.1256914,99.63981
2007.4167,0.27758566,0.15299653,0.02998986,0.047086913,0.46990398,68.77437,26.622522,7.116598,82.153564
2007.4777,0.32549968,0.17888524,0.06798821,0.0760844,0.7026465,71.20309,29.392414,7.202548,149.08911
2007.4185,0.30038655,0.16440137,0.03471153,0.05036,0.49856275,69.03235,26.892666,7.132683,81.27801
2007.451,0.30078188,0.21363628,0.037464507,0.062315673,0.67129034,69.105385,27.0105,7.12195,94.54471
2007.4283,0.33368903,0.17714997,0.04318774,0.056188904,0.5487819,69.69106,27.6673,7.164145,88.8683
2007.4153,0.28083348,0.1546398,0.030543102,0.047557842,0.4730238,68.80166,26.647781,7.118089,82.127525
2007.4454,0.18315913,0.11296181,0.013809515,0.03633388,0.40208158,68.025116,25.954498,7.0642805,89.04079
2007.4691,0.23175505,0.12063368,0.023259247,0.038969867,0.4405459,68.58464,26.45554,7.1176,104.11689
2007.4717,0.33326614,0.19953473,0.087744005,0.07850477,0.76342106,71.58955,30.095995,7.2315073,156.70013
2007.5961,0.16461141,0.066226296,0.009475058,0.01527751,0.48110786,68.62262,26.613789,7.189392,155.8412
2007.4169,0.29842678,0.16343741,0.034201805,0.050082766,0.49526155,69.001945,26.857937,7.130604,81.43918
2007.4435,0.31375244,0.17103694,0.047186483,0.0660112,0.63568586,70.945724,29.449295,7.170214,144.93527
2007.4274,0.2526585,0.14058286,0.025741277,0.04354787,0.44654617,68.56602,26.43036,7.1049232,82.5105
2007.4325,0.46286175,0.30068028,0.24963142,0.082033046,1.0084288,72.67331,32.43092,7.43556,120.67748
2007.464,0.3196568,0.17234397,0.056591563,0.0723191,0.6705015,71.10708,29.392597,7.185127,149.61484
2007.4221,0.30478722,0.16656592,0.035856124,0.050982535,0.50597566,69.10062,26.970654,7.137351,80.91611
2007.3964,0.23608626,0.19459358,0.0296281,0.08004071,0.87087506,70.52651,28.687056,7.084799,337.7086
2007.42,0.30219117,0.16528898,0.035180897,0.050615285,0.5016026,69.06034,26.924646,7.134597,81.12959
2007.4395,0.20630667,0.12216129,0.01778352,0.038736578,0.416891,68.20527,26.11299,7.077817,86.8658
2007.4291,0.24599823,0.13793588,0.02459783,0.042856537,0.44228506,68.51418,26.384758,7.1010284,83.136314
2007.4307,0.3150767,0.17162701,0.03853236,0.052438114,0.52330816,69.260254,27.152998,7.148266,80.06988
2007.4156,0.2798947,0.15416482,0.03038319,0.047421724,0.47212204,68.79377,26.64048,7.117658,82.135056
2007.3033,0.38606134,0.2724892,0.04240548,0.09168275,0.8234744,70.34259,28.656378,7.0975804,192.7839
2007.4553,0.33712718,0.18331316,0.048148707,0.06150156,0.6104079,70.3208,28.524763,7.181217,104.47774
2007.4956,0.18691245,0.09481869,0.015394369,0.032042515,0.4181049,68.37225,26.290176,7.108411,122.42534
2007.435,0.22290762,0.128759,0.020633599,0.040459745,0.42751202,68.33447,26.226656,7.087525,85.30595
2007.4777,0.32689935,0.1909878,0.08166369,0.07654876,0.7335142,71.30466,29.642925,7.2209835,147.74149
2007.4277,0.31157097,0.16990267,0.037620544,0.051942185,0.5174028,69.205864,27.090872,7.144547,80.35819
2007.4487,0.32411265,0.17647804,0.047612965,0.06401242,0.62448204,70.66874,29.03952,7.175091,127.00353
2007.4559,0.33829176,0.1839248,0.048196647,0.061276875,0.60914844,70.289665,28.478699,7.1817656,102.462036
2007.4368,0.32428947,0.17583486,0.04091203,0.053841006,0.5383031,69.41584,27.332703,7.1576943,80.23277
2006.6376,0.7715423,0.50345343,0.4583418,0.14700375,1.6262779,76.22538,37.594456,7.572027,171.44554
2007.4293,0.33262601,0.17700125,0.04293038,0.05592338,0.5475968,69.659935,27.629457,7.1634154,87.891685
2007.5833,0.22390574,0.12691097,0.026320836,0.037324432,0.52899283,68.65175,26.512114,7.1579466,112.45209
2007.4452,0.18403028,0.11330802,0.013959078,0.0364243,0.40263894,68.0319,25.960463,7.06479,88.95894
2007.4421,0.31114224,0.1696661,0.047079034,0.066514775,0.63850856,71.0155,29.552534,7.1689854,149.45302
2007.4316,0.33004987,0.17664081,0.04230667,0.055279884,0.5447249,69.5845,27.537754,7.1616473,85.52493
2007.4409,0.20071737,0.11993996,0.01682395,0.038156416,0.41331512,68.161766,26.074718,7.0745482,87.39096
2007.7322,0.7102009,0.28485557,0.030421445,0.13725908,0.9839324,75.46732,38.70818,7.338107,975.7829
2007.427,0.33521158,0.177363,0.043556366,0.05656922,0.55047923,69.73564,27.721497,7.1651897,90.267075
2007.4261,0.25622293,0.14218786,0.026350899,0.043989364,0.4493835,68.59483,26.45638,7.1067896,82.324776
2007.5658,0.23116061,0.14698,0.027757695,0.04375145,0.5859715,68.77717,26.671087,7.1473393,120.91687
2007.4489,0.32441473,0.17663668,0.047625396,0.063954145,0.6241554,70.66067,29.027573,7.175233,126.480736
2007.4343,0.32690915,0.17620139,0.04154627,0.05449537,0.5412235,69.492546,27.425955,7.159492,82.639496
2007.409,0.33510107,0.19255167,0.04301118,0.06139234,0.59618056,69.7324,27.715311,7.150034,101.899155
2007.4741,0.32358715,0.17358491,0.060957987,0.074978404,0.6851589,71.14849,29.318293,7.1925454,149.6495
2007.6381,0.4922845,0.29455012,0.021269435,0.10391717,0.9944129,71.17689,31.613516,7.2056746,362.89243
2007.1672,0.541121,0.4549486,0.34557977,0.1115425,1.4188565,75.88328,37.36297,7.5317016,222.90599
2007.6205,0.15468425,0.056810178,0.009506913,0.01478177,0.47006324,68.60748,26.581856,7.189611,165.71138
2007.4187,0.323761,0.24488577,0.030891659,0.09072714,0.9221193,70.60191,29.25782,7.1052904,302.99106
2007.377,0.4817522,0.31177175,0.26408684,0.083955444,1.023627,72.78733,32.502068,7.438536,119.941284
2007.4271,0.31083053,0.16953845,0.037427958,0.051837437,0.51615554,69.194374,27.07775,7.1437616,80.419075
2007.4458,0.31832078,0.17343618,0.04737454,0.06512984,0.63074553,70.823586,29.268606,7.172364,137.02829
2007.4285,0.31246197,0.17034091,0.037852284,0.052068226,0.5189037,69.21969,27.10666,7.145492,80.28492
2007.4779,0.32925177,0.21230416,0.10582548,0.077332504,0.78771174,71.47908,30.078362,7.2535057,145.16011
2007.4126,0.28689712,0.15770775,0.03157599,0.048437055,0.47884837,68.85262,26.69494,7.1208735,82.07892
2007.4176,0.27556512,0.1519742,0.029645676,0.046793938,0.46796313,68.757385,26.606808,7.11567,82.16974
2007.4803,0.33777058,0.281727,0.1843241,0.07989502,0.96417534,72.05232,31.51283,7.360073,137.16159
2007.599,0.19716151,0.13118729,0.023268467,0.042850334,0.6216994,68.89739,26.851665,7.145636,169.07533
2007.4836,0.19382684,0.09527298,0.0064829043,0.015798202,0.5113755,68.6773,26.760056,7.181395,126.73929
2007.442,0.19658373,0.11829714,0.016114278,0.037727345,0.41067046,68.12959,26.046415,7.072131,87.77939
2007.7156,0.9581532,0.53152055,0.035460383,0.20751622,1.6684397,76.680115,40.763824,7.2717533,814.7591
2007.4464,0.31959665,0.17410627,0.047427062,0.06488369,0.62936574,70.789474,29.218142,7.172965,134.81996
2007.3179,0.42353788,0.28549793,0.040615704,0.099074915,0.8676047,70.74722,29.462215,7.1111016,236.76335
2007.4193,0.27174705,0.15004243,0.028995303,0.04624033,0.4642956,68.725296,26.577114,7.1139174,82.20035
2007.8899,0.8471652,0.34232894,0.043039497,0.16074137,1.1198121,77.39921,41.564507,7.3030415,1317.2794
2007.4119,0.29237917,0.16046275,0.032628845,0.04922725,0.48507437,68.90812,26.750763,7.1241884,81.936554
2007.4357,0.31321198,0.18130802,0.03795334,0.053588614,0.5477308,69.108574,26.959473,7.142228,77.05618
2007.5612,0.7013154,0.536164,0.23365366,0.18152624,1.7536676,76.457664,37.11363,7.5048575,307.7815
2007.4197,0.27081287,0.14956976,0.028836174,0.04610487,0.4633982,68.717445,26.569849,7.1134887,82.20784
2007.6149,0.47618428,0.29102382,0.022977194,0.101772174,0.97860724,71.04,31.255898,7.195298,343.60373
2007.4292,0.3133142,0.17076011,0.03807395,0.052188784,0.52033925,69.23291,27.121763,7.146396,80.21482
2007.4348,0.22419368,0.12927012,0.020854393,0.040593237,0.42833486,68.34448,26.235462,7.0882773,85.18511
2007.4364,0.32458928,0.1758768,0.04098461,0.053915888,0.53863734,69.424614,27.343374,7.1579,80.50817
2007.4647,0.3307074,0.19994043,0.05037501,0.06920785,0.6938956,70.73857,29.146967,7.175013,121.48084
2007.4513,0.3291524,0.17912486,0.047820427,0.063040115,0.61903197,70.534004,28.840185,7.177463,118.280655
2007.4384,0.21034044,0.12376443,0.018476048,0.039155282,0.41947174,68.236664,26.140608,7.080176,86.486786
2007.4318,0.27914274,0.16033676,0.031019008,0.048171904,0.4954167,68.775276,26.624664,7.1202717,79.46364
2007.3726,0.4499186,0.3149167,0.050311882,0.1077113,0.9705427,71.43399,30.447939,7.1422625,224.85242
2007.4858,0.80826277,0.4223809,0.024649156,0.17560653,1.3393127,75.03048,37.901592,7.258306,681.32837
2007.4573,0.19878577,0.11346764,0.016970066,0.036850262,0.41486531,68.235435,26.144579,7.0848227,97.30976
2007.4294,0.33240995,0.17697102,0.04287806,0.055869404,0.5473559,69.65361,27.621767,7.163267,87.69317
2007.3896,0.4060736,0.35687762,0.230222,0.098862916,1.2113626,74.578316,35.433876,7.4361153,224.5109
2007.4199,0.27021867,0.14926912,0.028734958,0.046018712,0.46282744,68.712456,26.56523,7.1132154,82.2126
2007.5349,0.25621897,0.16880065,0.03135838,0.04821672,0.5990249,68.780655,26.65841,7.1419063,96.84839
2007.4448,0.18556246,0.11391696,0.014222125,0.036583345,0.40361926,68.04382,25.970953,7.0656857,88.81493
2007.4902,0.2021799,0.10272192,0.018565653,0.03485843,0.42294353,68.44992,26.343975,7.1109853,117.63531
2007.6963,0.65956604,0.4407231,0.14798455,0.17479125,1.5363109,74.8148,33.857414,7.4003625,260.48242
2007.4634,0.212281,0.11540541,0.019573832,0.037587114,0.4251723,68.39374,26.286875,7.0995626,101.88896
2007.4424,0.1950607,0.11769184,0.0158528,0.037569255,0.40969604,68.117744,26.035988,7.0712404,87.922485
2007.4594,0.17158978,0.09157229,0.0062947846,0.023253577,0.44261304,68.32042,26.356346,7.1175346,120.981125
2007.4126,0.2933186,0.16092485,0.032873195,0.04936015,0.4866569,68.9227,26.767412,7.125185,81.85929
2007.4535,0.5991882,0.3184939,0.023939641,0.12989071,1.0529149,72.80648,33.77436,7.1995006,503.75415
2007.516,0.27371055,0.17988849,0.033752937,0.049786553,0.59210634,68.745605,26.600552,7.1408362,75.39756
2007.4885,0.20210816,0.098365836,0.016264016,0.030714171,0.44020438,68.56416,26.496948,7.1297092,125.8669
2007.4165,0.3847907,0.34267607,0.22700858,0.09287608,1.1536624,73.79372,34.29614,7.425811,193.3862
2007.4832,0.1784977,0.09802947,0.01410461,0.03331496,0.4054871,68.19222,26.113083,7.0877013,111.80468
2007.4242,0.3050883,0.16960196,0.035908815,0.05141051,0.5139938,69.071846,26.932259,7.136564,80.02833
2007.5403,0.41731834,0.272568,0.025621371,0.097969376,0.9614459,70.91367,30.553572,7.1609483,335.0143
2007.4592,0.31778127,0.17175181,0.054507963,0.071050115,0.66350716,71.08731,29.428053,7.1815867,149.5983
2007.4271,0.3350214,0.17733638,0.043510318,0.056521714,0.5502672,69.73007,27.714727,7.165059,90.09236
2007.4264,0.33584303,0.17745134,0.04370925,0.05672695,0.55118316,69.754135,27.743975,7.165623,90.84722
2007.4377,0.11828722,0.092159115,0.06131449,0.06274321,0.61845124,72.464645,30.461014,7.1001215,770.8829
2007.4429,0.19296978,0.11686085,0.015493827,0.037352215,0.40835834,68.10147,26.021671,7.070018,88.11891
2007.4296,0.24432343,0.13727027,0.024310304,0.042682696,0.44121358,68.501144,26.373291,7.100049,83.293686
2007.4897,0.20339951,0.09865344,0.016682638,0.031025903,0.44012073,68.57453,26.503004,7.1302366,126.07442
2007.4193,0.30138084,0.16489042,0.03497014,0.050500654,0.5002376,69.047775,26.910286,7.1337376,81.19623
2007.4524,0.3379271,0.1848657,0.04651928,0.05894984,0.5890009,69.96898,28.050385,7.176042,89.09801
2007.4187,0.27300525,0.15067902,0.029209627,0.046422765,0.46550417,68.73587,26.5869,7.1144953,82.19027
2007.4358,0.2204732,0.1277915,0.020215655,0.040207054,0.42595455,68.31552,26.209988,7.0861015,85.534676
2007.4319,0.23527013,0.13367222,0.022756016,0.04174297,0.43542138,68.43069,26.311302,7.0947547,84.144356
2007.4565,0.3393722,0.1844922,0.048241124,0.061068438,0.6079801,70.26079,28.435966,7.182274,100.59204
2007.433,0.31781915,0.17297596,0.03924566,0.05282607,0.52792776,69.302795,27.2016,7.151175,79.844345
2007.4338,0.31897053,0.17354229,0.039545134,0.05298895,0.5298673,69.32066,27.222004,7.1523967,79.74965
2007.5056,0.40809467,0.2688996,0.090373434,0.109404996,1.0095941,72.53164,30.684914,7.239381,173.11598
2007.4423,0.19541961,0.11783448,0.015914416,0.037606508,0.4099257,68.12054,26.038445,7.07145,87.88874
2007.4479,0.30502275,0.19474483,0.037202746,0.05649575,0.5983525,69.02711,26.885376,7.1328583,81.15461
2007.4784,0.33509794,0.2643739,0.1647794,0.07927718,0.9202512,71.9091,31.147131,7.3329034,139.03839
2007.4777,0.32619625,0.18508935,0.07501257,0.0763161,0.71843857,71.254326,29.519758,7.212008,148.35971
2008.1674,1.0661867,0.5086365,0.022807276,0.22535124,1.543364,78.501785,44.288414,7.27141,1593.1409
2007.3613,0.5007538,0.3174947,0.03984796,0.11520034,0.9782196,71.695656,31.24795,7.145404,316.41586
2007.4286,0.33337379,0.17710587,0.043111417,0.056110162,0.54843044,69.68183,27.656076,7.1639285,88.57867
2007.4277,0.33437198,0.17724553,0.043353096,0.056359503,0.54954326,69.71106,27.69161,7.1646132,89.49576
2007.4779,0.32959178,0.21533231,0.109254,0.077445604,0.7954197,71.50409,30.140516,7.2581234,144.8041
2007.4326,0.23248743,0.1325663,0.022278273,0.04145412,0.43364108,68.40903,26.292248,7.0931273,84.4058
2007.4164,0.2784284,0.15342292,0.030133413,0.047209106,0.47071353,68.78145,26.629076,7.116985,82.146805
2007.4532,0.15322907,0.101066746,0.008671084,0.033227157,0.38293287,67.792175,25.749565,7.0467772,91.85302
2007.4464,0.3195365,0.17407468,0.047424585,0.06489529,0.62943083,70.791084,29.22052,7.172937,134.92407
2007.4132,0.28556207,0.15703227,0.031348575,0.04824347,0.47756597,68.8414,26.684557,7.1202602,82.08962
2007.4574,0.34110683,0.18540324,0.04831253,0.060733773,0.60610414,70.21441,28.367355,7.1830907,97.58965
2007.4778,0.32797498,0.20093179,0.092949554,0.076907784,0.75876427,71.38516,29.844934,7.236165,146.49715
2007.4359,0.32515872,0.17595647,0.041122474,0.05405813,0.5392721,69.44129,27.363644,7.158291,81.03131
2007.478,0.3313691,0.2311625,0.1271771,0.07803682,0.8357142,71.63483,30.465443,7.282262,142.94298
2007.4163,0.27854106,0.1534799,0.030152606,0.047225446,0.47082174,68.782394,26.629953,7.117037,82.14591
2007.4515,0.32966736,0.17939532,0.047841623,0.06294077,0.6184751,70.52024,28.819818,7.177706,117.38935
2007.4169,0.2771657,0.15278405,0.02991833,0.047026023,0.46950063,68.770836,26.619257,7.1164055,82.15693
2007.4541,0.3345951,0.18198334,0.048044473,0.06199007,0.6131461,70.3885,28.624912,7.180025,108.86032
2007.4404,0.34808567,0.25752214,0.033041038,0.08866015,0.8926202,70.31715,29.002977,7.116253,250.76077
2008.3086,0.18264687,0.11891297,0.11128727,0.04712562,0.59226036,74.721146,33.683567,7.0370765,1566.5758
2007.4274,0.27419144,0.1550698,0.02985361,0.04709182,0.48053756,68.7388,26.590359,7.116751,80.63185
2007.4336,0.32779777,0.17632571,0.041761413,0.054717336,0.5422142,69.51856,27.457586,7.160102,83.45588
2007.4387,0.20888089,0.12318437,0.018225467,0.039003782,0.41853797,68.2253,26.130615,7.0793223,86.62393
2007.4285,0.33360133,0.1771377,0.04316651,0.056167,0.5486841,69.68849,27.664177,7.1640844,88.78773
2007.4725,0.33794072,0.24505629,0.13957427,0.080072805,0.8786348,71.9482,31.007954,7.301122,150.5442
2007.4553,0.37964827,0.26460767,0.03337277,0.089118555,0.873165,70.31627,29.176989,7.130945,237.59044
2007.4313,0.33035028,0.17668283,0.042379394,0.05535492,0.54505974,69.5933,27.548449,7.161854,85.8009
2007.4248,0.3080572,0.16817434,0.036706626,0.051445115,0.5114839,69.15135,27.028603,7.1408195,80.647156
2007.4327,0.32872158,0.17645496,0.041985076,0.05494809,0.54324406,69.545616,27.49047,7.160736,84.3046
2007.7281,0.89989793,0.51891327,0.07345591,0.20673537,1.6764047,76.3305,38.925938,7.3424706,636.9292
2007.757,0.8314918,0.6255893,0.23566656,0.20872872,1.982014,76.7073,37.374527,7.504022,351.99356
2007.4633,0.23070633,0.17986405,0.027114576,0.06882745,0.79831046,69.93849,28.053446,7.104936,268.6343
2007.408,0.3033287,0.24021965,0.038068354,0.075696304,0.79209423,69.58495,27.594738,7.0991826,152.51106
2007.432,0.3167535,0.17245181,0.038968492,0.05267532,0.5261327,69.28626,27.182714,7.1500444,79.93198
2009.0262,1.2001072,0.6070019,0.028389154,0.26281816,1.6804528,80.26536,47.8395,7.2641516,2385.1494
2007.4518,0.34135163,0.18462336,0.047692563,0.060108732,0.59690994,70.135086,28.256786,7.1805844,95.639336
2007.488,0.7242745,0.41053924,0.03785289,0.16195081,1.2999096,74.4494,36.425777,7.2451425,546.0968
2007.4779,0.32937726,0.21342166,0.10709073,0.07737425,0.79055625,71.48831,30.1013,7.25521,145.02873
2007.419,0.27238163,0.15036349,0.029103396,0.046332337,0.46490514,68.73063,26.58205,7.1142087,82.195274
2007.4347,0.3198987,0.17399882,0.03978654,0.053120248,0.5314307,69.33506,27.238451,7.153381,79.673325
2007.4336,0.31859693,0.17335853,0.039447963,0.0529361,0.529238,69.314865,27.215382,7.152,79.78036
2007.4545,0.33547172,0.18244372,0.04808056,0.061820943,0.6121981,70.36506,28.59024,7.180438,107.343025
2007.4126,0.0074808146,0.063755386,0.07517762,0.051736265,0.5766211,72.369354,29.212854,7.013199,845.074
2007.4116,0.29208925,0.16032015,0.032553438,0.04918624,0.484586,68.903625,26.745626,7.123881,81.96042
2007.3947,0.60619473,0.3427133,0.029583829,0.13419299,1.0725265,72.70548,33.430786,7.178722,464.46042
2007.4408,0.2010767,0.12008276,0.016885633,0.03819371,0.413545,68.164566,26.077179,7.0747585,87.3572
2007.421,0.26789808,0.14809501,0.02833966,0.045682233,0.46059838,68.692955,26.54718,7.11215,82.23118
2007.5365,0.2589716,0.16313316,0.03152262,0.045696303,0.56926054,68.708084,26.561636,7.1466074,85.154015
2007.7035,0.43312576,0.22732699,0.033062547,0.09409302,0.8642211,72.37309,33.023304,7.234297,628.8465
2007.4314,0.3302635,0.1766707,0.042358384,0.05533324,0.544963,69.59076,27.545359,7.161794,85.72118
2007.4126,0.29325736,0.1608947,0.032857258,0.04935148,0.48655367,68.921745,26.766327,7.12512,81.86433
2007.457,0.3402911,0.18497482,0.04827895,0.06089115,0.6069863,70.23621,28.39962,7.1827064,99.00155
2007.4497,0.3817925,0.27370995,0.14480278,0.09504224,1.0140063,73.497086,33.081345,7.324111,207.39851
2007.4531,0.33264086,0.18095697,0.04796403,0.062367097,0.61525947,70.44074,28.702208,7.1791053,112.24276
2007.4153,0.30697423,0.22906248,0.038235646,0.07054236,0.7355687,69.42522,27.388239,7.1085415,129.01643
2008.0872,2.1663904,1.5273426,0.4085542,0.5754226,4.961413,81.0347,46.036644,7.3736644,1075.382
2007.4403,0.20298603,0.12084159,0.017213428,0.0383919,0.41476652,68.17942,26.090252,7.075875,87.17782
2007.4514,0.3147551,0.17079635,0.05114606,0.0690026,0.65222174,71.05543,29.485262,7.175875,149.5716
2007.4297,0.33218357,0.17693934,0.042823255,0.055812858,0.5471036,69.64698,27.613708,7.1631117,87.48518
2007.4213,0.30374515,0.16605337,0.035585083,0.050835118,0.5042203,69.08445,26.952187,7.1362453,81.001785
2007.4558,0.6605194,0.3463062,0.022637868,0.14284085,1.1266866,73.398705,34.91866,7.2133436,561.46136
2007.4406,0.2019479,0.12042901,0.017035203,0.03828414,0.41410238,68.17134,26.083145,7.075268,87.27535
2007.4777,0.32568392,0.18052617,0.069846086,0.07614568,0.7068233,71.216644,29.426094,7.20505,148.8962
2007.4541,0.3346933,0.18203491,0.04804852,0.06197112,0.6130399,70.38587,28.621029,7.1800714,108.69033
2007.42,0.3301574,0.18639413,0.042000648,0.058413643,0.57419544,69.58765,27.54014,7.152063,93.13911
2007.436,0.3251191,0.17595093,0.041112885,0.054048236,0.539228,69.44013,27.362234,7.1582637,80.994934
2007.478,0.3306263,0.2245466,0.119686484,0.07778973,0.8188739,71.580185,30.329647,7.2721734,143.7208
2007.4949,0.40126273,0.26820722,0.084247105,0.10532196,0.98743045,72.35999,30.627129,7.227518,167.69739
2007.425,0.3063451,0.16994792,0.03623811,0.051551975,0.51540285,69.0945,26.958652,7.1380014,80.00632
2007.4192,0.30126506,0.16483347,0.03494002,0.050484274,0.50004256,69.045975,26.908234,7.1336145,81.205765
2007.4575,0.34124556,0.1854761,0.04831824,0.06070701,0.6059541,70.2107,28.36187,7.1831555,97.34955
2007.4355,0.32554212,0.17601012,0.0412153,0.0541539,0.53969955,69.452515,27.377293,7.158554,81.38356
2007.426,0.25634205,0.14224812,0.026371187,0.04400664,0.4494979,68.59583,26.457308,7.1068444,82.323814
2007.4541,0.31580532,0.17112795,0.05231278,0.069713175,0.65613824,71.06649,29.465408,7.1778574,149.58086
2007.43,0.24225695,0.136449,0.023955526,0.042468194,0.43989143,68.48506,26.35914,7.0988407,83.48785
2007.4401,0.20379288,0.12116225,0.017351953,0.03847565,0.41528276,68.18571,26.095778,7.076347,87.10198
2007.4451,0.26127097,0.18818207,0.039407462,0.08339254,0.83227473,71.53695,30.223593,7.1159863,511.4926
2007.4287,0.31275398,0.17048456,0.03792824,0.052109536,0.5193956,69.22422,27.111835,7.145802,80.2609
2007.429,0.24654846,0.13815455,0.024692295,0.042913646,0.4426371,68.51846,26.388525,7.1013503,83.0846
2007.452,0.3306568,0.17991498,0.047882352,0.06274987,0.61740506,70.49379,28.780682,7.178171,115.67679
2007.4287,0.24741814,0.1385002,0.024841605,0.043003917,0.4431935,68.52523,26.39448,7.1018586,83.002914
2007.4459,0.3185818,0.17357327,0.047385283,0.06507949,0.6304633,70.81661,29.258282,7.1724873,136.57654
2007.4266,0.33561084,0.17741886,0.04365303,0.056668952,0.5509243,69.74734,27.73571,7.1654634,90.6339
2007.3965,0.30750015,0.24014936,0.03840164,0.076385975,0.7886918,69.64183,27.652004,7.098557,155.82233
2007.4834,0.29153302,0.1938716,0.036054216,0.054180138,0.60724115,68.85523,26.71245,7.1350775,72.02246
2007.411,0.29127932,0.15992177,0.032342777,0.049071662,0.48322168,68.89106,26.731272,7.1230216,82.027016
2007.4279,0.25070158,0.13980512,0.025405312,0.043344744,0.44529417,68.55079,26.416962,7.103779,82.6944
2007.4229,0.30557445,0.16695313,0.036060873,0.0510939,0.5073017,69.11283,26.984604,7.138186,80.85137
2007.4293,0.24500735,0.13754207,0.024427718,0.042753685,0.4416511,68.50647,26.377974,7.100449,83.22942
2007.4532,0.341426,0.18487713,0.047844525,0.060230937,0.59893984,70.1503,28.277687,7.1812387,95.871376
2007.4398,0.20482884,0.12157398,0.01752981,0.03858318,0.41594553,68.19376,26.10287,7.076953,87.00464
2007.0983,0.63436353,0.5976515,0.41289902,0.1441566,1.8975513,76.922714,39.80109,7.5789466,235.26875
2007.4314,0.31601772,0.17208989,0.03877712,0.052571233,0.5248933,69.27485,27.169674,7.1492643,79.99249
2007.4406,0.20225777,0.12055216,0.017088404,0.038316306,0.41430062,68.17376,26.085266,7.075449,87.24623
2007.419,0.30098563,0.16469604,0.034867346,0.05044475,0.4995719,69.04164,26.903282,7.133318,81.22874
