,fixed acidity,volatile acidity,citric acid,residual sugar,chlorides,free sulfur dioxide,total sulfur dioxide,density,pH,sulphates,alcohol,quality,Id
0,7.4,0.7,0.0,1.9,0.076,11.0,34.0,0.9978,3.51,0.56,9.4,5.0,0.0
1,7.8,0.88,0.0,2.6,0.098,25.0,67.0,0.9968,3.2,0.68,9.8,5.0,1.0
2,7.8,0.76,0.04,2.3,0.092,15.0,54.0,0.997,3.26,0.65,9.8,5.0,2.0
3,11.2,0.28,0.56,1.9,0.075,17.0,60.0,0.998,3.16,0.58,9.8,6.0,3.0
4,7.4,0.7,0.0,1.9,0.076,11.0,34.0,0.9978,3.51,0.56,9.4,5.0,4.0
5,7.4,0.66,0.0,1.8,0.075,13.0,40.0,0.9978,3.51,0.56,9.4,5.0,5.0
6,7.9,0.6,0.06,1.6,0.069,15.0,59.0,0.9964,3.3,0.46,9.4,5.0,6.0
7,7.3,0.65,0.0,1.2,0.065,15.0,21.0,0.9946,3.39,0.47,10.0,7.0,7.0
8,7.8,0.58,0.02,2.0,0.073,9.0,18.0,0.9968,3.36,0.57,9.5,7.0,8.0
9,6.7,0.58,0.08,1.8,0.0969999999999999,15.0,65.0,0.9959,3.28,0.54,9.2,5.0,10.0
10,5.6,0.615,0.0,1.6,0.089,16.0,59.0,0.9943,3.58,0.52,9.9,5.0,12.0
11,7.8,0.61,0.29,1.6,0.114,9.0,29.0,0.9974,3.26,1.56,9.1,5.0,13.0
12,8.5,0.28,0.56,1.8,0.092,35.0,103.0,0.9969,3.3,0.75,10.5,7.0,16.0
13,7.9,0.32,0.51,1.8,0.341,17.0,56.0,0.9969,3.04,1.08,9.2,6.0,19.0
14,7.6,0.39,0.31,2.3,0.0819999999999999,23.0,71.0,0.9982,3.52,0.65,9.7,5.0,21.0
15,7.9,0.43,0.21,1.6,0.106,10.0,37.0,0.9966,3.17,0.91,9.5,5.0,22.0
16,8.5,0.49,0.11,2.3,0.084,9.0,67.0,0.9968,3.17,0.53,9.4,5.0,23.0
17,6.9,0.4,0.14,2.4,0.085,21.0,40.0,0.9968,3.43,0.63,9.7,6.0,24.0
18,6.3,0.39,0.16,1.4,0.08,11.0,23.0,0.9955,3.34,0.56,9.3,5.0,25.0
19,7.6,0.41,0.24,1.8,0.08,4.0,11.0,0.9962,3.28,0.59,9.5,5.0,26.0
20,7.1,0.71,0.0,1.9,0.08,14.0,35.0,0.9972,3.47,0.55,9.4,5.0,28.0
21,7.8,0.645,0.0,2.0,0.0819999999999999,8.0,16.0,0.9964,3.38,0.59,9.8,6.0,29.0
22,6.7,0.675,0.07,2.4,0.089,17.0,82.0,0.9958,3.35,0.54,10.1,5.0,30.0
23,8.3,0.655,0.12,2.3,0.083,15.0,113.0,0.9966,3.17,0.66,9.8,5.0,32.0
24,5.2,0.32,0.25,1.8,0.103,13.0,50.0,0.9957,3.38,0.55,9.2,5.0,34.0
25,7.8,0.645,0.0,5.5,0.086,5.0,18.0,0.9986,3.4,0.55,9.6,6.0,35.0
26,7.8,0.6,0.14,2.4,0.086,3.0,15.0,0.9975,3.42,0.6,10.8,6.0,36.0
27,8.1,0.38,0.28,2.1,0.066,13.0,30.0,0.9968,3.23,0.73,9.7,7.0,37.0
28,7.3,0.45,0.36,5.9,0.074,12.0,87.0,0.9978,3.33,0.83,10.5,5.0,40.0
29,8.8,0.61,0.3,2.8,0.088,17.0,46.0,0.9976,3.26,0.51,9.3,4.0,41.0
30,7.5,0.49,0.2,2.6,0.332,8.0,14.0,0.9968,3.21,0.9,10.5,6.0,42.0
31,8.1,0.66,0.22,2.2,0.069,9.0,23.0,0.9968,3.3,1.2,10.3,5.0,43.0
32,4.6,0.52,0.15,2.1,0.054,8.0,65.0,0.9934,3.9,0.56,13.1,4.0,45.0
33,7.7,0.935,0.43,2.2,0.114,22.0,114.0,0.997,3.25,0.73,9.2,5.0,46.0
34,8.8,0.66,0.26,1.7,0.074,4.0,23.0,0.9971,3.15,0.74,9.2,5.0,50.0
35,6.6,0.52,0.04,2.2,0.069,8.0,15.0,0.9956,3.4,0.63,9.4,6.0,51.0
36,6.6,0.5,0.04,2.1,0.068,6.0,14.0,0.9955,3.39,0.64,9.4,6.0,52.0
37,8.6,0.38,0.36,3.0,0.081,30.0,119.0,0.997,3.2,0.56,9.4,5.0,53.0
38,7.6,0.51,0.15,2.8,0.11,33.0,73.0,0.9955,3.17,0.63,10.2,6.0,54.0
39,10.2,0.42,0.57,3.4,0.07,4.0,10.0,0.9971,3.04,0.63,9.6,5.0,56.0
40,7.8,0.59,0.18,2.3,0.076,17.0,54.0,0.9975,3.43,0.59,10.0,5.0,58.0
41,7.3,0.39,0.31,2.4,0.074,9.0,46.0,0.9962,3.41,0.54,9.4,6.0,59.0
42,8.8,0.4,0.4,2.2,0.079,19.0,52.0,0.998,3.44,0.64,9.2,5.0,60.0
43,7.7,0.69,0.49,1.8,0.115,20.0,112.0,0.9968,3.21,0.71,9.3,5.0,61.0
44,7.0,0.735,0.05,2.0,0.081,13.0,54.0,0.9966,3.39,0.57,9.8,5.0,63.0
45,7.2,0.725,0.05,4.65,0.086,4.0,11.0,0.9962,3.41,0.39,10.9,5.0,64.0
46,7.2,0.725,0.05,4.65,0.086,4.0,11.0,0.9962,3.41,0.39,10.9,5.0,65.0
47,6.6,0.705,0.07,1.6,0.076,6.0,15.0,0.9962,3.44,0.58,10.7,5.0,67.0
48,8.0,0.705,0.05,1.9,0.074,8.0,19.0,0.9962,3.34,0.95,10.5,6.0,69.0
49,7.7,0.69,0.22,1.9,0.084,18.0,94.0,0.9961,3.31,0.48,9.5,5.0,72.0
50,8.3,0.675,0.26,2.1,0.084,11.0,43.0,0.9976,3.31,0.53,9.2,4.0,73.0
51,8.8,0.41,0.64,2.2,0.093,9.0,42.0,0.9986,3.54,0.66,10.5,5.0,76.0
52,6.8,0.785,0.0,2.4,0.104,14.0,30.0,0.9966,3.52,0.55,10.7,6.0,77.0
53,6.7,0.75,0.12,2.0,0.086,12.0,80.0,0.9958,3.38,0.52,10.1,5.0,78.0
54,8.3,0.625,0.2,1.5,0.08,27.0,119.0,0.9972,3.16,1.12,9.1,4.0,79.0
55,6.2,0.45,0.2,1.6,0.069,3.0,15.0,0.9958,3.41,0.56,9.2,5.0,80.0
56,7.4,0.5,0.47,2.0,0.086,21.0,73.0,0.997,3.36,0.57,9.1,5.0,82.0
57,6.3,0.3,0.48,1.8,0.069,18.0,61.0,0.9959,3.44,0.78,10.3,6.0,84.0
58,6.9,0.55,0.15,2.2,0.076,19.0,40.0,0.9961,3.41,0.59,10.1,5.0,85.0
59,8.6,0.49,0.28,1.9,0.11,20.0,136.0,0.9972,2.93,1.95,9.9,6.0,86.0
60,7.7,0.49,0.26,1.9,0.062,9.0,31.0,0.9966,3.39,0.64,9.6,5.0,87.0
61,9.3,0.39,0.44,2.1,0.107,34.0,125.0,0.9978,3.14,1.22,9.5,5.0,88.0
62,7.0,0.62,0.08,1.8,0.076,8.0,24.0,0.9978,3.48,0.53,9.0,5.0,89.0
63,7.9,0.52,0.26,1.9,0.079,42.0,140.0,0.9964,3.23,0.54,9.5,5.0,90.0
64,8.6,0.49,0.28,1.9,0.11,20.0,136.0,0.9972,2.93,1.95,9.9,6.0,91.0
65,7.7,0.49,0.26,1.9,0.062,9.0,31.0,0.9966,3.39,0.64,9.6,5.0,93.0
66,5.0,1.02,0.04,1.4,0.045,41.0,85.0,0.9938,3.75,0.48,10.5,4.0,94.0
67,6.8,0.775,0.0,3.0,0.102,8.0,23.0,0.9965,3.45,0.56,10.7,5.0,96.0
68,7.6,0.9,0.06,2.5,0.079,5.0,10.0,0.9967,3.39,0.56,9.8,5.0,98.0
69,8.1,0.545,0.18,1.9,0.08,13.0,35.0,0.9972,3.3,0.59,9.0,6.0,99.0
70,8.3,0.61,0.3,2.1,0.084,11.0,50.0,0.9972,3.4,0.61,10.2,6.0,100.0
71,8.1,0.545,0.18,1.9,0.08,13.0,35.0,0.9972,3.3,0.59,9.0,6.0,102.0
72,8.1,0.575,0.22,2.1,0.077,12.0,65.0,0.9967,3.29,0.51,9.2,5.0,103.0
73,7.2,0.49,0.24,2.2,0.07,5.0,36.0,0.996,3.33,0.48,9.4,5.0,104.0
74,8.1,0.575,0.22,2.1,0.077,12.0,65.0,0.9967,3.29,0.51,9.2,5.0,105.0
75,7.8,0.41,0.68,1.7,0.467,18.0,69.0,0.9973,3.08,1.31,9.3,5.0,106.0
76,6.2,0.63,0.31,1.7,0.088,15.0,64.0,0.9969,3.46,0.79,9.3,5.0,107.0
77,7.8,0.56,0.19,1.8,0.104,12.0,47.0,0.9964,3.19,0.93,9.5,5.0,110.0
78,8.4,0.62,0.09,2.2,0.084,11.0,108.0,0.9964,3.15,0.66,9.8,5.0,111.0
79,10.1,0.31,0.44,2.3,0.08,22.0,46.0,0.9988,3.32,0.67,9.7,6.0,113.0
80,7.8,0.56,0.19,1.8,0.104,12.0,47.0,0.9964,3.19,0.93,9.5,5.0,114.0
81,9.4,0.4,0.31,2.2,0.09,13.0,62.0,0.9966,3.07,0.63,10.5,6.0,115.0
82,8.3,0.54,0.28,1.9,0.077,11.0,40.0,0.9978,3.39,0.61,10.0,6.0,116.0
83,7.3,1.07,0.09,1.7,0.178,10.0,89.0,0.9962,3.3,0.57,9.0,5.0,120.0
84,8.8,0.55,0.04,2.2,0.119,14.0,56.0,0.9962,3.21,0.6,10.9,6.0,121.0
85,7.3,0.695,0.0,2.5,0.075,3.0,13.0,0.998,3.49,0.52,9.2,5.0,122.0
86,7.8,0.5,0.17,1.6,0.0819999999999999,21.0,102.0,0.996,3.39,0.48,9.5,5.0,124.0
87,8.2,1.33,0.0,1.7,0.081,3.0,12.0,0.9964,3.53,0.49,10.9,5.0,126.0
88,8.1,1.33,0.0,1.8,0.0819999999999999,3.0,12.0,0.9964,3.54,0.48,10.9,5.0,127.0
89,8.0,0.59,0.16,1.8,0.065,3.0,16.0,0.9962,3.42,0.92,10.5,7.0,128.0
90,8.0,0.745,0.56,2.0,0.118,30.0,134.0,0.9968,3.24,0.66,9.4,5.0,130.0
91,5.6,0.5,0.09,2.3,0.049,17.0,99.0,0.9937,3.63,0.63,13.0,5.0,131.0
92,7.9,1.04,0.05,2.2,0.084,13.0,29.0,0.9959,3.22,0.55,9.9,6.0,134.0
93,8.4,0.745,0.11,1.9,0.09,16.0,63.0,0.9965,3.19,0.82,9.6,5.0,135.0
94,7.2,0.415,0.36,2.0,0.081,13.0,45.0,0.9972,3.48,0.64,9.2,5.0,137.0
95,8.4,0.745,0.11,1.9,0.09,16.0,63.0,0.9965,3.19,0.82,9.6,5.0,140.0
96,5.2,0.34,0.0,1.8,0.05,27.0,63.0,0.9916,3.68,0.79,14.0,6.0,142.0
97,6.3,0.39,0.08,1.7,0.066,3.0,20.0,0.9954,3.34,0.58,9.4,5.0,143.0
98,5.2,0.34,0.0,1.8,0.05,27.0,63.0,0.9916,3.68,0.79,14.0,6.0,144.0
99,8.1,0.67,0.55,1.8,0.1169999999999999,32.0,141.0,0.9968,3.17,0.62,9.4,5.0,145.0
100,5.8,0.68,0.02,1.8,0.087,21.0,94.0,0.9944,3.54,0.52,10.0,5.0,146.0
101,6.9,0.49,0.1,2.3,0.074,12.0,30.0,0.9959,3.42,0.58,10.2,6.0,148.0
102,7.3,0.33,0.47,2.1,0.077,5.0,11.0,0.9958,3.33,0.53,10.3,6.0,150.0
103,9.2,0.52,1.0,3.4,0.61,32.0,69.0,0.9996,2.74,2.0,9.4,4.0,151.0
104,7.5,0.6,0.03,1.8,0.095,25.0,99.0,0.995,3.35,0.54,10.1,5.0,152.0
105,7.5,0.6,0.03,1.8,0.095,25.0,99.0,0.995,3.35,0.54,10.1,5.0,153.0
106,7.1,0.43,0.42,5.5,0.071,28.0,128.0,0.9973,3.42,0.71,10.5,5.0,155.0
107,7.1,0.43,0.42,5.5,0.07,29.0,129.0,0.9973,3.42,0.72,10.5,5.0,156.0
108,7.1,0.43,0.42,5.5,0.071,28.0,128.0,0.9973,3.42,0.71,10.5,5.0,157.0
109,7.1,0.68,0.0,2.2,0.073,12.0,22.0,0.9969,3.48,0.5,9.3,5.0,158.0
110,6.8,0.6,0.18,1.9,0.079,18.0,86.0,0.9968,3.59,0.57,9.3,6.0,159.0
111,7.6,0.95,0.03,2.0,0.09,7.0,20.0,0.9959,3.2,0.56,9.6,5.0,160.0
112,7.6,0.68,0.02,1.3,0.072,9.0,20.0,0.9965,3.17,1.08,9.2,4.0,161.0
113,7.8,0.53,0.04,1.7,0.076,17.0,31.0,0.9964,3.33,0.56,10.0,6.0,162.0
114,7.4,0.6,0.26,7.3,0.07,36.0,121.0,0.9982,3.37,0.49,9.4,5.0,163.0
115,7.3,0.59,0.26,7.2,0.07,35.0,121.0,0.9981,3.37,0.49,9.4,5.0,164.0
116,7.8,0.63,0.48,1.7,0.1,14.0,96.0,0.9961,3.19,0.62,9.5,5.0,165.0
117,6.8,0.64,0.1,2.1,0.085,18.0,101.0,0.9956,3.34,0.52,10.2,5.0,166.0
118,7.3,0.55,0.03,1.6,0.072,17.0,42.0,0.9956,3.37,0.48,9.0,4.0,167.0
119,6.8,0.63,0.07,2.1,0.089,11.0,44.0,0.9953,3.47,0.55,10.4,6.0,168.0
120,7.9,0.885,0.03,1.8,0.0579999999999999,4.0,8.0,0.9972,3.36,0.33,9.1,4.0,170.0
121,8.0,0.42,0.17,2.0,0.073,6.0,18.0,0.9972,3.29,0.61,9.2,6.0,172.0
122,7.4,0.62,0.05,1.9,0.068,24.0,42.0,0.9961,3.42,0.57,11.5,6.0,173.0
123,6.9,0.5,0.04,1.5,0.085,19.0,49.0,0.9958,3.35,0.78,9.5,5.0,175.0
124,7.3,0.38,0.21,2.0,0.08,7.0,35.0,0.9961,3.33,0.47,9.5,5.0,176.0
125,7.5,0.52,0.42,2.3,0.087,8.0,38.0,0.9972,3.58,0.61,10.5,6.0,177.0
126,7.0,0.805,0.0,2.5,0.068,7.0,20.0,0.9969,3.48,0.56,9.6,5.0,178.0
127,8.8,0.61,0.14,2.4,0.067,10.0,42.0,0.9969,3.19,0.59,9.5,5.0,179.0
128,8.8,0.61,0.14,2.4,0.067,10.0,42.0,0.9969,3.19,0.59,9.5,5.0,180.0
129,8.9,0.61,0.49,2.0,0.27,23.0,110.0,0.9972,3.12,1.02,9.3,5.0,181.0
130,7.2,0.73,0.02,2.5,0.076,16.0,42.0,0.9972,3.44,0.52,9.3,5.0,182.0
131,6.8,0.61,0.2,1.8,0.077,11.0,65.0,0.9971,3.54,0.58,9.3,5.0,183.0
132,6.7,0.62,0.21,1.9,0.079,8.0,62.0,0.997,3.52,0.58,9.3,6.0,184.0
133,8.9,0.31,0.57,2.0,0.111,26.0,85.0,0.9971,3.26,0.53,9.7,5.0,185.0
134,7.4,0.39,0.48,2.0,0.0819999999999999,14.0,67.0,0.9972,3.34,0.55,9.2,5.0,186.0
135,7.9,0.5,0.33,2.0,0.084,15.0,143.0,0.9968,3.2,0.55,9.5,5.0,188.0
136,8.2,0.5,0.35,2.9,0.077,21.0,127.0,0.9976,3.23,0.62,9.4,5.0,190.0
137,6.4,0.37,0.25,1.9,0.074,21.0,49.0,0.9974,3.57,0.62,9.8,6.0,191.0
138,7.6,0.55,0.21,2.2,0.071,7.0,28.0,0.9964,3.28,0.55,9.7,5.0,193.0
139,7.6,0.55,0.21,2.2,0.071,7.0,28.0,0.9964,3.28,0.55,9.7,5.0,194.0
140,7.3,0.58,0.3,2.4,0.074,15.0,55.0,0.9968,3.46,0.59,10.2,5.0,196.0
141,11.5,0.3,0.6,2.0,0.067,12.0,27.0,0.9981,3.11,0.97,10.1,6.0,197.0
142,6.9,1.09,0.06,2.1,0.061,12.0,31.0,0.9948,3.51,0.43,11.4,4.0,199.0
143,9.6,0.32,0.47,1.4,0.0559999999999999,9.0,24.0,0.99695,3.22,0.82,10.3,7.0,200.0
144,7.0,0.43,0.36,1.6,0.089,14.0,37.0,0.99615,3.34,0.56,9.2,6.0,204.0
145,12.8,0.3,0.74,2.6,0.095,9.0,28.0,0.9994,3.2,0.77,10.8,7.0,205.0
146,12.8,0.3,0.74,2.6,0.095,9.0,28.0,0.9994,3.2,0.77,10.8,7.0,206.0
147,7.8,0.44,0.28,2.7,0.1,18.0,95.0,0.9966,3.22,0.67,9.4,5.0,208.0
148,9.7,0.53,0.6,2.0,0.039,5.0,19.0,0.99585,3.3,0.86,12.4,6.0,210.0
149,8.0,0.725,0.24,2.8,0.083,10.0,62.0,0.99685,3.35,0.56,10.0,6.0,211.0
150,8.2,0.57,0.26,2.2,0.06,28.0,65.0,0.9959,3.3,0.43,10.1,5.0,213.0
151,7.8,0.735,0.08,2.4,0.092,10.0,41.0,0.9974,3.24,0.71,9.8,6.0,214.0
152,7.0,0.49,0.49,5.6,0.06,26.0,121.0,0.9974,3.34,0.76,10.5,5.0,215.0
153,8.7,0.625,0.16,2.0,0.1009999999999999,13.0,49.0,0.9962,3.14,0.57,11.0,5.0,216.0
154,8.1,0.725,0.22,2.2,0.072,11.0,41.0,0.9967,3.36,0.55,9.1,5.0,217.0
155,7.5,0.49,0.19,1.9,0.076,10.0,44.0,0.9957,3.39,0.54,9.7,5.0,218.0
156,7.8,0.34,0.37,2.0,0.0819999999999999,24.0,58.0,0.9964,3.34,0.59,9.4,6.0,220.0
157,7.4,0.53,0.26,2.0,0.1009999999999999,16.0,72.0,0.9957,3.15,0.57,9.4,5.0,221.0
158,6.8,0.61,0.04,1.5,0.057,5.0,10.0,0.99525,3.42,0.6,9.5,5.0,222.0
159,8.6,0.645,0.25,2.0,0.083,8.0,28.0,0.99815,3.28,0.6,10.0,6.0,223.0
160,7.7,0.43,0.25,2.6,0.073,29.0,63.0,0.99615,3.37,0.58,10.5,6.0,225.0
161,8.9,0.59,0.5,2.0,0.337,27.0,81.0,0.9964,3.04,1.61,9.5,6.0,226.0
162,5.2,0.48,0.04,1.6,0.054,19.0,106.0,0.9927,3.54,0.62,12.2,7.0,230.0
163,8.0,0.38,0.06,1.8,0.078,12.0,49.0,0.99625,3.37,0.52,9.9,6.0,231.0
164,8.5,0.37,0.2,2.8,0.09,18.0,58.0,0.998,3.34,0.7,9.6,6.0,232.0
165,8.2,1.0,0.09,2.3,0.065,7.0,37.0,0.99685,3.32,0.55,9.0,6.0,234.0
166,7.2,0.63,0.0,1.9,0.0969999999999999,14.0,38.0,0.99675,3.37,0.58,9.0,6.0,235.0
167,8.9,0.635,0.37,1.7,0.263,5.0,62.0,0.9971,3.0,1.09,9.3,5.0,240.0
168,12.0,0.38,0.56,2.1,0.093,6.0,24.0,0.99925,3.14,0.71,10.9,6.0,241.0
169,7.7,0.58,0.1,1.8,0.102,28.0,109.0,0.99565,3.08,0.49,9.8,6.0,242.0
170,15.0,0.21,0.44,2.2,0.075,10.0,24.0,1.00005,3.07,0.84,9.2,7.0,243.0
171,15.0,0.21,0.44,2.2,0.075,10.0,24.0,1.00005,3.07,0.84,9.2,7.0,244.0
172,7.3,0.66,0.0,2.0,0.084,6.0,23.0,0.9983,3.61,0.96,9.9,6.0,245.0
173,7.1,0.68,0.07,1.9,0.075,16.0,51.0,0.99685,3.38,0.52,9.5,5.0,246.0
174,7.3,0.66,0.0,2.0,0.084,6.0,23.0,0.9983,3.61,0.96,9.9,6.0,249.0
175,10.8,0.32,0.44,1.6,0.063,16.0,37.0,0.9985,3.22,0.78,10.0,6.0,250.0
176,7.1,0.6,0.0,1.8,0.074,16.0,34.0,0.9972,3.47,0.7,9.9,6.0,251.0
177,11.1,0.35,0.48,3.1,0.09,5.0,21.0,0.9986,3.17,0.53,10.5,5.0,252.0
178,7.7,0.775,0.42,1.9,0.092,8.0,86.0,0.9959,3.23,0.59,9.5,5.0,253.0
179,8.0,0.57,0.23,3.2,0.073,17.0,119.0,0.99675,3.26,0.57,9.3,5.0,255.0
180,9.4,0.34,0.37,2.2,0.075,5.0,13.0,0.998,3.22,0.62,9.2,5.0,256.0
181,6.6,0.695,0.0,2.1,0.075,12.0,56.0,0.9968,3.49,0.67,9.2,5.0,257.0
182,7.7,0.41,0.76,1.8,0.611,8.0,45.0,0.9968,3.06,1.26,9.4,5.0,258.0
183,10.0,0.31,0.47,2.6,0.085,14.0,33.0,0.99965,3.36,0.8,10.5,7.0,259.0
184,7.9,0.33,0.23,1.7,0.077,18.0,45.0,0.99625,3.29,0.65,9.3,5.0,260.0
185,7.0,0.975,0.04,2.0,0.087,12.0,67.0,0.99565,3.35,0.6,9.4,4.0,261.0
186,8.0,0.52,0.03,1.7,0.07,10.0,35.0,0.99575,3.34,0.57,10.0,5.0,262.0
187,7.9,0.37,0.23,1.8,0.077,23.0,49.0,0.9963,3.28,0.67,9.3,5.0,263.0
188,12.5,0.56,0.49,2.4,0.064,5.0,27.0,0.9999,3.08,0.87,10.9,5.0,264.0
189,8.1,0.87,0.0,3.3,0.096,26.0,61.0,1.00025,3.6,0.72,9.8,4.0,266.0
190,7.9,0.35,0.46,3.6,0.078,15.0,37.0,0.9973,3.35,0.86,12.8,8.0,267.0
191,6.9,0.54,0.04,3.0,0.077,7.0,27.0,0.9987,3.69,0.91,9.4,6.0,268.0
192,11.5,0.18,0.51,4.0,0.104,4.0,23.0,0.9996,3.28,0.97,10.1,6.0,269.0
193,7.9,0.545,0.06,4.0,0.087,27.0,61.0,0.9965,3.36,0.67,10.7,6.0,270.0
194,7.9,0.545,0.06,4.0,0.087,27.0,61.0,0.9965,3.36,0.67,10.7,6.0,275.0
195,6.9,0.54,0.04,3.0,0.077,7.0,27.0,0.9987,3.69,0.91,9.4,6.0,276.0
196,11.5,0.18,0.51,4.0,0.104,4.0,23.0,0.9996,3.28,0.97,10.1,6.0,277.0
197,10.3,0.32,0.45,6.4,0.073,5.0,13.0,0.9976,3.23,0.82,12.6,8.0,278.0
198,8.9,0.4,0.32,5.6,0.087,10.0,47.0,0.9991,3.38,0.77,10.5,7.0,279.0
199,11.4,0.26,0.44,3.6,0.071,6.0,19.0,0.9986,3.12,0.82,9.3,6.0,280.0
200,7.7,0.27,0.68,3.5,0.358,5.0,10.0,0.9972,3.25,1.08,9.9,7.0,281.0
201,8.9,0.4,0.32,5.6,0.087,10.0,47.0,0.9991,3.38,0.77,10.5,7.0,283.0
202,9.9,0.59,0.07,3.4,0.102,32.0,71.0,1.00015,3.31,0.71,9.8,5.0,284.0
203,9.9,0.59,0.07,3.4,0.102,32.0,71.0,1.00015,3.31,0.71,9.8,5.0,285.0
204,12.0,0.45,0.55,2.0,0.073,25.0,49.0,0.9997,3.1,0.76,10.3,6.0,286.0
205,7.5,0.4,0.12,3.0,0.092,29.0,53.0,0.9967,3.37,0.7,10.3,6.0,287.0
206,8.7,0.52,0.09,2.5,0.091,20.0,49.0,0.9976,3.34,0.86,10.6,7.0,288.0
207,11.6,0.42,0.53,3.3,0.105,33.0,98.0,1.001,3.2,0.95,9.2,5.0,289.0
208,8.7,0.52,0.09,2.5,0.091,20.0,49.0,0.9976,3.34,0.86,10.6,7.0,290.0
209,10.4,0.55,0.23,2.7,0.091,18.0,48.0,0.9994,3.22,0.64,10.3,6.0,292.0
210,6.9,0.36,0.25,2.4,0.098,5.0,16.0,0.9964,3.41,0.6,10.1,6.0,293.0
211,13.3,0.34,0.52,3.2,0.094,17.0,53.0,1.0014,3.05,0.81,9.5,6.0,294.0
212,10.8,0.5,0.46,2.5,0.073,5.0,27.0,1.0001,3.05,0.64,9.5,5.0,295.0
213,10.6,0.83,0.37,2.6,0.086,26.0,70.0,0.9981,3.16,0.52,9.9,5.0,296.0
214,7.1,0.63,0.06,2.0,0.083,8.0,29.0,0.99855,3.67,0.73,9.6,5.0,297.0
215,7.2,0.65,0.02,2.3,0.094,5.0,31.0,0.9993,3.67,0.8,9.7,5.0,298.0
216,7.5,0.53,0.06,2.6,0.086,20.0,44.0,0.9965,3.38,0.59,10.7,6.0,300.0
217,11.1,0.18,0.48,1.5,0.068,7.0,15.0,0.9973,3.22,0.64,10.1,6.0,301.0
218,8.3,0.705,0.12,2.6,0.092,12.0,28.0,0.9994,3.51,0.72,10.0,5.0,302.0
219,8.4,0.65,0.6,2.1,0.1119999999999999,12.0,90.0,0.9973,3.2,0.52,9.2,5.0,304.0
220,7.6,0.62,0.32,2.2,0.0819999999999999,7.0,54.0,0.9966,3.36,0.52,9.4,5.0,306.0
221,10.3,0.41,0.42,2.4,0.213,6.0,14.0,0.9994,3.19,0.62,9.5,6.0,307.0
222,10.3,0.43,0.44,2.4,0.214,5.0,12.0,0.9994,3.19,0.63,9.5,6.0,308.0
223,7.9,0.53,0.24,2.0,0.072,15.0,105.0,0.996,3.27,0.54,9.4,6.0,311.0
224,9.0,0.46,0.31,2.8,0.093,19.0,98.0,0.99815,3.32,0.63,9.5,6.0,312.0
225,8.6,0.47,0.3,3.0,0.076,30.0,135.0,0.9976,3.3,0.53,9.4,5.0,313.0
226,7.4,0.36,0.29,2.6,0.087,26.0,72.0,0.99645,3.39,0.68,11.0,5.0,314.0
227,9.8,0.66,0.39,3.2,0.083,21.0,59.0,0.9989,3.37,0.71,11.5,7.0,318.0
228,9.6,0.77,0.12,2.9,0.0819999999999999,30.0,74.0,0.99865,3.3,0.64,10.4,6.0,319.0
229,9.3,0.61,0.26,3.4,0.09,25.0,87.0,0.99975,3.24,0.62,9.7,5.0,321.0
230,10.0,0.49,0.2,11.0,0.071,13.0,50.0,1.0015,3.16,0.69,9.2,6.0,324.0
231,10.0,0.49,0.2,11.0,0.071,13.0,50.0,1.0015,3.16,0.69,9.2,6.0,325.0
232,11.6,0.53,0.66,3.65,0.121,6.0,14.0,0.9978,3.05,0.74,11.5,7.0,326.0
233,10.3,0.44,0.5,4.5,0.107,5.0,13.0,0.998,3.28,0.83,11.5,5.0,327.0
234,13.4,0.27,0.62,2.6,0.0819999999999999,6.0,21.0,1.0002,3.16,0.67,9.7,6.0,328.0
235,8.4,0.56,0.08,2.1,0.105,16.0,44.0,0.9958,3.13,0.52,11.0,5.0,333.0
236,7.9,0.65,0.01,2.5,0.078,17.0,38.0,0.9963,3.34,0.74,11.7,7.0,334.0
237,11.9,0.695,0.53,3.4,0.128,7.0,21.0,0.9992,3.17,0.84,12.2,7.0,335.0
238,8.9,0.43,0.45,1.9,0.052,6.0,16.0,0.9948,3.35,0.7,12.5,6.0,336.0
239,7.8,0.43,0.32,2.8,0.08,29.0,58.0,0.9974,3.31,0.64,10.3,5.0,337.0
240,12.5,0.28,0.54,2.3,0.0819999999999999,12.0,29.0,0.9997,3.11,1.36,9.8,7.0,339.0
241,10.9,0.39,0.47,1.8,0.118,6.0,14.0,0.9982,3.3,0.75,9.8,6.0,342.0
242,10.9,0.39,0.47,1.8,0.118,6.0,14.0,0.9982,3.3,0.75,9.8,6.0,343.0
243,11.9,0.57,0.5,2.6,0.0819999999999999,6.0,32.0,1.0006,3.12,0.78,10.7,6.0,344.0
244,13.8,0.49,0.67,3.0,0.093,6.0,15.0,0.9986,3.02,0.93,12.0,6.0,347.0
245,9.6,0.56,0.31,2.8,0.089,15.0,46.0,0.9979,3.11,0.92,10.0,6.0,348.0
246,9.1,0.795,0.0,2.6,0.096,11.0,26.0,0.9994,3.35,0.83,9.4,6.0,351.0
247,7.7,0.665,0.0,2.4,0.09,8.0,19.0,0.9974,3.27,0.73,9.3,5.0,352.0
248,13.5,0.53,0.79,4.8,0.12,23.0,77.0,1.0018,3.18,0.77,13.0,5.0,353.0
249,6.1,0.21,0.4,1.4,0.066,40.5,165.0,0.9912,3.25,0.59,11.9,6.0,354.0
250,6.7,0.75,0.01,2.4,0.078,17.0,32.0,0.9955,3.55,0.61,12.8,6.0,355.0
251,11.5,0.41,0.52,3.0,0.08,29.0,55.0,1.0001,3.26,0.88,11.0,5.0,356.0
252,10.5,0.42,0.66,2.95,0.1159999999999999,12.0,29.0,0.997,3.24,0.75,11.7,7.0,357.0
253,11.9,0.43,0.66,3.1,0.109,10.0,23.0,1.0,3.15,0.85,10.4,7.0,358.0
254,12.6,0.38,0.66,2.6,0.088,10.0,41.0,1.001,3.17,0.68,9.8,6.0,359.0
255,8.2,0.7,0.23,2.0,0.099,14.0,81.0,0.9973,3.19,0.7,9.4,5.0,360.0
256,8.6,0.45,0.31,2.6,0.086,21.0,50.0,0.9982,3.37,0.91,9.9,6.0,361.0
257,11.9,0.58,0.66,2.5,0.072,6.0,37.0,0.9992,3.05,0.56,10.0,5.0,362.0
258,12.5,0.46,0.63,2.0,0.071,6.0,15.0,0.9988,2.99,0.87,10.2,5.0,363.0
259,12.8,0.615,0.66,5.8,0.083,7.0,42.0,1.0022,3.07,0.73,10.0,7.0,364.0
260,12.8,0.615,0.66,5.8,0.083,7.0,42.0,1.0022,3.07,0.73,10.0,7.0,366.0
261,10.4,0.575,0.61,2.6,0.076,11.0,24.0,1.0,3.16,0.69,9.0,5.0,367.0
262,9.4,0.27,0.53,2.4,0.074,6.0,18.0,0.9962,3.2,1.13,12.0,7.0,369.0
263,7.9,0.24,0.4,1.6,0.0559999999999999,11.0,25.0,0.9967,3.32,0.87,8.7,6.0,371.0
264,9.1,0.28,0.48,1.8,0.067,26.0,46.0,0.9967,3.32,1.04,10.6,6.0,372.0
265,11.5,0.45,0.5,3.0,0.078,19.0,47.0,1.0003,3.26,1.11,11.0,6.0,376.0
266,9.4,0.27,0.53,2.4,0.074,6.0,18.0,0.9962,3.2,1.13,12.0,7.0,377.0
267,11.4,0.625,0.66,6.2,0.088,6.0,24.0,0.9988,3.11,0.99,13.3,6.0,378.0
268,8.3,0.26,0.42,2.0,0.08,11.0,27.0,0.9974,3.21,0.8,9.4,6.0,380.0
269,7.7,0.51,0.28,2.1,0.087,23.0,54.0,0.998,3.42,0.74,9.2,5.0,384.0
270,7.8,0.46,0.26,1.9,0.088,23.0,53.0,0.9981,3.43,0.74,9.2,6.0,388.0
271,5.6,0.85,0.05,1.4,0.045,12.0,88.0,0.9924,3.56,0.82,12.9,8.0,390.0
272,13.7,0.415,0.68,2.9,0.085,17.0,43.0,1.0014,3.06,0.8,10.0,6.0,391.0
273,9.5,0.37,0.52,2.0,0.0819999999999999,6.0,26.0,0.998,3.18,0.51,9.5,5.0,392.0
274,12.0,0.37,0.76,4.2,0.066,7.0,38.0,1.0004,3.22,0.6,13.0,7.0,395.0
275,6.6,0.735,0.02,7.9,0.122,68.0,124.0,0.9994,3.47,0.53,9.9,5.0,396.0
276,11.5,0.59,0.59,2.6,0.087,13.0,49.0,0.9988,3.18,0.65,11.0,6.0,397.0
277,8.7,0.765,0.22,2.3,0.064,9.0,42.0,0.9963,3.1,0.55,9.4,5.0,399.0
278,6.6,0.735,0.02,7.9,0.122,68.0,124.0,0.9994,3.47,0.53,9.9,5.0,400.0
279,12.2,0.48,0.54,2.6,0.085,19.0,64.0,1.0,3.1,0.61,10.5,6.0,402.0
280,11.4,0.6,0.49,2.7,0.085,10.0,41.0,0.9994,3.15,0.63,10.5,6.0,403.0
281,7.7,0.69,0.05,2.7,0.075,15.0,27.0,0.9974,3.26,0.61,9.1,5.0,404.0
282,9.8,0.44,0.47,2.5,0.063,9.0,28.0,0.9981,3.24,0.65,10.8,6.0,406.0
283,12.0,0.39,0.66,3.0,0.093,12.0,30.0,0.9996,3.18,0.63,10.8,7.0,407.0
284,12.5,0.46,0.49,4.5,0.07,26.0,49.0,0.9981,3.05,0.57,9.6,4.0,409.0
285,9.0,0.43,0.34,2.5,0.08,26.0,86.0,0.9987,3.38,0.62,9.5,6.0,410.0
286,7.1,0.735,0.16,1.9,0.1,15.0,77.0,0.9966,3.27,0.64,9.3,5.0,412.0
287,9.9,0.4,0.53,6.7,0.0969999999999999,6.0,19.0,0.9986,3.27,0.82,11.7,7.0,413.0
288,8.8,0.52,0.34,2.7,0.087,24.0,122.0,0.9982,3.26,0.61,9.5,5.0,414.0
289,8.6,0.725,0.24,6.6,0.1169999999999999,31.0,134.0,1.0014,3.32,1.07,9.3,5.0,415.0
290,10.6,0.48,0.64,2.2,0.111,6.0,20.0,0.997,3.26,0.66,11.7,6.0,416.0
291,7.0,0.58,0.12,1.9,0.091,34.0,124.0,0.9956,3.44,0.48,10.5,5.0,417.0
292,11.9,0.38,0.51,2.0,0.121,7.0,20.0,0.9996,3.24,0.76,10.4,6.0,418.0
293,6.8,0.77,0.0,1.8,0.066,34.0,52.0,0.9976,3.62,0.68,9.9,5.0,419.0
294,6.6,0.84,0.03,2.3,0.059,32.0,48.0,0.9952,3.52,0.56,12.3,7.0,421.0
295,7.7,0.96,0.2,2.0,0.047,15.0,60.0,0.9955,3.36,0.44,10.9,5.0,422.0
296,10.5,0.24,0.47,2.1,0.066,6.0,24.0,0.9978,3.15,0.9,11.0,7.0,423.0
297,6.6,0.84,0.03,2.3,0.059,32.0,48.0,0.9952,3.52,0.56,12.3,7.0,425.0
298,6.4,0.67,0.08,2.1,0.045,19.0,48.0,0.9949,3.49,0.49,11.4,6.0,426.0
299,9.5,0.78,0.22,1.9,0.077,6.0,32.0,0.9988,3.26,0.56,10.6,6.0,427.0
300,9.1,0.52,0.33,1.3,0.07,9.0,30.0,0.9978,3.24,0.6,9.3,5.0,428.0
301,12.8,0.84,0.63,2.4,0.088,13.0,35.0,0.9997,3.1,0.6,10.4,6.0,429.0
302,10.5,0.24,0.47,2.1,0.066,6.0,24.0,0.9978,3.15,0.9,11.0,7.0,430.0
303,7.8,0.55,0.35,2.2,0.074,21.0,66.0,0.9974,3.25,0.56,9.2,5.0,431.0
304,12.3,0.39,0.63,2.3,0.091,6.0,18.0,1.0004,3.16,0.49,9.5,5.0,433.0
305,10.4,0.41,0.55,3.2,0.076,22.0,54.0,0.9996,3.15,0.89,9.9,6.0,434.0
306,12.3,0.39,0.63,2.3,0.091,6.0,18.0,1.0004,3.16,0.49,9.5,5.0,435.0
307,8.0,0.67,0.3,2.0,0.06,38.0,62.0,0.9958,3.26,0.56,10.2,6.0,436.0
308,11.1,0.45,0.73,3.2,0.066,6.0,22.0,0.9986,3.17,0.66,11.2,6.0,437.0
309,7.0,0.62,0.18,1.5,0.062,7.0,50.0,0.9951,3.08,0.6,9.3,5.0,439.0
310,12.6,0.31,0.72,2.2,0.072,6.0,29.0,0.9987,2.88,0.82,9.8,8.0,440.0
311,15.6,0.685,0.76,3.7,0.1,6.0,43.0,1.0032,2.95,0.68,11.2,7.0,442.0
312,5.3,0.57,0.01,1.7,0.054,5.0,27.0,0.9934,3.57,0.84,12.5,7.0,444.0
313,12.5,0.38,0.6,2.6,0.081,31.0,72.0,0.9996,3.1,0.73,10.5,5.0,446.0
314,9.3,0.48,0.29,2.1,0.127,6.0,16.0,0.9968,3.22,0.72,11.2,5.0,447.0
315,8.6,0.53,0.22,2.0,0.1,7.0,27.0,0.9967,3.2,0.56,10.2,6.0,448.0
316,11.9,0.39,0.69,2.8,0.095,17.0,35.0,0.9994,3.1,0.61,10.8,6.0,449.0
317,11.9,0.39,0.69,2.8,0.095,17.0,35.0,0.9994,3.1,0.61,10.8,6.0,450.0
318,6.8,0.56,0.03,1.7,0.084,18.0,35.0,0.9968,3.44,0.63,10.0,6.0,452.0
319,10.4,0.33,0.63,2.8,0.084,5.0,22.0,0.9998,3.26,0.74,11.2,7.0,453.0
320,7.0,0.23,0.4,1.6,0.063,21.0,67.0,0.9952,3.5,0.63,11.1,5.0,454.0
321,11.3,0.62,0.67,5.2,0.086,6.0,19.0,0.9988,3.22,0.69,13.4,8.0,455.0
322,8.9,0.59,0.39,2.3,0.095,5.0,22.0,0.9986,3.37,0.58,10.3,5.0,456.0
323,9.2,0.63,0.21,2.7,0.0969999999999999,29.0,65.0,0.9988,3.28,0.58,9.6,5.0,457.0
324,11.6,0.58,0.66,2.2,0.074,10.0,47.0,1.0008,3.25,0.57,9.0,3.0,459.0
325,9.2,0.43,0.52,2.3,0.083,14.0,23.0,0.9976,3.35,0.61,11.3,6.0,460.0
326,8.3,0.615,0.22,2.6,0.087,6.0,19.0,0.9982,3.26,0.61,9.3,5.0,461.0
327,11.5,0.315,0.54,2.1,0.084,5.0,15.0,0.9987,2.98,0.7,9.2,6.0,464.0
328,10.3,0.5,0.42,2.0,0.069,21.0,51.0,0.9982,3.16,0.72,11.5,6.0,466.0
329,8.8,0.46,0.45,2.6,0.065,7.0,18.0,0.9947,3.32,0.79,14.0,6.0,467.0
330,11.4,0.36,0.69,2.1,0.09,6.0,21.0,1.0,3.17,0.62,9.2,6.0,468.0
331,8.7,0.82,0.02,1.2,0.07,36.0,48.0,0.9952,3.2,0.58,9.8,5.0,469.0
332,13.0,0.32,0.65,2.6,0.093,15.0,47.0,0.9996,3.05,0.61,10.6,5.0,470.0
333,9.6,0.54,0.42,2.4,0.081,25.0,52.0,0.997,3.2,0.71,11.4,6.0,471.0
334,12.5,0.37,0.55,2.6,0.083,25.0,68.0,0.9995,3.15,0.82,10.4,6.0,472.0
335,9.6,0.68,0.24,2.2,0.087,5.0,28.0,0.9988,3.14,0.6,10.2,5.0,475.0
336,9.3,0.27,0.41,2.0,0.091,6.0,16.0,0.998,3.28,0.7,9.7,5.0,476.0
337,10.4,0.24,0.49,1.8,0.075,6.0,20.0,0.9977,3.18,1.06,11.0,6.0,477.0
338,9.4,0.685,0.11,2.7,0.077,6.0,31.0,0.9984,3.19,0.7,10.1,6.0,479.0
339,10.6,0.28,0.39,15.5,0.069,6.0,23.0,1.0026,3.12,0.66,9.2,5.0,480.0
340,9.4,0.3,0.56,2.8,0.08,6.0,17.0,0.9964,3.15,0.92,11.7,8.0,481.0
341,10.6,0.36,0.6,2.2,0.152,7.0,18.0,0.9986,3.04,1.06,9.4,5.0,483.0
342,10.2,0.67,0.39,1.9,0.054,6.0,17.0,0.9976,3.17,0.47,10.0,5.0,485.0
343,10.2,0.645,0.36,1.8,0.053,5.0,14.0,0.9982,3.17,0.42,10.0,6.0,487.0
344,9.3,0.39,0.4,2.6,0.073,10.0,26.0,0.9984,3.34,0.75,10.2,6.0,489.0
345,9.2,0.41,0.5,2.5,0.055,12.0,25.0,0.9952,3.34,0.79,13.3,7.0,491.0
346,8.9,0.4,0.51,2.6,0.052,13.0,27.0,0.995,3.32,0.9,13.4,7.0,492.0
347,8.7,0.69,0.31,3.0,0.086,23.0,81.0,1.0002,3.48,0.74,11.6,6.0,493.0
348,6.5,0.39,0.23,8.3,0.051,28.0,91.0,0.9952,3.44,0.55,12.1,6.0,494.0
349,10.7,0.35,0.53,2.6,0.07,5.0,16.0,0.9972,3.15,0.65,11.0,8.0,495.0
350,7.8,0.52,0.25,1.9,0.081,14.0,38.0,0.9984,3.43,0.65,9.0,6.0,496.0
351,7.2,0.34,0.32,2.5,0.09,43.0,113.0,0.9966,3.32,0.79,11.1,5.0,497.0
352,10.7,0.35,0.53,2.6,0.07,5.0,16.0,0.9972,3.15,0.65,11.0,8.0,498.0
353,8.7,0.69,0.31,3.0,0.086,23.0,81.0,1.0002,3.48,0.74,11.6,6.0,499.0
354,7.8,0.52,0.25,1.9,0.081,14.0,38.0,0.9984,3.43,0.65,9.0,6.0,500.0
355,10.4,0.44,0.73,6.55,0.074,38.0,76.0,0.999,3.17,0.85,12.0,7.0,501.0
356,10.4,0.44,0.73,6.55,0.074,38.0,76.0,0.999,3.17,0.85,12.0,7.0,502.0
357,10.5,0.24,0.42,1.8,0.077,6.0,22.0,0.9976,3.21,1.05,10.8,7.0,504.0
358,10.2,0.49,0.63,2.9,0.072,10.0,26.0,0.9968,3.16,0.78,12.5,7.0,505.0
359,10.4,0.24,0.46,1.8,0.075,6.0,21.0,0.9976,3.25,1.02,10.8,7.0,506.0
360,11.2,0.67,0.55,2.3,0.084,6.0,13.0,1.0,3.17,0.71,9.5,6.0,507.0
361,13.3,0.29,0.75,2.8,0.084,23.0,43.0,0.9986,3.04,0.68,11.4,7.0,509.0
362,10.0,0.59,0.31,2.2,0.09,26.0,62.0,0.9994,3.18,0.63,10.2,6.0,511.0
363,10.7,0.4,0.48,2.1,0.125,15.0,49.0,0.998,3.03,0.81,9.7,6.0,512.0
364,10.5,0.51,0.64,2.4,0.107,6.0,15.0,0.9973,3.09,0.66,11.8,7.0,513.0
365,10.5,0.51,0.64,2.4,0.107,6.0,15.0,0.9973,3.09,0.66,11.8,7.0,514.0
366,8.5,0.655,0.49,6.1,0.122,34.0,151.0,1.001,3.31,1.14,9.3,5.0,515.0
367,12.5,0.6,0.49,4.3,0.1,5.0,14.0,1.001,3.25,0.74,11.9,6.0,516.0
368,10.4,0.61,0.49,2.1,0.2,5.0,16.0,0.9994,3.16,0.63,8.4,3.0,517.0
369,9.8,0.25,0.49,2.7,0.088,15.0,33.0,0.9982,3.42,0.9,10.0,6.0,520.0
370,9.3,0.4,0.49,2.5,0.085,38.0,142.0,0.9978,3.22,0.55,9.4,5.0,523.0
371,9.2,0.43,0.49,2.4,0.086,23.0,116.0,0.9976,3.23,0.64,9.5,5.0,524.0
372,7.0,0.38,0.49,2.5,0.0969999999999999,33.0,85.0,0.9962,3.39,0.77,11.4,6.0,527.0
373,9.9,0.63,0.24,2.4,0.077,6.0,33.0,0.9974,3.09,0.57,9.4,5.0,529.0
374,9.1,0.22,0.24,2.1,0.078,1.0,28.0,0.999,3.41,0.87,10.3,6.0,530.0
375,11.9,0.38,0.49,2.7,0.098,12.0,42.0,1.0004,3.16,0.61,10.3,5.0,531.0
376,11.9,0.38,0.49,2.7,0.098,12.0,42.0,1.0004,3.16,0.61,10.3,5.0,532.0
377,10.3,0.27,0.24,2.1,0.072,15.0,33.0,0.9956,3.22,0.66,12.8,6.0,533.0
378,10.0,0.48,0.24,2.7,0.102,13.0,32.0,1.0,3.28,0.56,10.0,6.0,534.0
379,9.1,0.22,0.24,2.1,0.078,1.0,28.0,0.999,3.41,0.87,10.3,6.0,535.0
380,9.9,0.63,0.24,2.4,0.077,6.0,33.0,0.9974,3.09,0.57,9.4,5.0,536.0
381,8.1,0.825,0.24,2.1,0.084,5.0,13.0,0.9972,3.37,0.77,10.7,6.0,537.0
382,12.9,0.35,0.49,5.8,0.066,5.0,35.0,1.0014,3.2,0.66,12.0,7.0,538.0
383,11.2,0.5,0.74,5.15,0.1,5.0,17.0,0.9996,3.22,0.62,11.2,5.0,539.0
384,9.2,0.59,0.24,3.3,0.1009999999999999,20.0,47.0,0.9988,3.26,0.67,9.6,5.0,540.0
385,9.5,0.46,0.49,6.3,0.064,5.0,17.0,0.9988,3.21,0.73,11.0,6.0,541.0
386,9.3,0.715,0.24,2.1,0.07,5.0,20.0,0.9966,3.12,0.59,9.9,5.0,542.0
387,11.2,0.66,0.24,2.5,0.085,16.0,53.0,0.9993,3.06,0.72,11.0,6.0,543.0
388,14.3,0.31,0.74,1.8,0.075,6.0,15.0,1.0008,2.86,0.79,8.4,6.0,544.0
389,9.1,0.47,0.49,2.6,0.094,38.0,106.0,0.9982,3.08,0.59,9.1,5.0,545.0
390,7.5,0.55,0.24,2.0,0.078,10.0,28.0,0.9983,3.45,0.78,9.5,6.0,546.0
391,10.6,0.31,0.49,2.5,0.067,6.0,21.0,0.9987,3.26,0.86,10.7,6.0,547.0
392,12.4,0.35,0.49,2.6,0.079,27.0,69.0,0.9994,3.12,0.75,10.4,6.0,548.0
393,6.8,0.51,0.01,2.1,0.074,9.0,25.0,0.9958,3.33,0.56,9.5,6.0,550.0
394,9.4,0.43,0.24,2.8,0.092,14.0,45.0,0.998,3.19,0.73,10.0,6.0,551.0
395,9.5,0.46,0.24,2.7,0.092,14.0,44.0,0.998,3.12,0.74,10.0,6.0,552.0
396,5.0,1.04,0.24,1.6,0.05,32.0,96.0,0.9934,3.74,0.62,11.5,5.0,553.0
397,15.5,0.645,0.49,4.2,0.095,10.0,23.0,1.00315,2.92,0.74,11.1,5.0,554.0
398,10.9,0.53,0.49,4.6,0.118,10.0,17.0,1.0002,3.07,0.56,11.7,6.0,556.0
399,15.6,0.645,0.49,4.2,0.095,10.0,23.0,1.00315,2.92,0.74,11.1,5.0,557.0
400,13.0,0.47,0.49,4.3,0.085,6.0,47.0,1.0021,3.3,0.68,12.7,6.0,559.0
401,12.7,0.6,0.49,2.8,0.075,5.0,19.0,0.9994,3.14,0.57,11.4,5.0,560.0
402,9.0,0.54,0.49,2.9,0.094,41.0,110.0,0.9982,3.08,0.61,9.2,5.0,562.0
403,7.6,0.29,0.49,2.7,0.092,25.0,60.0,0.9971,3.31,0.61,10.1,6.0,563.0
404,13.0,0.47,0.49,4.3,0.085,6.0,47.0,1.0021,3.3,0.68,12.7,6.0,564.0
405,12.7,0.6,0.49,2.8,0.075,5.0,19.0,0.9994,3.14,0.57,11.4,5.0,565.0
406,8.7,0.7,0.24,2.5,0.226,5.0,15.0,0.9991,3.32,0.6,9.0,6.0,567.0
407,9.8,0.5,0.49,2.6,0.25,5.0,20.0,0.999,3.31,0.79,10.7,6.0,568.0
408,6.2,0.36,0.24,2.2,0.095,19.0,42.0,0.9946,3.57,0.57,11.7,6.0,569.0
409,11.5,0.35,0.49,3.3,0.07,10.0,37.0,1.0003,3.32,0.91,11.0,6.0,570.0
410,10.2,0.24,0.49,2.4,0.075,10.0,28.0,0.9978,3.14,0.61,10.4,5.0,572.0
411,9.9,0.5,0.24,2.3,0.103,6.0,14.0,0.9978,3.34,0.52,10.0,4.0,576.0
412,8.8,0.44,0.49,2.8,0.083,18.0,111.0,0.9982,3.3,0.6,9.5,5.0,577.0
413,8.8,0.47,0.49,2.9,0.085,17.0,110.0,0.9982,3.29,0.6,9.8,5.0,578.0
414,10.6,0.31,0.49,2.2,0.063,18.0,40.0,0.9976,3.14,0.51,9.8,6.0,579.0
415,12.3,0.5,0.49,2.2,0.089,5.0,14.0,1.0002,3.19,0.44,9.6,5.0,580.0
416,12.3,0.5,0.49,2.2,0.089,5.0,14.0,1.0002,3.19,0.44,9.6,5.0,581.0
417,12.0,0.28,0.49,1.9,0.074,10.0,21.0,0.9976,2.98,0.66,9.9,7.0,583.0
418,7.3,0.73,0.24,1.9,0.108,18.0,102.0,0.9967,3.26,0.59,9.3,5.0,587.0
419,5.0,0.42,0.24,2.0,0.06,19.0,50.0,0.9917,3.72,0.74,14.0,8.0,588.0
420,9.0,0.45,0.49,2.6,0.084,21.0,75.0,0.9987,3.35,0.57,9.7,5.0,590.0
421,6.6,0.39,0.49,1.7,0.07,23.0,149.0,0.9922,3.12,0.5,11.5,6.0,591.0
422,9.0,0.45,0.49,2.6,0.084,21.0,75.0,0.9987,3.35,0.57,9.7,5.0,592.0
423,9.9,0.49,0.58,3.5,0.094,9.0,43.0,1.0004,3.29,0.58,9.0,5.0,593.0
424,8.9,0.595,0.41,7.9,0.086,30.0,109.0,0.9998,3.27,0.57,9.3,5.0,595.0
425,12.4,0.4,0.51,2.0,0.059,6.0,24.0,0.9994,3.04,0.6,9.3,6.0,596.0
426,8.5,0.585,0.18,2.1,0.078,5.0,30.0,0.9967,3.2,0.48,9.8,6.0,598.0
427,7.7,0.835,0.0,2.6,0.081,6.0,14.0,0.9975,3.3,0.52,9.3,5.0,602.0
428,8.3,0.58,0.13,2.9,0.096,14.0,63.0,0.9984,3.17,0.62,9.1,6.0,604.0
429,8.8,0.48,0.41,3.3,0.092,26.0,52.0,0.9982,3.31,0.53,10.5,6.0,607.0
430,10.1,0.65,0.37,5.1,0.11,11.0,65.0,1.0026,3.32,0.64,10.4,6.0,608.0
431,6.3,0.36,0.19,3.2,0.075,15.0,39.0,0.9956,3.56,0.52,12.7,6.0,609.0
432,8.8,0.24,0.54,2.5,0.083,25.0,57.0,0.9983,3.39,0.54,9.2,5.0,610.0
433,13.2,0.38,0.55,2.7,0.081,5.0,16.0,1.0006,2.98,0.54,9.4,5.0,611.0
434,7.5,0.64,0.0,2.4,0.077,18.0,29.0,0.9965,3.32,0.6,10.0,6.0,612.0
435,9.6,0.6,0.5,2.3,0.079,28.0,71.0,0.9997,3.5,0.57,9.7,5.0,616.0
436,11.5,0.31,0.51,2.2,0.079,14.0,28.0,0.9982,3.03,0.93,9.8,6.0,617.0
437,11.3,0.37,0.41,2.3,0.088,6.0,16.0,0.9988,3.09,0.8,9.3,5.0,619.0
438,8.3,0.54,0.24,3.4,0.076,16.0,112.0,0.9976,3.27,0.61,9.4,5.0,620.0
439,8.2,0.56,0.23,3.4,0.078,14.0,104.0,0.9976,3.28,0.62,9.4,5.0,621.0
440,10.0,0.58,0.22,1.9,0.08,9.0,32.0,0.9974,3.13,0.55,9.5,5.0,622.0
441,6.8,0.69,0.0,5.6,0.124,21.0,58.0,0.9997,3.46,0.72,10.2,5.0,625.0
442,8.8,0.6,0.29,2.2,0.098,5.0,15.0,0.9988,3.36,0.49,9.1,5.0,626.0
443,8.8,0.6,0.29,2.2,0.098,5.0,15.0,0.9988,3.36,0.49,9.1,5.0,627.0
444,8.7,0.54,0.26,2.5,0.0969999999999999,7.0,31.0,0.9976,3.27,0.6,9.3,6.0,628.0
445,7.6,0.685,0.23,2.3,0.111,20.0,84.0,0.9964,3.21,0.61,9.3,5.0,629.0
446,8.7,0.54,0.26,2.5,0.0969999999999999,7.0,31.0,0.9976,3.27,0.6,9.3,6.0,630.0
447,10.4,0.28,0.54,2.7,0.105,5.0,19.0,0.9988,3.25,0.63,9.5,5.0,631.0
448,7.6,0.41,0.14,3.0,0.087,21.0,43.0,0.9964,3.32,0.57,10.5,6.0,632.0
449,10.1,0.935,0.22,3.4,0.105,11.0,86.0,1.001,3.43,0.64,11.3,4.0,633.0
450,7.9,0.35,0.21,1.9,0.073,46.0,102.0,0.9964,3.27,0.58,9.5,5.0,634.0
451,8.7,0.84,0.0,1.4,0.065,24.0,33.0,0.9954,3.27,0.55,9.7,5.0,635.0
452,9.6,0.88,0.28,2.4,0.086,30.0,147.0,0.9979,3.24,0.53,9.4,5.0,636.0
453,9.5,0.885,0.27,2.3,0.084,31.0,145.0,0.9978,3.24,0.53,9.4,5.0,637.0
454,8.9,0.29,0.35,1.9,0.067,25.0,57.0,0.997,3.18,1.36,10.3,6.0,639.0
455,9.9,0.54,0.45,2.3,0.071,16.0,40.0,0.9991,3.39,0.62,9.4,5.0,640.0
456,9.9,0.54,0.45,2.3,0.071,16.0,40.0,0.9991,3.39,0.62,9.4,5.0,642.0
457,9.9,0.54,0.45,2.3,0.071,16.0,40.0,0.9991,3.39,0.62,9.4,5.0,644.0
458,8.3,0.845,0.01,2.2,0.07,5.0,14.0,0.9967,3.32,0.58,11.0,4.0,647.0
459,8.7,0.48,0.3,2.8,0.066,10.0,28.0,0.9964,3.33,0.67,11.2,7.0,648.0
460,6.7,0.42,0.27,8.6,0.068,24.0,148.0,0.9948,3.16,0.57,11.3,6.0,649.0
461,10.7,0.43,0.39,2.2,0.106,8.0,32.0,0.9986,2.89,0.5,9.6,5.0,650.0
462,15.9,0.36,0.65,7.5,0.096,22.0,71.0,0.9976,2.98,0.84,14.9,5.0,652.0
463,9.4,0.33,0.59,2.8,0.079,9.0,30.0,0.9976,3.12,0.54,12.0,6.0,653.0
464,8.6,0.47,0.47,2.4,0.074,7.0,29.0,0.9979,3.08,0.46,9.5,5.0,654.0
465,9.7,0.55,0.17,2.9,0.087,20.0,53.0,1.0004,3.14,0.61,9.4,5.0,655.0
466,10.7,0.43,0.39,2.2,0.106,8.0,32.0,0.9986,2.89,0.5,9.6,5.0,656.0
467,12.0,0.5,0.59,1.4,0.073,23.0,42.0,0.998,2.92,0.68,10.5,7.0,657.0
468,7.2,0.52,0.07,1.4,0.074,5.0,20.0,0.9973,3.32,0.81,9.6,6.0,658.0
469,7.2,0.52,0.07,1.4,0.074,5.0,20.0,0.9973,3.32,0.81,9.6,6.0,660.0
470,7.5,0.42,0.31,1.6,0.08,15.0,42.0,0.9978,3.31,0.64,9.0,5.0,661.0
471,7.2,0.57,0.06,1.6,0.076,9.0,27.0,0.9972,3.36,0.7,9.6,6.0,662.0
472,9.4,0.59,0.14,2.0,0.084,25.0,48.0,0.9981,3.14,0.56,9.7,5.0,665.0
473,8.3,0.49,0.36,1.8,0.222,6.0,16.0,0.998,3.18,0.6,9.5,6.0,666.0
474,11.3,0.34,0.45,2.0,0.0819999999999999,6.0,15.0,0.9988,2.94,0.66,9.2,6.0,667.0
475,11.3,0.34,0.45,2.0,0.0819999999999999,6.0,15.0,0.9988,2.94,0.66,9.2,6.0,669.0
476,8.2,0.73,0.21,1.7,0.074,5.0,13.0,0.9968,3.2,0.52,9.5,5.0,671.0
477,8.2,0.73,0.21,1.7,0.074,5.0,13.0,0.9968,3.2,0.52,9.5,5.0,673.0
478,10.8,0.4,0.41,2.2,0.084,7.0,17.0,0.9984,3.08,0.67,9.3,6.0,676.0
479,8.6,0.8,0.11,2.3,0.084,12.0,31.0,0.9979,3.4,0.48,9.9,5.0,677.0
480,8.3,0.78,0.1,2.6,0.081,45.0,87.0,0.9983,3.48,0.53,10.0,5.0,678.0
481,10.8,0.26,0.45,3.3,0.06,20.0,49.0,0.9972,3.13,0.54,9.6,5.0,679.0
482,8.0,0.45,0.23,2.2,0.094,16.0,29.0,0.9962,3.21,0.49,10.2,6.0,681.0
483,8.5,0.46,0.31,2.25,0.078,32.0,58.0,0.998,3.33,0.54,9.8,5.0,682.0
484,8.1,0.78,0.23,2.6,0.059,5.0,15.0,0.997,3.37,0.56,11.3,5.0,683.0
485,9.8,0.98,0.32,2.3,0.078,35.0,152.0,0.998,3.25,0.48,9.4,5.0,684.0
486,8.1,0.78,0.23,2.6,0.059,5.0,15.0,0.997,3.37,0.56,11.3,5.0,685.0
487,7.7,0.66,0.04,1.6,0.039,4.0,9.0,0.9962,3.4,0.47,9.4,5.0,688.0
488,8.1,0.38,0.48,1.8,0.157,5.0,17.0,0.9976,3.3,1.05,9.4,5.0,689.0
489,9.2,0.92,0.24,2.6,0.087,12.0,93.0,0.9998,3.48,0.54,9.8,5.0,691.0
490,8.6,0.49,0.51,2.0,0.422,16.0,62.0,0.9979,3.03,1.17,9.0,5.0,692.0
491,9.0,0.48,0.32,2.8,0.084,21.0,122.0,0.9984,3.32,0.62,9.4,5.0,693.0
492,9.0,0.47,0.31,2.7,0.084,24.0,125.0,0.9984,3.31,0.61,9.4,5.0,694.0
493,5.1,0.47,0.02,1.3,0.034,18.0,44.0,0.9921,3.9,0.62,12.8,6.0,695.0
494,7.0,0.65,0.02,2.1,0.066,8.0,25.0,0.9972,3.47,0.67,9.5,6.0,697.0
495,9.4,0.615,0.28,3.2,0.087,18.0,72.0,1.0001,3.31,0.53,9.7,5.0,698.0
496,11.8,0.38,0.55,2.1,0.071,5.0,19.0,0.9986,3.11,0.62,10.8,6.0,699.0
497,10.6,1.02,0.43,2.9,0.076,26.0,88.0,0.9984,3.08,0.57,10.1,6.0,700.0
498,7.0,0.65,0.02,2.1,0.066,8.0,25.0,0.9972,3.47,0.67,9.5,6.0,701.0
499,7.0,0.64,0.02,2.1,0.067,9.0,23.0,0.997,3.47,0.67,9.4,6.0,702.0
500,7.5,0.38,0.48,2.6,0.073,22.0,84.0,0.9972,3.32,0.7,9.6,4.0,703.0
501,9.1,0.765,0.04,1.6,0.078,4.0,14.0,0.998,3.29,0.54,9.7,4.0,704.0
502,8.4,1.035,0.15,6.0,0.073,11.0,54.0,0.999,3.37,0.49,9.9,5.0,705.0
503,7.0,0.78,0.08,2.0,0.093,10.0,19.0,0.9956,3.4,0.47,10.0,5.0,706.0
504,7.4,0.49,0.19,3.0,0.077,16.0,37.0,0.9966,3.37,0.51,10.5,5.0,707.0
505,7.8,0.545,0.12,2.5,0.068,11.0,35.0,0.996,3.34,0.61,11.6,6.0,708.0
506,10.6,1.025,0.43,2.8,0.08,21.0,84.0,0.9985,3.06,0.57,10.1,5.0,710.0
507,8.9,0.565,0.34,3.0,0.093,16.0,112.0,0.9998,3.38,0.61,9.5,5.0,711.0
508,9.9,0.74,0.28,2.6,0.078,21.0,77.0,0.998,3.28,0.51,9.8,5.0,714.0
509,7.6,0.46,0.11,2.6,0.079,12.0,49.0,0.9968,3.21,0.57,10.0,5.0,717.0
510,8.4,0.56,0.04,2.0,0.0819999999999999,10.0,22.0,0.9976,3.22,0.44,9.6,5.0,718.0
511,7.1,0.66,0.0,3.9,0.086,17.0,45.0,0.9976,3.46,0.54,9.5,5.0,719.0
512,8.4,0.56,0.04,2.0,0.0819999999999999,10.0,22.0,0.9976,3.22,0.44,9.6,5.0,720.0
513,8.9,0.48,0.24,2.85,0.094,35.0,106.0,0.9982,3.1,0.53,9.2,5.0,721.0
514,7.1,0.31,0.3,2.2,0.053,36.0,127.0,0.9965,2.94,1.62,9.5,5.0,723.0
515,9.0,0.66,0.17,3.0,0.077,5.0,13.0,0.9976,3.29,0.55,10.4,5.0,725.0
516,8.1,0.72,0.09,2.8,0.084,18.0,49.0,0.9994,3.43,0.72,11.1,6.0,726.0
517,6.4,0.57,0.02,1.8,0.067,4.0,11.0,0.997,3.46,0.68,9.5,5.0,727.0
518,6.4,0.57,0.02,1.8,0.067,4.0,11.0,0.997,3.46,0.68,9.5,5.0,728.0
519,6.4,0.865,0.03,3.2,0.071,27.0,58.0,0.995,3.61,0.49,12.7,6.0,729.0
520,9.5,0.55,0.66,2.3,0.387,12.0,37.0,0.9982,3.17,0.67,9.6,5.0,730.0
521,8.9,0.875,0.13,3.45,0.088,4.0,14.0,0.9994,3.44,0.52,11.5,5.0,731.0
522,7.3,0.835,0.03,2.1,0.092,10.0,19.0,0.9966,3.39,0.47,9.6,5.0,732.0
523,7.0,0.45,0.34,2.7,0.0819999999999999,16.0,72.0,0.998,3.55,0.6,9.5,5.0,733.0
524,7.7,0.56,0.2,2.0,0.075,9.0,39.0,0.9987,3.48,0.62,9.3,5.0,734.0
525,7.7,0.965,0.1,2.1,0.1119999999999999,11.0,22.0,0.9963,3.26,0.5,9.5,5.0,736.0
526,8.2,0.59,0.0,2.5,0.093,19.0,58.0,1.0002,3.5,0.65,9.3,6.0,737.0
527,9.0,0.69,0.0,2.4,0.088,19.0,38.0,0.999,3.35,0.6,9.3,5.0,739.0
528,8.3,0.76,0.29,4.2,0.075,12.0,16.0,0.9965,3.45,0.68,11.5,6.0,740.0
529,9.2,0.53,0.24,2.6,0.078,28.0,139.0,0.99788,3.21,0.57,9.5,5.0,741.0
530,11.1,0.39,0.54,2.7,0.095,21.0,101.0,1.0001,3.13,0.51,9.5,5.0,744.0
531,7.3,0.51,0.18,2.1,0.07,12.0,28.0,0.99768,3.52,0.73,9.5,6.0,745.0
532,8.2,0.34,0.38,2.5,0.08,12.0,57.0,0.9978,3.3,0.47,9.0,6.0,746.0
533,7.2,0.5,0.18,2.1,0.071,12.0,31.0,0.99761,3.52,0.72,9.6,6.0,748.0
534,7.3,0.51,0.18,2.1,0.07,12.0,28.0,0.99768,3.52,0.73,9.5,6.0,749.0
535,8.3,0.65,0.1,2.9,0.089,17.0,40.0,0.99803,3.29,0.55,9.5,5.0,750.0
536,7.6,0.54,0.13,2.5,0.0969999999999999,24.0,66.0,0.99785,3.39,0.61,9.4,5.0,752.0
537,8.3,0.65,0.1,2.9,0.089,17.0,40.0,0.99803,3.29,0.55,9.5,5.0,753.0
538,7.8,0.48,0.68,1.7,0.415,14.0,32.0,0.99656,3.09,1.06,9.1,6.0,754.0
539,7.8,0.91,0.07,1.9,0.0579999999999999,22.0,47.0,0.99525,3.51,0.43,10.7,6.0,755.0
540,6.3,0.98,0.01,2.0,0.057,15.0,33.0,0.99488,3.6,0.46,11.2,6.0,756.0
541,8.1,0.87,0.0,2.2,0.084,10.0,31.0,0.99656,3.25,0.5,9.8,5.0,757.0
542,8.1,0.87,0.0,2.2,0.084,10.0,31.0,0.99656,3.25,0.5,9.8,5.0,758.0
543,8.8,0.42,0.21,2.5,0.092,33.0,88.0,0.99823,3.19,0.52,9.2,5.0,759.0
544,9.0,0.58,0.25,2.8,0.075,9.0,104.0,0.99779,3.23,0.57,9.7,5.0,760.0
545,9.3,0.655,0.26,2.0,0.096,5.0,35.0,0.99738,3.25,0.42,9.6,5.0,761.0
546,8.8,0.7,0.0,1.7,0.069,8.0,19.0,0.99701,3.31,0.53,10.0,6.0,762.0
547,9.1,0.68,0.11,2.8,0.093,11.0,44.0,0.99888,3.31,0.55,9.5,6.0,764.0
548,9.2,0.67,0.1,3.0,0.091,12.0,48.0,0.99888,3.31,0.54,9.5,6.0,765.0
549,8.8,0.59,0.18,2.9,0.089,12.0,74.0,0.99738,3.14,0.54,9.4,5.0,766.0
550,7.1,0.59,0.02,2.3,0.0819999999999999,24.0,94.0,0.99744,3.55,0.53,9.7,6.0,768.0
551,7.9,0.72,0.01,1.9,0.076,7.0,32.0,0.99668,3.39,0.54,9.6,5.0,769.0
552,7.1,0.59,0.02,2.3,0.0819999999999999,24.0,94.0,0.99744,3.55,0.53,9.7,6.0,770.0
553,9.4,0.685,0.26,2.4,0.0819999999999999,23.0,143.0,0.9978,3.28,0.55,9.4,5.0,771.0
554,9.5,0.57,0.27,2.3,0.0819999999999999,23.0,144.0,0.99782,3.27,0.55,9.4,5.0,772.0
555,7.9,0.4,0.29,1.8,0.157,1.0,44.0,0.9973,3.3,0.92,9.5,6.0,773.0
556,7.2,1.0,0.0,3.0,0.102,7.0,16.0,0.99586,3.43,0.46,10.0,5.0,775.0
557,6.9,0.635,0.17,2.4,0.241,6.0,18.0,0.9961,3.4,0.59,10.3,6.0,777.0
558,8.3,0.43,0.3,3.4,0.079,7.0,34.0,0.99788,3.36,0.61,10.5,5.0,778.0
559,7.1,0.52,0.03,2.6,0.076,21.0,92.0,0.99745,3.5,0.6,9.8,5.0,779.0
560,7.0,0.57,0.0,2.0,0.19,12.0,45.0,0.99676,3.31,0.6,9.4,6.0,780.0
561,6.5,0.46,0.14,2.4,0.114,9.0,37.0,0.99732,3.66,0.65,9.8,5.0,781.0
562,7.1,0.59,0.01,2.5,0.077,20.0,85.0,0.99746,3.55,0.59,9.8,5.0,784.0
563,9.9,0.35,0.41,2.3,0.083,11.0,61.0,0.9982,3.21,0.5,9.5,5.0,785.0
564,10.0,0.56,0.24,2.2,0.079,19.0,58.0,0.9991,3.18,0.56,10.1,6.0,787.0
565,10.0,0.56,0.24,2.2,0.079,19.0,58.0,0.9991,3.18,0.56,10.1,6.0,788.0
566,8.6,0.63,0.17,2.9,0.099,21.0,119.0,0.998,3.09,0.52,9.3,5.0,789.0
567,7.4,0.37,0.43,2.6,0.0819999999999999,18.0,82.0,0.99708,3.33,0.68,9.7,6.0,790.0
568,8.8,0.64,0.17,2.9,0.084,25.0,130.0,0.99818,3.23,0.54,9.6,5.0,791.0
569,7.1,0.61,0.02,2.5,0.081,17.0,87.0,0.99745,3.48,0.6,9.7,6.0,792.0
570,7.7,0.6,0.0,2.6,0.055,7.0,13.0,0.99639,3.38,0.56,10.8,5.0,793.0
571,10.1,0.27,0.54,2.3,0.065,7.0,26.0,0.99531,3.17,0.53,12.5,6.0,794.0
572,10.8,0.89,0.3,2.6,0.132,7.0,60.0,0.99786,2.99,1.18,10.2,5.0,795.0
573,8.7,0.46,0.31,2.5,0.126,24.0,64.0,0.99746,3.1,0.74,9.6,5.0,796.0
574,9.3,0.37,0.44,1.6,0.038,21.0,42.0,0.99526,3.24,0.81,10.8,7.0,797.0
575,9.4,0.5,0.34,3.6,0.0819999999999999,5.0,14.0,0.9987,3.29,0.52,10.7,6.0,799.0
576,8.6,0.55,0.09,3.3,0.068,8.0,17.0,0.99735,3.23,0.44,10.0,5.0,801.0
577,5.1,0.585,0.0,1.7,0.044,14.0,86.0,0.99264,3.56,0.94,12.9,7.0,802.0
578,7.7,0.56,0.08,2.5,0.114,14.0,46.0,0.9971,3.24,0.66,9.6,6.0,803.0
579,8.4,0.52,0.22,2.7,0.084,4.0,18.0,0.99682,3.26,0.57,9.9,6.0,804.0
580,8.4,0.25,0.39,2.0,0.0409999999999999,4.0,10.0,0.99386,3.27,0.71,12.5,7.0,806.0
581,7.4,0.53,0.12,1.9,0.165,4.0,12.0,0.99702,3.26,0.86,9.2,5.0,808.0
582,7.6,0.48,0.31,2.8,0.07,4.0,15.0,0.99693,3.22,0.55,10.3,6.0,809.0
583,7.3,0.49,0.1,2.6,0.068,4.0,14.0,0.99562,3.3,0.47,10.5,5.0,810.0
584,12.9,0.5,0.55,2.8,0.072,7.0,24.0,1.00012,3.09,0.68,10.9,6.0,811.0
585,6.9,0.39,0.24,2.1,0.102,4.0,7.0,0.99462,3.44,0.58,11.4,4.0,813.0
586,12.6,0.41,0.54,2.8,0.103,19.0,41.0,0.99939,3.21,0.76,11.3,6.0,814.0
587,9.1,0.66,0.15,3.2,0.0969999999999999,9.0,59.0,0.99976,3.28,0.54,9.6,5.0,819.0
588,7.0,0.685,0.0,1.9,0.099,9.0,22.0,0.99606,3.34,0.6,9.7,5.0,820.0
589,4.9,0.42,0.0,2.1,0.048,16.0,42.0,0.99154,3.71,0.74,14.0,7.0,821.0
590,6.7,0.54,0.13,2.0,0.076,15.0,36.0,0.9973,3.61,0.64,9.8,5.0,823.0
591,7.1,0.48,0.28,2.8,0.068,6.0,16.0,0.99682,3.24,0.53,10.3,5.0,824.0
592,7.5,0.27,0.34,2.3,0.05,4.0,8.0,0.9951,3.4,0.64,11.0,7.0,826.0
593,7.1,0.46,0.14,2.8,0.076,15.0,37.0,0.99624,3.36,0.49,10.7,5.0,827.0
594,7.5,0.685,0.07,2.5,0.0579999999999999,5.0,9.0,0.99632,3.38,0.55,10.9,4.0,830.0
595,5.9,0.61,0.08,2.1,0.071,16.0,24.0,0.99376,3.56,0.77,11.1,6.0,831.0
596,11.6,0.47,0.44,1.6,0.147,36.0,51.0,0.99836,3.38,0.86,9.9,4.0,833.0
597,6.7,0.28,0.28,2.4,0.012,36.0,100.0,0.99064,3.26,0.39,11.7,7.0,836.0
598,6.7,0.28,0.28,2.4,0.012,36.0,100.0,0.99064,3.26,0.39,11.7,7.0,837.0
599,10.1,0.31,0.35,1.6,0.075,9.0,28.0,0.99672,3.24,0.83,11.2,7.0,838.0
600,6.6,0.66,0.0,3.0,0.115,21.0,31.0,0.99629,3.45,0.63,10.3,5.0,841.0
601,10.6,0.5,0.45,2.6,0.119,34.0,68.0,0.99708,3.23,0.72,10.9,6.0,842.0
602,7.1,0.685,0.35,2.0,0.088,9.0,92.0,0.9963,3.28,0.62,9.4,5.0,843.0
603,6.4,0.64,0.21,1.8,0.081,14.0,31.0,0.99689,3.59,0.66,9.8,5.0,846.0
604,7.4,0.68,0.16,1.8,0.078,12.0,39.0,0.9977,3.5,0.7,9.9,6.0,847.0
605,6.4,0.64,0.21,1.8,0.081,14.0,31.0,0.99689,3.59,0.66,9.8,5.0,848.0
606,9.3,0.43,0.44,1.9,0.085,9.0,22.0,0.99708,3.28,0.55,9.5,5.0,850.0
607,9.3,0.43,0.44,1.9,0.085,9.0,22.0,0.99708,3.28,0.55,9.5,5.0,851.0
608,9.3,0.36,0.39,1.5,0.08,41.0,55.0,0.99652,3.47,0.73,10.9,6.0,853.0
609,9.3,0.36,0.39,1.5,0.08,41.0,55.0,0.99652,3.47,0.73,10.9,6.0,854.0
610,9.3,0.36,0.39,1.5,0.08,41.0,55.0,0.99652,3.47,0.73,10.9,6.0,856.0
611,8.2,0.26,0.34,2.5,0.073,16.0,47.0,0.99594,3.4,0.78,11.3,7.0,857.0
612,11.7,0.28,0.47,1.7,0.054,17.0,32.0,0.99686,3.15,0.67,10.6,7.0,858.0
613,7.2,0.62,0.06,2.7,0.077,15.0,85.0,0.99746,3.51,0.54,9.5,5.0,860.0
614,7.5,0.42,0.32,2.7,0.067,7.0,25.0,0.99628,3.24,0.44,10.4,5.0,862.0
615,7.2,0.62,0.06,2.5,0.078,17.0,84.0,0.99746,3.51,0.53,9.7,5.0,863.0
616,7.2,0.635,0.07,2.6,0.077,16.0,86.0,0.99748,3.51,0.54,9.7,5.0,865.0
617,6.9,0.56,0.03,1.5,0.086,36.0,46.0,0.99522,3.53,0.57,10.6,5.0,871.0
618,7.3,0.35,0.24,2.0,0.067,28.0,48.0,0.99576,3.43,0.54,10.0,4.0,872.0
619,8.8,0.31,0.4,2.8,0.109,7.0,16.0,0.99614,3.31,0.79,11.8,7.0,875.0
620,7.7,0.715,0.01,2.1,0.064,31.0,43.0,0.99371,3.41,0.57,11.8,6.0,877.0
621,7.6,0.715,0.0,2.1,0.068,30.0,35.0,0.99533,3.48,0.65,11.4,6.0,881.0
622,8.4,0.31,0.29,3.1,0.1939999999999999,14.0,26.0,0.99536,3.22,0.78,12.0,6.0,882.0
623,8.8,0.61,0.19,4.0,0.094,30.0,69.0,0.99787,3.22,0.5,10.0,6.0,884.0
624,8.9,0.75,0.14,2.5,0.086,9.0,30.0,0.99824,3.34,0.64,10.5,5.0,885.0
625,9.0,0.8,0.12,2.4,0.083,8.0,28.0,0.99836,3.33,0.65,10.4,6.0,886.0
626,6.8,0.57,0.0,2.5,0.072,32.0,64.0,0.99491,3.43,0.56,11.2,6.0,888.0
627,10.7,0.9,0.34,6.6,0.1119999999999999,23.0,99.0,1.00289,3.22,0.68,9.3,5.0,889.0
628,7.2,0.66,0.03,2.3,0.078,16.0,86.0,0.99743,3.53,0.57,9.7,5.0,891.0
629,10.1,0.45,0.23,1.9,0.0819999999999999,10.0,18.0,0.99774,3.22,0.65,9.3,6.0,892.0
630,7.2,0.66,0.03,2.3,0.078,16.0,86.0,0.99743,3.53,0.57,9.7,5.0,893.0
631,7.2,0.63,0.03,2.2,0.08,17.0,88.0,0.99745,3.53,0.58,9.8,6.0,894.0
632,7.1,0.59,0.01,2.3,0.08,27.0,43.0,0.9955,3.42,0.58,10.7,6.0,895.0
633,8.3,0.31,0.39,2.4,0.078,17.0,43.0,0.99444,3.31,0.77,12.5,7.0,896.0
634,7.1,0.59,0.01,2.3,0.08,27.0,43.0,0.9955,3.42,0.58,10.7,6.0,897.0
635,8.3,0.31,0.39,2.4,0.078,17.0,43.0,0.99444,3.31,0.77,12.5,7.0,898.0
636,8.9,0.31,0.36,2.6,0.0559999999999999,10.0,39.0,0.99562,3.4,0.69,11.8,5.0,900.0
637,7.4,0.635,0.1,2.4,0.08,16.0,33.0,0.99736,3.58,0.69,10.8,7.0,901.0
638,7.4,0.635,0.1,2.4,0.08,16.0,33.0,0.99736,3.58,0.69,10.8,7.0,902.0
639,6.8,0.59,0.06,6.0,0.06,11.0,18.0,0.9962,3.41,0.59,10.8,7.0,904.0
640,7.2,0.54,0.27,2.6,0.084,12.0,78.0,0.9964,3.39,0.71,11.0,5.0,906.0
641,6.1,0.56,0.0,2.2,0.079,6.0,9.0,0.9948,3.59,0.54,11.5,6.0,907.0
642,7.4,0.52,0.13,2.4,0.078,34.0,61.0,0.99528,3.43,0.59,10.8,6.0,908.0
643,9.3,0.38,0.48,3.8,0.132,3.0,11.0,0.99577,3.23,0.57,13.2,6.0,910.0
644,9.1,0.28,0.46,9.0,0.114,3.0,9.0,0.99901,3.18,0.6,10.9,6.0,911.0
645,10.0,0.46,0.44,2.9,0.065,4.0,8.0,0.99674,3.33,0.62,12.2,6.0,912.0
646,8.6,0.315,0.4,2.2,0.079,3.0,6.0,0.99512,3.27,0.67,11.9,6.0,915.0
647,5.3,0.715,0.19,1.5,0.161,7.0,62.0,0.99395,3.62,0.61,11.0,5.0,916.0
648,6.8,0.41,0.31,8.8,0.084,26.0,45.0,0.99824,3.38,0.64,10.1,6.0,917.0
649,8.4,0.36,0.32,2.2,0.081,32.0,79.0,0.9964,3.3,0.72,11.0,6.0,918.0
650,8.4,0.62,0.12,1.8,0.072,38.0,46.0,0.99504,3.38,0.89,11.8,6.0,919.0
651,9.6,0.41,0.37,2.3,0.091,10.0,23.0,0.99786,3.24,0.56,10.5,5.0,920.0
652,8.4,0.62,0.12,1.8,0.072,38.0,46.0,0.99504,3.38,0.89,11.8,6.0,922.0
653,8.6,0.47,0.27,2.3,0.055,14.0,28.0,0.99516,3.18,0.8,11.2,5.0,924.0
654,8.6,0.22,0.36,1.9,0.064,53.0,77.0,0.99604,3.47,0.87,11.0,7.0,925.0
655,9.4,0.24,0.33,2.3,0.061,52.0,73.0,0.99786,3.47,0.9,10.2,6.0,926.0
656,8.4,0.67,0.19,2.2,0.093,11.0,75.0,0.99736,3.2,0.59,9.2,4.0,927.0
657,8.6,0.47,0.27,2.3,0.055,14.0,28.0,0.99516,3.18,0.8,11.2,5.0,928.0
658,8.7,0.33,0.38,3.3,0.063,10.0,19.0,0.99468,3.3,0.73,12.0,7.0,929.0
659,7.4,0.61,0.01,2.0,0.074,13.0,38.0,0.99748,3.48,0.65,9.8,5.0,931.0
660,7.6,0.4,0.29,1.9,0.078,29.0,66.0,0.9971,3.45,0.59,9.5,6.0,932.0
661,6.6,0.61,0.01,1.9,0.08,8.0,25.0,0.99746,3.69,0.73,10.5,5.0,934.0
662,8.8,0.3,0.38,2.3,0.06,19.0,72.0,0.99543,3.39,0.72,11.8,6.0,936.0
663,6.2,0.46,0.17,1.6,0.073,7.0,11.0,0.99425,3.61,0.54,11.4,5.0,939.0
664,9.9,0.27,0.49,5.0,0.0819999999999999,9.0,17.0,0.99484,3.19,0.52,12.5,7.0,941.0
665,10.1,0.43,0.4,2.6,0.092,13.0,52.0,0.99834,3.22,0.64,10.0,7.0,942.0
666,8.3,0.3,0.49,3.8,0.09,11.0,24.0,0.99498,3.27,0.64,12.1,7.0,944.0
667,10.2,0.44,0.58,4.1,0.092,11.0,24.0,0.99745,3.29,0.99,12.0,7.0,946.0
668,8.3,0.28,0.48,2.1,0.093,6.0,12.0,0.99408,3.26,0.62,12.4,7.0,947.0
669,8.9,0.12,0.45,1.8,0.075,10.0,21.0,0.99552,3.41,0.76,11.9,7.0,949.0
670,8.9,0.12,0.45,1.8,0.075,10.0,21.0,0.99552,3.41,0.76,11.9,7.0,950.0
671,8.3,0.28,0.48,2.1,0.093,6.0,12.0,0.99408,3.26,0.62,12.4,7.0,951.0
672,8.2,0.31,0.4,2.2,0.0579999999999999,6.0,10.0,0.99536,3.31,0.68,11.2,7.0,952.0
673,10.2,0.34,0.48,2.1,0.052,5.0,9.0,0.99458,3.2,0.69,12.1,7.0,953.0
674,8.5,0.21,0.52,1.9,0.09,9.0,23.0,0.99648,3.36,0.67,10.4,5.0,955.0
675,9.0,0.36,0.52,2.1,0.111,5.0,10.0,0.99568,3.31,0.62,11.3,6.0,956.0
676,6.4,0.57,0.12,2.3,0.12,25.0,36.0,0.99519,3.47,0.71,11.3,7.0,958.0
677,8.5,0.47,0.27,1.9,0.0579999999999999,18.0,38.0,0.99518,3.16,0.85,11.1,6.0,960.0
678,7.1,0.56,0.14,1.6,0.078,7.0,18.0,0.99592,3.27,0.62,9.3,5.0,961.0
679,6.6,0.57,0.02,2.1,0.115,6.0,16.0,0.99654,3.38,0.69,9.5,5.0,962.0
680,8.5,0.47,0.27,1.9,0.0579999999999999,18.0,38.0,0.99518,3.16,0.85,11.1,6.0,964.0
681,8.5,0.66,0.2,2.1,0.0969999999999999,23.0,113.0,0.99733,3.13,0.48,9.2,5.0,967.0
682,9.0,0.4,0.43,2.4,0.068,29.0,46.0,0.9943,3.2,0.6,12.2,6.0,968.0
683,10.4,0.26,0.48,1.9,0.066,6.0,10.0,0.99724,3.33,0.87,10.9,6.0,971.0
684,8.8,0.33,0.41,5.9,0.073,7.0,13.0,0.99658,3.3,0.62,12.1,7.0,974.0
685,7.2,0.41,0.3,2.1,0.083,35.0,72.0,0.997,3.44,0.52,9.4,5.0,975.0
686,8.4,0.59,0.29,2.6,0.109,31.0,119.0,0.99801,3.15,0.5,9.1,5.0,977.0
687,7.0,0.4,0.32,3.6,0.061,9.0,29.0,0.99416,3.28,0.49,11.3,7.0,978.0
688,9.1,0.5,0.3,1.9,0.065,8.0,17.0,0.99774,3.32,0.71,10.5,6.0,980.0
689,9.5,0.86,0.26,1.9,0.079,13.0,28.0,0.99712,3.25,0.62,10.0,5.0,981.0
690,7.3,0.52,0.32,2.1,0.07,51.0,70.0,0.99418,3.34,0.82,12.9,6.0,982.0
691,9.1,0.5,0.3,1.9,0.065,8.0,17.0,0.99774,3.32,0.71,10.5,6.0,983.0
692,7.4,0.58,0.0,2.0,0.064,7.0,11.0,0.99562,3.45,0.58,11.3,6.0,985.0
693,7.1,0.36,0.3,1.6,0.08,35.0,70.0,0.99693,3.44,0.5,9.4,5.0,987.0
694,7.7,0.39,0.12,1.7,0.0969999999999999,19.0,27.0,0.99596,3.16,0.49,9.4,5.0,988.0
695,9.7,0.295,0.4,1.5,0.073,14.0,21.0,0.99556,3.14,0.51,10.9,6.0,989.0
696,7.7,0.39,0.12,1.7,0.0969999999999999,19.0,27.0,0.99596,3.16,0.49,9.4,5.0,990.0
697,7.1,0.34,0.28,2.0,0.0819999999999999,31.0,68.0,0.99694,3.45,0.48,9.4,5.0,991.0
698,7.1,0.34,0.28,2.0,0.0819999999999999,31.0,68.0,0.99694,3.45,0.48,9.4,5.0,993.0
699,7.7,0.6,0.06,2.0,0.079,19.0,41.0,0.99697,3.39,0.62,10.1,6.0,995.0
700,8.9,0.84,0.34,1.4,0.05,4.0,10.0,0.99554,3.12,0.48,9.1,6.0,998.0
701,6.4,0.69,0.0,1.65,0.055,7.0,12.0,0.99162,3.47,0.53,12.9,6.0,999.0
702,7.5,0.43,0.3,2.2,0.062,6.0,12.0,0.99495,3.44,0.72,11.5,7.0,1000.0
703,8.2,0.43,0.29,1.6,0.081,27.0,45.0,0.99603,3.25,0.54,10.3,5.0,1004.0
704,6.8,0.36,0.32,1.8,0.067,4.0,8.0,0.9928,3.36,0.55,12.8,7.0,1005.0
705,9.1,0.29,0.33,2.05,0.063,13.0,27.0,0.99516,3.26,0.84,11.7,7.0,1006.0
706,9.1,0.3,0.34,2.0,0.064,12.0,25.0,0.99516,3.26,0.84,11.7,7.0,1007.0
707,8.9,0.35,0.4,3.6,0.11,12.0,24.0,0.99549,3.23,0.7,12.0,7.0,1008.0
708,8.9,0.28,0.45,1.7,0.067,7.0,12.0,0.99354,3.25,0.55,12.3,7.0,1010.0
709,8.9,0.32,0.31,2.0,0.088,12.0,19.0,0.9957,3.17,0.55,10.4,6.0,1011.0
710,7.7,1.005,0.15,2.1,0.102,11.0,32.0,0.99604,3.23,0.48,10.0,5.0,1012.0
711,7.5,0.71,0.0,1.6,0.092,22.0,31.0,0.99635,3.38,0.58,10.0,6.0,1013.0
712,8.0,0.58,0.16,2.0,0.12,3.0,7.0,0.99454,3.22,0.58,11.2,6.0,1014.0
713,8.9,0.38,0.4,2.2,0.068,12.0,28.0,0.99486,3.27,0.75,12.6,7.0,1016.0
714,8.0,0.18,0.37,0.9,0.049,36.0,109.0,0.99007,2.89,0.44,12.7,6.0,1018.0
715,7.0,0.5,0.14,1.8,0.078,10.0,23.0,0.99636,3.53,0.61,10.4,5.0,1019.0
716,11.3,0.36,0.66,2.4,0.123,3.0,8.0,0.99642,3.2,0.53,11.9,6.0,1020.0
717,11.3,0.36,0.66,2.4,0.123,3.0,8.0,0.99642,3.2,0.53,11.9,6.0,1021.0
718,7.0,0.51,0.09,2.1,0.062,4.0,9.0,0.99584,3.35,0.54,10.5,5.0,1022.0
719,8.2,0.32,0.42,2.3,0.098,3.0,9.0,0.99506,3.27,0.55,12.3,6.0,1023.0
720,7.7,0.58,0.01,1.8,0.088,12.0,18.0,0.99568,3.32,0.56,10.5,7.0,1024.0
721,8.6,0.83,0.0,2.8,0.095,17.0,43.0,0.99822,3.33,0.6,10.4,6.0,1025.0
722,7.9,0.31,0.32,1.9,0.066,14.0,36.0,0.99364,3.41,0.56,12.6,6.0,1026.0
723,6.4,0.795,0.0,2.2,0.065,28.0,52.0,0.99378,3.49,0.52,11.6,5.0,1027.0
724,7.7,0.58,0.01,1.8,0.088,12.0,18.0,0.99568,3.32,0.56,10.5,7.0,1029.0
725,8.1,0.82,0.0,4.1,0.095,5.0,14.0,0.99854,3.36,0.53,9.6,5.0,1032.0
726,8.9,0.745,0.18,2.5,0.077,15.0,48.0,0.99739,3.2,0.47,9.7,6.0,1034.0
727,10.1,0.37,0.34,2.4,0.085,5.0,17.0,0.99683,3.17,0.65,10.6,7.0,1035.0
728,7.6,0.31,0.34,2.5,0.0819999999999999,26.0,35.0,0.99356,3.22,0.59,12.5,7.0,1036.0
729,8.7,0.41,0.41,6.2,0.078,25.0,42.0,0.9953,3.24,0.77,12.6,7.0,1038.0
730,8.9,0.5,0.21,2.2,0.088,21.0,39.0,0.99692,3.33,0.83,11.1,6.0,1039.0
731,6.9,0.49,0.19,1.7,0.079,13.0,26.0,0.99547,3.38,0.64,9.8,6.0,1041.0
732,6.4,0.39,0.33,3.3,0.046,12.0,53.0,0.99294,3.36,0.62,12.2,6.0,1044.0
733,6.9,0.44,0.0,1.4,0.07,32.0,38.0,0.99438,3.32,0.58,11.4,6.0,1045.0
734,7.6,0.78,0.0,1.7,0.076,33.0,45.0,0.99612,3.31,0.62,10.7,6.0,1046.0
735,7.1,0.43,0.17,1.8,0.0819999999999999,27.0,51.0,0.99634,3.49,0.64,10.4,5.0,1047.0
736,9.3,0.49,0.36,1.7,0.081,3.0,14.0,0.99702,3.27,0.78,10.9,6.0,1048.0
737,9.3,0.5,0.36,1.8,0.084,6.0,17.0,0.99704,3.27,0.77,10.8,6.0,1049.0
738,8.5,0.46,0.59,1.4,0.414,16.0,45.0,0.99702,3.03,1.34,9.2,5.0,1051.0
739,5.6,0.605,0.05,2.4,0.073,19.0,25.0,0.99258,3.56,0.55,12.9,5.0,1052.0
740,8.3,0.33,0.42,2.3,0.07,9.0,20.0,0.99426,3.38,0.77,12.7,7.0,1053.0
741,8.2,0.64,0.27,2.0,0.095,5.0,77.0,0.99747,3.13,0.62,9.1,6.0,1055.0
742,8.9,0.48,0.53,4.0,0.1009999999999999,3.0,10.0,0.99586,3.21,0.59,12.1,7.0,1056.0
743,7.6,0.42,0.25,3.9,0.104,28.0,90.0,0.99784,3.15,0.57,9.1,5.0,1057.0
744,9.9,0.53,0.57,2.4,0.093,30.0,52.0,0.9971,3.19,0.76,11.6,7.0,1058.0
745,8.9,0.48,0.53,4.0,0.1009999999999999,3.0,10.0,0.99586,3.21,0.59,12.1,7.0,1059.0
746,11.6,0.23,0.57,1.8,0.074,3.0,8.0,0.9981,3.14,0.7,9.9,6.0,1060.0
747,9.1,0.4,0.5,1.8,0.071,7.0,16.0,0.99462,3.21,0.69,12.5,8.0,1061.0
748,8.0,0.38,0.44,1.9,0.098,6.0,15.0,0.9956,3.3,0.64,11.4,6.0,1062.0
749,10.2,0.29,0.65,2.4,0.075,6.0,17.0,0.99565,3.22,0.63,11.8,6.0,1063.0
750,8.2,0.74,0.09,2.0,0.067,5.0,10.0,0.99418,3.28,0.57,11.8,6.0,1064.0
751,7.7,0.61,0.18,2.4,0.083,6.0,20.0,0.9963,3.29,0.6,10.2,6.0,1065.0
752,6.6,0.52,0.08,2.4,0.07,13.0,26.0,0.99358,3.4,0.72,12.5,7.0,1066.0
753,11.1,0.31,0.53,2.2,0.06,3.0,10.0,0.99572,3.02,0.83,10.9,7.0,1067.0
754,8.0,0.62,0.35,2.8,0.086,28.0,52.0,0.997,3.31,0.62,10.8,5.0,1069.0
755,9.3,0.33,0.45,1.5,0.057,19.0,37.0,0.99498,3.18,0.89,11.1,7.0,1070.0
756,7.5,0.77,0.2,8.1,0.098,30.0,92.0,0.99892,3.2,0.58,9.2,5.0,1071.0
757,8.0,0.62,0.33,2.7,0.088,16.0,37.0,0.9972,3.31,0.58,10.7,6.0,1073.0
758,9.9,0.32,0.56,2.0,0.073,3.0,8.0,0.99534,3.15,0.73,11.4,6.0,1076.0
759,8.6,0.37,0.65,6.4,0.08,3.0,8.0,0.99817,3.27,0.58,11.0,5.0,1078.0
760,7.9,0.3,0.68,8.3,0.05,37.5,278.0,0.99316,3.01,0.51,12.3,7.0,1079.0
761,7.9,0.3,0.68,8.3,0.05,37.5,289.0,0.99316,3.01,0.51,12.3,7.0,1081.0
762,7.2,0.38,0.3,1.8,0.073,31.0,70.0,0.99685,3.42,0.59,9.5,6.0,1082.0
763,8.7,0.42,0.45,2.4,0.072,32.0,59.0,0.99617,3.33,0.77,12.0,6.0,1083.0
764,6.8,0.48,0.08,1.8,0.074,40.0,64.0,0.99529,3.12,0.49,9.6,5.0,1085.0
765,8.5,0.34,0.4,4.7,0.055,3.0,9.0,0.99738,3.38,0.66,11.6,7.0,1086.0
766,7.9,0.19,0.42,1.6,0.057,18.0,30.0,0.994,3.29,0.69,11.2,6.0,1087.0
767,11.6,0.41,0.54,1.5,0.095,22.0,41.0,0.99735,3.02,0.76,9.9,7.0,1088.0
768,11.6,0.41,0.54,1.5,0.095,22.0,41.0,0.99735,3.02,0.76,9.9,7.0,1089.0
769,10.0,0.26,0.54,1.9,0.083,42.0,74.0,0.99451,2.98,0.63,11.8,8.0,1090.0
770,7.9,0.34,0.42,2.0,0.086,8.0,19.0,0.99546,3.35,0.6,11.4,6.0,1091.0
771,7.0,0.54,0.09,2.0,0.081,10.0,16.0,0.99479,3.43,0.59,11.5,6.0,1092.0
772,9.2,0.31,0.36,2.2,0.079,11.0,31.0,0.99615,3.33,0.86,12.0,7.0,1093.0
773,6.6,0.725,0.09,5.5,0.1169999999999999,9.0,17.0,0.99655,3.35,0.49,10.8,6.0,1094.0
774,6.6,0.725,0.09,5.5,0.1169999999999999,9.0,17.0,0.99655,3.35,0.49,10.8,6.0,1096.0
775,8.6,0.52,0.38,1.5,0.096,5.0,18.0,0.99666,3.2,0.52,9.4,5.0,1099.0
776,8.4,0.34,0.42,2.1,0.072,23.0,36.0,0.99392,3.11,0.78,12.4,6.0,1100.0
777,7.4,0.49,0.27,2.1,0.071,14.0,25.0,0.99388,3.35,0.63,12.0,6.0,1101.0
778,7.4,0.49,0.27,2.1,0.071,14.0,25.0,0.99388,3.35,0.63,12.0,6.0,1103.0
779,8.0,0.48,0.34,2.2,0.073,16.0,25.0,0.9936,3.28,0.66,12.4,6.0,1104.0
780,6.3,0.57,0.28,2.1,0.048,13.0,49.0,0.99374,3.41,0.6,12.8,5.0,1105.0
781,9.1,0.3,0.41,2.0,0.068,10.0,24.0,0.99523,3.27,0.85,11.7,7.0,1107.0
782,8.1,0.78,0.1,3.3,0.09,4.0,13.0,0.99855,3.36,0.49,9.5,5.0,1108.0
783,10.8,0.47,0.43,2.1,0.171,27.0,66.0,0.9982,3.17,0.76,10.8,6.0,1109.0
784,8.3,0.53,0.0,1.4,0.07,6.0,14.0,0.99593,3.25,0.64,10.0,6.0,1110.0
785,5.4,0.42,0.27,2.0,0.092,23.0,55.0,0.99471,3.78,0.64,12.3,7.0,1111.0
786,7.9,0.33,0.41,1.5,0.0559999999999999,6.0,35.0,0.99396,3.29,0.71,11.0,6.0,1112.0
787,5.0,0.4,0.5,4.3,0.046,29.0,80.0,0.9902,3.49,0.66,13.6,6.0,1114.0
788,7.0,0.69,0.07,2.5,0.091,15.0,21.0,0.99572,3.38,0.6,11.3,6.0,1115.0
789,7.0,0.69,0.07,2.5,0.091,15.0,21.0,0.99572,3.38,0.6,11.3,6.0,1116.0
790,7.0,0.69,0.07,2.5,0.091,15.0,21.0,0.99572,3.38,0.6,11.3,6.0,1117.0
791,7.1,0.39,0.12,2.1,0.065,14.0,24.0,0.99252,3.3,0.53,13.3,6.0,1118.0
792,5.6,0.66,0.0,2.5,0.066,7.0,15.0,0.99256,3.52,0.58,12.9,5.0,1119.0
793,7.9,0.54,0.34,2.5,0.076,8.0,17.0,0.99235,3.2,0.72,13.1,8.0,1120.0
794,6.3,0.47,0.0,1.4,0.055,27.0,33.0,0.9922,3.45,0.48,12.3,6.0,1122.0
795,8.8,0.24,0.35,1.7,0.055,13.0,27.0,0.99394,3.14,0.59,11.3,7.0,1125.0
796,6.3,0.76,0.0,2.9,0.072,26.0,52.0,0.99379,3.51,0.6,11.5,6.0,1127.0
797,10.0,0.43,0.33,2.7,0.095,28.0,89.0,0.9984,3.22,0.68,10.0,5.0,1128.0
798,9.1,0.6,0.0,1.9,0.0579999999999999,5.0,10.0,0.9977,3.18,0.63,10.4,6.0,1130.0
799,7.4,0.36,0.34,1.8,0.075,18.0,38.0,0.9933,3.38,0.88,13.6,7.0,1132.0
800,7.2,0.48,0.07,5.5,0.089,10.0,18.0,0.99684,3.37,0.68,11.2,7.0,1133.0
801,8.5,0.28,0.35,1.7,0.061,6.0,15.0,0.99524,3.3,0.74,11.8,7.0,1134.0
802,8.0,0.25,0.43,1.7,0.067,22.0,50.0,0.9946,3.38,0.6,11.9,6.0,1135.0
803,10.4,0.52,0.45,2.0,0.08,6.0,13.0,0.99774,3.22,0.76,11.4,6.0,1136.0
804,7.5,0.41,0.15,3.7,0.104,29.0,94.0,0.99786,3.14,0.58,9.1,5.0,1138.0
805,8.2,0.51,0.24,2.0,0.079,16.0,86.0,0.99764,3.34,0.64,9.5,6.0,1139.0
806,7.3,0.4,0.3,1.7,0.08,33.0,79.0,0.9969,3.41,0.65,9.5,6.0,1140.0
807,8.2,0.38,0.32,2.5,0.08,24.0,71.0,0.99624,3.27,0.85,11.0,6.0,1141.0
808,6.9,0.45,0.11,2.4,0.043,6.0,12.0,0.99354,3.3,0.65,11.4,6.0,1142.0
809,7.0,0.22,0.3,1.8,0.065,16.0,20.0,0.99672,3.61,0.82,10.0,6.0,1143.0
810,7.3,0.32,0.23,2.3,0.066,35.0,70.0,0.99588,3.43,0.62,10.1,5.0,1144.0
811,8.2,0.2,0.43,2.5,0.076,31.0,51.0,0.99672,3.53,0.81,10.4,6.0,1145.0
812,7.8,0.5,0.12,1.8,0.178,6.0,21.0,0.996,3.28,0.87,9.8,6.0,1146.0
813,10.0,0.41,0.45,6.2,0.071,6.0,14.0,0.99702,3.21,0.49,11.8,7.0,1147.0
814,7.8,0.39,0.42,2.0,0.086,9.0,21.0,0.99526,3.39,0.66,11.6,6.0,1148.0
815,10.0,0.35,0.47,2.0,0.061,6.0,11.0,0.99585,3.23,0.52,12.0,6.0,1149.0
816,6.1,0.58,0.23,2.5,0.044,16.0,70.0,0.99352,3.46,0.65,12.5,6.0,1151.0
817,8.3,0.6,0.25,2.2,0.118,9.0,38.0,0.99616,3.15,0.53,9.8,5.0,1152.0
818,9.6,0.42,0.35,2.1,0.083,17.0,38.0,0.99622,3.23,0.66,11.1,6.0,1153.0
819,8.3,0.6,0.25,2.2,0.118,9.0,38.0,0.99616,3.15,0.53,9.8,5.0,1155.0
820,8.5,0.18,0.51,1.75,0.071,45.0,88.0,0.99524,3.33,0.76,11.8,7.0,1156.0
821,5.1,0.51,0.18,2.1,0.042,16.0,101.0,0.9924,3.46,0.87,12.9,7.0,1157.0
822,8.5,0.32,0.42,2.3,0.075,12.0,19.0,0.99434,3.14,0.71,11.8,7.0,1162.0
823,9.0,0.785,0.24,1.7,0.078,10.0,21.0,0.99692,3.29,0.67,10.0,5.0,1164.0
824,8.2,0.33,0.39,2.5,0.074,29.0,48.0,0.99528,3.32,0.88,12.4,7.0,1167.0
825,6.5,0.34,0.27,2.8,0.067,8.0,44.0,0.99384,3.21,0.56,12.0,6.0,1168.0
826,7.6,0.5,0.29,2.3,0.086,5.0,14.0,0.99502,3.32,0.62,11.5,6.0,1169.0
827,9.2,0.36,0.34,1.6,0.062,5.0,12.0,0.99667,3.2,0.67,10.5,6.0,1170.0
828,9.7,0.42,0.46,2.1,0.074,5.0,16.0,0.99649,3.27,0.74,12.3,6.0,1172.0
829,7.6,0.36,0.31,1.7,0.079,26.0,65.0,0.99716,3.46,0.62,9.5,6.0,1173.0
830,7.6,0.36,0.31,1.7,0.079,26.0,65.0,0.99716,3.46,0.62,9.5,6.0,1174.0
831,6.5,0.61,0.0,2.2,0.095,48.0,59.0,0.99541,3.61,0.7,11.5,6.0,1175.0
832,6.5,0.88,0.03,5.6,0.079,23.0,47.0,0.99572,3.58,0.5,11.2,4.0,1176.0
833,5.6,0.915,0.0,2.1,0.0409999999999999,17.0,78.0,0.99346,3.68,0.73,11.4,5.0,1178.0
834,8.2,0.35,0.33,2.4,0.076,11.0,47.0,0.99599,3.27,0.81,11.0,6.0,1179.0
835,9.8,0.39,0.43,1.65,0.068,5.0,11.0,0.99478,3.19,0.46,11.4,5.0,1181.0
836,6.8,0.66,0.07,1.6,0.07,16.0,61.0,0.99572,3.29,0.6,9.3,5.0,1183.0
837,6.7,0.64,0.23,2.1,0.08,11.0,119.0,0.99538,3.36,0.7,10.9,5.0,1184.0
838,6.7,0.64,0.23,2.1,0.08,11.0,119.0,0.99538,3.36,0.7,10.9,5.0,1188.0
839,8.8,0.955,0.05,1.8,0.075,5.0,19.0,0.99616,3.3,0.44,9.6,4.0,1189.0
840,9.1,0.4,0.57,4.6,0.08,6.0,20.0,0.99652,3.28,0.57,12.5,6.0,1190.0
841,6.5,0.885,0.0,2.3,0.166,6.0,12.0,0.99551,3.56,0.51,10.8,5.0,1191.0
842,7.2,0.25,0.37,2.5,0.063,11.0,41.0,0.99439,3.52,0.8,12.4,7.0,1192.0
843,7.0,0.745,0.12,1.8,0.114,15.0,64.0,0.99588,3.22,0.59,9.5,6.0,1194.0
844,6.2,0.43,0.22,1.8,0.078,21.0,56.0,0.99633,3.52,0.6,9.5,6.0,1195.0
845,7.7,0.57,0.21,1.5,0.069,4.0,9.0,0.99458,3.16,0.54,9.8,6.0,1197.0
846,7.7,0.26,0.26,2.0,0.052,19.0,77.0,0.9951,3.15,0.79,10.9,6.0,1198.0
847,7.9,0.58,0.23,2.3,0.076,23.0,94.0,0.99686,3.21,0.58,9.5,6.0,1199.0
848,7.7,0.57,0.21,1.5,0.069,4.0,9.0,0.99458,3.16,0.54,9.8,6.0,1200.0
849,7.9,0.34,0.36,1.9,0.065,5.0,10.0,0.99419,3.27,0.54,11.2,7.0,1201.0
850,8.6,0.42,0.39,1.8,0.068,6.0,12.0,0.99516,3.35,0.69,11.7,8.0,1202.0
851,9.9,0.74,0.19,5.8,0.111,33.0,76.0,0.99878,3.14,0.55,9.4,5.0,1203.0
852,7.2,0.36,0.46,2.1,0.074,24.0,44.0,0.99534,3.4,0.85,11.0,7.0,1204.0
853,7.2,0.36,0.46,2.1,0.074,24.0,44.0,0.99534,3.4,0.85,11.0,7.0,1206.0
854,9.9,0.72,0.55,1.7,0.136,24.0,52.0,0.99752,3.35,0.94,10.0,5.0,1207.0
855,7.2,0.36,0.46,2.1,0.074,24.0,44.0,0.99534,3.4,0.85,11.0,7.0,1208.0
856,6.2,0.39,0.43,2.0,0.071,14.0,24.0,0.99428,3.45,0.87,11.2,7.0,1209.0
857,6.8,0.65,0.02,2.1,0.078,8.0,15.0,0.99498,3.35,0.62,10.4,6.0,1210.0
858,6.8,0.65,0.02,2.1,0.078,8.0,15.0,0.99498,3.35,0.62,10.4,6.0,1212.0
859,10.2,0.33,0.46,1.9,0.081,6.0,9.0,0.99628,3.1,0.48,10.4,6.0,1214.0
860,7.9,0.57,0.31,2.0,0.079,10.0,79.0,0.99677,3.29,0.69,9.5,6.0,1216.0
861,9.0,0.39,0.4,1.3,0.044,25.0,50.0,0.99478,3.2,0.83,10.9,6.0,1219.0
862,10.9,0.32,0.52,1.8,0.132,17.0,44.0,0.99734,3.28,0.77,11.5,6.0,1220.0
863,10.9,0.32,0.52,1.8,0.132,17.0,44.0,0.99734,3.28,0.77,11.5,6.0,1221.0
864,12.6,0.39,0.49,2.5,0.08,8.0,20.0,0.9992,3.07,0.82,10.3,6.0,1224.0
865,9.2,0.46,0.23,2.6,0.091,18.0,77.0,0.99922,3.15,0.51,9.4,5.0,1225.0
866,7.5,0.58,0.03,4.1,0.08,27.0,46.0,0.99592,3.02,0.47,9.2,5.0,1226.0
867,9.0,0.58,0.25,2.0,0.104,8.0,21.0,0.99769,3.27,0.72,9.6,5.0,1227.0
868,5.1,0.42,0.0,1.8,0.044,18.0,88.0,0.99157,3.68,0.73,13.6,7.0,1228.0
869,7.6,0.43,0.29,2.1,0.075,19.0,66.0,0.99718,3.4,0.64,9.5,5.0,1229.0
870,7.7,0.18,0.34,2.7,0.066,15.0,58.0,0.9947,3.37,0.78,11.8,6.0,1230.0
871,7.8,0.815,0.01,2.6,0.074,48.0,90.0,0.99621,3.38,0.62,10.8,5.0,1231.0
872,7.6,0.43,0.29,2.1,0.075,19.0,66.0,0.99718,3.4,0.64,9.5,5.0,1232.0
873,7.1,0.75,0.01,2.2,0.059,11.0,18.0,0.99242,3.39,0.4,12.8,6.0,1234.0
874,7.8,0.55,0.0,1.7,0.07,7.0,17.0,0.99659,3.26,0.64,9.4,6.0,1236.0
875,7.1,0.75,0.01,2.2,0.059,11.0,18.0,0.99242,3.39,0.4,12.8,6.0,1237.0
876,8.1,0.73,0.0,2.5,0.081,12.0,24.0,0.99798,3.38,0.46,9.6,4.0,1238.0
877,6.5,0.67,0.0,4.3,0.057,11.0,20.0,0.99488,3.45,0.56,11.8,4.0,1239.0
878,7.5,0.61,0.2,1.7,0.076,36.0,60.0,0.99494,3.1,0.4,9.3,5.0,1240.0
879,8.3,0.56,0.22,2.4,0.0819999999999999,10.0,86.0,0.9983,3.37,0.62,9.5,5.0,1243.0
880,7.4,0.55,0.19,1.8,0.0819999999999999,15.0,34.0,0.99655,3.49,0.68,10.5,5.0,1245.0
881,7.4,0.74,0.07,1.7,0.086,15.0,48.0,0.99502,3.12,0.48,10.0,5.0,1246.0
882,7.1,0.6,0.01,2.3,0.079,24.0,37.0,0.99514,3.4,0.61,10.9,6.0,1250.0
883,7.5,0.58,0.14,2.2,0.077,27.0,60.0,0.9963,3.28,0.59,9.8,5.0,1251.0
884,7.1,0.72,0.0,1.8,0.123,6.0,14.0,0.99627,3.45,0.58,9.8,5.0,1252.0
885,7.9,0.66,0.0,1.4,0.096,6.0,13.0,0.99569,3.43,0.58,9.5,5.0,1253.0
886,7.8,0.7,0.06,1.9,0.079,20.0,35.0,0.99628,3.4,0.69,10.9,5.0,1254.0
887,7.5,0.59,0.22,1.8,0.0819999999999999,43.0,60.0,0.99499,3.1,0.42,9.2,5.0,1256.0
888,7.0,0.58,0.28,4.8,0.085,12.0,69.0,0.99633,3.32,0.7,11.0,6.0,1257.0
889,6.8,0.64,0.0,2.7,0.123,15.0,33.0,0.99538,3.44,0.63,11.3,6.0,1258.0
890,8.6,0.635,0.68,1.8,0.4029999999999999,19.0,56.0,0.99632,3.02,1.15,9.3,5.0,1260.0
891,6.3,1.02,0.0,2.0,0.083,17.0,24.0,0.99437,3.59,0.55,11.2,4.0,1261.0
892,9.8,0.45,0.38,2.5,0.081,34.0,66.0,0.99726,3.15,0.58,9.8,5.0,1262.0
893,8.5,0.37,0.32,1.8,0.066,26.0,51.0,0.99456,3.38,0.72,11.8,6.0,1264.0
894,7.2,0.57,0.05,2.3,0.081,16.0,36.0,0.99564,3.38,0.6,10.3,6.0,1265.0
895,7.2,0.57,0.05,2.3,0.081,16.0,36.0,0.99564,3.38,0.6,10.3,6.0,1266.0
896,10.4,0.43,0.5,2.3,0.068,13.0,19.0,0.996,3.1,0.87,11.4,6.0,1267.0
897,6.9,0.41,0.31,2.0,0.079,21.0,51.0,0.99668,3.47,0.55,9.5,6.0,1268.0
898,5.0,0.38,0.01,1.6,0.048,26.0,60.0,0.99084,3.7,0.75,14.0,6.0,1270.0
899,7.3,0.44,0.2,1.6,0.049,24.0,64.0,0.9935,3.38,0.57,11.7,6.0,1271.0
900,5.9,0.46,0.0,1.9,0.077,25.0,44.0,0.99385,3.5,0.53,11.2,5.0,1272.0
901,7.5,0.58,0.2,2.0,0.073,34.0,44.0,0.99494,3.1,0.43,9.3,5.0,1273.0
902,7.8,0.58,0.13,2.1,0.102,17.0,36.0,0.9944,3.24,0.53,11.2,6.0,1274.0
903,8.0,0.715,0.22,2.3,0.075,13.0,81.0,0.99688,3.24,0.54,9.5,6.0,1275.0
904,8.5,0.4,0.4,6.3,0.05,3.0,10.0,0.99566,3.28,0.56,12.0,4.0,1276.0
905,7.0,0.69,0.0,1.9,0.114,3.0,10.0,0.99636,3.35,0.6,9.7,6.0,1277.0
906,8.0,0.715,0.22,2.3,0.075,13.0,81.0,0.99688,3.24,0.54,9.5,6.0,1278.0
907,9.8,0.3,0.39,1.7,0.062,3.0,9.0,0.9948,3.14,0.57,11.5,7.0,1279.0
908,7.1,0.46,0.2,1.9,0.077,28.0,54.0,0.9956,3.37,0.64,10.4,6.0,1280.0
909,7.1,0.46,0.2,1.9,0.077,28.0,54.0,0.9956,3.37,0.64,10.4,6.0,1281.0
910,7.9,0.765,0.0,2.0,0.084,9.0,22.0,0.99619,3.33,0.68,10.9,6.0,1282.0
911,8.7,0.63,0.28,2.7,0.096,17.0,69.0,0.99734,3.26,0.63,10.2,6.0,1283.0
912,7.0,0.42,0.19,2.3,0.071,18.0,36.0,0.99476,3.39,0.56,10.9,5.0,1284.0
913,11.3,0.37,0.5,1.8,0.09,20.0,47.0,0.99734,3.15,0.57,10.5,5.0,1285.0
914,7.0,0.6,0.3,4.5,0.068,20.0,110.0,0.99914,3.3,1.17,10.2,5.0,1288.0
915,7.0,0.6,0.3,4.5,0.068,20.0,110.0,0.99914,3.3,1.17,10.2,5.0,1289.0
916,7.6,0.74,0.0,1.9,0.1,6.0,12.0,0.99521,3.36,0.59,11.0,5.0,1290.0
917,8.2,0.635,0.1,2.1,0.073,25.0,60.0,0.99638,3.29,0.75,10.9,6.0,1291.0
918,5.9,0.395,0.13,2.4,0.0559999999999999,14.0,28.0,0.99362,3.62,0.67,12.4,6.0,1292.0
919,6.6,0.63,0.0,4.3,0.093,51.0,77.5,0.99558,3.2,0.45,9.5,5.0,1296.0
920,7.2,0.53,0.14,2.1,0.064,15.0,29.0,0.99323,3.35,0.61,12.1,6.0,1297.0
921,5.7,0.6,0.0,1.4,0.063,11.0,18.0,0.99191,3.45,0.56,12.2,6.0,1298.0
922,7.6,1.58,0.0,2.1,0.1369999999999999,5.0,9.0,0.99476,3.5,0.4,10.9,3.0,1299.0
923,5.2,0.645,0.0,2.15,0.08,15.0,28.0,0.99444,3.78,0.61,12.5,6.0,1300.0
924,6.7,0.86,0.07,2.0,0.1,20.0,57.0,0.99598,3.6,0.74,11.7,6.0,1301.0
925,9.1,0.37,0.32,2.1,0.064,4.0,15.0,0.99576,3.3,0.8,11.2,6.0,1302.0
926,7.6,0.79,0.21,2.3,0.087,21.0,68.0,0.9955,3.12,0.44,9.2,5.0,1304.0
927,7.5,0.61,0.26,1.9,0.073,24.0,88.0,0.99612,3.3,0.53,9.8,5.0,1305.0
928,9.7,0.69,0.32,2.5,0.088,22.0,91.0,0.9979,3.29,0.62,10.1,5.0,1306.0
929,7.0,0.62,0.1,1.4,0.071,27.0,63.0,0.996,3.28,0.61,9.2,5.0,1309.0
930,6.5,0.51,0.15,3.0,0.064,12.0,27.0,0.9929,3.33,0.59,12.8,6.0,1311.0
931,8.0,1.18,0.21,1.9,0.083,14.0,41.0,0.99532,3.34,0.47,10.5,5.0,1312.0
932,7.5,0.63,0.27,2.0,0.083,17.0,91.0,0.99616,3.26,0.58,9.8,6.0,1315.0
933,5.4,0.74,0.0,1.2,0.0409999999999999,16.0,46.0,0.99258,4.01,0.59,12.5,6.0,1316.0
934,9.1,0.76,0.68,1.7,0.414,18.0,64.0,0.99652,2.9,1.33,9.1,6.0,1319.0
935,5.0,0.74,0.0,1.2,0.0409999999999999,16.0,46.0,0.99258,4.01,0.59,12.5,6.0,1321.0
936,9.1,0.34,0.42,1.8,0.0579999999999999,9.0,18.0,0.99392,3.18,0.55,11.4,5.0,1322.0
937,6.7,0.46,0.24,1.7,0.077,18.0,34.0,0.9948,3.39,0.6,10.6,6.0,1324.0
938,6.7,0.46,0.24,1.7,0.077,18.0,34.0,0.9948,3.39,0.6,10.6,6.0,1325.0
939,6.7,0.46,0.24,1.7,0.077,18.0,34.0,0.9948,3.39,0.6,10.6,6.0,1326.0
940,6.7,0.46,0.24,1.7,0.077,18.0,34.0,0.9948,3.39,0.6,10.6,6.0,1327.0
941,6.5,0.52,0.11,1.8,0.073,13.0,38.0,0.9955,3.34,0.52,9.3,5.0,1328.0
942,7.4,0.6,0.26,2.1,0.083,17.0,91.0,0.99616,3.29,0.56,9.8,6.0,1329.0
943,7.4,0.6,0.26,2.1,0.083,17.0,91.0,0.99616,3.29,0.56,9.8,6.0,1330.0
944,7.8,0.87,0.26,3.8,0.107,31.0,67.0,0.99668,3.26,0.46,9.2,5.0,1331.0
945,8.4,0.39,0.1,1.7,0.075,6.0,25.0,0.99581,3.09,0.43,9.7,6.0,1332.0
946,9.1,0.775,0.22,2.2,0.079,12.0,48.0,0.9976,3.18,0.51,9.6,5.0,1333.0
947,7.2,0.835,0.0,2.0,0.166,4.0,11.0,0.99608,3.39,0.52,10.0,5.0,1334.0
948,6.6,0.58,0.02,2.4,0.069,19.0,40.0,0.99387,3.38,0.66,12.6,6.0,1335.0
949,6.0,0.5,0.0,1.4,0.057,15.0,26.0,0.99448,3.36,0.45,9.5,5.0,1336.0
950,6.0,0.5,0.0,1.4,0.057,15.0,26.0,0.99448,3.36,0.45,9.5,5.0,1337.0
951,6.0,0.5,0.0,1.4,0.057,15.0,26.0,0.99448,3.36,0.45,9.5,5.0,1338.0
952,7.5,0.51,0.02,1.7,0.084,13.0,31.0,0.99538,3.36,0.54,10.5,6.0,1339.0
953,7.5,0.51,0.02,1.7,0.084,13.0,31.0,0.99538,3.36,0.54,10.5,6.0,1340.0
954,7.5,0.51,0.02,1.7,0.084,13.0,31.0,0.99538,3.36,0.54,10.5,6.0,1341.0
955,7.5,0.51,0.02,1.7,0.084,13.0,31.0,0.99538,3.36,0.54,10.5,6.0,1343.0
956,11.5,0.42,0.48,2.6,0.077,8.0,20.0,0.99852,3.09,0.53,11.0,5.0,1344.0
957,8.2,0.44,0.24,2.3,0.063,10.0,28.0,0.99613,3.25,0.53,10.2,6.0,1345.0
958,6.1,0.59,0.01,2.1,0.0559999999999999,5.0,13.0,0.99472,3.52,0.56,11.4,5.0,1346.0
959,7.2,0.655,0.03,1.8,0.078,7.0,12.0,0.99587,3.34,0.39,9.5,5.0,1347.0
960,7.2,0.62,0.01,2.3,0.065,8.0,46.0,0.99332,3.32,0.51,11.8,6.0,1351.0
961,7.6,0.645,0.03,1.9,0.086,14.0,57.0,0.9969,3.37,0.46,10.3,5.0,1353.0
962,6.1,0.32,0.25,1.8,0.086,5.0,32.0,0.99464,3.36,0.44,10.1,5.0,1355.0
963,6.1,0.34,0.25,1.8,0.084,4.0,28.0,0.99464,3.36,0.44,10.1,5.0,1356.0
964,7.3,0.43,0.24,2.5,0.078,27.0,67.0,0.99648,3.6,0.59,11.1,6.0,1357.0
965,7.4,0.64,0.17,5.4,0.168,52.0,98.0,0.99736,3.28,0.5,9.5,5.0,1358.0
966,11.6,0.475,0.4,1.4,0.091,6.0,28.0,0.99704,3.07,0.65,10.0333333333333,6.0,1359.0
967,8.3,0.85,0.14,2.5,0.093,13.0,54.0,0.99724,3.36,0.54,10.1,5.0,1361.0
968,11.6,0.475,0.4,1.4,0.091,6.0,28.0,0.99704,3.07,0.65,10.0333333333333,6.0,1362.0
969,7.2,0.605,0.02,1.9,0.096,10.0,31.0,0.995,3.46,0.53,11.8,6.0,1364.0
970,7.3,0.74,0.08,1.7,0.094,10.0,45.0,0.99576,3.24,0.5,9.8,5.0,1366.0
971,6.9,0.54,0.3,2.2,0.088,9.0,105.0,0.99725,3.25,1.18,10.5,6.0,1367.0
972,8.0,0.77,0.32,2.1,0.079,16.0,74.0,0.99656,3.27,0.5,9.8,6.0,1368.0
973,8.7,0.78,0.51,1.7,0.415,12.0,66.0,0.99623,3.0,1.17,9.2,5.0,1370.0
974,7.5,0.58,0.56,3.1,0.153,5.0,14.0,0.99476,3.21,1.03,11.6,6.0,1371.0
975,8.7,0.78,0.51,1.7,0.415,12.0,66.0,0.99623,3.0,1.17,9.2,5.0,1372.0
976,8.2,0.885,0.2,1.4,0.086,7.0,31.0,0.9946,3.11,0.46,10.0,5.0,1376.0
977,7.2,0.45,0.15,2.0,0.078,10.0,28.0,0.99609,3.29,0.51,9.9,6.0,1378.0
978,7.5,0.57,0.02,2.6,0.077,11.0,35.0,0.99557,3.36,0.62,10.8,6.0,1379.0
979,7.5,0.57,0.02,2.6,0.077,11.0,35.0,0.99557,3.36,0.62,10.8,6.0,1380.0
980,8.0,0.6,0.22,2.1,0.08,25.0,105.0,0.99613,3.3,0.49,9.9,5.0,1382.0
981,8.0,0.6,0.22,2.1,0.08,25.0,105.0,0.99613,3.3,0.49,9.9,5.0,1383.0
982,7.1,0.755,0.15,1.8,0.107,20.0,84.0,0.99593,3.19,0.5,9.5,5.0,1384.0
983,8.0,0.81,0.25,3.4,0.076,34.0,85.0,0.99668,3.19,0.42,9.2,5.0,1385.0
984,7.4,0.64,0.07,1.8,0.1,8.0,23.0,0.9961,3.3,0.58,9.6,5.0,1386.0
985,6.6,0.64,0.31,6.1,0.083,7.0,49.0,0.99718,3.35,0.68,10.3,5.0,1388.0
986,6.0,0.49,0.0,2.3,0.068,15.0,33.0,0.99292,3.58,0.59,12.5,6.0,1390.0
987,8.0,0.64,0.22,2.4,0.094,5.0,33.0,0.99612,3.37,0.58,11.0,5.0,1391.0
988,7.1,0.62,0.06,1.3,0.07,5.0,12.0,0.9942,3.17,0.48,9.8,5.0,1392.0
989,8.0,0.52,0.25,2.0,0.078,19.0,59.0,0.99612,3.3,0.48,10.2,5.0,1393.0
990,8.6,0.685,0.1,1.6,0.092,3.0,12.0,0.99745,3.31,0.65,9.55,6.0,1395.0
991,8.7,0.675,0.1,1.6,0.09,4.0,11.0,0.99745,3.31,0.65,9.55,5.0,1396.0
992,7.3,0.59,0.26,2.0,0.08,17.0,104.0,0.99584,3.28,0.52,9.9,5.0,1397.0
993,7.2,0.67,0.0,2.2,0.068,10.0,24.0,0.9956,3.42,0.72,11.1,6.0,1399.0
994,7.9,0.69,0.21,2.1,0.08,33.0,141.0,0.9962,3.25,0.51,9.9,5.0,1400.0
995,7.6,0.3,0.42,2.0,0.052,6.0,24.0,0.9963,3.44,0.82,11.9,6.0,1402.0
996,7.2,0.33,0.33,1.7,0.061,3.0,13.0,0.996,3.23,1.1,10.0,8.0,1403.0
997,8.0,0.5,0.39,2.6,0.0819999999999999,12.0,46.0,0.9985,3.43,0.62,10.7,6.0,1404.0
998,8.2,0.24,0.34,5.1,0.062,8.0,22.0,0.9974,3.22,0.94,10.9,6.0,1406.0
999,6.0,0.51,0.0,2.1,0.064,40.0,54.0,0.995,3.54,0.93,10.7,6.0,1407.0
1000,8.1,0.29,0.36,2.2,0.048,35.0,53.0,0.995,3.27,1.01,12.4,7.0,1408.0
1001,6.0,0.51,0.0,2.1,0.064,40.0,54.0,0.995,3.54,0.93,10.7,6.0,1409.0
1002,6.6,0.96,0.0,1.8,0.0819999999999999,5.0,16.0,0.9936,3.5,0.44,11.9,6.0,1410.0
1003,6.4,0.47,0.4,2.4,0.071,8.0,19.0,0.9963,3.56,0.73,10.6,6.0,1411.0
1004,8.2,0.24,0.34,5.1,0.062,8.0,22.0,0.9974,3.22,0.94,10.9,6.0,1412.0
1005,9.9,0.57,0.25,2.0,0.104,12.0,89.0,0.9963,3.04,0.9,10.1,5.0,1413.0
1006,10.0,0.32,0.59,2.2,0.077,3.0,15.0,0.9994,3.2,0.78,9.6,5.0,1414.0
1007,6.2,0.58,0.0,1.6,0.065,8.0,18.0,0.9966,3.56,0.84,9.4,5.0,1415.0
1008,10.0,0.32,0.59,2.2,0.077,3.0,15.0,0.9994,3.2,0.78,9.6,5.0,1416.0
1009,7.3,0.34,0.33,2.5,0.064,21.0,37.0,0.9952,3.35,0.77,12.1,7.0,1417.0
1010,7.8,0.53,0.01,1.6,0.077,3.0,19.0,0.995,3.16,0.46,9.8,5.0,1418.0
1011,7.7,0.64,0.21,2.2,0.077,32.0,133.0,0.9956,3.27,0.45,9.9,5.0,1419.0
1012,7.8,0.53,0.01,1.6,0.077,3.0,19.0,0.995,3.16,0.46,9.8,5.0,1420.0
1013,7.5,0.4,0.18,1.6,0.079,24.0,58.0,0.9965,3.34,0.58,9.4,5.0,1421.0
1014,7.0,0.54,0.0,2.1,0.079,39.0,55.0,0.9956,3.39,0.84,11.4,6.0,1422.0
1015,6.4,0.53,0.09,3.9,0.123,14.0,31.0,0.9968,3.5,0.67,11.0,4.0,1423.0
1016,7.6,0.41,0.33,2.5,0.078,6.0,23.0,0.9957,3.3,0.58,11.2,5.0,1427.0
1017,7.8,0.64,0.0,1.9,0.072,27.0,55.0,0.9962,3.31,0.63,11.0,5.0,1428.0
1018,7.9,0.18,0.4,2.2,0.049,38.0,67.0,0.996,3.33,0.93,11.3,5.0,1429.0
1019,7.4,0.41,0.24,1.8,0.066,18.0,47.0,0.9956,3.37,0.62,10.4,5.0,1430.0
1020,7.6,0.43,0.31,2.1,0.069,13.0,74.0,0.9958,3.26,0.54,9.9,6.0,1431.0
1021,6.1,0.4,0.16,1.8,0.069,11.0,25.0,0.9955,3.42,0.74,10.1,7.0,1433.0
1022,10.2,0.54,0.37,15.4,0.214,55.0,95.0,1.00369,3.18,0.77,9.0,6.0,1434.0
1023,10.0,0.38,0.38,1.6,0.1689999999999999,27.0,90.0,0.99914,3.15,0.65,8.5,5.0,1436.0
1024,6.8,0.915,0.29,4.8,0.07,15.0,39.0,0.99577,3.53,0.54,11.1,5.0,1437.0
1025,7.0,0.59,0.0,1.7,0.052,3.0,8.0,0.996,3.41,0.47,10.3,5.0,1438.0
1026,7.3,0.67,0.02,2.2,0.072,31.0,92.0,0.99566,3.32,0.68,11.066666666666698,6.0,1439.0
1027,6.9,0.58,0.2,1.75,0.0579999999999999,8.0,22.0,0.99322,3.38,0.49,11.7,5.0,1443.0
1028,7.4,0.785,0.19,5.2,0.094,19.0,98.0,0.99713,3.16,0.52,9.6,6.0,1445.0
1029,6.8,0.67,0.0,1.9,0.08,22.0,39.0,0.99701,3.4,0.74,9.7,5.0,1447.0
1030,7.2,0.38,0.31,2.0,0.0559999999999999,15.0,29.0,0.99472,3.23,0.76,11.3,8.0,1449.0
1031,7.2,0.37,0.32,2.0,0.062,15.0,28.0,0.9947,3.23,0.73,11.3,7.0,1450.0
1032,7.8,0.32,0.44,2.7,0.104,8.0,17.0,0.99732,3.33,0.78,11.0,7.0,1451.0
1033,6.6,0.58,0.02,2.0,0.062,37.0,53.0,0.99374,3.35,0.76,11.6,7.0,1452.0
1034,11.7,0.45,0.63,2.2,0.073,7.0,23.0,0.99974,3.21,0.69,10.9,6.0,1454.0
1035,6.5,0.9,0.0,1.6,0.052,9.0,17.0,0.99467,3.5,0.63,10.9,6.0,1455.0
1036,7.6,0.49,0.33,1.9,0.074,27.0,85.0,0.99706,3.41,0.58,9.0,5.0,1457.0
1037,8.4,0.29,0.4,1.7,0.067,8.0,20.0,0.99603,3.39,0.6,10.5,5.0,1458.0
1038,7.9,0.2,0.35,1.7,0.054,7.0,15.0,0.99458,3.32,0.8,11.9,7.0,1459.0
1039,6.4,0.42,0.09,2.3,0.054,34.0,64.0,0.99724,3.41,0.68,10.4,6.0,1460.0
1040,6.2,0.785,0.0,2.1,0.06,6.0,13.0,0.99664,3.59,0.61,10.0,4.0,1461.0
1041,6.9,0.63,0.01,2.4,0.076,14.0,39.0,0.99522,3.34,0.53,10.8,6.0,1463.0
1042,6.8,0.59,0.1,1.7,0.063,34.0,53.0,0.9958,3.41,0.67,9.7,5.0,1464.0
1043,7.3,0.48,0.32,2.1,0.062,31.0,54.0,0.99728,3.3,0.65,10.0,7.0,1466.0
1044,6.7,1.04,0.08,2.3,0.067,19.0,32.0,0.99648,3.52,0.57,11.0,4.0,1467.0
1045,7.3,0.48,0.32,2.1,0.062,31.0,54.0,0.99728,3.3,0.65,10.0,7.0,1468.0
1046,7.3,0.98,0.05,2.1,0.061,20.0,49.0,0.99705,3.31,0.55,9.7,3.0,1469.0
1047,10.0,0.69,0.11,1.4,0.084,8.0,24.0,0.99578,2.88,0.47,9.7,5.0,1470.0
1048,6.7,0.7,0.08,3.75,0.067,8.0,16.0,0.99334,3.43,0.52,12.6,5.0,1471.0
1049,7.6,0.35,0.6,2.6,0.073,23.0,44.0,0.99656,3.38,0.79,11.1,6.0,1472.0
1050,6.1,0.6,0.08,1.8,0.071,14.0,45.0,0.99336,3.38,0.54,11.0,5.0,1473.0
1051,9.9,0.5,0.5,13.8,0.205,48.0,82.0,1.00242,3.16,0.75,8.8,5.0,1474.0
1052,5.3,0.47,0.11,2.2,0.048,16.0,89.0,0.99182,3.54,0.88,13.566666666666698,7.0,1475.0
1053,9.9,0.5,0.5,13.8,0.205,48.0,82.0,1.00242,3.16,0.75,8.8,5.0,1476.0
1054,5.3,0.47,0.11,2.2,0.048,16.0,89.0,0.99182,3.54,0.88,13.6,7.0,1477.0
1055,7.1,0.875,0.05,5.7,0.0819999999999999,3.0,14.0,0.99808,3.4,0.52,10.2,3.0,1478.0
1056,8.2,0.28,0.6,3.0,0.104,10.0,22.0,0.99828,3.39,0.68,10.6,5.0,1479.0
1057,5.6,0.62,0.03,1.5,0.08,6.0,13.0,0.99498,3.66,0.62,10.1,4.0,1480.0
1058,8.2,0.28,0.6,3.0,0.104,10.0,22.0,0.99828,3.39,0.68,10.6,5.0,1481.0
1059,8.1,0.33,0.44,1.5,0.042,6.0,12.0,0.99542,3.35,0.61,10.7,5.0,1483.0
1060,7.0,0.655,0.16,2.1,0.074,8.0,25.0,0.99606,3.37,0.55,9.7,5.0,1485.0
1061,6.8,0.68,0.21,2.1,0.07,9.0,23.0,0.99546,3.38,0.6,10.3,5.0,1486.0
1062,6.0,0.64,0.05,1.9,0.066,9.0,17.0,0.99496,3.52,0.78,10.6,5.0,1487.0
1063,5.6,0.54,0.04,1.7,0.049,5.0,13.0,0.9942,3.72,0.58,11.4,5.0,1488.0
1064,7.1,0.22,0.49,1.8,0.039,8.0,18.0,0.99344,3.39,0.56,12.4,6.0,1490.0
1065,6.2,0.65,0.06,1.6,0.05,6.0,18.0,0.99348,3.57,0.54,11.95,5.0,1492.0
1066,7.7,0.54,0.26,1.9,0.089,23.0,147.0,0.99636,3.26,0.59,9.7,5.0,1493.0
1067,6.4,0.31,0.09,1.4,0.066,15.0,28.0,0.99459,3.42,0.7,10.0,7.0,1494.0
1068,7.0,0.43,0.02,1.9,0.08,15.0,28.0,0.99492,3.35,0.81,10.6,6.0,1495.0
1069,6.9,0.74,0.03,2.3,0.054,7.0,16.0,0.99508,3.45,0.63,11.5,6.0,1497.0
1070,6.9,0.74,0.03,2.3,0.054,7.0,16.0,0.99508,3.45,0.63,11.5,6.0,1499.0
1071,7.8,0.82,0.29,4.3,0.083,21.0,64.0,0.99642,3.16,0.53,9.4,5.0,1501.0
1072,6.2,0.44,0.39,2.5,0.077,6.0,14.0,0.99555,3.51,0.69,11.0,6.0,1503.0
1073,7.5,0.38,0.57,2.3,0.106,5.0,12.0,0.99605,3.36,0.55,11.4,6.0,1504.0
1074,6.7,0.76,0.02,1.8,0.078,6.0,12.0,0.996,3.55,0.63,9.95,3.0,1505.0
1075,6.8,0.81,0.05,2.0,0.07,6.0,14.0,0.99562,3.51,0.66,10.8,6.0,1506.0
1076,7.5,0.38,0.57,2.3,0.106,5.0,12.0,0.99605,3.36,0.55,11.4,6.0,1507.0
1077,7.1,0.27,0.6,2.1,0.074,17.0,25.0,0.99814,3.38,0.72,10.6,6.0,1508.0
1078,7.9,0.18,0.4,1.8,0.062,7.0,20.0,0.9941,3.28,0.7,11.1,5.0,1509.0
1079,6.4,0.36,0.21,2.2,0.047,26.0,48.0,0.99661,3.47,0.77,9.7,6.0,1510.0
1080,7.1,0.69,0.04,2.1,0.068,19.0,27.0,0.99712,3.44,0.67,9.8,5.0,1511.0
1081,6.9,0.84,0.21,4.1,0.074,16.0,65.0,0.99842,3.53,0.72,9.23333333333333,6.0,1514.0
1082,6.9,0.84,0.21,4.1,0.074,16.0,65.0,0.99842,3.53,0.72,9.25,6.0,1515.0
1083,6.5,0.53,0.06,2.0,0.063,29.0,44.0,0.99489,3.38,0.83,10.3,6.0,1517.0
1084,7.4,0.47,0.46,2.2,0.114,7.0,20.0,0.99647,3.32,0.63,10.5,5.0,1518.0
1085,6.6,0.7,0.08,2.6,0.106,14.0,27.0,0.99665,3.44,0.58,10.2,5.0,1519.0
1086,6.1,0.32,0.25,2.3,0.071,23.0,58.0,0.99633,3.42,0.97,10.6,5.0,1522.0
1087,6.8,0.48,0.25,2.0,0.076,29.0,61.0,0.9953,3.34,0.6,10.4,5.0,1523.0
1088,6.7,0.48,0.08,2.1,0.064,18.0,34.0,0.99552,3.33,0.64,9.7,5.0,1525.0
1089,6.8,0.47,0.08,2.2,0.064,18.0,38.0,0.99553,3.3,0.65,9.6,6.0,1526.0
1090,7.9,0.29,0.49,2.2,0.096,21.0,59.0,0.99714,3.31,0.67,10.1,6.0,1528.0
1091,7.1,0.69,0.08,2.1,0.063,42.0,52.0,0.99608,3.42,0.6,10.2,6.0,1529.0
1092,6.6,0.44,0.09,2.2,0.063,9.0,18.0,0.99444,3.42,0.69,11.3,6.0,1530.0
1093,6.1,0.705,0.1,2.8,0.081,13.0,28.0,0.99631,3.6,0.66,10.2,5.0,1531.0
1094,7.2,0.53,0.13,2.0,0.0579999999999999,18.0,22.0,0.99573,3.21,0.68,9.9,6.0,1532.0
1095,8.0,0.39,0.3,1.9,0.074,32.0,84.0,0.99717,3.39,0.61,9.0,5.0,1533.0
1096,6.6,0.56,0.14,2.4,0.064,13.0,29.0,0.99397,3.42,0.62,11.7,7.0,1534.0
1097,7.0,0.55,0.13,2.2,0.075,15.0,35.0,0.9959,3.36,0.59,9.7,6.0,1535.0
1098,6.2,0.64,0.09,2.5,0.081,15.0,26.0,0.99538,3.57,0.63,12.0,5.0,1538.0
1099,6.2,0.52,0.08,4.4,0.071,11.0,32.0,0.99646,3.56,0.63,11.6,6.0,1540.0
1100,8.4,0.37,0.43,2.3,0.063,12.0,19.0,0.9955,3.17,0.81,11.2,7.0,1544.0
1101,6.5,0.63,0.33,1.8,0.059,16.0,28.0,0.99531,3.36,0.64,10.1,6.0,1545.0
1102,7.0,0.57,0.02,2.0,0.072,17.0,26.0,0.99575,3.36,0.61,10.2,5.0,1546.0
1103,11.2,0.4,0.5,2.0,0.099,19.0,50.0,0.99783,3.1,0.58,10.4,5.0,1548.0
1104,7.4,0.36,0.3,1.8,0.074,17.0,24.0,0.99419,3.24,0.7,11.4,8.0,1549.0
1105,7.1,0.67,0.0,2.3,0.083,18.0,27.0,0.99768,3.44,0.54,9.4,5.0,1551.0
1106,6.3,0.68,0.01,3.7,0.103,32.0,54.0,0.99586,3.51,0.66,11.3,6.0,1552.0
1107,7.3,0.735,0.0,2.2,0.08,18.0,28.0,0.99765,3.41,0.6,9.4,5.0,1553.0
1108,7.0,0.56,0.17,1.7,0.065,15.0,24.0,0.99514,3.44,0.68,10.55,7.0,1555.0
1109,6.6,0.88,0.04,2.2,0.066,12.0,20.0,0.99636,3.53,0.56,9.9,5.0,1556.0
1110,6.6,0.855,0.02,2.4,0.062,15.0,23.0,0.99627,3.54,0.6,11.0,6.0,1557.0
1111,6.9,0.63,0.33,6.7,0.235,66.0,115.0,0.99787,3.22,0.56,9.5,5.0,1558.0
1112,7.8,0.6,0.26,2.0,0.08,31.0,131.0,0.99622,3.21,0.52,9.9,5.0,1559.0
1113,7.8,0.6,0.26,2.0,0.08,31.0,131.0,0.99622,3.21,0.52,9.9,5.0,1560.0
1114,7.8,0.6,0.26,2.0,0.08,31.0,131.0,0.99622,3.21,0.52,9.9,5.0,1561.0
1115,7.2,0.695,0.13,2.0,0.076,12.0,20.0,0.99546,3.29,0.54,10.1,5.0,1562.0
1116,7.2,0.695,0.13,2.0,0.076,12.0,20.0,0.99546,3.29,0.54,10.1,5.0,1563.0
1117,6.7,0.67,0.02,1.9,0.061,26.0,42.0,0.99489,3.39,0.82,10.9,6.0,1565.0
1118,6.7,0.16,0.64,2.1,0.059,24.0,52.0,0.99494,3.34,0.71,11.2,6.0,1566.0
1119,7.2,0.695,0.13,2.0,0.076,12.0,20.0,0.99546,3.29,0.54,10.1,5.0,1567.0
1120,7.0,0.56,0.13,1.6,0.077,25.0,42.0,0.99629,3.34,0.59,9.2,5.0,1568.0
1121,6.2,0.51,0.14,1.9,0.0559999999999999,15.0,34.0,0.99396,3.48,0.57,11.5,6.0,1569.0
1122,6.4,0.36,0.53,2.2,0.23,19.0,35.0,0.9934,3.37,0.93,12.4,6.0,1570.0
1123,6.4,0.38,0.14,2.2,0.038,15.0,25.0,0.99514,3.44,0.65,11.1,6.0,1571.0
1124,7.3,0.69,0.32,2.2,0.069,35.0,104.0,0.99632,3.33,0.51,9.5,5.0,1572.0
1125,6.0,0.58,0.2,2.4,0.075,15.0,50.0,0.99467,3.58,0.67,12.5,6.0,1573.0
1126,7.5,0.52,0.4,2.2,0.06,12.0,20.0,0.99474,3.26,0.64,11.8,6.0,1575.0
1127,8.0,0.3,0.63,1.6,0.081,16.0,29.0,0.99588,3.3,0.78,10.8,6.0,1576.0
1128,6.2,0.7,0.15,5.1,0.076,13.0,27.0,0.99622,3.54,0.6,11.9,6.0,1577.0
1129,6.8,0.67,0.15,1.8,0.118,13.0,20.0,0.9954,3.42,0.67,11.3,6.0,1578.0
1130,7.4,0.35,0.33,2.4,0.068,9.0,26.0,0.9947,3.36,0.6,11.9,6.0,1580.0
1131,6.1,0.715,0.1,2.6,0.053,13.0,27.0,0.99362,3.57,0.5,11.9,5.0,1582.0
1132,6.2,0.46,0.29,2.1,0.074,32.0,98.0,0.99578,3.33,0.62,9.8,5.0,1583.0
1133,6.7,0.32,0.44,2.4,0.061,24.0,34.0,0.99484,3.29,0.8,11.6,7.0,1584.0
1134,7.5,0.31,0.41,2.4,0.065,34.0,60.0,0.99492,3.34,0.85,11.4,6.0,1586.0
1135,5.8,0.61,0.11,1.8,0.066,18.0,28.0,0.99483,3.55,0.66,10.9,6.0,1587.0
1136,6.3,0.55,0.15,1.8,0.077,26.0,35.0,0.99314,3.32,0.82,11.6,6.0,1590.0
1137,5.4,0.74,0.09,1.7,0.089,16.0,26.0,0.99402,3.67,0.56,11.6,6.0,1591.0
1138,6.3,0.51,0.13,2.3,0.076,29.0,40.0,0.99574,3.42,0.75,11.0,6.0,1592.0
1139,6.8,0.62,0.08,1.9,0.068,28.0,38.0,0.99651,3.42,0.82,9.5,6.0,1593.0
1140,6.2,0.6,0.08,2.0,0.09,32.0,44.0,0.9949,3.45,0.58,10.5,5.0,1594.0
1141,5.9,0.55,0.1,2.2,0.062,39.0,51.0,0.99512,3.52,0.76,11.2,6.0,1595.0
1142,5.9,0.645,0.12,2.0,0.075,32.0,44.0,0.99547,3.57,0.71,10.2,5.0,1597.0
0,6.6158066,0.38074127,0.45937562,1.2746223,0.0728794,16.71233,13.931742,0.9963942,3.4506037,0.60418683,9.641333,6.0838532,1252.9374
1,6.6346188,0.54544353,0.45691556,1.8684944,0.12206355,24.562532,28.190016,0.99601215,3.1718113,0.542628,11.164601,4.8507543,880.54877
2,6.7662826,0.3521248,0.45414823,2.787442,0.12339385,23.83125,14.18449,0.9985114,3.3750722,0.51917505,9.397334,6.448548,1276.5544
3,9.890542,0.70594335,0.07107049,1.2538321,0.09981422,24.419617,77.45812,0.99583167,3.2377534,0.8215816,10.800807,4.8415504,1030.7427
4,7.5738196,0.65431833,0.23435003,3.75881,0.11888157,21.146788,16.875198,0.99853224,3.4466972,0.6701383,9.4021225,6.105786,940.5941
5,7.3624997,0.41388085,0.2299018,1.298806,0.13238622,23.337059,74.49504,0.9980687,3.4660888,0.7739068,9.373953,4.934515,1258.3319
6,8.223349,0.67667276,0.10953055,1.9435744,0.12236138,23.377083,75.4291,0.995646,3.2701676,0.75694615,11.473476,4.8949265,1124.5486
7,6.637664,0.6817278,0.45819995,2.574422,0.10531868,23.775812,64.61862,0.998481,3.2165537,0.50313985,11.104552,5.195453,1221.0067
8,8.990858,0.5603245,0.23241961,1.2668488,0.06383842,20.923613,74.06834,0.9958747,3.2658553,0.77670294,11.382776,4.852738,903.57385
9,6.837185,0.51411265,0.4165465,1.7993442,0.11653712,20.853067,61.545437,0.9950119,3.1703162,0.5672771,11.097431,5.0767684,540.5766
10,7.2962303,0.5407494,0.46006143,3.7201018,0.041320972,5.787307,30.255112,0.9982369,3.2312977,0.536552,11.507847,4.988605,1267.8059
11,7.2810307,0.6642565,0.42405996,2.2246192,0.12270204,25.768332,26.485828,0.9947952,3.2196214,0.72087324,11.287346,4.985067,410.52484
12,6.5902395,0.5810258,0.45352563,3.4887962,0.063846745,18.726809,23.211159,0.99826264,3.2240813,0.5383705,10.87612,5.0377026,1274.0686
13,6.612095,0.6410821,0.4503265,3.4206862,0.114655234,25.565847,43.278225,0.998406,3.33795,0.51045734,11.426233,5.54687,1206.5983
14,7.565127,0.3733972,0.4515316,1.3882004,0.127361,17.294773,72.46786,0.996986,3.4329228,0.7536794,9.63521,4.9778156,879.89136
15,7.61008,0.6124498,0.086728096,1.5461444,0.05025626,25.015162,77.15646,0.9951533,3.1620572,0.7286092,10.261052,4.9068155,1200.8982
16,8.725763,0.48608586,0.44553152,3.7179277,0.12852727,25.217676,17.68329,0.9971932,3.3787382,0.5194552,11.002451,6.106274,1170.0264
17,7.1628575,0.525108,0.43951702,2.246871,0.09614903,5.689251,22.429882,0.9977253,3.293422,0.55504924,11.156757,6.0702887,1268.2871
18,9.921806,0.56932795,0.21264023,3.5818536,0.11334181,25.893742,77.69566,0.99834424,3.4664795,0.790117,10.549966,4.8558373,1253.229
19,8.631273,0.5553738,0.18941289,1.3796737,0.12914523,12.301284,63.81607,0.99688137,3.389483,0.7707426,11.37142,4.860595,1115.8318
20,9.395109,0.6781675,0.094292566,1.924972,0.09505184,25.75775,76.74883,0.99807805,3.177573,0.8122287,11.282168,4.8382454,550.5274
21,6.85326,0.35209563,0.46033674,1.5851152,0.12805066,5.675596,13.926872,0.9978691,3.4301312,0.49007353,9.803042,6.4761324,1193.4031
22,9.252005,0.62144923,0.42224193,1.5289503,0.12035626,23.703047,70.13508,0.9948313,3.2019074,0.5956036,11.485543,4.931553,476.85623
23,6.8591447,0.67194307,0.45414078,3.6132195,0.1071719,22.967724,27.163095,0.9983092,3.447866,0.622643,9.790475,5.790101,987.5093
24,9.678121,0.42104113,0.13955584,1.2460091,0.116503954,6.175996,72.28594,0.9949024,3.3999522,0.59003645,10.650649,5.044209,846.62036
25,6.615764,0.49038076,0.43717378,2.6893911,0.0932707,7.5811653,15.052248,0.99787146,3.3988645,0.5319751,9.773132,6.033194,728.1789
26,8.01526,0.38251537,0.26528224,2.9244595,0.1323884,25.8983,37.64128,0.99707824,3.458701,0.7173184,10.141741,5.5169044,640.5287
27,6.836884,0.35940894,0.46062797,3.2432685,0.08903751,25.153515,13.929338,0.9972378,3.1790626,0.49241558,11.289193,6.40161,1215.135
28,6.704856,0.521726,0.44457114,2.1872802,0.11276902,14.676557,36.240616,0.99713427,3.463524,0.5046969,9.647212,5.7997007,1177.0334
29,9.27236,0.36317918,0.3508653,1.2144259,0.11408793,25.916662,65.95283,0.99512875,3.1720068,0.49770975,9.3824415,4.9381275,480.87076
30,9.520183,0.68029827,0.38494426,1.401713,0.12022554,18.847677,23.29062,0.9952067,3.2293768,0.551143,11.4863205,5.526496,1121.4968
31,8.675153,0.45517254,0.1717616,1.3117405,0.121624745,11.305854,71.24727,0.9959611,3.4323533,0.5791149,11.080252,5.7764797,1181.1194
32,9.947565,0.70384747,0.07127747,1.4642466,0.088962406,24.512531,77.74996,0.9963677,3.4322455,0.8213101,11.401052,4.8397775,689.1364
33,6.6165643,0.5873142,0.25555596,3.6011977,0.09459002,25.8239,16.549032,0.9948995,3.2146327,0.50512934,10.039008,5.7995644,921.4136
34,8.762886,0.4578395,0.2685144,2.2620907,0.120694034,21.644743,65.82393,0.99595875,3.294281,0.52045864,10.264302,5.2723236,547.8465
35,6.7122602,0.66198635,0.45690227,3.2736607,0.044459254,6.4572716,58.43863,0.99745554,3.4175231,0.689918,11.386347,5.0127053,1251.5925
36,6.6507745,0.35432002,0.4551011,1.2191724,0.1224167,15.301325,15.23802,0.99751353,3.3445466,0.5793589,9.43309,5.824761,1229.379
37,6.5821967,0.69485897,0.28388056,1.7256576,0.055974804,25.70902,26.392176,0.9979515,3.1736012,0.65077645,9.843031,5.20052,1270.4598
38,7.501498,0.36451375,0.10584769,3.7141507,0.12787288,20.442429,35.823925,0.99857944,3.44895,0.7902859,9.365622,6.135316,1216.1306
39,9.867465,0.40210438,0.43192396,3.8202713,0.058806766,25.89148,16.560915,0.9985531,3.1850228,0.6345485,11.403817,6.035893,1019.9358
40,6.6356726,0.70636487,0.39500216,2.927447,0.121083155,12.659376,20.466833,0.9961973,3.1763153,0.764718,10.960974,6.0188932,908.8408
41,9.162976,0.35215387,0.45279214,3.80411,0.12756115,25.23231,59.705826,0.9984785,3.4639292,0.53771704,11.190686,5.981011,1151.1461
42,9.931382,0.3996989,0.08436367,1.9349909,0.12776253,22.596888,74.346375,0.99581856,3.4551315,0.74630094,11.262622,4.9814644,504.75134
43,7.8373237,0.47508797,0.32943973,2.842004,0.09383508,24.814444,61.20895,0.9956714,3.1866906,0.68461585,10.858184,4.9500113,1061.0698
44,9.877627,0.6162385,0.08645208,1.2155211,0.12597382,13.999034,76.79219,0.9954286,3.3872995,0.78779924,11.31854,4.8493733,538.1961
45,7.6273994,0.4893247,0.22425646,1.766475,0.12706482,14.501668,32.19267,0.9956601,3.1935446,0.5403283,11.2171545,5.31233,741.22516
46,9.56433,0.48636383,0.45392492,3.393067,0.049102563,8.3644285,67.77994,0.9980819,3.4649768,0.7165194,10.952568,5.7339373,1168.149
47,8.86788,0.6714946,0.44268972,1.5607692,0.09918294,24.719767,27.447914,0.99558246,3.1989794,0.49835396,11.46057,4.99112,1190.0748
48,6.723463,0.35274315,0.4224404,3.1082244,0.10430785,19.302967,17.913136,0.99855745,3.4655678,0.5127529,9.372454,6.3709784,1263.8572
49,8.749584,0.65671474,0.14003202,1.4361485,0.08547963,20.54715,63.9962,0.9979588,3.2763138,0.72062707,11.38794,5.044464,1065.9435
50,7.3062477,0.6330713,0.18585898,1.6197293,0.09852063,8.020984,60.994507,0.9964683,3.2003613,0.56896734,11.409804,5.002086,593.17303
51,6.954443,0.47570708,0.2735266,2.476507,0.1144691,11.200457,21.935144,0.99748605,3.200481,0.6214276,9.90037,5.0894327,1195.818
52,8.559157,0.67068344,0.12476075,1.2924746,0.08896894,23.4167,23.549896,0.9985042,3.3123958,0.7876368,10.605604,5.563876,664.59235
53,7.851258,0.6322104,0.102066696,3.113045,0.06422686,15.113273,69.67529,0.9983772,3.41389,0.81997716,9.38173,4.91549,562.57385
54,7.1690655,0.37609798,0.1545117,1.6864909,0.10979691,5.797741,77.21999,0.9983993,3.4554782,0.7743579,9.407836,5.0957184,1262.27
55,6.566253,0.3890158,0.45587102,2.9947667,0.11255562,14.03997,14.013042,0.9958582,3.3263593,0.5095768,10.209132,6.249879,927.18713
56,6.8965063,0.50241107,0.42573413,3.1074388,0.09245797,18.191053,22.010176,0.99760467,3.1811762,0.69151324,11.261697,5.9669714,1121.4471
57,7.5488605,0.69293696,0.2445123,1.9911504,0.06692851,25.491278,57.03675,0.995984,3.3503416,0.7920049,9.662019,4.900734,1063.0096
58,9.031305,0.5243605,0.17691655,1.2485259,0.13131808,19.281038,76.694534,0.99509275,3.386692,0.80176604,9.760025,5.0513053,1003.59344
59,6.804864,0.42427137,0.45886368,1.3095441,0.08505708,10.351283,61.197308,0.99488354,3.1865036,0.53155184,10.831157,4.856957,555.3514
60,6.6934643,0.5002533,0.36905235,2.2071521,0.13099292,11.601693,71.86946,0.99732226,3.374223,0.6761698,9.899144,5.1333885,1176.9113
61,6.825151,0.62823397,0.19364528,1.4788204,0.10897207,21.347486,41.631546,0.99546325,3.1882584,0.6190046,11.243439,5.0837855,1204.7538
62,9.732893,0.59564143,0.40895844,2.5433428,0.10525282,8.682376,77.2418,0.9961163,3.4612732,0.70272255,9.64427,5.0145206,988.16266
63,6.8021154,0.39664674,0.44293424,3.761796,0.121347725,24.51197,21.681911,0.9983668,3.4617867,0.6565146,10.319245,6.1902647,1124.5057
64,9.870146,0.54409444,0.12540783,1.285903,0.040663928,17.426893,77.71397,0.9959481,3.328835,0.82096773,9.714925,4.8387804,661.3578
65,6.56755,0.4957493,0.45928502,3.502501,0.060492218,14.243819,16.304213,0.9985724,3.4517753,0.5146636,9.471934,6.4173393,1273.0059
66,6.568561,0.35449737,0.4569424,3.8147418,0.11372405,16.60364,14.363981,0.9984954,3.3578956,0.54739964,9.367907,6.1896505,1004.66614
67,6.5669656,0.44323182,0.4591153,3.8186831,0.094365396,9.816918,16.066954,0.9985843,3.464948,0.72371954,9.374287,5.985641,1258.1335
68,7.5300364,0.5190137,0.4330208,3.5339794,0.12207764,7.7632957,18.749376,0.9972934,3.452277,0.6030503,10.108769,6.31864,880.3486
69,7.2713947,0.6713363,0.30388436,1.9484195,0.117193505,25.713451,69.79646,0.9951374,3.225554,0.7240088,11.454279,4.849439,453.22922
70,7.3328047,0.46815443,0.4262785,1.3033657,0.12699808,6.98125,15.293299,0.99478024,3.2718995,0.5254109,11.419917,5.4506817,658.5996
71,6.7503543,0.55490243,0.4591139,3.716844,0.09212525,25.914543,14.8977165,0.997623,3.3395574,0.62267125,9.909712,5.8084626,726.5724
72,7.385997,0.3954535,0.45961702,1.9561409,0.041065346,24.467022,29.80913,0.9967594,3.4570532,0.5498992,9.614644,4.861681,786.2197
73,8.148144,0.5243617,0.116742566,2.094635,0.12679026,25.327606,77.10239,0.9984316,3.4196353,0.7958443,9.889977,4.878476,1265.6476
74,6.5760612,0.39996052,0.4602943,3.7832747,0.092666194,24.041862,14.032064,0.9984595,3.213866,0.5051262,10.66518,5.216117,1276.7865
75,7.348737,0.41066197,0.42763612,3.528185,0.12701602,23.528835,15.403074,0.9950714,3.3947728,0.5315154,11.048673,5.6187077,437.01285
76,7.463726,0.35258543,0.46046555,3.7080245,0.12166095,6.324423,14.869883,0.9985953,3.4670014,0.49104345,9.445405,6.4716434,1278.6101
77,6.964362,0.68525445,0.37076414,3.4763784,0.08602448,19.250818,67.36889,0.99849975,3.1632795,0.6251136,11.338424,4.9443827,1274.2417
78,9.63681,0.6708372,0.43131477,3.6831577,0.040787127,22.681414,77.23255,0.9983899,3.4638398,0.81939167,9.602731,4.8521943,845.9337
79,7.100403,0.4124679,0.33952552,1.9044828,0.1298492,17.5078,59.53451,0.99686575,3.4249024,0.7304293,9.4373,5.1751037,375.93637
80,6.6339726,0.5302736,0.42880768,3.7976537,0.051110577,5.85089,39.15591,0.99854344,3.443417,0.61209565,9.430387,5.4881935,1274.5499
81,6.6056437,0.69583654,0.15445094,3.102108,0.12746848,25.841457,22.260239,0.995846,3.167619,0.79414743,11.439816,5.6838794,672.0058
82,6.8017745,0.39189574,0.45221883,3.3901339,0.12524696,23.544855,16.783558,0.99484956,3.3450487,0.50912464,10.695854,6.2200584,379.70255
83,7.448588,0.3527167,0.39815432,1.4329457,0.13301316,25.31107,24.031229,0.9948444,3.4660192,0.6740825,11.345659,5.743922,754.7026
84,9.205324,0.62350726,0.3493215,1.3199563,0.040790398,5.496894,77.7099,0.99793273,3.4645884,0.8205928,9.370452,4.8569965,788.66296
85,6.5951853,0.37258437,0.37082857,3.2494378,0.093961835,23.201204,42.852726,0.99857557,3.4602294,0.8086393,9.368705,5.2578583,1166.3357
86,6.6013703,0.5380153,0.41779548,3.6367064,0.12793027,24.480255,40.385826,0.9984303,3.2195847,0.6078936,9.660141,5.7702613,665.5403
87,8.180366,0.40743148,0.38253516,1.9733181,0.07368015,11.69364,41.112812,0.99678564,3.327471,0.7250881,10.17608,5.5223904,1018.3402
88,7.1456537,0.38968262,0.45362034,1.6120982,0.1073326,23.466604,58.074482,0.9969875,3.2732027,0.5556676,10.964435,4.98348,1022.29535
89,8.2672415,0.41356623,0.43588525,3.4980094,0.10041919,7.026024,17.04143,0.99725395,3.3670564,0.57961076,11.339094,5.8980703,791.9951
90,6.569434,0.4325057,0.43757054,3.399903,0.13130382,8.313205,14.434687,0.996334,3.4475727,0.6560562,9.37411,6.4071565,1121.573
91,9.8323555,0.63323534,0.33788913,3.368607,0.09377236,6.2998114,77.71861,0.99782836,3.466651,0.8204667,9.566076,4.9850054,408.87766
92,7.7420497,0.35825685,0.44782612,1.2641457,0.13003865,14.64706,40.647007,0.99478555,3.196244,0.507001,11.405119,5.132233,704.34845
93,6.66217,0.37384674,0.35722855,1.897509,0.13244249,15.521124,14.611891,0.9948551,3.4400954,0.62574834,10.604386,6.329718,594.2278
94,9.123737,0.70735973,0.31449196,1.3129305,0.11682323,20.509706,38.086933,0.9948952,3.1646104,0.53507805,11.332775,4.972122,1205.4231
95,6.577674,0.3535967,0.44171792,2.5865545,0.12914845,10.836593,17.162546,0.99657553,3.3256013,0.5442891,9.559164,6.1157613,1159.323
96,9.335808,0.69830763,0.08162975,1.3047736,0.063077666,25.534842,77.583755,0.9955604,3.3357954,0.78003836,11.4074135,4.8818893,1245.9242
97,6.621791,0.39047816,0.4503076,2.7012887,0.10224899,13.469006,64.43209,0.9983558,3.4412785,0.7312503,9.491635,5.272966,1012.8087
98,7.3568153,0.4417883,0.17160627,1.8505418,0.0938838,10.959206,76.41545,0.998247,3.4644775,0.7609757,9.392332,4.8638616,1012.0282
99,8.977001,0.35906243,0.44172278,3.7192967,0.08483099,8.451169,66.55621,0.9980944,3.437055,0.5038258,9.381848,5.128246,1234.3562
100,6.6918206,0.35916916,0.3515144,3.7064006,0.116083406,16.44615,17.28289,0.9952681,3.4106977,0.6410524,11.394866,6.173539,950.92413
101,6.74324,0.55533844,0.43268242,3.6400454,0.10463169,23.184628,22.362118,0.99686456,3.2473063,0.63026994,10.541741,5.690791,600.78394
102,6.8315816,0.563159,0.2785006,3.716307,0.12747231,25.880863,71.345634,0.9955649,3.1988747,0.62819576,11.181932,4.848595,819.5931
103,6.5728517,0.64954174,0.45560023,3.2930675,0.1264825,13.657628,21.29771,0.99858415,3.1762266,0.5199951,9.916431,6.327226,1257.6709
104,6.7188177,0.3751937,0.44650558,2.4027538,0.1230928,21.93063,26.451319,0.9957619,3.436225,0.5564249,9.397588,6.364734,507.276
105,6.577624,0.5647181,0.41636285,2.8458872,0.106965706,9.977108,14.035006,0.99794376,3.1921732,0.52065927,9.651463,5.1731257,919.9508
106,9.193105,0.53426033,0.24224488,3.2890642,0.079841524,22.680779,75.24195,0.9977222,3.2743018,0.76104796,11.492777,4.887375,734.27936
107,7.548623,0.5646365,0.09893796,2.8193579,0.058723107,25.072458,77.5982,0.99778575,3.3346126,0.79303986,9.953376,4.849051,574.1519
108,6.7922726,0.4582296,0.45695785,2.600038,0.1101849,25.936377,15.235157,0.9978141,3.2439365,0.5389535,9.885522,5.2393517,910.4653
109,6.6096177,0.35527447,0.45782718,2.0319252,0.12733378,20.597015,14.010258,0.99490505,3.1919408,0.49837956,11.216248,5.3767633,784.6871
110,6.9476624,0.3540401,0.41740465,3.810201,0.12349867,25.377743,16.685005,0.99858356,3.4638443,0.7354081,9.365314,6.1688485,1276.1096
111,9.265554,0.68884975,0.32782713,1.2526453,0.111807965,24.186798,74.87885,0.99538153,3.415859,0.6824323,11.344838,4.9393506,833.08795
112,6.676888,0.3886132,0.45720342,3.1661315,0.045507215,16.667301,29.04289,0.99846584,3.221419,0.5692831,9.615919,5.1885796,1270.4009
113,6.716343,0.6048571,0.4423145,2.7200332,0.112673305,25.292955,22.431234,0.99530476,3.1753259,0.6431132,9.819978,4.8796,762.16284
114,7.1043663,0.69286895,0.119906604,2.3468223,0.08184912,11.988885,68.08038,0.99845076,3.4620829,0.8179258,9.39027,4.870682,1116.8926
115,7.0492477,0.36685076,0.30446178,3.3457553,0.11517346,24.816616,41.37045,0.99753714,3.340906,0.68779,10.056044,5.920274,705.43365
116,9.780553,0.35382113,0.42782906,2.5394957,0.11685728,25.44719,77.69817,0.99814236,3.4629338,0.7516429,9.482433,4.841568,472.1374
117,8.336878,0.36690146,0.404231,3.6888852,0.108034685,20.08853,47.755188,0.9982357,3.4372265,0.52448344,10.529739,5.8486576,460.75003
118,6.7247233,0.4991351,0.45488802,3.7143552,0.114219,8.73915,14.763077,0.9983866,3.2494726,0.51877654,9.390049,6.4718223,1257.7064
119,7.678742,0.6061455,0.4439725,1.6042569,0.0832279,17.805332,68.36872,0.9976232,3.1906664,0.69705516,10.492257,4.9533024,1250.4581
120,7.962817,0.68506044,0.45591578,2.7926025,0.113892965,17.676788,46.704075,0.99500674,3.384328,0.5193159,11.483124,4.862536,839.4842
121,7.044906,0.4683219,0.30104578,2.5792243,0.12664248,15.6240225,21.66132,0.99754006,3.395575,0.6018308,9.723867,5.738523,1117.8468
122,6.6043296,0.3537986,0.4429276,2.5505862,0.123818494,20.892927,15.755419,0.99819106,3.4567335,0.6694692,9.417149,5.4729905,686.8486
123,7.019338,0.4782622,0.41109815,3.7034223,0.11606446,9.310129,15.995455,0.99592304,3.4103057,0.63254464,9.450867,6.3567343,414.59354
124,8.3637705,0.69375235,0.12962444,1.4077076,0.111752115,24.310827,77.12912,0.9948199,3.1787124,0.818624,11.471958,4.841095,601.5407
125,6.841606,0.361982,0.46044222,3.5906565,0.052565116,5.6199284,47.40277,0.9985951,3.467019,0.7531355,9.520087,6.2776327,1279.9955
126,6.957089,0.46813178,0.45913315,3.7619395,0.056443978,24.24351,19.120144,0.99857616,3.4462218,0.57722193,11.254834,5.4474626,1247.6976
127,6.7817297,0.50118065,0.4362867,2.8489451,0.10435839,23.272238,24.416607,0.99552524,3.203845,0.54904884,11.368986,5.3731785,883.6516
128,7.1902256,0.68908954,0.43418843,3.7853332,0.041065935,22.677929,37.386936,0.9985203,3.3074257,0.5092705,9.872611,5.8154573,1074.5845
129,6.916793,0.37894413,0.45719805,3.1392522,0.113651074,21.293121,25.373447,0.9966347,3.4582787,0.58639556,11.25496,5.542829,964.4307
130,6.5849953,0.3681862,0.44760644,3.7940855,0.11468824,24.859528,14.333475,0.9983213,3.1769114,0.4950517,11.4578085,5.963953,1214.631
131,6.6424446,0.49068415,0.36094904,3.774063,0.085389026,8.45884,69.38791,0.9985726,3.455732,0.797327,9.640813,4.991592,1226.2461
132,6.5713396,0.58090574,0.46031874,1.5347587,0.12669235,22.403618,14.153566,0.99491245,3.1624095,0.493251,11.49804,5.880378,644.4625
133,8.089131,0.5349488,0.34399447,1.7180402,0.12199261,25.12215,77.08377,0.997057,3.4375994,0.75388587,11.293803,4.8439875,731.78876
134,7.206086,0.64417297,0.38196766,2.63816,0.08303869,12.56713,62.919437,0.99550366,3.182987,0.6413193,11.475755,5.112741,568.05255
135,6.5916457,0.35543722,0.4582514,3.796005,0.12405015,24.747114,14.099136,0.9965654,3.4136906,0.64056474,9.424012,5.8697944,710.5748
136,8.933364,0.62123144,0.41516718,3.4841318,0.1286712,23.238228,69.574684,0.9965116,3.4039743,0.57264555,11.472369,4.9399915,1184.6249
137,7.695271,0.40267426,0.4369126,3.2226698,0.123558596,17.841766,14.123976,0.99622977,3.2855778,0.51209635,11.457621,5.6630983,1255.3966
138,6.598073,0.50227153,0.439842,2.547266,0.11045228,24.319757,28.36498,0.9952187,3.1626,0.50701106,11.448073,4.927341,1098.9543
139,8.974949,0.44534412,0.239271,3.4232485,0.06271513,6.7748966,68.09261,0.99680525,3.2063713,0.60299194,11.015401,4.855306,598.8209
140,6.594404,0.36042884,0.4597875,1.3864095,0.12751555,17.54052,15.842197,0.99596816,3.3931434,0.498086,11.163817,5.3197846,831.6307
141,8.098555,0.59872216,0.24972752,2.9715683,0.1275347,24.986338,73.41626,0.99687827,3.4454086,0.76920074,10.597946,4.958953,782.22687
142,9.525756,0.6813683,0.07348941,3.5402071,0.11031003,25.592411,74.56387,0.99822634,3.1881478,0.71694714,11.235451,4.9384494,1186.9537
143,6.63283,0.36616355,0.45254186,2.8755522,0.12850678,23.073679,15.023134,0.9973658,3.2493348,0.49799278,10.892539,6.2344565,1251.0469
144,6.7058544,0.43047276,0.45109913,2.0752137,0.09912187,24.018839,14.1607895,0.99487716,3.1725645,0.49350983,11.1749325,6.338195,1007.25165
145,9.788316,0.64526653,0.3117073,1.536805,0.094427876,15.615284,62.620632,0.9951384,3.403396,0.7309169,10.805583,5.094532,517.36993
146,7.4635787,0.35340658,0.39058205,2.1149704,0.12373272,6.6312275,33.88246,0.9984644,3.4662945,0.68525827,9.400581,6.3133764,1266.1725
147,9.247096,0.7021281,0.07541148,1.9243414,0.13056311,24.03399,75.02934,0.9955115,3.3687813,0.80682546,10.3703165,4.9952836,471.67618
148,6.615596,0.5642084,0.3996321,3.342162,0.0760891,16.602892,14.480701,0.9982328,3.1696172,0.56306726,10.778783,4.9949737,1255.6794
149,6.902134,0.57140833,0.45937392,3.6680136,0.042184547,24.884628,50.98315,0.9985692,3.36606,0.6345463,10.965071,5.2959495,969.8242
150,7.457154,0.36355263,0.4299166,3.5022213,0.13224639,17.927523,26.07556,0.9952042,3.4631205,0.57298845,11.1890955,5.794994,439.58286
151,6.5750027,0.68593943,0.41639692,3.5482671,0.06408388,22.140608,17.018522,0.99855936,3.3226411,0.74015135,9.41617,6.42933,1267.381
152,8.893926,0.5610787,0.12135644,1.378576,0.109330386,20.28665,77.32317,0.9961936,3.3061109,0.8163273,9.735206,4.9984584,1258.6803
153,9.930887,0.50188047,0.25243178,1.2275246,0.07847611,11.7655525,74.29234,0.9951558,3.2365832,0.5579211,11.487652,4.871357,390.3517
154,9.625485,0.5632663,0.09192692,1.6327248,0.12048974,25.926588,75.91993,0.99489635,3.1896508,0.8128147,10.379466,4.871183,408.92728
155,9.402983,0.7073469,0.44461298,1.3885345,0.04715123,18.05969,22.673504,0.9952095,3.3039417,0.70817345,11.51052,4.944289,755.7291
156,9.131244,0.35920987,0.44685164,3.757428,0.070232,5.508238,19.67324,0.9985602,3.4664283,0.65430313,9.579971,6.3998995,1234.9215
157,8.356378,0.3996649,0.2621738,1.7445129,0.12882634,6.1100426,59.765133,0.9948125,3.437621,0.7591436,9.552317,5.786654,356.29843
158,6.867256,0.36964536,0.4254777,1.79934,0.1319823,25.628548,29.189478,0.9979355,3.2113361,0.6123156,10.5345745,5.352265,1244.5922
159,6.769368,0.35743028,0.443931,3.6065285,0.12370849,8.437091,14.460869,0.99837184,3.2309258,0.57794636,10.086224,6.3330517,1271.6449
160,6.6374073,0.59883845,0.17485769,1.4289432,0.12012235,25.933222,51.594242,0.9984773,3.1671104,0.7505851,9.865911,4.9410825,1242.38
161,6.622382,0.6708307,0.39417797,2.5461192,0.0688512,13.346919,62.91848,0.99859434,3.4668005,0.8037964,9.36601,5.662482,1277.4929
162,7.5093255,0.4956011,0.36900932,3.0453482,0.112216994,20.626844,64.36306,0.99705243,3.4298685,0.7792754,11.306996,4.888007,803.9766
163,8.659676,0.67671555,0.27770874,3.7916577,0.1191288,12.68349,71.10587,0.9985695,3.4619293,0.7725129,10.892613,5.392783,998.6707
164,9.107393,0.36907753,0.38482857,1.3553755,0.1221514,5.6049585,32.276802,0.9949504,3.2745597,0.62603885,10.336741,5.49769,1046.8015
165,7.0077863,0.43377632,0.46010518,3.7186165,0.13019414,20.496014,19.803518,0.9982387,3.2060513,0.4904127,10.344961,5.9786386,1257.8931
166,6.586743,0.36634222,0.45119315,3.7898,0.06804275,5.942751,13.938341,0.99858695,3.467036,0.5094899,9.400375,6.447933,1268.166
167,9.198361,0.51000476,0.37132558,1.3266698,0.07381495,8.286293,65.58358,0.9949731,3.1917179,0.74376595,10.486882,4.9420705,432.72375
168,9.26575,0.64933735,0.28452182,1.7870444,0.06708312,15.592495,73.48185,0.99491316,3.4437814,0.6438258,11.498293,4.858779,443.22675
169,6.7948375,0.3722021,0.45161322,3.775869,0.043605644,14.931495,44.288883,0.998593,3.4617403,0.80479,9.754971,5.9588094,1264.7598
170,9.923252,0.7022599,0.108811766,1.6272486,0.040942226,22.27696,77.237724,0.99652827,3.4007838,0.7687842,10.061933,4.8547955,979.90436
171,7.689775,0.3932048,0.45213652,1.379264,0.0894502,11.047964,14.469206,0.9949753,3.2270696,0.50048345,11.435327,5.757033,492.34018
172,6.5825534,0.3567107,0.23063336,1.8478063,0.10203061,6.0181427,58.709476,0.99838203,3.4121487,0.68991154,9.453896,5.231308,1112.1989
173,6.5816073,0.65281737,0.43894666,3.6872494,0.069391556,8.759486,15.40349,0.99842685,3.4590628,0.6212976,9.649485,6.2006807,1275.2075
174,7.554334,0.5440545,0.44777453,2.88383,0.12651527,17.274834,54.450764,0.9948986,3.3777823,0.5521747,11.469833,5.333016,547.5978
175,9.559858,0.36830792,0.3595779,3.4196732,0.07044926,16.40026,14.953569,0.99837124,3.4605088,0.524946,11.199869,6.3266926,1270.5403
176,7.2168384,0.3872288,0.40857363,1.2682371,0.13289629,13.3838625,16.416115,0.9950383,3.45642,0.4975424,10.626182,6.181645,830.28864
177,6.597609,0.68307596,0.44866863,3.7479641,0.11666983,25.678953,16.021156,0.9985276,3.4241965,0.63292515,11.217944,6.080873,725.676
178,6.5657926,0.4653419,0.45847672,2.3499274,0.12805139,16.053177,15.759382,0.9962013,3.202553,0.5259047,11.277958,5.283268,1109.3721
179,7.853887,0.6262246,0.3667715,2.5580401,0.12668958,19.623653,47.02398,0.9965923,3.18624,0.62562686,11.270397,4.971078,877.34595
180,9.60244,0.49353638,0.21280009,3.6726532,0.048928425,5.71391,77.7011,0.99858654,3.467044,0.81149143,9.365286,5.042112,1213.4321
181,7.271251,0.36466503,0.19532932,3.4328628,0.13008067,5.9234724,63.203754,0.99841696,3.4661846,0.6969885,9.371093,6.349797,750.1361
182,6.797311,0.3640512,0.39160407,3.5073867,0.12084731,25.415049,21.734825,0.9984661,3.4468489,0.6300332,9.391168,6.0229907,953.21466
183,7.634908,0.40294975,0.4567663,3.1026123,0.07608138,7.9587874,31.378185,0.9966873,3.3650947,0.544251,10.081828,5.631178,995.12213
184,9.623483,0.54035455,0.3067624,2.2821805,0.06603227,6.8652143,73.309715,0.9949068,3.2291176,0.7399709,11.273729,4.8570533,394.1167
185,8.16313,0.4683813,0.4534473,3.8227134,0.081820294,13.590923,59.475906,0.99859476,3.4669676,0.5403651,9.367521,6.4598603,1280.003
186,7.153141,0.67602515,0.40518185,1.5344162,0.09051663,25.812443,23.078163,0.99478614,3.161619,0.72294503,11.512947,4.839631,760.3657
187,6.576626,0.35248265,0.45946145,2.975926,0.12983459,25.26406,13.970039,0.9984651,3.4659011,0.53293467,9.378067,6.447225,1145.1941
188,8.238854,0.44024974,0.40516946,2.5019405,0.07500649,11.700854,27.404535,0.99629384,3.4270477,0.63259226,9.373475,5.218428,1030.8577
189,6.823703,0.44084454,0.45510563,2.4404263,0.064793214,5.6321297,20.684618,0.9979027,3.4505744,0.5961871,11.170019,5.811075,970.4443
190,6.775616,0.41696936,0.4464591,2.3205533,0.1176685,24.756508,23.65379,0.99701846,3.2846956,0.54102093,10.748419,5.555749,1014.74835
191,9.269074,0.5877507,0.43019474,1.3510228,0.12432441,24.485302,77.55541,0.99487305,3.1661105,0.5740445,11.349097,4.848534,787.0145
192,6.9220486,0.35636014,0.42541805,3.2581604,0.12478463,12.28894,17.34113,0.9950973,3.4136112,0.6501933,10.50488,5.621418,941.7369
193,7.044591,0.58052194,0.43937996,3.7362707,0.09773643,16.341661,53.49766,0.9958824,3.3249907,0.72053033,10.99347,5.1300464,447.19504
194,6.5981426,0.3559528,0.4353169,1.5022217,0.123210534,6.30896,48.95776,0.99822795,3.466544,0.77045125,9.381002,5.445482,1278.3722
195,9.052681,0.43860924,0.35299373,3.3459742,0.1121314,21.890678,69.84096,0.99836224,3.3505416,0.575199,11.262619,5.4084806,1180.0785
196,7.3714137,0.61161673,0.38993058,3.31131,0.087922096,25.454435,28.79777,0.99666035,3.1616309,0.50523806,11.503535,5.1705275,981.43915
197,6.610167,0.3834464,0.44849932,2.5804024,0.12900746,20.251135,15.699656,0.99790186,3.1845741,0.52190673,9.966713,5.2987366,1232.841
198,8.549209,0.38879573,0.43536422,1.3592973,0.12271665,5.7514257,48.889065,0.99693644,3.4520051,0.6290621,10.839983,4.9265304,412.88226
199,7.0593486,0.35737488,0.38333187,3.737982,0.08764007,24.483635,18.113863,0.9958204,3.1708512,0.69750124,10.517076,5.0635934,981.04004
200,6.8244724,0.6245861,0.41916576,3.0555108,0.12922595,20.35948,26.753366,0.99494094,3.2555342,0.50861144,9.776217,6.208471,425.1002
201,9.036664,0.66411644,0.42170563,1.2504628,0.11824221,22.697508,26.93836,0.9948816,3.1889718,0.5632406,11.260856,5.2609415,359.83502
202,7.3803105,0.5806653,0.45852768,3.7506864,0.07158572,6.766798,18.966135,0.998595,3.4626253,0.5145412,10.693815,5.981323,1279.5139
203,8.920538,0.37244526,0.43237942,1.2797432,0.12559894,22.602406,66.20873,0.9949111,3.1712093,0.49518368,11.326643,5.036221,579.0248
204,8.09177,0.42935157,0.2613819,1.4090289,0.12076406,18.350492,58.88505,0.99551827,3.3668878,0.71373874,9.7788925,4.9415207,886.424
205,8.916164,0.6969932,0.114364,2.6848218,0.11573099,19.89791,72.58116,0.995133,3.2368426,0.81603324,11.275057,4.96318,389.7198
206,8.941346,0.6524431,0.35051337,2.0764215,0.119508706,25.860104,48.210472,0.99794155,3.2149632,0.59933996,11.374862,5.0680184,1107.0684
207,7.2450204,0.6986168,0.43023953,1.7790031,0.1272184,21.72875,75.19203,0.99500036,3.16662,0.556352,11.421896,4.8653407,388.13675
208,6.594467,0.4891383,0.4545194,2.9561255,0.09256135,11.0217905,13.997204,0.9983931,3.3123121,0.55883247,9.414827,6.375936,1230.3232
209,6.612579,0.38607687,0.46066618,3.8240943,0.039926153,18.09349,13.98225,0.9985961,3.465589,0.49210727,9.384047,6.473623,1280.1829
210,9.591766,0.44230717,0.14984745,2.6369047,0.13080609,12.988531,74.36243,0.9974051,3.463628,0.80493927,10.403079,6.008912,375.30933
211,9.833953,0.4159845,0.45043206,1.2845324,0.044756155,22.2715,34.304176,0.9948118,3.1856444,0.60373414,10.955831,4.850326,641.4326
212,9.124712,0.6441934,0.16731986,2.9441926,0.13135041,21.225151,76.68356,0.9953632,3.4311543,0.8166898,10.786958,4.9140415,429.57004
213,9.88882,0.7046308,0.09764506,1.4673687,0.061599374,20.84704,70.08881,0.99617654,3.2206795,0.75313026,11.483043,4.8414373,471.51913
214,7.331388,0.35472924,0.43987817,3.0470142,0.12361526,5.749485,15.357307,0.99784815,3.465075,0.52502006,10.559332,6.3735204,1125.3135
215,7.350652,0.66930944,0.17477015,2.42349,0.039105356,25.91468,77.72806,0.99709433,3.1981914,0.8059615,9.404394,4.83707,1102.5337
216,9.145511,0.68851274,0.23575039,1.3157947,0.09159894,15.1330595,75.68205,0.9948932,3.1675534,0.6328151,10.857757,4.88057,578.34753
217,7.9852676,0.36530975,0.4442369,3.713135,0.100315586,14.221769,26.82976,0.99851483,3.4495113,0.5823387,9.661062,5.8595233,1269.1271
218,6.599566,0.40993685,0.45184106,1.9813793,0.13066255,22.768606,15.915882,0.99485034,3.3588812,0.5223655,9.8756275,6.2833667,1015.30475
219,6.5818844,0.39577976,0.45066032,3.1166847,0.12703182,14.902818,22.436966,0.9983872,3.463863,0.6834019,9.463103,5.0279093,1209.9432
220,8.287977,0.5428252,0.22399855,2.4773998,0.0870979,23.252954,59.759342,0.9954264,3.3474157,0.7132797,10.312176,5.003039,1259.3201
221,6.7014203,0.5437378,0.45731083,3.3898385,0.11492907,14.416881,14.658226,0.99849737,3.2816565,0.4920648,10.076499,6.392901,1274.5376
222,6.564629,0.35405713,0.40084437,3.741234,0.1182408,5.7474995,14.873646,0.9985912,3.4600358,0.7655584,9.370081,6.073198,1269.847
223,6.651013,0.49834922,0.4506918,2.4632218,0.112031154,16.648094,32.76829,0.9960166,3.2915637,0.55750597,10.492459,5.3047194,1191.715
224,9.113441,0.40829796,0.44067118,2.315778,0.10570005,18.31787,76.96624,0.9967055,3.4573207,0.81775266,10.443986,4.923838,671.5122
225,7.1311255,0.50685394,0.43056542,2.5279026,0.07413079,5.8721237,65.22345,0.9984682,3.2083297,0.5583851,11.2074995,5.1509194,1253.914
226,6.611179,0.41376707,0.4404329,3.8237474,0.108790316,6.4026165,17.34148,0.9985907,3.4650915,0.53266996,9.369905,6.360527,1273.3406
227,6.5678225,0.38660368,0.459921,2.9552894,0.083334215,25.329964,14.0348,0.995872,3.204327,0.49189544,10.076401,6.278143,1268.3754
228,7.4852147,0.3522197,0.42653975,1.3691798,0.11296613,25.43013,14.421911,0.9950909,3.1816196,0.5158676,10.904436,5.271492,1181.0292
229,7.5939393,0.62371886,0.16110718,1.5193053,0.09848128,6.1103897,72.848526,0.9948413,3.1648521,0.80329806,10.2921,4.9118915,535.70166
230,6.625156,0.35212463,0.46065342,3.6087916,0.08537634,14.848181,13.935154,0.99859416,3.4665806,0.49295178,9.612708,6.4578156,1278.6211
231,6.7573123,0.43481246,0.40105286,1.9226794,0.12426395,18.926842,49.23866,0.9961026,3.4282763,0.76197,10.774286,4.935151,502.44208
232,6.8279667,0.5496052,0.40700814,3.5658953,0.05815476,5.8266115,50.04772,0.99832535,3.4619393,0.7474639,10.17203,6.108198,1235.0497
233,9.8119545,0.70857555,0.10245849,1.486641,0.10737089,24.679909,77.674126,0.9975413,3.3062634,0.8099372,10.925757,4.8526287,566.17645
234,6.993035,0.63674515,0.086343914,1.2260236,0.13039556,21.3725,77.373566,0.9979724,3.453383,0.79414105,9.859548,4.8931217,1190.4854
235,9.933133,0.3608251,0.17921518,1.3580273,0.1000163,8.075138,76.71921,0.99835026,3.4642417,0.67677355,11.063498,5.1876373,1245.8417
236,7.529266,0.6883639,0.23867764,3.6872454,0.1260184,20.540411,43.63726,0.99710715,3.3562088,0.53219604,10.769368,6.199956,628.19305
237,9.811343,0.5537087,0.12454806,2.9124694,0.124985114,13.046824,62.116505,0.99538624,3.249597,0.6890401,11.503106,5.199192,1008.9999
238,7.821706,0.67071396,0.21716902,2.3469255,0.076733075,23.624514,72.92916,0.997325,3.4056778,0.8043533,10.030455,5.0245876,951.0425
239,7.7594953,0.610471,0.3727395,3.68475,0.081313305,23.123085,27.649076,0.9984887,3.4072645,0.58182365,11.294609,5.137664,551.633
240,6.626152,0.39378878,0.4510313,3.7274404,0.13224418,17.046358,24.192476,0.9985229,3.2352138,0.51389563,10.24171,6.3422832,1212.8184
241,6.6274934,0.3836323,0.4595568,3.0594194,0.11944368,21.896519,14.44912,0.99844885,3.1827548,0.506504,11.051331,6.25762,1260.5227
242,7.1204524,0.38439858,0.4555112,3.3790393,0.11063165,7.011627,19.159914,0.9956235,3.4606583,0.58721703,9.859678,6.2879577,578.58545
243,6.6059637,0.6873675,0.42351362,1.5806618,0.07586389,25.327972,24.557655,0.998131,3.1771736,0.5975469,10.27451,5.653872,1169.0284
244,6.868441,0.54791963,0.398701,1.9096749,0.1293601,8.683753,28.087664,0.9968533,3.4072614,0.6112876,11.270794,5.0336847,1194.7909
245,6.6344132,0.47013104,0.45906124,1.8047312,0.12885688,24.703228,45.44511,0.99545044,3.1623225,0.5669501,11.302337,4.8960586,935.872
246,8.459567,0.48942295,0.41031644,3.6493537,0.09834097,18.417057,75.43243,0.997679,3.4154825,0.7600624,10.663999,4.9247117,1172.3923
247,7.7986207,0.6299235,0.24029097,1.9135525,0.11008432,23.092588,50.754333,0.9961884,3.3557756,0.63464975,9.484223,4.9983454,750.49255
248,7.1864395,0.6182325,0.42405233,3.4270258,0.0467032,24.96076,18.441494,0.9982756,3.2421322,0.586797,10.591523,5.678691,1267.261
249,6.735274,0.37195286,0.37917623,1.2558545,0.122745365,15.894791,25.120586,0.9949544,3.174711,0.69702876,11.216228,5.04117,698.3317
250,6.589662,0.49613827,0.45463267,3.4228892,0.1125383,25.803366,39.3337,0.99499357,3.2547443,0.55331236,9.538918,4.979358,691.0932
251,9.812654,0.6266346,0.43826494,1.3285232,0.12260162,25.479727,51.881245,0.9950237,3.1704032,0.53634584,11.50549,4.888384,549.6029
252,6.7065225,0.6583836,0.44898978,1.3753548,0.12628259,10.268009,34.29748,0.99810696,3.466453,0.646326,9.39722,6.075767,1265.8616
253,6.5831923,0.37691545,0.4559215,3.196979,0.11389661,5.933729,20.976397,0.9985495,3.4584,0.50944376,9.522943,6.229176,1274.2181
254,6.8825364,0.47664946,0.078788385,1.6639789,0.1141479,10.355689,77.5623,0.99842894,3.4338446,0.8141744,9.379092,5.3824263,1178.9766
255,6.7060623,0.47273597,0.4352887,1.2943398,0.107435726,19.600027,13.967583,0.9947752,3.169905,0.49916154,9.8711195,5.3790708,470.21667
256,9.691243,0.62752205,0.38310903,3.0973,0.072241694,24.891758,77.749,0.9985282,3.451856,0.7127479,9.71818,4.946753,805.01685
257,6.601239,0.400482,0.45831034,3.6422918,0.13286759,23.337456,15.687021,0.99763834,3.2765641,0.5743549,10.152289,5.7728004,1273.6045
258,6.6711407,0.42158857,0.45267808,3.78645,0.10497694,12.995899,32.94828,0.99858683,3.46615,0.52346504,9.452277,6.1291656,1254.7628
259,6.8460073,0.521569,0.24548972,1.4572682,0.1302749,25.856165,64.29035,0.9951639,3.183529,0.75340897,11.142124,4.8917904,423.19537
260,8.796068,0.3870914,0.3706639,2.2074368,0.10428196,24.572496,72.78659,0.9950459,3.382062,0.7205726,11.3829,4.867185,1117.8093
261,6.569178,0.51969814,0.45470774,1.5691484,0.078681394,6.134164,15.74493,0.99714,3.3735564,0.566038,9.528263,5.9594793,1134.1003
262,8.895129,0.6071753,0.2590168,3.271984,0.050222106,25.265345,77.28366,0.9985322,3.4629319,0.740432,9.975092,4.86993,1034.0022
263,7.2048044,0.4592592,0.44380748,2.2252524,0.07537445,6.71441,19.102583,0.99718684,3.317972,0.5850452,11.210539,5.777491,1147.2122
264,8.31535,0.70117146,0.10312688,1.2916003,0.11144343,18.317951,48.44078,0.9954447,3.1624048,0.6140206,11.479536,4.8809743,1123.8003
265,8.529095,0.7034413,0.45706132,3.8139682,0.10708455,24.511787,33.962128,0.9983481,3.3064518,0.49895245,11.36904,5.4212155,999.4816
266,9.922641,0.6543807,0.12523158,1.2794926,0.05653179,25.887167,72.6446,0.99529874,3.4547298,0.8098731,11.242853,4.8979664,665.91345
267,6.991304,0.35649037,0.41240114,1.5814362,0.12945932,14.9643955,15.634943,0.9964357,3.4065938,0.5127507,10.681151,6.4020243,1241.8206
268,6.574396,0.45885947,0.43152586,3.7483463,0.12251324,25.34521,17.780586,0.9983181,3.4556994,0.56916857,9.893184,5.836033,1245.3086
269,6.662378,0.52954566,0.45712113,3.7896495,0.10937291,25.521774,17.047989,0.9985622,3.4210548,0.57181555,10.79167,6.0173755,668.1734
270,6.6297646,0.70114905,0.4120921,3.7705517,0.12175117,11.266588,66.17634,0.9983001,3.436995,0.78129715,10.0619135,6.446677,1157.5619
271,6.7134156,0.35241655,0.4525153,3.7378204,0.121292464,5.4954834,14.102856,0.99859357,3.4669757,0.49099135,9.377332,6.4721518,1277.4233
272,9.952508,0.70945567,0.07096286,1.2149246,0.04176228,5.7181826,77.7497,0.9965362,3.4648376,0.82166034,9.452812,4.8583426,389.33008
273,6.6128182,0.3543397,0.39897114,3.6129124,0.08632367,9.312044,28.402876,0.99858165,3.4661775,0.74686,9.388077,6.280885,1222.0215
274,7.150429,0.6858256,0.36301416,3.4965646,0.051969923,23.932837,35.99127,0.9967464,3.1869893,0.70654577,10.949903,4.908804,881.84143
275,8.351565,0.35365427,0.4243078,2.1781406,0.13236612,6.568268,41.455963,0.99626124,3.451482,0.6421768,10.812287,6.0618534,516.06824
276,9.073254,0.65054744,0.45599988,1.6750433,0.12742834,22.438265,19.75528,0.99787563,3.4410615,0.49567142,10.920479,6.452551,749.8229
277,6.7135324,0.52604663,0.4534298,3.2619295,0.09797179,22.544159,54.758442,0.99849164,3.213792,0.5730812,11.139757,4.925864,1191.8256
278,8.344762,0.40420392,0.2587296,3.005451,0.116679594,15.753517,27.6588,0.99642736,3.395977,0.68701816,10.14705,5.1801143,782.9969
279,8.993752,0.42095417,0.4357104,3.6538522,0.065330654,24.579681,67.09089,0.9985169,3.4658473,0.66784614,11.356091,5.3281603,1265.7527
280,7.49758,0.40018097,0.43071872,3.7025642,0.12417771,25.400732,30.132881,0.99838746,3.4413717,0.59383816,10.968136,5.8419065,920.7675
281,9.885778,0.6925732,0.1867965,1.2497325,0.11072058,25.527727,76.80477,0.99585843,3.3551788,0.81981486,11.497699,4.837711,913.0708
282,6.723048,0.40290457,0.43343303,1.2697111,0.1283785,20.09242,20.96281,0.99478126,3.3796728,0.53812027,10.803924,4.895524,651.4741
283,7.123382,0.4699442,0.33617833,1.6476796,0.11689662,21.101933,48.48503,0.9951582,3.1813762,0.67935604,11.365795,4.855129,567.5416
284,6.6492214,0.47675356,0.4112525,2.447998,0.09238749,19.722954,17.95375,0.99720955,3.2402103,0.7963838,10.073166,5.24827,1272.1229
285,9.726615,0.58357036,0.08546771,2.9619184,0.10327841,6.9420385,74.118706,0.99855274,3.466225,0.8061382,9.366757,5.52606,507.113
286,9.065972,0.362386,0.22323269,1.3544128,0.13093315,8.068175,58.76078,0.9947974,3.2318113,0.60298824,11.443829,4.935079,531.3273
287,9.289612,0.70494604,0.17529841,1.2702458,0.10961751,15.848988,70.793465,0.9953856,3.2554803,0.8017268,10.527433,5.0192895,381.79617
288,6.627461,0.6109178,0.46045378,3.1094966,0.09763477,25.2984,31.83808,0.99858916,3.3783376,0.5002307,11.364588,5.3541603,1279.6467
289,6.7540693,0.36325124,0.4461117,3.8018067,0.04881977,5.4834023,67.94103,0.99859387,3.4670358,0.73273677,9.445826,6.429574,1252.2133
290,9.556974,0.62493384,0.45389017,3.7338867,0.054090474,25.908875,64.25963,0.99854577,3.251862,0.7569985,10.085825,5.3455086,1279.3113
291,7.3408556,0.42655548,0.20888755,1.4984934,0.12696221,10.95128,75.33431,0.99725777,3.4569418,0.78767306,10.721201,5.233054,1147.6418
292,8.610626,0.5431986,0.41913936,1.2308878,0.12106061,23.973162,14.660547,0.99490994,3.214847,0.506135,11.504328,5.167253,1108.2467
293,6.789281,0.35859162,0.45961362,1.3824774,0.066710316,25.433643,14.06196,0.9953296,3.2308106,0.4992656,10.068818,4.955199,1225.0432
294,7.170425,0.3821776,0.44809222,1.4753684,0.09788761,6.295821,15.647686,0.99493957,3.3365982,0.5721406,11.42107,5.438475,1028.4235
295,6.977232,0.6713785,0.45173422,2.635096,0.12326174,22.48261,74.870605,0.99675286,3.2717264,0.6763794,11.466747,4.8651056,1269.1661
296,6.5788927,0.45039514,0.4512943,2.6554873,0.12950473,24.984138,13.954304,0.9950515,3.1694658,0.55236375,9.432325,6.357395,1100.8303
297,8.710567,0.5421568,0.45615083,1.5106772,0.0723267,21.803776,72.32955,0.9960469,3.2034369,0.51693803,10.301738,4.9004335,1185.7578
298,6.577715,0.40285978,0.46038377,3.8208046,0.11481369,25.906784,14.033724,0.9985878,3.1878622,0.49851137,10.468364,6.3766346,1250.8025
299,6.658609,0.3585839,0.4425097,1.3513076,0.12703164,7.4393854,43.007896,0.9948464,3.447489,0.6193282,11.041467,5.232645,767.05493
300,6.654466,0.3766742,0.45699528,3.070411,0.06656652,14.368825,34.90486,0.99832165,3.3983865,0.49304882,10.073636,5.879545,1057.303
301,9.815163,0.7059882,0.22768258,1.3002557,0.06459514,24.5155,70.35952,0.99570805,3.1747355,0.7575076,11.498576,4.8395643,768.6324
302,9.930826,0.709111,0.07176572,2.733983,0.11301487,17.696474,67.72467,0.99507684,3.267649,0.8199748,10.157083,5.055908,355.31235
303,8.497414,0.5815052,0.3924026,2.0653408,0.13197349,23.110458,35.85782,0.99490106,3.3978863,0.6980497,11.473207,5.346305,462.6229
304,6.6302743,0.37036017,0.45169562,2.7025228,0.042867627,10.517695,17.58851,0.9976139,3.3712685,0.54017305,10.575503,5.9774575,1212.6879
305,6.987543,0.53839403,0.087902725,3.579677,0.103339545,21.14335,14.973383,0.997698,3.2224169,0.5914926,11.482295,5.472977,1267.9178
306,9.452185,0.56412125,0.32175615,1.3828788,0.06088269,17.044836,16.611782,0.99633926,3.2636409,0.5976992,10.007352,5.116318,1250.0685
307,7.185717,0.38263065,0.4538197,3.2529263,0.114628814,5.8825893,36.674076,0.9972893,3.4348865,0.68006086,9.492696,5.6324606,960.36835
308,7.215272,0.35246286,0.45894998,3.653579,0.092204206,6.8582354,14.292854,0.99857336,3.4609945,0.5917178,10.381213,6.270521,990.67316
309,6.674813,0.37893707,0.120491296,3.6877508,0.1306813,5.680584,70.64055,0.99752337,3.4046009,0.6403264,9.630848,5.127651,555.1785
310,8.015631,0.54626584,0.19287358,1.2976139,0.04345194,5.6287594,77.30415,0.99484915,3.4359157,0.7711441,9.650199,4.918601,422.2694
311,7.889293,0.6699564,0.31552935,2.1230052,0.039392427,7.931048,77.739914,0.99812835,3.4462292,0.8078057,9.684176,4.8377275,992.8674
312,6.815582,0.40923253,0.38833186,1.8266857,0.12460378,23.517561,14.657352,0.99538004,3.2044172,0.5441796,9.382068,6.3605423,627.80206
313,6.8276925,0.41935354,0.44942552,3.78438,0.111564845,6.501911,42.44032,0.9969736,3.4434073,0.70782197,9.664759,5.5479517,787.89484
314,6.588919,0.4247431,0.40246862,2.28685,0.1220456,20.04048,36.69205,0.9965793,3.2986512,0.729847,10.910888,4.9246364,1193.2257
315,8.521615,0.52967703,0.31533915,3.4761899,0.10894376,19.152308,77.05405,0.99743456,3.4645963,0.7755242,9.4117775,4.8931146,1183.3601
316,6.6219387,0.57611763,0.457396,3.6748843,0.12878744,16.704744,14.541328,0.9984857,3.4279137,0.49824533,10.873178,6.473383,1259.1467
317,8.201854,0.6961633,0.12699056,3.4878533,0.10012441,9.006714,48.992077,0.99789804,3.406856,0.7262004,11.239671,6.0377097,808.0814
318,7.163632,0.35230866,0.4537001,3.8227413,0.0543802,5.8676624,14.955099,0.99859595,3.4655535,0.5622964,9.36679,6.296093,1279.1729
319,6.845155,0.3521638,0.4462584,3.548695,0.13253842,6.2814245,16.872755,0.99854916,3.4618604,0.5426846,9.37511,6.1281295,1192.4438
320,7.01002,0.54000354,0.43931356,3.3745654,0.070709094,25.828709,58.561428,0.9977648,3.2568462,0.64651394,11.3102865,5.0810146,945.44324
321,8.1821995,0.66101897,0.40405247,1.3472264,0.044497076,24.846601,68.05663,0.99710065,3.361405,0.71091104,9.814273,4.886101,800.62317
322,8.2487135,0.5528314,0.42889312,2.1864064,0.11777724,25.393805,40.798904,0.99494797,3.3924384,0.5446221,11.342247,4.8823714,1059.0952
323,6.6982374,0.37500033,0.3355952,2.7464702,0.11186615,18.468922,69.99252,0.99676377,3.4362285,0.7861591,10.854225,4.839921,866.5292
324,7.603635,0.37463462,0.43799102,2.9778254,0.12512721,25.385157,55.83966,0.9962385,3.4014118,0.6829673,9.926159,6.1286564,816.7555
325,7.178139,0.69476646,0.115575,2.389642,0.12486411,25.504553,58.21556,0.99481434,3.163565,0.71270525,11.307296,4.93865,382.9628
326,7.842937,0.36732405,0.4582029,1.2459615,0.13248236,13.064398,14.412535,0.9948719,3.1693373,0.49379352,11.455755,4.9925094,765.417
327,6.785624,0.3716979,0.34279802,3.035427,0.09240859,24.970444,40.19224,0.9955012,3.3085694,0.6132096,9.49252,4.9677825,906.5934
328,6.597402,0.4871012,0.4570336,3.645793,0.0798725,24.65247,31.823246,0.99831027,3.3159623,0.521017,9.734367,5.3583474,1172.0988
329,7.146513,0.35913667,0.4512803,3.0001388,0.12265262,24.549479,15.427223,0.99795586,3.445481,0.53773046,10.073947,5.9385056,1156.4644
330,9.149953,0.70213836,0.19615078,1.8436955,0.06782946,17.53168,77.21985,0.9957915,3.2833104,0.7886931,11.500369,5.114549,1007.357
331,6.921942,0.35328797,0.44025144,3.8075204,0.06264989,8.6982975,14.098623,0.99859583,3.453443,0.49607414,9.392015,6.4668617,1280.1499
332,6.8799596,0.59449375,0.44814456,1.2399609,0.07339443,9.88278,65.15631,0.99561226,3.4347532,0.73307306,10.875953,4.903741,1256.0359
333,6.722003,0.7055533,0.2559218,3.7455456,0.06028254,14.700643,18.74392,0.9961239,3.163416,0.610885,10.653715,4.979377,490.6757
334,6.8365326,0.38427055,0.15476349,2.3041096,0.13183534,25.178364,67.509995,0.9971202,3.398822,0.74480313,9.935244,5.007637,1077.7025
335,9.9164915,0.4571548,0.07349524,1.239123,0.0969355,21.192238,77.71018,0.99602365,3.4558554,0.82012564,9.7634535,4.8450027,365.30325
336,9.004364,0.7096087,0.11553964,2.1763241,0.068683594,20.658848,76.96903,0.9984093,3.4603956,0.7935411,9.45366,5.0300136,890.24457
337,7.392436,0.54373854,0.40671384,1.2401077,0.086614735,18.85671,16.723923,0.995039,3.3029587,0.50402755,9.410299,5.7592473,1241.5039
338,6.5713873,0.40742838,0.4150733,1.8296041,0.050996255,25.633963,20.37808,0.9971221,3.1695619,0.68110305,10.850293,4.8505793,1268.4688
339,9.754289,0.5124585,0.17262173,1.8427716,0.08465574,21.977964,77.187225,0.99830973,3.3997862,0.8118929,10.684107,4.855761,610.10474
340,6.579595,0.35221177,0.45818177,2.4993427,0.10948371,7.556593,13.929916,0.9964394,3.4063525,0.49679515,9.972782,6.4135942,1047.7538
341,8.150103,0.39379287,0.34663224,1.2934049,0.1290944,14.723912,59.231033,0.9948602,3.312491,0.631627,10.817142,4.8714404,1099.946
342,9.498859,0.6945106,0.07627365,1.5196965,0.13310269,25.85804,77.7156,0.9968828,3.278617,0.66052043,11.365115,6.1693935,1086.6508
343,9.791094,0.70050776,0.072367445,1.3956095,0.12015466,25.900223,77.583824,0.99713117,3.4226413,0.81455225,9.831783,4.88647,1024.7139
344,6.613675,0.3595612,0.32640103,3.4236956,0.07939119,6.472028,71.29762,0.9985373,3.448827,0.75604534,9.36693,5.1829166,1244.327
345,6.6758823,0.5606687,0.24130474,3.385672,0.05552123,25.797865,38.80775,0.9981186,3.1802475,0.7636312,9.931822,4.83821,1276.8759
346,6.759236,0.61633646,0.1710811,1.6242788,0.122289546,24.445597,32.289047,0.994872,3.169094,0.61219543,11.356404,4.9056716,500.59625
347,6.810276,0.6274009,0.31564975,2.620718,0.12923627,25.877129,14.503937,0.99552494,3.1631498,0.52555114,11.246287,5.142297,1118.3485
348,6.635686,0.63181174,0.31462026,1.2852255,0.107131936,22.451439,50.755875,0.9985398,3.2533095,0.717506,9.553405,4.8721485,1279.9596
349,9.810296,0.58842367,0.1708002,2.7170722,0.086412616,25.867678,65.73966,0.99478054,3.1632838,0.7947979,11.4639435,4.854724,353.32416
350,9.78845,0.5506416,0.26447743,1.5254086,0.070137665,20.896046,76.761246,0.9948448,3.2394712,0.80514616,11.475442,4.859643,661.5194
351,7.848891,0.5479713,0.31885052,2.1948214,0.08885224,23.68621,77.473885,0.99734116,3.4584227,0.7227783,10.480795,5.4452634,1015.7906
352,6.661896,0.6089724,0.35155624,1.3301182,0.10747402,20.371717,30.238567,0.99728405,3.2460513,0.75266635,10.657997,5.1873217,1102.9038
353,7.6413484,0.36780953,0.40230176,1.6058469,0.07859765,7.6946297,68.962326,0.9985701,3.4565113,0.7334762,9.410567,4.9113765,1257.6614
354,8.384649,0.6607382,0.4536097,2.5792072,0.0497038,9.382728,76.5861,0.9959754,3.4650054,0.7917735,10.669807,5.030336,724.65155
355,7.633606,0.496119,0.41556358,3.4720027,0.11189221,25.322496,16.303576,0.9982263,3.1895406,0.50443834,11.498167,6.2485085,1194.4021
356,6.5946503,0.57184213,0.3184762,3.2308543,0.095700674,25.33825,30.078392,0.9983931,3.2289662,0.59487313,11.315301,5.3187733,1240.285
357,9.469858,0.6032956,0.34465384,1.7729588,0.1104822,25.86697,76.99882,0.99766845,3.4163725,0.80316573,11.504522,4.857201,471.69232
358,6.6866546,0.67653733,0.43209946,3.8005545,0.11951382,25.074472,15.174236,0.997915,3.1645825,0.5160271,11.234514,4.9339843,1213.2667
359,8.416025,0.44411328,0.38001055,1.2913637,0.12926026,21.339106,30.545183,0.9948153,3.1636474,0.5879282,11.461971,4.857846,425.29733
360,7.2158723,0.6751162,0.38499078,1.3766624,0.106803335,13.229358,44.617886,0.99479294,3.1745965,0.52463764,11.449534,4.9077277,731.3729
361,6.6343813,0.3588142,0.44702646,1.3654178,0.13350308,6.1688347,16.683481,0.99528843,3.4616683,0.50950164,9.634552,6.427337,412.55142
362,8.079143,0.5401489,0.43287176,1.3338141,0.11693733,16.158047,47.559986,0.9955086,3.1629329,0.67138803,11.464167,4.870111,660.39264
363,6.6263514,0.6715546,0.43207797,3.80658,0.12849486,25.189238,28.205112,0.9959443,3.4390118,0.7491053,9.791657,5.4994392,446.197
364,7.546107,0.6009121,0.40449822,3.049344,0.12044212,24.219595,69.01808,0.99736565,3.3927405,0.725873,10.333515,4.889424,606.03564
365,6.774699,0.40895885,0.4410561,2.8759887,0.12723757,23.587181,67.91701,0.99504644,3.4522824,0.75094074,11.472538,4.979716,994.77734
366,6.668329,0.6357856,0.43059412,3.7401793,0.050527804,21.310501,24.027302,0.9967352,3.2067187,0.52042997,11.05934,5.161892,1128.3075
367,8.655754,0.40130943,0.42978,1.5053195,0.09519972,24.933573,21.849043,0.99480516,3.20195,0.6441799,11.45195,5.031749,377.8061
368,8.270079,0.70202667,0.34744248,1.2753052,0.09067319,6.454134,68.16288,0.99480736,3.3051047,0.552527,11.396649,4.905554,910.2159
369,9.880302,0.7059296,0.073920324,1.2281921,0.043242857,25.393232,77.43207,0.99796724,3.291266,0.81540024,10.918366,4.8430114,1031.6882
370,8.181223,0.36039457,0.44365773,3.2750537,0.105178006,10.963061,14.049126,0.9960841,3.3824131,0.51370424,10.237968,6.2584705,694.76526
371,7.356441,0.6621904,0.36407065,2.517348,0.13152255,24.940811,14.796427,0.9948132,3.2914166,0.51497525,11.235779,5.7172256,462.28592
372,6.581227,0.5760117,0.34960622,3.7366664,0.09871988,15.194532,22.962503,0.9968859,3.1773987,0.5430632,9.79814,5.8139057,827.779
373,9.645415,0.7046768,0.3449185,2.1824493,0.10040278,13.016841,76.762695,0.996371,3.2244074,0.81709766,11.41393,5.169177,998.23553
374,6.705961,0.3756251,0.35126027,1.8768775,0.1216334,9.401651,42.602062,0.9973532,3.4571908,0.6072508,11.105202,5.997547,1266.7384
375,7.9884734,0.5620422,0.457994,1.2723076,0.1219765,10.710484,16.481173,0.9954132,3.2042491,0.50822514,11.5121355,4.862342,1274.6189
376,9.8451605,0.69581294,0.32582018,1.5937802,0.118611075,25.554466,77.38916,0.997626,3.1695783,0.7242343,11.511958,5.46322,1178.9208
377,7.2377977,0.3732305,0.30882972,3.430842,0.044413306,5.4769487,66.77295,0.99859166,3.467001,0.75791353,9.368827,6.212119,1180.813
378,7.4317594,0.60266817,0.4542614,2.7301183,0.10190022,25.58733,44.916096,0.99542654,3.1667607,0.5522455,9.942986,4.87842,1091.2964
379,7.992617,0.61565185,0.13844845,1.4419411,0.07704241,13.100242,76.605545,0.9951502,3.2916348,0.8133912,10.782523,4.9621944,939.17285
380,6.579464,0.3725456,0.44843486,3.704053,0.1333636,14.034913,43.845028,0.9976543,3.4574473,0.5564044,9.869695,5.8552203,1217.709
381,6.8910885,0.40786436,0.28361702,3.6524975,0.10909609,21.175264,20.348871,0.99852955,3.4300995,0.6549848,9.929406,5.575776,1256.5138
382,7.035054,0.66992456,0.34369236,3.74519,0.12011285,17.906399,55.22965,0.9959207,3.4296596,0.7242461,11.396905,5.115663,710.6218
383,7.092753,0.65048784,0.23005371,2.1466777,0.06403074,8.098192,73.34498,0.998559,3.374452,0.81549877,9.435266,5.056607,1252.9648
384,6.9655733,0.37925005,0.43113008,2.326913,0.12980692,5.7116528,75.40619,0.9976731,3.385623,0.72268176,9.445834,4.885612,561.981
385,7.012051,0.63425785,0.38374227,2.7798314,0.11326164,25.922632,66.14551,0.9951934,3.1696985,0.5379425,11.460912,4.852684,557.0465
386,7.0034423,0.45220456,0.336234,3.7138202,0.11156839,25.382544,54.94433,0.9981742,3.462179,0.630527,9.376542,5.5781326,851.043
387,6.745488,0.38048637,0.42775828,1.7531947,0.13152273,7.250991,43.827522,0.99686605,3.4639986,0.63685817,9.567041,6.1717105,1068.0929
388,6.6512012,0.38897362,0.4301403,1.96951,0.13193592,19.75258,16.934061,0.99526566,3.327495,0.50217277,11.196725,6.2174134,921.8693
389,8.680239,0.3637417,0.32537213,1.414152,0.10763787,7.626729,63.105495,0.99760896,3.4427497,0.74160564,9.515028,5.0674105,889.062
390,7.6532154,0.69075793,0.22052373,1.4422164,0.07904372,21.320478,42.398983,0.99558544,3.1828442,0.67199653,11.316951,5.9564857,488.59387
391,6.753224,0.6345305,0.23454298,1.4249865,0.09062002,22.904226,72.13181,0.9950271,3.218653,0.72148484,11.390122,4.8658576,662.2302
392,7.664033,0.6877388,0.14193152,3.6045156,0.1270315,20.024769,40.850945,0.99566656,3.1825004,0.7848054,11.389541,5.1860557,513.66895
393,6.6227126,0.62242687,0.09338285,3.6950674,0.06562224,16.376247,77.63635,0.998594,3.467028,0.82111305,9.365316,4.846285,1276.9877
394,8.333541,0.5249434,0.095927775,1.2555279,0.13336107,10.047949,74.85405,0.995123,3.3133729,0.6662973,10.999415,5.1675696,920.3755
395,9.44695,0.40965995,0.18252523,1.2275265,0.12455713,25.806871,73.61862,0.9964836,3.3765597,0.7844627,10.901381,4.8382816,736.14557
396,6.9730234,0.65392375,0.44154245,3.6455863,0.068674795,24.304499,49.46324,0.99853283,3.4319751,0.53260255,9.440316,6.2109623,1278.8191
397,6.564536,0.41460145,0.45588297,3.682365,0.0859542,22.463081,47.382187,0.99859136,3.4654052,0.5888248,9.37352,6.399944,1269.0068
398,6.739266,0.53542805,0.38670316,3.0760002,0.12952797,14.456383,34.163944,0.9965843,3.2356484,0.7170518,10.299995,5.229732,967.6419
399,7.8233614,0.5806549,0.37290227,2.1100106,0.12135484,10.999514,14.923981,0.9951334,3.2603207,0.65534794,11.424931,6.2766447,727.4583
400,6.8519907,0.3921976,0.26211292,3.3208456,0.10086162,10.402462,43.242863,0.9972064,3.4644578,0.6736516,9.597986,5.4684477,1259.0552
401,7.3082995,0.4791374,0.45250127,3.3372986,0.09637811,22.568995,61.474903,0.9963274,3.311232,0.5569464,11.025509,5.201528,598.9252
402,6.646629,0.35802108,0.46054873,3.813091,0.08765502,20.60812,14.016039,0.99856764,3.4228635,0.5027632,9.818516,6.432865,1240.6659
403,6.563306,0.4042166,0.45807084,3.3147266,0.10586865,22.074928,55.29776,0.99857926,3.188392,0.53363365,9.916028,5.3856344,1275.3258
404,6.604845,0.37448856,0.46029744,3.657823,0.074022084,14.518987,19.273808,0.9985786,3.4353175,0.5004038,10.016912,5.921261,1276.8779
405,9.172444,0.687863,0.08193776,1.2351956,0.111850254,24.339806,77.36455,0.99606717,3.218372,0.79558784,11.205138,4.8666906,1025.381
406,7.139068,0.6300274,0.42208707,2.2995882,0.11408823,24.401434,15.072744,0.9956792,3.172633,0.52420634,11.412461,5.3671904,1025.168
407,9.458874,0.6541317,0.39291993,1.4934399,0.06895255,16.562822,19.870201,0.9950357,3.2031162,0.62237,11.501571,4.9622984,1000.074
408,8.402281,0.54805094,0.3935273,2.682652,0.12964706,24.771772,68.53079,0.995455,3.4641323,0.5625612,11.471095,5.6994534,764.5397
409,6.9590583,0.5756852,0.36249185,1.2598602,0.09492974,21.614388,42.90457,0.99617165,3.1649897,0.50341237,11.221436,4.8550024,1268.61
410,9.949053,0.4084826,0.09820832,1.2246988,0.12186365,22.64299,77.56845,0.9948299,3.3342736,0.80904394,11.51014,4.839446,719.44995
411,6.6465144,0.37959713,0.45827398,1.4115562,0.12322069,18.216759,17.041283,0.99544036,3.3689559,0.5008614,11.152799,5.798766,381.2132
412,9.540019,0.6980723,0.4004328,2.1765547,0.11367073,7.0394955,76.61209,0.9953204,3.4532518,0.76354885,11.38057,5.1465387,993.97125
413,7.6198616,0.6848653,0.25098613,3.2355185,0.12648934,25.64915,74.53418,0.9976241,3.235266,0.5540903,11.132305,4.8667216,1196.7236
414,8.542826,0.6953111,0.1034088,3.4027436,0.1255816,23.697033,75.58291,0.99838704,3.2670264,0.8127993,10.881958,4.864464,636.6042
415,6.8386903,0.45134318,0.20191082,2.2681627,0.12586859,24.562498,41.339645,0.9979281,3.204624,0.554595,9.430722,5.591732,1071.7126
416,6.86733,0.39722055,0.45778078,3.6400256,0.113608554,18.9629,15.99951,0.9969876,3.4516323,0.6515043,11.509176,5.6241283,960.5112
417,9.406578,0.5019045,0.2139287,1.9975284,0.06566935,23.23216,76.291084,0.99853367,3.2546628,0.7350846,11.486646,4.8380423,1274.9236
418,7.766002,0.4602931,0.40406954,2.92222,0.062207792,5.548664,23.41677,0.9979723,3.4664667,0.63528705,9.390951,5.898321,1171.0182
419,6.648397,0.3582537,0.4218926,3.7825048,0.06080126,22.220749,62.87792,0.9985912,3.4640083,0.670386,9.366289,4.862632,1275.0941
420,9.872077,0.6803348,0.097280025,1.2157073,0.10859204,9.78019,77.457886,0.9953829,3.2998986,0.80140805,11.07865,4.871536,400.81964
421,9.571408,0.44124335,0.12783812,1.3943629,0.1122011,25.684092,73.14371,0.9948191,3.163049,0.80985606,11.445663,4.8621755,486.13986
422,6.68245,0.41437292,0.4570065,3.0623596,0.10534302,17.363243,14.106722,0.997585,3.447868,0.5311444,10.416736,6.1356387,533.43256
423,7.3761997,0.41820148,0.117503434,1.2299881,0.114034094,17.1441,77.038506,0.9952607,3.2303464,0.7769882,11.375945,4.9491735,1103.4154
424,6.574785,0.50891757,0.45677394,3.8232827,0.039721012,24.245876,14.194477,0.99852824,3.1697423,0.5015074,9.467435,6.082467,1264.5634
425,7.553663,0.70038563,0.3263473,1.824376,0.07157974,15.901269,72.853676,0.996036,3.2926228,0.69039285,10.647286,4.906317,1253.3947
426,8.013454,0.66753846,0.13423926,1.2568341,0.08241779,20.16483,66.01884,0.9962077,3.2686324,0.7662293,11.448561,4.880994,679.4482
427,9.076115,0.67275447,0.09152603,3.594439,0.10425618,25.84402,77.67816,0.9980883,3.392461,0.81728417,10.715884,4.8403597,1017.39325
428,8.366911,0.46311793,0.3185473,1.2523018,0.105772644,8.182813,74.3502,0.99821395,3.3619895,0.76208735,9.44284,5.8986025,1172.3872
429,9.6825485,0.6112223,0.30571693,2.2365363,0.07246564,22.93991,63.30856,0.9960602,3.4270885,0.7585844,11.404212,4.988677,486.22836
430,6.98893,0.3909949,0.4584722,3.2188356,0.1049846,17.956066,13.999228,0.99493366,3.1725476,0.5147037,11.299531,5.950602,643.5072
431,7.9224033,0.35983956,0.26199988,1.6136398,0.07340155,5.4838657,77.55104,0.99818856,3.4662325,0.7863161,9.401215,4.8855042,505.6101
432,7.879238,0.5428105,0.2813064,2.3503098,0.071555614,23.27846,62.141525,0.99621224,3.3006637,0.7578999,9.827841,4.921936,780.94104
433,9.554458,0.55490226,0.15241788,1.4289258,0.11126407,25.796858,75.951454,0.9948625,3.288411,0.806583,11.460409,4.8730454,438.2901
434,9.95325,0.4516668,0.07557163,1.2418365,0.041260254,9.582204,77.749176,0.9984544,3.4662783,0.8205609,9.391274,4.842536,567.5938
435,8.365417,0.682291,0.4059042,2.2420359,0.08542397,8.123209,70.92802,0.9969534,3.2382803,0.7271992,11.107303,4.8950815,1263.7235
436,6.797668,0.50068355,0.43919787,1.6150372,0.074225955,20.9768,23.599314,0.99713206,3.350636,0.5926708,9.820528,5.0563254,1109.3843
437,9.438717,0.61671305,0.4447468,1.3468158,0.12865874,24.664974,58.6338,0.99491346,3.229849,0.60760707,11.512489,4.9714837,499.955
438,8.231292,0.6521731,0.3760127,2.0943792,0.116921745,24.18975,66.555,0.9985732,3.359975,0.6539594,11.499682,4.9119587,660.5497
439,6.7441387,0.35335067,0.45479792,3.7449944,0.10842215,21.889568,14.082502,0.99825144,3.4546003,0.5517324,9.43573,6.3743634,1127.527
440,6.597765,0.47306767,0.41033956,3.6972456,0.061483916,25.739357,37.755795,0.99842566,3.27587,0.71647817,9.53382,4.968962,1264.013
441,6.5735984,0.3605257,0.38523817,3.7697437,0.12864378,21.893013,15.6788845,0.99859136,3.4349313,0.5245519,9.394082,6.457225,1279.621
442,6.7891808,0.3950867,0.43595183,2.0060618,0.11331829,16.064962,42.754883,0.9951614,3.2302113,0.5216121,11.331238,5.0000825,820.70496
443,7.1919556,0.44366163,0.4584122,1.5951352,0.06612788,25.590237,14.061056,0.9959268,3.2461603,0.49271327,9.924458,5.2423244,1196.6245
444,7.011063,0.5632623,0.45709655,2.1010344,0.07411314,24.524181,20.734251,0.9960803,3.3006325,0.49950266,10.052933,5.244388,1004.8823
445,9.073413,0.5402531,0.41237712,1.3603877,0.085062504,13.942937,57.12937,0.9955727,3.4345453,0.70759207,11.266667,5.0531683,856.33636
446,9.521165,0.6071099,0.15579946,1.2731723,0.11159418,25.872019,77.454346,0.9955275,3.4352396,0.7437569,11.493339,4.841561,486.5095
447,6.7193713,0.36242402,0.4538792,3.669114,0.087951854,5.98475,14.043316,0.9985937,3.4548974,0.5038878,9.426845,6.3546996,1279.4408
448,9.786393,0.49508098,0.45173985,1.5559465,0.06604475,16.747702,77.15361,0.9952763,3.3321693,0.7836156,11.453175,4.8381853,1194.5778
449,7.1187096,0.36763978,0.44243103,1.8894101,0.12257813,14.485603,14.297596,0.99493307,3.1754558,0.5114552,11.509167,5.35138,997.7366
450,6.5983586,0.62238914,0.45921314,3.7255967,0.052102543,19.876123,14.183523,0.9956159,3.1702826,0.4945523,11.316822,5.7255454,1163.0018
451,7.0109534,0.67347336,0.1427621,1.404215,0.13274291,25.914257,69.69857,0.9953953,3.1668088,0.6187754,11.4235115,5.084927,668.7893
452,6.6189466,0.59416175,0.268515,3.800521,0.10397984,23.67841,36.664703,0.99851465,3.4387221,0.632641,9.378266,6.24659,1253.0367
453,6.5672956,0.38695818,0.4599041,2.5670805,0.12703288,19.545006,13.936546,0.9978647,3.3685107,0.5037897,10.440711,6.398164,1193.5458
454,6.60888,0.36150792,0.39181444,2.6706765,0.12939653,9.302815,29.632315,0.9973093,3.410844,0.67748886,10.615821,5.8226314,863.1942
455,9.144527,0.6268838,0.08712523,1.2881835,0.052727323,8.900774,74.57024,0.9962639,3.2391028,0.7596164,11.294102,5.245271,1247.6333
456,6.9438148,0.47752208,0.4284773,3.7981472,0.08904706,24.898321,55.385838,0.99836457,3.4127932,0.5531684,11.054043,5.5223765,1264.8466
457,7.636226,0.49850714,0.45885813,3.7674897,0.07516201,24.945107,13.953751,0.9982855,3.1779318,0.49650544,11.428662,5.047873,1266.0778
458,8.222902,0.70429444,0.21354307,3.453792,0.096439354,25.804474,20.774727,0.9970299,3.2321906,0.6192224,9.8654,4.8852367,1221.9631
459,8.378922,0.40750888,0.45494878,3.2081509,0.11573697,8.488621,19.284327,0.9979874,3.4625263,0.61334836,10.728977,4.9723024,1255.4095
460,8.287972,0.6894856,0.368707,3.64324,0.05192442,25.401058,70.29878,0.9950412,3.1824484,0.7859708,11.137032,4.8448086,504.4153
461,9.571209,0.6997183,0.09489195,1.2476901,0.12481876,23.090096,77.41864,0.9948577,3.3813322,0.73877114,11.510803,4.8385634,592.33997
462,6.7924576,0.53440696,0.37326285,3.8224742,0.1283361,20.758482,75.58676,0.9985923,3.464826,0.78122896,9.448575,6.22111,1023.9703
463,6.5913734,0.36085388,0.46025676,3.072376,0.055946734,5.7950287,14.092606,0.9985087,3.4492528,0.53476727,9.383868,6.287945,1279.1317
464,6.571381,0.47227716,0.40112752,3.8144388,0.12236307,5.8505487,17.747671,0.99835247,3.453723,0.71017545,9.366422,5.84057,1080.3086
465,7.2267237,0.36465743,0.43781346,1.2997872,0.13003972,22.696934,51.699165,0.99550724,3.3600264,0.5440356,11.449401,5.80581,1203.4329
466,9.078558,0.57376647,0.45942584,2.89337,0.11130128,12.3338175,14.067438,0.99481446,3.1618288,0.49047664,11.51142,4.97271,882.74457
467,6.760354,0.6280493,0.093588635,1.3415236,0.09561406,23.969679,57.694828,0.9949566,3.162571,0.72453946,11.287092,4.845089,1107.2067
468,9.877265,0.6343311,0.0875278,1.2509004,0.1333806,16.89953,76.77712,0.9947922,3.3668427,0.7959389,11.458041,4.914199,812.0413
469,8.356135,0.62100047,0.22929996,1.2928666,0.12405634,8.727718,73.36325,0.9950686,3.3407671,0.7501594,11.052635,4.92601,426.51837
470,8.284741,0.6561659,0.28576323,3.5841482,0.054287292,22.692476,76.629486,0.9985551,3.456464,0.75282615,9.498651,5.139983,1207.3322
471,7.0030117,0.4592592,0.12286648,1.5087858,0.1262608,22.131084,77.71355,0.99794114,3.4620051,0.81857467,9.846743,4.9447703,1123.4274
472,9.899229,0.7068945,0.45807776,3.1985078,0.059915937,7.17785,55.577404,0.99786913,3.4591517,0.504815,10.734037,4.838027,1220.5441
473,6.9855075,0.5789296,0.3900971,3.6632314,0.12812814,8.2554455,15.433634,0.9952178,3.406055,0.52995014,10.605822,6.0218077,708.58386
474,6.5651383,0.3522294,0.46061757,3.6132298,0.05741763,17.210066,14.027702,0.9985683,3.4666076,0.54978585,9.372237,6.398167,1264.6011
475,6.6372323,0.39069942,0.455889,2.754106,0.13068643,23.512003,17.389736,0.9953985,3.271129,0.5143494,11.174856,5.8420057,917.5826
476,7.6416564,0.55213636,0.3877727,1.2901212,0.08646277,25.671892,17.5806,0.99477863,3.1625707,0.56530666,11.09383,4.8997197,359.19095
477,8.510834,0.48045725,0.42694274,1.4285072,0.11299601,25.07038,40.458546,0.9947924,3.2331514,0.7619329,11.282272,4.860949,502.402
478,8.402784,0.69098556,0.44314235,2.7727847,0.08050819,22.870327,19.755732,0.9948358,3.1707253,0.6222958,11.494729,4.923553,388.73648
479,8.990182,0.6145959,0.32460898,3.3788965,0.03978607,21.004148,71.89129,0.99859464,3.4670007,0.8065182,9.458407,5.4302545,1200.5819
480,7.1038857,0.7041976,0.36220756,1.6763896,0.042540606,10.028109,75.956825,0.99602914,3.2606063,0.78557897,10.045782,4.8381996,1060.6605
481,6.706914,0.42110807,0.27114177,1.4362346,0.13040066,25.60493,27.05822,0.9950136,3.2381523,0.782884,11.386961,4.917366,924.2613
482,7.034893,0.4117355,0.45246387,3.6973035,0.06551069,24.641905,25.43866,0.9985894,3.461651,0.606712,9.394099,5.498339,1188.1263
483,6.5803514,0.40486193,0.45801908,3.6818185,0.07551503,20.244917,17.45322,0.9982435,3.4554427,0.592508,9.367622,5.802295,1212.4414
484,6.9731693,0.36855897,0.4397021,3.7166204,0.07090073,7.0266285,15.234327,0.9981345,3.462511,0.645177,9.4751425,6.43817,989.8592
485,6.719009,0.46162054,0.460219,1.2863336,0.118414626,16.08206,14.413404,0.99479246,3.399517,0.49290925,11.395829,5.0647087,1164.7802
486,6.639227,0.35546896,0.45654273,2.7233682,0.12404383,25.817932,16.520132,0.9970848,3.445742,0.54454845,10.122376,5.542819,474.96997
487,6.8115616,0.67409843,0.26612738,3.4087696,0.102514006,23.2136,67.10089,0.9976029,3.2695806,0.67485183,10.615004,5.037672,1034.0453
488,6.649168,0.35773146,0.45900577,3.6853857,0.088797264,21.79772,14.009678,0.9978367,3.4457786,0.5547482,10.087859,5.9224467,616.4903
489,6.9251227,0.37171242,0.07659839,3.664563,0.120079845,25.552696,75.0517,0.9983947,3.3535893,0.80128986,9.61571,5.2782245,632.21326
490,6.682165,0.5401853,0.22276683,2.0636582,0.0677782,6.2772923,17.319923,0.9985944,3.4579613,0.71274936,9.366119,6.1132174,1260.991
491,7.710526,0.6797154,0.43334982,1.5684019,0.07844468,23.744879,18.924675,0.99740815,3.1651165,0.5309568,11.021832,5.5607915,1108.7769
492,6.9874654,0.35350677,0.45997515,3.3519268,0.11731285,12.973458,14.004675,0.9985376,3.463893,0.4923966,10.399414,6.4731207,1209.9603
493,6.632403,0.3551833,0.4580845,3.8053956,0.085369796,5.531494,14.416498,0.99858654,3.467004,0.51392907,9.400384,6.45987,1257.537
494,9.898486,0.66666394,0.39106175,1.9237309,0.041094176,23.950174,75.642624,0.998134,3.3619137,0.74603075,11.467298,4.8441534,421.6688
495,8.078237,0.70160496,0.13974759,1.2455634,0.10290197,22.35258,77.6985,0.9970046,3.4082296,0.81443876,11.3785,4.8629017,1134.837
496,9.639156,0.39483568,0.4383347,1.335663,0.13180088,14.963805,67.969734,0.99531645,3.465256,0.66610163,11.297423,5.375655,826.5778
497,6.954649,0.5075001,0.4447738,3.1309066,0.12925899,24.925438,26.323261,0.99846333,3.462327,0.7620042,10.623032,5.132629,1113.3624
498,6.5860715,0.42860082,0.42617655,3.7435954,0.13033503,22.463226,14.120995,0.9967996,3.2880154,0.5797808,9.473423,6.3991528,724.46246
499,6.584595,0.57882303,0.3481926,3.3766248,0.12916566,9.686628,14.442265,0.99706095,3.3451478,0.5723932,10.770716,6.4244165,638.59357
500,6.6103415,0.3941714,0.4598795,2.9050024,0.06643717,21.15213,39.951538,0.99854404,3.280164,0.5023581,10.21573,5.7072883,1265.3054
501,8.235894,0.42347303,0.44378543,2.5287523,0.07331097,11.218687,66.178764,0.99854976,3.4245834,0.75662786,10.897251,5.353823,1278.9854
502,7.639961,0.6430985,0.17164572,1.5167757,0.13139684,24.41648,76.9446,0.9948722,3.44916,0.8144797,11.150289,4.84625,586.4567
503,6.594875,0.6692012,0.37338898,3.4726048,0.12553734,25.864553,16.933237,0.99590605,3.1626632,0.7087921,10.392158,4.8569803,938.7657
504,7.05523,0.6158374,0.43782806,1.3223398,0.049022388,25.667347,43.39775,0.99593467,3.2580142,0.78287065,11.164551,4.870662,994.1519
505,7.1310396,0.59253526,0.15205093,1.7942005,0.12761715,21.808695,46.41168,0.9955063,3.2344363,0.5182084,10.178289,5.30787,462.6318
506,6.830669,0.6641514,0.38101542,2.281443,0.12828767,24.886826,75.34206,0.9953691,3.3117197,0.73473716,11.4994955,5.046506,1106.3257
507,8.002857,0.61347216,0.39633003,1.4347746,0.08299019,25.935349,74.19406,0.99483025,3.1618016,0.71956027,11.49379,4.8375134,535.6694
508,7.139374,0.36756873,0.42004722,1.5298454,0.103037454,24.12674,29.699903,0.99593645,3.1845644,0.5782641,11.256883,5.8274555,1127.2076
509,6.90484,0.36393428,0.4520397,2.9624577,0.124474354,18.849552,14.224594,0.99501544,3.2146318,0.5057213,10.868775,6.200434,636.9882
510,8.0384245,0.55545604,0.36360326,1.3475479,0.054898784,10.803171,75.80257,0.99848413,3.452304,0.76852226,9.4720335,4.998504,1183.559
511,6.9308853,0.6993926,0.34924996,2.6933649,0.10068265,25.129597,63.431465,0.9965299,3.1628516,0.5436245,11.468817,4.9410315,1009.53906
512,6.642122,0.37051076,0.45964578,3.2392352,0.11568474,25.594381,20.471308,0.99518013,3.2774496,0.50141513,11.304695,6.42956,550.4985
513,7.3266735,0.67632365,0.35488683,2.6472778,0.123461634,25.404646,18.44622,0.99679667,3.180348,0.5163955,11.4863825,5.384342,992.50543
514,7.5819144,0.4846238,0.2171995,3.5007424,0.11652208,8.830426,76.75346,0.99676406,3.3952851,0.8104433,9.457893,4.8690367,1149.7933
515,8.13288,0.55864286,0.29743606,2.8251905,0.117481574,20.3414,72.02354,0.9967519,3.3653903,0.74497503,11.381389,4.959507,982.1892
516,6.717101,0.66424066,0.42953062,3.5609565,0.11654199,25.683422,57.804237,0.9984784,3.341433,0.7713955,10.527477,5.4178615,1023.7104
517,8.118796,0.66692626,0.12817353,1.7938514,0.12886229,6.1357946,62.97913,0.99714375,3.4552207,0.75565344,9.808525,5.0573797,380.31207
518,6.867971,0.5893448,0.3509417,2.8414922,0.0767665,23.502115,46.20478,0.99840426,3.2919676,0.743177,9.867005,4.8723063,1066.9326
519,9.570761,0.64618015,0.1241343,3.431762,0.072871685,25.436495,77.678024,0.99837375,3.4651942,0.82033205,10.163711,4.857232,425.19482
520,7.4866,0.62979805,0.09069507,1.5476205,0.12222043,16.099112,76.94834,0.99726754,3.4324563,0.81491786,9.937553,4.861866,875.9629
521,7.2944818,0.68242145,0.46012872,3.8192456,0.050627146,11.988495,19.290173,0.9985957,3.4666214,0.50331485,9.42476,6.392415,1279.5592
522,8.279054,0.6623496,0.10509926,1.494366,0.09470245,14.63475,75.05419,0.9982295,3.4074135,0.79718673,11.419388,4.983105,918.5624
523,6.6936827,0.5707119,0.1648426,2.9418256,0.13037086,8.0837145,24.12519,0.99809414,3.3880765,0.71185064,9.458451,6.272033,454.45438
524,9.60401,0.64978874,0.27189884,1.610405,0.054767594,19.625992,75.769005,0.99543995,3.3058236,0.79018456,11.224125,4.861957,770.7376
525,6.5908337,0.59943634,0.45478156,1.8250713,0.12113744,25.326586,18.60873,0.995165,3.19017,0.69327533,11.448161,4.860286,973.0395
526,8.218827,0.58234125,0.4189222,2.313377,0.0918569,12.897899,18.782448,0.99543893,3.18831,0.5369445,10.204496,5.8689203,1225.8357
527,7.051512,0.35296682,0.45905113,3.5351796,0.1287094,5.787179,14.346636,0.99850136,3.465517,0.50047874,9.49024,6.4453087,1255.5247
528,6.760303,0.38840094,0.3807962,1.2934542,0.13052788,20.62794,17.806492,0.99480945,3.2544656,0.503457,11.098264,5.211956,882.6786
529,8.768501,0.48679015,0.40872574,1.3271759,0.12783627,23.924763,51.041546,0.99477047,3.1622303,0.50940937,10.660338,4.855888,366.88196
530,6.704091,0.38937747,0.28375655,3.787242,0.10626124,5.908293,15.278105,0.99822396,3.3168416,0.5251469,9.370379,6.35154,1208.0773
531,9.866679,0.67407095,0.4516739,1.4606822,0.082442515,13.782197,28.808624,0.99484915,3.2780755,0.5195182,11.453845,5.1346,608.74634
532,9.3861885,0.65620106,0.15278377,1.2244811,0.12332315,14.593213,63.021687,0.99482065,3.193427,0.78264743,11.367427,4.8849907,363.1153
533,8.123918,0.5022038,0.3775516,1.4033544,0.10433624,8.854199,72.177986,0.9975379,3.4401977,0.4975618,10.054741,4.8863816,1042.7343
534,9.59619,0.49693918,0.32720348,1.2219137,0.12971406,15.976715,44.837383,0.9947895,3.1643705,0.6556491,11.192469,4.891929,504.44205
535,7.3760695,0.38461918,0.09381127,3.8143604,0.122243,25.870527,32.377815,0.99858934,3.4668243,0.814076,9.385783,6.032715,1266.5527
536,6.583681,0.36631632,0.44667897,2.6241517,0.11886466,23.41797,15.41494,0.9982292,3.2449875,0.5751417,9.772651,6.218738,1110.7415
537,7.5505624,0.54268736,0.12083857,1.4759564,0.13222736,25.356833,53.910255,0.9959017,3.2047715,0.7886638,11.427911,4.8630514,648.54016
538,7.0869875,0.47063753,0.450363,3.411508,0.080465525,22.220716,16.185877,0.9981873,3.4222932,0.60617673,9.577823,5.0564466,1277.8688
539,6.797866,0.37804618,0.44263077,3.813395,0.13102365,19.398197,15.390326,0.9982162,3.3234792,0.4958513,9.993288,5.8005133,815.87573
540,7.2722874,0.35355458,0.43480065,1.2403809,0.1286615,22.076504,15.749109,0.99481785,3.437371,0.56035817,11.309178,5.0988097,1040.9808
541,8.385561,0.41412455,0.0966281,1.2845693,0.12748061,24.497046,73.7803,0.997843,3.4594681,0.8212566,9.378012,4.8617086,1032.6609
542,6.83618,0.4012728,0.4438218,1.6209264,0.06798469,5.9715004,15.319815,0.998361,3.4451678,0.52670854,10.012932,5.5385256,1259.3004
543,9.561129,0.36177072,0.44122308,2.5520725,0.1276942,23.179688,14.199013,0.99499303,3.3500252,0.5513266,11.507605,5.3884816,1138.4308
544,9.57697,0.43952236,0.4221732,1.7134956,0.08412853,8.633933,35.84676,0.9959354,3.4592137,0.6973094,10.895543,4.888873,640.5078
545,8.88649,0.5059904,0.27907324,2.478653,0.04723988,25.3509,71.5781,0.9972921,3.2628293,0.73196733,11.153367,4.8594675,869.8966
546,8.430349,0.39504594,0.42859086,3.3559926,0.1330605,25.832125,41.92805,0.9980388,3.4216425,0.74369586,11.34377,5.5489907,516.0835
547,6.5908875,0.38494763,0.45914936,1.7588848,0.1287928,6.5256796,13.975876,0.99505204,3.2028887,0.49119467,10.161784,6.3474298,665.3205
548,9.910233,0.6852464,0.43213826,1.2171162,0.12001798,15.269094,72.87443,0.9948995,3.1769104,0.60058594,11.49908,4.8655014,622.9561
549,7.043088,0.3790804,0.4184324,1.229719,0.09841788,6.0161095,27.6647,0.9948046,3.2428713,0.5039099,11.258472,5.103954,1166.8713
550,7.303729,0.56268233,0.1779858,2.7721977,0.10125069,19.30774,34.520294,0.99617034,3.3961859,0.7940936,9.607136,5.2019043,714.69464
551,6.847924,0.48912045,0.4311534,2.8296306,0.06219848,12.792098,15.483454,0.9985107,3.4381893,0.55682874,11.33577,5.030698,1268.1581
552,7.8579383,0.3638583,0.35694942,3.4653974,0.12600121,12.097018,14.564184,0.9949205,3.3570924,0.5112101,9.687009,6.392862,653.507
553,7.7121477,0.35531032,0.24209793,1.8455769,0.11670875,12.736238,32.009766,0.99560153,3.460371,0.5402477,9.538622,5.90113,1036.4127
554,6.741013,0.60083616,0.4539568,3.4221601,0.10266087,25.757532,27.967663,0.99493,3.1737962,0.6820523,11.006012,4.8463087,436.17145
555,7.1126866,0.6626583,0.2338243,1.4372271,0.073339775,25.630064,75.30138,0.9948572,3.162237,0.74114364,11.489107,4.8556466,480.42786
556,8.389028,0.3964621,0.27180973,3.596754,0.0807959,21.452677,39.647156,0.9985383,3.4510748,0.60683,9.419216,5.2345963,1185.2708
557,9.87349,0.5516526,0.07153408,1.3197703,0.071522996,8.165919,75.446205,0.9985933,3.465681,0.820913,9.365249,5.5829825,447.48593
558,6.8190784,0.43087062,0.40547097,2.1752145,0.12056013,22.807373,55.479786,0.9967823,3.1916933,0.5866319,11.490148,4.961689,627.4452
559,9.300297,0.5417734,0.33986658,3.0158372,0.081847325,17.84202,60.036613,0.9969589,3.2358303,0.58669233,11.228821,5.347678,1278.4102
560,6.934492,0.36526492,0.44583148,3.5724525,0.100554176,23.073198,14.062721,0.99858636,3.1918883,0.50809455,9.653675,6.452423,651.5104
561,7.2717485,0.6016098,0.44760123,3.7115624,0.11875857,24.597357,29.214117,0.9979438,3.4403927,0.5248195,11.163021,5.313462,913.561
562,9.861192,0.63032144,0.089032635,1.2397401,0.1083977,22.849558,77.5295,0.9949219,3.2717118,0.74073696,11.466589,4.92611,411.63803
563,9.948873,0.70560384,0.43736547,1.4977094,0.061403424,9.08717,77.64651,0.9980924,3.466524,0.82083577,11.164273,4.8599954,968.7266
564,7.1178627,0.36591074,0.45810628,3.7903686,0.120974064,11.119671,20.026253,0.99847394,3.45558,0.54954696,9.605073,6.249681,1216.8256
565,9.777138,0.7093381,0.08005138,3.0869942,0.06335746,24.627296,77.70802,0.9976848,3.4662645,0.82086736,10.654466,4.842244,647.93463
566,9.086645,0.703658,0.2009969,2.6164367,0.074526094,18.891161,36.762737,0.9984022,3.4567318,0.5541368,11.483144,5.03741,1271.2467
567,6.9782863,0.49179482,0.43344438,3.1956227,0.08416216,23.434261,61.01981,0.9974733,3.3652618,0.7043074,11.4006,4.9299192,666.8678
568,8.214065,0.5184908,0.38011253,2.6926632,0.11069197,24.849815,63.995632,0.996274,3.4507017,0.703334,11.352992,5.081996,813.3343
569,8.954068,0.63262916,0.43648288,1.2246356,0.073901795,6.0533075,74.08555,0.99506444,3.3059862,0.7926698,11.178413,4.8734465,1233.0437
570,6.9242415,0.3589653,0.42867798,3.3205776,0.088751,9.698818,30.499762,0.998429,3.465963,0.6793264,9.6101265,6.395186,1057.7051
571,6.6812286,0.37881842,0.44596753,1.7986687,0.12918612,25.739077,21.778181,0.9975109,3.211426,0.5546697,10.935039,5.029238,1040.7222
572,6.676398,0.57687944,0.45342675,3.5666587,0.056892067,19.988024,55.302315,0.998528,3.1721327,0.5030505,10.866591,5.112339,1274.7451
573,6.827753,0.5059595,0.41149288,2.7818155,0.12903199,22.477915,19.470821,0.99672943,3.4376287,0.6223757,10.973889,5.0474625,1208.4187
574,7.7603664,0.5115974,0.2074928,1.3772913,0.12422357,19.502407,71.423676,0.99708885,3.283904,0.5036707,11.329463,4.8588653,979.9904
575,8.533058,0.7066665,0.17069961,1.7494525,0.05652692,25.578869,54.36883,0.9981267,3.171293,0.75896776,11.471391,4.8739986,1153.0541
576,7.731855,0.6986918,0.30443957,2.0973573,0.08007202,12.635293,28.922668,0.9950721,3.1619337,0.7775289,11.450235,4.8713374,1198.1194
577,8.251716,0.3639167,0.44547883,1.6796807,0.11835677,7.970826,19.238634,0.99495906,3.3442285,0.49595845,11.0638075,6.407748,1119.4907
578,9.644202,0.44456658,0.4212895,3.5941014,0.116610125,23.680769,77.42947,0.99750215,3.2977,0.6703999,10.894913,4.926164,835.0076
579,6.644366,0.35494694,0.37662268,1.7253438,0.10564604,12.483079,19.060873,0.99591684,3.3323321,0.7520124,9.527775,5.0348754,1225.5297
580,6.8491583,0.69829017,0.14427443,3.116413,0.0456768,12.900688,72.57819,0.99835,3.4173517,0.78364605,9.854591,4.9450235,1256.548
581,9.845186,0.5721131,0.31898478,2.4475753,0.087017775,22.233795,22.517096,0.9977331,3.1817307,0.78384733,11.500947,4.8676186,1255.5159
582,8.455985,0.3631594,0.44669566,1.2172465,0.08484561,5.76276,76.37126,0.9948004,3.3315678,0.56496793,9.447797,4.841434,455.59436
583,6.573187,0.36250535,0.45249525,3.7644377,0.12850799,8.996568,14.657698,0.99856466,3.4538362,0.5768072,9.587258,6.40463,1162.7087
584,7.1275234,0.4218825,0.46053636,3.808975,0.045962423,24.435385,18.951626,0.99817944,3.4518433,0.5272014,9.641206,6.3295074,677.8998
585,9.868268,0.6808151,0.115348026,1.2143798,0.06515698,23.573051,71.79631,0.9948012,3.1744466,0.80477047,11.414419,4.8620315,826.1973
586,6.8380823,0.3681048,0.4343333,3.6733906,0.10130169,12.833068,36.12438,0.99794257,3.3948302,0.6165387,10.908084,5.3535304,444.37497
587,6.5629888,0.3697305,0.451768,3.166276,0.109351896,25.715471,13.92798,0.99859434,3.1674614,0.49713564,9.521362,6.391949,1279.9783
588,6.613722,0.3750977,0.45399496,3.0384378,0.106776595,7.944948,14.9021,0.9954677,3.2892032,0.49316227,10.664418,5.03382,1257.2438
589,6.74961,0.4608373,0.23506449,3.1408699,0.12839931,25.869553,38.715805,0.9947906,3.169682,0.6131488,11.492817,4.863172,451.94202
590,6.9955387,0.37358925,0.42882925,1.6400967,0.13166977,7.124277,17.852823,0.9979652,3.4553244,0.49806774,10.724143,6.1348968,1275.8192
591,6.8757358,0.3885064,0.45138502,1.3956058,0.115778014,19.592459,14.89238,0.99515986,3.1682215,0.5288508,11.4694805,5.2161407,808.9472
592,6.9643064,0.47137538,0.460261,1.6358091,0.06298418,17.494175,13.985302,0.99526167,3.1757424,0.49427786,11.433035,5.980588,570.78827
593,7.783836,0.5840298,0.45823038,3.8184564,0.081447065,6.6236877,61.863087,0.9985674,3.460439,0.64404595,9.738288,5.6040206,1141.8616
594,6.5679913,0.47669944,0.45683113,3.583884,0.048909012,24.541916,26.858046,0.9983449,3.3635986,0.5080653,9.386369,6.043533,1269.2421
595,9.508269,0.5602098,0.2979702,1.3671898,0.107318185,25.873116,74.16482,0.9985141,3.3303888,0.8158344,11.441426,4.842346,906.0065
596,6.582979,0.35215008,0.46020284,3.644594,0.06719681,13.482177,14.240507,0.9983265,3.4661455,0.8107329,9.384902,5.6047354,1009.68256
597,6.584839,0.47016522,0.46050462,3.8222344,0.10043305,25.420704,13.965214,0.99857366,3.4627078,0.50140005,9.394856,6.461016,1239.1577
598,6.760891,0.55287975,0.41269845,1.6723144,0.10962989,18.598242,72.22141,0.99835515,3.320672,0.7904874,9.85127,5.3882995,1170.6135
599,9.904687,0.6963989,0.12783304,1.2146455,0.11543678,24.064537,77.6775,0.9947806,3.1701925,0.78679264,11.3533125,4.8416195,477.18787
600,6.972979,0.4081282,0.08721289,1.7099836,0.10700539,25.770649,74.66982,0.99854314,3.2272763,0.78015023,9.416675,4.8608675,1265.6957
601,9.088963,0.49869123,0.25994256,1.2459525,0.1261547,24.720564,76.925255,0.9948025,3.207238,0.800436,11.164181,4.8520007,371.30994
602,6.5698557,0.5681409,0.4112117,2.770654,0.13058227,24.814856,22.735863,0.99820226,3.2239945,0.53234535,10.149968,5.736383,1185.4786
603,6.9049573,0.3761116,0.45558852,1.5084794,0.13110149,24.13264,18.059916,0.9949669,3.239174,0.5093005,11.308223,5.8135777,633.05347
604,7.1796556,0.5846857,0.44487992,2.3831713,0.085839696,5.89723,14.483299,0.99802625,3.4659812,0.63313556,10.226673,5.3401732,1041.4615
605,7.7560835,0.6509043,0.404914,3.5093853,0.05637459,23.163599,57.46949,0.99856234,3.3418496,0.75861144,9.952712,4.9096613,798.99603
606,6.651732,0.3633239,0.43680316,3.6302748,0.125782,24.862442,14.202801,0.9977268,3.2685685,0.50999767,9.913309,6.141425,1252.2485
607,9.417886,0.7003695,0.3774327,3.8202693,0.04828127,6.24419,60.064716,0.9985859,3.1825528,0.60457176,10.67292,5.7435236,1278.4512
608,6.7378473,0.38536966,0.38963228,1.7816923,0.13342297,24.22316,28.112694,0.9966798,3.3685575,0.553881,10.064427,5.1222534,577.388
609,7.0013294,0.36905918,0.45847335,3.6125474,0.10591593,23.388874,16.796196,0.99843967,3.4600856,0.7672464,9.391801,5.1638813,1238.45
610,6.620274,0.3590504,0.4568338,3.7279255,0.13035186,25.797462,13.940807,0.99528795,3.1758683,0.49967527,11.224102,6.1581736,615.5636
611,6.6383386,0.41761076,0.41455635,3.2540486,0.1264757,25.927443,75.71061,0.9956745,3.301997,0.5804601,11.141304,4.854053,1192.8104
612,9.618349,0.3601276,0.07143277,1.3501935,0.10833219,25.761793,76.37383,0.9966086,3.2436702,0.74994534,9.548741,4.839439,1232.2375
613,9.135484,0.374018,0.38334098,1.2445315,0.10697254,21.035782,49.415333,0.994863,3.4634957,0.621249,10.23808,5.2755413,519.4025
614,9.728656,0.70331806,0.11544536,1.261428,0.122345336,8.656264,77.60776,0.99570394,3.2868886,0.7729506,11.316168,4.8614464,445.4801
615,6.8142586,0.37103453,0.413564,2.691173,0.11526075,20.911358,26.596058,0.99851507,3.4436874,0.57658106,9.470742,6.3718257,1171.2363
616,6.616639,0.36039144,0.44009614,1.256907,0.12757912,15.058671,14.57222,0.99541676,3.2370079,0.5737951,11.325506,5.377536,1251.5258
617,6.607513,0.42402223,0.3828857,1.6085321,0.13131328,25.074665,16.952415,0.9948945,3.272429,0.6168302,9.935023,5.098124,769.35803
618,7.3096523,0.35243782,0.4549525,3.638652,0.13149205,22.10345,13.926781,0.9948849,3.2049136,0.49041042,11.422443,6.4623814,898.5591
619,8.13602,0.5387781,0.4515015,2.349104,0.072923705,14.576875,51.837982,0.99801385,3.177578,0.65593535,10.935608,5.036631,1186.6251
620,9.758124,0.60364145,0.07213123,1.2304008,0.08289708,16.057056,77.72569,0.99689186,3.4163504,0.7885437,9.598344,4.8411345,760.9212
621,8.766339,0.46327534,0.40993464,1.962403,0.13198528,18.637112,75.42072,0.9949323,3.3932831,0.7664078,11.213599,4.8556933,734.04083
622,6.812324,0.40515882,0.45142642,3.808188,0.119085625,25.009594,16.587109,0.9985847,3.4619133,0.50283146,9.369136,6.287859,1163.6503
623,7.4315224,0.70616585,0.15835495,1.8703352,0.05938231,11.479961,75.24723,0.99840593,3.4610963,0.7810393,9.480775,4.9031887,1004.75757
624,7.3629494,0.4186276,0.38325343,3.0746875,0.08990296,25.050291,60.43636,0.9984301,3.3166835,0.6181441,10.026516,5.7073374,1036.4652
625,8.040942,0.36275825,0.16399074,1.2202892,0.12410571,7.004386,77.73556,0.9951589,3.4540622,0.7001974,9.700982,4.861743,690.8123
626,6.6054664,0.6729968,0.4602377,3.8062475,0.11711333,24.395742,14.00909,0.99853057,3.4171143,0.5058662,9.870714,6.36478,1276.6855
627,6.571372,0.36658198,0.44654173,2.5427756,0.12613589,17.565865,14.978764,0.9983576,3.2481935,0.5017612,10.562875,5.3635306,1273.6328
628,7.2834873,0.38657558,0.18476225,1.4270853,0.121845305,24.951841,26.461515,0.9947721,3.298996,0.5768181,11.2869835,4.9578414,383.59665
629,7.0215907,0.6975166,0.34773594,3.3613908,0.072854586,8.18181,53.66183,0.99770707,3.2161825,0.64411676,10.735541,5.124213,647.5767
630,8.243764,0.53740495,0.40619364,2.9693305,0.12012948,25.782934,28.100422,0.9952726,3.1880467,0.6237459,11.505771,5.268441,384.55847
631,9.041473,0.55159396,0.07236011,1.3182762,0.12446823,18.917389,76.617744,0.997999,3.3385248,0.8214114,9.578226,4.986557,1141.1378
632,6.5657983,0.3533906,0.4588356,3.78302,0.06596632,23.57716,13.932999,0.99775505,3.186422,0.5188327,9.371329,6.4564247,781.64386
633,7.7736044,0.3626953,0.43685353,3.7277298,0.10481563,23.20317,28.78042,0.99859226,3.4515805,0.5167266,9.443276,5.6398644,1249.8593
634,7.5755258,0.35808533,0.42959017,3.2624953,0.12769483,6.0200186,13.948574,0.9977355,3.344829,0.49522045,11.371848,6.459204,1222.0658
635,9.949656,0.59556204,0.36143297,1.219669,0.11915984,6.184409,76.754234,0.99483174,3.2832909,0.683897,11.511819,4.841076,427.02304
636,7.3763685,0.38644955,0.37802762,2.6477861,0.10760743,25.655075,68.43494,0.99855036,3.46612,0.71285295,9.384533,5.6134224,1184.9243
637,6.599604,0.35692298,0.44472465,3.7688048,0.12875548,22.910677,14.142254,0.99848956,3.315728,0.4955189,9.542366,6.427885,1268.0348
638,9.742289,0.55574036,0.1632627,2.564144,0.090752676,6.8957996,74.96138,0.9983464,3.4646688,0.8149357,9.43568,4.95994,762.7394
639,7.337107,0.43107316,0.4368224,2.8042712,0.12511776,21.01051,20.270452,0.994935,3.415629,0.6222705,10.778875,6.147725,405.31268
640,8.386072,0.5446124,0.18924385,2.4598315,0.12968072,25.607857,43.292206,0.9969925,3.1941042,0.72328603,10.893045,5.1002336,1050.3273
641,6.763599,0.44222856,0.45870882,3.814494,0.120441794,24.642906,25.926064,0.99853945,3.4175718,0.5003695,10.804193,6.0629787,1236.3617
642,8.7065525,0.3814505,0.42188334,3.5037243,0.10183843,25.667057,15.939148,0.99798787,3.4649448,0.79409045,9.882356,6.1941366,474.3578
643,7.7527747,0.35572422,0.45856774,2.1133616,0.1273897,6.30927,16.432856,0.9974458,3.4516237,0.5002681,11.240146,5.6087184,1193.5795
644,6.7208686,0.35881206,0.45895937,3.7480626,0.09463426,24.603828,14.502985,0.99849176,3.3617203,0.5123005,9.651177,6.424418,1250.2426
645,7.1722813,0.36843032,0.45992276,3.6651943,0.0929853,22.798119,13.936516,0.9951169,3.2852807,0.49244455,11.114577,6.343081,498.84534
646,6.7132545,0.37675992,0.4581194,1.3206519,0.09717968,7.258725,47.788826,0.9976023,3.429129,0.6820259,10.35997,5.000981,444.8003
647,7.39559,0.35257182,0.4429744,1.2775233,0.13031939,5.476796,18.509096,0.9953004,3.4616287,0.50182897,11.26182,6.437307,1187.8374
648,6.7146163,0.6508092,0.45570928,2.577763,0.095939,11.797526,29.045229,0.9948052,3.2208633,0.55620074,11.385688,4.890054,446.73297
649,9.856491,0.6072255,0.14788829,1.2190195,0.07494301,5.7071505,65.56828,0.9957916,3.4512365,0.7066567,11.011692,5.0501485,422.1991
650,7.2741857,0.45877808,0.44629362,2.756336,0.12358956,19.941723,17.362352,0.9948999,3.207667,0.5527577,10.232301,6.17964,389.9298
651,8.0149,0.35209066,0.4596128,3.7960718,0.12295769,5.5221224,15.485531,0.9984774,3.4669068,0.49118042,9.374446,6.4744763,1237.4808
652,6.5776525,0.359761,0.46015233,3.4540782,0.08507631,24.1333,13.942524,0.99854344,3.4553797,0.49213904,11.178382,6.4702616,1242.8876
653,6.72862,0.630181,0.45856392,3.8074887,0.05160485,13.957108,28.992514,0.9985534,3.3357081,0.4960659,9.968724,6.0832486,1260.8815
654,6.703728,0.3533557,0.45990142,3.7053106,0.04744964,5.6586227,13.929043,0.9985552,3.4426296,0.4918025,10.616497,6.4414163,1279.6895
655,8.217155,0.3640631,0.13364752,3.3800433,0.05885715,11.306584,63.825752,0.99853575,3.4543557,0.8110332,9.369409,5.526749,1017.9758
656,9.407484,0.56936884,0.20595151,1.3392732,0.0862988,23.854626,77.21954,0.99511755,3.188511,0.73481,11.423793,4.847652,634.4031
657,8.663504,0.69221956,0.37667856,3.26185,0.06717455,24.421326,72.53894,0.99698055,3.3978546,0.7725289,11.270517,4.8730183,448.6252
658,6.689479,0.64672226,0.3206983,2.4709601,0.1205497,24.805094,73.64178,0.99532616,3.3939633,0.7526686,9.749316,5.303135,908.51855
659,7.899557,0.356185,0.44706625,2.819877,0.13179833,25.434395,20.403622,0.99514425,3.2647195,0.65542585,10.178533,5.9337134,370.69632
660,9.879891,0.523463,0.19265065,2.9180694,0.060815036,23.767279,77.730194,0.99857867,3.4658675,0.8208851,9.722355,4.8506737,988.745
661,6.6396894,0.6585157,0.45905253,2.2118146,0.076303884,9.071212,15.228289,0.99666214,3.1766737,0.54477996,10.734648,6.068964,1213.0546
662,7.541502,0.6843444,0.0882705,1.273403,0.12508993,20.906282,77.32381,0.9980681,3.4614975,0.8199605,9.414703,4.8521123,834.4985
663,8.979823,0.37212816,0.2957569,1.4089898,0.071225636,21.669497,62.43712,0.997571,3.225427,0.8095898,9.818688,4.8900275,1189.1411
664,6.975414,0.39270604,0.4377928,3.6449883,0.093632996,15.555699,14.626617,0.9985735,3.4081285,0.58631355,9.667813,6.3873196,1266.9248
665,6.676973,0.53601503,0.35190284,3.7783687,0.050066613,18.249445,55.1265,0.99855024,3.4450703,0.52733475,9.494709,5.1333823,1264.14
666,9.403816,0.41291443,0.3747955,1.4705222,0.10154377,24.88161,63.63629,0.9965483,3.2530541,0.6252969,11.26276,5.3195214,1013.56036
667,6.7644877,0.365721,0.4351265,3.1518927,0.09019882,25.821812,14.201939,0.9985581,3.354788,0.58920133,9.715225,5.2260275,1276.552
668,9.528163,0.62909424,0.22521698,1.3268758,0.086119205,21.958046,71.63344,0.9948501,3.2054458,0.75513226,11.504365,4.8391905,646.49786
669,6.589714,0.35296506,0.46022576,2.0146165,0.12074216,6.6596413,14.145763,0.9978262,3.4119709,0.539189,10.364938,6.2803907,1243.2412
670,7.824577,0.43736514,0.33747557,1.8334359,0.12690148,6.058647,26.53334,0.9957485,3.4598472,0.6032892,10.546614,6.144135,677.70355
671,8.947433,0.48745945,0.3535047,2.5518718,0.113991946,19.444433,65.67568,0.99597394,3.450157,0.6420187,9.781759,4.966865,515.75415
672,7.794046,0.44869858,0.3307731,3.5896435,0.10727731,15.930398,56.684467,0.9977076,3.3914475,0.604224,10.947393,5.969749,827.7327
673,8.090079,0.4126344,0.16481091,3.8167088,0.047146164,7.338175,77.72462,0.99859565,3.4670427,0.81004703,9.366223,5.2818685,1270.3486
674,6.9231377,0.35209715,0.4513164,3.5682666,0.13133962,25.91558,29.084553,0.9977436,3.4342449,0.6104372,9.405234,5.5003185,833.17737
675,7.514621,0.6370696,0.4555894,2.6994836,0.11337952,21.364708,17.429699,0.9968318,3.2571242,0.5327214,11.460409,5.307002,1104.9303
676,6.751416,0.35410765,0.28868285,2.099108,0.121906124,23.247396,19.839458,0.99783885,3.4612458,0.65723324,9.442148,6.242815,1243.3943
677,6.78763,0.52605677,0.4417939,2.2256942,0.10649578,18.936518,74.00428,0.9981474,3.170672,0.5990599,9.610202,5.0208673,1257.7788
678,7.9164433,0.39376217,0.19349103,2.9736142,0.11124911,24.68241,54.955494,0.9957185,3.2147887,0.63440186,9.992482,5.3913565,736.0312
679,6.8464456,0.5371943,0.2508279,1.3436816,0.12891316,17.592041,22.758774,0.99482465,3.1680818,0.6357234,11.082141,5.279309,870.305
680,7.8479958,0.36863858,0.45752814,1.4971153,0.07379475,5.9987497,20.230623,0.99587405,3.4060597,0.50822943,10.603281,5.55492,670.20654
681,8.37412,0.36430305,0.37886843,1.295574,0.12352559,5.923292,72.97944,0.9972837,3.460826,0.56270814,10.79035,5.06486,973.11835
682,9.425389,0.6971134,0.24569802,1.3033013,0.0434637,25.61443,70.5384,0.99498856,3.2237494,0.7698391,10.772764,4.8393655,450.79263
683,7.392395,0.35314056,0.45834595,3.7724063,0.046958044,5.7205305,14.027912,0.99821013,3.4484541,0.52003384,9.399772,6.086938,1275.7234
684,9.807558,0.673938,0.12109293,1.3032453,0.08424733,25.705069,75.472824,0.99484825,3.3255985,0.8144463,11.499205,4.839602,972.9829
685,8.2443,0.6523152,0.3052831,1.4402435,0.11765102,24.333023,45.976906,0.9948694,3.1729567,0.66603404,11.492502,4.993548,679.0325
686,8.766278,0.5126439,0.37169978,2.2424483,0.1117748,25.11394,43.256023,0.9966641,3.2101195,0.65823746,10.977312,4.8684506,859.85706
687,9.325866,0.6660227,0.16033137,1.6966162,0.116893,10.145509,77.6136,0.9959293,3.203763,0.7345053,11.065669,5.2633886,563.68286
688,8.173211,0.40872276,0.31078437,1.2884475,0.121060535,25.670874,70.50423,0.9974056,3.4209428,0.68684554,11.21479,5.100309,1230.6566
689,7.009342,0.4725825,0.44349498,3.263379,0.11681961,6.090863,75.840485,0.9983612,3.4663641,0.701062,10.834213,5.3956695,1234.0273
690,6.7865176,0.47976542,0.45792073,3.8055801,0.13108414,6.272954,13.942804,0.9984321,3.4604957,0.4948905,10.813424,6.46718,1202.7186
691,8.009499,0.3605216,0.4215252,1.5450104,0.13092491,7.543767,21.344107,0.9948161,3.4052184,0.58024484,10.288703,5.3109117,354.72723
692,8.536644,0.35293975,0.45877016,3.448968,0.11981954,6.9716377,14.21842,0.99853027,3.466504,0.49508658,9.503704,6.4496036,1247.2432
693,6.7684174,0.3524247,0.4533914,3.5737512,0.08251524,6.7038565,17.503382,0.99858993,3.4667306,0.6786813,9.368713,6.294622,1275.6669
694,6.734345,0.6971327,0.44602048,3.7553535,0.076637104,22.424614,18.501575,0.99533296,3.2004435,0.54067737,11.2329035,5.560709,1248.137
695,8.229756,0.70833594,0.15606564,1.4977227,0.040112164,18.539135,77.74009,0.9985853,3.4666955,0.81807464,9.406444,4.8587227,1106.3784
696,8.633455,0.37189102,0.32131812,1.7071618,0.12841369,15.722612,17.523758,0.99491197,3.2106967,0.7237458,11.250285,5.020809,1033.1683
697,6.939773,0.51408553,0.37564018,2.0029094,0.093945205,24.846338,28.560715,0.9962386,3.2264104,0.50412655,11.261985,5.712408,837.2636
698,8.3724,0.58798933,0.43104798,1.8733017,0.112194605,18.428106,62.178417,0.99481374,3.167646,0.6297489,11.463389,4.870901,614.8811
699,6.7618704,0.5021918,0.4474072,1.3643823,0.059070397,23.93363,22.298996,0.9949739,3.2397711,0.6458107,10.495588,5.008735,630.9467
700,6.6653533,0.37576485,0.32951617,3.0934474,0.12979917,10.762315,49.657616,0.99504906,3.4283085,0.80027777,9.648691,5.8839517,416.63205
701,6.866296,0.6368469,0.2022831,2.4237726,0.072273284,8.701592,30.494318,0.9967903,3.459474,0.8016302,9.76242,5.53351,792.95715
702,9.6969795,0.43048888,0.22043169,2.0515676,0.13143675,24.712137,60.498104,0.99569243,3.39436,0.66122925,11.068453,5.0349045,416.19498
703,6.6691875,0.3864695,0.4284122,2.0393012,0.11747637,24.129604,17.30379,0.99772406,3.391091,0.76650417,10.012171,4.9488707,1070.7296
704,9.830758,0.4651786,0.3991029,2.3336356,0.059390787,25.051607,75.39776,0.9981512,3.3461387,0.7353046,10.885038,4.8562503,460.08423
705,7.2739186,0.5521414,0.27872193,1.4292772,0.122893445,21.817387,73.88422,0.9960424,3.2797518,0.65001833,10.882844,4.854469,818.2421
706,6.7068176,0.62126076,0.1253824,1.3519406,0.13025284,5.639779,75.95636,0.99511486,3.4552817,0.77836275,9.428599,5.0853868,545.9103
707,7.0888834,0.4206416,0.45889452,3.8075583,0.092459925,7.926487,25.322092,0.99859446,3.442909,0.56968576,9.805012,6.166316,1279.077
708,6.662259,0.3610342,0.45184362,3.7780447,0.09251707,17.726036,35.17793,0.9984953,3.4423506,0.50362045,10.293175,6.4554563,985.17993
709,7.30571,0.4188891,0.3903009,2.0397875,0.13145423,25.920671,31.378986,0.9950342,3.1627483,0.5838706,11.454091,4.967171,858.53357
710,8.630299,0.6984001,0.079263836,1.5409484,0.109567225,25.782993,77.381035,0.9951386,3.2443244,0.81071717,11.502473,4.842325,1012.05316
711,6.775235,0.35823557,0.45759857,1.9287969,0.13141407,7.487996,16.118965,0.99509144,3.3690228,0.6076622,10.442535,5.739534,654.1457
712,6.6991615,0.38820824,0.39935583,3.5361824,0.1256018,19.441084,14.120579,0.99517137,3.298485,0.5275023,11.035482,6.279973,969.7638
713,6.775957,0.3704505,0.4536022,3.4885654,0.06969346,5.9842873,13.963047,0.99853104,3.4644616,0.5180446,11.259297,6.2885604,1251.2379
714,6.726364,0.36090928,0.460335,3.7988827,0.12844552,25.587418,24.01435,0.99859446,3.4550898,0.5956999,9.436016,6.0049143,1159.8489
715,8.982031,0.48585898,0.36649987,1.882027,0.1284783,18.957228,74.23967,0.99522233,3.452608,0.77325785,11.019426,4.8818817,550.0714
716,6.740396,0.3710677,0.42161056,3.5726252,0.09934107,18.162521,37.533672,0.9985663,3.4664853,0.73101383,9.376586,5.64791,1191.2917
717,6.5895224,0.35290653,0.42995685,1.2385075,0.1307663,24.393656,13.976973,0.99554193,3.3243139,0.52497464,10.406524,6.096912,988.1406
718,9.224258,0.36342654,0.45555592,3.6828542,0.107884735,9.191718,15.018507,0.9982652,3.44474,0.50979394,11.13705,6.313202,1260.3044
719,6.583837,0.57645017,0.4604632,3.8091128,0.09364847,24.742962,15.6454525,0.998344,3.3563075,0.511432,11.447901,5.12071,1237.057
720,8.457247,0.7046732,0.1268525,1.3016454,0.13076669,19.52761,77.73036,0.99524283,3.4451683,0.7909946,11.397347,4.8541875,433.2629
721,9.029657,0.43444523,0.40616402,1.8425329,0.08981646,23.31761,56.20652,0.9970108,3.3530803,0.7553495,9.726527,4.9271393,1103.0503
722,6.716793,0.36087453,0.43732244,1.6073753,0.13177235,23.307858,14.156137,0.994847,3.293248,0.54323757,11.481175,6.006314,388.9526
723,8.317818,0.41496056,0.39858392,2.8704216,0.1307005,24.7344,37.59609,0.99740493,3.3024027,0.5602091,11.158647,5.978187,916.3868
724,7.0585346,0.5113022,0.44515052,3.6555274,0.05511722,14.773562,23.950937,0.9985066,3.460897,0.63845706,9.696017,5.282956,1009.28796
725,9.852869,0.62590945,0.09344058,1.2178135,0.11244779,8.0042515,77.69896,0.9953513,3.2812881,0.81312364,11.009399,4.8424487,1133.24
726,9.2548,0.6878823,0.10586618,2.7155025,0.10535888,25.626507,71.90008,0.9974143,3.3371544,0.6978711,11.029275,4.9489846,537.5322
727,7.0789447,0.4312349,0.4294659,1.545982,0.12614141,23.455769,56.016884,0.9955849,3.168551,0.61480284,10.705068,4.9850636,800.3126
728,6.5730233,0.35403097,0.45971778,3.6744723,0.1267016,19.817177,14.521517,0.9981927,3.406517,0.4974125,9.447405,5.906327,1247.086
729,6.9607286,0.35268444,0.45838606,3.729511,0.120842956,9.916553,13.965483,0.9973497,3.461669,0.5422136,9.468878,6.316004,1200.4392
730,8.035694,0.49545467,0.17391491,1.6483386,0.1182644,8.860636,54.295723,0.9962025,3.2788448,0.6357804,9.772336,5.9345107,962.57104
731,9.161708,0.5429807,0.10708101,1.4096551,0.08534545,7.4184933,77.42989,0.9974262,3.4285533,0.78351855,10.1975975,4.853331,656.70135
732,8.111554,0.7053699,0.17302278,1.6975476,0.05418202,7.856437,31.504858,0.9983734,3.2332938,0.81771094,9.413493,5.7201524,1229.851
733,9.4600725,0.3546415,0.11401422,2.7366114,0.123939276,25.929247,77.188,0.9951437,3.1629376,0.6462175,11.463813,4.8406253,725.0017
734,6.6017084,0.47944576,0.4320577,3.6588445,0.1261617,25.406582,21.288527,0.99807936,3.394362,0.6728593,10.644779,5.0298443,881.81805
735,6.6687093,0.36342418,0.44397554,2.7262766,0.11626158,7.1517067,15.904196,0.99855924,3.4635186,0.5815473,9.415525,5.1543922,1279.2682
736,8.234427,0.4255477,0.2804643,2.4079556,0.12838681,24.274939,76.19582,0.99486923,3.4438057,0.7994396,11.255996,4.8615885,780.71576
737,9.721943,0.64606935,0.07719253,1.2285459,0.11573296,24.45127,77.74146,0.9953199,3.1670017,0.81324,11.24585,4.8394823,1124.5311
738,6.688639,0.45543063,0.36614963,2.395849,0.12493998,10.074292,38.786606,0.9969294,3.3772082,0.64942914,10.672453,5.865918,1192.7216
739,6.628678,0.39018425,0.4603937,1.8493049,0.103374705,10.979203,13.934574,0.9950238,3.22125,0.49168438,11.449356,6.2525034,903.396
740,7.5466485,0.39965716,0.45979485,3.266098,0.07015782,24.494846,13.943325,0.994904,3.1727202,0.63947207,11.512454,5.3590055,397.54224
741,8.585734,0.6718749,0.09696308,1.2297019,0.13299851,25.841387,69.55792,0.99477774,3.381577,0.628019,10.305921,4.9669886,407.03723
742,7.2017703,0.6383333,0.25373808,2.3799736,0.09296836,24.382072,70.58101,0.9954565,3.3067589,0.7196541,11.111632,4.878292,549.05133
743,7.960746,0.7069494,0.41359133,1.8270411,0.08122519,24.385836,76.47902,0.99575174,3.2034693,0.62625813,11.445365,4.87457,709.5905
744,7.987982,0.69636494,0.10317418,2.1767528,0.096892245,9.307627,77.274345,0.99820566,3.235718,0.81841594,11.201278,5.1824284,1178.2349
745,9.579946,0.63254535,0.1984089,2.4756522,0.12425105,22.021946,70.88597,0.99591017,3.3283365,0.67485267,11.408117,5.0870767,629.2181
746,8.527662,0.6934693,0.40748915,1.8664515,0.10380818,24.994654,37.266674,0.99566275,3.1642077,0.5779021,11.496872,4.9179287,733.6064
747,7.8024597,0.691012,0.35844937,1.3278388,0.048005443,13.19934,61.91781,0.9983497,3.4619954,0.6801878,9.493294,5.0855837,1222.7971
748,6.828689,0.43462268,0.40820286,3.4149995,0.07431387,17.021072,39.58276,0.9953493,3.1630461,0.80959,10.678836,4.9174767,1250.0132
749,8.325898,0.51701874,0.08247629,1.435663,0.09903122,5.578248,76.30255,0.9980237,3.456656,0.8200298,9.390693,5.0059013,1169.4087
750,7.2419324,0.62823695,0.38026297,1.4116925,0.114869334,25.101309,66.973206,0.9948944,3.1686888,0.7253484,11.470183,4.9018936,916.93085
751,7.207598,0.43677166,0.43120548,3.573006,0.06703963,23.58348,28.2085,0.9976046,3.3635907,0.5486605,9.905811,5.321234,1195.0728
752,6.8209324,0.507722,0.4377382,3.5938191,0.12708108,25.891378,24.132334,0.9957941,3.1799235,0.6318593,9.470326,5.993314,453.83664
753,7.965815,0.5234857,0.38509354,1.5524014,0.12799604,23.637373,73.51515,0.9968581,3.3701956,0.7522288,9.826691,5.4232173,802.2719
754,8.685542,0.62478864,0.24214011,2.7441483,0.09300502,14.18224,77.58158,0.99671733,3.4438894,0.80871314,10.241955,4.93193,569.02527
755,9.832625,0.65092665,0.20172994,1.7317508,0.0879265,15.869351,74.88257,0.9965322,3.1740046,0.7818075,11.200782,4.8638754,535.57306
756,7.0584393,0.35337007,0.13344179,3.7211251,0.13226224,24.147142,36.166344,0.9985801,3.4519851,0.8092345,9.579548,5.9352303,1088.7063
757,6.98164,0.6580869,0.43825844,1.4831607,0.04409264,19.939217,17.70931,0.99505895,3.1887143,0.6388176,11.175578,4.858413,1229.226
758,6.784201,0.48676068,0.44619787,3.7496252,0.087721445,18.886051,18.102905,0.99856114,3.4623911,0.7058254,9.8095455,5.4887967,1247.9749
759,8.6259365,0.4263588,0.21725698,1.8907942,0.12886457,16.344967,40.457626,0.9973503,3.1893604,0.61009437,10.854315,5.174329,1114.8088
760,8.335359,0.69965684,0.27014363,3.0930727,0.12236088,16.690912,70.62446,0.998291,3.4415224,0.7883205,9.551183,6.01307,1214.5221
761,8.484293,0.47702324,0.42962527,1.3892535,0.11722424,16.789217,14.060896,0.9951624,3.1646717,0.50071335,11.503849,5.5136037,1144.317
762,8.5673065,0.65703213,0.10588521,2.8513095,0.117962755,22.708437,76.33618,0.997322,3.4639654,0.81679046,10.470222,4.887195,479.9228
763,9.543367,0.48420742,0.2521736,2.1470933,0.09556916,12.378315,63.95068,0.99731994,3.466973,0.79385465,9.533365,5.752148,1210.8759
764,9.931699,0.5836755,0.25958905,1.4315778,0.039844874,16.019283,52.164543,0.998084,3.438576,0.8030644,11.276825,4.8579316,818.1334
765,6.6722727,0.4142131,0.44517732,3.2183084,0.11546397,25.549496,15.852133,0.99796695,3.441817,0.52570957,10.6373205,5.4181404,1075.0967
766,9.250147,0.6422116,0.11775327,2.1499407,0.06497467,23.083439,76.01446,0.9976094,3.450318,0.7980274,10.835396,4.864788,362.6747
767,6.716741,0.41777974,0.41931343,2.1403112,0.0923753,19.136814,33.904736,0.99851567,3.4328592,0.66628844,9.604974,6.0742564,1047.4478
768,6.7911315,0.67391837,0.21388957,1.2776899,0.123021826,18.580679,74.257126,0.99560916,3.2834773,0.74246377,11.463033,4.8758297,696.3748
769,7.1227098,0.35276383,0.41712505,3.6937675,0.11891456,22.620045,21.383722,0.9982929,3.4551184,0.5010033,9.474066,6.369421,1182.7848
770,6.660512,0.3588017,0.45013934,3.8108542,0.13257252,21.472818,13.949553,0.9984595,3.4614847,0.55571365,9.368437,6.472242,1000.7743
771,7.671943,0.68828875,0.27272806,1.3329641,0.12470569,25.526583,34.987766,0.9949217,3.161427,0.6688989,11.4637575,4.8390064,671.69464
772,7.8576064,0.42546543,0.43081558,3.7676747,0.09017498,6.9048767,22.78074,0.99857765,3.466804,0.5899956,9.569973,6.389737,1267.5114
773,7.4587007,0.42077693,0.45396584,3.6463928,0.0918663,19.015245,20.621914,0.99610215,3.3185625,0.5290954,11.136783,5.688714,637.8809
774,6.666976,0.4150852,0.45447952,3.8168728,0.10808568,25.510874,14.883413,0.99854875,3.3243744,0.5826039,9.388558,5.42354,1239.4117
775,7.785591,0.48579875,0.15731268,3.0004818,0.12669846,13.08848,75.99685,0.9983133,3.3694754,0.73991674,9.749497,4.9393525,1220.9832
776,6.720359,0.3558428,0.46059012,3.8196537,0.1012247,13.606886,14.067068,0.9985916,3.4628987,0.4951039,9.664885,6.4736915,1262.1692
777,7.3816137,0.4471268,0.45243105,1.4710295,0.096599415,13.8740425,14.135807,0.9962203,3.174666,0.5233217,11.495298,5.459887,1159.9564
778,7.508281,0.4520204,0.4399171,1.7770176,0.13009396,20.33334,22.293608,0.9947775,3.1682591,0.56025845,11.401015,5.103534,398.9931
779,7.0332417,0.36456054,0.44468272,2.446136,0.10023019,5.7731533,14.145096,0.9967745,3.3707151,0.49469203,10.488678,6.2430496,1231.7026
780,7.17822,0.7012277,0.17574096,1.3815538,0.045357842,25.473196,47.563774,0.99827725,3.1690898,0.77732563,10.611934,4.8689194,974.3424
781,6.755782,0.6856799,0.40539193,3.0512035,0.06603795,23.591429,39.857956,0.9975215,3.1691964,0.6310572,11.422882,4.9175267,1218.8759
782,9.116765,0.49431267,0.4394105,1.7712048,0.10059347,25.068207,72.28904,0.99529606,3.2222586,0.7508278,11.390844,4.8786354,405.7094
783,6.8362274,0.37809035,0.31673917,2.5909653,0.09226609,17.192894,43.857903,0.9985813,3.4636052,0.4997749,9.496478,5.0809793,1275.6725
784,6.708521,0.41494372,0.4596769,3.8108034,0.05525859,6.025382,13.941753,0.9985782,3.4005902,0.49373734,9.917953,6.438296,1268.4457
785,6.5732512,0.45232707,0.4598289,2.7445636,0.13169813,5.668704,14.864586,0.9971137,3.3513236,0.49496832,11.232393,6.416366,1196.7599
786,9.94185,0.5637191,0.16954078,1.9935768,0.055982303,5.4804993,77.20388,0.99837846,3.4668336,0.80352426,9.797273,6.128505,984.5353
787,8.484466,0.36777952,0.4488358,1.537189,0.07939903,12.940007,63.440704,0.99829274,3.4569323,0.6394024,9.830447,4.976445,1230.6257
788,6.670931,0.35716215,0.43257436,2.2663875,0.12994671,10.535917,14.291258,0.9966862,3.3947773,0.49689513,10.701769,6.2686343,1168.3187
789,7.9942913,0.6451581,0.25881967,2.9569688,0.09588539,25.570536,14.874994,0.99495786,3.161523,0.50481606,11.512813,5.2853656,958.13983
790,9.820863,0.5988007,0.29187495,1.2160302,0.13124903,16.574604,77.17289,0.9948346,3.1890764,0.65485924,11.496646,4.8663654,1124.518
791,7.264748,0.37132737,0.45331183,2.5477426,0.11558499,25.611858,32.300465,0.9948676,3.180362,0.5236653,11.418128,5.211894,374.67017
792,9.826743,0.7091452,0.076453134,1.3376864,0.07714918,15.42184,77.70715,0.9973485,3.1912644,0.81568724,11.397792,4.861836,809.0897
793,6.5858254,0.55624455,0.45135137,3.3627226,0.13097157,24.722952,14.834768,0.9971665,3.2075002,0.50685626,11.427221,5.922276,953.45337
794,6.623511,0.5775098,0.45470086,3.7362602,0.12548524,23.153055,17.14127,0.995853,3.4422479,0.7528103,9.401882,5.8068337,946.19867
795,6.9850545,0.704699,0.24712676,3.2096567,0.058399074,15.432408,51.739883,0.99606156,3.3232374,0.7605526,11.094708,4.9625874,955.167
796,6.6471343,0.3852372,0.4149083,3.5262988,0.11699448,18.046026,21.638891,0.99817055,3.2506845,0.64157224,9.794607,5.99761,1102.6051
797,7.675931,0.5358427,0.2963835,1.2458072,0.1323155,25.301708,23.877224,0.9948897,3.175002,0.7002534,11.311221,4.9613595,682.1799
798,6.607041,0.35833973,0.43899348,1.6551875,0.13297081,25.093456,20.95203,0.9959469,3.2361975,0.53347504,9.729585,5.210015,526.08246
799,6.573092,0.39819288,0.44693935,2.1009042,0.10907363,15.173332,15.41556,0.9985701,3.299493,0.62592244,9.714108,5.6979027,1252.2917
800,6.571138,0.3520991,0.46036085,3.7995265,0.117819816,9.669226,13.954199,0.9985951,3.4661567,0.4919332,9.365263,6.4576297,1266.6649
801,8.252177,0.6537244,0.3538467,3.4790702,0.077243425,22.883612,61.11936,0.9962952,3.1924772,0.6452254,11.327745,4.881495,766.41486
802,6.6289587,0.6338663,0.45743147,3.8013146,0.06908592,11.721983,50.718494,0.9985923,3.2444468,0.5630448,10.776068,5.8887706,1275.8308
803,6.6083293,0.38650256,0.43928164,2.7903094,0.090327226,25.566696,14.118698,0.99772346,3.2073565,0.49522278,9.782968,6.0399265,1232.8866
804,6.5954823,0.5078061,0.4262417,1.8705246,0.1202229,21.205774,22.545824,0.99514115,3.2457366,0.6022033,11.455766,5.2242193,854.10706
805,6.972096,0.47273082,0.26673788,2.880711,0.12741531,25.882315,48.15637,0.9973856,3.2095106,0.74465746,9.450078,4.864457,781.42084
806,6.9556885,0.64081806,0.44445267,3.124868,0.10478724,21.510483,37.458282,0.99576086,3.2016504,0.5664019,11.370561,5.0394115,1014.11926
807,8.045016,0.495162,0.17707923,2.012547,0.13318159,24.081175,25.65459,0.99754,3.3398075,0.7480645,11.331689,5.713149,848.01807
808,7.9216685,0.693188,0.44045025,2.5657587,0.08307209,25.1127,65.84333,0.9980764,3.257722,0.6399604,11.466382,4.878457,621.40985
809,6.5692363,0.3774014,0.42737558,3.6337001,0.11424126,23.005905,16.609146,0.9984826,3.4571135,0.54985887,9.468569,6.1515994,1093.6223
810,8.720681,0.692237,0.44190487,2.5278525,0.03965396,20.036034,67.86993,0.9985906,3.3631961,0.7197682,9.668524,5.28239,1275.3564
811,6.989212,0.7083319,0.362651,3.1250575,0.060977016,14.175722,14.369991,0.99845886,3.3170967,0.5074091,11.140421,6.071247,1165.4397
812,6.753852,0.396629,0.45128143,3.6111772,0.100243196,25.625782,17.25271,0.998469,3.163484,0.5159314,10.681683,5.27334,1235.181
813,6.564237,0.3949042,0.45299998,3.0377955,0.07012006,5.668887,14.765329,0.9985794,3.421441,0.54664195,10.109031,6.2093925,1276.2927
814,9.75332,0.42042702,0.3273632,2.4150906,0.08726924,24.914053,66.04456,0.99666315,3.2859125,0.7156254,10.837261,5.1172137,791.0648
815,7.581661,0.6869024,0.3791669,1.2491822,0.09854748,25.2508,67.987,0.99513716,3.183677,0.7578375,10.416613,5.072318,538.65784
816,6.864342,0.6470082,0.45707685,1.6348823,0.07500934,20.33886,34.66244,0.9950153,3.1770227,0.5267853,11.48925,4.9988647,1092.923
817,6.9603634,0.4756445,0.3757151,3.7224522,0.06395383,24.581116,15.074516,0.9950611,3.1940536,0.5127087,11.430064,5.342353,371.57257
818,7.3841796,0.38040644,0.43948036,1.7005707,0.119968265,10.450983,52.700294,0.99625164,3.2902834,0.59507304,11.35133,5.0450697,463.70624
819,6.5748577,0.36009076,0.4577072,3.8237944,0.06439843,9.050285,15.086615,0.99859464,3.4666924,0.54925615,9.42711,6.389858,1277.3868
820,7.6428237,0.35228005,0.45941746,1.2141095,0.13365357,8.286004,14.241995,0.99490106,3.2992086,0.4905665,11.500956,6.324307,1117.4984
821,6.639334,0.6415489,0.45699802,3.4216068,0.1241801,24.007734,14.576448,0.9959639,3.1929998,0.50370777,11.26016,6.139652,1023.50604
822,7.485774,0.3663703,0.45477626,3.34173,0.13239285,23.434572,14.202164,0.9950055,3.4295,0.50647753,11.4217005,6.4277616,1156.9578
823,6.575715,0.57297087,0.45292622,3.7805731,0.10805663,25.854172,49.464565,0.9968042,3.254165,0.7909362,9.418641,4.94156,922.77484
824,6.6116,0.4594597,0.29924196,1.7822844,0.13002487,23.388063,26.054857,0.99596816,3.3898292,0.73386484,10.785036,4.9977455,916.04346
825,6.7426457,0.5848383,0.3469271,2.5246391,0.11465749,14.239293,52.918667,0.99691796,3.2710888,0.68279064,10.829548,5.067276,774.3596
826,6.959378,0.6730269,0.19727868,2.078485,0.053262368,25.188864,59.57452,0.9978784,3.1666484,0.70301,9.879127,4.8986998,566.4355
827,6.9005036,0.40733016,0.13750495,3.722736,0.11165563,21.790209,42.362324,0.99775326,3.4264731,0.7067456,9.401659,5.0389047,632.1595
828,7.0379767,0.47776115,0.25196755,3.6987991,0.1075757,20.48975,42.87738,0.99626666,3.1625693,0.55906445,11.331513,4.948543,1200.7197
829,8.247908,0.69968367,0.26928282,1.7060668,0.11197388,21.628267,49.38864,0.9970052,3.3199847,0.6355186,11.500307,4.9159374,647.4377
830,6.581545,0.5192558,0.44192335,1.7458225,0.12498728,24.832516,69.97849,0.9951924,3.2950408,0.6996947,10.631379,5.047491,842.42365
831,8.599376,0.654267,0.11628875,3.5473745,0.10961668,17.29854,77.71217,0.9981904,3.4370224,0.8206176,9.5225525,4.843971,1070.5554
832,6.589959,0.3642001,0.45195642,3.3437896,0.116647094,17.589231,17.68246,0.9969732,3.441231,0.5950435,11.165264,5.425451,1163.9908
833,6.5796165,0.46047768,0.3789104,2.3331773,0.12879403,25.907179,15.785152,0.998469,3.2238832,0.53586644,9.46694,6.0433207,1278.567
834,7.335307,0.47888324,0.4356249,3.363253,0.09635952,7.610094,31.286737,0.99752027,3.3967068,0.5208593,11.50794,5.5414276,470.8067
835,8.070244,0.68850714,0.07145637,1.259886,0.124054804,25.813213,77.74913,0.99665254,3.325873,0.81980485,10.095622,4.886366,641.2633
836,9.8845625,0.5904465,0.09434356,1.2153376,0.092303954,25.122807,74.14728,0.9949152,3.195115,0.7373701,11.306014,4.861954,447.29205
837,9.598855,0.6207693,0.23499067,2.3925755,0.0888395,25.308268,77.698044,0.9980476,3.445954,0.8019561,10.310175,4.859103,836.4563
838,7.3494625,0.6486645,0.37000886,2.3552785,0.10309985,13.2246275,51.53938,0.9964511,3.1959302,0.65593344,11.277305,5.0506268,470.67758
839,6.7073584,0.39889526,0.44119948,3.815885,0.08615874,18.454433,13.994217,0.9984329,3.2677963,0.5038756,9.628634,6.0640745,1264.5516
840,7.561118,0.427592,0.45607975,1.4658434,0.10788919,8.383923,17.641212,0.99481976,3.28264,0.5006523,11.181843,6.0116243,946.7891
841,6.7535515,0.40264484,0.45600533,3.2297177,0.13159664,21.65012,15.189198,0.9985838,3.406671,0.49184278,9.558977,6.4296236,1270.867
842,8.359777,0.54369366,0.42397785,1.4284024,0.0834556,9.643523,44.559513,0.9948508,3.1632664,0.6557147,11.460322,4.8790603,510.18408
843,9.644749,0.7074934,0.19499038,1.2871385,0.05916538,16.051601,49.339195,0.99477774,3.2055767,0.55935305,11.498537,4.8572125,1067.0687
844,9.775273,0.579714,0.29218477,2.6835775,0.06344623,22.143787,73.93855,0.99784946,3.443808,0.69234747,9.425638,4.8573556,381.7738
845,9.865027,0.6674375,0.079617366,1.4654425,0.08871038,7.9225845,72.39648,0.9953964,3.304709,0.8160872,11.485879,4.8490596,990.19666
846,6.6843915,0.460196,0.42148185,2.4385045,0.12599309,13.310231,55.747646,0.9962278,3.4207437,0.7110376,11.172395,5.108574,745.7696
847,7.4850545,0.68122333,0.38263926,2.1949456,0.12224432,8.789743,54.675568,0.9973716,3.4113462,0.7762859,9.985831,5.3005586,859.77716
848,7.084922,0.387452,0.41483635,3.1545272,0.104112685,8.026584,26.166168,0.9972551,3.3595197,0.5219016,10.7631445,6.353425,570.1589
849,6.5793257,0.3777992,0.45424962,2.460159,0.1164129,22.941143,15.541407,0.99819773,3.1680827,0.55833316,9.404329,4.9855256,1279.608
850,6.710239,0.35634664,0.4461621,1.5689454,0.13053009,25.63339,18.495157,0.9953516,3.2441676,0.5115657,10.517238,5.6076427,909.12317
851,7.891757,0.69865555,0.07993364,2.7508516,0.07434241,25.054255,77.7221,0.9984405,3.4553304,0.82088315,9.486675,4.8370314,1260.2559
852,6.711971,0.6086198,0.45602426,2.7726758,0.11223301,16.736403,17.388815,0.9957063,3.1962454,0.501326,11.487508,5.6068006,967.03345
853,6.578542,0.39243457,0.4596214,3.4188237,0.11437869,22.685215,14.006336,0.9966878,3.2013974,0.504395,11.052585,5.657931,1180.6003
854,8.544729,0.6972195,0.089561686,2.093797,0.09308757,25.126549,76.95292,0.99855626,3.4467795,0.7343316,10.370304,5.011801,424.62473
855,6.8590326,0.3521258,0.4165393,2.8944244,0.13329376,24.884483,14.640177,0.9949304,3.395081,0.49543568,10.751643,6.377555,898.4045
856,6.6519957,0.4627842,0.4574204,3.7545152,0.085559465,19.739386,13.943573,0.9966147,3.4479687,0.49154517,11.249989,6.325516,1273.3922
857,6.675608,0.5642468,0.4557284,3.6482117,0.1310387,25.777136,14.605005,0.9965105,3.1642177,0.49064675,11.0808325,6.3129334,1268.1433
858,6.5884786,0.3953829,0.43926838,3.010985,0.11445304,15.605767,44.109653,0.99693656,3.2714875,0.5872036,10.628734,4.987834,1202.1317
859,8.580594,0.6915741,0.34932747,2.9892883,0.053663682,11.060207,17.256237,0.99842983,3.2713037,0.5081951,11.4864025,5.462755,1277.8784
860,8.254944,0.47200528,0.41773042,2.8247333,0.068843216,7.5477314,20.329624,0.9985068,3.435747,0.5676187,10.85968,5.9054294,1276.6316
861,7.28237,0.45619467,0.2807301,3.6365929,0.1075787,25.896744,74.85616,0.9977494,3.3052034,0.5955845,9.807808,5.7782655,468.21088
862,9.161648,0.5632248,0.37636355,1.4277861,0.09370077,20.26793,68.48619,0.9961456,3.3922381,0.6398368,11.49668,4.858104,1081.4053
863,8.668318,0.6015884,0.2185141,1.4687812,0.1320287,8.119639,20.531384,0.99511516,3.399358,0.595364,11.268941,6.057846,773.48895
864,8.560861,0.69360936,0.43214396,2.5986688,0.04424701,6.3913813,14.497618,0.9965177,3.1683333,0.522719,10.379164,5.8805985,1097.799
865,7.430127,0.35974136,0.45511383,2.3512983,0.11797475,6.542078,30.014793,0.99692893,3.4000976,0.518649,9.542342,5.8284855,1255.9272
866,7.745873,0.41060367,0.45939764,1.9544295,0.09249618,25.914202,14.087484,0.9947903,3.1675317,0.50161296,11.512806,5.3889513,580.12756
867,9.729048,0.6958235,0.16115469,1.578041,0.06765461,25.689028,53.83685,0.9971922,3.2076545,0.8102667,11.40924,4.9707513,717.86224
868,6.5733695,0.36583367,0.4599416,3.7510993,0.06269959,7.527319,16.028141,0.9985495,3.4649773,0.7735275,9.37305,6.0713425,1247.9253
869,8.86755,0.4713069,0.25390938,1.8347236,0.115152575,5.605139,71.099045,0.9969718,3.4412332,0.66745085,9.752752,5.3574114,511.47482
870,8.45271,0.6776586,0.45025346,2.7721164,0.09496053,20.217321,62.301773,0.99810445,3.1637332,0.59521353,11.268625,5.0310664,1248.0574
871,8.116832,0.60283303,0.38554192,3.5605626,0.09899235,23.896324,77.10175,0.998535,3.4602551,0.81006837,9.561771,5.0694036,1040.8591
872,8.568645,0.36649695,0.4506369,3.3212638,0.048335478,24.565815,56.129498,0.9985942,3.2041867,0.5168719,10.0227785,5.5131154,1250.4774
873,9.89941,0.61890686,0.42680317,1.317207,0.12937723,20.319998,73.47655,0.9949069,3.1751895,0.52126515,11.349109,5.103507,670.11896
874,6.6783743,0.5473501,0.2914566,1.5883222,0.075480886,5.685364,26.140697,0.9950856,3.3463805,0.66789776,9.618572,4.9925556,376.35794
875,8.662243,0.41554874,0.42223367,3.1690028,0.11820527,20.39521,14.854017,0.9977529,3.2331567,0.5101626,10.911733,6.415369,1097.2773
876,7.0518246,0.6264675,0.37607753,3.0398884,0.12564117,13.286641,72.86947,0.99546695,3.4602237,0.6730189,9.931347,5.211419,448.54553
877,7.2813983,0.5027464,0.45791808,3.754955,0.04245258,7.630764,14.437792,0.9985734,3.4618418,0.49403548,10.378308,6.408203,1279.2896
878,7.6424165,0.3927524,0.36092746,1.718495,0.12997966,25.908218,65.1656,0.99545294,3.430929,0.7515812,10.373896,5.00941,558.4406
879,6.6710434,0.5800157,0.39381146,1.6775454,0.13077666,25.896563,15.5211525,0.9961355,3.1784446,0.5716424,11.453144,5.170371,508.08997
880,7.4071755,0.5000313,0.44577935,3.449511,0.084856726,23.25538,16.345127,0.9982877,3.453062,0.5482783,11.340232,5.8953867,1229.6547
881,9.143852,0.6601737,0.09047812,2.5251138,0.1105496,25.859821,77.68376,0.99825364,3.3277693,0.81643474,11.403992,4.83782,692.32074
882,7.675997,0.6395286,0.42206964,2.0501494,0.106857605,25.879475,61.028473,0.995866,3.2055187,0.62629807,11.390544,4.8406606,755.31555
883,6.5937905,0.4692609,0.45560703,2.1650224,0.115642965,11.2514715,15.298155,0.99859333,3.4668148,0.539757,10.497456,6.4551215,1268.5896
884,6.7996187,0.6582929,0.27638835,2.0547845,0.07131732,13.280745,21.083197,0.9984001,3.3764908,0.6511411,10.61028,5.071401,1110.2068
885,8.021461,0.3583011,0.39401084,3.590031,0.12656383,8.8112335,14.271837,0.9959222,3.4465232,0.50969875,11.337626,6.2371755,991.415
886,7.018222,0.5557805,0.36220652,3.6099305,0.091389626,17.29405,51.950947,0.99751496,3.4249942,0.7880257,9.492786,5.295713,667.5359
887,6.6449924,0.3556236,0.41488466,3.6584857,0.12698646,6.542577,16.8308,0.9982236,3.4669309,0.7650669,9.370599,6.4272346,1171.2946
888,8.729691,0.4354668,0.21000737,2.7319908,0.086398914,22.335377,77.6598,0.9984405,3.415052,0.8206969,10.059896,4.8458815,1183.0245
889,8.519486,0.5182943,0.35474685,3.4621027,0.12556584,6.7828646,73.893616,0.9983005,3.4668899,0.6508668,10.850861,5.5756454,904.0445
890,6.8916793,0.67595977,0.427155,3.7529256,0.079953454,24.285044,15.515972,0.99604887,3.165667,0.5209589,11.402508,5.222598,899.22455
891,6.5802417,0.35690993,0.4571939,3.8169868,0.10652072,14.259379,13.933708,0.99847484,3.4115515,0.50127286,9.4468,6.4538255,1259.6621
892,7.536714,0.54218656,0.45743585,2.5061827,0.08288041,8.160718,16.23201,0.99853945,3.4535635,0.58461106,9.694623,5.4349585,1273.1683
893,8.259826,0.39277485,0.39123768,1.5394529,0.1324889,13.084894,18.072084,0.99485266,3.4025123,0.5273497,11.424104,5.8436847,815.0223
894,6.687102,0.37298334,0.26130733,1.6065809,0.1304504,8.1267395,70.955925,0.9983719,3.4546595,0.6848446,9.397973,5.3834004,1241.3119
895,8.131505,0.5328227,0.45941523,3.2164392,0.052079797,25.695078,55.454956,0.9983921,3.1758876,0.5249203,10.786587,4.963506,1279.4775
896,6.715313,0.38368422,0.3366918,2.3706088,0.118195266,16.690195,15.6784115,0.99544483,3.4263475,0.77290004,9.393751,6.212216,444.3388
897,7.609422,0.6387131,0.41295195,1.7789482,0.088787176,17.421804,46.157047,0.9958155,3.2257707,0.6632671,10.644471,4.875504,978.8758
898,6.8855424,0.42283693,0.41529524,3.3832865,0.11565392,7.7151523,17.07747,0.99612373,3.288501,0.7077329,9.632642,6.3687925,798.7924
899,8.29058,0.50087255,0.4346489,3.688153,0.05979032,25.76522,76.134285,0.99792206,3.3577156,0.77599096,11.402392,4.850691,901.1474
900,7.392663,0.49999186,0.36641815,1.2493207,0.10043396,20.976114,19.374144,0.99489826,3.1715882,0.55974513,11.435194,4.981793,1020.4969
901,7.391107,0.38219503,0.40728515,3.787983,0.067470856,23.684671,20.087193,0.99755144,3.2333217,0.7999351,9.3857975,5.416879,1088.0009
902,8.496825,0.38367176,0.44752058,2.7837567,0.12924775,9.434649,15.746853,0.99509764,3.4575589,0.5093891,11.460467,6.21027,814.94147
903,7.9427967,0.36763838,0.44226724,1.4930167,0.069239445,5.4759035,14.610582,0.99797523,3.4637177,0.5056821,11.478746,6.3149557,1276.2811
904,6.793359,0.697721,0.43873814,3.060983,0.08063292,22.42507,59.4317,0.99843097,3.1896,0.69133157,10.694779,5.0651875,1115.9761
905,9.825078,0.70339,0.0792356,2.5375173,0.10921764,25.216661,77.72675,0.99595076,3.1675096,0.82090896,11.51279,4.8512964,629.4081
906,7.353348,0.43519548,0.3160044,1.601712,0.12861544,24.760292,77.43413,0.9967016,3.4167902,0.79066503,10.354733,4.943933,1269.5764
907,6.6730256,0.46579638,0.33160692,1.2263163,0.12051901,15.402987,42.972927,0.9947913,3.1964886,0.55723846,11.321943,4.946075,499.6251
908,8.474029,0.3531288,0.40995124,1.2304655,0.12839378,23.513926,46.913246,0.99557024,3.3981972,0.7773551,10.37238,4.910569,893.7066
909,7.2786784,0.35365793,0.4586844,3.2383661,0.1164002,19.61739,13.973206,0.9982585,3.4263315,0.52834934,11.218798,6.470493,730.604
910,8.253688,0.38668418,0.45909914,3.4100738,0.096786976,21.939486,18.40453,0.99855894,3.4599922,0.6370939,10.2429,5.7447786,1117.2042
911,7.434708,0.3879155,0.28378367,1.7007188,0.12999873,21.269516,52.820595,0.9961229,3.3374736,0.7403704,10.102726,5.248516,779.86597
912,7.2674913,0.35219607,0.4575756,3.8211029,0.12265389,13.308757,14.709909,0.99859494,3.464555,0.4926627,9.646226,6.474714,1277.7068
913,6.684832,0.37512472,0.45973432,2.22813,0.09461743,8.527271,13.9631,0.99600583,3.2455213,0.49567375,9.615896,6.4040136,1136.4427
914,9.907266,0.39521107,0.33636427,1.5255543,0.1200196,12.978448,60.991146,0.9961321,3.3640003,0.6301725,10.75541,5.414101,825.52936
915,6.595029,0.37138185,0.45924878,3.7044039,0.047446914,6.2244835,21.752522,0.99859214,3.4645877,0.49779359,9.416306,6.2538223,1278.1277
916,9.589679,0.5203108,0.41463107,1.4827905,0.119359516,7.2592964,40.538548,0.9953199,3.3559284,0.5586834,11.258343,4.9886694,1097.3107
917,6.6251707,0.35246283,0.45915878,3.7107625,0.07780772,25.613333,14.522184,0.99858445,3.4592657,0.497898,9.380796,5.8797407,1279.3265
918,6.6412373,0.36335957,0.30513903,3.758623,0.085804716,5.8505516,25.729013,0.9985931,3.4665518,0.81290776,9.365023,6.383158,1225.3243
919,6.625306,0.36869574,0.46051297,3.809856,0.118658744,9.848438,14.339819,0.99858296,3.4242811,0.5028012,9.877083,6.3959723,1242.9547
920,7.5992994,0.44618854,0.13434035,2.9046059,0.12658738,25.578917,77.41555,0.9985249,3.3961086,0.7879133,9.371739,5.1583066,1267.1641
921,8.933379,0.42913234,0.3853848,3.4556844,0.050257068,12.220388,19.563389,0.9984295,3.4093294,0.6175875,9.513102,5.8230834,1196.3846
922,9.77313,0.50858873,0.4416411,3.640463,0.107632525,22.680084,73.2976,0.99845314,3.4262486,0.61588424,9.868387,4.988936,661.3601
923,7.2498846,0.53829,0.32359177,3.75463,0.05445869,11.051356,33.72344,0.99822825,3.4538205,0.71044064,9.603619,5.522737,498.30484
924,8.381231,0.38051838,0.44223294,3.8220139,0.11391822,23.87731,76.40433,0.9985936,3.4640417,0.6799082,9.393762,5.107721,1257.8096
925,6.6456695,0.47327688,0.45691338,3.4345424,0.11247478,5.850997,74.97504,0.9985171,3.4665637,0.7705629,9.988938,5.14813,1145.4598
926,6.752132,0.47933483,0.45517498,3.139948,0.12069225,11.015265,14.660822,0.99558234,3.1976767,0.5136683,9.942671,5.6922865,528.60187
927,6.64942,0.36442426,0.43294054,3.131031,0.11694296,8.757709,13.956099,0.99496454,3.1671176,0.49316478,10.828969,5.9520297,811.60187
928,6.57266,0.48993027,0.44744614,1.4303733,0.13051112,25.505058,50.128277,0.99558383,3.3351836,0.6922426,9.96959,4.8775434,978.41455
929,7.925818,0.3535591,0.453814,1.7260478,0.121291965,25.91891,41.17321,0.9948882,3.1798065,0.53068185,11.343019,5.24013,447.29477
930,8.3719,0.36287364,0.22640644,3.393801,0.13246349,6.093995,44.02476,0.9974417,3.3551624,0.56337416,9.82904,5.9274592,812.6562
931,8.100957,0.6670309,0.2257026,1.2387131,0.1327237,19.692038,33.5009,0.9950423,3.2278683,0.60571724,10.99526,6.1368504,1051.2867
932,9.082226,0.4319158,0.45923313,3.4846876,0.089702345,11.46243,27.195915,0.9983545,3.4386415,0.49229366,11.4669285,5.842292,1128.748
933,9.430646,0.60221547,0.07457456,1.2299765,0.12494137,25.213497,76.195595,0.99491507,3.4293725,0.8133925,11.389158,4.864362,421.3818
934,6.576793,0.35896587,0.46002656,3.7205024,0.102455445,5.655079,13.946848,0.998551,3.4585845,0.49035504,9.537938,6.45574,1278.6085
935,9.101812,0.44683805,0.42654258,1.2195641,0.121801816,12.174223,48.112556,0.9949047,3.4305391,0.5329945,10.9888525,5.1014996,1026.3792
936,7.278657,0.70117944,0.101862386,1.6481347,0.10670082,12.116539,47.220703,0.9949201,3.3489246,0.79472554,10.595627,4.9266286,858.74866
937,7.336115,0.50042105,0.1531779,2.5804086,0.1273961,23.802814,53.718346,0.99554753,3.2087996,0.80904883,10.414699,5.0987787,890.4887
938,6.6113043,0.38710085,0.43254483,3.7152183,0.11826679,18.71705,14.72155,0.99835443,3.4531262,0.5836658,10.276684,6.3891454,1153.1356
939,9.855691,0.69287574,0.3022344,1.2256483,0.12524103,25.897556,73.94475,0.9949793,3.1931703,0.69421405,11.485015,4.856774,909.0772
940,9.500517,0.59268206,0.15449266,3.346302,0.042229395,22.531174,74.68751,0.99849164,3.4062154,0.68055356,9.943195,4.8821454,1276.0364
941,9.849061,0.5668896,0.35056347,1.5381663,0.0461631,25.900888,73.87606,0.99698275,3.2227623,0.8004291,11.339493,4.8371425,429.2
942,6.564682,0.4605883,0.45859876,1.5839019,0.07389424,13.668142,13.929319,0.9960898,3.1689947,0.5029893,9.9928255,5.8999944,1264.2437
943,9.291359,0.68777514,0.2428245,1.228754,0.0637979,22.035637,51.22134,0.9980149,3.3564646,0.8009605,9.503469,4.8909073,1153.4508
944,6.982544,0.5274613,0.42223412,1.4321543,0.12251943,17.088024,14.689783,0.99480337,3.3156111,0.52423936,11.477617,5.9576383,442.30643
945,9.120991,0.69992167,0.076333195,1.4792086,0.118935645,22.221458,77.69685,0.99763495,3.460824,0.81624764,9.859602,4.9157557,554.6589
946,6.651385,0.5325987,0.34482434,3.635445,0.12005853,13.22339,22.41748,0.9982054,3.420837,0.7185049,10.580858,5.7293167,641.96466
947,8.210322,0.695238,0.27314383,1.5165068,0.09261447,25.08099,77.680214,0.9948055,3.1798077,0.79643935,11.497104,4.8372064,635.8436
948,9.907002,0.7070691,0.262817,1.7662129,0.07970743,12.333803,75.26962,0.99479246,3.1670604,0.6978171,11.481327,4.845153,577.8211
949,6.7215257,0.36400858,0.35287496,3.495622,0.13227376,25.183647,56.32012,0.9979604,3.465238,0.6793426,9.925419,5.0791287,1112.8284
950,9.445655,0.3983351,0.2263504,3.347375,0.13208978,22.186613,65.59144,0.9984766,3.4572804,0.5557491,11.042529,5.136262,1133.0898
951,6.643905,0.6326113,0.4541199,2.5679305,0.039152104,5.498824,53.770172,0.99859595,3.467037,0.8130566,9.369338,5.728529,1269.5319
952,9.465012,0.70763916,0.09085901,1.4410076,0.11039861,23.872496,77.49552,0.99677366,3.221418,0.81572264,11.431691,4.87171,1136.9005
953,6.572932,0.35952586,0.45486376,3.6859877,0.100646295,8.341511,18.56384,0.9984347,3.458714,0.7522868,9.376528,5.1026745,1208.3591
954,8.460398,0.57924384,0.42714098,3.6948242,0.12266246,15.242229,28.876507,0.99855053,3.4644825,0.73713344,10.715191,6.4520493,1100.2045
955,6.6003036,0.43070883,0.4543228,1.9537473,0.13099031,24.260384,14.167229,0.9951801,3.2366006,0.5286684,11.459056,4.9348073,537.1566
956,6.9004207,0.5454053,0.4429694,3.823986,0.06992641,25.577883,72.69863,0.99859595,3.466092,0.62594193,9.456698,5.921693,1214.9333
957,9.594772,0.44266978,0.07976806,1.3346525,0.13153528,24.087572,77.505615,0.997706,3.4495835,0.8186531,9.552207,4.9505324,1160.1958
958,6.6927423,0.38666278,0.4440935,1.6240013,0.111467384,6.128521,15.735884,0.99835473,3.4451456,0.51030374,10.900824,5.965822,1274.9103
959,9.673227,0.6663664,0.19544047,1.3188345,0.054854322,25.144804,73.5084,0.9951605,3.2997856,0.80480546,11.325106,4.838425,873.9026
960,9.09994,0.40392053,0.41797596,1.2430934,0.11242155,23.757006,38.303158,0.9954573,3.2472699,0.6393952,9.999785,4.884587,1245.3091
961,6.7378054,0.3797874,0.14065458,1.6287003,0.11651684,8.549663,20.680134,0.99782926,3.425052,0.7908907,9.602359,5.6656857,1244.1635
962,7.636048,0.612003,0.45456538,1.355578,0.07353545,6.7678385,34.88274,0.9974984,3.2213793,0.77325463,11.411655,4.8896313,1019.24225
963,7.533091,0.48620987,0.11481479,2.772565,0.13130526,17.890444,77.32398,0.99598426,3.4031553,0.8011324,9.3987255,4.843672,1037.7172
964,8.036285,0.35888126,0.37872732,2.4556398,0.11668974,17.272661,22.738756,0.9975984,3.4533067,0.6131037,9.501447,5.9610877,634.7059
965,6.7740703,0.70065665,0.3506985,3.3748405,0.12026565,25.182621,16.722958,0.9983029,3.1848688,0.5405068,10.134063,5.378725,659.17786
966,6.679858,0.37755236,0.39934605,3.789901,0.1266973,12.044509,30.423788,0.99856716,3.459977,0.58712035,9.7829685,6.4341464,738.45807
967,8.848493,0.57107586,0.27680737,3.691575,0.07323731,9.532044,24.561012,0.9965138,3.4230402,0.7643373,11.440646,5.330649,664.7393
968,8.215406,0.3686409,0.28583568,3.3318465,0.1308027,15.394734,28.104185,0.99567616,3.221768,0.56026983,10.660312,4.9564734,724.3622
969,7.1502886,0.5066454,0.44444236,3.8093956,0.09231631,5.7053986,71.47443,0.99734753,3.268772,0.72637874,11.279606,4.878151,1107.9446
970,7.814877,0.5231975,0.42987862,1.7109594,0.057330012,25.910725,37.259235,0.99699855,3.1674745,0.5460396,11.478915,4.871539,1028.1521
971,6.651884,0.5025746,0.3854596,2.6727889,0.12377312,11.841463,19.21408,0.9959668,3.192716,0.49670243,10.48815,5.8413377,989.43445
972,9.6971655,0.7007277,0.07128857,1.2222391,0.1295498,18.274937,77.50147,0.9947743,3.1725507,0.7472444,10.074462,4.8506746,491.28256
973,9.097267,0.5813201,0.3222155,1.9944017,0.115935475,12.245049,56.018635,0.99785775,3.4505897,0.729927,11.454534,4.994862,978.166
974,6.6885896,0.36437592,0.45985532,3.2569735,0.09684418,15.835041,13.958992,0.99623203,3.2475307,0.49689603,11.098918,6.440706,1134.5781
975,7.8921843,0.5950067,0.42165896,3.541213,0.076435596,8.2887335,42.880394,0.9985578,3.383646,0.74963117,9.998458,5.267747,1115.643
976,6.9053173,0.35260916,0.3437762,3.5012295,0.12324491,8.719897,50.686172,0.9985946,3.4661934,0.77323776,9.365401,6.3860235,1154.9026
977,7.5924253,0.66996485,0.23839249,3.6699233,0.11084449,7.395179,77.68111,0.9985466,3.4665072,0.8152766,10.161587,4.901873,1044.1804
978,8.804519,0.3524948,0.451743,1.2339618,0.12588476,12.260853,22.571325,0.9960601,3.305789,0.65923285,11.170492,6.104556,599.5288
979,8.027502,0.5673066,0.17451482,2.5487032,0.115176365,5.9888897,63.84721,0.99622405,3.4409816,0.5825191,10.854873,5.1673975,876.29694
980,9.952137,0.37001055,0.07950878,1.5461594,0.10021068,21.339314,77.729744,0.9967411,3.4590173,0.81972754,11.107728,4.843449,363.4525
981,6.6685658,0.3523107,0.43891415,3.668897,0.12871295,25.882729,15.243202,0.9985389,3.4394138,0.5703961,9.39653,5.3749003,1263.9077
982,6.690644,0.55967283,0.44587445,3.7860575,0.09984386,20.77344,14.00292,0.99694216,3.4225795,0.49229,10.146339,6.086914,617.1915
983,7.190657,0.5621606,0.125303,1.2159039,0.12659526,7.2376137,73.92727,0.99492055,3.4115682,0.772412,9.626836,4.98177,1131.4484
984,6.7108674,0.35279563,0.46046042,3.51854,0.11233957,24.260532,13.950266,0.9978649,3.3847415,0.49252158,9.847867,6.4682965,928.3486
985,6.5989943,0.35316905,0.458179,3.4495919,0.13176037,9.004745,14.178078,0.99767435,3.3614962,0.49714372,9.8398285,6.46478,1145.0789
986,6.7366433,0.4024583,0.39649838,3.570495,0.1334202,23.709185,15.868137,0.9963908,3.3353953,0.6015932,9.638872,6.0011373,898.88446
987,6.5756516,0.36779296,0.4603784,3.8227262,0.08664137,5.864397,14.625303,0.99859524,3.4630692,0.49035525,9.472983,6.470696,1279.9878
988,8.695205,0.5503256,0.13393767,3.3229673,0.101722054,18.840904,76.44918,0.9977026,3.3091164,0.8085232,11.320183,4.887178,1060.8816
989,7.004315,0.39219984,0.4415384,3.5956476,0.1246405,8.378981,45.991074,0.9985247,3.466286,0.73894954,9.386149,5.6781187,655.4249
990,9.548331,0.6782259,0.40480193,1.2773829,0.12032082,18.535986,70.19196,0.9958297,3.1901836,0.6276042,11.4351425,4.874354,1081.1432
991,6.918711,0.41639844,0.43613303,1.2794337,0.13211417,15.463474,14.406048,0.9949297,3.1724987,0.51862204,11.373793,5.861891,506.27405
992,7.8965425,0.48970565,0.4096279,2.2810192,0.062234093,11.557948,66.70288,0.9985363,3.4661512,0.80131567,9.391226,5.5675125,1171.942
993,8.572907,0.685254,0.10591708,3.2663121,0.08068541,25.90593,73.26323,0.99842376,3.4012399,0.8184761,9.618847,4.845824,1179.3481
994,7.1633573,0.35622257,0.35239083,1.6000353,0.118749335,6.321431,14.016888,0.9970773,3.2125509,0.57471347,9.754955,6.025392,1196.4767
995,8.626109,0.6885295,0.07255544,1.2323998,0.09567377,7.6543894,77.70582,0.9950339,3.4419303,0.8203807,9.459125,4.858427,405.3354
996,6.914108,0.39298707,0.4495461,3.4689481,0.05364512,23.396845,14.315155,0.9984948,3.4113417,0.5309601,9.882027,6.2073746,1230.3461
997,6.607278,0.49541017,0.40577716,1.539028,0.0997652,14.724512,18.655607,0.9953995,3.1652548,0.5366324,10.224639,4.9423847,1064.699
998,8.942924,0.68033266,0.19082846,2.1722972,0.052149765,18.948402,75.79478,0.9984866,3.4598808,0.80015707,10.427949,4.843668,1025.4495
999,6.6354656,0.47635356,0.24048573,3.7988617,0.13177781,11.141095,74.23909,0.99858224,3.4340677,0.6277231,9.521031,4.9499226,1202.4833
1000,6.593504,0.44466293,0.45559868,2.3383553,0.12706777,8.952999,14.3136425,0.99730104,3.3381777,0.49747494,11.141574,6.1595297,1203.9111
1001,6.608119,0.44030613,0.44644776,2.9385536,0.0948158,25.519423,13.931011,0.9958996,3.3208559,0.50409967,11.507888,6.19322,1190.5375
1002,6.638949,0.3583447,0.4599949,3.780603,0.07948193,5.5521708,13.960539,0.9985611,3.463428,0.55318576,9.366505,6.4687653,1265.7001
1003,9.804662,0.49907097,0.43706846,2.5641854,0.049848504,5.826804,39.666798,0.99831843,3.4651606,0.503463,9.908811,5.3150816,1246.34
1004,6.708381,0.69658595,0.30955812,2.8669622,0.119204886,25.027905,26.759796,0.99534523,3.1850927,0.6905125,11.154989,5.2850075,531.6429
1005,6.564555,0.50304407,0.4430768,3.7811308,0.09823965,16.5893,14.37867,0.99846065,3.247404,0.7100201,10.290751,6.35741,1222.5266
1006,7.489284,0.5667849,0.32241055,1.8664714,0.10249558,8.056796,69.30326,0.9951031,3.4384143,0.6982871,10.69661,5.00546,597.8341
1007,7.6090784,0.3690414,0.4559839,2.2651532,0.087300904,5.574813,33.512688,0.99850225,3.463328,0.60526156,10.098673,5.914222,1276.0402
1008,7.270551,0.6774733,0.17171611,3.741588,0.13101438,25.048376,77.18034,0.9985924,3.2425265,0.5960501,9.542146,5.9420815,1244.1794
1009,8.613372,0.38018912,0.1340521,1.2615122,0.12746485,21.547985,72.446884,0.9956689,3.4463553,0.7707575,9.560627,5.013802,491.2
1010,7.146873,0.3917029,0.12778533,3.1254938,0.07314118,8.48588,72.736336,0.99838114,3.4590526,0.7874757,9.476857,4.9135284,581.5113
1011,6.667915,0.43597227,0.45943856,3.823805,0.12521803,25.698626,15.672171,0.99834746,3.2459645,0.6231734,10.36961,6.204927,909.6461
1012,8.189554,0.6042802,0.4478172,1.6490078,0.11361818,19.393528,20.967188,0.9949678,3.2057035,0.5598229,10.9131975,5.6586304,868.656
1013,9.91192,0.64375824,0.23640962,1.8698833,0.11406236,22.180567,76.53028,0.9975316,3.26166,0.6422681,11.411806,4.974654,1161.485
1014,7.2041,0.35248297,0.10220805,1.6682278,0.124864265,7.582798,77.67632,0.9974921,3.207559,0.7816104,9.378538,4.9852347,1265.929
1015,8.176587,0.35254598,0.43119594,1.964269,0.11227023,18.133705,14.68211,0.99751425,3.2565007,0.49527737,9.618939,5.9980903,817.73334
1016,6.5746675,0.35646433,0.3894916,3.6523163,0.13315755,7.377447,21.624775,0.9979079,3.4633076,0.7016833,9.375158,6.160832,1250.6135
1017,9.057367,0.40468618,0.22460005,2.988228,0.12910523,25.07353,59.99689,0.9958567,3.400066,0.7532989,11.058003,4.9616737,453.16296
1018,9.30159,0.44150573,0.4021502,2.3251338,0.120473206,25.923386,65.09028,0.99588317,3.2826712,0.5233531,11.376847,5.1287518,679.4862
1019,8.774943,0.4965336,0.3345637,1.78381,0.12596379,19.306658,51.494076,0.9955165,3.36085,0.7085492,11.417724,5.2015557,518.1878
1020,6.6070247,0.37485737,0.45979998,3.051295,0.1141707,24.854612,14.053778,0.9983851,3.1865134,0.49947414,9.436025,5.2728724,1276.1989
1021,6.5749564,0.36278656,0.35672486,2.8571053,0.13038997,7.7445455,20.773022,0.99840206,3.4614444,0.52134824,9.381686,6.288878,1232.9686
1022,9.49072,0.60218596,0.33832118,3.347088,0.11101213,7.1233425,62.472973,0.9955367,3.340598,0.5655225,10.959874,5.2903786,367.07904
1023,6.8002434,0.36746475,0.3363832,1.4007171,0.12537828,25.85565,37.876423,0.9978668,3.4132047,0.76966214,9.615312,5.0207567,843.42267
1024,6.828107,0.35455102,0.33813486,2.3038738,0.12226209,25.919199,15.258463,0.9985469,3.4519491,0.704768,9.381739,5.8740506,1268.2454
1025,9.606727,0.36625713,0.40132564,3.8208957,0.09304897,5.905408,14.020571,0.9985355,3.4480622,0.49556252,10.425277,6.437277,1268.4341
1026,9.865847,0.43757504,0.4189068,2.4272184,0.06506009,14.6464205,17.17801,0.9951922,3.1798878,0.57195544,11.51172,4.8808894,1103.5858
1027,9.162889,0.35322124,0.15937917,2.0332782,0.104920544,6.362814,16.167944,0.99727166,3.3552396,0.50000644,10.4191065,5.3760724,1266.4375
1028,7.3376036,0.5977971,0.32830882,2.527145,0.0766835,5.8415594,54.74482,0.9976273,3.466791,0.8103066,9.768835,6.4197145,1032.558
1029,6.5829835,0.43011785,0.34532928,1.7040406,0.13088655,25.854147,14.504324,0.9984656,3.1923268,0.74154985,9.4965515,5.576589,1273.9878
1030,6.6071234,0.4588794,0.39791042,1.6781753,0.1287947,12.149397,39.397526,0.99621165,3.2265446,0.64231235,11.070985,5.2792225,954.5824
1031,9.598566,0.3875052,0.109902054,1.5998166,0.13241468,25.861979,64.661644,0.9976088,3.3666995,0.7502232,11.509764,4.8676796,981.0123
1032,8.468218,0.41244453,0.19460389,3.4703526,0.089665234,7.145216,72.12059,0.998389,3.446581,0.7844073,9.508786,5.5537324,1033.6621
1033,8.248397,0.40477785,0.38288555,2.099787,0.13082,6.778964,19.126894,0.99524647,3.3000014,0.5171011,10.993202,5.9470677,1080.8013
1034,6.76908,0.43629065,0.43572193,1.3507384,0.1289608,7.052762,15.152121,0.99485415,3.2132936,0.5319731,11.419084,6.247653,694.6321
1035,7.8529406,0.58424926,0.37344706,2.5783296,0.12308293,14.806141,49.009277,0.995873,3.3621986,0.5688701,11.481997,5.1136713,1221.902
1036,9.324764,0.5128302,0.19122356,1.2899605,0.09295659,6.536565,73.54704,0.997857,3.3675952,0.8085266,9.977739,5.186346,1257.4788
1037,9.736369,0.7049802,0.20958757,3.0223136,0.060467657,23.596582,65.37667,0.99531204,3.187351,0.7393242,11.302362,4.8853703,440.6335
1038,8.82854,0.6552186,0.27838975,1.398314,0.1090777,19.050463,68.19016,0.99482304,3.1666448,0.5213179,11.285822,5.1945443,742.1027
1039,8.977617,0.5470708,0.35317007,3.0439963,0.10339584,22.459084,49.72012,0.9982278,3.2097516,0.79914784,11.462411,4.85551,1069.8829
1040,6.9376116,0.36413485,0.43082124,1.9812797,0.082842,24.476954,20.713388,0.99824333,3.186694,0.57279557,9.978969,5.424891,1216.9917
1041,6.7673674,0.4182527,0.43001884,3.798568,0.0873327,25.911966,19.397373,0.99775684,3.1640773,0.5951741,11.23415,5.144505,985.91876
1042,6.968768,0.6164138,0.42824262,2.2996378,0.09454879,11.696486,21.407848,0.996735,3.2138953,0.5847714,11.148196,5.00834,1260.7184
1043,7.535793,0.6997494,0.45620996,1.3941655,0.11030429,21.806723,14.803751,0.9970745,3.1764286,0.497718,11.505742,5.255696,1279.7263
1044,6.8778815,0.46766058,0.43436873,2.8924549,0.11737027,16.039469,17.043545,0.9984909,3.4511826,0.59661376,10.184545,6.11653,1206.9088
1045,7.034605,0.49042675,0.26353878,2.3408844,0.11095376,7.5489445,43.732162,0.99515736,3.4317997,0.7014067,11.08026,5.7491984,736.59247
1046,7.6650605,0.35619614,0.27331224,3.1369658,0.122143775,17.811054,75.68812,0.9985399,3.4670043,0.78233427,9.365492,5.7630568,806.7481
1047,9.11425,0.68742007,0.32281336,1.5393335,0.09459052,23.0307,19.019215,0.9947738,3.1666255,0.68566334,11.430461,4.850432,432.06494
1048,9.578776,0.49313408,0.26262394,1.2166247,0.12694915,25.778189,76.54373,0.99478996,3.1653125,0.6478873,11.50936,4.8697276,408.59827
1049,6.588291,0.36332864,0.45296386,3.3634443,0.1325764,12.0935335,27.3279,0.9979556,3.4594471,0.56030947,9.523336,5.039831,979.2909
1050,7.9956055,0.6244625,0.25224683,1.5698668,0.12388518,17.849625,71.72919,0.99687964,3.2986312,0.7178537,10.028752,5.071388,417.59418
1051,9.929597,0.6300103,0.0765187,2.5015984,0.048246585,25.414259,77.692764,0.9985047,3.2654738,0.78878844,11.350947,4.8407664,1270.9517
1052,7.9643416,0.5392672,0.3826411,1.2555033,0.11571452,20.713352,72.50434,0.9968371,3.418761,0.6864318,11.325992,4.9031563,1158.5505
1053,8.648303,0.70531756,0.40614575,1.7057565,0.08260927,11.730799,74.49951,0.99858356,3.4512122,0.7974496,10.019992,4.938659,1057.8062
1054,7.6771746,0.6603644,0.0938659,1.397563,0.12450188,18.592602,75.50366,0.99637073,3.2779484,0.8073719,11.319365,4.9053216,410.9759
1055,6.6985035,0.4398286,0.36343703,1.4876068,0.10157379,25.40425,15.658503,0.99587685,3.2357998,0.62248015,10.37856,5.257793,870.32916
1056,9.500979,0.46972027,0.3687957,3.7581887,0.08877079,19.99595,77.44511,0.9983058,3.4367344,0.73692447,10.867301,4.9576435,637.85065
1057,6.665839,0.692663,0.17450003,1.4753935,0.1253819,16.950779,74.875275,0.99834585,3.4598835,0.7116386,9.557973,6.1274385,657.98584
1058,6.5926495,0.35428864,0.4416582,3.4599557,0.13245223,5.4984264,14.801668,0.998562,3.449805,0.50618726,9.650073,6.475414,1230.6838
1059,9.666246,0.67965275,0.10174289,1.6331472,0.050170522,17.720106,77.694176,0.9985535,3.2663429,0.7033204,9.4062805,4.8832674,1272.7521
1060,6.6732063,0.43182385,0.4267506,3.2219486,0.08780841,20.376713,75.44984,0.9985779,3.465136,0.68199414,9.682545,5.16825,1275.3806
1061,9.074833,0.70930946,0.12696066,2.2063737,0.11414624,25.71657,48.26539,0.99477357,3.161639,0.75315243,11.4058485,4.848265,372.2508
1062,9.856364,0.7080023,0.073879346,1.2284864,0.112129584,23.591187,77.51917,0.99520564,3.2020626,0.81398386,11.442838,4.840898,698.25696
1063,7.0444813,0.6558463,0.42920625,3.4208486,0.08092273,24.63966,44.17718,0.9966285,3.388854,0.58082485,11.467171,5.1815977,734.80676
1064,7.625559,0.56369644,0.425063,2.3231869,0.122021325,24.467302,60.664932,0.9970369,3.2458937,0.70691925,11.4748955,5.042479,1195.8922
1065,7.255156,0.70643026,0.32897365,1.8120377,0.112616315,11.700576,29.105854,0.9979976,3.4385889,0.60399574,11.213084,6.3226643,1205.2273
1066,7.67562,0.49432415,0.17057973,1.7062747,0.12798533,25.144646,18.005476,0.99478376,3.165288,0.7026919,11.485511,4.8650494,459.55276
1067,8.255632,0.69889325,0.26552317,1.6668727,0.043511,22.252947,59.366,0.9984285,3.4002113,0.6843912,9.739817,4.962649,815.7626
1068,8.070864,0.65738785,0.44455624,2.2363563,0.09337783,13.972688,21.983416,0.9953915,3.235869,0.5214999,11.430169,6.1907244,795.5277
1069,7.4829187,0.35613358,0.19896911,2.8792303,0.10570046,7.5669203,71.95619,0.9985611,3.4625363,0.7762947,9.366694,5.5238543,1131.1471
1070,9.716016,0.6388182,0.10778992,1.2413324,0.12051478,25.171314,75.27929,0.9959574,3.1911187,0.79916537,11.47411,4.8487678,998.6358
1071,6.6956697,0.4243528,0.44558635,1.5437928,0.12364591,25.56659,63.23192,0.99611807,3.2062643,0.52639896,11.469043,4.861518,1185.3982
1072,9.944732,0.500615,0.07656714,1.3769665,0.1065016,18.620106,77.71894,0.9980662,3.4661984,0.8191738,9.417732,4.8473697,761.02136
1073,6.573105,0.3528641,0.45790106,3.7976782,0.12651375,21.950415,13.955509,0.99858797,3.415343,0.6469176,9.365094,6.3777876,1279.8336
1074,6.7251306,0.5625725,0.43436518,2.8745332,0.11675739,7.6074715,24.666182,0.99734354,3.4534116,0.60779697,9.525015,5.2043195,992.14545
1075,8.088339,0.6804666,0.42740196,1.8437515,0.048181802,25.817371,74.700264,0.9985281,3.2610874,0.6845235,11.358265,4.846494,876.858
1076,9.516336,0.42579892,0.20055032,1.3265793,0.09895384,10.748851,74.98704,0.9948213,3.2055268,0.60389537,10.9861355,4.901064,427.57144
1077,6.6134505,0.42393312,0.4601377,3.5483572,0.12319774,25.1796,25.036871,0.99632883,3.1768417,0.53211576,11.49659,6.0272717,872.7902
1078,6.6909237,0.58436656,0.25584128,1.9355366,0.122382246,16.722723,57.53061,0.99499446,3.2066207,0.6116889,11.504137,4.995243,816.97266
1079,9.081375,0.6515225,0.4449917,1.2490176,0.12031373,8.502642,51.36691,0.99495065,3.177254,0.571217,10.428168,5.0911927,582.7741
1080,6.851328,0.36677432,0.18749261,1.8415984,0.13352102,22.66855,22.306211,0.996544,3.4584126,0.7697543,9.513773,5.799517,683.78424
1081,7.0608687,0.4624679,0.38192314,3.8193429,0.08587553,5.5937757,76.35228,0.99854374,3.4631643,0.78391385,9.400928,6.055135,688.60693
1082,6.8753195,0.45775396,0.35680106,1.2815825,0.13211931,21.567778,75.15353,0.9962237,3.2647648,0.69088495,11.060271,4.8569307,771.34235
1083,9.200815,0.6888826,0.071143314,1.3276782,0.04692068,25.87145,77.50155,0.9948548,3.1614408,0.6471747,10.168563,4.8635006,656.4237
1084,7.3072357,0.5585906,0.36753684,1.2478268,0.12463575,16.720375,62.373337,0.9954079,3.1717732,0.56902194,11.476669,5.159415,745.0408
1085,7.271914,0.36015114,0.45375556,2.144862,0.096699715,10.185523,14.002829,0.9974942,3.2264652,0.52281123,9.943619,5.1625285,1272.7681
1086,6.8818417,0.5722657,0.14067237,3.2194479,0.109011166,25.815434,74.777145,0.99723667,3.339429,0.7872845,10.544866,4.852063,1018.28217
1087,7.542892,0.35630354,0.45744526,3.4495976,0.12244993,23.28388,13.962881,0.9984796,3.3800316,0.49852178,9.908374,6.414008,1188.599
1088,8.062121,0.35398528,0.4464102,3.0487394,0.1329605,17.414509,16.976055,0.9976554,3.3725252,0.5449604,9.908052,6.4201665,895.7013
1089,6.6235023,0.5321761,0.44589517,2.8344421,0.117174774,25.230185,21.73198,0.99547553,3.3359373,0.7461708,11.056273,4.939288,911.2638
1090,6.790553,0.3538492,0.40861413,3.7066636,0.11710258,6.3378744,26.362072,0.99633974,3.460737,0.7803806,9.400936,6.003995,453.7177
1091,7.222713,0.4619387,0.42774346,3.1115983,0.10110187,23.610302,21.744154,0.9950677,3.1912901,0.5536536,11.079451,5.7085056,370.15308
1092,7.080754,0.35871166,0.4604763,3.40382,0.055834353,9.966166,24.112757,0.99859506,3.4621913,0.49876893,9.617913,5.2100034,1280.1843
1093,9.244175,0.5476604,0.08474958,1.4739335,0.10903999,8.749663,74.465225,0.99764425,3.307474,0.79332083,9.49841,4.9001455,908.3249
1094,6.580646,0.62500215,0.4244224,3.7985344,0.07588297,25.793282,14.34951,0.99857056,3.2518568,0.5007959,9.847305,6.227333,1241.0231
1095,9.91269,0.70672786,0.2690099,1.420499,0.055532675,25.275635,77.7225,0.9951246,3.2128081,0.7995994,11.505742,4.8382096,638.47943
1096,7.342453,0.6413452,0.270295,1.5946034,0.05968622,19.282377,64.95268,0.99644357,3.1747525,0.8108258,10.200024,4.848077,927.46875
1097,6.604807,0.6223453,0.32957426,1.5533422,0.12671532,12.035734,27.834455,0.9947874,3.1723914,0.5169927,10.286309,5.1399612,362.54803
1098,6.649933,0.42397183,0.12679817,1.5514605,0.13093457,19.40563,75.904755,0.9968884,3.3443334,0.8015059,10.003168,4.8742404,937.86127
1099,8.002664,0.4594154,0.44001624,1.821471,0.13203526,22.336916,17.37013,0.9952156,3.352008,0.54097325,11.2699375,6.219957,355.6242
1100,8.279954,0.4958569,0.33911783,1.3757252,0.11786941,11.267398,76.45893,0.99478376,3.24092,0.6561628,11.385392,4.8738656,479.65576
1101,8.731555,0.4287112,0.45003918,3.7233977,0.11165435,10.467453,21.546627,0.9985727,3.4645517,0.49808964,9.52249,6.328258,1254.8668
1102,8.048884,0.359193,0.4549375,1.2679198,0.093462855,5.4814653,13.92951,0.99816614,3.4644308,0.49268925,11.305322,6.450912,1278.528
1103,9.907604,0.47274515,0.2342811,1.2146305,0.13220058,11.706971,66.35692,0.99477166,3.1753042,0.51768553,11.473692,5.118311,368.39752
1104,6.768346,0.37042373,0.30618638,2.840555,0.11518815,5.5636005,35.212353,0.99640137,3.431266,0.7224248,10.424326,5.261017,888.576
1105,8.450259,0.7056079,0.45195574,2.7334473,0.06913803,23.433107,59.490967,0.99483085,3.161756,0.50457054,11.2534895,5.2491093,830.1781
1106,7.542703,0.45480892,0.4428221,3.5430412,0.11793556,20.086485,18.002138,0.9980264,3.4554281,0.5242121,10.071516,6.0671873,1111.7208
1107,6.6708302,0.44779584,0.4530233,3.2451036,0.11921378,17.950993,14.111862,0.9949502,3.1952126,0.5206638,11.097254,5.83904,386.24573
1108,6.793966,0.6835903,0.4543405,2.2201953,0.06223058,16.966333,16.874525,0.99800485,3.1649535,0.74921876,11.4502125,5.2937346,1184.5455
1109,9.86165,0.52382576,0.10109326,1.3573068,0.053105753,23.485006,77.73582,0.99858683,3.466901,0.7731713,9.365672,4.8891196,1168.629
1110,6.755645,0.37937263,0.4097121,1.36072,0.10326085,13.752318,29.733078,0.9952742,3.3536718,0.76777893,10.04929,5.280576,1240.834
1111,6.621222,0.3643469,0.44873825,1.4172332,0.13248612,20.891758,20.773485,0.99528736,3.4406643,0.5414389,10.7205105,5.5894775,852.0425
1112,6.5707793,0.36746308,0.4476479,2.7986605,0.12018531,25.589855,14.0871315,0.99592805,3.3292031,0.62483823,11.458113,5.7350864,1149.238
1113,6.798996,0.35748437,0.45183903,3.7572465,0.12021274,25.223745,14.306229,0.99834573,3.3860052,0.6273164,9.513102,5.3239193,1234.8093
1114,6.726908,0.36375776,0.45937476,3.1451461,0.13092667,6.293519,13.998056,0.9978295,3.46549,0.4973601,9.929512,6.428409,1048.7467
1115,9.915538,0.7013718,0.21780166,1.235512,0.11621713,13.783573,76.746346,0.99504316,3.3946393,0.79988956,11.159214,4.842232,1125.6403
1116,7.7790976,0.38846427,0.4013022,3.1898339,0.120445356,15.015483,34.155754,0.9949048,3.1681097,0.5068534,11.415861,4.87151,1032.5461
1117,6.7645373,0.36935696,0.41872156,3.691242,0.112644464,5.8396263,23.164534,0.99681574,3.317413,0.57159084,9.678676,5.512041,739.2688
1118,8.096568,0.6234542,0.2557937,1.5002991,0.056119647,15.896198,73.70229,0.9951483,3.43422,0.7238877,11.146693,4.84966,577.23474
1119,7.62602,0.4088509,0.3174094,2.30482,0.12938242,21.241127,14.425587,0.9978539,3.4352708,0.49835673,9.8068285,6.383345,1137.0461
1120,7.233097,0.6861086,0.084916234,3.2808857,0.12032188,25.773048,76.325294,0.995561,3.2757838,0.74831593,9.962559,4.878179,676.2367
1121,7.923853,0.35229987,0.4581754,3.8137589,0.08372726,24.740408,13.935974,0.9985959,3.4665992,0.55603534,9.365032,6.460792,1275.4175
1122,9.859192,0.6238351,0.08848445,1.2527627,0.0871374,20.544895,77.41882,0.9947963,3.1700702,0.68078935,11.489959,5.0373764,538.22034
1123,6.6127167,0.50299126,0.37969655,2.8151467,0.09228779,6.7732496,60.163746,0.9981724,3.466214,0.68575007,9.398923,5.751038,1217.8369
1124,6.6560683,0.37335807,0.4568873,3.7765222,0.099422865,5.6386776,14.666262,0.99845815,3.46142,0.50665754,9.5636015,6.3108006,1214.6638
1125,6.953465,0.411888,0.27506396,1.2258863,0.13252594,24.45535,49.37468,0.99710697,3.390379,0.681071,9.524566,4.891388,1241.1847
1126,7.3813376,0.40266818,0.45231628,3.1998978,0.12886529,25.327991,17.289902,0.9956175,3.2657294,0.5347735,11.379941,6.1948895,440.96085
1127,6.7242618,0.37035635,0.4534525,2.620232,0.091677845,21.792212,14.0329,0.99490035,3.3001606,0.5359581,10.823187,6.3133426,630.2393
1128,7.7212596,0.65252084,0.19798496,3.7590456,0.11457329,25.936861,67.04349,0.9985901,3.452392,0.7125669,10.099959,4.8758903,1277.731
1129,7.7119637,0.4358637,0.41649044,2.8404636,0.056544594,15.34426,62.947876,0.99820775,3.432219,0.80541205,9.750362,4.941961,911.06604
1130,6.7604494,0.56044894,0.38992366,1.2567115,0.13157497,21.782598,41.642223,0.9949034,3.2646506,0.7077018,11.271704,5.378095,1010.14886
1131,7.5331163,0.361216,0.3455265,1.5713198,0.12896302,25.83548,66.97767,0.9959865,3.2089732,0.6861215,11.511659,4.9709864,604.52856
1132,7.4280553,0.36462525,0.4230815,2.542774,0.08527625,5.5742264,15.394114,0.99853283,3.4616647,0.6081655,9.375933,6.192803,1133.2723
1133,7.1487446,0.49463663,0.4479187,2.9677117,0.12660456,10.880166,58.078487,0.9985595,3.2501273,0.70420337,10.271762,5.3423085,919.2067
1134,8.936313,0.5050897,0.42837042,3.0653276,0.13066368,25.729155,16.513006,0.9953738,3.3577223,0.51837766,11.130195,5.881492,577.849
1135,7.5611615,0.6781018,0.28689805,3.554713,0.12585893,9.334654,48.854073,0.9949349,3.2256649,0.79043025,10.658432,4.9489136,398.84607
1136,8.32654,0.6216735,0.19393747,1.7269439,0.11743544,15.99847,77.075195,0.99817973,3.244328,0.7744052,10.634761,5.212403,1274.5493
1137,6.9663386,0.49326193,0.4411553,3.1205106,0.09727352,25.349623,74.826126,0.99735004,3.4634721,0.80944204,9.537775,4.939374,1210.5339
1138,6.72249,0.4343678,0.45892158,3.7188635,0.08092067,21.555649,28.688755,0.9985362,3.4198146,0.51350296,9.472233,6.0845675,1246.0085
1139,9.878276,0.37341362,0.32029685,3.1383572,0.11169995,25.905815,55.27833,0.99855053,3.2241352,0.75825536,9.66754,4.9228272,1269.7949
1140,6.8206244,0.41639534,0.45961145,2.4399185,0.10370376,23.530592,24.595234,0.99510413,3.1645648,0.53996074,10.161335,6.033846,669.1972
1141,6.9482164,0.35327563,0.45983154,1.712354,0.12923187,16.106098,13.984316,0.9961452,3.4528677,0.49797466,9.901613,6.386664,901.4775
1142,7.0127773,0.44753602,0.40410754,3.4164817,0.0693831,10.280876,77.10235,0.996947,3.4490223,0.62153995,9.897064,4.961983,1215.486
1143,8.322049,0.6346596,0.17090915,1.4896427,0.11842635,25.708044,53.907738,0.9950579,3.162163,0.51917964,11.509782,5.3538833,1150.6387
1144,9.803172,0.6959015,0.13272156,1.7726933,0.047156535,17.17513,77.51369,0.99485934,3.4120073,0.8035871,9.722633,4.839594,448.8426
1145,8.312674,0.68609273,0.43798783,3.317719,0.08888927,17.39732,21.222317,0.99772507,3.4081686,0.5280012,11.467753,5.5402117,872.6408
1146,6.975115,0.44539467,0.4426982,2.9573216,0.111619376,25.658802,22.834028,0.995028,3.1643631,0.5242769,11.489148,4.8585005,1060.4337
1147,8.034783,0.5439929,0.26112375,3.1444802,0.13255996,25.90685,46.71084,0.99844176,3.3725562,0.7227548,9.684887,6.1070795,1238.032
1148,9.906102,0.6993179,0.08483319,1.5046546,0.12219851,24.956278,77.71158,0.99604964,3.4661,0.8200757,11.177819,4.9257627,544.67
1149,6.5759273,0.36014977,0.42834428,3.5052125,0.10965076,25.0357,15.320633,0.9957736,3.1945393,0.58813554,9.810916,6.322995,996.39545
1150,9.5065155,0.48698983,0.13741654,1.7732183,0.050608184,23.4309,71.8082,0.9985299,3.2473178,0.7286623,9.640096,4.865424,843.88354
1151,7.7038608,0.5988138,0.08078423,1.7042673,0.1290828,15.042968,76.58739,0.9963438,3.4078856,0.7820314,9.900693,6.0933995,706.4209
1152,7.2684226,0.61486554,0.19452935,3.6213405,0.043918297,16.56484,63.899036,0.9985798,3.4403667,0.8180229,9.367258,4.8712435,1272.6595
1153,7.863911,0.43580136,0.40439096,1.4520838,0.12775488,21.55722,26.509283,0.9949493,3.1640913,0.62328714,11.049787,4.984668,793.4796
1154,9.314851,0.69714177,0.29241395,2.5818894,0.04125442,25.629148,75.62648,0.9978827,3.170439,0.6622215,11.354962,4.8385596,1125.9375
1155,6.602677,0.35321203,0.46055347,2.5090253,0.08229762,8.373673,13.9351635,0.99854326,3.4326913,0.4957464,9.617616,6.3970366,1280.1575
1156,8.338264,0.5663456,0.45531678,1.2252692,0.12355225,18.897224,45.184803,0.9947755,3.1748664,0.49955404,11.400681,4.907734,959.4251
1157,6.887529,0.41488835,0.45677358,2.731212,0.10833843,25.491747,13.957024,0.99629337,3.188455,0.5182015,11.442678,5.758542,1196.938
1158,6.943678,0.4774494,0.43585667,3.5713904,0.12561628,17.901476,17.824059,0.995902,3.3732831,0.5410436,9.877017,5.4400034,647.0763
1159,9.028117,0.56775165,0.2944614,1.2251493,0.05055443,6.2948103,64.45847,0.994929,3.1854854,0.68034714,11.5069,4.8610897,804.77435
1160,6.6636963,0.35221627,0.45787162,3.3213108,0.105844565,7.2058496,15.177559,0.9982559,3.4657702,0.506327,9.377197,6.3888645,1081.295
1161,6.6308465,0.40501374,0.46033475,3.7175508,0.09807451,7.186281,14.08942,0.99847585,3.3724718,0.49404064,11.454159,6.4285746,1216.9857
1162,7.4853377,0.3885359,0.4555558,2.570067,0.12209159,22.54195,19.116531,0.9984883,3.4659538,0.55600214,9.391615,5.9059386,863.06616
1163,7.5820775,0.51701546,0.44714764,1.3869543,0.102700695,16.415579,24.564817,0.99564517,3.3272023,0.5668365,10.762859,5.667619,1169.0405
1164,6.7071853,0.5238508,0.42743772,3.3633626,0.06391967,25.006533,64.182106,0.99845463,3.4604006,0.69135445,9.392136,4.9443703,786.6373
1165,8.18389,0.43058074,0.31562176,1.3225554,0.09432587,19.561178,33.84104,0.9948034,3.1792157,0.72303325,11.220626,4.9283834,670.672
1166,6.573299,0.3679542,0.4599407,3.8203037,0.05439167,9.861724,19.74831,0.9985949,3.4658153,0.50178325,9.716972,6.3435855,1278.5822
1167,9.371622,0.519592,0.34266,1.8408958,0.08355131,25.717798,77.57102,0.9953247,3.1645956,0.74965113,11.19466,4.838567,739.0669
1168,9.173811,0.6310434,0.10887191,1.2162961,0.056560177,7.669547,76.78364,0.9949757,3.1638873,0.6582946,11.463818,4.851243,792.5251
1169,9.694173,0.3634446,0.14138897,1.2166508,0.13298942,25.077402,44.883614,0.9947721,3.1639237,0.6250167,11.025255,5.2232165,358.76816
1170,7.3058047,0.36140898,0.3550584,1.858521,0.13105012,24.752235,20.31145,0.99581045,3.3195734,0.7131517,11.102917,5.1830454,799.9382
1171,8.376398,0.37415257,0.273608,2.325597,0.13242783,14.944722,25.68953,0.9947787,3.1669753,0.58994156,11.208357,5.1323266,447.85645
1172,7.7095113,0.5539302,0.2809665,1.7204248,0.05046008,24.104464,77.075,0.99853295,3.3362215,0.7457997,10.141831,4.851877,1198.5919
1173,6.752908,0.3537146,0.45990527,2.7436028,0.11757323,7.2279854,17.297247,0.99529684,3.2554579,0.49274915,11.013952,5.623096,1060.6354
1174,7.059654,0.3548782,0.35989717,1.2291359,0.13206886,21.778688,49.571377,0.9955011,3.3623583,0.5461245,10.556434,5.873473,460.79642
1175,6.6276135,0.47448236,0.26966333,3.0773482,0.09570767,17.843536,25.873732,0.9952251,3.1799834,0.69905454,10.329104,5.0563083,669.4711
1176,9.144383,0.61697274,0.21422933,1.8142414,0.05611718,25.79886,74.64673,0.9947989,3.1618521,0.58798814,11.482086,4.844373,615.91907
1177,8.5533085,0.691679,0.16641036,1.7548745,0.11747756,21.371452,76.96875,0.99714065,3.436546,0.7874732,10.2340765,5.0316467,840.43256
1178,7.03385,0.65332615,0.1355551,2.3687599,0.12694883,25.852936,77.49774,0.99769783,3.3912828,0.81477314,9.813337,4.845565,468.0728
1179,6.7525625,0.35685927,0.4605267,2.6250904,0.12932801,25.917128,14.217976,0.997823,3.2120678,0.4994668,11.486536,6.2799926,1193.6737
1180,7.9027658,0.42669702,0.27716982,1.2179527,0.08221429,14.564318,43.65336,0.9956238,3.3080957,0.79085517,10.970334,4.8771915,1056.4503
1181,8.62229,0.35513207,0.16610585,1.859984,0.13209009,25.537672,32.571125,0.9948597,3.161452,0.521398,11.049742,4.89055,656.28064
1182,7.737877,0.6871469,0.098623276,1.8705686,0.0925565,25.735222,77.717995,0.9950237,3.1640217,0.7678618,11.464666,4.8374367,451.494
1183,6.611513,0.37597138,0.3635153,1.9489226,0.09186009,5.6620016,16.706877,0.9975445,3.3792853,0.62320745,9.551405,5.41663,1115.6907
1184,6.8348618,0.4663426,0.4561625,2.0388465,0.12646605,7.4430532,71.56861,0.99755746,3.4602728,0.5621018,11.422459,6.368019,1235.1748
1185,6.8579154,0.51732457,0.3566368,1.7779777,0.11089717,9.126452,42.02619,0.9969473,3.199317,0.75740135,11.424821,5.0849814,1095.6168
1186,6.643743,0.56872475,0.3608921,1.7890878,0.12442893,25.777075,71.95889,0.99480104,3.2195663,0.74434155,11.340117,4.8448424,393.9452
1187,6.892296,0.4689641,0.4237936,2.055902,0.092169106,25.784168,58.799736,0.99492437,3.1736307,0.6990164,11.414499,4.848739,564.74713
1188,9.689131,0.6022826,0.3405307,3.3967388,0.06740061,25.938656,77.69108,0.9985787,3.4167569,0.8206586,9.537087,4.836828,1270.3119
1189,6.659903,0.36925513,0.45639634,1.4961804,0.116295524,6.9916506,14.492517,0.9979944,3.462749,0.50404185,10.789219,6.050882,1243.1411
1190,6.6245246,0.3620279,0.45076427,3.458924,0.1315028,24.063797,13.96645,0.9949551,3.305009,0.505098,9.79483,6.4168434,699.938
1191,6.644352,0.40672114,0.35338807,2.6197097,0.1313396,9.090025,73.75027,0.996955,3.4611475,0.80086774,9.872093,5.7548923,723.3805
1192,9.23923,0.6999733,0.26616353,3.5443263,0.05616569,20.273806,77.59825,0.99841696,3.378774,0.79672825,11.138674,5.1119657,1128.9667
1193,7.435095,0.6382944,0.17089027,1.7782104,0.1302673,25.162066,37.584785,0.99572146,3.2544637,0.5502493,10.10197,5.890445,739.26105
1194,6.8621187,0.53687024,0.36265358,2.5497384,0.11841407,14.813495,31.185694,0.99513274,3.2631457,0.5431452,10.196023,5.432264,879.3901
1195,6.633215,0.35469025,0.42623755,3.5970483,0.12272452,5.9427156,17.290346,0.99856126,3.4633389,0.54066646,9.366947,6.3043814,1276.117
1196,9.187084,0.6821642,0.08834794,1.7258716,0.12785462,14.349313,77.54114,0.9959244,3.4545903,0.8176505,10.182186,4.967268,786.6113
1197,6.6200943,0.35272813,0.45569062,3.5887046,0.06121532,13.396529,14.701902,0.998596,3.467044,0.5965985,9.365048,6.469112,1280.1849
1198,6.6017656,0.42958465,0.4199758,3.7576911,0.12787826,25.767017,38.951313,0.9960269,3.1941447,0.8063928,11.067181,4.842615,585.5463
1199,6.571759,0.36051407,0.45274672,3.6393638,0.12254503,6.779437,17.546741,0.9985778,3.466108,0.6516515,9.384163,5.830941,1275.1998
1200,9.080987,0.56376123,0.102362424,1.2795981,0.12623306,6.522208,47.222103,0.99549055,3.4239123,0.7762628,9.384019,6.1159587,633.51117
1201,9.676407,0.45320687,0.39960766,1.2372373,0.121740215,24.076536,76.579155,0.9949994,3.3687146,0.77217615,11.218982,4.938752,388.81992
1202,6.6242676,0.39836472,0.4561532,3.7452135,0.048257854,16.727154,14.397345,0.99855757,3.4657261,0.53124344,9.407989,6.2115207,1257.8972
1203,6.803462,0.41376442,0.4507502,3.8112552,0.07567182,5.7458267,41.250397,0.9985944,3.4614127,0.59580225,9.652573,5.383637,1267.2974
1204,7.0706496,0.6348114,0.1254631,1.4930772,0.12876964,25.232609,57.497597,0.99827874,3.393479,0.7315016,11.1105385,5.0332446,1127.5087
1205,7.0045085,0.7044392,0.3377285,1.6868458,0.12966184,25.908451,33.415836,0.99551964,3.1687787,0.60580206,11.358257,5.376903,965.9842
1206,8.265307,0.39819142,0.09472805,1.2223144,0.13159189,24.770018,76.938835,0.9956312,3.338306,0.7897853,10.909278,4.848543,1078.7411
1207,9.927219,0.5362265,0.075048,1.2588102,0.12793234,25.666277,77.33411,0.99557227,3.4516263,0.8168839,10.3909445,4.8451495,1201.3904
1208,7.0445824,0.36361796,0.4023967,1.6632934,0.09988498,10.908066,44.197056,0.99628824,3.3949459,0.7680847,9.900967,5.208598,1069.0415
1209,6.689612,0.3719353,0.42275763,1.6276356,0.12802011,9.795792,22.513943,0.9948045,3.1760452,0.50574857,10.237769,5.2699814,462.9538
1210,8.48905,0.5209072,0.32938313,1.8808061,0.12473692,16.454622,55.312782,0.995119,3.3414087,0.7514486,11.330421,4.9341974,437.12448
1211,9.938561,0.6762739,0.075325325,1.5772804,0.08372621,7.6408806,77.7505,0.998556,3.466987,0.8216699,9.386187,4.8380775,625.1175
1212,7.210482,0.5999548,0.08455208,1.2644485,0.12570214,25.448988,76.709015,0.9959654,3.2302086,0.76362246,11.1165695,4.8466854,1130.9116
1213,6.710694,0.5191711,0.24940628,1.3750511,0.09672341,19.931082,76.07525,0.99511594,3.162873,0.7459155,11.19971,4.840436,1109.0917
1214,8.121303,0.4524454,0.21364316,2.303211,0.101628274,14.760123,77.11927,0.9969697,3.4119883,0.8066748,10.579305,4.8554463,1147.0094
1215,6.602348,0.35823506,0.41390195,1.5707914,0.102060005,6.188774,64.376305,0.99623567,3.4608128,0.63231665,9.693507,5.11364,940.97375
1216,9.0694685,0.41355968,0.2994802,3.763639,0.13293178,13.753534,74.98459,0.99833757,3.4651308,0.8034557,10.825139,4.9487405,404.4627
1217,9.172784,0.6440909,0.19930866,1.751697,0.078079514,7.2164145,47.73399,0.99481994,3.3985384,0.64735025,10.215074,5.3268485,387.3791
1218,7.08341,0.62349296,0.440788,2.4276717,0.11965739,13.608728,14.632738,0.9973836,3.1936038,0.5285677,9.629656,6.442221,1221.5502
1219,6.6033397,0.35520244,0.45207915,3.6267042,0.13328286,23.53603,14.113266,0.99794,3.4250076,0.5789998,9.681562,6.463741,775.8385
1220,8.33428,0.45172447,0.40116248,2.4779525,0.126328,12.565478,77.71885,0.9985617,3.4435592,0.7777309,9.677302,4.990421,1264.9675
1221,7.7779727,0.6524926,0.33662742,1.3380919,0.13041285,24.913435,37.505516,0.99478036,3.1803586,0.66954225,11.502981,4.899052,357.65857
1222,6.61563,0.5333389,0.4531092,3.821453,0.10672671,25.459536,15.494072,0.9984882,3.3796787,0.5301541,9.662683,5.8296995,1028.8469
1223,8.412353,0.6965612,0.26904058,1.6352758,0.12178106,22.423635,75.90841,0.99734515,3.4202483,0.7958632,11.1353035,4.8638186,799.3763
1224,6.5807962,0.36005867,0.4561406,3.7595472,0.06362401,7.2798815,14.347977,0.9982068,3.4475007,0.5445302,9.417238,6.1027255,966.018
1225,7.692037,0.5599179,0.14727679,1.329847,0.12976079,21.356958,76.751976,0.99704415,3.4614992,0.7843051,11.142826,4.9754157,564.87054
1226,7.5127845,0.6733369,0.26398137,2.006272,0.10904571,19.315058,41.988182,0.9971472,3.4495852,0.7478405,10.449147,5.9904575,693.4063
1227,6.983869,0.60871035,0.36383528,2.7675297,0.1267864,9.614687,65.507324,0.99703926,3.4448206,0.5973347,10.645704,4.9707637,695.77594
1228,7.758652,0.37743592,0.42270318,3.7968276,0.1255625,16.786499,74.26172,0.99859554,3.466975,0.73464173,9.370193,5.372204,1276.2391
1229,6.7670536,0.50669354,0.43315718,2.0980356,0.075554974,23.578644,39.861095,0.9956517,3.1676435,0.5204089,11.364547,4.888937,1094.9636
1230,6.905948,0.4560692,0.45689312,1.5702564,0.1267754,24.628939,61.69559,0.99816716,3.3174858,0.6683074,9.518716,5.1597214,747.9258
1231,9.1259365,0.43110022,0.3235234,1.2364825,0.12440698,23.490948,28.435205,0.9947907,3.2192552,0.5916527,11.369049,5.06957,373.50015
1232,8.509999,0.6308115,0.17873625,1.2755803,0.12669535,19.713234,72.04774,0.9948235,3.225399,0.81545335,11.151591,4.8496065,751.8799
1233,8.980306,0.35789084,0.43566635,2.510743,0.124382555,6.6214056,33.25434,0.9954905,3.3607652,0.7043044,10.72462,4.9474955,713.8348
1234,9.583214,0.5987428,0.42168048,1.440571,0.10455114,5.846326,14.543234,0.9969292,3.1626909,0.49513495,11.268416,5.268728,1145.0652
1235,8.064639,0.42930013,0.40724257,1.9803121,0.10309574,24.926132,19.026445,0.9981539,3.373928,0.51918244,11.282713,5.6400576,1269.1641
1236,6.971326,0.4586558,0.4511921,3.6569242,0.08809995,25.077194,20.960258,0.99670017,3.3609312,0.65368575,11.328261,5.0411334,1023.57056
1237,6.7076483,0.4771142,0.24312083,2.5724883,0.093354784,13.775529,77.390396,0.99855053,3.4639342,0.76301545,9.460764,4.877512,1257.2832
1238,6.679565,0.35563624,0.44348237,2.4770658,0.13042085,19.698996,22.68632,0.99532455,3.4392142,0.5335917,10.972247,5.6429734,645.5527
1239,9.6075325,0.7098436,0.21045187,2.400012,0.06216928,11.140423,77.03717,0.99628866,3.24237,0.80417633,11.433002,5.1596336,525.5782
1240,9.945837,0.6333911,0.26994452,1.2555345,0.11396017,7.484316,73.79385,0.9948587,3.3613164,0.79077613,11.440791,4.896207,380.11517
1241,7.288326,0.6144697,0.43292412,3.8023818,0.079344064,25.882532,63.356644,0.9984142,3.345215,0.6058536,11.312505,4.868401,1193.4305
1242,7.243232,0.60889626,0.34356567,3.2906613,0.07027689,10.047689,70.89892,0.9974539,3.1798978,0.58161134,10.390074,5.152326,1200.1746
1243,6.7799816,0.6418829,0.35282466,3.7836504,0.1061145,18.864931,16.077805,0.99853104,3.2207048,0.7040451,10.205663,5.0099406,1141.6881
1244,6.739761,0.43524683,0.11688508,2.989162,0.120148145,21.019003,53.118393,0.99855894,3.3765438,0.80822736,9.442138,5.784005,1269.053
1245,6.6207814,0.36229682,0.4184956,1.3505467,0.118724406,25.510862,16.493511,0.99528134,3.227988,0.7053471,11.394199,5.076993,855.54755
1246,6.6419697,0.43450764,0.45779687,3.312198,0.059393834,6.3331127,14.226177,0.99540085,3.2262337,0.53229105,9.837826,5.410514,980.92804
1247,8.101146,0.58711576,0.07830711,1.3783431,0.063990586,12.768785,41.96097,0.9985273,3.3471532,0.8167381,9.381847,4.9849577,1165.7837
1248,7.9737253,0.45282596,0.4390363,3.811452,0.06593446,25.67676,42.669216,0.99859124,3.461052,0.5895753,9.502945,5.35565,1202.7659
1249,9.306189,0.58940333,0.40755293,2.6712577,0.06566857,25.597788,71.761765,0.9968799,3.3890254,0.7055814,11.471299,4.893347,896.8886
1250,9.91135,0.6998985,0.097700596,1.3093166,0.12736867,24.497576,77.43761,0.99643767,3.4502244,0.790575,10.52314,5.677844,499.3427
1251,9.3759165,0.65835303,0.25123385,3.7268314,0.11804968,25.761301,74.75087,0.99492985,3.1865814,0.74156964,11.366182,4.8543315,678.95844
1252,6.8755302,0.53937036,0.30324954,3.7990828,0.10936898,25.930742,54.892178,0.99855214,3.24844,0.5254502,10.666595,4.9487386,1096.462
1253,9.5649605,0.7041382,0.35112223,1.7472639,0.06779071,5.7627783,23.75643,0.99487215,3.3290586,0.6399618,11.486693,4.9748354,1185.8271
1254,7.096775,0.46953347,0.14273015,2.6494105,0.12794685,8.20484,70.57824,0.99551785,3.2725878,0.8025506,10.759919,5.2811775,392.45593
1255,6.9451284,0.36657855,0.4015134,2.9667265,0.13024642,20.791115,74.934845,0.9971843,3.4298098,0.67526233,9.479778,5.540114,933.98627
1256,7.5388756,0.3812289,0.45600665,3.5912118,0.08338007,25.921417,15.278242,0.9966275,3.1615136,0.49118778,11.468603,5.354926,918.2078
1257,9.952003,0.6389075,0.12096949,1.2468996,0.08521286,14.692406,77.74136,0.9977743,3.4665825,0.8205156,9.398752,4.8436446,388.9214
1258,6.730655,0.3961013,0.41175738,1.7644973,0.12998126,21.998415,20.841307,0.99490833,3.1969702,0.67694277,11.102913,5.0230784,384.9978
1259,6.5661893,0.3545741,0.4603642,3.3034875,0.12810676,24.783398,13.985798,0.9964785,3.17237,0.48978692,10.586043,6.453473,1260.358
1260,6.587778,0.3673057,0.45791337,3.295229,0.10387816,15.2106905,13.964788,0.9952905,3.4579914,0.6566074,9.410459,6.192692,666.64417
1261,7.7739224,0.38739237,0.3736612,3.3319814,0.11858143,22.987673,61.999268,0.99858063,3.4620817,0.543752,9.570839,5.0138893,1268.9744
1262,6.7038565,0.35271046,0.45409817,3.759391,0.12867811,24.419888,18.02712,0.9985658,3.4620547,0.5594975,9.440957,5.785339,1277.1147
1263,9.324479,0.6679934,0.07430172,1.4767002,0.073575154,18.976017,77.331985,0.9978874,3.407179,0.8084767,9.542462,4.8696322,717.0066
1264,7.6009803,0.35719395,0.44006863,3.006683,0.12923765,14.953055,25.718937,0.9977314,3.4577737,0.6728877,9.759239,6.377278,763.1699
1265,8.604057,0.51569766,0.2165419,3.5852656,0.11570729,18.730288,75.48861,0.9983229,3.4580479,0.7642094,9.732275,5.074182,1101.8934
1266,7.749428,0.67517084,0.14517443,1.225049,0.044433266,13.544944,76.49153,0.99546915,3.2669027,0.7833011,10.647916,4.847868,623.22015
1267,8.21441,0.3667572,0.45416686,2.067704,0.074992396,11.623376,14.718443,0.99690235,3.335894,0.5031475,10.143956,6.223373,1160.9746
1268,9.448487,0.6474367,0.17744711,2.3274221,0.042289425,7.8656535,77.5625,0.99822384,3.4516795,0.7692168,9.490811,4.8498535,1177.8469
1269,7.6978436,0.37986523,0.25673637,1.3686421,0.13208458,7.9383307,77.30031,0.99480927,3.403793,0.5709349,10.952052,4.8550143,427.90433
1270,6.606771,0.62413615,0.40506184,3.6739557,0.12891005,22.394426,41.125206,0.99858207,3.4643795,0.60847425,10.756228,6.3409567,1245.6554
1271,8.23019,0.4271878,0.38247856,2.3724146,0.09838777,9.369061,77.13603,0.99664325,3.465742,0.6124894,11.1802845,5.4252453,1225.3325
1272,9.14535,0.47617093,0.40986753,2.697613,0.12888081,12.270098,43.117252,0.9982188,3.4376209,0.78342587,10.339225,5.5393763,704.4356
1273,9.155008,0.5999858,0.339604,1.5738647,0.06467485,10.501938,71.73171,0.99480796,3.1743946,0.69981015,11.470261,4.845354,489.47437
1274,7.6376925,0.5024176,0.14308742,3.764923,0.121469,25.87083,67.51392,0.9979283,3.459569,0.80874693,9.478065,4.9650145,730.80096
1275,7.115304,0.46847832,0.43343237,3.2715738,0.115010306,21.986612,15.391281,0.99708784,3.301003,0.5175789,10.449648,6.342734,1077.8829
1276,6.999674,0.4043487,0.40748513,3.7493365,0.12260713,25.263466,19.105186,0.9985757,3.4658759,0.5317701,9.405652,6.4663997,450.59555
1277,7.357711,0.6578757,0.4121798,3.2171886,0.055636324,25.818535,59.49893,0.9977647,3.1737952,0.67428476,11.035502,4.8416314,917.7307
1278,9.785198,0.4838319,0.23192576,1.2238348,0.098273344,5.569105,77.22371,0.99667186,3.4541974,0.7318302,9.873114,4.9652557,731.24536
1279,6.716315,0.37663844,0.45887196,3.50988,0.10621607,25.936018,25.462557,0.99850166,3.1669376,0.50775474,9.396219,5.02955,1279.4813
1280,7.301781,0.6668808,0.34459105,3.1478376,0.071003176,17.332546,43.32154,0.9985856,3.4429836,0.6991964,9.421322,5.349494,1151.5674
1281,9.841883,0.66439694,0.45075762,1.2169234,0.08182925,5.579172,25.109585,0.9949715,3.208142,0.6695032,11.446317,4.8947277,1250.1128
1282,6.591589,0.51006764,0.4605224,3.8225298,0.051532056,25.438425,59.42214,0.9985926,3.4655285,0.5256932,9.580112,5.284739,1269.0477
1283,6.5840874,0.51477337,0.37334624,2.140883,0.11066795,24.015717,27.840601,0.9949494,3.180556,0.76061654,11.139837,4.9479733,1069.7457
1284,7.210277,0.40441412,0.19716568,3.0502226,0.12587546,14.12237,55.91265,0.9950892,3.4204845,0.6222638,10.9083805,5.700336,924.78076
1285,9.433581,0.66740346,0.13309824,2.647706,0.13218963,25.779758,54.32125,0.99477625,3.1636765,0.71263707,11.482261,4.8892655,374.96454
1286,6.8623233,0.51818275,0.08668019,3.532916,0.13210544,20.40154,39.05801,0.99819785,3.386734,0.80086803,9.890181,5.0062695,489.7585
1287,9.512577,0.6286611,0.44178122,3.8184977,0.05246879,25.891315,14.340239,0.99748725,3.2391982,0.66982424,11.505798,5.04277,781.26886
1288,7.4322643,0.4085677,0.40771386,2.2038298,0.11233242,9.769096,43.958496,0.9978364,3.4241962,0.7600905,10.082392,5.0863423,979.33026
1289,7.752023,0.4351927,0.44637743,3.7405756,0.051915634,18.517296,19.594538,0.99747497,3.394091,0.5650753,9.484842,5.5473323,1026.8641
1290,6.589645,0.35347462,0.43203205,3.8162668,0.1273892,25.073217,64.88378,0.9984553,3.4580789,0.52165073,9.377495,5.878204,1224.3009
1291,7.4410505,0.6608105,0.45302546,3.6293826,0.081906684,25.541044,35.81233,0.9971657,3.1928272,0.49949425,11.498722,6.14619,514.6116
1292,9.525858,0.7026982,0.22332379,2.093206,0.043314956,23.327993,75.48181,0.998327,3.2417257,0.7826975,9.617699,4.8648314,622.2555
1293,6.823882,0.35373607,0.3961224,3.5024455,0.12994955,18.028496,13.93112,0.998517,3.1830993,0.49596784,10.066524,6.453976,1276.1023
1294,6.786852,0.38334078,0.45861956,3.326657,0.11803957,25.697542,14.219877,0.9960005,3.1791916,0.49123552,11.276538,6.2708764,835.7802
1295,8.843751,0.6708664,0.39032266,3.5837142,0.046179477,24.900856,71.871445,0.99841607,3.2542603,0.6497953,10.965196,5.1163344,952.2778
1296,9.151662,0.6040921,0.16469473,1.3659915,0.07206135,6.1949005,77.577705,0.9949267,3.3145394,0.81542665,11.384805,4.846648,731.17993
1297,6.6203027,0.35829154,0.4585494,2.7622187,0.12608415,21.458366,15.050245,0.9968571,3.3198028,0.49396956,10.43332,6.2891955,1110.5162
1298,6.800602,0.37053385,0.44360515,1.2987143,0.11166334,6.759184,14.822432,0.99604833,3.2665036,0.5103657,11.136115,6.039029,1214.5178
1299,9.545326,0.41830605,0.3246083,3.8082185,0.076848924,7.119932,50.79888,0.99744034,3.358047,0.6755473,10.807275,5.081306,544.72125
1300,9.567179,0.35353303,0.44749168,1.818929,0.12932263,11.933625,16.532373,0.99488705,3.397955,0.49503368,11.475492,5.534033,668.1661
1301,9.650632,0.35737592,0.44545826,1.2164725,0.12631993,24.47465,15.363749,0.9948777,3.370955,0.5104269,10.974696,6.0240464,837.5118
1302,6.7342916,0.35412654,0.4256623,2.7170823,0.09913927,12.8429785,15.610489,0.995385,3.4336495,0.749548,9.3666,5.199639,693.87036
1303,7.066665,0.66682863,0.4253702,3.7240717,0.09282321,23.20462,65.03721,0.99829245,3.4489002,0.5963392,11.409236,5.4418383,1229.896
1304,8.247389,0.39779356,0.31029785,1.9391103,0.103856206,22.588884,50.897263,0.9955458,3.4169497,0.6981603,9.439598,5.0573025,664.55164
1305,7.6011662,0.472355,0.16008674,1.9744772,0.07590762,11.5541,76.122765,0.9978534,3.2671275,0.70945305,10.545666,5.074385,1261.578
1306,9.933965,0.7063778,0.1914845,1.2189282,0.08872676,11.252765,75.80831,0.995135,3.2760797,0.781111,11.482376,4.9043107,538.4656
1307,8.25938,0.48602092,0.4419186,3.5057404,0.06622159,25.221642,69.89093,0.99652797,3.2129586,0.69020146,10.142532,5.1233068,1099.4396
1308,9.531949,0.4394112,0.12843557,1.5149186,0.05007201,5.4937754,77.01842,0.9984203,3.4654613,0.82047343,10.1171,5.1319914,1149.6349
1309,7.237085,0.35209322,0.45637265,3.6600304,0.12538935,19.19446,17.168447,0.99857676,3.4669545,0.65080464,9.408208,6.4206905,1277.8508
1310,7.485541,0.6899623,0.09434244,1.6000774,0.12947974,24.610666,74.78866,0.9966279,3.407104,0.80768883,9.661231,4.871679,456.12466
1311,6.695868,0.37077966,0.3100033,3.7540746,0.124821484,20.824911,75.4017,0.996279,3.4364245,0.78624976,9.440823,4.865677,636.63385
1312,6.8788333,0.36962277,0.43346605,3.769774,0.094257526,24.190334,29.252111,0.9984613,3.4557812,0.6342504,9.375532,5.037079,1204.1555
1313,6.73009,0.3600929,0.46023917,1.5489929,0.110480815,9.72831,14.042719,0.9977567,3.3892562,0.49833202,10.683245,6.4016414,1270.8845
1314,9.744893,0.44191667,0.20342997,3.7162008,0.10326151,25.8802,77.20661,0.9985266,3.4637737,0.82019186,9.517595,4.8427663,541.13586
1315,6.5834064,0.49610034,0.3620456,3.4550195,0.09872732,9.048367,67.21626,0.99818724,3.4662044,0.8184362,9.369909,4.8547196,1199.2253
1316,6.6896834,0.37002847,0.41533044,3.8171937,0.087878376,12.445384,76.97469,0.9985928,3.4666965,0.73790675,9.424259,5.251449,1265.7736
1317,9.684841,0.42263126,0.16856952,1.5638099,0.12848791,24.198034,45.545975,0.99853027,3.4652605,0.7259462,11.044753,5.0841894,983.0865
1318,7.267659,0.36242303,0.37145436,3.644457,0.12640655,16.06517,35.170864,0.9985892,3.4644735,0.6271151,9.374424,6.1707397,1226.2708
1319,6.593514,0.5906006,0.44480604,2.7123744,0.114924274,24.72195,29.394365,0.9973583,3.1996393,0.5920946,10.180524,5.063558,1098.5465
1320,8.357076,0.47139364,0.45082048,3.5754201,0.11104935,25.198767,33.93879,0.99540865,3.2192917,0.532581,11.367146,4.9044046,1242.4473
1321,6.6084995,0.42444438,0.4312963,3.5312352,0.049647506,5.6070375,15.435406,0.9985505,3.4659104,0.5167163,10.067252,6.3397517,1229.0659
1322,8.870508,0.70694476,0.08514893,1.2465976,0.09822295,25.65787,77.36855,0.99491143,3.162176,0.81339115,11.488015,4.837979,1080.7014
1323,7.7414947,0.55988425,0.42942697,3.1895776,0.058291834,8.484825,14.569704,0.99843395,3.4184597,0.57978547,9.701705,6.4658227,1073.8501
1324,8.495664,0.5576164,0.32502514,2.0141633,0.04742977,24.850786,72.85415,0.9984859,3.2490742,0.5900464,9.55672,4.8469553,1240.0173
1325,7.7283916,0.6627456,0.25455114,3.1991258,0.09915367,14.8914585,64.787445,0.9952237,3.2784982,0.81300515,11.198874,4.870724,745.94824
1326,7.0171566,0.35744715,0.44588295,1.9163413,0.109192014,6.4989576,14.726082,0.99481374,3.2709665,0.502802,11.4766,5.969148,642.8602
1327,6.9843016,0.35997877,0.44156602,2.586639,0.13271365,25.62201,34.29821,0.9984609,3.4628427,0.53799224,10.244267,5.192316,1060.2208
1328,6.8347044,0.64352095,0.3396488,1.2303247,0.11356429,25.394402,44.43613,0.9947947,3.1615255,0.5109949,11.511934,4.8783793,1067.5068
1329,8.486011,0.45220324,0.44795293,3.4820325,0.05528242,25.644293,16.031235,0.99828416,3.185245,0.51821023,11.128939,6.108795,1079.4436
1330,8.008382,0.68586016,0.4513831,2.3983734,0.041466802,8.928302,14.116785,0.99595654,3.4000132,0.71069276,11.141068,5.439944,1043.6665
1331,6.5986466,0.4712229,0.4550631,3.803595,0.10003004,25.27634,20.405607,0.9985938,3.1727197,0.51669866,9.612456,5.1237483,1279.0591
1332,7.750505,0.515789,0.27449003,2.1139412,0.10817155,11.93262,55.496124,0.994856,3.1644993,0.6238815,9.624658,4.966059,448.60086
1333,6.7158227,0.56382054,0.38048244,3.5387795,0.043882474,15.668788,44.740005,0.9964499,3.1875532,0.7299341,11.4683275,4.9415617,992.0982
1334,6.570607,0.42170396,0.2289657,3.0973768,0.123332344,19.86151,25.324905,0.99856865,3.4013097,0.6071569,9.38639,5.109029,1276.7151
1335,6.9973135,0.36884862,0.4515302,2.9213579,0.10991749,21.519388,14.746159,0.9960806,3.320743,0.5611674,11.335671,5.1216683,926.0266
1336,6.667932,0.37275285,0.45740598,1.3832848,0.11673502,24.00843,14.228222,0.9949763,3.3313289,0.5515465,9.623213,5.6103563,710.59973
1337,8.005177,0.5432323,0.43524796,3.6349382,0.12822744,19.179293,43.909786,0.9984304,3.4318297,0.5208087,10.8966465,6.4433737,1259.3002
1338,7.470431,0.54390997,0.07274534,1.396413,0.13356887,24.2875,77.13504,0.9977024,3.4482298,0.8084087,10.289865,5.0174065,625.90753
1339,9.789763,0.6758739,0.15957952,1.9510511,0.12096136,23.434772,77.21556,0.99626356,3.4388206,0.8056659,9.847639,4.867158,1233.7275
1340,7.227112,0.38508233,0.41655862,2.1328144,0.12610097,10.6858015,14.05349,0.99513537,3.2160468,0.5158865,10.633459,5.666959,928.3183
1341,6.8218513,0.3532938,0.45966643,3.259772,0.13165839,12.096245,13.9304905,0.9955297,3.4115684,0.490693,10.875477,6.42648,744.9665
1342,8.827681,0.63909423,0.45541495,1.5573715,0.053008206,13.724782,27.043299,0.9948713,3.17044,0.49678302,11.506485,5.021079,769.84564
1343,6.6667933,0.36539945,0.45415884,1.2746065,0.12036493,6.2916384,14.48077,0.9955927,3.4350352,0.50524324,11.343655,5.4702125,857.7609
1344,9.53832,0.62441933,0.42554018,3.3526208,0.0435435,6.650283,14.579906,0.9985318,3.4407828,0.66745716,9.42619,6.2435937,1234.7665
1345,9.301016,0.37236443,0.2504179,1.2827579,0.11119966,10.920065,76.59015,0.99731475,3.46379,0.74455523,9.652345,4.9626994,1105.3821
1346,7.1196146,0.44607922,0.41549984,3.711386,0.122907296,16.462193,49.810055,0.99761385,3.4289412,0.6775549,10.460243,5.759978,701.6854
1347,9.445856,0.6388709,0.45371172,1.3009133,0.081898145,8.666783,64.236824,0.99786603,3.3153791,0.5655287,11.292272,4.856241,1128.7527
1348,8.851199,0.35556996,0.4020703,3.748903,0.095511094,20.132528,35.650387,0.9984647,3.4661343,0.79297394,9.539242,5.2867227,1018.6826
1349,9.927468,0.7009001,0.15994193,2.1963685,0.08058838,25.856457,72.87795,0.9948076,3.2173128,0.66523373,11.377072,4.8398824,479.75858
1350,6.6353507,0.35670033,0.44269407,2.1807516,0.1207341,25.161938,16.139805,0.99812543,3.2922995,0.5910662,9.414434,5.8151464,1153.1735
1351,9.710189,0.36891556,0.168073,1.7173007,0.1251196,12.11334,76.60768,0.99619865,3.4659674,0.57385826,9.585206,5.5856233,735.1539
1352,9.87878,0.57439715,0.07456231,1.2292635,0.12874041,23.288092,77.735855,0.99486554,3.428361,0.80740315,11.238642,4.8409176,533.2177
1353,7.2305,0.5606937,0.12304604,1.2255965,0.12354636,15.275274,73.93405,0.99489796,3.1774418,0.8133282,10.025706,5.0280485,394.62793
1354,9.6655,0.68883336,0.15219419,1.4014707,0.04965742,22.71803,77.4535,0.9962601,3.3646836,0.71257126,11.196535,4.83765,699.8569
1355,6.603176,0.4729095,0.41163468,3.729464,0.08976961,7.7550063,22.883099,0.99830014,3.3875816,0.49531835,10.40241,6.40172,1139.3687
1356,6.767329,0.56950766,0.42080572,3.7470558,0.10037069,24.153822,73.03574,0.998491,3.3912077,0.72728753,9.609088,4.987128,695.8576
1357,6.8878074,0.45255357,0.25203478,2.0508032,0.12716483,24.835083,22.643166,0.996179,3.2429671,0.6905685,11.127245,5.0243015,784.2433
1358,7.342996,0.4923522,0.19467314,2.6758165,0.11847184,24.229053,62.894466,0.9958076,3.2275925,0.7023502,11.317391,4.911317,626.2915
1359,6.6038365,0.5684055,0.4571754,2.667629,0.065085985,25.847115,14.219654,0.9955365,3.1626318,0.51379913,11.510898,4.951497,1106.4187
1360,6.619494,0.3730566,0.46023268,3.8209374,0.084551364,7.6037035,14.034033,0.9985937,3.4667907,0.50154185,9.556748,6.473222,1262.3602
1361,6.7676287,0.43375584,0.43739888,2.6653357,0.123494156,24.366962,15.249529,0.99498355,3.1676304,0.71794754,11.085036,5.7768717,380.82562
1362,8.765266,0.68945646,0.23953368,1.7877187,0.12860334,25.22554,73.76709,0.9949167,3.3573139,0.76970446,11.231014,4.890326,367.18942
1363,9.863827,0.5323601,0.0779096,1.2975436,0.09169037,24.517075,77.55592,0.99740326,3.4613097,0.808279,9.567637,4.8979006,957.19684
1364,6.598478,0.59339017,0.45953262,3.7921586,0.11614208,25.849798,14.191576,0.99649215,3.4332428,0.58094966,11.348584,6.096996,381.28467
1365,7.187825,0.36918986,0.45934844,3.380185,0.09394084,14.949882,14.335159,0.9983805,3.4652593,0.52043027,9.444739,6.328297,695.69525
1366,7.0181637,0.4636113,0.4388725,2.143698,0.117234826,6.1408443,76.09898,0.99610245,3.4539843,0.7109023,11.303443,5.591645,845.1193
1367,7.7025595,0.38668826,0.38649932,3.6556401,0.09160877,5.8883915,77.451904,0.99709785,3.4642708,0.7487436,10.569701,4.894417,946.6876
1368,7.2554564,0.63632756,0.35013232,2.6819072,0.12571874,25.805944,18.694471,0.9982623,3.1724668,0.54899937,10.580201,5.3821864,944.88275
1369,8.318545,0.55343556,0.4315122,2.8842676,0.09037746,24.082275,31.582565,0.998251,3.4542136,0.757973,10.326693,4.900452,1206.3778
1370,6.7512875,0.51156,0.38493302,1.821566,0.12715875,11.188808,65.78133,0.9972167,3.4009018,0.7032082,9.993982,5.1841073,583.0853
1371,6.592508,0.4839825,0.42311424,2.1192498,0.1317781,12.21032,15.139921,0.9984926,3.4612236,0.5058,11.298098,6.453343,1271.2397
1372,6.764536,0.59407115,0.42365593,3.3946114,0.12766989,22.38008,17.537365,0.9948939,3.1695821,0.5559521,11.2718,5.235241,549.41705
1373,8.708172,0.37765747,0.38785312,2.2730901,0.11028016,25.451727,45.595173,0.9969821,3.404567,0.6307937,10.493224,5.1568832,1255.7747
1374,8.492252,0.35241044,0.45522147,2.4668293,0.13029288,24.660389,13.987242,0.99857193,3.466277,0.5038844,9.403596,6.4719596,1251.9668
1375,7.629734,0.54846483,0.27154243,2.8639922,0.13320555,23.98149,53.229843,0.9954688,3.1755648,0.6757418,11.350659,4.900681,1068.6123
1376,6.626237,0.62431747,0.40088427,2.921306,0.13319576,13.0461445,29.157267,0.9985428,3.4132266,0.7065554,9.854503,5.394885,1245.155
1377,6.6341286,0.5834797,0.45613593,1.5387428,0.12483461,25.731192,30.15817,0.9968181,3.1897676,0.53611034,10.787432,5.0428696,1105.2739
1378,7.6104593,0.5822978,0.40941468,3.3563113,0.12521061,25.838179,77.65136,0.9982718,3.3625956,0.8043682,10.461209,4.8392763,1123.7668
1379,9.767861,0.5960723,0.19009593,1.412381,0.07766576,18.166603,76.994965,0.99821126,3.4454699,0.5484898,11.0374775,5.110213,1258.6986
1380,6.9815865,0.3867306,0.369901,3.1671648,0.08757853,6.2885227,35.590973,0.9983607,3.465607,0.61910844,11.313125,6.256076,1063.7626
1381,6.817764,0.5170461,0.4580018,2.7623944,0.120220274,25.298006,13.958206,0.9965373,3.3143253,0.5071077,10.621293,5.9445095,580.43774
1382,8.022154,0.6362565,0.23880836,1.2217983,0.11109082,22.151375,77.56355,0.9985746,3.2064025,0.7903326,10.78493,4.8413844,1278.4716
1383,8.724055,0.7096484,0.25987595,1.787733,0.06759239,25.569012,76.18817,0.9949188,3.2481182,0.80592257,11.421077,4.8374047,361.80786
1384,9.447004,0.5011811,0.11065999,1.8204968,0.08239331,11.49252,67.048195,0.9979255,3.4595363,0.7799792,9.3913765,5.9551935,526.9996
1385,6.657244,0.35934862,0.45655614,2.5332859,0.11537919,13.0444145,33.95658,0.99832207,3.405791,0.5271168,9.409041,5.035307,1269.7651
1386,6.8160863,0.3556622,0.45440245,2.8223288,0.12599756,22.631617,15.39179,0.99498576,3.197019,0.49331644,11.483191,6.0641418,441.00177
1387,6.5914383,0.4435175,0.33292642,1.3690171,0.13214049,22.90453,58.970303,0.9960024,3.309092,0.7109631,11.393124,4.9289737,690.4999
1388,8.962616,0.35453385,0.40989333,2.6611342,0.12625952,25.893723,34.534218,0.9982572,3.4638271,0.691965,9.7631035,5.5851245,905.94666
1389,6.632798,0.36916968,0.45649663,3.09757,0.07605574,18.45255,17.054714,0.9965979,3.338324,0.5917589,9.399782,5.0640683,1266.6116
1390,7.562962,0.6316819,0.11397357,2.3964987,0.12945409,23.106293,35.935616,0.99595433,3.2061472,0.5790111,11.058825,5.357857,1178.6547
1391,7.2550945,0.70551354,0.45536876,1.5007823,0.10039032,25.534084,75.03693,0.99839306,3.3206027,0.73319477,11.195625,4.8617153,1245.746
1392,6.6334133,0.35649619,0.43934876,3.0359972,0.06932203,21.031485,39.99477,0.99858505,3.4403195,0.54775184,9.368479,4.9956627,1277.48
1393,7.186616,0.5834058,0.44269904,2.637501,0.11417668,25.905527,19.840872,0.99477273,3.1662836,0.59913325,11.507033,4.89489,366.94794
1394,6.8414598,0.3570924,0.45742893,3.6336265,0.12766919,20.1839,13.996422,0.9954937,3.4496996,0.58213824,10.899323,6.38249,432.83368
1395,6.577209,0.54913193,0.45764655,3.1592138,0.061266482,25.353771,23.942118,0.99800026,3.1751492,0.49498707,11.361784,5.1771593,1260.6019
1396,6.8100963,0.66122055,0.44183707,3.6893277,0.06484857,24.373854,39.015778,0.99556416,3.2401052,0.726572,11.334959,4.9173355,1010.1101
1397,9.130927,0.69886416,0.35411388,2.0797594,0.05328575,8.577838,35.082012,0.99603844,3.3900993,0.76283646,11.180086,4.859123,1026.1229
1398,9.847774,0.7058829,0.25661364,3.4686983,0.095419936,23.173496,77.68355,0.99834746,3.4667432,0.813311,10.271016,4.9822116,1154.2916
1399,6.9706545,0.5452227,0.4115536,1.8886819,0.121143244,8.01128,72.730156,0.9981175,3.4638774,0.72518593,9.646786,4.9525337,1170.2677
1400,7.2794724,0.43067014,0.44237474,3.360503,0.09301316,12.508942,35.72432,0.9984728,3.4535768,0.6142346,10.760128,5.5754366,1076.1858
1401,9.621139,0.38354602,0.34637207,3.801865,0.10903328,19.695353,76.167694,0.99855405,3.4654586,0.75861436,9.381691,5.7801533,464.69083
1402,6.567713,0.35545647,0.45913085,3.6221826,0.12693755,25.36881,23.415644,0.9984368,3.3301299,0.4925406,9.672294,6.292357,1226.4304
1403,8.000343,0.7009457,0.42483822,3.7922873,0.048327174,18.050268,46.772408,0.99856824,3.4198318,0.7488046,11.398204,4.8849196,1137.9731
1404,7.978291,0.57552916,0.40054587,1.3741791,0.0924151,6.710019,42.684986,0.996335,3.4217339,0.54131806,11.08711,5.1645055,843.65393
1405,6.644542,0.44271538,0.45067698,2.687535,0.08938756,25.443668,20.284523,0.998572,3.1945667,0.5520052,11.485103,5.10047,1179.2441
1406,8.710776,0.5505078,0.45531023,1.6665227,0.08045539,13.417621,74.666466,0.998541,3.4668896,0.76581144,9.75294,4.891767,1277.0273
1407,6.8489785,0.4917299,0.44193044,1.7790048,0.077653006,10.270176,19.649231,0.99492776,3.3625798,0.61775947,9.876711,5.1039286,620.0022
1408,9.402514,0.35686186,0.18733288,1.5899074,0.13291752,25.892962,51.003445,0.9951368,3.4232867,0.579856,11.467109,5.266933,384.572
1409,9.484847,0.5404838,0.3340081,1.5505317,0.123751335,13.713568,67.791756,0.99483645,3.2431862,0.7499277,10.4922495,4.9329743,390.86502
1410,6.831429,0.40207464,0.4408889,1.2828016,0.12724683,14.615335,22.675522,0.99513525,3.202757,0.62424994,11.162849,5.746571,1217.29
1411,8.669374,0.7031886,0.074881345,1.2426277,0.08284906,25.41434,77.70798,0.9968283,3.3850844,0.81757784,10.49279,4.8452744,1137.7997
1412,9.485671,0.36735585,0.45888188,1.5565757,0.0621694,5.721381,15.443996,0.9964184,3.4297926,0.5134784,9.76191,5.701092,1104.0854
1413,6.5727277,0.4392379,0.45610365,3.7608683,0.12485404,16.681135,14.160471,0.99840367,3.2352161,0.49466276,9.93434,6.372594,759.98096
1414,9.887601,0.6809281,0.44671118,1.4657682,0.04011724,25.248491,75.78812,0.99818623,3.4533415,0.75221187,10.696557,4.844664,728.8963
1415,9.918385,0.6930279,0.100378394,1.2205099,0.0969496,17.415747,77.492714,0.99488497,3.34975,0.81396115,11.472858,4.8372164,458.27213
1416,6.5685096,0.3619955,0.45684355,1.3888136,0.12584296,19.287142,18.09273,0.99851984,3.452762,0.50233436,9.439573,6.162759,1276.8807
1417,6.5667067,0.35632896,0.45848554,2.5471284,0.10591614,9.7144,13.937841,0.9983276,3.2816517,0.49788535,9.399819,6.257429,1262.9266
1418,6.582941,0.44838947,0.44189706,3.6083162,0.0906524,25.724438,23.117052,0.9950113,3.177979,0.5449009,11.443462,4.867435,798.11273
1419,9.791304,0.65241385,0.20806709,2.1455822,0.11450449,19.110699,77.03417,0.99509203,3.4306715,0.79574466,11.40202,4.913956,530.9991
1420,7.345456,0.7032676,0.29965508,3.1900423,0.0629413,25.266005,58.49204,0.99555904,3.186464,0.6115167,9.75322,5.723172,1078.417
1421,7.8856416,0.4909928,0.43688285,3.7781832,0.04561012,14.756547,74.96558,0.99856865,3.4667134,0.81165683,9.823814,5.5487413,1255.2313
1422,9.48411,0.70022047,0.20302428,3.7275987,0.050590012,5.656067,77.73587,0.99854094,3.4669998,0.8207404,9.750465,4.902236,832.7807
1423,6.890102,0.58789366,0.42181417,1.5204593,0.04692226,16.691214,73.51505,0.9985656,3.4602637,0.7821374,9.422743,5.053185,1103.2102
1424,9.424294,0.6686307,0.28666756,1.3323796,0.066873595,13.486149,64.07671,0.9966776,3.3747075,0.69811404,11.35546,4.9875956,763.3683
1425,6.773382,0.50873935,0.42467198,3.7853665,0.06924182,6.7078123,22.299055,0.99859464,3.4603932,0.7786837,9.40598,6.1029077,1133.3889
1426,6.588871,0.5244443,0.4144787,2.4604335,0.09549326,19.959402,41.7933,0.99857515,3.291846,0.5926151,9.736928,5.588121,1249.4237
1427,7.452728,0.68192226,0.20245358,1.567848,0.12749772,17.837723,53.44738,0.9977146,3.2108033,0.5329347,10.45151,6.0617385,1009.45306
1428,9.949133,0.6956151,0.10974182,1.2346317,0.039632633,18.948391,77.738335,0.9957022,3.3888469,0.8212909,10.453079,4.838414,984.6512
1429,8.000957,0.52313036,0.45008728,1.6408523,0.04178478,25.294365,46.77081,0.9948747,3.2031794,0.6208015,10.588213,4.937456,864.4974
1430,6.815148,0.38449308,0.45987666,3.8231626,0.086762235,25.016397,14.048433,0.9984848,3.4088967,0.50407434,9.371542,6.475471,1174.3079
1431,7.1427264,0.638474,0.39820364,3.7597704,0.110833175,23.223206,64.75862,0.9985151,3.394484,0.75860405,11.247899,5.010938,1169.0463
1432,6.7040462,0.39683104,0.45436183,2.6800683,0.13123956,10.342055,14.082275,0.9963448,3.3184676,0.53138125,9.574492,6.1319633,1099.7673
1433,6.8070636,0.44535476,0.37121996,1.3089633,0.13078335,7.477867,32.461147,0.99478406,3.3054273,0.6016677,10.500863,6.2720423,367.41165
1434,8.064052,0.35311416,0.45999542,2.560344,0.06632196,21.92708,61.25326,0.9960226,3.3721735,0.53726965,10.422699,5.0089836,773.1718
1435,7.550998,0.57490015,0.42408666,1.7992439,0.10414392,20.950048,69.934685,0.99587697,3.442188,0.7437991,10.713656,4.8734794,679.1314
1436,7.7559485,0.42980194,0.42129517,1.4256366,0.11933303,14.08333,15.635803,0.9947889,3.1795597,0.5317286,11.406585,5.155791,644.5288
1437,9.423961,0.6850332,0.26559025,1.5337207,0.08901525,25.843176,77.0686,0.99648243,3.3111846,0.8107535,10.201074,4.8596973,804.308
1438,9.014936,0.46206474,0.4448982,1.220958,0.11719157,15.2270355,14.36961,0.9947918,3.1742113,0.5389897,11.494276,4.9479136,897.472
1439,6.682435,0.53897625,0.296437,1.5638244,0.10298694,19.395006,56.08999,0.9966935,3.2921355,0.7199021,11.496614,4.8549895,824.6584
1440,7.244468,0.4515659,0.24836245,3.7800603,0.12554131,24.324144,77.05601,0.9982233,3.4651139,0.80474937,9.382926,4.9730344,697.1952
1441,6.677303,0.39154422,0.44928473,1.4464941,0.12061749,23.400211,24.112333,0.99721885,3.3756213,0.528931,11.425407,6.118543,1046.1489
1442,9.153661,0.39116377,0.35559157,2.7143667,0.12908739,25.666618,73.442955,0.99576867,3.3899884,0.7654978,11.053887,5.068364,846.3049
1443,7.2430625,0.5451182,0.1636332,3.1690934,0.050680716,15.767697,76.978745,0.9985415,3.3065186,0.8208743,9.451626,4.842584,1067.2883
1444,9.815116,0.6809766,0.08489503,1.2324411,0.068337545,23.136328,77.728516,0.99543184,3.4523356,0.82004243,11.210752,4.848357,579.1759
1445,7.8292017,0.57610506,0.35854214,3.7954583,0.046958826,16.220438,65.337875,0.9985943,3.4653652,0.70576406,9.905567,5.836125,1257.2252
1446,6.5824795,0.40622026,0.3910339,1.3799304,0.110103376,23.413254,16.884832,0.99846643,3.202657,0.52307653,9.627357,5.349196,1277.9502
1447,6.5808325,0.41414595,0.26551235,1.3487949,0.12871364,25.834103,65.686035,0.9967353,3.2267635,0.57351816,11.06755,4.97671,1243.8335
1448,8.100778,0.51468563,0.40242785,2.1476085,0.12842064,14.773629,23.251787,0.9957906,3.4400675,0.6110695,10.893628,4.9953036,963.05066
1449,8.176805,0.3676842,0.25533873,3.1997468,0.13289511,17.14979,77.19226,0.99827856,3.46675,0.80127203,9.556852,6.0746484,531.9233
1450,7.0332603,0.61103,0.40721896,3.3128858,0.12340142,22.283102,35.704205,0.9983218,3.431032,0.74245805,11.315943,5.1668224,588.3632
1451,9.021765,0.4927006,0.32691154,1.326168,0.120257705,6.8639936,42.440327,0.9948106,3.1719518,0.57013005,11.42568,5.1508284,695.07837
1452,7.0793505,0.44501433,0.13845856,1.694916,0.10705439,10.9159,61.00257,0.99850947,3.4148908,0.7547548,10.417723,5.745071,1162.2335
1453,6.981229,0.36238766,0.42936802,3.2543733,0.12708944,23.019619,18.298698,0.9972147,3.4540362,0.7928651,9.548739,5.7721977,1123.0289
1454,9.05384,0.40991455,0.13546391,2.1212728,0.10547007,25.754744,75.87665,0.9982913,3.4575918,0.7419433,10.030658,5.0489817,979.9705
1455,9.778903,0.6361732,0.12663215,1.6870116,0.09420662,9.216299,67.22376,0.99770457,3.3660202,0.71520805,11.052851,5.390271,1057.9385
1456,7.4681034,0.66655236,0.14098258,1.2839874,0.13120805,12.070002,76.36152,0.9962956,3.1733649,0.8142918,11.367885,4.9648385,793.6346
1457,6.964774,0.3631339,0.44687462,3.3359063,0.116594754,23.812395,14.411375,0.9983706,3.4615853,0.54988146,9.488193,5.925638,952.5893
1458,9.236653,0.708186,0.07892662,1.6933401,0.07297924,25.877308,50.481846,0.99679106,3.2472863,0.81705636,11.321296,4.8570547,1033.8413
1459,9.515656,0.63656145,0.42030856,3.4623113,0.12617424,9.118819,15.150473,0.9948102,3.2447379,0.69964355,11.4476,5.627417,352.5466
1460,6.570245,0.35264292,0.45535612,2.984198,0.13207144,10.662661,13.939625,0.99838376,3.1899438,0.49259293,9.616211,6.056077,1277.4087
1461,6.759175,0.35246184,0.4591359,3.811695,0.11492082,6.243432,15.39209,0.99815977,3.4663785,0.5300243,9.371726,6.4119563,862.6976
1462,6.930264,0.5418017,0.40699953,3.3038905,0.108320534,16.330715,19.940756,0.995473,3.3427837,0.5590782,10.948289,5.990422,873.87177
1463,7.4762187,0.65325737,0.3615702,1.4046422,0.051960092,21.088482,42.13363,0.995821,3.1999354,0.5459417,11.36473,5.055695,1219.9368
1464,7.7366366,0.6689133,0.4596423,3.742685,0.05106005,18.384394,15.106905,0.99831426,3.2158973,0.49012446,11.24784,6.1299286,1276.3556
1465,6.6578526,0.35276446,0.45943937,2.394556,0.12876141,25.376724,14.940187,0.9964086,3.295072,0.49595174,10.341932,6.037164,746.34546
1466,7.6301455,0.66499895,0.308441,3.4515064,0.06827269,13.222114,49.98307,0.99841845,3.4119956,0.8187663,9.397162,4.984842,574.3376
1467,6.600286,0.3534214,0.46034563,3.4159036,0.090237856,14.903573,13.950619,0.9984095,3.3440468,0.49342576,10.2073145,6.411346,1274.9585
1468,6.6858773,0.67494375,0.14071408,3.1342697,0.12620738,25.763258,65.14929,0.9980687,3.4651303,0.7736889,10.068324,5.052112,905.1459
1469,7.4417887,0.5430825,0.074320555,1.3096611,0.1180636,20.489695,74.44571,0.9950382,3.1742136,0.78925365,10.411458,5.3725185,710.37115
1470,7.781773,0.69960725,0.14473899,1.3664463,0.10469996,25.651072,77.350975,0.996751,3.220936,0.8042072,10.668264,4.8433156,1048.4265
1471,6.5843916,0.59638196,0.46039006,3.1899652,0.1045654,11.412873,34.91368,0.99769336,3.2809145,0.5717271,11.28411,6.0555353,1256.2183
1472,8.532879,0.3928942,0.4442481,3.7207544,0.12532194,21.815474,69.4217,0.99658245,3.4611447,0.71104455,11.366557,5.4076376,675.73694
1473,6.8583746,0.46304438,0.4137077,3.0124555,0.12307398,10.034097,15.342724,0.9953627,3.4064236,0.5081679,11.356003,5.6424656,955.16364
1474,7.6730223,0.6137607,0.31374803,3.8092666,0.1194512,25.30662,65.849075,0.99859184,3.3917572,0.5203111,11.111941,5.640437,976.8124
1475,6.570688,0.4219304,0.43428263,3.7273624,0.10790815,22.202593,14.059719,0.9983226,3.210058,0.50465804,9.73329,6.361964,1195.266
1476,8.099991,0.6182804,0.41022927,2.8603733,0.10956411,25.844639,76.8047,0.99830604,3.42488,0.49908924,11.081039,5.902679,1083.8474
1477,8.012455,0.5959535,0.4597671,2.945381,0.053316392,16.863806,14.659491,0.9952248,3.1703565,0.51058453,10.724382,5.2275205,509.299
1478,8.448859,0.63827604,0.15694836,1.2625107,0.11331643,25.032518,74.025375,0.9948267,3.1644146,0.79433584,11.507798,4.845526,551.37744
1479,9.906469,0.63495547,0.09874728,1.2216078,0.12060951,6.738044,71.569565,0.99565303,3.4434617,0.70960057,10.87717,4.875054,575.42365
1480,6.5881505,0.36388874,0.44872928,2.731453,0.13353127,25.774185,18.411217,0.99736696,3.4479642,0.5531496,9.578135,6.3791575,417.3794
1481,7.0463734,0.41170162,0.42301455,3.2453794,0.06728591,5.6853085,68.76536,0.99726254,3.4312801,0.7768217,9.683184,5.0610476,1031.7844
1482,6.5632687,0.3527007,0.43766195,2.9742985,0.1318221,5.7117977,14.429047,0.9985606,3.4634943,0.74298817,9.373586,6.083952,1219.9034
1483,9.782774,0.48453692,0.41407943,1.299619,0.08083879,7.76514,74.87733,0.99530977,3.3893907,0.58774364,10.9357605,4.923366,1169.1007
1484,7.569053,0.53101027,0.17793877,1.6637454,0.114213295,11.742293,76.99274,0.995231,3.3480392,0.81841487,9.712887,4.9472423,633.9155
1485,9.033032,0.6849786,0.13955732,1.322982,0.11179813,19.76831,69.35371,0.99550104,3.3482888,0.6707281,10.875037,5.006364,937.0168
1486,7.567352,0.6904687,0.086570665,2.0284421,0.114889376,25.870533,76.67356,0.997384,3.2388384,0.8167679,11.186077,4.8404264,1200.1726
1487,6.598619,0.38432384,0.43874234,2.769043,0.1236023,25.854544,34.58317,0.9980401,3.4394588,0.56574714,9.623521,6.0871387,1221.634
1488,8.964822,0.553207,0.39842382,2.0019052,0.12910452,22.864998,77.04688,0.9953155,3.3211079,0.576984,11.455339,5.1372867,767.5707
1489,6.633155,0.36373395,0.4528467,3.7813401,0.12749647,18.829475,14.065344,0.99728507,3.2096353,0.51005834,11.059808,6.090995,730.0096
1490,6.861707,0.4091969,0.45560867,2.4064205,0.11790143,25.73481,21.453552,0.9954035,3.208595,0.5262925,11.337644,5.0353036,1023.5263
1491,7.5087767,0.67997664,0.44849315,2.892967,0.041289918,9.782467,20.096272,0.99785006,3.2521925,0.6974921,9.542312,6.203737,1221.4056
1492,9.148927,0.6123713,0.08220835,3.3009453,0.062132504,6.460453,76.95378,0.9978606,3.4577236,0.81857955,11.31512,4.9611654,1255.7552
1493,8.508358,0.3878017,0.12704033,1.7491362,0.039228886,25.814228,76.859886,0.9985058,3.3192098,0.52869993,9.374035,4.85987,1262.3934
1494,7.2503743,0.44722423,0.08970028,2.0736837,0.120734595,22.096151,24.586666,0.99829173,3.1962214,0.6324008,9.613866,4.982857,1277.2795
1495,8.54165,0.4719287,0.20395674,1.523172,0.107066646,8.8148775,75.91686,0.99730057,3.3701837,0.7650764,10.847156,5.0494356,1046.7413
1496,9.3833685,0.6339337,0.44257736,3.8239746,0.0496798,9.15974,75.40687,0.99856055,3.466699,0.7779682,9.815835,6.0165944,1011.7106
1497,6.599262,0.52192014,0.40093476,3.5003796,0.1092517,14.915391,44.15671,0.9972268,3.189219,0.68675333,10.675208,4.8995385,1160.8901
1498,9.815409,0.7076698,0.23679535,1.362105,0.05961961,13.986069,75.77235,0.9948247,3.1790981,0.81925255,11.016501,5.186915,402.87906
1499,8.760975,0.6957581,0.1417862,1.6011024,0.07124549,19.774965,49.879147,0.9978347,3.2667322,0.7285063,11.264231,5.001771,822.17926
1500,6.605936,0.53848827,0.46049455,3.7324133,0.122792535,20.637789,14.5095005,0.99741393,3.3609016,0.4939877,10.145223,6.447029,957.0282
1501,6.677,0.35873595,0.44567466,3.7500837,0.09920145,16.55768,35.733356,0.99817574,3.441711,0.66791755,9.430644,5.3135448,1204.2689
1502,6.6659346,0.37346882,0.4191604,1.6701347,0.11850641,16.329218,49.378178,0.99595314,3.1870253,0.5549155,11.0245075,4.8703766,1136.543
1503,9.211634,0.66210806,0.20994516,1.4697003,0.11345175,15.050036,74.157974,0.99635,3.4302075,0.7828259,10.72945,5.029861,401.57184
1504,9.654557,0.51029164,0.3886926,3.5804176,0.0971009,23.597075,76.13034,0.99846697,3.4087675,0.5227696,11.109931,4.9841986,1244.8167
1505,6.5723786,0.35460532,0.4201614,3.405525,0.11529912,6.562582,14.225565,0.9984961,3.457214,0.53368986,9.372962,6.3886886,1135.5934
1506,6.7028008,0.6119945,0.4155471,3.8027523,0.045832723,11.716128,35.881435,0.99838513,3.4437745,0.7017981,9.614708,5.902744,1213.4132
1507,8.295403,0.6367769,0.09968525,2.5500875,0.09495535,20.92751,68.051834,0.9963499,3.439075,0.7992579,10.5113535,5.1043124,722.5081
1508,7.1456065,0.6460308,0.22118466,3.3460329,0.083121456,25.835949,21.18913,0.9980645,3.259355,0.60336506,9.581187,4.960322,1063.3352
1509,9.858239,0.65149903,0.15448804,1.874729,0.07028432,5.8006153,75.22469,0.99494404,3.309092,0.80338955,11.41431,4.908912,682.12274
1510,6.5721855,0.35226256,0.36223793,3.4096167,0.12896387,7.3801193,16.253866,0.99852246,3.4637945,0.75596344,9.365762,6.228583,1188.8152
1511,9.360043,0.35768813,0.36521143,1.5107263,0.08075132,16.460314,34.074486,0.99508226,3.27609,0.56684804,10.545534,5.289623,366.82394
1512,8.363369,0.6623316,0.3668066,1.4167553,0.085448176,11.108947,71.76218,0.9961073,3.4546826,0.7209222,11.007614,5.4012756,549.7099
1513,6.959799,0.51020837,0.4477742,3.1552134,0.12752631,25.82154,18.18947,0.99688274,3.3805275,0.5312003,11.011121,5.714357,1113.5696
1514,6.5732713,0.4412046,0.42143634,3.5600448,0.121438436,6.853794,20.97946,0.9985306,3.4602299,0.6691528,9.504896,6.3139124,1168.7776
1515,6.6745706,0.57585496,0.44681695,2.0761988,0.10386387,21.831768,17.057981,0.9975963,3.4268014,0.5146471,11.253308,5.2620244,1207.6328
1516,9.776449,0.6727101,0.31166914,1.235508,0.048878144,17.418036,55.16171,0.99489284,3.185752,0.78053993,11.066544,4.8478203,950.61536
1517,9.102806,0.57721937,0.2474923,1.2248195,0.12848836,15.633657,60.41326,0.9947807,3.1702442,0.5816399,11.319427,4.940082,412.09897
1518,7.081373,0.42292115,0.30436534,1.2896042,0.13011168,24.502386,16.792238,0.99483204,3.179334,0.6062755,11.495448,5.4041805,875.7548
1519,7.989867,0.57091796,0.4407765,1.8710603,0.12643987,25.583138,54.003212,0.9947872,3.1753957,0.60811967,11.4787445,4.8411593,369.7386
1520,9.268307,0.62957054,0.32934937,2.847052,0.068971165,22.110456,30.804632,0.9973691,3.2677863,0.6864275,11.167861,5.0160475,488.0788
1521,6.6499877,0.4050293,0.37901405,3.6896853,0.120993994,9.776789,14.852358,0.99837023,3.219252,0.49162742,10.441309,6.1907473,1270.509
1522,9.676668,0.68085194,0.10260683,2.3020077,0.11521795,10.67587,75.777405,0.9969087,3.3832448,0.8058182,10.207716,5.127876,1260.8407
1523,6.5662007,0.68068916,0.4585831,3.3904326,0.12929614,25.933905,15.406652,0.9956122,3.161635,0.54634637,11.405107,5.2966814,966.70953
1524,8.167473,0.53228587,0.36668742,2.471853,0.07535769,5.642865,20.913223,0.9950226,3.3426106,0.61638474,11.497581,5.1106067,494.08664
1525,6.821396,0.62950605,0.4600023,2.934379,0.11757969,12.499762,17.540485,0.9981715,3.4616826,0.57973355,11.216515,5.722659,1251.263
1526,6.9943614,0.6609534,0.4187897,1.8021593,0.0880513,17.285461,21.514227,0.9974932,3.2306235,0.52433234,10.62535,5.401483,954.91724
1527,7.349017,0.4622605,0.36103374,1.8829622,0.12802827,25.687649,41.43685,0.9958561,3.1937819,0.66615945,11.165165,5.2044864,1218.7339
1528,6.6462955,0.46880028,0.43899828,1.6108527,0.11809267,12.844757,24.655048,0.9951016,3.1855857,0.5819417,11.40609,5.6764274,812.0096
1529,6.9707856,0.686759,0.24764875,2.1813767,0.13261549,20.905565,75.95676,0.9963331,3.4536247,0.77261597,11.055101,5.3253913,937.1111
1530,6.830984,0.35871622,0.32865077,3.2825007,0.111203566,13.107069,18.24209,0.99852955,3.367973,0.6102918,9.423693,6.3266973,1262.2003
1531,9.036383,0.55603504,0.28190574,1.4210356,0.08496465,19.462942,74.77708,0.995167,3.2672167,0.7723076,11.14411,4.9001484,641.83484
1532,9.426311,0.64505416,0.39254048,1.2976804,0.08359061,25.64977,74.46638,0.99519855,3.1753821,0.79167455,11.333483,4.84195,456.34824
1533,7.902208,0.41967148,0.45251185,3.7239892,0.06600972,24.930162,63.019527,0.9982037,3.3967395,0.7227586,9.970087,4.897982,1217.1935
1534,6.997404,0.3873284,0.44764316,1.7916476,0.05587768,6.722583,28.911726,0.9952808,3.3896763,0.5077355,10.14203,5.1751018,1183.2437
1535,7.4325495,0.5653519,0.3651949,3.0700374,0.103493065,18.321636,63.521633,0.9982621,3.4209933,0.62109417,10.638421,5.7698855,1139.0867
1536,6.790128,0.6055599,0.3763837,1.3217815,0.08420267,23.158052,33.49335,0.99617213,3.1975088,0.54877335,11.493328,4.9456477,1114.6683
1537,8.447894,0.65795743,0.16294874,1.3381819,0.12629807,16.701519,73.000946,0.99612015,3.2895346,0.672176,11.335074,4.8471756,562.24866
1538,6.597595,0.54472494,0.4589321,3.8002577,0.08205035,18.743757,15.169729,0.9978112,3.3245442,0.6165221,10.22442,5.459154,1137.4028
1539,6.9495206,0.37069532,0.45983848,3.415969,0.08995873,20.580576,13.928171,0.997681,3.4653072,0.49479568,10.243215,6.4677057,498.4277
1540,6.582774,0.47698936,0.43055022,3.7901988,0.12198258,24.739128,27.630646,0.997368,3.2242022,0.6102693,10.704887,4.881903,1233.4033
1541,9.479857,0.6514676,0.29245064,2.638945,0.13029538,25.93638,76.28647,0.9959303,3.2241132,0.58408225,11.511703,4.8513923,567.0843
1542,6.655616,0.40750778,0.39036727,2.3963084,0.13260233,25.714262,24.356289,0.99549925,3.3727424,0.6248577,11.017457,5.6729774,771.17255
1543,9.084558,0.612295,0.11924414,1.9322366,0.05790748,13.275003,76.914665,0.99841356,3.4634767,0.81989104,9.956295,5.3370633,1064.8802
1544,6.8413453,0.47220045,0.32937017,3.5809648,0.11857636,16.93338,50.089268,0.99847263,3.4328125,0.8171892,9.493516,5.492423,1277.6381
1545,7.6529455,0.3925526,0.29167145,3.8219883,0.10529967,9.736119,69.34844,0.99855024,3.460675,0.7526625,9.4093685,5.474406,815.62866
1546,8.90933,0.7048245,0.26649335,2.2788887,0.09661165,25.608282,75.33344,0.99748707,3.1807013,0.5017752,11.466417,5.505448,825.6748
1547,6.9139147,0.3598683,0.4357171,3.0602942,0.12641123,11.642936,22.369724,0.99675757,3.4560084,0.6236773,9.75026,6.020305,1050.0126
1548,8.6159725,0.52381355,0.45818603,3.8221714,0.10191687,18.824179,50.114605,0.998495,3.3439214,0.58780086,11.253092,5.0293474,777.1087
1549,8.826947,0.6538645,0.07876751,1.6709524,0.12752844,8.597119,72.48757,0.9972962,3.3949282,0.8147631,10.841321,5.4058127,1083.7988
1550,8.791273,0.70846796,0.1097071,1.2668772,0.07468176,18.139027,76.37207,0.9951576,3.18876,0.77723753,9.7342415,4.94206,578.60474
1551,6.6425953,0.59250414,0.44876903,2.3668916,0.11698784,11.197332,14.091198,0.99525625,3.1684442,0.51054096,9.648801,5.980762,1212.3362
1552,6.708042,0.3945571,0.34627083,2.0967648,0.11220471,21.032402,38.42172,0.99858296,3.4639885,0.6074566,10.081731,4.990576,1271.8398
1553,8.231229,0.67511123,0.44028834,1.3083549,0.13029945,25.913113,22.579273,0.9947727,3.166302,0.5220422,11.511774,4.9002004,916.8887
1554,9.719834,0.53759754,0.10518637,1.3394783,0.102900706,6.1431456,61.617775,0.9969073,3.463288,0.80406815,9.53042,5.5912466,364.95276
1555,7.3850965,0.41521192,0.45569342,1.7784619,0.10310601,14.505283,14.132477,0.9964526,3.4504604,0.5145933,10.472267,6.2446027,800.98883
1556,6.585712,0.50242424,0.40806013,3.4069324,0.123198904,25.911629,38.080513,0.9982624,3.1696038,0.59385103,11.277672,4.876428,1248.5245
1557,6.5978847,0.49297106,0.4282292,1.289342,0.11222945,23.774002,14.342024,0.99487233,3.1619487,0.4969314,11.5054865,5.067566,1266.0089
1558,6.5993514,0.45495048,0.4600654,3.6704817,0.10690678,6.23956,14.1338215,0.9984801,3.405119,0.49559164,11.442403,6.1522093,1271.8766
1559,9.794492,0.69123745,0.3408919,1.2332944,0.075651035,25.785679,72.34501,0.9947783,3.1633182,0.6698489,11.507742,4.852254,1000.1296
1560,7.4095736,0.6887577,0.43201306,2.3833315,0.052391253,23.582523,56.69701,0.9949706,3.1670992,0.6398614,11.075927,4.842562,1180.3506
1561,7.0169115,0.5861363,0.35008803,2.4208388,0.124096766,12.791296,15.701931,0.9956051,3.2292576,0.59368044,9.893319,5.341545,643.1728
1562,9.725966,0.70271087,0.44336453,1.7510464,0.03934113,5.9277925,75.9345,0.99790496,3.465553,0.8127216,10.727502,4.870652,837.32477
1563,9.283243,0.36519933,0.45845687,1.546477,0.08152925,25.65292,14.6089115,0.99518675,3.1857047,0.49607524,11.471697,5.6252685,860.3433
1564,6.9136095,0.39922804,0.45168993,1.9013479,0.11635829,7.611513,14.616066,0.9957014,3.3672209,0.52311045,10.575192,6.1949425,925.81824
1565,8.028771,0.39117408,0.45757025,3.8032775,0.07136551,6.2394276,21.246212,0.998286,3.4543138,0.701014,10.775155,6.367956,821.0834
1566,6.6054993,0.37645933,0.43564278,3.5974455,0.09221377,25.892693,14.501244,0.99597275,3.169977,0.52039486,9.637725,5.8263283,949.7649
1567,6.630791,0.6497188,0.45508265,1.8360984,0.09741403,25.239054,17.584904,0.9951608,3.1646876,0.5020958,11.501278,5.07866,973.0586
1568,6.6413627,0.37700266,0.45705086,3.8205607,0.11963009,18.993725,13.961094,0.9985878,3.288073,0.49036923,10.806046,6.4509845,1248.6688
1569,7.0905247,0.39837158,0.45597336,1.5733019,0.10805838,24.135242,14.155104,0.9949269,3.1999025,0.50499743,11.084045,5.625519,750.5907
1570,6.5962696,0.4210949,0.45120597,1.5053484,0.1219913,25.839827,14.079977,0.9957996,3.1617908,0.50138956,11.510206,4.8965406,1244.2706
1571,7.549999,0.6783108,0.3671239,2.2706492,0.10927762,7.9814425,59.670525,0.9977662,3.391866,0.76962644,10.1300125,4.8781037,1149.1847
1572,8.84931,0.3585297,0.4066128,1.4140449,0.1309902,6.4285183,39.63769,0.99531,3.4260657,0.50471914,10.950307,5.8381505,1139.0211
1573,8.877719,0.70845723,0.12373105,2.7515984,0.0898282,25.533686,76.01688,0.998577,3.4567573,0.71901274,10.387044,5.474117,632.6243
1574,6.570625,0.35898724,0.4274541,3.5387585,0.12069255,24.667765,21.192623,0.9969066,3.4497952,0.6987208,10.8698435,5.27237,799.6753
1575,9.888129,0.70916235,0.08009511,1.2586968,0.11493301,25.81991,77.49355,0.9965533,3.3720922,0.800545,11.458333,4.8990364,1274.877
1576,7.1013875,0.60715145,0.42122492,1.4102154,0.12697592,11.760864,18.805347,0.99508125,3.1774986,0.5107829,10.822112,5.1077614,826.455
1577,9.745019,0.62372345,0.09807204,1.9638379,0.1285841,21.381426,77.58854,0.99730325,3.4165022,0.8007024,10.614388,5.05593,990.25433
1578,6.6964645,0.3662033,0.41672975,3.7867324,0.047416143,22.589296,14.479454,0.99859595,3.466945,0.70416975,9.474099,6.3982506,1279.5435
1579,6.59142,0.59498245,0.45914406,3.5691242,0.060873505,25.893356,14.094847,0.998349,3.1634824,0.5352767,11.473597,5.1779127,1216.5222
1580,9.940896,0.7093617,0.074683115,1.245655,0.09115713,22.615322,77.66273,0.9949194,3.2176433,0.7887721,11.274812,4.873668,373.14197
1581,6.8948565,0.3895636,0.45133412,1.6847725,0.110972404,25.4726,13.950298,0.9948405,3.1618953,0.49813056,11.507936,6.0419726,485.4384
1582,8.494979,0.38521484,0.45487356,2.5887094,0.060481668,17.921658,17.403255,0.99757284,3.2170062,0.64276516,10.518523,5.784452,1259.9448
1583,9.802738,0.6881226,0.20609279,1.9761443,0.10311349,10.404231,76.64436,0.99482185,3.202629,0.788085,11.506099,4.8690085,491.03162
1584,7.9507236,0.6958901,0.30372295,3.807235,0.041056197,8.653641,53.892635,0.99859405,3.467038,0.7836416,9.383993,5.669848,1272.0793
1585,9.707391,0.64388883,0.072872415,1.537769,0.10098839,25.705338,77.684135,0.9958966,3.2389941,0.8154916,11.036842,4.8437405,1081.7567
1586,6.958375,0.38945216,0.35899198,2.121644,0.13209344,25.124107,48.378807,0.99651355,3.1663678,0.57605165,11.06567,5.08351,1215.0818
1587,6.75944,0.4090034,0.4590942,3.50885,0.06070594,22.020325,14.80731,0.99763983,3.2526286,0.5222545,9.746228,4.99827,1260.1932
1588,6.735586,0.53921425,0.24495855,1.2212673,0.056269094,22.148567,76.31899,0.9948811,3.1616118,0.7011964,11.342992,4.8371863,1253.2157
1589,6.798783,0.4359731,0.44607353,1.4521803,0.092812546,25.923092,14.606098,0.9948147,3.1625013,0.5896571,11.505132,5.023851,886.50006
1590,7.3289704,0.3860891,0.37250674,1.3342289,0.13159737,25.143997,15.088409,0.9947974,3.1801887,0.5130274,10.147543,6.1962857,550.7355
1591,6.564922,0.37998605,0.46063316,3.8215551,0.11615899,25.933115,14.091364,0.9985523,3.4553356,0.51980186,10.226668,6.357118,941.03455
1592,7.8820033,0.6475769,0.08016585,3.251852,0.07121205,25.773705,68.492836,0.9981439,3.376991,0.79311323,10.1688,4.9446774,1100.283
1593,6.9506645,0.7008662,0.4044112,3.1213458,0.060876388,25.4727,45.25448,0.995409,3.1622605,0.51252633,10.323462,4.8663654,847.33496
1594,8.69287,0.365272,0.3565439,3.819868,0.09828605,22.328907,77.334816,0.99859434,3.465725,0.7966726,9.594019,5.032651,1240.1425
1595,8.412073,0.4642106,0.4229007,2.497195,0.11353135,8.168222,32.790676,0.9973702,3.4235728,0.6650816,11.114338,6.143124,1223.2776
1596,7.028711,0.65405196,0.4444176,2.2404196,0.06875071,24.471716,76.40868,0.99840444,3.2265117,0.7742111,10.559636,4.8837643,1087.4235
1597,9.539435,0.6620701,0.18915218,3.3506117,0.049603954,25.414606,77.39155,0.9963879,3.3521,0.79344094,11.409253,4.8392005,1205.8951
1598,6.66604,0.35216942,0.45732984,1.3023927,0.13291876,24.408283,14.000332,0.99516505,3.1932023,0.49390903,10.562457,6.3528743,598.48303
1599,9.744041,0.664816,0.4037814,1.8116457,0.07461509,6.4948215,15.615076,0.9965744,3.3577142,0.6185204,10.93163,5.8532095,764.97455
1600,8.061082,0.40608153,0.42496994,3.670814,0.07185465,19.894312,77.61137,0.9985262,3.4521563,0.68191123,9.776421,4.8547993,1259.3474
1601,9.765582,0.53176665,0.2838495,1.2712939,0.121659145,22.023287,52.456226,0.9947875,3.167198,0.6388796,11.504834,4.864171,385.65195
1602,6.7865143,0.55017823,0.45939672,3.3813272,0.07924117,19.007559,16.932755,0.9983213,3.404149,0.528531,9.8819475,4.9567056,1237.2633
1603,9.749804,0.35246065,0.46045062,3.7742872,0.041034784,5.4751196,15.212723,0.9985959,3.4669342,0.6168593,11.034474,6.4702344,1274.3169
1604,6.5952163,0.35612628,0.38143396,1.4286993,0.06713122,6.9178276,16.001463,0.99545455,3.181973,0.67884403,10.407899,5.2944193,1187.6152
1605,6.6861544,0.3609604,0.4590187,3.7825913,0.12015945,6.1259127,14.420765,0.99759555,3.4639585,0.50065845,9.388936,6.4726887,373.13644
1606,9.292042,0.36334008,0.15030643,1.6238936,0.12573683,20.769295,63.066566,0.997986,3.4642305,0.62159705,10.097579,6.139735,1214.3372
1607,7.406793,0.6852777,0.4529879,3.4212034,0.045143217,6.427552,14.374523,0.9957482,3.2509995,0.53796214,10.195608,6.4708447,993.84753
1608,8.809542,0.6761942,0.46058097,1.6292369,0.07642258,23.940853,73.77433,0.99493307,3.1655688,0.5215191,11.359653,4.872323,1147.4191
1609,9.714991,0.3537117,0.115843534,1.2731522,0.12260421,21.492783,77.33566,0.99712855,3.4590394,0.79646796,9.978237,4.8860755,551.9086
1610,6.5662036,0.45270064,0.45998153,3.8239837,0.12373424,25.605623,13.929499,0.998566,3.1770623,0.49321225,9.432278,6.4709187,1233.4901
1611,6.602894,0.5894017,0.459695,3.8011417,0.053664047,11.650896,28.014969,0.9985943,3.464742,0.5255138,9.702443,6.419422,1226.3763
1612,6.958732,0.4207938,0.35380155,3.459329,0.1326512,17.040743,30.50078,0.99634975,3.439647,0.63907516,9.890119,6.180874,636.3868
1613,9.62815,0.3645658,0.21880113,1.2147523,0.13355297,25.251616,74.2383,0.99490154,3.3472111,0.5953022,9.472883,5.097812,423.695
1614,7.5129747,0.36188552,0.21622431,1.5805904,0.122311674,18.62126,63.99898,0.9961543,3.458915,0.6399753,9.731914,5.2931476,878.4153
1615,7.3117714,0.540194,0.17597994,1.8185116,0.132429,25.502548,75.571915,0.9950309,3.3660283,0.7975735,11.406887,4.897101,529.1513
1616,6.9872537,0.60844505,0.38706335,1.3359023,0.12478023,20.664488,22.264872,0.9950318,3.1655407,0.565166,11.505665,4.9657626,1152.356
1617,6.6826134,0.42937478,0.43147808,2.738544,0.13278966,21.383879,16.559202,0.99593824,3.2913113,0.5070075,10.718217,6.1999726,399.30304
1618,7.3132153,0.56989443,0.30162358,1.9882934,0.109327495,18.910347,64.74825,0.9976201,3.405886,0.64015746,10.573605,5.128681,828.93964
1619,7.802026,0.53833705,0.4521604,3.171617,0.10669486,20.402662,16.946768,0.995406,3.17941,0.5045351,11.500913,5.4446454,1219.6913
1620,8.14407,0.7069257,0.41130927,3.7965045,0.080213584,25.727245,34.319523,0.99705166,3.3927224,0.6973406,11.49653,5.1131406,714.2306
1621,6.7496386,0.40252164,0.4545539,3.7704382,0.13101178,21.550526,65.87244,0.99836266,3.4060228,0.5519945,9.508187,5.8899326,759.0437
1622,9.254116,0.617744,0.4453505,2.9147675,0.071828455,14.690538,35.46082,0.9974119,3.3909974,0.5440323,11.45399,6.056527,1130.4606
1623,6.578609,0.35770428,0.4574137,3.038963,0.082742676,20.349884,14.007595,0.9948822,3.1911657,0.50369716,11.122577,5.5913086,783.341
1624,6.6929364,0.36955866,0.4519276,2.6286068,0.13098282,17.806965,14.001383,0.9951707,3.4458609,0.4941744,10.721619,6.4050794,642.8908
1625,6.593709,0.44644594,0.4180783,3.3077235,0.06643561,21.96225,39.234966,0.998317,3.169226,0.66080666,10.40439,4.905361,1278.7561
1626,8.083079,0.6668815,0.15282096,1.8649789,0.13207783,22.30669,57.536808,0.99745965,3.4366314,0.7742699,10.750619,5.3697867,999.4091
1627,6.5794864,0.3522009,0.45954314,2.8961473,0.12673472,13.079782,14.018023,0.99840903,3.455582,0.5813801,9.370942,6.3590884,1199.3042
1628,7.541232,0.4817878,0.1597361,1.4534745,0.1314757,7.6063194,34.538006,0.9954947,3.4170568,0.75812906,9.412806,6.048156,482.71265
1629,7.470188,0.541566,0.42631346,1.5803168,0.111772135,25.919777,74.973976,0.99563897,3.456378,0.50259846,9.838625,4.935918,682.96124
1630,6.7840824,0.39110985,0.4074567,3.3671741,0.12507972,18.316345,33.719784,0.9985942,3.449907,0.7050051,10.416018,5.384588,1275.4304
1631,7.8458223,0.43789393,0.43431246,3.75288,0.053035945,5.692317,13.955252,0.9982835,3.4231544,0.4959014,10.16971,6.399085,1266.8424
1632,9.930659,0.37577763,0.12378162,1.2210205,0.09546134,24.273375,77.72618,0.9951118,3.3064954,0.82112813,11.144149,4.8391743,576.6841
1633,9.638911,0.68509936,0.22121316,1.4041964,0.09194897,17.124563,61.335724,0.9948582,3.1890821,0.77123666,11.321041,4.864145,406.81598
1634,7.9208364,0.47634822,0.45637825,1.6472206,0.07174793,9.600274,17.538654,0.9969907,3.3085804,0.51416093,11.469314,5.4279203,1272.7122
1635,6.7420073,0.69645107,0.44709706,3.0405004,0.118354805,25.218746,30.396128,0.99568677,3.2392418,0.5289499,11.439941,5.657124,482.6364
1636,7.4048824,0.54103816,0.39259228,3.671176,0.06270563,25.793774,65.216835,0.9985812,3.2162964,0.5506141,9.927561,5.7910585,1278.691
1637,6.6671844,0.67959136,0.44156635,3.081026,0.060183417,25.14245,39.45693,0.99688107,3.1616912,0.5350358,11.509191,4.844257,941.826
1638,6.8474174,0.42071536,0.45271623,3.4671597,0.10249721,5.598324,48.767395,0.9977337,3.4669237,0.6402761,11.07842,6.1577444,634.6441
1639,7.254222,0.35957742,0.4396715,1.5995076,0.13030957,20.75581,56.246025,0.9980319,3.4666595,0.7722913,9.494481,4.9029064,732.243
1640,9.610909,0.44627607,0.13515595,1.2284698,0.10183445,12.003279,74.05172,0.99520093,3.3961802,0.7988363,10.537124,4.874043,460.98306
1641,6.646976,0.358878,0.4578066,3.7824817,0.08945622,23.418064,28.039412,0.9984951,3.460057,0.5957784,10.431831,6.1797223,1254.1047
1642,8.317695,0.36061412,0.12325525,3.6547492,0.11806038,24.104713,40.17964,0.99858165,3.4608595,0.6810261,9.595416,5.5134907,735.58905
1643,9.008467,0.5778408,0.33286905,1.8122042,0.08495674,5.9283934,14.051168,0.9962703,3.1695905,0.5033283,11.480481,5.5377502,1096.394
1644,6.56897,0.48005864,0.44666773,3.1002564,0.13036671,17.226637,14.811714,0.9976475,3.2385948,0.50068325,11.283856,6.286191,1277.8599
1645,9.683771,0.68803316,0.30021456,1.7919779,0.11727939,21.99869,58.122055,0.9947943,3.1626406,0.72119844,11.509409,4.94666,412.55264
1646,7.6046844,0.68441755,0.1869724,2.4556847,0.07743817,25.76007,76.908745,0.9982401,3.3809345,0.7981767,10.748034,4.856087,1256.7137
1647,8.899132,0.674759,0.45914215,1.8330083,0.09931582,25.689917,57.479507,0.9947782,3.162072,0.52353483,11.505664,4.8595552,529.48346
1648,9.940347,0.49674785,0.087790325,1.2207611,0.13060866,10.129589,74.219025,0.9948729,3.3228188,0.77116984,11.138693,4.9991813,685.2692
1649,8.899314,0.6510324,0.25382352,1.2841423,0.05942535,14.4069,76.75862,0.995544,3.3007562,0.8097488,10.601451,4.876783,686.2074
1650,9.707774,0.7095296,0.09898578,1.26579,0.087960556,25.90159,77.687454,0.99478716,3.1837356,0.80136955,11.502212,4.8368106,498.95074
1651,7.3753805,0.6109828,0.35894817,1.4365555,0.13137363,11.672884,65.21277,0.994908,3.1674216,0.5250642,11.31586,4.9448056,1055.7239
1652,9.560552,0.70267355,0.08178608,1.6199857,0.05651219,10.428558,77.68747,0.99495006,3.3701968,0.82126075,11.056444,4.839686,488.1089
1653,6.6240025,0.44062614,0.38465235,3.5330265,0.12788999,16.240034,31.14675,0.9957188,3.2611418,0.5602325,10.998404,5.4298973,760.5603
1654,7.1002874,0.50163436,0.1170651,1.7061776,0.09472144,6.447196,77.39658,0.995693,3.4248464,0.8201858,9.861809,4.906511,998.5286
1655,7.3281965,0.66025984,0.38758802,3.7173069,0.10383371,16.826593,59.833572,0.9973911,3.4569335,0.6272985,9.6657915,5.914215,737.00214
1656,7.252611,0.37277162,0.3435283,3.193389,0.12264467,22.755571,47.006866,0.99826527,3.4383762,0.8070476,9.447795,4.966052,1142.2683
1657,6.591836,0.40630445,0.4593733,3.7776902,0.09454794,7.123063,16.335709,0.9985915,3.4668965,0.524042,9.7017975,6.0552735,1278.7706
1658,6.844899,0.35412768,0.46006554,3.8158846,0.1146624,25.92805,13.9754505,0.99857736,3.175213,0.50127476,9.502928,6.4550624,1246.4534
1659,7.167839,0.36635214,0.4153317,1.3237237,0.089431114,7.3779287,14.5726795,0.9952889,3.2649956,0.5268201,11.371238,6.126722,658.112
1660,6.670531,0.36156958,0.45835152,3.8183737,0.050404422,7.6447897,14.116352,0.998596,3.466964,0.5406052,9.365464,6.4612517,1279.8033
1661,6.8511157,0.3561994,0.45814022,2.9290082,0.112676226,25.530123,40.35194,0.9980193,3.4511137,0.52593595,9.374726,5.775144,1060.0924
1662,6.866432,0.64409333,0.38132352,1.6589555,0.1007381,23.02073,45.171825,0.99487674,3.164111,0.71254116,11.489613,4.858691,411.34042
1663,9.15409,0.6149948,0.09177488,1.2246857,0.11259617,5.9215775,50.800972,0.99491376,3.2659297,0.7533641,11.488812,5.152137,524.7799
1664,6.839173,0.68502337,0.4581799,3.7005334,0.120585985,11.222758,14.253418,0.99825263,3.4175582,0.49454698,10.619527,6.442629,1271.1144
1665,6.901118,0.5323747,0.3678444,3.7022128,0.13315448,18.411188,73.65476,0.9968247,3.457085,0.66140103,11.143451,5.658124,544.17566
1666,9.873265,0.6998598,0.12518752,1.2273538,0.11543122,25.529474,70.619255,0.99478424,3.164401,0.70761395,11.511415,4.84163,489.07318
1667,7.249146,0.5361305,0.42195377,1.5157906,0.09084707,25.875824,22.964685,0.9969643,3.335967,0.56145716,11.470296,4.8747873,1265.4165
1668,7.233411,0.35968602,0.43774876,3.8219392,0.098257415,5.836479,34.71114,0.99859565,3.4670115,0.60474557,9.408674,6.0073137,1267.0177
1669,6.6054335,0.3923054,0.45943105,3.47693,0.066572644,25.149836,14.129116,0.99854314,3.3730676,0.5050466,10.731583,5.704888,1269.8899
1670,9.092241,0.7031227,0.21473163,1.2503098,0.09835129,11.887301,76.3944,0.9950925,3.2620308,0.75065976,10.026316,5.032157,523.81714
1671,7.3578496,0.35256463,0.42475602,3.456298,0.111767024,5.883644,21.752739,0.99810356,3.3425512,0.7006562,9.515445,5.4473567,807.02936
1672,7.196781,0.7015746,0.26795563,3.2738602,0.051111694,17.071478,28.199636,0.9985605,3.4283307,0.760218,9.4301605,5.2688546,928.1617
1673,7.176153,0.6470159,0.21246482,2.0890486,0.09000859,23.083452,64.76112,0.99494785,3.3170702,0.80617493,11.441904,4.83902,467.87622
1674,6.621993,0.58653444,0.41388074,2.0427105,0.119542904,24.551458,18.87759,0.99654466,3.2878175,0.624042,11.488297,4.969351,1186.8074
1675,6.7388644,0.35313284,0.43770754,3.524743,0.066728845,5.912404,15.136335,0.99854106,3.4500217,0.67154706,9.407079,5.7117767,1278.7797
1676,6.611864,0.6512915,0.39273933,1.2710888,0.1250275,17.775766,76.37968,0.99559236,3.370772,0.7541001,10.341369,4.8597946,1222.4673
1677,6.592931,0.5015145,0.4568527,2.4246576,0.09404773,23.889627,25.960836,0.99695885,3.2222283,0.6014983,10.542078,4.9651093,981.8868
1678,9.083311,0.68238616,0.08451028,1.2217764,0.07088406,20.312891,74.67321,0.99486184,3.1633277,0.78552663,11.445265,4.8530025,1221.6768
1679,7.043262,0.47309047,0.44505122,1.4111079,0.111105055,8.845759,14.154251,0.9948203,3.248799,0.5466437,10.278218,6.093302,483.06268
1680,6.8925686,0.6717281,0.45309553,2.6478155,0.049946357,14.780888,14.756304,0.99807227,3.1734402,0.5969577,11.17951,5.2054176,1263.8153
1681,6.5790434,0.36010572,0.4589125,3.8209267,0.11732087,10.920836,14.111391,0.9985953,3.464847,0.49539158,9.788787,6.428338,1279.5974
1682,6.5762553,0.6290552,0.4477656,3.702755,0.045435768,9.787647,16.267717,0.9984759,3.2558794,0.6377938,11.336839,5.703654,1111.4287
1683,7.270001,0.39480948,0.39718384,3.1118655,0.11113949,13.471687,15.588976,0.9960112,3.4400914,0.6150759,11.158545,5.4004526,925.28595
1684,9.690962,0.67032886,0.07907468,1.3168762,0.082052395,5.539631,77.57119,0.99551344,3.3890314,0.81590223,11.237453,4.9355893,1018.5837
1685,6.80976,0.63178337,0.349338,3.1089926,0.10090721,25.619484,33.16432,0.99744374,3.3541324,0.73708564,10.781234,5.4806356,620.55304
1686,7.3535333,0.4070364,0.39984086,1.5183396,0.074124075,14.865873,61.535366,0.99737823,3.4384215,0.7598571,11.444659,5.0445805,805.1092
1687,7.90727,0.59856635,0.4114943,1.3337182,0.10269857,17.920147,17.797281,0.9947986,3.1622415,0.5104573,11.473027,4.853103,967.6112
1688,8.319346,0.7001595,0.26971963,1.5086715,0.08083165,20.537302,31.6158,0.9982325,3.1626506,0.66851217,11.288908,4.9283237,1150.731
1689,6.8221917,0.4737408,0.23754269,3.5734506,0.108516596,11.844415,60.583294,0.99839973,3.4618442,0.78754056,10.329894,5.7032037,1119.5784
1690,6.753314,0.43730205,0.46024397,2.7122223,0.11413016,13.502542,17.09342,0.997942,3.1847353,0.4998616,11.48011,5.7049985,1206.5575
1691,9.896435,0.49117061,0.19848984,1.782023,0.1295864,25.799583,77.69802,0.9975513,3.2424932,0.8007003,11.446454,4.8486147,914.5828
1692,6.5650387,0.6545619,0.33798206,2.3425481,0.044076174,24.391762,61.48032,0.9985641,3.3026507,0.8075834,9.492039,5.1756506,1279.9286
1693,9.331387,0.38671538,0.42029613,3.8105114,0.07853796,5.649254,52.96052,0.9985772,3.4659107,0.7257488,9.465405,6.370535,1066.2715
1694,6.855635,0.59369814,0.41713715,1.6919056,0.1219478,14.410708,73.63291,0.99576694,3.185824,0.61179864,10.951962,4.9002047,863.6922
1695,6.6007237,0.66608614,0.45885938,2.3322163,0.06624429,25.910954,16.37533,0.99720687,3.1622865,0.52495366,11.450749,5.14588,1112.9349
1696,6.5729737,0.55022335,0.08399893,1.3892512,0.10542823,25.834002,41.88742,0.9984448,3.1629097,0.780737,9.366813,5.4256716,1217.9675
1697,9.096816,0.6100774,0.09167732,2.7150352,0.1189023,24.187483,77.38996,0.9974797,3.4658234,0.81984013,10.209199,4.862147,816.7526
1698,6.8833537,0.68812907,0.12289038,1.5620061,0.069235325,21.86212,46.308887,0.9977668,3.3590467,0.7660212,11.261622,4.871105,435.34622
1699,7.2177153,0.35365334,0.45299968,3.193169,0.1228476,5.612911,59.16668,0.9985258,3.4567518,0.51683116,9.428272,5.9799423,1216.1914
1700,6.5872583,0.35223138,0.45982343,3.8227239,0.12351059,6.544611,14.414125,0.99859077,3.4670188,0.49555606,9.379413,6.475231,1257.5281
1701,7.0913954,0.3590035,0.44182384,2.9422648,0.12387329,25.766087,18.253475,0.9964121,3.3764224,0.558864,10.408303,5.5481243,882.8857
1702,9.810241,0.3698857,0.40591112,1.9440362,0.05957836,7.237911,77.2644,0.99615586,3.465515,0.81024146,10.935546,4.96441,692.3075
1703,7.059338,0.66858786,0.13764758,2.3136454,0.12728976,17.648968,75.58931,0.99824876,3.4265857,0.8192203,9.436598,5.1745133,1053.0634
1704,6.63849,0.40331957,0.4519093,3.804144,0.10344633,6.298541,44.932953,0.99856627,3.438088,0.5408489,9.477741,6.44615,1261.9244
1705,7.375998,0.4088571,0.14950092,3.6120346,0.119158976,25.904837,75.00121,0.9978032,3.2407138,0.55688417,10.317407,4.897606,1128.7285
1706,6.672697,0.35398164,0.45981634,1.2549115,0.13110568,25.081888,15.331413,0.99595606,3.4647534,0.5116175,9.476399,5.5760856,1259.5337
1707,9.702743,0.6291656,0.19209988,1.4093537,0.11387142,24.32392,76.81459,0.99790406,3.3143318,0.7938254,11.238302,4.84973,650.5936
1708,7.2077813,0.3998812,0.4289691,1.7497319,0.09553198,14.94801,62.38124,0.9977044,3.4637225,0.65359503,10.070756,5.2392817,742.1997
1709,7.2262874,0.704016,0.25932768,3.2340682,0.10157143,15.164727,70.24981,0.99551344,3.3184433,0.56361,10.9356785,6.2290845,713.9557
1710,6.5630155,0.36597583,0.45821053,3.7757225,0.04901981,11.971865,14.226057,0.9972336,3.2473114,0.66184115,9.368726,5.524127,1257.4722
1711,6.9995046,0.3598392,0.45239335,2.621149,0.09997776,9.304864,24.559267,0.99815434,3.443118,0.5908726,10.524947,5.619976,1194.1598
1712,6.5992103,0.40792882,0.3957053,2.4487374,0.057805967,24.725433,17.8348,0.9969839,3.2429018,0.59048766,9.697635,4.8837442,1084.0609
1713,6.959183,0.6220592,0.12306169,1.2420458,0.13263825,25.697948,42.19611,0.99477214,3.162361,0.7204253,11.435407,5.0871267,422.1562
1714,6.5676255,0.35329163,0.46055344,3.8051345,0.05302265,19.589905,13.9747925,0.99858975,3.4660015,0.49201253,9.373893,6.4237103,1278.8223
1715,9.477565,0.70924145,0.091109365,1.746756,0.048563797,23.955866,77.519196,0.9960259,3.166988,0.8088804,10.906511,4.8393106,959.84814
1716,6.969292,0.40348727,0.4568464,2.983652,0.061091963,8.808572,17.345871,0.9985728,3.4595034,0.5844798,9.904047,5.083814,1240.5912
1717,6.5964427,0.53919107,0.43607563,2.3033247,0.12373019,20.054539,17.094902,0.99620587,3.2858202,0.64106387,11.41801,5.4040327,1184.9738
1718,8.639557,0.38291702,0.4249389,2.3502007,0.122188695,10.247923,32.38617,0.99784684,3.3327656,0.5872252,10.765845,5.3646226,966.4846
1719,7.8578672,0.51231503,0.18836547,3.0394993,0.092499904,25.632236,49.562767,0.99625087,3.1782327,0.7755604,11.250972,4.866325,771.83466
1720,6.590703,0.66392803,0.32925075,3.7079644,0.11889199,15.884385,54.1005,0.9975988,3.3365605,0.76279235,9.725056,5.0473633,754.0439
1721,6.7876134,0.3573854,0.35851327,3.6707683,0.12403425,6.850768,20.044388,0.99785215,3.4155765,0.49873212,9.425382,6.0614724,1154.8785
1722,9.900396,0.7097507,0.08304343,2.0496833,0.04754703,16.774466,77.589035,0.99594414,3.3655906,0.8167256,9.735548,4.955179,433.31824
1723,9.742121,0.6953204,0.18655188,1.2160524,0.089852385,5.789242,77.26596,0.9950315,3.3529825,0.80184263,11.029158,4.908906,559.815
1724,6.5733647,0.42482913,0.257183,3.4384074,0.13318235,25.933805,14.059246,0.9950096,3.161467,0.6195134,11.3185215,5.0061164,1199.7522
1725,6.5926356,0.38311142,0.43040222,3.7948546,0.11992967,7.49259,14.314697,0.9981906,3.45099,0.5292161,9.790142,6.420508,1187.5659
1726,9.24613,0.43139064,0.22592035,1.9446671,0.09197935,25.907925,77.71215,0.99732244,3.3233461,0.78809017,10.090718,4.841639,905.9751
1727,6.6204724,0.3539124,0.44706535,3.0020092,0.1092818,15.289875,14.005888,0.9954928,3.3833315,0.56532615,9.994656,5.651447,972.97
1728,6.7784348,0.44052204,0.46014425,3.8192675,0.06770817,6.583062,43.14729,0.9985951,3.4644556,0.54017025,9.400111,6.424799,1261.6074
1729,9.930772,0.69511163,0.45570433,3.6572192,0.067413405,9.018542,15.676638,0.9983116,3.1994145,0.5509658,11.500313,6.1763344,752.88196
1730,6.6146016,0.46902105,0.4599683,1.8047211,0.08756437,24.130373,29.58245,0.9967125,3.1669312,0.52866024,10.384486,4.853813,1017.2205
1731,7.137869,0.3750529,0.44714603,1.6245626,0.120866075,5.7085695,14.235008,0.99488944,3.2566772,0.5042131,10.708698,5.6740227,425.6707
1732,8.781056,0.63486344,0.22301425,1.4036525,0.043781973,25.589212,73.751495,0.99593836,3.239242,0.763897,10.905276,4.8376274,918.13196
1733,6.770236,0.6033894,0.4564226,3.6724904,0.08311432,25.906334,18.273718,0.9985776,3.3779674,0.60541916,10.933007,5.3588686,1267.7344
1734,6.744191,0.35371098,0.46005377,3.7968159,0.12640516,24.697298,13.974258,0.9983391,3.4577546,0.4912605,11.111257,6.4716682,1165.332
1735,6.946322,0.37025237,0.40016457,2.2124565,0.13064173,19.522089,30.643415,0.9982377,3.4594085,0.6073332,9.608789,5.004784,1120.1593
1736,7.643515,0.5721216,0.35874528,1.6323714,0.11277183,10.9178705,43.449253,0.995866,3.4540987,0.78724706,10.478125,5.1199794,891.04175
1737,7.831641,0.64361143,0.07704431,2.1831071,0.12358515,25.273655,77.666695,0.9982758,3.463834,0.81625897,9.431388,4.849236,828.68823
1738,8.793647,0.5483752,0.16976812,1.232355,0.123980485,25.346624,77.04269,0.9948003,3.2874851,0.76861626,11.476243,4.8387556,570.72974
1739,6.7739086,0.38311628,0.4601273,1.8259654,0.07908353,15.35575,14.119879,0.99834096,3.2882233,0.5008007,11.27474,6.3316464,1252.3741
1740,8.176515,0.39007097,0.44491,2.1751513,0.116161846,8.541629,46.20837,0.9965591,3.4352472,0.57014567,11.505927,5.4425073,1030.986
1741,7.205486,0.519546,0.458214,3.7996404,0.09286979,22.803541,26.254723,0.9983978,3.4575062,0.59914446,9.900142,5.351659,1233.1677
1742,6.6437697,0.41097498,0.4477347,1.5258701,0.12659732,8.120929,14.3153,0.9980996,3.2055187,0.49961117,10.326516,5.7250514,1216.1301
1743,6.7595053,0.58760065,0.37124786,2.6516702,0.10336765,25.640013,30.838087,0.99601805,3.2750483,0.7516383,11.239612,4.9886146,1229.0726
1744,6.722906,0.37502778,0.44068658,1.7060027,0.11224907,12.146411,16.029232,0.9960018,3.4574552,0.7301276,10.371801,5.9699364,712.43677
1745,8.2095375,0.3521402,0.46009845,3.764813,0.04547841,5.606291,13.937592,0.99859536,3.4669702,0.50646037,9.373527,6.4629784,1280.1501
1746,9.138612,0.47965953,0.3349939,1.329052,0.11121941,23.581291,76.68729,0.9956454,3.2899873,0.75936985,10.78664,4.8400855,1091.0802
1747,6.670973,0.417006,0.45997557,1.7940941,0.08307577,5.792636,15.702658,0.99545974,3.4335752,0.5171275,9.938953,6.2348027,1194.2137
1748,6.619183,0.38197884,0.4560884,1.9725177,0.08660702,19.297411,16.133268,0.99648803,3.3298507,0.5349105,10.716343,5.0793204,1167.0016
1749,6.5907717,0.65117323,0.3988306,3.1443422,0.09009088,24.98408,68.59906,0.9985927,3.4472566,0.62702656,9.508513,4.926465,1245.9094
1750,8.254281,0.5659273,0.44680774,2.5695822,0.09889981,25.574797,68.55873,0.9948635,3.1694918,0.60869604,11.508906,4.873961,800.26874
1751,6.661591,0.6559011,0.31067958,2.226777,0.12988144,21.639717,14.160688,0.99482495,3.1673048,0.63568854,11.43684,5.2377367,989.39246
1752,6.6332774,0.35357124,0.45970201,3.7470994,0.104448214,17.643253,14.127092,0.99780685,3.3126686,0.4930267,10.455263,6.378956,1189.5964
1753,6.601715,0.42632928,0.40035066,1.4400623,0.1315343,22.962826,17.535126,0.99514097,3.4418614,0.6578641,10.888797,5.000137,436.68314
1754,9.692493,0.38024995,0.306971,1.5347078,0.072179966,10.360914,77.57888,0.9985357,3.466516,0.8189175,9.420664,4.8849545,1260.5624
1755,9.465932,0.6880908,0.29109493,1.2557604,0.07928368,24.887594,77.13647,0.99500304,3.1697662,0.60955626,11.057091,4.893366,756.4975
1756,9.073226,0.45436487,0.383462,2.863164,0.12512295,25.346317,48.68254,0.99675274,3.4223664,0.55122346,10.916736,5.781826,773.7187
1757,8.325635,0.4856525,0.3872278,1.7976815,0.11066557,15.995189,76.197495,0.99767137,3.4402137,0.63080543,11.023038,4.9102826,1135.4532
1758,6.7125916,0.53429276,0.25454026,3.3067284,0.12908296,24.93781,63.205692,0.99519646,3.289972,0.6967574,11.033356,4.918612,640.8373
1759,8.798399,0.49628422,0.120480105,2.966092,0.12576197,22.273699,77.699196,0.9970193,3.4654243,0.80010533,10.066714,5.023257,802.9204
1760,6.9503894,0.38289073,0.32877603,3.2852848,0.12839246,24.93306,73.28712,0.99849284,3.461534,0.6048636,9.580863,5.8260083,1254.2855
1761,6.6196823,0.63668466,0.45936552,3.7567885,0.106344104,21.718508,16.996054,0.9984744,3.3375125,0.51657504,11.168295,6.2647777,1269.7429
1762,7.986949,0.46413204,0.266253,1.3318346,0.081977636,6.269787,67.51094,0.9968237,3.401538,0.6760326,10.083255,5.1698914,1125.2839
1763,9.82064,0.54802,0.1281878,3.5829601,0.11864844,23.392567,64.933136,0.9980726,3.4373581,0.77896994,10.206746,4.9749484,377.19525
1764,6.6489916,0.39357623,0.45936787,2.0877793,0.06480659,9.87015,14.641916,0.99517006,3.201349,0.51370347,11.277603,5.9294176,661.3765
1765,6.6792374,0.42105368,0.45676446,3.7469003,0.106976844,25.404299,16.833597,0.9984806,3.2308583,0.5571126,10.740274,5.901664,1105.3599
1766,6.8722034,0.3998454,0.43710688,3.2637212,0.064751334,5.4815273,38.91434,0.9984963,3.4665601,0.60454273,9.860022,6.3988223,1264.6675
1767,7.3390017,0.35679728,0.42320922,3.6524336,0.114562884,7.7020903,63.652985,0.99810827,3.464436,0.78638524,9.382066,6.1150756,614.3774
1768,6.6224523,0.38504165,0.36365393,3.0858245,0.1265417,16.6072,30.158224,0.99580276,3.3968732,0.68247676,10.884515,5.9501185,616.52344
1769,6.8914433,0.4621188,0.34466004,3.1356845,0.13350356,25.338734,38.031185,0.9967037,3.4006155,0.58927983,10.978345,5.0456586,538.85614
1770,6.668896,0.36143878,0.2630682,2.6691394,0.13182206,25.574305,25.521282,0.9971471,3.2563143,0.78660786,9.411004,5.195547,1152.382
1771,7.1908,0.41709948,0.4519267,2.3931267,0.11774774,7.7530513,32.960476,0.9980661,3.455412,0.5690383,11.158368,5.7736144,1257.4904
1772,9.47416,0.5115106,0.21703468,2.5904078,0.12918898,25.90855,76.23607,0.9984976,3.4665787,0.80966574,9.542628,4.8453355,1042.7637
1773,9.187127,0.7097834,0.11316314,1.7799801,0.060187344,25.604393,77.69014,0.9959294,3.3285656,0.81207335,9.885107,4.841018,1264.7677
1774,6.623966,0.35396835,0.45568934,1.2198904,0.12915443,7.478012,14.71332,0.9983184,3.2140942,0.5293038,9.810582,6.2287064,1264.2134
1775,6.5929594,0.3572319,0.4602393,3.416575,0.07307466,24.64675,13.931156,0.9950516,3.1628687,0.50010693,10.517377,6.259299,1197.2452
1776,9.917127,0.7027387,0.0929281,1.3500677,0.13137196,25.053976,76.866844,0.99646515,3.326429,0.80180687,10.351473,5.2520514,717.1437
1777,7.001035,0.3641416,0.45921677,2.9892209,0.0916834,7.2552233,14.117424,0.9985202,3.4615233,0.5221248,9.385926,6.4722786,1094.6848
1778,8.353849,0.49179178,0.2807554,3.398137,0.10254278,17.935734,49.151688,0.99715966,3.4647803,0.7769241,11.241105,5.322712,646.4251
1779,6.6851907,0.40781927,0.43596354,2.8399491,0.1305889,23.72141,14.232388,0.9975664,3.3766887,0.50944877,9.401719,5.963233,381.17346
1780,8.965532,0.6645743,0.08202578,1.8021433,0.0530383,21.681223,77.56242,0.99629486,3.281073,0.8137153,10.855428,4.84469,661.6149
1781,6.590824,0.354193,0.4433369,3.6024199,0.13085105,25.864033,46.857937,0.99857944,3.4570684,0.70959365,9.39019,6.24593,958.72394
1782,9.69622,0.6248172,0.4370214,3.2007308,0.123603046,24.113579,69.768654,0.9961175,3.223803,0.6036205,11.50924,4.880036,547.898
1783,8.234873,0.7054001,0.40058067,2.9116201,0.049783446,20.423023,45.072227,0.99797606,3.207302,0.64869565,11.409578,4.900101,890.24994
1784,6.6173353,0.44479716,0.4383258,3.6052468,0.054159775,20.105179,14.109907,0.99856883,3.3872876,0.5390322,9.637948,5.77991,1275.4697
1785,7.6413,0.40834296,0.44650477,3.5417225,0.12728177,6.153822,14.467829,0.99525756,3.4584153,0.5168932,10.550088,6.188906,644.921
1786,7.0793476,0.40923545,0.4599847,2.25938,0.12872583,16.032026,13.9664135,0.9981365,3.4612472,0.49858195,10.21182,6.1966705,1277.2375
1787,7.3608394,0.6599234,0.1440568,3.8163192,0.121393815,20.564322,20.17769,0.9980251,3.466459,0.81632775,9.417787,6.2126746,630.63226
1788,6.6725054,0.5687459,0.4551567,2.8786054,0.10794205,15.005994,14.829697,0.9978837,3.1743426,0.5217434,11.1360235,5.847159,1114.3704
1789,6.849884,0.3697665,0.21606046,1.6457578,0.09427058,18.843628,60.528137,0.99730814,3.3580654,0.7718546,9.471662,5.347811,1052.9556
1790,6.7587748,0.5099506,0.39985538,2.904414,0.12795055,25.506449,76.354355,0.9951927,3.3721673,0.7785063,11.288047,4.878481,1126.4662
1791,9.275388,0.5565086,0.2495649,3.0749495,0.049256723,5.7457438,77.73024,0.9983965,3.4631176,0.82046324,10.600282,4.875415,833.89417
1792,6.657933,0.43596002,0.45776346,3.4956164,0.07182666,15.48931,14.097454,0.9981314,3.4614794,0.658664,10.384335,6.3764105,1248.0399
1793,6.598995,0.35865983,0.45865136,1.2280183,0.12731193,23.50973,14.109215,0.9948083,3.2407415,0.50489354,11.493734,5.46022,758.34595
1794,7.082081,0.36844742,0.4583058,3.1223683,0.111885466,11.749039,14.014046,0.9955785,3.4468813,0.5204332,11.008168,6.2251215,1170.6082
1795,6.6747837,0.35282302,0.45764086,2.9691641,0.1316003,25.414602,24.728556,0.99750316,3.4649928,0.52578217,9.3945265,5.474077,1221.3472
1796,8.721581,0.69057494,0.36631823,1.915092,0.119742855,8.401032,75.77527,0.99524045,3.4614913,0.7349555,11.0773945,5.4346323,366.8005
1797,6.747701,0.37104988,0.10368805,3.6816254,0.112127796,11.280104,55.2728,0.99725926,3.4549704,0.7562694,9.4279175,5.1747675,1236.2887
1798,6.607385,0.5538983,0.45518786,3.3458743,0.12931205,25.66319,23.48619,0.99546266,3.344681,0.62676543,11.427067,4.9619665,476.56287
1799,7.18476,0.46969062,0.35739198,2.2838426,0.12489269,25.568005,64.68171,0.9951189,3.1620395,0.5441464,11.35196,5.118485,1222.9509
1800,6.9176636,0.39741862,0.42459375,2.8873572,0.1029004,24.173588,18.096193,0.9951366,3.2134645,0.5092964,11.430215,5.077712,392.33542
1801,6.737911,0.6571294,0.122478336,1.3593713,0.09181987,24.763361,28.313482,0.99557793,3.1677172,0.7383588,10.325233,4.8414164,818.4017
1802,7.964536,0.53385735,0.30534017,1.7890762,0.10138735,9.380178,74.185074,0.9953292,3.351138,0.7270269,11.200903,4.9754286,627.69464
1803,7.341357,0.563164,0.44589916,3.8195431,0.07988518,18.329853,14.072081,0.99785763,3.2122717,0.5468311,11.4136715,6.3997207,906.42847
1804,6.873849,0.64425504,0.40172607,1.5582182,0.10230728,18.407372,23.640635,0.9974626,3.3132534,0.52534103,10.693452,5.4189577,1213.4761
1805,8.558188,0.63551897,0.38251716,1.2776566,0.113432616,19.150902,74.70473,0.9948816,3.2096665,0.6489712,11.418995,4.8914986,716.6102
1806,6.832455,0.3625039,0.40308034,2.7887568,0.1315335,25.28274,20.011192,0.99498725,3.3167586,0.653418,11.347113,5.8504224,393.71652
1807,7.377156,0.63552827,0.38626352,3.6536946,0.112308174,22.150682,48.61752,0.9982265,3.4285634,0.5158043,10.674255,5.4504194,1029.5073
1808,6.884177,0.4874067,0.36206076,1.4865988,0.13215482,13.418835,56.142006,0.99851406,3.452738,0.70395935,9.650608,5.4811935,629.68494
1809,9.3960285,0.7018283,0.22350504,2.9118443,0.046015564,20.155638,71.11941,0.9960958,3.1825771,0.6665726,10.59916,4.839742,572.88074
1810,7.193252,0.5290299,0.3986432,1.725202,0.11487364,21.027895,67.64987,0.99589676,3.4021652,0.79858524,11.008641,5.063999,992.2341
1811,6.7669473,0.41198906,0.43973526,3.8169026,0.12886615,20.099373,55.622833,0.9982663,3.4272358,0.613472,9.637855,6.3531394,1006.95715
1812,7.1595607,0.44993472,0.4182264,3.7793345,0.11455583,13.855977,57.53725,0.9984879,3.460741,0.685637,10.799753,5.299715,491.9926
1813,7.89873,0.51029766,0.43354818,1.6201055,0.12739886,7.1507406,15.69733,0.99499345,3.3729203,0.6659796,9.958842,6.1728168,899.08746
1814,6.605359,0.51412624,0.4303741,3.662913,0.062244087,6.5363407,15.637905,0.9982868,3.464003,0.51361054,9.867348,6.3379817,1250.4767
1815,6.6718717,0.37926084,0.42929962,2.291907,0.12687138,8.942935,14.2720585,0.99589854,3.3876798,0.5461136,10.125741,6.2466707,932.6162
1816,9.909523,0.6900783,0.1378082,1.223171,0.066956826,14.115018,77.72749,0.99498683,3.176568,0.82011366,11.358763,4.8544993,727.88196
1817,6.9243026,0.39099056,0.2699291,1.6395956,0.12724318,6.1122065,33.914253,0.9948472,3.445909,0.6687748,10.467915,6.2879753,541.7021
1818,8.460308,0.3646897,0.45133922,1.6344415,0.06360355,11.725569,21.783485,0.9968007,3.43918,0.6236412,9.648885,5.538596,1081.5529
1819,9.35679,0.42403376,0.38474068,1.5804411,0.09987449,24.97298,46.11197,0.99494463,3.174454,0.6630883,11.237046,5.013395,1067.143
1820,6.609161,0.40160522,0.45538408,3.771758,0.13038512,18.519793,14.281862,0.99671,3.4410799,0.5029483,9.821157,5.9060545,1104.2239
1821,7.475364,0.7013159,0.303068,1.3428658,0.09382354,21.604834,77.42772,0.99840605,3.4650507,0.820274,9.523727,4.8721395,1137.6704
1822,9.875934,0.70074,0.1843417,1.7641227,0.120267674,10.593393,77.02137,0.9955539,3.3486848,0.8214042,11.488003,4.842866,425.31464
1823,6.6825056,0.50882655,0.45785427,2.2552998,0.10892962,25.93783,32.435333,0.996585,3.1626155,0.5004393,11.359696,5.1688933,1274.4005
1824,7.4519863,0.5659821,0.4262635,1.3642635,0.07743715,10.429279,30.63175,0.9973938,3.412898,0.5335981,11.354946,5.1774173,1184.6156
1825,7.2482085,0.3602381,0.45629835,2.0802186,0.09416064,5.6116076,14.833946,0.99857575,3.4630773,0.57308465,9.706309,6.1263895,1099.4996
1826,6.830139,0.35282135,0.4588769,3.7546704,0.10771622,9.317422,18.23757,0.9985744,3.4602194,0.522077,9.466266,6.0513415,1242.4574
1827,8.438975,0.390918,0.45339966,1.6380916,0.06405831,5.7794323,25.460384,0.9984102,3.456309,0.600247,11.0531025,5.2014484,1251.7585
1828,9.905374,0.4633015,0.40979072,1.3026553,0.03926892,7.3862667,77.719826,0.9948673,3.191934,0.60923195,9.632918,4.8372736,501.00082
1829,7.556336,0.50367314,0.44049278,2.461657,0.08557725,6.837881,57.40677,0.9982556,3.457307,0.7766428,9.79602,5.4731836,1242.6434
1830,6.5791297,0.38831374,0.28085768,3.7980816,0.09272648,25.664646,56.787346,0.9984323,3.4156384,0.633143,9.39855,5.069855,1211.2612
1831,9.351248,0.69832563,0.09328787,1.2825018,0.055258434,25.446568,74.4086,0.9977052,3.2246008,0.7937276,11.439078,4.8391185,855.1736
1832,7.342344,0.4284295,0.30053282,1.266444,0.13102554,24.633009,26.008736,0.99481547,3.1818044,0.5292218,11.277747,5.295895,493.44815
1833,8.324101,0.5502612,0.45815894,2.6084676,0.11140532,6.6991997,31.10736,0.9953483,3.467001,0.49573246,11.467136,5.5274353,1009.21765
1834,6.759537,0.37938282,0.4467156,3.425581,0.07179043,8.816625,67.01783,0.9985961,3.4670448,0.6254878,9.369816,6.353211,1279.9026
1835,7.9602036,0.68280655,0.20394364,1.2448711,0.078837074,23.513018,76.78622,0.9956607,3.2574031,0.55329716,11.446971,4.863575,1030.6323
1836,6.7273607,0.35738978,0.4589239,3.7347057,0.122802086,7.739326,13.932922,0.99820924,3.4588823,0.49798292,9.689694,6.2931757,1204.5018
1837,6.630703,0.35308155,0.45958757,3.625889,0.11349218,5.495348,16.77525,0.9985795,3.4668288,0.6403448,9.3765545,5.6257157,1277.7927
1838,9.826196,0.60875976,0.074671686,1.228572,0.079562984,9.262797,75.76097,0.9953394,3.372154,0.81411934,9.62669,4.923844,679.844
1839,6.6660943,0.65167123,0.4594776,3.6961818,0.052837435,22.928032,33.018864,0.9978511,3.1850245,0.5388103,10.496851,4.8785076,1176.3102
1840,6.6422353,0.37871227,0.4571499,2.668682,0.12649709,20.987492,13.941473,0.9953593,3.1724937,0.49327287,11.071475,5.192375,475.1409
1841,6.597437,0.39109996,0.45489955,3.0027847,0.1317496,22.48196,17.988081,0.99841285,3.3977222,0.50679106,11.080883,5.9562645,1245.3641
1842,6.8586025,0.5782568,0.4488124,3.761569,0.08735957,25.692251,14.968241,0.9985136,3.3688161,0.50926465,9.395453,5.453367,1165.4231
1843,9.933667,0.707504,0.21516651,1.2209463,0.13277976,23.903313,66.01738,0.9947757,3.1727393,0.6731801,11.4867735,4.877691,455.75446
1844,6.9669023,0.37756604,0.45849407,3.7884665,0.087530665,6.681782,14.039471,0.9984984,3.4620209,0.49211374,10.12266,6.4313087,1272.0896
1845,6.9785566,0.6721786,0.12998782,2.9492555,0.11613679,25.790482,71.619896,0.99833184,3.4120216,0.8016236,10.022862,4.881122,1257.1354
1846,6.5829997,0.4309321,0.46051162,3.6886456,0.08080859,15.326585,13.986588,0.99836886,3.3890622,0.5001989,9.871948,6.247375,1199.5382
1847,7.267205,0.43000895,0.3927282,1.3404801,0.1126655,9.677677,50.130104,0.99847883,3.4359136,0.5759193,11.146673,6.1923018,1277.6968
1848,6.607509,0.6943273,0.27001274,3.6504512,0.08474032,25.54738,27.204567,0.99767214,3.1708262,0.541499,10.211483,5.2623396,1263.2252
1849,6.699862,0.35209545,0.45960408,3.4368393,0.11675931,9.259126,14.059849,0.9985342,3.4668472,0.49145344,9.570851,6.4754763,951.81494
1850,8.904835,0.56448406,0.39440143,1.4913579,0.09763167,15.196734,57.164135,0.9956867,3.3162794,0.7610559,10.829153,4.840149,764.3192
1851,7.5054145,0.35329548,0.412015,2.4941437,0.12273409,25.839527,14.858097,0.99546176,3.274115,0.5751397,10.977918,5.9387,433.2525
1852,6.600786,0.37133476,0.46049783,3.7522237,0.0823997,21.413116,13.935432,0.9977497,3.239756,0.49249116,10.416345,6.261554,827.1598
1853,6.5881577,0.5049162,0.45160905,3.7762158,0.12599063,7.6048584,17.83363,0.99858314,3.4589221,0.57722485,9.476043,6.253098,1263.0242
1854,8.590355,0.5093309,0.4493467,1.601433,0.110280596,25.68706,54.7456,0.9948709,3.4573731,0.51312464,11.504343,4.9101744,437.00937
1855,7.0660434,0.35260126,0.45866308,1.3035026,0.13180375,10.938056,14.161028,0.997034,3.4423578,0.502524,11.182053,6.464672,745.9035
1856,6.64845,0.61945784,0.3694228,3.8112347,0.12700966,6.748376,25.951723,0.99840647,3.3142633,0.653765,9.876393,5.863445,1134.019
1857,6.591018,0.36037442,0.4560925,2.6477196,0.12885429,23.509907,16.438234,0.99607706,3.2967618,0.7106687,11.316385,5.188499,1227.3715
1858,8.179733,0.5715938,0.32862154,1.8960876,0.089641765,21.91354,73.022026,0.9985766,3.3938158,0.69780743,11.036948,5.6273875,1209.8184
1859,7.2997437,0.6956737,0.37787357,2.5347764,0.12431314,25.652187,44.191948,0.99693066,3.1766593,0.6510553,11.1769495,5.18373,760.166
1860,7.651588,0.70303196,0.1925892,1.8413051,0.057445094,21.358244,24.774027,0.99513185,3.198975,0.7062052,10.9394,5.18961,549.44476
1861,8.102542,0.4826646,0.4573726,2.996304,0.07224808,23.066809,14.10047,0.995407,3.238957,0.5436086,9.887882,5.7391315,399.6295
1862,6.623514,0.39816764,0.4522172,3.6715863,0.12946646,23.166039,15.201647,0.99856806,3.3717532,0.5688234,9.450275,6.396076,1261.9545
1863,6.6044445,0.54293346,0.36245632,1.9333006,0.12657517,25.688295,27.575865,0.9985175,3.4538822,0.7091144,9.650765,4.853399,1187.6552
1864,6.598518,0.3905868,0.42539325,1.3833607,0.123093195,10.170105,13.98177,0.9960425,3.2057917,0.54496604,11.040501,5.4401727,1011.74274
1865,7.974699,0.4517088,0.13672669,2.8451102,0.1256645,5.6797447,77.69934,0.9950793,3.4656162,0.8160398,9.723721,4.950819,432.17743
1866,7.4362974,0.5338954,0.3837523,2.2155044,0.09538445,25.655567,23.285032,0.9975551,3.183983,0.58215773,10.821923,5.161662,685.6158
1867,7.258829,0.3556995,0.39795753,2.1465383,0.12969302,25.862144,16.386229,0.99666595,3.267035,0.55120754,10.00583,5.996162,1195.8168
1868,7.114276,0.63932604,0.41149727,2.7769275,0.13014528,23.442518,34.233547,0.9958468,3.3319998,0.6857374,11.275606,5.486401,547.5969
1869,6.8841867,0.48578465,0.2913678,1.5954311,0.13010521,23.996765,29.249468,0.99638665,3.2803583,0.5965116,10.350035,5.603905,837.4853
1870,6.600021,0.637355,0.40691236,1.7603176,0.0654662,25.815952,18.253866,0.99632525,3.1881754,0.61838096,11.50494,4.872116,1149.8752
1871,7.657437,0.363669,0.45879203,2.6347005,0.09674688,7.620407,13.9342785,0.9983978,3.2329104,0.49247703,11.174801,6.46932,1047.883
1872,6.679978,0.6243674,0.073572606,1.3316586,0.11208752,5.838711,76.96536,0.99549353,3.462047,0.8114197,9.398122,5.977168,450.704
1873,6.5801578,0.4110979,0.39817283,1.7467561,0.117961854,24.445602,38.25255,0.9977033,3.2883456,0.52453315,9.924985,5.3394957,1218.2852
1874,6.6456275,0.6122631,0.37819585,2.8952446,0.11759855,13.660412,67.59367,0.9977205,3.3526366,0.712193,10.152092,4.94407,1038.8798
1875,6.572996,0.4269735,0.45064896,1.4309099,0.13055806,8.560604,14.949398,0.9948847,3.2502666,0.50030404,10.045308,5.5994616,788.7116
1876,8.422389,0.51398015,0.45283592,2.2299743,0.059044927,17.626009,21.816422,0.99812114,3.4350452,0.54794663,9.962631,5.3851643,1241.0286
1877,9.638305,0.50089,0.17270897,2.0224338,0.11054846,12.693434,77.62486,0.9951972,3.4297335,0.8018782,11.070583,4.8870287,623.55066
1878,9.383478,0.56839097,0.42935556,1.4538565,0.06850815,7.6784687,77.252686,0.9985183,3.4667554,0.7764792,11.129093,4.9839306,1176.7026
1879,9.767575,0.35936606,0.4059077,2.6672945,0.11206822,5.526416,36.161274,0.99854,3.4654675,0.53591055,9.502467,5.969307,1267.9078
1880,6.563199,0.35220048,0.46067014,3.7939873,0.060562205,21.910772,13.931734,0.9985822,3.45158,0.48992142,9.38466,6.4633574,1279.4836
1881,6.7359743,0.61391306,0.34079167,3.7467244,0.11905407,11.624646,76.22018,0.9978408,3.4593313,0.77270675,9.744686,5.8212924,1048.6427
1882,7.049123,0.5353896,0.42964008,3.639649,0.11398038,24.37405,71.96121,0.9980015,3.3416123,0.6567959,11.102063,5.185502,1198.125
1883,8.1925745,0.41632283,0.45335183,1.440628,0.122557074,13.390861,17.853058,0.9975162,3.2090595,0.5057275,10.971951,6.2073464,1047.975
1884,8.52657,0.68056846,0.20936528,1.7452569,0.10904993,24.771791,63.355263,0.9974054,3.3964078,0.78512925,10.840469,4.9180303,522.4607
1885,6.686846,0.4416612,0.2237734,2.3370774,0.1325982,19.158047,51.727436,0.99493176,3.1675985,0.5434514,10.764632,5.084215,635.98474
1886,9.813209,0.6966015,0.07210292,1.2787135,0.12082167,24.574692,77.35611,0.99493414,3.1921868,0.7967481,10.1778755,4.910868,389.11737
1887,6.6963067,0.35541278,0.45899364,1.4366181,0.13080923,25.47062,14.018215,0.9972229,3.409116,0.5140956,9.414273,6.0298257,672.1936
1888,7.5476894,0.36707118,0.40773457,3.7009397,0.06727015,5.506274,62.14464,0.9985913,3.46641,0.7986298,9.366586,6.1058483,1244.6097
1889,9.52021,0.56757337,0.36370832,3.6200671,0.061013013,21.064703,73.970345,0.99650806,3.466182,0.8167698,11.459786,4.9247174,813.3211
1890,6.623468,0.35420173,0.4602308,3.792719,0.119999476,14.795629,13.986702,0.9959081,3.3917155,0.622644,9.628014,6.4593325,495.47522
1891,6.597776,0.35295752,0.4308681,1.2457708,0.13007267,5.550067,15.546274,0.9948329,3.1782846,0.50020844,10.782115,4.875868,909.98834
1892,6.757034,0.42850345,0.40052626,1.8093435,0.11536586,23.1741,47.469078,0.9965589,3.170417,0.5628713,11.307962,4.8554273,625.3339
1893,7.306356,0.36522746,0.4589421,3.4897208,0.11951017,16.194113,13.9292145,0.99569035,3.1882017,0.49006793,9.916467,6.470653,951.78326
1894,8.022697,0.38207886,0.438184,1.4211828,0.08603922,6.6755323,49.237766,0.995385,3.4450767,0.6421505,10.795273,4.9079366,1258.1445
1895,9.871413,0.3861921,0.43698743,2.7466853,0.13114446,25.427147,46.878193,0.998285,3.2940223,0.5187038,10.980458,5.076433,1279.4977
1896,8.862956,0.5428647,0.31616157,3.6344526,0.09854889,25.873781,41.09476,0.99507993,3.2000432,0.73885727,11.396756,4.840497,924.7298
1897,8.556879,0.6409492,0.29233927,2.6356,0.12471591,16.319176,76.263504,0.9950016,3.3272302,0.8092188,11.420907,4.911099,393.79745
1898,6.678904,0.6394134,0.43981263,3.6922834,0.11650283,24.267311,20.913551,0.9981566,3.2461443,0.70726895,10.130816,5.952589,1091.3811
1899,7.7059546,0.5084241,0.31677523,2.3703501,0.08532518,19.964125,69.711845,0.9979387,3.179615,0.5395836,11.33964,5.000319,1117.8584
1900,9.648118,0.38820848,0.15463932,3.0408313,0.090934485,17.698542,67.02353,0.9980682,3.4334273,0.79071695,10.888867,4.973311,1128.1096
1901,8.420565,0.49293,0.4543029,3.791106,0.111826055,14.836126,15.674885,0.99700636,3.2172244,0.5650689,11.363862,6.0458713,491.1663
1902,6.9905148,0.5249394,0.34133318,3.232715,0.108592,25.882402,44.060802,0.9950874,3.2677171,0.60155374,10.843635,5.7280726,416.2398
1903,8.042327,0.5642494,0.27690306,2.1361349,0.11964391,25.402649,67.21085,0.99486595,3.3830318,0.6374485,10.958288,4.856452,379.48837
1904,7.3298597,0.6741909,0.36930633,2.0971563,0.12289089,25.920073,77.158485,0.9977553,3.283785,0.6232496,11.374317,4.843878,703.8402
1905,6.63444,0.45068672,0.43528223,3.6494343,0.11114457,23.64479,14.540649,0.99821866,3.4611158,0.53543735,10.693738,6.4133434,1244.1477
1906,7.047783,0.36977705,0.13543965,1.3932415,0.12808359,22.412739,67.11095,0.99828047,3.4570272,0.82009584,9.375411,4.871288,1216.8215
1907,9.882756,0.6679966,0.08407156,1.3691084,0.11996947,5.67243,77.73222,0.9951643,3.4551454,0.7932926,10.861927,5.0640655,404.9705
1908,6.6523366,0.6999109,0.445898,2.2573662,0.058046564,25.281773,74.54046,0.9952626,3.1770246,0.7533342,10.788532,4.852808,870.5479
1909,6.767229,0.55470556,0.45918187,3.0136693,0.06362769,15.05002,25.828547,0.9950664,3.1694872,0.53790534,11.127672,5.1347823,877.9292
1910,8.490702,0.35369453,0.45919913,3.144316,0.11631052,15.781042,14.253761,0.99709255,3.466986,0.49432194,10.619146,6.446267,1055.3024
1911,9.605384,0.38138998,0.44880053,3.6717405,0.114261225,6.2859516,14.096743,0.9982141,3.4639869,0.5201552,9.604796,6.3401246,992.28253
1912,6.6589704,0.46254158,0.30094695,3.6445992,0.11396776,17.728111,66.19438,0.9985819,3.4481936,0.5724563,9.438789,6.134568,1265.4874
1913,7.928445,0.5552057,0.12717563,3.7270973,0.12841524,23.382233,19.843513,0.9967808,3.182229,0.64689857,10.533208,5.776272,466.58603
1914,8.549653,0.5182171,0.4592335,3.0364943,0.12424726,21.982935,15.535009,0.99842924,3.3933115,0.56959766,11.452061,6.403765,1135.2034
1915,7.3891754,0.3736187,0.4590978,1.7359102,0.122361146,8.183108,15.343241,0.997944,3.4381797,0.6684263,11.429698,5.793075,1216.6537
1916,8.047215,0.36883742,0.29956013,1.4262717,0.13293512,25.905975,76.58294,0.9967014,3.4588296,0.6391703,9.456249,5.3437657,477.24023
1917,9.855489,0.4586658,0.08792673,1.2203836,0.12014236,25.860542,76.766136,0.99583095,3.358009,0.808423,9.927481,4.8372703,402.55832
1918,9.629364,0.70717895,0.31007802,2.2407095,0.061809555,22.468325,71.2334,0.99734396,3.3349416,0.81847394,11.479769,4.8411937,692.488
1919,7.075194,0.3672195,0.451488,3.0046353,0.11441775,25.810059,22.054539,0.99503756,3.2060544,0.65436023,9.679256,5.631008,452.0597
1920,9.73685,0.667619,0.113998726,1.6105478,0.055968396,14.8112545,72.93622,0.997798,3.36007,0.7235619,10.049669,4.8461704,593.26355
1921,6.5642533,0.39609924,0.44997957,2.2583754,0.13078015,23.583227,23.696957,0.9956725,3.2188408,0.62685174,10.427505,5.050229,1007.8356
1922,9.95325,0.662347,0.082680464,1.2147954,0.10482836,11.540692,76.16252,0.99476975,3.1775563,0.81306136,11.45182,4.8398914,356.4118
1923,6.5984244,0.37995878,0.45520508,3.8232827,0.043330416,11.578238,14.056452,0.9985947,3.466815,0.5385958,9.370538,6.3902407,1278.733
1924,7.1896586,0.49119887,0.34117305,3.4612358,0.07973715,24.17592,74.93945,0.99826235,3.443817,0.73758143,9.92416,5.1988397,865.3267
1925,6.6072874,0.36492434,0.4420547,2.2481046,0.11956998,25.791332,20.00544,0.99570745,3.3556144,0.80825853,10.500967,5.037838,1240.1893
1926,7.0820346,0.51261955,0.36718118,1.7683961,0.12831314,13.169403,21.180588,0.9949909,3.2872374,0.5302554,11.476068,5.6684833,385.2164
1927,8.438073,0.67062324,0.27216557,2.6772816,0.046805188,5.6262712,71.385574,0.99638516,3.328472,0.679018,10.233157,5.102816,759.6914
1928,9.656869,0.6019211,0.20280313,2.5028102,0.049798246,25.931425,74.154434,0.99725085,3.1744447,0.57176566,11.26505,4.8837204,784.632
1929,6.586416,0.49525377,0.43552554,2.2032714,0.1322666,10.354026,37.952812,0.99655664,3.4208565,0.6046687,11.32489,6.077294,1233.8572
1930,6.5842443,0.35990098,0.45084286,2.4041853,0.12988897,24.822113,64.35234,0.9974194,3.3718827,0.61644155,9.416431,5.0337367,1066.7834
1931,7.4196773,0.37294734,0.45976007,3.776684,0.09209108,12.637255,19.194263,0.9985643,3.4569302,0.50934994,9.532307,6.4620323,1211.3921
1932,6.5684123,0.35225224,0.4605891,3.7583807,0.08379455,13.70793,13.932602,0.9985761,3.4122243,0.49402723,9.366844,6.470526,1264.3016
1933,8.230772,0.44916266,0.41136247,3.7076972,0.09822405,24.02275,20.952887,0.9958145,3.1957066,0.497377,11.50153,5.3309474,764.3707
1934,6.7923727,0.39266878,0.3932295,1.7964947,0.13325386,25.346975,41.114243,0.9949033,3.3108795,0.5830052,10.812963,5.4788795,512.58594
1935,9.468592,0.648124,0.28773656,1.5118461,0.053543728,15.756399,71.87136,0.995054,3.2237885,0.77219033,11.097543,4.858738,482.54102
1936,7.8727717,0.49213642,0.4296047,2.444766,0.11522765,10.677171,20.203255,0.99621356,3.4296777,0.51195574,10.012961,5.400592,1029.57
1937,8.727969,0.44035563,0.26858908,1.6549656,0.114775844,21.74647,72.27322,0.99512476,3.210108,0.805971,11.340244,4.8850703,554.7923
1938,8.724661,0.5460603,0.24798684,3.6772559,0.08371025,12.297325,15.1541195,0.99833757,3.2890441,0.50037307,11.100053,6.3731375,1230.6858
1939,6.8057065,0.3836964,0.42080647,1.580842,0.11917456,23.817595,15.12801,0.9958164,3.1817968,0.5297467,10.627889,5.6701455,1213.4414
1940,7.4286575,0.3617992,0.3299573,2.0340257,0.13232136,25.937355,34.43661,0.99544597,3.195372,0.7196868,11.445832,4.851624,1187.5754
1941,8.449228,0.4487975,0.1985549,3.670912,0.10666334,15.401177,68.644585,0.99580705,3.3608074,0.79505444,10.37464,4.9468126,382.34134
1942,9.887434,0.49280676,0.15653975,1.3052721,0.10409315,24.100405,20.226582,0.9947815,3.179967,0.6145716,10.785567,4.980411,387.4815
1943,6.866153,0.54236656,0.14120351,3.3847904,0.092391916,22.331877,71.315636,0.9985811,3.4516509,0.80568534,9.383705,5.00042,948.4501
1944,7.4196835,0.45511904,0.4398205,1.9568338,0.13150425,25.426685,16.290514,0.99512815,3.4001083,0.6681555,11.081052,5.742838,356.3853
1945,7.1523113,0.53200686,0.39596304,1.5502344,0.10192861,8.671315,71.180855,0.9954379,3.4325962,0.77257204,10.661472,4.948292,534.6688
1946,6.7311125,0.5799222,0.45458373,3.8178048,0.07707263,14.231658,17.113552,0.99855846,3.3857646,0.6207238,9.62609,6.4477124,1279.2162
1947,7.821884,0.70530635,0.41026193,1.2262242,0.04369161,24.031809,68.64474,0.99797356,3.1660924,0.72124964,11.109807,4.840085,1229.1772
1948,9.94995,0.70153403,0.073461354,1.2143905,0.12656806,25.891808,77.72302,0.99598265,3.3604975,0.813534,11.476492,4.8397374,1240.1235
1949,9.466782,0.7050578,0.18368165,1.3481017,0.08943955,14.149619,75.85264,0.9951329,3.260778,0.8072127,11.436673,4.8956842,391.12885
1950,9.193266,0.3909733,0.3545809,1.6509356,0.1225302,21.535221,73.52396,0.9970684,3.4638715,0.7961292,10.378202,4.931394,773.8236
1951,8.402063,0.6697526,0.25901437,2.8097289,0.12194158,17.919441,77.54252,0.996318,3.4609585,0.81622905,11.433789,4.920462,376.29175
1952,9.211393,0.46623895,0.25905567,3.3692229,0.097927265,10.001466,77.29663,0.99812365,3.4645567,0.72731805,9.46856,4.881477,1257.2654
1953,7.0284333,0.6453195,0.42395777,2.5281436,0.105724484,25.309967,15.947653,0.99694204,3.1711757,0.50126624,11.505674,5.818841,1265.5386
1954,9.937505,0.35494155,0.29897836,1.5325397,0.11476207,6.7661276,77.13559,0.9955821,3.4244726,0.679005,11.276337,4.8969436,362.04584
1955,6.6669197,0.6822769,0.45825878,3.654703,0.10922449,9.372957,16.368008,0.99844354,3.4198563,0.75997466,9.625463,5.9222245,1226.222
1956,6.9240026,0.35782942,0.4597042,3.016557,0.122665375,7.651866,13.942865,0.99569535,3.2857366,0.49406916,10.447968,5.5537643,1273.8911
1957,6.5881033,0.64571875,0.44330606,3.6597903,0.104666404,8.050809,13.982487,0.99854934,3.4556592,0.5237293,10.259495,6.4274817,1266.5269
1958,9.313177,0.5295183,0.36921805,3.6774597,0.09708651,7.1102657,59.67613,0.99650615,3.370255,0.53481203,11.436587,5.234739,863.98566
1959,8.294085,0.60043776,0.14006649,1.3437471,0.12591702,23.30747,75.91205,0.99520797,3.2036986,0.55685997,11.456611,4.84239,944.9285
1960,9.718891,0.67891484,0.21265483,3.7828054,0.11167463,25.34034,74.104294,0.9971254,3.194884,0.79372025,11.502069,4.970201,804.1168
1961,6.594469,0.35951808,0.449435,1.4325693,0.12213459,17.960882,16.780146,0.9958142,3.3208296,0.5285678,10.551596,4.9170146,1033.7223
1962,6.840207,0.521698,0.4459548,3.0855374,0.1291467,25.72936,15.885635,0.99620914,3.1641722,0.6551772,11.055925,5.5231423,710.4245
1963,9.252425,0.6928831,0.24692611,1.2454668,0.065935194,25.928038,50.316067,0.9953511,3.293198,0.6249465,11.497652,4.878063,510.00327
1964,9.689385,0.66834563,0.13356344,1.2205223,0.05157722,22.223131,64.55837,0.9948193,3.167052,0.81922513,10.502175,4.8398414,583.5763
1965,7.559476,0.5246384,0.44858202,3.0013103,0.12583177,25.836903,17.973993,0.9951596,3.1615393,0.5032282,11.458649,5.1044455,598.1453
1966,7.7717805,0.6350425,0.45395294,1.3289028,0.13192338,22.657763,14.636147,0.99479043,3.181673,0.49636605,11.377649,5.4779763,397.51132
1967,6.637111,0.35433656,0.45997137,3.4949248,0.07518943,5.530381,14.099968,0.9982638,3.4662569,0.67613673,9.5139885,6.435642,1265.6882
1968,6.6598997,0.66821146,0.45237303,3.7402534,0.059754055,25.743755,44.10833,0.99754065,3.2533836,0.57759666,10.958747,5.0516906,1227.615
1969,6.660671,0.36980563,0.46018022,3.655359,0.07688771,25.15018,17.922369,0.99859154,3.4663482,0.60249037,9.647482,6.112747,1275.1005
1970,6.8206997,0.39151672,0.44524977,2.9790697,0.09609746,8.578823,43.62143,0.9984378,3.4573328,0.74957836,9.429478,5.5781746,1275.3481
1971,7.9469295,0.5254753,0.2465844,2.8101172,0.1277457,6.7550516,74.83679,0.997725,3.4600253,0.80788875,9.564265,5.051589,582.60144
1972,6.697881,0.35354885,0.45469373,3.8060277,0.12700394,25.877388,19.739557,0.9985397,3.425355,0.69025874,9.5957,5.311066,947.7294
1973,6.581351,0.35742044,0.16996539,3.7582583,0.13244526,20.156086,63.58508,0.9959682,3.422109,0.73502445,9.365241,5.588081,647.2949
1974,9.219471,0.5446391,0.45269558,3.794931,0.07268987,11.37552,21.680552,0.9985509,3.4667215,0.52835846,11.133767,6.2321515,1162.3258
1975,8.690554,0.62051994,0.4261777,2.1210792,0.12160463,6.854163,65.43529,0.99779254,3.462223,0.71112645,10.606068,5.625108,863.11176
1976,6.8321404,0.3565878,0.4536546,1.8766297,0.12823007,25.019003,15.746498,0.99727005,3.451723,0.6888768,10.444604,6.0879,1088.0632
1977,8.076035,0.5267762,0.23123945,2.051112,0.055248734,10.965107,58.816013,0.9958364,3.3641284,0.73828846,9.599312,5.381513,667.2631
1978,6.9310484,0.4402787,0.44788295,3.649941,0.095803075,20.30844,22.249762,0.998004,3.3070583,0.60952824,9.389563,5.49006,1187.688
1979,7.834337,0.67954624,0.2969502,3.516406,0.07086195,25.787092,42.645,0.9979714,3.2594283,0.6158824,11.397015,4.9535656,1023.00995
1980,6.599617,0.37810075,0.45911226,1.8532788,0.12644154,25.475805,23.266212,0.9983118,3.2095625,0.4960042,10.68035,5.602656,1266.5325
1981,6.574937,0.38599992,0.46040425,3.7557762,0.061438613,25.838793,14.30681,0.9981839,3.3477085,0.49431038,10.219214,6.0554104,1211.491
1982,8.887608,0.37549734,0.40026882,1.3051046,0.09739789,25.724117,56.865498,0.99513173,3.1920266,0.67488337,11.391098,4.8954353,1178.6409
1983,9.406347,0.5883946,0.4596906,3.7264373,0.058293175,24.810963,15.184261,0.9976718,3.3904629,0.49750698,9.837897,6.3441777,509.35483
1984,6.79741,0.3529722,0.45848852,2.4950807,0.096790045,6.2485847,37.10004,0.99856836,3.4648933,0.59001565,9.629102,6.0220194,1219.4875
1985,9.752252,0.70421946,0.4093751,3.6960323,0.06529278,25.23181,62.914032,0.99830645,3.2970262,0.545483,11.460288,5.257181,824.90704
1986,9.08036,0.46451256,0.27047727,3.1779034,0.07767254,12.917126,74.141914,0.9976447,3.384249,0.7904117,10.012271,4.9827175,1138.5839
1987,6.5988593,0.39029035,0.45481437,3.2243485,0.043600593,5.6392717,21.134886,0.9985931,3.4656932,0.7015973,9.439518,5.472237,1278.2333
1988,8.271449,0.57453775,0.35232037,1.2943181,0.12359937,12.9725,58.368156,0.99501354,3.321427,0.785214,10.344396,5.3275685,484.59912
1989,6.61229,0.39163992,0.42289138,1.273696,0.12840338,25.004896,15.492462,0.9979565,3.245566,0.6271435,11.509634,5.0949006,1194.8981
1990,9.909161,0.6567857,0.28153417,1.290918,0.060682047,5.999072,77.41067,0.99859434,3.467038,0.70054334,9.438132,4.8782096,1277.4911
1991,9.502198,0.6904944,0.1345667,1.3444151,0.11271311,8.370817,64.50069,0.99544334,3.3714416,0.78569645,11.483035,4.8704605,461.3409
1992,6.6212907,0.41010833,0.45807835,3.0197783,0.11896625,16.669912,14.397991,0.9964445,3.3453448,0.54981124,11.079837,6.3956995,559.0725
1993,6.6738915,0.41221726,0.30327892,3.1990502,0.12535636,7.2303324,18.721529,0.9976523,3.4664302,0.7616356,9.461912,6.3731246,1058.3126
1994,6.7658405,0.39309406,0.4533468,2.326162,0.10946141,25.893246,14.173016,0.9948535,3.1677446,0.51299524,11.505019,5.081656,922.9878
1995,9.290442,0.49025637,0.30174306,1.27932,0.041799746,23.569979,76.37215,0.998557,3.318844,0.7842584,9.380585,4.8544564,1054.5127
1996,6.872855,0.3603839,0.42269662,3.7432146,0.105113044,24.43351,14.368183,0.9981368,3.4033132,0.59318346,9.668463,6.1273475,1093.2694
1997,7.865624,0.69780886,0.13306092,2.6626086,0.13102528,25.401995,76.2817,0.99591666,3.4481936,0.78392774,11.450966,5.090606,1197.3647
1998,6.607043,0.4732792,0.46059394,3.3681,0.043819495,16.80756,23.678284,0.99839675,3.1637683,0.49877325,11.415769,5.246709,1259.5863
1999,9.403685,0.35277674,0.4483966,3.672763,0.065351926,8.198005,76.92017,0.9983896,3.466686,0.81140816,9.515294,4.8936987,1154.4688
2000,6.6677833,0.37077385,0.45918626,3.5989702,0.07785865,25.433102,16.281342,0.99857116,3.4400206,0.5152782,9.3962555,5.2932982,1268.9438
2001,8.811368,0.566906,0.093762845,2.241426,0.12651862,24.9688,77.4888,0.99680895,3.4139957,0.7864131,10.967904,4.9224415,1034.2872
2002,9.68874,0.5062423,0.35788873,2.1143262,0.07593997,17.33562,75.114784,0.9980783,3.216727,0.7053527,9.846278,5.1779757,1241.3702
2003,6.8134813,0.35275805,0.45819607,3.798028,0.10409013,20.486414,13.936136,0.9985958,3.3954298,0.49101925,9.379823,6.4754214,1266.8386
2004,8.893905,0.6850864,0.11264135,2.2138088,0.12788197,25.89119,31.850447,0.99480766,3.1674042,0.6793843,11.507677,4.9028835,352.5861
2005,6.5702586,0.36127257,0.458663,3.039522,0.1330095,25.84315,14.555796,0.99493194,3.1679196,0.5258139,10.896481,5.5604215,1061.28
2006,6.6907964,0.40488166,0.4565897,3.4570181,0.06410152,20.794353,17.50132,0.99858665,3.280607,0.49671003,9.992597,6.437377,1275.5697
2007,7.080161,0.69755673,0.41264507,3.2839367,0.088784344,25.548155,50.616383,0.9971143,3.1678042,0.67627573,10.437991,5.6735907,715.9169
2008,8.574063,0.42838234,0.43996254,3.7543533,0.095176116,10.630694,77.732025,0.9978767,3.4568903,0.8006964,9.560369,4.9135733,1094.7772
2009,9.949732,0.65113366,0.21782818,1.6309566,0.044864584,25.88243,76.07495,0.99503154,3.1637223,0.76985115,11.473783,4.8377333,960.9865
2010,9.803713,0.36287212,0.44994602,3.4667988,0.13141862,22.884834,61.296303,0.9985906,3.4642634,0.6803709,9.72566,5.5574007,956.1493
2011,9.105451,0.4530965,0.41645014,3.4271927,0.1303308,23.06724,53.24021,0.9985869,3.4646487,0.7488987,9.36823,5.712027,1272.3506
2012,6.622286,0.49132183,0.3863652,1.7405132,0.07898141,25.273531,74.69423,0.99842554,3.259837,0.7458626,10.362375,4.919913,1156.0574
2013,7.196135,0.45631352,0.45977768,3.1619606,0.12653157,5.759528,18.103083,0.99655056,3.46673,0.63074434,11.302575,6.24914,1096.2559
2014,7.3986135,0.46261704,0.43633845,3.1583338,0.122501865,12.519897,21.396336,0.9949654,3.1823065,0.58160204,11.279816,5.0996804,774.40247
2015,9.222504,0.35976696,0.4508483,1.4138062,0.08713006,13.141772,30.518126,0.9948823,3.4264975,0.716501,11.047693,5.5518904,809.61786
2016,7.1093197,0.47648874,0.18657953,2.922966,0.13310097,10.376742,73.91436,0.9972522,3.4248302,0.78262615,9.417538,5.19128,1078.06
2017,6.5885453,0.51394755,0.45469984,1.6404175,0.12397398,16.334429,29.435677,0.99823,3.424089,0.6010742,9.396832,6.4566445,1052.0898
2018,9.588198,0.37865627,0.4527097,1.2424971,0.04372542,9.512159,14.690132,0.99834037,3.3786764,0.6385247,11.493487,5.1168904,1276.3656
2019,7.5221586,0.60350275,0.31336033,3.165147,0.12663412,24.946127,37.687553,0.9971231,3.4449675,0.77158475,10.221222,5.0880084,395.61298
2020,9.056364,0.35294703,0.39450878,1.2453367,0.13104069,5.5328712,14.390617,0.99707955,3.4139187,0.50089204,9.762797,6.235665,1248.5594
2021,7.9938893,0.65466815,0.16935596,1.2651404,0.107266195,22.116673,60.46385,0.99531615,3.1615338,0.7269922,11.504614,4.8452024,1239.9225
2022,7.0941644,0.3538288,0.45600542,2.2075152,0.1285411,19.531546,13.9557705,0.9948087,3.4050064,0.49045703,11.486625,6.4194922,905.16925
2023,6.615943,0.5243007,0.3238899,3.6444943,0.13013685,24.849337,59.75408,0.9977412,3.466215,0.81106263,9.7220125,4.897281,1166.883
2024,8.383984,0.7041156,0.08795291,2.1595929,0.08706709,25.913164,76.14234,0.99749887,3.1866477,0.7696007,10.516026,4.9101653,1245.0813
2025,9.074882,0.7006912,0.08109252,1.22291,0.058648076,25.849665,76.44089,0.9948561,3.1616905,0.79169214,11.467306,4.839177,1178.8853
2026,9.586055,0.37447482,0.37787536,3.616751,0.11231706,7.208454,76.33295,0.99804646,3.4629743,0.6260832,10.504086,5.2945895,610.83655
2027,6.6231136,0.44282147,0.45834124,2.713795,0.053902302,21.58616,13.959637,0.99568725,3.1702156,0.494687,11.447208,5.223815,1232.3632
2028,6.629929,0.40667155,0.39527312,2.9659266,0.09134853,12.498001,28.184046,0.9968182,3.33263,0.69511956,9.448061,5.15712,1211.3767
2029,6.659166,0.6864767,0.45735523,2.0308053,0.12276083,25.546011,16.713238,0.9950786,3.1614408,0.5090521,11.462303,4.927694,986.1182
2030,7.0206604,0.35549834,0.34153324,2.9144366,0.12508097,7.7786045,64.231346,0.9974986,3.4641547,0.73471195,10.31193,5.7485948,389.5053
2031,6.6124244,0.41942325,0.43180797,1.3916036,0.12373889,11.047965,22.206514,0.9951097,3.284808,0.65015996,10.190894,4.899336,494.1799
2032,6.5994587,0.52359134,0.4524467,3.357539,0.06271228,20.103426,20.175306,0.99826056,3.2842062,0.5155311,10.906224,5.0306783,1232.3083
2033,7.4245877,0.50910693,0.37791896,2.631766,0.07170834,10.737372,15.699175,0.99804807,3.3935177,0.5512346,10.802254,5.854895,1263.2218
2034,6.6584086,0.5711971,0.36491355,1.7824423,0.051334172,25.718271,42.205452,0.9979853,3.176102,0.67401713,11.3581915,4.870793,933.9043
2035,9.620649,0.36307415,0.12863792,3.1409347,0.1197931,5.9277544,61.469185,0.9957021,3.3256826,0.7328242,9.967477,4.867557,415.19333
2036,7.138224,0.59819317,0.17876765,3.3913383,0.082607456,25.87474,27.804583,0.99816465,3.1767724,0.51449054,10.4210205,5.057364,1156.2592
2037,6.9878078,0.3744324,0.35402328,3.3773713,0.11695926,16.962841,26.347065,0.998583,3.4647362,0.586679,9.414388,5.923563,1243.0642
2038,8.746324,0.70514977,0.35889563,3.0406466,0.1026367,16.614422,34.47428,0.9985859,3.4305172,0.8172924,9.384935,5.8112884,1006.4594
2039,6.6661487,0.45948133,0.31319368,2.1442313,0.10866064,19.644022,76.367226,0.9961803,3.3432965,0.7318836,10.762321,4.913512,518.6528
2040,7.883747,0.36902884,0.45982733,3.5246916,0.10799161,5.8645697,14.886969,0.99856263,3.4568422,0.4951676,10.137939,6.4528174,1224.8369
2041,6.6104007,0.7083062,0.15860724,1.2259402,0.042683236,24.65787,63.685314,0.9979294,3.182712,0.79925907,10.584277,4.8452983,1244.666
2042,8.336503,0.6856581,0.17664623,2.8334787,0.0634489,21.4446,75.28027,0.9985817,3.4623568,0.8005116,9.612307,4.9144845,1005.2428
2043,8.512332,0.51113576,0.15954871,3.7194161,0.10360241,19.123915,77.0212,0.9984114,3.450402,0.7615873,9.3902235,4.902632,476.27112
2044,6.631282,0.41677985,0.45184305,3.3288987,0.06050991,12.678733,16.400328,0.9984416,3.4494982,0.6963742,9.456605,6.0281043,1196.0027
2045,6.5632377,0.35869512,0.45942974,3.82209,0.0660419,7.058222,15.246967,0.9985959,3.4670444,0.7192471,9.365103,6.4216413,1278.1454
2046,7.9181123,0.53655803,0.35241514,1.7653058,0.12036696,25.016308,27.267784,0.99623245,3.4231966,0.73877597,10.801504,4.996563,805.57544
2047,9.1139765,0.67861265,0.0973358,1.2259706,0.097611,25.925356,63.285465,0.99612916,3.3164718,0.76938957,9.881162,4.9060464,1016.2208
2048,6.585,0.37784547,0.4590513,3.255768,0.12383084,24.577147,14.049225,0.9985577,3.463148,0.4904594,9.405411,6.4130564,1027.887
2049,7.1851544,0.43215236,0.3792653,1.4926481,0.08968833,16.062517,67.48075,0.9965515,3.1665442,0.6669755,11.468588,5.004274,629.9683
2050,9.079792,0.35621065,0.1426348,1.2238249,0.09727414,6.0034504,77.1085,0.99619955,3.4377306,0.8128202,9.424505,4.908733,1256.9722
2051,9.101371,0.47012976,0.18203454,1.9395804,0.11429708,20.61498,25.878244,0.9969989,3.1923108,0.70529205,11.310234,5.030507,1209.1663
2052,8.122129,0.44534826,0.41234586,1.3643701,0.13300416,25.664923,33.039776,0.9962406,3.407938,0.5596071,10.862336,5.274382,1120.0803
2053,6.573153,0.3529189,0.45694473,3.7984083,0.082077615,5.5320787,13.98591,0.99859595,3.4669957,0.49284238,9.373733,6.4688005,1280.1692
2054,6.582526,0.40631798,0.45665357,1.921063,0.13084204,22.598124,15.465761,0.9950599,3.3476012,0.5706907,10.843739,6.2987227,702.1384
2055,9.910331,0.6601636,0.13437827,1.2405598,0.062479787,25.515682,77.67839,0.99643564,3.4081995,0.7832418,11.440108,4.8386264,409.54227
2056,8.690897,0.44285116,0.35685223,3.2586105,0.1304182,24.626732,22.45883,0.9976925,3.4074304,0.5663881,11.418746,5.5353904,828.04767
2057,8.673559,0.6962277,0.08829346,1.2160096,0.10349141,21.040255,58.82737,0.994882,3.1628902,0.75436825,11.322518,4.8601327,837.7844
2058,8.199566,0.35245457,0.45116982,1.5123961,0.12679632,6.077058,17.025331,0.9976617,3.457799,0.56966025,10.186191,6.038209,1096.7296
2059,6.565747,0.3523102,0.4602309,3.618188,0.10683201,9.541831,13.955965,0.9981878,3.4658983,0.5061947,9.369451,6.4265747,1258.1682
2060,6.614642,0.35297784,0.460088,3.7077808,0.094460964,17.986176,13.936131,0.9975881,3.3480265,0.56613845,9.396816,6.4369555,989.90704
2061,6.5753536,0.5124072,0.45573613,3.5395646,0.10924724,19.664787,14.006279,0.99599606,3.2714822,0.6089756,9.67844,5.646599,973.91705
2062,7.5074472,0.36665338,0.45514223,3.4736965,0.12228532,12.171433,16.291655,0.9968948,3.4565997,0.5180515,11.014977,5.825632,1139.7614
2063,7.1806617,0.48868027,0.42121702,1.378334,0.10875245,24.28062,69.267624,0.9961344,3.1712682,0.6395063,11.493834,4.920022,637.69037
2064,7.6926994,0.35421625,0.31489095,2.5679095,0.124267496,7.6656446,54.143852,0.99655694,3.4662828,0.6808067,9.394443,5.718325,404.3648
2065,9.78501,0.5506747,0.250766,1.2305756,0.07896551,9.033047,77.366844,0.99477875,3.162802,0.60473543,11.411986,4.9196715,800.33795
2066,7.4156184,0.3820325,0.4218629,3.4052615,0.09224649,11.388801,33.92006,0.9985934,3.4655938,0.5416717,9.453096,6.4024243,1269.1401
2067,8.0338335,0.4574787,0.35084355,1.38757,0.13059601,6.6187305,48.579582,0.9958484,3.2670696,0.75765043,9.7914095,4.9315844,401.15536
2068,6.574235,0.4099505,0.44822904,3.6562781,0.10361368,13.135247,16.692167,0.9984416,3.446341,0.545874,10.242477,5.036457,1151.8887
2069,7.8319693,0.3753436,0.32055968,1.4594122,0.1271767,23.213243,19.957872,0.99497783,3.1775138,0.52300835,11.406848,5.1971183,565.9652
2070,7.2128415,0.44152242,0.44682655,1.7053659,0.12709334,6.0178213,15.749868,0.9948518,3.229123,0.49506795,11.35505,6.005144,683.66144
2071,6.8180523,0.6916166,0.4248853,3.821619,0.06215975,25.934635,68.71377,0.99856323,3.463004,0.51448816,11.309573,5.3372116,1257.9116
2072,6.810776,0.4233185,0.42644715,3.155385,0.12779534,22.358341,15.907286,0.9985842,3.3781612,0.54287255,9.370136,6.4386797,1268.758
2073,6.7118917,0.6820847,0.40169606,3.800738,0.11144473,7.3213787,75.325966,0.99854714,3.3645027,0.63972145,10.130803,5.3594337,1231.1722
2074,7.186401,0.51063836,0.3512799,1.6589619,0.12140594,23.325584,35.30914,0.9947907,3.1667936,0.578281,11.446524,4.911073,560.8204
2075,7.726848,0.67852724,0.27188852,3.1693945,0.07131755,24.111298,57.79217,0.99677306,3.18504,0.71379966,11.037735,4.924369,1186.6415
2076,6.7712975,0.41086334,0.45487773,3.723363,0.098756544,10.343068,14.551708,0.9985517,3.4344335,0.5327339,9.375122,6.4091063,1270.5602
2077,9.706584,0.67071223,0.4470977,1.2670296,0.1111921,25.588736,76.17956,0.9971761,3.3472867,0.7765312,11.285602,4.8432083,955.72626
2078,6.770028,0.35496357,0.44434237,3.722542,0.09608012,25.872961,43.838524,0.9985778,3.4647596,0.66269475,9.365447,5.050787,1266.6139
2079,7.057959,0.46293223,0.44493172,3.7721868,0.047226094,25.263256,36.982376,0.9985019,3.2374442,0.7730083,9.890724,4.8768425,1231.8168
2080,6.7619023,0.43711358,0.45522875,3.6553133,0.12380136,9.946997,15.091576,0.99741954,3.4377577,0.5137797,10.449369,6.1619186,1246.5726
2081,6.644985,0.61533165,0.45919895,1.8382747,0.12164152,22.219938,13.953379,0.9962469,3.164196,0.5004454,11.1108675,5.425122,985.5674
2082,6.688668,0.4997922,0.37452543,2.0348382,0.12851937,19.769783,72.53795,0.9959774,3.455416,0.7884243,10.998543,4.898665,987.2006
2083,6.584972,0.35291803,0.46007144,3.5533636,0.11058616,9.607526,14.40361,0.99844277,3.4371538,0.51190597,9.37217,6.4488807,1265.8453
2084,9.130384,0.58045423,0.4090679,3.5730143,0.11121597,19.385307,60.221058,0.9984321,3.4625254,0.78161985,10.347031,5.2222185,1191.0485
2085,6.641805,0.36972836,0.4581701,1.6414675,0.123413965,21.95447,13.939283,0.99614924,3.1940851,0.49154449,11.461186,6.454974,742.2079
2086,9.598739,0.57099783,0.3670838,2.865475,0.066615224,5.8402042,50.673782,0.9963775,3.4402726,0.7266677,10.541655,4.855302,674.61237
2087,6.9516826,0.5549009,0.3677009,1.3833901,0.120745994,22.563427,57.838013,0.99542576,3.2705433,0.66644084,11.481851,5.108638,1059.0817
2088,6.8699703,0.67514086,0.09523918,1.3060304,0.0672654,24.664127,54.266262,0.99836355,3.167064,0.7222161,11.219126,4.8596616,548.1991
2089,6.867141,0.5877389,0.44035193,2.6308649,0.086573035,8.062716,13.944542,0.99786055,3.419882,0.51317763,10.775639,6.3567533,1229.8546
2090,6.5997367,0.6193489,0.4463384,3.7760394,0.040012147,7.331973,16.324556,0.998595,3.4603727,0.6222326,9.367533,6.3679857,1279.1063
2091,7.0256042,0.6617917,0.16357577,2.3470855,0.10870645,25.306519,19.351837,0.99489695,3.1662714,0.55154324,11.268012,5.2450724,562.58167
2092,6.584812,0.42056832,0.46009484,3.7637892,0.12650117,19.63552,13.933336,0.9984175,3.3270037,0.49768984,10.851127,6.4724736,1243.7318
2093,7.7846265,0.6836522,0.39548463,2.8988612,0.09807232,13.543619,54.956394,0.995469,3.2114017,0.66800094,11.309596,5.322268,764.0451
2094,9.632611,0.66810405,0.12581924,1.4956821,0.07162896,6.466729,76.685524,0.99636084,3.4592712,0.8091573,9.472587,5.1391973,890.78986
2095,7.523893,0.5525062,0.4596747,3.2102957,0.048054427,22.712122,20.409048,0.99584806,3.2137272,0.5302684,11.203023,5.4338713,712.6997
2096,7.734366,0.4212778,0.33609673,3.0930004,0.07585146,22.931879,74.29137,0.99780107,3.1978173,0.49962777,11.339748,6.2618766,995.87646
2097,6.5885563,0.48306626,0.42632663,3.391824,0.08296309,23.287294,58.40014,0.99813956,3.3806255,0.71678567,10.794482,5.5238323,1064.2615
2098,6.5792117,0.5996727,0.4589773,2.7344697,0.05394894,21.512314,13.972307,0.997737,3.2667036,0.49968082,9.959974,6.2438354,1250.7048
2099,7.197493,0.38907346,0.45438474,2.1540163,0.073885,22.325195,15.9835205,0.9966059,3.3330052,0.49775797,11.165565,5.8281927,1053.1842
2100,7.5616903,0.56495154,0.102281556,3.4529853,0.112330854,25.517313,44.638493,0.9975841,3.1666791,0.7160389,10.029794,5.549801,1245.44
2101,6.6731014,0.42062625,0.4343615,1.3995637,0.119737886,10.787641,21.955194,0.9977096,3.2385492,0.57040185,9.774786,4.938683,1164.539
2102,6.581354,0.3549399,0.4555388,3.822006,0.12946914,23.325977,13.931318,0.9985922,3.4621553,0.5086553,9.374441,6.4676847,1270.3811
2103,6.965455,0.58328956,0.44571906,3.3814352,0.05964815,9.142549,69.314835,0.9985724,3.4459207,0.6346419,9.591026,5.5683503,1274.7666
2104,9.919375,0.7009101,0.07240999,1.2255226,0.04500527,5.503911,77.74407,0.9968296,3.4314826,0.8216305,10.177341,4.8411946,619.1994
2105,6.7627797,0.6873567,0.4500353,1.795387,0.051125143,8.819007,41.853138,0.9958104,3.1657262,0.5273406,10.283006,4.9142327,1008.98254
2106,9.2516365,0.38809082,0.11257705,1.3014436,0.058856305,5.486431,57.29547,0.9981153,3.460119,0.79460543,10.325413,4.9615893,1019.3683
2107,9.195568,0.52898496,0.24549264,1.4909407,0.100071624,18.435963,50.35116,0.99555206,3.3051202,0.5995994,9.995281,5.089032,529.85706
2108,6.65107,0.6060225,0.41845638,3.7649596,0.12007268,25.883785,66.46358,0.9984255,3.1819222,0.7064095,10.291,4.8458586,1260.179
2109,6.715797,0.35411277,0.46027923,3.7928767,0.10982117,13.517704,17.14317,0.9984862,3.46259,0.4950717,10.7100935,6.46595,1195.3053
2110,6.9174643,0.38052225,0.3492433,3.5093372,0.1308759,18.655052,71.8529,0.996602,3.2589383,0.74679124,9.558822,4.8981943,866.14844
2111,9.89797,0.66129947,0.4100304,1.8245531,0.058501415,19.131735,77.54768,0.99494517,3.4188619,0.59818566,11.403666,4.8417506,652.8888
2112,9.93598,0.7095826,0.08514376,1.273524,0.07437787,9.25932,77.74648,0.99541724,3.366576,0.81843716,11.273572,4.8552427,921.2727
2113,8.612523,0.36865443,0.093565404,1.6162041,0.13256499,25.289686,61.63579,0.99479836,3.1743112,0.6505847,10.77438,5.375381,358.13474
2114,9.820981,0.6014048,0.08576439,1.3341048,0.1279099,8.477157,77.31931,0.9950285,3.2883718,0.79777974,11.482371,4.862819,618.1817
2115,7.352335,0.4129377,0.45650023,2.9047549,0.07731984,20.45339,15.288517,0.99582225,3.2600062,0.5409715,10.481367,5.368182,540.2234
2116,9.29738,0.3564697,0.21246402,1.8388913,0.13331309,11.269707,15.2781315,0.9958199,3.4199271,0.53708756,11.490943,6.1619844,826.1891
2117,9.613293,0.7016166,0.3433296,1.5103863,0.108213216,24.231873,76.800896,0.99578804,3.4333022,0.70103365,11.504208,4.8470964,797.54333
2118,7.127795,0.7080229,0.38664594,3.7716048,0.058914717,25.936636,41.810284,0.99537957,3.1623719,0.7534459,11.500337,4.8525634,1154.5682
2119,6.58381,0.38026258,0.43068418,2.53308,0.11948738,16.848083,20.108158,0.997997,3.4237597,0.5705229,10.116377,5.343631,1222.1582
2120,6.6015053,0.38809898,0.4546195,1.6498023,0.07499556,9.338279,75.243484,0.9966556,3.4216628,0.607094,9.470729,5.570456,985.7187
2121,9.291629,0.68764657,0.14467835,1.2290435,0.081127785,6.7579393,77.749664,0.9948844,3.4666715,0.81357425,10.4215555,4.838413,691.947
2122,9.1091,0.39158234,0.4562093,1.217277,0.07820177,15.891592,14.300673,0.99814785,3.44334,0.4949901,11.325091,5.375575,1279.3392
2123,6.566601,0.45372498,0.45563504,2.9668689,0.08886763,9.827154,13.929819,0.99702626,3.168215,0.4926145,11.4540415,6.4270377,1224.1075
2124,6.569375,0.3724703,0.4576064,3.4669414,0.124671586,24.456997,14.037418,0.99776554,3.1826975,0.5168725,9.407003,6.3958364,1034.0448
2125,9.72965,0.69648844,0.073900625,1.6303322,0.0656479,25.697582,77.74011,0.9985915,3.4289675,0.769027,11.031521,4.9759855,1269.7642
2126,6.6892614,0.36433497,0.45264003,2.619479,0.12819342,5.6331987,15.292414,0.99852425,3.4630933,0.50626624,9.469619,6.45275,1272.6462
2127,8.858486,0.6167108,0.17983793,1.2825323,0.105957635,25.539194,74.59464,0.99809587,3.372784,0.787412,10.82244,4.8654003,865.53064
2128,8.3558,0.55068994,0.33298394,3.453606,0.09427291,25.91818,20.666521,0.99479187,3.1652217,0.7009278,11.282438,4.8752484,445.33435
2129,9.747158,0.67809653,0.24083701,2.2768927,0.08604214,22.953176,77.70491,0.99732393,3.4464824,0.81676424,10.296335,4.868306,397.42178
2130,6.5748563,0.70459586,0.4605587,3.8186774,0.04112334,21.310595,14.030262,0.99847794,3.1702795,0.49674946,10.337658,6.3113847,1160.0519
2131,6.8903484,0.40068242,0.45882627,3.701564,0.1158491,20.710989,14.062286,0.996032,3.2460437,0.4922427,11.416835,6.3785486,1190.3912
2132,9.821828,0.70728076,0.089560315,1.9779693,0.09945346,6.6077547,77.24789,0.9956199,3.4509451,0.7863913,9.8182535,5.015113,358.21356
2133,8.305567,0.5991932,0.15620993,1.2319554,0.0830124,14.224085,49.883957,0.99489266,3.1674993,0.68003017,11.106955,4.890204,543.90497
2134,9.924515,0.35222444,0.4055654,1.354498,0.09183085,22.036757,77.02704,0.99786603,3.4638124,0.60776263,10.424679,4.966071,958.27716
2135,6.7793975,0.42350897,0.45668477,3.3752115,0.077622294,25.274149,14.040207,0.9973008,3.1619344,0.49122894,11.510959,5.472717,1165.3416
2136,8.441622,0.69652295,0.256463,3.388366,0.050149627,6.347701,51.399258,0.99559766,3.3079526,0.76516145,9.647995,4.9373913,523.4482
2137,7.757327,0.3521696,0.46064302,3.82309,0.074667305,6.0317707,14.146442,0.99859536,3.4650137,0.5160112,9.478266,6.4660215,1274.8453
2138,6.620524,0.3869975,0.24935333,3.6496272,0.058772534,5.551317,15.013025,0.9985824,3.46603,0.7853316,9.3667755,6.3698626,1272.2045
2139,6.569132,0.35340163,0.45249623,3.3534,0.12934704,25.802704,14.460073,0.99675167,3.3989172,0.5146513,9.413593,6.1541333,1116.3962
2140,6.56537,0.3748002,0.45816,3.1698775,0.13311373,11.198873,14.883398,0.9985831,3.2914824,0.508813,11.028316,6.2234206,1268.4371
2141,6.5775905,0.5205182,0.4575105,3.220446,0.08941962,25.342987,22.292376,0.9984672,3.39345,0.49420327,10.237356,5.070698,1273.0441
2142,9.288037,0.6935648,0.07238215,1.2165658,0.13119341,24.844988,77.62603,0.9949236,3.1719568,0.7943182,11.4730835,4.8379636,553.1604
2143,9.341551,0.59377563,0.43762684,3.6673276,0.04529495,24.487814,71.44077,0.9982471,3.4648304,0.80095327,9.518338,4.9282007,579.84283
2144,8.496754,0.3529441,0.41792074,1.2506635,0.13079554,24.208357,13.9929085,0.994807,3.1667256,0.49535593,11.449053,5.5158534,608.7051
2145,6.571404,0.36825275,0.29368863,1.8573918,0.1306272,8.964884,42.66818,0.99510336,3.321507,0.6473523,9.700891,5.92734,812.79193
2146,9.047777,0.6918486,0.22520019,1.2623609,0.05459796,25.813412,76.81611,0.99547327,3.1666281,0.7428835,10.893875,4.8401675,1078.145
2147,6.578025,0.3696759,0.45910364,3.4324443,0.10709712,25.931013,14.223923,0.9981618,3.1632578,0.5044665,10.500569,5.3696527,1112.9633
2148,7.3872952,0.63188434,0.27874452,3.4331632,0.120011404,25.595703,76.70962,0.9981389,3.1700342,0.67062604,11.132943,5.333028,1273.0596
2149,8.594532,0.695999,0.40548006,1.8121324,0.06407552,9.998157,22.841942,0.9950678,3.412451,0.76103497,11.190929,4.9749537,602.749
2150,9.018232,0.7075548,0.10829766,2.039559,0.08714933,25.677526,70.58053,0.99844575,3.4542432,0.79512894,9.566354,5.238412,465.52133
2151,6.600208,0.48716348,0.46035564,3.8159492,0.11236465,10.140159,14.260975,0.99859005,3.460722,0.4928887,9.378456,6.4177957,1258.5361
2152,8.67071,0.54964286,0.14338441,2.07796,0.12486744,17.063484,77.497345,0.99564326,3.459807,0.63759005,11.178752,5.068022,392.6638
2153,6.8541193,0.38570398,0.40752137,1.614765,0.12812142,15.241739,65.170715,0.99789995,3.4629176,0.7649439,9.821349,6.373697,970.90643
2154,9.859879,0.6088233,0.2997289,1.3176038,0.043619066,15.955172,75.81835,0.9977517,3.4583478,0.79337364,10.013538,4.997074,1259.3838
2155,7.6092577,0.52940047,0.30350935,3.541328,0.07782557,19.744026,64.6934,0.9981319,3.2030509,0.5806745,11.151327,5.8950944,1113.6785
2156,9.028065,0.45760345,0.379082,1.3506346,0.11242814,5.8025026,17.619453,0.99488413,3.3932137,0.5277837,11.259771,6.06696,691.6964
2157,6.677527,0.56185514,0.44016957,1.3286723,0.11849228,24.649488,48.344063,0.9985032,3.4230666,0.67908585,10.389488,5.0464954,1113.8231
2158,7.029382,0.60677874,0.24492621,2.4608586,0.123765625,19.320951,76.1309,0.9977816,3.4220705,0.7233538,11.294398,5.177988,844.9987
2159,7.47582,0.6971051,0.43935826,3.4873474,0.097637996,21.838312,45.98621,0.9953559,3.1822855,0.5198113,11.4509945,5.4377565,650.85657
2160,7.81052,0.5452795,0.31186277,2.8804142,0.11588604,25.902266,57.413616,0.99515015,3.2220304,0.7756907,11.397414,4.845864,457.70282
2161,9.948877,0.69963443,0.071038604,1.2191542,0.09693529,13.216618,77.74985,0.99572194,3.432043,0.82140625,10.959354,4.8491445,354.7054
2162,7.2558618,0.35231733,0.44789186,1.2358909,0.12810221,20.367203,14.127722,0.9948304,3.448064,0.4993638,9.804879,6.330101,476.06793
2163,9.8926735,0.6137356,0.449811,1.3418092,0.124246486,8.934849,61.84278,0.9950919,3.3781023,0.5918188,11.437127,4.840664,1227.925
2164,7.9302254,0.49502537,0.07230857,1.4015324,0.10059662,25.908205,77.07685,0.99856913,3.2889333,0.7808949,9.531007,4.8540297,1094.9993
2165,8.284763,0.43488866,0.07273887,1.2154708,0.102945484,25.673758,76.04835,0.9966456,3.177491,0.73661524,9.392966,5.274376,764.1126
2166,8.600949,0.46101695,0.08598572,1.6245419,0.12986016,15.060252,76.967316,0.9985743,3.4565005,0.7350594,9.778974,4.943132,1229.3008
2167,9.434185,0.70467293,0.11401023,2.2976565,0.10216201,25.934984,61.58438,0.99480766,3.165159,0.73925656,11.47936,4.8724093,879.0354
2168,6.6297603,0.36336392,0.43934843,1.392218,0.09801694,15.540659,18.854048,0.99624103,3.398735,0.53740025,10.074078,6.1890216,948.50256
2169,9.532458,0.57906336,0.08532651,1.2711579,0.0715086,20.489098,77.60352,0.9967628,3.1871235,0.7592248,10.471358,4.999517,1267.366
2170,7.321364,0.57369983,0.450484,2.2987883,0.12261567,19.864765,34.28286,0.9958899,3.4423485,0.504653,11.457928,5.7287245,1195.2213
2171,6.667715,0.35422933,0.45892817,3.5145717,0.12477844,25.588017,14.328407,0.9985698,3.449818,0.53335106,9.704247,6.402876,1236.4475
2172,7.1371765,0.40980598,0.4223667,3.4278216,0.07154985,11.370748,52.57815,0.997901,3.4545095,0.7255296,9.858907,5.0252347,1258.4487
2173,7.1128745,0.69201785,0.26490876,2.9342353,0.124371335,8.292305,64.73066,0.9955045,3.1739504,0.6610042,9.917033,5.0360317,936.8826
2174,6.8856635,0.48895067,0.45988044,3.7473075,0.074959494,25.865274,15.315964,0.9984557,3.1806319,0.509536,11.318273,5.0621676,1272.8501
2175,6.6369014,0.53811926,0.45308664,3.4326925,0.045457922,5.7083597,21.104351,0.9985672,3.4670286,0.55043066,9.3961,6.0064635,939.2257
2176,9.853076,0.6149301,0.07373169,1.214497,0.06668517,6.00768,76.13844,0.9965489,3.4664764,0.82121265,9.4674,4.853492,871.85547
2177,9.942779,0.7098525,0.07226026,1.5010867,0.040360793,25.848783,77.72462,0.9984143,3.4214292,0.8200149,11.2468195,4.837675,969.48267
2178,7.2891765,0.3720398,0.44703728,3.2499015,0.12211965,25.591448,20.983849,0.99828804,3.4578996,0.53076607,9.713801,6.181896,1061.7734
2179,7.0460153,0.69763476,0.44673094,2.0481374,0.048175253,24.610872,55.220993,0.99776894,3.1614628,0.5528846,10.857424,4.8896756,1104.8389
2180,8.640068,0.6576485,0.18960607,2.4102137,0.09441423,6.501669,46.200634,0.9965683,3.1697795,0.5490777,11.347755,5.200057,707.3053
2181,6.702167,0.44865897,0.42304415,3.7364223,0.11613878,25.598827,37.178818,0.99548435,3.4275355,0.66857177,11.444578,4.966485,839.0168
2182,7.0029573,0.4162595,0.401464,2.8101509,0.13014781,24.06941,29.487778,0.99726325,3.2918527,0.5474041,9.837848,5.6220155,697.542
2183,7.0761905,0.43976077,0.41261572,1.3106756,0.081019364,24.512032,66.7512,0.99542755,3.1930697,0.6288148,10.511779,4.854293,1207.3163
2184,6.6828713,0.620539,0.454175,3.7794113,0.1263896,21.03726,14.986156,0.99856347,3.2993479,0.52814114,11.437228,6.43017,1202.7748
2185,6.584813,0.3884816,0.4472928,1.8325925,0.1176706,25.921133,14.10294,0.99760985,3.1635106,0.55342156,9.371368,5.242196,1160.0701
2186,6.7404017,0.49105164,0.21387866,3.6715474,0.12295606,13.4251995,60.9697,0.9978474,3.4000561,0.7126597,10.800092,5.8852344,545.80237
2187,6.5643635,0.57505846,0.45891976,3.7271023,0.06599217,6.742173,15.458187,0.9985948,3.4582186,0.63657945,9.399246,6.4221487,1278.994
2188,6.742136,0.41267988,0.34032705,1.7507519,0.12139151,14.552386,18.608679,0.9979265,3.4395585,0.6240649,9.494606,5.018832,1136.5431
2189,6.7888474,0.62253743,0.43838406,3.4817348,0.1319558,11.861157,14.40148,0.9954553,3.4172099,0.54780847,10.6079855,5.2829847,600.60876
2190,9.787139,0.6131037,0.22597776,1.2277806,0.12761022,7.1519585,75.57644,0.9947924,3.214623,0.5683479,11.433628,4.851876,670.58405
2191,8.398542,0.6896941,0.07943608,1.9403934,0.10602955,18.201567,77.73777,0.99548984,3.2570791,0.820467,10.237011,4.8528605,477.62405
2192,9.802909,0.6796954,0.33397764,3.6333191,0.11538964,24.274496,63.97063,0.99854344,3.379596,0.70772004,10.909996,6.4629583,804.5789
2193,9.544349,0.6988314,0.088072956,1.4987811,0.064285696,9.054074,77.687744,0.99844646,3.359283,0.81633735,11.4046,4.843003,1252.5026
2194,8.129876,0.63237363,0.19577327,1.3102814,0.11790592,20.353643,42.909153,0.9949773,3.2310784,0.7541997,11.213168,4.915007,738.4582
2195,8.259038,0.6567596,0.21876536,1.32931,0.09400516,25.899916,77.317955,0.9950264,3.2090812,0.78900665,11.501509,4.85204,418.91577
2196,6.8892756,0.3661098,0.40786162,2.7600555,0.10770397,9.309,50.625103,0.99846745,3.409127,0.65308887,10.098358,5.165327,1233.8892
2197,6.569177,0.4155751,0.36096743,3.0684085,0.1092331,25.04076,17.78805,0.9974602,3.3849947,0.7694405,9.385298,5.047157,1195.6418
2198,6.7410264,0.5970739,0.4284462,3.8050673,0.06176381,25.497976,24.044727,0.99827707,3.1622458,0.49347633,9.672412,5.3618793,1218.9004
2199,6.9437118,0.3586358,0.45954284,3.8124268,0.11372288,23.327444,13.967524,0.9982151,3.3806398,0.4946503,9.539368,6.3915286,697.6378
2200,6.6406274,0.66596884,0.44931594,3.8041735,0.06623773,24.506496,15.854578,0.9985887,3.2973962,0.5052192,10.126024,6.125084,1279.5837
2201,9.902839,0.4814662,0.14428473,1.2208296,0.116551995,13.227921,76.7563,0.99478394,3.164906,0.5706521,10.924457,4.843385,454.3858
2202,8.043626,0.55240977,0.4066059,1.57977,0.06105165,24.89955,26.690786,0.99660647,3.288046,0.63548654,11.387576,5.1121798,1255.1897
2203,6.6500053,0.49515128,0.25186408,2.4434543,0.12435516,20.139078,40.17511,0.9981939,3.2002296,0.8053668,10.079375,4.8671885,1237.3441
2204,6.7371583,0.65181315,0.17405938,2.2920418,0.13036093,25.464312,41.075577,0.99485356,3.358714,0.6816046,10.144322,5.441773,487.3983
2205,6.815965,0.497782,0.40748227,3.2975693,0.11387503,25.278208,76.58906,0.9985673,3.430122,0.7122824,9.539059,4.8834176,1250.3417
2206,7.113864,0.44023472,0.45389515,1.4560423,0.08121597,25.122814,21.568468,0.99636453,3.1726804,0.5815061,11.072941,4.9543486,1047.1262
2207,6.6452394,0.3561689,0.45652837,2.6112933,0.13069385,17.19132,15.374645,0.9962287,3.4552298,0.50407386,9.525984,5.851983,811.2998
2208,6.8550987,0.44297695,0.40225986,1.480749,0.08400939,23.529545,66.57331,0.99669814,3.1727505,0.6564841,11.473431,4.8496323,1040.5874
2209,6.807031,0.37627423,0.42337766,2.535413,0.097174786,15.740616,18.51535,0.99831086,3.4419084,0.6248773,10.134924,6.057155,1241.0659
2210,8.214706,0.3776799,0.36742088,1.9716301,0.11534219,25.04806,56.02434,0.9947949,3.4200354,0.6935441,11.491348,4.9097743,538.991
2211,6.630484,0.35674715,0.46045965,3.7135637,0.10762944,20.64044,13.942539,0.9973086,3.2292025,0.49145818,9.48213,6.3233256,1226.9365
2212,9.569854,0.6929645,0.16035613,1.227216,0.1263705,25.910551,76.5698,0.99527514,3.1654336,0.80501354,11.513171,4.837308,942.46075
2213,6.775244,0.6988729,0.23301767,1.4953384,0.07593434,24.087795,71.58975,0.9984003,3.187336,0.71975994,10.937199,4.8819857,1260.8865
2214,7.056239,0.58769697,0.25749356,1.2652396,0.101440586,25.241217,75.934715,0.99809706,3.1813745,0.79538506,11.35901,4.854922,1006.8029
2215,9.336308,0.5565329,0.15261085,1.3982495,0.10912081,6.0372543,74.83731,0.9950482,3.4429922,0.71988875,11.075922,5.54907,614.8053
2216,7.2037673,0.47244215,0.17781682,1.6294203,0.12004707,24.691324,59.174133,0.9983389,3.4112716,0.5232993,10.830958,4.955261,1279.1155
2217,7.8964024,0.7088392,0.37727872,3.3824124,0.10537117,25.357521,25.549007,0.9948673,3.1933918,0.66899323,11.433194,4.976351,378.56577
2218,7.510482,0.35227963,0.45993963,3.4132955,0.13140295,6.8185987,13.95566,0.9959618,3.4560637,0.4934755,10.071592,6.4487004,422.39145
2219,6.978135,0.39460233,0.44309026,3.2036734,0.118802026,23.1842,33.71115,0.9953035,3.2812054,0.76197904,11.036157,4.8974705,550.6501
2220,6.854786,0.5120323,0.4301761,2.4128025,0.05637883,25.927973,18.625824,0.9948415,3.177062,0.60529685,11.391789,4.951721,389.60175
2221,6.6186275,0.4703734,0.4422767,2.5503821,0.13242501,21.651533,55.903084,0.99778974,3.1734307,0.52306545,9.57966,5.9268775,1261.2218
2222,9.118861,0.3550428,0.13810068,2.7054405,0.096388616,8.738857,76.65511,0.9985776,3.3934245,0.7985792,9.79652,5.1602335,1257.3047
2223,7.237422,0.35241914,0.45678344,2.742792,0.11271795,5.673561,26.514147,0.99854636,3.4629097,0.55032736,9.4140835,6.3559446,1181.8103
2224,6.759775,0.37951997,0.46053296,3.822379,0.08303674,10.300267,14.421488,0.9985958,3.4670208,0.49344313,9.43203,6.424251,1277.5813
2225,6.695358,0.35484678,0.45915306,3.6548507,0.11995954,6.1282806,14.149349,0.9985899,3.4667928,0.5087882,9.406236,6.463863,1244.861
2226,7.593779,0.6259166,0.24934208,2.4245968,0.1194585,6.8005934,21.050787,0.99538684,3.4414232,0.53865325,11.150035,6.3258595,1163.8806
2227,7.4697585,0.6532563,0.43546385,1.3588711,0.059359424,13.493615,54.61129,0.9948974,3.175668,0.6176689,11.320246,4.8470592,1247.1188
2228,6.853956,0.37576345,0.17884925,1.8976034,0.11883182,15.044408,26.499632,0.9949012,3.1797826,0.6748696,10.088716,5.2487235,496.18173
2229,6.70991,0.42575493,0.36257747,2.9317853,0.097028345,25.660057,73.23794,0.9983383,3.4384437,0.68061537,9.625036,4.8863616,1257.5692
2230,9.815579,0.62112623,0.09066181,1.6876637,0.11124453,7.390212,77.448586,0.99816954,3.4201145,0.8092923,9.437207,5.267054,768.1141
2231,6.87666,0.6955781,0.4528025,3.1004403,0.07373229,17.790606,38.212486,0.9964553,3.2825649,0.69950664,9.786511,4.8712673,1097.8345
2232,6.778467,0.3903451,0.43580797,3.1863186,0.09913885,5.948161,36.644226,0.99604154,3.284737,0.50325394,11.408469,5.769754,800.54425
2233,7.2629547,0.35769165,0.23876049,2.1129963,0.11310969,10.686586,35.923176,0.997594,3.3856375,0.6464316,9.3862505,4.9117975,1044.341
2234,8.321444,0.45879725,0.41691718,1.7240248,0.12828065,12.060286,14.833038,0.99508,3.2929597,0.5549607,11.492005,5.3810983,858.2732
2235,9.782934,0.7051615,0.08555058,2.5679967,0.13176413,22.383787,66.617516,0.9951503,3.359984,0.7749379,11.234009,5.0230126,418.40414
2236,9.794285,0.67347574,0.090820834,2.2385745,0.12295109,25.620829,77.287544,0.99751353,3.3216298,0.8159829,10.34348,4.8942575,474.09412
2237,7.0511394,0.36072585,0.2638424,1.7989413,0.13041545,25.761349,19.482456,0.9955235,3.245182,0.52507603,9.91348,5.3295546,632.72894
2238,7.9098983,0.5365043,0.45068985,1.4006677,0.10090334,18.250181,19.187231,0.9952072,3.2169254,0.5903076,11.4244375,5.1873975,756.6287
2239,6.8017135,0.43442294,0.3835806,1.7911477,0.1245128,25.743277,40.88966,0.996871,3.282472,0.56468385,9.481011,4.9843526,1180.0768
2240,8.135165,0.5957741,0.11438528,3.2295547,0.13123843,25.592052,77.27966,0.99525905,3.2182534,0.7788207,11.477064,4.8428893,735.868
2241,6.6008554,0.39328253,0.39530656,2.048882,0.12552102,11.084075,14.1998825,0.994948,3.1694708,0.5098852,10.583144,5.786915,1133.8915
2242,9.802646,0.696946,0.15934382,1.3268117,0.13047802,25.70348,70.2275,0.99477756,3.1636457,0.67818755,11.5122385,4.844441,376.43625
2243,6.5708857,0.59952414,0.44757605,3.8157828,0.11030447,18.804628,15.444895,0.9984512,3.2012525,0.50879544,10.121916,4.934744,1270.6604
2244,7.5211387,0.6689511,0.23464419,1.7174275,0.1188833,20.283146,67.46498,0.99481833,3.2175157,0.5817697,11.450353,4.942425,403.5284
2245,7.007542,0.4675291,0.4379959,2.9854093,0.09735218,7.2407503,21.721096,0.99519974,3.2898493,0.52867013,11.000126,6.207588,492.25876
2246,9.93553,0.69132966,0.31832886,1.2247775,0.1323091,25.64236,74.999084,0.99478745,3.162418,0.67627984,11.512507,4.844121,473.4652
2247,6.8087196,0.36081296,0.41536242,3.7860878,0.12058461,20.936325,18.38204,0.998264,3.4644396,0.5878893,9.501737,5.7164474,1024.1317
2248,6.7856784,0.69002676,0.38366404,1.2231262,0.12874514,25.055567,31.175043,0.9953393,3.2322295,0.69393015,10.1586895,5.047925,531.8101
2249,6.656761,0.3534347,0.2399392,2.363388,0.07349793,5.4914484,22.557487,0.9985879,3.4641497,0.7202831,9.410891,6.454088,1279.416
2250,8.387404,0.60341245,0.27561888,1.350058,0.12564044,6.6118965,77.13861,0.995304,3.414529,0.79457605,10.240505,4.8500013,411.47263
2251,8.612284,0.40457085,0.40482458,3.7184913,0.109525025,12.1278305,45.012657,0.9960223,3.3099701,0.5697233,10.824849,5.595396,1099.6847
2252,6.77505,0.6251492,0.4449163,3.387089,0.11557913,16.708845,14.304621,0.99631923,3.1922274,0.5044956,11.481995,5.632798,988.53156
2253,8.971503,0.5137951,0.33376786,1.2461524,0.121438675,17.900972,77.383446,0.9957154,3.2108963,0.6836933,11.139305,4.8983006,514.07697
2254,6.7566347,0.6332447,0.2655654,3.0977945,0.10443914,19.563532,70.03718,0.9984483,3.3036807,0.651632,10.010437,5.1595545,982.3969
2255,8.136077,0.579834,0.41247854,2.2334068,0.12897739,23.897728,15.857422,0.9955301,3.407116,0.6982974,11.472398,5.737791,816.5544
2256,8.276111,0.4215919,0.27278346,1.3379759,0.1331124,11.329164,33.02937,0.99478793,3.4395902,0.5988071,11.457649,5.417235,378.48114
2257,7.131469,0.48184255,0.34996086,3.394358,0.10152366,21.482038,77.65173,0.99857116,3.4663665,0.8013964,9.369361,4.9048223,1257.3702
2258,9.308469,0.4938062,0.36544058,2.2975411,0.12631036,24.016687,69.201324,0.99514514,3.230964,0.67983997,11.510693,4.8769383,367.01245
2259,7.239499,0.35544142,0.30268526,3.6099555,0.13331956,18.513031,22.951757,0.9975187,3.4398103,0.7185632,9.944206,6.388954,543.3734
2260,9.781758,0.47146893,0.40300804,1.9662868,0.04261601,20.265205,75.830055,0.99858904,3.424476,0.58942133,9.3774,4.902673,1102.0247
2261,8.263928,0.5596906,0.41374162,3.714068,0.11359937,25.921766,57.87467,0.995047,3.1831102,0.7215681,11.495789,4.8702955,471.54367
2262,8.634431,0.39520225,0.45598528,2.7019937,0.123888865,22.17308,26.851282,0.9957882,3.3332648,0.4958474,11.47352,5.602416,932.7867
2263,6.7356176,0.35969314,0.455334,3.0464313,0.1153957,25.778627,16.14205,0.99792486,3.2351258,0.56203103,9.607167,6.076236,1035.6711
2264,6.570181,0.35843438,0.44448996,1.3852916,0.13283588,25.213495,17.556068,0.99577975,3.4255667,0.6832075,9.42307,4.9499407,1173.829
2265,7.55655,0.3912845,0.45123726,2.4118395,0.10293895,24.6586,29.420195,0.997052,3.1963084,0.5617691,11.429098,5.139603,759.5786
2266,8.14813,0.5231445,0.4024051,3.7573938,0.047583405,25.828123,23.266186,0.99690324,3.161938,0.49460137,11.326562,4.9961314,1028.1256
2267,9.499966,0.7048079,0.07718681,1.3821833,0.052400336,24.4887,77.72406,0.9981966,3.3413444,0.8187636,9.744963,4.8424654,1190.8256
2268,6.7726607,0.3886911,0.08803858,1.7059939,0.12235289,25.17974,64.611755,0.9978357,3.4335382,0.8177259,9.372033,4.883245,737.01306
2269,6.952421,0.42894614,0.21888909,2.5696409,0.1312992,25.639145,38.70459,0.9949191,3.1771894,0.804089,11.439363,4.8892417,442.35272
2270,7.2291465,0.38093308,0.33887908,1.2261295,0.1331156,24.560045,14.299454,0.99477684,3.1970959,0.5181419,11.400056,5.2964272,480.67538
2271,7.2545695,0.5955984,0.23646942,1.5359557,0.12542985,23.105639,43.342716,0.99839115,3.4054763,0.7736784,10.894599,4.932695,1273.0594
2272,7.7095366,0.4910248,0.4147724,3.8183186,0.08626148,8.335154,48.17534,0.9984576,3.4462202,0.58592916,9.849988,6.026201,829.97205
2273,6.564831,0.3559079,0.4595276,3.8226666,0.107566364,7.329689,13.979523,0.9985772,3.3971064,0.4935648,9.372763,6.2314525,1277.2216
2274,7.5718865,0.49009395,0.44960126,1.2444149,0.0781885,14.663793,19.743252,0.99482006,3.1705253,0.50916904,11.34785,5.112351,577.11597
2275,9.57627,0.35983318,0.4564378,1.771358,0.12084657,5.4805603,14.124453,0.9979805,3.4668186,0.4903433,11.481158,6.262297,1265.2955
2276,7.3639503,0.5231326,0.3750306,3.2532823,0.05465361,21.501158,49.829758,0.9981566,3.1738038,0.68203396,11.241664,4.861945,1256.1608
2277,9.069264,0.671916,0.20664491,1.2827424,0.09839771,23.873604,76.75549,0.99700344,3.1675553,0.78314704,11.373596,4.861861,1121.3884
2278,6.8633,0.35301036,0.45126805,3.4929655,0.112559296,5.561904,13.96925,0.99841833,3.4656155,0.54537976,9.38304,6.40915,1197.2107
2279,7.323923,0.3652986,0.44644356,3.6984458,0.11069203,25.176088,55.14292,0.99844116,3.433116,0.66220385,9.578512,6.2029176,1259.4547
2280,9.566661,0.6361525,0.11547814,3.2611697,0.13012046,18.557459,77.666405,0.9951746,3.286198,0.8061233,11.469536,4.9302783,505.9804
2281,8.203436,0.5596594,0.45917946,3.654228,0.04574454,6.25284,18.108128,0.9985807,3.3702068,0.5029415,10.4138365,5.8168755,1274.024
2282,8.015212,0.6887361,0.40581194,3.6619017,0.041040048,25.767878,77.041855,0.99856055,3.455692,0.72506887,9.592415,5.45235,964.5791
2283,6.601884,0.4011972,0.4429702,3.2960784,0.10027162,10.887305,14.00316,0.99658656,3.4254687,0.5982043,9.494275,6.329082,1101.9142
2284,8.614114,0.6954263,0.37668198,2.3249886,0.10754194,24.6911,46.9314,0.9948778,3.1626062,0.700201,11.454879,4.8594384,445.85248
2285,8.80932,0.6168238,0.45364583,1.4721735,0.11929074,25.707167,16.935085,0.9947863,3.1627948,0.51753825,11.491672,5.615285,706.7303
2286,7.289094,0.38367662,0.382738,3.298752,0.06751197,16.721188,65.37857,0.99843806,3.2056952,0.6459848,9.792734,5.022877,1033.4279
2287,6.8716125,0.41292506,0.4528434,2.2280936,0.07355227,6.755975,15.243738,0.9977032,3.416135,0.4979656,10.445073,5.9749737,1257.2213
2288,6.988295,0.36657628,0.44154394,1.7889568,0.11837352,24.947338,19.36352,0.9982314,3.4329612,0.54366964,9.590273,5.420511,1272.3793
2289,7.4498534,0.3708671,0.45928556,1.4145156,0.12651977,21.282404,13.94265,0.9948002,3.2605891,0.49534458,11.495263,6.200091,400.56052
2290,6.70692,0.42917034,0.4305992,1.3464901,0.13312279,11.494471,50.244377,0.9954997,3.4105656,0.5887906,10.237227,5.847823,472.35126
2291,8.631968,0.36777166,0.4424722,1.8812064,0.13288778,11.078966,15.770681,0.99825156,3.3661535,0.5216396,9.811508,5.9525666,1266.5652
2292,6.8086185,0.40709606,0.45758045,1.4947307,0.119049154,10.921274,16.294712,0.9967572,3.2420716,0.5059935,9.711147,5.717409,1277.986
2293,8.82381,0.4527744,0.2950173,1.8582436,0.10476787,17.779432,36.94915,0.9960819,3.4466648,0.80000216,10.016443,4.901299,903.94183
2294,8.11602,0.6563844,0.45379663,3.799518,0.05109108,21.891182,19.189705,0.99853224,3.1698043,0.49478203,10.098814,5.167403,1270.3142
2295,6.579448,0.52945477,0.45958424,3.4691553,0.119151115,25.842537,13.937458,0.9948217,3.3239224,0.54980683,11.424731,5.9360104,567.05206
2296,6.945962,0.3549417,0.46055353,2.4597795,0.1184381,18.260036,24.25522,0.99836445,3.466897,0.5820526,9.3685465,6.06106,1252.1589
2297,9.459827,0.6727767,0.07365018,1.2354863,0.090053454,24.964289,77.71194,0.9961026,3.2835371,0.80068076,11.478033,4.837217,602.65814
2298,6.640588,0.5937666,0.30921453,2.4345121,0.122310616,17.639032,46.168114,0.9947731,3.258858,0.76433915,11.432837,5.0682664,371.7082
2299,6.5637174,0.5183581,0.43059623,2.9311726,0.06945932,25.572119,47.33818,0.9985917,3.1961436,0.6195524,9.812747,4.885344,1276.9984
2300,6.756548,0.47104996,0.2034373,2.4675004,0.13339576,23.125673,59.042244,0.9983904,3.430754,0.6469709,10.009627,6.2405477,1096.3007
2301,6.5958586,0.374674,0.41330755,3.5855982,0.13149187,22.837326,15.276028,0.9972212,3.4397414,0.5981427,9.746325,6.33709,1071.0709
2302,6.8890395,0.4007399,0.44129613,1.4286716,0.12791824,24.419956,32.67254,0.99527985,3.3156898,0.7486442,11.350519,5.0959687,363.47073
2303,7.8429394,0.6314077,0.44924882,1.7799702,0.07822261,10.279117,70.32387,0.99542874,3.2382035,0.65181047,11.210553,4.9349413,595.9895
2304,6.622883,0.6010578,0.45385158,3.0445538,0.09648657,15.232992,25.36835,0.9982363,3.25563,0.5327949,11.440788,5.9840546,1203.705
2305,8.769568,0.5892022,0.21711214,2.9214022,0.051728386,5.522746,28.12322,0.9979399,3.4644866,0.80606556,9.447249,5.229835,1178.5543
2306,7.7285285,0.3521761,0.45143148,3.6376553,0.12657534,11.649135,14.650091,0.9983892,3.4382985,0.5423136,9.397601,6.45851,1168.6549
2307,7.424226,0.48375344,0.39998752,3.5405705,0.047985356,5.641163,22.206087,0.9984093,3.465908,0.65525866,9.526111,6.2965884,1264.6655
2308,7.8197494,0.6437772,0.09072833,1.2211868,0.121901006,22.475122,77.12034,0.9948393,3.1744316,0.7593476,11.156988,4.8430815,418.0837
2309,6.943993,0.4387832,0.44015384,2.2307441,0.13328438,22.662365,16.111145,0.99479204,3.3818207,0.5049329,11.411507,5.8774676,369.9988
2310,7.1089516,0.4377511,0.43078738,3.7645829,0.12911072,25.788637,46.661865,0.99852544,3.4617372,0.67370117,9.682155,6.110722,921.8403
2311,8.348701,0.62663084,0.34211338,1.7477566,0.12084248,25.834429,68.7706,0.9948101,3.1917543,0.7521857,11.429639,4.8815556,375.9708
2312,9.024048,0.7097008,0.23301871,3.49195,0.059171055,18.825024,77.735596,0.9985069,3.4643424,0.80953217,9.467371,4.883106,609.4978
2313,6.570386,0.3592808,0.4606604,3.8215873,0.058813315,6.3626328,47.559883,0.9985961,3.4669595,0.49026355,9.390514,6.46161,1279.9658
2314,6.7974715,0.41223234,0.45773983,3.7483664,0.11739659,22.887499,14.107754,0.996702,3.2125168,0.49535194,10.88794,6.457021,976.11084
2315,6.7801123,0.3664249,0.4180449,1.4276541,0.12214015,25.274675,17.531984,0.9953588,3.4483368,0.6758828,11.3906,5.0561514,509.4079
2316,7.1674657,0.37330616,0.41404358,1.3308518,0.13104075,23.438744,33.408268,0.9950833,3.2767816,0.6043057,10.057387,4.9884167,1166.2544
2317,7.2436757,0.5454197,0.17637396,1.2878469,0.11362899,25.567669,72.066895,0.99534535,3.2110531,0.6811715,10.072908,4.9096704,946.99835
2318,9.712132,0.57933825,0.08589527,1.3998578,0.12248117,9.152919,56.94629,0.9960624,3.4666164,0.79277384,10.074772,5.989976,1010.5125
2319,8.842926,0.41964215,0.44845894,1.3136618,0.08594532,6.392934,73.335175,0.99744034,3.253812,0.59572154,10.864518,4.9344006,1186.7509
2320,6.5957284,0.63063866,0.40041965,2.8819194,0.12040526,22.66153,45.409985,0.9963154,3.2200835,0.61916643,10.654747,5.126038,970.4841
2321,6.7085605,0.36073783,0.4082823,3.6594017,0.12423338,11.114945,26.36662,0.9982082,3.461468,0.70412314,9.732788,5.8789377,637.54114
2322,7.7877812,0.63140255,0.101176396,3.3292384,0.06368035,11.095316,15.762566,0.99858546,3.457802,0.72615254,9.465416,6.418458,1170.9812
2323,9.086307,0.6655241,0.2989459,1.2228861,0.118307985,25.457329,72.44765,0.9949574,3.1713972,0.7339834,11.498124,4.8581915,1105.7106
2324,7.681973,0.6134018,0.23831064,3.584493,0.12722601,25.675344,37.526947,0.99799526,3.2040713,0.7497553,9.757212,4.935466,1115.5023
2325,6.59078,0.47347367,0.4468166,3.5708182,0.082878865,20.957085,18.597052,0.9984009,3.3311589,0.5999298,9.483653,5.2509828,1225.0857
2326,6.691721,0.37320668,0.46045044,3.5388916,0.123787954,24.04956,22.312609,0.99858314,3.4326437,0.7610038,9.615183,5.061282,1226.349
2327,6.6626663,0.43707985,0.42996088,3.0394747,0.11372544,9.263129,15.95932,0.99679655,3.4409277,0.5366003,10.029211,5.8328524,1237.6294
2328,7.2266946,0.70429915,0.08840118,3.7091062,0.10898001,24.779562,76.70727,0.9974983,3.279919,0.8147002,10.859249,4.865364,444.83594
2329,6.8234396,0.4713762,0.4568514,2.9363418,0.08155274,22.40624,41.699696,0.9980849,3.4289186,0.6422397,11.336849,5.5021596,1232.555
2330,6.902369,0.3621805,0.45003742,3.6344936,0.066888876,7.0914383,15.271168,0.9970785,3.4016309,0.50287443,11.0163765,6.3901196,1236.5306
2331,8.685029,0.57395965,0.25307143,1.3996327,0.1337311,25.751867,68.36486,0.99633163,3.4661112,0.7565788,10.419096,5.1750627,449.51007
2332,6.75784,0.36232194,0.34644166,1.4809492,0.13262315,20.48588,72.01585,0.99498177,3.3380697,0.6576462,10.115911,4.980026,770.5098
2333,7.975499,0.45141053,0.43121323,2.4950006,0.056429934,10.085186,33.232452,0.995237,3.3179276,0.65716827,11.2671,5.4640946,420.3961
2334,7.4609795,0.62122923,0.42208534,1.3892689,0.11330693,17.664417,54.719032,0.9948798,3.1687114,0.5883142,11.189497,4.8535266,504.47995
2335,8.105476,0.45223176,0.43805414,2.3607209,0.09598937,16.770546,17.065098,0.99804705,3.464703,0.6954404,10.972415,5.18889,1256.0533
2336,6.6750154,0.42733192,0.19049205,2.119543,0.047855183,7.174428,76.26193,0.99836165,3.459553,0.81537884,9.391853,4.93265,1245.3898
2337,7.478141,0.5523639,0.43551862,2.7275674,0.11581014,9.188797,53.563457,0.9967727,3.4111772,0.5890149,10.30844,5.938108,500.669
2338,9.050347,0.36923897,0.46031266,3.8019707,0.12955858,9.063021,16.160915,0.9983444,3.404806,0.5607952,10.623549,5.401741,1234.5219
2339,8.052537,0.47543418,0.10388401,1.2258722,0.09171279,25.367098,73.51185,0.99481547,3.4079833,0.75918955,11.320906,4.8399124,483.93427
2340,6.9892416,0.64907765,0.45552546,3.7254066,0.100127466,25.909714,75.445496,0.9983369,3.4410837,0.6010435,11.485516,5.6978083,1124.6245
2341,6.666656,0.37814993,0.11655937,1.662166,0.13267867,22.964106,72.375946,0.9969531,3.163805,0.6639454,10.610978,5.411645,1269.0659
2342,8.226678,0.3613137,0.4566863,2.4385445,0.10856478,19.198986,25.590143,0.9975767,3.2974722,0.58806187,11.253246,5.2883224,831.0635
2343,7.4182496,0.5573906,0.45295855,3.68756,0.055332415,24.013292,25.561613,0.99751544,3.2034426,0.51148283,10.4998255,5.871215,995.1041
2344,8.6291485,0.6966576,0.07893565,1.4021177,0.10578568,22.118694,59.94028,0.9969212,3.3200977,0.7687641,9.765977,5.0554533,1178.5278
2345,6.7941976,0.6527524,0.36165646,2.3329465,0.06212123,8.705264,45.67888,0.9978659,3.2428043,0.66163886,10.729873,4.8735557,1115.3539
2346,6.6326113,0.36629316,0.38380677,3.2884116,0.11921524,25.694485,72.35255,0.9985658,3.4565141,0.7974746,9.431489,5.2759132,1246.7098
2347,7.1253357,0.38097855,0.35780782,2.5076282,0.13159761,5.7176657,18.28504,0.9965473,3.4125912,0.52209085,10.020273,6.131375,909.4693
2348,6.5670857,0.35222667,0.44711888,3.7800539,0.13363616,22.554125,14.653292,0.99859303,3.4614456,0.53425944,9.365092,6.466333,1275.6051
2349,7.4585686,0.43538538,0.34935164,3.7559326,0.11084814,21.532713,73.648315,0.9979037,3.4219222,0.7571952,10.438697,5.0976763,1238.4569
2350,7.737852,0.39893115,0.18886532,1.2259624,0.08747791,11.788819,16.337513,0.99694043,3.4011936,0.69261706,10.137563,5.7461305,1065.9343
2351,8.929668,0.50954366,0.09867412,1.2155377,0.12442532,11.484549,66.59929,0.9947723,3.1897922,0.5615212,11.155349,4.8702965,464.32895
2352,6.9028225,0.44130227,0.26656395,1.4884387,0.12173055,11.372998,59.4182,0.9954599,3.171749,0.79690903,11.45079,4.9194093,1096.1315
2353,9.908308,0.63876724,0.1804509,1.6215792,0.047198113,16.787878,64.667496,0.996915,3.1761842,0.61433536,11.403331,4.869994,915.1675
2354,9.050583,0.48847046,0.19044715,2.223297,0.04824827,12.668037,66.31441,0.9985442,3.463054,0.64736056,9.565191,5.423229,1265.8403
2355,6.8889284,0.39001203,0.4567725,3.7315097,0.054288447,5.69104,14.676382,0.99859494,3.4650223,0.5084755,9.763485,6.3957367,1278.6788
2356,9.905927,0.6406958,0.113632336,1.2865558,0.10828247,25.415314,77.63095,0.99479157,3.1820803,0.7648543,11.502499,4.8485737,385.54453
2357,9.289471,0.7079776,0.22625498,3.4215944,0.12632222,25.656605,75.3062,0.9950509,3.228161,0.76482123,11.467469,4.9935236,398.6449
2358,9.498035,0.35416177,0.37350342,1.4743956,0.12363999,25.853819,76.56926,0.9956529,3.2702389,0.7663861,10.387009,4.852163,776.9558
2359,6.585084,0.5318275,0.44206044,3.7171376,0.07683024,16.554466,64.37923,0.99857956,3.4219058,0.61321604,9.429157,5.7651844,1276.2928
2360,6.6054735,0.49199197,0.33950278,3.483134,0.11452944,24.464422,27.624376,0.99778414,3.2020607,0.76373786,11.407633,4.896813,1177.3511
2361,8.072313,0.54302377,0.22590342,2.756075,0.11116867,24.517826,75.71125,0.9983261,3.3734124,0.7458333,9.441839,4.950608,1273.159
2362,7.610286,0.65629965,0.41629037,1.9576404,0.06432378,6.8388205,77.19249,0.9976801,3.460336,0.7992899,11.416581,5.12486,717.5267
2363,8.277209,0.5649227,0.40077844,1.4036754,0.085923605,15.690572,72.03501,0.9979623,3.1757205,0.8101256,11.358063,4.856451,1270.5836
2364,7.196062,0.5135133,0.12997347,1.2774967,0.12635359,24.148212,63.159824,0.99623364,3.2880201,0.7765768,11.262564,4.8576875,1252.7241
2365,7.0558953,0.49418917,0.45625985,1.9743283,0.06265176,21.539806,14.067476,0.9953567,3.2332482,0.5488085,11.4904375,5.381719,763.98627
2366,8.700006,0.3738379,0.31272256,2.44529,0.111590214,7.7104063,21.38675,0.99836296,3.4626071,0.5570216,9.876346,6.309474,1209.3365
2367,6.788222,0.55815834,0.4533564,1.4023992,0.12309847,22.986185,14.248417,0.9947806,3.1615825,0.49583462,11.477068,5.0835657,753.5883
2368,6.58637,0.35265845,0.4583501,3.671393,0.11918253,5.517105,14.082224,0.9985868,3.4663987,0.5515951,9.367664,6.4610653,1163.0532
2369,8.963239,0.60072285,0.15132944,1.4475284,0.12036459,7.558771,76.27559,0.9985485,3.4460897,0.76376194,10.387466,5.12337,1166.8875
2370,9.623559,0.62202406,0.45816556,1.2592694,0.1019696,24.682102,15.150183,0.994774,3.3008337,0.49379912,11.512906,4.9460883,592.08246
2371,7.0489416,0.66392845,0.26300713,2.7357671,0.054164927,25.128838,77.54918,0.99838144,3.1697896,0.7710874,9.993414,4.860815,896.1752
2372,6.5883336,0.44162485,0.40676153,3.8018713,0.08303334,6.7523556,41.68163,0.99859506,3.4667838,0.7472166,9.6188,6.3465867,1271.3049
2373,7.553774,0.6825815,0.3497667,2.589041,0.094628334,25.418669,76.796394,0.9972973,3.3519545,0.7692305,11.375047,4.8459296,1024.535
2374,6.7587943,0.43971947,0.4488779,3.7769382,0.07269142,25.717865,14.706223,0.9958629,3.1640868,0.5169484,10.355516,5.757999,816.6077
2375,8.0687065,0.36245227,0.15178806,1.3250467,0.13250796,21.257795,65.27164,0.9979818,3.3093936,0.79196477,9.50292,5.2806606,1050.1783
2376,7.767831,0.59066546,0.4552193,3.3136482,0.04159107,5.74652,74.273,0.9983304,3.463021,0.8126458,10.128746,5.3256974,1175.7031
2377,8.290963,0.6452644,0.2911293,1.5346915,0.08459304,23.190535,77.341675,0.9962841,3.3603477,0.8189645,10.804838,4.849873,1059.2493
2378,7.6589546,0.3550285,0.45891216,3.445259,0.12133354,20.650211,13.927387,0.9952574,3.247732,0.4898479,11.41584,6.4735966,725.3723
2379,6.662608,0.46757397,0.45499122,2.6095364,0.123842046,10.716554,31.826748,0.99717575,3.2568476,0.52423745,10.900528,5.0892153,1221.6464
2380,8.7864485,0.42837667,0.257165,1.901964,0.08597357,6.0232277,15.77808,0.99687415,3.2045736,0.5581378,11.50233,5.3645034,1266.8359
2381,7.486878,0.6865811,0.45833442,2.932448,0.09145213,17.430632,17.759716,0.9976476,3.4120452,0.5281185,11.126932,5.283058,699.09344
2382,8.893328,0.5040153,0.19353494,1.2346926,0.12903656,17.940365,59.477806,0.99673474,3.2101107,0.5912558,11.022197,5.014726,1201.5106
2383,9.891032,0.6072227,0.24958271,1.2414327,0.11579122,17.307066,75.07404,0.9947723,3.1736634,0.5916521,11.325764,4.8723426,393.8597
2384,7.1308517,0.41876644,0.44787943,1.2664727,0.097656466,18.541828,14.694389,0.9948474,3.209783,0.5618386,11.492277,5.2777963,1173.3761
2385,6.8081236,0.44886094,0.46050575,1.4966561,0.12448565,17.551693,14.234703,0.9954996,3.1963801,0.49507916,11.1055155,5.094485,920.7446
2386,6.8687334,0.5808428,0.30858943,2.1163135,0.10760244,25.0975,70.71023,0.9979521,3.389424,0.6451716,9.832359,5.0831194,1277.0471
2387,7.6004415,0.6737495,0.41395912,1.4545114,0.09052223,15.502036,75.18668,0.9950323,3.1685705,0.6930016,11.340814,4.9160933,850.202
2388,8.801017,0.4771272,0.3472297,3.2649252,0.11130485,23.175316,35.12399,0.99496835,3.4615293,0.78090984,11.245534,5.002381,426.87805
2389,9.10133,0.7080278,0.3811367,1.5463786,0.05218949,5.9925547,33.69506,0.9967099,3.4305763,0.70972395,9.918287,5.2880483,533.0643
2390,6.795627,0.6372018,0.34361446,2.8774567,0.05850338,20.046734,14.675449,0.99847996,3.3328362,0.63764334,9.379304,5.6889606,1193.3212
2391,8.252713,0.5063406,0.45510316,1.5081894,0.12074809,22.89472,16.460432,0.99528986,3.2511628,0.5019812,11.508213,5.3577805,1148.9767
2392,6.7376657,0.3585157,0.4602445,3.5097163,0.073639885,5.9021215,14.085926,0.9985721,3.396841,0.49309704,9.424365,6.3717833,1274.9094
2393,8.93564,0.3662293,0.36059076,1.996982,0.12879804,20.842651,19.43312,0.99723643,3.2781057,0.5474144,10.011389,4.965307,1136.1399
2394,6.571563,0.36931092,0.46002603,3.4593966,0.09291228,25.661234,15.185326,0.998517,3.2574723,0.50756294,9.405234,5.3555984,1260.7141
2395,9.140042,0.42681026,0.19166672,3.428786,0.09240424,25.891548,77.39594,0.99614537,3.2809267,0.5802986,11.370982,4.8402324,805.6239
2396,6.760972,0.53847736,0.46031004,3.7966952,0.045481876,24.042343,32.5269,0.9984179,3.4331346,0.51118296,11.312551,5.358717,1118.7352
2397,6.8810277,0.637741,0.30666503,1.3876953,0.0732356,25.033632,29.46182,0.9950816,3.1687214,0.7903092,10.6788225,4.8469396,834.8519
2398,8.774149,0.694852,0.22847788,2.640252,0.08487364,25.77284,77.027374,0.9948644,3.3362045,0.80408186,11.504248,4.8490243,503.68207
2399,7.00118,0.3709229,0.45819655,1.5125167,0.12784751,21.513443,30.364857,0.994783,3.2826471,0.5298139,11.500815,5.060148,763.5601
2400,7.2323437,0.38984588,0.45477387,3.4692178,0.13017085,11.855198,16.598457,0.9964935,3.4621816,0.5088042,11.145422,6.4716535,987.1315
2401,7.060475,0.3537697,0.29533124,1.3733071,0.12567373,11.712899,40.407986,0.9982981,3.4596245,0.7637525,9.392709,5.6910944,678.3855
2402,6.8571644,0.6134047,0.19253016,3.0470488,0.120406136,25.852173,72.39747,0.9967076,3.2248096,0.70749944,11.495636,4.8892403,796.05634
2403,8.589225,0.35750535,0.19686571,3.5718064,0.06671618,25.93373,51.837517,0.998296,3.169068,0.68871605,11.348968,4.84057,1237.2922
2404,7.01136,0.4130047,0.42039227,1.3773814,0.12142037,24.920938,48.735607,0.99573123,3.1660042,0.6453142,11.104863,4.9321795,1003.2308
2405,7.9433174,0.6887498,0.40891337,3.658269,0.113148,23.966932,75.578354,0.99586076,3.363354,0.81145936,11.323108,4.9561276,602.62
2406,7.7349405,0.38085014,0.44091305,1.9505811,0.116677605,7.695797,14.4538555,0.9956807,3.4583194,0.49567094,10.771458,6.458012,541.7954
2407,6.5895686,0.38137153,0.45341647,2.6030993,0.11601669,6.2184668,17.42732,0.9985048,3.3996773,0.5914696,9.457714,5.888071,1064.541
2408,9.130158,0.5866689,0.42053494,1.604482,0.09291764,16.836092,31.948795,0.9948777,3.2896552,0.6517761,11.447533,5.1458983,367.89798
2409,6.5705776,0.35242298,0.4605904,3.4298615,0.12818666,8.560316,13.92816,0.9983787,3.458294,0.4901252,9.378872,6.475459,1115.9247
2410,9.792969,0.35589474,0.4514032,2.826416,0.096815,7.5052614,17.996574,0.998336,3.4665303,0.6452953,9.862475,6.276464,541.9641
2411,6.7175164,0.44181186,0.43905887,2.4749775,0.11923072,17.724876,31.553425,0.9960318,3.40653,0.57616234,10.841907,5.8333383,1148.0591
2412,6.5822806,0.59996074,0.45151007,3.0000534,0.09742089,23.444647,64.00154,0.9985038,3.2623262,0.6234688,11.476219,5.0825157,1236.9698
2413,7.072584,0.6359721,0.44989005,3.0571256,0.0447959,23.471498,23.389341,0.996654,3.18189,0.54964644,11.342894,5.3183975,593.6126
2414,8.73752,0.5643052,0.4379147,3.0726607,0.04529686,25.56089,45.389225,0.9983845,3.4585137,0.8105416,9.714551,4.9089246,901.10187
2415,7.2376556,0.6747694,0.44282922,3.7930317,0.0573501,25.458717,26.625237,0.9985927,3.1808116,0.5068152,9.665216,5.620632,1234.3455
2416,6.6833296,0.3765403,0.39438432,1.8898536,0.13351303,25.775946,15.762234,0.99491936,3.1922195,0.60735184,11.1575575,5.2372317,374.80237
2417,6.7324457,0.63516486,0.1448587,2.5104578,0.12724292,14.016795,23.168589,0.9949634,3.4103243,0.7178972,9.507057,5.246332,461.23294
2418,6.9874434,0.54285216,0.42186326,2.1208823,0.118401736,22.47515,75.6492,0.9981054,3.192491,0.5548319,11.406081,4.9600925,1049.045
2419,7.987846,0.69342506,0.4062313,3.6385775,0.12542336,21.835463,20.5222,0.99644315,3.2285302,0.5312072,11.507515,5.2776923,733.76306
2420,7.133947,0.7016505,0.4459265,3.7211092,0.10166539,25.908014,68.70344,0.998244,3.2752657,0.5858213,11.490688,4.8665376,827.8646
2421,9.082813,0.5205115,0.32856625,1.4385883,0.13277915,24.25578,73.15056,0.9949097,3.397631,0.7613319,11.210884,4.9106603,530.0642
2422,7.7112837,0.56397086,0.34885928,2.6257427,0.08151356,25.583164,72.80572,0.9985007,3.377221,0.6975711,9.944135,5.058744,1265.4677
2423,6.9943013,0.398562,0.4460176,2.8747246,0.113091595,22.940395,22.041645,0.9959558,3.4412735,0.58951646,11.435264,5.939171,833.6653
2424,9.539973,0.62816244,0.1662712,1.780109,0.13199158,17.588043,67.92826,0.9952663,3.3351066,0.77355665,11.123914,5.179404,525.98346
2425,6.674939,0.3630342,0.46019393,3.199841,0.064342596,5.6016397,14.250923,0.99838054,3.4665668,0.49609768,9.381024,6.363498,1094.2335
2426,9.3391075,0.4389999,0.40603414,2.827646,0.11359621,8.418336,39.25827,0.9985723,3.4647236,0.7840982,9.503343,6.439572,1223.0662
2427,6.62412,0.5403387,0.4051294,1.3387462,0.08854915,24.40157,42.753376,0.99552095,3.1759503,0.59737027,10.338777,4.85904,741.5169
2428,9.650692,0.7073559,0.29018852,1.3670416,0.040678073,5.8256016,77.343315,0.998341,3.4650447,0.8097924,9.508745,4.8523126,971.2472
2429,6.5687633,0.65112567,0.21540225,1.6783574,0.06801391,24.725355,14.9390335,0.9969813,3.2867348,0.8194785,10.723553,5.0584536,861.9268
2430,8.348948,0.5643945,0.44469687,3.7872488,0.1328126,9.070505,16.14567,0.9984478,3.4517584,0.77279806,10.441214,6.463755,1016.19916
2431,8.549053,0.65051174,0.25232184,2.1985075,0.10797471,11.516181,72.23793,0.9956873,3.2395625,0.7499709,11.425968,5.115544,482.39667
2432,7.3409467,0.58068603,0.42520544,1.8957974,0.09184554,25.783482,59.72851,0.99513215,3.1654005,0.56372315,11.352578,4.964374,1003.0815
2433,8.540336,0.6460348,0.109313026,1.2532786,0.09487997,24.469988,77.737495,0.99832004,3.428945,0.800188,10.003863,4.844559,1144.8676
2434,8.922863,0.64570314,0.39743614,1.8748693,0.04530308,6.348591,77.457275,0.9981678,3.4431932,0.81528205,9.513424,4.9009304,870.59595
2435,7.561979,0.3683206,0.39137477,1.3014549,0.110125326,15.864243,75.344475,0.99705577,3.3210187,0.79008204,10.542924,4.950755,777.62445
2436,7.9383287,0.48114324,0.2535653,2.09269,0.08621133,15.979718,68.92542,0.99763066,3.4039395,0.7275754,11.25042,5.207348,1226.0763
2437,9.909624,0.5303417,0.1475637,1.5066794,0.06518333,25.833475,77.13524,0.9985754,3.4652057,0.8081294,9.572673,4.8690753,1225.8883
2438,6.5779433,0.3801248,0.45355433,2.8018196,0.09430347,11.057251,15.168211,0.9963302,3.4389956,0.5757014,10.087909,5.967428,816.31226
2439,6.674553,0.56464326,0.39457083,2.3953552,0.06147016,6.666198,73.59937,0.9979396,3.4096296,0.80653805,9.633001,5.1481075,927.68884
2440,7.120031,0.41195926,0.4039867,3.3476465,0.12991168,25.503143,56.564568,0.9962488,3.2634337,0.73206437,10.4688425,4.8841534,889.4948
2441,6.6130023,0.36640555,0.42582572,1.3515358,0.101955414,6.5403023,23.736475,0.99588996,3.3943262,0.5597519,10.242864,5.314383,1041.692
2442,6.6616178,0.5427511,0.1694972,1.6945028,0.133649,24.669395,71.225204,0.99479944,3.4570532,0.6538515,11.390199,4.98851,824.6987
2443,7.010148,0.57261354,0.44030663,3.6241918,0.07261551,25.493603,55.824127,0.9969016,3.1707335,0.5138426,11.473194,5.029031,1105.8917
2444,7.5426245,0.35693723,0.30653498,3.678975,0.09201091,8.308256,40.12307,0.9978217,3.4411502,0.60539126,9.570461,6.165796,1073.9575
2445,7.398172,0.6982272,0.43672258,3.6938024,0.07244697,13.97382,43.662086,0.99838585,3.4102113,0.55974185,9.994265,5.4590054,1264.6932
2446,9.862342,0.40151843,0.09225513,1.3364834,0.05242966,5.5603285,77.087456,0.9978164,3.4248507,0.7807749,10.20321,4.8488393,1046.3163
2447,6.656008,0.39021385,0.21210815,1.6341738,0.119736634,14.95203,47.602818,0.9948595,3.2355435,0.54795146,10.984377,4.971805,375.99854
2448,7.032938,0.69050735,0.18437225,1.6199064,0.09830004,24.946005,77.421364,0.9957654,3.1677723,0.56402653,11.504458,4.8703613,913.0787
2449,7.9706798,0.5258894,0.43276688,3.3614953,0.1174974,20.060291,16.066433,0.9955606,3.1620295,0.5024404,11.459239,5.138678,1076.359
2450,7.6826477,0.63647026,0.403722,3.7842367,0.13039434,25.919168,58.60635,0.9962518,3.2071552,0.7748699,11.445483,4.887043,526.75977
2451,6.671398,0.4141883,0.42315447,1.8876941,0.10399882,25.931875,44.583466,0.9983406,3.245725,0.7263479,9.568538,4.9006257,1177.8043
2452,6.7702327,0.4268123,0.4601504,1.9188641,0.13130525,5.608094,20.354301,0.9963342,3.2385714,0.49733093,11.259293,5.7968607,1177.9976
2453,6.605687,0.35916248,0.42330635,2.2342796,0.1195151,5.988432,14.186054,0.9977502,3.4477398,0.58944046,9.511105,6.432762,1199.4528
2454,9.128186,0.47969106,0.20469078,1.8226446,0.049609218,12.1018715,64.27973,0.99810225,3.3629346,0.7913195,9.818624,5.053046,1141.1835
2455,7.375187,0.6733005,0.32840163,3.505674,0.12825908,24.892027,38.63601,0.99503314,3.173773,0.56416714,10.701524,5.2885547,694.3153
2456,8.298371,0.5521839,0.091270655,1.7330536,0.12625076,25.750929,74.64804,0.99706066,3.161827,0.7914721,11.448133,4.8507485,1251.9838
2457,7.711174,0.67201865,0.35506436,3.7325952,0.081828415,23.999327,53.741432,0.99855864,3.3415139,0.7800831,11.00596,5.3358283,1186.6062
2458,7.71574,0.6993607,0.45284873,1.2231015,0.111487076,21.539034,28.545704,0.99633473,3.1614883,0.5125858,11.490212,4.8619018,1269.8015
2459,9.132012,0.47937363,0.39686,3.3291993,0.12679379,10.19163,22.250957,0.9948894,3.337288,0.55090404,11.463543,5.483775,398.1476
2460,9.715825,0.65977913,0.16982113,2.00074,0.08202765,18.361986,77.202484,0.994786,3.1695702,0.58326656,11.312967,4.9515233,578.99097
2461,7.5661616,0.57309467,0.45889324,3.388408,0.09013865,25.776594,14.232214,0.9948537,3.161581,0.49272683,11.505564,5.0356407,1035.3064
2462,8.013166,0.43149278,0.32996178,2.1782095,0.11293325,24.230978,16.4821,0.99486965,3.1706464,0.7310451,11.408802,4.9169946,447.7222
2463,7.7340913,0.37429795,0.46061134,2.6124375,0.1058455,5.781064,16.299805,0.9984748,3.3708472,0.5020772,11.118725,5.762315,1275.1091
2464,9.869459,0.46286836,0.099182844,1.2198678,0.1320216,9.323124,77.53282,0.99478316,3.3073251,0.5849306,11.417656,4.8563647,370.28433
2465,7.346546,0.4883272,0.45077297,1.656944,0.12678741,11.098412,43.425144,0.99477524,3.1634512,0.5171074,11.473914,4.93654,490.48996
2466,7.324647,0.4197941,0.32526928,3.0670497,0.13245842,22.32511,52.27917,0.9952619,3.4226327,0.61877877,11.450573,6.140045,425.56268
2467,6.5733247,0.3892701,0.45434162,3.2392237,0.095472835,9.229892,17.286102,0.9984987,3.2750974,0.54409486,9.549775,4.9987226,1277.8835
2468,9.744296,0.6777909,0.078069225,1.245597,0.0638127,25.634302,73.17147,0.99854517,3.4200742,0.8162507,9.424732,4.9435534,1260.365
2469,6.947118,0.35908574,0.4574056,3.6362967,0.060809623,5.5026035,14.198061,0.9985752,3.4660184,0.5575319,9.720528,6.4599543,1274.9225
2470,8.659431,0.36778307,0.44387805,2.3282633,0.12417126,11.304903,19.168093,0.9949572,3.235652,0.54038393,11.114432,5.6586723,453.78067
2471,8.033501,0.6752611,0.07968068,1.4248165,0.07999311,8.188979,65.82553,0.99578786,3.168834,0.8177445,9.484363,4.850222,1064.8479
2472,6.602114,0.5016589,0.4595814,1.23289,0.1194508,20.458199,25.185942,0.99499995,3.1637657,0.50675523,11.372545,4.90897,1272.9435
2473,9.377454,0.6691957,0.15664883,1.9801778,0.052390445,24.760084,76.53895,0.99757123,3.3057733,0.81975985,9.614932,4.83812,671.8168
2474,8.896284,0.49875918,0.1679297,1.9823996,0.06205567,7.2663307,21.898668,0.99651194,3.4438767,0.5749389,9.698093,5.518804,600.4227
2475,9.7312155,0.5233087,0.14396009,1.2306789,0.119126365,19.832392,76.25726,0.9947723,3.1998239,0.7850789,11.508259,4.841125,351.90012
2476,8.580902,0.665941,0.28974617,2.134014,0.13300912,19.795448,51.45596,0.9951952,3.3770146,0.6735162,11.472573,5.4397864,958.95276
2477,7.915688,0.38022897,0.38007158,3.2024708,0.119241916,12.028931,74.81993,0.9981261,3.4385376,0.5352733,9.494397,4.8830442,994.0007
2478,8.356183,0.41551143,0.30969888,2.9346795,0.116991356,25.523855,77.21091,0.9979982,3.3983078,0.7188929,10.272101,5.058791,597.8803
2479,8.97639,0.42079756,0.1189252,1.444223,0.13308378,10.445826,77.59614,0.9971728,3.3542483,0.8037141,10.811401,5.336552,1091.2888
2480,8.829074,0.6911161,0.4485132,1.9260192,0.06474451,10.329798,69.40706,0.99540925,3.1709146,0.7359188,11.500277,4.919711,776.5848
2481,7.225228,0.53381604,0.1523075,2.6906917,0.110099494,24.427896,74.49221,0.9976122,3.2813978,0.6482785,11.369867,4.8647065,1022.7723
2482,6.6978564,0.3956435,0.4531295,3.6779842,0.11214451,19.053196,25.967312,0.99801636,3.2493238,0.6037812,9.897885,5.4011145,988.1568
2483,8.737456,0.43106875,0.4492352,2.398606,0.12624417,10.624194,26.766073,0.99516207,3.245472,0.5798887,10.951253,5.1248646,937.1787
2484,9.821348,0.5869812,0.1447817,1.239508,0.12458288,20.110876,77.70424,0.9953779,3.3888574,0.8010401,11.488648,4.8440523,679.65045
2485,6.657892,0.3883739,0.3459801,3.7904866,0.079115964,12.676051,15.075512,0.9971841,3.3433151,0.6992389,9.877138,6.420081,498.7822
2486,6.922994,0.39112929,0.39477375,2.3883567,0.12657641,25.874672,68.592445,0.9960615,3.4256437,0.504239,11.502836,4.9056625,645.5204
2487,6.738793,0.6873362,0.12550582,2.5000486,0.13252191,7.0225058,75.00296,0.996005,3.3552246,0.80088735,9.534972,5.181311,620.65784
2488,6.578754,0.5142318,0.08443916,3.346003,0.1320596,24.327248,72.2902,0.9985281,3.4388478,0.7785659,9.371083,4.854727,1063.0092
2489,7.4413323,0.3819253,0.423192,3.275334,0.083704725,6.0252924,26.427408,0.996444,3.3943691,0.66704774,10.664852,5.326402,902.91656
2490,6.734854,0.35218838,0.45717227,2.7926354,0.1332969,16.871449,13.9957905,0.99497026,3.2519405,0.49378598,11.357481,6.4486628,636.6301
2491,6.5649476,0.39587605,0.44458604,3.7661457,0.1189362,25.928167,14.227289,0.9954969,3.1631694,0.50026494,11.3980875,5.102545,1118.4877
2492,7.1567683,0.6807827,0.2261551,3.4169772,0.08384035,25.249773,63.188965,0.9951955,3.2004719,0.6303734,11.509955,4.8539953,936.4872
2493,6.5707197,0.35596415,0.45855153,2.7385912,0.1045069,23.855553,14.606672,0.9984742,3.4567199,0.5320887,9.387879,5.9112177,1269.0094
2494,7.1417146,0.37414438,0.42224145,3.8209002,0.074251845,6.0972157,61.797558,0.9985533,3.4666574,0.7480354,9.425578,6.3955684,1152.3823
2495,6.861204,0.67179996,0.4001095,3.401056,0.105798036,25.879484,67.90092,0.9972047,3.2247124,0.7862623,10.001776,4.864799,692.2858
2496,8.702896,0.42204705,0.42093205,1.7530289,0.107644,8.742397,36.924736,0.99654835,3.2435093,0.56250405,11.335754,4.956992,667.534
2497,6.8734283,0.46017534,0.45601007,3.7955136,0.06315958,25.923357,75.61076,0.99856126,3.4253361,0.5495148,11.066327,5.2813478,1266.0455
2498,7.1205335,0.41515088,0.086950466,3.6907573,0.1313711,25.433052,64.715675,0.998593,3.4601939,0.7856505,9.374706,4.8700013,1196.1804
2499,6.673712,0.35379875,0.4487043,3.6078236,0.109988235,7.0766764,18.68605,0.9984036,3.4596562,0.50624824,9.388753,6.302593,1245.8088
2500,6.9217815,0.44230244,0.31914613,3.3350625,0.046879936,7.023673,21.766184,0.9982135,3.4440198,0.7026452,9.7113695,5.273068,1236.6823
2501,6.696797,0.41993666,0.38576546,3.773636,0.07103266,6.690506,37.590687,0.9985899,3.4628975,0.5415252,9.962618,5.3482623,1209.7618
2502,6.6431847,0.6741793,0.4325682,1.7060518,0.13193186,25.079807,21.204514,0.99499416,3.2405066,0.7475167,10.795129,5.625585,1063.9347
2503,8.640991,0.695297,0.44886586,1.5976553,0.06906143,20.355711,50.703533,0.99751735,3.310473,0.6753422,9.716805,5.1220136,1015.3545
2504,6.568153,0.35435838,0.43414348,3.8128426,0.12849271,8.506738,15.293409,0.9983789,3.4280596,0.53039056,9.378755,6.469243,1178.2882
2505,9.126481,0.353859,0.43702143,1.398502,0.11966354,6.25657,34.54303,0.9948369,3.3240666,0.5000508,11.346258,5.454864,910.5405
2506,6.8788877,0.65378225,0.3321735,3.3606155,0.043503802,25.617186,71.3114,0.99808556,3.1955817,0.76490676,11.19845,4.8439956,740.58575
2507,6.7933393,0.37483898,0.45952037,3.8097398,0.11364674,5.586545,14.262617,0.998531,3.4595635,0.53467256,10.155716,6.4736476,1141.7727
2508,8.210673,0.46479565,0.34472322,2.1941147,0.06388342,16.441116,77.2913,0.99748945,3.45201,0.7802975,9.754413,5.2148275,1117.0475
2509,6.602519,0.49384165,0.45702717,3.8207266,0.056606498,25.918486,14.0839405,0.9982244,3.2621295,0.5836827,10.156477,5.303228,977.956
2510,6.822073,0.528232,0.42863378,3.6759615,0.110808015,24.242706,22.415464,0.998492,3.4311287,0.4952633,9.605618,6.2455835,1211.042
2511,7.067306,0.5140766,0.4537897,3.81671,0.09028949,25.357935,35.847134,0.99855644,3.4417408,0.5726217,10.098178,5.11407,1188.5979
2512,7.2514114,0.51139486,0.44562817,3.5235584,0.09198304,23.266346,23.310137,0.9955633,3.228737,0.6543607,11.455148,5.155749,823.19684
2513,6.723937,0.56466603,0.43559015,3.4864783,0.12850758,5.963229,31.034681,0.99811953,3.449428,0.601421,9.921958,5.8783226,922.68317
2514,9.7031145,0.4806449,0.2343751,1.3799746,0.088177174,5.52789,74.97489,0.9974207,3.4648511,0.75798756,10.831411,6.0272255,677.00116
2515,7.7540517,0.5478325,0.3569198,3.8228712,0.10973127,11.85258,74.47413,0.99854547,3.4618733,0.7049049,9.452589,4.896626,1270.2756
2516,9.815641,0.38359958,0.4181736,3.593023,0.04440363,25.717022,77.483185,0.99764705,3.290014,0.8154912,11.289081,4.8402805,1150.0804
2517,6.629034,0.55290043,0.38930255,1.6457863,0.046160568,25.770866,33.39227,0.9949211,3.1959696,0.7026975,10.709843,4.8432207,1087.5096
2518,6.565977,0.35721192,0.45874688,2.1055975,0.12355993,25.746763,14.086729,0.99798983,3.2293088,0.49824622,11.298876,5.8714075,1167.704
2519,7.123304,0.6637704,0.45364237,1.9092449,0.10067099,23.348326,46.07902,0.99488926,3.1702385,0.5021055,11.460633,5.399232,1072.5087
2520,6.5852666,0.6733202,0.37496063,3.7055998,0.11792262,25.911266,15.86795,0.99574494,3.2000763,0.5418535,11.447542,4.9800897,938.0556
2521,6.6537375,0.36711356,0.43654704,1.847344,0.11971493,25.456726,14.196117,0.9981703,3.3246732,0.5344313,9.48207,6.011936,998.1398
2522,8.486738,0.61224985,0.32471687,2.7480721,0.12664029,10.579531,51.287636,0.99520797,3.3722696,0.64940464,11.076556,5.091034,688.6291
2523,6.9303403,0.46425617,0.4002695,2.5454876,0.11922152,9.823161,27.113163,0.99625146,3.1796498,0.69471866,11.466326,4.885474,749.6907
2524,6.6010427,0.35223007,0.46046698,3.8206344,0.12600458,9.954989,13.9268265,0.9985581,3.4634566,0.49135393,9.405218,6.4761496,1208.4624
2525,9.225034,0.65595436,0.40139464,3.3067946,0.09983053,23.565474,43.91942,0.9985097,3.4631655,0.6255001,10.037657,6.1985636,804.0004
2526,7.7277894,0.48900065,0.4056366,3.8015256,0.10322696,10.155318,16.839153,0.998435,3.1968331,0.72038895,10.96146,6.38813,866.05475
2527,7.6791306,0.676588,0.43017298,1.2178197,0.080684245,14.4520855,32.205784,0.99481475,3.163128,0.5255104,11.508515,4.8542857,782.39014
2528,6.6230392,0.37939793,0.4121789,2.8545277,0.1261023,24.286715,35.20399,0.9963904,3.1832716,0.5750037,9.819252,5.171056,1126.6228
2529,8.277931,0.36029655,0.45696968,3.4242983,0.0626223,5.7550116,31.511196,0.99853754,3.4608293,0.5654211,10.125018,5.358257,1028.1324
2530,6.916615,0.38351136,0.4454066,2.1829388,0.061472945,6.5680103,26.140795,0.9980232,3.4567854,0.6754595,10.19626,5.4590416,1124.6586
2531,7.8204865,0.40168414,0.20589109,3.337706,0.101808034,6.206661,37.285973,0.9968837,3.3004246,0.7235271,9.740442,6.0056767,867.2932
2532,6.868664,0.5216071,0.124779075,2.409471,0.12945895,20.222801,69.65698,0.9957662,3.2066848,0.805203,10.602766,4.857125,596.9926
2533,6.6672897,0.6790187,0.21703783,2.0391421,0.126337,24.288948,63.64391,0.9974958,3.2796068,0.7435644,11.386424,4.9904885,532.53595
2534,7.5239697,0.58413994,0.08587925,1.3139077,0.11881791,23.241024,73.64411,0.9976375,3.1772761,0.81614774,9.674271,5.4290366,1219.1282
2535,7.0040727,0.6855843,0.36019364,3.8107338,0.048314437,16.608644,35.59226,0.998513,3.465561,0.6406092,9.589949,5.7462554,1254.0599
2536,9.81549,0.6626315,0.44588098,1.2404054,0.12898985,13.056679,34.54902,0.9947764,3.2075777,0.516151,11.419323,4.864469,490.6426
2537,7.361286,0.35840204,0.45443016,3.7349913,0.12629075,6.3602924,57.319054,0.9985854,3.466811,0.5377171,9.414857,6.425718,1266.4211
2538,7.641033,0.38356927,0.36188215,3.7705584,0.09501235,6.6638365,66.3879,0.99859387,3.4655669,0.70918053,9.420204,6.159186,1207.8489
2539,9.307167,0.6603553,0.15176229,2.5024788,0.045955386,23.014658,75.39813,0.99555665,3.2695704,0.81151986,11.345977,4.8467226,406.54654
2540,9.581644,0.45483023,0.34041795,1.2744421,0.08334049,7.903914,32.606617,0.9969204,3.36317,0.6299728,11.155064,5.8481545,1000.0921
2541,8.264366,0.6601857,0.40171123,3.8182523,0.05818759,25.289623,72.53575,0.9985534,3.4442546,0.7044936,9.915624,5.4165907,1265.9434
2542,6.7094574,0.41013667,0.45793492,3.3277724,0.12409469,15.5593815,14.012505,0.99735343,3.3377836,0.5007568,10.884936,6.2228155,730.63947
2543,6.6509624,0.47017646,0.29768363,2.0277169,0.113051996,7.3286266,44.158348,0.99592745,3.2206995,0.62149537,10.928599,4.906907,1218.6229
2544,6.608986,0.40615967,0.4370304,2.114319,0.12444755,16.918274,40.828663,0.99599445,3.3400936,0.5142881,11.193668,5.935928,802.6433
2545,7.1370234,0.40706128,0.4460596,3.8154078,0.12037896,19.985792,17.794622,0.99707127,3.411827,0.6126335,10.96805,5.3629494,514.63434
2546,8.52451,0.57053244,0.10915463,2.949174,0.09479001,14.777089,27.5478,0.9951368,3.3357403,0.55521184,9.946637,6.298485,359.9486
2547,6.7634854,0.40519673,0.43627715,2.7935297,0.12974718,16.708347,34.814552,0.99589586,3.4467025,0.59868586,10.340687,5.6023736,398.8673
2548,6.6105976,0.35524723,0.43634757,3.2003875,0.06612732,25.773884,14.243761,0.99685526,3.2308993,0.58916646,11.165049,5.209802,1088.8865
2549,6.7012143,0.49405044,0.3044778,3.6381757,0.07300604,5.812682,66.07045,0.99854326,3.4618623,0.80967087,9.380415,6.1520853,1274.7228
2550,9.813089,0.37690735,0.41430458,1.8327748,0.093746446,13.083495,75.85606,0.99592495,3.3446069,0.61859626,11.3847685,4.914931,968.2699
2551,8.499043,0.5242509,0.34165636,1.966901,0.08978926,21.460196,58.26571,0.9948977,3.1628017,0.5566944,11.425186,4.8576436,457.47305
2552,6.6388316,0.5804642,0.36327136,2.8912704,0.085143544,5.6989384,49.68742,0.9976544,3.231938,0.5173235,10.395369,5.1871624,1188.4467
2553,6.6227627,0.52935594,0.45967847,2.6411695,0.08680233,24.550137,15.79348,0.9955113,3.2942846,0.51973605,10.9312,5.462827,971.8934
2554,9.625865,0.7075373,0.3858371,2.968486,0.07708078,24.651093,44.42319,0.9960063,3.1908927,0.68843454,11.476366,4.8778634,1137.8936
2555,8.930523,0.3893436,0.27212092,1.2203857,0.13213451,11.031494,74.80734,0.9972336,3.43669,0.6180676,9.684329,5.2437277,1279.1794
2556,9.865645,0.55059636,0.16765295,1.2499458,0.091602266,23.96507,77.26306,0.9950956,3.3025112,0.71392846,10.201313,4.950896,820.21295
2557,9.804364,0.644639,0.22572269,1.2821515,0.124486424,24.462185,69.12833,0.9960092,3.4080968,0.7862947,11.46217,4.8729167,578.6284
2558,9.068615,0.5071395,0.4567304,3.6741006,0.117362894,16.59187,17.20071,0.99527407,3.4351335,0.4969266,10.921615,6.223149,828.9058
2559,6.657788,0.39868626,0.4522659,2.705016,0.09296413,6.9202986,14.686382,0.99582136,3.4242234,0.51171243,10.366563,5.153469,832.88336
2560,9.77357,0.68392533,0.38909686,3.6391807,0.040530916,6.522238,52.10667,0.9983145,3.4596956,0.7656412,9.385872,5.0757794,565.643
2561,7.040454,0.35369536,0.45091033,3.3929167,0.12641898,21.759155,69.24801,0.99767995,3.4544573,0.7053813,10.185461,5.1968966,1027.2762
2562,8.811128,0.58664334,0.35396862,1.2142748,0.10157955,22.099722,75.37655,0.9947773,3.1886592,0.5969873,11.465925,4.8395066,356.335
2563,7.7684884,0.48870626,0.41255194,3.704945,0.105780095,10.559086,72.86731,0.9977194,3.466779,0.7964969,9.407985,5.173378,665.8414
2564,9.274367,0.36104286,0.2876925,2.1767266,0.102754824,9.542206,49.823563,0.9979173,3.3210826,0.66194516,9.63231,5.0656304,1140.9884
2565,6.894716,0.49008605,0.4161211,3.596191,0.09475913,6.7087317,26.934769,0.9981112,3.410093,0.61043483,9.492635,6.383971,1271.8507
2566,7.936935,0.7000122,0.42546192,1.4492015,0.051000744,15.519848,71.88489,0.99759144,3.3379157,0.7464818,10.301939,4.848766,1149.4069
2567,7.996725,0.44190875,0.3530792,2.4906452,0.09629482,7.853253,52.716892,0.9985671,3.4662442,0.7807606,10.851911,5.984886,1262.9543
2568,8.063862,0.53300387,0.34742036,2.6619895,0.11732483,9.391743,74.47751,0.99629456,3.3284295,0.7915602,9.818275,4.952251,380.62778
2569,7.819368,0.48851195,0.45915177,3.0899978,0.09323263,20.892008,16.130621,0.99631083,3.1690025,0.4913061,11.466668,6.109693,1159.9989
2570,6.8943996,0.6227823,0.41156414,3.0082717,0.115981884,25.754545,42.994793,0.9947995,3.1754968,0.718213,11.430031,4.846614,354.90085
2571,6.6788225,0.42536843,0.4258015,3.3229213,0.06578045,5.681018,60.35284,0.99801874,3.4592192,0.6561585,9.680938,5.624757,1219.6804
2572,7.0007634,0.6295776,0.3319111,1.3940296,0.11805472,19.167763,41.880836,0.99698466,3.3001692,0.6385525,11.458313,5.202043,1017.1331
2573,8.913326,0.5009428,0.2242149,3.7519574,0.08611845,6.160371,77.55035,0.998596,3.466916,0.78939366,9.366233,6.3407674,1270.7119
2574,6.8147297,0.6871026,0.34297287,1.2406352,0.13356547,9.555992,14.9004345,0.9956687,3.30323,0.5119666,11.208828,6.4405456,514.51654
2575,7.757769,0.69496685,0.45875207,3.675572,0.05721735,22.467209,31.52056,0.9985472,3.1751308,0.6915033,11.137609,5.136871,1257.099
2576,7.1860847,0.66508776,0.13556293,1.4702553,0.13038673,18.16458,67.61504,0.99536514,3.2155445,0.7760281,11.350318,4.939872,714.77454
2577,7.88752,0.63749754,0.30020356,1.469387,0.10252496,9.483873,72.51909,0.9955716,3.3816261,0.61455494,10.161427,5.0858965,466.765
2578,7.384012,0.38013113,0.40567023,3.8126698,0.10538719,6.693412,43.6383,0.9984594,3.4568353,0.74130094,9.590529,6.1457953,934.35864
2579,7.0805855,0.57419187,0.44046935,3.5652604,0.07393504,25.827362,44.32672,0.9972764,3.203338,0.63709855,11.096646,4.869913,577.2789
2580,9.071065,0.5144954,0.45320898,1.9863461,0.06850012,8.894075,51.86003,0.995916,3.4387631,0.72613627,11.510998,4.8931346,1026.9818
2581,6.741157,0.5267161,0.2502258,3.7494314,0.09469903,14.25882,58.418148,0.99809897,3.412542,0.64996934,10.090399,6.439572,565.79626
2582,8.022243,0.36021954,0.3348137,1.3543789,0.1153695,16.055527,76.928246,0.9953354,3.3843234,0.76407456,10.007853,4.8434215,396.0171
2583,9.761054,0.40294555,0.18434706,1.7715523,0.0864749,23.869436,77.17725,0.9967863,3.4668536,0.8203848,9.555198,4.9120107,690.9765
2584,6.7273474,0.35234466,0.40923196,3.6083627,0.11154648,25.093515,14.137226,0.99784434,3.412501,0.61777914,9.395034,5.445739,920.8365
2585,6.572853,0.5540998,0.21598317,3.8176076,0.093701206,25.923664,56.073444,0.9985917,3.3772585,0.6901629,9.40528,4.854739,1280.0677
2586,8.991254,0.424585,0.3798882,3.729407,0.13224627,24.886019,49.96487,0.9954137,3.373634,0.6603105,11.464929,5.9872284,695.90625
2587,6.575072,0.461071,0.40351626,1.9065485,0.12659019,25.905876,14.530193,0.99564034,3.162057,0.51111346,11.500208,6.1389723,1223.2336
2588,9.379726,0.56596583,0.4419131,1.3473269,0.120098725,14.784576,46.83767,0.99535596,3.4635444,0.7197999,11.468206,4.8695354,412.181
2589,6.697707,0.5358915,0.12193185,2.3383079,0.1159644,11.279103,73.23596,0.9977097,3.4405773,0.7652344,9.438047,4.905888,453.5469
2590,7.902626,0.6214019,0.38836798,2.2661376,0.08715446,25.808475,58.728195,0.9975113,3.2355862,0.59811544,10.933514,4.961675,459.96268
2591,9.65027,0.35238165,0.45842037,1.8358841,0.13017406,11.717426,17.268414,0.9984129,3.3721037,0.49058813,10.053571,5.9644456,1235.6827
2592,8.140899,0.7064775,0.09020856,1.2605637,0.11216203,24.431507,77.66934,0.9951647,3.1695163,0.8094427,10.990264,4.8400855,1246.9661
2593,6.617159,0.35855106,0.45813242,3.7669775,0.099702366,13.749324,15.114473,0.99840534,3.451129,0.50149095,9.673753,6.4277616,1218.7776
2594,9.415297,0.62928814,0.45519507,1.45771,0.041719373,25.53416,32.082573,0.9981837,3.4410026,0.566232,9.371106,4.90081,1253.7601
2595,9.897001,0.705943,0.17752741,1.4472884,0.071839474,7.0042105,75.84706,0.9960813,3.4456577,0.8127538,9.963647,4.8931437,425.99026
2596,9.244679,0.6001262,0.29784703,1.3130178,0.13179983,24.883345,75.34438,0.9957801,3.4403815,0.79318404,9.960378,4.8837013,516.0143
2597,9.737001,0.50098175,0.281411,1.3347752,0.1154347,9.784678,57.546883,0.9982974,3.4601607,0.6504222,10.297781,4.9053464,589.97314
2598,9.599823,0.5012166,0.44579035,3.2032487,0.1192377,25.247692,77.673035,0.99814963,3.4531226,0.7754086,10.6759615,4.8581634,1242.8141
2599,6.595341,0.3714744,0.45587456,1.7783302,0.0877163,22.97265,16.279476,0.99699783,3.1826136,0.54011583,10.793571,5.75469,1208.2823
2600,6.900544,0.39880392,0.28657028,1.5713289,0.112331286,25.691862,47.121063,0.9982606,3.2043433,0.816778,9.464193,5.2352953,1276.1014
2601,7.275467,0.37856886,0.45909128,3.7839446,0.103574224,25.728611,14.033121,0.99784005,3.2835484,0.53401595,9.795908,6.0568624,922.7025
2602,8.092151,0.41288337,0.37532175,1.346818,0.11684743,17.932981,36.985477,0.9948522,3.1684363,0.51123613,11.472295,5.0545483,799.5811
2603,6.7331123,0.3687186,0.44450003,3.3225439,0.06422034,5.8959894,16.252218,0.99857706,3.4667404,0.7130298,9.371883,6.0885925,982.98267
2604,6.9663477,0.35937026,0.28485072,2.357251,0.1259594,13.329808,70.49013,0.99526787,3.419206,0.58387196,9.41891,5.2937746,1003.9342
2605,9.842372,0.6403123,0.21143462,1.6098093,0.04136299,11.545375,77.72289,0.99791306,3.4310222,0.81392527,10.911676,4.8411293,1184.6589
2606,7.139062,0.39029163,0.42214948,1.2276882,0.13160765,12.863825,21.366564,0.9948247,3.3939257,0.5463886,10.169315,4.9567375,627.0713
2607,9.747103,0.7083577,0.29612437,2.262165,0.100570336,17.929699,77.525505,0.99541205,3.4449916,0.7773276,10.333881,4.854998,381.09763
2608,6.8876247,0.62073255,0.4208899,3.3706012,0.10868312,24.997318,76.9657,0.99855006,3.3874993,0.5232514,10.395869,5.488438,1116.2891
2609,8.205067,0.4148889,0.4524522,3.7650287,0.10296179,16.063585,17.083527,0.9960096,3.439663,0.58471876,11.422648,5.4128685,652.77106
2610,7.9170628,0.64119357,0.38841945,3.7119145,0.12698762,25.863277,39.160233,0.9984945,3.3320348,0.4964575,9.567605,6.2300305,1278.6614
2611,8.478511,0.6380377,0.28330413,3.0488725,0.12643671,23.30003,74.28252,0.9965398,3.423732,0.72709996,10.618574,5.2964635,636.6043
2612,6.8937607,0.49537095,0.26208833,3.4483478,0.11210967,8.606668,61.337902,0.997518,3.3816423,0.72917604,11.142719,5.606656,753.4946
2613,6.6631575,0.354336,0.4518118,1.3058668,0.12674978,9.659541,16.064539,0.99772537,3.4630654,0.5833327,9.423411,5.8951035,1153.9315
2614,8.116535,0.67599076,0.28272468,3.7103763,0.047635548,18.456562,76.007706,0.9985954,3.459464,0.67129123,9.477751,5.2743573,1277.6669
2615,6.591388,0.38599977,0.4567997,3.0954132,0.11229103,15.783703,18.948446,0.998545,3.4298263,0.5602312,10.68094,5.8754063,1266.0143
2616,7.071039,0.5479525,0.08464004,3.078051,0.09242112,25.74214,40.775063,0.99760497,3.318343,0.7644113,9.492555,5.425642,1125.4415
2617,8.46271,0.6960486,0.4210399,2.2183726,0.065192975,15.258573,73.71541,0.99546677,3.3635705,0.7690475,10.831545,4.864664,402.07147
2618,6.8829036,0.40215397,0.4243542,3.6544116,0.10222517,20.112997,37.84425,0.99812686,3.2153134,0.63793856,11.188886,5.170468,1128.2885
2619,6.9130616,0.3976749,0.14386292,2.8559573,0.10328708,13.024901,70.76818,0.99772555,3.424235,0.79959095,9.9830265,5.2123847,919.9191
2620,6.5798206,0.6775875,0.09075935,2.48331,0.062397223,24.78506,27.044683,0.9968776,3.172806,0.60094076,9.501587,4.9099593,1197.9833
2621,7.039949,0.6421493,0.46056506,3.8230777,0.045274843,9.181714,16.294174,0.99858433,3.4651425,0.5199793,11.458564,5.2015467,1271.1465
2622,9.810787,0.67205334,0.4217697,1.2295321,0.086550675,18.358126,77.578384,0.99682814,3.1770751,0.74234384,11.232849,4.839248,954.06506
2623,9.09899,0.3609077,0.40155232,3.2680192,0.09117861,10.217185,18.964472,0.9976672,3.3443522,0.55683565,10.965893,6.378115,1069.1744
2624,6.8683767,0.43372244,0.2525065,1.7657672,0.1310614,17.506308,43.056507,0.99593747,3.338359,0.5581978,10.288104,4.9912252,592.1092
2625,9.437877,0.50178707,0.13594234,1.6595014,0.12929632,25.767893,62.282455,0.99741244,3.3581562,0.7427862,11.489338,5.0893655,749.69727
2626,6.6070113,0.42865017,0.44827077,2.0037494,0.10807435,23.156485,19.661713,0.9954048,3.2057447,0.526037,11.156003,5.0725703,583.77423
2627,7.67952,0.3523761,0.45621172,3.5280614,0.13071413,14.49554,14.060162,0.9959645,3.4356987,0.49242035,10.753552,6.2651105,1104.1179
2628,6.691986,0.5714476,0.40343416,2.0474806,0.11060261,8.098462,54.863995,0.99542683,3.2173998,0.55213153,10.922841,5.176046,788.5262
2629,6.772679,0.5006168,0.1230748,2.1786623,0.12661687,20.775986,74.76913,0.997708,3.293391,0.7804293,10.455048,4.853052,611.03156
2630,7.6057467,0.42470428,0.43707713,3.719846,0.07522717,25.063755,16.602402,0.99834496,3.3930182,0.54962486,10.402982,5.263092,1220.174
2631,6.6899695,0.5836653,0.45010662,3.1356525,0.09109399,14.003788,14.367155,0.9979208,3.3490815,0.5504477,11.438373,6.244547,1194.8475
2632,9.676455,0.45901158,0.38057345,1.4467106,0.08321484,7.3593082,77.35297,0.9979841,3.4278574,0.5426834,10.4280815,5.1591873,1260.7449
2633,8.694699,0.59310514,0.35737932,1.391164,0.06307165,24.257801,71.62821,0.9949692,3.355046,0.76359963,10.940787,4.857176,830.7768
2634,6.5775027,0.35385707,0.46014875,3.6905074,0.098451726,20.181643,14.033876,0.9984961,3.1837819,0.4934749,9.881619,6.4347615,1271.7882
2635,6.5675206,0.36253905,0.33661428,2.5466292,0.12480923,10.310102,25.898882,0.9977151,3.4315014,0.8028745,9.37569,6.142676,1267.0465
2636,8.023559,0.3567216,0.43954405,1.7332983,0.1327476,9.508614,16.873222,0.9948243,3.3666577,0.5820191,10.633657,5.929965,494.8093
2637,8.96479,0.4826562,0.14447686,1.6408334,0.1051954,6.80365,76.11802,0.99686784,3.3087504,0.73818636,10.488029,4.9373984,425.22592
2638,6.6368675,0.66722035,0.44659555,3.7073581,0.1319847,25.29893,14.093008,0.9972968,3.2037635,0.5047276,11.415685,6.3643074,891.2013
2639,9.044859,0.47890452,0.29599914,1.9691011,0.12367035,7.9857774,58.901485,0.9971327,3.4551127,0.69845575,11.130298,6.123728,955.3424
2640,9.461031,0.35328215,0.2820183,2.2063444,0.12896454,5.8000374,24.107965,0.9970485,3.4589992,0.5206639,11.262547,6.3601503,637.415
2641,6.682582,0.67348063,0.3405299,1.2609744,0.12190621,25.838142,48.77984,0.9953913,3.1658893,0.66370934,10.849551,4.988495,1173.8093
2642,6.9495206,0.36776254,0.4601766,2.55283,0.04359688,7.631048,13.92845,0.99838036,3.4665065,0.5078801,9.677764,6.4189606,1275.1307
2643,8.957062,0.35974473,0.4412836,3.5314684,0.10563282,5.7385235,14.490704,0.99858856,3.4490392,0.6183572,9.39507,6.4373918,1263.9099
2644,9.617382,0.45881635,0.36174193,1.6440912,0.12470518,24.33476,24.868143,0.99477315,3.352096,0.6064936,11.409035,5.0350513,353.8343
2645,7.998674,0.36905897,0.43687811,1.8160155,0.13268487,19.830137,19.276232,0.9949267,3.2571542,0.634193,11.503274,4.8626323,742.82733
2646,6.797371,0.5190247,0.33574545,3.333513,0.12912011,25.880829,61.017838,0.99833935,3.4622748,0.7147021,9.429836,5.4620953,1244.3579
2647,9.471293,0.611238,0.09547192,2.4673488,0.08626641,25.149782,77.6948,0.9968696,3.396847,0.79249465,11.429722,4.8572116,504.48724
2648,6.6111054,0.6161142,0.43700182,1.7512085,0.11084182,25.608282,27.00005,0.99672484,3.1727753,0.72811186,11.470183,4.9385014,806.8666
2649,6.6169133,0.35976708,0.4560852,3.4312434,0.11713338,8.159159,17.041864,0.99825627,3.3200889,0.55631524,9.465154,6.2644734,613.0832
2650,6.6568103,0.3639301,0.45668396,1.5105617,0.11623486,21.682692,40.06526,0.99857086,3.4478626,0.52504575,9.711337,5.5244436,1279.6178
2651,6.584967,0.5402198,0.16729063,3.7671187,0.1242166,7.0359287,57.227795,0.9982875,3.4568264,0.7703725,9.382011,5.9795256,1068.7374
2652,9.075547,0.6856599,0.23206529,3.1678283,0.04047327,21.967283,77.65176,0.99808055,3.1973457,0.77929175,11.463736,4.8514905,1251.4314
2653,6.571715,0.412591,0.4358225,1.4057025,0.1251993,23.945288,20.055597,0.99588186,3.2329917,0.50858545,11.200264,5.227187,774.7386
2654,7.818923,0.5951635,0.31107044,2.2821848,0.07613004,25.565283,24.679283,0.996118,3.169826,0.55334306,11.389284,5.2852497,1275.9838
2655,7.038434,0.6188938,0.4540271,2.2099507,0.087565556,17.792711,24.788507,0.9959121,3.163917,0.5007026,11.136446,4.9435635,1100.41
2656,9.818423,0.704946,0.088281125,1.3290663,0.09470523,23.011154,77.72388,0.99490523,3.186042,0.81916976,11.365979,4.84218,396.23956
2657,7.1435475,0.6316131,0.4407327,3.6384873,0.12880908,25.77707,39.02844,0.9953468,3.166793,0.5383568,11.429418,5.032954,740.74884
2658,7.258239,0.6704858,0.11417769,3.2474601,0.048222903,6.175028,66.99267,0.99847496,3.4641197,0.7778165,9.637799,5.3274846,708.3449
2659,9.561306,0.41476527,0.077097416,1.2567984,0.06293849,5.4980507,77.7433,0.9971309,3.3867908,0.81725395,10.086063,4.839984,1144.1405
2660,6.8301272,0.39377043,0.4594903,3.5132754,0.09852215,25.820276,14.401644,0.9978344,3.2285,0.5209766,10.828222,5.713802,1073.2952
2661,6.7030587,0.6278171,0.3310578,3.2830913,0.04525939,6.4066725,23.246197,0.9978321,3.1720748,0.7686028,9.414917,6.274166,1142.428
2662,6.574504,0.49587172,0.3996848,1.7343377,0.10574926,16.847145,30.195282,0.9956179,3.1624784,0.76869726,9.574444,4.992243,1023.56805
2663,8.494003,0.3570087,0.45448712,1.4449803,0.13221325,23.074041,21.376226,0.995734,3.4171326,0.51213336,10.31899,5.497957,896.8454
2664,6.613659,0.6956602,0.45754504,3.6955857,0.05584187,23.745634,19.657656,0.99834937,3.1614861,0.49116778,10.899113,5.0628676,1270.5258
2665,7.0989327,0.3861463,0.3832212,3.5147047,0.06150053,15.10703,14.512327,0.9982873,3.454731,0.56388116,9.86692,6.3014736,1187.3779
2666,6.802724,0.49934414,0.43436688,3.4215057,0.12264914,25.867798,35.933266,0.9948642,3.1781774,0.70428896,11.182491,4.9324627,467.0293
2667,7.768978,0.35553196,0.4524298,3.1010237,0.070934966,5.494837,14.032379,0.9981845,3.4621432,0.496224,9.437884,6.392337,1223.081
2668,9.164601,0.51086813,0.4213286,1.4282205,0.09071792,25.51551,58.864296,0.99496835,3.21685,0.5170959,11.46608,4.88193,409.34326
2669,8.81878,0.69921404,0.39459282,3.6707995,0.10852481,5.833373,73.48087,0.9976885,3.4632998,0.80475485,10.531684,4.97578,808.5055
2670,6.816353,0.58378166,0.24517831,3.7017527,0.1289558,21.568722,69.59759,0.9964615,3.3088791,0.7326348,10.374991,4.990878,448.68665
2671,7.220487,0.36831003,0.32130158,2.1458712,0.0642949,25.84097,35.55545,0.99547094,3.163331,0.7053075,10.974647,4.841082,473.04138
2672,7.265041,0.41508618,0.45508337,1.3627406,0.12077908,12.596853,18.31964,0.99607307,3.1882234,0.6383864,11.493327,5.0358753,906.789
2673,6.8110223,0.36072513,0.45897055,1.4891115,0.13102655,25.200806,13.994495,0.9978237,3.3420339,0.49065214,9.605465,6.4672194,979.02313
2674,9.940648,0.7035338,0.09727959,1.232746,0.052700736,5.6347075,77.74031,0.99788624,3.386862,0.8184161,9.788862,4.851127,1252.9867
2675,6.8632407,0.4934468,0.45038936,3.8192163,0.1262186,5.7256193,15.207735,0.998346,3.4101455,0.53754044,10.297767,6.337387,831.92377
2676,9.5835705,0.44371533,0.41944805,1.7963815,0.09176181,8.565083,70.2115,0.99494725,3.373937,0.6075439,11.42889,4.8504977,524.3253
2677,6.6096425,0.42947638,0.45988244,3.6307962,0.13181648,15.492288,13.952095,0.99856895,3.465469,0.4949747,9.77202,6.4713926,1264.3643
2678,9.677995,0.7086237,0.42380843,2.3465822,0.05906658,25.888859,65.81526,0.9948084,3.205806,0.78526837,11.49612,4.837391,775.3187
2679,7.975786,0.41845906,0.32760888,1.9791217,0.11965978,18.60321,67.68508,0.99602556,3.4204,0.7028403,11.276761,5.210673,764.18085
2680,8.196159,0.6717168,0.40063787,2.659626,0.09899971,22.97566,57.590282,0.9981589,3.1866097,0.72239834,10.082104,5.199004,1163.6744
2681,6.7418127,0.38621673,0.44066682,3.810969,0.1300551,25.247486,53.913082,0.9978106,3.444758,0.57322365,9.887214,6.363745,981.5347
2682,8.394111,0.45149893,0.44652662,1.6869698,0.08744941,8.519961,72.85279,0.99524236,3.2739654,0.5381688,11.193017,5.1292586,682.3224
2683,9.938313,0.70926243,0.0964189,2.289751,0.12060492,25.84968,77.73891,0.99839187,3.423255,0.81965464,11.395117,4.8557568,621.54926
2684,9.141333,0.68885624,0.45793864,3.2118444,0.055117503,13.792591,16.86657,0.99522984,3.16748,0.49154344,11.505174,5.0359178,1249.1644
2685,6.593185,0.5117565,0.44002455,3.7411742,0.07335899,19.45705,15.288567,0.9985938,3.3114882,0.69174266,9.466973,5.79792,1276.8484
2686,9.422488,0.66534364,0.44612837,3.792452,0.091489606,25.896112,63.906715,0.99701893,3.2438178,0.596601,11.511164,4.9433517,850.3895
2687,7.6143093,0.519948,0.33866894,1.2844135,0.114236414,15.41252,47.019783,0.99646765,3.2538133,0.6944257,10.735877,5.133089,913.08813
2688,6.637248,0.3699412,0.4003656,3.3480153,0.1335096,25.500072,40.826546,0.997094,3.375623,0.5322384,9.880111,5.4797015,1192.5378
2689,9.124074,0.7048657,0.127912,1.2535088,0.11315365,23.984158,75.33273,0.9950318,3.2875812,0.8079713,11.107175,4.8472085,533.0985
2690,7.965899,0.4114492,0.45056736,3.7976906,0.043174285,17.468136,62.749336,0.99858814,3.4356167,0.59636503,9.392199,5.3464975,1200.9706
2691,6.992586,0.54424024,0.18730839,1.5110186,0.11230721,22.15869,31.456814,0.99483746,3.2256505,0.76031363,9.817162,5.100722,396.3928
2692,6.564455,0.35549536,0.45720053,2.9696686,0.13251576,25.595451,17.680593,0.9985548,3.333379,0.50313747,9.529613,5.921787,1121.2175
2693,6.6577907,0.5196429,0.44696134,3.772103,0.11218993,21.875639,37.36027,0.9982901,3.2805598,0.5038068,10.786734,5.121571,1222.3368
2694,9.842684,0.67318285,0.14083189,1.2218312,0.10331031,6.128188,68.936615,0.99480736,3.2104053,0.6042162,11.494415,4.8521843,474.80215
2695,9.686275,0.48019245,0.37131438,2.5115201,0.12518921,17.63644,69.81542,0.9982326,3.4181688,0.57298905,11.094947,5.693743,948.293
2696,7.282513,0.4332597,0.45466852,3.1504354,0.12695102,15.138268,39.472885,0.99694,3.439275,0.58924806,9.444635,5.737285,838.92566
2697,8.985327,0.53549135,0.32890606,3.1801205,0.09424234,23.834658,76.50767,0.9951804,3.164026,0.7512654,10.80532,4.8486133,1064.247
2698,6.667262,0.38237792,0.44151402,3.672028,0.12702712,23.859814,14.274479,0.9979966,3.414209,0.5445836,10.737641,6.3779726,1040.8668
2699,7.2861633,0.39556503,0.45745626,1.3146653,0.0533341,5.621871,13.9548435,0.9977531,3.4485102,0.50004345,10.57355,6.361151,1244.6013
2700,6.8484077,0.4129788,0.26805702,3.5027688,0.13216572,24.487516,58.440403,0.99521744,3.283463,0.7004006,10.331465,4.883339,413.23538
2701,6.794935,0.43792152,0.36940476,2.6599023,0.12674671,21.557178,23.596544,0.9970434,3.4593425,0.5041131,11.462416,5.5670238,536.44324
2702,6.565492,0.35607225,0.45992887,3.8234396,0.10972467,20.33171,14.913847,0.9985961,3.457671,0.49202877,9.401198,6.457644,1280.1853
2703,6.7130613,0.3693281,0.28966266,1.741126,0.10556241,6.706748,57.781982,0.9978072,3.360464,0.77147686,10.260172,4.92758,1099.7352
2704,8.053246,0.58128154,0.21005659,2.3175135,0.1286271,23.991423,71.461525,0.9951236,3.192501,0.7844831,10.297657,4.8847857,591.41156
2705,6.6962724,0.6011928,0.30958214,1.227896,0.12997432,24.049093,69.65874,0.99609464,3.4525387,0.7769983,11.0553055,4.8568377,860.2122
2706,7.1139426,0.41280147,0.3971742,1.2187299,0.10918423,5.989687,28.394316,0.9962094,3.304194,0.52335274,9.752608,5.2182593,1234.7583
2707,7.9547615,0.3695617,0.27758232,1.2556038,0.13033856,25.548616,38.792072,0.99579793,3.1796026,0.66560847,11.100354,4.9211655,806.2566
2708,6.852251,0.45759922,0.15872008,1.8193475,0.12064211,24.516022,48.502117,0.9982482,3.4166534,0.7478474,9.435797,5.4364867,1215.1196
2709,6.8005443,0.6336306,0.43979746,3.3108475,0.12157039,25.910425,45.45522,0.9949097,3.163221,0.5007125,11.502534,4.8624454,1198.3115
2710,9.649878,0.44444048,0.12824269,1.2352164,0.05386275,12.189145,73.847694,0.99528074,3.1764605,0.774595,10.809442,4.841138,1238.9288
2711,6.803586,0.37733307,0.44795018,2.1778464,0.10661543,22.642208,14.431,0.99562365,3.3238468,0.575223,11.239893,5.798001,1158.9995
2712,7.200112,0.37625447,0.42407766,1.6091802,0.09442519,5.5948257,14.6355095,0.99650234,3.4298415,0.50821036,10.167063,5.6613274,970.52496
2713,6.7488155,0.60594237,0.4496491,3.8179836,0.040835228,19.532736,77.41421,0.9985942,3.4536428,0.6552856,9.386731,4.841467,1277.6909
2714,9.683361,0.6359274,0.072521254,1.3822532,0.13311845,25.888292,73.395065,0.9951734,3.1787844,0.7977174,10.987793,4.950279,784.4155
2715,7.135747,0.5610254,0.42157838,3.6015155,0.051274706,20.508503,73.92564,0.99858993,3.462158,0.65151525,9.629341,6.245223,1226.4965
2716,8.811117,0.70392466,0.17876428,3.340764,0.122374944,25.442509,73.45745,0.9963639,3.1981256,0.71804726,11.272184,5.1728063,638.61304
2717,7.0389557,0.46782306,0.45408157,1.6286079,0.10738427,16.064398,61.951225,0.9979732,3.2919495,0.56764966,10.820232,5.1620774,1262.6649
2718,7.222502,0.6984178,0.32972282,2.7107694,0.08520287,24.977901,66.7349,0.99857414,3.195551,0.70881176,10.935915,4.850078,1255.106
2719,8.9229355,0.6927952,0.21352349,1.8256711,0.113961555,6.2666044,75.921486,0.99497265,3.217692,0.7414492,10.745042,4.9456882,401.77255
2720,6.9907413,0.6923248,0.27148563,2.4762423,0.11184946,24.443468,76.24296,0.998244,3.4014301,0.6782684,11.15437,4.8523064,1233.8138
2721,6.6356316,0.46230224,0.31076294,3.159944,0.13123256,16.894281,68.12459,0.99836916,3.4416673,0.6832553,9.966839,5.1147428,1208.2494
2722,7.5662065,0.59173846,0.14830896,1.6037948,0.10608237,25.143885,77.451706,0.997509,3.3329048,0.79153705,11.393169,4.839244,705.0049
2723,7.497251,0.372361,0.38058358,3.7126393,0.13142568,15.80219,24.011362,0.9976042,3.3911998,0.73588187,9.854588,5.7161927,838.5388
2724,6.679379,0.43901822,0.3421269,3.7559881,0.12686291,25.915575,57.32314,0.9982379,3.2001622,0.62901753,10.1917305,4.907387,556.4729
2725,7.172645,0.51980734,0.31225625,2.4017594,0.1219,16.6355,63.255398,0.9958312,3.213859,0.5947475,11.16507,4.954398,689.17706
2726,6.649848,0.5414799,0.26383743,1.611532,0.075443305,5.6121225,43.401653,0.99505246,3.2386339,0.7365315,9.548811,5.0251102,977.2704
2727,6.6072197,0.62573147,0.3908652,3.6012056,0.08233491,24.304928,61.936382,0.99858624,3.4216766,0.70016026,10.489125,6.2280188,1260.005
2728,6.5693717,0.36926258,0.4606454,3.821662,0.093329914,23.321754,13.973413,0.99859375,3.2679834,0.5113244,9.949156,6.381198,1279.4728
2729,8.440341,0.6806111,0.13363864,3.671822,0.13216805,25.933113,75.99527,0.9984607,3.3100722,0.8163498,11.367393,4.8513207,512.21326
2730,7.1872907,0.467366,0.16042674,3.0737314,0.11459871,24.232635,51.7303,0.9984642,3.4629617,0.73591465,9.88977,5.61864,1089.1803
2731,8.068279,0.7023231,0.3509297,2.2030957,0.101798005,11.976331,14.350542,0.9976125,3.3124683,0.5172615,11.428257,5.851168,1155.6582
2732,6.7001605,0.480986,0.26423967,1.7134788,0.12895226,24.817314,53.4713,0.9953467,3.175967,0.74846536,10.796357,4.9605937,837.1185
2733,8.180215,0.41969258,0.14760797,3.6474502,0.13135767,5.6517467,77.28207,0.99786663,3.465336,0.79237705,11.059083,5.112742,400.90268
2734,7.0176587,0.60512155,0.41727048,2.0978096,0.12780416,19.655283,25.516039,0.994951,3.227056,0.5907157,11.241091,5.059628,455.31955
2735,6.5861177,0.46651304,0.30783123,1.5647871,0.12456058,25.914772,21.470455,0.9973927,3.1707675,0.5406782,10.641632,4.9573073,1268.9564
2736,6.987759,0.44464657,0.42069137,3.3520448,0.09818508,25.15568,15.375778,0.9967651,3.1749618,0.5094155,11.502905,5.1158867,1022.14087
2737,8.784152,0.67820245,0.0795757,2.1686513,0.11767007,21.023148,64.85669,0.9947773,3.1813142,0.7701725,11.272897,4.88245,358.91367
2738,7.2363486,0.42861426,0.44044018,1.6164392,0.08277875,25.491241,48.009007,0.99737376,3.4303274,0.5803956,10.929172,5.3005524,804.287
2739,6.630565,0.4562957,0.45959714,3.8203855,0.06875159,24.574812,14.712536,0.99859405,3.4532115,0.5000388,9.380811,6.4479623,1279.3523
2740,6.630356,0.37593,0.44626448,3.7102907,0.12477546,14.047864,14.106266,0.99496,3.4621048,0.53981173,10.61339,6.2649083,835.9998
2741,6.5777965,0.45249438,0.45971116,3.6728828,0.12619096,23.58287,15.110506,0.99649554,3.2789507,0.5064927,11.376274,5.405129,750.0808
2742,6.5834823,0.6539909,0.16928844,2.0573165,0.083872795,25.591702,21.661015,0.9983092,3.197045,0.80621344,9.645452,5.1659775,1167.0151
2743,6.7414045,0.6041513,0.34611532,1.3740598,0.11918654,22.244398,47.980537,0.995259,3.163765,0.7290889,11.50803,4.8748307,486.4802
2744,7.035249,0.60501605,0.4374231,1.970643,0.05213669,21.663265,71.915054,0.99855655,3.4640872,0.77095366,10.395936,4.9148793,1270.2776
2745,6.5754223,0.35857704,0.113327146,1.6473231,0.13364339,23.480915,76.57151,0.9956576,3.3788247,0.7132081,9.385148,4.8479314,498.2089
2746,6.917623,0.4972824,0.4299166,3.0126193,0.116119005,15.284659,41.663864,0.99790514,3.4085116,0.62698025,11.167849,5.398451,984.7443
2747,7.975323,0.56325805,0.27485424,1.9503684,0.13104086,25.822796,25.431921,0.9972386,3.1757545,0.761118,9.784928,4.938262,1130.0533
2748,8.452691,0.5153312,0.2472359,1.44714,0.12813863,21.825188,72.99204,0.9949047,3.2819865,0.66724,11.471528,5.044574,573.8521
2749,6.7900176,0.6835007,0.43286073,1.5064125,0.09462874,24.229033,24.66157,0.9955705,3.1617062,0.5356177,11.38863,4.849878,1120.4143
2750,6.810022,0.6535668,0.42479166,3.5218432,0.11619417,10.296519,17.782589,0.9955717,3.391663,0.7197211,9.850402,4.897941,664.71576
2751,7.869336,0.70440906,0.41469806,1.3847144,0.087114275,23.943926,18.697853,0.9947801,3.1647356,0.5145033,11.505557,4.8959866,819.78644
2752,9.138803,0.354304,0.42971113,1.9832975,0.09740598,20.89167,43.71048,0.9968249,3.4113207,0.71793807,11.359218,4.8842845,1067.4929
2753,9.392394,0.6289791,0.4196924,1.2581773,0.12548962,25.450724,34.88902,0.99490106,3.1617434,0.5516695,11.49338,5.396847,910.2926
2754,9.028074,0.35208437,0.4585348,3.0429754,0.12828419,6.6832123,16.143265,0.9984003,3.4622595,0.518556,9.365861,6.437336,1173.5284
2755,8.189912,0.58110833,0.35438082,3.2501721,0.100699216,23.019289,23.33385,0.99754685,3.171281,0.5008229,11.503528,5.4294977,934.978
2756,9.560034,0.66475624,0.07801482,2.1853263,0.12684406,9.790568,77.557396,0.9976165,3.4605474,0.8187538,10.335779,4.9703145,541.3274
2757,8.159887,0.70507616,0.45783228,3.3893137,0.039464,24.31217,58.756786,0.99859554,3.3174531,0.7554551,10.610833,4.905517,1259.8127
2758,7.808905,0.6105525,0.41746247,2.1789181,0.09941952,25.918114,68.88375,0.99589205,3.1721427,0.6801559,11.511948,4.925348,1167.5825
2759,8.09742,0.59354544,0.3564588,2.4666407,0.09596848,25.676083,71.138214,0.997962,3.1809664,0.8080587,11.065257,4.897899,932.52185
2760,6.753105,0.35410583,0.4547899,3.6362216,0.13048983,22.157993,14.036713,0.9983422,3.4611235,0.58587027,9.536727,6.469106,1240.1877
2761,6.592974,0.39867324,0.45474753,3.5570052,0.08043775,24.301714,14.77569,0.9978723,3.3966422,0.50522757,9.401654,6.3220572,992.62775
2762,6.656657,0.5223633,0.45978117,3.5447025,0.058469266,19.590012,13.931604,0.9955982,3.1915488,0.4945234,11.490419,6.207317,1277.4377
2763,7.949958,0.58995426,0.18295033,1.2482135,0.11587698,15.753154,61.112152,0.9948122,3.1860385,0.7093207,11.508655,4.848588,728.2055
2764,9.317242,0.35919937,0.41992885,1.8475745,0.12409517,8.744202,14.487806,0.99501556,3.403027,0.5053038,11.497957,6.25732,502.96713
2765,6.650178,0.3844221,0.44852805,1.2789242,0.116055205,24.854778,15.074038,0.99801487,3.4600258,0.5046945,11.085293,6.0657806,1203.055
2766,8.227012,0.6885695,0.17273189,1.290351,0.114272214,22.749653,77.26076,0.99524033,3.399413,0.81055063,10.888528,4.839674,422.13406
2767,6.7380576,0.63880193,0.38311666,3.8117104,0.086208925,23.68106,54.662632,0.99858105,3.185549,0.7143201,9.580132,5.7004504,1185.6069
2768,8.32333,0.6873243,0.30594048,3.1037576,0.12721284,23.192377,74.52845,0.9957507,3.442679,0.79502326,11.346401,4.960377,533.8807
2769,6.930545,0.35295463,0.45214227,3.12254,0.05835908,22.578457,15.491705,0.99839485,3.3546202,0.49649897,9.500924,5.940653,1251.9447
2770,9.248142,0.45279083,0.43671855,3.2891705,0.09478462,10.181287,23.793888,0.9983454,3.4535959,0.52167684,10.766856,6.0557647,1205.6774
2771,8.92087,0.44950446,0.23768201,1.2165259,0.1207483,7.6017246,73.12069,0.9951004,3.3203664,0.77969414,10.654013,4.8381457,1152.9042
2772,6.72443,0.48026815,0.17361458,3.0124204,0.077260785,23.905916,21.100876,0.99854004,3.3561919,0.56886965,9.377273,6.1318154,1234.8057
2773,9.669427,0.69828385,0.19971283,1.2715124,0.10356889,12.803467,69.62998,0.99484265,3.1634023,0.8069678,11.493267,4.896479,427.80667
2774,6.761469,0.38585615,0.44062576,1.8479023,0.12030507,11.941083,30.972067,0.9957209,3.2328658,0.6596339,9.712614,5.276994,1165.016
2775,9.680862,0.4586435,0.40375733,1.3430212,0.114401065,5.9251776,76.43659,0.9964087,3.4437659,0.7914342,11.247149,5.655635,1070.3904
2776,6.5801716,0.36813468,0.26028478,2.2145507,0.13125291,13.68404,60.86626,0.99856836,3.41566,0.8004121,9.365585,4.893013,1259.6096
2777,9.945812,0.6488987,0.07796621,1.2168568,0.121774256,25.380398,75.947075,0.9954165,3.3981123,0.8013969,11.364794,4.83741,667.845
2778,6.9819713,0.5669571,0.28958488,1.2605138,0.12975903,21.57741,71.811615,0.9948518,3.323519,0.65369266,10.69304,5.0103393,481.17026
2779,6.925165,0.5084159,0.4551258,3.677991,0.113032416,24.058022,14.913681,0.9962982,3.2040806,0.5138549,10.915947,6.067423,968.22833
2780,6.705297,0.5960906,0.43560395,3.820172,0.0881997,23.805492,14.46674,0.998369,3.3488402,0.7287896,11.4185505,5.310469,788.1022
2781,9.409543,0.4603076,0.4104519,1.4376796,0.085909046,5.7619867,74.47273,0.9960841,3.4495308,0.7972773,10.643837,5.714175,755.548
2782,6.593356,0.3674467,0.44941843,2.0718303,0.13278924,25.865408,16.602968,0.997529,3.242991,0.5559645,10.783129,4.8694315,505.31207
2783,6.7568903,0.66929406,0.44436327,3.3657541,0.08829249,10.507434,15.17042,0.9976646,3.2889729,0.5171389,9.716927,6.0118775,1057.4635
2784,6.634331,0.40813205,0.45808893,3.4829571,0.12683436,13.577538,14.213312,0.9971637,3.344752,0.49711064,11.025464,5.8014326,1204.5072
2785,9.257762,0.7025826,0.09150408,1.3467939,0.087167256,16.205797,34.755493,0.99516314,3.1901503,0.71799415,10.144909,5.0205035,1007.8572
2786,7.2926607,0.4705323,0.33975077,2.982369,0.09314185,25.88933,47.67251,0.9947844,3.161625,0.5647998,10.712906,4.841959,601.4238
2787,6.6593347,0.38276306,0.31601354,3.419672,0.09585057,20.226393,73.741264,0.9985108,3.4591742,0.72483087,9.370149,6.1740794,1269.3553
2788,7.4870386,0.7007465,0.3841508,3.6827765,0.044814244,24.127007,64.91597,0.9980772,3.1795888,0.5892862,11.448077,4.901866,1134.8792
2789,9.348309,0.35299554,0.45983982,1.9568446,0.10682747,6.155324,13.954161,0.99485224,3.1673417,0.49253517,11.407465,6.2333665,1267.921
2790,7.4028096,0.63508016,0.1737287,1.3248993,0.08686912,22.672518,76.37637,0.9978152,3.3780098,0.8138233,10.190085,5.06728,758.07996
2791,6.5934215,0.35209593,0.45058528,3.7473826,0.051838722,5.4840174,15.51306,0.99859583,3.4670405,0.8066189,9.365017,6.294593,1274.2206
2792,6.8437443,0.5424508,0.39013153,1.2316862,0.13172482,23.017345,33.44381,0.9972488,3.372602,0.5555358,10.887536,6.279377,1173.6658
2793,9.895721,0.65391093,0.15211357,1.7426498,0.0455731,19.945229,77.54096,0.9969433,3.4525416,0.8087855,10.069368,4.839899,569.24243
2794,6.8996906,0.50572026,0.31131655,3.777651,0.08196907,5.640579,72.012695,0.99751997,3.4635365,0.7788018,9.3772545,5.9919353,1066.1107
2795,9.510057,0.70575935,0.41076827,1.2404774,0.046921328,9.583665,67.96672,0.9957238,3.1921806,0.7725235,11.437482,4.854791,1093.1318
2796,6.764732,0.35546762,0.45763215,3.514206,0.08787354,9.863325,15.464493,0.9972864,3.3604953,0.64129615,10.376764,4.878487,1254.7026
2797,7.6646934,0.3773407,0.26892576,3.7902367,0.10595485,6.0120153,23.24191,0.9959308,3.4274695,0.7207441,9.39417,6.0208945,487.91296
2798,7.0105734,0.3690204,0.1885727,2.933873,0.122061275,13.528156,71.27958,0.99738795,3.4563556,0.6804452,10.42912,6.072592,812.15283
2799,6.564947,0.45338297,0.41978228,3.1722724,0.13248892,23.464756,14.808176,0.9984773,3.387654,0.56607985,10.189463,5.056752,1246.5565
2800,7.0730076,0.68380094,0.29192543,3.6647737,0.05290183,21.462645,18.615221,0.9953974,3.286889,0.78061116,11.450703,4.857874,1125.8478
2801,7.029344,0.68735343,0.3860225,2.1109707,0.10296057,24.623459,49.05909,0.9975933,3.3033442,0.6039597,10.2569685,5.2353125,1064.1595
2802,6.592983,0.68380725,0.41945904,3.408198,0.118679866,25.930403,72.764366,0.99748504,3.4235294,0.8128054,9.446163,5.0191073,531.90607
2803,9.863809,0.35628343,0.07630178,1.2237251,0.13064821,25.305325,77.7451,0.99590313,3.462795,0.8201882,9.669151,4.848907,811.1321
2804,9.920124,0.6887714,0.12024324,1.2420688,0.045925908,23.029123,77.735344,0.99850553,3.423689,0.77409697,9.562707,4.854826,970.6416
2805,6.578009,0.40444705,0.2618881,2.3158011,0.13070382,20.42275,21.670698,0.99676126,3.213603,0.4972632,11.474866,4.8792205,1248.9984
2806,6.6320605,0.39661834,0.45927238,3.052871,0.09749259,21.253967,14.3582325,0.9978178,3.317601,0.5027537,9.984182,5.8944573,1184.135
2807,6.614934,0.6801183,0.4602158,2.6219082,0.117671445,18.371365,15.600756,0.99727714,3.2226293,0.52392465,11.4990225,5.314741,812.11774
2808,6.5811915,0.6726459,0.45741582,3.5068824,0.120260015,18.573719,43.38948,0.9974853,3.3538368,0.6980234,9.852238,6.4471755,563.00134
2809,6.616305,0.44642448,0.43372884,2.2782042,0.12582478,8.29315,14.924725,0.9955079,3.2087536,0.53359795,11.240853,5.3969183,1221.0554
2810,7.180071,0.6199872,0.43517572,1.5877038,0.13190933,8.654376,49.019295,0.99481887,3.3003132,0.6304398,11.493782,5.256454,575.32684
2811,7.6191654,0.3968195,0.42714864,1.2740055,0.1330304,17.112415,56.131725,0.9947745,3.3203623,0.51885635,11.489475,4.897148,474.37872
2812,6.9617453,0.35734427,0.45867896,2.367674,0.1303862,8.869145,14.030878,0.9958803,3.4206426,0.49443075,11.226971,6.460539,583.53876
2813,9.7472,0.6757813,0.3347985,1.2627989,0.06420551,15.309746,43.479504,0.9955272,3.2976928,0.6697783,11.450243,4.853644,800.48615
2814,6.567231,0.45158532,0.4599123,3.7705834,0.12574622,12.977362,14.190245,0.9983212,3.2857351,0.5261807,10.849872,5.50241,1267.9967
2815,6.8855653,0.37538412,0.4561063,3.679609,0.052355357,19.814342,14.738222,0.99855435,3.464145,0.5446957,9.402747,6.1102943,1105.5576
2816,6.572828,0.37947917,0.44848195,3.6212645,0.13059384,14.726418,14.9538,0.9984311,3.449535,0.4903748,9.777955,6.024754,1198.1305
2817,6.6740737,0.57522696,0.43474764,2.768762,0.10016483,24.780308,36.907845,0.9959018,3.325372,0.5226893,11.504505,5.094982,843.6275
2818,8.236568,0.5444146,0.306823,2.13538,0.13006155,25.58193,77.53171,0.9979048,3.4009895,0.74272156,10.374824,4.868945,642.7679
2819,6.779289,0.40096956,0.42215773,1.6683414,0.09294199,10.734828,36.515007,0.9970982,3.4233356,0.6818692,11.071739,5.2499423,1205.8392
2820,6.649298,0.70816356,0.4504729,3.8137603,0.05739888,7.7137685,48.345192,0.99795437,3.4581652,0.60275704,10.415562,5.511687,842.9598
2821,6.586433,0.6855587,0.32250574,3.0114343,0.061210148,20.83994,18.889917,0.99846566,3.3767507,0.58911383,11.287193,5.347696,1193.3262
2822,6.7420144,0.36280143,0.45422736,1.330142,0.13110225,24.03728,16.901852,0.9951643,3.338428,0.63271815,10.644414,5.6037498,966.93085
2823,9.303688,0.64842254,0.07230049,1.2363689,0.12498199,18.054611,76.98985,0.9950313,3.164918,0.5813264,10.954962,4.8918667,483.88147
2824,6.910302,0.5261201,0.42445463,1.2632222,0.12516266,14.889831,24.127077,0.99507,3.1635654,0.54342955,11.456622,4.858414,786.75116
2825,8.435187,0.38526335,0.39641497,1.3069133,0.13108727,25.631222,51.317562,0.9949203,3.2246792,0.53425545,11.498953,5.020159,759.56024
2826,7.053274,0.35741848,0.4572715,3.4961,0.13091403,24.197632,14.019682,0.9983843,3.4407315,0.52359664,10.017152,6.3711014,1125.1067
2827,7.9275546,0.59939027,0.4051022,2.451028,0.07988859,10.293085,73.453636,0.9959228,3.295976,0.6753252,11.494854,4.9435625,679.59955
2828,7.0356336,0.42653674,0.4115115,3.3832867,0.049110673,10.266471,14.817354,0.998583,3.444016,0.5096344,9.425473,6.337319,1277.8444
2829,6.876074,0.6713004,0.4474843,3.6410873,0.104630426,21.831717,34.04685,0.99678385,3.230808,0.52920485,11.311237,5.5247,747.434
2830,6.580084,0.35303485,0.45983475,3.4653666,0.13206294,7.957048,14.738625,0.99678576,3.456681,0.5069319,9.5131855,6.0563483,1118.7598
2831,9.878579,0.68961656,0.4283345,3.7144387,0.12370137,21.73932,16.934633,0.9948394,3.166157,0.522836,11.483233,5.1373887,480.28745
2832,6.8554387,0.38405174,0.10593885,1.3442198,0.10511629,12.053827,66.385574,0.9979048,3.4503758,0.72634494,9.405357,5.1997313,1200.6267
2833,9.327027,0.52787983,0.42473987,1.2206035,0.11885214,12.454353,68.55782,0.9949057,3.1873171,0.6571294,11.396087,4.8603606,794.88544
2834,6.610249,0.35811657,0.4592198,3.7474434,0.12644058,7.8426104,14.985069,0.99838483,3.4645236,0.55543524,9.716953,6.447664,1164.4023
2835,6.5844374,0.35262823,0.45956707,2.1971147,0.11595775,19.567314,16.09791,0.9971502,3.3859365,0.55598605,9.567249,6.0857882,1268.672
2836,7.0423684,0.52169806,0.44559053,3.7971995,0.048626363,23.372158,20.83886,0.99857545,3.4655333,0.6267488,9.3701725,5.0078244,1272.0186
2837,7.8999777,0.62659526,0.4585885,3.5465052,0.07020126,24.788921,36.40531,0.99564856,3.1697507,0.50866663,11.501285,5.650667,654.2458
2838,7.9720964,0.5342963,0.24966772,3.302703,0.11757857,23.87214,74.54981,0.997149,3.393862,0.61429805,11.042023,4.995624,894.4439
2839,6.5854335,0.40584433,0.4359206,3.5976477,0.11572923,25.709927,16.287933,0.99726886,3.1907387,0.5054784,10.179033,5.548512,1144.6487
2840,8.2529125,0.6196677,0.39168295,1.7554312,0.098738305,7.037174,40.776863,0.99478436,3.3015056,0.6794428,10.85747,4.917611,362.4393
2841,9.160313,0.36070165,0.29217508,1.4462856,0.08352711,12.053227,43.093994,0.99672043,3.4630427,0.71900475,9.388689,5.2499213,833.8752
2842,7.304538,0.6910495,0.077158004,1.8983456,0.12523627,25.937073,72.34438,0.9981846,3.388583,0.8190941,10.522458,4.86756,842.41754
2843,6.7486825,0.6662242,0.11202365,2.8471072,0.045171082,25.27751,52.707928,0.9985464,3.2869413,0.7880381,9.382041,4.8517027,1202.6545
2844,6.701096,0.41941082,0.4478997,3.4483016,0.09389118,17.272713,41.63818,0.9974956,3.1757889,0.5016967,11.4891,5.0902586,1186.2805
2845,6.712724,0.38105837,0.4485594,3.8176801,0.05610236,12.437081,14.185822,0.9985703,3.2187052,0.58899903,9.905889,5.2389846,1101.1482
2846,9.881508,0.7027324,0.09187324,1.228498,0.09336267,7.3539047,77.73458,0.9963854,3.440622,0.80663407,11.503987,4.851955,636.6118
2847,6.7704687,0.35334435,0.4562031,1.4031123,0.12837547,22.476585,14.293362,0.9959036,3.463003,0.5097012,10.819528,6.1221104,816.73175
2848,8.370778,0.36988786,0.26632455,1.873304,0.05969709,7.2990704,74.207245,0.99763894,3.46687,0.7829432,9.368991,5.9329095,680.79364
2849,8.156977,0.6612205,0.27931336,1.5020165,0.10563413,22.572992,73.57463,0.994848,3.2459226,0.69255126,10.037537,4.854953,391.10956
2850,7.0440273,0.6052701,0.43779212,3.1765308,0.12661995,25.927382,75.48255,0.9974116,3.272226,0.6432138,11.476597,4.8388844,1218.7217
2851,7.178408,0.35896242,0.46038324,3.7225266,0.12804052,11.075928,15.202801,0.99813926,3.4630997,0.5273001,9.519982,6.401271,565.9114
2852,6.669801,0.49953404,0.44431144,3.806162,0.10801511,6.6733084,16.309261,0.99857956,3.2367697,0.53270155,10.374058,6.0385256,1278.3285
2853,7.5829372,0.4275808,0.4241062,1.693234,0.13032395,5.4936924,77.08608,0.99816173,3.4662569,0.599955,10.44714,5.2498555,1103.4335
2854,8.062797,0.4042087,0.44012618,3.818402,0.044862457,5.479869,14.428753,0.99854845,3.4633486,0.5872364,10.721599,6.252176,1259.3425
2855,7.001673,0.35931394,0.45361724,1.9413975,0.10693701,7.757877,13.999792,0.99807274,3.4178712,0.5060988,9.5444145,6.4073606,1039.4624
2856,7.430765,0.44500056,0.31644452,1.30005,0.104494296,25.494343,63.39026,0.9954315,3.356737,0.80405587,11.331057,4.8392086,601.86584
2857,9.628444,0.5501269,0.13645896,3.822042,0.06907448,5.9389963,73.779594,0.99678355,3.4670181,0.81050515,10.107,4.868226,398.78476
2858,7.042617,0.5634357,0.073012844,2.8987098,0.10754726,17.18216,77.66281,0.99854237,3.4625115,0.8195824,9.386115,4.8797417,1231.3121
2859,9.94571,0.70582527,0.44360653,1.5598038,0.04051133,5.482416,69.30704,0.9956937,3.4669304,0.8064569,9.601678,5.549749,1069.9661
2860,7.243817,0.35732728,0.44401357,1.6026895,0.09714647,21.223673,14.055929,0.995033,3.2899232,0.51683104,11.243796,6.361163,504.7404
2861,6.605528,0.41565374,0.30013618,3.2241616,0.09847611,15.359225,18.6202,0.998585,3.404731,0.60465395,10.138447,6.091435,1268.7164
2862,9.731336,0.3809893,0.43039492,1.2578537,0.12683211,14.8747225,15.962435,0.9947833,3.297661,0.5013789,11.443374,5.767199,400.06686
2863,8.973261,0.36638305,0.45698392,1.3887079,0.07962017,25.639254,25.010239,0.99519974,3.2352333,0.55518675,10.1094675,5.0014215,899.51605
2864,8.753196,0.40451422,0.22807805,3.0001872,0.10228578,17.197227,77.65277,0.9979803,3.46282,0.80518645,9.519012,5.10038,405.77255
2865,9.849316,0.60338736,0.23519999,1.4140972,0.0805385,25.695057,75.60631,0.9949052,3.2108347,0.81768304,10.937044,4.845488,361.08142
2866,6.576567,0.35309398,0.4600218,3.7300227,0.123953044,8.870656,17.084862,0.9985754,3.4636228,0.52834415,9.373584,6.163482,1278.5393
2867,7.915374,0.37277856,0.44983667,3.762031,0.12931286,14.553498,31.197123,0.9985765,3.4666574,0.5802676,9.999844,6.441422,1075.005
2868,6.569161,0.38404876,0.46034792,3.8192377,0.13024993,25.93602,14.479256,0.9984806,3.1685383,0.5306069,10.090873,5.152208,1201.6365
2869,7.286254,0.6638692,0.16572013,2.129852,0.090570964,17.037525,23.813076,0.9969507,3.184454,0.55777293,11.370362,5.6304946,1230.3615
2870,9.370612,0.57600826,0.19279732,1.2403135,0.10718182,24.461515,57.245033,0.99491334,3.22513,0.6498073,11.095885,4.8702226,471.22147
2871,6.961297,0.6573832,0.11348978,1.9577656,0.1282746,23.662964,75.34438,0.9961549,3.3248885,0.77899885,10.711876,5.6318364,394.53708
2872,9.58793,0.373383,0.4309795,3.3846095,0.08020509,9.993799,77.01929,0.99731714,3.3258874,0.7457848,10.444891,4.8442287,524.6586
2873,9.638403,0.6431722,0.3288873,2.2476752,0.042135745,5.544132,41.54763,0.9954988,3.464185,0.79268414,10.350335,6.2330656,1230.818
2874,6.643503,0.5250893,0.44723108,3.1770074,0.1202134,23.469383,27.877459,0.99758756,3.3115528,0.63410205,11.293784,5.818995,1090.6593
2875,6.800397,0.3683731,0.45096633,2.4971385,0.11182311,13.954479,14.224951,0.99787164,3.379916,0.50159776,11.428608,6.4250183,1195.0835
2876,9.71737,0.7007628,0.19446927,1.2682672,0.12671576,25.852184,71.8767,0.9947704,3.1614954,0.5715085,11.427879,4.8449836,365.38525
2877,9.713745,0.48972368,0.4462723,1.414567,0.13077307,19.487383,17.780325,0.9947824,3.4234734,0.72963685,10.724577,5.7960806,394.3844
2878,7.6207514,0.37592667,0.3243252,3.5392087,0.10974816,25.57533,69.34914,0.9985721,3.4634168,0.6804937,9.374862,5.0875697,1226.8457
2879,7.5479455,0.6678846,0.28322744,1.6423932,0.09731196,14.373058,76.97644,0.9952915,3.1730397,0.81537503,10.438361,4.8449435,840.733
2880,6.7451053,0.46877974,0.4481193,1.3541472,0.05783482,19.95516,46.984142,0.9979421,3.3709133,0.5128167,10.419218,5.4259615,1271.0354
2881,6.594821,0.47474414,0.38900635,2.558252,0.10103251,25.408882,15.905363,0.9984464,3.3566887,0.6436836,10.146583,5.8855352,1275.5853
2882,6.7051444,0.40104902,0.4557332,3.5179765,0.058987617,23.420015,15.144241,0.99622095,3.2088466,0.55887735,11.251258,4.985796,852.1081
2883,6.855064,0.42799312,0.46027452,3.0287917,0.10189374,6.0519667,14.347441,0.99829435,3.3146567,0.52004635,11.389962,6.433881,1269.3872
2884,6.643004,0.46018147,0.20467979,3.730841,0.13201308,25.841555,70.68407,0.9968082,3.279091,0.7451412,11.399841,4.8557124,529.34515
2885,7.475747,0.3543721,0.4585651,2.0654056,0.07555208,5.511307,14.033545,0.99845093,3.4618795,0.49260303,11.367779,6.341787,1259.0907
2886,8.099136,0.36839998,0.31464323,1.2645992,0.12997063,24.853966,50.666004,0.9957999,3.3282018,0.72751737,10.300921,4.9891014,826.16174
2887,7.4339447,0.39732403,0.18956457,1.2264651,0.13168277,7.86373,62.137127,0.99502563,3.315185,0.56046045,10.12115,5.3807445,650.485
2888,8.425447,0.6902572,0.44558,1.600296,0.1151692,8.207645,53.391,0.9950108,3.4447083,0.6323801,11.117567,6.0178347,366.65625
2889,9.766398,0.60513145,0.40208444,1.5226158,0.1167597,23.23715,77.45418,0.99617714,3.4609308,0.80618054,11.151547,4.8518095,762.85406
2890,8.316802,0.6425362,0.17114238,1.2293887,0.07321622,25.434746,77.02011,0.9947931,3.1615407,0.6072205,11.46302,4.8396025,1089.5432
2891,7.334309,0.46900868,0.45751134,2.7673628,0.124335326,17.81286,16.267178,0.99543506,3.2775962,0.50528455,11.14247,6.3334246,1170.5398
2892,8.252019,0.5955488,0.19296518,1.2555225,0.1297652,21.991634,77.69642,0.99559575,3.4035718,0.8026818,10.614739,4.849489,1132.7716
2893,9.673513,0.53498054,0.45357814,3.6263456,0.08032757,17.418062,74.592,0.9958768,3.457725,0.63671756,11.359816,5.0594954,567.4006
2894,6.937321,0.48717967,0.26377523,2.9786294,0.11245817,5.941783,57.074013,0.99579597,3.3941324,0.766625,11.272938,5.9286723,514.0235
2895,6.5643864,0.38643393,0.4566356,1.6193534,0.12443995,25.367086,14.731632,0.99581236,3.1689832,0.5076426,11.335705,4.982157,1237.8462
2896,9.796635,0.69428337,0.27850932,1.2683727,0.13270082,25.92425,40.06243,0.994894,3.175954,0.55445796,11.513149,4.8653417,543.38257
2897,7.7075157,0.37461516,0.27745575,3.5029342,0.113144055,6.526596,37.089657,0.9966092,3.435929,0.58880514,11.146981,5.5766673,1120.4978
2898,6.5971365,0.35546565,0.46025348,2.1661584,0.12252925,22.667196,15.291422,0.9976993,3.3833947,0.516026,10.855489,6.286002,416.9258
2899,7.7116723,0.6437532,0.23986489,2.1907558,0.097297736,21.148848,21.074774,0.99533325,3.1953957,0.6123592,11.383145,5.01221,1151.9855
2900,6.7046666,0.6348684,0.3419254,3.5715117,0.12233626,23.99145,76.66773,0.99639356,3.2638667,0.7687812,11.349427,4.841938,616.42346
2901,7.889882,0.5866244,0.26604393,3.3516455,0.120793715,17.26345,65.662605,0.99682003,3.4315696,0.6010312,10.889945,5.1637278,805.5272
2902,6.6690426,0.58125246,0.2982543,1.647765,0.10291137,25.663586,51.038593,0.99857,3.1634893,0.5321894,9.56127,5.000124,1273.7954
2903,7.8209486,0.5072426,0.4099138,2.7721689,0.11745669,22.792566,20.197926,0.99855036,3.3707058,0.6081037,11.315046,5.4465065,1047.7164
2904,7.5901628,0.70910084,0.33631217,3.6776826,0.042888723,6.1872444,76.51733,0.9982015,3.4663088,0.8173269,9.403122,5.919275,1203.4636
2905,9.18733,0.6098818,0.14517142,1.5636504,0.11273819,25.446367,77.4672,0.99737346,3.4351418,0.78708076,11.207842,4.866492,685.0653
2906,6.6406946,0.57269543,0.31797954,3.5378826,0.055222955,12.035003,18.404833,0.9983073,3.4117076,0.7521865,9.468739,6.135936,1202.2314
2907,7.316612,0.36452487,0.45834994,3.6531405,0.11338891,18.173573,16.70623,0.99847496,3.4663613,0.4977594,9.904841,6.290592,1278.2264
2908,7.0725074,0.4356097,0.39249313,3.6373837,0.12535132,25.931152,74.862595,0.9963724,3.169908,0.5723641,10.773252,4.8639264,1216.6475
2909,9.934958,0.6596443,0.10787967,1.4349669,0.040601905,21.625938,76.406044,0.99849856,3.3797538,0.70361435,9.486253,4.97479,1226.1815
2910,8.001275,0.4828638,0.4597666,3.753382,0.08729521,15.203252,13.987637,0.9975475,3.381332,0.49203095,11.321246,6.2495117,1262.8885
2911,9.096171,0.646876,0.18878572,1.351394,0.07312369,25.210695,75.22268,0.99486035,3.3254323,0.68098545,10.680084,4.8891287,392.4192
2912,9.373466,0.381917,0.44468847,3.7882054,0.11078522,6.200756,14.084011,0.9980025,3.4663134,0.50556755,10.846169,6.3275895,795.2856
2913,9.540541,0.67060053,0.08855133,1.8067567,0.112990946,25.805326,77.529686,0.99695843,3.4581866,0.819622,10.838892,4.8465734,621.41974
2914,7.104951,0.5198832,0.45820853,2.1638162,0.08866203,21.00179,15.488104,0.9973276,3.2656271,0.503571,10.963002,5.635706,881.51294
2915,7.4151883,0.69121,0.4487593,2.4843316,0.10939051,17.394222,14.45981,0.99621654,3.442669,0.508878,11.455389,5.934301,766.7874
2916,6.658758,0.36040148,0.45915824,3.2796795,0.06935171,8.329882,14.091364,0.9968968,3.3424337,0.5355765,10.184267,6.0620008,1268.2101
2917,7.8823023,0.3895728,0.118043676,3.3517256,0.09214702,23.919146,35.76738,0.9984438,3.399106,0.65722305,10.008442,5.013134,1275.9639
2918,8.841836,0.7018068,0.26255348,1.7391701,0.1322328,20.50429,59.752155,0.9948137,3.1867707,0.684466,11.431533,4.9947433,377.65335
2919,8.377051,0.4237599,0.4521397,1.4579881,0.0862294,24.294178,15.660879,0.99780476,3.31944,0.5044133,10.773076,5.8650475,879.4886
2920,6.8046083,0.49390376,0.43400776,3.2766564,0.1197103,20.14388,57.4008,0.996117,3.3586695,0.61555815,9.750314,4.9774513,1031.4213
2921,9.925078,0.67957664,0.07617472,1.2851591,0.069731124,6.872921,77.63897,0.99825984,3.4189696,0.82038176,9.574444,4.870258,1138.7792
2922,7.551509,0.36876222,0.45218682,3.2495656,0.102423325,12.342355,68.35089,0.9983525,3.452821,0.6736327,9.485341,4.9072676,1269.1625
2923,9.251526,0.5488775,0.31386858,1.299129,0.1022846,22.53759,55.01987,0.99829,3.328429,0.58456564,11.452201,4.9484572,1239.344
2924,7.6188955,0.6701506,0.4518162,3.8083625,0.09617036,21.20669,36.63503,0.9985539,3.4645386,0.6008555,11.420703,6.078315,1110.1617
2925,9.805279,0.6985668,0.089410275,1.2594128,0.112231836,19.338594,77.73016,0.9952279,3.3339748,0.819704,11.46958,4.842718,562.80383
2926,9.772466,0.42858043,0.32258677,1.3488454,0.050182357,9.458813,65.75688,0.9949967,3.357403,0.6080339,11.396083,4.8687325,880.8929
2927,9.583307,0.5701025,0.23299527,1.6985351,0.042172145,21.398506,59.065987,0.997036,3.2072186,0.7839322,11.038496,4.844536,959.7509
2928,6.593289,0.5826019,0.4433669,3.6256082,0.07840567,24.976683,15.269526,0.99489015,3.2033184,0.5541787,11.500072,5.0051937,480.3863
2929,7.4902954,0.4647447,0.43891355,3.7880616,0.0989558,24.68103,47.567814,0.99726313,3.3488436,0.65579253,11.286926,5.07164,1029.2852
2930,8.879693,0.65779483,0.1573755,1.2142965,0.12290287,21.304522,73.364174,0.99478906,3.2641544,0.66442823,11.394044,4.857665,567.8973
2931,6.94854,0.5777311,0.46008572,3.8200762,0.039235678,10.453602,43.473064,0.99859303,3.4670405,0.7275381,9.793937,6.384502,1274.7268
2932,6.59907,0.36656544,0.4581734,1.4653714,0.12914479,25.564367,14.648663,0.9949545,3.187679,0.5097118,10.73015,5.6961427,380.57605
2933,6.8652444,0.58705115,0.10768786,1.514596,0.13018766,25.250446,76.763664,0.9982789,3.2932062,0.79422104,9.525256,5.160818,1041.9344
2934,7.3289337,0.67198706,0.07702893,2.157644,0.13247345,22.67364,72.27128,0.9952323,3.239121,0.6413765,11.322767,5.109446,800.2789
2935,7.07399,0.69580615,0.14770053,3.5705957,0.12516785,20.672647,75.75256,0.9980104,3.4299095,0.78911006,9.6448145,5.330469,858.40454
2936,6.695552,0.54902554,0.42222154,3.4442985,0.10263049,25.888674,15.346441,0.9962109,3.187761,0.57815087,11.363794,5.0569005,1182.2312
2937,6.769362,0.63737434,0.41062117,2.281817,0.12745087,25.81883,58.78434,0.9953039,3.2062864,0.54330206,11.494965,4.974143,809.8044
2938,6.8271613,0.35534143,0.43998593,3.3340025,0.13130885,16.314877,65.489494,0.99848586,3.1858,0.5546402,10.75209,5.348639,1276.7074
2939,7.96014,0.6365874,0.42850953,1.2916856,0.109370984,21.99055,73.50675,0.99644935,3.172332,0.60396147,11.391389,5.062859,1235.9451
2940,9.334004,0.66037184,0.2009265,1.4748671,0.12247108,19.20716,64.36481,0.9948326,3.3451705,0.5546138,11.312446,4.860344,721.96735
2941,6.5766973,0.41302308,0.44945773,3.0302634,0.060448375,22.687925,13.941669,0.99829686,3.1991565,0.64069074,9.414903,5.485293,1241.308
2942,6.567494,0.43777356,0.4459176,3.7520382,0.06941754,20.882317,14.11924,0.9969851,3.3416529,0.67873144,9.554435,5.571589,1206.872
2943,8.738839,0.6844935,0.4589957,2.058454,0.043183733,6.6376524,15.349304,0.9982237,3.336661,0.5119536,10.797129,5.1468635,865.6786
2944,9.793909,0.45220575,0.091453925,1.3643062,0.04149241,25.921358,72.60876,0.9985094,3.4573176,0.76838875,9.401468,4.841483,687.8267
2945,8.868235,0.6398652,0.38032085,1.221573,0.122672416,7.9387484,61.86651,0.99492306,3.1965418,0.6331648,11.398259,4.9610467,1105.8586
2946,9.731339,0.7055782,0.1802646,3.513652,0.08385151,24.693556,77.714874,0.99759334,3.305038,0.8117007,9.750539,4.9567237,894.3529
2947,8.558562,0.6219922,0.3956851,3.6428435,0.13016485,14.316198,15.394438,0.9982041,3.177568,0.49755007,11.382798,6.300818,1116.9427
2948,6.8484497,0.5918322,0.43326908,2.362115,0.13277212,23.454508,19.025106,0.9950472,3.3433459,0.55592996,11.347476,5.7333193,398.046
2949,8.764517,0.67862654,0.40278986,1.2568839,0.082467295,24.609411,70.00509,0.99661446,3.2536917,0.6930624,11.176945,4.8757286,474.999
2950,8.340708,0.3532181,0.4397904,1.2143613,0.12784058,5.6418715,14.158419,0.9947726,3.2234333,0.49021047,11.460693,5.4661617,650.9316
2951,9.716859,0.70585793,0.14498085,1.5009626,0.0667781,5.6957827,47.02674,0.994773,3.2062912,0.75216216,10.930122,5.0088654,507.21875
2952,7.1157236,0.6338473,0.4508807,3.8057163,0.09559043,13.004777,41.73224,0.99841315,3.1981416,0.59561795,9.435139,5.224775,1231.4119
2953,7.30107,0.4717336,0.4290754,3.4015732,0.12867577,14.671042,16.363098,0.99500173,3.4116638,0.55057275,10.102636,5.5030355,747.7595
2954,7.629542,0.5781004,0.45509505,2.974575,0.056727204,6.6683187,18.326471,0.9977068,3.4588952,0.5676352,11.116058,6.258891,1217.4326
2955,7.820775,0.3548336,0.4542094,3.3703916,0.12720482,7.8249063,46.6398,0.99666744,3.4512622,0.6290567,11.184776,5.673054,1064.2144
2956,7.4152837,0.5308945,0.33701536,3.1129923,0.04900711,12.515258,77.19512,0.9985712,3.4580612,0.8184264,9.464064,4.895105,1267.463
2957,6.7674136,0.3782348,0.34241265,1.4457128,0.08597868,5.521819,77.54757,0.9985677,3.4668505,0.8049532,9.400431,5.0573845,1183.79
2958,6.5827456,0.36161917,0.45743054,3.5819638,0.09977982,19.391098,15.9336605,0.99845594,3.4085891,0.51645166,10.768391,6.082469,1264.2345
2959,7.149487,0.5236771,0.43111455,3.3298988,0.060855538,12.77119,51.093666,0.99847716,3.449322,0.58651704,9.434895,6.321598,887.17834
2960,7.9667697,0.49426302,0.29886827,1.4671187,0.12587975,20.001041,73.95327,0.99520034,3.1755617,0.80919677,9.758525,5.075923,948.2359
2961,6.571698,0.6283835,0.45987538,3.803048,0.0960885,25.937819,16.241232,0.99533796,3.1695044,0.51721585,10.738565,5.1044803,543.0742
2962,6.9197836,0.5568879,0.30508703,3.0626132,0.12855096,22.872362,67.21513,0.99764115,3.407838,0.8075156,9.470948,5.3423505,1165.1394
2963,9.53135,0.6828534,0.30074897,2.7115834,0.11624654,25.691893,56.123848,0.99494255,3.1784961,0.6448762,9.945385,4.8496118,364.80106
2964,6.9228435,0.6793137,0.2693675,2.5857136,0.068888076,17.641039,76.65657,0.99754095,3.3235126,0.7151243,9.812246,4.9434505,1126.9993
2965,7.4487605,0.3565214,0.4426882,1.2299695,0.12776889,6.269103,17.398693,0.99579185,3.4513984,0.5078995,10.279757,6.320292,699.4629
2966,6.566609,0.48036322,0.4481853,2.4273024,0.1197024,24.967268,14.450081,0.99807864,3.180687,0.5355163,11.425846,5.2689724,1237.0865
2967,8.564821,0.53347844,0.31000498,3.7975852,0.1250667,19.621521,66.93569,0.9985312,3.4406822,0.69558275,11.144299,6.1131754,380.71265
2968,6.5915546,0.383391,0.38106787,3.540984,0.1317337,25.1661,25.080013,0.99783725,3.1669838,0.57112694,9.84086,4.9706798,1198.1177
2969,6.585046,0.35232416,0.4604343,3.8093438,0.0613202,13.577354,13.992407,0.9985875,3.4663472,0.49105293,9.831338,6.40958,1276.7494
2970,6.9524326,0.6966595,0.34874916,3.6383364,0.112786606,15.548168,30.100756,0.99718046,3.3602097,0.6051119,10.668288,5.3639555,903.23834
2971,6.584626,0.67011493,0.31435803,3.6081398,0.11796516,25.771603,18.131659,0.9974917,3.1624672,0.51744133,10.313154,5.836965,1186.6589
2972,7.6380115,0.3578126,0.4492525,2.689804,0.12227017,22.99907,46.72797,0.9952292,3.4631054,0.7645497,10.721616,5.4029036,548.82465
2973,6.7748556,0.49904153,0.43475145,2.1652482,0.122965805,25.884169,23.729586,0.9947724,3.1756196,0.56220603,11.505134,4.9221807,371.75775
2974,9.641256,0.67258537,0.08496393,1.4440105,0.08273389,24.501848,66.082756,0.99768394,3.1722643,0.66931593,9.560647,4.98408,739.58545
2975,7.5590353,0.36135197,0.42407343,1.511642,0.053962957,8.752152,14.63372,0.9954041,3.1833801,0.5424057,11.474992,5.064173,874.8195
2976,6.612,0.5811338,0.16642739,3.0524135,0.0514341,5.4803085,23.841957,0.99785244,3.4667358,0.54980594,9.439281,6.402983,1238.9377
2977,7.544362,0.5470603,0.088382766,1.2605615,0.13034877,9.5720005,71.245445,0.99492,3.4566133,0.7306685,10.1541395,5.0991864,525.46326
2978,6.6390576,0.664702,0.15048634,3.764678,0.05658367,18.719484,49.034023,0.9985952,3.466476,0.81617427,9.365321,5.232407,1278.8933
2979,9.925043,0.6403362,0.41082168,1.3074204,0.09233577,11.285474,48.590168,0.99545497,3.3072143,0.7200962,11.428933,4.947892,693.5038
2980,6.841561,0.35255188,0.44068688,3.8226821,0.111830555,5.4920654,14.099287,0.9985858,3.4669886,0.51061374,9.365326,6.4752207,1272.7126
2981,9.509145,0.6213281,0.2521274,2.1952772,0.12456123,25.73922,36.232857,0.99489635,3.1724772,0.58632386,10.829923,4.938053,394.0403
2982,7.1304774,0.41064644,0.30998287,1.4298673,0.12724243,22.710228,49.82503,0.9948156,3.2312486,0.7265482,11.470154,4.856875,392.58658
2983,9.544088,0.65257394,0.18184711,1.389618,0.049051873,5.933549,47.553486,0.9952264,3.4095855,0.8187139,10.720121,5.3283987,983.4542
2984,6.9778247,0.3985969,0.4495914,3.344455,0.12905246,21.88035,62.283302,0.99486905,3.455197,0.7711277,10.72671,4.874926,443.8312
2985,6.5794334,0.6261627,0.4588726,3.6505177,0.08546318,25.920303,55.61731,0.99645275,3.164634,0.56593454,11.48928,4.8438125,1204.7437
2986,6.607898,0.4001924,0.44971865,3.7850776,0.085801594,25.908123,14.438292,0.9985492,3.162193,0.52752733,10.201089,5.265236,1246.3015
2987,6.5796957,0.35264784,0.433479,3.407232,0.13184963,9.142943,13.973705,0.99524355,3.1986492,0.5016817,9.8408165,6.113784,1027.2297
2988,7.334155,0.50237715,0.42503995,3.5451696,0.08620126,16.061716,14.668924,0.9979487,3.3822336,0.50005186,10.322991,6.3849335,633.06604
2989,8.890434,0.59934795,0.42259124,3.6397865,0.10820336,21.479568,47.447147,0.9953654,3.4275522,0.58115226,10.827737,6.14287,388.20392
2990,7.3679714,0.437088,0.45580888,2.921768,0.107110366,15.115186,14.41564,0.9977639,3.4442835,0.52459604,11.399193,6.292828,1166.4973
2991,8.052023,0.6550135,0.15009718,3.191026,0.10458602,25.537266,45.040894,0.9983063,3.164478,0.77622,10.702339,5.0087276,1207.1633
2992,9.58414,0.42878515,0.084262416,1.2984805,0.125583,20.700634,77.34636,0.9950406,3.402826,0.7919208,10.093509,4.8390455,406.13647
2993,6.682595,0.57872885,0.429665,3.610611,0.057695035,8.368941,14.132137,0.99806786,3.1667945,0.51495165,11.430468,5.245501,1270.0608
2994,6.6233897,0.4002541,0.43604928,3.34124,0.04837317,6.8693037,14.354614,0.99859595,3.466681,0.5301065,9.365243,5.723991,1279.8313
2995,6.5798936,0.44803846,0.33721,3.5173447,0.109563105,15.321627,20.293814,0.9985053,3.4354668,0.5163255,9.64302,5.887453,1268.7191
2996,7.113752,0.35455018,0.44697136,3.4012043,0.06649536,5.7083235,50.633656,0.99854743,3.4665473,0.59514755,9.401646,6.4077864,1261.805
2997,9.076451,0.43292004,0.3745521,2.0646925,0.09659216,16.25694,76.64825,0.99788517,3.4561608,0.72039604,9.427675,5.343278,999.10913
2998,6.588368,0.45000398,0.45993677,3.3788273,0.09957023,16.41468,13.930912,0.99844915,3.4351103,0.49602357,10.312475,6.4057918,1250.6033
2999,6.9880075,0.5177677,0.43954232,1.2803845,0.13003568,25.849375,26.903658,0.99501145,3.1914585,0.61196905,10.029377,5.0068846,462.5957
3000,7.324534,0.3539505,0.42272866,2.1287951,0.10107292,17.170012,14.547501,0.99780923,3.277003,0.50110084,9.439045,6.3508983,1241.8624
3001,6.6335034,0.6519076,0.45594627,3.6439252,0.11466176,25.84687,13.990419,0.9956268,3.1626737,0.516203,11.49725,5.868155,898.00165
3002,6.630468,0.388673,0.45165345,3.5049317,0.12507053,20.35884,16.232683,0.9965946,3.311115,0.4993441,11.414376,5.7994795,873.33496
3003,6.590536,0.45335656,0.45931783,2.7661037,0.13129711,15.832179,14.024796,0.9969868,3.2978983,0.4937158,11.207453,6.4215927,828.2045
3004,6.6783733,0.56368047,0.28651902,1.6434877,0.10934676,19.691084,69.868065,0.9985572,3.4635901,0.7483048,9.46988,4.8764534,1230.4435
3005,7.964563,0.63539016,0.4156619,3.7516353,0.124072626,22.37926,15.596142,0.99529374,3.2935302,0.60431427,11.447409,5.697861,468.61334
3006,7.5197763,0.3623949,0.41107434,3.59961,0.063411154,11.225873,43.961807,0.99604326,3.4165902,0.53830016,10.705006,5.59019,1185.0059
3007,6.611575,0.47343045,0.4238427,2.4926572,0.11162051,24.096552,54.442673,0.99859047,3.4628572,0.65644956,9.3751955,5.056545,1275.4812
3008,7.0213714,0.41405994,0.32956544,2.5242412,0.1281133,18.578234,60.29284,0.99569124,3.4153051,0.49950543,10.4886875,5.3690333,1167.4032
3009,6.9883785,0.4647011,0.45409176,3.2343144,0.10670286,19.677416,42.614967,0.9983142,3.3180807,0.66072196,9.468702,5.6931806,1061.3518
3010,6.6211686,0.39697483,0.40215835,3.6796129,0.10458459,23.705229,14.359863,0.9984293,3.3379328,0.49580517,10.553315,6.423401,1131.5603
3011,6.584402,0.36846015,0.46056566,3.7961972,0.11173458,11.148791,13.9440365,0.9981921,3.4233594,0.49011394,9.489723,6.4501033,1257.7617
3012,6.582723,0.43707553,0.42955166,1.9181811,0.10612614,17.35686,19.657318,0.997614,3.294832,0.736262,11.375137,4.870326,1150.631
3013,6.5826335,0.47553426,0.38610604,2.53432,0.13076364,8.584263,26.338737,0.99804765,3.439588,0.6524194,9.47473,6.297,1085.3206
3014,6.6587963,0.5606305,0.41989344,2.372099,0.12825298,24.304937,21.713428,0.9951315,3.1877947,0.6019337,11.316422,5.1322274,1106.2341
3015,8.461146,0.6612679,0.41070768,3.3386688,0.080254145,16.529476,22.549665,0.9978147,3.4516587,0.73398906,11.453025,5.047536,668.42114
3016,9.217484,0.45974055,0.26943818,2.9699352,0.11876938,22.404238,17.437138,0.9953364,3.172941,0.6967313,11.101354,4.989614,635.47955
3017,9.75926,0.5242332,0.19579059,3.02626,0.096685715,9.712452,77.15101,0.9956043,3.3769011,0.78352696,10.322465,4.8397546,417.31522
3018,6.98546,0.44055802,0.4563151,1.4022263,0.12968226,10.49849,20.739487,0.9947724,3.1614897,0.49744397,11.507724,4.888714,593.67065
3019,6.956965,0.62663966,0.39233997,1.6419818,0.09593285,12.856915,71.44606,0.99709576,3.314684,0.5660034,10.908319,4.9171896,987.5708
3020,6.5784807,0.35621086,0.45623112,3.692478,0.10676485,19.650715,14.637144,0.9985563,3.455546,0.515977,10.83383,6.3102202,1186.241
3021,6.9934773,0.6901472,0.33221507,2.9773064,0.09672685,20.362139,70.79334,0.9967071,3.3455234,0.81369734,10.191804,4.9136252,921.8998
3022,8.246292,0.70565885,0.29571998,3.8197258,0.12360689,9.344824,68.721695,0.99846214,3.4632263,0.816406,11.058858,4.9894724,621.3669
3023,8.72998,0.4094438,0.37462005,3.5355978,0.10914263,12.585831,59.804726,0.9962158,3.4659545,0.7387064,11.089886,5.367751,926.2987
3024,6.613644,0.35346803,0.45972627,3.236361,0.06581895,5.5206604,14.274385,0.9984002,3.4655168,0.58505285,9.388895,6.447564,1174.7407
3025,6.67079,0.5174855,0.4598976,1.5799118,0.10956146,24.650585,14.209864,0.9948778,3.1619253,0.50229985,11.445379,4.949911,1004.3734
3026,6.6112123,0.48442742,0.46036324,3.8209698,0.06734077,23.87026,13.937357,0.9974482,3.2879775,0.48984098,9.738635,6.4703555,880.5468
3027,9.281964,0.3828487,0.28836688,2.9076142,0.077513754,14.224264,49.532078,0.9965978,3.2338958,0.6983076,11.427861,4.8912253,520.61096
3028,6.6629095,0.49173295,0.42954665,3.7764523,0.11900327,13.789248,20.192686,0.9985943,3.4472406,0.5015562,9.552223,6.4389052,1271.7136
3029,7.8912077,0.52502215,0.32428426,3.174858,0.044799104,8.895773,45.514046,0.99853456,3.4661527,0.68152475,9.754992,5.5465274,1266.8597
3030,6.648328,0.41562724,0.16502331,1.9872863,0.12780656,25.625023,41.31731,0.9962296,3.2269032,0.7633819,9.984621,5.149654,1032.0327
3031,8.161995,0.61849725,0.3628174,1.241907,0.1045003,12.1413355,72.94928,0.9954086,3.255804,0.8050565,11.18983,4.8819604,612.21576
3032,9.111597,0.44981268,0.3802645,1.2452996,0.12558278,14.348356,71.250114,0.99479157,3.199973,0.51609725,11.444847,4.8779054,357.59464
3033,8.763377,0.50191534,0.14863937,3.2171452,0.1103111,5.550539,60.70788,0.9964989,3.4545615,0.57454485,11.028727,5.719346,381.16388
3034,9.519935,0.38863018,0.10658038,3.5361967,0.05595925,22.864483,76.84252,0.9966025,3.1899471,0.7710098,10.730472,4.8379307,607.1185
3035,8.357854,0.6561634,0.38084343,2.6375856,0.08744234,24.964735,74.51577,0.9968131,3.1839406,0.7245462,10.248355,4.874931,1185.4117
3036,8.733712,0.47955093,0.33174488,2.8952127,0.12099061,25.505903,18.552855,0.99482214,3.2103238,0.7313449,11.445213,4.9498706,382.84128
3037,6.6106915,0.3531245,0.4509844,3.464945,0.12621693,5.623437,14.2104645,0.99859196,3.46391,0.5280211,9.37366,6.470401,1270.7579
3038,9.593698,0.6418433,0.11675763,1.2822018,0.06650814,19.698116,76.20531,0.9973427,3.3820593,0.728401,9.58722,4.9611006,1207.8687
3039,8.673271,0.63327295,0.22098543,2.0714011,0.12118434,10.072794,73.02043,0.9953945,3.2691674,0.7951956,10.022334,5.222975,459.4505
3040,6.568385,0.69663244,0.43389925,3.7509952,0.072725974,7.879992,24.58662,0.9985951,3.4034605,0.69136363,9.5753,5.8158774,1280.1172
3041,6.739338,0.50000125,0.45496547,3.69033,0.11627722,7.429799,17.16383,0.9985163,3.4624932,0.5287083,10.527779,6.1136436,1189.9424
3042,9.498701,0.48082498,0.387796,1.2173322,0.06400068,8.94487,67.433914,0.9983667,3.4579816,0.8092002,11.51042,4.934884,1225.2904
3043,8.760956,0.53366417,0.09039326,1.2405869,0.086287126,10.359301,77.686714,0.9970232,3.4661324,0.8213528,9.414455,4.850404,707.02136
3044,6.997759,0.39281297,0.14300801,2.1531162,0.11301665,8.523475,76.75121,0.9981369,3.4640317,0.79214674,9.424377,4.8833,1075.0753
3045,6.962822,0.36219493,0.3820182,2.696164,0.13171454,23.962523,44.68843,0.9951114,3.2951615,0.6828203,9.81647,4.876698,388.82498
3046,7.481277,0.3773918,0.42879066,3.411253,0.0585061,11.830954,59.23961,0.99813575,3.2415993,0.631053,9.802789,4.8704934,1232.3547
3047,8.597915,0.545597,0.19959657,2.9451978,0.11804466,24.26944,55.229805,0.9948054,3.161596,0.5869996,11.476489,4.8472915,1060.0417
3048,9.593473,0.3908229,0.18018009,1.8497618,0.058269434,20.21788,77.718315,0.99814296,3.4475317,0.78904736,9.61043,5.0054884,1149.448
3049,7.0635657,0.39527687,0.41061375,3.1008043,0.09331127,13.393351,14.492008,0.99858963,3.4597917,0.63968194,9.480874,6.4637,1277.7695
3050,6.903701,0.6035154,0.43494308,3.0598385,0.06192683,16.12222,28.657452,0.9948877,3.1678388,0.7302108,11.488299,4.8474107,944.8414
3051,8.544326,0.6944201,0.21167694,1.2202783,0.12845202,14.667016,44.533825,0.99486136,3.2811375,0.788455,11.469328,4.953877,510.3203
3052,8.5768585,0.35328382,0.45391187,3.7001178,0.11739402,8.151012,14.766083,0.9968045,3.4653988,0.5262658,9.42581,6.400553,1068.9758
3053,6.847496,0.40580675,0.23006165,1.476449,0.110216,19.51617,21.033054,0.99749464,3.432961,0.55110395,9.519789,6.1965423,928.7309
3054,7.242606,0.376739,0.2475125,1.2314838,0.1332684,6.668646,69.23682,0.9947784,3.404442,0.582818,11.177654,4.980061,378.2639
3055,7.02405,0.63092625,0.44749177,2.6891565,0.11820992,17.189495,20.209005,0.9979001,3.4012659,0.49232432,10.865472,6.460818,1129.0045
3056,8.625372,0.7029942,0.11244218,1.4217999,0.046523903,23.549192,77.53609,0.99849635,3.4475121,0.79100466,9.3951235,4.9016385,1096.7073
3057,6.7609987,0.38113177,0.44332576,1.3715827,0.1265122,25.92852,43.93008,0.9948476,3.1670902,0.64275,11.49563,4.8863134,472.3351
3058,7.6038127,0.36206627,0.4534154,3.7847822,0.09585486,8.601918,31.268229,0.9984844,3.4665885,0.66326565,9.414909,6.406706,1275.5715
3059,9.482377,0.50655514,0.38774145,2.4485931,0.057713006,25.63038,69.62867,0.99732846,3.4355998,0.74313694,10.342626,4.8634815,1244.5914
3060,8.085221,0.4642889,0.41691273,3.0660086,0.09964327,16.518261,52.62074,0.9985266,3.3396897,0.55704135,9.558332,5.1717877,1234.8619
3061,6.5891294,0.6577842,0.4555121,2.3928616,0.08204786,25.935171,16.619635,0.9981233,3.1615522,0.4957733,11.492227,4.9251585,1180.8998
3062,6.782113,0.36327493,0.45384744,2.013576,0.106052704,22.47718,27.485775,0.9985485,3.4300337,0.5421093,9.472792,6.148924,1275.6904
3063,6.6450787,0.5156521,0.37984145,3.823902,0.07990963,14.937626,46.60172,0.9985806,3.456908,0.6356637,9.425013,4.993775,1272.718
3064,9.421995,0.36307433,0.44645238,3.508794,0.045241382,7.1854153,17.17918,0.9985711,3.3180747,0.52745104,10.360537,6.3636703,1277.1025
3065,7.8927064,0.61032325,0.3958017,3.1812966,0.04877945,25.552814,57.599426,0.99858445,3.3755636,0.5902904,9.602679,5.6501713,1277.9097
3066,9.63418,0.37360013,0.1042556,3.5529885,0.067435235,19.335722,76.8885,0.9968962,3.4204075,0.8106637,9.5522585,4.8414044,1213.7146
3067,9.618268,0.44869235,0.3263769,1.9969883,0.09262407,8.615335,50.011944,0.9984089,3.4352446,0.60745203,9.585175,5.928888,1262.6498
3068,9.062239,0.7008671,0.19007218,1.7263924,0.12861165,25.086945,77.67401,0.99856037,3.4352393,0.7665605,9.457445,5.0007963,1026.2092
3069,9.5452,0.36135498,0.39148864,1.4065509,0.12850474,18.389326,72.571884,0.99584895,3.3779886,0.540525,9.902694,5.678407,654.51294
3070,6.988814,0.41208017,0.35032055,1.2970523,0.12169668,22.960552,16.476767,0.99491715,3.207127,0.5542465,11.142266,5.5121093,682.93933
3071,7.7182918,0.35213247,0.42574573,1.9964441,0.11302236,7.4667034,14.047958,0.9979505,3.4495306,0.56390184,9.502091,6.3631196,1039.4373
3072,9.821593,0.65044135,0.07970086,1.3057618,0.045645002,25.858873,77.53244,0.9950662,3.1675956,0.7868367,11.474105,4.8417544,420.71945
3073,6.619224,0.42378366,0.41314608,3.6754553,0.11308822,10.204125,14.0257435,0.9969901,3.3007252,0.5470183,9.710693,6.376949,859.40643
3074,9.12814,0.64411944,0.42832142,1.2654829,0.116652474,7.498191,28.959036,0.9960848,3.265599,0.66862303,11.465791,5.1325464,1049.1653
3075,9.911182,0.5837233,0.27781504,1.4699154,0.07485878,24.215075,77.49197,0.99691856,3.4615147,0.767148,11.18492,5.04328,1250.8169
3076,8.903591,0.6872792,0.204241,2.863803,0.1298115,24.390827,76.40171,0.9984083,3.3859847,0.80197847,9.707893,4.868027,1045.706
3077,7.7486243,0.37311837,0.43231308,2.771503,0.106699854,10.421313,36.78661,0.99815077,3.4053142,0.6300124,10.657868,5.0850945,744.5101
3078,9.903562,0.64668554,0.08424546,1.2166493,0.08293376,12.908095,77.73901,0.994784,3.271112,0.8155408,11.059967,4.8456106,863.67413
3079,9.951146,0.67260027,0.115274444,1.281658,0.039266128,12.689281,77.74151,0.9985936,3.4664779,0.8181859,9.397876,4.865151,1031.774
3080,6.601827,0.3618527,0.4591714,3.7995832,0.107927665,22.764622,14.228434,0.9985933,3.4291856,0.49274814,9.513233,5.8369017,1279.7268
3081,6.733134,0.48623148,0.19225913,3.3667417,0.13122663,25.628263,68.25355,0.9985876,3.4089057,0.7839206,10.041701,5.3555803,985.68713
3082,9.571545,0.39937463,0.33927894,1.92598,0.077471785,20.765783,77.18979,0.99785006,3.1908417,0.7842804,10.592332,4.9553237,1167.839
3083,6.6724873,0.36802512,0.275884,3.810294,0.12376594,17.518314,25.7636,0.9985838,3.4634123,0.7029814,9.36802,6.310769,1245.1718
3084,6.601809,0.35351375,0.40649867,3.27843,0.1129428,5.894989,15.24687,0.99855226,3.4664564,0.6913027,9.368987,6.391758,1246.0822
3085,7.1159315,0.36842167,0.23659202,2.9700575,0.08258449,24.904787,55.803497,0.9971685,3.4181228,0.8050982,9.374001,4.849784,1148.5176
3086,6.7195168,0.6461903,0.42250356,3.5629194,0.059666593,12.783595,55.297142,0.9982267,3.4176629,0.6620255,9.64204,4.947492,898.99567
3087,6.6656127,0.35614282,0.43217692,2.3060167,0.13292903,23.169657,31.772795,0.99853307,3.4606843,0.49630326,10.045337,6.2718315,1279.0271
3088,7.632615,0.36190748,0.34131095,3.7745695,0.13031706,25.774603,16.599436,0.99855584,3.4250047,0.58668983,9.387999,6.1300173,1183.1921
3089,9.105345,0.61439097,0.08013213,2.4960475,0.1112909,7.766715,77.40574,0.997826,3.4245102,0.8140724,10.895443,5.689574,825.30054
3090,6.9050407,0.52739245,0.4449141,3.727746,0.124533564,24.777252,22.107431,0.9969587,3.4390717,0.5234964,11.350325,5.990789,970.653
3091,6.740245,0.44664127,0.45801115,3.4398303,0.06791104,12.888973,14.390644,0.9985928,3.4488208,0.50769645,10.995563,6.3402543,1271.7489
3092,6.6101847,0.39753836,0.4562594,3.743241,0.05347769,7.08018,68.43473,0.99859446,3.462874,0.71318614,9.3954,6.221871,1277.5387
3093,6.587412,0.37985379,0.44398412,3.8146954,0.086622104,22.65234,25.89973,0.99853414,3.4650307,0.7954233,9.379879,5.701014,1279.1406
3094,6.8501673,0.70334107,0.36598206,2.196157,0.0838814,13.359813,14.188112,0.9985508,3.2563381,0.6097277,10.43919,6.0121245,1270.9602
3095,7.178862,0.51169026,0.45327896,3.5823824,0.048354317,13.921391,56.66497,0.9985882,3.4426496,0.5484659,10.586653,5.2890286,1277.8344
3096,8.005854,0.66898865,0.1084145,1.2350652,0.13146031,24.99817,77.50907,0.9948103,3.1708465,0.8136906,11.484672,4.86746,639.7953
3097,6.6763396,0.3557088,0.4604471,3.5204673,0.06329901,23.061127,14.302418,0.998392,3.4591866,0.5918723,11.361731,6.407978,1268.8793
3098,6.566656,0.41199335,0.45440662,3.4746647,0.12230443,18.905254,24.832027,0.9984878,3.180589,0.6256329,11.379109,4.9443955,1263.895
3099,9.726502,0.4089959,0.32060894,1.3469889,0.09107766,18.046875,20.518667,0.99740666,3.2280324,0.6111671,11.497747,4.892196,1199.3546
3100,9.071053,0.68312025,0.2568431,3.7876632,0.087853566,6.2002974,48.369446,0.9985537,3.441894,0.6936548,9.414546,5.963672,560.82513
3101,6.858889,0.5658985,0.44219163,2.2237968,0.12434857,25.849792,18.643652,0.9985189,3.2347457,0.6055745,10.148235,5.5899,1275.1903
3102,7.457373,0.52582043,0.45237526,3.3528588,0.066718526,5.4997845,19.93862,0.9985793,3.467002,0.6213675,9.389847,6.4472485,1274.337
3103,8.827387,0.37489414,0.45346764,2.5269692,0.11499438,17.024603,23.879885,0.99743056,3.4125092,0.5192143,11.077212,6.198826,560.4977
3104,6.7377334,0.5805921,0.43099445,3.4790688,0.10901579,25.93213,14.129786,0.9947717,3.1627052,0.52147436,11.261059,5.1478577,368.29703
3105,8.775575,0.6555874,0.19733833,1.2249248,0.12413556,23.85794,72.004845,0.9947764,3.163697,0.74849325,11.4891615,4.8819714,446.16016
3106,6.5702815,0.36163774,0.25540715,3.5101862,0.08541386,13.363568,38.20524,0.99804676,3.4619725,0.6576048,9.387001,5.401916,1275.8989
3107,8.575594,0.4923893,0.37487337,1.8428634,0.094812356,17.408617,62.32039,0.99547815,3.2173467,0.724971,9.842738,4.94997,1193.7953
3108,6.632425,0.3607652,0.38184026,2.5074573,0.13218886,21.151669,30.744564,0.9954722,3.4382586,0.58784425,9.4614105,5.463439,698.14075
3109,6.647963,0.6959691,0.31284282,3.7206516,0.10667009,25.911156,25.784046,0.9982335,3.1672053,0.729172,11.445235,4.9224524,1156.3295
3110,9.902776,0.69718313,0.15667263,1.4884797,0.11085622,21.05369,75.25537,0.99494654,3.2047956,0.8111857,10.643294,4.8807697,432.3742
3111,8.395238,0.38957763,0.1319225,2.2153094,0.11366185,25.295847,74.70038,0.99855274,3.217062,0.60992026,9.444901,4.9334784,1150.6865
3112,6.671514,0.586511,0.3467508,3.4608314,0.09235337,11.539589,61.17522,0.9985875,3.435822,0.72728986,9.392667,5.1814513,1279.2067
3113,6.64407,0.36899108,0.41995084,3.4288166,0.12340083,11.634382,14.76428,0.99493974,3.4596155,0.53185177,10.813804,6.4520884,773.6471
3114,9.224455,0.70863676,0.08811921,1.4592305,0.051868178,6.7175703,77.48404,0.99575406,3.43147,0.81945986,9.609381,5.1734815,780.49786
3115,7.9793444,0.520653,0.26858836,1.237049,0.12881519,20.942734,40.412014,0.9974208,3.316624,0.75714165,10.990955,4.934222,1006.6273
3116,7.4466887,0.41206288,0.3935923,1.6894488,0.07231291,9.5831375,59.11233,0.99604034,3.2881365,0.76526725,11.422727,4.879338,896.5863
3117,8.268789,0.4372585,0.33121556,1.820279,0.12858059,21.626944,35.539112,0.99724793,3.1848059,0.6571859,10.296344,5.2799425,886.01306
3118,6.7153845,0.68580425,0.41328537,3.530396,0.07769338,25.869139,24.591812,0.9950594,3.162146,0.5163969,11.49632,4.8597846,888.3042
3119,6.8491244,0.57960695,0.3193055,1.8356295,0.110588916,19.019747,49.334114,0.9967612,3.3290823,0.6730277,11.284484,4.967104,1194.369
3120,7.020837,0.56184924,0.42543867,3.747419,0.09601288,20.02472,55.07523,0.9962648,3.3724127,0.55400836,10.907946,6.0408125,416.5187
3121,6.652654,0.70268506,0.38565683,3.0749564,0.10150396,20.962849,33.07046,0.9953627,3.1707907,0.66524094,11.132143,5.0933905,785.8688
3122,8.002144,0.6938281,0.35109657,3.7210267,0.1320922,23.147247,76.27725,0.99650687,3.4535015,0.605871,11.27656,5.8118396,575.1574
3123,7.56368,0.37992856,0.3812224,3.7543454,0.103582315,6.1067963,73.36648,0.99782854,3.372521,0.61930776,9.368191,5.1731544,1001.17285
3124,9.7831335,0.35775745,0.33923456,1.6106862,0.122015126,25.747522,74.594025,0.99829507,3.2259545,0.50768787,10.993648,5.014654,1266.7155
3125,6.5744514,0.35371003,0.45811003,3.8142471,0.13293065,18.739193,13.941744,0.9978626,3.4668405,0.5714229,9.365478,6.4721117,591.9126
3126,7.8419785,0.70296305,0.15877973,2.5460973,0.124112286,23.74123,65.24674,0.9979316,3.180462,0.58775896,10.297155,5.4782057,1075.2964
3127,6.5786786,0.37874216,0.35360476,3.4589434,0.10634011,16.52468,15.69488,0.9984187,3.393172,0.5501023,9.533117,5.1146235,1275.6056
3128,6.862315,0.36547542,0.45650625,3.6099956,0.07853903,25.402624,14.214151,0.99646884,3.326098,0.7125448,10.758615,5.586014,824.2395
3129,9.914826,0.6876778,0.2748059,1.2163206,0.10084767,5.674694,48.885338,0.99488676,3.1953437,0.59414434,11.50419,4.9426565,592.6318
3130,7.1413574,0.528537,0.3046467,1.4855055,0.12395405,15.544307,48.08449,0.9949654,3.2004817,0.583659,9.906483,5.5412707,422.97327
3131,9.135635,0.66960526,0.42509055,1.3808082,0.07620556,7.3927927,36.855316,0.9954069,3.231245,0.68191564,11.464706,4.89873,1201.6849
3132,8.109403,0.4406319,0.2776805,1.8651464,0.13100168,18.236973,23.571405,0.9948237,3.3581238,0.55141354,11.502369,5.2355676,398.63193
3133,6.6866884,0.43650007,0.4592102,2.3265438,0.06756286,14.798792,19.507332,0.9979388,3.3259459,0.5013894,10.997289,5.720265,1192.1265
3134,7.1284866,0.45054978,0.45152462,1.3543087,0.120458595,12.87032,17.858908,0.99484545,3.1903217,0.63061315,11.43711,4.99829,464.6142
3135,6.781073,0.5580425,0.4445757,3.669348,0.12713216,25.611784,19.897985,0.9953117,3.216587,0.5024761,11.380898,5.377645,718.14374
3136,6.7272573,0.4921668,0.44779098,3.4358532,0.1245405,17.365408,23.47777,0.9967278,3.3569136,0.5180284,10.70934,5.3063183,1191.2476
3137,7.4375815,0.36070153,0.3147582,2.0533524,0.12907842,7.540618,47.502125,0.99820757,3.4643247,0.6681053,9.405567,5.7328663,1265.891
3138,6.6524043,0.5262261,0.1803752,1.7308118,0.12255354,24.08384,72.41511,0.9971634,3.2911677,0.78804076,9.650074,4.896254,468.48584
3139,7.945724,0.56778985,0.36607128,2.4799056,0.13143103,17.61504,22.216192,0.99705625,3.180694,0.54284304,10.9178915,6.254701,1122.7125
3140,6.7717004,0.43033442,0.4226235,3.7820086,0.05887219,14.824504,17.87123,0.9972195,3.3540165,0.5852567,10.112468,6.0038476,1258.3885
3141,6.6242557,0.4708836,0.27983797,3.6174166,0.1199901,22.231747,19.332918,0.9951853,3.3259904,0.60223025,11.42513,5.0253687,1079.9589
3142,7.780856,0.67755085,0.12441306,2.6769383,0.113198556,22.118872,45.12234,0.9962215,3.2236166,0.6712138,11.436895,4.965767,439.18216
3143,6.5694942,0.39545536,0.43351594,1.3875258,0.13319181,24.112375,40.23289,0.9948738,3.2246997,0.6913535,10.342368,5.0864005,363.5112
3144,8.856793,0.6137605,0.45544776,1.3123972,0.11406909,12.669915,21.084553,0.9948578,3.1940637,0.56663436,11.330167,4.945754,940.62854
3145,8.484246,0.56524295,0.44896004,3.4458306,0.1062414,24.192255,45.515556,0.99790287,3.3505511,0.714234,10.289975,5.738484,863.89606
3146,7.384459,0.35840312,0.42696354,2.2448614,0.12908858,25.877848,53.555794,0.9983308,3.4544516,0.80614084,9.382186,5.1865244,1243.6218
3147,8.050466,0.4626696,0.35907152,2.9143035,0.11459041,23.821653,32.405777,0.99728936,3.2345362,0.6103357,11.100102,5.2493987,1163.3994
3148,9.854926,0.46600014,0.29836124,1.274171,0.1018541,6.282365,71.640366,0.99553496,3.357205,0.73049074,11.466113,4.9357696,614.4083
3149,9.356425,0.57202274,0.08242394,1.6390316,0.128985,25.651476,72.81359,0.99818116,3.3701088,0.81713533,11.298222,4.894569,543.06885
3150,7.8079724,0.6002973,0.46003002,1.3468052,0.1295034,21.172304,51.287216,0.9947807,3.4553382,0.6217504,10.627539,5.24352,379.5676
3151,6.570608,0.3541006,0.37411663,3.3745894,0.13325132,18.256107,35.476307,0.99822456,3.401905,0.5507561,9.674822,6.1465745,1257.1464
3152,7.035427,0.5123005,0.14434275,1.2323326,0.12436339,25.192036,73.4479,0.9960109,3.2062027,0.79501384,9.620954,4.850116,1179.1514
3153,6.778531,0.65675235,0.25739545,3.5480483,0.12589565,12.407473,36.579594,0.9957554,3.2109277,0.75836277,10.667759,5.1679497,1025.5422
3154,9.68835,0.64548415,0.10085708,1.2304757,0.12816128,21.132954,75.577774,0.9948204,3.1831257,0.74879634,11.462617,4.8499126,689.405
3155,9.90997,0.45962697,0.072860554,1.2371616,0.09968897,6.738538,77.729744,0.9948075,3.2263005,0.77097255,11.484929,4.837428,549.64484
3156,6.8382554,0.36044788,0.3636684,1.261929,0.13251479,24.718756,47.82777,0.9948337,3.428799,0.5459212,10.375764,5.6511364,376.14606
3157,7.545641,0.39317453,0.40119943,2.5168948,0.118955836,25.40937,58.889774,0.99732924,3.3570292,0.7450094,11.37023,5.0301504,1078.4514
3158,6.709245,0.37766454,0.41471326,3.4785182,0.11829978,10.946518,58.34685,0.9985151,3.461959,0.739405,9.881282,5.028206,1092.9071
3159,6.82309,0.5983775,0.45884886,3.6864262,0.058633167,18.705769,16.053719,0.99757415,3.3581672,0.5345742,10.378239,5.4806037,1215.7732
3160,7.782425,0.49304184,0.40867192,1.2613819,0.10491727,21.480608,21.736338,0.9960948,3.1809552,0.52348006,11.447125,5.015891,789.8242
3161,8.516899,0.65526783,0.08751722,1.426427,0.06484891,11.169436,77.67053,0.9964451,3.4330578,0.81737334,10.916744,4.8600383,590.6797
3162,7.3636665,0.38670936,0.29043823,3.1245856,0.13204062,9.045543,75.97724,0.99764514,3.4664695,0.6636857,11.458742,5.504359,710.6472
3163,9.397532,0.39188346,0.12654284,1.2730798,0.09536962,6.376173,76.154755,0.998281,3.3583224,0.61420965,11.314206,4.944815,1059.4304
3164,7.2034473,0.6198871,0.43085104,1.4048406,0.11044206,22.293028,34.137154,0.99612373,3.372395,0.69750595,11.09389,4.907279,1176.7953
3165,9.810736,0.7064312,0.07255229,1.228118,0.0974077,15.659052,72.08106,0.9950492,3.331443,0.81852114,9.783214,5.028372,593.83777
3166,7.4962344,0.38515046,0.42116266,3.5386543,0.12313002,12.7597885,18.086523,0.99665684,3.301508,0.5121131,10.65328,6.29181,698.9353
3167,6.8585634,0.52941954,0.43787238,1.8572998,0.1261956,20.918543,14.69479,0.99519247,3.435633,0.501902,11.1021,6.3656654,900.7407
3168,7.2664757,0.35299808,0.2345694,1.8175565,0.123866715,12.636268,48.83834,0.9984812,3.4566805,0.5647795,10.496403,6.2274466,1083.6876
3169,6.798808,0.454348,0.104586005,3.4863627,0.12792577,25.079369,75.8589,0.99845487,3.2081382,0.7273454,9.389592,5.0854797,1242.3204
3170,9.306459,0.6936555,0.077267244,2.5339768,0.10195531,21.942379,74.12196,0.99857986,3.4528065,0.8193681,11.22333,4.913781,939.2338
3171,6.638407,0.38203695,0.4551335,3.488674,0.11207291,20.695084,14.119408,0.99671835,3.282164,0.5177323,11.154603,5.940538,1171.3387
3172,7.6773705,0.36483338,0.07755169,1.253085,0.11626133,19.005392,76.840225,0.9949359,3.3207538,0.77393246,11.335641,4.9765096,630.9523
3173,6.69348,0.3899331,0.45592287,3.788718,0.071105555,25.339027,14.00485,0.9984671,3.4084585,0.5236446,10.395281,6.342573,1201.5376
3174,7.0114393,0.5201248,0.41116542,3.0421035,0.061244328,25.446646,39.091476,0.9984281,3.4640694,0.65411687,9.698046,5.2290707,1255.2391
3175,9.840618,0.5378695,0.40258625,3.4894361,0.088083856,10.532993,71.834915,0.99848163,3.4646003,0.55963355,10.044665,5.1569133,1278.09
3176,7.9970326,0.3691295,0.39668903,2.130064,0.12424777,6.003253,14.450123,0.9951187,3.4426646,0.5068873,11.226619,6.1872525,900.2543
3177,6.6490364,0.5467183,0.4513727,1.6994534,0.13164368,24.246593,15.533945,0.99478203,3.1679204,0.5784066,11.335219,5.199966,449.10782
3178,6.775082,0.35325196,0.46044183,3.2150161,0.04100028,12.40626,13.936838,0.9984043,3.4590611,0.49873954,9.526894,6.2199917,1276.626
3179,6.577743,0.60082084,0.41769028,3.6767714,0.10859549,25.937004,14.54904,0.99600565,3.1621919,0.560022,11.312976,5.102639,832.1783
3180,7.93015,0.35833243,0.30385655,1.2618043,0.123766735,6.8254995,16.89841,0.9966829,3.3686004,0.6092413,10.80354,6.27304,1143.3804
3181,6.8308625,0.6466835,0.2128324,3.3504558,0.12993175,19.613329,62.622005,0.9978541,3.4409084,0.71352136,9.874874,5.7755866,436.59088
3182,9.605497,0.57869554,0.39383635,1.327601,0.11025631,24.407673,59.027016,0.994882,3.2305043,0.7783443,10.6094055,4.8954334,374.06503
3183,6.589942,0.40787706,0.4376054,2.5714836,0.11067319,6.526143,14.161463,0.997551,3.2661197,0.60271037,9.556653,6.222265,1123.4065
3184,8.657086,0.6540289,0.252747,1.653458,0.11260712,25.74498,72.07808,0.9947735,3.1781337,0.81147933,11.511252,4.841397,460.14832
3185,8.062311,0.46915755,0.38154972,2.294913,0.12583221,21.376204,62.077457,0.9951155,3.4061153,0.72051865,11.344975,4.8624587,381.90082
3186,7.3112035,0.7057278,0.1331193,3.706722,0.10331055,25.77934,77.423164,0.9984875,3.4200053,0.81887865,10.490501,4.9102726,1222.8911
3187,6.5754657,0.5720225,0.22652188,2.2111957,0.101837434,11.803104,21.890633,0.996438,3.3610787,0.6894173,10.023421,4.8645053,521.6781
3188,6.79138,0.3602604,0.4529189,3.5864794,0.0924223,25.82827,22.69522,0.9980741,3.2092605,0.50513476,10.792595,5.8089886,1251.0425
3189,6.7509933,0.50208825,0.40588304,1.2559631,0.08199842,9.026657,62.143257,0.998339,3.2152019,0.8088222,11.396398,4.930422,1191.7339
3190,6.6302347,0.4705947,0.4214935,2.276534,0.09022915,14.225348,26.827553,0.9985631,3.3907714,0.7418976,11.3239355,5.13526,1243.6194
3191,7.254746,0.6857759,0.25870374,1.6801767,0.099975795,23.424582,14.756607,0.99817574,3.1678038,0.54543316,11.373606,5.1110067,979.46136
3192,7.005729,0.50415534,0.30208036,3.610793,0.056843944,9.750469,69.02517,0.99859357,3.463564,0.69680846,9.430463,5.7928247,1113.1285
3193,7.1904716,0.6803585,0.10866034,1.9088438,0.121218555,14.266358,76.15331,0.99491215,3.170119,0.7773031,11.267137,4.844448,524.357
3194,6.7985587,0.43662888,0.41862404,3.1234634,0.12606972,25.415985,17.464128,0.99835706,3.3685033,0.6640188,9.963807,4.977598,874.8287
3195,8.038987,0.4055615,0.43416652,3.785093,0.082850106,12.538048,26.514128,0.9982037,3.4496934,0.5773551,10.828624,5.4226174,991.4596
3196,6.953628,0.4308514,0.45553437,3.482407,0.06653867,12.987907,48.35141,0.99754864,3.288275,0.5588827,11.0366335,5.396719,903.75586
3197,9.294119,0.6083874,0.08143142,1.2435185,0.13139948,12.708517,77.72441,0.99480337,3.3414176,0.7824461,10.617176,4.9420443,492.97153
3198,9.264054,0.36956418,0.44062063,1.3519667,0.11974157,22.797606,31.08568,0.9949249,3.3312805,0.51738816,11.432329,5.060579,760.6855
3199,6.5661726,0.42614374,0.46055567,3.8182933,0.04774376,14.882342,13.929878,0.99859554,3.467042,0.49101418,10.077382,6.46942,1277.548
3200,8.215771,0.58660686,0.4153645,3.6387787,0.09506682,23.979942,44.298637,0.99815327,3.4122105,0.7733062,10.157146,6.322597,648.3215
3201,6.646169,0.6070002,0.4212365,3.1562982,0.12214062,25.926268,64.8994,0.9983144,3.2312582,0.68695897,11.084761,4.854217,1109.4921
3202,9.067852,0.62936795,0.44022435,2.6887226,0.09640224,11.021361,19.593124,0.9983574,3.4604304,0.52691144,10.315994,5.712099,980.9333
3203,9.949903,0.6147273,0.1227905,1.2465515,0.044258833,8.701823,77.454994,0.9955186,3.4597914,0.7771855,10.1900215,4.8516088,482.57227
3204,9.840468,0.6555762,0.25962004,1.31288,0.071881354,10.0392065,57.853153,0.994829,3.3475912,0.7056792,10.88027,4.8890266,452.77
3205,6.578569,0.3962873,0.46034184,3.5865605,0.09502568,23.766127,15.391327,0.99851155,3.3611743,0.60870445,9.940618,5.794695,1089.2157
3206,9.306698,0.68613976,0.32715097,1.5093373,0.09553269,12.748441,76.14646,0.9957253,3.3152375,0.7952895,11.405117,4.869377,818.6545
3207,6.597932,0.4013204,0.449623,3.741495,0.121947125,17.90026,51.944454,0.99859387,3.4481347,0.52698386,10.447417,6.1971774,1257.7014
3208,8.124537,0.37982666,0.4521373,3.323584,0.067904286,5.8496246,22.228172,0.9983508,3.4574952,0.572784,9.88087,6.224073,1258.134
3209,6.632186,0.47509673,0.4147244,2.809727,0.11456417,25.697577,19.456234,0.99597216,3.2504532,0.62313,10.300219,5.852494,1076.37
3210,7.440105,0.6349239,0.23366563,1.2319335,0.07136279,25.928514,77.23158,0.99609095,3.3286953,0.8094035,10.805208,4.836867,1006.54236
3211,6.7570505,0.3662442,0.33011115,1.7594199,0.11696776,25.924158,17.675186,0.9947862,3.1636581,0.65929127,11.475133,4.8516507,767.9731
3212,8.689238,0.51445323,0.42357522,1.4222841,0.1289031,13.824088,16.296215,0.994784,3.4016685,0.5383221,11.432682,5.7608633,373.7824
3213,9.668646,0.70098835,0.16139631,1.7845199,0.048589244,24.48333,73.48536,0.9953927,3.2056894,0.7978383,11.201011,4.842893,848.7979
3214,9.612645,0.66701335,0.29771954,3.1050189,0.062031932,24.079594,77.147064,0.99845564,3.4412928,0.80045956,9.553963,4.993449,1115.3365
3215,9.6614895,0.6191047,0.40061024,1.5363669,0.12774515,21.22602,72.69511,0.99479026,3.4239361,0.7941378,11.492902,4.857191,358.05075
3216,8.189051,0.3852383,0.40294826,1.3664186,0.11573004,19.241919,34.244064,0.99479526,3.2598162,0.51835746,10.955488,5.4023004,517.3178
3217,6.9230275,0.38763475,0.45693377,1.7708693,0.10144221,8.18105,15.609446,0.9956344,3.398428,0.57860845,10.327102,5.138406,407.7437
3218,8.156279,0.55995,0.3370844,3.545037,0.12937878,25.810246,54.62635,0.99518585,3.292122,0.5694054,11.434791,5.7494097,604.1072
3219,6.62154,0.4863586,0.41405633,2.6620538,0.09040514,23.58778,27.51523,0.99783456,3.1977315,0.57501614,11.314703,5.28756,1101.7589
3220,8.6046915,0.69003576,0.31334215,1.7232636,0.07548298,21.93907,77.04265,0.9956554,3.4101157,0.8120243,11.484056,4.8637605,824.3585
3221,7.835813,0.42518327,0.4255126,1.8355372,0.078879565,22.636936,57.340004,0.9978907,3.3587646,0.70037955,10.62297,5.0739465,1045.8458
3222,9.197109,0.68679065,0.11078106,1.2178534,0.13100849,17.139765,76.26976,0.99478465,3.1676118,0.76762223,11.417977,4.8429985,725.41785
3223,6.633648,0.37591287,0.45095244,3.2331018,0.12387411,14.832172,15.816324,0.99498194,3.213628,0.5090253,11.471352,5.4824796,535.1855
3224,6.6308765,0.46576315,0.4413121,3.208072,0.13021761,13.375956,14.789267,0.9980426,3.2999241,0.62134796,10.085443,6.446688,667.0061
3225,6.568222,0.35398307,0.45490524,3.7657895,0.056428146,9.608976,18.766262,0.9985839,3.450043,0.5624283,9.368041,5.9647117,1263.3658
3226,9.078573,0.39808947,0.43722957,1.7201589,0.12899512,12.741151,21.601507,0.99529374,3.452737,0.5023385,10.248855,5.9927983,710.1182
3227,6.6287794,0.46995962,0.39017418,3.823155,0.12744997,25.922369,74.96986,0.9984193,3.3765323,0.55885,9.691078,5.230959,1265.9119
3228,8.900878,0.36890632,0.39092287,3.6586037,0.1215636,23.263544,55.71789,0.99517864,3.198066,0.74362874,10.806651,4.860377,487.924
3229,7.319411,0.4438531,0.4579131,2.9735987,0.07946468,24.624048,27.452757,0.9960352,3.263438,0.57666534,10.555492,5.4608817,968.03
3230,8.833092,0.3749906,0.3726135,2.7325258,0.11472962,25.821243,25.34305,0.9980266,3.4399307,0.74544245,10.102603,6.033094,724.90826
3231,6.5782104,0.35950905,0.45844066,2.423839,0.12895656,25.871634,13.951298,0.99495083,3.1671941,0.49732086,10.568072,5.377692,1083.2964
3232,7.8639402,0.5975956,0.38761255,1.3431762,0.12039532,25.119192,60.29832,0.9947877,3.1631708,0.6163021,11.497068,4.844052,387.31647
3233,8.739822,0.67060167,0.22573502,2.6115296,0.08530998,6.1739655,76.612625,0.9975799,3.3706315,0.8150704,9.4678135,5.61255,609.68414
3234,6.81953,0.47737157,0.309691,3.8116174,0.117232144,19.05408,30.658632,0.9979917,3.4210184,0.59983736,9.635615,6.0686407,974.3392
3235,6.8196697,0.35543993,0.45769522,3.797231,0.12713476,21.271887,19.620815,0.99604505,3.331996,0.59847915,9.606243,5.315583,608.45087
3236,9.283339,0.38125396,0.29267576,2.7317262,0.12784515,21.53534,31.559458,0.9976843,3.4491572,0.5045909,10.696031,5.130693,466.51862
3237,9.623176,0.6208259,0.17289917,1.2347075,0.11711096,24.325039,72.68708,0.9948711,3.2759326,0.712328,11.331076,4.879852,382.46283
3238,7.1746674,0.58858496,0.316895,2.4911125,0.123830475,24.599176,68.098625,0.9983964,3.2326763,0.7170652,10.3248205,4.906158,1276.2703
3239,7.8989677,0.45690066,0.4488433,1.4420031,0.12122854,8.415173,14.573807,0.99589175,3.3497105,0.5408592,11.38763,6.207317,1194.2781
3240,8.427431,0.38414466,0.33810416,3.1117272,0.103858985,22.781672,42.559326,0.9965816,3.3328075,0.6596823,9.458018,4.96794,843.35657
3241,7.184177,0.35270512,0.41998202,1.6394255,0.103218764,5.650077,14.023993,0.9982336,3.4414234,0.49327177,10.692753,6.319019,1182.726
3242,9.425811,0.6761247,0.28749505,2.3589668,0.04071045,10.448005,75.37807,0.99847305,3.4654355,0.8136388,9.498909,4.901968,1171.4811
3243,9.3349085,0.6899196,0.2616548,1.9292653,0.10154347,5.930442,46.920162,0.9981915,3.3966544,0.6785403,9.865079,5.529065,712.309
3244,7.7086043,0.6652738,0.35227668,3.333314,0.09704668,24.568552,74.140114,0.9971055,3.4327948,0.7959159,11.1554365,5.107984,664.9162
3245,6.585169,0.35230175,0.4601831,3.7185302,0.050127428,5.477312,13.946228,0.99859595,3.466901,0.49127117,9.370439,6.4757314,1279.1945
3246,6.843963,0.3769405,0.45493647,1.5527745,0.10670007,12.431655,14.090513,0.9951599,3.2390575,0.52933925,11.418549,5.5804358,1270.1915
3247,6.7284555,0.39475372,0.18785498,2.625752,0.13272765,17.794867,59.14322,0.9970183,3.1993282,0.56686693,11.106457,5.3771853,1241.7906
3248,9.479164,0.65444213,0.14984907,1.3016417,0.10325401,11.826331,76.00703,0.9966687,3.264867,0.73136216,11.4001255,5.1923313,576.77014
3249,6.9933352,0.69587225,0.38416728,3.7703106,0.12688987,18.705227,75.973434,0.99858147,3.4529428,0.6894009,10.695226,5.7600775,1241.2983
3250,9.828401,0.35836956,0.21428487,1.3437939,0.09189675,5.7795506,34.296974,0.99693924,3.4651377,0.7944831,9.475823,5.274185,950.4199
3251,8.080585,0.58181036,0.39600667,1.3253675,0.12762794,21.11294,56.949574,0.99634266,3.317067,0.7534176,11.369698,4.8729396,921.6467
3252,9.937159,0.7098593,0.113641605,1.8557184,0.042731784,24.896418,77.750305,0.99821824,3.451528,0.8212851,10.458637,4.837208,998.7437
3253,7.0345626,0.67858446,0.33443302,3.4891484,0.054146014,25.42184,60.269066,0.99778485,3.3926902,0.759781,11.278409,4.863042,1113.6106
3254,6.9787817,0.35380417,0.4536557,3.6223574,0.1300276,18.715208,13.988321,0.9978891,3.4420052,0.50833744,9.400496,6.3790855,1206.6199
3255,9.9468355,0.60812277,0.09327194,1.2141446,0.11944612,16.901545,76.57818,0.9947705,3.2703717,0.7976992,11.431596,4.8395205,354.64926
3256,8.516238,0.6396263,0.3253184,2.0369759,0.11488633,23.829315,76.417366,0.99756396,3.3154666,0.7600884,10.660152,4.8757367,1225.101
3257,6.683922,0.3601819,0.41862208,2.890611,0.1192285,23.580399,74.79748,0.99840766,3.4054773,0.7125662,9.5496025,4.9869003,1171.7672
3258,7.078544,0.35541505,0.42165828,3.2461536,0.12815608,19.393559,58.811954,0.9956901,3.4031243,0.6892818,10.390996,4.9174695,691.34186
3259,6.8139853,0.42799,0.29141298,1.6442537,0.119276516,19.13395,45.54536,0.99550265,3.1878958,0.6149053,11.443169,4.8960476,1173.2496
3260,9.654423,0.67479086,0.12845786,1.4802699,0.04074442,25.935425,77.33689,0.9969266,3.3763394,0.7307871,11.479434,4.8373556,799.87805
3261,9.333963,0.6645957,0.14078693,1.2300953,0.1035731,5.701254,77.529465,0.99481714,3.3982272,0.8091463,11.036437,4.8918333,473.6186
3262,6.766245,0.41506112,0.45551425,3.7351315,0.12539518,25.436441,18.784958,0.9952839,3.226506,0.56305176,11.090272,5.770963,1120.3485
3263,8.728999,0.36742872,0.40939447,2.681674,0.05141878,5.4920616,33.36505,0.99853593,3.4666398,0.64540255,10.823295,6.1459765,1271.6025
3264,7.4022026,0.44578847,0.4598557,1.9107709,0.08383678,14.816212,13.9340725,0.99720514,3.1789212,0.50427914,11.507007,6.139901,1202.638
3265,8.79753,0.5580807,0.2781638,2.805351,0.089392364,12.923275,58.047974,0.9952777,3.265676,0.7374921,10.632462,4.9563556,641.12976
3266,7.000372,0.5577063,0.42459533,2.5346925,0.12800352,23.954334,16.154518,0.99484414,3.4608202,0.50436306,11.323592,6.072193,786.5029
3267,7.031416,0.5443744,0.45671847,3.4096496,0.10163181,23.541586,59.341076,0.9967538,3.435272,0.6721548,11.091207,5.0949864,839.2973
3268,9.953136,0.4085779,0.32669654,1.3210813,0.090336084,5.684661,77.32535,0.9960468,3.40885,0.7376442,11.476466,4.8426332,709.5486
3269,6.943294,0.39939675,0.45646974,1.6345646,0.11402237,6.750022,33.807327,0.9964459,3.3658352,0.79511184,9.58381,6.3251348,663.47217
3270,6.5821805,0.35739872,0.45825043,2.6091516,0.10355765,25.524122,13.927969,0.99491876,3.1649866,0.49374878,10.292159,5.960996,1007.672
3271,9.843695,0.45394424,0.43938085,3.4346375,0.10559449,25.917772,25.511595,0.9965631,3.2554784,0.538476,10.726513,6.2863903,654.31854
3272,7.2817707,0.5168406,0.37613794,1.2463156,0.12326412,22.23397,28.605295,0.9951394,3.2039344,0.617401,10.253469,5.5724816,841.1461
3273,6.664467,0.5411345,0.4440302,3.697782,0.108038835,23.170248,15.684179,0.99801385,3.4508913,0.67334795,9.982618,5.305622,849.8027
3274,9.470961,0.7008398,0.15328743,3.6180608,0.050711706,22.370543,77.33992,0.9973854,3.4563568,0.7914441,10.679743,4.8433957,521.3973
3275,7.7676835,0.45750886,0.4509515,1.7224265,0.10762729,12.155075,18.481314,0.99478495,3.2465322,0.6645538,11.463922,5.056045,394.4949
3276,9.929535,0.68509007,0.21702254,1.2188064,0.12984169,23.54885,77.69944,0.9948675,3.365716,0.8010759,11.453827,4.8393264,1224.5242
3277,9.148224,0.5887441,0.3940285,2.048678,0.061422016,19.459827,27.54319,0.995861,3.1703696,0.5456441,11.467926,5.061522,736.0429
3278,7.026811,0.44939038,0.36418575,3.813305,0.08256013,18.144089,23.720385,0.99820215,3.434542,0.5597705,10.928729,4.9141073,1214.0779
3279,6.7162476,0.4092917,0.13635285,2.0246859,0.12580192,25.676083,76.0973,0.9985108,3.2473514,0.7757944,9.4423275,4.844908,1196.9875
3280,6.8817,0.54075044,0.4605732,3.816375,0.08198058,5.7582464,14.016176,0.99854296,3.1988502,0.4900797,10.983132,6.3399076,1231.9117
3281,8.971774,0.38743207,0.24015543,1.2426428,0.10712962,17.410412,19.026014,0.997242,3.328742,0.55139005,10.359309,5.4272313,1276.6744
3282,9.601956,0.6435472,0.39499813,1.2319367,0.098875076,5.7679453,65.031586,0.99644405,3.4629824,0.74776405,10.247801,5.16212,1088.6382
3283,6.617521,0.35806358,0.36563838,2.1351707,0.11063207,10.857826,14.382416,0.9985647,3.3957171,0.61957765,9.385855,6.1722393,1274.5255
3284,7.089764,0.3595021,0.4528225,1.7196325,0.107399486,8.951018,14.445667,0.9972792,3.4550903,0.5180845,9.9419775,6.403433,1254.4879
3285,6.601103,0.3899548,0.4151057,1.3960708,0.049889117,5.483452,14.371124,0.99594593,3.3324785,0.547606,9.393154,6.0432677,1238.9678
3286,8.869948,0.4137593,0.3808569,1.4264783,0.12467989,23.430193,41.919388,0.99577856,3.4338512,0.68376964,10.841851,4.972308,390.9521
3287,6.7250447,0.37953356,0.43143606,3.6233115,0.100412264,25.854845,16.752924,0.9985917,3.4451215,0.527732,9.403559,6.3634644,1262.051
3288,6.5905457,0.61648643,0.44358975,3.6697347,0.101558015,25.24203,18.792414,0.9982383,3.177591,0.5226504,10.688731,4.9784427,1183.6198
3289,9.321854,0.65381664,0.07112074,1.9075989,0.12300064,16.289673,77.66253,0.9983173,3.4667711,0.8136608,10.31339,5.166376,382.9723
3290,9.770317,0.53432053,0.23965897,1.5311364,0.11954071,19.08092,77.729996,0.99526316,3.4142783,0.8152851,10.044392,4.8645334,475.11862
3291,6.8588114,0.3594891,0.36322367,1.9899081,0.101165295,25.506077,29.311201,0.99853665,3.244039,0.5868185,9.432524,5.2264433,1248.2578
3292,9.498213,0.4674986,0.43694243,1.3234861,0.058733717,7.9162364,74.82243,0.99611604,3.4535625,0.81070113,10.602988,4.8547177,522.41254
3293,7.234226,0.35804495,0.44006723,1.5149522,0.124759845,25.870012,37.55669,0.99820346,3.4640183,0.63184875,10.401284,5.4590187,1245.0414
3294,7.0131564,0.36579114,0.45709625,3.8078525,0.12472271,14.836245,14.886948,0.9985026,3.4128854,0.49898434,10.78698,5.956012,1271.5017
3295,7.4486923,0.4908588,0.45823464,3.393946,0.048097175,24.070543,18.935644,0.9968347,3.3319426,0.5114275,10.236833,5.330772,1181.0624
3296,7.778307,0.36216453,0.45869803,2.977534,0.11847619,24.268436,16.269482,0.99774814,3.4121356,0.49406815,10.342519,6.1555777,1076.0947
3297,6.876907,0.5449236,0.41537067,2.224659,0.06981404,25.488075,26.645702,0.9978623,3.285697,0.73045564,9.536351,4.995953,1223.1329
3298,6.6572824,0.41928568,0.43262675,2.822093,0.12719363,22.089928,48.922417,0.9957778,3.3840396,0.65277076,11.159902,5.2249823,1171.7529
3299,6.7136755,0.3817332,0.45068303,3.8171647,0.07214609,24.390362,16.391432,0.9985938,3.2025926,0.5024549,9.374678,5.044043,1274.1694
3300,6.5794683,0.58209854,0.20106925,2.017249,0.120152615,25.755514,16.463434,0.997798,3.2166986,0.65584624,11.220851,5.8304753,841.10205
3301,8.443216,0.36084667,0.4590217,3.461418,0.06529895,22.502539,27.153948,0.9985794,3.4669116,0.7542669,9.531233,5.4381785,1269.9791
3302,7.610255,0.4229748,0.43038407,1.2909086,0.09896367,25.273514,15.952055,0.9948228,3.1622639,0.6025985,11.501634,4.88186,917.75684
3303,9.715125,0.64288217,0.17688966,1.2377455,0.12802875,11.757021,34.25715,0.995031,3.3429718,0.6444575,11.244293,5.8740425,384.36484
3304,6.6287484,0.62532526,0.35865417,3.118969,0.11691863,17.012836,16.337816,0.9985629,3.3160696,0.7763374,9.406705,5.3310633,1179.0671
3305,9.593483,0.6520209,0.084957734,1.2489293,0.06571432,25.258595,77.184265,0.99814135,3.3532112,0.8002449,10.374722,4.903545,703.24347
3306,8.693902,0.3523351,0.45986035,3.3111007,0.12918805,25.931915,31.541561,0.99855256,3.4254313,0.6399634,10.300479,5.990279,1172.2556
3307,7.286883,0.6738685,0.09023239,1.443299,0.12786216,25.669004,77.05984,0.99547863,3.2552555,0.8188009,11.291319,4.84928,1030.5383
3308,8.576178,0.61543506,0.1679119,1.7393789,0.1181741,25.921839,53.835266,0.99481124,3.162642,0.7001137,11.512211,4.8393726,368.85367
3309,6.709661,0.603699,0.09144616,1.5967656,0.12882766,22.26086,65.82241,0.9973882,3.4337595,0.8040341,9.369579,5.7163925,744.02625
3310,6.598205,0.36164632,0.46019468,3.8093774,0.117474906,25.380903,14.080694,0.9985864,3.2155292,0.49613723,9.42938,6.360555,1235.559
3311,6.5941567,0.35388353,0.41963297,3.6678452,0.11645773,11.021965,14.604027,0.9985399,3.4657543,0.5971814,9.372884,6.453038,1274.0154
3312,9.686617,0.46641657,0.10715711,1.4956104,0.08226906,25.906275,74.930954,0.99853593,3.4586382,0.81960297,9.410921,4.877927,994.69495
3313,9.491742,0.6162245,0.1604483,1.2256389,0.112678796,25.572174,74.254616,0.9954135,3.3124118,0.8141429,11.210114,4.840157,1043.6859
3314,6.7232113,0.53595215,0.37776408,3.7770584,0.057419263,5.5451717,42.577057,0.998592,3.4661226,0.5045552,9.531252,6.4167595,1258.839
3315,8.649947,0.64760476,0.17081788,3.7128186,0.08066394,25.835852,74.65019,0.99856985,3.4666922,0.64571565,9.3894005,5.130491,1260.9823
3316,6.779523,0.6246455,0.45956025,3.631286,0.11217313,25.313038,14.349291,0.9962773,3.2109742,0.4981598,10.468895,5.419555,1059.4319
3317,6.8717813,0.56673604,0.3772348,3.579068,0.07820578,25.875057,23.802109,0.99823236,3.2052877,0.65792364,10.006679,5.4499063,907.4174
3318,7.3050485,0.4705124,0.45288646,3.4073231,0.059712693,13.667764,19.608526,0.995734,3.2197747,0.5362474,11.142656,5.130771,1159.0293
3319,6.6492095,0.36854646,0.46017033,3.5542605,0.114337705,23.971884,13.944681,0.9956842,3.350587,0.49742955,10.351934,6.4226527,555.24695
3320,6.855476,0.5038534,0.45484605,3.1727047,0.12651874,20.337305,27.198227,0.9983792,3.3927367,0.6411489,9.619934,5.4412723,1236.1907
3321,9.203341,0.36367404,0.4005366,1.2411432,0.11505076,24.179087,41.983704,0.99491185,3.32326,0.7094061,11.493025,4.934544,373.75986
3322,6.5755486,0.67790765,0.45403752,3.3751414,0.08069073,20.944422,41.13209,0.9979193,3.229253,0.626002,11.240834,4.929068,1087.5063
3323,8.181899,0.51418394,0.09623879,1.2279426,0.12743714,25.777462,77.60442,0.9982662,3.4655883,0.7865799,9.412894,4.8965654,1267.451
3324,6.7778273,0.66753024,0.20572892,1.244737,0.1279023,11.984499,65.70114,0.9978921,3.4109738,0.6971806,9.566153,5.7554545,1155.5352
3325,9.867992,0.4433103,0.3538976,1.7904161,0.051594447,10.004394,66.271484,0.9983757,3.4617329,0.8165833,9.4859295,4.9930673,1180.2313
3326,7.6970854,0.6447924,0.12224658,1.4394952,0.13226993,14.185387,64.088615,0.99507654,3.3097582,0.7601285,10.016511,5.9775753,463.89868
3327,6.7101874,0.43463096,0.43750143,1.6871936,0.12480823,13.237117,26.280361,0.9960819,3.4561572,0.5290524,9.593434,5.662324,1145.2098
3328,6.7123246,0.4786624,0.1582228,2.9131405,0.12916796,25.63038,29.534382,0.9983326,3.2728107,0.7402813,9.892682,5.851222,1249.3402
3329,6.566346,0.40584746,0.45837092,2.4379296,0.120709725,25.1119,13.926876,0.9948653,3.1975057,0.49216354,11.262497,6.4248757,593.5373
3330,6.5942025,0.3522835,0.08432557,1.2720399,0.11201157,5.5109386,63.059933,0.99844635,3.4670115,0.7950706,9.36528,5.3050694,1217.985
3331,8.9614525,0.6978264,0.22950332,2.1468945,0.05929392,10.145676,52.798428,0.9956015,3.1899211,0.7527724,11.02365,5.6741076,562.68164
3332,7.438246,0.5998948,0.40137634,2.9178536,0.07377576,9.179863,37.828926,0.9978628,3.2537098,0.5536935,11.032448,4.8561816,1217.5287
3333,7.7266107,0.65256774,0.2060219,2.772416,0.12268985,24.297218,57.42267,0.9950774,3.330657,0.7510819,11.485258,4.887656,567.7651
3334,6.625101,0.55374926,0.22342718,3.7671978,0.09902284,6.2934237,60.234966,0.99801075,3.4155457,0.56540763,10.291464,6.0153785,1032.3676
3335,6.7653146,0.35533643,0.4482108,3.7179322,0.07332427,11.615802,63.370003,0.9985958,3.4660115,0.58443326,9.371652,5.5655303,1264.3121
3336,8.176992,0.70061237,0.2961414,3.4188738,0.12706143,24.69499,57.366413,0.99523324,3.446401,0.7173218,11.3513975,5.016585,681.01917
3337,6.746718,0.6285988,0.43979973,1.265013,0.08325074,8.073012,56.173885,0.99701625,3.302574,0.6426462,11.408047,4.8962913,1270.417
3338,6.5885143,0.40213856,0.4536821,3.7291186,0.06296356,25.637346,25.956081,0.9985809,3.4353392,0.62774014,9.461604,5.2215295,1268.582
3339,7.2178283,0.6377557,0.44440162,1.5001677,0.125992,25.91273,27.931095,0.99477714,3.1753788,0.60737944,11.504647,4.8456235,359.80405
3340,8.681602,0.68881875,0.1102598,1.4091402,0.13172524,25.832766,66.35401,0.9951799,3.3827076,0.76629287,11.417736,4.9123726,476.77634
3341,6.563689,0.38873264,0.45995083,3.611398,0.113761134,7.495467,15.080629,0.9985946,3.4669473,0.57799214,9.365091,6.4510937,1276.2588
3342,7.7557893,0.6238822,0.4404751,2.219806,0.102354355,14.433884,17.263552,0.9948408,3.1664762,0.52580845,10.020967,5.1211677,980.9765
3343,9.787257,0.6882641,0.10968378,1.3206776,0.11915944,24.788446,77.428856,0.9955218,3.2192569,0.81617254,11.482774,4.850158,562.8581
3344,7.089459,0.70381165,0.4583395,2.1612678,0.039740246,12.115765,53.275043,0.9982151,3.3916554,0.73305696,10.853461,4.8582234,1277.2773
3345,9.944548,0.70922834,0.0715719,1.2199514,0.0946283,16.47625,77.75051,0.99716955,3.3902023,0.817131,10.822171,4.8509283,1197.4324
3346,6.6813364,0.42487192,0.43775028,1.4299756,0.13174693,24.65369,14.080673,0.9947793,3.165551,0.53837997,11.405374,5.256649,409.48346
3347,7.8932,0.60309064,0.45992836,2.6544242,0.07217442,8.028709,17.532846,0.9955298,3.2738607,0.5594858,11.226855,5.5656734,840.8892
3348,6.604467,0.36245587,0.45986274,3.6111085,0.1298136,23.29861,13.932953,0.99752045,3.4622774,0.49356797,9.430947,6.4480352,1066.8942
3349,6.5970025,0.3581158,0.43666816,3.0568736,0.11714097,9.494635,15.797573,0.99837196,3.4165995,0.5414522,9.574327,6.337338,1277.2975
3350,6.8004265,0.6351465,0.34473842,1.5087258,0.119345345,24.39364,15.945868,0.9952056,3.218837,0.5042772,10.831862,5.333059,1219.679
3351,9.023176,0.69545346,0.1070503,1.7437016,0.12825805,25.890326,77.32908,0.99657345,3.4022326,0.8027358,11.312257,4.8470545,1224.4359
3352,6.601717,0.35987923,0.45861816,1.9742091,0.12434405,25.573814,16.833572,0.99729294,3.3376236,0.51107335,10.6352415,5.8029003,828.10376
3353,9.755269,0.62812877,0.11501394,1.3510845,0.12690026,24.890293,74.95075,0.9948923,3.3593285,0.74416304,11.119856,4.9067063,356.5013
3354,7.333247,0.35388464,0.45963407,3.81823,0.052308295,5.6481752,17.0607,0.9985959,3.4670153,0.5197355,9.370409,6.3215723,1279.9802
3355,7.2265635,0.36361045,0.43053058,1.5215906,0.11170728,6.193143,16.703012,0.99585164,3.1939588,0.5829986,10.350783,5.6053386,564.7989
3356,8.731825,0.40836516,0.25205082,2.9255848,0.09848711,13.419149,74.85929,0.9981776,3.466647,0.8157976,9.381983,4.90866,728.21954
3357,9.772624,0.67397153,0.10537481,1.2170278,0.13237964,25.037817,67.46623,0.99492687,3.1700037,0.569509,11.08058,4.8867755,1045.5712
3358,6.77033,0.4386689,0.154583,2.0889053,0.12940256,24.973228,74.06815,0.9954453,3.2049448,0.77625644,10.144718,4.861729,876.73975
3359,7.8604865,0.3570735,0.4276404,2.4813552,0.13030496,25.023256,17.043451,0.9981115,3.3641627,0.5298036,9.914613,6.096952,872.1583
3360,6.575728,0.36040524,0.45972353,3.4917953,0.12603286,23.357552,14.103548,0.9982004,3.252522,0.5068734,11.202836,6.23329,1125.0454
3361,7.4724274,0.38429117,0.43247265,1.904249,0.1315842,25.936817,18.229345,0.99528265,3.1619117,0.6867839,11.484999,4.9201508,442.87952
3362,7.128335,0.36939943,0.13448009,1.6113127,0.1250775,25.806805,73.68204,0.9974859,3.3112423,0.7709949,9.368928,4.9737654,900.75726
3363,7.290046,0.35314488,0.4032789,1.2372346,0.133082,6.203417,17.355541,0.99737394,3.4597182,0.52509516,9.506277,6.4545894,723.5537
3364,8.127329,0.6268494,0.3235378,2.2073734,0.06288311,19.523245,67.49822,0.9979,3.163946,0.6223407,10.796208,5.0794744,1074.899
3365,6.795647,0.66189396,0.25028348,2.8327978,0.08542546,21.387405,32.14071,0.9974119,3.1897554,0.8114274,9.545622,5.22314,775.0765
3366,7.495158,0.65186286,0.3588569,2.8782656,0.12930204,21.067036,27.539509,0.99526906,3.182522,0.63089913,11.360403,5.111323,1163.404
3367,9.564173,0.5242791,0.3917407,2.251197,0.06843667,23.783684,77.372475,0.9980809,3.339593,0.640675,11.291709,4.8685255,1261.7897
3368,6.7309647,0.5809969,0.42999583,2.5961375,0.10554927,7.2128086,17.697372,0.9956448,3.164853,0.5523232,10.7519245,5.1549187,1248.4203
3369,9.9310465,0.69973737,0.08800201,1.2462118,0.040969174,5.479842,77.74333,0.99556863,3.460812,0.8209414,9.412975,4.840474,831.3615
3370,9.292896,0.6982116,0.09269412,1.690538,0.13337307,24.641315,65.55807,0.994803,3.1623282,0.7778175,11.37573,4.8550854,435.5765
3371,7.4297404,0.6164799,0.42179832,3.4641836,0.07593068,7.3641577,13.9339485,0.9950737,3.219575,0.5018218,11.151068,6.3258705,497.48972
3372,6.789431,0.572026,0.36026633,3.7177048,0.124314375,22.924307,47.464455,0.99724495,3.4540696,0.764201,10.108664,6.0564632,890.34973
3373,6.9037204,0.5114402,0.10628806,3.5253165,0.05742037,21.80909,49.309124,0.9985375,3.4011717,0.7752117,9.458438,4.945211,1261.9315
3374,9.835842,0.7027641,0.34352112,3.3596716,0.11808564,25.35692,57.04872,0.99538255,3.196574,0.7996902,11.491787,5.035285,874.7128
3375,7.4480705,0.36328292,0.45559946,1.4120296,0.07767181,5.4807787,13.9626465,0.99654984,3.4653494,0.5043764,10.976308,6.4533887,1274.8059
3376,6.6444407,0.5493755,0.3648417,2.2649446,0.12597898,25.332867,16.986826,0.99553174,3.2690232,0.55955267,11.43669,5.2361007,968.9336
3377,6.9825196,0.6641861,0.36594355,3.3480136,0.083497226,14.676753,73.19424,0.99802595,3.324063,0.5713019,11.051559,5.460842,1148.5792
3378,6.6248384,0.48866045,0.32029024,3.124371,0.123443045,25.930567,27.537426,0.99604064,3.4030764,0.7597082,9.574114,5.7935696,1113.9033
3379,8.93628,0.4188101,0.13898467,2.7045128,0.12291035,11.658787,76.394226,0.99639887,3.210418,0.7343011,9.560164,4.929812,696.63776
3380,7.3003435,0.35703877,0.44522822,3.1744704,0.11447614,13.547959,14.266985,0.99519145,3.3057797,0.5003786,11.333053,6.38524,536.6774
3381,7.950314,0.452866,0.19249105,1.2199076,0.13285889,21.041332,77.41396,0.9947757,3.25097,0.58548206,11.417555,4.860122,622.5339
3382,6.6010437,0.4320183,0.4582459,3.8039536,0.108005285,6.262494,14.884214,0.99859446,3.464922,0.5756185,9.988342,6.339635,1280.039
3383,7.424964,0.68971264,0.2663945,3.2809696,0.11701687,25.47319,72.92112,0.99849373,3.4639645,0.7742745,9.932213,5.036952,857.1988
3384,6.62826,0.69178873,0.4589101,3.6624055,0.08620618,23.352806,35.99558,0.99846685,3.1873217,0.520989,11.501131,5.1530056,1101.7286
3385,6.6058183,0.35659906,0.4567313,3.4251018,0.10713707,6.649328,19.463005,0.9980799,3.4581754,0.5158557,9.456211,5.660678,1220.1063
3386,6.8548136,0.66821134,0.08891572,2.7328954,0.13168837,25.865326,63.438347,0.99493223,3.1899216,0.74544823,11.216543,4.9853697,522.4235
3387,6.568403,0.36215815,0.3142892,3.420871,0.12682033,13.315611,14.825151,0.99493146,3.2070632,0.49138,10.375931,5.7101884,525.16876
3388,6.6477075,0.4017731,0.44776845,3.6791742,0.12737837,10.039413,14.966034,0.99625045,3.246057,0.50016415,10.163361,6.3283134,941.58386
3389,8.437698,0.6675867,0.10612324,3.7908144,0.13119508,25.510195,77.25453,0.9984401,3.2413242,0.75359875,10.20994,4.918581,536.5826
3390,6.701284,0.44706097,0.4130324,3.5530202,0.123162486,15.406419,14.824167,0.9968809,3.2988544,0.6195503,10.338916,6.0322003,606.9924
3391,7.2575326,0.3590766,0.45106736,3.806013,0.110848665,18.881403,14.125206,0.99805695,3.2767797,0.5271539,10.019059,5.7612085,1264.8329
3392,7.3026733,0.7022769,0.24604863,1.6283486,0.05871415,7.797673,44.003242,0.9980384,3.4055681,0.8197685,9.794701,4.919433,1212.4421
3393,7.969956,0.67681134,0.39632052,2.8297105,0.13080591,6.6906548,49.261513,0.9983206,3.46514,0.7444575,9.488278,6.42382,406.5017
3394,7.417735,0.51111877,0.26375312,1.8997737,0.1114221,25.137709,62.35346,0.9961661,3.1742415,0.7044736,11.380191,5.131027,620.27234
3395,6.7834153,0.3521682,0.4571335,1.92743,0.11487674,20.480297,13.935997,0.99815905,3.309412,0.49768463,10.259919,6.321522,1273.2285
3396,7.8312078,0.68746996,0.3671151,3.2142193,0.07717651,25.864853,72.79513,0.9957898,3.431353,0.7996689,10.225995,4.961018,537.2958
3397,8.778695,0.48541594,0.45789796,3.787241,0.09117662,14.404667,24.034103,0.9980579,3.2956583,0.660771,10.272375,6.4451184,907.8941
3398,6.597705,0.35994232,0.4590518,3.1523528,0.12935211,25.850004,13.9628105,0.99497664,3.2837892,0.49946153,9.606359,6.308093,567.288
3399,6.5774345,0.36775094,0.45917636,3.8236468,0.09386823,18.775787,13.931412,0.9985749,3.3925273,0.49848896,9.404708,6.472263,1255.094
3400,8.962712,0.49421433,0.4065849,2.8427007,0.118013725,12.371971,72.82244,0.99697834,3.434138,0.612477,11.464621,5.143702,795.3514
3401,8.030058,0.39942658,0.38272226,2.4540963,0.12596297,20.243921,76.675644,0.9980354,3.4533374,0.8131561,9.681977,4.9482927,680.7254
3402,9.355452,0.6341754,0.10173608,2.0365858,0.092195444,22.232687,76.292915,0.99774116,3.459489,0.80989414,9.787915,5.456893,798.60297
3403,9.947898,0.4543719,0.10661474,1.2142988,0.08334016,25.866026,77.55489,0.9948019,3.1662247,0.7559559,11.343998,4.8379693,361.5302
3404,8.885164,0.46559015,0.21957418,3.0416517,0.12862435,24.921812,49.490314,0.99514276,3.3052478,0.80408025,11.298812,4.9224195,388.86563
3405,6.8563247,0.64740306,0.24841402,1.7040213,0.121046595,23.892746,51.25568,0.9970382,3.3333151,0.60802233,11.124685,4.856695,1177.8542
3406,9.19711,0.6598063,0.4555718,1.4172066,0.039707538,8.041553,74.353966,0.99854904,3.4583435,0.6704737,9.892271,4.8476334,1178.0057
3407,6.9849477,0.45811048,0.43944794,2.2953324,0.0824146,25.56956,14.079054,0.9970954,3.1816142,0.55341417,11.210601,5.8034487,1263.2682
3408,7.559242,0.39824334,0.36747438,3.1998792,0.04838539,9.316239,68.92997,0.99858177,3.4585803,0.7924798,9.467085,5.3334384,1154.4086
3409,6.5885367,0.42991212,0.43934232,3.627503,0.0868779,8.910116,41.08643,0.99858665,3.4501574,0.7832619,9.4357815,6.148903,1251.2092
3410,6.6426735,0.46990007,0.39800337,3.3527293,0.12306896,14.9198475,19.64293,0.9977091,3.2641418,0.5850601,9.730906,5.00488,1264.8568
3411,7.19942,0.4510984,0.4442629,1.796237,0.09174491,15.439998,15.202896,0.9953599,3.2796304,0.53030646,11.45115,6.015715,817.9127
3412,6.5705724,0.35315362,0.4322445,3.7805762,0.12512572,5.717289,17.162966,0.99858135,3.4660776,0.53902256,9.450434,6.352166,1220.833
3413,7.181314,0.44921482,0.43884817,3.7357275,0.10663538,12.199737,42.250683,0.9985935,3.4604352,0.55923057,9.4291115,6.463876,1223.8024
3414,6.8085403,0.47057357,0.44494542,3.1893885,0.08320545,11.212064,31.197144,0.99855894,3.449632,0.5642257,9.439166,6.254508,1234.3915
3415,6.5732636,0.4698333,0.45829263,3.8127513,0.08757288,23.943302,14.9972,0.99859583,3.3770103,0.52194446,9.866031,5.5635824,1279.8512
3416,6.793714,0.5522939,0.45086744,1.5596642,0.1085406,7.4534826,16.805265,0.9978469,3.383522,0.5019213,11.274586,5.3539176,1251.787
3417,9.276545,0.65385956,0.07206635,3.1446576,0.107885696,13.078855,76.84942,0.99842703,3.44247,0.75375175,9.535413,4.930374,711.07745
3418,9.368006,0.4551757,0.3649342,3.72203,0.11316526,25.770187,45.449898,0.99613243,3.2130911,0.57872635,11.21341,5.1409764,860.3504
3419,6.655133,0.37710163,0.4532486,3.148858,0.13209325,25.280466,14.2504635,0.9967237,3.1889033,0.5452191,11.345763,6.0743937,552.6546
3420,8.10059,0.35209432,0.44936007,2.7607293,0.12439282,8.642163,13.939129,0.99856067,3.4602702,0.4920877,9.562442,6.472966,1241.6758
3421,7.98807,0.35940585,0.4573942,1.4609097,0.12577493,14.7824135,16.072165,0.99484205,3.3821263,0.50406486,9.964434,6.224636,972.7646
3422,7.617299,0.35287377,0.45907718,3.6169012,0.12924936,5.7733297,15.034958,0.99845475,3.3985608,0.5056469,9.833461,6.463164,1089.9014
3423,6.606348,0.3536858,0.4584202,2.2031276,0.08891167,5.531309,13.93705,0.9969264,3.276389,0.49736443,10.0075655,6.4705634,1256.6818
3424,6.8112493,0.651055,0.454629,2.9803634,0.07068528,20.010126,14.395508,0.9985678,3.162668,0.51845354,11.414605,5.5762167,1276.1407
3425,8.649729,0.55038184,0.11967377,3.4005704,0.04272562,25.806114,71.312645,0.998577,3.3775768,0.7569451,9.367019,4.85155,1273.6068
3426,9.400984,0.3731057,0.07455987,1.2191261,0.13040547,5.657632,77.61696,0.9983346,3.4659119,0.8207384,9.532041,4.9596715,483.61957
3427,7.8403482,0.5173013,0.45075706,1.3134525,0.12534277,22.917072,31.042215,0.9952088,3.3797483,0.73972243,11.475062,4.842016,956.8708
3428,6.622589,0.44252983,0.4240624,3.684021,0.112795785,21.7188,14.165134,0.9975029,3.4642649,0.60949636,10.641799,5.250943,1011.307
3429,7.6243744,0.4657656,0.09001818,1.80799,0.12986924,23.740719,59.698364,0.99495995,3.1616068,0.63360935,11.122267,4.84979,573.284
3430,8.008618,0.64844954,0.43909028,2.0357,0.12594736,22.819807,24.993912,0.99490196,3.164148,0.510505,11.5128355,4.9085956,508.0542
3431,9.476347,0.50365865,0.3684374,1.2948143,0.10701617,25.44788,75.95232,0.99632746,3.4176192,0.7696073,9.438613,4.8379164,1061.8073
3432,9.708615,0.6740717,0.08850339,1.2160602,0.12445388,25.223274,77.69427,0.9948166,3.1856718,0.80432665,11.40067,4.8402557,536.2208
3433,6.843324,0.43995014,0.3086506,2.8733034,0.13237092,10.280582,19.895252,0.9958739,3.4424474,0.71330506,10.473437,5.823399,809.15924
3434,6.9224405,0.3755355,0.45957643,3.7455378,0.04071375,5.575059,17.596329,0.99859595,3.466925,0.5465538,9.403277,6.4541793,1280.1421
3435,7.311813,0.35212258,0.46042117,3.8013196,0.11857971,5.652342,14.1017475,0.99858695,3.4668841,0.4908142,9.415029,6.474344,1259.9908
3436,8.37453,0.54107505,0.16411446,1.3623278,0.11602992,21.588024,73.20373,0.99489844,3.2688181,0.77315634,11.329383,5.0599756,531.2283
3437,7.5817595,0.51890326,0.10574822,1.2278442,0.09440102,25.526674,75.66641,0.9977118,3.4038706,0.7761902,9.410487,4.8448596,953.0394
3438,9.225903,0.46204546,0.22490996,1.4442587,0.09260674,8.486809,17.171438,0.9949049,3.2987332,0.5247325,11.5067835,5.051502,890.5419
3439,7.203414,0.6535189,0.37900838,3.776072,0.096876174,7.026038,49.95377,0.9985931,3.43536,0.60707885,9.821033,5.317307,1183.027
3440,6.9121404,0.57088184,0.45069513,1.5689918,0.09237301,25.588083,47.504486,0.9957569,3.3126812,0.66379905,10.904555,4.889462,748.7057
3441,8.505859,0.4947558,0.4186952,2.9472442,0.058685623,16.284039,33.41537,0.99857146,3.1834128,0.71504223,10.419825,4.906592,1270.4393
3442,6.696992,0.35295025,0.45883772,1.7992558,0.12783234,19.437428,15.463987,0.99532104,3.3435066,0.49697247,9.44773,6.319752,1108.9077
3443,6.826309,0.35981536,0.4570438,2.6510906,0.09506698,25.01534,21.488049,0.9971247,3.4101868,0.6436459,9.419554,5.175267,1128.4254
3444,8.542221,0.4045089,0.11316635,1.2150674,0.13153708,25.774733,16.558298,0.99478346,3.164944,0.578993,11.359013,5.7350965,1005.65125
3445,7.4900646,0.50991654,0.09538822,3.0007315,0.12784216,25.633015,55.21173,0.9960103,3.1780329,0.64792705,11.401062,4.9962134,592.8052
3446,6.8184676,0.3552087,0.41937536,3.5668445,0.12569563,15.130364,42.331635,0.997859,3.457957,0.59421563,9.376692,6.186767,405.34067
3447,6.702918,0.61086816,0.4573791,3.302839,0.05116566,21.233023,67.07345,0.9975804,3.399979,0.7786595,9.623065,4.909192,1178.7018
3448,6.8287883,0.61993647,0.29595375,3.004148,0.05218466,8.720297,21.440271,0.99833065,3.2190373,0.7904159,9.393255,6.024001,1257.6462
3449,9.8023,0.409549,0.19604772,1.7577949,0.12548594,25.915054,77.685776,0.9959727,3.2897089,0.6575738,11.50356,4.849751,1220.7639
3450,6.5760846,0.6711033,0.45376918,3.7873304,0.07056692,25.349329,22.601183,0.99582297,3.1715682,0.6648355,10.525557,4.8535595,932.8466
3451,6.5635667,0.3750916,0.45931324,3.8052397,0.11395498,16.647964,14.730246,0.9985672,3.4553032,0.5703974,9.37748,6.056266,1275.7842
3452,8.254614,0.37163267,0.4464591,3.0497,0.12960881,16.656437,14.382839,0.99542755,3.333901,0.5229795,10.16541,6.3889456,420.82962
3453,6.6189585,0.38545138,0.124634355,1.7419785,0.13244978,25.851326,60.942356,0.99859506,3.4350443,0.81356126,9.365701,5.18014,1279.9673
3454,6.6139193,0.6975338,0.33079052,1.5398077,0.09534317,10.471729,69.21256,0.99806094,3.3913536,0.7927554,9.670531,6.3065653,1216.9344
3455,8.213452,0.7040912,0.39136177,2.8044357,0.096570514,25.892212,38.544567,0.99542856,3.1656902,0.7362604,11.505763,4.846764,416.8136
3456,6.772936,0.6252425,0.45237857,3.4859865,0.12430312,14.4075575,14.826996,0.998021,3.4181921,0.5355527,11.350946,5.728744,929.27203
3457,7.743516,0.62564594,0.23797633,1.9456908,0.10997482,25.240362,67.018166,0.99526906,3.1786091,0.6455533,11.055682,5.2220836,865.6761
3458,6.743636,0.4257029,0.4596208,3.1026597,0.09947675,12.038139,14.605211,0.99742854,3.4050748,0.5633647,9.445679,5.6445613,1256.9094
3459,7.6514907,0.5468334,0.44324034,1.2659266,0.11322413,7.4104643,26.506361,0.9948688,3.1656191,0.5241422,11.258279,4.870595,933.41473
3460,9.860505,0.49926522,0.08228807,1.2641044,0.10734494,8.926374,77.73472,0.9962183,3.4658108,0.81877077,11.193452,4.874855,918.99023
3461,7.83972,0.36730534,0.31197274,2.0657902,0.11522466,21.941608,37.190575,0.9961799,3.255385,0.5109972,10.416564,5.9668593,872.986
3462,6.8336296,0.40077734,0.38336018,3.7035122,0.1222178,23.45903,56.16517,0.997597,3.3851566,0.69656575,10.606646,4.9837766,810.5178
3463,7.38076,0.558155,0.15792319,3.2266,0.11602687,14.737743,77.03728,0.9977801,3.4582512,0.8110979,9.561581,4.9927154,961.9024
3464,6.614065,0.49037054,0.29671663,3.785872,0.09174592,24.722649,62.298656,0.99847895,3.385383,0.65829015,10.504758,4.8586736,1252.3634
3465,9.570605,0.70555246,0.31856775,3.5071352,0.06566282,21.159235,77.56647,0.99561846,3.322865,0.81424433,11.371933,4.8439493,597.576
3466,6.906867,0.5461084,0.45523888,3.4170856,0.07128908,5.7300987,41.041317,0.9971852,3.4560573,0.5763773,10.759596,5.1544056,542.4782
3467,9.225001,0.36125606,0.22667159,1.2816975,0.11531661,17.305649,17.748077,0.99824053,3.374513,0.69141275,9.385903,5.357488,744.1895
3468,8.758512,0.38619,0.14675455,3.1318023,0.1004903,5.6556387,75.42922,0.99750835,3.456432,0.808224,9.462642,5.024,913.6981
3469,8.645975,0.70184267,0.07487331,3.8019934,0.065555826,24.8851,76.520164,0.9974214,3.1772175,0.811813,11.011838,4.848332,1122.8113
3470,9.788061,0.6353796,0.10228136,1.7539984,0.12898515,12.726503,77.38649,0.9955113,3.4598544,0.8044148,9.871192,4.9186316,436.86066
3471,6.5973816,0.37410104,0.4598161,3.5820518,0.06278202,25.304615,14.152962,0.9970362,3.182194,0.50260097,11.34224,5.828078,1240.5703
3472,9.279641,0.6755692,0.10853925,1.456804,0.122468986,25.558296,77.71329,0.9956421,3.3789673,0.8049421,10.675238,4.861207,401.82138
3473,9.585299,0.7065023,0.339374,1.427634,0.09643042,24.956305,77.71918,0.9979784,3.40867,0.8180022,11.494496,4.9444447,881.5777
3474,6.585854,0.35634983,0.3172289,3.1734133,0.12898909,19.238605,26.020922,0.99809027,3.4191658,0.52071536,9.474171,5.322867,1246.8066
3475,6.71025,0.37535185,0.35841116,3.5992544,0.11895337,13.750779,35.75134,0.99752533,3.4261582,0.56375647,10.467971,5.065653,1161.3464
3476,6.8783536,0.39173943,0.30548683,3.6054988,0.12498405,7.9125886,74.86836,0.9954769,3.4074993,0.80215454,10.7568,4.927745,400.9102
3477,6.7667193,0.4074033,0.3008855,2.4596162,0.12655184,18.333422,58.833668,0.99719536,3.4364228,0.73293674,10.225059,5.276775,905.95386
3478,6.845089,0.635574,0.27384079,2.5068362,0.1306989,23.492302,15.199684,0.9967816,3.1648424,0.6274228,11.509604,5.477219,1184.0261
3479,9.337255,0.70680076,0.13332877,1.8956722,0.111419156,25.922565,76.829185,0.99537075,3.1742728,0.808647,11.370544,4.839718,376.24777
3480,9.868529,0.4503598,0.117121294,1.511385,0.10854373,7.048026,77.46546,0.9953245,3.3710423,0.8069023,10.899572,4.8979154,417.13815
3481,9.556007,0.6983536,0.08163524,1.2421094,0.122304626,18.533075,77.53256,0.9948507,3.2831163,0.8036347,11.067553,5.120246,358.7182
3482,9.22138,0.6036564,0.38234118,3.4743369,0.08989135,20.619349,64.11398,0.9966246,3.2877536,0.725642,11.470491,4.8557334,936.4376
3483,9.688219,0.35737774,0.4049286,1.2171594,0.12337531,21.865667,54.04468,0.9948822,3.1970363,0.68567646,11.382543,4.856542,478.06427
3484,9.882456,0.5759624,0.42626145,1.4073465,0.11314065,8.213652,68.81685,0.99483705,3.1890473,0.6036955,11.417419,4.8615804,866.2814
3485,7.1236763,0.69419503,0.27582058,3.7491155,0.08673066,25.630041,29.676157,0.9967381,3.385065,0.5416714,10.755225,6.2910795,942.02057
3486,7.199918,0.61327815,0.4566906,2.1665606,0.08430788,7.8955855,29.19758,0.9971625,3.430169,0.62063026,10.313239,5.2913427,1004.2273
3487,7.4596667,0.35915208,0.45637682,1.7954879,0.124361396,13.989669,13.955675,0.9975006,3.216846,0.49390537,10.508858,6.0865207,1252.2301
3488,6.9638176,0.623142,0.33217648,1.3667891,0.048565827,6.5181847,51.283722,0.99586207,3.218902,0.7257325,9.935029,4.9218955,1124.9385
3489,9.337715,0.62924653,0.3841951,1.4511076,0.10701028,24.999708,17.334797,0.99526227,3.2395208,0.5527647,11.510667,4.871881,1155.3724
3490,7.0939703,0.5821796,0.44144592,3.0463166,0.08480218,6.8054867,23.965033,0.99672455,3.3687172,0.59368616,10.343173,6.166443,1146.946
3491,6.776114,0.68995655,0.4245023,3.8023107,0.073317304,25.915667,66.71569,0.9985508,3.3989336,0.5986348,11.048747,4.872628,1071.1675
3492,9.448298,0.7030429,0.07329473,1.4610782,0.091485165,22.823895,77.6582,0.9949102,3.2396083,0.8124215,11.447405,4.8993506,552.75397
3493,7.1047997,0.44180048,0.3400483,2.9736304,0.09707993,8.569314,76.239494,0.9979713,3.461845,0.71112204,11.38855,5.4945254,1163.0957
3494,9.946046,0.4498052,0.0728616,1.2234676,0.05551896,6.224695,77.65121,0.99535996,3.3420463,0.8197264,10.138864,4.8495817,514.64685
3495,8.8267145,0.6169847,0.09657979,2.1901197,0.06491683,21.024809,61.23404,0.99708366,3.35619,0.73150533,10.972817,5.1113424,536.919
3496,9.413396,0.45729885,0.17435646,1.2509991,0.1101242,11.464826,44.91822,0.9949179,3.2123883,0.57344985,10.545788,5.7804594,732.6871
3497,6.640462,0.3697377,0.45851856,2.5334933,0.111613855,18.609615,36.930668,0.998559,3.4470136,0.53663677,10.524659,5.377838,1279.6118
3498,6.6293664,0.3759949,0.45619518,3.6481738,0.117931426,25.184061,17.142868,0.99818003,3.3559206,0.53865045,10.029368,6.1672215,1185.5709
3499,9.721316,0.57375664,0.07580361,1.2405776,0.08492565,25.65751,77.057915,0.9974544,3.4487355,0.81891686,9.380831,4.84885,1261.442
3500,6.7400928,0.55454135,0.45151317,3.5324001,0.12429969,6.392272,16.046541,0.9949323,3.217813,0.7724464,10.091955,6.357308,366.33188
3501,6.7384996,0.5124174,0.4587871,3.6131086,0.124068044,24.357437,15.59919,0.9984091,3.4542732,0.5048025,9.870343,5.9229994,1219.4219
3502,6.633721,0.6585431,0.35893458,2.1287904,0.08180797,23.931564,33.102585,0.9961768,3.1618273,0.5230953,11.411366,5.075039,970.0521
3503,7.7590632,0.40998772,0.2643524,1.5697284,0.12735337,5.948056,20.399963,0.9953326,3.3595572,0.5545626,11.311471,5.6111956,994.483
3504,9.076035,0.40339172,0.11524531,1.4686321,0.11335836,16.809237,77.419464,0.9962282,3.4599319,0.8132868,9.49192,4.9037414,487.31662
3505,6.658504,0.37087375,0.33975393,2.3728316,0.13214126,23.452736,30.296232,0.9951643,3.303098,0.6377848,10.8940115,5.123163,454.75012
3506,6.8220844,0.5449403,0.12141672,1.6352118,0.12925483,6.8833046,76.90644,0.99836296,3.357142,0.80833477,9.4479,4.847669,1120.6506
3507,8.788079,0.5571887,0.19407345,1.6996709,0.12814592,24.602728,76.90943,0.99497885,3.36544,0.7735993,10.576509,4.863386,555.21265
3508,7.4760923,0.36960062,0.40065816,1.8104104,0.07261579,25.644547,75.19072,0.995532,3.2184224,0.6954689,10.083137,4.844794,796.6305
3509,8.505088,0.3702492,0.4443554,3.6207979,0.12380287,11.398425,72.56665,0.99827504,3.4640455,0.5951422,9.540209,4.8834953,1247.303
3510,9.929358,0.65939885,0.11764689,1.6081247,0.05140861,9.204471,38.550518,0.997613,3.4571733,0.722746,9.725261,4.9990945,950.2457
3511,8.172722,0.4568049,0.4372556,1.2180018,0.114958465,7.239089,16.78615,0.99493605,3.170567,0.56006956,11.47731,4.9582057,1130.7
3512,9.406428,0.64694333,0.45705983,1.5129646,0.076162934,15.202029,59.17771,0.99485,3.2346292,0.52962756,11.432185,4.8647604,429.56274
3513,8.736738,0.695915,0.073482156,3.6803117,0.0927212,7.470374,77.631676,0.99855334,3.4571452,0.81786567,9.618131,4.9713454,524.9813
3514,6.6323214,0.36514238,0.4570972,1.9222699,0.12350741,10.383712,16.92307,0.9972219,3.4124281,0.4991459,11.403204,5.082157,1253.3855
3515,7.3039536,0.59097654,0.45816457,3.3887465,0.0549625,5.7416553,28.743427,0.9979475,3.4596999,0.53044575,11.173117,6.337966,1215.0942
3516,9.194,0.35533366,0.10214622,2.130024,0.1328091,13.409165,68.102264,0.9977644,3.4339435,0.6371644,9.3961735,6.163577,839.55756
3517,6.669168,0.62229854,0.3972677,3.59991,0.08192374,25.861006,16.33076,0.9977458,3.1785347,0.5716589,11.222086,5.0985065,1237.2777
3518,6.6864605,0.38562167,0.45446688,2.6468258,0.11129128,25.89668,15.100746,0.99552834,3.245175,0.63910276,10.933561,5.169269,671.5735
3519,9.475933,0.7073339,0.090405434,1.227678,0.112741984,24.750805,69.85094,0.99534667,3.4423425,0.7851197,11.301782,4.945621,446.75977
3520,6.613397,0.38698098,0.45982882,3.8066988,0.12409439,11.117,14.058727,0.9983908,3.4229836,0.50268584,10.177191,5.859413,1225.3541
3521,6.5858865,0.6991407,0.4441086,3.818873,0.0801959,25.48555,57.69736,0.9983976,3.2288425,0.6572912,9.680386,4.8912144,1179.669
3522,7.595322,0.5411248,0.23426385,1.2258071,0.11931298,6.33146,75.315414,0.994902,3.3444958,0.7662034,10.883567,4.889747,1026.2727
3523,6.859456,0.42884058,0.4593115,3.7050123,0.06861895,24.788767,16.330246,0.99852145,3.3947296,0.49462372,11.025524,5.3166656,1256.3511
3524,9.183391,0.6350891,0.17843646,1.4277141,0.100415595,7.3647337,77.36745,0.99547106,3.1703303,0.80735165,11.432197,4.85576,403.93585
3525,6.6486654,0.42957747,0.42000687,1.4337809,0.13128866,25.847168,15.458879,0.99477714,3.2694147,0.5254445,11.507585,5.0300384,371.88037
3526,6.5661416,0.35715556,0.45628825,2.6817055,0.12682362,25.541553,15.839579,0.99858856,3.1647034,0.5432309,9.416962,5.42704,1275.2126
3527,8.684367,0.35799965,0.4292332,3.6146626,0.06028377,11.871045,59.565205,0.99859494,3.3768075,0.66048914,9.367049,5.915689,1277.9465
3528,9.305289,0.489233,0.3706077,2.6748219,0.12579994,11.569654,72.90498,0.99673826,3.326639,0.74860996,11.228587,5.394713,869.8782
3529,6.593946,0.36521286,0.45659515,1.2257094,0.120856576,12.333471,14.058189,0.99501836,3.315985,0.49706486,10.824064,6.0637937,736.1485
3530,7.736019,0.4229529,0.44144705,1.6734431,0.08865425,6.940836,29.736258,0.99492455,3.1748216,0.55465454,11.299084,5.035038,971.1488
3531,8.287524,0.6391643,0.40921763,3.2404263,0.07983567,8.410619,75.07786,0.99723077,3.4446707,0.7500602,10.211624,4.923104,685.38153
3532,6.7267003,0.66390324,0.36458984,1.876256,0.054307923,25.72076,58.875847,0.99851155,3.2085433,0.5987106,10.041762,4.8644595,1230.6091
3533,8.167279,0.67568105,0.40463537,3.6303723,0.11695493,25.518295,75.755394,0.998364,3.458397,0.75448656,10.662872,4.9015975,909.63116
3534,7.536551,0.3737685,0.29505432,1.4461538,0.12093677,21.789616,73.99527,0.99811983,3.4640007,0.6577517,9.662073,4.9218497,1239.9232
3535,6.8782654,0.61415184,0.43752953,2.1613388,0.095775165,14.533687,43.416737,0.99522185,3.1622353,0.5410277,11.485789,4.8922234,757.41504
3536,8.540355,0.3860391,0.32514942,1.2357625,0.12196688,9.44818,15.959415,0.9953134,3.379527,0.60171723,10.869536,5.832663,507.81
3537,6.6378975,0.3685074,0.45677754,3.6617131,0.11749525,5.5040274,14.954308,0.9984098,3.4343135,0.54455996,9.503405,6.2696486,1268.6525
3538,8.2693,0.6063319,0.38405678,1.2192062,0.06464104,12.512709,48.555912,0.9947829,3.168272,0.6062592,11.087418,4.8431125,414.83698
3539,7.308039,0.42769966,0.41380185,3.5074492,0.094966516,11.295318,76.92371,0.998562,3.4649203,0.6197293,9.406766,5.690396,1071.8313
3540,8.357662,0.4076618,0.23591153,3.6391547,0.12350401,18.500076,70.73026,0.99552083,3.4196172,0.6446582,10.9751425,5.257654,399.696
3541,7.118687,0.3537053,0.4605407,3.518492,0.094719104,9.077858,13.931725,0.99801767,3.4314768,0.49613273,9.431085,6.4444575,1153.5684
3542,6.6278625,0.5360685,0.44442824,3.5824683,0.07957101,23.661594,33.080696,0.9982947,3.2902493,0.51224643,10.754168,5.6717362,1227.7717
3543,6.6577587,0.35221148,0.45895317,3.817368,0.12826833,24.324995,32.238575,0.99836254,3.463541,0.5946585,9.396217,5.0464954,871.56036
3544,8.352785,0.68894583,0.14962211,1.7260454,0.083770454,25.563364,76.658745,0.9983682,3.1654165,0.7762158,10.941932,4.847911,1030.7145
3545,6.570713,0.3543132,0.44047314,2.9315088,0.13139775,23.4808,14.47633,0.99814814,3.367547,0.714322,9.539896,5.5395007,1276.6514
3546,7.919713,0.46849543,0.4396103,2.3102586,0.104915895,25.85068,57.326416,0.99559957,3.2305417,0.59076947,11.369773,4.883667,1009.20886
3547,9.892809,0.70739454,0.10901773,2.090375,0.0974051,25.798092,76.99587,0.99584275,3.460315,0.8094524,11.269621,4.997243,641.3488
3548,9.724475,0.61367965,0.17628084,1.4400212,0.12554935,19.071898,62.699184,0.9948324,3.178364,0.5079496,11.316391,5.263606,963.5181
3549,6.7538323,0.3588311,0.45598033,2.5179114,0.0982788,25.819502,44.633476,0.9982389,3.4422724,0.6690064,9.371108,4.999959,1259.715
3550,7.0152006,0.67506176,0.31734467,3.7885149,0.07441223,21.943314,73.92493,0.9985731,3.466919,0.8040688,9.555017,5.215824,1255.0266
3551,7.8135133,0.69954085,0.116819665,1.3803867,0.106189534,22.2019,66.80305,0.99480486,3.2339902,0.79858047,10.969173,5.297931,405.69904
3552,9.443463,0.6652296,0.21947005,2.141127,0.12779932,25.587412,46.35479,0.9948069,3.232773,0.7026335,11.063931,4.9185896,423.7463
3553,6.754031,0.6000188,0.39832506,2.1916137,0.13282135,25.835361,44.284428,0.99806577,3.2132645,0.7873666,10.311287,5.0108895,1148.4982
3554,9.440346,0.38406172,0.45724553,3.6721208,0.10578685,6.782634,23.391157,0.9984141,3.4669073,0.66675556,9.728539,5.356638,1269.8246
3555,9.084164,0.6708548,0.4348021,3.2774634,0.043601066,19.367561,45.687706,0.99727505,3.2947452,0.6686472,11.391541,4.8698277,1208.6365
3556,9.89306,0.70872384,0.2616025,1.232831,0.11761437,25.433313,77.22202,0.9949786,3.1957688,0.7310307,11.506956,4.879641,406.47406
3557,9.7221,0.51254505,0.2240235,2.959852,0.06607313,17.404512,58.75088,0.9951887,3.4043314,0.79482865,10.381909,4.8467374,366.3658
3558,9.826657,0.36106032,0.4413949,3.504813,0.10623049,7.811907,49.01215,0.9985203,3.4665794,0.5886703,11.206454,6.3645873,1249.7622
3559,7.7773123,0.3943109,0.41381988,1.7772077,0.11631958,6.2153454,39.90955,0.99484956,3.2991035,0.5864104,10.35018,5.903446,761.20056
3560,8.055886,0.35754582,0.3504349,1.4983838,0.12307206,6.333989,20.316996,0.9954549,3.4223115,0.5600403,11.048462,5.110677,1057.3972
3561,7.273192,0.36448723,0.4575887,3.746857,0.13024347,9.613121,36.739723,0.99856746,3.4627175,0.6222313,9.4805765,6.3228183,1262.2513
3562,9.76753,0.6755576,0.1335319,1.5003116,0.10773987,25.563597,77.34566,0.99490887,3.3510253,0.7923372,11.337001,4.847641,355.5612
3563,8.732448,0.43925753,0.3975348,1.7642114,0.088920705,6.3471966,66.11428,0.9977618,3.3732514,0.61378735,11.055874,5.0436106,1178.6615
3564,7.1294937,0.37579614,0.32920018,2.2449791,0.115217365,9.34909,30.096172,0.99535257,3.3486817,0.5257287,9.446662,5.9551363,946.0003
3565,7.978035,0.484255,0.4585289,3.7478492,0.11278086,20.064499,71.24857,0.99853814,3.3319654,0.5321998,9.65448,5.1194763,1277.5844
3566,9.726771,0.37585995,0.12605599,1.2289187,0.13247746,25.904762,50.711563,0.9948022,3.2419255,0.67839074,11.437078,4.979932,900.635
3567,7.67341,0.35269305,0.45121533,3.1410675,0.12216533,25.79343,18.596706,0.996738,3.4200423,0.51442754,9.778579,6.197189,694.2042
3568,7.4999347,0.6878861,0.24682891,1.4262329,0.11016774,24.569471,75.22434,0.99704236,3.2441304,0.80767727,9.427079,4.99556,506.53754
3569,8.0255575,0.6342559,0.43406245,3.4753819,0.04447331,24.651047,53.873707,0.9967403,3.166377,0.6288019,11.098711,4.8591013,1231.1864
3570,6.768737,0.39750436,0.45397735,3.8155487,0.12848084,13.03929,39.479137,0.99846685,3.4656405,0.5684295,9.647593,6.140281,972.49854
3571,6.5709004,0.7043195,0.45629764,2.7820168,0.08477831,20.347715,41.733627,0.9964296,3.1630857,0.59000456,9.457668,4.8496165,877.91724
3572,6.903885,0.58483416,0.42577597,2.8077815,0.06998711,25.88677,44.36677,0.9980786,3.1626914,0.5656809,11.190476,4.934977,1057.8872
3573,7.5673537,0.36311278,0.41373372,1.3920785,0.12389851,8.4555,14.83177,0.99505574,3.2969868,0.54451567,10.970637,5.1605783,791.3493
3574,6.8040605,0.39065403,0.43626785,2.866112,0.11571002,17.800789,29.8555,0.9965975,3.2051349,0.51892155,9.914701,5.7264986,1009.8546
3575,6.720713,0.520491,0.45728827,3.4110003,0.101933934,25.782885,16.978886,0.99585307,3.1719816,0.5105195,11.419477,5.1291046,692.91364
3576,6.658335,0.39748973,0.38519177,1.8547833,0.08799667,24.797865,15.852417,0.9953229,3.1629264,0.52563673,10.623845,4.9233246,1091.8416
3577,9.26758,0.39444256,0.4240724,1.2388705,0.11444653,15.597308,17.14735,0.9948369,3.1643648,0.49152383,11.469218,5.364614,995.74335
3578,6.8760667,0.35509405,0.46066338,3.8185353,0.10289146,22.219427,13.927362,0.9985735,3.4590967,0.4896737,10.070032,6.4757323,1276.7476
3579,6.91364,0.50650483,0.43518704,3.520084,0.11637788,23.552172,61.793125,0.9971513,3.3042452,0.56986904,11.196605,5.446798,848.58966
3580,7.0760303,0.46554488,0.4202161,1.3495982,0.096602686,6.6450424,40.347233,0.9974893,3.1998675,0.6332423,11.400867,4.9131713,1275.2958
3581,8.973991,0.62142265,0.44171575,3.2872334,0.058583114,6.6952515,54.623714,0.998532,3.4403296,0.601222,10.106312,6.0438385,936.7843
3582,6.80128,0.40276763,0.4412445,3.4805958,0.06288732,5.5795975,33.3652,0.9985906,3.4668102,0.6299964,9.378005,6.4614415,1225.8516
3583,9.829737,0.4165997,0.1576894,3.4412334,0.12877104,14.003734,47.95739,0.9949623,3.2317963,0.6946213,11.17754,5.087464,569.5148
3584,6.5820317,0.42452323,0.4551278,2.3660965,0.11575205,20.305822,19.893755,0.9973734,3.3444664,0.6104967,10.972137,5.1126018,1255.184
3585,6.766747,0.58528775,0.3558955,2.188721,0.105612546,24.931654,75.99998,0.9977164,3.438219,0.66357785,10.543364,4.9167714,1265.604
3586,9.442013,0.6302704,0.36351237,1.6114596,0.042577185,25.258919,22.442175,0.9985523,3.4394736,0.6368624,9.637988,4.9290733,1225.2848
3587,9.679147,0.3551107,0.40598515,1.7077968,0.08902048,13.828171,22.392756,0.9957509,3.4515796,0.50986737,11.167634,5.9150996,1225.5038
3588,9.944851,0.6843665,0.10913552,1.2512304,0.13202326,25.926596,64.35383,0.99477106,3.178274,0.76454455,11.513105,4.85982,370.96133
3589,9.6663065,0.69073176,0.30782604,1.9471796,0.04165098,15.61812,73.95735,0.9948538,3.1616929,0.7127212,11.511731,4.838582,569.9664
3590,8.450952,0.40968776,0.45935705,2.9785655,0.1239466,24.262486,36.46035,0.99853736,3.4663947,0.56309533,10.207442,6.387198,985.8281
3591,7.2042265,0.36042336,0.3232391,2.3178902,0.121367946,24.911495,45.85135,0.9983799,3.4018521,0.57073665,9.389699,6.410046,1182.6403
3592,7.452816,0.3756517,0.17170283,2.0079277,0.13083753,25.50786,68.25701,0.9964169,3.3859725,0.78575915,10.627466,4.9521456,557.81934
3593,8.618498,0.5740823,0.4438097,2.4121878,0.05309542,25.363747,51.8897,0.9978751,3.1879115,0.7237384,11.030669,5.1234736,1086.3116
3594,6.691136,0.53690547,0.40201482,3.085164,0.093636684,23.920214,69.8574,0.99852544,3.1683996,0.5870949,11.318657,4.840465,1259.6013
3595,8.963546,0.3759599,0.44644675,1.4268734,0.13104257,13.87924,19.243155,0.99481255,3.2681024,0.4984393,11.506749,5.238543,578.114
3596,9.092732,0.39558402,0.17046063,1.5519539,0.11905276,14.771725,77.20687,0.9973551,3.4578328,0.81690115,9.806462,4.9828153,1054.9653
3597,6.8259573,0.35271445,0.12771562,1.4340646,0.13005365,14.474835,29.654425,0.9985865,3.462828,0.6710369,9.477378,6.3385153,1274.9655
3598,9.727492,0.6792087,0.15651014,1.8128518,0.063601315,11.251358,77.16984,0.99688524,3.431202,0.80026186,9.926531,4.8577976,732.54016
3599,9.046756,0.5599597,0.12768126,1.2883426,0.13202006,25.79157,37.289303,0.99687463,3.1634362,0.7930529,11.228917,4.856124,1145.7574
3600,9.33946,0.67592454,0.1394124,1.5693419,0.07924722,12.461529,76.509674,0.99480104,3.274355,0.7784618,10.793281,4.8872714,461.88272
3601,6.562785,0.35253584,0.4553652,2.6765132,0.12455858,10.415048,13.928896,0.9985957,3.4626253,0.574914,9.365024,6.453077,1279.9867
3602,7.3750553,0.6478078,0.37681383,2.6866229,0.12580271,13.11537,70.768326,0.99531496,3.3611028,0.6788085,11.119863,5.12622,504.9906
3603,7.423995,0.5623667,0.26342133,1.7733045,0.12858962,7.435607,17.654467,0.995054,3.1989727,0.6223795,11.463454,5.9726505,943.23834
3604,6.6862063,0.6211108,0.44530064,2.678202,0.06600461,6.3611,26.289679,0.9962218,3.2891593,0.5538566,11.195853,5.0237107,747.375
3605,7.0315785,0.6519136,0.41449395,3.1513765,0.11358139,19.22084,46.06384,0.99533385,3.4002583,0.56019914,9.74901,5.7733874,388.79388
3606,9.069269,0.60081583,0.1364363,1.5806551,0.08673524,24.549545,77.66661,0.9950605,3.3428962,0.8110043,11.450697,4.84087,751.1274
3607,9.870635,0.35509259,0.29405236,3.6245162,0.11622064,25.930527,38.8085,0.9967106,3.2264159,0.57294875,11.480917,5.9578996,462.7872
3608,7.838886,0.6859157,0.14431114,2.5057237,0.12482307,21.930073,77.676865,0.9984025,3.4414842,0.7349608,9.748221,4.9834037,1160.5898
3609,7.1421113,0.41091657,0.20165429,3.2240214,0.10572186,12.216385,34.75979,0.9974176,3.464639,0.72748345,11.009341,6.0357985,1219.2596
3610,6.705963,0.3845659,0.44773462,1.3267403,0.08495358,5.638509,15.732288,0.9974181,3.3914082,0.5988746,10.4043455,4.8983707,1246.7579
3611,8.337191,0.35358036,0.4521931,1.8180938,0.11149751,15.693087,26.463732,0.99807394,3.4608634,0.65962195,10.068197,6.100171,1198.0356
3612,9.672167,0.376646,0.2027546,2.2754502,0.12945092,25.455482,62.27116,0.9952129,3.4317203,0.77350193,11.433895,4.944336,418.6688
3613,8.469406,0.6768078,0.08808936,1.2667134,0.040802535,15.730946,77.60312,0.9962221,3.343562,0.8187479,9.47986,4.848511,897.64545
3614,9.507957,0.4783485,0.4017924,3.6113796,0.05508972,5.757018,72.19168,0.99819493,3.466222,0.7326759,10.152612,5.3233,1223.5675
3615,8.077075,0.59267396,0.36936727,3.7767253,0.05671148,14.110944,76.490906,0.998569,3.4657435,0.791557,9.912167,4.8612356,441.32352
3616,6.7181334,0.49020848,0.45993713,3.2778683,0.07467515,18.74533,13.982992,0.99536264,3.2064967,0.49972355,11.193261,6.1657043,902.6736
3617,9.229752,0.41110453,0.4399442,3.7817779,0.07154706,6.6038847,32.034657,0.99707747,3.46466,0.74098986,9.804004,5.1547065,708.2951
3618,9.711809,0.63015455,0.15243863,1.9308795,0.122898415,25.302616,73.20982,0.9957828,3.1641133,0.7816841,11.465753,5.3317523,691.7226
3619,7.704178,0.37343398,0.45614886,2.9953356,0.097444385,25.218468,38.547333,0.99853605,3.462599,0.7211763,9.424635,5.1101766,1252.4241
3620,6.569852,0.36358735,0.43602896,3.6616564,0.13303041,8.345433,14.014212,0.9974214,3.4135675,0.49249864,9.50828,6.456127,1127.218
3621,6.6118145,0.4230237,0.46018752,3.6282315,0.09357217,18.174816,13.973238,0.9984062,3.393741,0.49485525,10.043801,6.4720883,1030.2644
3622,7.0895634,0.6761422,0.43694475,1.2574533,0.12048003,13.28158,45.502796,0.99797344,3.16377,0.6948387,10.954058,4.850052,1263.2053
3623,9.373807,0.43706056,0.071587965,1.9054965,0.09053118,25.87963,77.70348,0.99859375,3.4636283,0.8207772,9.36665,4.8387575,1272.4872
3624,6.61131,0.37649226,0.45986465,3.5309014,0.08928805,24.993212,24.454027,0.99859196,3.436758,0.5185301,9.411693,6.4016385,1270.8015
3625,6.6512694,0.5984831,0.43656304,2.0936742,0.11541459,23.688253,28.184427,0.9955011,3.2383132,0.6363302,11.427957,5.008818,1008.7521
3626,9.94524,0.6331461,0.25274917,1.2279742,0.058591194,8.982182,77.35673,0.9947711,3.1695695,0.796287,11.321306,4.8434343,354.12564
3627,8.679188,0.66221875,0.08974421,1.3633788,0.07685596,24.13151,77.11495,0.9947875,3.1643844,0.70770717,11.372659,4.921443,593.8835
3628,6.7473645,0.6371519,0.2759317,3.045788,0.11421066,24.91535,63.258213,0.99567395,3.1697123,0.66935045,11.297016,5.062403,531.6565
3629,6.793709,0.50322366,0.28047398,2.018393,0.13261601,14.948146,23.133503,0.9954175,3.3049498,0.6292914,9.603783,5.66324,534.30676
3630,7.8520236,0.5419957,0.2367993,1.9332986,0.10330318,23.04771,36.865997,0.9953362,3.1853254,0.5901536,11.088583,5.140187,453.5476
3631,6.6080666,0.5205212,0.44711712,3.4727557,0.12816684,6.2484417,17.14544,0.9972821,3.2407866,0.5592645,10.975712,6.0388494,1274.1903
3632,9.183242,0.667813,0.37867478,1.2205249,0.10885493,6.979616,67.184616,0.9960614,3.1898382,0.7011027,11.453731,4.8723335,483.136
3633,7.5114,0.35810164,0.45568082,3.492272,0.11020651,19.404598,14.6495285,0.9985211,3.35537,0.53039813,10.116162,6.3471103,1135.7664
3634,6.835883,0.4518647,0.45975286,3.8139884,0.08025413,25.91948,22.810959,0.99858737,3.2569468,0.54013723,9.479981,6.3537116,1275.2692
3635,7.0565915,0.36954552,0.37870312,2.4018626,0.12988761,7.132453,46.030586,0.9976679,3.3721962,0.63788694,9.539317,5.1089206,1254.807
3636,8.572298,0.40017396,0.4212504,3.7633617,0.088047415,25.261152,73.55912,0.9983411,3.4272096,0.5891561,9.856451,5.8206134,1081.1508
3637,7.766156,0.38513756,0.4480444,3.711912,0.123366326,17.327383,13.971262,0.998382,3.3525865,0.49699455,11.467908,6.1116533,1145.7871
3638,6.5998187,0.6399045,0.45928904,3.6940992,0.108585246,25.897272,14.7027645,0.9973114,3.3882642,0.5014961,11.505848,5.3062563,1238.3154
3639,7.8074975,0.62828386,0.3001822,2.2089853,0.12778033,7.657362,46.49645,0.9964999,3.237377,0.56595516,10.533141,5.553048,556.7838
3640,7.3360133,0.6102243,0.24485178,2.0255663,0.114124276,22.627571,66.1221,0.9952269,3.3937638,0.7355031,10.607593,5.1315546,467.6796
3641,6.8123126,0.3874006,0.14598212,1.4980347,0.1285572,9.225581,73.11469,0.99666476,3.4266195,0.6263964,9.518025,5.1604166,1100.623
3642,6.821654,0.44555688,0.3632062,2.3356447,0.12361557,17.898138,17.233452,0.99767053,3.2096884,0.50252706,9.829063,5.264199,1041.0836
3643,6.708402,0.68122417,0.19287366,3.1694171,0.106007054,25.252745,55.044746,0.9962987,3.1701653,0.71889085,10.745715,5.2941236,937.95825
3644,6.8223734,0.7069665,0.43839824,3.3417459,0.0814234,8.354619,73.94101,0.9947955,3.4023714,0.78578204,10.669398,4.8902764,918.7134
3645,9.952646,0.65473527,0.09348291,1.2141615,0.0445008,25.903227,77.73692,0.99483806,3.1772106,0.79361564,11.452211,4.8368473,628.0002
3646,7.9203,0.5377332,0.4558363,3.7889063,0.09372346,19.322279,29.954176,0.9985507,3.4654686,0.499632,10.670589,6.0492983,1273.4159
3647,9.081816,0.69617695,0.07572399,3.0245242,0.10219018,17.162058,73.69241,0.9957938,3.292043,0.80997884,11.163809,4.989771,722.744
3648,6.637847,0.38188437,0.44217944,3.8029423,0.11715874,25.677639,14.279556,0.998194,3.2765694,0.59769166,9.540454,6.2329082,912.73474
3649,9.160315,0.53377604,0.33623144,2.2393322,0.09883807,22.504856,57.24886,0.99636954,3.3907843,0.6249508,11.33209,5.726165,1039.7906
3650,6.568684,0.49268916,0.4605782,3.0548477,0.1215528,10.629479,13.967268,0.9966081,3.16948,0.49121913,11.141316,6.210274,1250.2638
3651,8.706971,0.6804997,0.3486444,1.3135768,0.091829956,22.833673,18.290804,0.9956027,3.1672509,0.56895435,11.279208,5.1131783,1233.4839
3652,7.353413,0.37505394,0.4438022,2.9340308,0.13024324,25.121536,15.562845,0.9947953,3.1657653,0.5124574,11.489533,5.4331937,362.3658
3653,7.238006,0.66415155,0.2558796,3.3564558,0.08726534,19.840343,37.362175,0.9966722,3.2222285,0.67463017,10.254771,5.4141912,435.04077
3654,6.5936832,0.35302153,0.45081788,2.79488,0.13333857,11.906065,46.613056,0.9953213,3.466203,0.7219046,9.494002,6.373659,534.58386
3655,7.114719,0.5842168,0.4257708,3.5279305,0.10822523,22.496832,41.591225,0.9956742,3.349258,0.5552243,11.346118,4.986324,983.7678
3656,7.844921,0.5990044,0.32244033,1.948307,0.12609902,25.732164,76.35451,0.99783194,3.457817,0.7697475,11.12831,4.8464084,1158.1085
3657,6.6203012,0.36301285,0.4472258,1.9482746,0.12693906,24.508669,14.197418,0.99686486,3.3003159,0.5381348,10.659288,6.313457,503.092
3658,7.512881,0.4360247,0.44473398,3.7401123,0.12754305,20.588327,22.275166,0.9969316,3.461771,0.5524175,9.891418,6.3752465,647.2644
3659,7.8260593,0.4136695,0.45508146,3.370601,0.11465268,15.290839,42.263508,0.99845374,3.4411094,0.5594216,9.93945,6.246482,1257.4983
3660,6.942791,0.3829165,0.43891314,3.6356986,0.122149535,22.764658,19.307653,0.9975029,3.3892682,0.56836903,11.0883,5.806266,977.27386
3661,6.6683254,0.49012512,0.45313397,3.8067136,0.09446107,10.877503,45.228714,0.99855846,3.4659188,0.6720123,9.3850565,6.259448,1129.0795
3662,6.832502,0.36085647,0.43853268,3.6466472,0.07391365,11.109059,13.99835,0.9985631,3.1849651,0.5024046,11.378816,5.9581246,1222.4454
3663,6.5979257,0.39086893,0.19365986,2.0681736,0.118623964,25.752075,27.006298,0.99754936,3.4338975,0.67153704,9.367086,5.0719466,1044.4429
3664,9.565285,0.6691263,0.30596656,1.3419559,0.085008174,21.288427,77.24835,0.99859023,3.4562347,0.7015135,9.502635,4.842292,1101.0942
3665,7.3119946,0.6137708,0.3085336,1.3128957,0.12293611,13.796833,34.754784,0.9950735,3.180808,0.5405757,10.09447,4.90582,1075.4122
3666,8.002643,0.54335356,0.42381606,3.7169504,0.08534839,22.587471,32.751015,0.99819344,3.3339808,0.63823366,10.726545,6.374784,454.48367
3667,9.381027,0.69288695,0.08921981,1.2375677,0.063913606,18.642677,69.89667,0.9951678,3.163194,0.60677016,11.509214,4.8571215,994.9221
3668,7.6268663,0.3705538,0.40759706,3.7997239,0.06684469,6.789261,23.109318,0.9983071,3.4649081,0.6027446,9.388294,6.2449746,1022.6848
3669,7.669927,0.49918634,0.4426664,1.8626819,0.10797693,9.895932,31.022726,0.9950366,3.2094917,0.68171084,11.13291,5.10926,572.5525
3670,9.795814,0.5290489,0.12207079,2.841321,0.10530999,24.3072,76.983116,0.99591845,3.373989,0.638034,11.348775,4.855586,1249.1506
3671,6.7509446,0.70109504,0.43642303,3.5276806,0.061676424,24.8867,23.042982,0.99859107,3.3953726,0.78723675,9.560381,6.4388895,1275.0437
3672,8.284904,0.64531523,0.31650463,1.8796979,0.11715542,25.471369,75.03865,0.9949017,3.4514759,0.8087413,11.432833,4.854984,394.19498
3673,9.931657,0.704409,0.15557538,2.046317,0.08223318,25.157148,77.444916,0.99550086,3.242496,0.8032394,11.497209,4.8378158,1154.6016
3674,8.931895,0.36959198,0.33199725,2.7437205,0.08544889,8.143493,70.30663,0.99781555,3.3356783,0.5595797,10.759635,4.9528947,995.531
3675,9.914247,0.65875375,0.19629073,1.230701,0.055227935,7.0464363,77.7274,0.99483335,3.2346106,0.81339324,11.486636,4.8379264,592.928
3676,6.5760846,0.6521324,0.45119143,1.7433974,0.13120389,25.566147,14.063448,0.9951389,3.1675901,0.50292563,11.344709,6.3733144,1188.782
3677,6.6281223,0.51387334,0.45056257,3.4433022,0.09221856,16.818245,18.612242,0.9950433,3.2973905,0.49959904,10.606723,6.141897,600.6682
3678,8.846718,0.50528675,0.25307056,1.6600038,0.10246218,5.652604,71.817894,0.99636984,3.435809,0.596862,10.170888,5.265537,957.0065
3679,9.862415,0.3650007,0.36692283,2.2114754,0.118634865,7.723937,29.916786,0.9956203,3.265272,0.52948886,11.470565,4.8818045,862.2762
3680,6.6248207,0.36336538,0.43395796,3.13917,0.093684554,24.758429,13.955194,0.99531984,3.2745879,0.5564961,10.922568,6.2754507,1246.762
3681,8.702779,0.5475939,0.14791368,1.2891394,0.11868381,25.895922,73.272705,0.99591506,3.161625,0.6361151,11.501435,4.8421726,1238.53
3682,6.926361,0.3831602,0.46017414,2.4888384,0.07656542,19.389887,14.227983,0.99661565,3.3171113,0.53500885,10.04702,5.7185597,1095.8129
3683,6.565826,0.39069355,0.4606034,3.6497889,0.10132885,23.262709,13.928743,0.9974402,3.2348306,0.4908357,10.814751,6.4230857,1081.4124
3684,6.7198,0.36115843,0.44144556,3.7776306,0.067354955,23.112198,67.18282,0.9985902,3.4669242,0.73832947,9.371128,5.180905,1276.1278
3685,6.7415633,0.3574853,0.4488054,3.4639494,0.11309607,22.55602,35.535465,0.9979551,3.4072225,0.75022787,9.826398,5.0437765,895.10956
3686,9.322688,0.60931146,0.13284326,1.5096394,0.1263218,19.179646,46.47716,0.99529266,3.464206,0.8135759,11.284101,5.115834,449.49808
3687,6.5796814,0.45199198,0.38671622,3.7497103,0.097775474,25.863382,18.457155,0.9976964,3.1625793,0.6511073,10.113501,5.118296,500.77716
3688,9.603426,0.54405373,0.1674413,2.0983436,0.12269072,25.510994,74.30055,0.99479926,3.1633887,0.7340719,11.485013,4.8584876,729.5089
3689,9.806033,0.37539762,0.29243124,1.2560506,0.102655664,25.897667,77.422874,0.9969241,3.186058,0.8064565,10.101721,4.8408527,1203.7797
3690,8.900149,0.61224467,0.17263389,2.1447163,0.09889427,25.928862,75.95474,0.9950008,3.1732557,0.55446386,10.576842,4.837592,919.1784
3691,6.7564077,0.35407454,0.45812133,1.2169375,0.13341232,24.35487,16.322048,0.9947859,3.1855884,0.58595353,10.485195,4.975291,416.92267
3692,6.8845716,0.3561171,0.41577163,1.8716147,0.12155293,23.371477,18.70688,0.9966366,3.2996833,0.62493634,9.520551,5.3577843,539.55695
3693,9.483447,0.456483,0.19649796,3.243651,0.043611787,22.032524,70.930046,0.99859476,3.4529934,0.8175746,9.372813,4.9082146,908.33484
3694,6.898232,0.4307921,0.4298037,2.0947926,0.12703492,16.375486,35.67276,0.99786335,3.4535973,0.55830103,11.354243,5.225526,1053.0302
3695,8.563438,0.691592,0.32454392,1.4768231,0.11048786,23.913864,41.74723,0.99580216,3.1869066,0.6964708,10.340858,5.0797977,929.30066
3696,6.9938984,0.4701213,0.42051718,3.7744396,0.056958176,8.769574,36.723804,0.9982605,3.4662912,0.7038155,9.914098,6.3078394,1243.0038
3697,8.081818,0.6071284,0.19097254,1.2906077,0.12331716,24.785627,61.565998,0.9961512,3.1721034,0.6825002,11.449157,4.8923874,803.1381
3698,6.6031184,0.5282419,0.41402403,2.054276,0.10886852,22.782553,14.524971,0.99818987,3.206944,0.5657518,11.310561,4.8894553,1053.1812
3699,6.5719643,0.59133023,0.3765623,2.6518579,0.11144962,25.833439,17.185806,0.99613863,3.1614413,0.56957483,11.100534,4.9443836,1192.2052
3700,7.83032,0.3529029,0.40174633,3.5145862,0.1319506,22.318085,15.890692,0.99760497,3.3558805,0.500957,9.681937,5.740823,784.38226
3701,6.700267,0.47810727,0.42094016,2.045001,0.08658943,13.964006,17.371288,0.9971804,3.3110864,0.51189226,11.146905,5.221855,635.91516
3702,7.106188,0.5839396,0.2922438,1.5394542,0.11822714,23.426296,44.107735,0.99839175,3.2126904,0.7582982,9.707787,4.841617,1264.0507
3703,6.5870876,0.37824866,0.37213603,1.3328876,0.1289014,25.410967,14.003281,0.9947885,3.1713564,0.5420709,10.090284,5.4096045,1142.4569
3704,8.752821,0.5486281,0.4362696,1.244473,0.11932971,23.999035,66.90047,0.99480426,3.1637647,0.57866335,11.466905,4.8413887,636.9413
3705,9.682517,0.41639462,0.45577982,3.7970753,0.07838813,23.26219,13.954313,0.9983573,3.2144854,0.5088755,10.654885,6.1194267,1275.9178
3706,9.583367,0.35542932,0.43159235,1.4838316,0.04713188,21.42017,40.38294,0.99759334,3.4378233,0.7902178,9.678108,4.898088,1126.0139
3707,9.343118,0.7017281,0.11321376,2.9327202,0.040439993,25.893766,72.95329,0.99498683,3.1620831,0.73843896,11.299796,4.8416824,947.78394
3708,6.6020403,0.3743898,0.4525007,1.6031587,0.10927407,8.381002,14.733402,0.9956344,3.1849003,0.5840989,10.301557,5.330003,1271.6825
3709,9.387111,0.42479146,0.07835202,1.2812086,0.1201422,25.728516,76.43827,0.9982517,3.4633677,0.8166842,9.389668,5.002833,1220.9653
3710,9.857796,0.69521505,0.074684545,3.287655,0.113918014,24.009554,75.5196,0.9950621,3.2254326,0.6270867,9.543787,4.8981953,425.90338
3711,7.2998323,0.37659326,0.45655614,2.9766607,0.115871795,25.306166,14.192152,0.9974702,3.395587,0.5379557,11.346913,5.858125,1070.4941
3712,8.504583,0.53499126,0.38235408,3.0552404,0.10622991,25.842358,63.090675,0.99506956,3.192489,0.81125575,11.506003,4.841711,481.3924
3713,6.960116,0.5017052,0.22000933,1.592082,0.12510914,7.4232635,39.330746,0.9982835,3.4646192,0.63203,9.543997,5.8625894,955.07056
3714,7.179039,0.3652858,0.37295377,3.7294502,0.12526125,13.732007,38.183563,0.99807835,3.43732,0.5524737,10.559217,5.2021875,788.0992
3715,7.2186193,0.5099936,0.29011738,1.835731,0.12966481,23.68867,70.183304,0.9964738,3.1664178,0.7250734,9.944355,4.90879,1247.5214
3716,6.837853,0.38121012,0.23678394,1.3366668,0.1201508,25.527966,75.51158,0.99550724,3.2424948,0.7930841,10.916129,4.876161,777.85315
3717,7.244834,0.671717,0.30857512,3.2429526,0.11004107,21.685059,67.64286,0.9949656,3.4120207,0.72807556,11.503015,4.887795,409.15985
3718,9.127277,0.69058615,0.20264077,1.3362559,0.054350402,18.325089,60.463966,0.9949152,3.2929702,0.7110439,11.460878,4.848318,567.77515
3719,6.5638323,0.39489293,0.44204375,3.774235,0.112029724,9.133676,16.743301,0.99840194,3.3840964,0.537694,9.504738,5.962797,1175.4836
3720,8.048659,0.6723505,0.12788941,1.4815489,0.097349286,24.227852,28.904015,0.99761796,3.3365624,0.6758858,11.266211,4.918519,1255.4633
3721,9.914961,0.5663331,0.10613814,1.3845012,0.04824402,24.621595,77.60721,0.99545807,3.3261507,0.8165737,10.626104,4.83809,532.74677
3722,8.802469,0.49649468,0.20457368,1.4573343,0.13051286,24.102404,34.88708,0.9956328,3.214875,0.67735034,9.697963,5.57922,705.6237
3723,8.484291,0.39205682,0.09210825,1.5811332,0.13275462,13.163188,68.18978,0.9971878,3.4669468,0.6529129,10.017333,5.2258453,872.1283
3724,6.631766,0.5373852,0.40976912,3.2019484,0.1321415,24.036978,19.911434,0.9957324,3.3403494,0.61977375,10.893631,5.8407845,537.76184
3725,8.4855995,0.560577,0.44629848,2.918075,0.060148012,6.3805714,23.131124,0.99711573,3.44699,0.53554463,10.77302,5.7088704,1257.3086
3726,6.587495,0.35441613,0.4596957,3.8238564,0.11024946,25.620972,14.203066,0.9985961,3.4669614,0.5065237,9.365484,6.4351807,1280.012
3727,7.872607,0.38826436,0.4064773,1.5020605,0.121321924,20.60511,15.819584,0.9949177,3.1902092,0.5406948,11.321146,5.261107,797.0215
3728,9.040037,0.37943187,0.24575469,3.5434089,0.11984159,20.751492,57.955666,0.99850476,3.4663856,0.7221018,9.42575,5.5542145,1121.5275
3729,7.331716,0.38321495,0.44873625,2.586705,0.12899983,10.42487,14.556091,0.9953545,3.3253684,0.49334127,11.027419,5.7842016,816.7348
3730,8.345039,0.70094645,0.42221218,1.7632289,0.045158315,11.71563,67.33697,0.9972061,3.4585059,0.6890562,10.425451,5.709445,1064.1945
3731,6.5898786,0.40526053,0.46039668,3.7611256,0.11563367,22.145758,31.52542,0.99858683,3.2373633,0.4957683,9.993436,6.1728706,1279.5282
3732,6.7651134,0.70704406,0.081036106,1.4572235,0.11810751,23.717503,77.45335,0.9949425,3.1687264,0.8193737,11.073638,4.8824334,1180.0063
3733,8.776297,0.62274563,0.30852586,1.8571157,0.08682478,25.808336,77.073555,0.996595,3.4011903,0.79452163,10.856186,4.8487515,587.4842
3734,7.792549,0.6143024,0.29884154,1.4268123,0.11474134,24.593151,66.038376,0.9948536,3.1895177,0.7161017,11.404813,4.8922505,426.02188
3735,9.681528,0.6840149,0.08836396,1.2193086,0.08989415,20.320356,74.37374,0.9948891,3.1702793,0.81967956,11.489949,4.8417816,787.0425
3736,6.727349,0.5155917,0.3934866,3.080443,0.13151422,24.671627,37.190887,0.9952387,3.293859,0.5855968,10.092747,5.729687,711.8939
3737,7.6692767,0.6844527,0.11501844,1.6820993,0.10925913,24.688765,65.49039,0.995984,3.2124982,0.76752084,9.831324,5.2396173,676.2983
3738,6.779254,0.3572336,0.458908,3.8165002,0.13072614,7.3751755,14.002634,0.9983088,3.435682,0.49536958,9.709993,6.446329,742.99854
3739,8.084275,0.6862998,0.16667879,3.3150995,0.13275549,25.810934,73.47347,0.9948363,3.217845,0.7676661,9.648317,4.8480372,385.78757
3740,9.862061,0.6588216,0.3952101,1.3174821,0.04113202,16.834635,67.160805,0.99670833,3.2098067,0.6459731,10.255102,4.9171762,1180.9678
3741,8.116417,0.70654595,0.40082234,3.7524598,0.07779202,24.683943,73.015335,0.99859536,3.464728,0.7810986,9.754065,5.1642084,1279.8402
3742,8.5872555,0.46241495,0.4367994,1.8000445,0.10625968,25.811071,51.6652,0.9966824,3.2200596,0.56023103,10.840369,4.901856,1145.9375
3743,9.817818,0.5993019,0.22601242,2.9727156,0.07956845,25.925829,77.08299,0.9985318,3.45859,0.7733628,10.728125,4.9508495,1231.845
3744,8.8866825,0.5817455,0.44911483,1.836953,0.1308616,25.116953,36.6971,0.99688655,3.2843437,0.5480201,11.285129,6.1188498,971.9058
3745,9.775171,0.60581315,0.10352969,1.3235391,0.083964646,25.352745,77.66379,0.9971827,3.4181223,0.81106186,11.0864725,4.9244895,965.5694
3746,6.6736517,0.41453972,0.35493007,1.741925,0.12921983,25.148113,17.391064,0.9950375,3.2301311,0.51862353,11.271245,6.2939777,1065.5277
3747,9.726229,0.37756014,0.45907417,3.8217516,0.045104627,24.845842,44.813103,0.9985959,3.4666433,0.62899125,9.373006,6.3641553,1277.7003
3748,6.572918,0.3740971,0.43819523,1.6481954,0.12659392,25.393526,14.344675,0.99536777,3.1800194,0.525781,11.479281,5.989555,1234.161
3749,7.4760017,0.35966963,0.3822682,1.4313543,0.13260873,5.748497,14.562717,0.99534875,3.4313545,0.5480079,10.97273,5.9297147,1052.4818
3750,7.4943767,0.6738837,0.13646124,3.66124,0.06445828,20.764635,63.705124,0.997151,3.400277,0.8132678,10.752847,4.863456,613.0545
3751,9.924771,0.70581996,0.13203923,1.4923296,0.04331692,7.0887756,77.14759,0.9969748,3.449431,0.72352904,9.776251,4.883595,359.56332
3752,8.765452,0.7029642,0.24717976,1.5512753,0.059950437,7.319933,67.41863,0.9982137,3.169586,0.78240484,11.450244,4.837893,1182.9343
3753,9.839307,0.68722886,0.08793169,1.3139182,0.12974189,23.739035,77.74761,0.9964735,3.2776544,0.8209584,10.043579,4.863621,510.10364
3754,9.0791445,0.69696957,0.122207746,1.2478073,0.10609231,25.897705,74.50793,0.99498534,3.1664119,0.8097816,11.508727,4.8383994,584.1264
3755,7.7287273,0.7012925,0.25154328,3.6880732,0.039981738,17.628069,77.29524,0.99858904,3.4049091,0.79728734,9.393569,4.854684,1192.0558
3756,6.9172907,0.48688972,0.4300362,3.8085606,0.04963915,24.548096,73.871735,0.9985861,3.1983538,0.6683,9.383228,4.9221,1270.4874
3757,8.6710415,0.38047373,0.4022044,1.6041545,0.13034447,5.791463,69.24794,0.9960342,3.462141,0.5648613,10.908909,5.9771104,585.157
3758,9.10148,0.70315176,0.1621221,3.3847008,0.059367307,15.150798,77.70685,0.9979897,3.4540403,0.8144256,11.018189,4.856114,957.6137
3759,6.5791264,0.37763637,0.45987433,3.818264,0.121423475,25.300875,15.104504,0.99859303,3.432442,0.52705216,9.382621,6.0180583,1278.0776
3760,9.900589,0.6991189,0.24489361,2.102978,0.09901507,23.694384,74.558495,0.99487185,3.2643354,0.75307065,11.509638,4.846949,652.5436
3761,6.7855964,0.38918835,0.43639117,3.4565806,0.12647901,14.505495,15.200001,0.9979968,3.446964,0.5427548,10.967925,6.4011517,804.32635
3762,7.957496,0.3723946,0.45748484,2.0440912,0.0780242,13.8963785,70.0133,0.99803346,3.4649818,0.640924,9.384135,5.216545,964.3252
3763,6.655312,0.38940546,0.1297813,2.551116,0.08754335,12.676044,51.785126,0.99852484,3.4659832,0.7022593,9.370163,5.52992,1204.7407
3764,8.826877,0.57740057,0.38556513,2.8415806,0.07046987,14.898734,22.143398,0.99560064,3.202231,0.53757954,11.493377,4.9146442,1150.5844
3765,7.2072053,0.6169505,0.37238455,3.779333,0.06873106,18.739777,31.605936,0.9968935,3.4141707,0.6423544,11.204242,5.7728844,1214.0079
3766,9.782756,0.65873694,0.10398038,1.5279666,0.11474326,13.569506,75.01413,0.9978009,3.2000725,0.79479516,11.463498,4.8804493,806.9419
3767,8.5441475,0.693006,0.3989216,2.7284603,0.12094942,21.702665,53.01073,0.99480665,3.2299855,0.5925323,11.077379,4.9882765,428.41714
3768,6.5719776,0.45827898,0.45784223,2.7775075,0.09158161,9.502664,16.936636,0.9977135,3.4184291,0.50526035,11.120073,5.799789,1048.3217
3769,9.058433,0.57978547,0.16006298,2.9558072,0.04663202,10.375416,77.217316,0.99848175,3.4645658,0.80221975,9.369055,5.8478413,1125.2169
3770,6.6240516,0.36114636,0.42256913,1.3513749,0.12464165,15.18202,54.3647,0.9983642,3.404224,0.52330714,9.571254,5.3135943,1048.8264
3771,7.3685184,0.41645288,0.41660127,3.7930052,0.13039295,16.460804,20.987541,0.99503845,3.4479442,0.617383,10.726226,5.2112465,372.64313
3772,7.605274,0.6140357,0.18706006,1.2593263,0.097293265,6.4122686,70.20495,0.9950195,3.3233924,0.56434757,10.367047,5.0477524,527.15717
3773,7.658893,0.37110516,0.4599651,3.5419,0.100081004,25.77707,31.981405,0.9980587,3.4104364,0.5506401,10.409112,6.215471,1082.5546
3774,8.861583,0.36227953,0.2316019,1.7368143,0.12908497,25.922058,39.624935,0.9948009,3.2140481,0.7987613,11.348393,4.900884,376.01498
3775,7.787198,0.4670461,0.3605847,2.0173395,0.12612417,19.323818,76.627495,0.99509895,3.3804057,0.69828117,10.174554,5.2220964,938.60284
3776,6.8452816,0.536985,0.41589352,2.628662,0.12707691,20.744743,23.44801,0.9948014,3.2372105,0.613548,11.507348,5.1794343,479.31018
3777,6.7213445,0.5426015,0.42796117,3.6568909,0.124249704,25.587017,55.765453,0.99522674,3.343413,0.5632114,9.895158,5.105165,876.00946
3778,6.81992,0.5500869,0.45924085,2.4031653,0.07797696,24.90312,13.960299,0.99619883,3.2582567,0.51478,11.183933,6.081039,1050.277
3779,6.5826993,0.43757564,0.24685466,3.5714164,0.12896776,11.728561,16.91735,0.9985536,3.3562799,0.7715796,9.546024,5.8225117,950.9311
3780,7.4313235,0.35235408,0.45847976,2.4578843,0.1158455,16.63948,19.970303,0.998595,3.4646251,0.49719542,9.373866,6.031404,1277.2262
3781,6.809659,0.37666148,0.45989403,2.8111753,0.052749325,12.059276,13.985945,0.9977208,3.4041011,0.496934,9.392337,6.3872995,1269.1884
3782,9.084573,0.36300457,0.40857998,2.8603294,0.12736362,15.764979,25.554111,0.9963226,3.1663268,0.49194887,11.241821,5.2165365,997.07733
3783,6.8160386,0.4721103,0.08860695,3.4412832,0.13178621,25.765423,73.31703,0.99826676,3.4532719,0.78981405,9.425753,5.582474,1022.85834
3784,6.7957516,0.38082972,0.38818678,1.7418474,0.12293929,10.954299,55.5047,0.9975553,3.22944,0.5727449,10.106621,5.236421,1237.9137
3785,8.6846075,0.68474406,0.09672311,1.2261865,0.12721407,25.611473,76.873314,0.99579,3.1718745,0.7900456,10.865791,4.882155,563.3165
3786,7.2800493,0.40554857,0.4584588,1.6049668,0.12019,25.48937,14.335388,0.9956865,3.4112365,0.5358395,10.004315,6.1569896,707.55634
3787,8.539944,0.6851846,0.30891812,1.7994288,0.101585336,25.06137,66.51821,0.9977786,3.3233056,0.80075663,10.939631,4.840987,687.73694
3788,6.8250656,0.61852676,0.38973027,2.0884335,0.06658836,23.190586,34.59542,0.99680656,3.2733808,0.62567395,10.82852,4.8717794,598.87976
3789,8.044933,0.3927501,0.40131763,1.6793852,0.09733287,25.925667,15.000017,0.9968128,3.1644468,0.69353074,9.452019,4.854607,1266.6317
3790,7.7641215,0.6161416,0.43303794,2.3197453,0.12547421,16.641792,20.261724,0.9950641,3.2079601,0.5452196,11.505223,4.9968424,835.6737
3791,7.1355906,0.5751594,0.44767764,3.7739732,0.07877752,8.475857,53.878857,0.99850583,3.4645953,0.74081475,10.339533,5.980006,877.3593
3792,9.162796,0.6779462,0.37885177,2.013619,0.04347647,25.65089,40.9962,0.9983538,3.1890054,0.7857254,10.171511,4.8659544,944.0594
3793,9.770478,0.55626094,0.38811988,1.2191255,0.10881506,5.514596,48.243164,0.99487084,3.2676144,0.6024837,11.494432,4.8911343,708.86566
3794,9.777049,0.67469627,0.3898767,1.3999311,0.12558673,25.477833,61.35227,0.99500954,3.1651726,0.7264804,11.491375,4.8711753,989.94836
3795,9.902015,0.6584921,0.111888036,1.2231363,0.110075794,21.235064,77.62912,0.9950038,3.4272666,0.8055384,11.065168,4.8406096,384.70834
3796,6.720802,0.64893013,0.45825812,3.5119438,0.09586792,9.055523,17.733404,0.99716353,3.347339,0.62475556,10.390155,5.306397,948.9882
3797,9.924729,0.64624673,0.25808287,1.6748536,0.05342574,22.160097,77.15905,0.9948304,3.1899405,0.7788848,11.506296,4.8378134,398.16418
3798,9.003355,0.48123848,0.45830753,2.4625344,0.11330606,8.919471,14.229404,0.99683654,3.3914483,0.4910231,9.72308,6.20146,1158.773
3799,6.8209276,0.6970664,0.4595288,2.8520665,0.053200327,13.544091,14.279322,0.9963719,3.2254908,0.49831763,11.025402,5.7068124,932.19165
3800,6.8637114,0.36808437,0.45156455,3.7401547,0.10750479,21.189676,13.999954,0.9951461,3.2663875,0.49671766,10.940483,6.168218,1007.2985
3801,9.758891,0.4363695,0.098195076,1.2253228,0.119040094,24.626513,76.14714,0.99476993,3.161655,0.78406113,11.511728,4.8393908,496.90366
3802,6.7112055,0.6209047,0.40555778,1.7187551,0.09455979,23.548126,22.35453,0.9957227,3.1710474,0.5619495,10.212873,5.2436614,1266.2272
3803,6.583013,0.5318566,0.4079489,3.6403508,0.1218915,24.919365,69.58269,0.9985767,3.4195538,0.7397889,9.439657,4.8542113,1278.5718
3804,6.8514,0.35672945,0.34332603,1.6533179,0.12856704,9.293004,24.604233,0.9960051,3.3675196,0.71777815,10.0394945,5.6117506,777.3977
3805,6.585251,0.6084169,0.4570175,3.819221,0.067861,13.506499,13.990854,0.99858564,3.3462753,0.5226112,9.742036,6.24052,1279.8981
3806,7.073105,0.62880343,0.33791366,3.818797,0.10282981,25.364506,63.026173,0.998566,3.4368129,0.7141948,9.470837,5.7298107,712.5468
3807,7.2067804,0.35552567,0.45921734,3.7109754,0.06099259,19.065914,15.985741,0.9985918,3.4622,0.490048,9.602224,6.43976,1277.5422
3808,6.8991227,0.37291878,0.44167456,3.7813509,0.12598065,15.602233,50.125576,0.99850523,3.4670084,0.7839062,9.572686,5.6028633,1251.1603
3809,7.0189676,0.5586504,0.42944795,1.721121,0.056180835,7.0455313,27.808743,0.99576634,3.2675092,0.64154536,10.754014,5.3916802,1226.8265
3810,8.298643,0.44892475,0.07174976,2.4130177,0.09651032,18.975956,77.38611,0.99629515,3.3754013,0.8086108,9.368627,4.8675323,459.48474
3811,7.1539636,0.37756112,0.38847527,1.4698274,0.1192569,20.62796,15.288351,0.994844,3.362351,0.64113337,11.323812,5.087755,497.6359
3812,8.288137,0.36517572,0.33481696,3.127806,0.084963486,10.915615,73.84171,0.9983176,3.4601667,0.8045253,9.57266,4.8938355,1175.9071
3813,7.7493744,0.4694201,0.40233132,2.0707636,0.11570275,22.365376,34.639194,0.99549556,3.4069133,0.6748794,11.310161,4.9258924,856.4512
3814,7.4326706,0.6891082,0.41850576,3.3878105,0.05055363,25.633657,18.040182,0.9948668,3.1637938,0.6294671,11.504385,4.9457564,589.91504
3815,8.651548,0.70654875,0.2582298,2.686872,0.08357384,21.854504,66.86963,0.99681985,3.2756765,0.7618836,10.661202,5.0724382,856.9245
3816,9.493547,0.415829,0.18863392,1.2324687,0.13305098,25.687208,70.19263,0.99530303,3.3697472,0.75282073,11.504563,4.8905907,521.5824
3817,6.999696,0.6187487,0.41589567,3.3640168,0.066419885,20.820467,16.847355,0.99858546,3.4582968,0.5596367,10.66691,6.1390905,1277.151
3818,6.7201633,0.6366476,0.39572844,2.01622,0.131066,25.16278,16.322742,0.9952288,3.2528536,0.5176193,11.054555,5.980078,509.71793
3819,9.899013,0.66378623,0.27150106,1.2182322,0.11826097,23.081472,45.457035,0.99484074,3.4001305,0.7315985,10.713638,5.111642,761.8136
3820,8.804489,0.7074052,0.18685976,3.009669,0.04877103,20.838518,72.770996,0.9948093,3.166677,0.66957,11.498998,4.876677,1006.5168
3821,8.413721,0.47723064,0.25451773,1.2781706,0.10876859,7.709248,67.457275,0.994831,3.3961573,0.5731063,11.4964285,4.8821,492.36093
3822,6.6375318,0.3733014,0.4169124,3.6983287,0.123635605,15.604984,21.202148,0.99839056,3.4641354,0.66865367,9.422286,6.3824844,1041.8105
3823,6.6588345,0.5634896,0.27491558,2.8747377,0.12206579,18.395914,35.044086,0.99503845,3.228636,0.55655456,11.471831,5.03059,1121.7402
3824,6.8975916,0.4235189,0.19461082,3.6872845,0.05615751,19.007048,36.621086,0.9985942,3.185686,0.78994244,9.376953,5.328774,1279.1095
3825,6.9508605,0.35458538,0.45898458,3.2641964,0.12494348,7.220251,14.122927,0.99722075,3.4650059,0.5020229,9.449751,6.472875,469.59653
3826,6.5638566,0.46369827,0.45862734,2.1097722,0.10909265,6.7360315,13.960398,0.99774957,3.2007558,0.4971531,10.742234,6.260719,1279.3287
3827,8.731732,0.6881976,0.40200067,3.3313017,0.1237853,23.668106,72.842964,0.9976887,3.288565,0.5504496,11.323406,6.2050223,1146.1829
3828,6.574275,0.35441026,0.44602385,3.2929747,0.12624863,17.837574,21.938051,0.99763143,3.4607854,0.6009036,10.014821,5.885316,1138.77
3829,7.1670356,0.59908724,0.34013727,2.636874,0.12494529,25.564589,33.189507,0.9983752,3.4169955,0.7494898,9.87508,5.4403768,620.9075
3830,6.6865153,0.4336431,0.43688416,2.2937124,0.08251461,5.7877502,45.064144,0.9977431,3.2040324,0.5547157,11.264798,4.9734826,815.6934
3831,6.5655336,0.6799634,0.43654162,2.4184086,0.11913071,25.594757,14.137648,0.9955871,3.1614661,0.5267482,11.200049,5.095973,1131.2025
3832,6.622711,0.3605709,0.45980877,3.741951,0.11110362,18.951422,24.846098,0.99858624,3.462551,0.56737334,9.385483,5.385867,1278.4965
3833,8.52782,0.49391904,0.36922795,3.0232334,0.11463333,22.071014,77.69277,0.99855644,3.4669547,0.79742706,9.910053,4.890325,1257.792
3834,6.5895495,0.41803452,0.44986337,2.773252,0.079812005,23.076353,41.89397,0.99646425,3.1712246,0.59766805,11.437329,5.0034456,1127.3627
3835,8.985941,0.70917195,0.41583714,3.5428126,0.040066026,25.745811,74.48078,0.99850607,3.261352,0.8098733,11.168906,4.8423715,1148.3029
3836,6.5874796,0.35242942,0.45180976,3.8028347,0.071440816,5.943548,40.526474,0.9985934,3.4670112,0.6706144,9.365187,6.3699675,1280.1198
3837,7.356255,0.4251738,0.27951953,1.9303763,0.10665305,25.57,74.61989,0.99771553,3.2710795,0.7189459,9.775362,4.8541384,1133.3594
3838,8.105647,0.5963554,0.38340515,1.9537984,0.09744178,5.752434,58.290703,0.9981917,3.4625154,0.5403691,10.8436985,5.363741,993.26416
3839,7.2914643,0.41650024,0.40445676,3.7351935,0.12345111,25.38854,60.448345,0.99850374,3.4662125,0.5784603,11.318044,5.9917502,535.03827
3840,9.227829,0.5927591,0.22497389,1.349159,0.10478104,24.783241,53.510853,0.9949759,3.1650264,0.55593055,11.370934,4.841591,1242.428
3841,7.0859075,0.64630467,0.31062052,3.467227,0.099416725,9.152469,76.62483,0.9967215,3.281652,0.8109543,11.352987,4.897936,861.881
3842,7.0655713,0.39542645,0.32049674,2.3660018,0.13068941,11.411497,45.717007,0.995032,3.3884816,0.6645607,10.710331,4.988179,525.3601
3843,6.710286,0.39721155,0.37857786,2.0011156,0.121082686,18.715683,26.89846,0.9974565,3.407011,0.58114725,9.627085,6.4050093,764.7905
3844,7.6187253,0.35913497,0.44829065,3.6959898,0.105897956,5.691802,28.709085,0.99855703,3.430103,0.59429127,9.366559,6.4000616,1228.4363
3845,6.8552833,0.6032409,0.23054369,2.8957474,0.12564318,25.758242,69.32381,0.99504286,3.2867062,0.73166955,10.9439745,4.877553,440.31705
3846,6.6894875,0.45288768,0.37305024,3.473834,0.12155011,24.733648,48.83735,0.9977784,3.3494916,0.6198287,10.681297,6.1831646,1267.1573
3847,8.02214,0.687313,0.1103628,1.2214489,0.110476606,15.030358,73.273964,0.9952819,3.2035859,0.7766189,10.175102,4.8541946,1111.5691
3848,6.5763855,0.3665316,0.4479689,3.820809,0.05743335,25.306183,32.202988,0.99859434,3.4636407,0.7205408,9.367269,5.8970003,1279.8544
3849,9.301539,0.49382967,0.08697273,2.62585,0.084351234,10.242542,59.48628,0.9978769,3.44988,0.8127066,9.525862,5.090592,557.4534
3850,6.655743,0.41101435,0.33054626,3.7560337,0.12256612,13.754213,18.430662,0.9984324,3.4659355,0.7340865,9.477072,6.084076,1188.1837
3851,9.079478,0.67426157,0.19422717,1.4361275,0.122306526,22.951513,75.99545,0.9952076,3.1705337,0.74575335,11.087921,4.9151244,1185.378
3852,7.437353,0.4756072,0.44969437,3.8050413,0.081963405,5.799942,23.003149,0.9985401,3.372823,0.626904,10.385143,5.8370647,1076.3899
3853,7.9361944,0.6216874,0.30831832,1.5200974,0.110241346,23.692642,70.80518,0.99479526,3.1630838,0.60894287,11.50169,4.849768,474.80008
3854,6.6437507,0.6366314,0.4502626,3.766701,0.11719801,25.128803,19.56172,0.99849373,3.2134187,0.50703436,10.614217,6.09807,1238.0427
3855,7.577102,0.4139509,0.41958562,2.1963894,0.11240749,11.6177025,46.1183,0.9966604,3.4222674,0.7510488,11.301359,5.093247,772.2739
3856,6.6376953,0.43357283,0.37768087,2.0131035,0.13324802,24.943933,15.396965,0.99489564,3.1847239,0.65976167,11.452635,5.4893527,370.4402
3857,6.616933,0.3789212,0.45814118,3.5250392,0.13002728,22.174324,14.726938,0.9966762,3.3894053,0.5444666,9.882658,5.775733,1180.7347
3858,7.469503,0.7041923,0.40867737,3.3371854,0.12284591,25.283976,32.99814,0.99498576,3.3228652,0.5393814,11.502041,6.2522407,744.6203
3859,6.574593,0.64283895,0.42803094,2.3717558,0.070314184,18.58377,16.87601,0.99829245,3.1985216,0.67685515,9.394183,5.3628235,1245.1954
3860,6.928504,0.38175103,0.4162488,1.3807902,0.13105519,10.601827,70.99477,0.99494183,3.4487894,0.740964,10.977934,4.9698844,362.06412
3861,6.5870047,0.4024207,0.45827666,3.6426384,0.052644774,20.030697,20.66532,0.998589,3.4614985,0.54625756,9.981823,5.706626,1279.5596
3862,6.9963202,0.677165,0.3624511,3.764773,0.10489421,25.900806,48.215004,0.99615055,3.198161,0.6408355,10.46368,5.0004997,1070.3644
3863,7.631162,0.3914822,0.40379077,1.706568,0.13249303,6.770238,16.076344,0.9948693,3.4364638,0.52248776,9.885104,6.45222,353.92096
3864,6.569992,0.5724248,0.40428996,2.8089216,0.098228,20.882755,22.150723,0.9985412,3.310703,0.6625731,9.374755,5.100087,1252.1448
3865,6.8501496,0.6320528,0.43973333,1.2310611,0.12760505,9.66429,17.302378,0.9948372,3.1616867,0.52121156,10.598812,5.4557414,954.0646
3866,6.8600593,0.36733657,0.45711377,1.8769256,0.12540807,6.56619,20.940205,0.9971785,3.4338315,0.5229217,10.686787,6.3507266,1223.8192
3867,6.628351,0.35285452,0.44741374,3.774218,0.08744172,11.143347,14.166582,0.99859554,3.448911,0.5105523,9.375973,6.4568734,1277.5299
3868,7.051373,0.5010681,0.24395634,3.5800383,0.10987445,12.427836,77.43646,0.9971677,3.4433234,0.7628806,11.288785,5.02618,517.81696
3869,7.4242105,0.51736385,0.420068,1.2969596,0.12161035,25.875666,49.33362,0.9957985,3.1905208,0.6508299,11.434267,4.864825,927.6003
3870,8.938791,0.5856787,0.42291483,2.2530487,0.044074968,25.798548,46.40267,0.997087,3.1927156,0.54616666,11.465334,4.8443146,1184.08
3871,7.2113976,0.5777939,0.41556233,3.4892044,0.08019683,13.231491,40.820877,0.9952733,3.260556,0.5441541,11.355022,5.259845,776.75574
3872,6.8987117,0.3618639,0.3334813,3.8113132,0.05511751,25.17122,44.378273,0.9985955,3.4616446,0.70260125,9.365119,4.898115,1279.373
3873,7.576405,0.441075,0.35492337,3.3844738,0.07755983,25.758245,76.72453,0.99672586,3.2843647,0.7876543,9.573734,4.843112,478.4123
3874,8.089132,0.70650256,0.38068822,3.456925,0.09321601,25.889343,73.450226,0.9951787,3.215463,0.7143368,11.435444,5.008439,633.21545
3875,6.94185,0.69431865,0.38915575,3.5972583,0.1269078,25.930372,39.438095,0.9958612,3.167235,0.7867743,11.471702,4.922551,575.1406
3876,9.790424,0.54518664,0.10139564,1.264181,0.11119792,25.723782,76.89352,0.9984975,3.376832,0.7461675,9.415043,4.8898015,1015.9116
3877,8.117223,0.43142104,0.36951554,1.5809661,0.08383508,17.165066,68.19173,0.9981411,3.4545453,0.67668664,10.795578,4.9651794,939.6218
3878,9.9179945,0.69599193,0.082210004,1.2421625,0.04368744,25.215242,77.67831,0.9981801,3.455786,0.8204834,10.362887,4.8467374,732.3469
3879,7.0939307,0.5419566,0.32725453,1.8329384,0.08533536,19.792429,17.365377,0.9959857,3.285426,0.6873519,11.086823,5.068791,939.17236
3880,7.086701,0.60135186,0.24308272,2.3803575,0.12954429,16.335894,30.64145,0.99801445,3.42698,0.53775144,10.618039,6.105818,1068.5942
3881,7.5529046,0.6916583,0.34312695,1.3695046,0.054152235,23.953053,58.915955,0.9950333,3.1654882,0.67735654,10.749905,4.8529863,456.50824
3882,7.522124,0.41436237,0.44795367,3.7192934,0.10042793,18.470705,29.011688,0.9979072,3.4611185,0.5418919,9.974804,6.168374,775.07324
3883,9.36171,0.5738284,0.43437567,1.2439153,0.1258539,25.886425,19.553003,0.99508095,3.2538917,0.5450684,11.501809,4.943858,646.62115
3884,6.890194,0.42604846,0.45506462,3.706077,0.116292514,25.820013,27.65312,0.99826056,3.4121044,0.5287765,9.673925,5.3143373,640.0031
3885,7.8324656,0.70951194,0.1530672,1.270621,0.09915931,25.462177,63.847702,0.995066,3.1725686,0.8142224,11.490883,4.84338,1105.1453
3886,8.267094,0.5723189,0.44970405,1.2627426,0.13089643,18.986063,17.330055,0.99477077,3.1724122,0.51124537,11.481838,5.013453,355.9218
3887,8.536019,0.6471849,0.3701176,3.802301,0.10487304,6.664963,74.29892,0.99767286,3.454874,0.7695058,10.886331,5.4476776,952.15717
3888,9.7198715,0.53313816,0.11055878,1.2272971,0.043864936,19.730225,77.304634,0.99503994,3.1813884,0.7267155,11.22105,4.8385143,586.34216
3889,7.9809227,0.45649204,0.33930543,3.3923824,0.08064347,9.761401,15.775005,0.99855965,3.4503708,0.575445,9.569487,5.797665,1182.9944
3890,6.5745726,0.5055468,0.45671538,2.3339884,0.113123305,21.555635,26.513605,0.9983632,3.332578,0.52302665,11.482612,5.823721,1248.8722
3891,6.571709,0.3621254,0.44272128,3.8001866,0.13037404,24.952702,13.984467,0.99850774,3.3868272,0.5556256,9.385045,6.376903,1216.839
3892,6.867132,0.4360286,0.17665115,1.2530723,0.13185124,9.511704,47.513176,0.99762785,3.4560559,0.7268853,9.402918,5.1324415,1242.2399
3893,7.407439,0.39075994,0.40473586,1.4266034,0.07980321,21.162182,60.733624,0.996572,3.3966162,0.7950867,10.7894945,4.8723335,1070.5546
3894,9.071689,0.4504664,0.30053282,2.8824627,0.1146069,10.945017,61.842487,0.9970663,3.4600205,0.7334544,11.226924,5.914052,1053.0585
3895,6.929162,0.4015699,0.43260047,1.567526,0.13016693,18.63941,14.528128,0.99478614,3.2023609,0.6353153,11.453873,4.9512625,394.29398
3896,7.8920135,0.5387011,0.4465857,1.6357412,0.10753113,25.839773,14.771002,0.9947995,3.2116668,0.5150054,11.383048,5.0156374,397.76028
3897,6.839534,0.44460946,0.38577807,1.2720885,0.11081719,20.910791,14.791903,0.99483085,3.168482,0.6604513,11.492851,4.9586444,1040.2808
3898,6.649293,0.35251194,0.41718504,1.4944482,0.092247926,6.506627,18.720858,0.9951511,3.4662673,0.53939426,9.381047,5.9361186,1052.2877
3899,9.089778,0.70227474,0.2719518,2.278257,0.05107109,6.826479,35.421303,0.99743915,3.4234369,0.7109222,10.332462,5.344913,819.7455
3900,9.411018,0.7094351,0.17892528,1.8743964,0.067144334,24.303339,77.14981,0.9952736,3.1758535,0.79938304,11.306815,4.8908515,793.2978
3901,8.358415,0.70840406,0.31688246,1.4285222,0.073557116,22.990715,72.0279,0.9985515,3.4357758,0.62645155,10.471955,4.9516644,1042.6455
3902,6.7111917,0.60837007,0.4478457,2.357885,0.103547886,18.89502,18.345837,0.99492484,3.2229464,0.6561047,10.6371155,4.926641,790.7203
3903,8.49842,0.36954787,0.16676846,3.274418,0.125724,6.4600573,76.342125,0.9984795,3.4643378,0.73429394,9.421454,5.4007425,1125.3583
3904,8.323427,0.3531187,0.4481447,3.531117,0.11552611,18.672401,34.899384,0.9983897,3.4561636,0.7747581,11.450646,5.2303658,1192.757
3905,7.228624,0.57108134,0.45013878,3.485392,0.09090488,25.60195,16.724073,0.998547,3.33143,0.49217167,10.07873,6.3772216,1273.4828
3906,7.1791663,0.4493306,0.44322485,2.3194587,0.07366587,23.210394,24.616747,0.9969657,3.3601933,0.6724674,10.126189,5.059197,486.5912
3907,6.6740856,0.3537015,0.1511908,1.2773349,0.13327393,8.002879,77.06316,0.9978284,3.4666092,0.7760627,9.395076,4.8550677,1032.4182
3908,9.848118,0.636748,0.088296354,2.0764887,0.111932665,16.798794,65.77777,0.99526715,3.3920126,0.7356432,11.0288105,5.081046,517.5754
3909,9.55547,0.45675436,0.19175313,1.5372118,0.1074561,23.79991,66.99907,0.99569726,3.2186916,0.6515261,11.320447,4.875775,761.1854
3910,9.191114,0.7080109,0.09713888,2.2079883,0.04563347,14.061061,59.349644,0.995439,3.1735625,0.8007678,10.747424,4.8599606,357.23898
3911,7.3841586,0.57699776,0.43815693,2.6670516,0.12543698,24.92294,50.55893,0.99794495,3.4315338,0.6588256,11.463793,4.8421555,1116.7461
3912,7.6811132,0.4928283,0.15514036,1.6258283,0.13222933,25.476643,75.83595,0.9984717,3.4528913,0.7856349,9.631928,4.8776445,1247.4327
3913,8.440209,0.6764798,0.45266095,2.8336976,0.08983139,15.788542,27.570845,0.99575716,3.283962,0.58418167,11.490079,4.902532,790.40625
3914,6.7292156,0.35867864,0.45970446,3.7481947,0.056820925,9.882164,14.017813,0.99856454,3.404996,0.5453123,9.415213,6.1226883,1250.5634
3915,7.244808,0.3962815,0.3085114,2.379968,0.09664709,21.216505,66.69868,0.99790376,3.4472754,0.777753,9.477416,5.208083,1195.7264
3916,7.9954453,0.37302914,0.4604728,1.2376806,0.067942545,25.930613,57.7736,0.9948147,3.1714365,0.684748,11.4668045,4.852126,374.61578
3917,8.723178,0.6957988,0.119816944,1.2856834,0.1226186,25.925838,73.7402,0.996333,3.1967304,0.8088594,10.856298,4.8471127,668.95953
3918,9.81013,0.7089575,0.07569122,1.2362037,0.11369069,18.322598,77.71466,0.9948917,3.3696797,0.8162856,10.110363,4.842364,394.0172
3919,6.6362414,0.6706512,0.4256846,3.80465,0.0767346,19.801212,21.437132,0.99851894,3.4596171,0.76976764,9.533013,5.2511196,1266.5137
3920,7.857983,0.49145797,0.31656167,2.3869724,0.095258646,25.002705,68.82443,0.9952959,3.2791004,0.80505896,11.403557,4.8792357,771.81915
3921,8.159413,0.6468323,0.43427438,1.6007475,0.09856451,25.368788,28.53313,0.99489546,3.1722465,0.5375027,11.070087,4.8876314,934.8523
3922,8.612465,0.47674513,0.3138951,1.6289814,0.1251763,21.97172,66.42553,0.9948524,3.4091535,0.76901704,11.335881,4.95326,530.1435
3923,8.330973,0.62048846,0.25467622,1.5032938,0.10534622,16.596298,74.16944,0.99505556,3.1852627,0.5862897,11.483756,4.849698,1204.2479
3924,7.438919,0.7043609,0.33921927,3.4361098,0.05460469,22.373442,59.717415,0.9970953,3.1675346,0.6096345,11.493486,4.8569646,886.39667
3925,6.6261873,0.39094794,0.4598636,3.8240821,0.056341488,9.065795,16.984226,0.9985955,3.4670055,0.586749,9.369263,6.4709325,1279.0144
3926,8.946902,0.4304497,0.4161181,3.6933582,0.059649654,10.356865,26.315716,0.99813837,3.4326417,0.7365179,10.660773,5.2751036,518.2032
3927,6.6500535,0.3775709,0.46034318,3.1299858,0.09262365,25.905037,15.910536,0.9978666,3.1958427,0.5138431,11.409004,5.0443277,845.64264
3928,8.174822,0.68144023,0.20890225,2.6292124,0.13141172,17.30404,35.569557,0.99518645,3.1815858,0.73531544,11.230713,5.210673,534.46375
3929,8.556791,0.66619277,0.16733256,1.3028355,0.07269072,5.571083,77.19236,0.9953162,3.4409244,0.7811497,10.117236,4.880172,531.0879
3930,9.586558,0.6605509,0.4004482,2.028314,0.08152999,21.842878,77.49906,0.9953788,3.4393659,0.63583666,11.482104,4.841717,464.3824
3931,6.9406667,0.6552864,0.39378637,1.2602544,0.11194471,25.773539,15.085272,0.9950918,3.1621277,0.5700448,11.511404,4.8436613,711.7378
3932,9.303766,0.35293633,0.44970712,1.2711542,0.115747705,24.040329,14.199938,0.99579537,3.2741349,0.49882683,11.292908,5.4373193,1145.6879
3933,6.6483173,0.47591606,0.45486206,1.6030833,0.05349303,5.976287,61.576508,0.99846387,3.4534578,0.7354591,9.436566,5.0790534,1198.9554
3934,7.7037983,0.6598896,0.20163012,1.2409437,0.13048145,13.082347,57.171627,0.99478847,3.2815888,0.73992777,11.001305,5.2057886,420.73987
3935,7.266356,0.47684896,0.11243771,2.8058865,0.13183571,21.420244,75.46898,0.9966134,3.4651024,0.8202331,9.925777,4.899875,465.40503
3936,6.6160693,0.48824713,0.43508443,3.7,0.12917556,25.646152,16.266523,0.9969273,3.206819,0.6316067,10.833186,6.088023,708.48096
3937,6.734495,0.38626477,0.45250392,3.477771,0.12388538,5.8703537,57.84865,0.99849606,3.421005,0.6038672,10.930368,6.0618052,1215.6698
3938,6.591623,0.4962244,0.46028495,3.809481,0.118755884,20.842585,13.959499,0.99858636,3.465102,0.49327916,10.108177,6.453604,1279.9293
3939,6.8420343,0.5000611,0.45327967,3.7510343,0.117265634,25.842054,77.196236,0.9982859,3.4489844,0.7007018,11.21103,4.866227,945.1392
3940,6.95371,0.37646118,0.45976672,1.4463372,0.1297754,7.073123,18.597303,0.99483365,3.4308908,0.5283828,11.433664,6.1734486,398.0837
3941,9.264314,0.68595177,0.23250109,1.8801128,0.051028024,12.957808,75.21812,0.9955227,3.1723146,0.78713197,11.0857935,4.8492837,917.0803
3942,7.33475,0.47725326,0.16302763,1.9393181,0.13278922,24.493887,63.218285,0.9966002,3.1747553,0.7663392,11.471021,5.006567,870.88135
3943,8.704964,0.47804642,0.19108386,3.1850786,0.12122879,21.859568,77.19609,0.9984129,3.453245,0.815924,9.636917,4.966225,1068.6503
3944,7.164284,0.39115113,0.45292684,1.9407125,0.12691042,20.022823,27.560335,0.9955419,3.370124,0.6120141,11.316022,5.453676,852.6046
3945,9.824367,0.6871659,0.07245785,1.218061,0.058541488,8.244641,77.581696,0.99798304,3.46485,0.8211804,9.390101,4.845592,604.91864
3946,7.391742,0.5683486,0.3336352,3.354909,0.048713617,19.16491,30.730846,0.99699897,3.419922,0.7502347,10.461858,5.7068253,627.40875
3947,6.847181,0.5059761,0.459803,2.151557,0.117460236,13.318795,13.994223,0.9950772,3.3158886,0.5229302,11.503288,5.8904796,1029.9485
3948,7.5049653,0.46687186,0.23326866,3.3497899,0.12628137,9.209909,64.161316,0.995069,3.4612784,0.73431826,10.687113,5.130619,481.41595
3949,9.680401,0.5715213,0.24483196,1.3145198,0.13241334,6.435628,52.97131,0.99510074,3.2097063,0.5953609,10.738721,4.9693656,719.529
3950,6.6204805,0.3541068,0.45640218,3.80102,0.1097578,25.174107,14.907223,0.9985884,3.2166195,0.5009419,9.391857,6.057798,1265.6637
3951,9.36347,0.5989689,0.2882366,1.7619201,0.081065856,25.772131,70.88997,0.99537224,3.2526813,0.777921,11.3176155,4.845065,1082.4868
3952,8.716235,0.6584011,0.08115362,1.247059,0.12420665,25.632477,75.26048,0.9949037,3.164368,0.8110236,11.390406,4.8721004,802.5124
3953,8.524647,0.370582,0.3498423,3.6769989,0.11191823,5.685816,73.16612,0.9974503,3.424936,0.7238229,11.443465,4.977031,790.7952
3954,7.545328,0.36623368,0.45414025,3.7833378,0.092670366,24.91629,14.331413,0.99844843,3.4170468,0.4950327,9.742047,5.313704,1230.2308
3955,6.5860953,0.3537299,0.40587816,1.7990818,0.13279615,24.85214,14.580612,0.9968094,3.4179182,0.5137114,9.366012,6.3711133,1268.4491
3956,9.925887,0.7041215,0.24618687,1.2388555,0.088073835,11.705438,67.25348,0.9957583,3.3475883,0.7444023,11.140682,4.878019,825.9674
3957,6.6602354,0.5716883,0.4594795,3.387918,0.09977633,18.136948,14.451582,0.9979962,3.175813,0.4921078,11.336437,5.3295097,1174.4749
3958,7.791662,0.5569856,0.42756,3.652449,0.06421789,14.04318,52.444084,0.99841624,3.294989,0.49995363,9.549255,5.9725246,851.4215
3959,6.8676887,0.52769876,0.44606382,3.6741652,0.049003005,5.70862,14.102762,0.99705213,3.3571303,0.5380069,10.428245,6.128205,1041.9674
3960,7.248671,0.41551226,0.44064483,3.8195274,0.061153427,5.7808895,76.34625,0.9985567,3.4664054,0.6938462,9.464438,5.582075,1213.3639
3961,8.538166,0.36626616,0.44666156,1.4128245,0.12234998,12.725295,75.53917,0.99691314,3.4609783,0.6526896,9.37822,4.915004,665.757
3962,6.773291,0.698511,0.44091627,3.5466616,0.070703365,9.08531,56.817352,0.9985918,3.4537678,0.56204164,9.390156,5.767789,1265.222
3963,7.2294,0.3635267,0.41885367,1.2636794,0.087306395,13.556179,28.429108,0.9968703,3.3155854,0.53076965,10.9616165,6.143967,1247.0132
3964,7.2845626,0.68340266,0.4538184,3.7549887,0.09453355,25.904379,54.594105,0.9977506,3.2912261,0.6737175,11.501993,4.8640265,674.4146
3965,6.6275034,0.6797549,0.2774307,3.8198879,0.06896594,25.653124,63.07296,0.99858093,3.1618521,0.60628825,10.917634,4.9118433,908.03296
3966,6.7180934,0.6179865,0.31857857,3.605424,0.09424259,25.762266,21.398405,0.99756145,3.163477,0.5292225,10.953603,4.9023137,1227.1555
3967,6.563007,0.41651684,0.46020487,3.8227084,0.041084696,5.642288,14.320927,0.99859506,3.4533827,0.50301975,9.746165,6.0192704,1278.709
3968,6.696145,0.43737146,0.1726183,3.4964907,0.109226145,7.7265153,62.812466,0.99853104,3.414523,0.80412126,9.400253,5.7604876,1265.4159
3969,8.1888895,0.5982572,0.40802753,2.560187,0.12114506,25.366327,25.685871,0.9961539,3.1731186,0.5587651,10.369094,4.8821435,1020.3836
3970,7.100281,0.65700865,0.4354627,1.3068479,0.124823496,24.4506,15.525785,0.99498314,3.1616101,0.5049478,11.496744,4.900966,996.474
3971,6.883298,0.6923762,0.35776877,3.5359812,0.06377818,15.544708,60.47602,0.9977807,3.4411716,0.8034563,10.3994055,4.860073,1178.2931
3972,6.715518,0.35384542,0.45919213,3.6843836,0.13122801,21.045803,15.788626,0.99733543,3.4525425,0.6523197,10.389029,6.0412145,980.14984
3973,8.944492,0.6842947,0.30320317,3.6556504,0.12993729,24.69047,63.322037,0.9954023,3.1657624,0.67593247,11.461553,5.1639905,361.47562
3974,7.720242,0.45825073,0.43104386,3.0505924,0.111552104,7.368223,33.0812,0.9984179,3.3404434,0.6525143,11.419996,5.9154177,950.2875
3975,9.170556,0.41362634,0.08109029,1.2185403,0.12405433,16.493656,76.80467,0.99484444,3.1624959,0.7671505,11.291054,4.845949,976.8538
3976,7.812165,0.61095494,0.3111062,1.454515,0.081786856,14.142836,68.82373,0.994799,3.2837696,0.72857124,10.344817,4.9901023,382.87607
3977,9.505498,0.38034573,0.14203888,3.2564511,0.0690208,24.784922,72.934654,0.99853444,3.3761551,0.7772722,9.41793,4.8490334,1060.5984
3978,9.650308,0.6765926,0.14408448,1.2869768,0.051503845,25.72514,71.82359,0.9960405,3.2529538,0.7859057,10.855691,4.848494,734.6959
3979,6.914602,0.5899124,0.447852,3.12708,0.11108013,25.74921,55.818905,0.9964864,3.4201393,0.6328325,10.810731,4.8889375,891.6969
3980,6.7198124,0.4468423,0.42300674,3.5526896,0.11873281,18.889412,27.871044,0.9983465,3.3229465,0.5292314,10.133061,5.9436846,897.32
3981,6.734299,0.5259174,0.42623758,2.9645414,0.076026805,7.3518105,40.333187,0.99818844,3.4453306,0.7570095,9.631919,6.078919,1044.5942
3982,6.662671,0.356379,0.4601822,3.7779946,0.09299293,8.332554,24.993382,0.99859136,3.4598944,0.5050236,9.634737,5.980267,1268.346
3983,8.171475,0.4727278,0.27581993,1.3092285,0.1285528,12.653283,73.53681,0.9949028,3.4618392,0.7283611,11.284523,5.0194345,460.30496
3984,6.6972013,0.4403505,0.30057296,3.0846112,0.096322216,10.048334,70.37473,0.99851024,3.4213963,0.80858976,9.384854,4.954671,1175.2014
3985,6.836416,0.40942046,0.4241933,2.0581384,0.08183124,25.138115,15.729227,0.9969916,3.187001,0.5928362,11.43838,5.1771455,1142.6047
3986,8.39206,0.36473045,0.40817437,3.4370604,0.12692083,21.174345,30.66314,0.9960665,3.3606923,0.65414286,11.259583,5.459483,496.94833
3987,6.9477034,0.35405275,0.4595647,2.758176,0.12865028,24.218376,22.194155,0.9970666,3.4123673,0.5210126,10.821001,6.1187215,1206.9948
3988,9.100326,0.6965745,0.09242481,1.2455124,0.083531305,6.5002003,77.622894,0.9949656,3.263701,0.8197267,10.015882,4.8723545,621.3096
3989,8.899952,0.38972613,0.375375,2.6105204,0.12733836,8.305081,50.352077,0.99717355,3.3579524,0.7744386,11.434673,5.1041656,712.69977
3990,7.501463,0.5385168,0.4585052,2.6628788,0.08294531,24.985447,20.203016,0.99546146,3.1946516,0.5028346,11.459934,5.0806446,416.47025
3991,7.2605357,0.5234387,0.42161098,2.5663822,0.058634184,24.918829,19.84883,0.99846286,3.448328,0.78130746,11.182192,5.4079022,845.7541
3992,9.917925,0.5326838,0.31440148,3.1167047,0.060772087,16.404501,69.58206,0.99518627,3.170071,0.8029129,11.20659,4.9481225,537.90906
3993,8.523973,0.70427287,0.17715846,1.2714307,0.05342643,21.827244,75.47229,0.9984894,3.2945766,0.7590447,10.566602,4.9726515,1244.2023
3994,6.7365613,0.6794711,0.43504128,3.081813,0.09509887,19.538445,30.530203,0.9964898,3.3862734,0.5646318,10.153298,5.1621723,714.16003
3995,9.917201,0.5822663,0.2948952,1.3135737,0.088022545,10.356926,77.694016,0.99498963,3.2113702,0.6216007,11.173614,4.839458,1236.6108
3996,9.867253,0.45963198,0.14002235,1.2617489,0.1298357,6.2126465,77.57244,0.9951523,3.4031606,0.8141355,10.499817,4.845853,485.8183
3997,7.0205855,0.52297115,0.45867234,3.048405,0.078278996,25.89638,14.778687,0.9948658,3.1615884,0.52442455,11.496297,4.9439464,430.2764
3998,9.650585,0.64251196,0.09714933,1.5320238,0.0837491,21.011435,77.232185,0.9969271,3.3474624,0.81937677,10.046152,4.8840194,357.5221
3999,6.9006014,0.39877883,0.45434296,3.321932,0.0886392,19.966673,29.69729,0.99774444,3.3155184,0.55544907,11.238683,4.995253,671.66174
