fixed acidity,volatile acidity,citric acid,residual sugar,chlorides,free sulfur dioxide,total sulfur dioxide,density,pH,sulphates,alcohol,quality,Id
7.982366,0.5374029,0.19167641,2.2670567,0.08096908,11.277706,32.605366,0.996665,3.3018064,0.5976652,9.995799,5.4796224,965.4792
8.228666,0.34987456,0.38486442,2.359009,0.07739788,18.528326,37.66674,0.99553496,3.3027818,0.72137856,11.396391,6.4388437,1052.5085
8.165504,0.5776664,0.24049784,2.3005195,0.0868034,21.222069,83.10447,0.99710965,3.278509,0.58990985,9.521494,5.2536983,548.4999
7.1645536,0.34216222,0.34438702,1.8803558,0.065065645,32.06279,84.05291,0.99355274,3.2963765,0.6435664,11.729606,6.40084,1100.0114
7.8995476,0.53126806,0.1727747,2.2377725,0.0803722,8.668284,22.920765,0.9962079,3.3001525,0.5861146,10.28175,5.5215816,1144.631
9.836946,0.35134637,0.5104625,2.6136718,0.08207151,6.9858747,19.294275,0.9964105,3.2071552,0.67603666,11.57981,6.574883,900.42114
11.228604,0.44525066,0.50298584,2.4712822,0.087230325,12.065276,35.06918,0.99911225,3.1579607,0.64900184,10.118148,5.5123115,528.9372
7.9040685,0.51941556,0.2372261,2.3508732,0.08448619,22.440023,68.367905,0.9970898,3.327421,0.6119407,9.841981,5.405112,837.22534
10.261357,0.35947186,0.5136504,2.4907362,0.080805235,6.1511207,20.377007,0.9968062,3.17385,0.6580774,11.240785,6.4529643,858.6099
7.770534,0.5545712,0.18171148,2.280955,0.083126545,16.845795,54.23364,0.9971691,3.3440993,0.61653227,9.761248,5.388124,636.2129
8.337775,0.3731045,0.37913167,2.2952974,0.080710314,12.023643,27.654722,0.9958348,3.3024087,0.6870546,11.21546,6.2940392,993.2039
5.628102,0.41830057,0.1513737,1.8682573,0.051943637,20.00057,65.24484,0.9920832,3.5920286,0.740397,13.369044,6.8356075,826.0731
9.799135,0.34845164,0.48873657,2.3948507,0.08096273,8.829651,21.234617,0.9965821,3.231917,0.7840985,11.470296,6.8198013,752.54395
11.27232,0.41983193,0.5169334,2.456215,0.08970171,12.396451,37.328766,0.9990386,3.1567335,0.68885857,10.183248,5.728459,573.9231
13.199345,0.43120617,0.61347044,2.9559064,0.08763978,11.841029,35.106907,1.0004618,3.0811362,0.78640467,10.755559,6.3194914,363.20334
7.5603905,0.57704294,0.14085525,2.2391202,0.08585976,10.940411,34.027935,0.9967498,3.3463128,0.6230314,9.892253,5.547123,720.94354
10.931661,0.52104807,0.38887134,2.280666,0.084685914,6.0058694,21.71765,0.99892217,3.1304324,0.6024578,9.393653,5.1457734,274.73184
9.847708,0.6023601,0.34670278,2.5309117,0.087441996,12.619064,51.3161,0.9986717,3.19165,0.57673997,9.476568,4.783595,406.9417
10.215487,0.33349398,0.5276063,2.3873992,0.07897935,7.0288634,20.659023,0.996673,3.1972303,0.7410344,11.462629,6.761196,766.3045
8.794667,0.37984967,0.37260398,2.3155682,0.08602181,16.093094,41.06578,0.99720234,3.2964597,0.76306623,10.38696,6.111894,818.02124
7.853407,0.4767484,0.34549,4.2820945,0.07423651,29.702238,109.0145,0.99746305,3.337845,0.6760598,10.350401,5.490871,745.931
7.516922,0.43950966,0.25715426,2.1897936,0.076702245,10.239701,25.472471,0.99490374,3.344489,0.6401053,11.300774,6.1669154,1195.8534
7.434878,0.5101777,0.18897879,2.2023296,0.076356046,22.98153,52.749977,0.9962896,3.380169,0.6383788,10.220782,5.6485567,1048.0541
8.228979,0.5681303,0.20171838,2.225927,0.08176061,9.232207,31.311947,0.9970124,3.2669415,0.59098494,9.833494,5.316081,714.8889
8.350816,0.63274723,0.14785792,2.3829546,0.09103144,5.6814914,34.013996,0.9973795,3.2975338,0.61468554,9.405918,5.308181,119.11928
10.696684,0.395249,0.48772296,2.4215307,0.08907845,12.556623,34.123383,0.9985318,3.201734,0.74654055,10.466255,6.0970626,625.3899
8.096514,0.6455266,0.14579104,2.3178859,0.08489112,10.481699,37.924942,0.9972145,3.3187351,0.59841484,9.627092,5.293953,408.95157
8.013248,0.59416646,0.18831423,2.308366,0.09009992,13.116612,55.99703,0.99722093,3.3172226,0.64173377,9.635404,5.385202,316.7253
6.867615,0.6476728,0.051910166,2.2563787,0.07505852,10.164864,21.928015,0.99543065,3.431306,0.5791131,10.800982,5.5119443,1222.6068
7.8245225,0.40605953,0.30226147,2.3299563,0.077715725,12.173083,28.1578,0.99573404,3.3398178,0.65450287,11.203225,6.1129365,1051.2404
7.6667905,0.88688,0.071963996,2.4776103,0.0826617,8.474345,28.226877,0.9968953,3.434402,0.53313893,10.097714,4.706836,546.4762
8.303631,0.48255318,0.25411725,2.2016647,0.079557955,10.713113,31.079344,0.9968844,3.3073819,0.65611637,10.137771,5.7049704,736.2542
6.9680614,0.5737883,0.10020733,2.1940126,0.07509896,11.682635,26.609703,0.99534684,3.4140894,0.6079621,10.80411,5.743054,1209.4076
8.338462,0.5396712,0.26423797,2.3107266,0.08603038,15.225561,55.725483,0.99764985,3.3079765,0.6319474,9.799954,5.338442,535.27075
6.4357777,0.43035996,0.23799373,1.9388343,0.052714713,9.024681,28.948792,0.991686,3.4267745,0.64782655,13.530143,6.9102407,1193.7521
7.9554987,0.6327751,0.14422257,2.3718102,0.08220386,11.825633,43.205605,0.99705094,3.312828,0.6034412,9.625112,5.301746,563.03265
7.826827,0.5356935,0.20769411,2.3432238,0.084893,15.191386,47.724968,0.99720746,3.336954,0.6299674,9.88228,5.4478784,753.15405
7.5293646,0.4681159,0.20845273,2.2290795,0.08050099,20.538408,45.48854,0.9965166,3.3963945,0.70331216,10.270839,5.8867464,926.2946
7.9539924,0.36026686,0.4085206,2.851398,0.06468425,38.84382,135.91718,0.99516296,3.200272,0.7079861,10.79011,5.8939333,909.6697
8.034885,0.5008265,0.2683129,2.3167045,0.0873457,28.992369,86.96703,0.99707866,3.3004847,0.5963264,9.820788,5.364519,910.5013
9.492319,0.36984974,0.42655906,2.4667437,0.08200943,14.352645,36.670464,0.9973276,3.263859,0.8393636,10.850168,6.43948,759.8284
6.8981996,0.466148,0.18794908,2.3063045,0.07668467,16.967348,37.22485,0.99485314,3.3573935,0.63234,11.2109165,6.014862,1272.2874
7.4955173,0.7643114,0.06869574,2.284872,0.08067727,7.1283984,20.18488,0.9963136,3.3797724,0.5353617,10.196512,5.013285,972.6975
7.6970773,0.6772338,0.11941931,2.2390115,0.08196986,9.675707,29.630703,0.9968858,3.3603067,0.5920758,9.895385,5.2326503,541.98737
7.4554334,0.54664123,0.14635873,2.25389,0.07947662,11.690417,29.421974,0.99604064,3.3406954,0.5975919,10.3379135,5.564585,1204.5785
7.693983,0.5956025,0.1353572,2.279347,0.08462339,11.2483835,34.601585,0.99694484,3.3519678,0.6135936,9.857636,5.464446,610.6496
9.598195,0.3463487,0.5177997,2.615573,0.07794335,8.960824,16.510872,0.9957831,3.2134826,0.7462888,12.111725,6.922279,841.0796
8.276956,0.6425019,0.13484225,2.0325863,0.07955401,4.002584,13.433688,0.9966161,3.2557735,0.53286535,9.833326,5.215279,874.04376
8.408381,0.36518064,0.39518183,2.453274,0.08036629,12.702279,28.960463,0.9956884,3.2932265,0.6920781,11.500178,6.4085417,1000.5545
7.0193133,0.57348657,0.11766523,2.2427745,0.07671983,18.66323,39.415154,0.9959058,3.435292,0.6282487,10.496299,5.764332,1080.139
7.1332126,0.7641074,0.08526395,2.3876438,0.07685674,24.716621,61.39515,0.99630034,3.4639816,0.5697957,10.278387,4.994388,948.9099
7.773276,0.81282306,0.09099156,2.4516387,0.08251806,10.988256,41.33245,0.99714047,3.4013824,0.5575259,9.836052,4.9297957,385.14316
8.99681,0.32857266,0.41904214,2.1692824,0.082351424,11.823308,32.803047,0.99682313,3.27817,0.8324923,10.702257,6.483777,820.3594
8.041494,0.48308697,0.28831416,2.4108727,0.084932275,28.055105,86.49061,0.9971466,3.3209467,0.6325968,9.874823,5.387064,794.1105
6.8331175,0.6430613,0.09656806,2.220443,0.07435276,22.463755,47.038483,0.9953988,3.48789,0.6136713,10.878686,5.6095104,1101.6744
9.26808,0.41008627,0.40148988,2.2923088,0.08279332,10.013627,28.677572,0.99711394,3.2413692,0.656393,10.502522,5.8744407,859.39746
8.222628,0.42380255,0.2846116,2.2293708,0.08578222,12.02679,36.790627,0.99696225,3.3328125,0.74063927,10.192936,6.041763,702.3731
8.234985,0.5853478,0.25007328,2.3220854,0.09037423,25.954002,96.74724,0.99717236,3.250327,0.55345494,9.537647,5.1558394,680.85126
11.122101,0.36628553,0.49458155,2.2202003,0.07932884,5.6297326,21.616179,0.9977437,3.1023488,0.65005636,10.396046,6.0964904,807.10254
12.224793,0.4470233,0.55919355,2.901884,0.093664974,12.084434,37.618538,0.9999937,3.1162758,0.7782105,10.463085,5.9477167,453.04904
7.830964,0.56268406,0.17073224,2.215617,0.0875509,12.395861,43.58136,0.9972065,3.3433573,0.6334897,9.757187,5.4856954,456.8741
7.427231,0.46373907,0.20819469,2.3636,0.07386407,10.226215,26.97528,0.99547285,3.3363686,0.5851582,10.985234,5.827672,1243.9792
8.830655,0.5024153,0.3039406,2.3757992,0.08892907,14.083479,48.247673,0.9978695,3.2844262,0.6508906,9.772756,5.4752183,490.15964
9.647207,0.33881822,0.46445534,2.1984248,0.08682829,8.789124,23.069675,0.9969235,3.2286167,0.78742164,10.786717,6.532113,778.235
10.559667,0.3189665,0.5712158,2.3800592,0.07092135,7.304894,16.160288,0.99646866,3.1882823,0.8602347,12.11108,7.331975,585.4981
8.6794195,0.34536624,0.44533753,2.2717566,0.06792838,5.720942,17.326649,0.9946859,3.251957,0.64658415,11.994296,6.5694814,1105.8807
7.0227203,0.59124005,0.08900905,2.2773147,0.08012299,13.19857,32.452145,0.9960973,3.4460344,0.6346904,10.442863,5.7493887,907.91766
7.6826468,1.005418,0.062402237,2.4339137,0.08355971,4.7851596,13.551055,0.9964945,3.4323347,0.49331364,10.336075,4.3464737,705.8198
8.672351,0.3381438,0.40995649,2.08604,0.07660129,9.031123,23.669289,0.9956234,3.2727513,0.7121232,11.250455,6.4914417,987.6318
7.710764,0.55391717,0.17563449,2.340853,0.08259828,16.470917,47.827232,0.99709785,3.3664057,0.62529594,9.812478,5.483678,719.5627
8.028993,0.4046045,0.30621532,2.282923,0.07653281,8.947786,25.260746,0.99544376,3.2968366,0.62727916,11.079648,6.0588727,1151.3269
7.0029917,0.7618892,0.076668456,2.4340417,0.074250594,23.913998,57.04052,0.99580544,3.4505346,0.5554329,10.484931,5.0867515,1188.5433
13.612745,0.3763636,0.62091523,2.1429915,0.07607956,6.077707,22.287073,0.99953616,2.9765062,0.6829212,9.959518,6.170366,441.39294
7.433316,0.602103,0.11543086,2.2889686,0.08111096,13.867359,33.393112,0.99640626,3.379019,0.6043796,10.1729555,5.474227,902.2646
10.349541,0.46929714,0.45796245,5.0796294,0.08413121,14.642942,54.616817,0.99958295,3.2422335,0.7184341,10.844671,5.8477283,556.26385
11.506792,0.3754976,0.53682435,2.4805305,0.089071274,11.272557,35.077686,0.9989721,3.1551158,0.8838997,10.5838585,6.464114,443.77997
9.354995,0.46056643,0.4295663,6.8289237,0.08785289,24.530088,84.13565,0.99952585,3.265828,0.8684218,10.4172945,5.7936044,596.0471
7.6884556,0.46461248,0.22001395,2.1783586,0.07821987,12.361636,31.58053,0.9960973,3.3558428,0.66556025,10.477826,5.987626,977.9735
10.539098,0.49684164,0.42707926,2.3767798,0.117491424,11.016083,38.556854,0.99896646,3.169711,0.6593746,9.730766,5.1689854,474.44827
7.740759,0.42467138,0.2833634,2.0516758,0.07238721,27.96305,63.35412,0.9961862,3.3109775,0.67700946,10.375094,5.727112,1144.5532
8.1770935,0.5925577,0.21712965,2.4115593,0.086997345,16.385962,62.19969,0.9973123,3.297831,0.60693103,9.613252,5.2817802,533.30365
7.1024547,0.57487154,0.12140548,2.0461245,0.08083261,14.156774,29.56845,0.995717,3.400647,0.619707,10.535789,5.7166142,1117.4093
7.658052,0.41534874,0.26752597,2.290161,0.07710568,13.432971,32.34957,0.9954751,3.3305767,0.63807005,11.026012,6.040182,1140.3961
8.037714,0.5297485,0.19897449,2.1386616,0.082132235,10.156019,26.732512,0.99645597,3.2787747,0.60395503,10.050693,5.5121956,1023.362
7.182431,0.55805326,0.13885951,2.2658398,0.08002357,17.79591,39.730038,0.9961797,3.414548,0.6341243,10.320178,5.7272973,1023.9816
9.757909,0.33135396,0.5032677,2.3390326,0.08167019,12.803747,31.736082,0.9969331,3.2381458,0.82168293,11.234354,6.60047,686.93713
7.5288315,0.7074532,0.09521906,2.3348498,0.0808389,8.868871,27.077124,0.9966408,3.376173,0.57156885,10.070037,5.192941,763.4575
5.0289288,0.4380968,0.11600913,1.6909024,0.04262831,17.33741,61.60835,0.9906182,3.6410184,0.7356791,14.379592,7.093037,800.1465
7.505032,0.6546311,0.108916566,2.2077076,0.08108875,21.28611,71.56483,0.99667233,3.333251,0.5581317,9.626541,5.0892954,683.53534
7.5738144,0.5038776,0.21486531,2.1559408,0.07732304,27.386013,70.11921,0.996369,3.3337922,0.62083274,10.017264,5.471074,1118.2177
8.17619,0.5462287,0.24121255,2.3340323,0.08861131,15.779571,58.427814,0.99744713,3.2976615,0.6281064,9.682422,5.3549557,525.67993
7.2351,0.58874995,0.09490378,2.2385845,0.082662255,10.967724,28.771732,0.99631655,3.4083714,0.62051934,10.27616,5.66931,851.7255
7.1357145,0.5223699,0.15865302,2.1943853,0.072690405,26.47669,55.511158,0.9961364,3.430788,0.65035033,10.22475,5.7037945,1044.9471
7.5373487,0.6027596,0.12553936,2.2888079,0.08365862,12.698241,39.37303,0.9970931,3.3907576,0.6337236,9.825565,5.5226974,411.6748
9.6104,0.46968326,0.38581648,2.781626,0.08214247,11.946233,38.168118,0.998199,3.2471688,0.6391164,10.322618,5.548309,701.67664
7.865892,0.38307977,0.32928786,2.2066329,0.076000094,17.783506,38.36788,0.99574405,3.3436003,0.7086873,11.016241,6.2669578,1107.4229
10.241192,0.39349377,0.5045721,2.8821754,0.09047569,14.155671,39.666965,0.99822706,3.2291257,0.80177927,10.798376,6.1559258,613.1627
8.145691,0.6500948,0.23299892,2.4447663,0.08970377,31.897774,114.96093,0.9971517,3.286787,0.52036256,9.57452,5.01361,614.02435
9.96157,0.33090445,0.48805392,2.140598,0.07997543,7.8160186,24.394817,0.9966535,3.1910362,0.7147931,10.93423,6.3838153,855.8435
6.748896,0.4799587,0.18770699,2.1301293,0.07136626,23.020004,49.844166,0.9947631,3.445652,0.6662788,11.421518,6.0497103,1116.793
7.461304,0.43070313,0.27676913,1.9880776,0.06944705,35.302925,70.62615,0.9957239,3.3840744,0.7018858,10.694188,5.814625,1113.6289
9.880065,0.40191218,0.47233495,2.356252,0.078035615,7.6335106,23.129477,0.9969491,3.2132974,0.61540747,10.916004,5.9733443,846.9757
8.489616,0.6522705,0.2656894,2.4421244,0.09313402,26.600285,107.98309,0.9973607,3.2310975,0.541592,9.455215,5.021211,506.87482
7.2460146,0.5300772,0.15618339,2.1680882,0.0762051,13.784038,30.651022,0.99559814,3.4005682,0.6354233,10.739304,5.8599973,1138.3308
7.388961,0.56460404,0.13545033,2.1907938,0.08472975,12.129994,30.360428,0.9962997,3.3637462,0.6201235,10.165738,5.6603208,950.04865
10.443485,0.39313886,0.4531791,2.0884833,0.081267916,7.7266536,20.906853,0.9973523,3.1454864,0.64422214,10.291541,5.9507637,839.4077
8.115775,0.6261744,0.1506785,2.3128965,0.081836015,10.187782,35.08186,0.99713343,3.309386,0.59886724,9.676334,5.312677,496.38052
6.4162173,0.59368914,0.08418295,2.1954777,0.065255135,12.233586,27.39388,0.99406534,3.4883962,0.58180994,11.856767,5.811003,1224.8322
8.105969,0.6275865,0.14932933,2.2643151,0.0840717,10.08287,41.24411,0.997126,3.3053968,0.61043745,9.587636,5.340579,389.78485
7.934092,0.6254082,0.16735901,2.2669625,0.09031253,12.238496,56.392426,0.9971794,3.3232598,0.63010275,9.550224,5.325913,195.85371
13.032277,0.45821577,0.63423467,8.036277,0.08542013,5.377402,29.818386,1.0017104,3.1200135,0.7278453,12.102869,6.5923977,240.36305
8.216051,0.56315315,0.3205709,4.1283975,0.1272261,35.207386,109.04105,0.9984923,3.219592,1.0156704,9.707701,5.2231474,686.51263
8.217905,0.6774624,0.14726633,2.268498,0.08349245,9.813975,40.441296,0.9972889,3.3152077,0.58912635,9.565342,5.168142,222.33778
7.598331,0.5670549,0.17739277,2.1739569,0.081042774,31.719635,82.63843,0.9964607,3.3376648,0.5663283,9.895675,5.3362746,1082.8629
8.682364,0.48185787,0.31542084,2.3659477,0.09875033,15.696855,55.956985,0.9978536,3.2827015,0.7264062,9.766766,5.577663,513.06006
9.573315,0.46241236,0.38811752,2.324205,0.08413149,11.124903,36.411648,0.99791193,3.2232435,0.62234324,10.084673,5.452157,687.1317
6.7485704,0.510406,0.18202434,2.121802,0.06703452,11.897747,27.947462,0.99387246,3.4299865,0.6099845,11.926031,6.1162095,1191.5372
7.507678,0.45064363,0.22636667,2.1788807,0.078228585,20.894028,46.9818,0.9963541,3.3847842,0.71250117,10.42167,5.986991,963.0496
10.689705,0.49847782,0.41561824,2.452294,0.077304386,9.039165,31.387787,0.99878615,3.1431172,0.5731077,9.748519,5.0434713,477.29736
6.878634,0.6809766,0.09667182,2.2350972,0.07728135,17.535637,39.434654,0.9954862,3.5032864,0.6085579,10.907449,5.4881716,1061.3137
9.015198,0.51682705,0.2717111,2.2721908,0.08266096,9.986608,31.399315,0.99767154,3.2576995,0.6267561,9.741811,5.4401765,463.26202
9.038614,0.49714613,0.28746825,1.8694601,0.083443835,7.3752856,18.320126,0.9971239,3.228236,0.64206576,9.849512,5.7080317,649.68787
9.222786,0.31575474,0.50595903,2.4769332,0.06659798,8.038065,15.950652,0.99488723,3.2423487,0.77030194,12.660915,7.2764587,863.2286
8.587336,0.5476497,0.22230804,2.0425582,0.07775883,7.278502,18.939627,0.9966273,3.2475855,0.58046126,9.957633,5.470933,917.0661
7.6948566,0.58815503,0.15753445,2.2665048,0.08492754,13.293373,45.39173,0.9971793,3.3627508,0.6292459,9.77436,5.4569197,418.5757
9.318562,0.39280665,0.4090212,2.1331868,0.081040874,10.366585,27.168392,0.99693847,3.243335,0.68207955,10.484722,5.970694,820.25745
8.477911,0.76949865,0.18831523,2.5335076,0.08669414,17.36943,80.040504,0.9974635,3.2872412,0.5636617,9.398852,4.849892,118.28963
9.01674,0.36486247,0.40241054,2.038593,0.080315806,6.2707715,17.01686,0.9959799,3.223152,0.70953494,10.868898,6.3065357,998.8094
7.645955,0.59460974,0.13809234,2.1184907,0.073224396,5.7456822,14.772922,0.9954338,3.323742,0.55954903,10.5681715,5.5078483,1153.3652
7.66952,0.6614289,0.13578635,2.3502233,0.08246041,16.998476,56.936768,0.99709827,3.3803947,0.59111017,9.758941,5.2190237,503.99435
7.66893,0.6150485,0.13978216,2.4274452,0.08203699,14.613789,44.748116,0.9968047,3.3496978,0.59632653,9.911404,5.3700833,837.4882
6.9840865,0.7529521,0.082532555,2.40332,0.07588699,22.425865,52.332047,0.99575275,3.4729278,0.57682544,10.604027,5.152227,1114.6031
7.7669997,0.6970912,0.14182398,2.4314582,0.081884585,17.485247,62.139595,0.9969753,3.3554862,0.57226944,9.763147,5.0813184,604.4232
9.9482355,0.38346058,0.525808,4.1878977,0.084949814,9.584057,26.380817,0.9974399,3.2165735,0.7125817,11.756572,6.500465,740.57446
8.333656,0.55556405,0.19993743,2.0174909,0.090380885,7.2642684,25.557617,0.9972999,3.3035562,0.6497574,9.589995,5.6318913,326.41165
7.535616,0.5133623,0.19017288,2.2137344,0.08013483,24.630562,59.1943,0.9964954,3.3515913,0.62769884,10.05103,5.5410466,1046.3273
7.487797,0.65267986,0.100712985,2.3666043,0.08326839,11.024665,34.185993,0.99675983,3.3808856,0.59140277,10.01629,5.373393,778.74274
10.219781,0.45787516,0.4351929,2.4119673,0.09109712,14.577995,42.334366,0.99867207,3.2197595,0.66357625,10.069217,5.506995,551.2985
8.660473,0.43882298,0.41394514,5.2632227,0.07566073,22.298397,87.949814,0.99824727,3.3265834,0.76479256,10.810935,5.8468494,596.1677
6.478913,0.7404323,0.0616663,2.2392137,0.075712234,9.424998,25.636492,0.9945673,3.5213366,0.56127965,11.627153,5.27852,1278.4565
7.873753,0.65445274,0.119104,2.3054838,0.08003679,9.3582735,34.308914,0.9970002,3.3290496,0.58284855,9.779923,5.20043,604.6086
7.582238,0.59183365,0.16191103,2.4357047,0.07903836,17.330805,58.31753,0.9967278,3.3283498,0.5873891,9.900706,5.2893763,1008.77747
10.04201,0.4247799,0.40649498,2.2387195,0.084629826,9.219837,29.185627,0.9979625,3.1946695,0.6531816,9.977348,5.6996574,605.4796
8.190919,0.43614256,0.3015957,2.3326983,0.08495473,22.786491,63.106228,0.9975053,3.3401315,0.7392512,9.878794,5.58222,652.45123
8.83886,0.4689919,0.3114356,7.551439,0.09016947,20.847977,64.58875,0.99971247,3.2836936,0.6293903,9.875484,5.4980755,682.041
7.8849897,0.5458024,0.42025885,2.0541863,0.30464125,13.660041,59.668556,0.9967612,3.1225104,0.88169694,9.171819,5.3763814,494.25705
8.232006,0.5684443,0.24562898,2.4182224,0.08715809,24.568663,84.42264,0.99708456,3.2450411,0.56238425,9.572306,5.2315927,964.9599
9.022445,0.36412045,0.40206528,2.2196891,0.083584845,8.521144,22.74018,0.99639344,3.2381718,0.68445295,10.719706,6.183272,988.9506
7.288501,0.47361222,0.22086008,2.187826,0.07443717,13.474819,30.576805,0.9950191,3.3853695,0.6398772,11.223166,6.0832033,1186.3872
9.650485,0.30467942,0.48585954,2.1984506,0.07545797,11.534785,25.971846,0.99629146,3.2126539,0.9138876,11.876219,7.234707,705.3071
7.2966104,0.34755817,0.3760748,2.3539393,0.06570843,9.794046,19.679327,0.9933121,3.3427155,0.68177503,13.124914,6.890599,1197.5046
8.569078,0.38911298,0.4065668,2.088308,0.1626786,15.283123,56.286575,0.9971338,3.1898775,1.0204741,10.015237,6.077735,611.80115
11.606728,0.3624027,0.56047195,2.3678775,0.08551189,9.49953,25.193453,0.9983422,3.1276042,0.72154754,10.719425,6.410313,601.59467
7.1908116,0.5223106,0.1701696,2.2166066,0.0758281,21.606102,43.92342,0.9958454,3.4051645,0.64722997,10.578403,5.7747054,1164.3011
8.084947,0.58555293,0.17457816,2.24338,0.0861899,10.333772,38.928562,0.99724007,3.3114078,0.612796,9.6268835,5.3911552,376.80377
7.500325,0.4908101,0.19962217,2.2178621,0.07841728,9.7836895,25.283464,0.995404,3.3302605,0.5999399,10.788718,5.8124766,1207.1259
10.085583,0.66347694,0.35865146,2.5464568,0.0903515,13.314128,59.98461,0.9988659,3.185642,0.5805336,9.2895355,4.5923595,291.7061
6.4366465,0.680429,0.09344013,2.1359973,0.06441195,31.561451,66.75681,0.9946843,3.5432217,0.61415976,11.308225,5.4739633,1134.6532
7.4808497,0.40719178,0.28741616,2.1685896,0.07538605,14.1770735,30.536083,0.99505967,3.3637764,0.6760368,11.393309,6.2783012,1132.1519
7.2666636,0.46657526,0.21094276,2.2612345,0.076231636,22.237692,44.22932,0.9956721,3.393952,0.67040294,10.848331,5.9696774,1167.3093
8.590772,0.6239542,0.1694869,2.2034163,0.07980768,6.856302,23.783213,0.9971442,3.25578,0.55542856,9.702941,5.161812,654.4236
10.674461,0.47566774,0.43724084,2.3065953,0.10169467,10.555489,35.303623,0.9989751,3.1640213,0.656048,9.726354,5.2799,434.22513
7.781741,0.712684,0.10624367,2.3031511,0.078706756,7.399483,25.124342,0.9968101,3.3424056,0.5545964,9.914534,5.0550113,694.26776
8.8770685,0.44735125,0.3166268,2.2633872,0.111556366,10.290562,33.974506,0.9975355,3.269076,0.6953353,9.862457,5.7680693,598.15546
7.0054407,0.48845646,0.18887925,2.151855,0.06974708,24.399836,49.620922,0.99528545,3.4372995,0.67445195,11.080982,6.016132,1158.42
8.614639,0.50351876,0.311778,4.488298,0.087007694,22.274965,73.17935,0.9984445,3.2975714,0.6361395,9.876936,5.5351725,728.47644
6.7709026,0.5939998,0.08475298,2.1899867,0.07621444,10.817712,24.558681,0.9949594,3.4448965,0.60557336,11.086852,5.830237,1207.1196
7.8232226,0.62166554,0.18175735,2.448405,0.07962677,20.041636,70.20351,0.9968824,3.3150973,0.5729094,9.745791,5.15285,871.7506
7.734594,0.78179145,0.08679034,2.2677093,0.0824245,7.619162,22.8512,0.9967577,3.3817735,0.5513604,9.998072,4.994485,622.8003
7.6455297,0.37530074,0.3327126,2.179433,0.06943767,9.076833,24.64379,0.994207,3.3279915,0.6593191,11.953471,6.517938,1172.9446
7.554995,0.5147038,0.18344955,2.2505846,0.08102126,18.969282,49.27279,0.99673045,3.3648653,0.6360343,9.999141,5.5528855,867.294
8.630451,0.36244848,0.37950343,2.2292976,0.084006526,10.803847,26.244604,0.9961919,3.2900655,0.71317303,10.915999,6.3408093,963.64844
8.166595,0.58731115,0.22582552,2.4323058,0.08729861,17.962622,68.757256,0.99729687,3.2920027,0.59879476,9.605052,5.2602453,566.74286
9.24381,0.56561184,0.2520855,2.2895443,0.082239665,7.504373,26.587399,0.99770194,3.2119644,0.58162105,9.594612,5.233115,562.6865
9.763485,0.50308335,0.5393948,1.9432836,0.2773425,9.278119,33.110847,0.99819213,3.1198652,0.86230576,9.466894,5.3962226,537.89056
9.995474,0.3941925,0.44549447,2.1692784,0.07980896,8.430946,23.677458,0.99708515,3.1816247,0.6472462,10.492663,5.9998717,879.7765
8.214829,0.67525226,0.2564401,2.2736871,0.091850266,26.339172,110.98515,0.997033,3.262378,0.55102086,9.568711,4.9595766,363.9396
9.003943,0.6313351,0.22194265,2.3850367,0.085365154,10.21911,46.160698,0.99788815,3.2470543,0.5877044,9.4266,5.059492,239.86989
6.8468847,0.7646227,0.096789554,2.3619368,0.078341424,18.272083,43.463318,0.9954449,3.5135417,0.58538866,10.941606,5.104733,1137.4061
8.468739,0.42504296,0.34590372,2.3634305,0.08033832,24.939487,65.94234,0.9970478,3.2911022,0.74846363,10.182947,5.8165584,921.3916
7.7269,0.6126706,0.16444595,2.2864494,0.084836416,19.79819,71.97099,0.99697334,3.331027,0.58717483,9.616374,5.215186,524.7774
8.457103,0.6854007,0.18566045,2.4873781,0.082449965,12.210398,48.82893,0.99743164,3.285897,0.5774821,9.541857,5.1257186,548.3609
7.2964134,0.68966085,0.09921619,2.4035766,0.07903769,20.468513,49.54185,0.99636096,3.421124,0.5793928,10.210296,5.220672,1002.7348
7.3172026,0.46472353,0.2171379,2.3274307,0.06796936,9.507741,24.918535,0.99482495,3.3541434,0.59027046,11.35749,5.9274573,1255.9263
7.503164,0.50079274,0.20022702,2.217657,0.07807558,22.216234,50.993713,0.99643415,3.378431,0.6456466,10.192386,5.7048364,997.7372
8.570943,0.4709189,0.26801813,2.2945857,0.10068639,10.327657,37.084225,0.9974293,3.2723002,0.6787089,9.740044,5.679152,551.2866
8.603888,0.5950659,0.30638623,2.660439,0.08572286,24.771172,106.82058,0.99776185,3.256131,0.59524333,9.540914,4.990831,448.1696
8.415476,0.5913432,0.2985217,4.958898,0.09818047,35.129646,109.5112,0.99893636,3.293169,0.6172891,9.495504,5.0188823,581.54504
7.650187,0.6513374,0.10359621,2.056875,0.08075198,7.375857,21.110209,0.9965837,3.3395925,0.5770175,9.9396715,5.3604207,705.9939
8.194366,0.4670571,0.35748225,4.0123196,0.07719213,24.069363,89.8898,0.99772006,3.3313026,0.7183285,10.312856,5.631506,712.037
7.5921826,0.5239181,0.16892973,2.1751578,0.07712961,9.950774,25.571186,0.9958811,3.3497145,0.62621385,10.46599,5.7348285,1033.5593
8.507538,0.57421535,0.26303038,2.3905358,0.077031605,13.96571,50.6373,0.99761754,3.2577987,0.58633715,9.706436,5.110483,792.84393
9.200271,0.47138092,0.33118168,2.1865396,0.07853895,8.699386,27.424269,0.99727726,3.2288709,0.6144993,10.089351,5.560012,762.4511
9.325951,0.35179725,0.43318892,2.220194,0.08378086,8.831093,22.959402,0.9966363,3.2390084,0.72917175,10.745377,6.329442,856.60236
12.361814,0.41749185,0.5458038,2.2848113,0.09062868,6.7394967,24.402042,0.9995406,3.0287619,0.6149788,9.686979,5.451067,480.1974
7.6717606,0.49770686,0.21065597,2.3042715,0.08181563,18.37196,49.16529,0.9967316,3.3531806,0.63955325,10.0208845,5.6096992,939.82666
8.629939,0.6013186,0.22753507,2.3072968,0.08477704,13.8709345,56.474483,0.9977947,3.2784128,0.60986906,9.48599,5.135755,285.33414
8.606566,0.32998225,0.41495728,2.2996385,0.076174825,15.890494,33.126427,0.9957336,3.285236,0.785565,11.478533,6.724279,967.73694
7.495835,0.63320947,0.09296517,2.2476306,0.079599105,9.553224,25.943186,0.9964293,3.358409,0.57709706,10.083884,5.3880544,934.42236
8.331822,0.62531763,0.25411853,2.4284697,0.09048948,21.046453,91.79167,0.9974107,3.2697718,0.5962381,9.4451065,5.090642,243.27419
8.268989,0.37646323,0.33652535,2.1507237,0.07770375,16.303696,38.27659,0.99636173,3.316396,0.7267445,10.700528,6.1754303,997.5694
7.237065,0.49377945,0.19937718,2.1781096,0.073800705,23.333117,44.55022,0.9956942,3.4085748,0.66784215,10.715139,5.8998837,1145.2996
8.2851095,0.6502174,0.2013464,2.41075,0.08835711,16.729239,71.33332,0.99734557,3.2692306,0.59630805,9.416099,5.138684,313.92233
6.7192655,0.5541913,0.1267388,2.2805161,0.065574415,11.685209,25.97197,0.9941599,3.4138129,0.5754218,11.727685,5.869353,1297.356
12.717135,0.49519998,0.53618884,2.7893424,0.08232333,7.173475,26.895208,1.0003089,3.0263712,0.5468257,9.76989,4.8446045,428.62805
7.320819,0.63125116,0.11732222,2.2709284,0.07721482,23.816631,60.933712,0.99652046,3.400148,0.5894578,9.9951935,5.315802,949.54156
8.2399645,0.37238622,0.46424636,5.3064365,0.06622261,27.933067,102.288246,0.9967157,3.2898505,0.7339068,11.305359,6.1564255,729.54596
9.135681,0.67347026,0.37154886,2.6076276,0.11391186,30.7298,124.73307,0.9978039,3.207617,0.5925635,9.312575,4.8432226,424.33725
9.636243,0.3693759,0.46471614,2.2723544,0.08238568,9.090836,23.881655,0.99669284,3.2301962,0.69073844,10.889383,6.2684727,861.00745
7.5719037,0.52583593,0.19862172,2.1332417,0.07706764,28.186369,73.194244,0.99640703,3.3236902,0.5944161,9.830289,5.4180913,1155.3965
8.16002,0.4132951,0.30911207,2.1919386,0.08146205,14.192817,35.031555,0.9963617,3.3026001,0.6679573,10.511432,6.008151,1060.9211
7.8974953,0.56887233,0.16820085,2.2215114,0.087359644,11.51979,41.6749,0.99719095,3.3304653,0.62850845,9.716141,5.461664,441.47357
8.2968025,0.56907505,0.2793013,3.9341543,0.13271646,43.668476,108.053474,0.9981669,3.2322514,0.6162611,9.321584,5.182053,977.5851
7.357176,0.8837168,0.059742797,2.4048882,0.082449734,16.330051,56.47313,0.99678004,3.4365265,0.5424952,9.979195,4.727763,438.1044
7.886531,0.3606401,0.35747266,2.2891536,0.078381084,21.54026,42.68436,0.9955122,3.3359337,0.721601,11.286152,6.3006206,1094.5867
8.328567,0.32845965,0.41540468,2.253606,0.0686751,8.05329,21.422836,0.99441355,3.302375,0.7039186,12.154253,6.87523,1056.2546
7.919036,0.30375138,0.4191093,1.9612542,0.064689904,31.494535,91.35256,0.9944029,3.2279146,0.679479,11.291389,6.288689,988.76355
7.908446,0.562003,0.24553324,2.5391502,0.08226062,21.545242,76.325356,0.9970957,3.3124368,0.6208207,9.973949,5.265317,823.3763
7.2833967,0.86633873,0.059071694,2.3329709,0.08593698,9.816967,22.422098,0.99618995,3.4431446,0.5346123,10.393582,4.777452,980.6156
11.369391,0.4700857,0.5251667,3.3556917,0.091083094,16.474607,48.73508,0.9996245,3.190252,0.78533334,10.581999,5.800839,527.28265
10.079602,0.44538262,0.4461499,3.9561265,0.08133776,10.357643,35.907627,0.99877995,3.2405043,0.6767219,10.858911,5.887725,665.9898
8.253263,0.2997696,0.41324207,2.3104181,0.06660083,11.602038,24.207302,0.9940646,3.2904646,0.7729802,12.678022,7.2827034,1009.7661
6.8657417,0.6254348,0.110072285,2.2219453,0.07203625,26.472586,54.866222,0.995494,3.4708705,0.6177926,10.739044,5.581971,1129.4587
8.705786,0.56165206,0.29344305,2.4172702,0.09295328,19.079277,77.07056,0.9976797,3.2466052,0.6259031,9.561244,5.281878,496.7721
7.406405,0.7068298,0.1005061,2.3034015,0.07931906,18.81024,51.202137,0.9967808,3.4271438,0.5843948,10.008768,5.1356006,644.83875
8.116251,0.6132705,0.20805609,2.3554795,0.08705614,15.756648,61.10354,0.99741495,3.3161025,0.6134277,9.598616,5.258813,369.36966
9.005498,0.6793795,0.3168176,2.4500463,0.092909865,19.725458,93.31579,0.99771035,3.226467,0.59770757,9.36297,4.8428726,175.8174
8.793837,0.35008734,0.39855054,2.1026633,0.07973814,17.260698,57.34727,0.9968818,3.223468,1.0457492,10.524759,6.3058996,720.41174
11.219557,0.41712093,0.5052057,2.3733504,0.082047656,7.2222667,27.572527,0.9985331,3.1229768,0.6315837,10.19335,5.7220407,644.63196
7.5126724,0.40576494,0.29945385,2.0988026,0.072020315,29.983706,55.989197,0.99568206,3.3642335,0.71387714,10.83822,6.0911236,1164.7887
8.649619,0.64160156,0.16751166,1.9702646,0.07542638,4.1344934,14.6716585,0.99702406,3.2502809,0.5466563,9.611241,5.2413306,457.187
9.042029,0.37611815,0.42060632,2.4389882,0.083486065,10.709612,24.401403,0.9964597,3.2737353,0.73301435,11.182821,6.434126,864.2066
7.208422,0.5894732,0.09571959,2.249666,0.07535557,9.15949,24.545515,0.99576735,3.384107,0.5956148,10.532928,5.5797877,1152.1714
7.8099117,0.76791435,0.08662011,2.2246313,0.08290279,8.605111,27.821983,0.9970583,3.3811257,0.571291,9.808881,5.0540805,381.61487
8.209789,0.5205758,0.2831815,2.4216409,0.088010795,20.77696,75.301956,0.9975494,3.312008,0.6233877,9.774404,5.3637934,599.20386
7.4475617,0.63378274,0.11125778,2.185094,0.08461497,12.330948,41.21834,0.996982,3.392976,0.61212087,9.790754,5.4370594,450.21915
8.4690895,0.80916435,0.18086499,2.509449,0.088270254,17.606403,81.42156,0.997406,3.2930727,0.5580915,9.388816,4.768846,53.222492
8.226533,0.5551588,0.28463277,2.3579378,0.088538006,22.106665,88.49912,0.99742365,3.2903886,0.6197985,9.580696,5.24515,403.12347
7.6397896,0.4102154,0.29411286,2.1507928,0.07565883,22.350857,43.912792,0.9958027,3.3659468,0.70525885,10.850619,6.1092434,1107.5182
10.795951,0.39252234,0.509066,2.4075139,0.10582337,12.063124,34.90391,0.9986743,3.181968,0.797065,10.310595,6.023466,533.2857
10.829189,0.36313882,0.5815364,3.2947514,0.077351,7.305823,17.839613,0.996923,3.183961,0.7837136,12.516004,7.211372,601.7165
8.117779,0.6359902,0.19614267,2.4135916,0.08572678,16.512497,67.20558,0.9973517,3.3108072,0.5937377,9.571047,5.1832213,362.10034
7.080628,0.5165997,0.16554035,2.186381,0.07398008,25.707129,49.362904,0.99565476,3.4224172,0.65433276,10.69722,5.8123603,1156.1534
10.674543,0.3950707,0.45405135,2.1449866,0.085943736,9.060252,24.563612,0.9981564,3.1610348,0.68280965,9.868997,5.8377357,607.4912
8.149117,0.4957489,0.2541197,2.2524657,0.09135302,16.881834,55.697678,0.99733454,3.3182833,0.69403356,9.680568,5.5621185,526.882
7.873512,0.63009584,0.1388963,2.405902,0.08341145,12.049882,41.905605,0.99709547,3.3379843,0.5993279,9.758638,5.325334,625.196
7.347267,0.62689126,0.111769855,2.318527,0.08113855,15.690879,36.033195,0.9962244,3.3875856,0.59157056,10.23646,5.428499,1098.344
7.904968,0.7608813,0.0911677,2.2497754,0.08312189,8.316499,27.44897,0.99697095,3.3605535,0.5616184,9.778053,5.048656,461.54105
7.5691586,0.7863243,0.092909545,2.3535743,0.08293183,12.077113,34.99016,0.9969052,3.4313684,0.56503916,10.0491085,5.0084934,535.7301
7.455429,0.5272846,0.15911384,2.228117,0.08211706,18.843225,49.42917,0.99655515,3.3743813,0.6390019,9.888473,5.594435,824.0678
7.983506,0.5825224,0.21600457,2.3064504,0.08535249,25.819756,92.78429,0.9969042,3.2870834,0.5670004,9.557372,5.2041416,680.2987
6.416832,0.940364,0.032661844,2.3580215,0.08001899,10.342596,28.266079,0.99493843,3.6147058,0.54704654,11.480504,4.7183304,1112.721
7.3850946,0.6769107,0.09541124,2.2370539,0.07914588,15.077835,44.182037,0.9969175,3.4214113,0.6018317,9.893785,5.315361,467.76694
10.628896,0.42496672,0.46619514,2.2812557,0.08583213,10.65461,31.632946,0.9984703,3.1768248,0.63289064,10.005057,5.5655994,598.3839
8.160667,0.5471609,0.29692075,2.8071415,0.090694964,27.607437,103.5145,0.99760354,3.2892914,0.60148126,9.747154,5.206592,647.8303
7.3692474,0.55236775,0.18067448,2.0755544,0.07147806,35.841713,85.87685,0.99594635,3.3210762,0.56744486,10.131986,5.3137197,1350.7296
7.4479523,0.38843828,0.29768762,1.9275302,0.06506235,34.166794,65.392365,0.9955943,3.345312,0.73090786,10.908949,5.9857535,1182.762
12.281059,0.40341902,0.58768004,2.7370138,0.08594023,11.357029,32.45796,0.99939764,3.1238625,0.7597732,10.820618,6.3115573,414.61682
8.537321,0.55584127,0.28538063,2.4602108,0.09067274,20.496332,80.894455,0.9974848,3.2398996,0.6021011,9.545229,5.2273912,631.7165
6.9971385,0.70564973,0.09672569,2.3972504,0.0752981,23.090462,53.122543,0.99581134,3.4667835,0.588608,10.588771,5.268621,1120.2643
8.421027,0.6570897,0.261859,2.4055476,0.09311583,32.63853,127.001,0.99713814,3.217863,0.5126597,9.437449,4.911447,638.51874
7.7877207,0.5833332,0.18137741,2.262509,0.08541585,19.481314,70.71451,0.9969629,3.3222904,0.60031503,9.624774,5.325892,509.72876
6.9097476,0.53344536,0.155122,2.1617372,0.07005025,29.047752,56.858795,0.9953507,3.4348464,0.6403956,10.838088,5.743663,1195.1956
8.164376,0.50989807,0.22221461,2.2582493,0.0890386,10.348264,33.500237,0.9969569,3.2896843,0.6414148,9.894661,5.633051,707.9882
7.8634653,0.5254949,0.22701001,2.3023858,0.085643254,18.454168,62.775692,0.9972268,3.3405554,0.6350558,9.728833,5.4381027,538.4379
12.3183,0.34561372,0.6945241,3.3300204,0.07652581,4.9891934,15.727231,0.9976379,3.1072447,0.779221,12.585322,7.4346313,435.9634
7.5056267,0.693369,0.105587676,2.4310791,0.08209616,11.525058,35.08975,0.9967494,3.3906257,0.5820168,10.050595,5.2116756,768.95654
11.87915,0.40166205,0.5820543,3.395791,0.085315906,10.752769,33.275513,0.99913627,3.162012,0.8581995,11.472183,6.70211,346.7567
8.932219,0.6047356,0.24006473,2.2998512,0.08300412,11.914618,43.215965,0.99790126,3.2579286,0.58609486,9.520343,5.1188846,349.4568
8.035073,0.47499236,0.2724087,2.421885,0.08491604,21.177252,66.11787,0.99709195,3.312608,0.6448026,9.972168,5.573101,886.2961
8.580581,0.45582482,0.35969985,2.9451468,0.09155203,26.520689,87.16265,0.99808794,3.283008,0.93258053,10.018341,5.447726,593.9291
7.413094,0.5389009,0.15712763,2.2881467,0.08289873,15.807245,40.13604,0.9967307,3.3951685,0.6413167,10.034454,5.6679435,805.6582
8.800606,0.5197367,0.30493292,2.4179575,0.08568572,15.803667,59.353394,0.99791414,3.272974,0.6331057,9.776021,5.2878294,505.3297
5.8356285,0.46336046,0.11637913,2.0492268,0.06031437,21.350029,53.779778,0.992806,3.5337384,0.68922937,12.702245,6.446804,981.827
7.027177,0.46028167,0.20756587,2.1476908,0.071011215,14.194102,31.101501,0.9944057,3.385595,0.6365984,11.628065,6.180897,1220.4407
8.23562,0.58885366,0.22432059,2.356853,0.087993875,15.861011,66.449745,0.9973895,3.2894008,0.62028015,9.571586,5.2442794,342.4224
6.429805,0.7370599,0.06878817,2.230921,0.07007869,11.611315,29.950214,0.99457043,3.5594172,0.579989,11.706318,5.2784967,1204.6028
7.265249,0.45149112,0.2352566,2.1671116,0.07312555,11.552372,27.624956,0.994622,3.365736,0.6388587,11.475439,6.1452503,1201.7548
9.805111,0.43069002,0.3872711,2.1669035,0.086547345,9.6007805,28.155859,0.9978525,3.203243,0.6438462,9.9139805,5.6535563,650.77576
6.071066,0.45960325,0.21598049,1.9348309,0.051880274,8.595534,26.409937,0.99147874,3.460056,0.6293454,13.699989,6.8495855,1258.1417
9.115856,0.49538857,0.32829198,2.1626554,0.1362796,10.665145,39.06449,0.99795604,3.232438,0.68428236,9.642251,5.451103,495.58243
7.738437,0.6941036,0.09628306,2.2898557,0.08256796,10.005619,33.766148,0.9969788,3.3563747,0.58312064,9.741675,5.2148013,517.37195
7.584785,0.59806687,0.152845,2.2797928,0.08198981,17.16232,53.60354,0.99713624,3.3814614,0.6127694,9.811227,5.396466,559.0862
8.210031,0.45479092,0.29264948,2.1434956,0.06999419,4.5877814,14.803868,0.9953373,3.2690501,0.5645027,10.991081,5.767391,1219.9667
8.015352,0.4698176,0.242816,2.236485,0.08534587,20.3952,52.103584,0.9970279,3.325212,0.683756,9.882491,5.6349616,834.0102
5.0408998,0.51847595,0.046218682,1.97223,0.051732354,16.317059,54.362083,0.991813,3.6495252,0.68253374,13.544629,6.527136,847.7403
11.349171,0.4921767,0.4926191,2.772224,0.09234921,14.060112,44.49979,0.99958926,3.1630056,0.68105,10.141926,5.314366,464.1519
7.68323,0.59293175,0.14329949,2.2234838,0.08515709,11.019147,39.57843,0.99699706,3.3390174,0.61758435,9.717295,5.4208055,532.515
12.563451,0.34029353,0.59884256,2.2834234,0.08333674,8.317404,22.961994,0.99872917,3.0734706,0.7709502,10.557707,6.6049685,457.80365
7.9756227,0.5338048,0.22925092,2.3445957,0.088569485,17.777943,64.03276,0.9973081,3.323007,0.6310741,9.717621,5.4127474,515.03876
12.012728,0.39156687,0.56408757,1.9088198,0.13403668,8.706583,25.650078,0.9995798,3.0615041,0.8582436,9.685501,5.842754,319.53314
7.6013403,0.5527014,0.18016605,2.2807767,0.07962192,24.167719,63.819145,0.9967799,3.3706057,0.61217743,9.88649,5.4170485,857.9981
7.914257,0.57870996,0.2612178,3.1310718,0.1267282,45.809357,120.76164,0.9977689,3.2474065,0.81299496,9.694788,4.99584,832.3346
7.919449,0.48756635,0.23783937,2.3605464,0.08275266,14.032449,43.428204,0.9967178,3.3091435,0.62533355,10.114188,5.6693096,1000.5543
7.856501,0.60652447,0.17499089,2.288113,0.08829187,13.740469,55.609352,0.9971379,3.3242893,0.6225083,9.604102,5.341112,325.93588
7.5141597,0.53973323,0.16842155,2.3083184,0.08165312,14.68368,38.186565,0.99629146,3.3441777,0.609457,10.226589,5.599087,1121.519
9.068942,0.5983815,0.21450913,2.0321932,0.07596505,5.7444844,17.125788,0.9972034,3.223601,0.5562105,9.668198,5.2533503,650.4294
8.263871,0.58359474,0.18500292,2.2640455,0.082152925,10.413811,34.22677,0.99730676,3.2943182,0.6052448,9.668934,5.370326,452.01758
10.593493,0.46411294,0.45138586,2.5523694,0.08818399,13.392646,39.867638,0.99881494,3.1942677,0.6598994,10.180305,5.469807,548.95825
13.054073,0.47514933,0.570491,3.4145412,0.089422554,11.392497,36.01332,1.0007323,3.091313,0.7151072,10.579686,5.833072,421.36856
8.061242,0.6220627,0.2860024,3.983021,0.09514782,38.71506,126.356995,0.9980887,3.2688165,0.57652926,9.506901,4.9231534,622.19684
7.473296,0.64800316,0.10266207,2.3683383,0.07997206,17.190395,51.767166,0.99677956,3.3712773,0.5870553,9.81241,5.2158146,803.99384
7.689428,0.5904507,0.14604305,2.1902769,0.083825104,10.404478,31.904379,0.9969052,3.337716,0.6143014,9.895055,5.4404616,634.88617
8.075226,0.5065915,0.2228575,2.1523595,0.09521693,13.769682,44.236843,0.99711704,3.3116095,0.6790583,9.706408,5.6964183,562.6854
7.237049,0.70276767,0.06873307,2.236834,0.08239605,9.239195,20.867672,0.9958212,3.37207,0.5520659,10.39057,5.2410965,1221.6781
8.359124,0.5493478,0.24708411,2.4463952,0.088274725,20.488798,74.22932,0.997268,3.2513888,0.5971615,9.624755,5.3296423,792.37994
6.9570456,0.83385247,0.07251002,2.422198,0.07728105,21.862381,54.59951,0.99584174,3.5160596,0.5723064,10.653053,4.918212,972.10645
8.426493,0.6814987,0.1822535,2.408245,0.085694164,11.428949,44.919765,0.99746174,3.297303,0.58307934,9.557034,5.1646256,397.00598
8.493391,0.43399477,0.30491322,2.089823,0.081735194,9.6567545,25.635399,0.9965095,3.264463,0.65183175,10.342947,5.8332577,948.2893
8.140005,0.53118217,0.26099527,2.4002008,0.087177955,24.574162,87.93091,0.9971755,3.3010511,0.6274374,9.67946,5.270884,563.00824
9.278168,0.66481596,0.35642362,2.6498933,0.122315235,19.150917,94.4703,0.9981034,3.1915586,0.60505223,9.1031065,4.684017,209.93294
10.836049,0.42446604,0.46956268,2.1360176,0.09667536,10.417136,29.835234,0.99869233,3.1558907,0.6940997,9.857022,5.6757007,522.39246
7.3259544,0.7091363,0.10284299,2.4083228,0.076330364,21.403513,59.933514,0.9964685,3.4125886,0.56364685,10.051273,5.0970297,905.76495
7.6742043,0.49858895,0.21381144,2.2002997,0.07935612,23.096819,61.005554,0.9966616,3.334782,0.6363186,9.991908,5.523897,966.36316
11.364932,0.4266848,0.5215229,2.2802835,0.12610921,10.42461,35.170807,0.9991934,3.125714,0.8392011,9.870889,5.7913537,428.51047
7.6212926,0.72809637,0.09594953,2.2187846,0.08164604,6.7605147,19.77483,0.99655455,3.3498008,0.5535486,10.042827,5.078623,829.6969
8.903461,0.35526082,0.44426686,2.2634118,0.076358326,9.448386,24.284689,0.99595445,3.274642,0.6960218,11.357122,6.4317107,952.55475
7.044924,0.74892735,0.08578172,2.322178,0.074391246,32.29678,79.41035,0.99601185,3.4417484,0.5395058,10.225419,4.991536,1116.8923
7.3570604,0.96094084,0.053806353,2.426303,0.08635081,8.89802,22.721037,0.996405,3.4771445,0.5108227,10.427613,4.5654345,817.1082
5.936149,0.7184871,0.06875409,2.227778,0.06517161,15.612389,43.820206,0.99377376,3.641569,0.6151076,12.314278,5.4904203,1047.0736
6.164691,0.5738152,0.0825275,1.8163217,0.049520068,40.55359,86.36162,0.994154,3.541564,0.66933405,11.549381,5.808775,1037.859
7.1620994,0.49343163,0.17229897,2.3053343,0.079138815,14.604044,34.438908,0.9955086,3.3536808,0.6223273,10.754386,5.8659472,1237.2988
9.6619625,0.33432212,0.5165335,2.761456,0.07399707,11.376416,23.509487,0.9959254,3.229156,0.8200413,12.371185,7.16081,725.788
6.069935,0.5912029,0.06172288,2.204262,0.06000614,20.55661,50.171253,0.9941136,3.5925918,0.6528935,11.93142,5.9262767,1003.5637
8.561422,0.5457361,0.28876323,2.4328978,0.10765223,18.030746,70.31261,0.99759454,3.2518587,0.6530688,9.560262,5.4551563,520.1553
7.796802,0.591417,0.278691,9.588629,0.12687713,50.212643,113.03731,1.000325,3.3125877,0.6751094,9.366691,5.1724586,826.76514
7.7232137,0.47700575,0.21897025,2.195862,0.08125989,11.50354,30.885803,0.9959559,3.3233995,0.64461684,10.448868,5.850601,1090.4473
8.130507,0.5129755,0.2488812,2.28779,0.09295388,14.408043,54.68924,0.9974711,3.320082,0.6681921,9.693333,5.4950733,408.6063
8.343514,0.32250538,0.40140364,2.2407498,0.072317876,9.8343,23.239952,0.9946815,3.2961328,0.7261343,12.036276,6.892903,1017.4987
9.45406,0.42570114,0.39529303,2.394112,0.09421966,12.853884,41.113354,0.9978771,3.24757,0.6983749,10.167407,5.776338,691.96136
11.128114,0.3664594,0.58935064,3.1942432,0.08439564,6.7271295,17.173723,0.9976041,3.1581557,0.697813,11.876826,6.785222,668.5952
7.8890123,0.5323928,0.18862636,2.1927867,0.07711065,9.080841,26.040092,0.9962103,3.3124015,0.61143076,10.22156,5.597282,959.81946
7.621975,0.6332444,0.10873622,2.2158332,0.07814033,8.506563,24.31319,0.9964256,3.3260663,0.5682033,10.042147,5.3111625,942.53796
11.14864,0.37803546,0.497698,2.1485178,0.0817158,9.385805,28.418901,0.9984243,3.1423888,0.6937713,10.268941,6.0226436,670.35706
9.027037,0.45943746,0.31914666,2.1990857,0.08692647,12.285132,35.95256,0.997652,3.2562063,0.6690657,9.824921,5.6080832,590.17944
7.3880982,0.63044393,0.11581278,2.406579,0.07909797,17.23279,43.79422,0.9965901,3.4072578,0.6049681,10.11318,5.403666,856.06354
9.074287,0.484531,0.3010571,2.0771003,0.12696224,8.755115,30.200739,0.9980614,3.2318344,0.7294292,9.594342,5.56069,358.7884
10.104137,0.39720023,0.4195399,2.2184362,0.089122616,10.725895,28.603998,0.99801356,3.209094,0.7083115,9.95471,5.881134,607.3477
7.1943836,0.45927116,0.22250828,2.2059376,0.07482521,21.900873,44.680202,0.99546397,3.405654,0.68099844,10.985955,6.081216,1178.6461
7.826782,0.5108675,0.20472701,2.1732123,0.0810963,21.862082,61.924957,0.9966837,3.3032115,0.6146153,9.740063,5.4570794,957.276
10.258315,0.43950808,0.39330184,2.085968,0.08226055,6.4938874,21.110586,0.99771756,3.146814,0.6200312,9.914038,5.6629786,774.5606
9.93375,0.4617508,0.43260297,3.2616844,0.08763097,17.488947,55.631706,0.99862695,3.2636325,0.7482222,10.550002,5.76328,604.0363
8.783997,0.4135987,0.40346202,2.2126815,0.09156563,31.833214,101.186195,0.9968946,3.170956,1.0839293,10.3340435,5.810817,771.24225
8.640898,0.37090042,0.3856669,2.379781,0.08164806,12.664978,30.116684,0.99620813,3.2991316,0.7120297,11.138589,6.3912783,957.2324
10.270961,0.39168638,0.6084134,7.3964963,0.06393479,18.670773,62.62244,0.99841595,3.2246792,0.8792395,12.743352,7.0182877,413.28485
7.906086,0.3745083,0.35104874,2.2076597,0.075518295,29.25255,56.730522,0.9958399,3.3400867,0.74048895,10.873231,6.117349,1100.3557
8.446422,0.4577251,0.29415157,2.2594757,0.08426077,12.222727,36.291607,0.99720347,3.2969937,0.65745705,10.131915,5.684862,712.28217
7.8200526,0.45017686,0.25776428,2.1458483,0.08083383,21.761497,50.538708,0.9966316,3.334234,0.66501784,10.164444,5.7361407,1034.2676
6.9572463,0.3980412,0.24883643,2.1264012,0.068740636,24.29854,54.771202,0.99449533,3.4224002,0.71527517,11.709982,6.3688507,1083.824
12.639544,0.42095068,0.5843295,2.622479,0.08432088,11.370835,35.114582,0.9998629,3.1011784,0.7581013,10.530527,6.1800323,400.2983
6.9926863,0.60931754,0.12105115,2.0461051,0.07160946,36.80696,80.18249,0.99573123,3.4381745,0.59876657,10.2804365,5.3548694,1156.124
10.805585,0.3747106,0.4866993,2.2921333,0.08738965,11.454631,31.34905,0.9983725,3.1830864,0.7370131,10.309536,6.126014,632.15436
8.444464,0.5356314,0.22553237,2.1341681,0.084388494,9.899911,31.499798,0.99721533,3.290249,0.6486943,9.775167,5.6020412,474.98743
9.65696,0.40716168,0.4379318,2.541189,0.09739377,14.707583,46.28498,0.99805707,3.2497692,0.78123814,10.23478,5.9027834,629.887
8.5089655,0.44829324,0.3102855,2.2536743,0.08347805,11.967174,34.4055,0.99711645,3.2954035,0.66759807,10.245187,5.7642083,723.6714
8.503539,0.65335286,0.2838537,2.3062465,0.09363323,33.84973,133.58762,0.9970798,3.2004569,0.5120534,9.404295,4.879208,612.89453
7.565709,0.62281007,0.111083895,2.155042,0.078825474,7.6546745,23.601475,0.99638975,3.3494916,0.5834009,10.114534,5.4266977,838.53784
8.883,0.34842724,0.45000902,2.26699,0.07655199,8.6006365,21.318546,0.9956312,3.2622557,0.6955911,11.558953,6.5463343,968.93134
7.167138,0.6452684,0.07537593,2.2395833,0.07978311,9.348942,22.349636,0.99570256,3.3748019,0.5717363,10.47011,5.374467,1242.4249
7.9049187,0.62733227,0.15129101,2.2680154,0.08593425,12.161466,50.89341,0.9972186,3.3317132,0.6128306,9.566378,5.279931,225.59859
6.9437113,0.49515793,0.1877931,2.2027905,0.072881594,20.630566,45.817944,0.9951688,3.445946,0.6628846,11.136421,6.003589,1107.5918
7.9903245,0.47629616,0.36826545,5.6401563,0.08056677,35.28348,118.58627,0.9980762,3.3093462,0.8063694,10.310519,5.49194,795.0583
7.145788,0.5163354,0.17117614,2.1121247,0.07532902,15.038108,32.143833,0.995475,3.4102821,0.6503088,10.842086,5.9753904,1148.6263
8.039973,0.5170917,0.24317448,2.3908138,0.085131645,17.86497,62.67407,0.99737257,3.3164358,0.63132703,9.765001,5.440258,656.5596
9.69769,0.47412935,0.3595351,2.1977017,0.07990432,8.903721,27.61328,0.9976591,3.1922374,0.59625524,9.933404,5.451063,793.38116
9.262525,0.41858548,0.45555645,4.8137507,0.07763641,10.0381975,34.143986,0.99767077,3.273003,0.66785574,11.667958,6.325538,714.71155
8.904738,0.41350058,0.39657396,2.9045794,0.080437236,20.276428,58.91587,0.9970379,3.2767704,0.71860117,10.531458,5.9709015,904.8856
8.438645,0.4706174,0.30619285,2.4311142,0.08723694,18.369112,59.184254,0.9974952,3.3139777,0.683294,10.002855,5.637023,715.0792
6.085354,0.5541766,0.07437016,2.0905442,0.058864236,25.504517,55.551723,0.9939812,3.5627408,0.665188,11.927645,6.0500607,1017.55743
8.122719,0.33775693,0.38892087,2.2322516,0.07077285,10.774438,23.872858,0.99468327,3.3158965,0.72787404,11.978479,6.789991,1057.5079
10.994294,0.4963566,0.6765598,2.5481842,0.27619034,19.005316,65.08335,0.9991297,3.039083,1.2257546,9.785553,5.6203547,408.17786
6.590314,0.6453339,0.086052224,2.2483597,0.071483985,20.087498,44.892902,0.9949825,3.5223315,0.6218895,11.244272,5.6552486,1082.7327
8.489421,0.47991052,0.31163198,2.5075808,0.08658502,18.167786,64.09833,0.9977519,3.3244915,0.6825062,9.896412,5.5168076,523.7917
8.445956,0.54727614,0.3042627,3.685335,0.1253405,34.561474,94.10273,0.99822754,3.2553117,0.6940393,9.69404,5.3635225,854.51025
9.952904,0.44564447,0.40188295,2.2612183,0.09274853,11.619347,37.68242,0.9983394,3.2053447,0.6761599,9.890751,5.5533485,506.49182
11.504773,0.44168413,0.4943049,2.1748486,0.08404384,6.5713477,22.080374,0.9988614,3.0695386,0.587156,9.63497,5.3564463,517.7416
7.5530205,0.41074926,0.2850394,2.2074018,0.074279465,22.163898,45.40935,0.9956278,3.3768594,0.7000659,10.987531,6.1501327,1127.4194
11.323009,0.36476398,0.5024325,2.2266502,0.13549271,6.906961,16.57146,0.9990008,3.1076512,0.74054796,9.847654,5.9631443,479.84766
7.4788895,0.64089584,0.122599855,2.4039745,0.07996154,17.33483,47.386658,0.99665296,3.3886817,0.5938076,10.032946,5.3009567,878.1072
8.676611,0.5499772,0.31441945,2.420364,0.08778282,20.63049,80.11,0.99780077,3.255456,0.6126244,9.601118,5.1746297,599.1283
7.6893244,0.44272432,0.28020206,2.027054,0.073000774,33.713825,90.34538,0.99555284,3.2722576,0.6024201,10.404292,5.6152463,1181.252
7.832627,0.7583444,0.12412022,2.5026903,0.082561955,14.609547,56.212532,0.99705553,3.3647816,0.56567436,9.75302,4.9892745,492.87338
8.212431,0.59147495,0.1712651,2.0840564,0.07789374,7.0058312,19.826723,0.9966404,3.2746217,0.5701772,9.889738,5.36004,841.8458
9.968145,0.5398406,0.35222873,2.3732975,0.079672925,11.479,36.502956,0.99843305,3.1967945,0.59109974,9.640894,5.0971427,421.61353
12.811755,0.39105025,0.639517,3.1326964,0.08363193,8.711925,26.951925,0.9992581,3.0925808,0.7693255,11.392762,6.6936526,364.69498
7.400971,0.629989,0.12110084,2.3223324,0.078891814,20.291075,53.66808,0.99674255,3.4041307,0.607749,9.996984,5.3712645,788.12665
8.881147,0.5679718,0.22502473,2.1946683,0.08028678,7.406483,24.338198,0.9973698,3.236925,0.58045197,9.713446,5.29363,601.8817
9.5080595,0.35123026,0.46682888,2.5194378,0.080239564,15.840295,40.93414,0.9970488,3.2410204,0.911061,11.182977,6.61007,696.5429
9.99584,0.39664173,0.44746086,2.2807138,0.08809948,11.442825,30.379543,0.99790037,3.2167845,0.6714848,10.294693,5.847548,782.0846
12.7477,0.5236829,0.6896798,6.4720545,0.2150485,14.678984,48.61943,1.0017589,3.0670664,0.95188624,10.712303,5.730232,453.0994
7.719278,0.20797555,0.50412494,2.1237745,0.062922,25.844913,88.641884,0.99158216,3.174799,0.68018776,13.378808,7.482587,907.05756
7.9774914,0.4215272,0.27597424,2.2360942,0.0820489,20.55807,47.73849,0.9968769,3.3419483,0.7384839,10.217908,5.9416265,887.97845
6.454368,0.54270744,0.10906963,2.2388527,0.06526079,17.546267,42.325596,0.9944597,3.5078404,0.6324705,11.703006,5.932005,1101.0746
8.187785,0.44242793,0.2742657,2.0797052,0.085785836,9.847075,27.587215,0.9964569,3.2934506,0.6882627,10.306557,5.9528317,917.4877
7.2998405,0.5245658,0.1619013,2.3485458,0.07085743,8.854492,26.33295,0.9952928,3.3728414,0.60742736,10.954124,5.8003435,1199.2443
7.1007857,0.36186525,0.29538774,2.065001,0.063675895,16.428669,41.772476,0.99366355,3.3989055,0.7403274,12.372369,6.841541,1099.5784
7.4460244,0.32560664,0.36423826,2.0260544,0.07126626,28.3104,82.74403,0.9939769,3.2716062,0.63314015,11.42404,6.3373327,1047.4727
8.760909,0.30716956,0.4414459,2.0957043,0.07167971,7.707905,21.01872,0.99502873,3.2617238,0.73355645,11.687787,6.8290434,1018.0324
8.913539,0.4498127,0.35716614,2.457114,0.08161615,11.044196,34.94,0.9973755,3.2781143,0.6306734,10.477941,5.6450305,823.76337
9.619441,0.50442755,0.35099384,2.2481282,0.11202662,11.683058,38.747757,0.99825346,3.2127168,0.6537587,9.690062,5.3914742,532.80005
7.7521896,0.5917542,0.15522538,2.2265081,0.088724114,10.93795,42.984943,0.9970269,3.3394644,0.62070125,9.6559,5.445483,385.86993
7.538877,0.47146246,0.21364656,2.2422097,0.07676049,16.265398,39.665115,0.9963459,3.3957474,0.6888597,10.378207,5.969278,938.42755
7.8707185,0.55783945,0.2074566,2.1849296,0.082942784,32.70832,91.872116,0.9964905,3.2692387,0.5352125,9.747931,5.2351475,1261.1395
8.001745,0.7164976,0.17087816,2.5226028,0.08550669,24.448294,89.03881,0.99696726,3.3018231,0.5281616,9.658512,4.904387,711.85895
10.982968,0.47027177,0.41884398,2.0404696,0.08163529,5.2571673,18.76049,0.9984988,3.1174896,0.62481976,9.505183,5.4968896,329.7339
7.6183047,0.5705242,0.27114284,4.027941,0.08366058,34.67024,117.37135,0.9976143,3.304568,0.58313614,9.720108,5.040904,729.01447
6.880372,0.6494984,0.1026057,2.2176435,0.077712856,17.2864,39.441017,0.99552584,3.4866703,0.6122448,10.845079,5.6006975,1069.3202
8.2092,0.54674757,0.20816116,2.1998284,0.08028589,9.852512,28.792961,0.9968827,3.2852755,0.6085368,9.91494,5.4193664,752.5131
6.750639,0.75375664,0.07602535,2.312471,0.072896406,24.31131,52.52548,0.9954311,3.5380554,0.5970452,10.900985,5.239529,1027.789
13.250716,0.46453354,0.62280536,3.051684,0.08855981,12.422658,38.182564,1.0007664,3.084703,0.8041565,10.667617,6.074621,308.9833
11.596166,0.417978,0.52073616,2.8880877,0.0804203,9.361323,31.413038,0.99913627,3.1494558,0.7031871,10.7746,6.1187997,578.5894
7.71223,0.34490955,0.37632188,1.8511177,0.062416594,37.012264,121.76584,0.9940735,3.1904433,0.5748484,11.050532,5.972628,1027.9762
11.155921,0.47126436,0.55455995,2.692675,0.15761945,13.486435,41.935577,0.99931204,3.1341887,0.784778,10.071602,5.461806,563.5251
6.6560955,0.4670459,0.18135147,2.1080148,0.06677312,24.556345,54.770508,0.99445707,3.478307,0.69668186,11.691474,6.2033396,1051.3505
11.23015,0.36488634,0.6194468,3.06818,0.07900819,6.4923444,17.588799,0.99746555,3.1701443,0.7471564,12.134139,6.9756145,583.92804
12.419575,0.4074335,0.57427275,2.4252033,0.08894327,8.833468,30.277662,0.9996062,3.0727031,0.6988409,10.013214,5.7490115,411.8479
9.447694,0.3177571,0.46896234,2.0451834,0.07449275,6.449754,19.666277,0.9958572,3.2018719,0.71212786,11.196957,6.5001473,932.6679
9.496811,0.509593,0.33853662,2.3529499,0.110168435,12.024654,43.55019,0.99829817,3.2131793,0.64758056,9.643434,5.3010874,538.95593
8.705475,0.60419947,0.17935874,2.2389116,0.07732854,6.9025073,24.220438,0.9973706,3.249077,0.57110167,9.540207,5.229578,440.11945
10.93059,0.4488598,0.49162984,3.0586305,0.08864981,14.250533,43.657005,0.9990255,3.2056208,0.7606967,10.570684,5.90221,545.40375
7.6851687,0.6560093,0.096018806,2.222313,0.08249729,9.69024,31.798048,0.99703705,3.357877,0.5992418,9.715052,5.3285275,472.93005
6.852344,0.74612164,0.04998416,2.340093,0.07955004,9.155704,19.671816,0.99542886,3.4544501,0.55897623,10.865115,5.2045593,1257.0784
7.071157,0.35318124,0.30294818,2.0034137,0.07120159,31.595434,59.455406,0.9942192,3.3766801,0.7324298,11.876705,6.4715066,1174.971
8.101028,0.37454695,0.45135227,4.62843,0.070584305,26.68985,113.94645,0.9954542,3.2112045,0.62237376,11.088305,6.1697445,921.415
12.465479,0.5685756,0.54594785,3.0895748,0.110221244,11.43704,37.333324,1.0005544,3.0989184,0.6460999,10.018363,4.7606964,428.55432
12.454334,0.44918826,0.56784105,3.4349945,0.08572642,11.834261,36.761917,1.0000638,3.1324074,0.7767296,10.950585,6.199807,408.21942
9.3156595,0.4279478,0.41147393,2.511118,0.08431441,11.006256,30.845367,0.9975253,3.270309,0.66728204,10.842957,5.8973994,727.5326
8.096575,0.8145745,0.10761392,2.371878,0.08496165,10.794902,47.808838,0.9972858,3.3521276,0.5703299,9.541433,4.8966684,61.96175
10.7610035,0.29816678,0.55796415,2.1545787,0.07511122,4.4793344,15.937327,0.99668455,3.1410508,0.7651114,11.352297,6.8311796,733.03467
8.127556,0.60409045,0.15227948,2.1577399,0.079299234,8.664741,28.918621,0.99713105,3.3091688,0.6040728,9.710926,5.376259,420.29636
9.243111,0.5697915,0.44488764,2.4217994,0.18929593,21.795815,93.35184,0.998326,3.1679769,0.94103307,9.54033,5.008103,482.26123
7.2202334,0.56942374,0.13894726,2.20221,0.07523581,25.454947,56.776062,0.99633783,3.4210823,0.63320947,10.15963,5.5289607,945.2802
9.327495,0.35137308,0.45558217,2.0448718,0.07102819,5.1869483,16.708633,0.9955714,3.2062507,0.6663547,11.296299,6.399483,965.839
7.2732496,0.6790459,0.09466794,2.4116812,0.083277546,14.977592,38.837887,0.99650574,3.4236424,0.59147924,10.231297,5.3823943,917.49023
8.426858,0.59149176,0.2714979,2.398609,0.08936702,22.66737,93.07956,0.997352,3.2428975,0.5764987,9.508692,5.1469016,501.82382
7.724395,0.505507,0.29203597,3.0956316,0.08255352,23.920382,88.59485,0.9972095,3.3236835,0.63123506,10.000405,5.4108663,760.76337
7.3446565,0.73118436,0.09730627,2.4259565,0.07559535,20.231537,57.99362,0.99644434,3.4226525,0.55815655,10.048818,5.065,870.38947
7.9861717,0.6321853,0.19250172,2.395306,0.08246799,32.236984,103.12042,0.9967514,3.2815084,0.50851953,9.627578,4.987115,1026.8849
7.6813436,0.63237673,0.118055865,2.347147,0.08423406,11.29433,36.093685,0.99690723,3.355994,0.5953111,9.910928,5.407896,731.2632
10.566489,0.29504076,0.55648166,2.3233662,0.07833471,10.299689,27.34361,0.9972371,3.1718044,0.9927224,11.496545,7.214781,521.2742
9.047986,0.4908768,0.33638245,2.3520374,0.08728394,12.90513,42.798782,0.9978194,3.244462,0.6351495,9.876445,5.4284334,671.5134
8.256726,0.32585254,0.4189775,2.2437232,0.07271016,11.317649,25.461203,0.99472594,3.2915804,0.72933304,12.079285,6.7958384,1035.7842
6.6633906,0.52901876,0.13072312,1.8488121,0.057011332,39.32198,84.97835,0.99474764,3.4396918,0.64075106,10.995841,5.7064433,1149.6428
7.4783697,0.813572,0.088012144,2.418616,0.08216946,18.481306,67.24302,0.9968333,3.3883424,0.54299074,9.845509,4.7968316,510.67627
8.969423,0.50162494,0.36665288,2.335422,0.1381605,16.490894,55.498924,0.998001,3.2465498,0.67994744,9.817489,5.5169463,620.35223
9.781662,0.42983103,0.3811295,2.0712643,0.09270694,8.952976,25.614025,0.9979748,3.209205,0.69011074,9.673126,5.7494397,461.61395
5.8480678,0.5168104,0.09545991,2.0543082,0.056391228,22.758556,62.419315,0.9933675,3.5996828,0.7013447,12.459975,6.305205,897.5268
9.724173,0.33586913,0.46206072,2.0352392,0.0798749,7.3927093,21.944052,0.9965295,3.1973405,0.72297436,10.801047,6.3473873,882.5269
9.351882,0.32797006,0.5175184,2.2626364,0.066312715,5.8424993,15.872207,0.99530923,3.2387443,0.7011495,12.164507,6.8536773,925.92596
7.4608083,0.85727835,0.08575608,2.410622,0.08209305,16.133516,52.432728,0.9968858,3.4374764,0.54998296,10.00853,4.802251,503.74435
12.535694,0.40808293,0.58206844,2.7993817,0.09311949,10.341195,36.513424,0.99996424,3.0855274,0.7778048,10.464255,6.008892,391.699
8.130197,0.38258028,0.327075,2.1823475,0.07763994,13.042641,31.906641,0.9959832,3.3173766,0.6897322,10.850056,6.199447,1040.0251
8.465591,0.32958376,0.43612614,2.3560846,0.07131398,10.342612,19.693962,0.99463564,3.2713015,0.74205256,12.391821,6.9881563,997.08344
8.09375,0.35243282,0.3757352,2.3186285,0.075801015,20.174112,41.26967,0.99534535,3.310472,0.7140518,11.308895,6.3903394,1107.1237
7.999262,0.53133434,0.25773203,2.4198856,0.085776985,21.153637,73.25486,0.99721783,3.3089497,0.6222497,9.855716,5.3262997,809.4227
8.742985,0.5221975,0.35592824,5.7180557,0.124522164,37.10893,101.01795,0.9988843,3.2235026,0.8206073,9.787595,5.5681186,916.4324
8.493359,0.4318619,0.33636236,2.3423128,0.08387626,13.221595,36.645916,0.9968844,3.2875237,0.6529242,10.409825,5.8203454,945.0588
11.819513,0.3809477,0.5655834,2.3355947,0.09445525,9.634772,30.111162,0.9991702,3.1140141,0.7921178,9.9600525,6.026551,424.4297
7.243526,0.49802035,0.19829062,2.2680345,0.07655418,25.832947,64.44915,0.99598515,3.3609617,0.6381607,10.358112,5.647259,1113.4456
7.7839184,0.57085335,0.1916859,2.2638307,0.08209646,26.88667,80.29462,0.9967638,3.3058558,0.564692,9.763628,5.263312,985.1748
8.278403,0.34794828,0.40736634,2.3888838,0.070899285,14.5876,28.428928,0.9951609,3.3171968,0.75906414,11.968289,6.782103,996.27423
10.994376,0.44885567,0.4826782,3.8357773,0.09306263,10.70705,35.49191,0.9993165,3.1896517,0.7238662,10.699984,5.8946843,621.2149
9.347996,0.4205573,0.37129137,2.2622626,0.084309645,11.438744,32.9602,0.99764067,3.2576509,0.6843237,10.169245,5.7817683,653.34827
7.4861927,0.4283764,0.2595203,2.128103,0.07426437,14.243756,31.996569,0.99528086,3.3501682,0.66686916,11.052811,6.119887,1161.6962
7.983936,0.47046188,0.23912157,2.1741407,0.0795536,10.060339,28.050037,0.99634075,3.3055012,0.6413034,10.333387,5.774145,952.3214
8.354597,0.38469306,0.38937753,2.5962217,0.080866225,22.707087,53.439175,0.99627364,3.2975087,0.7076984,10.88157,6.077624,966.44916
7.801791,0.5059233,0.2026753,2.2472544,0.08420294,14.136505,42.585564,0.9968948,3.3255136,0.63994414,9.891612,5.580941,808.81177
8.03805,0.5541264,0.18657795,2.1526766,0.07794837,8.897102,23.269802,0.9965561,3.2855744,0.58884233,10.028574,5.4025345,937.97784
6.8205967,0.5082896,0.16034254,2.2003756,0.07030041,27.182785,49.123047,0.9950805,3.4512374,0.6680463,11.11093,5.933456,1173.5238
8.030253,0.28639257,0.46512952,2.6722584,0.06916051,24.781452,65.155945,0.9938757,3.2351122,0.71139896,12.262816,6.9223485,1004.181
7.9177365,0.48454058,0.23566958,2.2777305,0.08506724,15.330215,46.623928,0.99711484,3.342734,0.67285764,9.950452,5.7128186,686.1458
8.414759,0.5888518,0.17421661,2.3424091,0.0825488,8.766681,30.828691,0.9972812,3.2845442,0.59485626,9.640268,5.3600903,474.29422
7.754207,0.57636696,0.16518836,2.1788418,0.09247258,11.14868,43.26065,0.996929,3.3462353,0.6471187,9.669944,5.5476594,327.29605
7.7940655,0.5722897,0.19549748,2.289342,0.0872506,17.50593,65.08099,0.99712193,3.3305542,0.61621803,9.687852,5.3773007,463.5627
7.0934873,0.3495289,0.29871336,2.1056848,0.06804514,19.761332,46.91358,0.99378365,3.3769765,0.7272743,12.191165,6.6687217,1099.4781
10.086337,0.26716414,0.5797954,2.6303303,0.064916685,10.457916,18.375343,0.99505913,3.1741378,0.9316261,13.475663,8.046268,598.6023
7.8839197,0.766673,0.102443144,2.20336,0.08358419,8.54618,31.836142,0.9969017,3.3627882,0.56426954,9.788558,5.0147495,317.48215
7.7540994,0.74183816,0.11768986,2.3998165,0.08353157,13.322098,52.103065,0.99715894,3.3728719,0.5790118,9.7332325,5.063513,305.16956
5.821477,0.8119214,0.0549665,2.2579129,0.06384684,16.577625,48.766594,0.9936546,3.688853,0.60368824,12.456492,5.212553,1021.36993
9.098123,0.4968051,0.3258248,2.3645275,0.08226867,12.541691,41.299553,0.9978616,3.255323,0.62574434,9.950291,5.357246,593.13544
10.154954,0.40097255,0.48569775,2.4372003,0.08249713,10.419626,26.914528,0.9976436,3.2266898,0.6859526,10.822417,6.0961194,709.1889
8.272246,0.4997481,0.26694432,2.3197331,0.087573074,24.296886,75.834694,0.99707144,3.272714,0.62720877,9.825948,5.445724,920.818
7.74567,0.71109766,0.11197418,2.3450136,0.08346007,11.938614,43.692482,0.9971077,3.3713903,0.5849472,9.75861,5.178992,400.21667
7.2448697,0.5609955,0.15028358,2.2413561,0.07592286,24.562151,53.9673,0.9959218,3.381493,0.61115474,10.399259,5.5802493,1207.6587
8.70941,0.64312947,0.2412591,2.3488727,0.08381476,13.186803,57.60167,0.9978311,3.2672303,0.59432614,9.563561,5.036506,346.35126
6.4678707,0.5113314,0.16073518,1.9895658,0.069258794,15.501402,33.967213,0.99410576,3.4834256,0.64792925,11.821244,6.1838684,1191.5929
10.23473,0.41057697,0.5368496,4.594197,0.07309759,15.057101,45.794518,0.9979193,3.2291067,0.8100505,12.013199,6.727157,538.83777
7.547158,0.46982986,0.22922091,2.2103333,0.07767611,24.04184,56.25422,0.99636155,3.362802,0.6596165,10.267409,5.708342,1026.9624
7.589081,0.5448912,0.16135457,2.146346,0.08298265,9.794992,26.371935,0.99611837,3.3207655,0.61157244,10.215231,5.612312,1059.4496
8.657235,0.504767,0.3129761,2.6176054,0.08661568,17.716446,64.747505,0.99781334,3.2947671,0.65868926,9.956644,5.4407167,623.6216
7.3500333,0.67235357,0.07649003,2.188486,0.08280668,8.092647,22.988508,0.9963393,3.3745127,0.57335377,10.158678,5.3637156,912.635
8.425764,0.62468934,0.17070612,2.2119882,0.08105907,6.740721,24.287006,0.9970388,3.249378,0.5476495,9.766907,5.1215463,757.8397
8.096828,0.6343445,0.21105418,2.3651364,0.08970186,19.417004,81.817856,0.99729687,3.2921357,0.5941912,9.4939,5.156802,291.33664
7.4828353,0.5318007,0.18303567,2.2203734,0.078163676,23.514658,55.639828,0.9963826,3.3546004,0.62251896,10.098162,5.541751,1103.6868
11.249718,0.36924112,0.5147571,2.3395975,0.08841939,11.105351,32.128513,0.9986595,3.1576772,0.76416177,10.259714,6.170662,547.16113
7.250065,0.494363,0.19116962,2.2237067,0.072464116,16.843609,37.590923,0.99552566,3.4279919,0.6720933,10.828621,6.0481257,1115.5552
8.279771,0.55989236,0.25014418,2.3792017,0.08561774,16.19191,62.834698,0.9976164,3.3032622,0.61660784,9.744675,5.249159,563.15845
7.409851,0.8740702,0.08692984,2.4644823,0.08056903,20.299938,63.837868,0.9965991,3.429986,0.529462,10.0868025,4.6118517,671.48444
12.042274,0.39152777,0.49071565,1.8103503,0.079007275,3.3166347,12.093997,0.99840194,3.033163,0.6608281,9.772086,5.9724474,568.76483
9.516295,0.58840954,0.25140762,2.363875,0.082598604,7.6214614,26.702425,0.99807256,3.2136624,0.56941426,9.427378,5.1050634,329.5794
7.8205433,0.5688027,0.15606181,2.2036695,0.083020926,10.195417,30.052984,0.99679095,3.3223085,0.6135618,9.872053,5.4754806,735.2441
7.660621,0.7233769,0.10007806,2.207998,0.08217164,8.875184,26.624344,0.9968904,3.3776767,0.58188874,9.9060545,5.149556,497.35846
7.866189,0.60093194,0.15152755,2.178024,0.08258508,9.256851,28.600054,0.9968787,3.3112354,0.59324104,9.844736,5.371165,638.0995
9.091347,0.58654934,0.34783012,2.667046,0.09188161,22.446625,93.17188,0.9982671,3.2456758,0.6333208,9.615588,5.0245347,447.71402
12.436707,0.46072203,0.55762863,3.546488,0.08181956,10.86755,34.85284,1.0000811,3.1380718,0.7281046,10.977427,6.136795,454.13565
6.804485,0.55759853,0.1278234,2.2700186,0.07162339,12.114466,25.006788,0.9945956,3.4198177,0.58517265,11.401047,5.784647,1287.8734
8.159674,0.65893155,0.13803838,2.2612774,0.082825854,8.847924,36.099476,0.9971144,3.304458,0.5864475,9.565794,5.262745,320.97665
7.896508,0.5870331,0.17799282,2.3791077,0.08379765,15.991734,53.75307,0.99714524,3.3244815,0.6026386,9.7220955,5.3379736,703.5695
8.10689,0.48652467,0.28448367,2.3379316,0.085124046,27.524137,86.92871,0.99723804,3.3056908,0.6173817,9.732151,5.3433967,799.1554
9.711971,0.2957043,0.5337056,2.3058336,0.06826361,7.2479005,13.434787,0.9952959,3.2083864,0.8096138,12.490459,7.3866777,775.9364
6.5122232,0.7340347,0.08506712,2.2385285,0.07173713,21.089085,49.120926,0.9948543,3.5630987,0.5935953,11.358905,5.381413,1093.4744
8.203509,0.50893354,0.2796266,2.4749749,0.08799686,21.216211,73.84217,0.99745977,3.3006659,0.626084,9.767395,5.3863115,729.1591
7.705643,0.4938438,0.23110108,2.1108623,0.07734641,32.719315,86.023346,0.99623495,3.2790163,0.57744855,9.955498,5.3675103,1278.1062
7.654632,0.54929566,0.15524575,2.2505097,0.08392765,11.585058,31.639753,0.99655557,3.3283472,0.6109848,9.972404,5.545758,911.5449
8.093371,0.41704458,0.29229388,2.2122467,0.078560166,8.769157,23.300797,0.9955729,3.2846346,0.62452465,10.8371935,5.971237,1144.6954
9.311687,0.46602958,0.5521905,1.4994122,0.33043918,7.5228724,31.89002,0.9978415,3.0845325,1.0873331,9.368515,5.6359406,329.36105
6.9946027,0.52418685,0.14814192,2.2703743,0.072931096,14.943653,31.253775,0.99514353,3.4087827,0.61429226,11.081729,5.8407936,1240.8688
8.746504,0.6174715,0.31270647,2.5114124,0.0883435,23.57057,101.2426,0.9977163,3.2398148,0.5890454,9.479901,4.992292,379.7509
8.702102,0.38028023,0.4381535,3.10922,0.07983878,25.633274,70.048256,0.9971678,3.3079486,0.7926688,10.779503,5.989314,773.3129
10.087292,0.4892698,0.37844,2.2705023,0.0829091,10.587226,31.297226,0.9982947,3.185945,0.61326814,9.722661,5.31949,497.74963
6.2272935,0.5821771,0.08113168,2.1438851,0.06489985,15.648266,36.673157,0.99423856,3.5384536,0.6255212,11.801013,5.900802,1157.9464
11.761902,0.50413,0.48702124,2.9964302,0.090262964,11.046635,36.67649,0.9998186,3.1213608,0.6297229,10.0653305,5.1060853,485.10226
7.514394,0.59919804,0.12831172,2.3324096,0.083381996,12.89787,38.45067,0.99688584,3.3769548,0.6147928,9.959723,5.4788,733.545
9.221427,0.494186,0.30369866,2.2116377,0.07801088,8.354531,28.605104,0.997572,3.2294376,0.61401576,9.892654,5.4638352,556.48956
7.188358,0.58011967,0.13846025,2.220989,0.074056976,25.641226,55.30728,0.99596757,3.413634,0.6127121,10.37306,5.5747824,1137.122
8.122299,0.49184132,0.25560933,2.3207965,0.08580122,20.337826,66.329926,0.9972642,3.294029,0.6181245,9.692435,5.4204373,804.1721
8.01848,0.39991558,0.3145845,2.2377062,0.0798061,16.893915,37.24957,0.99630815,3.347897,0.69508386,10.774691,6.089267,1009.6123
7.4891877,0.35451493,0.35510755,2.348081,0.07681525,13.149094,25.257027,0.9941927,3.3219616,0.6748804,12.165598,6.550981,1195.4886
9.286326,0.36980328,0.4435809,2.4002225,0.08095892,20.239872,55.50485,0.9971136,3.2319212,0.9457735,10.833502,6.345027,726.9698
6.5584235,0.44798505,0.24708486,1.9775405,0.05473874,10.1251955,29.478498,0.99231964,3.4331288,0.64320654,13.117887,6.7691364,1187.4229
7.9893217,0.4442489,0.2391722,2.1856987,0.0843492,13.351267,36.1391,0.99695975,3.3582914,0.71267104,10.138557,5.9732823,750.27325
11.03272,0.37362102,0.5393449,2.6573822,0.085373685,10.43395,30.123726,0.9980457,3.1849694,0.8120826,11.227844,6.677516,526.17914
8.375999,0.39556712,0.3435104,2.2218504,0.07766372,7.7624426,21.185501,0.99556255,3.2689598,0.6398025,10.990366,6.096418,1110.3805
11.609352,0.38217527,0.609631,4.366629,0.08429294,6.7998166,23.730326,0.99875385,3.151615,0.7256186,11.941511,6.7424684,466.02393
11.889562,0.47724336,0.5044871,4.6471896,0.08896304,8.826812,32.935345,1.0004213,3.156191,0.6966383,10.806987,5.822252,539.43604
11.496699,0.34007862,0.5343125,1.6779152,0.07531846,2.7698054,7.1446137,0.9969246,3.0569167,0.70639616,10.543771,6.448727,694.5135
11.190489,0.42729303,0.48657125,2.318242,0.082102336,7.077662,27.071953,0.9986885,3.1060762,0.620731,9.997598,5.536366,627.188
10.025507,0.41893667,0.40181935,2.1824007,0.087188706,8.474821,26.104727,0.9978123,3.178415,0.650999,9.962563,5.7490373,729.7792
8.0910845,0.6125502,0.19244114,2.4084902,0.086692296,14.903362,56.516727,0.9972734,3.3064053,0.60270506,9.622913,5.282806,502.04803
8.188682,0.48175326,0.26823846,2.1758995,0.07432868,4.907245,14.3798,0.99526775,3.2450924,0.5525879,10.8007965,5.65378,1242.2689
6.5931087,0.5523261,0.106453076,2.2234955,0.06822423,19.249697,40.219555,0.9950059,3.4988468,0.64424103,11.292683,5.926649,1138.3722
7.9308205,0.67054427,0.18098389,2.5015614,0.08468073,21.697344,84.48231,0.9971792,3.3267744,0.5582794,9.616125,5.036447,485.17343
9.754552,0.3439786,0.4788895,2.0382383,0.07433737,6.5757565,18.270466,0.9961989,3.1951492,0.69577986,11.048935,6.4159393,873.03784
7.7752156,0.77228576,0.100238636,2.3835454,0.081699006,8.559023,27.84623,0.9968308,3.37369,0.55345607,9.999868,4.96651,641.38477
8.722588,0.2881329,0.43934792,2.100512,0.072577335,15.313969,34.55653,0.9955017,3.2592533,0.8397381,11.692304,6.9372435,898.7927
8.670531,0.626878,0.20254293,2.2531664,0.08232589,11.098088,42.215157,0.9977311,3.3088188,0.6101634,9.473784,5.157795,133.99806
7.8953986,0.3625484,0.37290937,2.1592908,0.07674456,25.504128,69.45369,0.9950415,3.2684102,0.66001445,11.037747,6.1631875,1051.389
7.702369,0.4358715,0.25136325,2.1655366,0.076532066,11.359652,28.928892,0.99559826,3.3505597,0.6675017,10.860493,6.125521,1065.27
7.698971,0.62117237,0.16243066,2.3760543,0.07862067,20.697132,67.62866,0.9968285,3.3462179,0.5745166,9.749822,5.176398,804.9654
8.047305,0.53035975,0.2330714,2.301111,0.087316975,14.971742,54.91387,0.99741554,3.3265686,0.64583725,9.733131,5.4548817,441.89673
7.2754717,0.5092473,0.17892917,2.1849928,0.074311495,15.024233,32.730404,0.9955571,3.387484,0.6358245,10.772899,5.85467,1196.092
7.8579717,0.5991852,0.16282293,2.345086,0.085287035,12.385738,46.24008,0.99721736,3.3375635,0.616273,9.716342,5.359296,470.87106
7.104061,0.93011403,0.047254268,2.562085,0.07653429,20.15213,58.367977,0.99643403,3.4962907,0.5213543,10.283372,4.6375136,712.8834
7.1109905,0.46237567,0.21027042,2.1599572,0.07160071,10.606691,26.100801,0.9943342,3.3653038,0.61008257,11.672231,6.105295,1269.6582
8.729798,0.3763984,0.40602362,2.4835658,0.081795946,23.77052,50.770927,0.9967044,3.2983317,0.7645899,10.781237,6.0998487,961.7258
8.887687,0.64791864,0.32541212,2.6452703,0.08952833,28.189838,122.93616,0.9978106,3.2226648,0.571534,9.417782,4.839665,384.22073
8.377064,0.56933385,0.2643681,2.6341162,0.091131024,29.21963,98.328026,0.99740934,3.2510552,0.5749727,9.616774,5.159584,853.21466
7.6430087,0.57893384,0.14368543,2.2344112,0.085876204,11.469125,36.305416,0.9969904,3.3556023,0.6274535,9.866935,5.5157995,583.41
7.215171,0.42364874,0.25662667,2.1212945,0.070293844,12.136301,27.752542,0.99425334,3.3759372,0.64919794,11.826603,6.37319,1204.4692
8.071392,0.5530334,0.2119172,2.3236341,0.089975335,12.001928,45.589016,0.99719894,3.3031623,0.6266854,9.630718,5.453515,527.71204
7.1268654,0.5674276,0.1202613,2.2264113,0.07760267,15.8076725,33.610065,0.9958136,3.4149148,0.61699617,10.562296,5.7439,1156.477
8.124672,0.4005464,0.33428788,2.2538848,0.077681676,10.268828,27.339684,0.9959888,3.3296454,0.6649862,11.093759,6.0874367,975.94226
7.212629,0.39767247,0.26416117,2.3042872,0.07409569,12.805447,28.506702,0.9944822,3.3464031,0.634759,11.7048235,6.2382474,1237.1007
7.391106,0.6389022,0.11110473,2.2911048,0.08404596,12.463857,30.585392,0.9963708,3.379565,0.59637356,10.208437,5.3941865,1009.9986
9.881534,0.31492803,0.49049488,2.1182868,0.07882765,7.6188707,20.355207,0.9965404,3.20316,0.7696217,11.131461,6.6655073,803.4118
7.2196817,0.55628943,0.15340506,2.1754205,0.07413649,28.817854,63.87917,0.9959463,3.3835385,0.6125479,10.27387,5.505629,1194.1738
6.7668447,0.46710062,0.1921435,2.174477,0.0726688,28.792833,56.43668,0.99491835,3.3989437,0.6694905,11.143581,6.0075803,1245.3962
7.8452425,0.80728877,0.08095305,2.2244492,0.08232812,7.9275312,25.447355,0.99700135,3.3878858,0.55683845,9.845317,4.956202,357.07608
7.934441,0.56701577,0.20718879,2.2049124,0.08239376,29.175013,90.3412,0.9966802,3.256391,0.5359641,9.63498,5.189828,1128.1483
8.366186,0.5162955,0.29769716,2.4243462,0.096205175,15.909064,67.50028,0.99760884,3.2876797,0.7081827,9.70201,5.44447,385.89398
6.972978,0.5374423,0.16060698,2.1979315,0.07482284,24.139559,49.593014,0.99551123,3.427272,0.64579666,10.790809,5.7509637,1150.8365
8.1176815,0.73604304,0.13301553,2.4423687,0.08333271,11.096576,47.817123,0.997318,3.3337326,0.57917035,9.572308,5.0574694,289.44064
7.8868804,0.66575336,0.10309133,2.099093,0.08241432,5.8422284,19.077108,0.9966861,3.3001914,0.5482432,9.799785,5.2199454,752.2206
8.1261425,0.6429638,0.19658577,2.4157434,0.08677012,18.02151,75.03549,0.9973639,3.3098314,0.5949953,9.525884,5.1543818,285.63614
8.08053,0.5034811,0.22883534,2.236648,0.08226618,11.591011,34.372353,0.9967823,3.2895522,0.6202465,9.998818,5.5580826,848.1203
7.0669527,0.70733917,0.09099837,2.1846786,0.07500804,30.865017,70.293915,0.99595404,3.4286704,0.5727934,10.196441,5.1296363,1080.0386
9.237378,0.6184988,0.1960415,2.2751315,0.07426688,5.778854,20.963783,0.99767274,3.2282846,0.5591088,9.427879,5.1160474,272.7424
5.8726625,0.71934026,0.06980102,2.182123,0.066523366,13.358117,41.905643,0.99362874,3.6639276,0.60944504,12.520148,5.547718,1002.2651
9.078416,0.5326106,0.31519195,2.3520136,0.08313309,12.632195,43.96542,0.9979706,3.2461293,0.60616726,9.80263,5.2260733,555.0753
8.702624,0.40029538,0.36641815,2.3826802,0.085939035,13.719554,36.052605,0.9967908,3.2707245,0.6772799,10.522498,5.977077,985.4194
7.433585,0.5913076,0.14498824,2.1813943,0.07649026,27.588297,69.13719,0.9963104,3.3634377,0.585331,9.995549,5.3181267,1130.134
8.621329,0.566467,0.28809813,2.5102708,0.090927735,23.224588,88.76665,0.9975596,3.2396693,0.5948511,9.580394,5.2391577,695.54895
8.288119,0.721645,0.1599848,2.3405547,0.084566325,11.375054,48.98121,0.9974364,3.3216271,0.58761597,9.542921,5.053425,186.15773
8.171274,0.4684047,0.27388424,2.4094908,0.0829708,14.160543,45.466137,0.9969009,3.296063,0.61919636,10.152733,5.6184945,987.5876
7.838192,0.54158074,0.19559555,2.3497498,0.083915114,15.325979,49.300392,0.99693817,3.3211515,0.61657876,9.824985,5.4716554,843.2927
8.492871,0.53385186,0.31436494,2.4479904,0.09475908,20.42822,82.0851,0.9976772,3.2659218,0.6477794,9.642448,5.2722,497.70975
7.3593574,0.44459972,0.2599056,1.8835454,0.066072136,36.44089,99.81693,0.99494565,3.2751153,0.5747424,10.576833,5.669011,1206.1233
7.679584,0.43745446,0.27088404,2.2436776,0.07627736,9.430193,24.308575,0.9949484,3.3142161,0.6188068,11.145487,6.0174026,1187.9973
7.2867427,0.70774037,0.11741367,2.341359,0.07879702,23.492414,56.49025,0.99614125,3.4098494,0.5715802,10.265815,5.1379304,1180.3976
9.374976,0.5883053,0.23304592,2.2902398,0.07375991,8.690122,28.458223,0.9978885,3.234332,0.5816212,9.513613,5.150129,287.0624
5.466448,0.56362337,0.03819174,2.0443804,0.05121292,16.878168,52.813133,0.9926085,3.6353965,0.6573814,13.022799,6.256525,866.4331
7.864446,0.52611685,0.18183595,2.2394683,0.07986111,8.899942,25.068623,0.99623936,3.2928283,0.5822135,10.28316,5.5448604,1113.7881
8.505269,0.40603575,0.31062645,2.1018307,0.08739613,9.26695,29.936472,0.9969051,3.307276,0.75023705,10.205626,6.1096163,711.77936
8.106016,0.59592026,0.20840366,2.345539,0.086606435,15.429818,59.363937,0.99732584,3.309115,0.6116025,9.631641,5.281889,447.17102
8.725326,0.4327001,0.3484833,2.214567,0.08078192,10.454156,29.730171,0.9969398,3.2747824,0.64308125,10.453965,5.7616854,876.70416
6.233948,0.56154,0.09433605,2.2637239,0.059497204,11.765862,30.285948,0.99352485,3.4808302,0.58914,12.232533,5.992007,1230.5697
8.311791,0.5987648,0.16984816,2.2124052,0.080959,7.4115415,23.089949,0.99687505,3.2721128,0.56287944,9.859878,5.2752495,825.56213
9.147354,0.39991784,0.41323358,2.3388743,0.08259904,8.842073,26.218252,0.9968646,3.24279,0.6424686,10.733792,5.8816266,902.2352
6.7971306,0.5326516,0.13388568,2.2698264,0.07097909,17.000154,38.863777,0.9949574,3.4469168,0.6252768,11.251176,5.849328,1160.2699
7.183161,0.57512045,0.123447224,2.242354,0.07855567,16.411171,34.747257,0.9959745,3.4157352,0.6206125,10.490033,5.7002106,1121.6323
6.3125143,1.1058447,0.015420528,2.449298,0.072492346,19.341234,53.135235,0.9949912,3.700797,0.52863514,11.461056,4.213383,874.7273
9.219019,0.36000037,0.4421692,2.33189,0.08364484,9.028123,24.265474,0.99644154,3.2496862,0.6975224,10.998933,6.32445,922.0055
8.642259,0.41779265,0.33961242,2.3099399,0.08517557,12.947688,35.394375,0.996847,3.2593634,0.65793717,10.300378,5.8559895,1014.83203
8.873655,0.5168969,0.32901013,2.5120575,0.09173322,18.100706,66.36805,0.99798745,3.2710476,0.65942854,9.807874,5.3975897,609.5629
7.4874363,0.8020982,0.09198499,2.4933586,0.07966945,14.117005,48.809143,0.99690163,3.4192212,0.55298615,9.958005,4.9105396,586.6367
10.03306,0.5550511,0.41903567,1.8589705,0.17096415,10.630147,48.21095,0.99856544,3.15889,0.7809373,9.413378,4.985305,389.28854
7.6497383,0.59280944,0.16854662,2.2539928,0.08538902,15.444106,57.538975,0.99719375,3.361431,0.62710625,9.692152,5.4145484,358.69803
6.840288,0.5477926,0.13400576,2.261289,0.07132862,13.519249,26.73295,0.9947398,3.4175854,0.5878329,11.35293,5.798875,1299.8876
12.285524,0.474169,0.5744453,3.3333597,0.09210077,15.573672,41.987076,1.0003037,3.140313,0.81253326,10.679732,5.9025946,437.5136
7.97468,0.2919722,0.41027594,2.0541692,0.06844814,31.492296,62.146137,0.99507356,3.3237953,0.8132747,11.675678,6.5800705,1093.0579
9.334359,0.45449236,0.38373068,2.4230077,0.090176746,15.956844,54.539173,0.9982195,3.2762995,0.710047,9.936171,5.569593,446.0285
6.4250407,0.47947592,0.15603116,2.1178336,0.063280344,17.97406,48.82502,0.99389523,3.5125978,0.67905986,12.133463,6.308946,996.00934
8.634648,0.5066346,0.27040723,2.2807422,0.08488327,12.584494,40.81368,0.99758655,3.2844164,0.6393656,9.813639,5.4475946,539.9566
8.206943,0.46212086,0.30832642,2.842823,0.08089075,15.748162,52.763126,0.9971414,3.3268397,0.6327771,10.465172,5.6887503,773.87756
8.7334385,0.3167294,0.42742953,1.976674,0.07412131,9.44277,24.612568,0.99568677,3.2806666,0.77905416,11.2561655,6.6870894,951.8003
9.730112,0.34904754,0.503911,2.4882636,0.07801958,7.7249722,19.750105,0.99611336,3.222468,0.7270311,11.764332,6.811019,822.448
8.579019,0.56714314,0.28529665,2.4708526,0.08828468,22.728987,87.014854,0.9974963,3.2330503,0.57994175,9.52134,5.18207,736.14044
7.5855722,0.5405232,0.19025016,2.272957,0.080851525,19.77427,51.016243,0.9968085,3.3769882,0.6356465,10.070209,5.504857,834.35767
7.0201006,0.5952212,0.08719571,2.1805444,0.07980651,10.337259,25.53449,0.9956655,3.4051175,0.6077484,10.604656,5.697545,1151.8569
8.439067,0.56938535,0.3234022,3.883265,0.10772234,33.747013,105.51355,0.9982602,3.2605553,0.63368815,9.635122,5.1731596,770.02527
6.0108066,0.5832283,0.074340165,2.1545694,0.06264644,18.588516,49.086735,0.99405915,3.5923939,0.65416944,11.948369,5.9842253,967.50616
7.9197326,0.36283192,0.351867,2.1077256,0.0726157,29.796392,57.986187,0.995863,3.3306057,0.74689335,10.959826,6.186351,1105.4807
7.935466,0.49328804,0.21728817,2.2433398,0.08225927,12.376148,34.108658,0.99676955,3.3345723,0.6614938,10.097278,5.7188253,785.43036
9.804049,0.46168035,0.41073975,2.3216858,0.08699889,11.928169,37.805523,0.99815476,3.2145617,0.64077365,10.051949,5.4839363,635.8333
8.047046,0.5030428,0.20707461,2.1685476,0.08202615,8.40557,23.001545,0.99626625,3.2796853,0.5940176,10.265183,5.6214814,1103.4799
9.734254,0.47598878,0.37881684,2.4358683,0.083936684,13.159602,41.50652,0.9982727,3.2322342,0.6398373,9.99421,5.4000964,526.77625
8.138441,0.32790944,0.39332956,2.016276,0.072268404,8.153738,21.885122,0.99439174,3.2905061,0.6948066,11.958744,6.7038994,1082.8003
7.568366,0.57565284,0.15791173,2.3664062,0.08233892,15.990166,47.81994,0.99662656,3.3448508,0.6028706,10.037029,5.4347415,963.23846
7.6214595,0.9281593,0.08643001,2.4398375,0.08178803,11.309966,33.430977,0.9967471,3.4442787,0.51947314,10.180626,4.569395,588.49
7.88438,0.67965174,0.15909351,2.3145344,0.08723152,15.681168,69.994896,0.9970591,3.3089716,0.602308,9.428457,5.1466923,176.07765
8.238156,0.65589076,0.1572181,2.3973887,0.0843271,11.051302,41.410206,0.9973424,3.3051314,0.5846681,9.591146,5.218854,514.29
7.60678,0.43366605,0.26148978,2.2262518,0.07399296,9.076421,25.169777,0.9949938,3.3294022,0.6206698,11.215782,6.052896,1187.8177
5.724676,0.6159341,0.04342692,2.0339408,0.05650961,10.308314,28.924015,0.9928646,3.593786,0.5987042,12.686269,6.1221476,1122.2314
8.088717,0.35078016,0.3733043,2.3848264,0.08025766,20.263613,41.857857,0.9955682,3.308025,0.7065367,11.286083,6.336302,1083.2452
10.406242,0.44217935,0.4193331,2.18083,0.09163847,8.628394,26.34465,0.99839956,3.1661792,0.65969515,9.737044,5.5887294,485.34262
7.92365,0.40712246,0.30763882,2.1697326,0.078059316,18.218727,39.913967,0.9963389,3.3514996,0.7068592,10.610372,6.081354,998.43274
7.4131546,0.5203509,0.18890536,2.1061444,0.075999774,27.144646,65.048355,0.99619734,3.362366,0.61996275,10.086413,5.533,1135.3843
7.3444967,0.6113461,0.11228536,2.3207753,0.0768651,6.3584466,16.837847,0.9955762,3.3322122,0.5410164,10.510467,5.3034167,1278.5251
9.104151,0.5137762,0.5677711,1.9546208,0.32462677,15.2180605,63.196262,0.9978764,3.0962274,1.1794012,9.491237,5.270995,443.66333
8.018585,0.54705346,0.21198715,2.3653622,0.08663592,16.00349,56.307983,0.997213,3.2948928,0.61444116,9.683719,5.3711615,699.208
8.0952425,0.48432082,0.33575252,4.0874863,0.07896705,22.985228,91.95394,0.99771476,3.3331246,0.6777494,10.257746,5.5686216,678.9143
7.863849,0.3833949,0.31376016,2.1791544,0.07636517,10.8386,28.620043,0.9951734,3.3208568,0.666304,11.272249,6.280281,1102.9723
7.460712,0.76687956,0.122917354,2.3450346,0.07710671,37.4584,103.37591,0.9961021,3.3595047,0.48247316,9.989991,4.7509065,1232.923
7.6531963,0.58914363,0.2087327,3.791877,0.09062179,44.623646,124.942055,0.99710554,3.254369,0.5411482,9.46861,5.000099,1138.2878
7.3874464,0.66030645,0.10396673,2.3967912,0.07798179,14.899615,45.90055,0.9970068,3.4241447,0.6040892,9.909371,5.3590355,553.64435
6.716297,0.6298025,0.093271434,2.2736773,0.07191301,19.998148,43.671223,0.99511504,3.5037432,0.62465274,11.145176,5.6324434,1070.1665
6.442079,0.41129234,0.21896148,2.0447428,0.064455375,19.5231,48.36488,0.993352,3.4637356,0.7156087,12.495543,6.612432,1079.7294
6.3060184,0.4080638,0.21347173,1.7752423,0.048882414,42.473766,86.41006,0.9930784,3.5083835,0.75523406,12.501385,6.527737,1000.18726
7.610134,0.68732136,0.11456832,2.3455222,0.082216665,13.207044,46.790943,0.997135,3.3964748,0.593966,9.798111,5.2613916,435.72476
8.16499,0.5241898,0.27497774,2.4082925,0.08778891,23.734735,83.01064,0.99743587,3.3038914,0.6088943,9.732641,5.30116,674.4506
8.091246,0.5302063,0.2024167,2.2169747,0.08385804,11.707625,34.38278,0.9970131,3.3237169,0.64604336,9.906544,5.6125407,628.8877
8.728526,0.5140681,0.33111593,2.6678813,0.0895506,20.345425,76.08026,0.9980218,3.301916,0.664469,9.902915,5.395659,541.82544
8.04594,0.39851913,0.34185883,2.2223186,0.08150984,23.944332,53.456837,0.9965538,3.3248775,0.7257867,10.526508,5.9468026,964.18976
9.777248,0.3809476,0.4387464,2.2297251,0.0849485,9.189763,23.663467,0.99711657,3.2002077,0.66345453,10.417872,5.9652786,877.0288
8.5592985,0.5620209,0.21203905,2.1875937,0.07939785,9.679401,29.691381,0.99729997,3.2832606,0.61520755,9.702172,5.412632,469.05957
10.409951,0.43020505,0.42901483,2.1963415,0.08977807,9.391767,27.42699,0.998397,3.177626,0.6752421,9.806321,5.6559854,480.4724
7.886698,0.4745714,0.24704316,2.2656953,0.081433654,22.629131,63.615185,0.99690473,3.321109,0.6382474,9.8900795,5.5694265,923.2868
8.139108,0.5052162,0.29342565,3.4168766,0.08660881,31.933805,98.53884,0.9973217,3.2747703,0.6709257,10.006198,5.476224,1033.1326
12.326114,0.39054185,0.5882269,2.1270137,0.1177221,10.634712,39.00102,0.99959815,3.0814734,1.0684482,10.10232,6.4484105,211.14058
8.717375,0.5456659,0.32738537,2.7308176,0.10913895,28.071617,95.26173,0.99801403,3.2570097,0.6528414,9.736459,5.325299,698.9094
6.798488,0.5259569,0.15040588,2.0277119,0.065126404,34.883766,68.412025,0.99519277,3.4451833,0.65475553,10.844462,5.7317343,1180.0956
9.995323,0.44204533,0.4218307,2.2332091,0.102879114,12.068717,38.362667,0.99835354,3.2115467,0.6936446,9.97715,5.6246853,541.89734
13.032704,0.4685984,0.5658788,3.6947565,0.08828948,11.552586,36.804565,1.0007937,3.1048298,0.7555193,10.785245,6.0501366,427.43576
7.485872,0.7060469,0.10592657,2.4105816,0.08314779,12.366692,34.869987,0.99664795,3.3982394,0.58046883,10.131545,5.2167387,825.58746
8.269021,0.42947164,0.3027034,2.2465093,0.08307133,13.064208,35.53957,0.9966534,3.298142,0.65603805,10.378189,5.8643556,959.0792
7.1587477,0.69277817,0.07613638,2.2300394,0.077086985,3.8447928,12.394416,0.9951573,3.3642552,0.5219241,10.855033,5.2546177,1291.9435
8.954445,0.44726723,0.3558668,2.2605083,0.08241551,11.110584,32.767326,0.9973484,3.2723002,0.644904,10.325021,5.6714535,759.28613
7.684033,0.4720092,0.2731955,2.6521928,0.077936605,26.62263,79.29865,0.9962623,3.2794762,0.61386645,10.184571,5.6345224,1172.7316
7.471283,0.53395915,0.16986436,2.2813027,0.08096985,17.52392,47.044147,0.9964194,3.3572648,0.6157211,10.161813,5.57423,1055.765
10.919133,0.4606331,0.4771841,2.6501806,0.08585439,9.845928,34.26365,0.9989815,3.14982,0.64239746,10.099887,5.384346,613.7733
9.620484,0.4168584,0.39630172,2.2208462,0.08255792,10.347429,30.492516,0.9976314,3.2365258,0.670055,10.200184,5.811008,667.9182
9.420255,0.4393358,0.3462998,2.1822388,0.08357498,10.540429,30.994015,0.9977191,3.2369673,0.6631591,9.927117,5.7129054,594.82153
8.900665,0.6970819,0.3259229,2.5116904,0.09525524,27.950676,124.61802,0.99744266,3.2075977,0.554662,9.312091,4.840256,299.76068
7.368345,0.43351457,0.24012715,2.0327344,0.07240756,16.573374,35.760365,0.99552125,3.3770072,0.6995466,10.912428,6.1597834,1105.4875
7.3610797,0.52801204,0.17164718,2.2584863,0.07784112,22.440397,46.366745,0.9962743,3.3995187,0.6411819,10.338015,5.672553,1030.6223
8.791147,0.5257507,0.286682,2.3288152,0.090065025,13.064652,47.24603,0.9978641,3.2793205,0.6338218,9.649988,5.3940597,436.21414
8.210352,0.46584785,0.25349557,2.1835399,0.08391279,9.633903,27.835445,0.99659705,3.2805328,0.6397478,10.187423,5.746957,953.8826
7.4940886,0.6363746,0.11643314,2.2356136,0.08497053,13.460869,47.79609,0.9970579,3.382309,0.6074191,9.737926,5.4033847,420.57614
8.389098,0.4426886,0.3267459,2.468813,0.08493114,27.249022,77.14725,0.99750584,3.318379,0.7187413,9.994834,5.5403633,768.7496
7.321211,0.63239276,0.09282388,2.2669342,0.07913425,17.012243,46.435356,0.996637,3.400134,0.59837127,9.939423,5.327661,785.0725
8.411348,0.6000736,0.24898335,2.4160855,0.08771452,17.852783,70.7928,0.9975218,3.278976,0.6036084,9.543667,5.2094107,428.545
8.243549,0.65635884,0.1977752,2.4352455,0.08620873,17.23219,73.64863,0.99744314,3.2963946,0.5912461,9.475482,5.113368,259.90323
8.540574,0.5888918,0.22874834,2.2872996,0.08603447,14.377399,57.34964,0.99778336,3.2884927,0.6179454,9.532815,5.173736,309.49118
7.372095,0.48793665,0.2002895,2.2314787,0.07713297,16.940334,36.189518,0.9957526,3.3813775,0.6495929,10.671384,5.871418,1144.5553
7.5328155,0.6657286,0.12812701,2.3693285,0.076143205,20.53283,61.22081,0.9966837,3.3745272,0.5675397,9.872839,5.1227016,841.53156
9.589533,0.38833147,0.5692618,2.3456366,0.24365905,11.975176,38.20338,0.99797577,3.164205,0.9049711,9.998203,6.056691,566.08014
8.842681,0.483508,0.32938465,2.4592085,0.08758398,14.872276,48.82435,0.99773383,3.2705185,0.64695644,9.954006,5.489581,706.01544
7.650128,0.50184864,0.21581163,2.3540485,0.08003633,19.537825,55.34206,0.99690586,3.3803427,0.66127497,10.029456,5.5782037,720.33765
8.405844,0.3685486,0.4080925,2.3624666,0.07751918,9.339557,22.472761,0.9954122,3.2931395,0.6629977,11.604597,6.384802,1059.3599
7.6636286,0.4591017,0.30064324,3.4083166,0.076149374,25.92837,89.992546,0.9965205,3.291976,0.61790085,10.3166485,5.6914215,1021.4861
8.570958,0.44176766,0.29855245,2.2347908,0.08762658,13.219759,37.16715,0.9972812,3.2991204,0.6957514,10.037652,5.7994113,697.3707
9.750743,0.39750051,0.46545932,2.7600408,0.0895131,17.00617,47.64847,0.9979135,3.2465262,0.79689455,10.651125,6.047129,686.9858
7.3361764,0.45341605,0.25801978,2.2151244,0.0730986,27.568102,57.836967,0.99569833,3.380863,0.6994512,10.806333,5.8796268,1066.33
7.8234577,0.60122603,0.14344016,2.3280392,0.08141293,11.490901,35.440853,0.99662215,3.3201509,0.57897425,9.9481735,5.370207,960.7167
9.219512,0.33419126,0.44606355,2.2995079,0.07923516,13.060558,32.234695,0.9965964,3.2607987,0.8459367,11.063915,6.6350665,822.2298
7.796089,0.35073984,0.40875727,2.451974,0.06614322,33.499763,114.3427,0.99467474,3.2117088,0.6101732,10.951027,5.979411,972.7312
7.4028864,0.5631091,0.15365763,2.1727674,0.07638211,23.45999,61.157818,0.9964377,3.3629723,0.60318726,9.908556,5.4098973,1039.373
7.365108,0.6373076,0.098114505,2.2852874,0.08123156,10.891636,26.734858,0.9961024,3.3600929,0.57613295,10.275581,5.3862777,1122.5333
7.0357237,0.5135727,0.15781246,2.289623,0.07359376,13.807316,29.491846,0.99499553,3.3880208,0.60804015,11.154444,5.8339148,1264.1996
7.9128847,0.6282325,0.16972193,2.4270577,0.08251227,17.166725,57.468105,0.99701726,3.3070269,0.5881724,9.686073,5.2440214,784.62604
9.056679,0.5180468,0.36564052,2.560523,0.09731351,21.452724,86.42556,0.9983657,3.2631261,0.76633483,9.679278,5.1690984,390.59232
7.653287,0.49513972,0.21332407,2.224992,0.081114255,20.141127,49.760128,0.9966239,3.337326,0.6339262,10.038451,5.640884,1039.2058
7.379138,0.49085495,0.20233281,2.232242,0.076929435,15.289553,34.848568,0.99557847,3.3757198,0.6407776,10.753936,5.926757,1156.0028
7.552653,0.5665995,0.17151886,2.271357,0.08069339,22.99572,64.79073,0.99680734,3.35957,0.6082248,9.884972,5.3811984,829.2375
6.8975554,0.6036248,0.07648887,2.2080047,0.07599949,8.502491,20.340359,0.9950559,3.3971176,0.5748798,10.911342,5.56296,1295.174
10.113129,0.3165964,0.5114052,2.1220443,0.08052526,7.6989603,22.578789,0.9969244,3.2074802,0.8475983,11.204823,6.848618,654.88983
16.098577,0.38862807,0.77457786,2.5291505,0.085475855,8.534829,31.006,1.0020133,2.8865008,0.9013331,10.39541,6.6956944,79.6703
7.432144,0.8174901,0.06908728,2.5143192,0.08456463,10.110291,33.271675,0.9967467,3.4350772,0.54661435,10.165687,4.9595184,717.2566
8.65363,0.4306057,0.34955794,2.4447927,0.08133745,17.973764,46.123646,0.9972335,3.3208098,0.76822203,10.325458,5.990072,778.4849
7.8115797,0.46302027,0.24147491,2.1768007,0.08168365,12.631927,34.435658,0.99645585,3.328736,0.6539526,10.277525,5.8534865,875.0959
9.611491,0.5026467,0.41596666,2.3373466,0.12760186,16.891596,62.67532,0.99844605,3.2155569,0.7508184,9.800583,5.300327,515.34174
8.974491,0.502137,0.35304517,6.029295,0.081014216,22.239685,82.0006,0.999499,3.321439,0.6681994,10.033859,5.422243,447.3575
7.9902287,0.53440416,0.19803104,2.2384121,0.082375534,11.782565,33.662243,0.99694204,3.3257425,0.63568544,9.904065,5.534702,708.0333
8.078794,0.54044074,0.19889195,2.228911,0.08320234,10.634897,30.939596,0.9967645,3.2783968,0.60280037,9.926622,5.4504385,876.9583
8.827019,0.5844589,0.28462234,2.3837342,0.08747666,15.644125,66.01164,0.998037,3.2396789,0.60550374,9.491641,5.089697,403.8099
7.2650123,0.46905246,0.22240251,2.2013621,0.07054223,25.342577,48.378006,0.99556506,3.424066,0.6921579,10.868869,5.991676,1134.209
10.3992195,0.546673,0.46399698,4.5472746,0.12519225,21.718124,85.25317,0.99976546,3.2064872,0.8179356,9.9461,5.171739,650.26355
8.161965,0.5231162,0.24574304,2.2759318,0.08641451,13.814747,47.506153,0.99739295,3.2997816,0.62734556,9.815964,5.394825,632.3053
7.969772,0.5673757,0.17772573,2.2910457,0.08505485,11.63563,37.91411,0.99719095,3.3269503,0.6243829,9.768846,5.4355354,556.0194
8.302148,0.5598095,0.2640704,2.4354467,0.08930449,20.046274,78.77204,0.9974468,3.2720928,0.5998056,9.611543,5.267422,563.0869
7.699671,0.4855165,0.2312656,2.2949307,0.0814718,20.427017,54.291542,0.99662584,3.3390775,0.6494956,10.111693,5.624588,994.10516
9.624126,0.385515,0.4822431,2.805091,0.080748215,22.04251,56.647785,0.9973801,3.2399178,0.86353385,10.974921,6.2738905,717.4918
7.246789,0.541065,0.14464542,2.2283149,0.07687697,11.248033,28.359692,0.9955443,3.367689,0.6113961,10.626524,5.739386,1192.3441
7.4135704,0.6442245,0.1315567,2.2256858,0.078200646,34.340508,88.67949,0.9961673,3.3822186,0.5518162,9.960757,5.1763124,1065.7036
10.11622,0.3913698,0.448724,8.285153,0.11161333,16.997372,54.136894,0.9998074,3.177836,0.743241,10.27328,5.912108,837.7369
7.7060194,0.5347073,0.1834324,2.1297748,0.080596864,21.547037,61.11061,0.99664474,3.3153195,0.6012859,9.707522,5.444249,915.0181
7.8573976,0.5545627,0.21740776,2.209121,0.085645095,27.592802,87.19907,0.9967526,3.313877,0.59393203,9.749425,5.3009167,701.87396
10.269043,0.47609374,0.42701608,2.4009113,0.10222718,13.095252,43.812523,0.99873275,3.1851697,0.6730344,9.874242,5.375313,554.9119
7.74016,0.5097107,0.2913305,6.416846,0.08401928,35.200066,109.18905,0.9984494,3.3310916,0.6852189,9.962189,5.458404,780.92303
6.1919875,0.5631742,0.12197715,1.9976369,0.06303383,9.268742,25.358027,0.99304354,3.4963236,0.5995455,12.5074415,6.221206,1236.5533
10.102444,0.37274736,0.45923012,2.3370051,0.09886568,11.719733,39.421673,0.9979979,3.2142174,0.85442394,10.234629,6.2114606,591.8275
7.4462857,0.89361995,0.055825476,2.388935,0.08229507,7.5300746,21.311136,0.9961732,3.404514,0.5030377,10.296068,4.61816,993.9001
7.6916013,0.31943804,0.3659061,2.0888677,0.0694745,26.969034,55.21775,0.9949452,3.340551,0.78652996,11.648858,6.587429,1129.4669
7.7548504,0.5071903,0.2002917,2.260374,0.08100081,13.661294,35.596775,0.9966722,3.355793,0.6535126,10.180316,5.6951275,844.04724
6.236562,0.42727908,0.18869302,1.9009767,0.054405805,30.541979,71.72313,0.9936813,3.5342839,0.7519625,12.2632265,6.488886,1015.7767
7.4245973,0.5192262,0.17254023,2.2290618,0.08060278,16.078928,39.112682,0.99624527,3.363413,0.62548244,10.266096,5.687,1064.8047
8.182436,0.5014224,0.2361452,2.1194448,0.077100225,7.055843,18.117907,0.9958305,3.2643836,0.5856514,10.458519,5.6331997,1124.7927
7.1667414,0.59035534,0.10587935,2.2279475,0.077960886,9.98813,24.655756,0.9957166,3.3762865,0.5895998,10.543265,5.582766,1190.604
7.6739116,0.5116816,0.18093272,2.211369,0.084312804,17.275753,42.861603,0.9966453,3.356356,0.657528,9.980225,5.687691,846.8687
7.4889874,0.3715832,0.3240748,2.0353987,0.0668973,10.267715,27.061768,0.9937976,3.3532848,0.68901086,12.278151,6.7415447,1125.0419
7.2894244,0.52022356,0.16408473,2.250565,0.076626085,13.075492,29.215824,0.99546134,3.371437,0.6096599,10.792438,5.7528415,1216.181
8.632337,0.5609726,0.2371377,2.2471137,0.083514,10.612388,33.883057,0.9975071,3.2676551,0.606814,9.645284,5.3219,479.34512
12.89634,0.43699917,0.5809071,2.742786,0.08579502,10.664949,36.35197,1.0002159,3.0775268,0.7376198,10.465134,6.031231,399.46036
8.492308,0.44858357,0.34072655,2.7768977,0.085796386,17.946962,58.2975,0.9976055,3.3180206,0.6756651,10.328991,5.6857862,685.78033
7.5931735,0.46420896,0.23263443,2.2257326,0.077910736,21.063019,47.370018,0.99629945,3.3628907,0.6630875,10.349521,5.8458867,1042.1267
10.2927,0.5510106,0.47097868,2.6931343,0.1083548,23.02446,93.86184,0.9991075,3.1940508,0.8914448,9.756043,4.976769,412.11203
11.324029,0.36369136,0.50209635,2.2158134,0.07288506,2.842548,16.807999,0.9975824,3.080917,0.65251607,10.555248,6.2196865,781.25494
11.209674,0.47839385,0.46765736,3.1689987,0.09562611,11.018116,37.302773,0.9994888,3.1539137,0.6840597,10.181562,5.3436165,583.0221
7.7836027,0.38693127,0.3104922,2.1942728,0.07521546,10.475078,26.588856,0.99521935,3.3430016,0.67433965,11.260202,6.346315,1087.1696
8.223824,0.57549465,0.21009266,2.2748768,0.087733276,12.166929,46.60136,0.99746436,3.305748,0.62506413,9.597104,5.400015,379.1783
8.504341,0.46699736,0.33606932,2.5501313,0.094430186,29.79129,90.38703,0.997486,3.2589092,0.8763322,10.035703,5.5226107,808.0904
7.9572163,0.40425673,0.28403234,2.156053,0.07752325,11.073545,29.852726,0.996032,3.3470287,0.71538156,10.767483,6.2325077,935.7574
9.172231,0.31705025,0.48654673,2.4628513,0.07070775,21.424557,44.314835,0.99591774,3.2398038,0.8969739,11.941992,6.986424,796.9625
8.917639,0.58899343,0.22336884,2.1638381,0.07701648,8.57867,27.363787,0.99743915,3.241528,0.58868384,9.598695,5.262359,453.00195
7.0767307,0.50617534,0.1902243,2.105954,0.07166635,28.663227,53.60056,0.99558747,3.41381,0.6579891,10.723578,5.8300304,1210.1875
7.6721253,0.5988353,0.17198011,2.1736887,0.0863482,17.446423,61.923714,0.99709547,3.3498957,0.6207059,9.701341,5.3837786,426.21103
7.054444,0.53071976,0.15204976,2.2699275,0.07257297,11.729351,26.337015,0.9949213,3.3863082,0.5971826,11.111087,5.7808576,1254.559
9.227698,0.4671309,0.3308792,2.0613015,0.1389316,9.021538,27.86574,0.9980365,3.20862,0.6979981,9.629939,5.5556746,432.18515
7.7316556,0.3373021,0.33995283,2.0400107,0.06802422,18.13192,40.87784,0.9951074,3.3389463,0.78922135,11.502608,6.6706576,1078.9078
7.164195,0.51038885,0.19796464,2.1911452,0.07077298,8.112968,21.250694,0.99419,3.3640316,0.5986338,11.53748,5.9897804,1273.1553
7.3421793,0.3817369,0.3334176,2.4927983,0.075474195,29.67946,64.86134,0.99525523,3.3538475,0.7184434,11.169272,6.1115103,1087.0712
8.478271,0.4263817,0.32774264,2.2549295,0.08120997,11.164118,32.446312,0.99689615,3.3128383,0.6761006,10.521848,5.8452373,785.1526
7.2923827,0.6811409,0.10615358,2.3001735,0.07671068,24.896252,62.98889,0.99636877,3.3980277,0.5739509,10.058175,5.102242,1041.6865
7.746416,0.6144831,0.13743812,2.2063808,0.08048349,8.960392,29.971172,0.99695754,3.3285127,0.598053,9.821867,5.3209047,571.53375
7.3523974,0.66576713,0.13115571,2.1428313,0.07595752,31.019712,79.48352,0.9961996,3.3708668,0.5470856,9.934433,5.109099,1135.9834
7.4045696,0.54317844,0.16934101,2.2988043,0.080671616,18.73917,42.072163,0.9962507,3.371387,0.6222958,10.280127,5.652567,1154.0048
10.176657,0.4020937,0.46903962,2.5536172,0.08688455,13.056825,36.990257,0.99815094,3.2381012,0.77483106,10.65009,6.1356254,631.7735
9.837011,0.34068453,0.5245857,2.9085681,0.07329597,14.054235,30.62025,0.9963444,3.2181883,0.8633837,12.25906,7.104257,641.0837
9.007487,0.48886204,0.37249923,3.0779667,0.08358957,18.4666,72.429886,0.9982405,3.3079762,0.6821424,10.104817,5.421734,472.96738
7.710074,0.47645375,0.22547856,2.2251139,0.080308735,23.698425,61.250507,0.99691033,3.36241,0.6521531,9.856277,5.5396447,806.0945
8.39765,0.3103753,0.39970028,2.1163077,0.072678715,15.18594,35.681507,0.99560064,3.2982888,0.83952975,11.533535,6.828668,982.3963
7.518718,0.7115791,0.11720954,2.3907645,0.082553126,18.615818,64.85065,0.9970237,3.3932168,0.57633346,9.815644,5.093188,402.01105
8.333875,0.34976962,0.38361055,2.1408167,0.075379826,23.353888,51.24371,0.9959879,3.2879553,0.76007634,10.992119,6.2721887,1031.2134
6.671449,0.6467212,0.20753801,6.912379,0.09910066,60.3684,153.25003,0.9984513,3.340161,0.62814915,9.451627,4.614628,764.97046
10.093819,0.44320127,0.44193798,2.4584022,0.09370096,14.930079,46.137096,0.99861443,3.231254,0.7037016,10.060482,5.5541863,522.4826
9.306667,0.52714086,0.31100318,2.2768862,0.07954505,9.03229,31.444538,0.99767673,3.2046273,0.5786166,9.792329,5.235921,630.7301
8.062413,0.63604003,0.17077571,2.4060652,0.084506825,13.730582,49.551373,0.997283,3.3243103,0.5888609,9.645874,5.2624073,543.35614
7.138951,0.5339058,0.14593042,2.2630022,0.07533163,11.9792185,28.22512,0.99531776,3.3796606,0.60573983,10.8500805,5.748103,1234.4978
8.000216,0.6129817,0.14255361,2.212364,0.08386144,9.147731,35.52878,0.9970484,3.3098161,0.6034734,9.625196,5.3517303,443.55075
7.7587957,0.500778,0.23900308,2.3116534,0.08355281,26.761152,75.62126,0.9967745,3.3270056,0.61704683,9.962623,5.4378824,979.6885
8.290458,0.57617384,0.2634832,2.3680668,0.09009993,20.533619,84.05526,0.9972966,3.2679763,0.60352594,9.590484,5.247194,462.98532
10.530219,0.39780465,0.5136607,3.136857,0.084403545,12.143066,34.986153,0.9980944,3.2211914,0.78159434,11.3399725,6.455325,581.2071
8.803194,0.57333523,0.30257067,2.4683635,0.09051643,20.81904,82.645065,0.9977991,3.2400498,0.6102096,9.583382,5.1904373,554.7348
9.689413,0.42229813,0.43053088,2.3439848,0.08649049,11.1786175,34.11438,0.99782836,3.2269993,0.6605823,10.295078,5.706553,756.9496
8.2336235,0.54550755,0.26358292,2.4159737,0.08724676,18.972692,71.32657,0.9974415,3.2918365,0.61142516,9.70065,5.2954473,656.2572
7.8380823,0.29637554,0.39745036,2.0971375,0.066922486,22.1742,46.83844,0.994537,3.3279727,0.79742926,12.100189,6.905362,1074.621
8.646772,0.41562188,0.3253328,2.1675432,0.08174273,7.625778,22.04391,0.9964071,3.2484324,0.6284841,10.538133,5.850444,1063.1693
8.435813,0.5177878,0.23730299,2.0603426,0.07522737,7.671695,21.041454,0.9964162,3.2846649,0.60929704,10.224272,5.675753,849.1766
8.522048,0.4574642,0.28540504,2.139968,0.085850656,9.449074,27.407265,0.9968813,3.2574222,0.64562863,10.096956,5.701307,876.3354
7.3889866,0.5563972,0.1425944,2.2373357,0.078852884,8.800209,24.808907,0.9955542,3.353398,0.60270363,10.581202,5.675311,1142.5092
7.2410913,0.63606524,0.11551984,2.3624504,0.0785516,17.232248,38.2044,0.99605435,3.4066606,0.5906963,10.409099,5.4185905,1160.8881
9.398206,0.5553202,0.33911195,2.362293,0.11699328,13.844614,53.45088,0.99831045,3.2240138,0.63712347,9.515124,5.1439977,491.0487
8.599047,0.666406,0.3243999,2.4808042,0.09373464,32.502186,135.41847,0.9974631,3.230515,0.5298967,9.4424925,4.8505096,438.26486
7.3883953,0.83014816,0.073763266,2.373834,0.08396365,10.706537,26.05978,0.99624914,3.4228282,0.5367565,10.333252,4.825058,998.7492
8.719327,0.51262474,0.367256,1.7394061,0.195353,15.4593525,67.74548,0.99777263,3.1584337,1.0191872,9.316549,5.325052,284.00925
7.5230618,0.7322126,0.095842674,2.348531,0.08203639,14.825085,49.345894,0.996999,3.3995998,0.5771856,9.860844,5.1070285,541.4666
10.778861,0.36646464,0.578136,4.0282407,0.0727641,9.087987,21.925364,0.99697787,3.1880581,0.83981675,12.8493805,7.4052243,497.8437
7.7882757,0.81705767,0.09062898,2.376737,0.08028195,8.209581,26.218773,0.996914,3.393827,0.55127394,9.9631605,4.854383,499.86026
8.88627,0.3804609,0.3832336,2.1025774,0.08190063,8.650565,23.868593,0.9963433,3.2504997,0.6889504,10.642881,6.088653,917.82715
11.120589,0.37868658,0.5474533,2.8665657,0.08757768,10.743131,30.526735,0.99829143,3.176365,0.8052786,11.21352,6.631046,514.22296
6.951517,0.42324075,0.23151426,2.1825535,0.07059739,17.75601,41.61457,0.9943821,3.4192398,0.6886187,11.792326,6.3953114,1129.9541
7.5803127,0.47492537,0.25970525,2.0965443,0.07595262,38.769802,98.56267,0.99605,3.3221254,0.6139452,10.079869,5.4541974,1172.1093
7.6903815,0.4551819,0.27690586,2.2785456,0.078552745,24.713696,65.630455,0.99599946,3.3058484,0.6496533,10.42147,5.723327,1129.2004
7.801522,0.59073526,0.18719661,2.3762722,0.08690937,16.960304,64.68711,0.99728477,3.3330748,0.60364425,9.666832,5.315622,435.96152
8.521927,0.5792466,0.2974391,2.4714818,0.11320892,23.204966,90.86857,0.9974683,3.2396448,0.6648776,9.43923,5.2742,501.1692
7.824175,0.5266794,0.23802316,2.2554343,0.08160365,35.93966,105.31017,0.99641746,3.267693,0.5686029,9.757939,5.2200127,1216.0172
9.913361,0.3027024,0.5128122,2.383578,0.075148754,11.247843,26.36727,0.99628764,3.1977634,0.9174508,11.929488,7.26215,648.26965
7.5019407,0.4511536,0.24058539,2.1906173,0.076625235,16.619806,35.61794,0.9957183,3.3774092,0.6715784,10.829931,6.037456,1109.7477
10.479125,0.42899516,0.4594166,2.4492223,0.09166526,11.507574,35.290226,0.998557,3.1879437,0.6812421,10.120192,5.6335096,625.8247
7.840181,0.53721744,0.18760735,2.2388115,0.08888533,12.354107,42.558865,0.99714845,3.3417501,0.64219236,9.740947,5.555145,462.40463
10.376392,0.4239737,0.41631112,2.0577576,0.08347801,7.361958,20.070995,0.997812,3.147091,0.6468775,9.863756,5.741939,709.83
8.863586,0.42827576,0.39376354,2.4921978,0.092796646,25.734234,83.76801,0.99723226,3.1870058,1.1803755,10.193676,5.8938775,644.2814
7.408803,0.49531278,0.19270778,2.2148361,0.07653329,15.452632,35.49107,0.99582815,3.375601,0.64488024,10.572663,5.89481,1134.7853
7.939141,0.5495842,0.23535188,2.196858,0.08442987,24.258509,84.48325,0.9969298,3.3080854,0.59802294,9.650101,5.3349824,626.35535
8.393802,0.4880589,0.30029055,2.5176399,0.086169116,21.507605,71.50369,0.9977121,3.3207798,0.65835047,9.826759,5.4311795,626.6603
10.25235,0.44042763,0.447232,3.3215199,0.087075695,11.602143,36.32327,0.99855787,3.2324295,0.7080459,10.713231,5.90536,660.57666
7.839999,0.44381264,0.25967002,2.2024226,0.0802012,18.6473,43.111095,0.9965604,3.3390718,0.663784,10.243427,5.8507147,1049.8469
10.84379,0.53372896,0.45532307,3.8603656,0.09525364,17.730154,67.83066,0.99985117,3.2053366,0.67717,10.164153,5.178133,503.52884
7.693129,0.66697633,0.1096797,2.2817738,0.079538904,9.106197,29.63978,0.9969931,3.3626764,0.5894218,9.839005,5.2517443,511.97382
8.228005,0.40233165,0.3055701,2.1250107,0.08158754,10.668993,29.309204,0.9963069,3.3085594,0.7137696,10.6148,6.1978765,929.01495
12.184649,0.433808,0.55447614,3.4646764,0.08404645,10.137523,32.68309,0.9996706,3.150368,0.7465099,11.119652,6.338246,451.06384
7.3055077,0.80033755,0.07728219,2.371209,0.079825036,17.932173,48.58479,0.9966336,3.4465444,0.5673588,10.104675,4.9550996,761.536
8.429427,0.4155915,0.32088956,2.1360075,0.07902018,10.154672,27.426582,0.9965645,3.2957063,0.6640481,10.578117,5.898781,932.81134
5.787893,0.49651733,0.10656494,2.019679,0.05552928,17.656034,57.610725,0.99288034,3.6010754,0.69040644,12.764916,6.469286,857.0976
8.143059,0.3566529,0.38190243,2.430938,0.0765431,14.929039,31.258463,0.99524635,3.309934,0.7100785,11.687689,6.5394354,1058.2211
8.570112,0.5632132,0.3045761,2.5640774,0.09138654,23.472742,92.415855,0.997821,3.2666898,0.6086822,9.651049,5.1638255,546.2108
7.7391167,0.46998742,0.22106366,2.2614982,0.08191539,16.62472,41.77198,0.9967362,3.3662484,0.6804304,10.161695,5.8607683,853.2832
8.28919,0.48962137,0.25540337,2.2243285,0.099394076,12.696788,44.232113,0.9973112,3.3008652,0.7090975,9.744916,5.7378354,510.64087
9.354175,0.52615833,0.32533038,2.387445,0.07680906,11.319013,41.22128,0.9980976,3.2408905,0.6026296,9.902103,5.1367455,480.37436
7.4311886,0.67930186,0.09009294,2.286066,0.08276243,12.001003,31.685991,0.99653757,3.3812988,0.58197546,10.026109,5.2762346,853.8174
8.482354,0.3607169,0.38376224,2.099283,0.070300065,6.7698474,19.54267,0.9948246,3.2656267,0.6718321,11.544588,6.479549,1075.6666
9.211492,0.3631662,0.46372348,2.429298,0.08166635,7.6198354,22.077116,0.9961327,3.2367532,0.65777576,11.3184595,6.3143153,989.0706
10.023569,0.7064249,0.28538835,2.5189438,0.13784264,6.9293265,47.260456,0.99879646,3.1837783,0.59904087,8.942213,4.3832703,-27.98045
12.223509,0.50405717,0.5255308,3.1501863,0.09347504,11.746257,37.79569,1.0002457,3.1131332,0.6714594,10.239838,5.2079053,467.4355
7.788094,0.6939186,0.10707821,2.31391,0.08325448,9.926619,32.106495,0.99694115,3.3596344,0.57947576,9.883356,5.222526,623.1743
7.3778176,0.40963504,0.26208392,2.2438357,0.07219051,13.528909,32.272152,0.99477786,3.3518975,0.64133567,11.475888,6.186432,1165.3564
7.5309978,0.5476734,0.18444926,2.1209075,0.07263185,33.575928,84.47709,0.99601567,3.298665,0.5634906,9.977235,5.251269,1286.1598
11.035854,0.44190702,0.49411622,2.388383,0.07804605,7.9498916,28.529493,0.99856615,3.1487434,0.60593927,10.32041,5.6329308,680.88983
7.4642835,0.52690667,0.16222283,2.2441304,0.08162747,13.113562,32.8983,0.996162,3.3472004,0.62007654,10.277669,5.6618915,1115.814
7.607577,0.8801243,0.046047438,2.26592,0.082164526,8.7895355,28.806257,0.99691033,3.4425442,0.54737586,9.9869375,4.8568773,290.4343
9.15264,0.53472656,0.26536828,2.3585474,0.08609946,9.955715,36.423954,0.99791753,3.2375667,0.6104417,9.634807,5.294166,435.47922
7.3345914,0.61044216,0.11734685,2.3069854,0.078230284,18.142204,43.71158,0.99679226,3.4354436,0.63053316,10.071615,5.540744,689.05884
9.90338,0.4703183,0.43812943,3.101826,0.09236803,19.295513,64.95531,0.9987104,3.252228,0.7354684,10.265934,5.57312,579.16846
9.803577,0.4967359,0.4121479,2.2778876,0.12659045,13.856425,52.522522,0.99846715,3.202516,0.72627765,9.758911,5.338578,512.0905
8.519174,0.55323243,0.32625425,2.7541797,0.116558276,28.569378,102.84263,0.9978408,3.256023,0.68625265,9.690143,5.3209567,605.378
8.834267,0.48847008,0.341928,2.8259275,0.09770375,23.001974,79.51853,0.99806875,3.2661293,0.873089,9.806322,5.4971976,574.9609
7.1295676,0.50413823,0.16914263,2.2668393,0.07367991,15.243951,31.842087,0.99523365,3.396019,0.6227205,11.028911,5.868433,1217.6693
9.2057495,0.5700923,0.33729988,11.723965,0.13645194,38.756218,104.56128,1.0022031,3.2668672,0.6327362,8.960155,4.833719,721.38855
7.076809,0.47711903,0.19795598,2.1779344,0.0730134,11.761256,26.834637,0.9945508,3.37162,0.6122041,11.497698,6.0310907,1280.1332
10.820662,0.44775814,0.4827707,2.6137664,0.082572155,10.76676,33.17364,0.9987902,3.1873953,0.6625174,10.44613,5.72402,632.449
8.903688,0.32799244,0.41464958,2.2421894,0.08081187,14.080053,35.293922,0.99660397,3.2809107,0.83945173,10.840156,6.5220404,861.90515
8.177197,0.46307904,0.25774375,2.189289,0.08523002,12.385063,38.14212,0.99684095,3.2946343,0.65590733,10.024469,5.706301,809.4617
8.627949,0.6016393,0.25446782,2.3755887,0.0890455,15.026379,59.477287,0.99772984,3.2572975,0.60633576,9.484866,5.191668,403.87686
10.32948,0.5470231,0.55371404,2.4081466,0.23106928,16.418907,61.221718,0.99875575,3.1163793,0.93104553,9.613945,5.0167866,564.60236
7.76434,0.4995701,0.25236025,2.270867,0.0825848,30.782263,88.62417,0.9965063,3.2941802,0.5941002,9.938227,5.3861446,1121.0186
7.1813636,0.64709634,0.07262243,2.1827521,0.078141026,5.074178,13.578059,0.9952409,3.3328667,0.52600926,10.569607,5.2707977,1338.7278
8.629908,0.3006836,0.44521576,2.3340206,0.067733735,13.908777,27.108707,0.9947235,3.266124,0.807883,12.505845,7.247423,932.1996
7.26398,0.6294464,0.107936665,2.2608137,0.08160759,15.2080555,32.1055,0.9960169,3.404081,0.5920341,10.449216,5.514655,1158.0156
9.48156,0.47422823,0.33161113,2.0888536,0.08247878,7.4101834,23.01878,0.9975211,3.1950626,0.6169781,9.892655,5.560381,672.70447
10.377015,0.43005756,0.41027316,2.1204827,0.08255525,7.856271,25.090548,0.9979311,3.148857,0.61020505,9.896267,5.6302657,797.01685
7.6404953,0.93675554,0.05170775,2.4313014,0.08217623,6.190244,20.564888,0.99670434,3.4373991,0.5085854,10.1898985,4.601023,601.426
7.768607,0.8277932,0.06757291,2.0116847,0.0854174,3.0905766,7.5439744,0.9963104,3.3398058,0.50704306,10.059618,4.842823,834.41235
7.999436,0.40817392,0.3184587,2.152104,0.078930385,23.927048,51.777878,0.9964219,3.3203685,0.7027126,10.479492,5.951492,1073.0708
8.085303,0.3067118,0.40411055,2.1169412,0.0659496,11.640556,26.819698,0.99408543,3.3066971,0.7628134,12.456849,7.1026497,1036.2032
6.8620467,0.63983387,0.09679338,2.2741067,0.07433336,15.996508,33.196213,0.9952963,3.4460883,0.59662557,10.964543,5.5018506,1258.3263
9.781477,0.38830593,0.44571283,2.313455,0.08645584,9.740677,27.113823,0.9974429,3.2121727,0.6615086,10.449029,5.886755,867.2771
8.708303,0.5647217,0.26630148,2.37483,0.0999965,14.757549,57.318226,0.997691,3.2349565,0.61701065,9.471834,5.253893,559.3667
8.22432,0.59060603,0.26850313,2.4411225,0.09055123,22.052038,91.18999,0.99738914,3.2872083,0.604489,9.546447,5.184948,341.5247
7.8567877,0.41847306,0.31202978,2.315715,0.07955928,23.351625,54.2462,0.9962764,3.3381383,0.7008768,10.669614,5.916056,980.0332
7.463012,0.48812303,0.19904394,2.2018087,0.076238655,10.796258,28.082466,0.9953942,3.3625486,0.6409916,10.827543,5.973848,1113.3073
9.680286,0.40724933,0.43677717,2.5956142,0.08642325,16.901543,49.347294,0.99815154,3.2555456,0.89278466,10.3287525,5.976943,618.6813
7.0519257,0.60744524,0.12655547,2.2714574,0.07613609,24.398745,53.46096,0.9957534,3.441478,0.6237351,10.591872,5.5464816,1086.2389
7.899942,0.5915356,0.23775701,2.5403783,0.086279295,42.80948,131.05821,0.99652743,3.2391095,0.50143254,9.67724,5.0134115,1240.7174
9.061395,0.36570495,0.46410236,2.7391777,0.08030824,27.421879,71.00752,0.9972986,3.2707107,0.90066344,10.70515,6.025678,770.7209
7.6809216,0.44583783,0.2563969,2.1716526,0.07673963,16.374632,37.407433,0.9960483,3.3610365,0.6803709,10.636222,6.0359597,1076.0465
7.7306347,0.5559427,0.16264765,2.220177,0.07809084,9.244459,26.562609,0.9963036,3.2983303,0.5814186,10.188316,5.4191217,1038.0203
6.768654,0.5307896,0.16360962,2.1241617,0.07089622,10.088915,24.430613,0.9939242,3.4209688,0.61315143,11.866908,6.123588,1251.6355
11.206078,0.40838918,0.5411974,3.180279,0.08629869,13.155176,39.71701,0.998814,3.1866372,0.87915903,11.121168,6.5200353,428.91302
7.8611774,0.5943471,0.16925856,2.372376,0.08505269,14.049797,48.865635,0.9971662,3.334302,0.6079484,9.74705,5.368678,634.9204
9.260853,0.45948303,0.41022557,3.784083,0.08578922,19.115854,71.24033,0.99843067,3.2828062,0.7168924,10.335187,5.649529,610.41736
9.194907,0.46730816,0.38161272,3.4627645,0.084049776,15.565502,58.31471,0.9981902,3.281413,0.66082495,10.371409,5.66717,675.69525
10.719808,0.46430165,0.46300656,2.458962,0.086348854,11.302691,35.06044,0.99880797,3.1673715,0.62435603,10.051996,5.3619986,583.74945
7.020561,0.5251942,0.17530069,2.2291546,0.07444208,10.039048,23.531208,0.9944867,3.3738382,0.58698,11.382765,5.868641,1321.7219
9.447315,0.4003214,0.406226,1.964461,0.086237654,7.293611,18.885996,0.9969414,3.2176468,0.7390698,10.243686,6.1664157,743.80365
7.4425592,0.5538852,0.14870787,2.215667,0.07944033,10.391007,29.004696,0.9960915,3.3518507,0.6187757,10.316678,5.63797,1018.6593
9.058747,0.5917299,0.27844122,2.308218,0.08964519,12.655585,51.659546,0.9980344,3.2556353,0.610265,9.4487505,5.14721,260.43295
9.039775,0.49095306,0.34929988,2.5616202,0.08685029,17.343626,61.210197,0.99803215,3.2943614,0.6637425,10.061297,5.4667096,574.7626
8.066573,0.5638254,0.21908626,2.307578,0.08617595,14.707009,52.890064,0.9974667,3.3273945,0.62504417,9.743397,5.347014,471.23026
8.163649,0.40285486,0.32824105,2.3094337,0.08060006,13.97577,33.732235,0.9961097,3.317783,0.66942865,10.835827,6.120286,1018.1307
5.4574327,0.32225427,0.23013827,1.6542989,0.04436599,28.682304,80.14019,0.99066,3.5664303,0.82497376,14.371251,7.310798,802.6027
7.680528,0.30546263,0.38243732,1.9316453,0.06712133,9.855806,25.383512,0.9935179,3.3236248,0.7458502,12.479837,7.0665746,1142.0575
6.6688437,0.5344992,0.1465962,2.123294,0.06890869,11.903676,28.1927,0.9940375,3.4476717,0.61062306,11.848374,6.0755353,1209.9813
6.225536,0.5345619,0.113343254,2.0690296,0.062403772,23.707949,50.840702,0.9944729,3.5253232,0.67313147,11.535513,5.996807,1151.8185
9.045892,0.47603023,0.37217563,3.2703135,0.09237228,23.064701,80.5144,0.99814457,3.2641795,0.73083705,10.077927,5.630761,778.45074
7.812301,0.463196,0.26350772,2.5518343,0.0801256,19.76639,58.61518,0.99665356,3.3216918,0.64626914,10.232798,5.689929,987.6505
7.5616846,0.57135826,0.15454215,2.1854868,0.0843263,13.98168,44.36672,0.99709326,3.380825,0.630463,9.779674,5.5209246,482.6801
8.795624,0.43132475,0.3606791,2.4391918,0.08689574,19.689043,55.639515,0.9976446,3.300605,0.73441386,10.135184,5.79203,765.18713
7.8426394,0.5438294,0.18946396,2.364674,0.08601012,13.793598,42.461124,0.9969911,3.3270743,0.6225283,9.878315,5.5367866,808.28253
7.0886726,0.50758576,0.18112457,2.2307208,0.07222373,21.357409,44.75769,0.9954853,3.441249,0.6683172,10.873436,5.9724307,1118.5236
9.403888,0.47114134,0.35006577,2.217197,0.08937163,9.292158,31.990623,0.99781466,3.1991167,0.634352,9.807244,5.49604,654.7225
11.9832735,0.33698767,0.575667,2.3230834,0.082840905,8.271937,22.741364,0.9982864,3.1097279,0.79340255,10.89925,6.794968,533.40576
8.737876,0.4129423,0.3998854,3.6946523,0.07953306,16.872168,56.150684,0.9972805,3.2843995,0.6922056,10.834862,6.0125184,809.0129
8.214493,0.5086413,0.28201935,2.4484866,0.08878856,19.82922,72.500984,0.9974925,3.2935455,0.630793,9.758143,5.38495,679.33734
6.5933886,0.5855304,0.09683728,2.3229828,0.07031414,16.497072,36.74796,0.99473476,3.452233,0.5949807,11.438428,5.72199,1284.6345
8.197175,0.31970656,0.4186777,2.2688336,0.07114487,13.211394,28.805515,0.9945567,3.2898529,0.74908364,12.293117,6.9070487,1021.79987
5.4378686,0.49145296,0.11249736,1.7871604,0.048586037,14.770566,54.037354,0.991714,3.6181147,0.6864461,13.660507,6.71601,826.762
8.155781,0.4268662,0.2846916,2.1769936,0.08035385,11.160736,30.50382,0.9964343,3.3051045,0.66360235,10.465782,5.888845,964.61914
11.27725,0.3655026,0.5096319,2.1410081,0.08458934,8.20549,24.938635,0.998267,3.1230536,0.6844455,10.139019,6.037355,658.04315
7.959487,0.4056835,0.29200488,2.1162498,0.078754395,15.896374,37.22318,0.99648154,3.33877,0.7150548,10.4859705,6.073485,988.9743
7.7222238,0.37974456,0.33483258,1.9444962,0.06411602,32.97561,90.11776,0.99514526,3.262287,0.63796294,10.692831,5.8665824,1088.5359
9.366889,0.39965406,0.43743291,2.9531937,0.086960934,13.721617,35.472034,0.99715674,3.259228,0.73530865,11.087655,6.2312584,789.9684
9.624104,0.6176589,0.4397521,2.7720444,0.17782964,22.264288,88.77062,0.99870545,3.1823444,0.7162263,9.416146,4.919846,619.9777
7.8558817,0.5621339,0.2018144,2.354306,0.08387017,21.543457,71.73664,0.9971263,3.3229246,0.5905358,9.714638,5.298952,727.42993
8.542173,0.30830908,0.43540972,2.1210432,0.06897614,7.0509105,19.604465,0.99451214,3.2747993,0.71429527,11.98715,6.868815,1036.7766
7.180562,0.59565365,0.11419876,2.2939503,0.07813497,18.351307,36.937508,0.9959517,3.418211,0.6130353,10.493266,5.6202145,1121.5525
8.398035,0.57106525,0.25769672,2.4222586,0.0871657,17.032417,64.25026,0.997535,3.2799926,0.610876,9.587138,5.265714,566.29816
8.338129,0.33970636,0.41483307,2.3282306,0.072179206,8.547404,20.117695,0.99473906,3.2938101,0.6796274,11.930883,6.678493,1097.5094
8.576697,0.48213845,0.35638937,3.3325496,0.083339654,19.427519,72.874,0.99791694,3.3080423,0.6839603,10.168958,5.5815187,656.8085
9.628862,0.4495905,0.40397063,2.3489218,0.08684166,13.031755,39.228397,0.99811715,3.2474422,0.6409259,10.168221,5.5713835,627.82794
8.757266,0.53771704,0.283722,2.3928182,0.1000107,14.322632,58.233944,0.99789405,3.2468948,0.6414233,9.566912,5.32513,471.88165
7.476097,0.5092469,0.1781892,2.1999876,0.07889087,9.964051,27.42816,0.995574,3.3636072,0.641444,10.64572,5.887681,1075.8174
8.547904,0.4963316,0.2857607,2.2981849,0.08917393,13.91454,46.605278,0.9976783,3.2886126,0.64180255,9.826278,5.4563107,561.6118
7.7069097,0.7201518,0.106629536,2.2109308,0.0853092,7.511434,21.032309,0.99648976,3.343116,0.55731577,10.089533,5.094163,853.43494
12.153819,0.42315197,0.5501464,2.6521292,0.08412277,11.142717,36.754406,0.99958843,3.1238458,0.7444257,10.446021,6.0256014,432.46994
7.4728727,0.53737974,0.14313188,2.3046756,0.07893556,11.494838,32.522526,0.9964635,3.4044745,0.6497618,10.253722,5.754027,708.08466
6.7154636,0.70515937,0.09652141,2.1773334,0.07019177,31.47294,70.02664,0.9952119,3.5095394,0.5961264,10.852944,5.2772465,1123.2213
9.73824,0.31695554,0.49533746,2.2961848,0.0754201,11.059979,24.54487,0.9962739,3.2246475,0.8455915,11.715821,7.0683837,718.5995
7.82623,0.30019987,0.38671243,2.1929536,0.06680382,21.87415,44.578358,0.9943777,3.3185556,0.78831774,12.1863785,6.912251,1073.6823
8.753349,0.36033964,0.38337654,2.1650422,0.08499593,10.1065235,28.377073,0.9966884,3.2962894,0.79719794,10.67315,6.418051,844.15576
7.713232,0.46024957,0.24710937,2.0577636,0.074004166,26.641485,66.966545,0.996361,3.3082004,0.65061945,10.065508,5.548449,1094.6718
6.760547,0.7939303,0.07777877,2.2680843,0.07822034,15.916345,37.61766,0.99534345,3.5445337,0.57417375,11.093596,5.1146226,1112.2855
10.966568,0.40833825,0.5058908,2.7103488,0.09243583,12.909641,39.973156,0.9988922,3.185353,0.8926251,10.555145,6.2889385,477.97803
7.7568617,0.562212,0.18861517,2.2270098,0.091830395,13.356727,49.25508,0.9970468,3.349277,0.64506406,9.663486,5.538919,341.1997
7.723403,0.5729058,0.15591952,2.1698096,0.085101835,11.447679,39.33756,0.99709415,3.3389075,0.62985617,9.780935,5.45604,507.18564
11.209505,0.42182818,0.6059304,6.056435,0.0764087,15.0727825,48.103256,0.99894214,3.194268,0.86020213,12.313826,6.8301063,354.92206
7.1950755,0.71964514,0.096989065,2.4049242,0.07985378,16.290985,37.24081,0.99617505,3.4498944,0.5832213,10.396377,5.1631045,1020.02783
8.055029,0.93108827,0.0727205,2.2488346,0.0854042,6.7691474,25.94134,0.99703676,3.3992822,0.5271009,9.831017,4.6869607,113.92476
7.4579697,0.68118066,0.0726258,2.1670933,0.078048564,5.3038096,14.937829,0.9960202,3.3480315,0.5438105,10.292112,5.224467,1143.0012
8.656036,0.45839682,0.3271723,2.353489,0.08555634,13.465477,41.045696,0.9974705,3.3051567,0.65744233,10.281864,5.6628413,691.72174
8.3057995,0.5684517,0.22073646,2.3568084,0.08547572,12.787823,43.091015,0.99731326,3.2797518,0.605745,9.682279,5.336378,708.83167
8.642722,0.67327905,0.2085,2.3147318,0.08321949,12.706648,54.784595,0.99769723,3.282067,0.5912696,9.442786,5.0019493,199.64552
9.630604,0.46126547,0.40157455,3.651382,0.08243227,12.104981,40.99362,0.99853295,3.2569613,0.6697057,10.627417,5.7186375,653.4673
7.6334414,0.58036816,0.13169529,2.2172937,0.08253299,10.019701,29.392132,0.9966766,3.3624763,0.61456555,10.007586,5.576906,731.3358
10.74985,0.38353378,0.57442236,2.7764444,0.16180016,13.62352,56.2228,0.99867254,3.0619228,1.2432253,10.293221,6.1828303,301.26962
11.248723,0.32419455,0.61397237,2.7834766,0.07507198,9.679249,23.039751,0.997171,3.1511981,1.0001556,12.458834,7.528242,366.29843
7.8285146,0.7705279,0.08998443,2.2949529,0.08320057,8.501127,26.78997,0.99687856,3.3758178,0.55472064,9.932445,5.014171,595.18176
8.146684,0.43335164,0.30219364,2.2945824,0.078858584,25.763355,61.690098,0.9968587,3.3311963,0.7095804,10.235614,5.787994,960.0569
8.603481,0.49919418,0.32530442,2.520016,0.09114528,18.932661,66.7611,0.9978461,3.3026192,0.6603619,9.844056,5.4588885,540.75574
7.7426705,0.80574137,0.08967985,2.1159678,0.083933264,5.93164,15.677606,0.9966249,3.368406,0.54382616,10.015542,4.895432,589.8641
6.7005463,0.4776024,0.16792534,2.1766267,0.06792865,18.111649,44.333004,0.99432856,3.4583986,0.6658807,11.758648,6.1880856,1099.1368
8.067227,0.5009797,0.22280781,2.154112,0.0915472,10.265236,34.503864,0.99716806,3.334179,0.68681,9.779328,5.760401,483.21036
8.516878,0.36233547,0.39496002,2.3827722,0.08079148,20.980232,44.00472,0.9964311,3.3046083,0.74197406,10.897237,6.194813,978.75665
8.013208,0.26095313,0.4167037,1.9555655,0.06701186,13.367775,31.839314,0.99397266,3.2860525,0.8036724,12.379672,7.1760907,1044.7341
8.460935,0.5154793,0.31349412,2.477315,0.09144585,19.402475,73.8063,0.99779063,3.2872682,0.6517145,9.705467,5.3497453,508.8318
10.035785,0.4029903,0.46700877,2.3484056,0.082207724,8.87502,25.110613,0.9973946,3.2016072,0.6290726,10.625619,5.87161,820.6314
11.388355,0.37811753,0.5738968,2.786497,0.08694552,13.480821,41.351784,0.99878293,3.1588936,0.9268908,11.037657,6.5773883,356.19992
7.446332,0.8097977,0.08180982,2.3751154,0.085399605,11.846892,31.30809,0.99658525,3.4365666,0.55064166,10.266872,5.0146494,810.7875
7.2863197,0.58021224,0.1401272,2.2761028,0.07726707,22.967539,52.324306,0.9961295,3.3788216,0.61170024,10.217383,5.4615774,1162.3284
7.6860924,0.48663482,0.22989506,2.2130387,0.0793305,26.760084,66.477806,0.996601,3.3488734,0.6326431,10.021955,5.572342,998.25757
8.436123,0.50887024,0.24839656,2.0881932,0.07787593,7.6642118,19.04017,0.99617344,3.2524235,0.5924576,10.285287,5.596825,1046.2587
7.661069,0.71898675,0.11722916,2.4134684,0.08228217,12.331282,38.39818,0.9968882,3.384975,0.5760179,9.975526,5.0965157,694.0911
8.72121,0.5625979,0.34012753,2.7953672,0.10323889,27.569715,102.59625,0.99822134,3.262046,0.7274437,9.665284,5.1024866,512.64825
10.619238,0.33698425,0.501499,2.0515103,0.09157653,11.207902,58.881687,0.9981232,3.0915732,1.3352089,10.465173,6.6779313,191.35725
12.004797,0.4180038,0.60688215,2.4997714,0.15877609,10.316796,31.278679,0.9997947,3.088748,0.8611885,10.18337,6.033758,350.68933
8.075758,0.5081701,0.23688321,2.303412,0.088755466,17.594147,59.384926,0.99718577,3.2940464,0.6257899,9.669647,5.4915767,735.45795
10.67005,0.41828224,0.47458223,2.4773905,0.09266897,11.644471,35.690254,0.99874824,3.1902683,0.71719706,10.099344,5.716042,500.37015
8.543872,0.38984188,0.3758475,2.4356658,0.08213529,15.980163,37.93361,0.9965552,3.3046136,0.70849454,10.870681,6.102448,910.9506
8.059766,0.6806725,0.11756539,2.2782602,0.08206248,9.17425,32.861042,0.9971556,3.3271484,0.58085227,9.636935,5.196697,456.47647
11.937074,0.3582401,0.637236,3.039549,0.07984591,5.2767024,14.695485,0.99781084,3.1039226,0.678517,11.827026,6.8668575,621.6261
13.602456,0.48793527,0.5988537,3.8765888,0.088811964,11.967061,37.722454,1.0013213,3.087513,0.77098143,10.828607,6.0543294,381.7742
7.6992183,0.6274393,0.14860852,2.2717774,0.08374051,14.628874,54.01209,0.9971554,3.3659194,0.6134515,9.698572,5.345887,362.08508
8.013492,0.41001266,0.32293355,2.2652566,0.078798585,25.164555,57.949318,0.9963605,3.3210485,0.70435804,10.525432,5.9318256,1017.855
7.5582137,0.4499355,0.24708185,2.1943045,0.07718115,17.602804,37.66608,0.9958745,3.3712165,0.67768776,10.747154,6.0152,1111.4364
8.269752,0.7676868,0.17646386,2.4809039,0.087877735,17.394123,80.44932,0.9971695,3.291599,0.5667285,9.416149,4.887182,155.04976
6.8372073,0.5916501,0.09091282,2.1654081,0.076241754,14.25438,30.15214,0.99542046,3.4542017,0.62656105,10.815111,5.8335505,1158.2366
7.561512,0.5912986,0.1342861,2.2661664,0.0808833,16.04074,47.28161,0.9969856,3.3768113,0.6105709,9.808606,5.3728056,693.4147
8.308959,0.62737864,0.22292793,2.5005043,0.08775456,22.114086,82.76161,0.9971971,3.2551234,0.5558978,9.529251,5.1153736,725.0789
7.9118123,0.63986367,0.15566297,2.2651823,0.08919901,11.324103,49.50218,0.99711466,3.3200033,0.618123,9.523498,5.339067,246.47395
7.138461,0.3455904,0.3088429,2.183222,0.068169944,12.252988,30.979996,0.99350214,3.3558943,0.6749157,12.510079,6.692235,1160.9543
8.046078,0.601759,0.25674683,4.4140244,0.09278116,34.481987,110.56583,0.998211,3.273692,0.5439485,9.447898,5.0149207,696.5586
9.891961,0.42515275,0.41124272,2.285166,0.08759947,11.581821,34.520115,0.9980924,3.219814,0.661135,10.04645,5.6385875,613.437
7.3543606,0.70763326,0.1202493,2.3762236,0.0820908,17.492184,42.43025,0.99624103,3.4010036,0.5779152,10.288771,5.1474385,1166.2504
7.887573,0.56727487,0.21089232,2.3161745,0.087383986,16.525507,63.215843,0.9972009,3.3245912,0.62829864,9.680772,5.3775015,430.8811
7.7522826,0.39922512,0.29989794,2.225663,0.075476184,9.452864,25.03684,0.9949285,3.3266523,0.65421796,11.358738,6.2899156,1156.1323
10.39293,0.45973748,0.47577208,2.6305752,0.10933307,17.881239,60.414555,0.99880946,3.1757634,0.99022865,10.143887,5.7726083,489.16318
8.231813,0.45751956,0.31783962,2.674989,0.08199841,21.25821,66.82335,0.9970903,3.2912135,0.67639494,10.147406,5.638667,903.801
7.521949,0.712321,0.10637006,2.379879,0.08164207,14.539215,43.29304,0.99695766,3.411257,0.5861276,9.960914,5.20665,660.25555
7.598121,0.5466852,0.17829192,2.3312292,0.08184727,15.824937,45.84919,0.9965517,3.3344762,0.6050573,10.059412,5.52036,1046.5828
8.257421,0.28817225,0.42240268,2.322185,0.06692598,13.174465,26.101023,0.99411935,3.2838287,0.78855896,12.734835,7.302273,998.4267
11.716474,0.4641454,0.5235745,2.2168353,0.13982515,8.645509,25.845522,0.99963474,3.0924556,0.7024658,9.643176,5.2654285,443.77234
7.2353616,0.4735161,0.23475385,2.1438046,0.07291035,10.314059,23.621153,0.9944323,3.3639004,0.6221519,11.503069,6.1060686,1249.6775
7.2757335,0.54517835,0.18136106,2.1145842,0.07117992,34.26469,82.23301,0.9958649,3.3539302,0.60626304,10.154194,5.37672,1237.8442
11.146118,0.43509188,0.5048227,2.5754328,0.08547373,11.381529,34.555954,0.99901265,3.1739776,0.682777,10.323215,5.737458,536.47864
7.974086,0.6295458,0.13123484,1.9686085,0.0856029,6.6465507,22.11108,0.9970436,3.3313098,0.60577387,9.549683,5.4844494,265.72952
7.2752967,0.92789733,0.03703377,2.3736086,0.079749204,17.001236,49.090862,0.9965074,3.468557,0.5243662,10.1713,4.596925,594.7672
7.2749343,0.77329075,0.08253233,2.3865807,0.08417803,13.703943,29.493505,0.9962986,3.4546006,0.5662774,10.401926,5.0576067,957.8528
7.4742045,0.58055973,0.12930733,2.289137,0.08209048,13.784593,35.506897,0.9966099,3.3738756,0.61378556,10.0095625,5.519028,864.4189
6.954252,0.50638753,0.1825954,2.1906228,0.071402356,27.850142,58.951088,0.99524176,3.391412,0.6326038,10.80782,5.7541842,1250.4673
8.017415,0.49554163,0.28909695,2.4945397,0.085128695,27.00114,85.29072,0.99721617,3.3249402,0.64904237,9.936683,5.4128146,744.36554
7.432211,0.55323845,0.15163675,2.2635531,0.08135604,13.688056,32.819042,0.9960234,3.347597,0.6026906,10.343227,5.6021304,1198.114
6.9665895,0.43239036,0.23195264,2.1156251,0.06807419,29.531485,58.54223,0.99476844,3.433393,0.70851505,11.457449,6.211171,1122.8435
8.262425,0.64920825,0.30789495,3.5855598,0.100098245,40.372486,135.58763,0.9979479,3.2542489,0.57628644,9.40712,4.8318624,578.2127
9.890699,0.36778122,0.5201093,2.8396838,0.08218915,8.964171,20.68079,0.9967347,3.2218184,0.7265955,11.787956,6.658309,763.2395
7.1804366,0.70615184,0.08742347,2.4500132,0.07667771,22.151022,54.878895,0.99638855,3.4421585,0.5834363,10.222443,5.1987267,935.4192
7.0498786,0.6567833,0.0665361,2.270839,0.07872357,12.038184,26.539104,0.9957316,3.4122438,0.57839996,10.506961,5.394918,1225.3859
6.95607,0.90926784,0.04520868,2.4080188,0.08094863,16.543173,40.866722,0.99606067,3.5272207,0.5458799,10.569761,4.7764225,910.53314
7.2692356,0.6444903,0.12916832,2.1920009,0.077004544,36.231018,89.50984,0.9960438,3.384181,0.55246425,10.0573845,5.171273,1188.788
9.612915,0.35120684,0.48793185,2.3584683,0.0795526,8.096072,22.70015,0.99649596,3.2269373,0.6980235,11.239339,6.4569793,883.40826
8.111948,0.7005445,0.12985387,2.2215934,0.08284869,9.193129,37.695343,0.9972206,3.3398516,0.5908596,9.562563,5.122835,116.156204
7.252427,0.5178137,0.16622081,2.2415195,0.077113375,16.70621,35.903137,0.9958612,3.389533,0.6326047,10.56361,5.7976785,1169.1038
6.691216,0.6760983,0.096908584,2.247189,0.07236768,18.286514,44.383724,0.99508786,3.53348,0.60771906,11.210484,5.476926,1053.0076
8.090369,0.5101587,0.22213948,2.2190533,0.0836643,11.559653,33.178894,0.9970122,3.3182244,0.65061194,9.951452,5.629978,658.62415
6.822336,0.45696574,0.20311348,2.086929,0.071021,22.945736,49.59514,0.9949584,3.4382117,0.6950776,11.336676,6.1306586,1148.2269
7.6956964,0.2682269,0.45323327,2.3518615,0.06400834,36.42792,107.53853,0.99386764,3.2363038,0.6967602,11.592444,6.4636555,976.8761
7.821995,0.6996756,0.10512146,2.219858,0.082135506,8.93809,29.112188,0.9970082,3.3560417,0.5791182,9.8028,5.182103,499.70938
8.1459875,0.6397026,0.22058423,2.3610003,0.09000787,26.721617,101.59506,0.99708,3.2657793,0.54008776,9.501307,5.0552077,586.15686
8.392907,0.403148,0.32734606,2.335789,0.08318936,15.948381,38.640026,0.99709827,3.3344188,0.73530537,10.4515705,6.0577703,793.82355
6.300141,0.611142,0.07410157,2.1993146,0.06481434,13.8182535,31.498453,0.99419975,3.5330229,0.5981483,11.85125,5.7822056,1174.7654
6.938853,0.52385587,0.21729255,1.9312981,0.06360796,8.211272,14.135625,0.99361867,3.4033473,0.6286099,11.97766,6.2930226,1293.7335
8.3730135,0.51797354,0.28794336,2.3833988,0.09082008,16.001787,61.51592,0.997618,3.2937472,0.64722794,9.7034645,5.410327,481.13852
7.6642747,0.34309757,0.35399252,2.088629,0.074213915,11.164915,26.811266,0.9942436,3.3151345,0.69559973,12.097294,6.654566,1118.3116
8.334389,0.66774845,0.22639532,2.3704407,0.092395306,26.96609,107.84099,0.9970229,3.2132096,0.5197756,9.426962,4.96009,623.0844
8.999833,0.4272465,0.40725064,3.0628917,0.084930785,22.012133,71.886955,0.9977774,3.2719684,0.7837296,10.286404,5.7986712,742.07404
10.912973,0.45347476,0.48415652,3.6859202,0.08744366,11.140908,34.416393,0.9992065,3.2082047,0.71332496,10.844576,5.9608865,605.3257
8.512315,0.56058973,0.3099567,3.044653,0.085318714,23.029627,97.829285,0.99796593,3.2741346,0.6145639,9.688788,5.155599,526.50433
7.62134,0.6443156,0.13521948,2.3705091,0.08156309,20.23115,61.868355,0.9969891,3.3836641,0.5952184,9.824393,5.258301,564.5035
10.077705,0.4727424,0.36094052,2.15354,0.082744725,7.686636,25.06126,0.99806565,3.1760788,0.6313469,9.696172,5.5337243,459.8086
7.652621,0.5774834,0.12915054,2.2327733,0.083256796,8.112034,19.282608,0.9960937,3.314726,0.56530243,10.305471,5.4326687,1207.406
8.182189,0.6386304,0.13452065,2.0830774,0.078008085,6.3816705,21.133478,0.9968536,3.2922564,0.5621939,9.719279,5.29879,563.43634
6.9848022,0.45958546,0.21537524,1.949129,0.06260348,35.041637,79.52091,0.9946406,3.37722,0.6419014,11.07435,5.926461,1145.6066
9.146871,0.36922356,0.39192778,2.2360377,0.086117424,10.509296,29.980057,0.9971276,3.2752886,0.7633446,10.421755,6.2092476,717.6662
9.212038,0.42332783,0.37825125,2.2530766,0.08550423,10.88098,32.613796,0.9974273,3.2436187,0.6616438,10.252918,5.7348843,767.2709
9.044541,0.39393178,0.40042996,2.4727478,0.0860191,12.445536,33.687737,0.9970601,3.286039,0.7222928,10.810951,6.1469064,827.128
9.305156,0.4408245,0.35433075,2.0742555,0.079023175,8.123685,20.994051,0.99679846,3.2117624,0.6195605,10.286904,5.785966,895.0118
6.3513126,0.4825059,0.15376662,2.024524,0.06099782,28.387121,63.289055,0.9939902,3.519116,0.7039089,11.938456,6.225783,1005.30475
8.563788,0.49373496,0.33389926,5.6412854,0.08007414,20.949017,83.12294,0.9989032,3.3270307,0.6652514,10.038471,5.474048,553.8939
10.23143,0.48468548,0.42779782,2.3774827,0.085540436,12.383403,39.318027,0.99854404,3.1843522,0.61367214,9.932615,5.3314924,563.6401
7.8732977,0.5567039,0.19516899,2.316113,0.08753628,13.769771,45.87153,0.9972168,3.3349369,0.62932086,9.712502,5.454891,485.5449
6.6408625,0.53747374,0.13773802,2.2119343,0.06761133,16.172825,39.84121,0.9946726,3.5066512,0.6533342,11.506541,6.052613,1088.6046
12.54752,0.3990642,0.54732215,2.1149843,0.08706484,7.074922,21.826303,0.9994698,3.026838,0.65882367,9.585031,5.687897,420.6025
12.668847,0.3994615,0.58408606,2.499094,0.104447134,9.360714,32.304874,0.9999987,3.064585,0.7713869,10.077575,5.9429283,381.5148
7.60159,0.65363955,0.1389415,2.4086568,0.078097634,22.793507,69.902885,0.9967195,3.3575532,0.56621677,9.832512,5.1280193,827.0134
7.8792214,0.5517486,0.2028366,2.215615,0.08259301,29.546719,87.70182,0.99664295,3.275732,0.55000216,9.723302,5.2283654,1084.0369
8.342246,0.40437812,0.32734394,2.2251627,0.08189291,11.163603,30.358713,0.996386,3.2986515,0.6635813,10.628045,6.004581,989.21924
7.8422084,0.6395648,0.17873989,2.3160272,0.0822621,28.309414,89.96163,0.9968132,3.2988896,0.5278419,9.69984,5.036842,958.2396
6.819959,0.98911923,0.011932256,2.2857406,0.08372355,13.313129,22.348955,0.99564415,3.528199,0.51030177,10.730608,4.539299,1141.7352
7.676681,0.48134986,0.21580295,2.0872195,0.08191761,12.03983,30.177475,0.9960497,3.329781,0.65808517,10.419056,5.9160843,1060.8505
8.764843,0.57403046,0.32930726,2.7609057,0.09299576,26.271763,103.69152,0.998108,3.2689753,0.67207414,9.609601,5.057405,475.47925
8.024022,0.6590698,0.14631309,2.42836,0.0842589,12.646383,50.361027,0.9972843,3.3201685,0.6004695,9.578829,5.255496,439.06326
7.3966966,0.6108292,0.1132305,2.278009,0.08074843,11.823768,28.376198,0.9960031,3.3499963,0.57751137,10.285647,5.3723526,1226.3002
6.8222966,0.6251485,0.089689285,2.269413,0.07537014,10.79911,22.764805,0.99490416,3.4344208,0.5705179,11.235188,5.541367,1319.4739
11.040423,0.44075385,0.49327478,3.193703,0.089195825,12.924212,39.58613,0.9990617,3.1969922,0.7613805,10.715867,6.066504,567.21375
9.400506,0.34911427,0.43434325,2.309079,0.08151359,11.572759,27.966063,0.99688107,3.258493,0.83023256,11.092507,6.669272,781.86035
7.527986,0.74267447,0.12812473,2.47296,0.079287335,22.62626,75.272354,0.99675775,3.389868,0.5428431,9.876876,4.918034,713.1736
8.211343,0.56378055,0.2559338,2.5070486,0.08837422,20.880104,83.366425,0.9974668,3.281554,0.5875058,9.655937,5.212052,627.0943
11.174169,0.36752948,0.6108095,4.4031615,0.086119615,6.1849523,17.274408,0.99777734,3.1683342,0.7632494,12.428422,7.0413165,528.11444
9.764956,0.45926613,0.384629,2.2988079,0.08399621,10.952099,33.773933,0.9980734,3.2092083,0.6296415,9.926918,5.4366293,588.90814
10.021001,0.38530874,0.44002458,2.113589,0.08230832,8.5512705,21.21927,0.99721587,3.193114,0.6928807,10.327859,6.1271944,734.1921
6.950752,0.2847479,0.35395196,1.8126621,0.058549583,36.653603,90.3156,0.99279255,3.354257,0.7254325,12.559483,6.800357,1030.9918
7.566478,0.5679036,0.27967438,3.459807,0.085144795,45.575222,142.912,0.9971798,3.3004963,0.6073735,9.780416,4.960077,826.75885
8.526768,0.40313813,0.35078388,2.3032002,0.08115159,18.911667,43.891354,0.9969768,3.3154593,0.7545022,10.388617,6.091357,917.98175
9.361649,0.31668687,0.5209802,2.675119,0.069591835,25.129045,52.626976,0.9960491,3.2398279,0.9150201,12.118108,6.9377646,738.3104
11.710751,0.41323385,0.5518428,2.4410625,0.10306891,11.221308,37.913467,0.99945164,3.129502,0.84916764,10.127308,5.9732394,391.8926
6.4667993,0.38953477,0.23190808,1.9682999,0.061523046,17.789112,51.203674,0.9931969,3.4770067,0.7327395,12.598359,6.7542667,978.6347
7.2397256,0.65742797,0.08363679,2.2610264,0.08453615,12.701441,29.723604,0.99616367,3.4107518,0.58767605,10.349057,5.4836364,1042.611
11.086309,0.4689405,0.48573115,2.6492167,0.095139526,13.630698,41.257847,0.9993276,3.1698968,0.68622494,10.124435,5.4815717,553.3207
7.0261245,0.49917313,0.1921868,2.2990177,0.066831045,9.9712925,25.233303,0.9944027,3.3873768,0.5982197,11.566285,6.0016656,1279.1035
8.075437,0.6705298,0.13749027,2.2766128,0.085225105,9.736132,38.032375,0.997234,3.332171,0.5972268,9.587236,5.239429,227.05666
7.629547,0.5930906,0.13191842,2.232617,0.08463912,10.770348,31.92859,0.99669987,3.3387926,0.6031064,9.9016,5.4463406,782.7971
9.362604,0.38047203,0.43712237,2.456315,0.08818412,10.834518,28.167955,0.9971284,3.2543309,0.70650786,10.822345,6.1951485,854.10626
11.913727,0.47147134,0.51018584,4.9745836,0.09629982,8.463325,34.874897,1.0004026,3.1386404,0.7337062,10.779007,5.837227,512.1416
8.830998,0.52590513,0.44898692,2.2899919,0.20691594,21.629206,83.31688,0.9979081,3.1399436,1.091504,9.554258,5.230737,478.03076
8.985501,0.5624782,0.32317618,2.4662428,0.09257984,17.385246,66.46793,0.9981289,3.2407663,0.6302536,9.5845,5.1858335,536.0762
9.393448,0.51547754,0.3389973,2.393838,0.085712925,14.109283,46.800076,0.99825764,3.2509022,0.6196737,9.758875,5.2944407,457.75568
8.427952,0.35484037,0.37179565,2.2627392,0.080138996,12.05293,28.256498,0.99583024,3.3034,0.7107289,11.11345,6.4289465,1020.02246
8.119769,0.53368104,0.21357343,2.2754216,0.08487124,12.339994,38.193077,0.997207,3.3266194,0.64666873,9.810983,5.5514445,547.1195
7.389958,0.31203294,0.3498274,2.1363602,0.06588566,16.495743,36.653324,0.99336785,3.3349528,0.753788,12.774044,7.059997,1106.8849
9.362751,0.5030007,0.35819012,2.8612132,0.08596357,14.511989,54.27536,0.99828726,3.259264,0.61854273,10.094389,5.324548,599.011
7.6136312,0.44018412,0.2636404,2.3466258,0.06895131,7.0547986,22.08974,0.99483806,3.3183181,0.5860962,11.418506,5.9601073,1244.3555
8.2273,0.5412581,0.28960964,2.6635733,0.0888187,25.928715,97.46276,0.9975982,3.2987792,0.64459777,9.70146,5.200552,576.3387
7.616023,0.3759067,0.3135221,2.1580727,0.07515591,25.66311,50.73961,0.9955956,3.3653247,0.72922856,11.160661,6.213636,1140.1584
13.188279,0.4266577,0.6382461,2.8774736,0.094262935,11.343488,37.87744,1.0005589,3.069238,0.9166268,10.721017,6.4448175,236.99
7.255092,0.59479666,0.10263078,2.3114953,0.08084968,14.283868,33.379074,0.9961957,3.4017293,0.60744524,10.278267,5.598006,1039.2299
7.2817864,0.3765905,0.31797665,1.947494,0.066784434,32.262672,81.85241,0.994254,3.3162396,0.64399254,11.302708,6.226528,1090.9684
8.058477,0.58795977,0.27193633,3.3327692,0.093958184,38.806873,125.24877,0.99761313,3.2647061,0.6019449,9.556291,4.972155,751.17053
9.151999,0.45378077,0.34509256,2.225152,0.08925647,11.013894,35.770096,0.9975903,3.2330399,0.6552977,9.908598,5.5908866,722.4379
8.2263365,0.74568933,0.10525097,2.1020842,0.07736122,6.253307,20.789413,0.99704015,3.3290024,0.5587017,9.635734,5.0353236,287.95218
10.438146,0.38257387,0.56950355,4.04402,0.0801307,6.1715093,17.304674,0.99723434,3.2020123,0.6685329,12.3222685,6.8121657,729.3627
8.089228,0.524761,0.24615717,2.3826778,0.08455373,16.699923,51.94861,0.99737084,3.3213196,0.6341768,9.794781,5.4421906,758.93494
8.248996,0.5206892,0.27223194,2.4167337,0.088975646,18.013605,62.495647,0.9975124,3.2860906,0.621672,9.715029,5.3863683,743.07355
7.6269517,0.8206705,0.109901324,2.5180664,0.07865759,17.346563,62.069405,0.99688166,3.3845005,0.5387548,9.888629,4.7570233,611.13385
8.211045,0.35072738,0.3997761,2.1931198,0.0702261,7.437412,21.844255,0.9944828,3.2842853,0.65855354,11.926987,6.5284624,1107.8009
7.847021,0.5720304,0.18302658,2.3734431,0.08465646,15.55646,51.32845,0.9970822,3.336701,0.61140597,9.780979,5.445737,739.039
9.20128,0.4333439,0.33640268,2.1066513,0.0879353,10.47065,30.387123,0.9976218,3.2569053,0.69885844,9.845001,5.7987514,528.16034
7.544621,0.5482152,0.21308152,2.3349133,0.077642,29.58387,84.58161,0.99634266,3.3295703,0.59950596,9.995738,5.2861433,1087.3452
9.062702,0.41032562,0.38626748,2.5098207,0.083945535,17.92773,47.022484,0.99771506,3.3107467,0.7818891,10.382731,5.9135838,701.7372
8.090968,0.409736,0.3964816,4.1351833,0.07252188,26.873482,101.87617,0.9961416,3.251072,0.64917994,10.713933,5.983872,936.5928
10.143799,0.4295713,0.42904833,2.3232553,0.082601234,10.108332,32.738846,0.998086,3.206307,0.6476562,10.132728,5.65305,589.12506
7.0981126,0.4790549,0.20283341,2.1552851,0.071420565,14.47999,31.758457,0.9949159,3.4114666,0.65387225,11.276018,6.1631236,1175.4799
8.069079,0.59711194,0.2217793,2.429081,0.08318675,22.768948,81.74421,0.9971588,3.3031116,0.5675931,9.636501,5.1248956,703.5313
6.785611,0.6315226,0.047238145,2.1504085,0.07855999,8.481238,21.94003,0.99529576,3.4466228,0.6081908,10.810636,5.759342,1115.7871
7.4523225,0.64913386,0.13070603,2.2449303,0.07868684,28.893858,77.54696,0.99647623,3.3648727,0.5496851,9.967737,5.119256,1006.1797
8.110002,0.5627251,0.20391582,2.295706,0.08446077,12.055535,42.15384,0.9972622,3.3004222,0.6127224,9.777147,5.344204,618.26984
9.436515,0.56352127,0.3798747,2.0392811,0.15353692,13.062908,63.46392,0.998404,3.1704988,0.779105,9.356646,4.96168,316.69147
10.565743,0.40819368,0.4552088,2.234502,0.10806936,7.9159865,24.65389,0.99853635,3.167778,0.75915855,9.749361,5.863911,469.78156
6.9676785,0.72001725,0.09187651,2.3254657,0.072326615,28.624132,65.60158,0.9955352,3.4307206,0.5588627,10.621321,5.161217,1295.7223
6.053709,0.59150606,0.07438828,2.1603732,0.060366884,16.94658,48.289124,0.99401593,3.6037855,0.65192485,11.992717,5.998951,962.50275
7.0481763,0.4363151,0.22516663,2.1752894,0.07349496,20.303192,43.927692,0.9948224,3.401423,0.6765025,11.414568,6.2118607,1143.7031
7.9825125,0.58779407,0.17139658,2.377735,0.08314743,13.085113,41.125835,0.9968596,3.3096232,0.59535223,9.814779,5.414825,872.7799
7.5673866,0.56035763,0.14559014,2.3122876,0.082000755,14.657875,36.06345,0.9967741,3.3811622,0.6294479,10.013009,5.5590434,722.6916
6.5129585,0.48409864,0.15823822,2.1575465,0.06402774,17.115541,44.923893,0.99404967,3.504463,0.6748585,11.980515,6.3025117,1057.128
8.999822,0.3245264,0.43346182,2.1659477,0.07442188,9.9106045,22.807188,0.995867,3.2743435,0.77512854,11.540964,6.8254075,874.4746
8.324363,0.46069282,0.28526515,2.1924028,0.08251484,11.118286,32.418015,0.9969137,3.3017058,0.6617471,10.197499,5.7887416,765.8191
7.1717143,0.48024583,0.22869946,2.0520234,0.06747982,35.398293,85.341866,0.99530673,3.343517,0.620811,10.531396,5.5710564,1219.4764
7.40536,0.8510311,0.08307801,2.5149674,0.07921297,15.775213,44.447372,0.9966687,3.4405196,0.55089813,10.132528,4.7696795,781.7243
8.335155,0.37790483,0.3666161,2.335345,0.082070924,19.85242,42.697304,0.9965567,3.327927,0.7284903,10.796673,6.0767746,951.38586
8.127989,0.47649482,0.24668726,2.129614,0.081497505,8.96858,25.330149,0.9963014,3.277999,0.6268184,10.282201,5.737302,1011.6702
9.066198,0.5590063,0.29135168,2.1871002,0.08822356,12.0674515,48.662907,0.99819213,3.2646408,0.6516359,9.476925,5.1739383,232.56026
6.5922766,0.5863911,0.10910165,2.234797,0.070857,16.50502,39.39939,0.99486595,3.500448,0.62162983,11.339017,5.7433815,1114.492
7.602843,0.5403629,0.16170642,2.2762961,0.08023593,11.062742,31.644753,0.99627846,3.3133845,0.5975278,10.207063,5.494118,1065.1185
8.289254,0.5390643,0.24340406,2.370698,0.087708205,23.943096,83.1908,0.9971685,3.2574232,0.5745178,9.639062,5.2912893,867.12866
8.094985,0.4697262,0.35171652,4.2669625,0.079417706,29.296295,101.64875,0.99759746,3.3201556,0.7267637,10.341036,5.6094112,821.567
8.610812,0.62691885,0.30274495,2.3483381,0.096342444,27.687601,115.3645,0.9972557,3.213499,0.55928725,9.37016,5.062505,482.03793
7.8915043,0.46217442,0.2679683,2.342151,0.080667175,25.627817,74.13269,0.99696976,3.3410568,0.67332214,9.939301,5.587938,802.37775
8.955951,0.3321359,0.4258421,2.1516602,0.080848426,9.937369,25.270296,0.9961466,3.267793,0.7666058,11.056532,6.571846,922.81006
6.392399,0.923676,0.053093974,2.3128533,0.076525204,15.712265,41.445694,0.9948996,3.6346204,0.5573622,11.449382,4.7562222,1088.5
7.0032196,0.581535,0.12207751,2.2598124,0.07601687,20.447443,44.256172,0.9956591,3.4474056,0.62893254,10.696832,5.682626,1093.8085
8.72467,0.3967254,0.3376639,2.1582963,0.091165654,9.009988,30.786417,0.99714875,3.2935836,0.7916477,10.231389,6.1634336,693.8631
11.064925,0.3685878,0.5530236,2.709521,0.084313445,12.494274,36.71698,0.9983889,3.181544,0.9380167,11.1579275,6.720502,414.69278
7.8284464,0.42273617,0.27577227,2.2115254,0.077930704,15.130399,36.019848,0.9962164,3.356199,0.6878679,10.634951,6.0679264,1001.3414
9.682874,0.40136343,0.542558,6.6621833,0.075296804,18.255537,60.50051,0.9984879,3.258428,0.8034443,11.890355,6.477327,537.82416
7.2299333,0.37062386,0.29361245,1.9157606,0.064315446,36.096752,66.37539,0.99513024,3.3873389,0.75541043,11.328991,6.301806,1188.3683
6.980018,0.3758566,0.27029884,2.0222394,0.06546578,31.399843,60.85373,0.9943242,3.4246411,0.7484982,11.910314,6.4425306,1117.8167
8.06919,0.718802,0.17164458,2.4112165,0.08789361,18.602175,78.796135,0.9971909,3.3145974,0.56890225,9.508406,5.0123687,234.27425
7.764644,0.72367966,0.1537075,2.440522,0.08132189,24.43491,84.35118,0.9968407,3.344786,0.53517884,9.748671,4.883511,736.8683
8.320318,0.4034691,0.42266953,4.3735647,0.075444266,34.74451,109.69681,0.9970429,3.2917402,0.7802288,10.77196,5.867856,896.1058
7.951193,0.38133755,0.32847616,2.3307068,0.08001753,14.249738,32.209076,0.9956351,3.3214378,0.6721215,11.198407,6.2390366,1069.9514
6.9285173,0.6689997,0.10891341,2.3228045,0.07604987,18.61,41.308804,0.9954499,3.4765065,0.59847313,10.931913,5.4107976,1141.47
6.923986,0.4937178,0.17857863,2.18595,0.07060601,29.572165,51.92438,0.99521095,3.437433,0.6719846,11.03201,5.919638,1188.9875
8.280904,0.50835943,0.24628098,2.2027733,0.093832314,10.940917,38.05558,0.9973981,3.3101916,0.6659165,9.671343,5.629527,399.649
6.8472366,0.47975567,0.2057497,2.073848,0.067279056,11.815041,28.193588,0.9938319,3.41592,0.6262066,12.004387,6.282533,1217.598
7.5501857,0.7830752,0.080104426,2.4976058,0.08175072,10.239552,37.465034,0.9966533,3.3797114,0.5432537,10.100075,4.969004,831.614
7.3963113,0.50651765,0.21812281,2.1888626,0.07441618,35.43145,87.90671,0.9959835,3.3513675,0.6167341,10.202781,5.4610553,1147.9296
6.82355,0.57088494,0.117778435,2.2781005,0.072973974,20.972927,44.288937,0.99512255,3.4218245,0.6177866,10.997176,5.752049,1241.0576
8.614463,0.45029163,0.31185699,2.1594763,0.06884266,2.841559,11.7739935,0.99506855,3.2092228,0.5301684,11.110823,5.8007793,1241.4253
9.951668,0.36305156,0.5587061,4.864618,0.07794473,7.413469,16.868338,0.9966809,3.2154927,0.72150046,12.702478,7.090978,707.31476
7.937668,0.8013077,0.09404932,2.2576249,0.08469006,7.1334043,22.289305,0.9967337,3.3544347,0.53606826,9.9536495,4.888485,654.0925
9.442623,0.36533487,0.44072804,2.088514,0.07298236,5.5247293,18.996357,0.9958537,3.1944783,0.64095736,11.099234,6.2314787,974.8043
8.163008,0.627345,0.20833737,2.4017568,0.08831564,17.894316,73.62957,0.99747384,3.3068821,0.6011798,9.521874,5.1756983,246.62349
11.199394,0.33747652,0.50961274,2.0144732,0.084833704,8.0894,23.55743,0.99803877,3.1349494,0.731934,10.182147,6.239397,615.0214
6.753037,0.5778623,0.103710264,2.167749,0.07362199,16.707304,33.37247,0.99535334,3.4757073,0.64024335,10.922432,5.896607,1154.9097
7.4021,0.5632499,0.14732419,2.2446647,0.084295295,14.010572,37.780773,0.99677706,3.3933818,0.6410094,10.019678,5.6956744,719.1555
8.293563,0.6282302,0.16159222,2.2689526,0.077349715,8.646444,31.67475,0.9972456,3.287075,0.5805802,9.667666,5.1473308,451.4024
8.343702,0.7269774,0.13604355,2.264287,0.084247194,7.3549685,26.219658,0.99695957,3.2908742,0.53768045,9.707549,5.006684,658.8523
7.9695945,0.55656755,0.19878861,2.389233,0.08494465,14.89501,47.035873,0.99714583,3.321058,0.6167124,9.753928,5.4334493,754.4537
7.9915676,0.63467157,0.144915,2.1600375,0.08419179,8.21499,32.090492,0.9971593,3.3482616,0.6204558,9.547179,5.460048,170.24294
7.598429,0.46083978,0.231267,2.3370957,0.0793288,13.867387,35.81866,0.9958638,3.3204706,0.6189794,10.668004,5.864142,1180.8715
8.08707,0.6784557,0.12738672,2.1444814,0.08221209,6.2751803,18.771397,0.996673,3.2918131,0.54193723,9.848482,5.124219,795.3669
8.377073,0.615479,0.26524165,2.4861467,0.087593235,22.23578,89.41666,0.997413,3.273651,0.57712245,9.608041,5.1021204,526.73566
7.6234703,0.8224949,0.09827931,2.3876238,0.08106319,10.999122,39.21719,0.9970023,3.4239597,0.5484273,9.965824,4.8434453,423.3892
7.870446,0.5357029,0.2246373,2.2285693,0.08127861,26.05245,75.95101,0.99668443,3.282924,0.5723307,9.747389,5.3213434,1170.2709
7.73315,0.55545783,0.19239582,2.3165586,0.08216285,23.499525,68.09367,0.9969604,3.366151,0.6338116,9.838852,5.4258623,620.0857
8.166878,0.6231825,0.15658352,2.1829934,0.080209486,6.555882,23.451681,0.99680555,3.2601645,0.5499454,9.862976,5.1592793,802.45905
9.797121,0.45857495,0.4178459,4.6635556,0.077772215,9.958152,38.98524,0.9988924,3.2509837,0.65871185,10.90464,5.827976,649.04987
7.4358687,0.43025067,0.2747371,2.036691,0.07232469,30.797642,74.919876,0.9955723,3.3306,0.6445922,10.493876,5.759738,1122.807
7.8910336,0.35575226,0.37068674,2.1175215,0.07385285,9.565812,24.003126,0.9947543,3.3272233,0.68011016,11.756818,6.5011806,1091.9487
8.140011,0.5366488,0.25294775,2.3669188,0.08655747,21.594522,78.71622,0.9972912,3.293163,0.59744483,9.628905,5.312511,657.82367
7.46523,0.5946744,0.14803946,2.179255,0.08316822,15.727859,51.78355,0.997061,3.3842218,0.62044996,9.785186,5.4450912,483.33786
9.714564,0.41687724,0.4822068,4.9113393,0.0770199,18.575298,64.68229,0.9979715,3.240927,0.80753714,11.168512,6.2860494,658.3503
14.203607,0.46729508,0.6558063,6.3817506,0.08319056,7.6452417,38.587116,1.0021296,3.0622702,0.82580936,11.786078,6.622242,146.39565
7.4150047,0.45899966,0.21810342,2.1097577,0.07604755,23.870111,53.26389,0.9963004,3.379033,0.70049614,10.368304,5.7976823,945.0566
9.027576,0.44200882,0.40454102,2.1522892,0.14918116,15.170174,56.103107,0.99760616,3.2007945,1.0284652,9.857053,5.8340063,506.38254
11.446288,0.47804007,0.4997236,3.0145853,0.08405243,12.662182,36.97248,0.99952346,3.1814008,0.6788687,10.58174,5.656277,534.8742
7.338089,0.60258234,0.13722558,2.2963614,0.07629034,28.191835,69.505875,0.9966049,3.410284,0.5965239,10.053655,5.3006387,882.06384
7.6080503,0.5696914,0.16763608,2.2965565,0.07971945,20.874702,58.506485,0.99680185,3.370488,0.6071901,9.881461,5.381462,829.17975
8.224454,0.5176903,0.25081655,2.3460689,0.085855044,19.20749,66.048584,0.9972395,3.273173,0.61110735,9.672848,5.433633,816.2533
11.610735,0.4238072,0.5183619,2.1768665,0.08368469,7.238314,25.856915,0.9988465,3.076843,0.59243536,9.799318,5.4914503,582.7434
7.791148,0.68907696,0.10144822,2.1697602,0.08362043,9.248074,33.196644,0.9970864,3.3505497,0.5923602,9.656242,5.2495313,330.98706
8.083655,0.34920216,0.36468482,2.2552712,0.07777728,14.967001,32.794895,0.99528784,3.3143382,0.70427066,11.461846,6.4640694,1063.3846
10.433134,0.53457004,0.3639102,2.4530475,0.082524456,9.150368,30.297157,0.99872863,3.1509335,0.5742556,9.545201,4.974469,417.78125
6.2854056,0.5574414,0.10186197,2.107348,0.06310378,23.053585,54.32411,0.9942993,3.5397494,0.6548114,11.714594,5.9501514,1003.3808
7.605754,0.71016365,0.09923069,2.3647225,0.082764156,9.807116,31.484482,0.9968639,3.3870952,0.579798,9.984301,5.17392,631.7049
10.306691,0.292339,0.53246707,2.0717833,0.0786046,5.6625123,15.603366,0.9964593,3.1610007,0.7914621,11.203746,6.8134584,788.48755
13.144337,0.4350556,0.622759,3.8753016,0.08334917,10.23061,34.516796,1.0003351,3.1077724,0.7742152,11.407828,6.563256,294.05914
8.378262,0.5082367,0.301185,2.559834,0.0892134,21.444948,81.56881,0.9976686,3.285803,0.6409875,9.712948,5.3626943,614.6786
12.583323,0.40562928,0.56232285,2.2650585,0.0781201,7.23111,26.779064,0.9993924,3.050021,0.67196506,10.113334,5.9493017,512.4808
7.640597,0.76762784,0.11566499,2.3715847,0.082880735,13.1646185,40.481873,0.99693614,3.4023852,0.57406676,9.974615,4.9954996,595.231
8.071046,0.560213,0.24358834,2.4191413,0.08914728,19.417324,74.25873,0.99740386,3.308132,0.6055807,9.665698,5.308329,489.1817
9.417894,0.4279115,0.3659052,2.3487835,0.09028205,11.846187,35.74306,0.99785525,3.25249,0.69471335,10.073992,5.798238,603.67755
6.947512,0.6374664,0.09065977,2.264539,0.07646169,13.346432,27.862734,0.99544835,3.4435894,0.59479165,10.898072,5.516846,1252.8046
7.6588063,0.61813444,0.1168869,2.1499946,0.0850927,9.97046,34.308586,0.9970547,3.3669126,0.62150526,9.726459,5.4673705,363.34497
9.2384405,0.34110564,0.43618318,2.289517,0.07891554,12.931505,30.802952,0.9965394,3.2608683,0.8044042,11.250761,6.671577,791.8538
7.5889816,0.75543946,0.091959074,2.3184583,0.08265687,11.442495,33.53973,0.99673843,3.38986,0.56786543,9.975431,5.0499864,680.6839
8.395688,0.31538543,0.40750912,2.1873398,0.073398486,14.991016,32.334984,0.9953431,3.292284,0.7690444,11.569436,6.7189965,1002.32416
7.05525,1.064416,0.033934314,2.3839812,0.084194034,13.507798,32.096928,0.99599755,3.5452719,0.4930897,10.685543,4.316583,910.94336
8.058898,0.28680897,0.44096136,2.2443583,0.06047115,12.26472,25.24484,0.9932774,3.2909224,0.79337466,13.314437,7.493885,1037.6252
7.98707,0.5597123,0.21748416,2.2560735,0.082572035,24.34093,80.95934,0.9968813,3.281929,0.57513535,9.643433,5.3107567,869.95514
10.832229,0.42378518,0.4792742,2.402813,0.09712499,12.033727,38.142353,0.9987715,3.1707315,0.71786165,10.158632,5.747235,593.84906
8.73895,0.5184175,0.32885507,2.7848356,0.08660762,20.605545,81.716225,0.9980693,3.3074234,0.6691044,9.922764,5.327529,442.1703
8.961368,0.41982096,0.35663095,2.0866122,0.079858646,7.9496193,20.610195,0.9964014,3.222367,0.62922287,10.489119,5.8467054,1014.9015
7.7907934,0.76669955,0.102806956,2.2569864,0.0836805,9.812602,35.295803,0.9970599,3.3839157,0.57439494,9.823099,5.0499115,304.65674
8.149617,0.64611477,0.16935888,2.3098104,0.08884806,11.386352,53.312508,0.9972252,3.2941508,0.61928684,9.467755,5.271773,208.17165
8.398155,0.56356835,0.2182583,2.2031054,0.11372528,10.520112,44.294384,0.99725413,3.2771335,0.6476529,9.565464,5.4681754,338.1503
6.9257584,0.41729558,0.23543236,2.1490905,0.072891526,19.018421,41.753582,0.9943939,3.3989177,0.6835474,11.727694,6.3078985,1158.1453
8.158231,0.40434155,0.41442552,3.9770916,0.07412136,29.014336,97.48574,0.9965969,3.2877429,0.71017045,10.761509,5.8981833,859.4992
8.467949,0.43174815,0.33615103,2.457379,0.08456134,20.137661,56.199238,0.99740964,3.3240275,0.7187039,10.286605,5.740165,784.43353
7.4620705,0.45358694,0.24501877,2.1546698,0.07285218,26.324375,52.341434,0.9960152,3.3845809,0.68965757,10.494996,5.924906,1103.3064
8.159435,0.54765034,0.26500514,2.7796128,0.08801198,26.00983,87.50883,0.9973058,3.2520943,0.56653595,9.660447,5.2307515,963.79193
7.54995,0.6369184,0.14409095,2.4134746,0.078959495,20.262875,65.91159,0.9969892,3.3769727,0.5795761,9.812623,5.1698875,659.33624
7.433495,0.5823301,0.14051205,2.2647016,0.07584171,6.686382,17.860882,0.99510247,3.3195548,0.5435112,10.759902,5.4443803,1310.3043
9.163202,0.40299883,0.3902749,2.077577,0.07760652,7.3768096,20.543694,0.99623245,3.2145534,0.6329713,10.691757,5.967328,977.7858
7.9245625,0.5120432,0.2701333,2.6015003,0.08662287,32.003605,99.90937,0.99713004,3.321555,0.6109354,9.893821,5.299981,801.8191
9.767517,0.44301304,0.39454937,2.3378274,0.08897022,12.573931,36.406776,0.998168,3.2259355,0.667701,10.029406,5.591909,601.0249
6.0122895,0.50057334,0.13728109,1.9367422,0.058793724,14.722076,46.07296,0.9930797,3.5626497,0.66512406,12.669941,6.4199114,974.5326
7.8385005,0.6087261,0.168293,2.3654044,0.08294163,15.628994,52.797977,0.9971551,3.3558657,0.60447675,9.740092,5.319086,565.7173
9.002071,0.54949474,0.36025763,5.357703,0.098835975,29.717722,98.87882,0.9994029,3.2835977,0.7276503,9.739226,5.1933775,584.23505
7.5904384,0.68317384,0.12003571,2.366222,0.08272093,13.832962,39.559845,0.99682957,3.3901455,0.5840442,10.014332,5.2187524,771.03357
7.742564,0.6909522,0.10904837,2.2069757,0.08307158,8.560153,25.549074,0.996776,3.354983,0.56935734,9.951208,5.1993413,665.70593
7.5478215,0.9146127,0.06533866,2.493179,0.08111266,12.574745,51.438263,0.9970614,3.4427154,0.5360932,9.865845,4.683136,182.26149
7.5071263,0.721774,0.081371546,2.2302344,0.08160547,7.407085,21.419939,0.9965277,3.3732145,0.5568629,10.088611,5.173508,830.2872
6.933703,0.5534046,0.1272745,2.2586403,0.071885966,15.495302,32.89091,0.99529123,3.4473631,0.62183344,11.018154,5.8190994,1188.3536
8.531551,0.49123755,0.28202316,2.3537,0.08866135,13.962167,44.387703,0.99757934,3.3003821,0.6542725,9.8468485,5.5783415,565.4228
7.6108713,0.7403122,0.110031664,2.4362624,0.079965144,12.952209,51.42563,0.99719495,3.3948665,0.5820927,9.756813,5.085226,332.3974
9.661935,0.6008121,0.27655834,2.2411137,0.0760286,9.151409,27.593498,0.9979201,3.2098148,0.55798185,9.528242,5.079051,399.94037
7.688323,0.43745402,0.2687065,2.1948466,0.07636117,23.639883,48.08682,0.9962406,3.3716877,0.6937875,10.506817,5.961835,1064.5588
7.4622536,0.61805654,0.22058007,5.9139943,0.109873615,51.002483,122.8917,0.9985077,3.2999287,0.5627126,9.324794,4.9254527,861.1695
10.16504,0.50804585,0.42878947,2.856465,0.09985771,17.604227,62.806602,0.99894047,3.2057405,0.6905337,9.949432,5.2596903,582.6049
8.472032,0.5714365,0.28029937,2.5885239,0.088294744,24.3252,93.3113,0.9975153,3.2489321,0.58128303,9.623036,5.1709948,771.53595
8.447589,0.34902045,0.4236408,2.856951,0.07461781,12.941192,23.315926,0.9950534,3.2803102,0.71798533,12.331878,6.83806,999.14636
8.33657,0.40903383,0.5383503,1.9567205,0.3291182,10.788045,42.479515,0.99702233,3.1230962,1.1775244,9.605848,6.0491295,461.97653
6.450651,0.9037209,-0.0054298323,2.3705611,0.08050661,3.9294982,9.080287,0.9948803,3.5326319,0.52665997,11.418059,4.843694,1357.1704
7.776458,0.7572684,0.14931323,2.5457718,0.08373432,24.079332,88.39223,0.9969664,3.3521767,0.52653486,9.732007,4.807444,582.3613
7.6257095,0.7331746,0.106742054,2.4162939,0.082313955,11.436235,39.057907,0.99702215,3.3988466,0.5697583,9.935494,5.062512,571.3779
7.743141,0.3668784,0.34378842,2.1479971,0.07680177,25.11549,49.343754,0.99556905,3.3404112,0.73289865,11.115756,6.251181,1128.0792
7.5825624,0.48418802,0.20086902,2.0933766,0.078982405,10.136559,29.182632,0.9959582,3.3623986,0.6838028,10.548053,6.040444,948.6385
6.7637763,0.58461547,0.10319163,2.2263162,0.071421936,17.005833,39.331028,0.9952878,3.4815028,0.62314665,11.025216,5.771566,1097.4934
6.952675,0.47234198,0.196194,2.2018597,0.07016919,18.75681,43.183628,0.9949109,3.4530582,0.6825542,11.4374485,6.1701,1115.9155
6.731733,0.64366937,0.08970441,2.2274463,0.07450004,14.356298,32.810867,0.9951774,3.479198,0.59346914,11.138623,5.5757866,1201.9963
7.6717987,0.42522794,0.28152776,2.1780226,0.07724835,20.456919,42.736984,0.99602836,3.3624823,0.699435,10.708895,6.0625286,1102.4038
7.5193176,0.5075406,0.18972112,2.256297,0.07991829,16.793062,40.488087,0.99644667,3.3739815,0.6404064,10.241447,5.7014923,981.21234
9.727196,0.6008932,0.4027891,2.941938,0.10249768,21.87769,92.46178,0.9989086,3.2194152,0.6621292,9.606587,4.8653994,461.23508
8.141096,0.5840909,0.2296244,2.268269,0.0864248,29.195585,105.6103,0.9968732,3.2547379,0.54331,9.518518,5.1065702,770.56195
8.030806,0.5236173,0.2572823,2.415921,0.0875102,18.74446,70.310104,0.99748987,3.3250344,0.63861835,9.772431,5.3982525,481.02228
8.465218,0.52418625,0.31586823,2.8908956,0.087921396,20.155104,81.25744,0.99790144,3.2890368,0.62967026,9.834866,5.3339806,593.2973
8.641005,0.58046186,0.316067,2.6779778,0.08753807,24.260818,99.10052,0.99783283,3.271508,0.6258371,9.636177,5.1069913,472.38605
8.313079,0.3633926,0.37418905,2.2441428,0.07780725,18.510208,40.340946,0.99613327,3.29803,0.72620106,10.872315,6.2153516,1009.1963
8.852358,0.40993032,0.4077753,2.562204,0.08267889,11.986804,28.813877,0.9968083,3.2929778,0.7190728,11.200681,6.182698,777.33606
7.6057596,0.77954125,0.09599127,2.4434924,0.08236918,11.199329,36.037334,0.9969104,3.4082189,0.5625703,10.0156145,4.9917607,614.3073
8.98397,0.34055465,0.43855956,2.314466,0.07468607,11.356368,23.797697,0.9959445,3.2875316,0.79092246,11.614846,6.811249,868.3966
8.314588,0.5644713,0.2629998,2.3455114,0.08967562,26.248125,96.40744,0.997201,3.2442222,0.5597463,9.533947,5.195911,765.28125
9.679557,0.36926678,0.45824534,2.3978188,0.0910379,11.392334,28.304493,0.9975294,3.2333658,0.70883876,10.646302,6.0939693,819.6565
8.708192,0.34640667,0.42245764,2.3632205,0.07868647,11.925489,27.265997,0.9957693,3.2823818,0.7260082,11.48786,6.575615,948.6441
7.687594,0.85310507,0.08187266,2.4349008,0.083282016,11.814446,41.483387,0.99711645,3.4261045,0.54804677,9.936684,4.855645,393.42282
7.225102,0.48180208,0.19906372,2.2125952,0.07482855,14.343528,31.899303,0.9951719,3.386415,0.636145,11.046775,6.0154343,1181.3076
6.49837,0.48118877,0.20273544,2.0075042,0.058827296,8.060463,22.34443,0.99243766,3.4261463,0.6052778,12.951301,6.5277114,1312.9286
11.439395,0.41759428,0.5313836,3.1059282,0.0867836,10.947726,33.36714,0.999097,3.170345,0.74515975,10.925418,6.225275,524.3204
8.468924,0.40707138,0.32896683,2.1091826,0.082119636,8.506096,25.05529,0.9962302,3.268419,0.67108434,10.55507,6.028496,945.88544
7.5376925,0.65437895,0.15218502,2.19112,0.07781837,33.813946,89.58717,0.9961714,3.329253,0.5284187,9.873021,5.1080213,1290.0802
7.317245,0.6818706,0.0899277,2.1636615,0.083241396,13.374099,49.498775,0.9968634,3.400627,0.59521544,9.708172,5.289999,340.5292
5.462465,0.5954095,0.056586225,1.9757714,0.051842406,14.22415,50.696426,0.99253577,3.6600678,0.6398091,13.153662,6.1982455,876.76404
6.2223864,0.58323145,0.097108126,2.0974538,0.06258422,11.697935,36.651573,0.99351776,3.5232196,0.60022855,12.33366,5.9304366,1071.3121
8.870523,0.3658886,0.38899538,2.2092364,0.082637556,9.368728,24.68218,0.9963683,3.2549038,0.6945491,10.744832,6.1924543,975.28595
8.302047,0.41446036,0.2966779,2.042999,0.07384835,5.309569,16.41948,0.9952979,3.2472289,0.6091521,10.968921,5.9842896,1172.1415
7.5323896,0.6039887,0.14199148,2.2022727,0.07721416,26.285532,74.21767,0.99656653,3.343193,0.56381226,9.8005085,5.161465,974.49023
9.73958,0.37341684,0.47366142,2.6539094,0.08534514,10.510946,26.899948,0.9971217,3.2442129,0.759504,11.309521,6.4927416,711.7691
9.999947,0.4033131,0.43466648,2.1225257,0.15398008,6.8950067,20.229849,0.99829084,3.183316,0.7769567,9.695736,5.8601127,459.348
7.7273483,0.5516154,0.15923941,2.299931,0.08090092,11.146574,31.080614,0.9964088,3.3156815,0.58979744,10.137578,5.489147,1092.8009
8.321659,0.60020894,0.17860086,2.2551007,0.084216855,10.362498,41.384277,0.99745286,3.3068192,0.6083017,9.56242,5.3186307,273.85812
8.889365,0.49467185,0.2959788,2.2127287,0.09001816,10.869091,36.92146,0.9976968,3.2559037,0.6488044,9.747243,5.5154724,495.82837
8.192972,0.56054854,0.22996682,2.4350157,0.08763636,15.791249,57.03198,0.99729323,3.2804384,0.6114316,9.638281,5.342672,680.404
11.198382,0.35486168,0.5079518,2.2357428,0.0861121,11.172459,32.543575,0.9985255,3.1663034,0.7992768,10.371087,6.3226457,569.49524
8.475151,0.5836254,0.28042486,2.434332,0.090366505,29.877184,110.966774,0.99729204,3.2287652,0.5464369,9.502882,5.0867147,790.4127
5.881825,0.50218123,0.09774721,2.0624359,0.055931695,21.661724,62.917995,0.9932935,3.60346,0.70573837,12.587062,6.372641,858.65546
6.55971,0.8365065,0.077177346,2.2712834,0.07586826,14.386366,37.015217,0.9949354,3.5989606,0.5781731,11.44584,4.9464407,1081.7131
7.2929688,0.4320291,0.25831747,2.1489599,0.07440154,29.66917,53.6094,0.99553394,3.3939161,0.7029107,10.940432,6.019756,1160.932
8.601448,0.54878455,0.2905041,2.4483778,0.088964626,23.117668,86.64855,0.997481,3.22649,0.5897741,9.515762,5.19764,796.9614
7.735668,0.573981,0.16376397,2.3624525,0.081675455,11.755746,39.26208,0.99682945,3.326743,0.6083989,9.973462,5.398027,806.0948
7.484994,0.789448,0.07930736,2.4129035,0.081254095,8.661093,26.40076,0.9964877,3.3973372,0.54313254,10.196941,4.943507,857.8537
8.951914,0.4323041,0.38312683,2.493155,0.084968515,13.615415,39.055527,0.99750143,3.2860253,0.6810248,10.515345,5.791518,780.67456
7.035345,0.7506459,0.071474195,2.354913,0.08099494,16.470783,36.86076,0.996051,3.4846547,0.5739692,10.545719,5.2464523,1012.8116
6.826927,0.6486736,0.10805762,2.2071776,0.07009057,29.294046,62.15667,0.9953822,3.465682,0.59743226,10.75696,5.4466066,1207.4716
7.3245196,0.5707209,0.11686829,2.2513454,0.08060685,11.094835,28.83978,0.9961807,3.3744745,0.61136746,10.279413,5.618049,1020.301
7.0790358,0.34222335,0.416033,3.753398,0.05441605,39.755665,145.44737,0.99476075,3.290373,0.62253875,11.076013,5.832489,812.4107
6.875486,0.8045377,0.035479132,2.2591684,0.08480556,9.344876,19.200634,0.99552965,3.4778936,0.5582268,10.821188,5.1229115,1202.4132
7.6726775,0.62744266,0.111601576,2.213649,0.07912574,9.866518,27.48285,0.99644536,3.3269699,0.5728132,10.004377,5.314262,938.5424
10.304782,0.40447822,0.43255654,2.2323349,0.0872818,9.801824,30.069801,0.99809575,3.1806629,0.6753466,10.024792,5.81365,678.4459
9.745094,0.327335,0.46625847,2.0784512,0.08343654,7.8242297,20.088154,0.9967833,3.2090034,0.76024926,10.755226,6.4795227,815.31805
7.2771273,0.57768595,0.14635894,2.2320466,0.07710572,23.3711,52.59081,0.99614,3.386388,0.60478914,10.230257,5.543458,1183.5907
7.735397,0.54414725,0.17597757,2.2368052,0.08438657,11.295758,34.039818,0.99680763,3.329234,0.62114924,10.0070505,5.5858145,762.2048
11.0769615,0.40685087,0.5310713,3.1578321,0.08361236,12.092601,36.69244,0.99859124,3.2040358,0.7933022,11.258491,6.4436946,506.3909
8.186188,0.5754376,0.21573082,2.318696,0.09086496,13.001187,50.44742,0.9974024,3.303083,0.62392074,9.61648,5.3894105,413.23862
6.5294185,0.6601242,0.095586345,2.2631774,0.06945105,17.034468,41.946533,0.9947821,3.536281,0.6094426,11.486217,5.529685,1111.2878
7.795812,0.404066,0.31385416,2.1695964,0.077876054,23.044926,50.641186,0.9958486,3.2995677,0.6893406,10.714469,5.9797344,1151.8206
7.792222,0.53874326,0.19229023,2.2895205,0.083374746,18.125805,57.805458,0.99705374,3.3254645,0.6099637,9.746765,5.3802085,781.80176
10.377886,0.36453584,0.49569008,2.379459,0.08710619,11.8827715,32.948124,0.9978709,3.213979,0.77446157,10.765298,6.3138566,649.51697
8.0219345,0.31515458,0.38899425,2.0452847,0.0719089,13.004096,30.787027,0.9945704,3.3093884,0.7488558,12.047169,6.8398614,1042.1515
6.560902,0.7947268,0.096863165,2.3244653,0.07468716,13.717507,35.353966,0.99479717,3.5534914,0.57415974,11.552484,5.0175905,1216.042
8.001357,0.49656132,0.22746396,2.269385,0.08044847,11.544454,33.578293,0.9967369,3.3186066,0.6400486,10.130355,5.614259,860.2356
6.7444735,0.4505672,0.23861898,1.9659389,0.06137981,11.126507,28.287296,0.99303925,3.4164155,0.6486561,12.611453,6.6369033,1199.3562
10.702419,0.56893224,0.47328502,2.9892569,0.121155776,19.232847,74.687126,0.99947345,3.184581,0.72281927,9.693616,4.807491,505.39664
8.701949,0.35160398,0.38999987,1.983902,0.08142373,9.966921,27.589733,0.9960918,3.2827275,0.7798008,10.880087,6.4906487,876.47437
7.27721,0.5893487,0.11782116,2.302802,0.07954242,11.792418,30.599749,0.9960571,3.3713374,0.58780354,10.409544,5.532282,1149.1738
8.603289,0.5853757,0.20420448,2.2158678,0.07966047,9.633372,28.991877,0.99726844,3.279541,0.5965258,9.666697,5.32892,509.4124
7.9326806,0.5882953,0.16065724,2.3052442,0.081635185,9.962034,34.20786,0.9970165,3.317388,0.60122305,9.840255,5.340759,627.98724
7.75381,0.5222445,0.17977454,2.2486427,0.08041167,11.514669,31.081593,0.9963708,3.3210444,0.6157113,10.121096,5.6007833,1016.46533
8.33137,0.2907432,0.5310365,3.7711604,0.06770441,26.726547,64.275314,0.99468315,3.2357144,0.77651304,12.672138,7.0428762,913.05927
7.4014025,0.51552606,0.18008776,2.2160938,0.081610225,22.898542,48.691124,0.9963205,3.3896756,0.6621928,10.22788,5.7695713,997.336
9.133814,0.32188436,0.4788954,2.582933,0.07229599,14.302388,28.467829,0.99549896,3.2364428,0.80228347,12.249145,7.0765066,819.7394
10.438495,0.46185723,0.45881093,5.172006,0.08207947,9.172789,40.067272,0.99945545,3.2277508,0.6826031,10.954405,5.905171,603.0221
13.390022,0.38851398,0.6592783,2.5852294,0.07840848,6.192225,21.543533,0.9992882,3.026397,0.67775446,10.925728,6.485513,412.16077
6.7185245,0.60108113,0.11019641,1.9095967,0.06290736,39.86186,86.61419,0.9951698,3.4586122,0.6132595,10.62565,5.4231586,1163.5216
8.623869,0.5699571,0.3186585,2.7055697,0.10450295,29.91922,108.70441,0.997699,3.2456465,0.61643755,9.647083,5.230695,673.3522
8.507448,0.35801578,0.41271138,2.5542696,0.07760599,15.040672,31.399586,0.9956776,3.2867024,0.7215258,11.666543,6.5250015,968.8398
7.27468,0.60481876,0.10660407,2.2883983,0.08147075,14.903342,33.972206,0.9961585,3.3984778,0.5994588,10.314177,5.5798006,1082.8396
10.912292,0.54367906,0.4262653,2.9848561,0.09212453,11.349803,43.834145,0.99962074,3.1512284,0.60442984,9.812842,4.795863,483.30228
7.1519046,0.5885704,0.099439055,2.2244453,0.07591461,8.581797,22.378918,0.99545234,3.3795476,0.5873373,10.6846075,5.591589,1212.5544
9.392104,0.42213643,0.38254187,2.3789062,0.08835333,12.821404,39.21204,0.99787897,3.2674582,0.7195111,10.136326,5.813244,583.6562
7.2011185,0.49065244,0.20482442,2.079504,0.07268263,28.222656,56.23705,0.9957803,3.3797047,0.6490248,10.493575,5.71144,1215.4264
8.251315,0.64578164,0.15097953,2.1701918,0.08242655,6.294974,21.537191,0.9968646,3.2614923,0.5471491,9.790847,5.1626997,776.0934
7.6301622,0.5404688,0.19483373,2.2984467,0.08048888,25.166962,73.29301,0.9967864,3.3681943,0.62666637,9.835245,5.4451103,667.7914
9.250241,0.5609562,0.37628603,2.884998,0.09879575,25.067184,93.0356,0.99845713,3.2492697,0.6733273,9.777503,5.1923914,557.7311
8.169743,0.5191846,0.23825361,2.2924166,0.08858132,13.966547,45.08749,0.9973871,3.3068185,0.6405865,9.739775,5.475432,587.41345
7.148892,0.44690454,0.2225404,2.2005956,0.07306564,18.139301,41.479645,0.99495476,3.4008543,0.66852176,11.322885,6.177557,1135.3701
7.959056,0.42308336,0.2699516,2.2656765,0.08176886,17.46492,48.43154,0.9970708,3.3346825,0.7925055,10.085269,5.8998156,721.01654
9.52137,0.6145217,0.30208188,2.2981334,0.08884341,10.935914,45.67271,0.9983596,3.239332,0.6093449,9.401636,4.9432807,192.94472
7.8462834,0.50683707,0.22428311,2.30692,0.08535158,18.713665,57.430695,0.9972213,3.3458471,0.6356878,9.818866,5.4980907,655.0358
9.552899,0.39763796,0.4489887,2.628139,0.0847029,12.44455,33.17209,0.9973406,3.2627578,0.7808733,10.994534,6.3477063,711.7959
8.095384,0.60782874,0.18602197,2.3523004,0.085125856,13.481233,50.776833,0.9971921,3.2976015,0.60550815,9.6045475,5.2983994,486.41293
7.939831,0.51620895,0.22402008,2.3300238,0.07566816,9.996659,32.80384,0.99661076,3.3214598,0.59649485,10.375635,5.5258284,979.0106
7.3314576,0.7118694,0.09329493,2.3617277,0.08249481,9.961917,24.295954,0.99604136,3.3831887,0.5612508,10.36447,5.1201797,1164.6257
12.211249,0.41626498,0.5560485,2.7180834,0.0836481,10.583806,35.02869,0.99954176,3.1253312,0.7565068,10.670318,6.2185597,439.16995
7.5289125,0.5004613,0.21177314,2.0679247,0.07685282,29.950228,69.8825,0.99632776,3.3555222,0.62749535,10.073266,5.513062,1122.1593
7.0475564,0.724135,0.0620112,2.274199,0.08412185,14.383874,30.815577,0.99615926,3.4651108,0.58434325,10.409238,5.3595386,950.58215
11.651316,0.4477459,0.5326914,3.674804,0.09097896,14.098566,45.26993,0.9997541,3.1673586,0.84436953,10.820037,6.1692605,448.75848
11.635237,0.47550213,0.50116754,2.1495569,0.15000622,7.0680175,20.58169,0.9995632,3.0857513,0.6718935,9.470818,5.179097,434.6655
7.5235715,0.7517151,0.08695662,2.1723948,0.08346265,10.663711,38.640347,0.9969014,3.4023736,0.58260345,9.81018,5.153561,312.3573
9.036501,0.4463506,0.32670638,2.2019606,0.09050546,10.811563,33.077766,0.99763733,3.2637186,0.67756283,9.878221,5.722746,545.33374
8.427635,0.36305654,0.35286102,2.2953684,0.08263342,13.590086,36.708252,0.9967911,3.3139458,0.8376593,10.54494,6.398304,834.9785
7.386755,0.5457602,0.15767261,2.2102985,0.078435645,22.866966,54.42427,0.99645126,3.3791876,0.61592454,10.045789,5.511696,1044.5197
8.98404,0.53238064,0.27486444,2.160311,0.08867176,8.078926,28.78897,0.9976722,3.2564125,0.63861895,9.57987,5.5166135,303.0039
7.781328,0.51373285,0.22883992,2.2041214,0.07961469,35.21543,96.378075,0.99640507,3.3031862,0.59493893,9.951866,5.2961144,1085.273
10.193785,0.48274705,0.419165,2.3674197,0.084497206,10.345324,34.837208,0.99843603,3.1670942,0.6040789,9.878,5.260792,593.58594
8.335602,0.59737986,0.1976784,2.272493,0.0882908,10.684079,44.87726,0.9974333,3.2959607,0.61377275,9.538969,5.334275,297.8889
9.221215,0.49581516,0.36681822,2.7089221,0.08641167,18.211859,67.80444,0.9982203,3.2859097,0.6752699,10.013409,5.393971,536.5558
11.851478,0.36899364,0.616223,3.368353,0.08440604,7.1699395,21.262514,0.9980757,3.1304736,0.7542351,11.992754,6.993959,520.3861
9.062118,0.49831545,0.33188713,2.3365297,0.109404616,13.065709,46.040356,0.9979459,3.24164,0.6589737,9.7872305,5.4532003,575.87714
7.150405,0.744086,0.07784787,2.4019866,0.08009974,8.77544,22.42179,0.99578655,3.4014192,0.54792297,10.536691,5.0545726,1243.2987
8.270726,0.42150557,0.3294186,2.4447565,0.09049584,26.366575,80.92034,0.9976586,3.2757068,0.9542538,9.849413,5.4828067,629.75616
7.492578,0.61845046,0.13617636,2.2198615,0.07527419,25.254879,70.27149,0.99642617,3.3175666,0.557841,9.79849,5.1475453,1203.6266
9.047728,0.4105973,0.36729103,2.244932,0.08701947,11.365283,31.827665,0.99732184,3.2618806,0.6751745,10.284249,5.8348675,794.0401
7.9986463,0.65931123,0.13605909,2.3168082,0.083789505,10.274362,34.044365,0.9970811,3.3349912,0.59276104,9.740702,5.2641644,504.01428
7.62563,0.60672456,0.14141773,2.3651867,0.08084361,16.027777,46.79268,0.9970413,3.388447,0.6181441,9.869482,5.3953323,605.4601
7.2970147,0.6503986,0.08965491,2.2471092,0.081196874,15.725934,40.937153,0.9968556,3.4415727,0.6209394,9.836047,5.5442595,545.6649
6.1810045,0.73376995,0.06992856,2.1379142,0.065521255,27.872221,63.07166,0.9943224,3.5888112,0.61328304,11.666509,5.3898053,1079.1694
7.7411475,0.63334614,0.13957603,2.3891435,0.081319496,13.397298,45.851856,0.99708307,3.3531382,0.596312,9.780492,5.2811065,619.1039
8.617118,0.5470612,0.27057937,2.335725,0.08555351,12.806344,46.835987,0.99776834,3.2587204,0.605334,9.694109,5.226234,586.96173
7.929221,0.6900653,0.1875784,2.4223313,0.087762594,26.685043,98.33507,0.99699676,3.3237128,0.5405157,9.584532,5.020429,511.65332
6.5119205,0.47498548,0.19451016,1.9482595,0.061224576,12.023426,31.912354,0.9931271,3.4626727,0.65037125,12.535437,6.5651455,1155.0442
8.612221,0.5206979,0.24824418,2.2204194,0.08429656,9.479971,29.493238,0.99717224,3.2504709,0.6128651,9.810286,5.470965,731.16943
7.43499,0.485514,0.21572872,1.9938881,0.069511436,30.925703,70.022415,0.99612564,3.3426042,0.6270631,10.20267,5.5004816,1146.1501
8.94219,0.4997508,0.3064309,2.2955801,0.07946133,9.303748,31.977661,0.9973124,3.238774,0.59323364,10.088853,5.3990173,799.66583
6.880514,0.5556357,0.13933535,2.21986,0.07160369,25.617243,51.968166,0.9953751,3.4323978,0.64134914,10.790789,5.662128,1171.2611
7.3131137,0.37195256,0.31680596,2.3002446,0.07520993,14.695321,29.230011,0.99419427,3.3337152,0.68423516,11.984916,6.5024576,1213.2444
10.380019,0.35968205,0.514758,2.4990225,0.08376454,11.609695,30.692438,0.9975667,3.202272,0.8513538,11.1722145,6.725989,586.2595
8.636542,0.55896735,0.25476182,2.2423177,0.09310294,11.369885,48.86844,0.9977688,3.2812798,0.6401089,9.52281,5.302149,249.43416
7.9158254,0.52247584,0.22631058,2.211186,0.08335413,28.755793,81.820076,0.99662477,3.2664979,0.55929655,9.777691,5.3418827,1224.3778
7.036011,0.7477122,0.08513875,2.2729976,0.07588561,26.33444,62.154533,0.99576133,3.4610462,0.56735814,10.524323,5.101424,1126.2822
6.803667,0.6037465,0.12131475,2.1875367,0.067224994,5.277387,14.214519,0.9938437,3.405369,0.55588347,11.654946,5.7863345,1333.997
7.8842397,0.61297494,0.13829343,2.1086264,0.07465213,6.0910916,16.40176,0.99599123,3.2979589,0.5518246,10.216375,5.3312836,1059.4886
7.5875854,0.47865903,0.2013542,2.14133,0.08306333,12.037472,34.54222,0.9965429,3.3696315,0.6869777,10.142042,5.967186,738.61255
10.27213,0.47133964,0.43447497,2.451099,0.09067505,15.089937,47.41476,0.9987807,3.2208524,0.66271013,10.036529,5.428922,488.05743
7.6981354,0.6172761,0.115691096,2.1289055,0.07812559,7.178614,18.476494,0.9961943,3.3111603,0.56228113,10.136613,5.3271995,1083.5522
9.029083,0.5429544,0.25177988,2.0659668,0.07813531,8.151322,22.37593,0.9972169,3.2369275,0.59414274,9.773038,5.438049,690.5332
7.8715296,0.4650027,0.257861,2.0229723,0.073953874,27.04196,71.37887,0.99634314,3.2597506,0.6186462,10.002756,5.451255,1218.6342
8.176108,0.4981122,0.27420866,2.5500722,0.08920334,19.426239,70.051674,0.99763876,3.324876,0.71697354,9.81985,5.5007834,545.51825
6.4283576,1.0175776,0.049572963,2.5643656,0.07790681,14.937404,45.703545,0.99522215,3.608884,0.51643175,11.216912,4.352702,1206.2917
8.512005,0.4003461,0.3445501,2.2963514,0.08115055,18.84088,44.69788,0.99693996,3.3116574,0.7479494,10.351089,6.086425,899.2308
10.735745,0.3378046,0.5204677,2.2347589,0.08491103,9.62166,26.930553,0.99760646,3.1755087,0.7712432,10.665127,6.4826427,668.74664
8.177905,0.56103504,0.2602802,2.3827624,0.085938595,28.501297,97.86361,0.9970607,3.2598784,0.5546936,9.645691,5.1560717,953.3245
9.337436,0.42371753,0.35647944,2.1782389,0.091929086,10.94995,29.945728,0.99760675,3.2361538,0.6888872,9.943177,5.8045125,655.60376
7.060195,0.79200995,0.08439532,2.4638464,0.08488531,11.848133,29.46304,0.995756,3.4198027,0.54601926,10.574368,4.9147086,1315.8428
8.405547,0.3923716,0.32728907,2.153481,0.083486944,18.335266,49.07508,0.9969542,3.2924612,0.7191777,10.114064,5.920671,841.31177
6.7066,0.50346076,0.15589546,2.2394252,0.06544979,21.61453,44.521267,0.9947145,3.4952424,0.6858034,11.504755,6.109534,1133.4712
7.8363514,0.37183863,0.34383944,2.1342986,0.07146333,8.798832,22.905357,0.9943706,3.3228533,0.6832424,11.8357115,6.6124134,1143.0994
8.30577,0.39818433,0.31592456,2.204103,0.077696115,7.7598977,22.030317,0.99555445,3.269751,0.63375646,10.999526,6.095266,1117.0706
10.553022,0.52112925,0.51518244,5.731466,0.184428,26.293777,77.16896,1.0002332,3.1437948,0.9671186,9.758595,5.2585216,712.8761
8.833693,0.4748943,0.34596983,2.648149,0.08712903,20.375147,71.8191,0.99812454,3.312441,0.71715456,9.938522,5.4501896,478.50076
8.657151,0.54364306,0.30408382,2.5164309,0.08887865,18.81875,69.66279,0.9978665,3.2553177,0.6236103,9.573797,5.21018,667.48425
8.852046,0.5501917,0.24242201,2.2734506,0.08041119,11.03655,35.371124,0.99775285,3.283368,0.6218169,9.64716,5.3487854,362.82007
10.087306,0.34141025,0.51180387,2.3651073,0.08041243,7.7406635,21.893484,0.99664855,3.2059915,0.77557254,11.487126,6.8456793,716.0269
7.655181,0.94940597,0.058416296,2.4180644,0.082367994,4.6412625,14.794431,0.9964397,3.4129572,0.490026,10.265639,4.441319,839.3033
6.545976,0.5673801,0.11366111,1.9703531,0.059601944,37.197384,74.665375,0.9949782,3.5149286,0.66650176,10.960537,5.730677,1088.1299
9.356071,0.4549919,0.3325268,2.1605508,0.08059386,9.089912,29.664186,0.9975319,3.2385907,0.65617657,9.968109,5.728566,554.82947
7.0646605,0.670382,0.079481244,2.3516197,0.077586055,11.691589,26.432655,0.9957419,3.412635,0.57038647,10.585057,5.349902,1211.1117
7.5533834,0.40225324,0.38886324,4.8157024,0.06807551,28.014908,95.5664,0.99655104,3.3401182,0.6957582,11.077153,5.941395,811.78766
6.283148,0.86667573,0.06661169,2.0332217,0.062965184,39.740406,87.71492,0.9944607,3.5956635,0.5693092,11.38006,4.852565,1171.1133
6.8906584,0.51257396,0.18909308,2.1077182,0.07073409,10.611025,22.706903,0.9942184,3.4064193,0.60631216,11.666249,6.092163,1299.615
10.391388,0.5008557,0.37196285,2.137947,0.08158604,6.510492,20.988506,0.9981518,3.1396663,0.58455914,9.619857,5.354954,522.8568
7.6916084,0.76952267,0.09586203,2.2978516,0.08395521,7.7689257,22.54067,0.99663746,3.3780813,0.547706,10.112697,5.004462,775.2532
8.071167,0.64079386,0.17081535,2.3079622,0.08599004,13.288945,55.553005,0.99740934,3.3205159,0.6085189,9.486171,5.1890845,177.60793
11.942771,0.48678043,0.51882106,2.7032654,0.1131535,8.849001,30.650354,0.9999531,3.0952966,0.648148,9.734263,4.961662,470.79807
11.089632,0.41261587,0.53519285,3.151884,0.08445619,8.720923,24.328148,0.9984346,3.1830945,0.66185105,11.222542,6.2605042,676.26764
7.5717487,0.48103434,0.23063521,2.0714276,0.076543085,32.025997,78.41314,0.9961488,3.3174486,0.6138204,10.116086,5.5068197,1202.4409
7.162866,0.57779455,0.10638577,2.2814224,0.078536995,12.709861,31.4225,0.9960518,3.425411,0.63496107,10.436959,5.7139235,962.9245
7.2310886,0.79852116,0.06397574,2.327261,0.08623352,11.258784,24.986256,0.9962035,3.4490497,0.5546094,10.433032,5.0664783,977.528
7.3689923,0.48935458,0.19368196,2.2646606,0.07240868,10.641276,27.159678,0.99519885,3.362683,0.6091485,11.014012,5.883739,1220.4673
10.210022,0.41511193,0.4548263,2.2605703,0.08066646,8.0686,26.172752,0.9976845,3.1805615,0.62103975,10.326112,5.7326145,803.61084
8.372996,0.40149075,0.33155698,2.157259,0.07873888,9.082711,24.283813,0.9958563,3.27784,0.6724124,10.801869,6.135972,1036.8274
9.54764,0.49202934,0.32481408,2.158855,0.089274995,7.618968,24.271387,0.9978823,3.2088487,0.63452935,9.613686,5.527897,432.51773
7.0830927,0.4949806,0.19726188,2.1385717,0.06662588,32.413536,58.69541,0.99533504,3.4434252,0.68290275,10.905004,5.9305573,1182.8695
7.18659,0.66783184,0.049311016,2.1381311,0.0842858,9.043653,21.804293,0.9961591,3.401158,0.58458614,10.165191,5.422909,865.7799
7.589053,0.6649224,0.11948779,2.2703354,0.082289524,15.6961775,56.322124,0.9969592,3.359191,0.58348197,9.717359,5.17439,501.4823
7.8535395,0.58318615,0.16202986,2.328317,0.08415412,11.909203,39.884575,0.9971192,3.3366587,0.61915874,9.806796,5.4078207,607.6418
7.7460017,0.5077912,0.20028882,2.2209477,0.07925534,9.85504,26.619553,0.9958831,3.3120432,0.61630374,10.433407,5.7156525,1101.1431
7.474661,0.6320931,0.11598188,2.378329,0.07897752,16.160486,46.837738,0.99676967,3.3957682,0.59817433,9.95332,5.3651156,767.3283
7.476099,0.55523264,0.16825566,2.253483,0.07795572,23.558386,61.098454,0.9964246,3.3622532,0.60718447,10.063421,5.4306536,1053.8624
7.252685,0.55260074,0.1350116,2.2798069,0.07577663,9.582749,24.14499,0.9953124,3.358575,0.58586806,10.778487,5.607228,1257.2394
9.809472,0.47159037,0.41523486,2.4135342,0.092999056,16.79632,53.07397,0.9986172,3.2466109,0.701554,9.893894,5.4470043,514.17596
8.390435,0.55913234,0.26122835,2.3594363,0.08723748,24.803484,92.38476,0.9971325,3.2295508,0.5671218,9.492162,5.16035,801.94116
7.8012137,0.6387369,0.17343587,2.4711502,0.08170855,22.060678,76.839355,0.99689394,3.32716,0.5677487,9.697102,5.137,756.55286
8.873656,0.42872527,0.38684416,2.54012,0.09084656,23.19798,71.49752,0.9976751,3.2645395,0.84780407,10.094801,5.714699,755.08575
7.261537,0.5897432,0.12337911,2.1921651,0.076721296,25.237215,60.60629,0.99635845,3.399466,0.61088145,9.99547,5.4028144,957.8389
9.288492,0.6782698,0.40619463,2.9337237,0.15033546,33.673088,125.83339,0.9982969,3.2025788,0.66559976,9.391086,4.849213,639.99646
7.1402736,0.71795726,0.09684473,2.2755451,0.07516544,29.377176,70.211685,0.99608654,3.4267473,0.5610031,10.195569,5.065606,1158.5349
7.578949,0.8535957,0.08185628,2.4036722,0.08187172,14.373374,42.79966,0.9967767,3.421109,0.5360914,10.038626,4.735599,677.27704
8.120028,0.57985,0.23315714,2.4070709,0.089553714,18.95461,74.76626,0.9974222,3.3005326,0.605801,9.611828,5.267838,418.7955
6.1040115,0.74399906,0.04789463,2.3058093,0.06574411,6.565409,15.336392,0.99355,3.5177507,0.5252826,12.201735,5.3281097,1436.9858
7.855167,0.593667,0.20094092,2.2809274,0.08120946,29.350039,89.57412,0.9966388,3.2872844,0.53800946,9.698836,5.16837,1128.2448
8.302283,0.65230244,0.1874884,2.3563285,0.0849412,12.91788,58.466312,0.99739516,3.2824686,0.6082508,9.444597,5.138687,221.11378
8.039544,0.3215024,0.38008168,2.1712322,0.07103404,12.70788,29.771673,0.99459386,3.3153813,0.7437555,11.977728,6.8497424,1062.3252
11.102563,0.38707757,0.5185601,2.44391,0.094657205,11.432876,31.701597,0.9988192,3.1679401,0.7940292,10.374531,6.169927,524.8828
8.194773,0.51843905,0.22479464,2.09597,0.07505911,8.103963,20.539577,0.99614704,3.2799957,0.59871835,10.279924,5.6325135,997.6908
9.257807,0.39618936,0.41193423,2.5550404,0.08691534,14.534649,37.856033,0.9974136,3.2736413,0.78590226,10.684536,6.2040663,738.7781
7.592017,0.508021,0.22121048,2.1600685,0.07417403,28.685202,74.9235,0.99622923,3.2985084,0.5950166,9.999437,5.390719,1262.4673
6.6175017,0.5652954,0.14211357,2.1888814,0.0699097,8.677819,19.853174,0.993696,3.4134784,0.5638006,11.888329,5.948682,1390.1234
7.145283,0.5398233,0.156563,2.2635586,0.07678741,20.02376,41.387833,0.995822,3.4139047,0.63078934,10.631733,5.770924,1164.0072
7.283177,0.5308323,0.17116281,2.076222,0.07362073,32.24031,71.95988,0.9960514,3.3810983,0.615042,10.050654,5.5520926,1108.8893
7.167355,0.6955078,0.112823516,2.1800992,0.07157374,36.717648,87.78571,0.995649,3.3701842,0.52739775,10.328679,5.028596,1398.3328
8.269389,0.37138772,0.35913146,2.2025857,0.08061837,11.018526,24.77549,0.99578094,3.2942252,0.6839767,11.057813,6.270985,1043.4181
9.225667,0.44122607,0.3633453,2.1650798,0.110575184,12.14275,39.50248,0.99785733,3.2573004,0.75915825,9.9423065,5.834077,538.93365
7.0472436,0.7258763,0.08351816,2.4333525,0.080341406,10.3550005,25.994123,0.9957112,3.4096658,0.55648774,10.619667,5.125329,1297.5054
6.619571,0.59262955,0.08363138,2.2303193,0.06996735,16.892925,36.868725,0.9950256,3.4893148,0.61989766,11.219988,5.8041472,1165.672
9.280191,0.5258858,0.29358763,2.0534205,0.11992173,7.7695084,35.36155,0.99823475,3.210917,0.7204199,9.366867,5.3075833,210.78389
7.916214,0.5800474,0.16802536,2.2167537,0.08232635,10.471854,32.357796,0.99691725,3.3095047,0.6106652,9.79955,5.388415,636.3405
7.5989428,0.5511339,0.1757346,2.317601,0.080359295,21.788994,59.89431,0.9968195,3.3631625,0.6127298,9.918934,5.3883634,854.5215
7.5376434,0.5332221,0.18702973,2.0856225,0.07268943,35.086582,91.98819,0.99605685,3.2981853,0.5509312,9.85566,5.2474785,1273.596
8.505777,0.5420747,0.28564727,2.584297,0.089646354,21.903498,82.780075,0.9976706,3.257098,0.6060564,9.661716,5.255582,754.0627
9.34307,0.4970411,0.31204867,2.2631667,0.09452922,8.424266,34.99219,0.9980919,3.2227447,0.6500428,9.550707,5.414338,330.34045
8.012158,0.35382643,0.3404485,2.132181,0.0728985,15.629104,36.206696,0.995591,3.3302972,0.7511041,11.2360325,6.509399,1056.5784
7.865505,0.41060165,0.29888,2.3796823,0.07906818,11.576348,27.77843,0.99597156,3.3422003,0.6469853,11.164848,6.0354924,972.27057
7.6563945,0.6210919,0.120059654,2.1899018,0.08411456,10.436926,33.811394,0.99704695,3.355957,0.6175464,9.783682,5.425632,505.2026
6.7399983,0.6398817,0.08430807,2.2978458,0.07154594,10.024861,22.223604,0.99466926,3.4343305,0.55391884,11.437761,5.5149827,1380.7546
9.870073,0.37202698,0.43321326,2.267782,0.09248026,11.214216,31.930004,0.9978664,3.2331696,0.7471091,10.18501,6.0406337,652.09607
6.2670445,0.51636136,0.18024275,1.957916,0.05691299,8.651927,26.245638,0.9922856,3.4708824,0.59890795,12.942335,6.458624,1225.413
10.6608,0.42322537,0.46951315,2.3066025,0.08801002,10.105017,31.347982,0.9984736,3.1588018,0.63518053,9.98009,5.563874,626.7462
8.591933,0.6377096,0.27222633,2.5131757,0.09154298,32.684727,123.608955,0.9972363,3.1923532,0.5101562,9.410758,4.8974504,880.4858
7.8431864,0.56843734,0.17696749,2.3014662,0.08491446,13.666797,40.656197,0.99721575,3.3695846,0.6382016,9.796063,5.5428543,412.32516
11.207704,0.48200828,0.4619243,2.9704378,0.09148546,13.447851,43.624695,0.9994858,3.1710002,0.6812793,10.227735,5.4215617,525.0339
8.459155,0.53849286,0.25551528,2.2391105,0.086367615,13.56401,53.72479,0.99780804,3.3111968,0.6561696,9.587247,5.317499,267.53244
7.3133497,0.5497037,0.1671778,2.242237,0.07515017,25.885933,60.047905,0.99605006,3.3641434,0.60763043,10.283165,5.524057,1219.2239
8.391595,0.42081228,0.33280852,2.275322,0.082308106,20.214426,51.394535,0.99702257,3.2963622,0.69984496,10.209026,5.800144,947.1439
7.4495873,0.501171,0.20847797,2.2228425,0.075270444,27.415993,61.324192,0.99630415,3.389876,0.65679085,10.254912,5.623366,995.9895
7.2779884,0.74784976,0.06580211,2.3029056,0.08142598,7.870852,19.425112,0.9960225,3.3974385,0.5453735,10.396679,5.097308,1125.8165
9.673147,0.33822188,0.44787613,2.1135085,0.09064216,8.420742,26.385649,0.9972632,3.233607,0.7983558,10.400284,6.3828006,693.13336
8.689505,0.5447528,0.2863083,2.5370307,0.105407655,17.750488,68.09159,0.9977258,3.2384663,0.6220358,9.55927,5.355642,613.1441
6.956187,0.5922933,0.122826815,2.3284743,0.07538761,18.659246,41.754715,0.9954817,3.4386697,0.6134125,10.879292,5.650674,1179.5597
7.171991,0.5677719,0.13158585,2.2905505,0.07904159,16.134882,36.1923,0.99584293,3.3968685,0.6078778,10.568797,5.701346,1191.5967
7.855559,0.4698134,0.24640557,2.314668,0.08307956,15.424927,42.27897,0.99692947,3.3553376,0.6838787,10.1345825,5.7748227,767.5656
7.299502,0.56589204,0.12868617,2.2524614,0.08124511,14.8804,34.296665,0.99629873,3.3988621,0.6276392,10.20125,5.640466,927.0557
7.7425957,0.5400935,0.2612223,3.2761455,0.0875164,35.009773,107.61261,0.9973208,3.2998571,0.61107284,9.811051,5.2032375,883.68805
7.498038,0.7036049,0.073174745,2.095881,0.08246379,6.459862,18.741825,0.99649274,3.3677807,0.56549907,10.002962,5.229701,665.1738
7.8278055,0.49424377,0.311194,3.3165607,0.08129482,24.170858,90.321144,0.9972857,3.3257945,0.65214497,10.094223,5.475441,735.9009
10.071282,0.6290529,0.31766447,2.5315115,0.09235759,9.423457,42.675217,0.99881834,3.1937053,0.575387,9.334778,4.7046504,220.58559
9.49201,0.4166256,0.40299955,2.5000377,0.08512329,13.50032,37.455116,0.997894,3.278257,0.73509276,10.523916,5.9770107,618.82764
10.494285,0.40325794,0.59881973,6.7269955,0.065388635,19.026468,59.681854,0.99840045,3.2127805,0.9026187,12.509074,6.9551606,405.1155
10.680913,0.3393895,0.50733167,2.2065134,0.10170968,9.752741,34.41713,0.9982412,3.1814413,0.9424716,10.334288,6.4861946,446.69693
10.922032,0.4857665,0.46725008,2.841459,0.10406923,14.560558,47.657436,0.9992981,3.1748085,0.700888,10.069442,5.3732314,595.4203
9.358305,0.46431568,0.41735116,1.8706778,0.20853114,8.419417,32.905712,0.99807554,3.186626,0.83800894,9.581146,5.5782247,411.811
7.8561625,0.40606478,0.3572923,3.59133,0.07589607,19.414368,59.017624,0.9963511,3.3208435,0.6759535,11.0243635,6.0243974,883.00653
8.017994,0.6841865,0.1816388,2.512917,0.08499883,28.050915,100.29679,0.9970369,3.2934422,0.5113577,9.575016,4.9151144,736.73505
11.620148,0.39640895,0.5733243,2.6490774,0.08418414,9.500359,25.662626,0.9985221,3.1453807,0.6893069,10.958611,6.2817316,570.5851
7.564737,0.43769285,0.27945498,2.0808363,0.066822514,6.3102183,16.655403,0.99394226,3.3273914,0.60752416,11.903976,6.2807,1253.177
12.032283,0.4685814,0.52679217,2.4782698,0.082026266,7.4282823,25.896866,0.99949783,3.0570736,0.5551616,9.805663,5.163787,540.63104
8.029402,0.56009924,0.21579435,2.2718563,0.08577528,23.079924,73.76244,0.99703074,3.291383,0.59224594,9.743182,5.326418,807.4674
7.244284,0.69733524,0.09021407,2.328396,0.08313498,15.342583,32.992203,0.9962743,3.4326656,0.5866273,10.303826,5.286963,999.7456
7.0322204,0.5049122,0.17543201,2.1986008,0.07128011,13.115002,27.994698,0.99476063,3.4120808,0.6236753,11.360578,6.014487,1232.4956
11.377125,0.44354996,0.51107705,2.740978,0.08453114,11.297203,34.58192,0.99923307,3.170667,0.6836831,10.535802,5.8575873,575.6727
8.500411,0.5680656,0.20476234,2.2423663,0.08312301,10.639251,37.76102,0.9975084,3.297147,0.623924,9.634088,5.403346,351.72864
7.020612,0.46846813,0.21005103,2.198652,0.07190253,19.7824,40.9331,0.9950148,3.4288323,0.67491496,11.274992,6.1526675,1164.9479
7.302135,0.5748794,0.14454047,2.2801147,0.07719614,23.656513,54.406746,0.9961062,3.3721004,0.6056266,10.234159,5.481335,1195.3457
6.6985283,0.33918035,0.31837043,1.9169835,0.05585966,11.311745,35.025524,0.9919008,3.409584,0.7317094,13.649855,7.2544575,1093.7933
8.142983,0.43601125,0.28032833,2.3109195,0.085758895,16.832907,46.981625,0.99723446,3.3361764,0.732826,10.001272,5.854515,687.13745
6.32456,0.43873313,0.17693804,1.9907705,0.062536195,16.669514,47.701702,0.99318916,3.4824967,0.68496746,12.5233345,6.5171556,1005.9349
8.026026,0.5677366,0.24664451,2.2756128,0.09345226,16.692951,71.61461,0.99720365,3.294199,0.6574944,9.574993,5.338894,386.06006
8.011733,0.40236568,0.31359494,2.11821,0.0790225,11.283366,26.76287,0.9956037,3.3160655,0.6925902,10.989056,6.259658,1081.4742
7.216905,0.49493772,0.18677437,2.2092602,0.074198976,11.262954,27.643398,0.9950572,3.3704042,0.6062456,11.055626,5.9275713,1227.477
7.216948,0.45159015,0.23858921,2.1292078,0.071987726,11.538492,28.322874,0.99449974,3.3790367,0.64279944,11.638763,6.268182,1203.1699
8.586344,0.6277058,0.32044604,2.3501694,0.09535082,31.21919,130.57684,0.9973796,3.2099383,0.55325437,9.324067,4.9481306,401.8226
7.914992,0.3621396,0.35177696,2.220681,0.07292562,10.034545,24.747265,0.9946022,3.317747,0.6677546,11.645511,6.458457,1104.6201
8.165611,0.4911706,0.3070827,2.871737,0.08834183,33.314358,95.611145,0.99728215,3.3016565,0.7103369,10.102593,5.456205,921.59296
7.3343725,0.5240573,0.17356168,2.203757,0.07732628,23.087605,49.964733,0.9960408,3.3736892,0.6293477,10.338814,5.6568375,1165.6257
7.926358,0.40414727,0.29945308,2.2423677,0.07808983,11.283976,29.454714,0.9956916,3.3220289,0.65447634,10.948743,6.1196885,1088.1974
7.446387,0.7955177,0.048279647,2.152047,0.08018143,2.4771972,6.3697953,0.9958843,3.359821,0.49910152,10.33595,4.8698626,1215.9985
8.334719,0.5465635,0.2879168,2.4088907,0.08929494,19.731995,73.53279,0.99767053,3.2943206,0.6189171,9.679995,5.306221,521.5242
8.304019,0.34520572,0.3975124,2.129968,0.07003594,37.38876,90.35014,0.9960422,3.2749681,0.7826289,10.8666,5.9901133,976.0526
9.546139,0.3901377,0.478077,2.8106256,0.081551686,10.857641,25.182337,0.9969379,3.2566721,0.7583603,11.598969,6.5377016,708.3839
9.175302,0.31973264,0.44669536,2.1153467,0.080042906,9.341889,25.744974,0.9963658,3.262186,0.8098405,11.0261,6.6542034,861.2754
7.3861156,0.72291785,0.098982275,2.2647932,0.07856764,26.373344,81.40459,0.99647814,3.3707685,0.5309202,9.850765,4.847907,826.56116
7.4936447,0.8498499,0.06699951,2.4440572,0.08386789,9.005825,28.119638,0.9966124,3.426673,0.53913254,10.224022,4.880115,707.77905
7.17975,0.52763206,0.17116009,2.1718774,0.074063264,28.243393,57.34424,0.9958301,3.4006515,0.6383244,10.511147,5.691827,1169.0803
8.760526,0.5488248,0.25631246,2.354965,0.08982638,12.226851,49.79016,0.9978473,3.2655642,0.624199,9.581219,5.2801275,404.00522
6.8162465,0.5847006,0.089629754,2.235636,0.07453431,9.823029,22.68984,0.99481755,3.4290252,0.5906163,11.191242,5.7589297,1269.4535
10.409112,0.35810503,0.46917713,1.9680575,0.08530655,6.6970544,16.076138,0.99738055,3.1509657,0.73020226,10.272488,6.199764,773.2574
7.3418775,0.32269508,0.35247648,2.007329,0.0665123,12.803817,30.813864,0.9932387,3.3444571,0.73053163,12.807535,7.0187745,1129.2834
7.8683076,0.60419834,0.14418294,2.276157,0.08371173,11.208487,41.477215,0.99716336,3.3415036,0.61781883,9.732102,5.391673,417.92566
8.614414,0.35408026,0.43922508,2.383737,0.07285,8.721815,20.541843,0.99518025,3.286072,0.68523824,11.952116,6.6746755,1006.9363
9.197023,0.44324967,0.34265524,2.3018003,0.09031683,12.542017,37.255478,0.99782276,3.2649798,0.67508453,9.994608,5.70744,599.16003
7.9270344,0.73349833,0.15221521,2.5064404,0.08376321,16.616505,60.996155,0.997024,3.3276842,0.56440675,9.740661,4.9954157,666.097
7.1471624,0.5301955,0.16258639,2.1906927,0.07700958,20.33754,40.244225,0.99581176,3.418824,0.6425081,10.634592,5.8707175,1124.0247
8.320324,0.5883945,0.2363566,2.386672,0.08754817,16.77448,70.279495,0.9974688,3.2825363,0.6184557,9.549945,5.219485,352.6367
8.756291,0.40022632,0.4052375,2.4716532,0.08228605,11.45313,26.436357,0.99647063,3.2824383,0.6953886,11.144743,6.1825786,869.96295
7.4314494,0.6852514,0.10995445,2.3456922,0.07972626,19.12303,51.050285,0.99661463,3.4047055,0.5814365,10.050457,5.144682,860.2461
6.893636,0.8549287,0.05694795,2.4373157,0.0740161,25.926956,65.13006,0.9959647,3.5198796,0.55456394,10.510997,4.8120914,939.0469
8.604537,0.6312305,0.3190419,2.438745,0.09065599,27.136204,116.747955,0.9973943,3.2332964,0.5805679,9.455983,4.988279,425.4831
7.6394253,0.52742445,0.18089515,2.1852138,0.08159771,11.364221,29.291054,0.9962381,3.320786,0.61174655,10.25519,5.6726584,1050.224
9.883047,0.4293852,0.39062747,2.0574174,0.084520735,8.487546,21.114523,0.99746376,3.1816003,0.66186965,9.992808,5.8420963,765.50146
7.9348054,0.36393222,0.36017743,2.2961779,0.0751408,12.810302,27.367735,0.9949794,3.327198,0.69870365,11.762092,6.542266,1068.911
9.864214,0.48316702,0.39927053,2.5189197,0.08774409,15.2731695,51.97612,0.9984978,3.2385178,0.64575666,10.061414,5.392593,517.38196
8.758808,0.45519316,0.35204932,2.672325,0.08755469,25.848057,77.57562,0.9973642,3.2665064,0.73280746,10.127852,5.691112,958.8754
8.101365,0.35427442,0.35765454,2.2142959,0.07408316,8.429434,22.063717,0.99479914,3.2925558,0.65986216,11.68873,6.4706197,1133.0669
7.3636756,0.5394894,0.16419189,2.22099,0.07677377,23.199133,54.329994,0.99622154,3.3808863,0.6180579,10.236983,5.5705686,1102.422
9.706223,0.34736654,0.4608489,2.21991,0.082718134,9.628208,26.497246,0.9970476,3.2223604,0.709907,10.707479,6.17132,881.14105
9.224985,0.29572034,0.46815747,2.105964,0.07432577,10.267889,25.750051,0.9960344,3.2553253,0.88120496,11.407315,6.95899,840.08826
7.967391,0.7593307,0.11944036,2.324992,0.081069924,8.684839,28.461452,0.9970413,3.359424,0.5683258,9.83739,4.9966865,444.64413
7.655685,0.65272856,0.11908814,2.3957846,0.08335188,12.428505,43.25639,0.9971424,3.3874006,0.6022769,9.804977,5.324482,471.44107
7.41264,0.32685488,0.3456978,2.0760024,0.06839761,30.23464,58.779312,0.99441004,3.3655548,0.7741798,11.919818,6.606596,1148.7936
8.323828,0.5663644,0.24228288,2.2998176,0.08829537,14.48769,57.94275,0.99757373,3.3070235,0.63420427,9.585464,5.3102245,286.85037
7.813752,0.58144057,0.18720764,2.3836212,0.08281291,20.166409,65.07602,0.9969941,3.3412178,0.59571385,9.766896,5.299721,709.9613
7.3053384,0.7990295,0.07463123,2.1894548,0.08211676,14.10134,56.65387,0.9968961,3.4246655,0.58281696,9.737517,5.055706,112.95491
12.012699,0.51996225,0.5254779,3.3110456,0.102092214,13.902954,47.813656,1.0002804,3.1361983,0.7211231,10.185407,5.2407084,512.2479
7.101004,0.51548123,0.1809241,2.1538854,0.073451035,28.010412,55.1522,0.99580246,3.40948,0.65144956,10.477635,5.74003,1138.4513
7.6683345,0.77752686,0.08422293,2.2532349,0.08332506,7.9105678,23.235832,0.9966657,3.3767295,0.5557891,10.013993,5.0085206,656.6604
8.549885,0.37548688,0.46270487,4.212302,0.070099495,25.96999,88.79434,0.99612516,3.2478337,0.7295696,11.191053,6.245541,879.6506
7.679198,0.73878956,0.12425676,2.3889508,0.08157988,19.344917,65.224495,0.99681467,3.3401918,0.5498484,9.787682,4.912621,756.581
6.81198,0.7175244,0.096591756,2.3029215,0.07496325,14.89323,33.534298,0.9952098,3.4967093,0.5796027,11.158338,5.2582054,1207.7936
7.168312,0.5431574,0.17077975,2.1660726,0.06972524,5.5201735,14.866864,0.99399173,3.356318,0.5590395,11.604947,5.889618,1346.3218
8.425125,0.6338808,0.23178713,2.4895499,0.085178174,17.546305,75.50121,0.9975455,3.274512,0.5875672,9.517286,5.0843687,416.9575
7.422137,0.40993884,0.27288145,2.1557946,0.07358809,19.078436,40.5792,0.9954078,3.3825073,0.70655704,11.1463,6.243487,1165.6256
11.024352,0.378326,0.540193,2.72016,0.0847759,12.921488,44.434483,0.99868155,3.171599,1.0261095,10.961179,6.5709524,340.24512
7.7850957,0.6413487,0.14240491,2.1981466,0.08879,11.080894,47.93252,0.997104,3.34538,0.6225298,9.562089,5.371078,186.49477
7.9879484,0.63998747,0.1445909,2.2407238,0.08637956,10.699484,46.108368,0.99716604,3.3277845,0.6086901,9.581051,5.288828,222.92622
8.339851,0.6177432,0.16111289,2.2706602,0.08155267,10.034694,38.396114,0.99744457,3.2991385,0.59509635,9.568028,5.2669516,281.7451
11.119701,0.5782629,0.42060187,2.9982352,0.09045174,9.51641,45.04412,0.9997153,3.1215408,0.55686253,9.5040455,4.442814,408.0981
7.980564,0.4256644,0.4231501,1.9139259,0.26195267,12.679241,50.259064,0.99692446,3.1642938,1.0366364,9.628407,5.784459,543.70715
10.463816,0.44586045,0.44004786,2.293517,0.07497362,6.108704,26.192799,0.99787676,3.1540184,0.5755453,10.250433,5.550274,820.37463
9.268918,0.46597165,0.36359015,2.3691635,0.09508933,13.931387,46.87864,0.9980787,3.2576897,0.67284346,9.91224,5.5658326,544.99725
10.692559,0.3644985,0.57390606,2.8201125,0.08140648,7.866324,21.743385,0.99720216,3.1921556,0.7356384,11.784619,6.7961435,650.83405
7.490336,0.5944548,0.13046817,2.3874464,0.08283789,14.619993,41.21417,0.9967679,3.3820078,0.6098221,10.023319,5.5000663,840.15186
8.533346,0.6261109,0.29331046,2.8655,0.09457388,34.758488,125.67394,0.9975631,3.2152827,0.55935997,9.488291,4.9428897,785.0076
8.03173,0.5282366,0.2648525,2.4438002,0.08608946,27.958788,91.886284,0.9971764,3.3122447,0.586887,9.79764,5.273058,765.6411
8.637641,0.5131317,0.2547251,2.2567458,0.082804926,10.40284,29.645426,0.99719363,3.2729707,0.6176104,9.912927,5.4896355,747.2641
7.3700294,0.66668326,0.117671505,2.4619985,0.082060084,14.894488,39.537823,0.9965112,3.4055393,0.58453465,10.207518,5.272561,996.804
9.34008,0.32028306,0.47709474,2.3732712,0.0743501,8.918287,20.283693,0.995631,3.2409918,0.7849194,12.049041,7.065972,804.9141
11.124387,0.3246874,0.57322156,2.3813949,0.07916536,5.3469844,18.376713,0.9970785,3.13128,0.730882,11.396996,6.8085976,699.26587
7.983611,0.593109,0.20766877,2.321252,0.08250085,27.814379,89.04403,0.996861,3.2830856,0.5397726,9.650503,5.10514,1001.39404
8.288544,0.63140845,0.2596816,2.5748734,0.08911655,25.181053,103.14201,0.9974295,3.28921,0.5636003,9.594854,5.0417833,459.364
7.586196,0.6447143,0.12261549,2.3270483,0.08303601,12.489291,38.720497,0.99696857,3.382906,0.6028449,9.9127035,5.3264446,640.4029
9.722286,0.45127907,0.3881724,2.5454447,0.08927224,13.063684,42.70685,0.9981814,3.2427838,0.69608414,10.133757,5.663891,541.6329
8.405519,0.6920671,0.18750995,2.3883893,0.086395934,13.856372,65.69543,0.99739736,3.2681785,0.59497505,9.350932,5.0322347,140.0605
10.377657,0.3926771,0.52206486,2.5621698,0.08260224,8.159333,22.464218,0.997403,3.2051537,0.65612394,11.181295,6.1416817,686.35345
7.7104096,0.7095913,0.08625731,2.1497903,0.08328425,8.809113,30.187569,0.9970642,3.3665764,0.5912954,9.695688,5.2296624,333.05206
7.352229,0.68089503,0.12660109,2.2966375,0.07724291,27.051886,73.35369,0.9964786,3.3851984,0.56240815,10.00509,5.0922523,971.28204
9.564514,0.46813107,0.37717363,2.2770362,0.080951825,8.792675,30.509958,0.99774075,3.2127116,0.60494184,10.125341,5.4399233,686.10895
8.056449,0.40711868,0.31621543,2.3618388,0.07996045,11.744437,30.340044,0.9959999,3.3161023,0.6416447,10.920784,6.0218987,1056.5237
8.2036085,0.45869333,0.28276378,2.3217237,0.08509594,19.332426,55.465843,0.9973403,3.3252254,0.67529505,9.91048,5.6171675,748.4342
7.560636,0.887591,0.04799262,2.278445,0.08344168,6.116551,16.577204,0.99653655,3.4269323,0.5252091,10.186251,4.786859,654.91815
8.733297,0.49757951,0.2960701,2.320845,0.087147206,13.693661,44.063923,0.997703,3.2751553,0.63706094,9.8368635,5.459044,595.11304
7.9802694,0.56765074,0.17311957,2.109055,0.084131405,8.726707,26.144644,0.99679387,3.3069909,0.61421955,9.902165,5.519245,679.658
9.267336,0.4855244,0.30679947,2.0953884,0.0807929,9.623554,25.36277,0.9974453,3.2356381,0.62957907,9.868488,5.601863,679.6731
8.925184,0.40798473,0.35152835,2.0888255,0.08144717,8.51126,22.776281,0.9966091,3.2438314,0.662128,10.443995,5.9510684,920.2683
6.829117,0.5205503,0.16112186,2.1343203,0.07031676,14.353498,32.109394,0.99474597,3.4504776,0.643226,11.391571,6.1107283,1207.178
11.164142,0.35889712,0.50657755,2.0950239,0.08337779,7.611407,22.870153,0.9980276,3.12362,0.71313256,10.210662,6.1731234,709.8663
9.689621,0.29946843,0.5135265,2.1286519,0.06988633,7.1644235,18.02451,0.9958202,3.2300568,0.82683223,11.858643,7.1272125,743.74194
7.278613,0.6854067,0.11112158,2.3347893,0.07831013,21.724495,53.77771,0.9961179,3.397638,0.5655633,10.265926,5.233592,1194.0684
7.1369205,0.6152167,0.101842,2.4195292,0.077880755,14.611594,37.57357,0.9961633,3.4026232,0.5899704,10.404036,5.4720845,1088.6257
8.018843,0.49582338,0.315085,3.0217679,0.08134442,25.312996,91.593346,0.9974177,3.328121,0.66710275,9.994242,5.402384,678.62494
9.696821,0.44165564,0.39655128,2.2977984,0.0933516,12.159175,37.923573,0.9980995,3.225819,0.670102,10.028426,5.637969,635.3288
8.040354,0.5443961,0.24654981,3.6777778,0.08829468,28.728586,90.36349,0.997623,3.2778678,0.58396125,9.69117,5.3092966,954.3153
9.34221,0.54768085,0.33911982,2.6580875,0.08916064,17.59635,71.49089,0.99851143,3.2373915,0.6184753,9.695442,5.083741,490.293
7.726635,0.5791083,0.18076643,2.3730516,0.07997194,18.525759,60.883366,0.9969237,3.3460505,0.59751487,9.781824,5.3056602,808.6375
8.116264,0.585881,0.24091706,2.1481636,0.094283655,27.171648,93.66133,0.99676245,3.2532017,0.56848174,9.470808,5.251789,742.70807
8.534841,0.72371435,0.17011683,2.41891,0.083748,9.821305,37.627056,0.9972486,3.2891347,0.565488,9.575701,5.06594,437.7503
9.359536,0.40400454,0.4258049,2.59036,0.08449058,15.102604,39.666557,0.99747896,3.2785163,0.7687308,10.736313,6.1478496,741.60254
7.5857344,0.43504575,0.26370826,2.1746514,0.07391027,9.010321,23.977957,0.99473643,3.3226173,0.61584777,11.3664465,6.0763683,1218.4222
7.9796576,0.4256777,0.39175457,4.0283327,0.07402121,27.282965,100.30972,0.9964523,3.2797897,0.6614313,10.734064,5.853706,876.1008
11.274071,0.47357172,0.5001388,2.4984853,0.07930095,9.883807,33.2449,0.99907756,3.1444063,0.59481245,10.180116,5.3736286,567.6417
9.4034395,0.62154335,0.3557777,2.67397,0.10373971,18.901571,84.71049,0.9983217,3.2011902,0.6110773,9.287352,4.8485293,372.00125
7.616669,0.4116994,0.2633799,2.1418786,0.074955456,21.96298,50.054794,0.9964028,3.3663173,0.7457996,10.507025,5.991462,940.0819
7.3584995,0.6085791,0.118163615,2.2540238,0.07623218,6.3322387,17.442366,0.9952002,3.3328605,0.54466873,10.694261,5.405358,1270.0938
7.5769143,0.5501988,0.15260191,2.315502,0.082318634,13.7576275,35.747795,0.9966674,3.359802,0.6246398,10.016923,5.566379,863.51984
7.291909,0.45600843,0.23935315,2.224369,0.075690664,26.007431,55.567307,0.99552083,3.343225,0.65040606,10.751155,5.804574,1235.7593
7.4910007,0.7897424,0.09838265,2.3893096,0.08104137,14.016052,39.23412,0.9969009,3.4449587,0.567324,10.075104,4.9922547,585.74133
7.0105085,0.67378557,0.109675005,2.141466,0.07228614,33.600517,78.12872,0.9957644,3.4386103,0.5782871,10.321039,5.1744075,1161.8068
8.284873,0.35112783,0.39592558,2.2628007,0.076454215,17.235058,33.8418,0.99571633,3.314622,0.7436543,11.322153,6.4603896,1018.9286
7.7552547,0.609165,0.16806243,2.3623743,0.083747566,17.069584,60.537678,0.99717045,3.3497741,0.60122234,9.717331,5.2839527,548.10925
10.342596,0.39619607,0.4234931,1.8976536,0.080020756,5.025868,13.854514,0.997077,3.1309865,0.6518439,10.304615,6.0095797,817.4692
9.467698,0.49699673,0.36571336,2.3915389,0.09106592,13.560324,46.063793,0.9981742,3.2354362,0.6483637,9.809497,5.41862,523.6784
7.61996,0.5713435,0.15351571,2.2978635,0.08334146,14.744764,44.36303,0.9969842,3.3619301,0.6199456,9.856749,5.4680443,719.2853
8.996093,0.45085523,0.34664592,2.3413534,0.085904144,13.654898,40.012016,0.9976729,3.2755508,0.66420937,10.10747,5.64656,670.3158
8.389653,0.51094085,0.286705,2.5206254,0.08911209,23.668987,86.7273,0.9974923,3.2761605,0.6265862,9.700697,5.344273,704.31006
8.593566,0.43478552,0.396439,4.002156,0.07412247,19.829243,71.59967,0.9974721,3.2849152,0.7004116,10.64645,5.796279,771.5367
8.92944,0.5318773,0.2614206,2.2251596,0.08345974,10.362724,31.622936,0.9975793,3.266737,0.62385386,9.670764,5.4664955,459.11533
7.313306,0.55815566,0.14879793,2.3130414,0.07915152,18.387962,39.335583,0.99605435,3.3919935,0.61727995,10.442851,5.6767216,1162.1385
8.76449,0.45474377,0.30829734,2.1220355,0.0796989,9.416398,28.296692,0.9970021,3.2684956,0.6523147,10.157132,5.801197,718.50696
7.511814,0.4065814,0.2985935,2.1105824,0.07376162,30.064468,54.377052,0.9956599,3.3832214,0.7149631,10.902181,6.0569873,1139.093
8.034542,0.46638945,0.3241416,3.0260153,0.08500142,33.905724,107.83036,0.9973121,3.2429655,1.0183153,10.101276,5.4703913,768.6296
6.104012,0.67316836,0.065577134,1.9638171,0.056450557,35.363846,78.67733,0.9941009,3.5941427,0.64194065,11.759274,5.587729,1002.1531
8.9625635,0.35556716,0.43743664,2.428207,0.08190142,10.637961,24.775503,0.995958,3.2633731,0.71440494,11.493062,6.553102,916.27277
8.387318,0.53669184,0.2974312,2.5269456,0.09686467,32.27813,100.107574,0.997523,3.2770307,0.69882,9.76859,5.205286,759.387
7.071297,0.63412154,0.09898615,2.252888,0.078749545,15.811167,32.56347,0.9957432,3.4391096,0.6024765,10.651526,5.5489616,1176.0212
10.437474,0.42684495,0.47512668,2.6613693,0.08633962,13.0726185,36.56833,0.9985893,3.2333224,0.74094397,10.669694,5.9753356,521.61926
7.4924774,0.34767252,0.33820313,2.0517833,0.071281046,31.944149,60.30801,0.99495286,3.3623943,0.7562631,11.522826,6.4037995,1138.2748
8.022233,0.4253302,0.27836207,2.1598744,0.080265746,9.87962,25.942472,0.99582934,3.2938366,0.6349727,10.639131,5.9169893,1096.366
8.61313,0.60096806,0.28532994,2.4045873,0.092852876,22.849472,98.11786,0.9973997,3.2238865,0.58263654,9.436388,5.11965,427.27274
9.196388,0.50038433,0.33599538,2.3543875,0.089586824,14.228986,49.27794,0.9980892,3.249038,0.64094657,9.754074,5.361991,509.6042
7.8624463,0.55230236,0.1752926,2.309668,0.08349539,12.311383,35.89152,0.9967451,3.3138146,0.6107055,9.912316,5.4822345,879.05347
8.06045,0.36903092,0.36454177,2.1417575,0.06426854,5.306811,17.916992,0.9940994,3.2881446,0.6344168,12.043994,6.5084457,1192.1338
8.520401,0.45719862,0.295793,2.2501297,0.08706653,13.448521,40.30753,0.99730617,3.2906618,0.67228955,9.953553,5.6800976,679.71783
7.2400002,0.40622202,0.29127997,2.0235631,0.06571715,10.82556,27.32662,0.9936169,3.375242,0.67120314,12.307687,6.6534696,1153.6693
6.177606,0.4590822,0.1776744,1.8899251,0.057446774,13.814606,45.037395,0.99274313,3.5206053,0.6772665,12.866552,6.6535673,978.3354
9.582319,0.4679941,0.40103155,2.3004026,0.111454055,17.71683,67.2036,0.9983809,3.2196016,0.8701688,9.787345,5.4909163,472.87646
12.263208,0.39258114,0.5519407,2.3345933,0.08361698,9.039042,29.225233,0.9993038,3.0872774,0.69264454,10.104751,5.9429264,501.03256
9.44422,0.50786644,0.33775955,2.0678592,0.16798294,7.322211,28.694622,0.99836355,3.1818647,0.6996616,9.291535,5.207993,334.82047
11.995929,0.41418222,0.5485909,2.4323757,0.086665384,9.604446,29.725895,0.9993139,3.1002555,0.6617628,10.061957,5.6651354,479.95282
7.3726196,0.5133548,0.17698579,2.2686532,0.07982645,14.487827,35.911964,0.9959212,3.3466098,0.61443436,10.441349,5.7277904,1203.3827
7.9712934,0.49129555,0.23072933,2.3825607,0.07879595,10.654542,35.34359,0.9965126,3.3007352,0.5954547,10.330665,5.574178,1068.2004
11.654881,0.29698116,0.60222477,2.1591868,0.08499961,8.232271,23.380598,0.9982342,3.1357508,0.96516526,10.87979,6.968477,407.3957
7.6759167,0.41108784,0.28301564,2.2115676,0.07809879,19.446987,42.59539,0.9959279,3.3499618,0.68626946,10.784525,6.0758295,1097.6233
7.101337,0.55614597,0.12730955,2.1644008,0.07819577,13.5657215,31.970285,0.99573034,3.4186082,0.6374827,10.593206,5.9110456,1069.2834
11.123217,0.4591082,0.4874406,2.6697974,0.08299484,11.451564,35.741135,0.9991559,3.1802936,0.67099005,10.397939,5.623065,494.06088
7.4205384,0.5932384,0.13233042,2.3532777,0.08241848,16.468452,40.993717,0.99654865,3.3864691,0.6094183,10.137315,5.5336537,985.157
11.422756,0.45247322,0.5290658,2.7888913,0.10515036,13.819143,43.34698,0.99946856,3.151811,0.73771834,10.190644,5.5376782,536.92834
8.991816,0.47431478,0.32603267,2.3701012,0.08980845,12.308875,41.34227,0.9977018,3.2530937,0.6442768,9.934444,5.5151424,691.881
7.447961,0.46961647,0.21061157,2.0652654,0.071535,29.362896,66.22606,0.9962764,3.3628356,0.64251876,10.08952,5.590377,1045.6395
7.258393,0.55004656,0.15557717,2.2530134,0.07721895,23.538292,46.60429,0.9961377,3.414023,0.6364578,10.380918,5.693292,1092.8615
11.80807,0.39079097,0.5616241,2.7664409,0.08517544,10.4229,28.933186,0.9989958,3.1412032,0.73311037,10.891399,6.3725142,525.8017
9.550357,0.43943024,0.36460164,2.1302798,0.0834364,9.408718,27.232153,0.9975222,3.217435,0.645824,10.013202,5.7039366,723.7489
7.4238214,0.6057195,0.120443285,2.3870463,0.082752705,15.108292,39.157295,0.9965473,3.3858259,0.6031079,10.129181,5.4876356,952.2174
11.943401,0.46023563,0.5717969,4.9679775,0.09220333,16.284443,59.547993,1.0003061,3.1397855,0.99968886,11.184237,6.399968,291.0579
6.75453,0.6227092,0.062029738,2.2320535,0.07537468,8.453101,20.050499,0.99484545,3.4094985,0.5626555,11.084025,5.578481,1338.4135
8.013588,0.41319454,0.3097103,2.347912,0.08068308,19.249487,41.721237,0.9962848,3.3363104,0.68184096,10.753894,6.019567,992.47015
8.11523,0.6055836,0.2304855,2.3254442,0.08936403,22.523573,88.39655,0.99720603,3.2802265,0.5770128,9.585282,5.2235622,500.28128
10.982888,0.45688695,0.48007813,2.409576,0.08637867,10.1347685,32.14501,0.9988823,3.1306934,0.6139631,9.917908,5.328021,589.57465
9.196968,0.5378167,0.29607856,2.2832828,0.085347354,10.802286,34.886387,0.9979115,3.2203546,0.60352015,9.667192,5.281061,529.63635
8.349782,0.58480597,0.22605696,2.3183608,0.089361496,12.560013,56.47384,0.99749064,3.2898445,0.623757,9.553558,5.281814,284.72018
7.1239047,0.59720886,0.11718263,2.2509937,0.07516029,22.591413,49.22945,0.99594223,3.4165325,0.60948235,10.428997,5.5632343,1120.3344
7.7855616,0.53114176,0.18785714,2.206262,0.07665735,9.185568,24.258295,0.99603146,3.3037927,0.59621984,10.354845,5.577718,1094.9305
8.6051445,0.5325281,0.23279168,2.2378857,0.083324485,10.200558,32.93571,0.99743855,3.2838218,0.6349802,9.742353,5.5188766,446.3057
10.00518,0.41505942,0.5114272,4.4037185,0.0786096,15.83983,46.415916,0.99805117,3.2364624,0.782668,11.543034,6.399041,622.5707
7.49614,0.6823874,0.13126706,2.278874,0.08098454,19.587574,59.168724,0.99688613,3.397591,0.58906615,9.862527,5.203413,644.49445
10.069248,0.4014127,0.4864228,2.710606,0.086722,10.023515,26.518568,0.9977151,3.2257311,0.6655046,10.991135,6.08782,755.61694
5.932851,1.0084559,0.005851032,2.1972454,0.07280828,12.793835,35.63519,0.99419355,3.719902,0.54385644,12.043144,4.59424,1099.7811
9.713977,0.52690667,0.31220764,2.167236,0.08086161,7.403995,25.357254,0.9980307,3.205117,0.6194811,9.543274,5.3739853,306.48813
8.668981,0.32871348,0.45613265,2.3746512,0.07431653,22.387854,45.047268,0.99579096,3.2806697,0.80735713,11.645052,6.623934,919.63544
8.805783,0.6321944,0.27427977,2.4807386,0.08548563,19.368145,88.01899,0.9979118,3.2426298,0.58651096,9.413366,4.9517727,259.05753
7.4857583,0.7281172,0.09458947,2.32627,0.08319095,11.801464,30.131327,0.99651384,3.3986838,0.56825584,10.16306,5.1228805,870.21893
10.249461,0.51674616,0.4112793,2.715587,0.0951327,15.227615,56.376778,0.9989632,3.1915593,0.64501965,9.810875,5.116528,557.75397
7.952276,0.59359676,0.15583503,2.1935828,0.08550862,9.828747,34.54452,0.99721843,3.3234382,0.61796856,9.648955,5.4407935,395.97757
10.81959,0.3052223,0.538549,2.2923572,0.10274283,8.593408,28.244669,0.99816394,3.1762476,0.8819875,10.361719,6.544314,481.50076
9.770686,0.43954113,0.4409392,2.787313,0.09395977,18.9525,58.75097,0.9984414,3.2602735,0.8163139,10.240116,5.777858,587.8297
9.185119,0.36904773,0.42416263,1.946786,0.077250704,7.572944,18.616362,0.99608195,3.2309797,0.7151657,10.896851,6.346517,878.8137
7.4550233,0.74276286,0.06225126,2.050476,0.08221783,4.033314,12.126925,0.9960777,3.3462224,0.52831113,10.20633,5.0897036,1057.8158
8.179619,0.4651231,0.2773659,2.360695,0.08755695,16.387455,52.56691,0.99744916,3.338186,0.6932399,9.886747,5.6617723,559.85864
6.422662,0.37867624,0.25685588,1.8180559,0.056662865,11.24266,40.78309,0.99194545,3.4720485,0.7371793,13.463836,7.1772356,994.9468
7.648929,0.4630833,0.23643446,2.257365,0.07475951,9.565627,26.026726,0.9956071,3.3531277,0.6325851,10.932283,5.9059486,1117.8137
7.908843,0.5199756,0.21318504,2.2708776,0.086764924,15.032829,48.11808,0.99726886,3.338906,0.64301926,9.80374,5.4897466,571.8618
7.7406707,0.5055719,0.20674875,2.2822094,0.085263565,15.756768,45.887573,0.9968917,3.3305395,0.63060254,9.919839,5.5878377,880.3497
8.23146,0.62864476,0.22029406,2.5039968,0.08207265,17.247173,74.12271,0.9974898,3.3039515,0.586627,9.642112,5.077499,481.44528
8.202907,0.4215244,0.33117586,2.2853937,0.078147896,30.914734,74.766014,0.99676317,3.3150558,0.7296603,10.301565,5.7259803,1014.67615
7.2221966,0.6819779,0.051760886,2.1614008,0.082943335,8.590731,25.309364,0.99647653,3.4161901,0.5881451,9.920131,5.450773,563.3413
6.664634,0.7069833,0.07560763,2.3094516,0.070436604,10.445839,23.908867,0.9947384,3.4883206,0.5643632,11.508332,5.271748,1328.6672
7.8312664,0.57924616,0.1724376,2.296292,0.0889299,13.094243,50.640793,0.9970357,3.3233905,0.6190513,9.662691,5.4169016,472.2677
10.46256,0.44253752,0.4488042,2.3022418,0.09719323,10.929688,34.785656,0.99882936,3.19762,0.73347616,9.883004,5.5781813,399.87823
7.6431346,0.5906524,0.13775901,2.2328231,0.08391945,11.00763,34.270115,0.997019,3.3593073,0.62478113,9.86411,5.487744,537.1522
7.795802,0.5207823,0.19128236,2.1794977,0.07776239,9.321468,23.8252,0.99588263,3.311173,0.60572416,10.414802,5.647011,1099.4292
10.030072,0.41650245,0.43411934,2.1810446,0.10683865,10.984132,34.160793,0.9981803,3.2092803,0.7690057,9.921484,5.8847675,527.9571
9.402266,0.3461524,0.4512666,2.0225625,0.081871435,7.52241,19.16004,0.9964299,3.2293801,0.7699121,10.79069,6.4743705,828.51874
6.519295,0.6067004,0.107662246,2.2507634,0.07021955,18.8988,45.05871,0.9946995,3.5102477,0.62964356,11.441683,5.6988397,1100.3794
8.478889,0.4180602,0.33635178,2.4107962,0.08316055,20.40291,50.86749,0.9973439,3.3277519,0.7335288,10.30809,5.841734,818.94025
8.178277,0.6803162,0.19085212,2.3929822,0.09134327,23.375057,94.29161,0.997016,3.2386577,0.52942705,9.441554,5.0248437,562.8669
10.766918,0.42830643,0.50342506,3.424816,0.08643778,9.512107,28.273056,0.9986256,3.204973,0.6943657,11.038466,6.109758,639.06396
11.039173,0.6255073,0.37917733,2.75399,0.09642425,8.206098,34.094997,0.99950486,3.129761,0.556443,9.325463,4.4371552,280.31046
7.6854935,0.60114074,0.17489778,2.2129667,0.08057757,34.00049,92.51652,0.9963445,3.3091667,0.5288204,9.856513,5.222106,1239.1259
7.1761417,0.58413965,0.13248332,2.2791157,0.077995345,24.300705,48.816273,0.99617755,3.4285035,0.62965935,10.3391285,5.5996747,1045.4043
9.232149,0.45095778,0.3979477,2.473076,0.1080031,21.635387,82.08369,0.9980346,3.176127,1.1385283,9.797362,5.6044345,473.02405
9.468555,0.47423854,0.3738865,5.8837996,0.08273293,15.803886,53.88298,0.999506,3.2672749,0.64984125,10.379147,5.559736,594.3511
9.501561,0.38698375,0.44201684,2.5930452,0.09047451,11.085567,30.112755,0.9974748,3.2473712,0.70726156,10.721546,6.036136,809.7924
6.843838,0.5035552,0.159262,2.1974962,0.067551985,7.760775,21.011839,0.99348235,3.3625753,0.5525065,12.121959,6.0889196,1384.2146
10.024104,0.35615698,0.48109275,2.3708723,0.08574158,9.142797,24.702799,0.99708897,3.2054935,0.70689917,10.926914,6.3804584,826.36066
9.834691,0.38954192,0.42561176,2.2594383,0.08798226,9.163275,26.075699,0.9975257,3.2060652,0.6960759,10.261614,6.0233326,754.8006
8.372536,0.35467637,0.37809956,2.1940012,0.082070746,11.170737,26.927946,0.9957167,3.300114,0.6908103,11.16827,6.3744206,1032.0883
11.525427,0.4420935,0.5449803,3.7702384,0.08332406,13.384144,41.597134,0.9994242,3.1936185,0.7933929,11.192472,6.306819,447.16214
10.198028,0.5369844,0.4759044,2.690021,0.16509098,16.31346,59.482304,0.9989191,3.179694,0.7165903,9.696967,5.0550504,610.6294
7.0604677,0.63062924,0.06714967,2.2054317,0.07825236,8.279154,20.011286,0.9954984,3.3804307,0.56845236,10.624828,5.429868,1279.9675
10.364479,0.4332187,0.4622629,2.339152,0.08503891,10.5875225,32.865005,0.9983182,3.1866102,0.6394841,10.1659975,5.5826564,676.6429
8.24796,0.78575337,0.121583015,2.4013531,0.08621016,10.075853,46.928867,0.9973246,3.3227613,0.56958693,9.468831,4.9694376,111.91652
8.097624,0.6043397,0.15501149,2.121691,0.07897384,8.299092,25.058018,0.99692076,3.3115923,0.59113073,9.83058,5.3930426,553.9629
9.931805,0.3272086,0.5196157,2.695262,0.073186204,13.0764065,26.500025,0.9962258,3.2032301,0.92724276,12.4047,7.3830347,631.7738
7.5400033,0.36445922,0.33026847,1.890615,0.064434156,36.531853,91.16439,0.99484974,3.2924204,0.67150986,11.004623,6.048147,1075.1864
7.068124,0.7005369,0.09525409,2.1495802,0.07269787,31.651815,70.72856,0.995862,3.4165437,0.5650342,10.165146,5.11065,1228.3918
7.878448,0.5832087,0.2022708,2.2173657,0.0827821,31.531658,93.014755,0.9966378,3.280048,0.52987707,9.693385,5.234826,1093.3625
6.9552913,0.5703343,0.14088702,2.0683422,0.0679266,33.799072,68.942474,0.99553853,3.4159596,0.6187597,10.581211,5.5235567,1227.1693
7.75994,0.59022796,0.13856918,2.2056797,0.0827907,9.706529,27.386814,0.99649566,3.3088675,0.5816055,9.981246,5.4140816,970.9162
7.874676,0.5850873,0.2019331,2.2972112,0.08432085,26.468811,85.66971,0.9968878,3.3001382,0.5648199,9.70218,5.242899,855.8027
7.3223777,0.6016188,0.10663688,2.3240793,0.08113948,14.5757475,34.84976,0.99650395,3.4073193,0.61439055,10.149982,5.549702,869.758
9.150701,0.69925404,0.16630389,2.2863114,0.074412644,5.305266,18.117119,0.99758387,3.2438235,0.53283095,9.465845,4.923354,279.7156
8.212844,0.90781265,0.088716075,2.3551052,0.08465047,7.65014,32.09563,0.9971418,3.371915,0.53288126,9.721624,4.739376,160.64656
7.880626,0.6030794,0.1509207,2.2344742,0.083320834,10.092537,32.76254,0.9969632,3.3165076,0.603004,9.7692175,5.373356,609.30524
9.136588,0.48526976,0.36705706,2.6483223,0.09869094,18.88648,67.52603,0.99816436,3.269934,0.7658302,9.909518,5.580838,575.3965
7.700865,0.52616036,0.17795755,2.199584,0.07974996,11.088869,29.097507,0.99633884,3.3288999,0.6245171,10.1826725,5.6291475,956.8297
13.290888,0.468908,0.5834808,3.394204,0.08870623,10.993464,36.328953,1.0008373,3.0795457,0.7236362,10.606638,5.9035454,403.6951
7.609865,0.6111629,0.12456627,2.1757104,0.079783745,8.525573,24.74317,0.99655855,3.3379502,0.5832643,10.068285,5.421494,846.25006
7.9015393,0.47807947,0.2543216,2.1728272,0.07864605,26.022345,66.82545,0.99658775,3.2900908,0.6187563,10.030662,5.5408797,1142.7728
7.35963,0.54278266,0.15757243,2.2561185,0.0806825,17.193243,37.658268,0.9961961,3.3912985,0.6227257,10.349581,5.750594,1083.5421
7.6385083,0.5968923,0.14954574,2.3793635,0.08036782,13.171659,47.742832,0.99709845,3.3590238,0.61242926,9.791962,5.3267813,573.24677
8.258308,0.5898205,0.22111228,2.3267999,0.086379014,14.727034,53.413593,0.997537,3.30617,0.61055416,9.624786,5.3118134,417.47842
8.873952,0.46880955,0.3033464,2.1983135,0.0867458,12.390372,36.11309,0.9975077,3.2635198,0.66809577,9.834676,5.6337686,617.4963
6.8537683,0.42262128,0.27424696,1.8338141,0.05218377,45.034008,143.33073,0.993064,3.2753792,0.5118032,11.252732,5.8657503,1056.2295
8.930647,0.5685422,0.23771574,2.3130317,0.086966515,9.410302,34.421192,0.99774826,3.251534,0.60220957,9.54757,5.2872777,400.21805
7.83062,0.58907104,0.16065048,2.4418225,0.079086654,11.148549,41.58862,0.9967105,3.307385,0.56959224,10.012658,5.341231,982.05743
7.3958206,0.43709034,0.26844788,2.1868467,0.07090408,11.629478,24.730232,0.9945688,3.3756816,0.6473957,11.637656,6.3287935,1182.805
9.206192,0.33735445,0.4613764,2.279944,0.07618841,6.424769,19.620298,0.99565774,3.2292097,0.6812955,11.492975,6.5596957,986.3531
8.505503,0.3913709,0.32198972,2.2119696,0.0940489,13.829726,46.396694,0.99729854,3.2843053,0.82295454,9.98264,5.98778,635.7441
6.5843596,0.6169214,0.07354134,2.4866724,0.061935764,6.808953,19.23361,0.994481,3.41715,0.54753417,11.468071,5.5730515,1392.6758
6.5813293,0.8927287,0.068386674,2.3649626,0.07825214,17.18188,44.887165,0.9951589,3.593612,0.5656861,11.222184,4.773827,1074.7432
7.943636,0.5572491,0.21115503,2.3325312,0.08572411,15.8591795,55.10953,0.9971751,3.3252683,0.6154311,9.760468,5.3843484,646.054
6.8453374,0.57593477,0.09743148,2.2702978,0.07544369,15.947417,33.954338,0.9953894,3.4386249,0.61890054,10.904616,5.7988677,1202.6028
7.4536734,0.49705777,0.2861921,4.083562,0.07530404,33.370544,137.93231,0.995569,3.200714,0.47050154,10.163697,5.449334,1222.1992
6.4123936,0.41929075,0.20738329,1.9281944,0.057194386,32.96792,79.061775,0.9932573,3.463373,0.6814973,12.166723,6.3852963,967.7166
6.5461655,0.5278596,0.12374002,2.270761,0.068724096,17.545021,39.07585,0.99448997,3.4706666,0.6350794,11.578915,5.9483223,1161.8236
7.5646133,0.8468262,0.086139575,2.4471922,0.082044944,13.608125,59.174747,0.99711794,3.419591,0.56422454,9.718262,4.8531094,79.413345
6.653374,0.9288935,0.03586829,2.5651443,0.07891652,8.060945,19.03224,0.9951752,3.5243325,0.5191637,11.1142645,4.5980973,1320.377
6.959691,0.5011762,0.17077997,2.2066333,0.07078485,13.3422985,28.108437,0.9946658,3.4138057,0.62514323,11.381799,6.0296745,1230.5115
8.030712,0.6217677,0.21909288,2.4255252,0.08903592,23.265886,89.65939,0.99728066,3.3023632,0.57093215,9.589884,5.1934657,482.36343
8.920602,0.533534,0.30372968,2.3448253,0.0835386,12.87974,43.299515,0.9978657,3.2649705,0.6121493,9.835663,5.2916355,584.5288
7.0765862,0.59347194,0.10300289,2.2812881,0.07314282,10.187135,23.007687,0.99521446,3.3779185,0.57021904,10.879717,5.5026536,1320.796
11.512769,0.4113998,0.53312606,2.6304603,0.08606855,11.037803,33.46239,0.99907595,3.157632,0.73235166,10.639377,6.082742,523.3646
6.9393225,0.5202618,0.1885944,2.0229566,0.0682337,9.516118,19.541529,0.99411964,3.4017844,0.61396646,11.633468,6.0299206,1275.3705
8.214696,0.6603673,0.15191692,2.278692,0.086401515,9.86533,48.348038,0.99727154,3.3009617,0.6001933,9.4644785,5.212922,136.93874
7.192194,0.5501062,0.15749255,2.1704807,0.07581539,26.335537,54.86868,0.9958869,3.4036741,0.62899333,10.4291725,5.66011,1154.6704
9.020098,0.33946988,0.4363423,2.4294393,0.07620958,14.505196,32.264755,0.99611855,3.2637935,0.78101283,11.583626,6.7165756,833.2257
7.063642,0.75439805,0.0994972,2.4273434,0.07921143,16.584621,38.858753,0.99588966,3.4688227,0.5766415,10.60901,5.0573015,1112.4037
6.611472,0.5015264,0.15477327,2.0922668,0.06582015,12.614779,30.211826,0.99373835,3.4271998,0.61775434,12.070427,6.1864796,1243.1407
8.410383,0.4324672,0.32365915,2.296122,0.07815703,9.439961,28.81048,0.99645466,3.2906806,0.6207595,10.670834,5.773058,992.22394
7.2920966,0.3591213,0.3101863,2.0347135,0.068947956,13.798767,32.254715,0.9937647,3.356133,0.7087385,12.34461,6.7546563,1138.667
9.180288,0.3189633,0.46441025,2.1565151,0.07482871,7.906802,19.608644,0.9956958,3.249943,0.7561998,11.508346,6.7886786,887.49023
7.66847,0.6644827,0.15861373,2.3462112,0.08221656,32.481728,97.01323,0.99665946,3.3365521,0.525777,9.850357,5.1122546,898.42633
8.284763,0.7635471,0.1226953,2.4085937,0.08248434,8.429674,33.06512,0.9972007,3.3275902,0.55923325,9.662381,5.0009294,404.9
7.5607257,0.65266913,0.1285532,2.4000928,0.07841051,15.791129,47.229343,0.996813,3.3780212,0.5868527,9.927268,5.2162595,791.15155
7.116451,0.6877927,0.058020193,2.2465634,0.08170527,10.21804,22.85908,0.99590987,3.4130228,0.5757849,10.444271,5.3412123,1067.5945
7.2607827,0.6941133,0.079456255,2.3036664,0.08276954,11.858558,27.905178,0.996152,3.406514,0.57452804,10.317299,5.2849965,1042.1978
7.6210628,0.4944751,0.20554997,2.26039,0.08210441,16.275618,40.90514,0.9966274,3.3716588,0.66225505,10.168768,5.8030486,879.1231
7.497101,0.39443862,0.3174052,2.1575348,0.061981343,7.371817,23.056078,0.99337965,3.3219662,0.6336607,12.352497,6.5677195,1212.3553
7.4696374,0.74362147,0.115185246,2.4328382,0.07990708,21.208563,66.5128,0.9967748,3.412117,0.5554921,9.948851,4.964706,663.82227
9.111455,0.45126525,0.43474022,5.420833,0.0718414,17.644878,70.92449,0.99847776,3.307394,0.7319077,11.107733,5.978424,524.692
7.192666,0.612411,0.12176973,2.281854,0.07946423,15.926964,33.17382,0.99585664,3.4148333,0.600149,10.631957,5.558403,1196.2833
8.223575,0.48267335,0.26578408,2.3983831,0.08597261,26.476416,77.06111,0.9970661,3.290546,0.6525365,9.937348,5.5276446,968.94604
7.4727154,0.41634792,0.28299022,2.1205878,0.07591693,25.980692,64.114876,0.9954103,3.3101459,0.6446395,10.735617,5.8993115,1146.971
9.861869,0.41893518,0.41069886,2.1839943,0.08432029,8.968259,26.91506,0.9976336,3.1955562,0.6357167,10.123914,5.6937943,795.60864
7.5589604,0.6183177,0.15313038,2.3210967,0.07805941,29.358246,83.1462,0.9965015,3.3535275,0.5532439,9.867428,5.178572,1025.612
7.9887314,0.4836455,0.2410659,2.2530317,0.07373779,7.430323,22.896414,0.9957382,3.2850792,0.56994116,10.646301,5.60852,1192.2065
16.030983,0.47093943,0.70206916,4.089511,0.08599196,7.273641,30.501373,1.0030069,2.9387436,0.8300628,10.966994,6.365528,110.79982
8.271804,0.6151708,0.15599918,2.1552064,0.07732512,8.180628,25.839705,0.99710107,3.3053913,0.58217,9.738003,5.3066072,492.781
7.4340205,0.6154661,0.10293569,2.223075,0.084281035,11.540053,28.796833,0.99635214,3.3626063,0.5929024,10.129329,5.4765563,1009.1047
7.73882,0.4642474,0.24636097,2.2486014,0.078862555,18.057587,44.466053,0.99636906,3.3326511,0.644121,10.28993,5.808924,1116.2958
10.804979,0.44595292,0.50164634,3.5415292,0.0831958,11.536384,34.247543,0.9989657,3.2258444,0.7027034,11.127927,6.0291967,530.6871
9.207789,0.2815551,0.5482196,2.1762114,0.051889982,4.6498857,9.497752,0.9937839,3.23823,0.77850664,13.343546,7.6391025,905.5077
7.9368596,0.6061739,0.14689092,2.1762638,0.08546731,9.674852,37.66337,0.99712247,3.3263304,0.61656725,9.643248,5.4234405,366.48608
8.958809,0.59409094,0.28555697,2.5025387,0.1061001,13.479061,65.552284,0.99805826,3.2344785,0.6358023,9.311139,5.0031495,264.29367
7.303956,0.27894956,0.4462884,1.9941901,0.059418496,33.730015,130.90959,0.99245703,3.147666,0.5321112,11.703193,6.329183,1000.2844
7.429611,0.4494339,0.2532398,2.1490583,0.07395847,27.209442,52.61187,0.995753,3.376967,0.6739902,10.696624,5.9269876,1162.0002
7.661239,0.48705828,0.296614,2.6123745,0.111141145,45.821857,142.72627,0.9969113,3.1660962,1.0886676,10.051341,5.2455735,858.1511
8.731411,0.5406894,0.3188573,2.691167,0.087181285,20.486235,81.112434,0.99806476,3.287326,0.64845043,9.789379,5.2570767,519.2034
7.20588,0.53374386,0.14642875,2.2679658,0.07574422,17.564383,36.413925,0.99584484,3.410962,0.6410888,10.569484,5.7927866,1117.7012
7.857117,0.56143224,0.21376717,2.2486086,0.08023397,36.434307,106.49389,0.9964483,3.2641456,0.54215133,9.841311,5.15826,1210.7169
6.699805,0.5697843,0.13765123,2.0670977,0.06967613,7.110312,15.962556,0.9938963,3.4064543,0.58118355,11.679426,5.9382286,1350.3936
7.011852,0.68088853,0.104848236,2.1907628,0.07382037,32.763714,75.394035,0.99595964,3.4440696,0.57578415,10.247422,5.1956744,1102.5072
10.124047,0.38739765,0.44278994,2.0874717,0.08250478,8.956416,23.536652,0.9973064,3.1689587,0.6728705,10.301567,6.0091453,857.8032
7.9180803,0.33632338,0.3726113,2.1448777,0.07231187,27.91604,55.707268,0.9955222,3.3412907,0.7736514,11.303619,6.403784,1104.0475
6.408898,0.60330445,0.06485404,2.1871629,0.06626655,12.682417,27.277002,0.9944432,3.5028167,0.5939562,11.618104,5.7965145,1234.5701
7.9059134,0.5288893,0.19517805,2.2353144,0.08500406,11.667613,36.7314,0.99711174,3.327075,0.63790596,9.901904,5.599826,613.2098
14.033741,0.39194345,0.7078128,3.5968568,0.08138045,7.1033683,22.608131,0.9999462,3.032942,0.7485235,11.754708,6.952662,256.42355
10.608907,0.38204655,0.50074464,2.5230725,0.088331915,9.780859,28.604439,0.9981543,3.2027023,0.8588991,10.847087,6.5737762,552.65643
8.0680485,0.53907853,0.20043646,2.2503543,0.08504217,10.187643,32.49239,0.9968428,3.2915983,0.6263634,9.850123,5.4968753,747.80884
8.640541,0.4368521,0.30942288,2.1437495,0.083571695,10.733424,30.729673,0.99707043,3.2788513,0.67626286,10.169191,5.8293977,746.0612
7.5816307,0.55768424,0.14575416,2.2777112,0.08282355,11.826395,33.056076,0.99668,3.3529644,0.62075883,10.024044,5.554222,833.39435
7.6247954,0.40101483,0.2986308,2.2226183,0.07841403,19.956236,39.24679,0.9954787,3.3487353,0.6901277,11.1001215,6.189499,1119.7229
8.199824,0.49589148,0.23790967,2.2653732,0.08258318,10.728887,32.69382,0.9967027,3.2748113,0.60495985,10.069292,5.557592,986.43396
8.077716,0.525181,0.23303826,2.3325732,0.08700518,24.336777,77.784515,0.9970449,3.2792733,0.5768348,9.702618,5.3092556,897.12286
7.693939,0.5064809,0.20732756,2.1122093,0.07627123,29.74198,79.18329,0.99629784,3.2861145,0.57417434,9.868186,5.323293,1227.118
8.460214,0.58612794,0.20037931,2.243368,0.08575178,10.760481,41.754757,0.9974578,3.2886837,0.6080694,9.571115,5.3037376,351.54288
9.227901,0.41650283,0.4269475,3.564746,0.08075825,18.781818,59.563267,0.99773806,3.2680705,0.742912,10.717424,5.9628954,749.0157
9.563618,0.4872151,0.3601589,2.1511776,0.1035858,11.338618,39.504177,0.99828166,3.222651,0.67533565,9.665445,5.4279222,409.17178
8.735277,0.35749325,0.38703194,2.211983,0.080814816,19.02864,46.308773,0.99684775,3.288021,0.81099373,10.579801,6.254621,889.1665
8.2632675,0.4609435,0.25698605,2.2752643,0.08321224,13.89376,40.259663,0.9973095,3.3501081,0.7080993,9.974547,5.791082,546.1791
8.061502,0.6077569,0.21585521,2.2530167,0.089306906,24.224903,88.84543,0.99708235,3.2674503,0.55713624,9.576849,5.217642,652.2335
7.1606045,0.60689914,0.08636412,2.2213213,0.079228245,11.612482,26.082739,0.99577796,3.3926094,0.59630406,10.485452,5.5260944,1171.7567
8.626129,0.50196576,0.34788305,2.248666,0.20381218,8.949041,35.410625,0.9975362,3.210384,0.7196241,9.455312,5.548055,481.1587
7.3970613,0.5506462,0.13970037,2.2229447,0.07552514,9.275779,22.505386,0.9955234,3.3450346,0.5810516,10.663175,5.5967236,1254.7179
7.127071,0.64542687,0.07513218,2.2553315,0.08307558,12.822049,29.911377,0.9961517,3.4205937,0.5987103,10.323755,5.5136867,998.7195
8.6959715,0.33672205,0.438295,2.235721,0.07739055,7.805934,20.489622,0.99529755,3.2678273,0.6819337,11.688251,6.5701733,1003.90857
7.9210143,0.49320266,0.21983771,2.2789142,0.08886602,14.960915,46.46395,0.99727184,3.349201,0.65842974,9.819029,5.6419706,580.10944
6.7796917,0.54194874,0.1502796,2.2659688,0.06917896,11.513095,25.146046,0.9943522,3.4090903,0.5797513,11.548018,5.8772426,1322.2003
8.055973,0.6929767,0.17548294,2.3212976,0.09042343,19.47753,84.41524,0.9970047,3.2749667,0.5628459,9.395015,5.079756,277.60684
7.562,0.7070878,0.0888039,2.1938958,0.08449305,10.150947,34.754528,0.99692345,3.3836386,0.5861078,9.785089,5.2063456,468.24384
10.292111,0.39415336,0.49910414,2.661253,0.09398433,14.196846,42.43132,0.9983233,3.2151983,0.7741105,10.5274935,5.9715476,614.15356
7.8681903,0.36358994,0.37806755,2.6331327,0.0765968,25.742548,59.05912,0.9954543,3.3081875,0.704252,11.122515,6.2570834,1070.0349
8.042247,0.5272454,0.20314594,2.1832473,0.079414025,10.073941,30.007023,0.9967421,3.3193002,0.63043374,10.068506,5.627318,751.1457
8.863119,0.5036302,0.29163942,2.3247008,0.089687444,11.841466,36.939686,0.99765193,3.255415,0.62787825,9.769661,5.4637427,627.73157
7.6509366,0.46662915,0.25465286,2.5567656,0.07928113,18.543129,55.80234,0.9964604,3.327871,0.6487931,10.343103,5.691909,970.7869
7.6935835,0.5748136,0.18599619,2.398866,0.08067029,19.636477,64.785225,0.9969625,3.348224,0.60228425,9.791221,5.3289256,738.21515
8.23643,0.3868272,0.3406713,2.205514,0.08018178,14.312216,32.056076,0.99617726,3.3211274,0.71091104,10.789481,6.236074,999.99567
8.691938,0.5543149,0.4842875,2.0607173,0.3031168,12.932107,64.3365,0.99765754,3.117643,0.96213543,9.2694435,5.038924,438.3417
8.584719,0.55700785,0.23931092,2.2570236,0.08527139,12.872073,46.02898,0.9977913,3.2983797,0.62589324,9.592644,5.286709,345.02374
7.5369825,0.56114703,0.14565678,2.2515557,0.082651675,13.959711,37.509823,0.9966762,3.3611982,0.6217498,9.944594,5.5003204,810.792
8.164503,0.53331995,0.20504066,2.0982842,0.07834599,8.701525,23.879889,0.996506,3.2818704,0.61098135,10.063506,5.579412,945.19806
6.6933856,0.39077973,0.23802376,1.9490308,0.06480478,17.405901,46.18133,0.99350846,3.443462,0.7248306,12.462432,6.690742,1052.3145
7.889826,0.6530773,0.124856204,2.1836076,0.086974874,8.244989,37.42316,0.99701613,3.3485007,0.6168131,9.583398,5.449633,144.21114
8.110686,0.6421552,0.152255,2.2520683,0.08872564,9.591324,47.69738,0.99717784,3.3085225,0.60742116,9.496875,5.290871,149.65157
7.5659866,0.68731934,0.105551764,2.369161,0.08211135,11.293804,33.026302,0.99661845,3.3714304,0.5730894,10.046558,5.2032156,858.3075
8.074824,0.7065965,0.19013089,2.4745774,0.08842316,20.611034,85.39947,0.99724066,3.321859,0.56647956,9.566525,5.0248265,279.88126
8.704466,0.45896065,0.35259178,2.3870816,0.12642491,21.848486,70.7188,0.9977076,3.2261825,0.9094086,9.867996,5.7607026,674.00116
7.2673903,0.69179326,0.109124035,2.339191,0.07607661,25.323364,67.327484,0.9964562,3.4157937,0.56493986,10.058525,5.080352,937.1426
10.81823,0.42402035,0.46671307,2.3320065,0.1097878,9.133168,28.866093,0.9989188,3.1546621,0.7202101,9.839801,5.6282954,490.06094
8.220792,0.5448196,0.24613991,2.3491144,0.08561862,21.958986,73.27308,0.99715245,3.257283,0.57991755,9.612292,5.27568,918.0913
9.085111,0.34563857,0.43770587,2.277364,0.07705108,21.959541,55.608463,0.99674374,3.25313,0.9072624,10.885174,6.3925967,826.59955
7.2926016,0.6238933,0.10543853,2.294606,0.08015909,17.75924,43.45081,0.9964228,3.3965566,0.5992127,10.066305,5.3762712,971.1441
8.764287,0.555114,0.25752202,2.2962523,0.080984384,11.911396,39.20022,0.9977534,3.2789714,0.6075003,9.768217,5.264833,485.04318
7.366225,0.72624207,0.066726595,2.2125752,0.0854494,9.326563,23.934193,0.99649006,3.403616,0.5705596,10.134639,5.2308135,772.89526
7.2782493,0.57829136,0.12913717,2.2649071,0.078557655,11.594633,26.761616,0.9955852,3.3477263,0.5791673,10.606813,5.5291357,1291.766
11.046111,0.45527765,0.4556411,2.2673798,0.089155965,9.005579,27.747368,0.9989848,3.1304898,0.6446309,9.646099,5.360705,427.0084
8.54133,0.47768405,0.32286417,2.5876203,0.08671802,19.664314,66.73845,0.99774146,3.3224697,0.68616337,10.026428,5.5543594,634.79956
7.789491,0.45946705,0.23751783,2.2386699,0.080073826,21.555193,52.828312,0.99674535,3.3443995,0.6676741,10.011159,5.7074227,918.42596
6.8125143,0.5544275,0.12508138,2.1844864,0.072574675,14.218793,31.733644,0.9949843,3.4512286,0.6206864,11.145711,5.9303684,1180.2057
11.43975,0.35141778,0.606391,2.8943334,0.08098141,10.103607,25.700377,0.9977839,3.1561558,0.8747877,11.948374,7.1963105,400.09714
8.083062,0.7712576,0.15879923,2.4829452,0.08790572,19.087214,81.95422,0.9970612,3.2927115,0.5455861,9.524646,4.8446417,354.25
10.932693,0.47002816,0.44349092,2.4479413,0.08742797,8.922122,29.458557,0.99895126,3.1114867,0.59713393,9.716424,5.190072,541.82916
7.030431,0.5594751,0.12653682,2.1403232,0.07741423,13.392582,27.496262,0.99536633,3.4010448,0.6124693,10.7707815,5.7384615,1229.2169
7.2713904,0.3487163,0.31928045,2.115039,0.06860145,12.010111,29.856503,0.9935784,3.3509226,0.6883657,12.459496,6.7582254,1162.5807
7.007452,0.6131083,0.09746747,2.2704747,0.076675035,20.598492,41.71259,0.995913,3.448697,0.6190453,10.505835,5.5886803,1098.3845
8.294373,0.38977796,0.36465567,2.3277876,0.0810041,11.116606,27.85934,0.99595994,3.307844,0.6668502,11.124007,6.1752253,991.0573
8.351559,0.561543,0.21734065,2.2806756,0.084511735,11.402253,37.244587,0.99736494,3.282957,0.59915614,9.709247,5.312063,627.95355
8.555276,0.3632206,0.38696948,2.3299015,0.0775188,10.568646,23.926695,0.99584156,3.3009133,0.7014234,11.313589,6.4882092,1019.15784
8.195132,0.25036272,0.49568224,2.2375247,0.06848623,31.351122,60.186058,0.99429965,3.2732909,0.86077625,12.585358,7.0846243,993.44714
7.512768,0.55166334,0.24655016,6.486445,0.08765132,39.767025,111.07471,0.99853706,3.3431013,0.6221094,9.802671,5.235452,735.2844
7.6480017,0.50022274,0.20912682,2.3091464,0.08167611,18.630182,53.865314,0.9966475,3.3278275,0.6209919,10.022655,5.5533605,1035.2441
11.365783,0.40009886,0.505139,2.267183,0.08787192,9.591652,28.501242,0.9988112,3.1268106,0.67377335,9.914252,5.717182,533.49524
7.1339035,0.5650911,0.13267303,2.255734,0.077656806,17.535126,37.648994,0.9958524,3.4220855,0.6274114,10.564549,5.7312326,1121.4795
7.863962,0.5154243,0.2038774,2.222566,0.083780654,11.651646,35.956097,0.99683046,3.3159676,0.6370847,9.984217,5.5764217,736.55896
7.4121532,0.8263249,0.08304615,2.5124779,0.08175088,11.819246,35.999985,0.9965638,3.4208877,0.54245764,10.192285,4.852418,836.5182
7.4893103,0.4843532,0.21972124,2.223787,0.078023,23.951107,48.18778,0.99625623,3.3902314,0.6708775,10.440124,5.7969313,1059.8656
8.641338,0.3333843,0.52867955,4.513927,0.069017276,33.070007,85.37559,0.996724,3.2952988,0.87176085,11.848727,6.515044,712.9246
7.3367276,0.72225606,0.089052066,2.350628,0.084172405,13.752618,35.11453,0.99646485,3.4156744,0.5772532,10.219087,5.2448263,922.05206
7.4226007,0.50297165,0.20942044,2.3685415,0.080664344,19.238426,54.845963,0.9961864,3.333921,0.63756835,10.338131,5.62373,1072.6731
6.7390666,0.55612165,0.12523332,2.1094954,0.065163136,29.576313,63.30703,0.9951341,3.4627125,0.6431316,10.950493,5.7135687,1119.5529
7.98733,0.43414742,0.27893725,2.15587,0.080309786,10.004302,25.489439,0.9957342,3.291607,0.6551163,10.653336,6.013706,1110.6427
12.342092,0.39824978,0.5836217,2.7020528,0.093335114,11.137205,35.86618,0.9997737,3.108082,0.89975476,10.573215,6.4618187,340.4376
7.300132,0.5828756,0.14272153,2.0626187,0.07520307,37.02893,85.41899,0.9959364,3.3559687,0.56345373,10.085647,5.3451033,1239.3107
8.456055,0.509272,0.2439059,2.2904396,0.08599766,13.217487,47.102104,0.99760264,3.3124735,0.66121554,9.769532,5.488156,422.73697
12.687507,0.43326822,0.57049745,2.498487,0.08636227,9.531804,29.898092,0.99994546,3.0601497,0.63883346,10.057548,5.598209,476.40854
6.403737,0.42002898,0.2133338,2.0741801,0.06589509,16.120623,41.81284,0.9931816,3.453905,0.68729776,12.588371,6.583387,1102.1042
7.6586285,0.38181144,0.31330687,2.2068443,0.076373436,15.709114,33.01991,0.9953979,3.353738,0.69451594,11.274831,6.2625356,1065.4442
7.6235595,0.47329277,0.33596793,4.2422714,0.07463457,27.025623,102.81302,0.99721694,3.339889,0.6751425,10.429778,5.5920596,761.7034
6.4432364,0.75582534,0.017147603,2.248999,0.07590666,8.247027,16.815742,0.99481785,3.5177069,0.5682959,11.410343,5.3105807,1326.5889
8.215697,0.41989806,0.30012545,2.1927369,0.08405482,12.327809,33.77422,0.99674165,3.3187447,0.69236207,10.38301,5.989672,844.32904
9.327929,0.44829762,0.35169005,2.2487547,0.0981746,11.028032,36.77828,0.9979497,3.2441976,0.6879668,9.895638,5.676582,514.0128
7.2378407,0.53960127,0.15207967,2.2828398,0.0785518,19.89905,41.006485,0.9960122,3.4036906,0.6401954,10.469236,5.721473,1109.0334
6.410522,0.5228119,0.15504369,2.0627978,0.05714784,8.797311,23.512445,0.9925368,3.4201133,0.5833349,12.799227,6.345214,1314.6653
7.575542,0.7642392,0.117701635,2.4424458,0.082345456,16.468338,61.052395,0.9970756,3.3889744,0.56182915,9.83789,4.9425125,452.76636
7.4247675,0.6261859,0.13765074,2.2704134,0.07554108,25.786598,68.13236,0.996338,3.348256,0.5653577,9.960686,5.200851,1219.3795
7.5567884,0.42457202,0.25958657,2.2214205,0.07535675,14.831891,34.23862,0.99545413,3.3546145,0.65228146,10.965786,6.0819163,1128.7355
5.1677775,0.5338686,0.09045984,1.837565,0.041815426,10.664406,40.91471,0.9907886,3.5916915,0.6309223,14.177327,6.7290835,1047.6594
8.491678,0.34744114,0.39705276,2.2660875,0.075985506,10.462557,24.437107,0.99563724,3.3022342,0.7099705,11.455768,6.5473175,986.62537
7.8825192,0.5534825,0.18100014,2.2670918,0.089691594,12.314363,45.977337,0.99704856,3.3330848,0.6342559,9.703008,5.5034695,429.96088
10.325264,0.41811237,0.44858527,2.4047592,0.08986604,11.788776,35.446075,0.99840325,3.2002995,0.6829075,10.137845,5.692758,587.8853
8.7113495,0.37324384,0.37019593,2.079941,0.08102595,7.919169,24.247873,0.9964852,3.2901244,0.7809156,10.660536,6.422783,832.5656
8.016208,0.62156105,0.1699222,2.3368871,0.08528752,12.50066,50.2,0.99730986,3.320401,0.6086196,9.607999,5.2878714,358.0313
7.9204016,0.4299423,0.29531822,2.2883232,0.08105289,17.708641,40.091747,0.9965463,3.3589396,0.697523,10.669302,5.9410377,959.8551
8.268507,0.8652857,0.10418779,2.2386725,0.083042935,6.3838067,23.221928,0.9971279,3.3555405,0.5380243,9.751438,4.7772355,223.3149
7.423884,0.44180974,0.25001082,2.1806843,0.071394704,8.488454,22.745089,0.99453175,3.3606894,0.6320649,11.525971,6.2443175,1189.4694
8.524813,0.4246694,0.40633586,3.7060227,0.08320584,26.973515,93.96648,0.9981641,3.3036034,0.9213575,10.241321,5.5351458,585.2405
9.422515,0.39994413,0.46073633,2.7359903,0.08153523,10.844496,26.822954,0.9970626,3.268242,0.74983674,11.4519,6.40592,701.75543
7.0863843,0.7750095,0.055477846,2.2674227,0.08697214,13.034915,29.059217,0.99630517,3.48879,0.57723767,10.441436,5.2844887,798.2671
7.6308885,0.61115956,0.154862,2.3780978,0.07847353,19.033775,55.943665,0.9968681,3.3708181,0.5991502,9.888806,5.283284,774.40845
8.484503,0.39239207,0.38832298,2.657273,0.081448324,19.594889,45.64371,0.99651575,3.2998846,0.7292878,10.911646,6.1150913,884.1333
7.4357524,0.48699436,0.22215904,2.1961863,0.074551776,8.298788,21.736795,0.9946906,3.3441293,0.610622,11.28943,6.033002,1220.1613
9.1208315,0.51825297,0.30056778,2.2635083,0.07966754,9.617678,32.153828,0.99753803,3.227073,0.59564143,9.863848,5.322916,653.97186
7.4987855,0.574259,0.13882339,2.3102062,0.0826333,14.472065,37.514416,0.99669737,3.3784657,0.6228647,10.029508,5.5680733,836.2929
9.425198,0.3412342,0.44402516,2.3185437,0.079972066,12.485766,29.953146,0.9967877,3.2483845,0.84691006,11.226411,6.74585,763.5904
7.511203,0.5011274,0.18541858,2.2209368,0.07993984,12.031325,30.248352,0.9957928,3.3479075,0.6324873,10.541259,5.8260207,1132.9424
8.958092,0.514916,0.26750404,2.172915,0.08324568,8.464365,27.43922,0.99738157,3.238733,0.6202178,9.825956,5.52254,608.57275
8.299921,0.45292157,0.30146408,2.3214931,0.084211595,13.733085,36.857136,0.9971468,3.334751,0.6740889,10.403077,5.7512746,762.6167
7.180425,0.6013153,0.12585333,2.1430933,0.073230505,39.621246,91.66945,0.9959685,3.4114265,0.5700789,10.005234,5.33446,1111.2454
9.146159,0.6370753,0.405132,2.3737123,0.19489346,16.393852,72.836136,0.997953,3.1773548,0.66226804,9.1732855,4.962124,430.58182
7.7463894,0.4599947,0.24150307,2.1950054,0.07936826,20.986198,52.351555,0.99678886,3.3544374,0.66596633,10.039419,5.7131333,887.71277
8.233687,0.5679965,0.26916906,2.4396482,0.0897603,21.344568,84.31063,0.9975046,3.2934825,0.60498273,9.624005,5.249992,443.531
9.512407,0.39873582,0.47327954,3.6101959,0.08126311,18.610664,50.413128,0.99746984,3.252721,0.76821643,11.170419,6.2551904,776.8043
9.676008,0.3943455,0.46749133,2.679076,0.09279084,24.376831,76.445335,0.99794054,3.2200325,0.936435,10.343727,5.893563,696.30145
8.15268,0.66445,0.117575765,2.2700808,0.08551686,6.0354342,26.912893,0.9971838,3.3176994,0.5915794,9.454941,5.3282514,206.14742
7.61635,0.6182855,0.11147122,2.1873584,0.08295494,8.221953,23.864647,0.99638176,3.3197534,0.5691358,9.9873085,5.398619,968.35974
8.544722,0.3370124,0.4215489,2.5278673,0.07348857,13.896475,27.58735,0.9952274,3.2800164,0.739531,12.076702,6.833358,963.6595
6.565789,0.59924585,0.093039855,2.2483408,0.070675924,18.133005,41.304417,0.99488765,3.5091655,0.6322643,11.341341,5.747623,1104.4308
8.962935,0.37452993,0.42206618,2.5697494,0.08117747,16.094873,37.116493,0.9966923,3.2824214,0.7492228,11.147597,6.3208766,832.85333
9.934758,0.39016458,0.4591243,5.055285,0.105072185,16.947058,63.79558,0.9985301,3.1886525,0.74111056,10.398494,5.9435434,924.84155
7.8319845,0.42499954,0.2716002,2.1571007,0.07766722,12.940499,31.321962,0.9958281,3.3293703,0.66938174,10.710869,6.1085157,1076.2372
4.2449875,0.5992033,-0.0036307555,1.6962557,0.038250025,15.564773,71.35451,0.9903694,3.8133008,0.6886336,14.72843,6.6018124,559.8802
7.8716383,0.65915686,0.11776516,2.190482,0.081792355,7.8649297,20.996145,0.9963843,3.304603,0.5450341,10.024566,5.1933565,1049.8579
7.1698527,0.6131722,0.09585044,2.191062,0.07800049,7.693674,22.668236,0.99561304,3.377445,0.58979535,10.55595,5.5857873,1102.3527
8.499398,0.40161777,0.30857736,2.249089,0.09093649,11.754014,39.27977,0.99734056,3.3126326,0.8094965,10.023697,6.021514,600.0691
8.1660385,0.4998194,0.2852074,2.4887748,0.08692207,21.295595,76.87602,0.9975558,3.3196828,0.6379309,9.759213,5.403226,566.5765
8.748415,0.3602829,0.4124385,2.2688136,0.079507664,8.71671,23.720583,0.99589354,3.262048,0.6692632,11.098674,6.2310104,1045.922
8.166437,0.60618526,0.19454071,2.2900066,0.09074902,11.8339405,52.982502,0.99736214,3.3055308,0.62865376,9.536718,5.345026,248.37129
6.2598453,0.6222521,0.09159784,2.147842,0.06300464,27.282755,60.111217,0.9941889,3.5379531,0.6356524,11.80784,5.7362494,1105.0597
5.932948,0.5297506,0.08738649,2.1017203,0.05778005,17.214796,51.531918,0.99341625,3.5807164,0.66017354,12.441664,6.203052,927.53766
7.8251805,0.34613118,0.35109317,2.249842,0.07659168,11.020315,26.882164,0.99468225,3.3148468,0.67521626,11.788433,6.509466,1113.4563
8.864468,0.43160617,0.3348057,2.2715535,0.08801472,12.119459,35.71885,0.9974101,3.276008,0.6722601,10.149817,5.780455,727.8844
8.451023,0.5259509,0.28425682,2.4719074,0.09210844,20.026312,71.000244,0.9976191,3.2783995,0.6269827,9.774231,5.4329534,700.8699
8.247377,0.4345989,0.2934264,2.1460292,0.078109935,9.358438,25.069649,0.99611086,3.2788885,0.6329352,10.559933,5.843616,1060.7649
8.085783,0.5683717,0.2189428,2.3025255,0.08478593,28.981657,97.22082,0.99683917,3.2663586,0.5417145,9.50535,5.138763,899.84515
8.088498,0.7048014,0.20571478,2.358727,0.08655709,43.30464,138.21245,0.9965359,3.2569451,0.44112986,9.547342,4.7831974,1098.9169
8.958085,0.41900417,0.38369504,2.5780249,0.088532366,16.89251,49.953117,0.99752825,3.283185,0.7196821,10.427035,5.8395343,769.0826
8.380272,0.5767689,0.24733232,2.3852174,0.08778612,15.302438,61.34483,0.99747205,3.2809474,0.6176089,9.551207,5.3206735,475.8912
7.9045525,0.5974363,0.21469218,2.3656993,0.082161814,35.66458,108.2799,0.9966021,3.2901406,0.5312542,9.734051,5.0492334,1074.0485
7.642569,0.68020934,0.11235431,2.1723714,0.084041245,10.799051,43.541,0.9969819,3.3673716,0.59842277,9.671532,5.231995,238.4853
7.5132203,0.55665183,0.1747037,2.0866168,0.075972684,33.31726,87.91792,0.9962384,3.326207,0.55633897,9.847999,5.305327,1147.0583
7.5071263,0.6724642,0.08134548,2.116458,0.08263947,5.719361,17.853928,0.9962753,3.3358066,0.5539653,10.088153,5.25747,974.19446
10.525374,0.43933347,0.47034872,2.7119534,0.08624229,12.069007,35.19549,0.9986782,3.2151587,0.6740587,10.523418,5.784597,644.9063
8.205902,0.7013829,0.21326496,2.600689,0.08626696,24.276299,100.337654,0.9972437,3.281383,0.5369228,9.52429,4.8859153,468.96048
8.474259,0.34760663,0.42605186,2.2501616,0.07868231,25.732292,55.938942,0.99591845,3.2692952,0.7629558,11.064447,6.263962,1019.4599
8.482986,0.58225274,0.28512695,2.4272277,0.08773923,22.075535,87.72699,0.99748564,3.2658927,0.59431154,9.520697,5.173199,478.7011
10.057174,0.3332673,0.4813005,2.231997,0.086989,10.198314,27.825644,0.9973145,3.2191012,0.80803734,10.676183,6.5323834,690.2857
8.309497,0.5251473,0.28119308,2.4841125,0.09022299,25.015482,90.160736,0.99742293,3.2826853,0.6292906,9.718617,5.364038,677.6954
9.314773,0.50029945,0.3178817,2.226225,0.085289635,10.017512,31.702621,0.99780124,3.2093241,0.61162776,9.753222,5.4024305,580.2876
8.921548,0.36789027,0.44798526,2.4551404,0.08014491,9.370925,22.495068,0.9958723,3.2693975,0.6840211,11.5585,6.476449,956.1938
7.077418,0.5824965,0.11729708,2.2665415,0.07727102,19.637955,40.820885,0.99597406,3.4327533,0.6293373,10.476753,5.6388054,1098.5825
6.4241242,0.6405486,0.090709865,2.193795,0.06808341,24.16356,51.904163,0.99466836,3.5453162,0.6284769,11.434051,5.6859317,1076.5663
8.174996,0.47328728,0.27904087,2.296592,0.07925698,12.221031,36.09005,0.99680644,3.3149433,0.61624634,10.374138,5.6281195,924.62286
9.366225,0.39497268,0.42465737,2.167052,0.08606222,18.700216,75.208626,0.99750984,3.1332035,1.2956427,10.422436,6.2521076,459.83813
6.8645988,0.84758866,0.04249661,2.2679505,0.08717045,12.251369,27.351915,0.99576545,3.5247102,0.5610731,10.83263,5.1038938,1023.80566
5.5972447,0.68578434,0.055052135,2.1069007,0.058577057,15.1776,51.395588,0.99302,3.6872482,0.6257887,12.936927,5.7646875,901.0282
13.090965,0.37256983,0.635446,2.70053,0.083809994,9.422345,29.871052,0.9996241,3.077951,0.8513916,10.990922,6.7765326,270.41068
10.920607,0.4481103,0.49236527,3.1478448,0.08923407,13.421467,39.312496,0.99904394,3.2059479,0.75062567,10.713214,5.989263,573.7399
8.58341,0.3260185,0.4287815,2.3773143,0.075458735,23.498285,46.378212,0.99590456,3.3030303,0.83221245,11.563582,6.6302524,963.71497
9.6742,0.60661435,0.34927365,2.7646418,0.09599481,15.590536,70.97726,0.99871624,3.1975944,0.6166147,9.354162,4.765863,414.7684
8.54455,0.4884805,0.26741058,2.1639385,0.09034514,11.408622,36.38113,0.9973838,3.2860634,0.67378694,9.717269,5.656281,495.20798
12.471535,0.38100863,0.60609615,2.939341,0.08459059,8.9017935,30.314358,0.9994495,3.1155605,0.8781981,11.186593,6.72936,278.0801
7.899292,0.6073978,0.14443284,2.1601274,0.08165266,8.179191,26.241716,0.9967998,3.2987287,0.5818472,9.834827,5.332639,693.8794
8.162394,0.6746641,0.12787455,2.1997228,0.0803306,7.1679015,25.771324,0.996978,3.2872097,0.55393785,9.669199,5.1407924,598.70746
7.2689223,0.51029974,0.17206667,2.1492636,0.07886104,16.695559,36.663105,0.9959425,3.3850558,0.6512058,10.411441,5.833614,1051.0824
7.735525,0.5709397,0.18281302,2.1306007,0.08298003,25.603777,78.701996,0.9965674,3.3016157,0.5787012,9.657923,5.2528553,820.3053
8.764515,0.30774945,0.46263865,2.3379636,0.071086526,15.988163,31.152262,0.9951625,3.2539585,0.8238171,12.195333,7.097021,916.8115
9.895351,0.47374958,0.3398058,2.1795428,0.083849214,6.70122,23.006231,0.9979872,3.1760826,0.6162288,9.724435,5.523809,520.60254
6.5101852,0.8174579,0.05811656,2.4817903,0.073230885,9.857323,25.4418,0.9948009,3.530611,0.5422476,11.510376,4.9170513,1342.4244
7.72015,0.532042,0.28311053,3.3647242,0.08121305,33.129353,107.67863,0.99711317,3.316598,0.6099662,10.039903,5.288927,869.50934
8.436512,0.6264906,0.23463434,2.377902,0.091540925,17.206434,77.91848,0.9972385,3.2373655,0.5972845,9.38432,5.125373,323.53558
8.620822,0.68414426,0.2655143,2.3966405,0.09483717,18.82997,93.98177,0.997451,3.2449338,0.6100382,9.303268,4.86171,43.357136
8.331015,0.4900616,0.27059352,2.2977617,0.08811948,15.113008,47.30121,0.9974751,3.313373,0.65734535,9.825907,5.5354786,603.11926
9.215361,0.5823765,0.35041973,2.5013974,0.092333265,18.519188,78.74529,0.99837404,3.2364953,0.64248556,9.563629,4.9617743,375.11215
8.438168,0.5730954,0.25832948,2.376999,0.087171555,16.151976,60.745018,0.997602,3.2819245,0.61240184,9.607961,5.2647777,520.1357
8.375495,0.53910536,0.2664877,2.4581563,0.08823595,21.596632,76.09155,0.9974125,3.2620072,0.5955937,9.658368,5.319977,817.17694
7.5930133,0.6389363,0.13160029,2.3149889,0.08016075,17.614006,55.709114,0.9968636,3.3557372,0.58592284,9.795804,5.1640835,739.9999
6.6569567,0.50349206,0.15343173,2.2043533,0.06763438,21.082993,46.560303,0.99464625,3.4838917,0.6702474,11.498905,6.084467,1079.6704
7.9310155,0.5526748,0.1935036,2.3429217,0.08592056,14.219874,50.16332,0.9970949,3.3086855,0.6265109,9.68767,5.4223247,647.33984
6.8626094,0.823527,0.08311771,2.4597464,0.07927272,13.882951,34.408566,0.9956633,3.5244324,0.5615891,10.902969,4.9098454,1106.7452
7.384943,0.5303642,0.17143351,2.267346,0.076836966,8.617937,22.278326,0.99506605,3.3332448,0.57704973,10.918564,5.6860633,1282.6382
6.649613,0.36761257,0.25294942,2.0479152,0.06292244,21.002094,56.29483,0.99349046,3.4588633,0.74726874,12.415369,6.6972733,996.6734
7.09059,0.5592703,0.12469514,2.2236054,0.078530975,15.669034,33.756607,0.99578995,3.4168653,0.6167848,10.654522,5.800087,1164.4175
7.9381466,0.5941811,0.1533345,2.3158557,0.08416416,10.369242,33.88885,0.9968756,3.309595,0.5983461,9.803389,5.3949423,740.1808
7.5477486,0.699563,0.10427292,2.423506,0.0812217,13.127788,42.67175,0.99700814,3.4029937,0.5863466,9.910679,5.202604,609.15063
7.2075744,0.50099707,0.1941631,2.1419585,0.07242078,27.871115,62.790512,0.995749,3.3608289,0.63279885,10.437041,5.612016,1225.2765
10.466642,0.31935722,0.54778993,2.3414843,0.07848795,6.4934525,20.252373,0.9966444,3.171768,0.746239,11.503393,6.8230658,752.7702
7.831254,0.5657521,0.24385186,2.6063337,0.11469429,43.15931,107.86098,0.99709755,3.2910457,0.73067105,10.002011,5.1727443,920.9708
8.609916,0.54527,0.2875564,2.4204268,0.08888076,16.720665,63.750313,0.9977035,3.2555115,0.6262382,9.590224,5.326611,603.2555
8.907359,0.4864381,0.29997873,2.116397,0.0752936,4.8538623,14.689523,0.9960654,3.1988757,0.5317254,10.487429,5.5577493,1144.0299
7.89789,0.55424434,0.20896302,2.3341098,0.08087863,20.788172,62.124702,0.9969498,3.3178833,0.59442383,9.752203,5.3309693,935.7394
13.342751,0.51364195,0.54759467,4.8904986,0.090599716,8.860931,32.135704,1.001677,3.0952852,0.6865032,10.775369,5.6622014,439.2998
8.388375,0.31217837,0.42290372,2.3686106,0.070195206,9.596683,21.36508,0.99427414,3.281953,0.7347555,12.5801735,7.118125,986.1425
8.239933,0.5587231,0.3047695,3.9542732,0.08986397,30.279997,109.852905,0.9981265,3.2671196,0.6186274,9.609798,5.0922914,669.1279
6.4087396,0.4190615,0.20325632,2.0203528,0.057969894,25.225193,61.695877,0.99357814,3.5176823,0.7448298,12.398538,6.5498667,992.59283
10.150185,0.5135404,0.4376422,4.8391733,0.09676094,18.627752,76.16703,0.9996554,3.2358387,0.74392426,10.200137,5.3739767,611.6425
6.334137,0.6749379,0.064097226,2.2087493,0.06695988,14.744582,36.110886,0.99455976,3.5555692,0.60040855,11.643451,5.540456,1158.5947
6.3451014,0.75059974,0.029966341,2.1560636,0.074025005,9.644022,20.162714,0.99441093,3.532895,0.5577838,11.655928,5.3159184,1308.56
9.787814,0.39505744,0.45309567,2.5012789,0.08431202,11.833188,30.444077,0.99761975,3.26534,0.7539799,10.908393,6.2353826,686.19073
10.764446,0.37237608,0.5085184,2.2609894,0.16173193,7.527142,19.549791,0.99873435,3.1466408,0.7955672,9.786482,6.0656095,460.27203
10.862843,0.56596005,0.4060463,2.7762783,0.088527404,10.225723,42.234226,0.99941427,3.1332166,0.56106406,9.4860325,4.615717,391.64972
11.082247,0.405878,0.6141758,6.1046658,0.06861662,18.661724,57.561012,0.9986272,3.1826658,0.934066,12.535978,7.0211854,353.3775
6.655073,0.47637782,0.16849898,2.1807163,0.068773195,25.054136,46.65678,0.9944684,3.4582505,0.68111426,11.618879,6.146107,1162.9822
7.327644,0.40127584,0.28702474,2.2470233,0.074483454,13.000122,28.289001,0.99488914,3.3715093,0.66488254,11.618176,6.307652,1129.4011
7.7078443,0.6057581,0.14575385,2.3212094,0.08415855,13.809971,46.742287,0.99714965,3.3601387,0.60935134,9.734153,5.355718,521.27155
8.528156,0.64723206,0.25891083,2.4061584,0.10303304,18.138878,87.64332,0.9973431,3.2396204,0.62046903,9.261321,5.0378776,213.7223
8.672354,0.37378857,0.42982727,2.385571,0.07484348,8.165519,20.889885,0.99570704,3.2829177,0.64906555,11.507574,6.3172917,1054.5391
8.123394,0.50202686,0.2947343,3.1306446,0.084221885,25.826118,88.76056,0.99755025,3.3280606,0.6672953,9.994836,5.4234986,686.0855
8.709505,0.52135134,0.36347607,2.1031818,0.20088576,9.997817,45.77306,0.9976821,3.202996,0.7207534,9.395699,5.313931,392.404
8.66841,0.60645115,0.33450636,2.584199,0.109386496,28.985332,115.59047,0.99773204,3.2350898,0.6223852,9.448647,5.027703,480.17535
8.862929,0.45707995,0.331067,2.2727315,0.07643636,6.161782,21.009445,0.99642986,3.227913,0.5700693,10.562112,5.625664,1095.3228
9.180351,0.46472594,0.32001624,2.0763695,0.080834106,8.448503,23.693922,0.99711394,3.2283697,0.6304514,10.030525,5.700092,793.20026
7.4699917,0.5246219,0.16817836,2.226719,0.078523785,10.320145,27.605486,0.9957139,3.344076,0.6148625,10.514788,5.7517934,1137.3597
9.267968,0.47596607,0.3639893,2.483526,0.08702201,15.256309,52.681023,0.99805856,3.280187,0.6514599,10.190725,5.5052977,586.8788
11.229238,0.37657383,0.57452434,2.7900367,0.08788908,9.372362,24.990849,0.9980212,3.1633692,0.7456683,11.3535185,6.606143,561.76074
6.747349,0.774512,0.0781831,2.2250059,0.07947283,15.616259,37.217503,0.9953822,3.548582,0.5904782,11.027977,5.2521324,1045.1094
9.097615,0.35878646,0.45988512,2.5896869,0.081013724,11.554701,24.818275,0.9960117,3.253082,0.7320545,11.637583,6.6099324,896.53107
12.069386,0.4125634,0.5424599,2.4580617,0.082873546,9.810145,33.096516,0.9993535,3.1096842,0.7119617,10.360375,6.011405,507.15674
8.159068,0.35126376,0.37686864,2.1138542,0.0719689,9.580687,21.708153,0.9949204,3.3074198,0.7130603,11.523614,6.6019835,1082.6099
8.38208,0.54820555,0.2850636,2.6765692,0.085439906,20.36285,87.56374,0.9977804,3.290726,0.6310241,9.694571,5.1887712,469.6698
9.101899,0.52948964,0.2845901,2.3307607,0.086651936,11.771982,41.2257,0.99794984,3.2542896,0.6197509,9.660472,5.3160253,433.36475
7.781859,0.6855034,0.12371984,2.3495848,0.084229566,11.762565,42.427498,0.9971124,3.3629699,0.58818275,9.768127,5.2094584,469.77548
7.8522234,0.6235542,0.13646016,2.3784866,0.082985304,11.574715,39.380333,0.9969676,3.3362865,0.5930378,9.8331375,5.34294,724.3548
11.860369,0.44840318,0.5445405,3.335669,0.09147896,13.773621,41.95163,0.99981177,3.15635,0.8062576,10.730837,6.07756,466.64136
7.387725,0.5945715,0.12203342,2.277902,0.08396223,13.480323,35.470654,0.99669963,3.3968887,0.62584484,10.002697,5.5904818,738.0465
7.6609955,0.63962734,0.11218907,2.1776915,0.08333348,8.900934,26.555017,0.9967154,3.3379924,0.58514243,9.903878,5.333091,707.2446
8.08387,0.4518468,0.28019246,2.2272272,0.079399236,11.521127,32.59266,0.9966177,3.3214886,0.6584509,10.451585,5.8413196,855.6255
8.041244,0.45729882,0.2885263,2.3251402,0.08230063,24.536438,67.20808,0.9969592,3.3299606,0.6646017,10.096291,5.613912,907.01135
8.210397,0.5967777,0.2441302,2.4493878,0.08811848,24.758474,93.075935,0.99726975,3.2814224,0.5628224,9.580623,5.146663,640.1984
10.179001,0.3488302,0.46779606,2.2695093,0.089204,10.762412,31.059637,0.99784136,3.2192893,0.82228905,10.378693,6.360024,648.95233
8.831904,0.49450648,0.33937827,2.4880643,0.091344096,17.631252,64.19709,0.9979802,3.2845619,0.6743506,9.834228,5.448252,572.1848
9.627753,0.41881257,0.44960743,3.2934232,0.08667262,19.47045,54.96509,0.99819744,3.2772574,0.7896148,10.77947,5.9666624,659.867
7.7780814,0.76962835,0.09931819,2.2784479,0.08355938,7.435365,22.183958,0.99667233,3.3614836,0.548821,10.030218,4.975727,731.21106
7.136384,0.7297246,0.05601943,2.2790482,0.082704544,8.820501,22.059278,0.9959669,3.418972,0.56235564,10.468969,5.2584386,1068.4851
4.5558777,0.8435421,-0.03372523,1.880002,0.04447597,6.1153064,38.535435,0.9907893,3.8223941,0.55409795,14.603943,5.6798162,952.75024
13.268762,0.5150963,0.54613805,3.9771476,0.09174423,9.597103,32.209225,1.0012864,3.0852356,0.67479646,10.49335,5.4088182,462.05527
7.418773,0.61030346,0.23249106,5.0346036,0.08843403,43.19229,132.32088,0.9978638,3.288897,0.54355687,9.474041,4.851379,796.68646
11.179338,0.41714692,0.563878,3.1408231,0.1460222,12.89113,40.206253,0.99938565,3.1428244,0.8267281,10.349676,5.9056077,512.11487
7.543148,0.6318535,0.113719836,2.1508188,0.08518719,10.680301,41.04751,0.9970431,3.3742924,0.61262345,9.6782255,5.4030924,295.3258
10.417299,0.32233316,0.5168717,2.1961877,0.12478442,8.540563,33.01325,0.99789727,3.1824038,0.9777568,10.31115,6.5996146,418.5483
9.93582,0.45695123,0.4196906,2.3504524,0.08072218,9.843047,33.230267,0.99804765,3.219253,0.6107158,10.278299,5.511387,664.3865
9.293905,0.6033409,0.37524575,2.7833254,0.091131896,25.291647,103.419395,0.9984962,3.2492297,0.653273,9.637506,4.9393964,411.73074
7.461321,0.5933236,0.11618517,2.2103555,0.08287834,11.201644,27.589676,0.9963296,3.356494,0.6031743,10.166434,5.477738,985.27435
8.256014,0.6380795,0.20386748,2.4365413,0.0878103,15.929986,64.12375,0.9973513,3.2818935,0.59289485,9.497891,5.17362,405.00757
7.8398347,0.74195975,0.10000588,2.2943754,0.078892015,7.611178,26.255426,0.9969194,3.3502948,0.55534744,9.844281,4.9912415,564.9505
7.6103806,0.5179597,0.1902466,2.2653437,0.081167445,19.710089,53.72747,0.9966925,3.3464394,0.6207025,9.963996,5.49992,973.4403
9.024646,0.5069021,0.29196587,2.2633574,0.08690317,12.426512,43.114777,0.99798423,3.2717316,0.65635526,9.675171,5.413273,385.00305
8.873515,0.3506284,0.4490094,3.00239,0.08125763,10.905029,22.111006,0.99560726,3.2586293,0.7111077,12.0466175,6.722672,947.2158
7.443247,0.43058336,0.25706163,2.1053526,0.07512942,11.707543,27.519665,0.9948505,3.3460603,0.65683097,11.381996,6.1830964,1188.948
9.402317,0.43883383,0.3886509,2.2948678,0.08585179,12.894633,36.91432,0.9978698,3.2675343,0.6628836,10.208901,5.669927,644.5213
10.67941,0.47502416,0.46681213,3.9972126,0.086824186,14.630132,48.4874,0.9994197,3.2242992,0.7304436,10.669051,5.758462,562.45715
9.744314,0.407819,0.45097968,2.549844,0.08899961,17.043116,47.85093,0.99800533,3.2507184,0.80901754,10.505309,5.995937,664.4623
7.6312103,0.51939034,0.16256072,2.1877077,0.08502836,12.231826,36.008472,0.99690557,3.3856568,0.66991687,9.90513,5.762083,566.07776
8.666413,0.7506829,0.26690015,2.5180182,0.094969615,26.797316,115.730896,0.99741644,3.2249413,0.5235376,9.40025,4.7901506,318.11887
9.344776,0.32743576,0.46947938,2.1985865,0.07455175,7.0970807,20.728159,0.99580497,3.21816,0.6992722,11.351084,6.524409,951.37836
7.206713,0.5599244,0.119124115,2.1883113,0.07929826,12.022683,27.841368,0.9957808,3.3851025,0.61198556,10.528027,5.716909,1160.544
7.1267753,0.643851,0.087330446,2.2812247,0.08164263,10.2175665,24.507343,0.99584746,3.405275,0.58956194,10.551885,5.469115,1156.9017
7.2745204,0.6504489,0.11662002,2.3095756,0.07674482,23.14707,60.067223,0.99660295,3.4218545,0.5970955,10.053375,5.2836657,801.7552
7.7830453,0.47508466,0.3202581,3.2552483,0.07932349,33.75143,101.28129,0.9970013,3.320776,0.6975292,10.226612,5.5198784,935.57135
7.3919396,0.68232137,0.11613692,2.3412647,0.0773923,22.773756,60.21797,0.99644136,3.3784876,0.5741345,10.025792,5.050089,1010.6971
8.038154,0.42501923,0.29943544,2.2927935,0.080944546,14.849783,36.705666,0.99642617,3.322762,0.6628724,10.582949,5.942614,1010.47894
7.39153,0.5098385,0.1797181,2.3499253,0.080433615,16.863195,41.724644,0.99619067,3.3614433,0.62978375,10.390173,5.7355413,1120.6162
7.1683693,0.5516727,0.14255425,2.2889535,0.07883003,16.62918,36.96521,0.99581176,3.3924413,0.61707586,10.591902,5.7280016,1197.1678
9.968663,0.33395064,0.49500367,2.363789,0.07731967,8.71426,21.016806,0.99665385,3.2223654,0.8563994,11.598626,7.0381618,679.1596
8.3793125,0.560741,0.2201535,2.2785902,0.08589424,12.415573,39.787792,0.9975462,3.3042138,0.6198721,9.695788,5.3855567,468.66803
6.6753144,0.7032337,0.08298038,2.222081,0.07451489,14.169965,33.13735,0.9951304,3.5213308,0.5919654,11.244258,5.397729,1158.0
7.7279024,0.4496883,0.3516314,4.662831,0.07470824,35.476852,128.84442,0.99656796,3.2748373,0.6616659,10.517509,5.6836824,983.3799
11.428516,0.40619358,0.5024386,2.1745427,0.08169502,7.433309,27.456564,0.99877954,3.0975902,0.6519706,10.029213,5.6982017,604.22235
8.375621,0.6831502,0.14691296,2.3654609,0.081828766,9.0463915,36.146523,0.9972964,3.2955809,0.5637721,9.575653,5.126562,491.57657
6.712957,0.69208676,0.09764902,2.241939,0.072418205,24.688553,54.16511,0.9951388,3.529801,0.6121413,11.062465,5.416367,1052.1448
7.0080194,0.5620457,0.120238274,2.2414472,0.074061036,9.650516,23.955675,0.9949721,3.405455,0.60176855,11.043637,5.7844734,1218.8451
10.921345,0.4125424,0.4695826,2.0591493,0.07807167,6.957478,20.839058,0.9976392,3.1169348,0.6001845,10.183175,5.764935,796.83875
7.7156124,0.49605837,0.22005132,2.2168171,0.08073309,21.136461,54.692528,0.99689496,3.359067,0.6377303,9.939951,5.5367217,858.0273
11.023961,0.4526838,0.50957745,3.2057967,0.08814537,15.450555,42.55248,0.9992079,3.211939,0.8255662,10.82319,6.0734186,519.19336
7.599638,0.60982233,0.10527931,2.2020786,0.08149807,10.067735,26.683485,0.9967074,3.366229,0.5971866,9.949498,5.451368,696.87317
9.073165,0.37298095,0.3998134,2.0632522,0.08518296,8.568538,23.65582,0.99671084,3.25795,0.7637158,10.5207,6.317338,813.469
6.968631,0.81677145,0.037183363,2.3173,0.0819977,5.375918,13.722335,0.99547446,3.4339268,0.53214556,10.778859,4.9237666,1292.6246
8.345892,0.62731373,0.29753155,6.685405,0.11780925,42.670074,112.76643,0.9996705,3.312903,0.6163458,9.477945,4.9353347,664.6436
6.6377254,0.50319266,0.17963909,2.0478907,0.06834688,11.127205,28.14497,0.9936544,3.440864,0.62582064,12.095324,6.3169327,1229.5216
8.845244,0.24588059,0.5060719,2.1128554,0.058905613,14.215605,26.643625,0.9940258,3.2332575,0.90444666,13.302922,7.8439336,854.69885
9.984923,0.44548947,0.46302176,4.296679,0.07953134,11.321282,39.76328,0.99866253,3.2575903,0.6866498,11.19802,6.0805593,570.3201
7.4255385,0.61679506,0.11533719,2.2448559,0.081851855,15.046963,45.864994,0.99692583,3.3969126,0.6143341,9.776269,5.4174404,576.61633
7.66371,0.6366618,0.13917962,2.3684096,0.08202089,14.22336,50.073936,0.9971731,3.3662813,0.6004148,9.766504,5.2941003,539.22363
5.9846654,0.5684197,0.07989617,1.9351084,0.05521089,30.485714,69.26511,0.99372643,3.5889566,0.67225623,12.064876,6.0271926,925.69696
11.243317,0.5512448,0.4061511,2.5418563,0.08612293,5.9918637,22.939993,0.9991677,3.091301,0.54969835,9.410048,4.8350534,388.6876
7.1968875,0.62143,0.092668176,2.268661,0.07556053,9.803901,22.158104,0.99558574,3.3644462,0.5633393,10.5488405,5.33785,1313.2151
7.978092,0.57433647,0.20665982,2.28089,0.0853197,23.975567,82.23442,0.9969702,3.2864418,0.5673443,9.6104355,5.275846,783.0918
7.5812087,0.6749335,0.11301975,2.2654624,0.08366711,13.630871,52.81217,0.99709076,3.3748276,0.6082614,9.632214,5.283043,237.68562
9.909965,0.47260472,0.38101092,2.3173392,0.08248719,12.40794,38.343426,0.9983873,3.2335646,0.65941,9.880517,5.4489923,403.98187
6.9878664,0.897953,0.06689578,2.3486052,0.08372281,14.061324,30.51075,0.9957043,3.4942436,0.5419681,10.731908,4.7067685,1181.7202
7.9556875,0.35869202,0.38299853,2.0121999,0.065009795,8.221895,17.82121,0.9940681,3.316727,0.715058,11.976314,6.7905335,1128.1539
7.701898,0.60186565,0.13792762,2.3046045,0.08371447,11.980376,39.29836,0.9970131,3.3504882,0.61464185,9.826279,5.441237,621.17505
8.852927,0.49906012,0.3583985,4.5280027,0.08591062,22.727102,84.74972,0.9986756,3.3064842,0.7069188,10.064221,5.5049014,583.60046
7.218583,0.47874472,0.23008953,1.9996192,0.06708543,32.310314,69.1754,0.9953978,3.347449,0.6303975,10.648173,5.7404175,1268.1691
12.27775,0.51898813,0.5061355,3.4387367,0.09425978,11.284432,38.428284,1.0004467,3.1168795,0.6605109,10.272241,5.1692743,472.38266
8.142504,0.5352723,0.27159306,2.4137356,0.087921984,28.00422,95.490814,0.99734575,3.3066392,0.5880613,9.667159,5.2389007,648.5001
6.6136346,0.5784367,0.12325269,2.122215,0.071374744,7.8365517,17.955738,0.99392617,3.4250488,0.5829571,11.741998,5.9281497,1347.9768
9.306872,0.4625029,0.34826872,2.315774,0.093257785,12.275245,40.954037,0.9980403,3.252549,0.6701241,9.88402,5.57391,514.3296
7.809118,0.42056766,0.28032485,2.2516677,0.07655128,12.398021,31.956768,0.99574554,3.3356445,0.6492396,10.890682,6.0603147,1093.9396
8.038265,0.6661974,0.1864373,2.3605468,0.08770764,32.636967,111.08411,0.99682546,3.264049,0.49972844,9.571015,4.934241,862.8608
8.005112,0.604669,0.21763673,2.2791946,0.08452328,44.66062,131.26653,0.9963694,3.2270074,0.4888219,9.6661825,4.9503016,1290.8539
7.6635756,0.7462809,0.12011851,2.4244363,0.082220994,15.508533,54.228123,0.9969874,3.379339,0.5692786,9.859702,5.0257373,581.90106
8.751533,0.6208451,0.33827618,2.5606496,0.109787785,28.450315,114.1422,0.9975664,3.2262127,0.604183,9.448808,5.0533376,472.5536
6.474188,0.50860924,0.1404257,2.175952,0.06614244,20.33385,50.263454,0.99442434,3.51474,0.680292,11.726796,6.1407614,1028.7412
7.150258,0.8005156,0.06976721,2.5079095,0.07650655,20.985878,57.262135,0.9965088,3.465357,0.56176984,10.201476,4.962506,752.5068
7.756034,0.6213217,0.121802494,2.224596,0.07880221,8.974048,26.62887,0.99667937,3.3258176,0.57671803,9.921433,5.289015,783.831
8.447088,0.60702443,0.17199063,2.0587463,0.077928044,5.4463325,18.44075,0.9968497,3.2545068,0.55659556,9.759364,5.3183055,688.8473
7.37244,0.83446807,0.07470551,2.4013338,0.081469335,16.596298,50.62569,0.9968797,3.450545,0.55392146,10.035963,4.919526,583.24304
7.802868,0.41108435,0.28817266,2.2468193,0.08069567,16.88352,37.237705,0.9959634,3.3323755,0.66322464,10.814792,6.0681076,1100.8353
5.562228,0.86265695,0.032640923,2.1712456,0.064483725,15.052555,47.995495,0.9934635,3.7537806,0.60349697,12.557358,5.1698775,946.0366
7.1785607,0.5281665,0.14753965,2.2864559,0.079846084,17.728558,42.94041,0.9964274,3.4262252,0.66362774,10.145144,5.830985,808.5259
7.637484,0.4022345,0.32507336,1.9875063,0.06994873,33.917183,102.19884,0.99496365,3.2370188,0.58169305,10.574737,5.708464,1144.3124
7.984848,0.5926047,0.19430067,2.367299,0.08601608,21.712181,76.35513,0.9970944,3.2903368,0.568897,9.642858,5.1990376,740.8814
7.018296,0.5435873,0.16737212,2.030697,0.07207477,8.103907,18.494825,0.9943994,3.384531,0.61001545,11.363784,5.973249,1249.3713
9.082129,0.3854931,0.41164643,2.531649,0.0802189,16.528826,38.529633,0.99720347,3.3047416,0.8105005,10.883361,6.2388625,770.94354
8.377981,0.63312876,0.14490306,2.158124,0.07686076,7.353372,23.837276,0.99714446,3.2806544,0.5650643,9.6673975,5.2232914,509.4964
7.8226233,0.337807,0.43578982,3.298578,0.07368451,32.05521,90.48397,0.9955717,3.2973788,0.7262133,11.192003,6.145331,937.7215
7.6729245,0.57298404,0.17256583,2.2432058,0.08579812,14.373197,50.39379,0.9971844,3.3558812,0.6272706,9.771945,5.4279127,467.2024
8.91087,0.3477089,0.40671974,2.1879077,0.08370326,11.34538,29.890356,0.99646574,3.2701645,0.7394936,10.81221,6.323596,916.49976
9.900486,0.44379637,0.4448451,2.8918252,0.09511628,17.862288,57.849876,0.99841547,3.2445383,0.7899865,10.297487,5.804577,639.2643
8.79134,0.5231468,0.3008804,2.335011,0.07886407,12.076243,41.987114,0.99761635,3.2517977,0.6020081,9.897945,5.2815294,717.68427
8.065517,0.48267943,0.23006532,2.2302883,0.08549969,16.754133,48.48301,0.9969768,3.29591,0.63357043,9.739775,5.599502,881.0871
7.65187,0.6793679,0.111678004,2.3540018,0.08334006,11.329366,40.291183,0.9971274,3.3824716,0.59455884,9.827696,5.250693,467.24695
7.6129394,0.43351728,0.26069945,2.2510715,0.07449303,20.826925,46.369347,0.9962507,3.391597,0.72078824,10.607918,6.05416,973.2545
8.283595,0.5394523,0.28313637,2.338357,0.09063067,21.440397,83.10512,0.99735224,3.2767053,0.61902845,9.632658,5.306783,537.3035
7.235947,0.5611232,0.13067336,2.2361877,0.07594697,9.935413,24.526426,0.99543846,3.3579454,0.5825768,10.696834,5.604876,1254.7191
7.5388227,0.5934338,0.14180002,2.2177634,0.08206397,19.061762,56.277298,0.9967634,3.352277,0.60825235,9.731741,5.3583927,724.0206
7.760391,0.46482557,0.276408,2.396994,0.08066683,40.749756,103.53012,0.99663377,3.3216965,0.7408567,10.112237,5.3486857,996.3647
8.242549,0.43065104,0.28314024,2.153,0.08558488,10.389509,32.49346,0.9967445,3.3132138,0.71075565,10.276655,6.0432973,740.4009
7.261834,0.5633669,0.15521245,2.1219935,0.07294147,26.753212,60.834824,0.9959664,3.355358,0.6015259,10.20081,5.388777,1236.4528
7.241749,0.48803556,0.20299622,2.2461767,0.07553713,23.464273,46.40371,0.9957157,3.4133968,0.6738215,10.786979,5.9370275,1151.8608
6.4027476,0.5843073,0.09393576,2.1828015,0.06434703,10.910053,26.238678,0.993954,3.463863,0.56465137,11.926656,5.816799,1310.1906
8.917733,0.59194076,0.19074446,2.27252,0.07642273,7.2099175,25.092518,0.99757713,3.2474713,0.5822642,9.523447,5.2647142,354.43362
9.374279,0.41907722,0.44342536,2.4894485,0.1216686,13.58652,45.095947,0.9977943,3.2495453,0.7618592,10.175548,5.899732,667.03015
7.5547695,0.5644773,0.14536235,2.2559128,0.082768686,10.978064,30.617025,0.99656516,3.345315,0.61212534,10.092235,5.53369,897.028
9.053652,0.42084292,0.41428137,3.0783653,0.0817013,12.263402,33.836872,0.9972018,3.2829704,0.70227116,11.125415,6.1599483,767.38
7.222963,0.4306939,0.2578614,1.85892,0.067719765,33.70724,69.29828,0.9952058,3.3326578,0.66975987,10.887094,5.840012,1269.818
8.287441,0.55463797,0.28597805,3.6120152,0.10421711,33.597363,97.84959,0.9981296,3.2829664,0.63937455,9.7115755,5.254909,771.9311
8.012976,0.5276462,0.2092518,2.25834,0.083064735,11.509429,36.71883,0.9970617,3.3168051,0.63154244,9.919344,5.5461454,663.23566
8.536227,0.44461927,0.31118307,2.1568842,0.07958926,9.269048,27.355247,0.99668527,3.2707996,0.6423391,10.368898,5.790236,870.5277
9.157008,0.50335413,0.33049783,2.337159,0.09489726,13.532471,49.09579,0.9979894,3.236401,0.66847605,9.768404,5.4893217,538.82465
7.58697,0.398546,0.2997269,2.3358629,0.06764773,8.622941,24.054012,0.9942719,3.3189662,0.6131945,11.771269,6.24023,1228.0731
8.41459,0.40748388,0.42329437,4.1057825,0.07669071,27.493704,89.80436,0.99736196,3.3198116,0.7633302,10.719682,5.840943,745.97723
8.118668,0.5229924,0.25212768,2.2569737,0.0916998,19.968273,69.95817,0.9971144,3.297815,0.68364745,9.617946,5.487042,567.49146
7.925048,0.68082225,0.11532086,2.1384494,0.08547497,8.064818,38.249924,0.9971152,3.335976,0.59804684,9.451416,5.2852645,93.78499
7.463811,0.6052167,0.11802158,2.259176,0.080750614,15.437259,45.623478,0.99691147,3.3907335,0.61145985,9.83546,5.4183993,674.71686
8.102241,0.52532446,0.26814145,2.4019144,0.08606986,23.664127,79.45957,0.9973685,3.3164217,0.6108901,9.762543,5.3085537,649.2801
7.318015,0.71619016,0.07859491,2.27784,0.08213474,7.4230723,19.30941,0.9959431,3.3743107,0.5515215,10.4020605,5.1459694,1201.1274
7.7093253,0.4394374,0.2625088,2.2044635,0.07796614,17.429646,39.676273,0.99596566,3.3404837,0.6607308,10.588147,5.969001,1094.3514
8.971466,0.45189855,0.38742462,2.511858,0.13563617,21.48557,76.75005,0.99774605,3.160004,1.2153549,9.835053,5.7711606,476.222
8.149919,0.5177133,0.30675876,5.6753526,0.08552787,30.1267,98.185295,0.99870396,3.3341196,0.6755426,9.994547,5.4047303,618.58624
8.610014,0.53989124,0.25524175,2.2971659,0.09091735,12.478825,47.212955,0.997732,3.2852685,0.62997645,9.628374,5.3652663,400.91116
8.445116,0.5497272,0.2789347,2.4349957,0.08630008,20.494513,74.24263,0.997477,3.2632043,0.60073584,9.630549,5.260335,774.98773
8.582718,0.48067683,0.32245693,2.5216043,0.08620295,18.755405,64.30126,0.9977777,3.3182714,0.6754566,9.952532,5.528303,610.6489
8.434314,0.49507633,0.2455469,2.2414982,0.083410494,11.786908,36.992367,0.99744034,3.3179789,0.66903234,9.85033,5.6872635,463.61942
11.401687,0.35950983,0.545692,2.2977622,0.083779514,8.18305,22.808025,0.9980122,3.123868,0.6912629,10.632824,6.2989035,689.6226
7.336799,0.85887384,0.06795783,2.3584316,0.08447034,13.02207,32.7104,0.9964399,3.4481657,0.5428725,10.274575,4.8344994,846.6753
7.5822105,0.5620598,0.17062713,2.2883656,0.0794714,22.460922,62.082912,0.9967577,3.3535614,0.60247207,9.878484,5.358612,933.09845
7.1928616,0.4955853,0.19933678,2.1026914,0.07090032,30.095964,59.258404,0.99562454,3.3938746,0.6546771,10.673858,5.781959,1195.7404
6.3882146,0.67189634,0.05836663,2.2098787,0.073031746,8.348628,17.979446,0.99411684,3.4700654,0.5425073,11.69591,5.5271935,1383.3959
7.9479084,0.6233287,0.16297044,2.4626842,0.083879486,14.13863,51.8325,0.99715275,3.31412,0.60107815,9.644021,5.2855577,625.4844
8.048209,0.5887106,0.1670513,2.2434719,0.08249218,9.809526,30.86757,0.9967898,3.282939,0.5854759,9.829754,5.3274055,813.5023
10.1024475,0.41093963,0.41832182,2.188812,0.081090644,9.692511,28.19664,0.9979146,3.2026563,0.66253936,10.055133,5.723527,616.472
9.173592,0.5114769,0.31354374,2.3390908,0.08142362,14.150238,51.240147,0.9980084,3.2625592,0.6359897,9.76862,5.288859,452.46872
6.9350753,0.6619635,0.035843734,2.1898608,0.07848883,8.028406,19.88308,0.9955814,3.4171734,0.5766367,10.598055,5.4584603,1168.3474
7.057239,0.6909705,0.0640955,2.1782975,0.078108646,20.97619,54.86754,0.99635106,3.4348712,0.6016644,9.860882,5.301437,694.129
7.127084,0.8037258,0.08369246,2.3963137,0.07505696,28.938343,76.11118,0.9962532,3.4489133,0.52790034,10.185293,4.782599,987.8947
8.124159,0.4871327,0.29160303,2.4946134,0.08429448,24.863918,78.64663,0.99728847,3.3256137,0.65477484,9.953896,5.4553037,773.89874
7.0421453,0.16971724,0.48857358,1.5321108,0.049142614,40.70803,135.2346,0.9906148,3.196887,0.6563495,13.174772,7.218578,914.396
7.67807,0.40239578,0.30288517,2.2605772,0.07084408,8.67059,23.286379,0.99459517,3.313646,0.6162485,11.648574,6.1881833,1215.0569
10.444454,0.36928102,0.5232049,2.6492226,0.08519786,12.825273,34.724472,0.997911,3.211991,0.8162883,11.062984,6.4843054,581.4187
9.423544,0.35639104,0.43782562,2.2353022,0.08526524,9.0405035,24.555332,0.99679756,3.2199645,0.6877962,10.733496,6.158633,930.3017
7.834151,0.4865563,0.2275165,2.1571963,0.075007364,6.9091935,20.070053,0.99531955,3.3062744,0.6071457,10.835406,5.8912044,1138.0297
7.6298747,0.8105111,0.107807904,2.3877804,0.08332304,13.847945,48.869884,0.9970246,3.4039915,0.56056046,9.916489,4.8946795,428.0504
7.9106417,0.507967,0.23710045,2.2253716,0.08288413,24.31006,70.78057,0.99672335,3.2829206,0.5863477,9.829254,5.433115,1136.2024
10.991202,0.36732554,0.5370855,2.6930337,0.08740806,10.146692,28.713583,0.99801844,3.1720827,0.77672553,11.164097,6.593335,594.6002
6.435459,0.5526532,0.13192384,2.0997744,0.0692599,11.844985,30.420307,0.9938858,3.5048292,0.6233183,11.974758,6.1438756,1149.3137
7.445631,0.527344,0.16608106,2.2627342,0.0794806,16.076975,35.875813,0.9961766,3.3699305,0.62809134,10.297266,5.7016563,1093.9763
11.059675,0.39504388,0.5095749,2.4572122,0.09814454,11.810378,39.553623,0.9989304,3.174807,0.8881774,10.198162,6.115574,435.65662
7.0859203,0.6942429,0.080053985,2.2759948,0.08308701,14.6758795,30.587505,0.9959339,3.4462583,0.5886828,10.5287,5.385396,1118.8391
8.419739,0.41613227,0.33531907,2.350803,0.08408905,15.13188,39.01967,0.99683285,3.3166187,0.68806475,10.558954,5.978937,893.9561
7.2464895,0.77906865,0.07234743,2.4912097,0.07757287,15.848914,43.154,0.9967443,3.469659,0.57676655,10.159342,5.10366,665.02045
7.8966727,0.5363345,0.19043617,2.251123,0.088955514,11.643908,38.408844,0.9971542,3.343816,0.6480125,9.779098,5.636712,476.63452
7.298952,0.7368242,0.089402586,2.3439012,0.081377946,15.981877,35.23548,0.99650335,3.4558594,0.5782712,10.292202,5.210705,832.95667
9.917003,0.48122835,0.42051482,2.962808,0.09107236,19.006426,67.2413,0.99872476,3.252654,0.73475033,10.06954,5.498901,586.66125
7.7191744,0.41961026,0.2790444,2.2384875,0.07261312,7.9628267,22.012016,0.99489677,3.3125768,0.60679495,11.286867,6.047729,1219.6624
9.0922365,0.4783004,0.3542544,2.468717,0.080460146,11.574076,39.113884,0.9976707,3.2772374,0.61474234,10.390396,5.516532,698.82434
7.259377,0.5744837,0.13045725,2.2363713,0.07637257,7.8242383,22.670849,0.9951935,3.3635406,0.58691335,10.75467,5.6797037,1182.8217
8.989866,0.48197532,0.3484329,2.5198667,0.09085925,17.049232,59.06054,0.997994,3.2812154,0.67124003,9.963574,5.5205116,575.6677
10.565689,0.40657684,0.4867406,2.56262,0.09743921,12.647855,38.995655,0.9986589,3.2017324,0.78581333,10.232723,5.9145575,550.1291
8.341318,0.47655973,0.33692893,3.4154594,0.08150353,21.16052,76.64189,0.9976713,3.3193307,0.67791986,10.248335,5.6353116,731.4657
7.3458304,0.6074973,0.12800115,2.218388,0.077834085,23.318508,61.401417,0.9966257,3.399648,0.60647565,9.953378,5.345838,786.8455
8.350237,0.4843431,0.30095974,2.5713236,0.08835929,20.908798,72.81157,0.9977871,3.3233006,0.70453215,9.803574,5.45751,545.1532
8.679279,0.576918,0.28652892,2.4670472,0.08778553,19.196224,74.93897,0.99774617,3.2437408,0.59540755,9.50787,5.156921,608.72284
8.342467,0.605762,0.2688332,2.2360606,0.09511877,25.41356,102.6085,0.99705964,3.2369459,0.5793059,9.442708,5.1703258,480.36
9.879405,0.48175204,0.40941802,2.5037134,0.08445852,12.887059,43.457676,0.9983945,3.2309365,0.6318489,10.175688,5.4232917,590.3037
7.505687,0.6437517,0.099731,2.253477,0.081513554,10.0230255,27.673111,0.9964373,3.3539953,0.5813234,10.088293,5.3719516,922.0183
8.164808,0.5043733,0.2160844,2.2095,0.08562733,12.250644,35.880802,0.9971665,3.3331478,0.6794554,9.90935,5.733982,549.9891
8.148906,0.3823518,0.33475927,2.1004293,0.08056338,26.236004,78.20907,0.9971249,3.243248,1.0352118,10.033713,5.702377,732.7212
7.9964724,0.587798,0.20479865,2.399126,0.084418245,18.07919,64.04989,0.997212,3.3215156,0.59559435,9.692726,5.2760606,618.6426
8.207511,0.5874682,0.25265795,2.3803895,0.090539046,26.862654,98.00413,0.9972825,3.2766826,0.5588781,9.603006,5.201548,623.4667
8.812211,0.59108716,0.28951773,2.4976938,0.08683652,19.694738,80.381615,0.9978127,3.225208,0.59139085,9.436781,5.06121,610.65765
7.914162,0.39864728,0.33357212,2.1423073,0.07889627,24.565035,51.208927,0.996179,3.3333132,0.71486557,10.642135,6.0206685,1038.4357
7.022273,0.55026937,0.121092334,2.2031698,0.0741334,13.324168,27.848715,0.9953136,3.411045,0.6149817,10.886443,5.786245,1207.8975
9.75661,0.4475419,0.4165907,2.5151439,0.090825796,14.384406,44.513195,0.9981969,3.236947,0.6749394,10.164874,5.6229553,665.3127
9.640882,0.38043275,0.45745063,2.5250936,0.08920332,12.0962925,32.12362,0.9974446,3.2400074,0.7406898,10.813813,6.205982,765.46893
8.491643,0.454906,0.2980288,2.261054,0.085826844,13.770034,39.720486,0.9973267,3.303948,0.67300737,10.032045,5.7167616,677.00806
7.857605,0.57533735,0.16141446,2.1901724,0.08694723,10.343922,34.165627,0.9970837,3.3379915,0.63006854,9.747415,5.5516944,469.14453
7.61993,0.41614687,0.2631005,2.1915503,0.07653196,19.889977,46.590466,0.99638706,3.3790388,0.74388087,10.457639,6.1148963,939.17285
10.223615,0.42059842,0.47340646,2.6933987,0.08696984,14.549675,40.967354,0.99833256,3.2373383,0.76525503,10.653878,5.9991007,596.3778
7.614167,0.5262014,0.18815641,2.2897062,0.08087667,19.098495,53.126404,0.996694,3.3517349,0.6188488,9.962841,5.528287,952.76337
6.8162355,0.64973396,0.11042744,2.2995698,0.07346937,24.190649,52.760708,0.99527895,3.4725804,0.6055447,10.980744,5.502132,1169.6251
7.7866435,0.77186984,0.08740987,2.3373847,0.08180829,8.402346,33.226257,0.99715203,3.3904617,0.57064986,9.779545,5.0267944,263.10464
7.5587325,0.86663026,0.05399755,2.3850951,0.082894295,7.6711655,24.056944,0.9967802,3.439065,0.5391671,10.121557,4.855961,564.6375
14.8659935,0.38846943,0.7131862,2.8307226,0.09256744,6.1430764,27.72669,1.0014534,2.9514923,0.8765157,10.552598,6.389642,130.5395
7.6412115,0.56837726,0.17435807,2.170193,0.07944396,28.264189,77.35706,0.9965074,3.3166475,0.5728536,9.839005,5.32881,1034.8503
8.743066,0.5986889,0.3213447,2.4716372,0.09042593,22.397278,95.7106,0.99764484,3.2395542,0.6120632,9.502693,5.0533175,380.6403
7.950906,0.5074409,0.22883902,2.2932663,0.08508361,13.513435,41.71495,0.9971137,3.330827,0.6483227,10.00471,5.5575194,707.5594
7.7649703,0.50196046,0.21043171,2.2479813,0.08340748,15.44275,47.290424,0.9967639,3.3238776,0.622286,9.92967,5.5421605,917.2652
7.9074926,0.5567519,0.20799564,2.3065662,0.08440622,25.793964,80.65256,0.9969349,3.3090703,0.5751206,9.716123,5.2934666,838.7327
9.980078,0.42798835,0.45499432,2.6849198,0.09783056,14.634725,43.895046,0.99833745,3.2370934,0.8084844,10.360534,5.968475,578.7906
9.175763,0.4202388,0.36600137,2.1912923,0.08368707,9.56143,27.13227,0.9971615,3.2312834,0.6477808,10.240538,5.764983,878.6698
8.88952,0.3781281,0.38567752,2.3046672,0.08568882,11.196465,29.328127,0.9968337,3.2882214,0.7238044,10.732395,6.1884184,863.4034
6.8051305,0.5493757,0.13338332,2.243696,0.07098712,12.62237,27.49354,0.9946218,3.4275153,0.5883222,11.434758,5.8186245,1256.93
7.3055935,0.64466435,0.10378076,2.3864155,0.081122205,17.719585,43.295517,0.99644387,3.4184594,0.5980394,10.205816,5.4444366,949.2721
9.187815,0.3929347,0.45594767,3.366002,0.079205625,18.46319,44.90242,0.99702185,3.2646668,0.76161224,11.307141,6.345157,778.1729
9.691589,0.44871727,0.40331465,2.55627,0.08336226,11.157062,35.94433,0.9979482,3.226175,0.64956045,10.325957,5.6088843,723.3971
8.095811,0.588721,0.18055744,2.2728724,0.08618811,11.936523,42.955963,0.9972969,3.314547,0.6160732,9.649403,5.371988,406.73666
9.658872,0.3751747,0.5235899,4.389741,0.0704294,16.946754,43.841507,0.9969825,3.2392588,0.82247394,12.32399,6.8884554,646.48047
8.014955,0.43568197,0.2926061,2.326196,0.08122917,14.694064,39.415005,0.99638265,3.3200266,0.6465974,10.540836,5.870313,998.06134
9.052278,0.65324867,0.32501107,2.5740244,0.08833225,25.360298,110.680664,0.99787545,3.2160952,0.5720834,9.384855,4.8518276,375.2502
8.32604,0.5028905,0.25052008,2.0779927,0.075794436,6.4363246,16.946072,0.9958869,3.2572885,0.59086025,10.498512,5.691098,1077.023
7.7377086,0.5821465,0.14161633,2.1550305,0.08678989,10.696475,34.4603,0.99684113,3.3403583,0.6103648,9.759105,5.482912,588.36755
6.5702744,0.89552236,0.028422432,2.3616664,0.07931507,6.718387,16.332155,0.9948402,3.5254073,0.52611357,11.358673,4.7352643,1352.2117
6.828857,0.5407239,0.1489812,2.146006,0.065446764,32.783905,69.017395,0.99510604,3.4036527,0.62605774,10.829356,5.6276765,1295.5997
9.718787,0.43377382,0.43440777,2.7059796,0.09545447,17.114246,51.473915,0.9982685,3.2518294,0.8104455,10.304605,5.8639627,607.2494
7.6961823,0.6195592,0.23999153,5.2893276,0.11961518,49.436348,117.21238,0.99841267,3.2990258,0.57168186,9.392102,5.0127883,839.662
7.7933874,0.63558406,0.15050432,2.4384995,0.08166087,15.517803,53.523827,0.9970632,3.3410983,0.5922577,9.754101,5.241701,671.73553
8.109143,0.45901862,0.34607065,3.635448,0.0798595,23.782227,86.79783,0.997773,3.346835,0.7401075,10.223138,5.596633,619.88934
8.312716,0.60869175,0.2721489,2.2561889,0.09048635,35.230274,128.30984,0.9970683,3.2355516,0.5129024,9.463518,5.0198607,768.7844
9.251272,0.44849342,0.3440539,2.1947196,0.08922563,12.068697,34.038727,0.9977077,3.2447433,0.67238563,9.8488,5.6745663,615.55255
8.091252,0.5608282,0.18315975,2.2024734,0.08468612,9.117426,29.40356,0.99693644,3.29925,0.6094719,9.882683,5.512345,650.7685
9.8246355,0.42117938,0.40553978,2.2297583,0.08558685,11.54386,32.707855,0.99795157,3.2256808,0.67129856,10.018769,5.6755943,618.9413
7.874279,0.64877975,0.12529601,2.2214892,0.08052392,9.166758,27.47334,0.99680436,3.3362808,0.57370585,9.872217,5.2542562,651.3727
8.799888,0.70954466,0.21566695,2.3646927,0.08494977,11.972127,54.32872,0.99784416,3.2634692,0.5779211,9.407495,4.9372163,165.59547
8.598304,0.5148808,0.26951292,9.475937,0.10097359,32.51034,91.71637,1.0005721,3.2772706,0.6382753,9.242309,5.2470994,767.2159
8.041744,0.81793827,0.09395024,2.3029861,0.080122866,6.5178285,23.207113,0.99688834,3.3484573,0.5253751,9.857412,4.8144035,565.9192
10.488882,0.53453803,0.43590233,2.3217685,0.12025578,12.116804,45.20695,0.9990432,3.1737733,0.6811288,9.617517,5.050719,427.39832
6.8348837,0.85715353,0.050193254,2.3748152,0.07730272,21.39795,48.11261,0.9956621,3.4993968,0.564027,10.567532,4.829837,1137.7499
10.745298,0.4693104,0.44796306,2.2645175,0.08154214,8.79378,29.592812,0.9985236,3.1311107,0.57992333,9.79594,5.290328,586.5917
11.198918,0.45001686,0.49694526,2.2555432,0.089884795,11.164476,33.427704,0.9989591,3.1201005,0.6501223,9.752269,5.4400473,459.34543
6.7629967,0.3479352,0.27169603,1.9096955,0.060358856,15.02214,44.548588,0.9926909,3.4218733,0.73987556,12.999293,7.008185,999.0592
7.543618,0.7254458,0.08180219,2.3570309,0.084019005,11.591639,36.034492,0.997,3.414848,0.5891768,9.954869,5.263182,575.97974
8.0439005,0.5480742,0.18671381,2.1465025,0.080838814,8.490831,23.07389,0.9964518,3.2784977,0.5898041,10.07442,5.487421,997.0359
8.123293,0.5017317,0.25405672,2.3293452,0.0810585,12.9170265,43.50615,0.9969936,3.3006222,0.60169154,10.110632,5.496883,915.9232
9.593219,0.5342709,0.41366324,2.426024,0.12311656,22.495604,87.00191,0.9984835,3.2040591,0.9354225,9.797737,5.2089524,441.7029
8.224723,0.5041165,0.25244895,2.3112206,0.08099801,11.250889,36.455894,0.99692273,3.2834811,0.6058101,10.127825,5.4647965,880.88513
7.1007924,0.6333773,0.06867398,2.239307,0.08257948,10.407727,25.025015,0.99589026,3.409964,0.5945473,10.473984,5.551032,1115.1052
6.851895,0.7440254,0.09582703,2.4013174,0.07678,22.379946,54.085983,0.9955154,3.48869,0.5847867,10.795612,5.148203,1159.8839
6.708427,0.51695895,0.15752152,2.1768098,0.068673946,12.963462,27.495348,0.9941573,3.449101,0.6281798,11.702885,6.1491475,1213.9735
12.503102,0.389994,0.55935746,2.38853,0.08496114,9.075912,32.330685,0.9995122,3.0752175,0.7282915,10.1875515,6.0583696,445.05014
8.820201,0.42932484,0.40352795,1.9253143,0.16483355,12.643543,47.784008,0.9974772,3.2246747,0.8962939,9.9211445,5.8061533,505.82092
7.895361,0.5640329,0.21069032,2.3060892,0.08175246,21.548836,68.42036,0.9968866,3.3090615,0.5872908,9.764789,5.2789745,900.87335
6.913416,0.5108896,0.17837161,2.3282678,0.06678637,10.354736,24.59559,0.99424964,3.3879972,0.58214206,11.669046,5.9378242,1316.5518
8.694157,0.29859158,0.47960684,2.3791354,0.06928891,28.68873,55.82445,0.99539816,3.2660456,0.8605993,11.974163,6.8497133,926.03516
7.6334896,0.63657516,0.11225979,2.165581,0.08525961,11.034794,37.855774,0.99696964,3.3644855,0.60384494,9.73807,5.373168,462.43973
7.085834,0.5428925,0.14292149,2.302074,0.076707125,20.854803,41.660213,0.99563986,3.4086866,0.63047314,10.725984,5.788403,1194.51
7.2053947,0.46471685,0.2172571,1.8293915,0.059674904,44.175888,109.49654,0.994954,3.326256,0.58067065,10.576588,5.6509213,1206.796
8.326048,0.5520146,0.2526287,2.3679721,0.089151315,15.016292,54.22933,0.9975561,3.2872577,0.62110037,9.639604,5.3442745,565.8163
5.8807826,1.06643,0.021197872,2.287739,0.074586995,19.204363,52.65856,0.99418575,3.746382,0.5527119,11.932607,4.460487,1016.67084
7.858798,0.5445078,0.19392648,2.3671603,0.082715124,13.69886,43.749214,0.9968067,3.3107007,0.5984619,9.944529,5.4561377,988.3454
8.834201,0.439901,0.39883262,4.539078,0.10624293,30.507809,102.430504,0.9978008,3.2108006,0.8503529,10.298071,5.919307,968.1079
6.0733237,0.43529573,0.16945422,1.9559561,0.058290057,25.986298,62.758026,0.9930732,3.531916,0.72430944,12.681726,6.5070515,937.1086
7.721051,0.5908938,0.14936157,2.3152618,0.084392555,13.220852,43.544975,0.9971094,3.3520322,0.6140626,9.801899,5.420813,607.68396
7.2623796,0.75369424,0.08087252,2.4297626,0.07748626,19.829824,52.910706,0.9967002,3.458668,0.58216566,10.123153,5.1138077,626.08105
8.787183,0.581431,0.30893263,2.856115,0.084784605,21.098076,92.34383,0.9980711,3.2614095,0.61328423,9.620148,5.035513,495.73083
5.815076,0.76966476,0.05230016,2.1666136,0.064270355,11.6766615,36.73428,0.99368626,3.6831028,0.5892208,12.483119,5.3678093,1067.9438
10.2888565,0.3306707,0.5028336,2.259328,0.09252933,11.757425,37.728447,0.99780744,3.2079115,0.86865634,10.494319,6.4401927,566.5535
7.7227697,0.752737,0.121639416,2.5270212,0.08194844,14.429551,60.118885,0.9971018,3.3806224,0.5661948,9.723743,4.986956,351.5206
7.2383633,0.5312061,0.15772933,2.3010306,0.0739718,20.274849,44.010166,0.9960689,3.434207,0.65905446,10.456883,5.8190665,994.7975
7.6168227,0.42362154,0.27494425,2.2578487,0.074098274,11.429662,28.45273,0.99525887,3.3375628,0.6309713,11.129803,6.063147,1159.5022
10.970565,0.52397656,0.47522268,2.4075181,0.11410188,12.531624,42.63452,0.99931675,3.160716,0.6703771,9.784884,5.0258856,427.50766
7.8546386,0.68099284,0.12473261,2.2887876,0.0824687,8.80385,28.220644,0.99683994,3.3317783,0.5712747,9.899337,5.148801,714.67596
8.125774,0.50650424,0.2231202,2.2835596,0.082783625,13.422034,38.055332,0.9972499,3.3583617,0.66779757,9.955713,5.6510386,563.215
10.557273,0.47298434,0.4525476,2.4087422,0.091368176,13.647438,42.43385,0.99885815,3.1835954,0.66399926,9.918907,5.366144,498.89258
9.480594,0.45558718,0.34855613,2.2136376,0.08407171,11.22566,34.03309,0.9979478,3.2409256,0.6762487,9.814434,5.6120133,455.0033
9.3206005,0.3613424,0.4361634,2.2995703,0.08668742,9.7720785,25.624083,0.99676913,3.2416613,0.7049516,10.750367,6.2222805,912.53644
7.408414,0.7314635,0.070517376,2.1955597,0.083259195,7.156566,18.403038,0.9963353,3.383704,0.5566452,10.202317,5.1668773,881.7571
8.298443,0.53351265,0.28771463,2.978376,0.08403028,19.919704,76.09126,0.9975644,3.2696607,0.61074597,9.808758,5.337295,831.1403
10.669244,0.44028464,0.48259702,2.6901302,0.08738842,12.809355,35.442207,0.9988391,3.2098906,0.7145855,10.5985775,5.807827,561.2197
7.760005,0.4039637,0.2909696,2.2097883,0.0763161,12.464898,28.898678,0.9957275,3.3628988,0.68688416,11.119982,6.2169256,1021.82654
8.998856,0.46695828,0.36391363,2.576988,0.0874084,16.552544,54.668453,0.9978324,3.2755797,0.6730356,10.140176,5.54976,718.1961
10.355503,0.35471857,0.54383534,2.6615431,0.08470775,7.6005645,20.397196,0.9969369,3.1881607,0.72609663,11.540549,6.7125826,759.1371
7.8722086,0.6040636,0.19095844,2.1712635,0.08295444,33.42176,105.69596,0.99655706,3.2611086,0.5166968,9.60175,5.0805717,1073.2073
9.261113,0.32665184,0.48371604,2.6190522,0.07351307,14.446069,30.121376,0.9957008,3.2306697,0.80784804,12.121434,7.0145073,792.3362
7.2676864,0.5186712,0.1670383,2.3347943,0.076014645,16.612524,37.563946,0.9958151,3.3819628,0.62844765,10.617398,5.753004,1191.5438
7.6966825,0.5784887,0.20915258,4.1177154,0.08635759,37.20179,113.05464,0.9970207,3.2299695,0.4908924,9.482525,5.0906935,1274.6864
15.032766,0.46764985,0.72738516,2.8052905,0.099847876,9.541663,34.63681,1.0019971,2.9469168,0.84184337,10.180358,5.9064116,173.60512
11.733292,0.37820193,0.53530043,2.309728,0.08207775,8.587523,26.227072,0.9986268,3.1147344,0.7001478,10.217904,6.073236,564.94214
10.483128,0.4406689,0.43914327,2.3169117,0.089118436,11.167789,32.830837,0.9985174,3.1770449,0.6415639,9.936406,5.499903,568.28156
8.010347,0.44173244,0.28460807,2.3028438,0.08020741,27.024712,65.2132,0.9971156,3.360035,0.7102539,10.040626,5.6291428,847.19055
7.733818,0.52611536,0.21826683,2.2667868,0.08188903,28.446814,79.053215,0.9967506,3.3389258,0.58970755,9.878463,5.3616204,962.1107
7.6100745,0.7463483,0.10280843,2.3983154,0.08193512,12.340337,42.961945,0.997149,3.4092026,0.5771151,9.8710575,5.127334,451.66968
7.2368364,0.4066558,0.28805783,2.01083,0.06858439,12.497896,29.418009,0.99410015,3.3805184,0.6792116,12.056618,6.559133,1144.0891
8.126388,0.5571123,0.2773815,3.4561255,0.08692802,27.472542,97.940346,0.99767727,3.2678847,0.5743588,9.662343,5.1746483,821.6381
7.5109544,0.5941901,0.13865568,2.2446573,0.08150084,18.401503,57.215004,0.9969036,3.3684845,0.60500264,9.778826,5.325751,643.3069
8.797381,0.3537795,0.49607918,3.7155967,0.0794567,26.607079,65.1917,0.99679214,3.2848182,0.80437464,11.503131,6.3241806,801.88794
8.768407,0.54733497,0.242894,2.1984234,0.08015785,10.437,29.47216,0.9973175,3.2766528,0.6102883,9.764806,5.422388,592.91327
8.543509,0.5329837,0.23308,2.1491718,0.08392858,9.624227,31.004519,0.9972889,3.2773137,0.6389567,9.802393,5.5797215,489.58078
7.3438873,0.7086037,0.11602494,2.425927,0.077155106,21.42155,59.924057,0.99655014,3.4022744,0.5713446,10.055546,5.0571938,969.5861
8.011805,0.29316762,0.44089255,1.9758284,0.06316545,36.25471,104.38238,0.9943794,3.2312458,0.69515735,11.288062,6.2681484,957.3514
7.530719,0.38311276,0.29820326,1.9649899,0.06854077,32.465015,63.843967,0.995886,3.3629003,0.72888553,10.718199,6.013341,1126.1997
8.708816,0.4793953,0.33758843,2.585878,0.09702698,20.248932,75.75143,0.9980175,3.2873046,0.777331,9.806274,5.450591,496.35593
8.304197,0.42638057,0.35779005,2.6169508,0.076544486,29.157093,78.08319,0.9968299,3.3006558,0.7534097,10.315614,5.788769,952.68097
11.713368,0.47989723,0.5031404,2.8703477,0.08122,7.902405,30.139395,0.9996485,3.1187387,0.6290512,10.22024,5.35963,550.8801
7.1752033,0.47398925,0.20097473,1.8414001,0.061426505,37.0018,77.1269,0.9958206,3.3830543,0.65330964,10.417082,5.6044307,1101.9924
9.493712,0.36054587,0.4306665,2.3862603,0.09950502,11.963817,40.588894,0.99745804,3.236486,0.89511395,10.315866,6.3101044,621.3241
7.6985073,0.62945145,0.10493846,2.088143,0.07398597,5.9647384,16.737995,0.99591166,3.3401384,0.56506693,10.275445,5.447231,1000.9929
7.5266776,0.44360983,0.31693038,3.136056,0.076008394,31.925526,97.732185,0.99668163,3.348726,0.6850831,10.348192,5.5602784,863.0505
7.7417006,0.9769966,0.061724264,2.4455419,0.08128715,8.260096,25.82251,0.99673134,3.43862,0.505497,10.170679,4.474195,524.60376
10.668789,0.32065412,0.5258679,1.9943753,0.081097476,7.1255336,17.208944,0.99720174,3.1565866,0.76260567,10.575602,6.478189,669.4251
7.338152,0.6349824,0.09765065,2.3457432,0.082419515,14.672222,35.904694,0.996485,3.4074368,0.5987829,10.164641,5.4725237,912.75525
5.9240165,0.5221284,0.09641491,2.0900042,0.056297574,18.27377,56.360275,0.99337155,3.6034088,0.68946135,12.454852,6.3173904,864.72107
8.517828,0.552377,0.3040528,2.5431755,0.08878647,22.811062,86.77881,0.9977198,3.2690794,0.6133214,9.622705,5.182884,611.89496
11.249221,0.5171411,0.47102556,3.4993076,0.09630723,16.197294,58.421513,0.99982923,3.178001,0.6879378,10.155607,5.285605,556.5399
8.9123335,0.3526035,0.4029179,2.1279907,0.082086965,9.688484,26.65413,0.99634016,3.256877,0.7160471,10.837077,6.303176,938.077
7.0968637,0.523403,0.17019476,2.2231033,0.07645232,24.209946,47.49278,0.9957122,3.414165,0.6619602,10.691906,5.79975,1179.3762
9.118871,0.430206,0.39389187,2.21027,0.10024319,19.834354,82.25279,0.99791616,3.164436,1.2147236,9.808334,5.643141,451.57135
6.247422,0.6489785,0.07136294,2.167314,0.06672185,13.074161,34.281723,0.9942215,3.5611014,0.5934264,11.885137,5.6810737,1137.594
7.9389663,0.50797415,0.24857856,2.3550267,0.08677139,17.67329,57.918583,0.99730915,3.3352153,0.64344627,9.833648,5.490647,661.48596
6.779701,0.53654397,0.13984019,2.1719258,0.06887331,26.66597,53.65993,0.9950507,3.4486914,0.6453313,11.099868,5.802583,1166.88
7.5116024,0.6137326,0.12614776,2.2369952,0.083160214,14.20102,47.932888,0.9970188,3.374496,0.60709023,9.745593,5.356522,529.8197
6.2696652,0.45090646,0.18647987,1.8711331,0.06151156,15.936342,42.19471,0.9934399,3.5067797,0.6943437,12.417718,6.5074487,1056.928
7.567171,0.79270947,0.10283816,2.4970324,0.078572996,17.082056,57.186188,0.9967327,3.393875,0.5488951,9.924056,4.8874383,671.62494
7.930428,0.38949436,0.3252647,1.8745774,0.07177418,10.06327,23.216246,0.99545324,3.3371246,0.7567196,11.087855,6.4856057,1035.9226
8.560219,0.426443,0.3472189,2.3534076,0.085054755,15.112191,40.680614,0.9972763,3.3137763,0.69026166,10.411187,5.8026648,788.17957
11.14664,0.54103506,0.45475608,2.562648,0.10349538,11.250628,35.529423,0.99935806,3.1302216,0.6108895,9.668394,4.8575215,474.16785
7.3885617,0.65794116,0.10226463,2.2871192,0.08417466,12.081455,28.39115,0.9960372,3.3697433,0.57398224,10.322399,5.3716607,1182.4069
8.623125,0.36790434,0.37502438,2.1701345,0.075471334,7.4646564,21.03718,0.99545884,3.2518115,0.6614494,11.165854,6.284454,1076.6047
7.727171,0.59592575,0.14303766,2.2092738,0.08218065,9.132273,27.694525,0.99672395,3.3233764,0.59242296,9.961684,5.3993883,788.7094
6.9055524,0.51260644,0.16437043,2.236004,0.07277728,19.221312,43.534985,0.995238,3.4471552,0.65103275,11.062925,5.921782,1112.2863
7.6103153,0.4901079,0.20658365,2.2577312,0.08354198,15.155923,42.236103,0.99661213,3.3449543,0.63876235,10.107982,5.7063036,955.6019
8.280952,0.61704254,0.25045395,2.2783148,0.0900926,30.748264,115.760994,0.99704784,3.232802,0.52437115,9.469699,5.022565,692.87103
7.9986176,0.6176953,0.15937755,2.2930954,0.08706261,11.5586405,47.328487,0.99725044,3.3188362,0.6160526,9.581335,5.3586974,317.7127
6.301546,0.5486712,0.11575627,2.0123906,0.059318576,32.00418,58.945667,0.9942928,3.5230877,0.6662615,11.623788,5.9336634,1126.7249
9.648104,0.45959067,0.3979094,2.4518046,0.07844953,9.475297,33.080235,0.9977342,3.2220345,0.61193645,10.329761,5.506891,760.8377
8.744236,0.46007004,0.3954104,2.2373393,0.15429635,12.7692375,45.32071,0.9975549,3.2432723,0.70814043,9.86074,5.6424947,613.26355
10.967247,0.48136532,0.4643182,3.1264255,0.09096412,12.5146475,39.889797,0.9994015,3.1836782,0.6666643,10.308551,5.449924,561.10516
8.255819,0.5770371,0.20042633,2.3067029,0.08552194,11.711873,42.781414,0.99724585,3.286515,0.6100785,9.641812,5.34581,548.73486
7.5190988,0.7658252,0.1040082,2.3641362,0.08065958,13.686417,47.354984,0.9970451,3.4177127,0.569146,9.897076,5.0348344,428.93304
6.8215837,0.57854056,0.10315475,2.2268314,0.072595246,15.181906,33.233677,0.99537146,3.4763367,0.63120896,10.990316,5.8471456,1122.3961
7.831416,0.519035,0.20367685,2.3004217,0.08563716,12.962738,40.277588,0.9969438,3.3211029,0.63475984,9.962684,5.5861034,772.1478
8.628427,0.74494064,0.18939275,2.3325787,0.08466178,11.858241,56.25555,0.9976553,3.2889204,0.58333063,9.38139,4.85658,16.795795
7.160528,0.62865275,0.0990202,2.3769927,0.077741295,12.144945,33.3317,0.99599415,3.3801165,0.57208294,10.415497,5.3913393,1160.3009
7.148625,0.6063142,0.13265966,2.4928913,0.07709113,20.050034,61.946007,0.9960802,3.360727,0.5844771,10.20543,5.352964,1111.0508
5.767299,0.58535725,0.06765053,2.0998886,0.0570207,17.283148,51.90213,0.99341273,3.643607,0.6518062,12.492308,6.055398,896.1557
6.892496,0.6643603,0.07962088,2.2408288,0.077810965,15.939724,33.14401,0.9956187,3.4808252,0.6020062,10.817857,5.545352,1137.3762
8.886845,0.69617116,0.16326238,2.5307105,0.09094584,5.6635795,38.61464,0.99772686,3.2519298,0.5664904,9.201749,4.9405527,69.1028
7.039911,0.8177753,0.04223414,2.2481997,0.088905476,10.47942,22.299862,0.9959269,3.4608376,0.552536,10.575669,5.105783,1079.4618
7.769987,0.6047309,0.17391342,2.3594036,0.079554334,19.095032,57.076504,0.99692255,3.349903,0.59395546,9.823183,5.2786016,828.319
9.843647,0.4183484,0.49042088,4.691646,0.07980826,18.607536,60.751423,0.99822265,3.2447715,0.82514346,11.136095,6.2350426,628.88464
8.4951935,0.63040465,0.28803566,2.5788028,0.0924005,29.779701,121.078835,0.9974555,3.223047,0.54206896,9.463353,4.953452,613.7672
7.564707,0.60242736,0.11876285,2.201174,0.08376548,9.110994,25.776073,0.9964586,3.3376236,0.59139246,10.018631,5.428248,878.7287
8.692797,0.50724614,0.25458977,1.9377171,0.079488285,8.027076,25.150826,0.996978,3.2848582,0.6619442,9.907762,5.7691646,557.6874
8.927132,0.4629168,0.32685506,2.2891796,0.084532745,10.568379,34.431732,0.99744916,3.24946,0.6351896,10.100495,5.562545,718.1666
9.354261,0.3524586,0.472281,2.4741833,0.0779658,21.921526,54.98321,0.9967397,3.2340446,0.92325556,11.140003,6.5319476,768.27155
8.429121,0.29609048,0.47389057,2.3931623,0.07063842,28.522175,52.57989,0.9948446,3.2691014,0.83379745,12.289964,6.9405036,994.68384
8.011725,0.4423075,0.27081108,2.1812453,0.08024207,9.591411,26.423534,0.99589515,3.2956853,0.6432323,10.655039,5.9794006,1052.2228
7.4534206,0.77651626,0.086700276,2.4258249,0.08265078,11.008312,31.331102,0.9966208,3.4209838,0.5589637,10.187224,5.0392413,772.4988
12.266879,0.38503584,0.5813678,2.6662192,0.08785433,10.581273,34.27106,0.99947864,3.1153567,0.8595354,10.781079,6.5216446,366.32294
7.4494104,0.34575927,0.33745575,1.9798752,0.06742118,9.319428,24.180138,0.9933313,3.3373926,0.6944377,12.640928,6.8949885,1145.7487
7.559117,0.75148016,0.083651006,2.3863811,0.08246277,10.778775,37.681843,0.9971288,3.4176617,0.580668,9.889654,5.123356,412.77676
6.3978558,0.5237597,0.11269604,2.185891,0.064299345,22.4,50.9045,0.9942839,3.505688,0.6563014,11.726888,6.028902,1044.6068
8.042882,0.5725051,0.21511354,2.386449,0.085828,16.773817,61.635708,0.99720645,3.3122494,0.6121001,9.69208,5.3304944,618.3083
7.537458,0.44015506,0.25664666,2.196494,0.07475765,14.677992,32.28244,0.99536633,3.3663263,0.6608119,11.062102,6.1743565,1136.5779
7.9482207,0.64257574,0.17851949,2.3616133,0.08451256,25.293013,89.93026,0.9969398,3.284705,0.54099977,9.579219,5.031826,742.9945
7.190017,0.5188063,0.16280982,2.2524467,0.074856356,13.838022,30.733225,0.9953341,3.3966467,0.6252038,10.902999,5.843185,1189.2671
7.4908433,0.47456938,0.20824598,2.1807942,0.07619234,13.090848,31.265486,0.9956537,3.3595378,0.63408726,10.692652,5.9526625,1120.6165
8.045307,0.5768241,0.22617917,2.213295,0.086394355,27.419542,97.287964,0.99683553,3.2684813,0.55887425,9.554987,5.184052,729.1294
7.5446024,0.58628243,0.1283964,2.1221652,0.08622094,10.196268,34.24963,0.99691594,3.379675,0.630554,9.796425,5.5772586,416.60968
6.9677157,0.3902645,0.27388066,2.0207794,0.06695849,14.580835,33.14813,0.99348205,3.3810265,0.69552267,12.466383,6.73034,1173.3826
7.3662863,0.57150537,0.15168239,2.212671,0.07661751,27.661655,69.7914,0.99650675,3.3916872,0.6039498,9.976122,5.419339,870.767
9.329235,0.3498745,0.49341798,2.411917,0.076754786,8.09234,17.982725,0.99602664,3.2433655,0.7104179,11.662959,6.615285,916.5936
8.85966,0.38461626,0.41104516,2.7204275,0.08250579,12.329393,29.220928,0.99637234,3.274226,0.6950142,11.252571,6.3487062,912.3317
10.063091,0.39513296,0.51181597,3.6152437,0.08955039,11.418696,29.872414,0.9978295,3.227732,0.7393763,11.357181,6.347288,671.0777
8.772823,0.524494,0.3706319,4.1767974,0.088324666,26.510626,99.22187,0.99867034,3.3111327,0.76614594,10.088198,5.363739,523.39764
9.290526,0.3487356,0.44755536,2.356236,0.08664553,19.256985,53.4446,0.99678105,3.2305565,0.94664055,10.654752,6.4138856,773.0575
7.7619042,0.5967353,0.13964096,2.174002,0.08530087,9.7615795,31.6102,0.9969684,3.3340526,0.6149321,9.784246,5.447167,560.3913
8.7123785,0.5076598,0.30602944,2.4039319,0.09133088,16.748688,60.28024,0.9979068,3.2854095,0.6595095,9.737288,5.4057584,513.6585
7.2870398,0.5642135,0.14704749,2.1703312,0.07283473,28.00567,59.934464,0.99638414,3.4231646,0.63045233,10.112516,5.4853873,976.68445
9.143951,0.40451893,0.37513262,2.2410698,0.08543194,12.044616,33.74564,0.99745303,3.2775772,0.6952786,10.320877,5.873508,690.10645
7.3733234,0.54639,0.1517727,2.3336864,0.08064328,16.321653,41.231228,0.9964975,3.3930461,0.63065946,10.21256,5.6244206,926.994
8.83548,0.34550095,0.4360942,2.3763196,0.07767355,26.06768,56.511253,0.9967214,3.302247,0.8497696,11.023845,6.2579856,867.36285
7.8622603,0.6397512,0.16034833,2.4172292,0.084765665,18.736856,69.53483,0.9970228,3.324301,0.5820128,9.582904,5.182404,547.4126
7.6393747,0.77379686,0.12961571,2.4199836,0.08361299,24.083183,86.298195,0.9967784,3.3536606,0.52919745,9.793588,4.7466297,602.6495
7.312289,0.8201286,0.08323519,2.521915,0.08189254,11.980928,33.751053,0.9963552,3.424559,0.54399866,10.2828865,4.830368,980.6602
8.580955,0.6066965,0.25748116,2.3995564,0.08595816,17.58617,72.16973,0.99767894,3.265845,0.60108596,9.511411,5.13179,368.65063
7.777921,0.58485824,0.19105752,2.3354719,0.086934835,18.355083,69.07586,0.99725556,3.343148,0.6101098,9.650391,5.348997,382.19403
7.586388,0.45815393,0.24267302,2.1314962,0.07559833,26.790257,62.39528,0.99625707,3.3432648,0.6513243,10.218941,5.6911674,1106.881
9.010861,0.38139307,0.440057,2.6885347,0.079475716,24.155073,60.00955,0.99690384,3.270288,0.82106435,10.774959,6.1305766,872.709
9.447802,0.34837222,0.44437498,2.1463752,0.07579179,7.250521,22.361319,0.9962917,3.208757,0.6820365,10.93579,6.2740593,941.4199
10.099514,0.4170017,0.4239149,2.2031302,0.09916179,11.080454,30.737621,0.99823785,3.2053413,0.70318943,9.906286,5.759551,575.72375
7.9445214,0.31655073,0.41370365,2.359506,0.0772461,32.18359,62.265453,0.9954113,3.3208687,0.78116363,11.340377,6.3577313,1095.1183
7.5895867,0.6882017,0.090766475,2.1414332,0.08351914,9.19951,27.46071,0.99695283,3.3840764,0.5964724,9.827201,5.3115053,411.76996
7.114411,0.46850386,0.213829,2.1012375,0.06498688,33.75592,61.898033,0.9952503,3.4250145,0.6885803,10.940335,5.9485726,1175.2588
7.906613,0.4436738,0.27058652,2.2854154,0.078760944,12.055693,32.986225,0.99615836,3.3231454,0.6367486,10.591126,5.8601894,1052.352
8.355582,0.4091586,0.31250998,2.2003539,0.08336893,12.271651,32.383087,0.9965668,3.2966049,0.68379676,10.43088,6.0318127,979.91345
7.1953273,0.45616987,0.22809047,2.14616,0.076485254,26.595343,48.131,0.9954166,3.3878877,0.6749516,10.928515,5.974915,1187.7638
8.2251,0.3453983,0.40147495,2.2158287,0.07223662,11.825657,26.215458,0.9951543,3.3143249,0.7224615,11.728019,6.620295,1029.6149
8.935855,0.45283198,0.31608182,2.134332,0.08205456,9.120402,28.086672,0.9971086,3.258028,0.658345,10.094206,5.818089,678.0205
7.8360453,0.45769623,0.25548795,2.2583845,0.081489526,16.352718,42.250034,0.996793,3.3561804,0.689442,10.196079,5.837549,809.6965
9.289856,0.478654,0.35058966,2.2870464,0.08049106,9.745887,32.83056,0.997486,3.2233644,0.5945421,10.09305,5.459553,815.2318
10.003957,0.41893828,0.4907474,3.8883462,0.08583589,15.919069,45.43077,0.9983516,3.2450397,0.77211994,11.062542,6.109756,621.38654
12.418398,0.43253404,0.6133692,4.6378775,0.07906274,11.7629,40.438473,0.9999762,3.1528695,0.7882131,11.706863,6.6524987,302.46014
6.192205,0.46818215,0.15019393,2.0271268,0.060741894,16.748005,47.019592,0.9932233,3.50615,0.67279947,12.53551,6.4196453,1002.70917
7.193493,0.71084327,0.08272451,2.3421288,0.07877017,7.765112,18.484127,0.99565387,3.3861642,0.5446858,10.573438,5.031548,1330.3003
9.506369,0.53614646,0.35518315,2.4345512,0.07764725,11.387543,42.15119,0.9981728,3.2254481,0.5803746,9.958433,5.1493263,598.9691
8.5189295,0.6189459,0.26848853,2.4357376,0.08906272,19.975714,84.323456,0.9975098,3.2566378,0.59937483,9.468854,5.1114907,357.7594
9.048122,0.3918235,0.39135608,2.4948778,0.083134495,16.457886,43.895557,0.9975309,3.2979782,0.8135213,10.340697,6.0827603,728.4731
9.256738,0.5706614,0.318796,2.4254854,0.08617412,14.771708,58.656776,0.99827445,3.2286747,0.60367143,9.531279,5.017071,448.9622
8.420642,0.35682663,0.39179185,2.386056,0.07925587,16.681444,35.346382,0.9960763,3.3108945,0.7329719,11.267373,6.386992,980.20526
9.008294,0.5132353,0.50723356,4.045077,0.28884774,28.587309,72.589935,0.9984571,3.106315,1.0259082,9.360001,5.385705,913.478
7.2715,0.56012493,0.201024,7.9496036,0.086208865,37.56765,113.40781,0.998807,3.3176527,0.510215,9.440462,5.164777,863.1676
6.6515756,0.49238014,0.15842205,2.2281742,0.0681714,19.699701,46.579483,0.9946503,3.478799,0.6609839,11.533734,6.068048,1062.4536
11.072565,0.52105355,0.4438526,2.5511014,0.09056095,9.81784,35.408558,0.99930704,3.129404,0.6058716,9.593632,4.8965297,387.02795
11.065493,0.45109794,0.49185702,3.6408749,0.085457,10.6554785,33.907078,0.9993167,3.1956463,0.7003337,10.805716,5.9245753,606.0691
10.825198,0.5103865,0.46214786,2.7002444,0.09776649,14.354721,50.640984,0.99937826,3.1774426,0.67806,9.965839,5.159649,501.04642
8.200691,0.4628917,0.33500764,3.0512342,0.08235583,26.199263,85.48341,0.9975196,3.3267555,0.7103163,10.121825,5.529152,741.62897
9.790699,0.43420008,0.506909,5.659382,0.075836666,26.305767,93.578995,0.9984106,3.2157927,1.0087987,11.410413,6.3917704,513.08984
7.318823,0.5426494,0.15997736,2.2363882,0.07547135,7.4524198,21.077833,0.99500054,3.3515012,0.58607477,10.949764,5.7686353,1222.435
7.711688,0.16715474,0.53750736,1.80625,0.05753712,43.68739,136.05402,0.9923152,3.1789782,0.69705117,12.312091,6.822833,900.897
7.8213463,0.38533846,0.34749472,2.252746,0.07283137,11.424809,24.412468,0.99510276,3.3398874,0.66845804,11.5796385,6.382703,1108.3319
8.867758,0.7747222,0.16254018,2.534592,0.09579602,6.5648074,49.33545,0.99762076,3.2428067,0.5719396,9.087523,4.770043,-98.36162
8.083239,0.64277995,0.12743871,2.1421933,0.08022625,7.0698667,23.310368,0.9968717,3.2961311,0.56825435,9.712806,5.260086,586.38983
7.9998426,0.451034,0.2561743,2.294093,0.087381475,16.035448,44.826023,0.99721456,3.3464816,0.73867613,9.949058,5.8397627,643.2629
9.644598,0.4420073,0.3614218,2.0103095,0.08328724,7.8466334,19.604616,0.9972684,3.1855812,0.64171124,9.972218,5.7448854,841.0538
8.613481,0.43476662,0.326606,2.3306637,0.089526586,17.650316,52.108955,0.9974018,3.2877445,0.7142743,9.960525,5.805948,779.1856
6.864425,0.74080527,0.09113425,2.16326,0.072708294,29.608627,66.604965,0.9954172,3.4944167,0.574058,10.680135,5.161507,1157.9369
6.465101,0.48560774,0.17137519,1.9984121,0.062199593,13.2721405,35.46953,0.9933925,3.4668772,0.64325386,12.376444,6.395048,1124.2003
8.041007,0.43034658,0.3429161,2.8674526,0.07968742,25.326044,75.749886,0.9969812,3.3180315,0.7221478,10.386086,5.7603784,855.10913
9.943606,0.33665445,0.49643683,2.3034813,0.07925962,9.202947,23.099169,0.9967319,3.2253594,0.8230711,11.392257,6.867566,695.69617
7.584939,0.48808149,0.21955058,2.1149988,0.07689034,27.543272,65.07021,0.9964743,3.3604987,0.6378541,10.024034,5.5794344,1035.056
7.813881,0.6249152,0.2833229,6.978615,0.10644827,42.325714,123.03025,0.9994955,3.3346143,0.62663746,9.469753,4.838971,554.32654
8.516129,0.7271532,0.26943028,2.374705,0.09326761,24.689137,113.30102,0.99722904,3.2389228,0.5590051,9.335884,4.8190355,158.55836
7.6574945,0.44099733,0.25669286,2.1386507,0.07827041,12.1028185,30.080595,0.9955545,3.337154,0.66565394,10.8526125,6.0660763,1128.699
7.9337416,0.59633535,0.15204456,2.159391,0.080975555,8.823937,28.340559,0.9969656,3.320159,0.5996202,9.820511,5.4133425,557.53577
7.640687,0.54130375,0.17538118,2.069479,0.076210625,6.6993012,17.863363,0.9954857,3.307309,0.60007495,10.559687,5.674588,1191.5591
8.564974,0.61401343,0.27968198,2.3908277,0.09992994,23.776436,98.581604,0.99717313,3.2108126,0.5739834,9.331927,5.1701107,520.55676
8.828238,0.70342433,0.30597156,2.5302458,0.09530445,39.066883,155.872,0.9972161,3.1564019,0.4828533,9.25091,4.671005,737.5179
7.8521852,0.703747,0.12008791,2.3726835,0.08382449,10.732572,38.952114,0.997139,3.3606849,0.585646,9.779769,5.1777406,445.30295
9.940127,0.48735833,0.38919502,2.0824869,0.13709624,9.631989,35.705875,0.9985672,3.1881602,0.70761657,9.544427,5.3226757,406.6799
14.992017,0.40143827,0.72942394,2.7462122,0.089056596,8.314325,33.096584,1.0014068,2.965836,1.0122645,10.707115,6.948021,39.58028
7.4971886,0.6439517,0.09944418,2.3058803,0.07826714,8.722581,23.771145,0.9962867,3.341524,0.5669057,10.172682,5.2259293,1064.7872
7.563192,0.6078745,0.14037775,2.2441638,0.082277074,18.602657,64.18001,0.99689835,3.347393,0.59302634,9.634527,5.2730336,568.09625
9.034459,0.6167267,0.2971083,2.3314605,0.14215022,11.059692,59.61053,0.9980439,3.2230163,0.6462244,9.185304,4.9167414,185.32063
7.5038395,0.6197639,0.121375576,2.2502415,0.084896155,14.69019,51.12792,0.9969553,3.3692281,0.60621077,9.6855345,5.380167,485.7924
7.692948,0.5959221,0.13526678,2.1860898,0.08459298,10.246579,31.66584,0.996891,3.3410416,0.6125195,9.832677,5.4369607,592.25806
10.304169,0.43269557,0.40548587,2.1549122,0.081159666,10.380723,28.6579,0.998251,3.1848702,0.6677269,9.768751,5.6113086,510.08118
8.944747,0.499733,0.3546403,2.5348387,0.09657451,20.051739,72.780685,0.9981238,3.2619202,0.6848403,9.798035,5.4210434,607.2566
8.266554,0.7372841,0.12802267,2.2707775,0.082714714,8.442873,36.99544,0.9973061,3.3237782,0.57597345,9.521293,5.02394,105.55061
11.241882,0.32992646,0.595622,2.488209,0.081378914,7.1502814,20.533651,0.9973918,3.1430652,0.7899016,11.549497,6.9324117,578.67285
9.782554,0.33822736,0.5157374,2.374334,0.08420073,9.08069,21.660204,0.996734,3.2135322,0.73042405,11.27373,6.4919147,822.6265
7.5168157,0.40230662,0.35116568,2.6598437,0.070199765,30.174639,106.67078,0.99498016,3.2459002,0.5735154,10.61265,5.82517,1042.2731
6.403562,0.6831795,0.06371662,2.2605824,0.07193608,7.9757004,16.626953,0.99413556,3.4780865,0.5436921,11.763485,5.4194393,1399.7441
12.008957,0.3721812,0.5325241,2.1993053,0.08616456,8.138591,26.746136,0.99899226,3.082353,0.7068846,9.903182,5.9757447,487.9566
9.434205,0.486262,0.33226442,2.2035193,0.08477974,9.944376,30.136955,0.99773705,3.2140648,0.6249541,9.799732,5.4735565,616.6723
5.0088835,0.48364967,0.11112863,1.5635642,0.041639816,10.915356,52.747215,0.99038833,3.643963,0.6810468,14.513468,6.998818,800.7849
7.584915,0.49538544,0.20309767,2.1934273,0.07753396,22.692297,57.78673,0.99630696,3.3183835,0.6206546,10.031041,5.526111,1141.7959
13.382812,0.3864542,0.71378505,5.020837,0.078880444,8.548841,31.954252,0.9998127,3.0808823,0.9836215,12.76887,7.5282607,-2.170819
6.634072,0.64012975,0.08488026,2.202588,0.07091321,21.147072,45.809204,0.99509203,3.4857945,0.61562586,11.017504,5.5568013,1151.897
8.306552,0.41447002,0.32883406,2.277061,0.07846754,8.522603,25.365507,0.99590963,3.2870653,0.6230816,10.892379,5.937981,1094.5403
6.27881,0.43259615,0.18882637,1.9727168,0.059057835,16.35945,45.930294,0.9929187,3.4948883,0.7003142,12.737986,6.7029676,1042.2448
7.192523,0.5664728,0.10853469,2.259408,0.079470485,12.094078,29.769493,0.99598837,3.3960865,0.618774,10.399214,5.637116,1022.10114
7.007973,0.372648,0.29362613,2.1001134,0.06559044,12.710565,32.052166,0.99328196,3.3784611,0.68921334,12.642526,6.781877,1173.012
7.1399965,0.5633667,0.12502372,2.2659063,0.075077645,12.480974,26.71921,0.99538994,3.3823378,0.5939248,10.826927,5.6270556,1258.7491
9.224314,0.48679155,0.36100426,2.2645488,0.091155656,14.489027,53.506794,0.99826324,3.2637253,0.6868045,9.683455,5.376826,368.7494
7.645623,0.55296844,0.154551,2.223774,0.07904476,8.577157,23.142162,0.99585885,3.316604,0.5836836,10.405632,5.555907,1169.6758
8.717747,0.5261712,0.34098703,3.2046306,0.0854803,20.713085,83.794945,0.9982244,3.3029723,0.6577888,9.927511,5.34152,513.15
8.587397,0.43800762,0.3070998,2.2005389,0.08590133,11.299229,32.7635,0.9971286,3.2758346,0.67086524,10.117533,5.745147,777.4057
6.810978,0.5367805,0.13592884,2.2611692,0.070871614,13.671493,28.458876,0.99470925,3.4160557,0.5948875,11.367563,5.852652,1295.4471
8.206188,0.5616598,0.2466623,2.3894114,0.08826006,22.85695,84.39264,0.9972437,3.278234,0.5797826,9.562591,5.2511945,652.7247
8.761498,0.4323918,0.34828225,2.3336225,0.10412959,16.695896,58.54282,0.9977012,3.2599041,0.8595339,9.931129,5.7677183,613.5141
9.560322,0.3353856,0.49850947,2.4729903,0.073972926,8.793526,18.758564,0.9957673,3.234298,0.78198755,12.112575,7.0773,795.9806
6.0157223,0.6582993,0.054505337,2.3377974,0.05941032,7.6637616,17.176764,0.9931664,3.4925497,0.5367446,12.367893,5.709379,1414.8695
8.090664,0.6168943,0.16522567,2.2643445,0.08946239,9.7702465,44.27147,0.997079,3.312588,0.613374,9.580389,5.4126887,260.02957
7.4057703,0.79774404,0.089948714,2.4744608,0.082332976,12.663628,35.543194,0.9964482,3.4129465,0.5476634,10.208678,4.888965,959.7003
10.28087,0.34700102,0.47530833,2.28439,0.09069382,9.876264,26.91279,0.9978277,3.2078648,0.81298417,10.359875,6.379158,643.09235
10.969605,0.41159466,0.5400365,3.82528,0.08603018,9.943777,31.441021,0.9986512,3.204272,0.7411629,11.401175,6.4617596,541.1987
10.0095005,0.33303532,0.53207904,2.4669032,0.080045916,6.997475,19.520912,0.99635446,3.1931446,0.7222556,11.648803,6.7673683,817.50507
7.1230636,0.6020465,0.095017985,2.3333657,0.074521355,7.5988526,19.602674,0.9953691,3.3556657,0.5553645,10.700075,5.348258,1365.6313
9.081685,0.42189378,0.36653292,2.3753526,0.08874392,15.640816,43.725395,0.9977277,3.2849236,0.74208486,10.117989,5.872269,675.85016
6.519819,0.4904183,0.15372637,2.1530676,0.067984164,21.555239,49.57223,0.994345,3.4742007,0.6633354,11.703894,6.1121397,1074.9607
7.898002,0.5095897,0.27671367,2.8751614,0.08358556,20.084946,75.74936,0.9972141,3.2981024,0.6261134,9.936385,5.404576,833.1005
7.123045,0.54844344,0.15656216,2.1424184,0.073042914,29.94443,61.549767,0.9957948,3.4082186,0.62558025,10.459078,5.6097536,1181.1066
7.3689113,0.54268736,0.16717386,2.1962645,0.07996705,22.12665,48.961803,0.99636066,3.3890235,0.62745506,10.140572,5.664057,1047.0311
9.065728,0.62681025,0.31868592,2.593142,0.0870695,24.856293,104.1229,0.99790263,3.209458,0.5804086,9.41385,4.9041433,544.0652
8.571622,0.545414,0.23370641,2.2744527,0.086757205,11.195138,37.594982,0.99756676,3.2857425,0.6214511,9.662548,5.41453,435.71796
12.027554,0.38137662,0.55047816,2.3119824,0.08049291,7.8709254,26.406282,0.9987791,3.0963185,0.7124069,10.381257,6.2143245,577.0993
8.908988,0.59829706,0.22444451,2.3855739,0.09686757,9.28252,45.61548,0.99791247,3.2525947,0.6181756,9.397542,5.1082535,214.14034
10.562033,0.37074336,0.47376135,2.3951082,0.087378584,11.124178,33.136166,0.998242,3.2083848,0.82603824,10.42706,6.3425894,567.43445
6.132036,0.67620647,0.08618434,2.19623,0.06670908,14.58541,41.38172,0.9940244,3.6082864,0.6065315,12.14192,5.586969,1047.4641
6.9950085,0.5636758,0.14012083,2.0678382,0.06907589,32.188034,69.40811,0.9954598,3.4019072,0.60974824,10.512203,5.5190644,1240.4535
10.963103,0.46439263,0.47473836,2.6367493,0.0834187,11.987912,36.282787,0.99912494,3.1915946,0.6601237,10.405337,5.533209,481.4292
8.541435,0.34746248,0.40976393,2.29807,0.06637525,5.4893155,19.71768,0.994422,3.2437043,0.63292307,11.934798,6.4985943,1121.9375
8.936801,0.3736354,0.41387203,2.4934595,0.08316703,11.235062,27.655512,0.9963009,3.2802231,0.72069645,11.30677,6.476751,885.9389
7.1511226,0.57246685,0.11030842,2.2082279,0.077808864,12.993956,27.913355,0.9956807,3.3969905,0.60784054,10.602152,5.6576552,1187.4473
7.108747,0.49105355,0.20329626,1.8708098,0.06418857,36.515457,91.46437,0.9948945,3.319054,0.57803047,10.691897,5.6636047,1241.0138
7.769557,0.49628696,0.21855643,2.165538,0.07565558,6.898566,17.97353,0.9950699,3.287304,0.5668885,10.939075,5.6913943,1289.6042
9.107365,0.5215215,0.36596736,2.773645,0.12010554,23.21791,80.89855,0.99820584,3.2307725,0.68656963,9.695235,5.414714,737.0957
7.535364,0.6661735,0.106079265,2.1969678,0.0828982,8.631346,24.88259,0.99662733,3.3565247,0.5794817,10.028349,5.2879157,783.4355
12.238122,0.38653493,0.5992809,3.4646487,0.08181836,7.2933316,24.434855,0.99897224,3.1213608,0.75499225,11.658996,6.731064,451.53513
6.868843,0.52497625,0.14792734,2.2741535,0.07207366,20.181715,45.085636,0.9953124,3.4516985,0.64306176,11.027882,5.8423295,1113.9192
6.7704444,0.47582656,0.18507332,2.0970128,0.067532495,13.813454,33.512287,0.9939675,3.4217439,0.6354047,11.910337,6.263165,1189.4247
7.935145,0.5867497,0.16045207,2.2906969,0.084088124,11.09296,36.492496,0.9970905,3.3259254,0.6157779,9.744073,5.421372,557.2354
7.8188105,0.49269727,0.21229559,2.1177063,0.08370477,10.492528,28.2387,0.99631226,3.321639,0.6538269,10.333333,5.837266,951.2724
9.561248,0.3329649,0.47252324,2.1836598,0.08223706,8.545381,21.238203,0.9964581,3.2238696,0.7528841,11.0915985,6.581026,847.1893
8.173991,0.3767417,0.36636126,2.1989107,0.071889706,8.496193,22.046623,0.9950925,3.3025906,0.6629096,11.3959675,6.3294654,1111.0554
10.019168,0.41420573,0.48861825,3.0495188,0.082665525,15.236372,40.89977,0.99794465,3.2559247,0.7980427,11.143233,6.259115,616.8988
7.4567914,0.7635291,0.10724224,2.4115925,0.077198535,19.991531,60.474567,0.99659693,3.3897948,0.54665095,9.990081,4.913464,892.7899
8.162013,0.35011575,0.3852114,2.327344,0.07660374,16.98792,35.31757,0.9956053,3.321804,0.73085016,11.41526,6.4383125,1030.2004
7.5504937,0.34207794,0.3232432,2.1042104,0.06703439,21.437992,46.685654,0.99514896,3.3522086,0.788325,11.419293,6.5529256,1119.1602
10.147432,0.4777686,0.4293704,2.5679038,0.09017831,16.22939,53.243702,0.9986496,3.2198405,0.66176337,10.047256,5.414865,566.235
5.6751456,0.54445624,0.073842704,1.9457561,0.05334707,13.345426,43.49087,0.9924926,3.5745568,0.6357048,13.048991,6.3490605,990.2451
7.998348,0.4192579,0.28390855,2.1852026,0.07939903,13.561217,34.84803,0.9963344,3.3272762,0.6902604,10.508257,6.0503874,993.4812
6.683746,0.55048823,0.12600306,2.211519,0.06930526,13.803633,32.21412,0.9946648,3.4686072,0.60752887,11.455532,5.881589,1183.488
8.716936,0.4896168,0.28261575,2.2021875,0.09168679,10.818596,37.816414,0.99758106,3.277477,0.6711847,9.729042,5.6166368,430.32455
7.6444674,0.5827749,0.13527903,2.218002,0.08317313,10.110544,28.567083,0.996459,3.323692,0.5903771,9.997179,5.480149,956.49304
7.679292,0.52532923,0.21424952,2.292924,0.0817703,25.40136,70.67195,0.99681777,3.361101,0.6174606,9.924778,5.4244585,860.18335
7.9830027,0.58063036,0.15812138,2.2269542,0.08439306,10.698105,35.731407,0.99720854,3.3331718,0.63132954,9.678925,5.4703593,392.80334
7.819238,0.507694,0.20805684,2.2254744,0.07355613,7.2578025,21.11752,0.99564475,3.2982574,0.5710403,10.616765,5.598702,1187.5365
10.248795,0.42622736,0.47968018,4.938159,0.09564388,14.748194,58.07163,0.99892867,3.2133253,0.78830504,10.675904,5.985491,683.83154
7.6929674,0.4980309,0.20822154,2.2276013,0.0760911,8.007448,21.877645,0.99536157,3.314931,0.59988725,10.751615,5.779789,1181.5018
9.399505,0.50720507,0.41178244,4.725214,0.15453605,26.972729,83.01709,0.9992587,3.1981442,0.7828724,9.575455,5.3846703,839.9568
7.6789255,0.4713785,0.22071774,2.2595959,0.08046894,17.451374,42.312134,0.9967313,3.3820443,0.68855804,10.178364,5.8829293,843.1084
8.394214,0.48541614,0.25725046,2.180983,0.07825962,10.08109,29.191715,0.99690324,3.3060074,0.6488933,10.158513,5.721222,711.6938
7.794038,0.34683427,0.3416128,2.0700219,0.07092665,13.366229,31.3765,0.99498385,3.3337793,0.746983,11.470064,6.646007,1110.7538
14.687625,0.59428144,0.66812706,3.5934296,0.11429126,11.366404,34.063446,1.002357,3.005029,0.7783781,10.37797,5.13409,342.238
9.414198,0.58966833,0.36322746,2.3480856,0.11969854,16.685625,73.39405,0.9984955,3.2113194,0.71108603,9.37545,4.9124494,344.52774
8.158022,0.5382647,0.21825494,2.0708325,0.07648563,7.0246205,18.904312,0.9960889,3.27341,0.58974725,10.318047,5.6587744,997.28577
7.728778,0.4752662,0.22563234,2.236705,0.08025846,14.839181,37.476112,0.9964169,3.342815,0.6603003,10.261269,5.820926,1003.0916
8.168748,0.55046916,0.25828207,2.4270675,0.08738228,29.781862,100.0119,0.99710476,3.2567163,0.5581957,9.647415,5.1690097,965.77795
8.433991,0.51754963,0.25846076,2.283293,0.09179457,13.037203,48.028538,0.99767524,3.3002234,0.6514856,9.697684,5.47769,445.8857
7.0216556,0.52993464,0.14469957,2.3038998,0.077048965,19.48754,42.13474,0.995522,3.3950613,0.62781465,10.781064,5.803406,1213.9639
8.559463,0.72806215,0.18214226,2.2638829,0.08515912,10.868123,55.223026,0.99754256,3.2938716,0.5948734,9.401546,4.893093,-56.808025
7.6113267,0.5177918,0.1879646,2.2267785,0.08265625,18.37399,52.35006,0.9969764,3.377569,0.6517042,9.786438,5.5934644,603.8276
7.2376056,0.9958076,0.007392766,2.2916179,0.08461855,8.973034,22.131128,0.9965592,3.5186307,0.5170117,10.3242855,4.664589,496.31195
7.8142357,0.51970583,0.22597528,2.2394936,0.08337048,28.641975,78.78769,0.99664474,3.3019543,0.5839775,9.840514,5.3992205,1128.5347
8.978144,0.6157531,0.33298194,6.586941,0.091788605,31.375605,112.73688,1.000004,3.2954795,0.61129016,9.418458,4.705869,389.03668
9.731762,0.38394493,0.4370031,2.226853,0.0814942,7.9946,22.54446,0.99691975,3.1989563,0.65430534,10.560876,6.021161,921.4317
10.504232,0.46526796,0.4778763,4.506592,0.10468028,17.604332,65.000496,0.99939805,3.210609,0.75565845,10.312598,5.6717844,666.3765
7.1289186,0.44178405,0.22777946,2.2177784,0.07575607,20.993395,41.931416,0.9950553,3.378067,0.6621722,11.17617,6.0866904,1216.6758
7.2326097,0.6272141,0.10291451,2.3463733,0.077435054,11.582277,28.249357,0.9958184,3.3638225,0.5669634,10.448254,5.3501406,1278.2764
8.334466,0.4138317,0.3232428,2.428473,0.085463755,21.858826,63.792942,0.9975746,3.3302913,0.76303345,9.944563,5.6634984,648.38794
10.804306,0.4362163,0.46159896,2.377864,0.08482315,11.783138,33.79265,0.9988292,3.1907535,0.67377466,10.090152,5.599685,454.06357
7.4740596,0.49151278,0.23067577,2.2241051,0.07188622,29.006346,76.35299,0.99613523,3.331296,0.63152725,10.1314945,5.454344,1137.8638
7.51945,0.73533094,0.10534875,2.4700866,0.081631415,14.235371,43.098454,0.9966873,3.3878882,0.56126845,10.09173,5.104813,891.47485
7.624408,0.746288,0.1336721,2.4045434,0.079838924,20.797201,66.17378,0.996716,3.358353,0.5528247,9.902793,4.903023,845.9761
8.043985,0.4829376,0.27985847,2.4525907,0.08314106,23.771866,72.655754,0.9969652,3.3021245,0.6452258,10.00201,5.532411,963.0022
8.329537,0.7378729,0.16382769,2.3180172,0.087080345,11.254439,60.824917,0.9972645,3.282998,0.5982437,9.348677,4.935375,-19.621502
9.586938,0.45514455,0.3998644,2.451669,0.09675265,14.86815,49.01886,0.9982459,3.2470498,0.7049798,10.038897,5.6460214,600.1664
9.247415,0.61064005,0.22848806,2.2587347,0.07733406,9.17167,31.668036,0.99788296,3.2460372,0.5811552,9.435143,5.1204515,239.821
12.933104,0.46970394,0.6447238,6.6859045,0.083633155,14.00194,56.559525,1.0011839,3.1242857,0.92812353,11.883401,6.6777816,159.6357
7.626676,0.5066211,0.19209634,2.317472,0.06967334,7.216142,21.454243,0.99538213,3.3318005,0.57142556,10.950044,5.6916103,1252.5793
7.2859664,0.8798569,0.07171731,2.419408,0.07952981,21.920557,65.209,0.99647164,3.4330919,0.52365744,10.104601,4.618752,833.6753
8.163069,0.53345126,0.2895444,2.7062151,0.088727646,26.87504,101.78846,0.9975375,3.2960508,0.6054529,9.701569,5.213901,613.9614
10.259259,0.36063507,0.5164803,2.3954976,0.085076466,9.735503,25.148998,0.99725145,3.2043693,0.7195953,11.033348,6.3819437,743.2414
7.589233,0.5946153,0.12664549,2.135239,0.086069204,10.884332,33.680187,0.99687,3.3775976,0.62426805,9.772559,5.5572886,487.9951
8.642515,0.6130378,0.34551778,2.0715442,0.23407914,7.633455,56.833263,0.99753827,3.161837,0.7690972,8.958217,4.9551077,144.36763
7.5722585,0.7526592,0.091874674,2.3254752,0.083635464,10.230893,29.977829,0.9968317,3.407964,0.57433474,10.03018,5.118899,616.0287
7.4986086,0.39430866,0.29804677,2.1875734,0.07268323,18.73505,39.319572,0.9952262,3.3902078,0.7123886,11.310215,6.31258,1118.6713
7.2075458,0.59125835,0.10632692,2.2097352,0.08228684,13.224043,30.484297,0.9961218,3.3989995,0.6122339,10.2726145,5.628501,1004.126
9.275948,0.38672507,0.3906152,2.384104,0.09416291,11.591231,36.878326,0.9976691,3.2706647,0.806886,10.218974,6.112022,595.479
8.41744,0.58583564,0.29617307,2.844544,0.098068856,31.315582,111.461624,0.99772835,3.2730782,0.64467376,9.669208,5.154017,685.04443
12.613976,0.5551372,0.5195118,3.5050972,0.094808035,11.704521,43.35031,1.000873,3.1098418,0.6392569,10.163269,4.9074903,387.29034
6.958074,0.86746037,0.07031846,2.2805629,0.07424024,37.87891,91.98377,0.9956011,3.4571364,0.49405032,10.396775,4.683208,1301.0597
8.594857,0.4158663,0.35158065,2.3934987,0.08264255,11.961978,33.241272,0.9968199,3.29196,0.6587503,10.627677,5.8599057,912.767
8.132543,0.47678372,0.25296402,2.219103,0.08275758,11.289505,33.670082,0.99685425,3.3119433,0.66047096,10.138708,5.7611823,722.76904
8.513688,0.5247601,0.23260413,2.1146193,0.08215362,7.953704,20.905048,0.99675417,3.2428465,0.59420013,9.960053,5.466446,1001.8333
7.2709427,0.5307284,0.15825516,2.227427,0.07841618,16.78702,38.138153,0.9960733,3.4146945,0.64830726,10.4496155,5.881667,1008.0638
7.114327,0.49727535,0.18736455,2.144765,0.07300544,29.151999,61.92519,0.9956375,3.3821597,0.64026105,10.587397,5.714751,1208.868
5.2319016,0.5010655,0.095517755,1.7710427,0.0454376,15.3393,56.85544,0.99146265,3.6517146,0.6923407,13.869477,6.7850738,788.7845
7.692219,0.58049095,0.19783466,2.0613189,0.08267411,30.199759,86.69418,0.99651974,3.3284295,0.5874639,9.793032,5.3419147,804.5343
8.081947,0.45779955,0.28200838,2.4152546,0.08245978,27.456175,73.3988,0.99704415,3.3357263,0.69444954,10.051732,5.5720067,871.73096
7.589949,0.35308164,0.34977204,2.1908352,0.07637042,18.15816,36.30904,0.9948978,3.3528996,0.7202385,11.637014,6.437355,1117.2887
7.749722,0.5033943,0.23386626,2.250914,0.08248875,30.732769,81.32965,0.99662656,3.3366597,0.6038267,9.988139,5.4680395,989.4376
7.784566,0.72128254,0.1003363,2.162088,0.08343856,6.756764,20.045671,0.9965984,3.3332074,0.54552007,9.986992,5.06731,819.0733
7.3956037,0.55794233,0.13644125,2.229064,0.07673079,9.619814,26.500998,0.9957977,3.3624306,0.61129224,10.4548235,5.6576962,1076.0055
7.0647564,0.6270763,0.08819577,2.264013,0.076812685,14.772244,30.61287,0.9957472,3.426999,0.5954752,10.60094,5.525096,1178.0999
8.703704,0.40309533,0.44846162,5.549783,0.071417764,18.525936,59.346046,0.9972527,3.291805,0.70337826,11.772866,6.37049,761.7851
8.45317,0.34554428,0.4130492,2.5202942,0.07488574,16.722084,33.203762,0.99555236,3.2898006,0.7345747,11.692861,6.6165476,990.8631
7.567918,0.45477027,0.2575968,2.1559227,0.07032302,7.3389535,20.503525,0.9943435,3.312421,0.5898177,11.547387,6.0404196,1262.2014
8.089766,0.6683188,0.12818475,2.2827206,0.08057492,8.741084,29.868778,0.99684095,3.300464,0.5563414,9.768549,5.1803184,752.9263
8.358394,0.5742535,0.27786618,2.3212671,0.09515385,25.092987,97.48465,0.99719995,3.2565835,0.63317865,9.522989,5.245594,561.3847
10.979549,0.49938548,0.5332096,2.0624313,0.18338913,9.851844,41.310318,0.99906194,3.1208098,0.84609395,9.654742,5.152212,431.44476
8.841771,0.36664057,0.49308303,4.4518642,0.070362836,26.27015,66.63869,0.9968788,3.2894704,0.83754706,11.712705,6.553416,757.46515
8.214642,0.56075925,0.21614566,2.362713,0.09214149,12.484896,53.187366,0.99728566,3.2948883,0.63439536,9.649797,5.4272194,402.22104
8.14391,0.6012921,0.1668259,2.2403748,0.08321776,10.143001,35.32458,0.9972457,3.3026006,0.60618305,9.630188,5.371317,406.79306
8.117237,0.41473785,0.29649994,2.1222508,0.07965531,9.17922,25.638727,0.9958867,3.2971947,0.66833365,10.740979,6.106545,1010.4854
7.7156262,0.526561,0.19139618,2.3156753,0.08445206,15.626333,46.166286,0.9969215,3.3377516,0.6230973,9.911535,5.5543575,868.0908
7.1632357,0.47026604,0.20924467,2.2044249,0.073185176,14.587585,32.421925,0.99491465,3.389984,0.63623536,11.268466,6.0964794,1203.4164
10.437594,0.38560835,0.45249733,2.0898998,0.084683634,8.737864,22.511633,0.997752,3.1698313,0.6944706,10.030731,5.9892273,690.20734
8.268493,0.47104776,0.26579434,2.2526433,0.09376348,14.5192175,47.1471,0.9975131,3.3158915,0.6794577,9.749563,5.6246552,526.11176
10.73248,0.43806896,0.44888,2.403969,0.09129753,9.6600895,31.111366,0.9987182,3.152588,0.66375476,9.979919,5.5498095,594.73517
12.184032,0.50230247,0.53955454,3.1606162,0.10906622,13.16131,40.172466,1.0003014,3.1181288,0.75227964,10.280337,5.4564395,510.41235
7.3031096,0.52552193,0.25064337,5.391629,0.123077676,50.24876,138.3725,0.99779963,3.2129562,0.88012743,9.747648,5.318277,972.0938
7.828758,0.63206035,0.1875204,2.3614135,0.08165056,32.725224,103.352325,0.9967606,3.3308973,0.52761185,9.696166,5.0700793,811.1062
7.708751,0.6836429,0.1408531,2.2060065,0.08988013,13.61295,65.193016,0.99688286,3.3278534,0.615171,9.436685,5.177175,37.923054
7.333712,0.69385463,0.08984795,2.4263756,0.07778402,16.229147,41.95027,0.99644953,3.4122164,0.5776041,10.155666,5.2375855,878.6634
7.781184,0.61840475,0.15972872,2.3191786,0.0863239,14.369129,55.799862,0.9970902,3.3267534,0.60967827,9.6246805,5.293659,434.75885
8.183299,0.5391485,0.2596631,2.3451529,0.085850365,17.659758,61.34858,0.99746954,3.30878,0.62036383,9.74247,5.3593965,643.7869
8.114289,0.38093632,0.33896157,1.910532,0.07471723,33.577084,75.34738,0.9966723,3.2908905,0.8270438,10.442927,5.768058,978.6496
8.313143,0.48662266,0.3035117,2.6496572,0.08586758,20.83287,73.50281,0.9977167,3.334393,0.68064725,9.900546,5.469166,573.08167
9.307862,0.368301,0.42046148,2.2798178,0.08721367,10.914748,28.273521,0.9970158,3.2570794,0.7213071,10.622157,6.1668305,848.9664
8.42685,0.47427037,0.26316747,2.1185439,0.07899892,6.327763,18.64457,0.99626344,3.2375998,0.5766541,10.350723,5.590496,1128.9164
6.9991155,0.57885957,0.108942166,2.2502484,0.07575003,15.896719,34.804115,0.9957328,3.4406784,0.6287815,10.614383,5.7742033,1133.852
5.3740144,0.75057155,0.0183194,2.0682216,0.056161772,10.663202,34.536827,0.9925568,3.6994529,0.5842037,13.196985,5.654119,1055.6531
7.4629517,0.53697586,0.1743096,2.2438576,0.077029526,7.763176,20.490297,0.9950868,3.3176537,0.5713193,10.823238,5.6313777,1285.2509
7.6568017,0.6293371,0.15992008,2.310071,0.07516651,25.902603,76.592224,0.9964755,3.3081334,0.54561186,9.794336,5.1073513,1211.9695
7.1294875,0.50019145,0.19189274,2.159929,0.073125236,25.178905,48.32424,0.9957073,3.4178035,0.65928066,10.685935,5.8989043,1173.1676
7.8674116,0.31270215,0.39981008,1.967816,0.06499571,34.60077,83.3516,0.9948325,3.2796605,0.7261392,11.257528,6.2935357,1034.0236
8.195958,0.52253836,0.30057523,2.2311807,0.14151987,21.428043,85.942535,0.9975913,3.2227342,0.9586948,9.449377,5.382815,380.8684
9.683847,0.36815792,0.42558783,2.0295515,0.07729474,6.007193,18.250353,0.99633735,3.1752772,0.6604363,10.767364,6.187843,936.97943
8.209045,0.41502148,0.31427714,2.2273605,0.09715415,20.03712,72.57192,0.9972643,3.20913,1.1396264,9.885502,5.7178354,546.9998
9.781877,0.49269196,0.3940146,2.6685896,0.08727963,15.370284,51.266064,0.9985263,3.2670283,0.65686345,10.333715,5.5102,537.4817
8.91413,0.39402503,0.4029433,2.4869885,0.08247614,16.294325,39.82249,0.9971216,3.3029397,0.7506038,10.789801,6.082235,807.1929
9.242549,0.43327597,0.37159014,2.3681984,0.08833702,14.597826,40.313915,0.997863,3.269973,0.684556,10.094221,5.713424,646.93396
10.928833,0.3705027,0.5222531,2.3968303,0.08806,9.995519,26.388103,0.9981611,3.1637688,0.7034132,10.656635,6.189668,678.65424
8.189532,0.42800668,0.30995104,2.4171472,0.08240631,22.473536,60.29624,0.9973084,3.347124,0.73183227,10.132731,5.7394767,738.1992
7.529899,0.5697403,0.17705072,2.0814903,0.0760004,36.808945,92.974495,0.996143,3.3364677,0.5564302,9.893584,5.3353925,1105.7544
8.218436,0.46193346,0.26526076,2.2216718,0.08350451,12.813041,35.159256,0.9970088,3.3189495,0.6764726,10.102225,5.7677546,740.86
7.081107,0.512648,0.17360513,2.1497536,0.07188641,28.957396,54.77767,0.9956071,3.4244983,0.65466446,10.705122,5.784994,1172.117
8.87572,0.5681538,0.22234493,2.0181181,0.07501573,6.4526134,18.12249,0.99703616,3.2375512,0.56961936,9.796811,5.3778653,703.4906
8.569113,0.60439867,0.2758426,2.3808825,0.091690026,20.297813,87.29856,0.99750733,3.2463417,0.610118,9.435849,5.1338134,343.54703
13.652154,0.40272644,0.65303826,2.9856725,0.08882378,10.14624,32.704517,1.0004048,3.050123,0.86056083,11.0318775,6.708495,209.83723
7.721601,0.7242959,0.101181135,2.2563365,0.0838803,7.9475265,23.462658,0.99656254,3.3471706,0.5541487,10.052643,5.086411,862.25397
7.24919,0.44693983,0.23927829,2.1625876,0.07630972,21.989435,46.210106,0.99542487,3.3867152,0.67558616,10.999114,6.0744247,1155.78
8.011413,0.51041865,0.22276041,2.318883,0.08567982,19.829718,63.84439,0.99711365,3.306345,0.6177367,9.73191,5.427997,761.5237
8.090938,0.38530508,0.35318035,2.196974,0.07910152,26.76244,57.55126,0.9962658,3.3268225,0.7214009,10.655109,5.9732814,1022.6807
9.726314,0.38067174,0.47656646,3.05759,0.08274178,10.031968,26.116892,0.9967952,3.2439961,0.7596008,11.690799,6.6459346,748.58936
7.333674,0.66606945,0.12029903,2.367452,0.081287555,18.908012,42.808613,0.9963266,3.4243927,0.59695286,10.313539,5.331639,1024.8018
9.957791,0.36946073,0.5606919,5.046602,0.07638651,7.403662,20.292274,0.99688464,3.219793,0.73345727,12.810085,7.0962434,654.66815
7.691808,0.5700412,0.15221353,2.1938093,0.08646704,12.429221,41.593357,0.99698895,3.356309,0.62747,9.741747,5.511955,517.8756
7.9210095,0.586765,0.17221037,2.3627133,0.08441457,12.1130705,42.557896,0.9972064,3.3306184,0.6142775,9.79346,5.352248,628.0237
11.496311,0.4098517,0.5031446,2.3039365,0.083929695,9.012379,29.993044,0.99886966,3.1177163,0.6546882,10.0428095,5.771923,581.256
10.199823,0.4278759,0.41840774,2.2359443,0.08662093,11.661196,32.327717,0.99828994,3.201018,0.6732891,9.873302,5.647148,542.06116
8.210853,0.69333327,0.11811295,2.132078,0.07975973,6.3080144,30.611095,0.9971677,3.3217957,0.58446264,9.465621,5.1994677,74.662674
7.9097705,0.58636403,0.15647395,2.214001,0.08315927,9.235275,29.43872,0.9969102,3.307591,0.5928251,9.843953,5.40446,687.175
11.290623,0.4633165,0.49881813,2.9573014,0.090137914,13.018712,38.39077,0.9994113,3.181157,0.69497424,10.430772,5.697284,565.78577
7.7087383,0.4191109,0.29373685,2.0743423,0.07535148,27.442266,64.3769,0.9958911,3.3020303,0.65269524,10.551704,5.8202424,1146.4071
9.3880825,0.56500685,0.3880946,4.780114,0.15241772,29.954533,92.90355,0.99921894,3.215227,0.69438756,9.458499,5.238257,917.6496
6.7460856,0.48072916,0.20953584,2.0067308,0.06445698,10.411835,26.08977,0.99342555,3.440462,0.65079695,12.281964,6.5512466,1202.7937
8.066136,0.390986,0.35578653,2.1623144,0.07201492,26.201593,58.59251,0.9960172,3.2888575,0.73106647,10.733294,5.9878993,1112.8857
8.430089,0.3607195,0.43464264,3.4055727,0.07926418,24.485882,58.827667,0.9964934,3.2981143,0.7487472,11.274102,6.224008,887.5247
7.12373,0.6870658,0.08744182,2.2685153,0.08071071,12.874698,27.784859,0.99580145,3.435887,0.5886983,10.628105,5.34474,1170.436
9.692238,0.3742863,0.44234383,2.1623867,0.08342565,9.76799,25.58318,0.99705714,3.2143579,0.6919447,10.473973,6.077537,847.12616
6.650582,0.5541683,0.1217522,2.2302506,0.06693958,12.284308,24.826773,0.9942249,3.436301,0.58826345,11.666482,5.887386,1291.9551
12.305194,0.46756995,0.55474114,3.7900014,0.08884767,13.582461,40.971794,1.0003543,3.149037,0.759737,10.813324,5.986994,483.2244
8.2110405,0.4256392,0.32633027,2.4162061,0.07961156,27.34004,72.06069,0.99710226,3.3317595,0.7227547,10.193012,5.688372,866.4438
7.32696,0.67735094,0.09278077,2.3361602,0.08233501,13.419588,34.05026,0.9963073,3.396467,0.5798694,10.210069,5.3031077,1009.77155
7.4089584,0.69444114,0.08386569,2.2737386,0.082224034,12.374668,35.648926,0.996755,3.4016163,0.58580285,9.942188,5.24448,675.53595
12.851768,0.43316644,0.57923126,2.5226624,0.08628805,9.713219,30.774517,1.0000948,3.0538168,0.65976036,10.048736,5.60341,440.14856
7.1786704,0.501724,0.18678375,2.1503494,0.07550368,10.85161,25.18606,0.99489325,3.3681974,0.61823654,11.152268,5.9290576,1255.9099
8.57907,0.62109476,0.27142382,2.5236902,0.09241407,25.681631,102.41132,0.99741495,3.2154856,0.5496994,9.412653,5.0709357,643.0933
10.270515,0.4584613,0.42946345,3.3809137,0.08744611,11.850684,38.061916,0.99887365,3.2251613,0.6803169,10.509224,5.6834836,655.53284
9.799158,0.43345156,0.50957,5.1178656,0.07071137,23.587418,75.721695,0.9982569,3.237553,0.9537065,11.475843,6.457883,517.0359
7.2845335,0.4751278,0.22910644,2.2544806,0.070758104,9.747039,25.366753,0.99467415,3.361388,0.6158115,11.392176,6.0085173,1231.5725
8.15317,0.64800996,0.19883828,2.2690268,0.08740469,13.927307,65.98214,0.9973679,3.3028555,0.62903076,9.437224,5.1550384,115.69417
7.5388923,0.66128516,0.108553514,2.4145567,0.08173467,11.646952,34.629112,0.99660605,3.3676312,0.57524174,10.074593,5.2891364,897.2837
7.7040353,0.38792658,0.3106487,2.0815313,0.075461484,14.098349,33.5141,0.9951352,3.3432238,0.6872581,11.385111,6.33706,1079.5399
7.6484914,0.74594796,0.100030065,2.3494525,0.08205943,8.734191,26.231516,0.9967482,3.3823333,0.5650975,10.049039,5.06654,692.00854
7.9344115,0.65171605,0.11641514,2.1340735,0.08132937,7.9551597,27.46775,0.9970772,3.3271348,0.5938936,9.594104,5.3079453,335.17316
7.2801113,0.61143434,0.12026352,2.3712177,0.079449505,16.236666,39.23658,0.9962637,3.399748,0.59701866,10.30395,5.4937973,1080.3468
6.857411,0.5736247,0.10333474,1.9468907,0.074366555,9.45096,17.96147,0.9950311,3.4003146,0.60234654,10.868312,5.7312427,1238.2053
10.84983,0.4155122,0.54045564,4.312254,0.082266845,10.986709,35.197872,0.99849087,3.197433,0.7701715,11.676175,6.561187,527.2583
8.383279,0.5862687,0.18768035,2.0152082,0.077621914,7.738951,20.57356,0.99676037,3.2716866,0.586014,9.841526,5.381419,768.1714
7.8336506,0.6623624,0.1687511,2.3231194,0.081521824,36.68118,111.68712,0.9963385,3.2615879,0.4770987,9.6543,4.9620237,1310.5564
9.609907,0.50092727,0.37964016,2.5463548,0.087151,14.9730015,51.679203,0.99834764,3.244217,0.6282391,10.011026,5.3099995,584.0368
7.7127733,0.61322695,0.13543426,2.2533865,0.0856266,11.733937,41.554234,0.99710554,3.358121,0.6152719,9.744568,5.4166446,431.7462
6.705264,0.6944786,0.093952164,2.2606483,0.07358491,17.863453,42.22744,0.9951252,3.5330098,0.6073429,11.203961,5.410986,1065.5167
6.8408127,0.6616477,0.06818648,2.3115392,0.072394624,11.441191,22.58585,0.99526244,3.4439123,0.5725772,11.002694,5.411519,1294.9847
7.5801992,0.5190243,0.19709364,2.193941,0.078077644,23.368118,64.50039,0.9965038,3.3382993,0.6143912,9.928887,5.4631844,1056.5469
8.378004,0.47748455,0.25117713,2.1205142,0.073615976,4.759523,15.591718,0.99590033,3.2440274,0.54034096,10.594356,5.565828,1196.0072
9.547481,0.5239184,0.29675153,2.3377757,0.10383911,9.808192,37.15839,0.99832064,3.211409,0.62461907,9.540156,5.2132993,413.20764
8.784005,0.61624587,0.32938954,2.5550063,0.11247404,30.772305,115.03571,0.99759954,3.2238338,0.5771699,9.460165,5.1321926,602.8613
7.50106,0.6256129,0.11194031,2.4059517,0.08179489,12.280271,37.912193,0.9967841,3.3735914,0.5993125,9.994978,5.3954782,764.41797
8.717504,0.6278172,0.31374964,2.528384,0.09702612,28.505566,119.07334,0.99749947,3.2260163,0.58678776,9.389049,4.980521,429.64285
7.80263,0.74666214,0.14411706,2.4912486,0.0818446,19.159622,69.51756,0.9970147,3.344762,0.5522476,9.765415,4.8834753,625.65405
9.990083,0.44557446,0.43546626,2.033081,0.15331814,8.653062,30.633514,0.99836284,3.186544,0.8269875,9.736914,5.706484,425.68723
8.211879,0.6343256,0.19284436,2.3927662,0.08629038,15.150745,59.673462,0.99737805,3.3012795,0.6005205,9.5424595,5.2294197,383.34164
8.583927,0.36181423,0.3982543,2.4439938,0.07898607,13.652467,30.357782,0.99590206,3.2935715,0.71621114,11.421265,6.487422,967.08624
7.8874826,0.68346477,0.12180591,2.3866758,0.084286325,10.9558525,37.025574,0.99710935,3.3541849,0.5856159,9.796857,5.235162,587.1082
6.838199,0.5028519,0.17142402,2.1938431,0.07150246,25.975945,50.2277,0.9949602,3.4250762,0.6493647,11.155121,5.9038863,1188.2938
6.7406974,0.4315242,0.21929802,2.1140625,0.06526274,18.48107,40.17449,0.9940105,3.4574356,0.71018386,12.029181,6.487775,1124.2594
7.5562606,0.5046322,0.2002553,2.2730742,0.0808045,19.667397,48.191196,0.9964969,3.3593245,0.6362841,10.165151,5.6494994,1022.45056
11.157519,0.42466146,0.5737463,4.730096,0.07787251,8.377127,30.628628,0.99868476,3.1899421,0.7095115,11.955119,6.6079245,507.19702
7.952131,0.5169367,0.23970558,2.3083057,0.085042454,24.151789,77.60397,0.9970664,3.3080955,0.5979162,9.738437,5.373343,839.2358
8.605146,0.5690894,0.21263024,2.2221034,0.08021354,9.133831,28.626642,0.9973085,3.2671244,0.59169894,9.704097,5.326421,560.21173
8.068854,0.51112103,0.2480982,2.322664,0.08918828,15.468366,53.99051,0.9974625,3.3258848,0.64872026,9.802628,5.4850574,532.8935
15.0001135,0.4468456,0.66847664,3.5902746,0.08121441,6.6178527,28.97357,1.0019292,2.9816058,0.78478056,10.877026,6.2400746,178.80836
7.6097717,0.63426465,0.11250237,2.3965373,0.080458745,10.744284,34.452637,0.9968596,3.3617742,0.5921366,9.929667,5.340941,731.0567
8.250121,0.6451522,0.16388924,2.3253376,0.081479445,11.060615,45.0602,0.9971718,3.2759688,0.5946557,9.46921,5.2216153,407.66656
7.859228,0.5317156,0.22494693,2.2893317,0.082703225,26.118784,78.79651,0.9968796,3.3171062,0.5818371,9.778422,5.3238397,921.88025
7.5490155,0.42812505,0.28705916,2.1965573,0.07714817,24.933027,51.289314,0.99594915,3.3615143,0.6992073,10.767082,5.9665804,1066.8573
10.618317,0.41478047,0.49045315,2.7196345,0.08982339,13.426745,39.72938,0.998677,3.2102945,0.8368151,10.58273,6.1790633,551.0387
7.698973,0.639416,0.14236799,2.3884847,0.07980595,16.352463,51.11991,0.9966902,3.3395393,0.5762508,9.922718,5.2617054,946.40643
10.049958,0.39814046,0.42687252,2.2137327,0.08651021,11.576731,32.21649,0.998021,3.2175329,0.69060594,10.035167,5.803986,631.6826
8.280173,0.5045877,0.30085412,2.6294794,0.09135965,20.92051,80.98813,0.99778056,3.316087,0.71020555,9.763649,5.362745,455.99765
7.9020042,0.49674013,0.22774974,2.2917836,0.08434875,15.528177,43.88466,0.9971607,3.3557296,0.6692899,9.9356,5.6367373,636.65594
8.440863,0.42445943,0.41516045,8.238915,0.07958468,31.955494,123.72838,0.9981823,3.2499778,0.72002983,10.45972,5.901136,814.18665
8.227942,0.47181007,0.25637743,2.100786,0.08351393,9.501269,25.844278,0.99650836,3.2828565,0.65957564,10.252823,5.849097,918.72235
6.0411057,0.45770591,0.15060988,2.0414643,0.061665297,18.049118,48.70815,0.99301815,3.5220978,0.6988244,12.69317,6.534368,998.3441
7.558971,0.6378766,0.11044319,2.291931,0.08110835,9.842371,30.99396,0.9968503,3.362679,0.597258,9.91782,5.354343,642.65717
9.096403,0.59612566,0.24069463,2.2830691,0.08110964,10.311136,35.635826,0.99787813,3.2381113,0.57740647,9.509372,5.1447845,363.66803
7.588689,0.55918,0.16429494,2.273356,0.08152938,17.429546,48.434635,0.99680936,3.3656445,0.6136556,9.9353075,5.4815545,876.72437
7.415996,0.42101586,0.36291787,3.9044209,0.06704928,34.011196,135.05336,0.995268,3.2440226,0.5569309,10.601188,5.769167,1002.5694
7.7184877,0.4921443,0.20511518,2.1768672,0.074569166,9.362352,24.799143,0.99575496,3.3341582,0.62327677,10.593176,5.8169065,1095.3008
10.467069,0.48889592,0.42526644,4.283832,0.089729525,13.681921,52.652645,0.9994542,3.2286475,0.6873931,10.507495,5.605102,557.61646
7.818062,0.648439,0.16980332,2.3533967,0.08817649,20.671492,80.65097,0.9970977,3.3207262,0.5731159,9.595127,5.1757708,392.15012
7.635836,0.5519318,0.2750504,3.5956259,0.088364944,34.86877,115.53868,0.99770916,3.32569,0.66528976,9.784999,5.1137805,615.9557
7.3381667,0.58782846,0.13762799,2.1881058,0.07922163,22.039047,63.29378,0.9967761,3.397164,0.61519295,9.80343,5.376136,607.4456
8.80371,0.5078448,0.30880034,2.3316228,0.0786997,9.776927,35.585186,0.9974113,3.2597146,0.58415437,10.160477,5.345883,750.8731
8.1229515,0.43405002,0.29649228,2.3821988,0.08245192,15.53708,43.88805,0.9965799,3.3066914,0.6450696,10.436091,5.8101044,991.22217
11.390552,0.42434493,0.58527464,5.3718314,0.08155342,14.119234,45.861603,0.99933213,3.1843371,0.85523474,11.816535,6.5794907,363.52832
7.3154793,0.6815852,0.06822948,2.2051363,0.084897235,9.475124,24.063404,0.99621886,3.3730912,0.5695772,10.164443,5.3706326,979.9811
7.6895714,0.45719552,0.23276362,2.2295713,0.08159553,19.386206,45.074516,0.99661106,3.3685956,0.6893012,10.242084,5.9050674,942.95013
8.147989,0.66095996,0.21095122,2.315991,0.09009473,20.277712,85.83755,0.9972077,3.2766016,0.5808456,9.442971,5.1063614,301.4352
8.894638,0.43118224,0.33261028,1.9892135,0.08807244,6.530188,22.94851,0.9970173,3.2738113,0.753837,10.062363,6.121274,567.0218
10.941567,0.33340815,0.61824983,2.939183,0.07101603,5.362043,13.836154,0.99644583,3.169955,0.7792072,12.573296,7.3527865,636.04456
8.053857,0.5456636,0.23059,2.1596138,0.08539023,27.602982,89.83193,0.9966971,3.2591727,0.56668615,9.513973,5.254052,900.9753
7.363522,0.7426445,0.04333735,2.1154416,0.08259376,4.738992,13.044803,0.9960212,3.3559701,0.5346753,10.158376,5.129626,928.47015
7.573811,0.4650177,0.24202165,2.0986362,0.07540981,29.750755,72.14679,0.99618214,3.3200848,0.63663065,10.163217,5.5710506,1169.5349
8.551925,0.5733506,0.27720356,2.395973,0.08606417,16.584461,61.444675,0.99776244,3.2549944,0.6042214,9.5547285,5.159824,637.0367
7.470731,0.7953597,0.08879399,2.408888,0.08165908,14.507678,43.56484,0.9969451,3.4379935,0.564364,10.025794,5.0235744,603.451
7.8738036,0.50884694,0.22834978,2.3226342,0.08452889,21.700163,61.449657,0.99722403,3.355987,0.63592374,9.792441,5.458992,657.8796
8.595042,0.54956394,0.22667025,2.0845556,0.07726623,7.8980107,21.504122,0.996937,3.262901,0.5913359,9.898165,5.4440556,743.6794
8.873397,0.3606712,0.47997877,3.7401175,0.07547113,20.288502,47.338123,0.99648196,3.2762272,0.7739705,11.809087,6.551033,845.77783
8.014662,0.37459388,0.34436864,2.1979504,0.07752786,20.05594,41.75427,0.99611485,3.3499131,0.73522025,10.882229,6.215349,1013.8149
7.9156475,0.44024074,0.27430594,2.2211866,0.08093936,14.219722,39.675056,0.99688137,3.3545864,0.7146781,10.208955,5.931154,756.07855
10.24733,0.4172709,0.47380805,2.56245,0.083954,12.472292,34.56807,0.9983024,3.2482107,0.7358159,10.745929,6.0009737,565.27734
8.377864,0.5775631,0.26411992,2.4864392,0.088848025,24.193523,90.30796,0.9972889,3.242799,0.5716019,9.643688,5.1979113,852.92816
8.335368,0.3839645,0.34707284,2.2485578,0.08125895,11.697363,26.441967,0.9962222,3.3204665,0.7168095,10.962239,6.2805853,923.694
7.6238575,0.6005326,0.12199876,2.255452,0.08413176,11.036328,33.131,0.9969601,3.3703094,0.6159618,9.889814,5.4908547,575.5217
8.46279,0.3189178,0.5274276,4.117792,0.06550698,28.676926,91.99976,0.99481076,3.211947,0.73401123,12.051453,6.7131667,911.87915
13.564462,0.3506505,0.62998646,2.1922238,0.083000556,8.413711,27.651403,0.9998556,3.0159736,0.8024111,10.155856,6.4752793,354.54105
9.325746,0.5893921,0.36269173,5.2554793,0.09909306,27.17824,100.60442,0.99967515,3.2671738,0.6339343,9.589185,4.908488,500.18817
8.391087,0.54234695,0.25918427,2.3593144,0.092100374,14.560649,53.80619,0.9976398,3.291739,0.63041353,9.655678,5.3819947,499.16864
7.245659,0.4720839,0.21121202,2.1824276,0.07343043,26.0035,54.441498,0.99566877,3.3766186,0.6532663,10.641056,5.8109202,1182.3987
13.039636,0.51350087,0.5915043,3.6705008,0.1206518,13.655162,40.659615,1.0011194,3.0801969,0.81424606,10.458898,5.5201817,443.63358
8.587027,0.5162187,0.30499882,2.42909,0.101634,18.291948,65.80346,0.9977067,3.263214,0.6475913,9.732568,5.5018263,658.08057
8.913726,0.43839517,0.35286617,2.4435406,0.08642645,17.680769,51.58379,0.9977877,3.3107674,0.7142362,10.17233,5.740512,644.42175
9.867769,0.6108133,0.4136127,3.1089184,0.120320424,25.570972,97.195175,0.9991398,3.206595,0.63647467,9.555749,4.8967123,571.9255
7.7587905,0.48931336,0.22711761,2.219133,0.07990621,21.786734,55.915073,0.9969483,3.361936,0.6476868,9.927508,5.5690374,814.2284
9.47341,0.5645109,0.39510378,2.7294695,0.09324779,20.692982,81.36143,0.99848783,3.2518358,0.6692766,9.762866,5.0925536,457.22995
9.091475,0.38759536,0.37614387,2.2475984,0.0824564,10.501315,29.378735,0.9971988,3.2874787,0.74586165,10.504886,6.120517,654.2208
8.552043,0.41995773,0.31853628,2.1475472,0.08912223,10.706435,33.28036,0.99707526,3.2986002,0.71189624,10.153345,5.957736,702.14996
10.5083885,0.4886237,0.44346696,2.8127842,0.09968583,15.144067,55.21932,0.9990258,3.1814723,0.6949819,9.960847,5.309499,575.63916
9.009888,0.37669438,0.38796166,2.3598557,0.08702167,13.2810755,34.31581,0.99720484,3.2862217,0.7769276,10.456046,6.225077,773.34644
8.326529,0.52565676,0.2704896,2.476309,0.087242186,18.126383,63.045116,0.9975658,3.2815652,0.61742276,9.778154,5.337232,798.35284
9.836405,0.32346416,0.50317806,2.2496111,0.07459978,7.2365537,18.43678,0.99626374,3.2224576,0.78085583,11.6092415,6.9360647,770.7038
7.523742,0.47601116,0.2889844,3.897422,0.077823356,25.736025,89.821976,0.9969324,3.328911,0.6199658,10.380599,5.655454,930.7827
7.8204026,0.65175796,0.13472669,2.171991,0.08617496,11.161447,50.60747,0.99709743,3.3435085,0.6196125,9.524821,5.2554326,80.55452
8.158476,0.4024484,0.32188544,2.2209196,0.079997055,14.301668,33.53013,0.9961285,3.3115888,0.67426217,10.689844,6.1037645,1039.8219
7.9461994,0.40690163,0.32943782,2.2759979,0.0717141,7.5360436,22.526672,0.99519634,3.3118296,0.6177971,11.371507,6.1235833,1158.9728
7.527455,0.38078034,0.30862755,2.136005,0.07553352,22.089365,49.15246,0.9953217,3.330906,0.69724274,11.094705,6.1285334,1143.3228
8.739924,0.6047643,0.36815286,5.372058,0.10824133,36.085262,115.2602,0.99947673,3.2815769,0.912297,9.789488,4.9911947,454.0703
7.22717,0.6254979,0.20827802,5.7176123,0.0951414,55.638264,151.90651,0.99757296,3.2635615,0.5047186,9.373804,4.8107457,986.8905
12.266296,0.4446174,0.5450578,2.8492324,0.085962534,11.09729,36.59419,0.9998199,3.1117952,0.70904315,10.472485,5.830978,469.0065
8.0126,0.46939573,0.26191622,2.1041446,0.074907176,7.445582,19.352266,0.9953261,3.2863293,0.6160342,10.846437,5.897785,1152.5277
10.692131,0.31522402,0.63308346,2.5992167,0.069425255,3.644463,12.198894,0.9957558,3.145975,0.7428913,12.725061,7.3424973,707.60406
8.151495,0.445348,0.3075263,2.4920874,0.089197785,28.895985,86.33522,0.99726206,3.2727191,0.9282222,9.940581,5.5122876,745.8713
7.7845364,0.58878934,0.16662054,2.2598543,0.09179231,11.726442,47.365044,0.99705124,3.3483756,0.63197035,9.68181,5.5252557,292.77615
8.329396,0.552056,0.28448004,2.5822678,0.08983848,25.179865,93.64912,0.99744445,3.2551384,0.5897044,9.676995,5.17909,811.8167
6.8313947,0.4395687,0.22787462,2.1645112,0.0707147,27.91316,52.84518,0.99443555,3.4093432,0.6815438,11.609103,6.182215,1205.7925
8.15721,0.5532908,0.2408673,2.3918047,0.08885996,17.505457,66.89343,0.9973679,3.2884994,0.61187804,9.625431,5.3151784,568.4112
10.968821,0.36448592,0.5041223,2.2893164,0.08741121,10.97839,29.726507,0.9983538,3.1712625,0.7458269,10.436058,6.225665,633.5398
8.587412,0.41732937,0.34499827,2.4544787,0.08555301,16.811544,48.937668,0.9973563,3.3119771,0.7942648,10.111693,5.979363,687.20465
12.636461,0.3234147,0.62208015,2.279683,0.08485992,8.441921,23.805311,0.9988824,3.078724,0.87938523,10.664734,6.895774,377.7821
9.888609,0.27020898,0.5353109,1.9057208,0.07045323,5.397037,18.945694,0.996261,3.2200449,0.937736,11.461122,7.2101183,717.35236
7.1959796,0.59464335,0.091917545,2.2346048,0.07938297,11.1316185,28.390764,0.99608237,3.4170184,0.6246357,10.332896,5.6414785,882.45496
7.2998405,0.7121564,0.07664922,2.3797204,0.083809756,11.916832,30.682379,0.9964948,3.4304352,0.57991046,10.244536,5.279795,832.0155
6.749253,0.6031252,0.08304638,2.1868362,0.0729969,15.63363,31.696495,0.99532926,3.4615266,0.6105689,10.886462,5.721809,1215.5912
7.430003,0.5271358,0.17817584,2.21383,0.07753403,8.03968,22.579552,0.9951152,3.3425753,0.60285884,10.871527,5.8162117,1193.4132
7.85934,0.71845675,0.17212163,2.3232746,0.08318812,36.149796,111.34052,0.9964137,3.273241,0.46763647,9.7195425,4.8306146,1209.0164
10.119825,0.5028767,0.35175568,2.1945364,0.08200983,8.449584,26.1076,0.99818516,3.1723137,0.6039629,9.62945,5.397931,443.37677
7.7071433,0.56111443,0.15835816,2.235497,0.085336104,13.603187,42.756996,0.99698675,3.348775,0.6175687,9.752133,5.4711356,630.02356
9.738031,0.33208466,0.53887916,2.467105,0.06963048,6.593675,14.41575,0.995498,3.216988,0.73605275,12.319557,7.079254,825.727
7.7684927,0.56864506,0.16484635,2.2526824,0.08454354,13.15271,43.614746,0.9970713,3.3367224,0.6197012,9.761582,5.4269466,621.6542
10.322899,0.34115463,0.51017725,2.2838473,0.083150506,10.648359,27.27859,0.99743295,3.2141585,0.8475647,11.028979,6.69165,637.23114
8.555374,0.5551689,0.2794667,2.333955,0.088956945,15.465395,60.00734,0.9977714,3.2889602,0.6345967,9.590651,5.2816978,373.2199
8.681177,0.33258215,0.41854095,2.2444966,0.07623735,15.724839,33.30845,0.99588186,3.2812986,0.7798485,11.471714,6.6829867,934.71423
7.5921926,0.60457283,0.11946674,2.2724462,0.076156914,6.6886535,19.548372,0.99603593,3.314376,0.55992556,10.293484,5.3122926,1204.95
7.7405767,0.71197665,0.098398566,2.2411282,0.07800645,7.131554,24.077354,0.9968384,3.3463566,0.5580353,9.86751,5.0798254,618.8234
7.5739083,0.5810613,0.16281179,2.2275376,0.08406099,15.6304245,53.009026,0.9971108,3.3693645,0.62398636,9.729448,5.4091043,453.93558
8.389792,0.30037487,0.40456125,2.0352724,0.07233378,17.829758,43.753574,0.99565125,3.2789416,0.8263922,11.289898,6.633331,961.7405
7.365394,0.86660796,0.056686644,2.5104694,0.08392329,9.57602,29.417492,0.9966358,3.4616275,0.5313976,10.263201,4.8246455,714.5135
8.091245,0.42479423,0.30242985,2.2958574,0.07928254,11.692787,31.765615,0.9961379,3.3122475,0.63708687,10.719511,5.928987,1052.627
9.817077,0.37672666,0.44797805,2.358331,0.088114016,14.23528,46.09092,0.99786824,3.236327,0.90021724,10.470616,6.1713014,607.3162
10.687884,0.4278706,0.53960013,4.775438,0.081504695,10.989577,37.196896,0.9987217,3.2161584,0.74004775,11.611111,6.452174,526.65735
11.195745,0.38082233,0.54732996,2.1580849,0.12471512,12.94891,52.660416,0.9989772,3.0917714,1.1614563,10.29374,6.170898,219.4582
9.194424,0.38519004,0.3905695,2.07926,0.08621837,8.978055,25.247992,0.9969081,3.2386665,0.7239391,10.310305,6.0877066,816.2592
8.614212,0.53700995,0.2752863,2.3224635,0.08568301,13.035068,43.956932,0.99777335,3.289644,0.62065464,9.844398,5.347284,517.25854
7.486738,0.7041476,0.077142745,2.1632464,0.08365291,7.970675,20.400133,0.996487,3.387303,0.5641865,10.116529,5.2703767,750.83624
10.031661,0.40956235,0.4601548,2.5394654,0.090185255,13.2862425,36.489548,0.9981918,3.2369547,0.7254742,10.485115,5.9087696,699.1
7.1846623,0.58698493,0.10443364,2.2135828,0.08049333,13.251529,29.791412,0.9959308,3.4005592,0.60967094,10.452874,5.655987,1119.0532
8.245102,0.6196537,0.15676928,2.1861773,0.07937957,9.343331,29.71489,0.9971484,3.2972264,0.591306,9.618055,5.2704206,464.23892
7.8702655,0.38297033,0.46390796,6.4736524,0.06499254,31.295916,155.64241,0.99587256,3.2195306,0.6442692,11.100492,6.1019154,785.0481
9.128641,0.46099025,0.4002186,2.6190476,0.12034762,23.986109,87.628624,0.9979434,3.1649566,1.107743,9.867319,5.625578,606.6752
5.7828145,0.51691633,0.0862837,1.9464703,0.053311422,29.504036,69.35817,0.9931815,3.5938456,0.6929127,12.488298,6.2580466,899.8917
7.657926,0.76797944,0.08049576,2.1906667,0.08419703,7.118916,20.656061,0.99657303,3.368811,0.54842985,10.035936,5.031103,714.4574
10.029737,0.4071965,0.40604106,2.1807513,0.08675916,10.119775,27.042131,0.9978777,3.201077,0.6955743,9.930961,5.8847876,630.54565
6.8628736,0.50352615,0.1581791,2.2589524,0.072774716,19.97694,42.035202,0.99499017,3.430474,0.6511841,11.171057,5.9309344,1156.3837
7.042304,0.47173202,0.21077716,2.187761,0.07365149,19.947472,43.710747,0.9951289,3.421439,0.6627368,11.153833,6.0470123,1125.1035
8.455102,0.68332607,0.1346937,2.1960688,0.075126484,7.1920447,24.95169,0.9972642,3.288755,0.56165135,9.589373,5.117223,312.70837
7.929004,0.45773986,0.25825343,2.261811,0.08072984,21.214874,55.209698,0.9969343,3.330231,0.66437083,9.978427,5.6400065,912.7465
8.025799,0.38001397,0.32692373,2.1874833,0.07758798,26.897068,56.353596,0.9967793,3.3395438,0.79032797,10.419503,5.9294434,999.7226
9.582079,0.37410486,0.42625052,2.0840635,0.08184804,8.3748255,21.141493,0.99699295,3.2082462,0.71499366,10.422689,6.1162095,889.21326
9.8832855,0.42885166,0.4480432,2.4275475,0.109494194,17.238134,62.711697,0.99815977,3.1669877,1.0749942,10.11205,5.902346,490.07782
7.342201,0.46082255,0.23948327,2.0148222,0.06788248,33.98685,72.519516,0.995833,3.3728416,0.6718528,10.35935,5.671872,1139.5922
8.143119,0.6881042,0.1366166,2.3058646,0.08393648,8.694904,29.152555,0.99693996,3.314739,0.5685073,9.780086,5.150144,623.94507
7.188542,0.5210219,0.17146905,2.2561517,0.07502815,22.708958,51.38167,0.99571913,3.3709455,0.6279016,10.536162,5.6981,1217.7178
7.6690826,0.5181116,0.19019993,2.2357614,0.082351275,17.488792,48.371826,0.9971569,3.3841176,0.65511495,9.839771,5.605274,591.0572
8.156058,0.40076762,0.35058045,2.2669618,0.06984414,30.894304,68.40284,0.9964119,3.3077033,0.807713,10.597759,5.9643993,1008.2376
8.609975,0.33113346,0.4501009,2.503415,0.07446112,22.42713,42.192802,0.9954708,3.27685,0.79148376,11.853123,6.729948,988.5058
8.03582,0.5043753,0.24150895,2.3026474,0.08498444,23.36673,69.28586,0.9969095,3.2879508,0.6111126,9.849342,5.4449363,965.9857
8.501847,0.49592924,0.26417133,2.2635667,0.089493774,11.653719,39.16994,0.99752843,3.2976758,0.65784025,9.785655,5.59489,467.24838
8.415088,0.52941144,0.30260125,2.3626928,0.09066541,18.574945,73.16954,0.99758595,3.2765603,0.63812757,9.61469,5.31711,482.62872
9.796509,0.4759263,0.42280072,2.7050815,0.098291434,20.868973,70.487366,0.9985793,3.2400897,0.77655226,9.956012,5.519744,614.2437
9.070973,0.743307,0.27809083,2.6694984,0.089226,22.714516,100.82591,0.9976434,3.2022455,0.5465823,9.268508,4.765361,343.95535
8.06262,0.39856628,0.3353285,2.267775,0.078220345,24.341267,52.0266,0.99613917,3.320283,0.7094705,10.680638,6.041554,1050.2848
7.1474614,0.5380222,0.14638689,2.222232,0.07817073,12.454174,28.992348,0.995275,3.405521,0.62823707,10.889833,5.8645873,1171.8964
7.6240635,0.49294525,0.2080698,2.3427062,0.08073496,13.41037,39.098576,0.9964137,3.3383172,0.62078995,10.320989,5.663561,1026.0493
7.725819,0.54474854,0.20162684,2.278181,0.08559903,16.845274,55.875732,0.99710524,3.352817,0.6314272,9.766776,5.4794955,567.0349
11.137872,0.4978793,0.47283617,4.5931416,0.09771133,13.68228,56.544285,1.0000597,3.1860971,0.7519358,10.336427,5.5415106,538.04224
7.041048,0.498522,0.21274629,2.0835564,0.07069709,10.466504,21.52062,0.9942042,3.379878,0.609892,11.598549,6.06772,1289.0784
8.130494,0.5303252,0.2606109,2.4015017,0.083878174,20.363728,72.06434,0.9971271,3.271542,0.60223573,9.765715,5.2833004,946.5362
9.869149,0.5615008,0.44282308,3.3993938,0.09951341,26.167547,102.20868,0.99912894,3.247369,0.8002528,9.961532,5.0949697,464.37247
7.4786186,0.67146015,0.09589231,2.1788845,0.082711376,8.3042965,23.295929,0.99649733,3.3799164,0.58120733,10.13085,5.324373,730.0673
8.305649,0.35016668,0.3794868,2.2639785,0.07771758,15.389541,33.55833,0.99575335,3.3129148,0.7190475,11.18627,6.405395,1044.2457
9.655816,0.37028182,0.48616588,5.3510547,0.14799051,27.432314,91.81668,0.99843657,3.1331697,0.9766728,10.1301775,6.0824356,984.2847
8.740763,0.48029256,0.33659914,2.684327,0.0968334,20.73321,69.0571,0.99788266,3.283652,0.793935,9.940624,5.6525397,642.3907
8.41844,0.63042265,0.23492594,2.4428017,0.0881502,19.513916,84.513336,0.99732596,3.2533693,0.5860747,9.431176,5.1264086,363.52026
7.4259424,0.7383058,0.07336037,2.2255473,0.08667259,8.976796,24.804482,0.9965713,3.4025073,0.5698085,10.11677,5.207809,742.9248
7.4420657,0.42384776,0.2766844,2.134202,0.073266864,11.465501,26.463629,0.9947278,3.3717942,0.66750836,11.509592,6.3136234,1139.241
8.072315,0.59240323,0.21309124,2.34002,0.08682485,24.006641,89.35849,0.99700576,3.2725856,0.5624041,9.534947,5.1775784,658.7921
11.6518955,0.3811178,0.5688005,2.706296,0.08814193,12.795915,40.837605,0.99911237,3.150569,0.94329983,10.804925,6.533704,381.14752
8.809436,0.4783873,0.28742716,2.0535624,0.08947972,7.498381,24.241152,0.9971391,3.2413816,0.64300966,9.87957,5.719554,645.28265
7.544838,0.5778799,0.14014755,2.2291422,0.08462919,11.210495,33.327145,0.9968349,3.363315,0.62421453,9.997784,5.5571055,692.59766
12.201123,0.3911285,0.57693166,2.6647725,0.07874611,7.169395,23.22391,0.99877757,3.0979288,0.6734915,10.911082,6.396145,597.8052
11.451885,0.5332883,0.49222186,4.9040394,0.11071296,14.5799265,59.079453,1.0004628,3.173793,0.7044886,10.295721,5.232946,590.5169
7.8757596,0.7396895,0.12485066,2.355577,0.085207306,13.193571,51.99013,0.99720347,3.3604422,0.58507144,9.663928,5.074192,236.19771
7.383121,0.7394663,0.116563424,2.2904274,0.07734698,32.14477,92.41754,0.9963248,3.379858,0.52004105,9.922032,4.9277678,968.0223
10.337917,0.39148638,0.47560745,2.3851857,0.09235384,12.132285,34.517372,0.9982467,3.209594,0.72269696,10.2976,5.9365063,631.8542
6.125123,0.6716823,0.070062906,2.1959178,0.06690989,14.0950165,37.181705,0.9940414,3.5932338,0.60273707,12.079857,5.639224,1104.7477
7.6501946,0.58711404,0.15086244,2.2071133,0.086901,12.033285,42.843174,0.9970649,3.356437,0.6256246,9.746253,5.483358,459.77975
6.4648867,0.73826957,0.042971555,2.3373241,0.06868721,6.3516097,13.402942,0.99428016,3.4686558,0.5362334,11.598637,5.194308,1451.6915
7.568039,0.6064837,0.13420276,2.158645,0.08667557,11.989601,44.013042,0.9969336,3.366248,0.62377524,9.70342,5.4685307,386.11884
10.232692,0.33970797,0.474921,2.253388,0.089706026,10.337122,34.90976,0.99789953,3.204176,0.97279423,10.430745,6.5646963,516.1823
7.770985,0.6541132,0.10443887,2.0762856,0.08160957,6.2702756,17.697716,0.9964603,3.3031142,0.5538659,9.905283,5.249216,901.6781
8.062171,0.56483823,0.2590743,2.4275768,0.089378946,20.627695,83.3632,0.99749845,3.3134449,0.6177561,9.608784,5.2582974,374.31964
11.194296,0.53330874,0.4019332,5.3582187,0.08994815,11.389156,45.734726,1.0006913,3.1844199,0.59666705,10.279331,5.229507,489.53754
7.558403,0.72754633,0.09812023,2.1983318,0.08232125,11.260378,42.077473,0.99688166,3.377817,0.584576,9.741294,5.1184764,361.16754
10.235924,0.47398582,0.4471017,2.5011578,0.09188185,16.629578,53.81007,0.99877614,3.2181492,0.6760531,9.982667,5.4189167,532.2404
8.19141,0.31575197,0.41767034,2.3178406,0.07256009,23.655602,46.512,0.9951329,3.2958596,0.7738216,11.778284,6.655952,1032.8806
7.913033,0.637165,0.13191864,2.2092113,0.08614667,10.177181,41.121292,0.9972558,3.3360007,0.60841835,9.549024,5.352527,232.97334
12.992979,0.45653078,0.5991427,3.7376251,0.085693635,12.618036,39.88758,1.0005476,3.1152027,0.8000365,11.101847,6.330907,352.24585
8.102377,0.34495956,0.38093403,2.3704455,0.07601555,15.240433,32.310394,0.9951046,3.3080034,0.7115616,11.636907,6.556819,1074.3726
5.6158137,0.538392,0.085306585,1.9045503,0.0524631,14.132671,44.79568,0.99234414,3.5912514,0.6497239,13.22461,6.4177938,978.5456
10.844021,0.34029207,0.60204417,2.6850696,0.07964512,6.3895793,18.166252,0.996882,3.1615763,0.73873353,11.917716,6.934951,662.9049
7.0431757,0.5494629,0.14513451,2.0785122,0.072010845,30.941576,60.204258,0.9957207,3.4222746,0.6353701,10.49321,5.617803,1179.1643
7.4648323,0.7759354,0.096796915,2.3895407,0.08112876,15.865578,45.61695,0.99687093,3.4356103,0.5667265,10.045205,5.014251,671.9226
7.599493,0.49840236,0.19635434,2.3239887,0.08053614,15.182511,39.409676,0.9966503,3.3751464,0.6595624,10.16906,5.746913,830.2531
9.735122,0.35445738,0.4519718,2.2764456,0.08735164,11.468004,32.68702,0.9974627,3.2463272,0.82235956,10.639771,6.402065,709.4339
7.570683,0.7077424,0.107457355,2.4080179,0.08312283,12.336675,35.705017,0.9967838,3.3950803,0.5737189,10.061662,5.167553,775.76575
8.179794,0.31623098,0.4158788,2.2483723,0.07018102,11.023154,24.63504,0.9941899,3.2891052,0.7416154,12.564543,7.0461874,1013.0874
6.9777784,0.38333532,0.2715818,2.1313918,0.069508694,24.295256,51.0365,0.99425226,3.4053488,0.7285765,11.90901,6.4773607,1140.7482
7.2244334,0.7201158,0.07244392,2.300665,0.08006233,6.8852887,17.440046,0.99573,3.3751864,0.5406511,10.511903,5.1231213,1258.7308
10.235486,0.4164376,0.42415798,2.3043807,0.088468395,10.734962,31.780254,0.99826705,3.2030535,0.69140697,9.97227,5.7772107,539.97656
12.302289,0.3944257,0.5597634,2.3639822,0.106332324,9.101583,28.94761,0.999743,3.0691946,0.7456765,9.873011,5.8013024,451.3388
12.033911,0.3989933,0.5609774,2.5909684,0.088170834,11.835777,35.093716,0.999401,3.13217,0.7822218,10.6092825,6.27139,448.05264
11.407476,0.412391,0.5216935,2.3209794,0.093279034,11.254741,34.498783,0.99906117,3.129869,0.68116826,10.00019,5.6674576,545.8961
12.812158,0.37662533,0.63079935,3.0036185,0.0840735,9.803838,32.659916,0.9994292,3.0955062,0.90936905,11.356993,6.94786,238.16768
6.810466,0.514646,0.18789129,2.0173283,0.061289206,6.4079757,18.914637,0.9928453,3.3758,0.57687676,12.480229,6.2798066,1343.7672
7.7177863,0.5875576,0.14977427,2.3714726,0.0833693,11.764302,39.43801,0.9969358,3.3417687,0.61214596,9.887281,5.420214,704.84406
8.006427,0.57077646,0.2269226,2.3971462,0.081777096,24.288383,82.82372,0.9970321,3.2900102,0.5584709,9.661649,5.1637754,897.8783
7.3871555,0.6642136,0.1367443,2.2429893,0.07495835,27.70922,70.54646,0.99614584,3.337131,0.5525334,10.048583,5.0434437,1324.0493
13.116246,0.4284957,0.6112002,2.6828732,0.08707677,9.735034,31.956392,1.0002573,3.0559316,0.7208448,10.219037,5.7739973,316.96747
8.411892,0.6575805,0.20855467,2.4329474,0.08708974,16.092417,67.294785,0.9974799,3.2743113,0.5888168,9.411113,5.098901,282.51248
9.209323,0.6429122,0.37614056,2.8492734,0.098323725,29.748974,119.77226,0.99818367,3.2307506,0.6145432,9.5096245,4.8597965,479.1228
8.727416,0.49209222,0.27550513,2.2181022,0.08295637,10.356936,32.65176,0.9973538,3.2611454,0.6447053,9.916047,5.558035,599.49506
8.473496,0.38519052,0.38898298,2.3091276,0.081667125,23.072777,49.1826,0.99651104,3.2988315,0.7456151,10.70573,6.122543,1000.2274
11.787072,0.45882073,0.6271489,2.0005794,0.23655486,8.381269,25.411236,0.9996237,3.0692818,0.861631,9.750127,5.4882593,323.78412
8.509798,0.57522017,0.27582037,2.4158351,0.100548685,19.234915,76.25675,0.9973227,3.2254007,0.58902436,9.455669,5.25663,577.1291
7.1903653,0.48352814,0.1839557,2.3132837,0.076162964,14.247336,33.100082,0.9952123,3.3663685,0.62187517,11.018535,5.8925185,1235.1758
7.497542,0.5717092,0.13201447,2.211902,0.08150369,9.970414,25.216549,0.9960103,3.332446,0.59138805,10.259026,5.5157332,1142.9166
8.1025,0.5448112,0.22459833,2.2937264,0.08915016,17.73814,63.686382,0.99710834,3.2920165,0.6248613,9.627265,5.3990197,587.5061
8.101782,0.650404,0.17800497,2.3809576,0.08602815,14.833968,57.62377,0.9974393,3.3292391,0.6003634,9.559066,5.221173,279.48825
9.647107,0.43432373,0.42216697,2.5290284,0.08957231,16.746305,49.48878,0.99830544,3.2746637,0.7041149,10.311385,5.6900015,566.5925
8.989955,0.3933682,0.41054326,2.4634652,0.08316076,18.235909,47.262207,0.9973044,3.2995775,0.7535939,10.607055,5.982943,818.01385
7.4748926,0.6565128,0.13446286,2.3446481,0.07415458,27.845366,80.78585,0.9962246,3.3403656,0.54803926,9.888161,5.083643,1176.5576
7.548328,0.28713858,0.42318335,1.740408,0.058528278,36.31573,115.32405,0.99330294,3.2066517,0.6125771,11.516721,6.3249164,995.2695
8.290903,0.54931724,0.24276263,2.3467615,0.08097589,13.518133,46.47027,0.9974604,3.2772923,0.60132915,9.786568,5.250218,797.0658
8.081874,0.39346984,0.34194332,2.3206267,0.07878172,11.105378,28.18558,0.9957637,3.3216121,0.65058815,11.176051,6.155692,1053.3837
9.862138,0.4951441,0.37175608,2.5055997,0.08711654,12.732475,42.87247,0.9984839,3.2145727,0.61738765,9.8943815,5.2286887,556.32336
7.4875784,0.6176686,0.14581658,2.1503236,0.08303889,23.480629,76.44253,0.9966902,3.3599617,0.5978594,9.691031,5.2691245,464.9017
7.57471,0.55695295,0.14704733,2.226555,0.08042009,11.1306925,28.782808,0.9962578,3.3315723,0.5965614,10.19463,5.5222383,1088.7999
9.395762,0.47801635,0.32675993,2.2083757,0.07946779,10.675732,31.967266,0.99782467,3.25538,0.6568336,9.822299,5.5726385,460.1995
7.622808,0.9377072,0.053103138,2.4829106,0.08128025,9.9566555,39.351437,0.9970955,3.4477792,0.5303394,9.9382105,4.65319,238.67207
9.958087,0.39893657,0.4683819,2.6363919,0.08714679,13.118479,38.449055,0.9978842,3.2394533,0.814272,10.724854,6.2436075,646.5534
8.804726,0.59114265,0.24324827,2.2759845,0.08238023,11.152935,37.493034,0.9977222,3.2519844,0.5888826,9.610133,5.183319,463.93057
6.3195534,0.5127944,0.14424829,1.8059216,0.05055239,38.741333,100.05141,0.9933482,3.4263635,0.6035358,11.669233,5.90275,1057.6501
7.942785,0.3693935,0.34464765,2.1693697,0.068329416,7.188351,21.734081,0.9942721,3.3000784,0.6532426,11.897749,6.533819,1164.8687
7.595433,0.6615409,0.10985963,2.247473,0.08253231,11.672611,42.4554,0.99703777,3.36083,0.6093223,9.647854,5.3154626,400.07593
8.355389,0.58078414,0.20446563,2.271986,0.08686201,12.345674,49.812824,0.9975784,3.3055565,0.62529033,9.588105,5.3176575,297.61978
7.3254924,0.51822555,0.2859408,3.7939155,0.077821165,38.96628,130.47372,0.996777,3.319721,0.5796009,10.109504,5.253287,936.5381
7.7109547,0.57314664,0.1869961,2.0531638,0.08097318,28.933952,82.95272,0.99643624,3.3075798,0.5750459,9.739472,5.2653885,916.39105
10.904095,0.36680883,0.5144705,2.4887383,0.08761599,10.196666,28.004368,0.9981563,3.1718082,0.7593388,10.80297,6.405505,637.926
7.543335,0.57242,0.18563668,2.24635,0.07670479,28.470745,79.51386,0.9962327,3.3155584,0.57917345,9.915472,5.2777085,1234.72
7.333049,0.5712952,0.1314637,2.2829208,0.0814134,17.126032,42.146374,0.9964824,3.3968022,0.61927634,10.074859,5.5941906,928.6923
7.22716,0.7855873,0.09000787,2.3248942,0.085605174,13.384471,27.31677,0.9959434,3.439922,0.5603972,10.571599,5.0117116,1195.3334
10.281018,0.40195045,0.4804425,2.679668,0.08857466,13.324808,37.197304,0.99822587,3.2281785,0.81311107,10.678483,6.2220373,581.5986
8.850526,0.55774117,0.2365041,2.279172,0.083377086,9.03881,30.587883,0.99749815,3.236365,0.5931885,9.6497555,5.3135777,607.3738
8.510597,0.51941055,0.32053927,1.9913536,0.15678348,12.441314,53.57032,0.99754024,3.2305613,0.76764995,9.481214,5.4302607,364.83932
8.120323,0.38027608,0.3707079,2.1938481,0.0764864,27.611895,61.190365,0.99602807,3.29635,0.71943927,10.760631,6.0091195,1055.5052
7.1083145,0.46229482,0.21511161,2.152282,0.07303693,26.61229,54.027027,0.99532825,3.417202,0.6786131,11.028325,6.00638,1110.287
7.4035697,0.4583511,0.23628266,2.1846523,0.07707926,18.423529,39.880417,0.9956571,3.3833725,0.6742312,10.831361,6.075474,1144.1942
7.466017,0.3945093,0.27462864,2.2742543,0.07841811,15.212874,32.17452,0.9950981,3.3481016,0.65790015,11.347963,6.2426314,1154.4535
7.661098,0.61098266,0.13148552,2.2985427,0.083125696,11.709865,40.94876,0.9971005,3.3577135,0.6153616,9.792767,5.394552,532.812
11.28311,0.34415588,0.5572368,2.2959788,0.08178076,8.12783,23.412634,0.9978096,3.1449854,0.74016345,10.86206,6.5329823,666.73535
7.2859473,0.4441648,0.24562332,1.9780062,0.06868618,34.060623,64.240715,0.9955454,3.3775969,0.6977101,10.826852,5.9339457,1210.0128
7.726225,0.46921906,0.22666842,2.20024,0.08082954,11.637726,32.04543,0.9960905,3.3283072,0.6554313,10.442932,5.890064,1017.94525
6.4416213,0.56205106,0.09919195,2.1199837,0.063331835,25.82055,53.995266,0.99490845,3.5211713,0.6739353,11.189095,5.931854,1121.7928
7.913918,0.30743998,0.44050363,3.0007696,0.07202516,20.419294,52.190533,0.9938745,3.2479508,0.67536485,12.547365,6.957645,1029.2051
7.973769,0.37325,0.46250394,9.701981,0.06848305,31.150696,152.13083,0.9969381,3.2168198,0.64333177,11.106887,6.1982274,694.7361
7.585823,0.61593986,0.12202187,2.3021002,0.07783535,8.885708,29.100096,0.9966197,3.346413,0.5874008,10.065215,5.331189,781.23083
9.003609,0.46327442,0.30903104,2.0821137,0.07869074,8.764012,23.414131,0.9968524,3.2412388,0.6263561,10.1440325,5.715358,843.6931
7.672831,0.55451614,0.14752044,2.2448618,0.082773216,11.881947,31.601763,0.99673945,3.3650975,0.63149333,10.036289,5.612022,707.3729
8.700306,0.40797073,0.35981995,2.234282,0.080559835,9.774224,28.095932,0.99665755,3.2724082,0.6660038,10.610634,5.957446,910.3738
7.598349,0.51636213,0.19137213,2.2413476,0.08085309,17.295265,42.460964,0.996435,3.3358428,0.6235569,10.074839,5.5865064,1096.2958
7.661689,0.8089503,0.072490185,2.1929553,0.08406943,4.56725,12.3208685,0.99626935,3.3514705,0.5108912,10.194329,4.9093223,1020.43286
7.862874,0.45017034,0.25465935,2.1994903,0.08099265,15.250367,38.068817,0.9965591,3.3390384,0.67907256,10.288418,5.9078493,970.6402
6.3216157,0.5441764,0.10610683,2.2427342,0.065208934,18.320778,43.640697,0.9943006,3.540915,0.65483546,11.751401,6.057003,1063.2698
7.4116325,0.4994686,0.19913365,2.000669,0.07127005,29.722532,64.80537,0.99622613,3.3662598,0.63337207,10.193853,5.548894,1039.4667
8.911203,0.35732636,0.44403926,2.38907,0.07822313,9.458221,21.90452,0.99575615,3.2685988,0.7020817,11.57515,6.575542,954.65393
7.7861743,0.5854262,0.1818081,2.341991,0.08565886,15.661117,55.235794,0.99720144,3.3521688,0.6154967,9.739865,5.357423,500.69742
10.015323,0.3844322,0.48537442,2.6489568,0.07989316,5.771848,20.346966,0.9968824,3.1930983,0.62149286,11.211053,6.233463,921.4979
7.5012765,0.43191582,0.26926795,2.0346437,0.07201449,31.833445,64.89366,0.9959306,3.376224,0.68876266,10.562565,5.798538,1099.7819
7.807549,0.5857037,0.1593137,2.1107328,0.07443338,7.9318953,22.175394,0.9960718,3.3182883,0.5848745,10.213782,5.482187,933.571
8.058609,0.66854846,0.21174984,2.5667133,0.08183186,28.368694,105.74119,0.9968878,3.2687812,0.5228581,9.6123705,4.884545,942.58246
7.541193,0.45716652,0.23004144,2.214151,0.07726163,13.013929,31.131586,0.9954795,3.3455682,0.6372138,10.849018,5.954902,1157.9365
7.5618525,0.6686481,0.09590213,2.2103748,0.08175804,8.919696,22.446447,0.9961854,3.3403268,0.5573515,10.155913,5.2233663,1132.8945
7.53551,0.32641378,0.3531181,2.2032063,0.0690617,17.204884,36.74111,0.99388593,3.329961,0.7405249,12.37657,6.871089,1123.8103
10.6722765,0.3435428,0.5050906,2.3056946,0.08691854,10.068269,27.532625,0.99763536,3.1864889,0.8189615,10.875169,6.679198,632.72974
10.433381,0.45037323,0.43270934,2.3827305,0.09287484,9.799032,31.846748,0.9986008,3.164957,0.6500158,9.911274,5.467023,576.6824
12.542347,0.31265047,0.6715626,2.3967865,0.083244696,7.5501857,20.784174,0.9983529,3.087521,0.9120619,11.492402,7.2381253,316.79352
8.999958,0.4105175,0.37413734,2.1493292,0.09555839,17.9726,75.24294,0.9975104,3.1426027,1.2982773,9.955925,5.9659615,447.3653
7.063877,0.6017992,0.13407974,2.2338,0.07655372,23.389133,50.74934,0.99573433,3.4447339,0.6233953,10.599066,5.550131,1092.9926
8.445691,0.33658102,0.44120663,2.2323313,0.06928167,7.5276275,17.953112,0.99469024,3.287931,0.6921945,12.146752,6.763131,1046.6942
8.340449,0.45716348,0.2939901,2.2558942,0.0837843,13.947697,37.415623,0.9970928,3.310618,0.66863775,10.151889,5.7229886,811.8857
11.634602,0.42665312,0.5154243,2.3069248,0.08670226,8.232546,26.837862,0.9990693,3.08304,0.6113005,9.846294,5.4921365,559.0173
7.5760975,0.62949926,0.11014134,2.2742188,0.082006894,10.469702,32.820805,0.996794,3.3595166,0.59786475,9.93549,5.3883314,710.371
7.483743,0.36355662,0.32477576,2.0466528,0.0677398,11.052669,28.326847,0.9937777,3.3556392,0.7044752,12.279704,6.7954035,1117.464
7.3033843,0.71215266,0.09311515,2.3882735,0.08197643,10.605926,27.498198,0.99608386,3.385159,0.56022257,10.334828,5.110229,1164.279
7.032249,0.60367924,0.087640345,2.2853835,0.078149535,13.847832,31.903406,0.9958412,3.4264376,0.6072115,10.549943,5.6313887,1121.7802
7.549595,0.3338387,0.34460095,2.04627,0.06863079,11.145415,28.790125,0.9937109,3.3358746,0.70181483,12.25874,6.8005157,1102.5771
8.448267,0.39243427,0.34138712,2.1110165,0.078021236,8.146914,21.714066,0.995909,3.271776,0.6537365,10.81421,6.0607443,1036.4509
9.813155,0.4214159,0.38805336,2.1867204,0.08717253,10.722087,29.829205,0.99792796,3.2124727,0.66865224,9.906942,5.709643,638.9296
8.523143,0.52442497,0.32409725,2.8717453,0.09213241,25.15342,88.52763,0.998035,3.308098,0.737733,9.855929,5.3137093,541.59204
6.8024755,0.4245734,0.2290587,2.0073295,0.06302087,15.217867,33.009842,0.99410963,3.426856,0.71243685,11.891022,6.6013217,1252.4055
8.46773,0.54103726,0.24120286,2.2302737,0.077657424,7.9581237,28.390339,0.9970066,3.2522845,0.5869515,10.024869,5.309345,757.1473
7.668027,0.6186631,0.16072151,2.3533702,0.081458755,22.257341,70.832565,0.996834,3.355493,0.5822933,9.787622,5.2418513,749.21735
8.694707,0.5736859,0.2677189,2.3713448,0.09496759,13.953434,58.94405,0.9978271,3.2629077,0.6290579,9.525781,5.235814,355.33035
7.6296177,0.59658927,0.223763,4.4333873,0.08959663,41.65673,118.37252,0.9976681,3.2779882,0.53592235,9.495699,4.958092,923.9394
7.9753914,0.45736188,0.2980389,2.3191314,0.08015824,25.39844,71.476555,0.99692446,3.3378747,0.6814605,10.1174755,5.57214,852.2741
6.8743343,0.8147547,0.07277179,2.3443718,0.074982576,26.145306,62.833176,0.9956812,3.5167336,0.56927216,10.663898,4.948015,1048.0327
9.536711,0.49733597,0.39329112,2.3823504,0.10032576,16.602488,55.859383,0.9983614,3.2397773,0.6804319,9.829394,5.4557095,550.8509
7.54599,0.4707485,0.2275203,2.3891196,0.06980781,8.303584,25.843191,0.99508226,3.3288772,0.5863171,11.169416,5.865425,1234.8251
7.2508864,0.5821516,0.11958383,2.3223436,0.08028044,15.294913,36.475468,0.996294,3.4095266,0.6191945,10.296502,5.6141524,999.2033
7.6441903,0.700467,0.10270801,2.2336326,0.08155377,7.1315103,20.37195,0.99649173,3.3408434,0.55580187,10.070625,5.144547,910.0433
9.982028,0.5696164,0.41010284,8.439971,0.10962956,30.001158,95.65978,1.0012971,3.2645845,0.7763312,9.65901,5.0346704,522.7419
7.8427362,0.49756056,0.21233733,2.1412601,0.07901228,8.922395,25.562952,0.99603736,3.304305,0.6294089,10.380029,5.7762704,1039.8397
6.325719,0.5150946,0.12980637,1.998987,0.061787445,26.895641,65.48882,0.9942297,3.5368648,0.6834561,11.765764,6.115934,920.85504
7.0811834,0.51464367,0.15832205,2.2520623,0.07368826,17.02049,34.748634,0.99552155,3.4171603,0.64283794,10.868965,5.889856,1180.8062
9.450999,0.38068932,0.44771376,2.5541337,0.08252519,14.19192,34.47388,0.9973344,3.274044,0.8271195,11.006908,6.3813286,706.7151
10.84762,0.36771634,0.5343519,2.60048,0.08343959,8.955433,25.49885,0.99768907,3.1844022,0.7401408,11.179258,6.5945535,666.38904
7.717213,0.56453717,0.17667432,2.3288083,0.08168169,16.157904,48.565544,0.9969248,3.3537252,0.61820817,9.903962,5.417134,772.2427
8.271081,0.2847979,0.44436544,2.332005,0.06239874,15.386531,29.238121,0.99366224,3.2687354,0.8246011,13.268007,7.5376654,971.09424
7.9252906,0.55402124,0.18111363,2.2014952,0.08101355,9.376397,28.787851,0.99675214,3.3060415,0.6042784,9.985747,5.490314,763.2724
7.227545,0.46949887,0.2026102,2.2419224,0.077076465,16.485998,35.05698,0.9953593,3.3697479,0.64995486,10.905681,5.9740114,1190.9366
9.162209,0.46484622,0.3235203,2.2192085,0.08653736,11.471941,33.55081,0.99773186,3.24898,0.66441447,9.831323,5.6077256,559.1458
7.571398,0.7148883,0.13279444,2.3803911,0.07923622,29.823036,87.13764,0.9965465,3.3614936,0.5217054,9.924096,4.911824,963.9075
7.056274,0.5788301,0.09824735,2.2208333,0.07648895,12.152307,28.679132,0.99564475,3.4149122,0.61730725,10.591467,5.72532,1146.3447
7.653521,0.5470697,0.18857387,2.2143562,0.08012404,23.398031,64.1703,0.9965447,3.3219082,0.594284,9.906985,5.4002576,1125.064
7.3295608,0.69526917,0.0952847,2.2985578,0.083281085,15.186105,34.884453,0.99642205,3.4204032,0.5821706,10.197386,5.2605014,937.68634
7.4286275,0.46104553,0.22060078,2.2294276,0.074277,12.635374,30.379694,0.99533755,3.3560972,0.6283033,10.900691,5.952214,1155.5024
9.940687,0.43048844,0.42432383,2.38672,0.09922209,12.901671,40.371506,0.9983581,3.225433,0.70946985,10.056547,5.6899414,569.5335
9.861954,0.48580968,0.42185384,3.8342388,0.0798774,13.210809,47.75466,0.9989058,3.2737288,0.64819276,10.784738,5.7350426,513.63086
9.303786,0.45628926,0.3445457,2.1285436,0.079850286,7.0616727,21.510878,0.9969843,3.2072434,0.59762317,10.207046,5.618525,976.8421
6.7438307,0.5187932,0.14434285,1.9039567,0.057527907,39.996902,82.751045,0.9949987,3.458033,0.67038107,10.896653,5.7247653,1131.0529
8.436045,0.8931352,0.10773367,2.294371,0.08302502,6.3058095,23.497847,0.99706817,3.3362176,0.51545143,9.726649,4.6510606,374.54092
7.2985897,0.6348936,0.11337091,2.451147,0.08031369,18.19266,54.64532,0.9963028,3.3658297,0.5832152,10.136061,5.3291655,1053.4402
7.7337837,0.71059084,0.14326207,2.390534,0.07900197,23.981646,75.40417,0.996674,3.332339,0.5370553,9.7884655,4.9364247,945.16766
7.7625527,0.42688268,0.27328345,2.1926582,0.077450916,25.530306,61.16692,0.99675727,3.3583014,0.7133327,10.066767,5.7629404,849.38556
8.205381,0.6153358,0.16174996,2.1345346,0.07981158,7.1102214,22.914621,0.99685174,3.2661235,0.56817514,9.779542,5.2487106,707.56256
10.168858,0.33110484,0.539507,2.338221,0.07496937,6.4185967,20.383547,0.9964156,3.1948876,0.72938377,11.608488,6.785365,777.20886
8.562753,0.5584718,0.31327307,2.8836534,0.10200713,29.42673,100.39527,0.99796796,3.2683647,0.6499939,9.734023,5.2422223,682.1121
6.9743724,0.6463139,0.07549693,2.2276535,0.080414146,11.42402,25.017738,0.9954725,3.412444,0.58045024,10.744023,5.4837046,1275.2465
6.9395146,0.56207687,0.13850549,2.0875263,0.07162501,8.366191,18.99569,0.9946631,3.3839395,0.5878158,11.181364,5.803813,1279.4667
9.947734,0.46202525,0.43381017,3.89455,0.08471454,16.290373,55.542885,0.9988528,3.2677202,0.719477,10.727046,5.852436,591.2073
8.062422,0.5669425,0.22896324,2.2256505,0.087151475,28.430313,95.93547,0.9967883,3.262039,0.561954,9.642939,5.2069654,831.1694
6.2915626,0.7739622,0.06974423,2.2210884,0.07059753,20.437256,50.59256,0.99448895,3.627455,0.6085724,11.683441,5.2826414,985.15564
7.7016797,0.35340324,0.32055953,1.937588,0.069458194,12.928314,30.851332,0.99525976,3.3492005,0.7735474,11.320699,6.610381,1085.7524
8.540867,0.46540135,0.3107278,2.275012,0.07916959,10.162284,32.06323,0.9969138,3.276449,0.6213533,10.330601,5.5956097,898.06635
6.5563736,0.7250795,0.072497204,2.411033,0.075808935,7.238642,15.210109,0.99415094,3.4520028,0.516352,11.743326,5.240376,1528.541
7.048655,0.5654478,0.12923561,2.291065,0.07606117,19.09714,39.85935,0.99561214,3.423944,0.62138116,10.756313,5.7535567,1177.1648
6.309623,0.5814034,0.11889841,1.9567599,0.052403312,3.487186,12.253203,0.9916209,3.4057443,0.51834095,13.213154,6.2719665,1462.1926
8.247743,0.49303082,0.24446295,2.2107592,0.08615029,11.322236,35.83513,0.99710584,3.311951,0.66952944,9.949539,5.6965475,593.8507
7.541878,0.62679166,0.11150855,2.2838612,0.08114292,11.625073,31.35393,0.99626666,3.3365703,0.5701451,10.090064,5.3243666,1117.6289
10.495322,0.5004844,0.40799573,2.5661528,0.08972535,11.491003,37.761665,0.9988883,3.1656005,0.61682826,9.738809,5.083537,515.3561
8.316318,0.45315877,0.2655657,2.1097784,0.08064325,6.6214433,17.202293,0.9960212,3.2488267,0.5864234,10.485224,5.667349,1171.954
7.2560544,0.5525191,0.14282262,2.292145,0.08038997,17.289038,39.830265,0.99637645,3.416483,0.63838667,10.246794,5.731841,936.83844
8.418232,0.32069498,0.50118023,3.4250557,0.07249072,28.368551,62.020485,0.99541104,3.2631676,0.7853417,12.05778,6.68605,943.3885
8.496255,0.5516797,0.2858327,2.560852,0.09129946,24.380407,93.8373,0.9974658,3.2534902,0.6209884,9.6403,5.2781205,658.15674
9.75618,0.40421274,0.46575958,3.8127403,0.091349415,10.183506,33.29407,0.99793977,3.2380412,0.71120316,10.973857,6.104518,744.0042
8.703995,0.60961145,0.291329,2.480359,0.087599635,21.75097,90.96967,0.99762464,3.2472768,0.59030163,9.490718,5.103553,426.6571
7.378445,0.39232907,0.2853962,2.0450943,0.06976206,30.397388,59.175747,0.99539495,3.379301,0.7328462,11.195979,6.24151,1164.7433
8.970792,0.4720417,0.35357195,2.546302,0.086681314,16.3695,51.39139,0.99787307,3.2862225,0.6663142,10.20133,5.5706077,676.6393
9.49355,0.40423015,0.45726237,3.2303622,0.08461937,11.029399,30.672178,0.9974405,3.2611248,0.7015969,11.275618,6.236765,753.1211
6.6801395,0.46251255,0.17989163,2.1448216,0.06993853,21.579165,47.817127,0.99443567,3.4545012,0.68240327,11.708645,6.2101893,1094.7338
7.746396,0.46598223,0.2468566,2.2437186,0.07905523,27.75469,74.498215,0.99672544,3.3460245,0.645246,9.938032,5.5520105,912.82477
8.315543,0.7657578,0.18241604,2.4941146,0.086596705,17.66929,81.11105,0.99745613,3.3116307,0.57027274,9.44428,4.837669,63.714252
8.24755,0.56076664,0.26653495,2.4550283,0.08679839,27.472721,101.87485,0.9972972,3.2597303,0.5542277,9.555819,5.1363225,780.9309
8.386263,0.5070854,0.26231307,2.2066004,0.107632205,11.950504,44.748615,0.99750596,3.293465,0.6802771,9.742392,5.6059785,455.73703
8.486873,0.4034643,0.3548048,2.3538039,0.083361976,17.926197,44.85882,0.996647,3.2945836,0.6835694,10.538892,5.9628267,970.76654
7.686061,0.5040009,0.19533575,2.2621164,0.08079541,15.492274,38.06381,0.9965218,3.3405716,0.63102317,10.07781,5.644085,994.4692
7.562422,0.6836249,0.09805381,2.2736723,0.080072135,8.7902975,23.74946,0.9964508,3.3572297,0.5649027,10.099036,5.1945457,898.3724
7.7798743,0.54738474,0.16931313,2.29184,0.08333117,12.824195,35.031567,0.99654436,3.3136919,0.6054377,9.995046,5.518548,1013.0577
7.8733816,0.3854084,0.33547476,2.2432606,0.07760839,30.981113,64.82372,0.9963202,3.343419,0.7496769,10.6345825,5.904792,1049.7664
8.687656,0.45579222,0.29284096,2.2671347,0.08665674,13.006691,38.79809,0.997551,3.2995806,0.6849881,9.914865,5.717721,562.92926
8.984895,0.36949277,0.45193788,3.1766303,0.08507775,9.499619,20.447844,0.99597675,3.2635028,0.67891586,11.846504,6.555094,947.2715
7.4100595,0.62387896,0.25412345,6.464129,0.11254808,46.462868,121.551216,0.99891496,3.3297527,0.62379336,9.539481,4.947849,708.4905
7.349276,0.3443004,0.33511898,2.2718885,0.07711188,16.128222,32.190292,0.9940891,3.332486,0.69606495,12.145814,6.6133175,1161.1205
8.48594,0.5089348,0.2412466,2.0736501,0.07830354,7.913705,20.843576,0.9966616,3.2472074,0.5938548,10.101638,5.533437,1027.5416
8.659686,0.5887868,0.2754974,2.4069557,0.08576163,17.345627,68.67408,0.9977972,3.2657914,0.59840316,9.588361,5.149936,535.73126
7.6121135,0.27811947,0.38601205,2.1472917,0.06254548,18.38274,38.952328,0.9934246,3.3260355,0.80943996,12.946715,7.347461,1051.8173
8.976747,0.5125422,0.3681691,2.6233807,0.09937287,22.919083,86.288635,0.9983371,3.2664835,0.76460516,9.73158,5.2478867,474.6578
9.90766,0.37851313,0.44670552,2.4320908,0.08503999,11.499082,29.576756,0.9976472,3.2501388,0.7987923,10.746821,6.383428,653.32605
7.184093,0.5413401,0.22058229,7.0896487,0.08330483,33.90145,107.37917,0.99841404,3.3346164,0.5224522,9.6958,5.260362,773.0304
7.452433,0.7404414,0.10774292,2.4620414,0.079350375,16.618456,52.78245,0.99687725,3.413775,0.57056075,9.970557,5.0248117,647.6357
8.038879,0.6062845,0.15248796,2.1270585,0.08055276,8.243092,26.977453,0.99687815,3.297191,0.5941408,9.790704,5.362023,616.55334
11.23232,0.3879499,0.5207599,2.475532,0.08936193,11.092085,30.366373,0.9987988,3.168011,0.76739156,10.442875,6.1729493,508.42783
11.26188,0.49124676,0.48698622,2.7293675,0.09181582,13.34868,44.53988,0.999435,3.1520145,0.6579425,10.058502,5.2284737,469.59753
7.8582897,0.7190697,0.11957994,2.3990524,0.08367229,11.438156,36.824955,0.9970528,3.3672514,0.5784192,9.866376,5.1410203,572.9403
8.335043,0.33549687,0.3806889,2.2897804,0.07156713,17.23527,36.5798,0.9954418,3.309484,0.77111334,11.573841,6.696607,998.846
8.088842,0.7770458,0.11738816,2.3910592,0.08526105,10.052571,39.60655,0.99725044,3.3604248,0.56876415,9.706933,5.0451446,290.86234
8.037535,0.39130017,0.3101578,2.13026,0.0798411,10.52767,27.755878,0.9959281,3.3258715,0.6960738,10.845377,6.219206,970.1841
14.204141,0.3864027,0.6444314,2.4122674,0.08897981,6.123553,26.383083,1.0007173,2.9491584,0.69523054,9.885389,5.866214,334.69397
10.144292,0.43509063,0.41411218,2.1819186,0.09236522,9.92065,29.07019,0.99825525,3.1913524,0.6641425,9.818631,5.643113,528.51715
8.063832,0.46012157,0.27345392,2.2546027,0.08278559,14.667428,39.5833,0.9967265,3.312267,0.6464221,10.190556,5.725577,961.0804
6.624011,0.48883024,0.183309,2.2028189,0.06699345,12.25019,26.658976,0.9937938,3.43314,0.63279176,12.016723,6.264793,1280.8325
8.470384,0.34786054,0.41225308,2.3025858,0.07642273,8.743351,21.895868,0.9951797,3.2864156,0.6752276,11.644278,6.539712,1057.6005
7.2466865,0.33663106,0.32091132,1.8456609,0.06448217,32.32188,69.55341,0.9946561,3.3240423,0.73864406,11.431966,6.267784,1165.9382
7.7854447,0.64973444,0.12857074,2.351507,0.08221031,10.410768,33.426662,0.9969516,3.3528404,0.5930214,9.871601,5.267276,602.95496
7.4458537,0.58862776,0.107941344,2.225678,0.080546744,9.441642,26.109972,0.99634176,3.3656087,0.60339344,10.134698,5.539459,903.32684
6.79703,0.48378915,0.1631142,2.3112528,0.07074704,14.426928,31.102085,0.9943675,3.39711,0.62182313,11.635218,6.057023,1285.7444
8.8765,0.4463977,0.3959904,3.643492,0.078527465,16.292284,55.958374,0.9977997,3.2928295,0.69977325,10.671203,5.8426313,676.04785
9.167906,0.35838845,0.45265034,2.4554763,0.08299619,11.428755,23.916336,0.9963092,3.256167,0.7369743,11.3130865,6.536083,899.7507
8.2552805,0.35642353,0.34523457,2.1179423,0.07893291,12.299834,30.153107,0.9961755,3.3199227,0.79091746,10.935973,6.5186996,964.5257
8.697445,0.4577604,0.3235061,2.2580557,0.08106939,10.558256,32.084015,0.99712163,3.2737093,0.6317088,10.277784,5.5991597,824.91895
11.756485,0.4128325,0.5361653,2.4846048,0.090614684,11.43533,36.30319,0.9993328,3.1245568,0.71225476,10.191497,5.8456907,511.1483
9.933698,0.56240636,0.4465303,2.8272464,0.12856203,22.4318,85.41369,0.99897593,3.1986432,0.76360136,9.684845,5.0466094,518.865
7.8191257,0.5501658,0.18069436,2.264069,0.08484615,12.728036,42.45869,0.9968479,3.3122904,0.6148592,9.779069,5.3995423,722.30505
7.6037974,0.6085491,0.12111598,2.2885334,0.08087129,10.731305,31.077888,0.9966583,3.3474934,0.59378064,9.983212,5.3746457,820.18396
6.3457537,0.5551125,0.13630645,2.0511591,0.06557509,8.38503,23.397715,0.99316585,3.4683266,0.6021085,12.387924,6.2416353,1275.2599
7.4212623,0.6816039,0.10699634,2.132149,0.08357682,12.995278,50.393093,0.9969043,3.3801694,0.5965508,9.701609,5.240776,289.6146
7.6360135,0.5890844,0.14577204,2.2429378,0.08508778,12.766013,43.44699,0.9970715,3.3572412,0.6172318,9.78105,5.428629,530.6412
13.907528,0.46341577,0.62521476,3.0947294,0.089589216,10.808778,35.950966,1.0011883,3.033455,0.7466915,10.492293,5.9399886,327.92462
7.8226056,0.52460676,0.19068208,2.220439,0.08208447,11.006579,31.163658,0.99657774,3.3121681,0.61458546,10.092824,5.5978823,900.9659
10.935946,0.53471756,0.4949559,2.9345984,0.09802799,19.560953,72.33869,0.99955946,3.1922681,0.72262585,9.942936,5.053116,463.7341
7.877927,0.4159261,0.29963928,2.1618543,0.071806595,9.620083,23.31968,0.995074,3.3323853,0.6641064,11.3117,6.334214,1107.727
7.0201635,0.5343326,0.16793792,2.0536313,0.07401448,9.800161,22.493784,0.9946455,3.4012241,0.62327456,11.323489,6.0502353,1197.9939
9.832879,0.46420795,0.38152394,2.2782562,0.082124084,10.489924,32.565105,0.99807847,3.2043872,0.6244775,9.896888,5.435926,581.5984
7.661231,0.6672233,0.13670796,2.339124,0.08022821,18.585642,55.982315,0.99681985,3.3574648,0.57509106,9.868613,5.159857,844.2811
8.178331,0.35136986,0.39949676,2.4963422,0.07395659,14.68502,28.722319,0.9949022,3.2957551,0.72409314,11.993731,6.711905,1064.3273
9.7978115,0.5558693,0.38288724,2.7759886,0.09655882,16.838812,69.347565,0.9987545,3.2112987,0.64963746,9.629912,5.004319,493.54758
8.406991,0.566558,0.28096068,3.2492385,0.105892844,34.861683,98.53456,0.99790937,3.2608647,0.6153173,9.596079,5.1852565,853.9171
7.5964255,0.3602892,0.33411434,2.1367168,0.068085216,15.519611,35.188046,0.9945716,3.3644447,0.7297249,11.803367,6.6454663,1115.5328
7.750423,0.56714773,0.26205093,4.974603,0.087575875,32.6401,105.105095,0.99829495,3.3239112,0.59262276,9.716874,5.1714244,605.43317
7.6958995,0.80308086,0.13729924,2.538848,0.08355935,24.992136,89.38576,0.9969,3.3741074,0.5185916,9.79599,4.720398,594.1624
6.643157,0.51929283,0.16101743,2.1038554,0.0674451,12.149167,30.994244,0.99392456,3.4504788,0.6116995,11.90113,6.111013,1177.933
7.2384644,0.62372303,0.10690302,2.2931647,0.07957021,15.606523,34.684338,0.9960355,3.3994298,0.5891335,10.394464,5.479383,1155.8643
7.9169846,0.5243914,0.20500278,2.2038445,0.07937577,9.910406,29.07916,0.9966679,3.3110237,0.61874205,10.162238,5.539702,822.29724
14.026852,0.4451805,0.65176105,2.6145463,0.08047592,9.198787,31.628107,1.0007827,3.0133698,0.71368635,10.464992,6.069298,306.1894
9.375479,0.41799325,0.40625504,2.458542,0.09646478,16.155655,54.712673,0.99791485,3.229057,1.0009354,10.115462,5.9239554,547.7424
7.0801754,0.6040432,0.10986328,2.2614205,0.07449832,26.34441,57.126987,0.99639285,3.4522085,0.63665307,10.059543,5.546839,863.23566
7.416317,0.7202486,0.09418954,2.2483313,0.08234686,15.435968,57.70228,0.9969256,3.3945801,0.5831002,9.697403,5.1708064,318.95023
7.900579,0.31196624,0.38761312,2.000426,0.07117629,9.585953,25.005735,0.99406517,3.311961,0.7271714,12.145842,6.9069686,1110.9529
8.102202,0.5246871,0.22113992,2.2617793,0.08767935,13.423816,43.2963,0.99735284,3.3296525,0.6422802,9.804831,5.5095716,513.545
7.845236,0.5721199,0.1683977,2.2884545,0.08335078,11.432445,38.46418,0.99706995,3.3274446,0.62221545,9.834954,5.422681,603.97754
7.5978518,0.56108725,0.16328101,2.3182216,0.08247889,16.59646,46.982838,0.99697375,3.3733878,0.62268054,9.922661,5.511514,769.593
13.30954,0.31396738,0.60838306,1.8771813,0.08077899,5.8036,19.458319,0.9992585,3.0099766,0.7684309,9.83006,6.4047246,357.21393
6.7303925,0.69507164,0.08729406,2.2833827,0.075898536,18.246565,41.134556,0.9951349,3.5026042,0.5982601,11.13003,5.439597,1134.7395
9.0640745,0.6281735,0.35952634,2.6915216,0.12163519,26.632189,102.51779,0.99808306,3.2258844,0.6413974,9.509394,5.014669,526.13574
7.666987,0.3872157,0.33633152,2.1787386,0.07595946,27.239271,52.52261,0.995457,3.3330615,0.71718574,11.063141,6.1750164,1155.7576
8.041102,0.6633087,0.195822,2.2632322,0.087504335,46.765053,144.6276,0.99638844,3.2494884,0.4488074,9.526764,4.873059,1102.017
9.563831,0.38380355,0.52266574,6.204915,0.0869299,5.758783,20.87976,0.99746,3.2163486,0.6456174,12.131966,6.5524387,755.9482
10.517296,0.3226683,0.58036834,3.04811,0.072365746,12.450421,26.28364,0.9964785,3.1748817,0.94785225,12.751907,7.5369244,488.65698
6.5471625,0.6168844,0.11380555,2.0913286,0.068673536,29.52027,60.32168,0.995016,3.5313804,0.6421781,11.053604,5.650663,1048.8687
10.401104,0.39119467,0.55544907,4.337444,0.08469798,8.426618,25.599817,0.9979614,3.2198246,0.6972715,11.959492,6.600286,643.16595
8.436089,0.3851187,0.34772852,2.1249769,0.079315454,9.5454445,26.288347,0.9963535,3.3001902,0.6926507,10.7474575,6.0717154,899.7725
9.084269,0.45474407,0.35682407,2.2845626,0.08314955,10.251858,33.68871,0.99743944,3.2348938,0.6169094,10.181778,5.532486,796.95685
7.516421,0.8571168,0.09669855,2.439658,0.084031604,18.639088,67.59669,0.9969073,3.4067118,0.53326243,9.920016,4.7016187,425.96948
8.072781,0.54570407,0.19706203,2.2336197,0.08214158,10.735972,31.682692,0.99692905,3.305486,0.6169644,9.910633,5.468591,720.34015
7.847035,0.6547545,0.111338675,2.1902955,0.07939381,7.308785,23.036995,0.99666977,3.3114517,0.55768126,9.877559,5.178534,805.26276
8.271245,0.5743076,0.27423877,2.516367,0.08862184,22.874182,92.93659,0.9974604,3.2728128,0.58115816,9.599977,5.1668463,550.2472
8.38009,0.5811807,0.2510621,2.3887517,0.087362796,17.213284,66.94551,0.9975451,3.2815804,0.61049265,9.597487,5.2389293,456.02786
10.677826,0.44748467,0.44883028,2.5665905,0.094843045,11.8766365,38.756363,0.9988896,3.1743042,0.66686904,9.980508,5.4324317,553.1134
8.053859,0.42225268,0.33179575,2.2506738,0.074009776,28.784367,73.48538,0.99653554,3.318722,0.7022277,10.317678,5.729803,970.1097
9.852347,0.4768736,0.3632914,2.0935438,0.07770181,8.064754,23.74246,0.99750775,3.176333,0.5931348,9.938455,5.489947,827.0065
8.641876,0.57666534,0.2785268,2.3998845,0.08783566,16.924076,66.903946,0.9977856,3.2589934,0.61485773,9.5485735,5.1932936,467.43063
7.6846375,0.82041717,0.06480953,2.2115045,0.084038846,7.3631206,21.931137,0.9966778,3.3891487,0.5493016,9.95534,4.957449,512.30475
12.416504,0.3787958,0.61423045,3.1246018,0.08370159,8.6006365,27.909336,0.9991933,3.1274855,0.8722071,11.460703,6.880117,303.17978
8.785941,0.32863063,0.46607062,2.2713628,0.07415734,32.875355,82.01987,0.9965586,3.2324889,1.0342699,11.012487,6.2717896,814.46533
9.097188,0.35883301,0.40724686,2.1863859,0.08315093,8.85563,23.763203,0.9965795,3.2475996,0.70780784,10.697022,6.212634,923.5597
10.63894,0.44813418,0.53025883,4.594501,0.080431834,16.738394,50.991,0.9991742,3.245928,0.784789,11.33195,6.194579,462.31003
8.050103,0.75269145,0.109222874,2.3919694,0.08459052,9.514335,33.501617,0.99705803,3.350208,0.5577222,9.794775,5.061762,587.7072
8.864858,0.4193336,0.43028972,2.302762,0.1735638,13.624631,48.546333,0.99726444,3.2188246,0.9520347,9.9873905,6.0544605,618.1147
8.146642,0.69087225,0.19675893,2.5685372,0.08510812,21.092232,86.358246,0.9971854,3.2954524,0.5550144,9.582208,4.990218,511.4867
8.056768,0.39977792,0.29987806,2.1993012,0.077569075,12.336664,29.995686,0.9958748,3.3235402,0.68365985,10.822799,6.2178993,1047.534
12.825134,0.39261392,0.6171092,2.6226258,0.09078104,11.518043,36.874348,1.0000572,3.0855653,0.86150783,10.602136,6.350671,333.25284
7.699002,0.53278553,0.17857926,2.2217305,0.074083515,7.693596,20.343155,0.99548584,3.3088927,0.5699946,10.613077,5.583692,1223.9341
7.939378,0.45234668,0.2434188,2.1471632,0.080858134,10.559009,27.401512,0.9960301,3.2965925,0.62678844,10.428356,5.821901,1101.7782
6.908086,0.49576744,0.18119359,2.1902597,0.07062842,13.817055,28.26836,0.9945455,3.4267998,0.63837004,11.523683,6.10281,1215.1765
8.450259,0.3798594,0.37012818,2.4495175,0.07859141,17.700022,38.141506,0.99636203,3.3261726,0.7343376,11.081317,6.267409,931.8603
7.149253,0.47423005,0.20326523,2.1647778,0.07237456,12.356233,28.424927,0.9947704,3.3949144,0.6410802,11.356393,6.158526,1207.9579
8.148401,0.4968507,0.26526546,2.375958,0.083120264,15.52809,52.681007,0.9971715,3.2872353,0.62438416,9.902315,5.4727488,913.83844
7.8750563,0.5650372,0.16341732,2.1833222,0.07925331,7.38767,17.279858,0.9958499,3.2802684,0.54982805,10.332261,5.429611,1219.7128
8.5198555,0.4407985,0.32601994,2.3125217,0.083607815,16.327562,47.575806,0.99752873,3.3322473,0.7426576,10.074121,5.8110127,593.7026
11.177239,0.40571365,0.5739285,4.5647445,0.084938794,11.77581,36.734787,0.99871916,3.1881948,0.83637154,11.754309,6.6755667,437.16754
9.75079,0.6475592,0.41196284,4.242685,0.103097685,26.200264,114.88676,0.9995468,3.2354352,0.6360049,9.513259,4.568801,370.56534
8.321554,0.53489643,0.23611163,2.2524002,0.08909623,12.381797,47.25799,0.99758625,3.3093011,0.6486199,9.66774,5.459317,390.738
8.653429,0.30576822,0.4702432,2.180325,0.06360161,4.624966,14.032115,0.9940195,3.254727,0.6800208,12.550615,6.9774413,1092.1023
9.459735,0.3461716,0.4922842,2.4029942,0.079129845,7.118857,18.260681,0.99601805,3.2274344,0.7043024,11.563325,6.611738,921.7509
8.015526,0.43159428,0.26638514,2.118055,0.081422724,11.275115,29.12799,0.996217,3.3230116,0.7011312,10.558029,6.1359925,977.0918
6.5664406,0.35123068,0.2611452,1.9760854,0.060988642,26.096746,63.618595,0.9933443,3.4660728,0.76564443,12.557764,6.7051826,994.67883
7.784662,0.60139555,0.18312798,2.3525605,0.08479677,21.096058,79.19098,0.9971191,3.336417,0.5906511,9.606669,5.283427,434.42136
9.569127,0.43455222,0.40621805,2.4105952,0.08738975,13.828919,41.01525,0.99801576,3.2545657,0.6761021,10.226869,5.674777,658.84924
7.5031734,0.53937006,0.1834771,2.1925995,0.078497715,24.884823,63.07342,0.99636734,3.342666,0.6068458,10.001201,5.481915,1158.231
7.3138003,0.5129928,0.21756724,2.0549376,0.0693767,37.853394,102.11956,0.99532926,3.289211,0.55235946,10.327667,5.3822,1320.69
7.625004,0.6954459,0.12754335,2.3819952,0.083583675,18.815725,65.24245,0.99705285,3.382683,0.5777265,9.775992,5.1758504,441.23486
8.471756,0.40597582,0.36346638,2.711635,0.08187409,16.422995,43.1938,0.99657816,3.2993524,0.67607087,10.791082,6.0175533,921.2536
8.711702,0.5919546,0.23571342,2.2983835,0.09415074,11.157499,52.223866,0.99779177,3.2667847,0.6261267,9.448618,5.1809206,218.90346
6.8962827,0.61964643,0.11908391,2.1255724,0.07024589,31.154724,62.594433,0.9955352,3.4436164,0.617712,10.531266,5.424551,1190.4885
6.633811,0.643449,0.05828387,2.2222555,0.07166067,21.10801,41.62056,0.995395,3.482398,0.6134601,10.719276,5.638902,1145.0546
7.0559797,0.5542765,0.12840289,2.1889548,0.07672151,10.784244,25.273182,0.99515265,3.4054778,0.60920525,10.980908,5.827984,1196.2234
7.551174,0.58069026,0.15368202,2.3764389,0.08082049,16.441837,46.338936,0.99653316,3.3470385,0.5913566,10.081347,5.4479613,1077.9141
7.891912,0.37630963,0.33158532,2.2186048,0.07732581,15.357778,33.4577,0.99542475,3.3183644,0.69164765,11.155596,6.300645,1104.5378
8.117844,0.61599916,0.14688237,2.1942465,0.081057645,8.479015,28.154028,0.9970295,3.293698,0.578884,9.708247,5.323653,579.1945
7.8894773,0.60889244,0.13779886,2.2418783,0.081206255,9.4399,29.292667,0.996803,3.3145373,0.5847149,9.828905,5.335432,760.748
7.6900716,0.64259374,0.1351505,2.348134,0.08374744,14.87152,53.498974,0.99717546,3.3615525,0.5998868,9.715373,5.2677307,468.59576
8.672897,0.3733633,0.49286696,5.762798,0.06581029,23.99463,96.46778,0.9961979,3.2214048,0.69057846,11.694476,6.4658756,827.899
11.016728,0.5685001,0.48235124,3.0297298,0.09855439,17.79848,71.89134,0.999633,3.1791728,0.6598441,9.849848,4.7804294,416.5765
6.1459374,0.3733679,0.22426526,1.8877618,0.06119278,19.41642,54.866737,0.99237365,3.481022,0.74079293,13.163207,6.8621826,972.41815
8.595153,0.5630865,0.27165002,2.4468906,0.09071797,16.1974,69.83009,0.99756706,3.2455113,0.6252079,9.531429,5.2273536,463.57394
6.2506223,0.675488,0.061102096,2.168993,0.06676024,23.258654,51.115246,0.99468315,3.5699503,0.62252086,11.335936,5.5943804,1087.2134
13.239744,0.4165274,0.6339622,2.6817887,0.09319195,11.003094,34.33948,1.000492,3.059331,0.82514733,10.5434265,6.2578006,303.3965
6.5555315,0.3556951,0.26647586,2.012969,0.057617847,22.494242,59.928867,0.9928905,3.4646566,0.7700522,12.818967,6.895342,985.91626
10.294384,0.48163497,0.34949443,2.2660375,0.119478665,4.1891065,22.486654,0.9990235,3.1466408,0.6792619,9.196705,5.2354326,229.96712
7.4165473,0.5623576,0.14988565,2.141751,0.08390477,18.183203,52.08262,0.9966335,3.387575,0.6731874,9.736797,5.565779,547.9214
8.863246,0.4127208,0.37555805,2.4123943,0.084026605,19.724953,55.56433,0.9972988,3.2779639,0.7627361,10.178944,5.925383,840.506
7.7755494,0.58100843,0.14806014,2.2178793,0.081836455,10.32651,30.237196,0.9968098,3.3386624,0.6105357,9.902848,5.4546285,663.36914
8.117554,0.73619986,0.11918783,2.2651892,0.08472972,9.017353,37.745335,0.997288,3.3414047,0.5782063,9.54883,5.052526,116.04768
9.404312,0.38326842,0.43640012,2.487629,0.086721554,11.792221,32.901714,0.99712837,3.2613707,0.75987005,10.902598,6.3100095,771.05646
7.8569574,0.6760935,0.12590559,2.2644262,0.085540794,10.487863,41.971535,0.9971289,3.3556082,0.596748,9.617468,5.243372,219.18764
8.380264,0.5745285,0.25309384,2.3737695,0.089579076,16.26693,67.53345,0.9974336,3.2689545,0.6216826,9.542496,5.257092,442.14014
6.979693,0.6779376,0.077254474,2.2264993,0.078865245,14.80111,29.173521,0.99564886,3.4455688,0.58698577,10.669714,5.427199,1208.8175
6.5706253,0.7374097,0.034446213,2.2745397,0.07512138,6.541617,13.960462,0.994693,3.4587245,0.5405012,11.339625,5.195655,1431.6957
5.1789975,0.63926464,0.01788068,1.9262899,0.05286923,18.3072,59.146,0.99280953,3.726503,0.6707198,12.9468,6.0523996,819.5314
8.038328,0.6102661,0.15993989,2.272378,0.08484165,10.777476,40.042847,0.99717265,3.3102982,0.6069451,9.636245,5.351973,430.7872
7.9371786,0.64527386,0.19728106,2.4620163,0.08785936,22.467628,87.654976,0.99721766,3.3126402,0.5676416,9.574392,5.1271763,455.03424
8.168425,0.5610042,0.2833946,2.6746721,0.0903983,34.57797,105.43604,0.9974011,3.2940562,0.6250669,9.829399,5.1512403,794.34515
8.261361,0.57473826,0.26459488,2.4620566,0.08761642,21.028189,83.979576,0.9974362,3.2854092,0.59720427,9.614751,5.1993327,511.06744
8.800384,0.54322,0.3177045,2.314123,0.10816011,15.512636,69.58542,0.9979325,3.2418456,0.683613,9.491856,5.2275124,335.45056
12.227241,0.4057268,0.58955,3.1761715,0.0851583,9.308924,31.57989,0.9993291,3.1383388,0.87213016,11.289962,6.744704,310.6727
7.307663,0.5409389,0.16003644,2.2713563,0.07820927,23.308226,50.126934,0.99617475,3.3983643,0.6397602,10.368179,5.638172,1041.449
8.172841,0.5542891,0.24984194,2.2126944,0.09417854,23.971811,79.45918,0.9970942,3.286183,0.6574176,9.680984,5.366874,657.0847
7.7808614,0.47771013,0.2902694,2.2122571,0.10985758,27.74104,106.146454,0.99752617,3.1678305,1.3149849,9.489,5.1186643,404.48712
7.7373686,0.59860384,0.16034634,2.1986334,0.083000116,12.998388,47.417637,0.99725384,3.3628216,0.63176244,9.67414,5.4067917,307.71448
8.379524,0.55228233,0.28130642,2.7843778,0.09019376,27.032614,97.34122,0.99761814,3.271678,0.6157046,9.706988,5.2449503,727.0272
7.551939,0.6355325,0.12756938,2.2651932,0.0813546,16.670734,54.693253,0.9970818,3.384604,0.5976668,9.730592,5.3047943,505.79132
7.5210614,0.6534628,0.09511027,2.2252061,0.07973456,8.873848,22.80582,0.9962531,3.3425148,0.56287205,10.148271,5.296424,1056.1609
8.135201,0.31486708,0.4027452,2.1751256,0.072180666,24.638996,50.43649,0.9952213,3.29531,0.77090704,11.56833,6.556687,1079.3923
8.196818,0.5340682,0.23948328,2.29157,0.09038128,14.077299,54.242607,0.9975702,3.3134947,0.6632684,9.663156,5.4269223,372.60953
7.3996196,0.50605017,0.19846657,2.2156444,0.07843376,22.716547,45.982594,0.99614215,3.3945785,0.65530145,10.384381,5.806914,1093.4955
8.742744,0.3723972,0.36794668,2.2120752,0.087017626,11.356227,30.82643,0.99685,3.2927086,0.7574772,10.524106,6.274094,851.3113
10.497788,0.42796427,0.46615282,2.5387123,0.09867499,13.164902,41.273155,0.99870425,3.19822,0.7228492,10.139727,5.6828322,582.8274
7.3734245,0.7714683,0.08992511,2.4648938,0.07930521,17.978893,50.6195,0.99657434,3.4297626,0.5584719,10.134598,4.9999976,857.21826
7.2963324,0.5872491,0.1378601,2.2647915,0.07882121,21.308504,47.960686,0.9962077,3.3975666,0.60976124,10.26489,5.531357,1113.961
10.190166,0.4023262,0.47205544,2.7377012,0.09132629,11.807295,35.083893,0.9981479,3.2298021,0.75277865,10.643555,6.1066275,664.36804
7.130941,0.5388986,0.14886735,2.1493268,0.07775015,13.875085,31.030813,0.9955072,3.4001231,0.62745,10.7409725,5.903498,1162.0818
7.79275,0.4805229,0.24648108,2.2509973,0.08348305,23.639612,68.34853,0.99681824,3.3196354,0.623296,9.923903,5.498908,969.55054
8.610342,0.4819193,0.31084612,2.282921,0.077707686,9.749225,30.859339,0.9969472,3.2803867,0.6115349,10.374095,5.576632,876.90295
10.670784,0.44210508,0.43574005,2.4143562,0.09053365,9.084311,28.664776,0.9986938,3.1482265,0.6427087,9.877522,5.471159,570.9812
7.6705623,0.66605085,0.11938393,2.388942,0.08132131,11.642397,41.47374,0.9970747,3.368025,0.59225845,9.811336,5.222974,539.53485
7.7659326,0.34032333,0.34608686,2.1140087,0.06956844,24.007025,49.582638,0.9955427,3.3353653,0.77980864,11.178418,6.367699,1109.8855
7.4154305,0.41337997,0.28708678,2.007034,0.067893624,32.346203,71.24815,0.995356,3.3507407,0.670404,10.728102,5.9252667,1127.6685
7.691111,0.3778679,0.32055813,2.283202,0.07503244,15.648164,34.404655,0.9950521,3.341934,0.68891174,11.426996,6.380611,1127.7917
8.179396,0.5230257,0.23547521,2.3596191,0.085258186,13.023918,41.75103,0.9971905,3.292749,0.61993706,9.882291,5.4669433,837.1693
7.321128,0.4697588,0.21783172,2.089451,0.07394618,29.236946,60.949467,0.99586844,3.379918,0.660333,10.484396,5.7601614,1140.7126
5.7963047,0.8041998,0.023319023,2.1809318,0.06720574,5.5459685,19.193613,0.9930844,3.6011872,0.5226945,12.6685505,5.2140536,1346.514
7.850606,0.5523837,0.25215766,2.6842163,0.086344756,42.596077,126.03404,0.99666744,3.2666318,0.5643751,9.753259,5.125485,1107.0875
9.648365,0.38913074,0.42300674,2.4332912,0.08930793,14.124074,49.28228,0.99781096,3.218951,1.006473,10.3468075,6.205487,552.4788
8.911068,0.38814378,0.3788525,2.3417437,0.08949289,15.791103,54.838223,0.997592,3.255204,0.99515134,10.135447,5.963785,611.1323
8.9704895,0.30677223,0.48042852,2.2295234,0.06887132,7.8774786,17.563671,0.9949001,3.2525651,0.7486804,12.296388,7.086922,906.6135
6.1419387,0.45314798,0.16710044,1.9840018,0.061100524,23.291712,61.13041,0.9935085,3.5297527,0.70411307,12.359906,6.3605504,941.5311
6.7837744,0.5422928,0.1424803,2.2221887,0.07087091,12.888013,28.252115,0.99458396,3.4361067,0.5944572,11.471275,5.8642206,1243.9935
7.628598,0.727567,0.10371296,2.3874555,0.08150087,13.759712,43.1232,0.9969561,3.3956974,0.56811684,9.927383,5.09681,666.5409
8.2352705,0.54143864,0.28274086,2.3351772,0.08957903,19.872887,77.01116,0.99748117,3.293249,0.6364961,9.646882,5.326907,480.5552
7.177768,0.7716688,0.10005167,2.4661884,0.07880408,16.137688,39.766277,0.9961479,3.4606233,0.56414366,10.449935,4.9417586,1061.0829
11.247149,0.40352607,0.5244215,2.1903775,0.11281513,11.064004,37.38903,0.9990297,3.140954,0.8621561,9.990471,5.892311,416.5942
7.8488584,0.5121068,0.24134444,2.220298,0.084074564,35.150787,95.418304,0.9964255,3.2884772,0.5678907,9.922473,5.3483205,1192.1029
7.7011085,0.41843796,0.27245376,2.1903007,0.07802994,19.15997,42.91727,0.9963406,3.3564255,0.7121029,10.509305,6.049763,1027.7065
9.329297,0.37848935,0.44072762,2.649014,0.08252775,11.57056,28.447966,0.9966044,3.2599342,0.74964374,11.31376,6.5003834,816.29694
7.6073503,0.96792084,0.052828092,2.479054,0.0823002,8.770255,28.651947,0.9968096,3.4573698,0.5140546,10.163912,4.5195355,524.9351
10.211207,0.3799361,0.5176921,2.7645042,0.086533435,10.542722,26.811188,0.9974741,3.2203314,0.7770307,11.378966,6.554775,631.9684
7.4215784,0.22296904,0.45538253,1.6466293,0.054639224,38.194954,127.67626,0.99215233,3.186488,0.61238474,12.086804,6.6663723,930.87335
7.876802,0.46746793,0.3183356,3.0134115,0.08437371,34.25365,106.958595,0.99749947,3.3041391,0.8534484,9.936249,5.2587495,690.3337
5.748216,0.43455943,0.13732359,1.9510175,0.050467443,25.995367,72.17024,0.9925639,3.6045117,0.75239444,13.153065,6.6722994,837.6379
7.47129,0.7491785,0.09168257,2.3275867,0.080283195,14.325164,39.14075,0.9968643,3.4376063,0.5743287,10.038225,5.1006513,606.0385
5.922752,0.6546107,0.05395739,2.1439042,0.061879553,12.257431,31.75422,0.9935805,3.596052,0.59617484,12.356467,5.7791214,1127.324
11.085444,0.49153313,0.48415163,3.9118638,0.090572715,17.053673,56.256794,0.99981266,3.2055142,0.7690606,10.456242,5.6192584,548.622
7.155434,0.46833965,0.18991768,2.276182,0.075938866,14.419951,32.905853,0.995214,3.3715801,0.6291928,11.00898,5.9879017,1215.3762
10.555449,0.3517645,0.4996742,2.2969952,0.085252136,9.55868,26.083284,0.9975135,3.1885548,0.7568764,10.887064,6.543004,700.0983
6.042569,0.5227058,0.09337023,2.1374347,0.060562238,21.382965,51.726738,0.99365187,3.5503066,0.6676649,12.195087,6.1591015,997.3135
7.662255,0.5532097,0.1697522,2.0988667,0.080717735,9.389695,27.66474,0.9963484,3.3424172,0.6366872,10.191343,5.718545,821.5061
7.3135123,0.48728368,0.19514932,2.2864645,0.077459514,16.491087,36.511158,0.99558157,3.3635006,0.6274692,10.739002,5.835223,1201.3932
8.303418,0.35217777,0.42035177,2.3976767,0.073213376,34.34468,72.827095,0.9962868,3.329435,0.85903317,10.881432,6.091806,987.9184
9.363972,0.50057423,0.331477,2.236086,0.10099146,11.924763,40.53653,0.99813634,3.2364678,0.65179497,9.727209,5.424199,477.67438
11.238073,0.46570152,0.47340977,2.7355697,0.09185252,11.786587,36.985653,0.999354,3.1467435,0.6532516,10.037697,5.3553424,564.76715
8.114854,0.45125905,0.2841777,2.3758025,0.07731282,9.585287,28.747221,0.9965097,3.3223631,0.6120277,10.729524,5.7543783,992.73267
7.942245,0.513168,0.2963154,3.5463462,0.082237326,27.573526,98.125534,0.9973868,3.3043106,0.6202228,10.00813,5.3915515,843.8159
7.5900517,0.5628199,0.14877737,2.169003,0.07635202,8.706978,27.063578,0.99625415,3.3661647,0.62580913,10.271795,5.694951,793.84674
7.535841,0.49075815,0.20843248,2.2411098,0.07776052,21.656725,49.512672,0.9964527,3.3767362,0.6508513,10.219342,5.7024903,998.7307
7.877514,0.57972276,0.23820144,3.9145796,0.0919491,36.55459,104.28743,0.99774307,3.2841625,0.5800394,9.560571,5.103776,852.81354
7.9787564,0.39475107,0.31601948,2.2510922,0.077978104,12.712833,31.155027,0.99577445,3.3211772,0.6659222,10.998728,6.1589756,1073.3601
8.99548,0.45063293,0.3184935,2.2315748,0.089238636,10.260794,33.089127,0.9974557,3.2501924,0.67667747,9.959113,5.740972,639.943
8.947059,0.49080437,0.32824335,6.318729,0.08773681,21.351202,75.95766,0.9993952,3.2957592,0.66491574,9.941679,5.4451184,606.1279
7.935045,0.48164263,0.29494923,2.7452304,0.084963724,23.347033,75.59362,0.9971354,3.323862,0.6600416,10.1235695,5.571175,802.8752
7.3934007,0.611526,0.120778576,2.3887742,0.0811006,16.37861,41.599632,0.99657506,3.3972666,0.6018779,10.135294,5.494983,938.5783
6.154397,0.6613843,0.0657416,1.9752717,0.056833852,35.207043,75.513435,0.9942794,3.5989914,0.6481896,11.562325,5.6199737,972.6203
7.456243,0.4400297,0.24680142,2.2204015,0.0747435,15.453785,34.96182,0.9954087,3.3807306,0.6718499,11.049315,6.119731,1124.7936
10.164842,0.424607,0.47525978,2.8776977,0.084526576,11.504136,31.779922,0.99811274,3.2497363,0.7081557,11.011575,6.113709,659.56213
8.082881,0.34100848,0.39581594,2.0710487,0.061203882,40.156193,135.59383,0.9946584,3.1784422,0.6923141,10.873922,5.907502,947.8703
10.712562,0.37221345,0.54158276,3.0923758,0.0830747,8.8389845,24.170528,0.9975752,3.197971,0.7734638,11.766203,6.7743635,587.8225
9.237766,0.36852828,0.4954747,4.2794952,0.084480464,8.361626,19.071217,0.9964955,3.2485826,0.6883364,12.143015,6.667555,817.5881
7.565242,0.5268815,0.17219743,2.2481573,0.08382194,14.387442,36.021244,0.9965074,3.346641,0.6257329,10.072093,5.6796336,986.6662
8.297505,0.36906725,0.3889619,2.274004,0.07941072,26.314589,54.322666,0.99629265,3.3134148,0.7493231,10.777039,6.113386,1021.8249
8.924266,0.59163773,0.306325,5.2156906,0.10340898,31.091503,99.254654,0.9992993,3.2605245,0.58481425,9.356416,4.983121,656.5592
8.954149,0.63121885,0.21585424,2.2852547,0.078611486,9.340353,32.183697,0.9976152,3.236785,0.5683316,9.4944935,5.149155,387.91898
8.126496,0.40579432,0.304689,2.129281,0.07837748,8.716943,24.04563,0.9956968,3.2875803,0.65783083,10.840781,6.1189103,1100.2892
8.612358,0.54617006,0.24526538,2.251417,0.09235276,11.058982,46.665913,0.99768955,3.282099,0.66704214,9.609296,5.426409,274.02005
7.338938,0.44782376,0.2459763,2.195453,0.07536676,21.506763,43.37997,0.99551386,3.388118,0.6792143,10.94592,6.078204,1147.5255
6.7831774,0.70640105,0.05948809,2.2871618,0.07746998,7.66953,17.117468,0.9950091,3.4390056,0.55136853,11.183257,5.269403,1374.2762
8.4901495,0.32139498,0.4183988,2.1245391,0.07192017,13.780038,30.331274,0.99544436,3.2954392,0.76666135,11.605678,6.7111554,975.08105
8.976919,0.28984213,0.50351447,2.4541614,0.063822985,8.881203,16.930662,0.9942207,3.2396352,0.79234374,13.0989275,7.5166183,884.9516
14.37693,0.40353617,0.68663746,2.6356654,0.08096089,8.650081,30.691809,1.0005515,2.9966362,0.77801144,10.722521,6.5472198,211.60213
6.7324505,0.80295724,0.07131088,2.35461,0.07507764,21.98711,52.653877,0.99538827,3.5430248,0.5744038,10.926448,5.0904837,1078.911
5.7860703,0.55755556,0.052393977,2.1159031,0.055751987,16.371025,48.111538,0.993127,3.586062,0.6485543,12.631995,6.1558104,946.0808
9.451307,0.3348771,0.46643335,2.2324088,0.08059475,8.199336,22.05601,0.99633306,3.2312205,0.7245144,11.165345,6.521271,890.0781
8.701332,0.45676064,0.49087873,10.963648,0.08621432,38.32065,180.57822,0.9984472,3.0672917,1.2785993,11.085985,6.2205524,452.86343
8.604035,0.34876198,0.4151178,2.309408,0.07537465,12.344868,25.332838,0.9956568,3.299415,0.7554618,11.650494,6.7179246,941.274
11.422583,0.45021757,0.5921416,7.7979827,0.08145392,13.556425,59.946514,1.0001307,3.1830654,0.8255668,11.923618,6.502426,340.68903
8.997707,0.5314139,0.30305701,2.3216665,0.079355836,10.456943,37.989334,0.9978103,3.262684,0.6008758,10.002555,5.2556014,555.57587
10.584597,0.41411453,0.49435905,2.932969,0.08632136,12.992378,37.601856,0.99841416,3.2238948,0.763841,10.914989,6.212654,595.0491
7.423864,0.5950814,0.13877001,2.226617,0.078008905,26.327295,65.479836,0.9964289,3.3586316,0.58773273,9.953936,5.3175273,1105.9429
7.723879,0.6273255,0.16632485,2.252744,0.07866013,31.850304,94.68009,0.9964851,3.2941422,0.5179494,9.7165165,5.057677,1139.6288
9.197518,0.4073028,0.4421302,4.025445,0.08431555,10.010748,31.086262,0.9974901,3.2658117,0.66340667,11.287334,6.167631,774.7608
7.7087474,0.5013231,0.22134872,2.2936745,0.08198544,21.843983,62.61522,0.9967071,3.3163328,0.61878645,9.948942,5.5053096,1047.4559
9.134189,0.5224772,0.3474982,2.6882355,0.08824008,18.242002,69.493286,0.9982347,3.275406,0.6482312,9.914901,5.293832,519.76306
8.473813,0.56763875,0.22663803,2.3013124,0.07995221,10.0352955,35.989777,0.9973901,3.2740011,0.58701295,9.84253,5.2226014,613.48346
8.543477,0.37621847,0.36472383,2.1984491,0.08299048,10.190869,25.887066,0.996202,3.287633,0.70388216,10.835899,6.2599735,944.94073
7.1857667,0.71397495,0.08431776,2.3991232,0.08011321,9.826355,23.30599,0.9956916,3.3899193,0.54021275,10.546484,5.0955772,1338.8632
11.1607895,0.48744497,0.44411412,2.4038503,0.07627191,6.494704,26.003136,0.9988559,3.0936422,0.55138427,9.683011,5.0330787,500.39096
8.361947,0.42070523,0.29283282,2.1497388,0.090109654,10.69335,31.940628,0.99694294,3.3138082,0.7345408,10.198053,6.074263,761.6686
7.677738,0.47694534,0.2200219,2.190342,0.08019159,13.919439,34.331944,0.9961272,3.3326027,0.6418914,10.356722,5.8467436,1089.3158
8.060564,0.5783292,0.20092256,2.308018,0.089112625,16.729671,62.915882,0.99716556,3.2877731,0.6063223,9.603372,5.331013,554.5699
6.5066433,0.7129155,0.09035358,2.23336,0.07099571,25.633823,55.68505,0.99482244,3.5456443,0.60770494,11.299266,5.360026,1109.5677
7.572139,0.68022317,0.09463982,2.2577865,0.080242395,8.626277,22.474096,0.99629056,3.3487887,0.5566047,10.154915,5.1872125,1051.5916
8.372126,0.4604338,0.3094758,2.421476,0.08400851,15.962756,52.887165,0.9971503,3.2899365,0.6380985,10.110102,5.593776,901.4706
9.380053,0.42790207,0.41281897,2.3454137,0.10911492,16.860804,59.742783,0.99800944,3.220328,0.9341248,10.0248165,5.778387,573.728
9.594168,0.3457174,0.49881887,2.927142,0.07461257,12.540533,26.189817,0.9960888,3.233892,0.8116847,12.262971,7.047915,731.2843
6.7520876,0.5551443,0.11339517,2.2265208,0.06968872,12.847131,25.48551,0.99470043,3.442707,0.6037462,11.359199,5.862289,1254.8469
7.3551145,0.6252064,0.11327712,2.2798338,0.08001247,18.491613,45.80853,0.9965691,3.4067466,0.6029904,10.07593,5.368203,875.77875
10.156499,0.3898057,0.50547427,3.3569188,0.081951536,9.265275,25.2027,0.997077,3.2227862,0.7525806,11.969151,6.783048,664.0032
9.258919,0.48978367,0.35123932,2.111486,0.17359237,8.102169,32.575718,0.9981713,3.2081041,0.7117539,9.429301,5.3980346,420.49762
14.784917,0.41931063,0.70959044,3.3987849,0.084258,7.6028914,30.055958,1.0013514,3.0064034,0.8806104,11.270371,6.83479,74.984695
10.383448,0.31845137,0.5003044,2.1664233,0.085477665,9.502945,27.838152,0.9975886,3.2047873,0.8965324,10.681405,6.6871457,589.83514
8.2641535,0.56463397,0.20113617,2.325878,0.08782645,12.419821,47.50578,0.99725205,3.2910414,0.63237506,9.668923,5.423671,481.93637
7.480042,0.9127711,0.08724573,2.5591137,0.082829684,18.70877,66.59902,0.99690795,3.428216,0.5191493,9.999397,4.577531,488.991
8.513347,0.4046578,0.40064362,2.7236898,0.08542863,31.089535,102.915726,0.9973032,3.2035859,1.148786,10.233233,5.7161775,650.6185
6.1202445,0.6807014,0.06689927,2.0201406,0.056836404,35.894768,78.953156,0.99414265,3.5830019,0.634588,11.71476,5.54635,1055.7078
11.969299,0.48797008,0.5364619,3.5964706,0.0869188,15.414767,45.656258,1.0000819,3.174069,0.7906568,10.796535,5.9367566,478.73328
8.018067,0.4016537,0.3019553,2.1993916,0.07732756,9.217447,24.999937,0.99561584,3.3067503,0.6435405,10.974395,6.098316,1103.3644
7.537988,0.8277611,0.090617254,2.3442657,0.081527695,14.412751,43.82349,0.99676687,3.4215186,0.55041087,10.027757,4.8120646,613.1188
8.467708,0.6438471,0.28876352,2.6102993,0.09044483,36.569122,139.48581,0.99735063,3.2160265,0.5082177,9.429548,4.8052073,732.0181
7.3433075,0.64447254,0.09710343,2.3579063,0.08196951,12.105082,33.34019,0.99630463,3.3761878,0.57553315,10.194283,5.3785872,1079.6879
7.522732,0.45635486,0.2378749,2.2256987,0.07581865,19.312447,41.564747,0.995975,3.3908587,0.6867899,10.703676,6.0060678,1098.8086
7.8433404,0.62307554,0.18788995,2.207674,0.0838157,42.04149,119.82912,0.9962308,3.264644,0.4767621,9.686693,5.070788,1326.2736
7.990593,0.6634752,0.13339253,2.3555923,0.085579515,10.503082,36.662308,0.9971671,3.3430917,0.59464777,9.7347,5.2778907,471.01404
8.250281,0.68655723,0.15588449,2.300828,0.08777233,9.788388,52.752724,0.99717057,3.2911503,0.6006296,9.432244,5.1495056,86.31453
8.241723,0.23366381,0.5084299,2.000838,0.062993795,39.1309,96.21716,0.99432296,3.2269895,0.8203091,11.821513,6.626624,985.00653
7.545162,0.58221865,0.13414398,2.2462687,0.081995375,11.5296,30.772806,0.9966388,3.3592088,0.6162908,10.032731,5.5151777,769.86676
9.247158,0.50211704,0.3515366,2.9968169,0.07638685,10.846432,37.29706,0.9980311,3.2974641,0.60041475,10.66966,5.5488205,639.0407
8.866912,0.3940025,0.3910793,2.4123516,0.08344966,14.238735,34.928307,0.99714816,3.3100154,0.7305608,10.7854395,6.0993614,796.515
7.561868,0.49071455,0.19994581,2.094471,0.08005282,12.804445,31.401503,0.9960473,3.363463,0.66722524,10.492531,5.9888277,1009.9165
12.4330225,0.3670162,0.65938985,3.6311378,0.08162004,7.5987983,24.875935,0.9983826,3.1076267,0.9101274,12.537385,7.4875803,220.67653
8.979597,0.4855704,0.29229027,2.1434677,0.08285736,8.835924,25.323584,0.9971568,3.2391706,0.6202381,9.974376,5.624576,786.71045
7.945849,0.37999067,0.37752032,2.2692938,0.06605132,5.9884353,16.208841,0.9944725,3.3097022,0.60978884,12.044955,6.345827,1218.5737
7.851043,0.4801975,0.26422158,2.3617303,0.08052833,27.721907,79.479836,0.9965393,3.2946296,0.61869913,10.040561,5.493399,1104.5153
15.313588,0.45226818,0.7242279,2.6863196,0.0785343,8.384593,30.906294,1.0015913,2.9427812,0.72139096,10.515715,6.1813054,182.485
8.449542,0.46161357,0.3535101,4.04613,0.082269266,20.566517,76.86667,0.9979492,3.3196862,0.6949985,10.387578,5.682426,703.5137
8.732793,0.33056208,0.42595732,2.3876095,0.07493551,14.038376,29.533741,0.99559206,3.269204,0.7693027,11.620578,6.7581058,935.4632
7.984176,0.54662997,0.2658969,2.6583912,0.08808813,38.3372,112.47873,0.9970263,3.2833724,0.58475024,9.801796,5.1713324,957.52045
7.336586,0.51788074,0.1769949,2.222217,0.07917673,16.569765,37.89364,0.9960799,3.3977234,0.6517251,10.432375,5.881589,1049.7683
6.762202,0.5178065,0.14628609,2.2686205,0.07066419,20.852642,44.92475,0.9950064,3.4674728,0.657891,11.2247095,5.9534388,1114.0083
9.562251,0.4627883,0.5249132,1.9716054,0.23172463,13.91331,51.037766,0.9980019,3.142038,1.006569,9.750104,5.695627,482.29858
7.024334,0.58500093,0.103025705,2.310322,0.07314985,10.334448,23.91943,0.99507457,3.384913,0.57613236,10.986371,5.5877843,1298.8644
9.272248,0.5344426,0.31037304,2.3313158,0.08125091,12.590915,38.707645,0.99805146,3.2533576,0.6101113,9.743563,5.2756877,472.1153
8.227907,0.34250903,0.37266394,2.3126476,0.07359627,11.003404,25.96344,0.9950317,3.315237,0.70680964,11.709347,6.678075,1044.4618
7.287279,0.5405494,0.15264706,2.2933004,0.0785859,8.470951,20.047894,0.99509114,3.3371146,0.55883944,10.916797,5.5613294,1341.4885
8.034801,0.5817341,0.20650224,2.4198568,0.08535024,16.820177,60.480434,0.9972186,3.3054147,0.6046323,9.65786,5.293738,632.2098
8.26492,0.5735011,0.21068467,2.3194337,0.088450134,12.790378,46.747,0.9974679,3.302977,0.61711,9.63179,5.367036,431.89432
7.1705384,0.56026983,0.14281005,2.238731,0.07544861,23.107197,46.848316,0.9958166,3.4048297,0.6207125,10.532036,5.661793,1191.4409
7.2761636,0.46909863,0.20031989,2.200904,0.07948418,19.19694,44.198734,0.9962461,3.3936107,0.687511,10.316736,5.9712143,928.45483
7.907527,0.46155506,0.29120243,2.732045,0.0815649,20.046402,63.670395,0.9969884,3.3374052,0.66943014,10.247731,5.6662173,804.0953
8.016188,0.41335204,0.37710452,3.404513,0.07395806,26.313232,79.76381,0.9966164,3.3154662,0.71269464,10.677484,5.888013,873.76746
8.459977,0.45696148,0.31587192,2.4874887,0.08889112,19.83697,62.26203,0.9977707,3.332146,0.75043106,9.949349,5.6220865,564.96375
8.043068,0.55105776,0.18310866,2.1746647,0.07904848,8.830963,23.473904,0.9964721,3.2866704,0.59232396,10.066172,5.42555,1034.5872
10.556749,0.34392685,0.52293456,2.3524826,0.0871673,10.026707,26.51883,0.99747825,3.1876152,0.77995116,11.043108,6.6063724,664.7799
8.236048,0.5412482,0.23975632,2.3801355,0.08859588,14.518067,54.213192,0.99740463,3.2845,0.63037544,9.657094,5.373453,597.9655
9.059171,0.5551688,0.2614125,2.134243,0.07285069,4.620258,16.439814,0.9969373,3.209678,0.5345816,10.050718,5.1940618,1006.53595
8.762459,0.43621743,0.40215585,5.510427,0.08892931,24.288128,84.03593,0.9979963,3.2732701,0.73714066,10.489996,5.8464227,877.30493
7.7788377,0.38028303,0.33688366,2.1036944,0.074184485,27.743004,55.883747,0.99571353,3.316477,0.72392404,10.941255,6.1129456,1132.596
8.230881,0.5933925,0.22589327,2.3595147,0.08883194,16.670055,67.28888,0.99748564,3.2945461,0.61526203,9.560247,5.2323375,344.06723
7.6977844,0.4924563,0.28505385,2.8797083,0.08191994,25.468266,85.39327,0.99693173,3.327858,0.6368782,10.116845,5.4760265,832.4935
9.36081,0.34537992,0.45787656,2.2606566,0.08000274,7.1032014,22.324966,0.9961898,3.2177377,0.6801422,11.082165,6.329067,956.4391
7.74197,0.5718354,0.18930255,2.250778,0.085029185,16.45474,60.666634,0.997132,3.3523753,0.6427637,9.711941,5.4151235,382.4035
8.071194,0.5524414,0.27218136,2.7431922,0.08518678,29.796272,102.92534,0.9970845,3.2562008,0.57594776,9.738224,5.162601,1002.10846
8.982051,0.31752327,0.44008902,2.184157,0.0737422,11.92775,26.57343,0.99572694,3.2614374,0.8003516,11.723198,6.924471,866.4355
11.001662,0.41449443,0.5047739,2.5078266,0.08766569,12.58456,34.91116,0.9988327,3.1919353,0.7259107,10.438366,5.9570637,576.4193
7.840995,0.50634515,0.23901662,2.3249238,0.0861556,19.15651,63.06106,0.9972946,3.3492448,0.6518212,9.800641,5.5336294,563.37305
6.9893045,0.8177971,0.07414463,2.3354917,0.08290996,14.105984,31.262932,0.9958111,3.5108194,0.569693,10.781511,4.9922667,1043.9
7.8752885,0.6977827,0.14652786,2.2869012,0.08920551,12.906757,63.318016,0.9969078,3.3235636,0.61988205,9.466444,5.255091,59.18532
7.699159,0.5324431,0.18628354,2.2775915,0.08502077,14.787482,46.08938,0.9971967,3.3624606,0.65182686,9.842914,5.5600963,537.4662
7.822984,0.695223,0.11656883,2.1559849,0.08140601,5.970819,18.488848,0.99659723,3.3058417,0.5458317,9.953777,5.0677195,858.7783
8.080872,0.55720824,0.1820426,2.1624026,0.08027278,8.425025,23.38794,0.9965575,3.2742949,0.5799942,10.019302,5.4055877,968.9851
8.915611,0.7170449,0.28596032,2.4962766,0.09040954,21.647533,102.398155,0.9975636,3.2178214,0.5717409,9.286296,4.804831,125.66145
12.494787,0.5322187,0.5773821,3.544304,0.14673084,16.00799,50.06636,1.0007315,3.0960634,0.8524158,10.248978,5.300067,489.87363
9.371352,0.41734952,0.40695682,2.5169258,0.08786889,13.929372,39.361538,0.9977851,3.2653677,0.7138133,10.44251,5.8709564,701.81396
6.8529773,0.4164324,0.23095417,2.1062465,0.06760013,17.10017,43.955055,0.99399245,3.423999,0.69179904,12.00802,6.4937363,1089.3843
9.844685,0.3637899,0.46341804,2.4207797,0.09396271,12.723797,38.66977,0.99771655,3.2347229,0.8330671,10.405795,6.256556,638.9551
9.414026,0.38526672,0.46673304,2.6888807,0.083963305,9.10077,23.36716,0.9967603,3.2496421,0.6722189,11.336778,6.282529,883.16895
7.3758225,0.51362246,0.17300768,2.2892308,0.0778822,12.330337,30.26158,0.99562305,3.3563142,0.6161977,10.641929,5.733269,1184.5413
7.660755,0.55676776,0.15516992,2.2293608,0.08727185,11.738001,36.34735,0.9969913,3.3564556,0.6339587,9.883562,5.5845575,611.0213
12.624162,0.35276476,0.5687306,2.035777,0.08135,7.6266685,22.904055,0.999119,3.0478964,0.7143686,9.849237,6.128511,493.24832
9.355272,0.32926404,0.47887632,2.3182266,0.07863878,20.493578,56.78121,0.9962585,3.2052057,0.9775333,11.242613,6.697699,763.42236
9.737155,0.4533896,0.35866967,2.1512227,0.08509264,8.734513,25.362381,0.99785167,3.1895664,0.63405406,9.823301,5.5720034,630.9234
9.825984,0.39356613,0.49754855,3.6258404,0.084186375,11.280759,29.230337,0.9973649,3.2395685,0.7531631,11.610386,6.504545,694.47015
8.878243,0.5487191,0.26616395,2.3146288,0.08654509,11.642576,36.754456,0.99773884,3.2531211,0.60414606,9.66834,5.313473,547.4136
7.858336,0.5534606,0.2231369,2.3742683,0.08147362,22.280073,71.87606,0.9968151,3.2944572,0.5945454,9.813515,5.286615,1030.9087
10.428782,0.4085873,0.50946003,3.8526154,0.08844089,9.113428,28.607195,0.9983294,3.2157683,0.70795745,11.244655,6.2527742,651.6258
6.60748,0.6852395,0.06332989,2.271705,0.07546124,9.980271,20.04989,0.99470234,3.4718225,0.567356,11.401266,5.4109387,1344.2476
8.304636,0.4706772,0.29346874,2.3883758,0.08701809,17.772558,55.185562,0.9976134,3.3426762,0.6881274,9.875641,5.590209,511.0502
7.4479423,0.8010597,0.084227026,2.4790823,0.083527535,11.958326,36.723476,0.99673116,3.4240253,0.5552257,10.122413,4.952105,769.3986
7.2965937,0.46461478,0.2308904,2.354006,0.07534813,23.207966,51.93486,0.9959628,3.3903766,0.6964552,10.765682,5.859682,1024.4298
8.218846,0.57866144,0.22193138,2.2987728,0.08747349,14.329127,52.423534,0.9975035,3.3029904,0.61834836,9.608052,5.3242435,391.3098
7.569537,0.42970088,0.27608815,2.176766,0.07543623,8.941629,21.099297,0.99464095,3.3255465,0.64003646,11.384766,6.2115297,1222.8175
8.084957,0.47078243,0.25164723,2.1584737,0.079476364,11.108115,29.752476,0.9965175,3.2908232,0.62798196,10.269845,5.6532307,951.4174
8.039122,0.45810372,0.27731112,2.2239006,0.083424985,16.484148,47.12879,0.9969318,3.3282585,0.6696236,10.112496,5.7279816,835.9107
6.6095386,0.71774095,0.090477586,2.2415788,0.07184963,25.365944,56.061283,0.9949911,3.5477006,0.6102808,11.171817,5.39565,1054.2297
7.697551,0.4698087,0.27134436,2.2502978,0.07741878,29.661646,80.50567,0.9962756,3.3115847,0.6447711,10.179706,5.541146,1081.0664
6.6257195,0.6152918,0.10151856,2.2103376,0.06751735,28.904913,58.38698,0.9949596,3.5004268,0.62779725,11.144288,5.651407,1132.349
8.313384,0.33581984,0.39672112,2.3256657,0.0731792,18.460854,37.857742,0.99540776,3.301157,0.78359896,11.499226,6.672711,1048.1119
7.3184643,0.4219761,0.25720182,2.1430047,0.075412795,26.140821,50.68094,0.9953515,3.3755143,0.6920712,11.119112,6.124674,1155.9443
8.313088,0.48957795,0.27816316,2.470827,0.08717521,21.559927,71.93817,0.99748117,3.307072,0.65011805,9.770476,5.466959,688.66644
7.904321,0.69985056,0.1647313,2.4889019,0.080060296,25.01787,87.7333,0.9967689,3.305196,0.52925867,9.651212,4.924912,831.79504
8.102073,0.3969449,0.3581753,2.8330247,0.07980346,20.903883,52.648167,0.99608195,3.2953918,0.67005634,10.935624,6.0508904,1027.1465
7.655458,0.72726905,0.09735434,2.2267058,0.083388366,10.527504,36.52724,0.9969964,3.3815994,0.5856897,9.810293,5.121168,397.48514
7.8543544,0.617128,0.14657445,2.2583308,0.086324155,11.403504,44.943367,0.99708694,3.323429,0.6153993,9.600644,5.353247,374.69577
8.661028,0.42565802,0.33212286,2.047132,0.07799615,7.791203,19.419733,0.99616104,3.239456,0.64426833,10.479606,5.8752794,1047.8326
13.381057,0.40583587,0.6213764,2.528335,0.08746067,9.957289,34.415703,1.0002662,3.03546,0.771064,10.326746,6.191501,334.30167
11.210455,0.48741546,0.50953007,3.114148,0.09614737,18.315046,56.868046,0.99966305,3.1851,0.7599776,10.242611,5.494308,549.56305
7.231727,0.32763347,0.3441137,2.0040765,0.06377642,16.60212,37.850735,0.99337775,3.369691,0.7503843,12.685789,6.9711676,1122.5607
10.745294,0.3279781,0.60620946,2.6164942,0.07901498,4.742888,15.431016,0.99633837,3.143973,0.72584504,12.1373,7.0714507,718.42285
8.425621,0.5559242,0.21336362,2.2559884,0.08411111,11.682308,39.455704,0.9975414,3.2923644,0.6140069,9.666164,5.332411,436.66104
8.051613,0.64944714,0.17995358,2.503455,0.08506867,18.29512,68.09845,0.99715203,3.298063,0.57687354,9.602498,5.1354456,606.72015
9.061926,0.4756346,0.30435598,2.2834022,0.085298665,11.414448,34.84407,0.99774104,3.256487,0.65192,9.870792,5.552951,538.8719
8.494254,0.5234975,0.44300464,4.50376,0.23806122,32.640656,92.38583,0.99860364,3.1160417,1.1257137,9.392055,5.286278,762.77277
8.053522,0.6482042,0.16075757,2.498075,0.08400193,13.620094,47.972813,0.9972114,3.323887,0.5854582,9.670478,5.27871,658.367
7.8453765,0.54091424,0.20710121,2.2991986,0.08380824,19.88303,63.76277,0.99705017,3.3176105,0.6069081,9.753561,5.3962708,797.89014
11.1071825,0.41313928,0.45483217,2.0886436,0.08127942,7.377955,25.27615,0.99831927,3.1077902,0.64267045,9.833443,5.7614794,687.72217
6.6637588,0.6986675,0.060967643,2.204154,0.08052679,9.97182,23.377329,0.9950262,3.485679,0.5805067,11.235362,5.4833856,1224.5144
7.108289,0.5909625,0.12636039,2.224654,0.07540732,26.399084,57.500454,0.9959418,3.4309435,0.62512994,10.418612,5.5281935,1053.3922
8.473931,0.33404714,0.39693964,2.1173625,0.07603877,10.189407,25.330019,0.9955519,3.2950177,0.72801244,11.240595,6.5307055,1009.61926
9.130416,0.58590627,0.3825904,2.7778378,0.13475323,27.861506,95.31498,0.99809366,3.2225263,0.6193716,9.544724,5.2550626,779.4193
7.1798015,0.80002236,0.06505714,2.472793,0.07581944,17.420546,44.02318,0.9966123,3.4847403,0.5718022,10.230564,5.03417,675.1236
10.154539,0.40799478,0.45481274,2.497132,0.08839328,12.672977,36.092,0.9981973,3.2291627,0.7306315,10.481065,5.9657865,685.03345
11.636437,0.47587705,0.51856345,2.7886333,0.10714326,10.928929,36.547085,0.9997586,3.1313639,0.7279502,10.0603075,5.306653,468.1169
7.800881,0.4486015,0.23477793,2.110351,0.07792823,9.453869,27.806917,0.9960709,3.3522224,0.7120638,10.6339245,6.188236,897.1736
7.135587,0.44349316,0.24105471,2.1055386,0.06959335,10.849924,27.358713,0.9940674,3.3650892,0.6337793,11.890599,6.315744,1225.0563
9.357108,0.5536505,0.28277487,2.3735259,0.11388372,10.079068,43.73047,0.99832284,3.211596,0.63228923,9.350889,5.136845,338.3001
8.559792,0.3245877,0.426858,2.3308225,0.07350804,17.215883,35.236706,0.9955688,3.2881262,0.7827421,11.706662,6.7581506,965.3706
6.9865904,0.5367479,0.15767372,2.2149084,0.07269542,24.955303,49.974957,0.99554926,3.4344378,0.6354299,10.787221,5.746697,1167.2465
8.200021,0.54243356,0.21556792,2.148905,0.07543437,7.539886,22.748884,0.9966289,3.2721868,0.5856328,10.164902,5.3780284,912.2903
7.388048,0.7652786,0.11888485,2.348571,0.07848414,24.929083,69.80458,0.9964433,3.3977327,0.5453765,10.073906,4.8869963,986.08765
8.537193,0.5846416,0.24117431,2.321748,0.08345495,14.828424,59.81592,0.99772197,3.2817914,0.61387146,9.543356,5.1699085,367.22552
8.865017,0.37767014,0.42099956,2.7245507,0.08770512,9.969635,24.948797,0.99640256,3.2776713,0.6704478,11.27514,6.2550645,944.11786
7.9312043,0.41899106,0.2974091,2.192736,0.07759553,20.040413,44.076077,0.99646217,3.347705,0.6957918,10.462728,5.9781537,1023.7837
7.458356,0.5476765,0.17412673,2.0970333,0.07710615,33.349297,78.81329,0.9962182,3.3524094,0.58264875,10.032571,5.454018,1131.9172
8.398138,0.65888155,0.2850304,3.964636,0.09843071,39.143883,128.97191,0.9980455,3.2309327,0.53397536,9.306431,4.7854743,702.52325
7.5557585,0.42546195,0.28160247,1.9171548,0.06414929,38.500362,102.14357,0.99515885,3.279448,0.6086463,10.646051,5.724763,1147.7582
10.1488,0.3312347,0.4704405,2.0044463,0.07526258,3.8973002,14.484288,0.99626034,3.140618,0.6833312,11.021625,6.4578533,891.9281
6.8877826,0.5829756,0.10042253,2.2436612,0.074712865,17.893547,36.514652,0.9955849,3.4595141,0.62948483,10.773892,5.7743335,1142.0026
9.44768,0.5297995,0.31165838,2.3159585,0.080518834,10.954746,35.965267,0.9980422,3.224928,0.59945863,9.705624,5.187356,435.42258
9.4566145,0.46971267,0.3723654,2.3719916,0.083489805,12.124021,40.145195,0.99803394,3.2435012,0.63221043,10.123107,5.425657,599.72284
8.049605,0.55358493,0.23188832,2.2776253,0.08813008,18.026642,66.9404,0.99717385,3.307903,0.63100624,9.679397,5.386419,505.6631
6.7091494,0.47958457,0.15412672,2.2215874,0.067788444,18.559216,43.750263,0.9944827,3.4547443,0.6621993,11.637391,6.1264315,1083.3923
7.8283844,0.5153266,0.21157065,2.3564918,0.08338616,15.429481,46.99868,0.99701846,3.3443158,0.6444127,9.931906,5.5438447,799.8311
9.467151,0.35511267,0.4816046,2.3864124,0.08161703,7.43249,22.231836,0.99616283,3.2282236,0.68901086,11.429667,6.5317373,885.03534
9.61596,0.4803516,0.3621742,2.2248576,0.079863265,7.5596347,27.036568,0.99766546,3.1959186,0.58562255,9.9901285,5.3686013,740.4395
8.676536,0.48209554,0.36110616,3.467246,0.08561852,20.89142,78.550804,0.9980496,3.3002253,0.68358797,10.159544,5.571454,663.4361
7.3618703,0.4732994,0.19925682,2.331222,0.07911576,15.879856,39.803295,0.99595284,3.34378,0.6320603,10.574915,5.8251743,1149.9606
9.498561,0.3912597,0.51396084,4.5397334,0.07564836,22.00644,61.349957,0.9978669,3.2743316,0.84154,11.558318,6.3925366,583.5316
7.962765,0.50147337,0.2347338,2.3698666,0.08065739,12.030774,39.7216,0.99678504,3.3084614,0.60189843,10.207541,5.530571,964.27094
7.0095243,0.5447769,0.13302927,2.235008,0.07504062,11.486315,25.742155,0.99499166,3.4077075,0.6021262,11.135427,5.8245435,1249.9836
7.5081177,0.5601499,0.15219194,2.3183758,0.082765184,15.962815,41.14943,0.9969341,3.3944728,0.63855153,9.996993,5.606613,729.54083
9.412051,0.5815929,0.2548035,2.0760205,0.0755579,5.8115783,19.57885,0.997501,3.2041106,0.55456376,9.658534,5.2101793,567.51733
8.401305,0.57576424,0.28614327,3.1672645,0.08924713,25.3425,100.80009,0.9977759,3.23986,0.5761357,9.530441,5.0814085,706.72906
9.069229,0.34210795,0.4750079,2.9983392,0.07250784,11.134906,20.242949,0.99522525,3.2501252,0.757256,12.512972,7.0899186,926.0552
7.5589304,0.87755847,0.06731637,2.3569794,0.08612655,8.048402,22.40586,0.99662805,3.440138,0.5300618,10.24325,4.81216,667.21967
8.206081,0.4765918,0.34008157,4.595359,0.08063481,22.843588,88.16904,0.9977652,3.2950044,0.66389537,10.238543,5.642585,837.1865
7.583333,0.747433,0.1000057,2.3782213,0.08262429,14.015945,43.68724,0.9969294,3.4051538,0.56950724,9.944166,5.0613565,613.8152
6.9527903,0.5606343,0.13582909,2.1831157,0.07283839,26.586727,48.307888,0.9955669,3.4520724,0.64627355,10.733663,5.7675533,1153.8568
8.586178,0.7081413,0.14361183,2.242254,0.07725782,6.8086,23.655329,0.99725544,3.2860205,0.5549612,9.613335,5.036282,333.6732
7.726937,0.45103386,0.24895704,2.2310724,0.07854083,15.814814,38.305023,0.9963817,3.3628473,0.6884748,10.4453535,5.981553,963.39166
7.6984444,0.85255796,0.07131527,2.3379264,0.0830318,7.807441,24.409317,0.9968889,3.4226518,0.5463,10.019388,4.8353286,445.4171
7.575275,0.49476418,0.2152884,2.1858,0.07628245,25.916754,59.65185,0.99656874,3.3839343,0.6486407,10.122662,5.5857606,954.75903
7.197636,0.6457864,0.09615591,2.3787417,0.08041532,9.208806,23.520615,0.9957323,3.3559737,0.5531468,10.435498,5.213249,1328.5983
9.727384,0.4505503,0.37366024,2.2214913,0.08939686,9.243239,29.553658,0.9979814,3.1944726,0.6455701,9.864641,5.5992336,626.5229
11.159028,0.4547778,0.50291777,2.9988823,0.08618837,12.552815,35.480236,0.99924755,3.1988273,0.70416045,10.676839,5.843746,576.08105
8.462534,0.53399867,0.27164707,2.3408697,0.099450044,17.246885,61.77771,0.99749243,3.2723668,0.6629161,9.655128,5.5803204,590.3303
7.7777667,0.49903908,0.20840922,2.2492096,0.083767936,12.486794,36.06666,0.9966625,3.3387775,0.66194206,10.129173,5.777478,815.4285
7.855959,0.6017863,0.17019117,2.3613644,0.08501249,14.252041,49.69096,0.9972192,3.3419642,0.61079407,9.719206,5.3482847,522.56757
8.241377,0.5333797,0.21448293,2.2302222,0.08095498,9.640759,29.344376,0.99681926,3.2879539,0.6105614,10.000229,5.516287,787.65924
6.58451,0.4983958,0.17460886,2.000828,0.0683763,13.386873,31.85572,0.99407136,3.4683516,0.64027727,11.865172,6.1999974,1171.9092
8.0051155,0.62275577,0.20519625,2.4541183,0.082731344,25.662153,89.545456,0.99697554,3.3051863,0.5470409,9.630728,5.073917,793.00714
10.443599,0.4159048,0.4431398,2.2958097,0.09019119,11.184719,31.555984,0.9984377,3.190644,0.68705994,9.962794,5.72247,568.5342
7.7307353,0.38046443,0.349603,2.3043256,0.07932283,21.230068,41.590862,0.99499387,3.3047688,0.6966489,11.409021,6.2931256,1197.3165
9.34707,0.29229575,0.52802676,2.5219548,0.0634837,7.0748515,12.483825,0.9944007,3.221232,0.79510665,13.160336,7.623194,843.14056
8.47088,0.62094206,0.2209987,2.4006116,0.08643412,13.996892,56.3383,0.9975206,3.2638202,0.6023648,9.44063,5.1926126,404.40555
10.212389,0.38087204,0.4639408,2.4121065,0.093711264,11.988459,35.18276,0.9982104,3.2196794,0.77590734,10.252089,6.0487776,609.70667
9.934103,0.4139568,0.39947674,2.1465704,0.08732408,8.829152,24.894514,0.99768984,3.191524,0.6816988,9.957631,5.8607955,695.8022
11.440123,0.38089615,0.5466953,2.5336998,0.08510948,11.619455,32.049065,0.99863976,3.167169,0.7801737,10.75975,6.413617,504.06488
7.5456724,0.6115315,0.12652943,2.3255744,0.082232565,12.7162695,36.267147,0.99678993,3.3710334,0.6074162,9.983052,5.426537,789.2635
8.903017,0.37309068,0.4366067,3.5417557,0.0860334,9.695777,20.566523,0.99597627,3.2399867,0.6506851,11.643377,6.3758106,1011.15326
9.647767,0.33948383,0.4577621,2.2067351,0.082522646,9.439809,24.319647,0.9968735,3.2337418,0.76186955,10.875316,6.470224,825.4259
8.166276,0.6486385,0.23816691,2.5435412,0.088730074,23.914171,101.13069,0.99739295,3.2992778,0.5669043,9.529569,5.0435596,338.2014
9.023451,0.3191156,0.45684117,2.0875318,0.06733754,4.75948,15.814065,0.994647,3.213555,0.6732074,11.845382,6.653632,1058.5857
7.8134737,0.43228626,0.27798262,2.301789,0.075968176,10.531363,29.373657,0.99558204,3.3160374,0.62720954,10.938563,5.950626,1138.8778
8.5491905,0.49341974,0.34866676,2.54222,0.10206687,26.758696,98.9322,0.99825114,3.2460916,0.9922035,9.626435,5.17265,372.38742
7.4277415,0.5494336,0.19505522,2.1620538,0.06477117,3.4235234,10.562968,0.9938159,3.2978013,0.51076615,11.575474,5.681244,1426.2897
7.006939,0.36273044,0.29475296,1.9733452,0.06795741,28.42204,73.40578,0.99374753,3.3461647,0.65393054,11.756477,6.3877645,1056.8417
8.477798,0.41868335,0.34594202,2.4394963,0.08508005,26.145761,76.34203,0.9972818,3.2461376,1.0079956,10.139166,5.738214,766.8724
8.885924,0.5694239,0.2131036,2.3750489,0.08597439,7.6262813,29.44402,0.99764144,3.236521,0.58967423,9.526125,5.272228,452.0931
7.4046707,0.5728699,0.13679455,2.2446654,0.081705436,14.51464,33.971615,0.9961726,3.364638,0.6080584,10.244968,5.5764775,1096.1926
10.758547,0.4173669,0.48546323,2.5514047,0.08277514,10.478681,31.699392,0.9985201,3.190621,0.69441515,10.573583,5.9993463,672.9468
9.002179,0.3312449,0.47321734,2.7590604,0.073992975,12.7631445,24.522875,0.9952526,3.2422144,0.7613728,12.402751,7.0369964,896.12305
8.983452,0.34809497,0.45088732,2.4843931,0.079082556,12.041859,24.392403,0.9959853,3.2668884,0.74767995,11.564886,6.6636376,924.1091
8.981446,0.4039332,0.38332963,2.247129,0.086111255,11.812476,31.11132,0.997201,3.2736702,0.6734212,10.464059,5.877188,839.27905
8.223584,0.5256924,0.26862457,2.402828,0.0888204,17.655836,67.24701,0.9976398,3.3094904,0.64187205,9.7115,5.349009,475.5072
8.619529,0.34102744,0.4020532,2.287621,0.07558816,12.041632,26.832611,0.9957581,3.2979417,0.7399781,11.435785,6.629754,964.3409
8.344881,0.6255985,0.18343513,2.3649,0.084848024,11.195652,41.41826,0.9974522,3.2892551,0.59612215,9.582178,5.2495885,476.8155
7.6640167,0.60350376,0.16904762,2.354533,0.07879808,25.076143,73.3217,0.996639,3.3488057,0.5730937,9.854541,5.2135973,916.8171
7.0392604,0.40145218,0.37345353,4.1782775,0.062576465,35.287273,149.98625,0.9945662,3.239351,0.5041911,10.854489,5.7787247,966.04346
7.116732,0.6185466,0.08221337,2.2724996,0.07895329,13.710421,30.197964,0.99591255,3.4168594,0.6007869,10.443731,5.5386224,1107.0647
7.8849745,0.392731,0.33277443,2.3605747,0.08059533,22.7664,48.824596,0.9957414,3.3184264,0.6894587,10.981369,6.1164474,1074.3601
6.206151,0.61891156,0.08058384,2.223693,0.064721614,17.721136,45.18202,0.9942697,3.5755267,0.6326808,11.876764,5.770076,1046.2925
6.562981,0.64423513,0.10486303,1.9927973,0.06546531,32.715145,68.59828,0.99495053,3.5282896,0.628447,11.043929,5.5035386,1069.294
9.610362,0.3507091,0.45104668,2.2549534,0.08481349,10.197684,28.006327,0.9969614,3.238681,0.77115023,10.876647,6.457963,775.57684
7.8987937,0.3307582,0.38008794,2.2568667,0.074292965,18.352192,37.923782,0.99467444,3.3077207,0.7412733,12.030019,6.7164464,1051.9573
9.4656725,0.39353177,0.41756308,2.424555,0.088719636,13.366292,35.52987,0.9977073,3.2573643,0.73149645,10.44899,5.97036,734.0524
9.605521,0.37225673,0.5146857,3.8535988,0.074212074,10.211058,24.02874,0.9965326,3.2392075,0.75155574,12.404506,6.9382195,728.21844
8.358627,0.6297992,0.23097987,2.515095,0.0862466,19.599182,76.76829,0.99739844,3.2858036,0.5801049,9.5463915,5.149437,530.9979
9.931229,0.4911826,0.33402136,7.951069,0.09164717,14.3882675,41.201637,1.0007517,3.2336845,0.58163625,9.955257,5.412014,598.79333
6.6698823,0.5594898,0.12604252,2.2262886,0.06901271,12.016374,23.288315,0.9942239,3.4394426,0.59039813,11.636547,5.883608,1287.8939
10.492792,0.35182866,0.49837804,2.2257948,0.09207281,10.497938,31.416117,0.99816036,3.2005687,0.8567093,10.143675,6.255356,533.02
8.01221,0.5933513,0.15068392,2.1518195,0.08079677,6.515946,19.207333,0.99643236,3.2697873,0.5546891,10.02072,5.320096,1058.0212
8.781717,0.29616183,0.4615959,2.378726,0.0671334,15.097378,29.264523,0.99489903,3.2555878,0.83247197,12.547763,7.297088,888.887
8.066536,0.54518986,0.23420136,2.3258321,0.08688372,15.981466,58.49492,0.9972757,3.3048143,0.6217584,9.712308,5.3640313,601.5209
7.616858,0.59805053,0.12829909,2.1936224,0.084224746,10.234875,31.258305,0.9968866,3.352118,0.61160284,9.889986,5.4720697,644.2383
7.7932205,0.3645127,0.3349046,2.29242,0.07702856,13.018533,29.316772,0.99498326,3.3314185,0.6705077,11.5437155,6.42026,1114.5496
9.92386,0.35415536,0.5344697,2.5843482,0.07940817,6.9886737,20.068027,0.99629,3.2019691,0.6938885,11.781406,6.699743,831.26556
6.9640956,0.6320334,0.104519665,2.2452366,0.075943336,16.666767,34.802647,0.99544173,3.455844,0.6058301,10.866674,5.5460625,1157.1152
7.6537724,0.5056775,0.2152119,2.1651013,0.081343114,27.085142,72.42302,0.99658966,3.332656,0.60524154,9.917328,5.488797,1026.9327
6.2238216,0.5598035,0.0869315,2.142714,0.06231338,14.208747,37.76378,0.9938306,3.5174932,0.6095156,12.114373,5.96579,1128.3433
9.881383,0.35417524,0.5492687,2.8037899,0.07385999,5.8146243,13.826854,0.99577403,3.1960242,0.6688924,12.308037,6.843059,908.54504
7.853592,0.38934574,0.3143837,2.096654,0.072034754,27.821144,56.4626,0.9962068,3.3384454,0.7583793,10.752429,6.1091,1102.4153
7.836668,0.5683139,0.16411395,2.222982,0.07988037,9.395098,27.269558,0.99661124,3.3120792,0.5978359,10.03684,5.4512386,879.0737
9.837969,0.44250745,0.42216328,2.593944,0.088374816,15.787205,47.64847,0.9984625,3.2663066,0.69873995,10.348399,5.6708364,537.0195
6.201666,0.675706,0.061768208,2.1803236,0.06696723,17.275906,42.942245,0.9945715,3.6167126,0.6378195,11.608353,5.69196,1004.52905
7.9469743,0.6586414,0.1217785,2.185179,0.08639993,8.704132,40.93511,0.99700844,3.322717,0.60178953,9.526955,5.3174667,188.41536
7.975234,0.47530296,0.23421375,2.226575,0.080010965,11.375096,30.441853,0.99639446,3.2995348,0.62640536,10.256112,5.6958213,1090.3066
8.664755,0.39642847,0.34846333,2.180519,0.08869524,11.049347,28.896389,0.9967534,3.2697525,0.6975842,10.4274645,6.063208,940.205
8.062528,0.6323166,0.18541318,2.316619,0.090332136,13.998272,64.51111,0.99715,3.2958643,0.6179041,9.495036,5.229903,233.38576
9.637378,0.4127064,0.44269845,2.6051993,0.08678432,14.884283,41.78893,0.99781317,3.260739,0.75644535,10.63835,6.0306225,698.87714
8.382949,0.580132,0.29462704,2.425432,0.09841314,30.893847,119.167244,0.9972939,3.2450633,0.60646623,9.516653,5.0904875,582.11786
7.7086854,0.73065126,0.13833381,2.4789147,0.07840119,27.195358,88.925575,0.99664736,3.351419,0.5193135,9.75813,4.8510985,833.8846
7.7081466,0.5335743,0.18803208,2.3207242,0.083821066,16.093729,48.186718,0.9971323,3.363516,0.6397027,9.845937,5.5220265,652.7115
8.319627,0.5468288,0.27890846,2.6518524,0.08828467,25.96903,95.720345,0.9975276,3.2780733,0.60406995,9.681668,5.239542,702.71765
8.65577,0.44208688,0.29852134,2.1354775,0.09802909,10.823235,35.07435,0.99743605,3.2913537,0.72202796,9.878885,5.849482,544.34436
8.6344185,0.46902654,0.27055496,2.0599782,0.10058931,7.9681134,27.9242,0.99741894,3.277814,0.70664304,9.694624,5.7568393,452.07974
8.655722,0.34263304,0.45949933,3.3413994,0.07222433,16.734152,32.38714,0.9954945,3.2757878,0.75418717,12.32488,6.9007363,936.91815
7.129057,0.44329172,0.24183156,2.0680723,0.07071081,31.182558,60.35393,0.99513876,3.3889773,0.6820777,11.053876,6.016269,1172.3004
12.054459,0.3714342,0.57363296,2.3649735,0.093095176,9.53131,31.891571,0.9992397,3.1054006,0.8211392,10.217997,6.2920756,413.9614
7.1781735,0.616329,0.2036524,7.1537495,0.11551885,51.751278,120.23723,0.99878407,3.3309917,0.5606547,9.40598,5.0671196,956.4162
9.512338,0.42373076,0.37777328,2.0814316,0.098422535,8.011383,27.470898,0.9978422,3.2298076,0.7118907,9.702886,5.8465285,430.70453
7.610646,0.68789625,0.10605116,2.314169,0.08282666,11.667329,41.771408,0.997123,3.3968039,0.59979814,9.797928,5.257223,334.61044
8.946866,0.44635433,0.3699191,2.362612,0.09145507,16.428371,55.21035,0.99798805,3.289797,0.7090034,9.894779,5.5992203,512.02905
8.050256,0.5446788,0.22177167,2.3351362,0.08719349,14.609678,51.478306,0.99723953,3.3001301,0.6229229,9.710044,5.3967686,643.6425
7.985721,0.5986483,0.15782303,2.233784,0.086568795,10.894022,41.825592,0.9972387,3.3232958,0.615243,9.625131,5.389442,352.43842
8.760744,0.5051001,0.3295097,2.5568671,0.08883546,19.418983,70.993095,0.997994,3.3070643,0.66056424,9.916941,5.4046993,484.61423
8.851218,0.5175266,0.28872636,2.303102,0.08898559,12.715792,46.392998,0.9978275,3.2579372,0.6334041,9.718386,5.3585978,503.41486
7.5672417,0.52603686,0.1628713,2.2263117,0.08025343,11.742835,29.258102,0.9961168,3.3359847,0.6165323,10.279799,5.6594152,1137.4233
5.9460173,0.5112834,0.1078241,1.9575894,0.0578257,12.982793,41.063663,0.9927371,3.5217645,0.6418215,12.829296,6.374626,1047.3866
8.955473,0.37281543,0.51291054,4.4742527,0.07473115,23.501719,63.114017,0.9969204,3.267463,0.7972717,11.767764,6.4806924,748.21655
9.669406,0.36086038,0.46574625,2.4115999,0.08409645,9.967509,25.583006,0.99691784,3.2425919,0.7542849,11.099205,6.5224667,800.93695
12.774864,0.4583676,0.58067685,2.798912,0.11453217,11.354883,35.136707,1.0005413,3.0673409,0.79562145,10.277997,5.743852,376.94922
13.205372,0.47899523,0.60022855,3.4809158,0.08524693,11.578055,33.89676,1.0008061,3.099206,0.73237246,10.854158,5.933097,360.80194
6.6601744,0.63091546,0.06750853,2.2314801,0.074029565,8.644247,19.050484,0.9946535,3.4251819,0.55080706,11.338469,5.585521,1368.0546
9.809812,0.42596373,0.38815805,2.086911,0.08329025,8.994688,24.317007,0.9975179,3.1995864,0.6512726,10.050477,5.7794356,746.40393
6.4309826,0.6595149,0.09512733,2.251701,0.07005599,18.807606,47.485504,0.99465406,3.559722,0.6250809,11.5484295,5.5896645,1034.2799
8.800339,0.46897343,0.33550814,2.2986128,0.09459008,14.150323,52.181767,0.9979692,3.2940643,0.774407,9.806604,5.627079,383.20596
7.3290586,0.77027386,0.05163865,2.0710077,0.08150511,3.5705686,9.502284,0.9958274,3.366635,0.5193885,10.374072,5.055072,1121.3411
8.422334,0.37219933,0.38996264,2.372987,0.077955775,9.562028,22.473896,0.99548244,3.292175,0.6674534,11.454323,6.401179,1056.9672
7.1185164,0.56746066,0.1506377,2.343295,0.07519254,22.062195,48.738716,0.99574876,3.381139,0.61174196,10.567203,5.58092,1270.0021
7.700625,0.34522045,0.3283098,2.010079,0.07419805,15.280701,34.326733,0.99508333,3.3237593,0.72860307,11.350102,6.4487386,1100.0905
8.102194,0.5227813,0.2522442,2.348111,0.086881354,20.503136,69.996925,0.99738055,3.31074,0.6122928,9.691047,5.3721733,659.23553
10.137711,0.5013824,0.36300677,2.367337,0.093011074,9.721223,34.50812,0.9985984,3.1763692,0.6181415,9.591443,5.2160673,431.7132
10.007141,0.46144387,0.46962023,6.2131824,0.07563084,13.245604,58.013344,0.9991294,3.2407103,0.73198366,11.178345,6.036028,568.3778
6.9579473,0.45072556,0.21468982,2.133509,0.070412256,24.295015,52.502766,0.99502444,3.4429708,0.70371634,11.340052,6.181173,1128.3127
8.584674,0.44298056,0.32057446,2.342248,0.088858165,13.807166,42.16248,0.9972409,3.281864,0.6596428,10.119903,5.7230926,847.7513
8.512924,0.71671444,0.22821634,2.4707751,0.089312956,19.441021,85.59058,0.9974405,3.2643,0.5793228,9.383083,4.9349756,226.07979
7.727735,0.42210293,0.28989378,2.0960486,0.07567683,26.112907,56.517353,0.9962008,3.3406062,0.6868962,10.429834,5.877024,1073.8555
7.0500174,0.47862583,0.21732831,2.136954,0.07131661,11.453941,27.133757,0.99426055,3.3947568,0.62838936,11.701559,6.212844,1224.1896
7.053462,0.57049996,0.13180856,2.2655864,0.07512749,25.77186,50.676624,0.99572235,3.431907,0.63458246,10.636336,5.6890955,1148.0781
7.587958,0.5712358,0.14585705,2.2688627,0.08191833,11.284562,34.122704,0.9967681,3.3507364,0.62271595,9.994829,5.4735656,710.2501
7.4690537,0.48657748,0.20963293,2.2431862,0.07888062,21.161842,45.88112,0.9963147,3.389638,0.67274314,10.34403,5.830291,1031.7521
7.795976,0.57762873,0.1631569,2.2155206,0.08836961,11.223038,41.765095,0.99709475,3.3426297,0.6281151,9.714185,5.4930367,418.82526
8.841128,0.32955262,0.39517194,2.0319126,0.08531767,7.9323726,35.486702,0.9970184,3.2578838,0.98098004,10.385469,6.451493,605.085
7.115083,0.3640935,0.28485638,2.1091528,0.07020426,19.776121,44.785072,0.994132,3.3848197,0.72321075,12.049631,6.5845103,1116.084
8.348123,0.56188786,0.278913,2.311084,0.10476144,17.964575,76.75153,0.99738044,3.265619,0.66220415,9.525729,5.3927655,424.873
8.798424,0.43486372,0.39464098,4.4148397,0.077211305,19.378624,71.09058,0.99755293,3.2947607,0.7372163,10.649332,6.0228477,819.00024
9.5235195,0.32217744,0.4666911,2.2375336,0.08034702,8.30066,21.705338,0.9963312,3.2233357,0.7506679,11.15475,6.607845,882.5162
9.437513,0.38074815,0.40180257,2.2373252,0.10521682,11.495912,40.324654,0.9976261,3.2466526,0.8624068,10.125384,6.15546,600.289
7.8717465,0.3020764,0.37833235,2.154733,0.069073394,16.893167,36.212845,0.99425745,3.3090477,0.7804506,12.243716,6.996264,1074.5704
7.677214,0.7341919,0.10539724,2.29739,0.08432806,12.174945,44.99267,0.9970778,3.3861377,0.58186066,9.793199,5.118682,336.6126
7.0377793,0.6128842,0.10497612,2.2110221,0.07436871,29.980038,71.51546,0.9962973,3.4397805,0.613159,9.988104,5.3835897,837.49164
10.446255,0.44672298,0.47193074,3.9530296,0.09148987,15.256621,52.222046,0.99912506,3.2212286,0.75489265,10.61141,5.7809873,619.0202
7.890489,0.5172403,0.19778712,2.2617307,0.0896847,11.776051,36.80006,0.99701804,3.3354745,0.6524045,9.805964,5.6916113,620.5268
7.663822,0.584128,0.14046504,2.2380369,0.085039936,11.430774,35.06029,0.9970213,3.3589065,0.62737083,9.872703,5.5239983,568.0157
6.6119366,0.70434904,0.048151586,2.2484832,0.07196643,10.556366,22.276867,0.99491435,3.4924877,0.57015616,11.316444,5.3701596,1304.533
7.972177,0.47752896,0.24423285,2.262716,0.07956095,11.72712,34.823795,0.9965391,3.310358,0.6176156,10.271392,5.622925,997.73505
7.142058,0.8150959,0.046421263,2.2593138,0.08083758,15.635479,39.110348,0.99658173,3.4786048,0.57116437,10.052322,5.0601635,615.816
7.9416413,0.56200993,0.17713222,2.0541487,0.07889222,7.6378865,23.918169,0.9964386,3.3149905,0.61968726,10.064404,5.6169953,772.8302
8.128939,0.4420733,0.35511714,3.5335054,0.07465755,27.676594,88.01341,0.9971792,3.3197644,0.7295227,10.337191,5.7208514,859.32574
8.185756,0.5699061,0.2524155,2.36671,0.08926854,20.18818,81.81936,0.99725515,3.280303,0.60332996,9.603872,5.250694,454.6015
7.5632567,0.74764115,0.08876504,2.2854753,0.08057123,7.7600307,20.856287,0.9962532,3.3556533,0.53977305,10.209291,4.9996157,1031.3276
7.906074,0.31540143,0.3833323,2.0991294,0.069812305,27.159248,55.63628,0.995352,3.323868,0.8096764,11.436229,6.5536704,1104.947
8.758451,0.5930117,0.21231979,2.1509495,0.07695119,9.226695,26.735146,0.99732476,3.2747486,0.59109694,9.658229,5.2951927,465.55453
9.030791,0.36531046,0.40700608,2.2861712,0.08745214,10.987813,28.86893,0.9967348,3.2735264,0.73621273,10.739295,6.3118386,865.636
7.671046,0.5445035,0.19201651,2.2267573,0.08008413,23.48241,66.33605,0.9967703,3.347867,0.60361993,9.805078,5.4176116,877.2263
9.347927,0.40805233,0.41256446,2.5970814,0.08659273,19.358442,57.667812,0.99761593,3.2665823,0.80400807,10.319678,5.9784107,785.8627
7.985551,0.5936361,0.1968042,2.2908335,0.0885295,13.970627,56.64595,0.9973264,3.324506,0.6274097,9.548624,5.2947316,219.93593
8.429093,0.36619306,0.40131572,2.2275023,0.075939015,9.351294,24.291697,0.99556375,3.294014,0.67174554,11.322199,6.319557,1048.4373
9.145444,0.34244162,0.44851416,2.2833912,0.08048126,7.399924,21.588226,0.99599946,3.227633,0.6733291,11.262068,6.34157,993.6553
8.523225,0.60537636,0.24886213,2.395463,0.08613911,16.27871,70.42657,0.9975487,3.2612073,0.6126517,9.473059,5.159421,330.61633
7.694516,0.61891526,0.15793589,2.308819,0.08217185,23.37993,75.187584,0.99693066,3.3427384,0.5705866,9.738673,5.2266116,730.2832
7.3478603,0.39969066,0.31373692,2.016431,0.068585,33.159286,90.47766,0.9947212,3.288304,0.62029797,10.838761,5.8499713,1129.5442
10.314484,0.36796525,0.51795703,2.6111894,0.08578883,12.106403,30.827724,0.99762106,3.217345,0.794344,11.237188,6.5568404,603.25635
9.027634,0.41058794,0.45257416,4.3148994,0.07741483,20.803257,68.81044,0.9978404,3.2940605,0.7736272,11.016531,6.050703,630.5478
6.2297816,0.51645595,0.113162026,2.0519848,0.05646464,24.874874,61.884945,0.9939531,3.5612562,0.69511765,12.03059,6.215973,972.46686
7.3098116,0.4934101,0.20147981,2.2078905,0.07580724,22.61599,46.73176,0.99598646,3.4033043,0.6680716,10.507301,5.905485,1102.9718
7.630579,0.8849397,0.087416306,2.3967605,0.08384702,12.160608,38.498024,0.99693245,3.4419823,0.53217596,10.08317,4.725782,512.24207
7.7417097,0.8372495,0.089617595,2.4164195,0.08296688,11.673959,43.963062,0.99707323,3.4090772,0.5537008,9.84583,4.8618155,308.56012
7.9981575,0.55188155,0.18685894,2.1606677,0.07630939,8.385653,26.020145,0.9962857,3.315187,0.6064648,10.176923,5.5494742,853.02075
10.512046,0.3196269,0.5614126,2.2940013,0.075369805,5.56338,17.512758,0.99648434,3.1637287,0.74552757,11.574406,6.8396506,743.36694
7.664774,0.52421635,0.1916907,2.339173,0.0824721,13.973157,44.102924,0.99665606,3.3286498,0.61349064,10.065898,5.5333276,1000.7374
9.410113,0.48685583,0.31418106,2.0714135,0.08083063,7.8135924,19.837685,0.99729973,3.196195,0.6000461,9.881841,5.513717,817.25464
12.022732,0.4286753,0.5525416,2.5929742,0.08945734,12.714216,37.09631,0.99968547,3.129914,0.7454776,10.330154,5.9260664,466.79926
9.300183,0.34988087,0.42465827,2.226064,0.08790925,10.329939,28.06917,0.9970132,3.2576916,0.77570415,10.618424,6.3935437,790.2134
11.902933,0.45841956,0.55344117,3.1024456,0.092524946,14.589973,42.917374,0.99988496,3.1522574,0.8118436,10.594655,5.9815044,455.06326
10.9188175,0.41878673,0.49571952,2.4308732,0.09336912,11.289574,35.462082,0.9988988,3.178658,0.7493349,10.052391,5.788419,445.17636
7.261277,0.39431337,0.28774515,2.0098379,0.07003456,31.348415,69.17214,0.9947625,3.3436534,0.66870964,11.15917,6.1433887,1146.502
8.537981,0.3686964,0.37295377,2.1015847,0.06432449,3.0422397,13.8105955,0.9940932,3.224619,0.6145229,11.909874,6.456101,1186.4213
8.1423235,0.473381,0.25002602,2.2415657,0.07626155,8.040955,24.168213,0.99607015,3.282333,0.5872484,10.505792,5.6315956,1151.9363
7.2702694,0.5892553,0.12382999,2.2460332,0.08055483,16.709906,36.25657,0.99618554,3.3978124,0.6118411,10.276302,5.6108947,1075.0228
6.2140903,0.48780853,0.12871483,2.1130903,0.061545752,19.661789,53.41131,0.9937006,3.5356457,0.68672585,12.230785,6.3170533,944.6922
6.5830307,0.5566875,0.12449612,2.055849,0.0655718,29.558292,60.189808,0.9949414,3.504764,0.65862304,11.162499,5.8368816,1058.4775
6.3899355,0.36535832,0.25485197,1.7498845,0.052765507,36.15684,101.059494,0.99212193,3.3788857,0.62489235,12.439923,6.524004,964.49396
8.874589,0.38915876,0.36422887,2.255962,0.08984386,16.872961,49.211628,0.9971854,3.256976,0.7384491,10.095258,5.941225,822.71875
9.862026,0.3570937,0.47505423,2.4184437,0.08034166,11.474469,29.032797,0.99712455,3.235674,0.8513487,11.184383,6.728985,683.84674
8.307555,0.3077841,0.43712953,2.2841113,0.068409614,25.343103,48.859535,0.9950804,3.286609,0.80534023,11.875945,6.781328,1014.123
6.987642,0.5262447,0.15695257,2.2352226,0.073899545,17.794273,38.944054,0.99534893,3.4441326,0.6544737,10.968142,5.962703,1138.8336
9.409494,0.5620959,0.34673342,2.5262964,0.08511662,16.891193,67.435394,0.9984876,3.236354,0.6059433,9.709522,5.048235,456.43134
7.5568423,0.4701022,0.24298094,2.2586691,0.07057024,7.4889493,21.822992,0.99456596,3.310185,0.5822397,11.343698,5.90068,1272.9907
7.5371585,0.7213682,0.09678869,2.3089566,0.08317874,8.530974,20.887665,0.9960829,3.356098,0.5421228,10.269343,5.078615,1133.9358
10.634376,0.46524346,0.43275005,2.3965337,0.090113014,11.318641,34.416813,0.9988482,3.16369,0.6527109,9.820172,5.3477216,513.35205
7.2293806,0.46611723,0.21261637,2.0432563,0.07191858,15.018533,31.884996,0.99523294,3.406365,0.6810899,11.127776,6.201734,1143.0198
11.665732,0.381815,0.54196906,2.5129614,0.08738675,11.176525,32.30789,0.9990244,3.1468868,0.80129254,10.632495,6.389254,489.24323
6.8857083,0.36866587,0.27986425,2.0312536,0.07035477,28.530405,65.00145,0.99376726,3.368967,0.683662,11.946145,6.4333844,1109.4465
8.1629,0.5295056,0.27648652,2.5182323,0.09008759,21.29583,82.81032,0.997606,3.3079433,0.62444234,9.747551,5.2949343,503.8367
7.019437,0.5470013,0.15386187,2.295251,0.07440673,9.576859,23.986156,0.9946438,3.3720868,0.57738525,11.208844,5.739348,1305.3425
6.8392897,0.6533545,0.08556278,2.246838,0.0765771,12.890556,27.877707,0.99527174,3.453111,0.5822677,11.073838,5.502435,1262.6691
9.96727,0.39770332,0.49164122,2.91011,0.088822775,11.869932,32.70337,0.9977333,3.2282245,0.7390832,11.077258,6.225532,687.3397
8.1351,0.63370436,0.14186777,2.2474904,0.08087658,8.394475,29.186415,0.99708664,3.3071046,0.5853294,9.638428,5.30621,413.39743
10.424083,0.4121913,0.3950589,2.3247123,0.09875383,5.0946717,15.188121,0.9984327,3.1486971,0.66808873,9.562929,5.676763,504.82138
7.163689,0.47898299,0.19787498,2.2624,0.07399315,17.289179,36.590942,0.995269,3.4018068,0.64850557,11.081104,6.0142317,1193.7491
7.257385,0.54376316,0.14016382,2.2161105,0.07722525,11.542195,28.109602,0.99562883,3.3700747,0.609488,10.614286,5.724174,1194.9314
8.705166,0.42495602,0.36048257,2.3981543,0.08094947,9.550492,30.042635,0.9968216,3.27332,0.62328565,10.651674,5.7757273,978.5459
8.2179365,0.37445047,0.399257,2.3969584,0.07445937,9.854228,21.306524,0.99525285,3.3068466,0.66014373,11.791081,6.4242053,1065.2225
6.5815244,0.61981475,0.08007935,2.2076921,0.070955686,12.769142,29.991402,0.9947446,3.4820037,0.5838374,11.40633,5.6718783,1235.1825
5.647842,0.6088633,0.056698386,2.0504034,0.055755142,22.942818,64.30728,0.99325633,3.659344,0.67119926,12.549549,6.0219207,816.62354
8.453955,0.5502604,0.22220191,2.2631142,0.08182053,10.869145,32.975216,0.9971845,3.2860198,0.6084762,9.777002,5.4067197,681.07306
6.812668,0.4074589,0.23331514,1.8616626,0.06170304,34.214806,63.741325,0.99480486,3.4033914,0.73109233,11.374304,6.193024,1251.0281
10.185111,0.45219925,0.35446596,1.914075,0.077796586,5.6624417,16.610159,0.99736655,3.1264298,0.5941654,9.939039,5.662731,894.14655
7.3420362,0.84226495,0.08632888,2.4966798,0.0807999,15.751349,40.670475,0.99653524,3.4538827,0.54587394,10.258766,4.805548,889.84485
7.2191153,0.48428252,0.19640402,2.265102,0.0762428,18.716684,39.10195,0.99543464,3.3874729,0.64826787,10.889789,5.939301,1185.5833
7.8233957,0.5459696,0.21145257,2.28462,0.0841437,21.676678,71.072685,0.99713695,3.341692,0.60901785,9.736974,5.4525228,622.61334
8.414163,0.5598989,0.2058135,2.1968267,0.08448166,9.514941,34.038326,0.9973426,3.294848,0.6292309,9.648948,5.471878,367.93857
10.761591,0.48378435,0.44591796,2.6858523,0.09483441,13.06778,42.314114,0.9992023,3.171454,0.66207916,9.998098,5.2867613,569.4871
10.323724,0.35967124,0.485777,2.1043336,0.08053288,8.147414,21.95316,0.99696964,3.1619754,0.68436277,10.600161,6.2079167,812.5741
7.231716,0.52164584,0.16828874,2.230473,0.07612827,18.875061,39.83876,0.9959106,3.4137065,0.6507247,10.570085,5.856173,1108.0946
8.574604,0.3753358,0.44089857,3.9152577,0.07513598,20.726614,47.147263,0.99639297,3.2893248,0.7324768,11.674722,6.4766955,889.71704
10.903679,0.40909675,0.4621564,2.2143664,0.08832261,9.464351,28.447325,0.9985635,3.142907,0.67013955,9.88641,5.732852,572.89233
7.580316,0.55924726,0.16699965,2.2490392,0.07896269,22.583557,59.61168,0.99666005,3.3419175,0.5999838,9.9048195,5.3500957,1032.518
7.656011,0.6409812,0.10689548,2.1017475,0.08263736,7.8345237,23.477669,0.99668753,3.3371203,0.5836008,9.878938,5.359101,672.1629
6.800412,0.4326941,0.21801814,2.1110477,0.06862627,17.644716,41.498898,0.99414736,3.4327927,0.68758464,11.903629,6.424102,1120.2314
7.468097,0.54890966,0.1492317,2.3145578,0.08194359,14.522809,35.48351,0.9964739,3.374244,0.62426645,10.168765,5.6234007,929.7952
8.056562,0.536596,0.24834454,2.387692,0.08611864,21.189121,74.75539,0.99729,3.3116508,0.6052254,9.714251,5.3310227,676.00305
6.793655,0.4875564,0.1726745,2.1484976,0.06880437,14.633986,37.609867,0.99433774,3.4383936,0.64156586,11.695752,6.164352,1147.7266
11.947836,0.54955894,0.5096218,7.8135858,0.11275393,20.044434,54.909706,1.002191,3.1629965,0.7275956,10.189057,5.158249,554.61554
8.983941,0.34680453,0.41969082,2.2651644,0.08174606,14.332283,35.67464,0.9965228,3.2675948,0.77363694,10.901314,6.3960276,875.4297
7.270912,0.45803627,0.22444046,2.18149,0.07467529,20.42398,42.86536,0.99554974,3.378288,0.66664755,10.876474,5.9542923,1190.8297
8.287502,0.55325574,0.28334254,2.8933566,0.08955997,27.037243,102.69722,0.99777675,3.293068,0.67257416,9.680281,5.183715,557.9618
7.7916017,0.5446526,0.18845229,2.2338846,0.08692597,15.594273,50.514935,0.99718654,3.3562636,0.6445,9.774563,5.544837,520.0746
9.121328,0.50420433,0.34991652,2.401949,0.1216562,16.874447,64.71128,0.99808747,3.237889,0.74903816,9.709979,5.453892,594.4363
10.800927,0.35801485,0.5195819,2.291242,0.08463353,8.657301,23.506554,0.99760926,3.1602874,0.7019161,10.68781,6.296827,741.54706
9.362795,0.4830619,0.39264297,3.7189634,0.0802049,13.990486,53.510403,0.998476,3.283016,0.63733673,10.543079,5.6659822,583.66266
8.173676,0.54980344,0.23297836,2.3483777,0.086688474,21.813204,76.66311,0.9970991,3.2605858,0.58150846,9.609146,5.281089,809.7353
10.084783,0.4124723,0.4062567,2.134002,0.08694313,9.854312,27.391905,0.9979712,3.200854,0.6807965,9.8604,5.803581,578.15045
8.864777,0.55395603,0.22794202,2.2283225,0.07911182,8.338115,26.828312,0.99749666,3.2500563,0.59386873,9.689655,5.3551865,476.1713
7.8576856,0.49877682,0.21487665,2.1998127,0.07665949,9.574785,26.965479,0.99634874,3.321301,0.63076955,10.36952,5.6947036,934.22363
7.2370872,0.601766,0.12318796,2.3001049,0.07887512,16.987484,36.60199,0.9959259,3.394648,0.59963477,10.455592,5.5546236,1188.5042
7.5963078,0.44121724,0.22581483,2.1203082,0.08010447,18.0934,43.798588,0.99647415,3.3744533,0.73209053,10.442321,5.973136,889.43567
6.889351,0.7117431,0.10317713,2.165768,0.07238709,32.773975,74.16949,0.9954871,3.4683833,0.5818606,10.584641,5.168626,1182.3939
6.63541,0.5489177,0.12522328,2.2507544,0.070738025,17.344837,41.360413,0.99483365,3.4790108,0.6315162,11.315545,5.860447,1106.9714
9.281066,0.4676047,0.32067955,2.1235328,0.08475346,10.449496,29.053513,0.997587,3.239563,0.66228586,9.80193,5.654908,591.35187
8.150267,0.3794017,0.38446322,2.21333,0.06765636,6.5080657,18.029013,0.99452776,3.2871714,0.6227965,11.837471,6.335261,1165.6205
10.108593,0.50447536,0.3245593,2.187809,0.08229577,4.6948266,17.732025,0.9980432,3.157927,0.5937851,9.577042,5.406824,454.51373
6.881628,0.44376138,0.21645038,2.012589,0.0672197,29.16791,56.580597,0.9949438,3.4175425,0.70141953,11.2630205,6.1116457,1230.3456
12.658218,0.41353348,0.5570176,2.2795613,0.07725519,6.634648,26.866713,0.9996443,3.0417733,0.6623507,10.13488,5.8195205,499.86072
9.546766,0.5676036,0.55833316,1.9550092,0.32894975,11.061357,54.600845,0.9980932,3.0805247,1.0263659,9.323205,4.933885,532.62726
7.346449,0.7152071,0.09320463,2.4370227,0.07894308,16.971476,44.3464,0.9966281,3.4349515,0.5793143,10.142549,5.1765914,815.37726
8.810623,0.36757487,0.43159735,2.3815665,0.076544374,8.3096075,20.899235,0.99583566,3.2631946,0.65634435,11.343599,6.2772818,1054.3047
8.099901,0.557428,0.25709048,2.2782803,0.08826466,20.264996,79.30905,0.9971232,3.2896035,0.6145629,9.625602,5.325754,506.0199
7.3161182,0.6602746,0.09946628,2.3825722,0.081619546,14.128126,35.182785,0.9964456,3.4129438,0.59182084,10.217408,5.372881,920.15314
6.7131743,0.6386042,0.095009506,2.2289362,0.07353562,17.57805,40.96948,0.99521726,3.5090148,0.6177133,11.097629,5.6134024,1079.9377
7.7135673,0.39527678,0.30225268,2.2339032,0.076187186,18.570236,39.51045,0.9957045,3.3522532,0.70172167,10.999782,6.2131624,1098.1995
7.0688896,0.58438593,0.116787866,2.2617378,0.07712928,19.13339,39.24915,0.9958542,3.4230034,0.62471807,10.455211,5.6538777,1122.3158
8.565846,0.4614647,0.28356323,2.2062953,0.094189025,12.035914,38.42206,0.9974948,3.2953997,0.69194764,9.841877,5.7399564,542.1665
7.930873,0.53499144,0.18653063,2.155508,0.07959291,9.806585,29.08427,0.9966456,3.3430257,0.6412268,10.180366,5.714023,721.923
8.070867,0.7243959,0.10704188,2.0498211,0.087116174,4.0680985,11.944282,0.99652755,3.2806628,0.5132375,9.801851,4.989437,915.5352
6.39704,0.77328676,0.08538431,2.2146826,0.067662194,29.132837,66.15455,0.9946199,3.57724,0.599634,11.432009,5.219751,1103.3788
7.5290847,0.65201837,0.085298866,2.1215725,0.08306768,9.033535,26.878317,0.9968652,3.3833895,0.6048935,9.837298,5.422078,486.41287
11.91319,0.50763845,0.50100017,2.8680205,0.08766047,10.712271,35.254417,0.99996877,3.104966,0.60551053,9.9494295,5.0783024,481.3465
8.067185,0.52829516,0.25787464,2.3876977,0.0892481,18.469326,66.12302,0.9974151,3.3131614,0.63017446,9.732973,5.397746,581.1046
7.4002805,0.35859287,0.3292738,1.987048,0.066161774,37.437202,67.01735,0.99499893,3.377125,0.760499,11.3909445,6.339412,1177.6492
7.319737,0.44673568,0.23829073,2.2028964,0.072936155,14.661156,33.62229,0.9950613,3.3828049,0.6579697,11.241501,6.1684675,1156.5305
6.322205,0.7788685,0.028316202,2.2883272,0.07068376,6.8337855,16.387804,0.99434453,3.5270193,0.544154,11.7457695,5.1690903,1390.1478
7.6807866,0.717222,0.14191675,2.4785354,0.08004879,17.74734,65.59735,0.9969857,3.3598983,0.5658869,9.783008,4.9967036,603.68427
8.550651,0.53074527,0.2628549,2.2923567,0.08316875,12.102146,39.61602,0.99759567,3.2992816,0.62612826,9.88519,5.389313,539.7937
10.157561,0.46259135,0.41155517,2.5523963,0.08452356,13.671646,42.959026,0.99854314,3.2280924,0.67129207,10.22832,5.4973054,513.58466
7.3576965,0.5280008,0.173723,2.2733235,0.07850139,20.141455,43.53699,0.99623185,3.4057841,0.6485621,10.32775,5.78371,1023.68567
6.9856863,0.5185135,0.15708542,2.2959073,0.073771425,16.090868,33.681816,0.9951645,3.4046683,0.61369663,11.136419,5.8365393,1260.0417
7.2681956,0.661181,0.096189976,2.372866,0.07693767,18.53806,44.59985,0.99646384,3.4311397,0.58990633,10.167279,5.3571825,915.39215
11.610291,0.41988108,0.5243055,2.456435,0.08626933,10.2771,32.976288,0.99914616,3.128358,0.678133,10.1623335,5.702049,528.2936
7.148611,0.5751152,0.14368019,2.0975888,0.0698927,35.03916,75.26735,0.9958187,3.3849123,0.5960279,10.311534,5.411677,1260.2333
9.419976,0.5640684,0.28740197,2.2419286,0.07704462,6.150849,26.597986,0.99758744,3.1823738,0.5513322,9.753011,5.1073017,616.86017
7.662965,0.6192915,0.15806532,2.3280888,0.07984887,20.637735,65.235664,0.9968028,3.3404005,0.5826191,9.79565,5.221161,864.87134
11.788862,0.43744224,0.52322644,2.8350737,0.08743999,9.732767,34.044987,0.9994139,3.1298478,0.702559,10.475598,5.8146825,506.84778
6.1691904,0.9767469,0.016868265,2.3674269,0.076170415,8.419519,26.48167,0.9945237,3.6569943,0.5371946,11.850294,4.6085553,1134.5228
7.5208406,0.5713469,0.13585941,2.1829357,0.08271459,11.113796,28.39642,0.99633676,3.3406932,0.60142225,10.122271,5.5529895,1008.0547
7.2550106,0.5291172,0.16005228,2.2228446,0.077769175,17.833342,37.650715,0.9959783,3.4037218,0.6332543,10.499887,5.8161798,1117.4496
8.286961,0.49719313,0.2380776,2.1063373,0.08424864,10.057679,29.499279,0.99694663,3.299672,0.65680915,10.048125,5.739869,668.829
7.3315463,0.42618233,0.25606582,1.9943484,0.07047279,30.56682,59.18535,0.9955972,3.3650565,0.70064956,10.820284,5.965619,1186.2113
9.044188,0.52432823,0.3047565,2.344071,0.08394542,13.060882,43.93853,0.99801344,3.268652,0.6182642,9.795136,5.2964363,464.42935
7.7152247,0.47226545,0.29001233,2.7857616,0.07818877,24.960384,78.121796,0.99653965,3.2934263,0.654698,10.210394,5.6457157,1043.7017
7.0157056,0.8035769,0.070965484,2.540164,0.075661555,21.544044,54.50588,0.99609214,3.482464,0.56686664,10.419056,4.9390445,997.48846
6.9357805,0.35378066,0.2908418,2.0854654,0.06393056,19.634962,48.236343,0.99339324,3.4060988,0.74334025,12.534825,6.8153996,1074.6809
7.6038504,0.8682064,0.09789732,2.5510943,0.08312662,15.603276,64.029945,0.9970347,3.4134471,0.53826135,9.846605,4.7282267,289.92184
10.225804,0.48250726,0.3633894,2.0549297,0.080350645,7.583507,22.598026,0.99802613,3.1631107,0.61948067,9.596186,5.4971304,502.44406
8.048635,0.5494965,0.19672363,2.2131429,0.09139798,10.818858,38.51023,0.99706215,3.324379,0.65602756,9.7616,5.6474686,443.42368
7.1903315,0.6125351,0.10433982,2.2174056,0.077753134,5.530625,13.495482,0.9948969,3.3310313,0.5155486,10.876378,5.3920455,1404.1644
9.045543,0.3304499,0.43981755,2.2848015,0.0758681,14.320415,30.458864,0.99609506,3.261468,0.8189412,11.646304,6.8790483,838.3296
8.244945,0.6310365,0.18558508,2.287163,0.08978723,11.3543005,56.62051,0.99736166,3.299889,0.6207288,9.493307,5.2404437,137.90675
8.270933,0.5031121,0.26322642,2.386703,0.08714308,20.761086,65.96837,0.9973669,3.2784934,0.6210758,9.750836,5.428887,912.8341
7.8664885,0.66111,0.113884315,2.334896,0.07318713,6.1407647,26.748274,0.9966905,3.315469,0.5400129,10.048696,5.0887656,790.2516
7.670129,0.4771684,0.219807,2.269179,0.08004346,12.36266,34.895054,0.99639165,3.3388546,0.64260983,10.378012,5.7560787,966.4392
6.214526,0.5282975,0.11247034,2.159329,0.06429033,19.624857,47.716656,0.9940777,3.5367432,0.66789776,11.920437,6.099937,1032.0809
8.94302,0.43803164,0.37308657,2.4884925,0.0991812,25.976849,78.71199,0.99742866,3.224674,0.88679785,10.158656,5.803628,844.4396
8.013132,0.6001371,0.23802428,2.249728,0.089230716,21.048182,87.323,0.9970762,3.291592,0.6064485,9.567361,5.22926,364.9331
9.017924,0.30233335,0.46613023,1.9962878,0.06926479,7.5986247,20.39823,0.99526674,3.2521434,0.75988156,11.595365,6.8324513,940.2138
7.728705,0.64636135,0.13323171,2.2532618,0.08399521,15.205131,58.639732,0.9969345,3.315366,0.5809117,9.577069,5.203985,518.84595
9.3281555,0.48360255,0.40573585,3.3181226,0.093214884,23.072672,79.563995,0.998586,3.283353,0.7580451,10.114494,5.539499,579.7161
11.371759,0.44317055,0.5424322,3.5130336,0.08865642,15.721343,44.554752,0.9994528,3.1918921,0.802533,10.9036,6.0979705,505.7167
8.843619,0.58047813,0.2796563,2.317558,0.084326655,16.063585,57.54758,0.9980312,3.282331,0.6104483,9.521734,5.167346,358.51486
8.728883,0.43196207,0.3191066,2.1458435,0.08429804,10.333881,29.543198,0.99705684,3.2703283,0.66984993,10.177183,5.8465986,753.255
8.719756,0.5040756,0.35216364,4.053028,0.09722764,28.819345,96.38002,0.9985151,3.2630887,0.8566722,9.922427,5.443008,646.3166
10.106279,0.4523494,0.4241659,2.3772447,0.083115175,11.536633,35.702965,0.9983175,3.212809,0.62236124,10.135296,5.458775,614.4301
8.092653,0.6279386,0.18336633,2.2572765,0.0921567,15.183209,62.886646,0.99703383,3.2819545,0.60521317,9.508125,5.3197103,377.34235
8.264835,0.4991183,0.28313634,2.4194717,0.086170204,16.67729,59.426018,0.9974841,3.311962,0.6520409,9.958932,5.5044546,676.20654
8.09677,0.529421,0.20579901,2.0756516,0.08717743,9.376111,27.363075,0.9968734,3.3060367,0.6350392,9.919023,5.6822,648.1574
6.685744,0.42330116,0.23096153,2.0291708,0.0663252,24.77844,56.71225,0.99419016,3.4669576,0.7163657,11.941289,6.3702145,1023.2534
10.956314,0.35687023,0.5076137,2.2682939,0.086600006,10.115087,27.068909,0.9981077,3.164661,0.7524653,10.497255,6.333952,658.138
7.6798673,0.60486454,0.15211491,2.2825658,0.087540746,13.545306,50.92698,0.9970815,3.3486676,0.6144131,9.680909,5.3721128,390.93082
9.265178,0.49029994,0.4256349,2.3170238,0.13733943,26.74559,117.0151,0.99805856,3.002124,1.6195724,9.63952,5.504793,297.3247
7.2416162,0.6194041,0.10685615,2.3623693,0.07777116,21.720427,47.243256,0.996273,3.4182196,0.601366,10.27232,5.4763904,1043.0216
9.2834215,0.44517866,0.34276897,2.1769896,0.08470289,10.425045,30.024643,0.99753815,3.2351465,0.6508571,9.972804,5.6664777,699.787
8.232277,0.5612754,0.2735911,2.450548,0.08765483,20.77841,83.991646,0.9975267,3.3008232,0.6171983,9.636814,5.256991,385.565
7.777665,0.57429004,0.16110256,2.1946373,0.084541716,9.955718,31.731413,0.99691206,3.32013,0.6117516,9.869913,5.4522305,648.67896
6.7268786,0.43475828,0.21277855,2.0931995,0.06577105,17.004793,46.039616,0.99404454,3.4637196,0.6888259,12.006767,6.44931,1042.0345
7.8366237,0.5505945,0.1768218,2.2630172,0.080494866,11.139999,32.584335,0.9966466,3.3237278,0.6181006,10.0183525,5.482527,845.4227
7.14323,0.6652872,0.10179624,2.3426871,0.07746662,22.044365,50.50553,0.9963811,3.4442875,0.6076063,10.221864,5.397571,909.6878
9.637472,0.37946182,0.4184652,2.170236,0.08643672,9.747083,25.730114,0.9972737,3.218146,0.7028633,10.28733,6.038018,788.3068
8.067257,0.5958244,0.20924032,2.4629645,0.086819366,19.416927,71.645454,0.9972107,3.3060372,0.58763343,9.624706,5.244009,614.4228
7.81194,0.5462429,0.17412719,2.311686,0.08491088,12.268625,35.848312,0.996682,3.31544,0.6131437,9.944658,5.526075,898.3395
7.281239,0.5184352,0.1832311,2.1700985,0.07182219,6.76008,19.285803,0.9943012,3.3406842,0.57616526,11.484524,5.90153,1332.5925
10.416557,0.39495417,0.5051127,2.7347898,0.09162308,17.634996,59.32413,0.9984234,3.1864762,0.9864377,10.625163,6.138838,475.5559
7.6821995,0.5981659,0.13450296,2.1704683,0.08721129,11.1045885,36.32669,0.99688303,3.3547623,0.61933774,9.707969,5.5154257,502.9837
8.8876295,0.54137886,0.26337227,2.2788558,0.08380632,11.848676,38.106552,0.9977355,3.263539,0.6144661,9.667016,5.319046,458.2432
9.031032,0.33572522,0.50116706,2.986672,0.07203234,22.256422,48.774952,0.99604976,3.2528863,0.8304957,11.945848,6.748224,813.5542
7.7696185,0.61082464,0.13192813,2.1533487,0.0828274,8.473026,25.798004,0.9967411,3.317515,0.5821955,9.901083,5.381483,764.98364
8.615415,0.48683378,0.3155466,4.070327,0.09313118,23.308516,73.14928,0.998115,3.2595954,0.6364899,9.798305,5.548341,897.49146
7.729229,0.6433645,0.14222874,2.3861475,0.082636066,13.858686,52.97316,0.99717945,3.357066,0.59923863,9.696911,5.2443976,419.36475
7.017188,0.6185982,0.07777296,2.1620843,0.08171335,9.809908,23.362465,0.9956534,3.3931408,0.59148663,10.5516,5.58507,1174.8967
6.8887777,0.7075811,0.08041,2.4032903,0.0740162,10.713199,23.39224,0.9952796,3.4567847,0.56662333,11.075621,5.2509375,1289.2621
9.33925,0.595077,0.36115655,2.275457,0.13453293,14.951476,73.54583,0.998316,3.1928082,0.72134423,9.286749,4.91195,291.71518
6.2144756,0.260345,0.3709074,1.3836983,0.039246358,40.3703,150.89778,0.9896078,3.2707217,0.53978586,13.358695,6.9434233,779.8788
11.108931,0.40038383,0.5117888,2.4505315,0.07606639,3.8684125,21.300098,0.99770135,3.1195202,0.5937073,10.7991085,6.0341635,832.94525
5.918256,0.71683925,0.048090745,2.290411,0.06506537,4.9007955,14.619544,0.992826,3.50822,0.5029166,12.569522,5.5665436,1451.6396
6.932424,0.6034632,0.087517515,2.223673,0.07732807,14.851485,31.255728,0.99565995,3.4454508,0.61622,10.679566,5.6884875,1165.9233
7.4997225,0.64894134,0.10620858,2.2615712,0.08189395,10.450435,24.606853,0.9961533,3.3502367,0.572435,10.233591,5.2570586,1149.482
6.9016757,0.32828945,0.33661774,2.0401838,0.05847016,9.977285,30.145163,0.99207944,3.3801086,0.70628685,13.48812,7.1853623,1154.4756
7.252522,0.32908997,0.34017557,2.111977,0.06594401,11.350458,28.112677,0.9930504,3.3451698,0.7039973,12.827731,6.989321,1182.3431
7.9102583,0.5303603,0.1959334,2.24544,0.08525004,12.601437,38.82342,0.99714,3.3351672,0.642231,9.8395195,5.536428,604.34546
8.191256,0.65310955,0.13589588,2.3748806,0.092372544,6.0409083,36.148384,0.99735445,3.3134332,0.62920207,9.371812,5.288652,83.9969
11.54621,0.46383473,0.51115626,3.202077,0.08481857,12.321022,35.885094,0.9995274,3.17987,0.7079082,10.734328,5.9200726,550.2507
6.4177933,0.5070273,0.13376337,2.1291227,0.064979956,23.76745,54.458412,0.9943499,3.5093906,0.67060834,11.717785,6.0808563,1016.0875
9.840149,0.39175126,0.49729726,3.645855,0.07686932,20.025412,54.271404,0.99780643,3.253977,0.8647381,11.429574,6.4248,604.4671
7.6754923,0.44085285,0.2722003,2.1665776,0.07505905,27.347828,54.050346,0.99636155,3.381313,0.6957126,10.438956,5.867087,1071.2717
9.924848,0.48773575,0.5789668,3.2211766,0.2731183,21.60655,68.579216,0.99849844,3.0957396,1.146752,9.767896,5.6221337,703.37134
8.104944,0.58894604,0.22703399,2.3862371,0.0892415,18.35724,73.859474,0.9973445,3.3035977,0.6100654,9.59732,5.270435,373.53687
7.968307,0.5731025,0.16447851,2.2188647,0.082306154,10.77652,32.615276,0.9969888,3.3429554,0.6315195,9.813313,5.533192,484.44174
6.781554,0.67624265,0.091714725,2.2664912,0.074455395,17.46662,39.67227,0.99530286,3.5082972,0.60653454,11.055949,5.4579144,1103.9108
9.9503565,0.45477003,0.40004593,2.3743932,0.08710361,12.16271,37.10771,0.9982942,3.2135196,0.6525486,10.031777,5.5010114,574.6305
8.446351,0.29802337,0.47429085,2.1012394,0.061937567,4.3681855,14.038568,0.99350506,3.2626407,0.6877643,12.872125,7.102565,1090.7126
7.654428,0.3046537,0.3809083,2.0377355,0.06686613,8.449625,22.136099,0.99330103,3.3207014,0.70690095,12.629715,7.0154247,1150.4178
6.1641135,0.48417684,0.17143328,1.8881481,0.0535223,10.058836,35.306557,0.9921952,3.4855397,0.63005966,13.172709,6.5809693,1088.0338
8.097756,0.57643217,0.18017612,2.3397846,0.08514251,11.071578,36.759125,0.9970449,3.2991626,0.6055178,9.697524,5.3742075,688.9163
9.356176,0.38549703,0.42783207,2.4550233,0.0860095,10.996756,28.49164,0.99700016,3.2687263,0.7369724,10.947335,6.3454523,806.24774
7.391427,0.6063705,0.104975596,2.2313826,0.08364626,10.94222,30.611736,0.9966107,3.3842463,0.61106235,10.064015,5.542328,789.39197
7.9596143,0.59083784,0.15760723,2.2261293,0.0827939,10.450951,34.43051,0.9971036,3.3250585,0.6142871,9.707921,5.4197936,514.7244
8.085491,0.53526556,0.24551883,2.3643892,0.08708044,18.199736,63.983162,0.9972458,3.2991586,0.61518157,9.726903,5.3912196,709.4122
9.834612,0.40113118,0.43234363,2.416,0.086586185,12.106027,33.898243,0.99790347,3.2455294,0.71574306,10.438339,5.9365273,699.0484
7.794789,0.39712295,0.3079314,2.2722409,0.07502127,12.163333,29.497139,0.99534285,3.3437767,0.6599637,11.243563,6.2723184,1106.8032
8.177431,0.49650058,0.2327425,2.2693894,0.08552825,12.17056,38.729633,0.99726284,3.3187718,0.6594956,9.939969,5.6529193,589.7706
7.7729416,0.6196868,0.17125615,2.1923854,0.08260996,24.825537,82.97593,0.99675477,3.3054287,0.5580993,9.579391,5.1920714,768.57574
9.303287,0.44469458,0.38267687,2.295323,0.08340039,10.305605,33.437283,0.9975589,3.2204998,0.64369893,10.144339,5.6162477,818.2826
6.959192,0.5890085,0.10605663,2.3184144,0.07466922,16.202349,35.665123,0.99545807,3.427397,0.60240275,10.893881,5.678943,1224.0519
8.509104,0.44538626,0.30563253,2.3786435,0.10306155,17.645586,56.110424,0.9975224,3.2753284,0.82881415,9.8908825,5.8201346,646.07135
7.5765452,0.7278686,0.10906331,2.4225993,0.08160572,13.249164,45.848747,0.99709255,3.4045916,0.57399154,9.8829775,5.102093,537.9687
8.40484,0.55439734,0.2664766,2.449998,0.08570648,19.771063,71.81831,0.9974075,3.2502027,0.59379536,9.567751,5.25004,846.12537
7.85216,0.70331496,0.100880146,2.1248074,0.08487899,7.287187,32.568916,0.9970149,3.3447244,0.57944816,9.558433,5.225501,203.61647
11.209954,0.3951442,0.50948143,2.4522047,0.086499326,10.99509,32.438274,0.9987606,3.1606944,0.7327899,10.15415,5.9454055,528.4784
9.108347,0.399259,0.44962436,4.067495,0.08412609,11.024168,31.595762,0.9972908,3.2643335,0.6783819,11.399772,6.271217,781.47656
9.881278,0.36716354,0.47209805,2.4991627,0.08833125,13.383104,39.425697,0.99766654,3.2278051,0.8889804,10.656168,6.3873243,641.6906
7.3589454,0.66816396,0.08807181,2.2843971,0.08507939,11.344318,27.99871,0.996326,3.3988295,0.5831093,10.268569,5.400416,990.69385
9.154736,0.34280208,0.4532625,2.3633044,0.07613345,9.38037,21.385326,0.99584776,3.2635896,0.7493505,11.666511,6.791374,876.1165
9.698252,0.4569589,0.45598185,3.8631651,0.090349294,21.845295,78.66393,0.9989437,3.2565699,0.90650743,10.39692,5.682834,493.5937
8.415881,0.39614853,0.33688232,2.1736174,0.08050614,9.6626835,25.799875,0.9961602,3.281514,0.6606583,10.704863,6.0252132,1015.15375
7.1168137,0.48430544,0.20591599,2.0013068,0.07166714,11.242195,25.324797,0.9947905,3.3992658,0.6692641,11.33879,6.277727,1175.1025
8.821842,0.3688964,0.43966797,2.9972947,0.0858575,8.216873,17.114847,0.99586606,3.262702,0.64625674,11.617914,6.336189,1045.6089
7.034183,0.96221024,-0.0074776094,2.1554518,0.086698465,9.429327,20.869629,0.9961065,3.4827702,0.5094214,10.255591,4.7165227,695.8886
7.9548326,0.55258775,0.22418562,2.3642173,0.08605041,19.27887,62.78046,0.9973136,3.3410842,0.6168607,9.782713,5.390295,572.26495
9.3239765,0.30838412,0.46900386,2.0891585,0.07432004,7.7991524,20.384277,0.9958789,3.2441294,0.7907373,11.511132,6.908896,865.1516
7.4245663,0.7216523,0.08036573,2.246229,0.083873175,9.604035,25.705547,0.9964116,3.384727,0.56749326,10.164823,5.2202053,852.8243
8.032289,0.59009033,0.21764223,2.3788493,0.08597845,21.53206,77.03036,0.99721956,3.317902,0.5882147,9.654587,5.2224846,580.4232
7.7035427,0.4930985,0.23009823,2.1676173,0.07962558,25.83657,68.08554,0.99662185,3.346067,0.6476396,9.899627,5.53077,878.95465
7.2197785,0.5037749,0.19250757,2.230009,0.07314344,23.758787,47.663002,0.99571943,3.4147718,0.65576565,10.714808,5.855564,1157.6986
7.645751,0.76079714,0.12269813,2.3610792,0.08362292,29.979803,99.993385,0.99653643,3.3349469,0.4965887,9.764019,4.7318945,783.2241
9.0487795,0.40709892,0.370205,2.1076934,0.07970012,7.8757386,20.430218,0.99634445,3.2222638,0.62857616,10.552569,5.881878,1007.36383
8.320332,0.46287864,0.30643848,2.2949023,0.08151162,23.904736,68.3656,0.9969641,3.2603624,0.65269303,9.993575,5.596268,1088.0621
7.7385006,0.5013888,0.19851954,2.2439709,0.08819829,14.925356,45.88757,0.99703413,3.3621824,0.6641742,9.813785,5.6937213,589.6924
7.099009,0.5685091,0.132114,2.3596265,0.07932791,10.763397,24.533964,0.9951199,3.3496263,0.5587304,10.902957,5.5151553,1387.7244
7.930187,0.5050153,0.20900813,2.1730247,0.08334189,10.389409,29.37739,0.996557,3.3093326,0.6434315,10.160606,5.7330804,893.14874
7.507624,0.64932597,0.10498126,2.3832877,0.08378678,12.479497,36.220585,0.99661344,3.3746302,0.5787797,10.048763,5.358653,953.1372
7.4208245,0.4778514,0.21154527,2.1119652,0.07519754,13.009056,31.179356,0.9955564,3.349731,0.629674,10.722517,5.9094987,1188.7833
7.3911514,0.7116966,0.08042571,2.2887497,0.08063464,6.984348,18.364338,0.9961467,3.382539,0.55376965,10.337888,5.167686,1018.8816
7.6920238,0.5286872,0.17866883,2.2844265,0.08138682,12.626944,33.75548,0.99625576,3.3194551,0.5974276,10.188822,5.58699,1142.8872
7.772159,0.69846654,0.14929023,2.4274557,0.07597062,25.393778,82.81954,0.9964942,3.3210804,0.52759904,9.725925,4.9537506,997.983
8.266018,0.55261207,0.19930764,2.1978025,0.08355969,8.367182,27.14977,0.9969316,3.279066,0.59651095,9.910932,5.487383,730.5503
8.534607,0.35463956,0.3781151,2.2167246,0.07882815,15.043988,33.594364,0.9963209,3.3127627,0.7470022,10.903575,6.374643,972.3771
7.7187066,0.5396388,0.20719352,2.166496,0.08190906,24.060827,73.53891,0.99681556,3.3427196,0.6106761,9.714544,5.446237,694.23505
7.801694,0.50630826,0.19837868,2.1477938,0.07894074,9.204494,25.30909,0.99603474,3.3088772,0.6274237,10.360292,5.732101,1071.0367
9.053786,0.45445582,0.3546336,2.2858992,0.07859535,8.735404,28.808222,0.9970982,3.2442324,0.60967964,10.410411,5.6228228,867.0366
7.738377,0.6683388,0.14575213,2.3858857,0.08349814,19.114096,66.996994,0.9970757,3.3509083,0.57559705,9.723277,5.1075587,552.97266
9.706807,0.41433385,0.45379457,2.8907893,0.08700641,11.808088,33.003063,0.9976124,3.2549365,0.73196214,11.075673,6.2041225,699.3536
11.621506,0.4905614,0.7375531,3.2348008,0.30128482,17.8979,56.45384,0.9997553,3.0203671,1.2093642,10.0008545,5.6750474,414.26865
11.860851,0.5376885,0.5157177,3.0764415,0.09540514,14.042185,49.072216,1.0001124,3.1449137,0.6720963,10.089662,5.0146837,422.65436
10.127588,0.3740185,0.47795805,2.391457,0.08761537,10.59622,27.953754,0.9976979,3.214197,0.7037999,10.691068,6.139909,779.2334
7.512462,0.6085559,0.10623044,2.2566617,0.08311979,10.742061,29.222313,0.99662274,3.3676567,0.59762466,10.037384,5.48394,837.4763
6.0438986,0.5534862,0.092714295,2.0732474,0.060509343,13.618615,39.37833,0.9933735,3.5523386,0.62720877,12.383632,6.1726704,1051.7662
8.872002,0.4844132,0.35443804,2.2653694,0.13950156,11.694055,39.949455,0.99765146,3.2105424,0.6638892,9.703652,5.5035186,663.4546
8.412411,0.47110894,0.3306625,2.3620346,0.16434315,10.2744055,39.768673,0.9972582,3.2453017,0.705333,9.669716,5.709055,554.25806
8.028472,0.5472044,0.24299428,2.4286065,0.08615448,20.659729,76.87067,0.99734837,3.3127143,0.6059411,9.698433,5.3415766,565.4715
7.190123,0.5835833,0.12994975,2.2651997,0.075421646,23.784594,50.005222,0.9959013,3.3979306,0.6048603,10.416015,5.560793,1215.8239
7.357633,0.62382454,0.12903444,2.194108,0.07544673,29.388151,73.5971,0.9962298,3.378708,0.5691451,10.005659,5.2398257,1135.5065
7.166449,0.56759447,0.14088735,2.176332,0.07300908,28.0109,61.104374,0.995796,3.3897207,0.6079319,10.390573,5.521801,1216.0106
8.123215,0.5623563,0.25528032,2.4824107,0.08650889,20.621328,75.24594,0.9975107,3.3295012,0.6133002,9.787653,5.2951584,570.30304
10.346173,0.4455295,0.39580658,2.0220518,0.08382838,5.6006417,18.535742,0.99781823,3.1362689,0.61464787,9.776309,5.634026,670.5188
7.3734355,0.60534334,0.11812593,2.3065598,0.082241304,15.711877,37.21021,0.9965707,3.4003131,0.61261785,10.10137,5.511242,896.87665
10.175888,0.38694337,0.4365523,2.2459314,0.08999146,11.035963,29.694248,0.9980362,3.2063568,0.71215355,10.066151,5.9164157,649.48785
7.9309387,0.67992014,0.12225127,2.2040503,0.08535952,7.476588,20.38415,0.9964828,3.306047,0.54318047,10.00023,5.1488466,1005.86115
8.07936,0.4269633,0.32917973,2.3977914,0.07545997,36.995796,93.129906,0.9966604,3.3114226,0.7586176,10.315015,5.6286907,997.83136
7.9065137,0.46316049,0.25533724,2.2684128,0.08071413,22.568872,54.964188,0.99713683,3.371178,0.7052572,9.969011,5.6584306,737.3963
7.383071,0.48323494,0.20826282,2.1978257,0.0773919,23.999504,47.730694,0.995979,3.385546,0.6620653,10.518084,5.8373146,1134.525
6.5583754,0.6806835,0.051197324,2.2632263,0.071908794,6.3717074,15.472878,0.9945615,3.4488764,0.5530046,11.350482,5.4248295,1334.6654
12.697185,0.42621532,0.5832386,3.0244107,0.085869215,10.613051,34.74943,1.0000497,3.1084707,0.7706672,10.849516,6.3258758,383.73486
7.6492605,0.46555063,0.22087026,2.2464464,0.07751597,11.473069,29.850744,0.9956734,3.3282459,0.6160684,10.687447,5.822504,1172.3033
7.341302,0.6916126,0.09426914,2.1505556,0.08324426,12.66237,46.41559,0.99687874,3.4035368,0.5983085,9.753585,5.292582,323.8968
5.15815,0.55125374,0.038042028,1.9302589,0.04998604,16.81194,57.06119,0.99200267,3.6590643,0.6700977,13.484394,6.4014425,837.386
8.007935,0.59485584,0.2568595,3.5418205,0.096596755,41.488247,115.6618,0.9976865,3.2640092,0.5802973,9.476505,4.959822,830.36053
7.442066,0.5288502,0.16298355,2.27116,0.07691164,9.475596,24.750225,0.9954829,3.3385317,0.5932983,10.69277,5.6602454,1225.175
6.5892596,0.57739174,0.1156448,2.2581234,0.07063564,18.987963,45.770367,0.99492335,3.503515,0.6387634,11.302313,5.7947464,1064.5597
7.377168,0.48150346,0.2200936,2.1152058,0.07045521,30.28488,60.683342,0.9958849,3.3963273,0.66692615,10.43914,5.7827296,1146.2637
8.200459,0.7331561,0.17983204,2.4873743,0.08804043,18.552473,81.304,0.9971781,3.2975688,0.56575096,9.474088,4.9639535,249.09016
11.863784,0.34999913,0.58127344,2.2992928,0.09614329,8.645037,29.13649,0.999065,3.1199353,0.9136322,10.158691,6.5108747,351.93137
7.9688373,0.60276365,0.21634799,2.509837,0.08509681,23.546642,85.04337,0.9971414,3.322815,0.5788058,9.782097,5.1809044,658.8124
7.2084756,0.38374808,0.3016334,1.8959156,0.06711738,32.61161,86.35326,0.99414915,3.300579,0.6240647,11.269541,6.131224,1100.9518
7.0421934,0.5211209,0.14869794,2.046982,0.07983342,12.830914,30.62858,0.9957428,3.4084005,0.6565173,10.499294,5.9874835,981.74023
7.3795786,0.67560196,0.11811496,2.38164,0.08261102,15.398833,39.87479,0.9964194,3.3916836,0.58770996,10.184033,5.2565064,1037.8291
8.208465,0.45626545,0.2948368,2.3519201,0.083939314,21.122585,60.177277,0.99722725,3.3168294,0.6716558,9.966406,5.606847,846.75006
11.045136,0.38950655,0.51165205,2.6710494,0.08660824,10.768302,33.74197,0.99855787,3.1771924,0.8006013,10.769521,6.3831496,537.96295
7.900671,0.45700103,0.33139205,6.0988035,0.077707686,25.69423,94.07941,0.9978717,3.3245585,0.6766579,10.421423,5.7745676,832.65533
11.448753,0.4714645,0.5270729,2.985812,0.090485774,17.347244,51.371964,0.99967474,3.182542,0.7663518,10.400146,5.6319013,473.0483
8.79871,0.35466754,0.40587965,2.1268418,0.07476735,8.513404,22.194426,0.9956085,3.246637,0.6885339,11.128905,6.3479486,1013.3226
9.476533,0.35594133,0.47312045,2.3766568,0.08068447,9.550765,23.1982,0.9964598,3.2502687,0.7465138,11.353003,6.618242,823.1161
8.737291,0.3963377,0.33854562,2.2078137,0.089752994,12.029025,33.6398,0.99720013,3.2988734,0.7361108,10.209269,6.046543,771.3482
8.250878,0.5355413,0.2794783,3.0767527,0.08835928,21.439075,79.67618,0.9977808,3.2765028,0.5913574,9.688012,5.2692423,692.9572
9.489734,0.6876197,0.39857814,5.6211047,0.11621328,37.179592,130.46124,1.0001869,3.2710466,0.66184324,9.373991,4.412737,360.53827
6.0767355,0.8237498,0.055910055,2.2051086,0.069756046,19.541729,50.182583,0.99423975,3.6585696,0.59803295,11.859192,5.210087,1006.56757
11.270559,0.34102857,0.53024435,2.3041832,0.08757694,9.79297,29.381056,0.9985231,3.1602817,0.8699272,10.368214,6.555312,483.76447
7.531594,0.5031633,0.18809438,2.161087,0.07874681,12.242817,30.033144,0.99585843,3.3471284,0.63437206,10.499586,5.817776,1120.6781
12.030717,0.4064036,0.5848232,3.2714207,0.08675983,13.250888,45.970833,0.9994523,3.1379764,1.0252242,11.199814,6.721996,241.46815
6.8414164,0.6248096,0.052664403,2.1180036,0.079193704,10.052485,21.584402,0.9954995,3.4298382,0.5963607,10.691347,5.636063,1146.4104
14.224848,0.45603687,0.6262243,3.8478746,0.082345635,8.047875,33.139427,1.0013331,3.049129,0.8062887,11.144057,6.514291,235.73183
10.082233,0.32963288,0.47286183,2.1468008,0.08618897,9.9195795,27.010942,0.9973314,3.2111259,0.7791119,10.5628605,6.4320626,740.9311
8.008886,0.7388538,0.1835961,2.6309042,0.08645095,21.361183,93.39908,0.99726766,3.3104749,0.54501706,9.545666,4.875107,329.3756
7.52449,0.48668867,0.20362462,2.214193,0.08098478,13.780166,36.665627,0.9964105,3.3708236,0.673247,10.234384,5.8900046,872.75165
9.575147,0.42983818,0.37293896,1.9846247,0.08697993,9.287708,24.317709,0.99752045,3.2196293,0.7094575,9.878503,5.926013,581.6361
7.6259394,0.5951493,0.15247738,2.244492,0.08117703,24.549858,74.56801,0.9967618,3.3301256,0.5669439,9.806677,5.1959333,873.981
7.473557,0.6994572,0.12732561,2.2134562,0.078436464,31.878777,88.57273,0.99626505,3.3477116,0.5175237,9.916085,4.9668393,1085.5045
7.4022474,0.62404835,0.12409428,2.3604014,0.07785879,18.445833,53.096317,0.99671906,3.39044,0.5973072,9.951204,5.352323,852.4396
9.464999,0.6232237,0.25673515,2.5182533,0.08814295,9.206709,40.578175,0.9983048,3.2188268,0.572981,9.364453,4.9393506,281.08157
6.9089055,0.73278856,0.086980745,2.3686569,0.07871165,15.765679,35.743126,0.995649,3.4769313,0.5746818,10.771204,5.24583,1195.9294
9.330374,0.41863868,0.35866287,2.0870183,0.085086085,9.556453,28.034431,0.9975201,3.2593741,0.7184493,9.973686,5.9381075,538.2222
10.115557,0.4054696,0.5176195,3.5946584,0.08396923,9.220326,27.25102,0.9975872,3.2304413,0.70796436,11.674149,6.463334,686.4119
8.092788,0.3885993,0.33522967,2.333007,0.07937827,21.569448,44.97776,0.9962936,3.3317792,0.7164554,10.78644,6.1253448,1020.22217
9.040842,0.45520914,0.31279913,2.1785717,0.08858241,9.46373,30.169706,0.9974617,3.2449772,0.6620391,9.926523,5.7484,605.5466
7.382081,0.5950663,0.11021584,2.2236598,0.082614236,11.395343,27.583578,0.9960659,3.360635,0.5911156,10.314628,5.5452895,1152.405
7.3028045,0.60095763,0.12558998,2.317301,0.079849295,18.92424,43.08074,0.996296,3.4064822,0.6063625,10.262527,5.5489397,1059.2075
8.673891,0.28004998,0.46259588,2.4369533,0.0680139,12.508669,23.772234,0.9943003,3.2470934,0.80215937,12.990088,7.4622374,890.4186
10.140045,0.3924625,0.49351647,2.410188,0.08281556,9.620364,26.666424,0.99741936,3.2134807,0.66872525,10.830967,6.0673027,755.6321
9.09248,0.31652746,0.42689335,1.7459763,0.08407508,14.119354,63.14683,0.9967506,3.1412916,1.2375833,10.662432,6.594467,536.63824
8.844498,0.5317474,0.2588243,2.2762978,0.0837136,11.975308,37.87528,0.9976987,3.275504,0.62219447,9.689694,5.378645,448.84674
10.296494,0.41650665,0.5405485,5.1386995,0.07231886,17.790138,53.403698,0.9982805,3.232494,0.8424859,11.926683,6.6633806,501.63736
11.483055,0.46475255,0.51376194,2.907505,0.08541586,12.415565,36.516663,0.99947506,3.17524,0.6864535,10.555528,5.680209,530.1013
8.994616,0.5559521,0.25363734,2.2363157,0.08372902,7.9087806,27.416449,0.9974903,3.214242,0.58265483,9.676449,5.2624016,712.7926
8.256151,0.5131192,0.2718688,2.3182268,0.087673314,16.09078,54.280865,0.9975431,3.3107626,0.6451118,9.793838,5.4500527,583.8639
7.9273295,0.39477062,0.33145973,2.1807864,0.07199362,8.768038,25.454924,0.99482036,3.2991712,0.6386405,11.496141,6.223325,1129.2301
7.6405315,0.5802396,0.26254836,3.2086775,0.0828501,38.642204,131.44356,0.9968784,3.260108,0.53905046,9.724185,5.012023,1047.546
7.568776,0.41396442,0.32864916,2.3581345,0.070253216,31.73043,98.46785,0.9954059,3.2796686,0.6038864,10.47187,5.713269,1045.657
8.364374,0.36196923,0.37896976,2.3476818,0.07911053,14.077308,30.93469,0.9957825,3.3022306,0.70305425,11.230681,6.407171,1026.2964
8.697916,0.3144131,0.424626,2.1696167,0.07341736,14.125684,30.251238,0.9956091,3.2766051,0.79047287,11.715612,6.855956,914.2166
9.81208,0.37677756,0.56956875,6.1296225,0.07131281,17.376493,49.40859,0.99733716,3.217369,0.8025218,12.369271,6.8802404,667.56793
7.450341,0.40590954,0.2999709,2.0430553,0.06980581,33.674072,65.02877,0.9956525,3.3793344,0.725995,10.796221,5.9393396,1102.9739
6.021102,0.7565821,0.055099968,2.2219672,0.065137744,17.425606,46.25365,0.99404454,3.6533844,0.6115322,12.093958,5.383842,1002.7884
7.6145687,0.46194643,0.23243023,2.0214105,0.079239085,12.689731,29.631056,0.99589294,3.3458726,0.6750662,10.583052,6.054148,1050.5011
9.294632,0.27100843,0.5353271,2.4195955,0.062381856,22.194979,42.84896,0.99494284,3.1947396,0.9682955,12.9689,7.610418,745.91565
9.017655,0.40890214,0.44542915,3.8850067,0.07819121,20.796316,62.222755,0.99781454,3.3085067,0.7861048,11.000045,6.0675488,625.5738
7.7123733,0.578245,0.25110486,2.7517219,0.08213118,35.143482,118.53388,0.9965574,3.2544682,0.539817,9.779689,5.079374,1137.3978
8.598962,0.4239745,0.306921,2.1260412,0.08469744,9.569445,30.224535,0.9969983,3.300385,0.71099025,10.187899,5.97697,672.3947
8.286353,0.37594107,0.35539442,2.1175501,0.07624697,7.7174516,20.640976,0.99526775,3.2830286,0.664227,11.19219,6.2557516,1086.7375
10.939405,0.45342135,0.5010505,3.2992384,0.087278344,14.452466,42.994858,0.99909157,3.2066274,0.7580538,10.71682,5.9507036,580.5291
7.375628,0.8083195,0.108523875,2.4781508,0.080215305,23.338362,68.99303,0.99666965,3.427124,0.54844284,10.084194,4.7933745,741.428
8.0043335,0.5951262,0.2749923,4.007741,0.11284053,40.868683,113.65304,0.99810404,3.2819345,0.6016968,9.530828,5.0903625,743.95483
8.441087,0.5199886,0.25292712,2.26147,0.08711887,12.726499,40.417828,0.9974905,3.2960522,0.641425,9.7469,5.480414,529.7627
7.5575166,0.66064,0.11136365,2.3231585,0.08259602,13.431401,40.77656,0.99704605,3.399305,0.6040656,9.874557,5.325982,529.1285
7.577066,0.40874326,0.28586715,2.1556568,0.07497416,12.832228,29.90743,0.99508595,3.3521214,0.666285,11.322522,6.260112,1139.7347
8.761771,0.6153811,0.29443127,2.4943326,0.08526316,20.94482,90.45464,0.99780834,3.2482703,0.58983636,9.504232,4.986909,358.94357
5.79391,0.7811134,0.029922204,2.1354344,0.06274119,22.555622,57.54399,0.99377114,3.6879342,0.61826915,12.142962,5.416387,957.8068
7.4553866,0.4624789,0.22144032,2.1989405,0.075359225,13.554016,33.024742,0.9955282,3.3652742,0.6476259,10.800735,6.0182786,1121.376
7.172104,0.4055313,0.2724143,2.0876207,0.07262975,28.844852,68.92819,0.99472266,3.341569,0.64476275,11.094621,6.06271,1144.1127
7.684525,0.4869278,0.21543184,2.2753272,0.080818534,16.699408,39.61076,0.99662256,3.3695576,0.6638911,10.2055855,5.785001,891.2865
8.574705,0.5768971,0.32082608,4.325817,0.11482541,34.917778,101.19516,0.99876493,3.2838597,0.6591864,9.692242,5.2058086,715.9489
7.4685903,0.51861316,0.18955086,2.158562,0.07935464,16.81842,38.912407,0.99612844,3.3492343,0.6306554,10.263537,5.681786,1153.4224
9.613447,0.52765137,0.34072113,4.968408,0.08790642,15.476068,66.53455,0.99950725,3.2496238,0.6011588,9.915208,5.160838,514.6161
7.9532804,0.49346492,0.30178484,2.2234037,0.12798065,39.006046,113.35068,0.9970982,3.1935024,0.99496335,10.044356,5.478418,818.70197
9.709383,0.3575337,0.5269474,3.0984774,0.07854118,9.247199,18.16323,0.9961707,3.2145383,0.74447477,12.266062,6.9173927,771.9443
6.280021,0.6335733,0.09197384,2.1238644,0.06546858,22.01134,52.59321,0.99441034,3.5702255,0.64465934,11.665844,5.7278824,1011.30914
7.763961,0.72232014,0.1591135,2.479046,0.08605767,22.09061,83.3559,0.9970434,3.3525805,0.54953676,9.712776,4.950393,459.7515
11.863241,0.45138413,0.5625969,4.0376616,0.083926044,13.366466,41.161972,0.9997938,3.17486,0.7952687,11.209302,6.2913365,405.07837
9.014915,0.51742,0.4075529,1.9523971,0.21695368,14.818749,65.46189,0.9979091,3.1600761,1.0369776,9.402202,5.342187,395.47015
6.718135,0.48830515,0.16794743,2.1727405,0.06831993,18.686111,45.201828,0.9945838,3.4691782,0.6691284,11.620127,6.150598,1096.5061
7.663085,0.8279466,0.06600553,2.2540536,0.08393322,8.153821,24.366728,0.9967407,3.405396,0.5518842,10.008348,4.924536,522.3224
7.7199974,0.53633624,0.17494266,2.3091953,0.083031125,13.439739,36.712696,0.9965326,3.321952,0.6113471,10.023114,5.5574737,1019.3138
7.1117735,0.451707,0.2139366,2.2391758,0.07722399,23.041815,45.04837,0.99533916,3.3859081,0.66955256,10.982503,6.041082,1186.5751
7.85081,0.4267753,0.2808683,2.1898987,0.07751294,16.77842,37.994373,0.99614066,3.343301,0.67103297,10.586879,6.036441,1064.2638
6.809203,0.42156142,0.24134699,2.0343008,0.06640411,30.011457,61.675632,0.99430007,3.4336872,0.70024186,11.716487,6.2667437,1086.8999
10.888277,0.47913006,0.45369866,3.8126857,0.087201685,11.027478,38.919304,0.99950385,3.196017,0.6701892,10.575107,5.5999675,555.47577
7.0363646,0.58741033,0.10388018,2.2272089,0.075791694,15.354996,32.380962,0.9958074,3.427982,0.6133836,10.568134,5.675767,1135.2618
9.008425,0.6155647,0.18854429,2.093856,0.07113546,5.696111,18.812933,0.9973853,3.2411797,0.55234474,9.596099,5.18488,432.2962
7.2944794,0.7737116,0.08869545,2.1402311,0.08149598,14.427867,54.20157,0.99672514,3.4119656,0.576422,9.802285,5.04344,289.3279
8.415713,0.3838202,0.37495005,2.342869,0.08089376,11.482367,26.84531,0.9959705,3.3000536,0.6832282,11.159274,6.265386,976.6075
8.977074,0.43228787,0.37795073,2.3865001,0.08563089,13.235728,39.06836,0.99747807,3.2863653,0.6697509,10.460654,5.78448,770.67755
8.573842,0.49873,0.3037433,2.5583665,0.0900841,26.063147,80.6768,0.99743277,3.2654696,0.65450346,9.913933,5.455026,946.0174
7.756326,0.5091846,0.24467261,2.4503598,0.0825659,24.311129,72.87758,0.9968929,3.3434968,0.6463788,10.068529,5.4472847,871.257
5.9656844,0.62091935,0.059759367,2.139673,0.06382014,15.121426,40.92965,0.99378777,3.5873308,0.61952937,12.160164,5.8337374,1071.3544
7.468275,0.77190506,0.08249605,2.256405,0.08381704,8.555291,22.103079,0.99610496,3.362177,0.5423281,10.259977,4.9683166,1070.9888
7.3672566,0.40992633,0.27328202,2.0714772,0.073171586,20.314487,43.258682,0.9956293,3.3582695,0.7009504,10.862051,6.1259108,1149.759
9.30676,0.48018527,0.38094813,4.9159794,0.11346941,25.744598,78.03968,0.9989686,3.233798,0.7150965,9.773942,5.641481,856.5288
8.553672,0.44237694,0.30325013,2.1499946,0.08476215,10.555429,29.344393,0.99696887,3.2732158,0.66487,10.180904,5.81853,810.5046
9.522882,0.3264558,0.50855064,3.2485313,0.06936927,12.618021,24.061537,0.9954174,3.2206984,0.79728407,12.8813,7.3375983,794.1719
8.839794,0.49577972,0.34851927,2.4514794,0.11260616,19.179361,67.95162,0.9980316,3.2565138,0.6853098,9.828724,5.4982886,611.82733
9.126463,0.33432305,0.4697747,2.2874022,0.06981189,7.501374,15.866981,0.9954736,3.262512,0.73846024,11.928452,6.889083,928.5773
8.703686,0.37002867,0.52676684,5.7356505,0.06680602,27.261919,77.92763,0.99720675,3.3039708,0.83265394,12.101568,6.5509763,620.8181
8.790535,0.46755692,0.3227637,2.2044935,0.0764387,6.3665013,19.273232,0.99623746,3.2206364,0.5649388,10.561595,5.6390567,1121.5432
7.4559913,0.44568765,0.24714755,2.120594,0.073030636,14.582458,32.535114,0.99539006,3.3791444,0.67910886,11.084971,6.231475,1121.9857
14.659946,0.3920603,0.68814284,2.4779673,0.07811633,7.974067,28.176065,1.0006409,2.972947,0.7962677,10.503338,6.634251,220.07271
8.806917,0.4019062,0.39674106,3.0275927,0.087244295,10.57215,26.796871,0.9970057,3.2903504,0.6482641,11.070847,6.0617256,889.5302
7.076074,0.70961714,0.09065105,2.2837875,0.07986039,17.186995,36.384388,0.9959075,3.4750834,0.58871293,10.6271925,5.3210163,1056.3354
8.558394,0.3207243,0.44063234,2.2340481,0.07312615,30.252756,63.732445,0.9960773,3.2872648,0.8489374,11.177214,6.381821,980.9667
9.930462,0.47598007,0.4003466,2.66338,0.08048545,12.098633,38.02758,0.9984368,3.252121,0.66671383,10.579208,5.584766,559.75885
8.479963,0.43971252,0.34482172,2.5717218,0.08927443,25.752766,76.94761,0.99794406,3.313756,0.8133207,9.945322,5.4647245,584.8928
7.7615533,0.41769156,0.29359505,2.1523347,0.07555217,25.870749,53.483326,0.9962981,3.3563406,0.70504963,10.483415,5.9482336,1049.7295
11.746669,0.4623056,0.5003238,4.5433545,0.09555818,8.836086,35.09523,1.0001608,3.1452012,0.7228514,10.66477,5.7911167,567.7081
8.725245,0.5516714,0.3016755,2.4976783,0.091268174,18.842964,71.18422,0.99795556,3.2600946,0.62424046,9.638913,5.2434516,570.8198
8.209413,0.37934324,0.4130844,3.8433237,0.07658958,24.647457,70.421524,0.9967608,3.3165336,0.74215335,11.093044,6.0930414,832.03094
11.6069355,0.42088136,0.54338676,3.5181024,0.10680061,14.149284,51.574863,0.9995602,3.129659,0.97624916,10.602662,6.1790648,394.2303
7.578304,0.65543866,0.12462726,2.4281836,0.0784244,16.472124,52.79345,0.99687696,3.3719568,0.5867729,9.842724,5.2086535,709.99976
8.788347,0.64560604,0.27813494,2.4748251,0.08879197,20.208347,86.96411,0.9976037,3.2210865,0.58159816,9.35674,5.0237646,374.30615
8.633321,0.61139935,0.34133223,2.6338024,0.13021491,32.642864,120.05591,0.9977883,3.2253857,0.68689066,9.506749,5.0980115,578.7236
6.6373024,0.58342063,0.11328623,2.1365924,0.07199226,8.206134,19.287592,0.9941453,3.4342773,0.58780044,11.638087,5.9343863,1301.2551
7.6710687,0.5912355,0.17119043,2.3775995,0.079651356,23.874805,72.56676,0.9968095,3.3391902,0.56982595,9.829332,5.246613,889.5344
7.4550447,0.8734387,0.04462244,2.292117,0.08379116,9.94068,28.115545,0.99683,3.4649441,0.5476801,10.086735,4.8977623,500.90332
7.424767,0.4934346,0.20065507,2.2361705,0.077086665,22.41726,47.775307,0.99609077,3.3738172,0.6420451,10.404876,5.7603455,1149.4489
6.7995477,0.56781983,0.09686907,2.2292063,0.07220337,13.082166,27.658806,0.9951447,3.4404047,0.61486024,11.043767,5.793805,1221.2802
8.869199,0.30574626,0.4493759,2.2463868,0.07298459,8.728673,18.216265,0.9949857,3.249211,0.75224143,12.113703,7.0386543,940.1795
9.765865,0.47573277,0.34297943,2.1005511,0.08445185,7.6001277,21.674065,0.997675,3.1791136,0.6107672,9.783321,5.5271435,721.0795
9.02022,0.32094365,0.48914137,2.5381289,0.07029565,28.09225,59.92581,0.9960002,3.255641,0.89962405,11.636936,6.6890564,865.4865
7.9938693,0.6333978,0.15114968,2.2922862,0.087133855,11.230422,42.60277,0.99727094,3.3273602,0.6037051,9.589376,5.3171806,329.02032
11.938221,0.382635,0.6576479,4.99262,0.0832815,6.299248,23.282375,0.9986158,3.1456296,0.7574682,12.635798,7.1670904,380.85217
8.815317,0.37258,0.39591905,2.2824533,0.08460731,11.436584,28.244167,0.9965394,3.29161,0.7292744,10.905216,6.311116,887.2995
7.5076156,0.5172202,0.18830161,2.2614903,0.08064959,15.656201,39.502216,0.99619365,3.3394194,0.6138254,10.238619,5.669757,1177.0048
8.595989,0.4889213,0.3257611,2.3855956,0.12110817,19.42564,68.89678,0.9977194,3.2460606,0.81625295,9.732799,5.5631514,588.806
10.137237,0.46048263,0.45000544,4.0258956,0.0868062,16.436972,54.45909,0.99907225,3.2526114,0.7367815,10.710591,5.804016,593.76825
8.170622,0.4693699,0.280703,2.3198283,0.08493853,17.197609,49.259098,0.9973597,3.3352623,0.6809984,9.93541,5.64428,682.3612
5.42758,0.46729344,0.1024878,1.7979045,0.04912149,15.922639,56.07566,0.9917094,3.6000378,0.691199,13.585482,6.7427063,809.2516
8.996671,0.3962448,0.45302874,3.5522766,0.07826492,18.601313,48.91688,0.9971549,3.2806787,0.763118,11.243528,6.274619,733.6616
8.436518,0.62065303,0.19626088,2.2783692,0.08837448,10.538313,48.82367,0.99755585,3.2939212,0.6149298,9.467564,5.253922,163.9394
8.001119,0.52586013,0.24339694,2.3929849,0.0860987,18.61975,65.490105,0.9971467,3.2986805,0.6167836,9.755068,5.3927894,810.5622
7.306282,0.4593805,0.23162732,2.1890163,0.07416831,24.36857,46.443302,0.99556965,3.3990798,0.680479,10.860125,5.9961476,1151.7878
7.933251,0.7009842,0.10959664,2.2580843,0.08519416,9.072897,40.983177,0.99695593,3.3244762,0.5955143,9.521031,5.277059,237.27284
10.114295,0.41642424,0.486006,3.2711315,0.08177198,13.16359,37.937813,0.99785167,3.2463024,0.7885301,11.300709,6.436683,626.0638
6.816779,0.56665903,0.12748247,2.205721,0.071599625,9.390296,20.982111,0.99450016,3.4030373,0.571592,11.393277,5.744379,1341.9805
9.490844,0.32510084,0.4847082,2.314244,0.07847577,5.696279,17.21875,0.9958074,3.2153664,0.6935722,11.557592,6.688231,941.59705
7.1332226,0.59445065,0.09820266,2.2240512,0.077696875,9.0447035,20.94325,0.99538195,3.366203,0.5730079,10.685721,5.4746747,1286.9375
10.255009,0.34113717,0.48366642,2.2282498,0.09195018,11.970241,49.089886,0.99784845,3.1571155,1.1275038,10.553121,6.5964303,410.07422
8.064953,0.58973145,0.2903016,3.3382313,0.09255971,34.720203,115.03238,0.9978181,3.2827315,0.5993604,9.628468,5.045375,624.7311
7.6454787,0.4191487,0.2812937,2.1994953,0.07611332,9.884269,25.129133,0.99488544,3.324975,0.638406,11.328684,6.1514955,1176.6151
8.019355,0.54015106,0.23469724,2.3243809,0.08406616,16.118309,53.150265,0.9973896,3.3318737,0.6279473,9.843991,5.39617,688.0503
6.821791,0.7317932,0.0953487,2.266386,0.077037744,13.928501,32.29363,0.99520147,3.5064034,0.58443105,11.147993,5.202391,1179.3684
6.7978745,0.48449895,0.1808897,2.1736763,0.06602313,25.716465,54.34813,0.99479055,3.4777658,0.6899824,11.394792,6.1083384,1095.5916
6.827082,0.5560986,0.13221925,2.2422495,0.07253499,11.050154,23.984009,0.994518,3.4158492,0.5847212,11.431887,5.833646,1298.8193
7.3558116,0.5163134,0.16929807,2.2049332,0.07977516,21.941101,53.848206,0.9966065,3.395247,0.6479378,9.932825,5.641993,818.47107
7.6129117,0.5533849,0.15038122,2.2543826,0.07946006,10.403018,30.570877,0.9965011,3.3600974,0.62235534,10.170316,5.5920978,830.5605
9.278487,0.36541077,0.61729455,2.0174034,0.31617665,9.669798,36.114597,0.99739313,3.119337,1.1938604,9.856033,6.4412456,368.81512
